"DateTime";"Sesia @ Campertogno"
"2018-03-22 02:00:00";11
"2018-03-22 03:00:00";12
"2018-03-22 04:00:00";12
"2018-03-22 05:00:00";11
"2018-03-22 06:00:00";12
"2018-03-22 07:00:00";11
"2018-03-22 08:00:00";11
"2018-03-22 09:00:00";11
"2018-03-22 10:00:00";9
"2018-03-22 11:00:00";8
"2018-03-22 12:00:00";10
"2018-03-22 13:00:00";11
"2018-03-22 14:00:00";12
"2018-03-22 15:00:00";13
"2018-03-22 16:00:00";13
"2018-03-22 17:00:00";12
"2018-03-22 18:00:00";13
"2018-03-22 19:00:00";13
"2018-03-22 20:00:00";12
"2018-03-22 21:00:00";12
"2018-03-22 22:00:00";12
"2018-03-22 23:00:00";13
"2018-03-23 00:00:00";14
"2018-03-23 01:00:00";12
"2018-03-23 02:00:00";13
"2018-03-23 03:00:00";13
"2018-03-23 04:00:00";12
"2018-03-23 05:00:00";13
"2018-03-23 06:00:00";12
"2018-03-23 07:00:00";12
"2018-03-23 08:00:00";13
"2018-03-23 09:00:00";14
"2018-03-23 10:00:00";11
"2018-03-23 11:00:00";9
"2018-03-23 12:00:00";9
"2018-03-23 13:00:00";9
"2018-03-23 14:00:00";10
"2018-03-23 15:00:00";12
"2018-03-23 16:00:00";13
"2018-03-23 17:00:00";13
"2018-03-23 18:00:00";13
"2018-03-23 19:00:00";13
"2018-03-23 20:00:00";14
"2018-03-23 21:00:00";15
"2018-03-23 22:00:00";15
"2018-03-23 23:00:00";16
"2018-03-24 00:00:00";14
"2018-03-24 01:00:00";15
"2018-03-24 02:00:00";15
"2018-03-24 03:00:00";14
"2018-03-24 04:00:00";15
"2018-03-24 05:00:00";14
"2018-03-24 06:00:00";14
"2018-03-24 07:00:00";14
"2018-03-24 08:00:00";14
"2018-03-24 09:00:00";14
"2018-03-24 10:00:00";14
"2018-03-24 11:00:00";14
"2018-03-24 12:00:00";12
"2018-03-24 13:00:00";11
"2018-03-24 14:00:00";14
"2018-03-24 15:00:00";13
"2018-03-24 16:00:00";15
"2018-03-24 17:00:00";14
"2018-03-24 18:00:00";15
"2018-03-24 19:00:00";14
"2018-03-24 20:00:00";14
"2018-03-24 21:00:00";13
"2018-03-24 22:00:00";13
"2018-03-24 23:00:00";14
"2018-03-25 00:00:00";13
"2018-03-25 01:00:00";14
"2018-03-25 03:00:00";13
"2018-03-25 04:00:00";14
"2018-03-25 05:00:00";13
"2018-03-25 06:00:00";13
"2018-03-25 07:00:00";13
"2018-03-25 08:00:00";13
"2018-03-25 09:00:00";13
"2018-03-25 10:00:00";14
"2018-03-25 11:00:00";13
"2018-03-25 12:00:00";13
"2018-03-25 13:00:00";13
"2018-03-25 14:00:00";12
"2018-03-25 15:00:00";13
"2018-03-25 16:00:00";14
"2018-03-25 17:00:00";14
"2018-03-25 18:00:00";13
"2018-03-25 19:00:00";13
"2018-03-25 20:00:00";13
"2018-03-25 21:00:00";13
"2018-03-25 22:00:00";14
"2018-03-25 23:00:00";13
"2018-03-26 00:00:00";13
"2018-03-26 01:00:00";14
"2018-03-26 02:00:00";14
"2018-03-26 03:00:00";14
"2018-03-26 04:00:00";14
"2018-03-26 05:00:00";13
"2018-03-26 06:00:00";13
"2018-03-26 07:00:00";14
"2018-03-26 08:00:00";14
"2018-03-26 09:00:00";14
"2018-03-26 10:00:00";17
"2018-03-26 11:00:00";12
"2018-03-26 12:00:00";12
"2018-03-26 13:00:00";12
"2018-03-26 14:00:00";12
"2018-03-26 15:00:00";13
"2018-03-26 16:00:00";15
"2018-03-26 17:00:00";15
"2018-03-26 18:00:00";14
"2018-03-26 19:00:00";15
"2018-03-26 20:00:00";16
"2018-03-26 21:00:00";15
"2018-03-26 22:00:00";16
"2018-03-26 23:00:00";17
"2018-03-27 00:00:00";17
"2018-03-27 01:00:00";16
"2018-03-27 02:00:00";16
"2018-03-27 03:00:00";16
"2018-03-27 04:00:00";14
"2018-03-27 05:00:00";14
"2018-03-27 06:00:00";15
"2018-03-27 07:00:00";17
"2018-03-27 08:00:00";16
"2018-03-27 09:00:00";17
"2018-03-27 10:00:00";17
"2018-03-27 11:00:00";13
"2018-03-27 12:00:00";14
"2018-03-27 13:00:00";15
"2018-03-27 14:00:00";15
"2018-03-27 15:00:00";15
"2018-03-27 16:00:00";17
"2018-03-27 17:00:00";16
"2018-03-27 18:00:00";17
"2018-03-27 19:00:00";18
"2018-03-27 20:00:00";17
"2018-03-27 21:00:00";17
"2018-03-27 22:00:00";17
"2018-03-27 23:00:00";16
"2018-03-28 00:00:00";17
"2018-03-28 01:00:00";17
"2018-03-28 02:00:00";17
"2018-03-28 03:00:00";16
"2018-03-28 04:00:00";17
"2018-03-28 05:00:00";18
"2018-03-28 06:00:00";18
"2018-03-28 07:00:00";16
"2018-03-28 08:00:00";16
"2018-03-28 09:00:00";17
"2018-03-28 10:00:00";18
"2018-03-28 11:00:00";15
"2018-03-28 12:00:00";16
"2018-03-28 13:00:00";16
"2018-03-28 14:00:00";15
"2018-03-28 15:00:00";18
"2018-03-28 16:00:00";18
"2018-03-28 17:00:00";20
"2018-03-28 18:00:00";19
"2018-03-28 19:00:00";21
"2018-03-28 20:00:00";22
"2018-03-28 21:00:00";22
"2018-03-28 22:00:00";21
"2018-03-28 23:00:00";22
"2018-03-29 00:00:00";21
"2018-03-29 01:00:00";22
"2018-03-29 02:00:00";22
"2018-03-29 03:00:00";21
"2018-03-29 04:00:00";22
"2018-03-29 05:00:00";23
"2018-03-29 06:00:00";23
"2018-03-29 07:00:00";22
"2018-03-29 08:00:00";21
"2018-03-29 09:00:00";22
"2018-03-29 10:00:00";22
"2018-03-29 11:00:00";21
"2018-03-29 12:00:00";21
"2018-03-29 13:00:00";22
"2018-03-29 14:00:00";22
"2018-03-29 15:00:00";21
"2018-03-29 16:00:00";23
"2018-03-29 17:00:00";24
"2018-03-29 18:00:00";25
"2018-03-29 19:00:00";26
"2018-03-29 20:00:00";27
"2018-03-29 21:00:00";28
"2018-03-29 22:00:00";28
"2018-03-29 23:00:00";28
"2018-03-30 00:00:00";28
"2018-03-30 01:00:00";27
"2018-03-30 02:00:00";28
"2018-03-30 03:00:00";28
"2018-03-30 04:00:00";28
"2018-03-30 05:00:00";27
"2018-03-30 06:00:00";26
"2018-03-30 07:00:00";26
"2018-03-30 08:00:00";27
"2018-03-30 09:00:00";27
"2018-03-30 10:00:00";27
"2018-03-30 11:00:00";26
"2018-03-30 12:00:00";25
"2018-03-30 13:00:00";26
"2018-03-30 14:00:00";27
"2018-03-30 15:00:00";27
"2018-03-30 16:00:00";27
"2018-03-30 17:00:00";31
"2018-03-30 18:00:00";34
"2018-03-30 19:00:00";36
"2018-03-30 20:00:00";37
"2018-03-30 21:00:00";39
"2018-03-30 22:00:00";45
"2018-03-30 23:00:00";47
"2018-03-31 00:00:00";47
"2018-03-31 01:00:00";50
"2018-03-31 02:00:00";49
"2018-03-31 03:00:00";49
"2018-03-31 04:00:00";49
"2018-03-31 05:00:00";49
"2018-03-31 06:00:00";45
"2018-03-31 07:00:00";49
"2018-03-31 08:00:00";49
"2018-03-31 09:00:00";44
"2018-03-31 10:00:00";47
"2018-03-31 11:00:00";45
"2018-03-31 12:00:00";41
"2018-03-31 13:00:00";42
"2018-03-31 14:00:00";41
"2018-03-31 15:00:00";41
"2018-03-31 16:00:00";41
"2018-03-31 17:00:00";42
"2018-03-31 18:00:00";42
"2018-03-31 19:00:00";39
"2018-03-31 20:00:00";38
"2018-03-31 21:00:00";38
"2018-03-31 22:00:00";38
"2018-03-31 23:00:00";37
"2018-04-01 00:00:00";37
"2018-04-01 01:00:00";37
"2018-04-01 02:00:00";36
"2018-04-01 03:00:00";34
"2018-04-01 04:00:00";34
"2018-04-01 05:00:00";34
"2018-04-01 06:00:00";33
"2018-04-01 07:00:00";31
"2018-04-01 08:00:00";33
"2018-04-01 09:00:00";33
"2018-04-01 10:00:00";32
"2018-04-01 11:00:00";28
"2018-04-01 12:00:00";29
"2018-04-01 13:00:00";29
"2018-04-01 14:00:00";27
"2018-04-01 15:00:00";28
"2018-04-01 16:00:00";29
"2018-04-01 17:00:00";32
"2018-04-01 18:00:00";35
"2018-04-01 19:00:00";35
"2018-04-01 20:00:00";35
"2018-04-01 21:00:00";35
"2018-04-01 22:00:00";34
"2018-04-01 23:00:00";35
"2018-04-02 00:00:00";34
"2018-04-02 01:00:00";32
"2018-04-02 02:00:00";33
"2018-04-02 03:00:00";32
"2018-04-02 04:00:00";31
"2018-04-02 05:00:00";31
"2018-04-02 06:00:00";31
"2018-04-02 07:00:00";30
"2018-04-02 08:00:00";30
"2018-04-02 09:00:00";31
"2018-04-02 10:00:00";30
"2018-04-02 11:00:00";27
"2018-04-02 12:00:00";27
"2018-04-02 13:00:00";28
"2018-04-02 14:00:00";29
"2018-04-02 15:00:00";30
"2018-04-02 16:00:00";30
"2018-04-02 17:00:00";30
"2018-04-02 18:00:00";32
"2018-04-02 19:00:00";31
"2018-04-02 20:00:00";32
"2018-04-02 21:00:00";31
"2018-04-02 22:00:00";31
"2018-04-02 23:00:00";31
"2018-04-03 00:00:00";30
"2018-04-03 01:00:00";30
"2018-04-03 02:00:00";31
"2018-04-03 03:00:00";30
"2018-04-03 04:00:00";30
"2018-04-03 05:00:00";31
"2018-04-03 06:00:00";30
"2018-04-03 07:00:00";30
"2018-04-03 08:00:00";30
"2018-04-03 09:00:00";30
"2018-04-03 10:00:00";30
"2018-04-03 11:00:00";30
"2018-04-03 12:00:00";30
"2018-04-03 13:00:00";30
"2018-04-03 14:00:00";30
"2018-04-03 15:00:00";30
"2018-04-03 16:00:00";31
"2018-04-03 17:00:00";30
"2018-04-03 18:00:00";30
"2018-04-03 19:00:00";29
"2018-04-03 20:00:00";27
"2018-04-03 21:00:00";31
"2018-04-03 22:00:00";29
"2018-04-03 23:00:00";31
"2018-04-04 00:00:00";29
"2018-04-04 01:00:00";31
"2018-04-04 02:00:00";30
"2018-04-04 03:00:00";31
"2018-04-04 04:00:00";29
"2018-04-04 05:00:00";31
"2018-04-04 06:00:00";30
"2018-04-04 07:00:00";29
"2018-04-04 08:00:00";29
"2018-04-04 09:00:00";30
"2018-04-04 10:00:00";29
"2018-04-04 11:00:00";30
"2018-04-04 12:00:00";29
"2018-04-04 13:00:00";28
"2018-04-04 14:00:00";28
"2018-04-04 15:00:00";29
"2018-04-04 16:00:00";30
"2018-04-04 17:00:00";30
"2018-04-04 18:00:00";31
"2018-04-04 19:00:00";31
"2018-04-04 20:00:00";31
"2018-04-04 21:00:00";31
"2018-04-04 22:00:00";31
"2018-04-04 23:00:00";30
"2018-04-05 00:00:00";29
"2018-04-05 01:00:00";29
"2018-04-05 02:00:00";30
"2018-04-05 03:00:00";29
"2018-04-05 04:00:00";29
"2018-04-05 05:00:00";28
"2018-04-05 06:00:00";29
"2018-04-05 07:00:00";29
"2018-04-05 08:00:00";29
"2018-04-05 09:00:00";28
"2018-04-05 10:00:00";28
"2018-04-05 11:00:00";25
"2018-04-05 12:00:00";27
"2018-04-05 13:00:00";26
"2018-04-05 14:00:00";27
"2018-04-05 15:00:00";28
"2018-04-05 16:00:00";30
"2018-04-05 17:00:00";31
"2018-04-05 18:00:00";32
"2018-04-05 19:00:00";34
"2018-04-05 20:00:00";34
"2018-04-05 21:00:00";36
"2018-04-05 22:00:00";37
"2018-04-05 23:00:00";35
"2018-04-06 00:00:00";36
"2018-04-06 01:00:00";32
"2018-04-06 02:00:00";33
"2018-04-06 03:00:00";33
"2018-04-06 04:00:00";34
"2018-04-06 05:00:00";34
"2018-04-06 06:00:00";32
"2018-04-06 07:00:00";31
"2018-04-06 08:00:00";33
"2018-04-06 09:00:00";31
"2018-04-06 10:00:00";32
"2018-04-06 11:00:00";29
"2018-04-06 12:00:00";30
"2018-04-06 13:00:00";30
"2018-04-06 14:00:00";29
"2018-04-06 15:00:00";32
"2018-04-06 16:00:00";32
"2018-04-06 17:00:00";35
"2018-04-06 18:00:00";37
"2018-04-06 19:00:00";39
"2018-04-06 20:00:00";39
"2018-04-06 21:00:00";40
"2018-04-06 22:00:00";41
"2018-04-06 23:00:00";41
"2018-04-07 00:00:00";41
"2018-04-07 01:00:00";42
"2018-04-07 02:00:00";41
"2018-04-07 03:00:00";40
"2018-04-07 04:00:00";39
"2018-04-07 05:00:00";39
"2018-04-07 06:00:00";39
"2018-04-07 07:00:00";37
"2018-04-07 08:00:00";39
"2018-04-07 09:00:00";39
"2018-04-07 10:00:00";38
"2018-04-07 11:00:00";38
"2018-04-07 12:00:00";36
"2018-04-07 13:00:00";36
"2018-04-07 14:00:00";37
"2018-04-07 15:00:00";36
"2018-04-07 16:00:00";36
"2018-04-07 17:00:00";37
"2018-04-07 18:00:00";40
"2018-04-07 19:00:00";40
"2018-04-07 20:00:00";42
"2018-04-07 21:00:00";43
"2018-04-07 22:00:00";45
"2018-04-07 23:00:00";44
"2018-04-08 00:00:00";43
"2018-04-08 01:00:00";45
"2018-04-08 02:00:00";45
"2018-04-08 03:00:00";45
"2018-04-08 04:00:00";43
"2018-04-08 05:00:00";43
"2018-04-08 06:00:00";43
"2018-04-08 07:00:00";43
"2018-04-08 08:00:00";42
"2018-04-08 09:00:00";43
"2018-04-08 10:00:00";44
"2018-04-08 11:00:00";42
"2018-04-08 12:00:00";43
"2018-04-08 13:00:00";42
"2018-04-08 14:00:00";41
"2018-04-08 15:00:00";41
"2018-04-08 16:00:00";42
"2018-04-08 17:00:00";44
"2018-04-08 19:36:05";46
"2018-04-08 19:46:04";46
"2018-04-08 19:56:05";43
"2018-04-08 20:06:05";43
"2018-04-08 20:16:05";43
"2018-04-08 20:26:05";45
"2018-04-08 20:36:05";45
"2018-04-08 20:46:05";45
"2018-04-08 20:56:10";43
"2018-04-08 21:06:05";43
"2018-04-08 21:16:05";43
"2018-04-08 21:26:05";43
"2018-04-08 21:36:05";43
"2018-04-08 21:46:05";43
"2018-04-08 21:56:05";47
"2018-04-08 22:06:09";47
"2018-04-08 22:16:08";48
"2018-04-08 22:26:07";48
"2018-04-08 22:36:08";48
"2018-04-08 22:46:08";47
"2018-04-08 22:56:05";47
"2018-04-08 23:06:05";47
"2018-04-08 23:26:05";48
"2018-04-08 23:36:08";48
"2018-04-08 23:46:08";48
"2018-04-08 23:56:12";48
"2018-04-09 00:06:08";48
"2018-04-09 00:16:07";48
"2018-04-09 00:26:06";48
"2018-04-09 00:36:06";48
"2018-04-09 00:46:06";48
"2018-04-09 00:56:05";48
"2018-04-09 01:06:12";48
"2018-04-09 01:16:07";48
"2018-04-09 01:26:08";48
"2018-04-09 01:36:07";48
"2018-04-09 01:46:06";48
"2018-04-09 01:56:15";48
"2018-04-09 02:06:07";48
"2018-04-09 02:16:34";48
"2018-04-09 02:26:04";49
"2018-04-09 02:36:05";49
"2018-04-09 02:46:05";49
"2018-04-09 02:56:04";48
"2018-04-09 03:06:05";48
"2018-04-09 03:16:05";47
"2018-04-09 03:26:05";47
"2018-04-09 03:36:04";47
"2018-04-09 03:46:05";47
"2018-04-09 03:56:10";47
"2018-04-09 04:06:05";47
"2018-04-09 04:16:05";49
"2018-04-09 04:26:04";49
"2018-04-09 04:36:05";49
"2018-04-09 04:46:05";49
"2018-04-09 04:56:05";48
"2018-04-09 05:06:04";48
"2018-04-09 05:16:05";48
"2018-04-09 05:26:05";49
"2018-04-09 05:36:05";49
"2018-04-09 05:46:05";49
"2018-04-09 05:56:04";50
"2018-04-09 06:06:04";50
"2018-04-09 06:16:05";49
"2018-04-09 06:26:04";49
"2018-04-09 06:36:05";49
"2018-04-09 06:46:05";49
"2018-04-09 06:56:10";48
"2018-04-09 07:06:05";48
"2018-04-09 07:16:05";49
"2018-04-09 07:26:05";49
"2018-04-09 07:46:04";49
"2018-04-09 07:56:10";48
"2018-04-09 08:06:05";48
"2018-04-09 08:16:04";48
"2018-04-09 08:26:05";51
"2018-04-09 08:36:05";51
"2018-04-09 08:46:05";51
"2018-04-09 08:56:05";51
"2018-04-09 09:06:05";51
"2018-04-09 09:16:05";51
"2018-04-09 09:26:04";49
"2018-04-09 09:36:04";49
"2018-04-09 09:46:05";49
"2018-04-09 09:56:15";48
"2018-04-09 10:06:09";48
"2018-04-09 10:16:05";48
"2018-04-09 10:26:05";48
"2018-04-09 10:36:08";48
"2018-04-09 10:46:06";48
"2018-04-09 10:56:06";49
"2018-04-09 11:06:05";49
"2018-04-09 11:16:05";49
"2018-04-09 11:26:05";49
"2018-04-09 11:36:05";49
"2018-04-09 11:46:05";49
"2018-04-09 11:56:15";48
"2018-04-09 12:06:05";48
"2018-04-09 12:16:05";48
"2018-04-09 12:26:05";49
"2018-04-09 12:36:05";49
"2018-04-09 12:46:05";49
"2018-04-09 12:56:10";50
"2018-04-09 13:06:05";50
"2018-04-09 13:16:05";50
"2018-04-09 13:26:05";50
"2018-04-09 13:36:05";50
"2018-04-09 13:46:05";50
"2018-04-09 13:56:09";50
"2018-04-09 14:06:04";50
"2018-04-09 14:16:05";50
"2018-04-09 14:26:05";52
"2018-04-09 14:36:05";52
"2018-04-09 14:46:04";52
"2018-04-09 14:56:15";50
"2018-04-09 15:06:05";50
"2018-04-09 15:16:05";50
"2018-04-09 15:36:05";54
"2018-04-09 15:46:05";55
"2018-04-09 15:56:05";55
"2018-04-09 16:06:05";55
"2018-04-09 16:16:05";55
"2018-04-09 16:26:04";56
"2018-04-09 16:36:05";56
"2018-04-09 16:46:05";56
"2018-04-09 16:56:12";57
"2018-04-09 17:06:05";57
"2018-04-09 17:16:05";57
"2018-04-09 17:26:05";58
"2018-04-09 17:36:05";58
"2018-04-09 17:46:05";58
"2018-04-09 17:56:05";60
"2018-04-09 18:06:05";60
"2018-04-09 18:16:05";60
"2018-04-09 18:26:05";61
"2018-04-09 18:36:05";61
"2018-04-09 18:46:05";61
"2018-04-09 18:56:05";61
"2018-04-09 19:06:05";61
"2018-04-09 19:16:05";61
"2018-04-09 19:26:05";62
"2018-04-09 19:36:05";62
"2018-04-09 19:46:05";62
"2018-04-09 19:56:15";63
"2018-04-09 20:06:05";63
"2018-04-09 20:16:05";63
"2018-04-09 20:26:05";66
"2018-04-09 20:36:05";66
"2018-04-09 20:46:05";65
"2018-04-09 20:56:05";65
"2018-04-09 21:06:06";65
"2018-04-09 21:16:05";65
"2018-04-09 21:26:04";66
"2018-04-09 21:36:04";66
"2018-04-09 21:46:05";67
"2018-04-09 21:56:04";67
"2018-04-09 22:06:09";67
"2018-04-09 22:16:08";67
"2018-04-09 22:26:06";65
"2018-04-09 22:36:06";65
"2018-04-09 22:46:06";65
"2018-04-09 22:56:05";68
"2018-04-09 23:06:05";68
"2018-04-09 23:26:05";65
"2018-04-09 23:36:10";65
"2018-04-09 23:46:07";67
"2018-04-09 23:56:14";67
"2018-04-10 00:06:07";67
"2018-04-10 00:16:07";65
"2018-04-10 00:26:08";65
"2018-04-10 00:36:05";65
"2018-04-10 00:46:06";65
"2018-04-10 00:56:15";65
"2018-04-10 01:06:14";65
"2018-04-10 01:16:06";65
"2018-04-10 01:26:05";65
"2018-04-10 01:36:05";65
"2018-04-10 01:46:05";65
"2018-04-10 01:56:10";65
"2018-04-10 02:06:05";65
"2018-04-10 02:16:18";65
"2018-04-10 02:26:04";63
"2018-04-10 02:36:05";63
"2018-04-10 02:46:05";63
"2018-04-10 02:56:05";63
"2018-04-10 03:06:05";63
"2018-04-10 03:16:05";63
"2018-04-10 03:26:05";63
"2018-04-10 03:36:05";63
"2018-04-10 03:46:05";63
"2018-04-10 03:56:09";63
"2018-04-10 04:06:04";63
"2018-04-10 04:16:05";61
"2018-04-10 04:26:04";61
"2018-04-10 04:36:04";61
"2018-04-10 04:46:05";61
"2018-04-10 04:56:05";62
"2018-04-10 05:06:05";62
"2018-04-10 05:16:05";62
"2018-04-10 05:26:04";61
"2018-04-10 05:36:04";61
"2018-04-10 05:46:05";61
"2018-04-10 05:56:05";60
"2018-04-10 06:06:05";60
"2018-04-10 06:16:04";61
"2018-04-10 06:26:04";61
"2018-04-10 06:36:05";61
"2018-04-10 06:46:05";60
"2018-04-10 06:56:10";60
"2018-04-10 07:06:05";60
"2018-04-10 07:16:05";61
"2018-04-10 07:26:05";61
"2018-04-10 07:46:05";61
"2018-04-10 07:56:05";58
"2018-04-10 08:06:05";58
"2018-04-10 08:16:05";58
"2018-04-10 08:26:05";58
"2018-04-10 08:36:05";58
"2018-04-10 08:46:04";58
"2018-04-10 08:56:04";58
"2018-04-10 09:06:05";58
"2018-04-10 09:16:05";57
"2018-04-10 09:26:05";57
"2018-04-10 09:36:05";57
"2018-04-10 09:46:05";57
"2018-04-10 09:56:05";57
"2018-04-10 10:06:05";57
"2018-04-10 10:16:05";56
"2018-04-10 10:26:04";56
"2018-04-10 10:36:04";56
"2018-04-10 10:46:05";57
"2018-04-10 10:56:10";57
"2018-04-10 11:06:04";57
"2018-04-10 11:16:05";57
"2018-04-10 11:26:05";57
"2018-04-10 11:36:05";57
"2018-04-10 11:46:05";57
"2018-04-10 11:56:05";57
"2018-04-10 12:06:05";57
"2018-04-10 12:16:05";57
"2018-04-10 12:26:05";57
"2018-04-10 12:36:05";57
"2018-04-10 12:46:05";58
"2018-04-10 12:56:10";58
"2018-04-10 13:06:05";58
"2018-04-10 13:16:05";62
"2018-04-10 13:26:04";62
"2018-04-10 13:36:05";62
"2018-04-10 13:46:05";61
"2018-04-10 13:56:04";61
"2018-04-10 14:06:05";61
"2018-04-10 14:16:05";61
"2018-04-10 14:26:05";62
"2018-04-10 14:36:05";62
"2018-04-10 14:46:04";62
"2018-04-10 14:56:05";63
"2018-04-10 15:16:05";64
"2018-04-10 15:26:05";64
"2018-04-10 15:36:05";64
"2018-04-10 15:46:04";64
"2018-04-10 15:56:10";63
"2018-04-10 16:06:05";63
"2018-04-10 16:16:05";63
"2018-04-10 16:26:05";63
"2018-04-10 16:36:04";63
"2018-04-10 16:46:06";63
"2018-04-10 16:56:05";58
"2018-04-10 17:06:05";58
"2018-04-10 17:16:05";58
"2018-04-10 17:26:04";62
"2018-04-10 17:36:05";62
"2018-04-10 17:46:05";60
"2018-04-10 17:56:05";60
"2018-04-10 18:06:05";60
"2018-04-10 18:16:05";58
"2018-04-10 18:26:05";58
"2018-04-10 18:36:04";58
"2018-04-10 18:46:04";57
"2018-04-10 18:56:05";57
"2018-04-10 19:06:05";57
"2018-04-10 19:16:04";57
"2018-04-10 19:26:05";56
"2018-04-10 19:36:05";56
"2018-04-10 19:46:04";56
"2018-04-10 19:56:10";63
"2018-04-10 20:06:05";63
"2018-04-10 20:16:05";63
"2018-04-10 20:26:04";60
"2018-04-10 20:36:05";60
"2018-04-10 20:46:05";60
"2018-04-10 20:56:05";60
"2018-04-10 21:06:05";60
"2018-04-10 21:16:05";61
"2018-04-10 21:26:05";61
"2018-04-10 21:36:05";61
"2018-04-10 21:46:05";61
"2018-04-10 21:56:10";58
"2018-04-10 22:06:09";58
"2018-04-10 22:16:08";58
"2018-04-10 22:26:06";60
"2018-04-10 22:36:08";60
"2018-04-10 22:56:05";58
"2018-04-10 23:06:05";58
"2018-04-10 23:16:05";58
"2018-04-10 23:26:05";57
"2018-04-10 23:36:08";57
"2018-04-10 23:46:06";57
"2018-04-10 23:56:11";58
"2018-04-11 00:06:08";58
"2018-04-11 00:16:08";58
"2018-04-11 00:26:06";56
"2018-04-11 00:36:05";56
"2018-04-11 00:46:06";56
"2018-04-11 00:56:05";58
"2018-04-11 01:06:16";58
"2018-04-11 01:16:06";56
"2018-04-11 01:26:05";56
"2018-04-11 01:36:05";56
"2018-04-11 01:46:05";57
"2018-04-11 01:56:05";57
"2018-04-11 02:06:05";57
"2018-04-11 02:16:19";57
"2018-04-11 02:26:05";56
"2018-04-11 02:36:05";56
"2018-04-11 02:46:05";56
"2018-04-11 02:56:10";52
"2018-04-11 03:06:05";52
"2018-04-11 03:16:04";55
"2018-04-11 03:26:04";55
"2018-04-11 03:36:05";55
"2018-04-11 03:46:05";55
"2018-04-11 03:56:20";54
"2018-04-11 04:06:19";54
"2018-04-11 04:16:05";55
"2018-04-11 04:26:05";55
"2018-04-11 04:36:05";55
"2018-04-11 04:46:04";55
"2018-04-11 04:56:04";52
"2018-04-11 05:06:20";52
"2018-04-11 05:16:05";54
"2018-04-11 05:26:05";54
"2018-04-11 05:36:04";54
"2018-04-11 05:46:05";52
"2018-04-11 05:56:05";52
"2018-04-11 06:06:05";52
"2018-04-11 06:16:04";52
"2018-04-11 06:26:05";52
"2018-04-11 06:36:05";52
"2018-04-11 06:46:04";52
"2018-04-11 07:06:05";52
"2018-04-11 07:16:05";52
"2018-04-11 07:26:04";52
"2018-04-11 07:36:04";52
"2018-04-11 07:46:06";52
"2018-04-11 07:56:10";51
"2018-04-11 08:06:05";51
"2018-04-11 08:16:05";51
"2018-04-11 08:26:05";52
"2018-04-11 08:36:04";52
"2018-04-11 08:46:04";52
"2018-04-11 08:56:05";52
"2018-04-11 09:06:04";52
"2018-04-11 09:16:04";52
"2018-04-11 09:26:05";52
"2018-04-11 09:36:04";52
"2018-04-11 09:46:05";52
"2018-04-11 09:56:10";52
"2018-04-11 10:06:04";52
"2018-04-11 10:16:05";49
"2018-04-11 10:26:05";49
"2018-04-11 10:36:05";49
"2018-04-11 10:46:05";50
"2018-04-11 10:56:15";50
"2018-04-11 11:06:05";50
"2018-04-11 11:16:04";50
"2018-04-11 11:26:05";51
"2018-04-11 11:36:06";51
"2018-04-11 11:46:06";51
"2018-04-11 11:56:10";49
"2018-04-11 12:06:07";49
"2018-04-11 12:16:05";51
"2018-04-11 12:26:05";51
"2018-04-11 12:36:04";51
"2018-04-11 12:46:05";51
"2018-04-11 12:56:14";48
"2018-04-11 13:06:05";48
"2018-04-11 13:16:05";51
"2018-04-11 13:26:05";51
"2018-04-11 13:36:04";51
"2018-04-11 13:46:05";51
"2018-04-11 13:56:05";49
"2018-04-11 14:16:04";49
"2018-04-11 14:26:05";48
"2018-04-11 14:36:05";48
"2018-04-11 14:46:05";48
"2018-04-11 14:56:10";49
"2018-04-11 15:06:06";49
"2018-04-11 15:16:05";49
"2018-04-11 15:26:05";49
"2018-04-11 15:36:05";49
"2018-04-11 15:46:05";49
"2018-04-11 15:56:05";49
"2018-04-11 16:36:05";49
"2018-04-11 16:56:05";50
"2018-04-11 17:06:05";50
"2018-04-11 17:16:05";51
"2018-04-11 17:26:20";51
"2018-04-11 17:36:08";51
"2018-04-11 17:46:05";50
"2018-04-11 17:56:10";50
"2018-04-11 18:06:05";50
"2018-04-11 18:16:05";50
"2018-04-11 18:36:05";50
"2018-04-11 18:46:05";50
"2018-04-11 18:56:10";50
"2018-04-11 19:06:05";50
"2018-04-11 19:16:05";50
"2018-04-11 19:26:05";51
"2018-04-11 19:36:05";51
"2018-04-11 19:46:05";51
"2018-04-11 19:56:05";49
"2018-04-11 20:06:06";49
"2018-04-11 20:16:05";49
"2018-04-11 20:26:05";51
"2018-04-11 20:36:05";51
"2018-04-11 20:46:05";51
"2018-04-11 20:56:05";51
"2018-04-11 21:06:05";51
"2018-04-11 21:16:05";51
"2018-04-11 21:26:05";51
"2018-04-11 21:36:04";51
"2018-04-11 21:46:05";51
"2018-04-11 21:56:05";52
"2018-04-11 22:06:09";52
"2018-04-11 22:16:07";51
"2018-04-11 22:26:06";51
"2018-04-11 22:36:07";51
"2018-04-11 22:46:07";51
"2018-04-11 22:56:05";51
"2018-04-11 23:06:05";51
"2018-04-11 23:16:05";51
"2018-04-11 23:26:05";51
"2018-04-11 23:36:08";51
"2018-04-11 23:46:07";51
"2018-04-11 23:56:10";51
"2018-04-12 00:06:08";51
"2018-04-12 00:16:07";52
"2018-04-12 00:26:07";52
"2018-04-12 00:36:05";52
"2018-04-12 00:46:06";52
"2018-04-12 00:56:05";50
"2018-04-12 01:06:15";50
"2018-04-12 01:16:06";50
"2018-04-12 01:26:05";50
"2018-04-12 01:36:05";50
"2018-04-12 01:46:05";52
"2018-04-12 01:56:10";52
"2018-04-12 02:06:05";52
"2018-04-12 02:16:18";52
"2018-04-12 02:36:05";52
"2018-04-12 02:46:05";51
"2018-04-12 02:56:05";51
"2018-04-12 03:06:05";51
"2018-04-12 03:16:05";51
"2018-04-12 03:26:04";52
"2018-04-12 03:36:04";52
"2018-04-12 03:46:05";52
"2018-04-12 03:56:15";54
"2018-04-12 04:06:04";54
"2018-04-12 04:16:04";54
"2018-04-12 04:26:05";54
"2018-04-12 04:36:04";54
"2018-04-12 04:46:05";54
"2018-04-12 04:56:05";52
"2018-04-12 05:06:05";52
"2018-04-12 05:16:05";52
"2018-04-12 05:26:05";55
"2018-04-12 05:36:05";55
"2018-04-12 05:46:04";55
"2018-04-12 05:56:05";54
"2018-04-12 06:06:04";54
"2018-04-12 06:16:05";54
"2018-04-12 06:26:05";52
"2018-04-12 06:36:05";52
"2018-04-12 06:46:05";55
"2018-04-12 06:56:10";55
"2018-04-12 07:06:05";55
"2018-04-12 07:16:05";55
"2018-04-12 07:26:05";55
"2018-04-12 07:36:05";55
"2018-04-12 07:46:05";55
"2018-04-12 07:56:10";57
"2018-04-12 08:06:04";57
"2018-04-12 08:16:04";57
"2018-04-12 08:26:05";55
"2018-04-12 08:36:04";55
"2018-04-12 08:46:05";55
"2018-04-12 08:56:05";57
"2018-04-12 09:06:05";57
"2018-04-12 09:16:05";55
"2018-04-12 09:26:04";55
"2018-04-12 09:36:05";55
"2018-04-12 09:46:05";52
"2018-04-12 09:56:05";52
"2018-04-12 10:26:05";55
"2018-04-12 10:36:05";55
"2018-04-12 10:46:04";55
"2018-04-12 10:56:04";52
"2018-04-12 11:16:05";52
"2018-04-12 11:26:04";52
"2018-04-12 11:36:05";52
"2018-04-12 11:46:05";55
"2018-04-12 11:56:05";55
"2018-04-12 12:06:05";55
"2018-04-12 13:36:05";55
"2018-04-12 13:46:05";57
"2018-04-12 13:56:05";62
"2018-04-12 14:06:04";62
"2018-04-12 14:16:05";58
"2018-04-12 14:26:05";58
"2018-04-12 14:36:04";58
"2018-04-12 14:46:05";58
"2018-04-12 14:56:05";60
"2018-04-12 15:06:04";60
"2018-04-12 15:16:05";60
"2018-04-12 15:26:05";60
"2018-04-12 15:36:05";60
"2018-04-12 15:46:04";60
"2018-04-12 15:56:15";58
"2018-04-12 16:06:05";58
"2018-04-12 16:26:04";60
"2018-04-12 16:36:04";60
"2018-04-12 16:46:05";60
"2018-04-12 16:56:10";58
"2018-04-12 17:06:06";58
"2018-04-12 17:16:04";58
"2018-04-12 17:26:05";57
"2018-04-12 17:36:05";57
"2018-04-12 17:46:05";57
"2018-04-12 17:56:05";58
"2018-04-12 18:06:05";58
"2018-04-12 18:16:05";58
"2018-04-12 18:26:05";58
"2018-04-12 18:36:04";58
"2018-04-12 18:46:04";60
"2018-04-12 18:56:10";60
"2018-04-12 19:06:05";60
"2018-04-12 19:16:05";60
"2018-04-12 19:26:05";56
"2018-04-12 19:36:05";56
"2018-04-12 19:46:05";56
"2018-04-12 19:56:04";58
"2018-04-12 20:06:05";58
"2018-04-12 20:16:05";57
"2018-04-12 20:26:05";57
"2018-04-12 20:36:05";57
"2018-04-12 20:46:05";57
"2018-04-12 20:56:05";57
"2018-04-12 21:06:05";57
"2018-04-12 21:16:05";57
"2018-04-12 21:26:05";58
"2018-04-12 21:36:05";58
"2018-04-12 21:46:05";58
"2018-04-12 21:56:10";58
"2018-04-12 22:06:07";58
"2018-04-12 22:16:08";58
"2018-04-12 22:26:07";58
"2018-04-12 22:36:07";58
"2018-04-12 22:46:06";58
"2018-04-12 22:56:11";58
"2018-04-12 23:06:05";58
"2018-04-12 23:16:05";58
"2018-04-12 23:26:05";58
"2018-04-12 23:36:07";58
"2018-04-12 23:46:07";58
"2018-04-13 00:06:07";58
"2018-04-13 00:16:07";58
"2018-04-13 00:26:07";58
"2018-04-13 00:36:05";58
"2018-04-13 00:46:07";55
"2018-04-13 00:56:06";55
"2018-04-13 01:06:21";55
"2018-04-13 01:16:14";55
"2018-04-13 01:26:07";58
"2018-04-13 01:36:05";58
"2018-04-13 01:46:05";58
"2018-04-13 01:56:05";58
"2018-04-13 02:06:05";58
"2018-04-13 02:16:17";58
"2018-04-13 02:26:05";57
"2018-04-13 02:36:05";57
"2018-04-13 02:46:04";57
"2018-04-13 02:56:05";56
"2018-04-13 03:06:04";56
"2018-04-13 03:16:05";54
"2018-04-13 03:36:04";54
"2018-04-13 03:46:05";54
"2018-04-13 03:56:05";55
"2018-04-13 04:06:04";55
"2018-04-13 04:16:05";55
"2018-04-13 04:26:04";55
"2018-04-13 04:36:05";55
"2018-04-13 04:46:05";54
"2018-04-13 04:56:09";54
"2018-04-13 05:06:05";54
"2018-04-13 05:16:05";54
"2018-04-13 05:26:05";54
"2018-04-13 05:36:05";54
"2018-04-13 05:46:05";54
"2018-04-13 05:56:15";54
"2018-04-13 06:06:05";54
"2018-04-13 06:16:05";54
"2018-04-13 06:26:05";52
"2018-04-13 06:36:05";52
"2018-04-13 06:46:05";52
"2018-04-13 06:56:05";54
"2018-04-13 07:06:05";54
"2018-04-13 07:16:05";54
"2018-04-13 07:26:05";52
"2018-04-13 07:36:04";52
"2018-04-13 07:46:05";52
"2018-04-13 07:56:05";52
"2018-04-13 08:06:05";52
"2018-04-13 08:16:05";52
"2018-04-13 08:26:04";54
"2018-04-13 08:36:04";54
"2018-04-13 08:46:05";54
"2018-04-13 08:56:10";54
"2018-04-13 09:06:04";54
"2018-04-13 09:16:05";54
"2018-04-13 09:26:05";54
"2018-04-13 09:36:05";54
"2018-04-13 09:46:05";54
"2018-04-13 09:56:04";54
"2018-04-13 10:06:05";54
"2018-04-13 10:16:04";54
"2018-04-13 10:26:04";54
"2018-04-13 10:36:05";52
"2018-04-13 10:46:05";51
"2018-04-13 10:56:09";51
"2018-04-13 11:06:05";51
"2018-04-13 11:16:05";51
"2018-04-13 11:26:05";49
"2018-04-13 11:36:05";49
"2018-04-13 11:46:05";49
"2018-04-13 11:56:10";50
"2018-04-13 12:06:05";50
"2018-04-13 12:16:05";50
"2018-04-13 12:26:04";47
"2018-04-13 12:36:05";47
"2018-04-13 12:46:05";47
"2018-04-13 12:56:10";49
"2018-04-13 13:06:05";49
"2018-04-13 13:26:05";49
"2018-04-13 13:36:08";49
"2018-04-13 13:46:05";49
"2018-04-13 13:56:10";52
"2018-04-13 14:06:05";52
"2018-04-13 14:16:05";51
"2018-04-13 14:26:04";51
"2018-04-13 14:36:05";51
"2018-04-13 14:46:05";51
"2018-04-13 14:56:10";49
"2018-04-13 15:06:05";49
"2018-04-13 15:16:04";52
"2018-04-13 15:26:04";52
"2018-04-13 15:36:05";52
"2018-04-13 15:46:05";52
"2018-04-13 15:56:10";51
"2018-04-13 16:06:05";51
"2018-04-13 16:16:05";51
"2018-04-13 16:26:05";52
"2018-04-13 16:36:05";52
"2018-04-13 16:46:04";52
"2018-04-13 16:56:05";51
"2018-04-13 17:06:04";51
"2018-04-13 17:16:07";51
"2018-04-13 17:26:05";52
"2018-04-13 17:36:05";52
"2018-04-13 17:46:05";52
"2018-04-13 17:56:05";52
"2018-04-13 18:06:05";52
"2018-04-13 18:16:05";54
"2018-04-13 18:26:05";54
"2018-04-13 18:36:05";54
"2018-04-13 18:46:05";54
"2018-04-13 18:56:05";54
"2018-04-13 19:06:04";54
"2018-04-13 19:16:05";54
"2018-04-13 19:26:05";52
"2018-04-13 19:36:05";52
"2018-04-13 19:46:05";52
"2018-04-13 19:56:05";52
"2018-04-13 20:06:05";52
"2018-04-13 20:16:05";52
"2018-04-13 20:26:05";54
"2018-04-13 20:36:05";54
"2018-04-13 20:46:05";54
"2018-04-13 20:56:05";54
"2018-04-13 21:06:05";54
"2018-04-13 21:16:05";54
"2018-04-13 21:26:06";52
"2018-04-13 21:36:05";52
"2018-04-13 21:46:05";52
"2018-04-13 21:56:05";52
"2018-04-13 22:16:07";52
"2018-04-13 22:26:06";52
"2018-04-13 22:56:11";51
"2018-04-13 23:06:05";51
"2018-04-13 23:16:05";51
"2018-04-13 23:26:05";52
"2018-04-13 23:36:07";52
"2018-04-13 23:46:07";51
"2018-04-14 00:56:15";50
"2018-04-14 01:06:12";50
"2018-04-14 01:16:07";50
"2018-04-14 01:26:06";51
"2018-04-14 01:36:05";51
"2018-04-14 01:46:05";50
"2018-04-14 01:56:10";50
"2018-04-14 02:06:04";50
"2018-04-14 02:16:18";49
"2018-04-14 02:26:04";49
"2018-04-14 02:36:05";49
"2018-04-14 02:46:05";49
"2018-04-14 02:56:04";51
"2018-04-14 03:06:04";51
"2018-04-14 03:16:05";50
"2018-04-14 03:26:04";50
"2018-04-14 03:36:04";50
"2018-04-14 03:46:05";50
"2018-04-14 03:56:04";52
"2018-04-14 04:06:04";52
"2018-04-14 04:16:05";52
"2018-04-14 04:26:05";52
"2018-04-14 04:36:05";52
"2018-04-14 04:46:05";49
"2018-04-14 04:56:15";49
"2018-04-14 05:06:05";49
"2018-04-14 05:16:04";49
"2018-04-14 05:36:05";49
"2018-04-14 05:46:05";49
"2018-04-14 05:56:15";48
"2018-04-14 06:06:04";48
"2018-04-14 06:16:05";48
"2018-04-14 06:26:04";50
"2018-04-14 06:36:05";50
"2018-04-14 06:46:05";50
"2018-04-14 06:56:15";49
"2018-04-14 07:06:04";49
"2018-04-14 07:16:04";49
"2018-04-14 07:26:05";51
"2018-04-14 07:36:04";51
"2018-04-14 07:46:05";49
"2018-04-14 07:56:16";49
"2018-04-14 08:06:05";49
"2018-04-14 08:16:05";49
"2018-04-14 08:26:05";50
"2018-04-14 08:36:04";50
"2018-04-14 08:46:05";50
"2018-04-14 08:56:09";49
"2018-04-14 09:06:04";49
"2018-04-14 09:16:05";49
"2018-04-14 09:26:04";49
"2018-04-14 09:36:04";49
"2018-04-14 09:46:05";49
"2018-04-14 09:56:05";50
"2018-04-14 10:06:04";50
"2018-04-14 10:16:05";50
"2018-04-14 10:26:05";49
"2018-04-14 10:36:05";49
"2018-04-14 10:46:04";49
"2018-04-14 10:56:10";48
"2018-04-14 11:06:05";48
"2018-04-14 11:16:04";48
"2018-04-14 11:26:04";45
"2018-04-14 11:36:04";45
"2018-04-14 11:46:05";45
"2018-04-14 11:56:10";44
"2018-04-14 12:06:05";44
"2018-04-14 12:16:05";44
"2018-04-14 12:26:05";45
"2018-04-14 12:36:05";45
"2018-04-14 12:46:05";45
"2018-04-14 12:56:05";46
"2018-04-14 13:06:04";46
"2018-04-14 13:16:05";46
"2018-04-14 13:26:05";46
"2018-04-14 13:36:05";46
"2018-04-14 13:46:05";46
"2018-04-14 13:56:05";47
"2018-04-14 14:06:05";47
"2018-04-14 14:16:05";47
"2018-04-14 14:26:05";47
"2018-04-14 14:36:05";47
"2018-04-14 14:46:05";47
"2018-04-14 14:56:05";49
"2018-04-14 15:06:05";49
"2018-04-14 15:16:04";49
"2018-04-14 15:26:05";46
"2018-04-14 15:46:04";46
"2018-04-14 15:56:05";49
"2018-04-14 16:06:05";49
"2018-04-14 16:16:04";49
"2018-04-14 16:26:04";49
"2018-04-14 16:36:05";49
"2018-04-14 16:46:05";49
"2018-04-14 16:56:04";49
"2018-04-14 17:06:05";49
"2018-04-14 17:16:04";49
"2018-04-14 17:26:04";51
"2018-04-14 17:36:05";51
"2018-04-14 17:46:05";51
"2018-04-14 17:56:09";50
"2018-04-14 18:06:04";50
"2018-04-14 18:16:05";50
"2018-04-14 18:26:04";50
"2018-04-14 18:36:05";50
"2018-04-14 18:46:05";50
"2018-04-14 18:56:05";54
"2018-04-14 19:06:04";54
"2018-04-14 19:16:05";54
"2018-04-14 19:26:05";48
"2018-04-14 19:36:04";48
"2018-04-14 19:46:05";48
"2018-04-14 19:56:05";51
"2018-04-14 20:06:05";51
"2018-04-14 20:16:04";51
"2018-04-14 20:26:05";49
"2018-04-14 20:36:05";49
"2018-04-14 20:46:04";51
"2018-04-14 20:56:05";51
"2018-04-14 21:06:05";51
"2018-04-14 21:16:05";51
"2018-04-14 21:26:05";52
"2018-04-14 21:36:05";52
"2018-04-14 21:46:05";54
"2018-04-14 21:56:10";54
"2018-04-14 22:06:07";54
"2018-04-14 22:16:06";54
"2018-04-14 22:26:06";54
"2018-04-14 22:36:08";54
"2018-04-14 22:46:05";54
"2018-04-14 22:56:05";52
"2018-04-14 23:06:05";52
"2018-04-14 23:16:05";52
"2018-04-14 23:26:05";52
"2018-04-15 00:26:07";52
"2018-04-15 00:36:05";52
"2018-04-15 00:46:07";52
"2018-04-15 00:56:05";52
"2018-04-15 01:06:14";52
"2018-04-15 01:16:19";52
"2018-04-15 01:26:09";50
"2018-04-15 01:36:05";50
"2018-04-15 01:46:05";50
"2018-04-15 01:56:05";52
"2018-04-15 02:06:05";52
"2018-04-15 02:16:19";51
"2018-04-15 02:26:05";51
"2018-04-15 02:36:05";51
"2018-04-15 02:46:05";51
"2018-04-15 02:56:10";52
"2018-04-15 03:06:05";52
"2018-04-15 03:16:05";52
"2018-04-15 03:26:05";52
"2018-04-15 03:36:05";52
"2018-04-15 03:46:06";51
"2018-04-15 03:56:05";51
"2018-04-15 04:06:04";51
"2018-04-15 04:16:05";51
"2018-04-15 04:26:05";52
"2018-04-15 04:36:05";52
"2018-04-15 04:46:05";52
"2018-04-15 04:56:04";52
"2018-04-15 05:06:05";52
"2018-04-15 05:16:05";52
"2018-04-15 05:26:05";51
"2018-04-15 05:36:05";51
"2018-04-15 05:46:05";51
"2018-04-15 05:56:10";52
"2018-04-15 06:06:05";52
"2018-04-15 06:16:05";52
"2018-04-15 06:36:04";47
"2018-04-15 06:46:05";47
"2018-04-15 06:56:09";50
"2018-04-15 07:06:04";50
"2018-04-15 07:16:05";50
"2018-04-15 07:26:05";49
"2018-04-15 07:36:05";49
"2018-04-15 07:46:05";51
"2018-04-15 07:56:10";51
"2018-04-15 08:06:04";51
"2018-04-15 08:16:05";50
"2018-04-15 08:26:04";50
"2018-04-15 08:36:05";50
"2018-04-15 08:46:05";50
"2018-04-15 08:56:05";51
"2018-04-15 09:06:05";51
"2018-04-15 09:16:04";51
"2018-04-15 09:26:05";52
"2018-04-15 09:36:05";52
"2018-04-15 09:46:05";52
"2018-04-15 09:56:14";50
"2018-04-15 10:06:05";50
"2018-04-15 10:16:05";50
"2018-04-15 10:26:05";51
"2018-04-15 10:36:05";51
"2018-04-15 10:46:05";51
"2018-04-15 10:56:05";51
"2018-04-15 11:06:05";51
"2018-04-15 11:16:05";51
"2018-04-15 11:26:04";49
"2018-04-15 11:36:05";49
"2018-04-15 11:46:05";49
"2018-04-15 11:56:04";49
"2018-04-15 12:06:04";49
"2018-04-15 12:16:05";49
"2018-04-15 12:26:05";48
"2018-04-15 12:36:05";48
"2018-04-15 12:46:05";48
"2018-04-15 12:56:05";51
"2018-04-15 13:06:05";51
"2018-04-15 13:16:05";49
"2018-04-15 13:26:04";49
"2018-04-15 13:36:05";49
"2018-04-15 13:46:05";49
"2018-04-15 13:56:15";47
"2018-04-15 14:06:05";47
"2018-04-15 14:16:04";48
"2018-04-15 14:26:04";48
"2018-04-15 14:36:04";48
"2018-04-15 14:46:05";48
"2018-04-15 14:56:05";49
"2018-04-15 15:06:05";49
"2018-04-15 15:16:04";49
"2018-04-15 15:26:05";47
"2018-04-15 15:36:05";47
"2018-04-15 15:46:05";46
"2018-04-15 15:56:10";46
"2018-04-15 16:06:04";46
"2018-04-15 16:16:05";46
"2018-04-15 16:26:05";49
"2018-04-15 16:46:05";49
"2018-04-15 16:56:04";48
"2018-04-15 17:06:05";48
"2018-04-15 17:16:05";48
"2018-04-15 17:26:05";48
"2018-04-15 17:36:05";48
"2018-04-15 17:46:05";48
"2018-04-15 17:56:10";50
"2018-04-15 18:06:05";50
"2018-04-15 18:16:05";50
"2018-04-15 18:26:05";48
"2018-04-15 18:36:04";48
"2018-04-15 18:46:05";48
"2018-04-15 18:56:05";47
"2018-04-15 19:06:05";47
"2018-04-15 19:16:05";47
"2018-04-15 19:26:05";50
"2018-04-15 19:36:05";50
"2018-04-15 19:46:05";50
"2018-04-15 19:56:05";49
"2018-04-15 20:06:04";49
"2018-04-15 20:16:05";49
"2018-04-15 20:26:05";48
"2018-04-15 20:36:05";48
"2018-04-15 20:46:05";48
"2018-04-15 20:56:10";49
"2018-04-15 21:06:04";49
"2018-04-15 21:16:05";49
"2018-04-15 21:26:04";48
"2018-04-15 21:36:05";48
"2018-04-15 21:46:05";48
"2018-04-15 21:56:05";50
"2018-04-15 22:06:07";50
"2018-04-15 22:16:06";48
"2018-04-15 22:26:06";48
"2018-04-15 22:36:07";48
"2018-04-15 22:46:07";50
"2018-04-15 22:56:05";50
"2018-04-15 23:06:05";50
"2018-04-15 23:16:05";50
"2018-04-15 23:26:05";51
"2018-04-15 23:36:09";51
"2018-04-15 23:46:07";51
"2018-04-15 23:56:12";49
"2018-04-16 00:06:09";49
"2018-04-16 00:16:08";50
"2018-04-16 00:36:06";50
"2018-04-16 00:46:06";51
"2018-04-16 00:56:15";51
"2018-04-16 01:06:15";51
"2018-04-16 01:16:08";51
"2018-04-16 01:26:07";52
"2018-04-16 01:36:07";52
"2018-04-16 01:46:05";49
"2018-04-16 01:56:15";49
"2018-04-16 02:06:05";49
"2018-04-16 02:16:06";49
"2018-04-16 02:26:06";48
"2018-04-16 02:36:05";48
"2018-04-16 02:46:05";48
"2018-04-16 02:56:05";49
"2018-04-16 03:06:05";49
"2018-04-16 03:16:05";51
"2018-04-16 03:26:05";51
"2018-04-16 03:36:05";51
"2018-04-16 03:46:05";51
"2018-04-16 03:56:05";49
"2018-04-16 04:06:04";49
"2018-04-16 04:16:05";49
"2018-04-16 04:26:05";50
"2018-04-16 04:36:04";50
"2018-04-16 04:46:05";50
"2018-04-16 04:56:09";51
"2018-04-16 05:06:04";51
"2018-04-16 05:16:05";51
"2018-04-16 05:26:05";50
"2018-04-16 05:36:05";50
"2018-04-16 05:46:05";50
"2018-04-16 05:56:05";51
"2018-04-16 06:06:05";51
"2018-04-16 06:16:05";51
"2018-04-16 06:26:04";49
"2018-04-16 06:36:04";49
"2018-04-16 06:46:05";49
"2018-04-16 06:56:04";50
"2018-04-16 07:06:04";50
"2018-04-16 07:16:05";50
"2018-04-16 07:26:05";51
"2018-04-16 07:36:05";51
"2018-04-16 07:46:05";51
"2018-04-16 07:56:05";49
"2018-04-16 08:06:04";49
"2018-04-16 08:16:05";48
"2018-04-16 08:26:04";48
"2018-04-16 08:36:04";48
"2018-04-16 08:46:05";48
"2018-04-16 08:56:15";51
"2018-04-16 09:06:05";51
"2018-04-16 09:16:05";51
"2018-04-16 09:26:04";50
"2018-04-16 09:36:05";50
"2018-04-16 09:46:04";50
"2018-04-16 09:56:05";50
"2018-04-16 10:06:05";50
"2018-04-16 10:16:05";50
"2018-04-16 10:36:05";50
"2018-04-16 10:46:04";48
"2018-04-16 10:56:05";48
"2018-04-16 11:06:05";48
"2018-04-16 11:16:05";48
"2018-04-16 11:26:05";47
"2018-04-16 11:36:04";47
"2018-04-16 11:46:06";47
"2018-04-16 11:56:10";46
"2018-04-16 12:06:05";46
"2018-04-16 12:16:05";46
"2018-04-16 12:26:05";46
"2018-04-16 12:36:05";46
"2018-04-16 12:46:05";45
"2018-04-16 12:56:05";45
"2018-04-16 13:06:05";45
"2018-04-16 13:16:04";46
"2018-04-16 13:26:05";46
"2018-04-16 13:36:04";46
"2018-04-16 13:46:05";46
"2018-04-16 13:56:05";44
"2018-04-16 14:06:04";44
"2018-04-16 14:16:04";44
"2018-04-16 14:26:05";48
"2018-04-16 14:36:05";48
"2018-04-16 14:46:05";48
"2018-04-16 14:56:04";52
"2018-04-16 15:06:04";52
"2018-04-16 15:16:04";52
"2018-04-16 15:26:05";52
"2018-04-16 15:36:04";52
"2018-04-16 15:46:05";52
"2018-04-16 15:56:05";52
"2018-04-16 16:06:05";52
"2018-04-16 16:16:04";54
"2018-04-16 16:26:05";54
"2018-04-16 16:36:05";54
"2018-04-16 16:46:05";54
"2018-04-16 16:56:05";54
"2018-04-16 17:06:05";54
"2018-04-16 17:16:04";55
"2018-04-16 17:26:05";55
"2018-04-16 17:36:05";55
"2018-04-16 17:46:05";55
"2018-04-16 17:56:04";57
"2018-04-16 18:06:05";57
"2018-04-16 18:16:05";57
"2018-04-16 18:26:05";54
"2018-04-16 18:36:05";54
"2018-04-16 18:46:05";54
"2018-04-16 18:56:05";58
"2018-04-16 19:06:05";58
"2018-04-16 19:16:04";58
"2018-04-16 19:26:04";58
"2018-04-16 19:36:05";58
"2018-04-16 19:46:05";58
"2018-04-16 20:06:05";62
"2018-04-16 20:16:04";61
"2018-04-16 20:26:05";61
"2018-04-16 20:36:04";61
"2018-04-16 20:46:05";62
"2018-04-16 20:56:05";62
"2018-04-16 21:06:05";62
"2018-04-16 21:16:05";62
"2018-04-16 21:26:04";63
"2018-04-16 21:36:05";63
"2018-04-16 21:46:05";62
"2018-04-16 21:56:05";62
"2018-04-16 22:06:07";62
"2018-04-16 22:16:07";63
"2018-04-16 22:26:06";63
"2018-04-16 22:36:07";63
"2018-04-16 22:46:06";63
"2018-04-16 22:56:05";63
"2018-04-16 23:06:04";63
"2018-04-16 23:16:04";63
"2018-04-16 23:26:05";67
"2018-04-16 23:36:08";67
"2018-04-16 23:46:07";67
"2018-04-16 23:56:05";64
"2018-04-17 00:06:07";64
"2018-04-17 00:16:07";65
"2018-04-17 00:26:07";65
"2018-04-17 00:36:05";65
"2018-04-17 00:46:07";65
"2018-04-17 00:56:10";62
"2018-04-17 01:06:13";62
"2018-04-17 01:16:07";62
"2018-04-17 01:26:04";62
"2018-04-17 01:36:05";62
"2018-04-17 01:46:05";62
"2018-04-17 01:56:05";63
"2018-04-17 02:06:05";63
"2018-04-17 02:16:17";63
"2018-04-17 02:26:05";62
"2018-04-17 02:36:05";62
"2018-04-17 02:46:05";62
"2018-04-17 02:56:04";61
"2018-04-17 03:06:05";61
"2018-04-17 03:16:04";64
"2018-04-17 03:26:05";64
"2018-04-17 03:36:05";64
"2018-04-17 03:46:05";63
"2018-04-17 03:56:04";63
"2018-04-17 04:06:04";63
"2018-04-17 04:26:04";62
"2018-04-17 04:36:05";62
"2018-04-17 04:46:04";62
"2018-04-17 04:56:05";62
"2018-04-17 05:06:04";62
"2018-04-17 05:16:05";60
"2018-04-17 05:26:05";60
"2018-04-17 05:36:05";60
"2018-04-17 05:46:05";62
"2018-04-17 05:56:05";62
"2018-04-17 06:06:05";62
"2018-04-17 06:16:05";61
"2018-04-17 06:26:05";61
"2018-04-17 06:36:05";61
"2018-04-17 06:46:05";61
"2018-04-17 06:56:05";61
"2018-04-17 07:06:04";61
"2018-04-17 07:16:05";61
"2018-04-17 07:26:05";62
"2018-04-17 07:36:05";62
"2018-04-17 07:46:04";62
"2018-04-17 07:56:18";62
"2018-04-17 08:06:05";62
"2018-04-17 08:16:05";62
"2018-04-17 08:26:05";62
"2018-04-17 08:36:05";62
"2018-04-17 08:46:04";62
"2018-04-17 08:56:04";62
"2018-04-17 09:06:05";62
"2018-04-17 09:16:05";61
"2018-04-17 09:26:05";61
"2018-04-17 09:36:05";61
"2018-04-17 09:46:05";61
"2018-04-17 09:56:05";62
"2018-04-17 10:06:05";62
"2018-04-17 10:16:05";63
"2018-04-17 10:26:05";63
"2018-04-17 10:36:05";63
"2018-04-17 10:46:05";58
"2018-04-17 10:56:10";58
"2018-04-17 11:06:05";58
"2018-04-17 11:16:04";60
"2018-04-17 11:26:04";60
"2018-04-17 11:36:05";60
"2018-04-17 11:46:05";56
"2018-04-17 11:56:05";56
"2018-04-17 12:06:04";56
"2018-04-17 12:16:05";56
"2018-04-17 12:26:05";56
"2018-04-17 12:36:05";56
"2018-04-17 12:46:05";56
"2018-04-17 12:56:04";58
"2018-04-17 13:06:05";58
"2018-04-17 13:16:04";58
"2018-04-17 13:26:05";60
"2018-04-17 13:36:04";60
"2018-04-17 13:46:05";60
"2018-04-17 14:06:04";58
"2018-04-17 14:16:05";58
"2018-04-17 14:26:05";58
"2018-04-17 14:36:05";58
"2018-04-17 14:46:05";58
"2018-04-17 14:56:05";58
"2018-04-17 15:06:05";58
"2018-04-17 15:16:05";58
"2018-04-17 15:26:05";58
"2018-04-17 15:36:04";58
"2018-04-17 15:46:05";58
"2018-04-17 15:56:05";61
"2018-04-17 16:06:05";61
"2018-04-17 16:16:04";63
"2018-04-17 16:26:05";63
"2018-04-17 16:36:04";63
"2018-04-17 16:46:05";63
"2018-04-17 16:56:09";65
"2018-04-17 17:06:05";65
"2018-04-17 17:16:05";65
"2018-04-17 17:26:05";69
"2018-04-17 17:36:05";69
"2018-04-17 17:46:05";69
"2018-04-17 17:56:05";70
"2018-04-17 18:06:05";70
"2018-04-17 18:16:05";71
"2018-04-17 18:26:04";71
"2018-04-17 18:36:05";71
"2018-04-17 18:46:05";71
"2018-04-17 18:56:13";73
"2018-04-17 19:06:05";73
"2018-04-17 19:16:05";73
"2018-04-17 19:26:05";73
"2018-04-17 19:36:05";73
"2018-04-17 19:46:04";73
"2018-04-17 19:56:05";76
"2018-04-17 20:06:05";76
"2018-04-17 20:16:04";76
"2018-04-17 20:26:05";76
"2018-04-17 20:36:05";76
"2018-04-17 20:46:05";76
"2018-04-17 20:56:05";79
"2018-04-17 21:06:06";79
"2018-04-17 21:16:05";79
"2018-04-17 21:26:04";77
"2018-04-17 21:36:04";77
"2018-04-17 21:46:05";77
"2018-04-17 21:56:05";77
"2018-04-17 22:06:07";77
"2018-04-17 22:16:09";75
"2018-04-17 22:26:08";75
"2018-04-17 22:36:07";75
"2018-04-17 22:46:07";76
"2018-04-17 22:56:05";76
"2018-04-17 23:06:05";76
"2018-04-17 23:16:04";76
"2018-04-17 23:26:05";77
"2018-04-17 23:36:07";77
"2018-04-17 23:46:06";77
"2018-04-18 00:06:07";76
"2018-04-18 00:16:06";76
"2018-04-18 00:26:07";74
"2018-04-18 00:36:05";74
"2018-04-18 00:46:06";75
"2018-04-18 00:56:05";75
"2018-04-18 01:06:13";75
"2018-04-18 01:16:07";75
"2018-04-18 01:26:05";76
"2018-04-18 01:36:05";76
"2018-04-18 01:46:05";75
"2018-04-18 01:56:05";75
"2018-04-18 02:06:05";75
"2018-04-18 02:16:18";75
"2018-04-18 02:26:05";75
"2018-04-18 02:36:05";75
"2018-04-18 02:46:05";75
"2018-04-18 02:56:05";76
"2018-04-18 03:06:05";76
"2018-04-18 03:16:05";76
"2018-04-18 03:26:05";75
"2018-04-18 03:36:05";75
"2018-04-18 03:46:05";75
"2018-04-18 03:56:05";74
"2018-04-18 04:06:05";74
"2018-04-18 04:16:05";74
"2018-04-18 04:26:04";74
"2018-04-18 04:36:04";74
"2018-04-18 04:46:04";74
"2018-04-18 04:56:04";73
"2018-04-18 05:06:05";73
"2018-04-18 05:16:05";73
"2018-04-18 05:26:05";75
"2018-04-18 05:36:04";75
"2018-04-18 05:46:05";71
"2018-04-18 05:56:04";71
"2018-04-18 06:06:04";71
"2018-04-18 06:16:05";71
"2018-04-18 06:26:04";72
"2018-04-18 06:36:04";72
"2018-04-18 06:46:05";72
"2018-04-18 06:56:04";71
"2018-04-18 07:06:05";71
"2018-04-18 07:16:04";71
"2018-04-18 07:26:05";69
"2018-04-18 07:36:05";69
"2018-04-18 07:46:04";70
"2018-04-18 07:56:06";70
"2018-04-18 08:06:04";70
"2018-04-18 08:16:05";69
"2018-04-18 08:26:05";69
"2018-04-18 08:36:05";69
"2018-04-18 08:46:05";71
"2018-04-18 08:56:05";71
"2018-04-18 09:06:05";71
"2018-04-18 09:16:05";71
"2018-04-18 09:36:05";70
"2018-04-18 09:46:05";70
"2018-04-18 09:56:05";71
"2018-04-18 10:06:05";71
"2018-04-18 10:16:04";71
"2018-04-18 10:26:04";71
"2018-04-18 10:36:05";71
"2018-04-18 10:46:05";67
"2018-04-18 10:56:04";67
"2018-04-18 11:06:04";67
"2018-04-18 11:16:05";67
"2018-04-18 11:26:04";64
"2018-04-18 11:36:05";64
"2018-04-18 11:46:05";64
"2018-04-18 11:56:05";69
"2018-04-18 12:06:05";69
"2018-04-18 12:16:05";68
"2018-04-18 12:26:04";68
"2018-04-18 12:36:04";68
"2018-04-18 12:46:04";68
"2018-04-18 12:56:05";65
"2018-04-18 13:06:04";65
"2018-04-18 13:16:04";67
"2018-04-18 13:26:05";67
"2018-04-18 13:36:04";67
"2018-04-18 13:46:05";67
"2018-04-18 13:56:05";67
"2018-04-18 14:06:05";67
"2018-04-18 14:16:04";67
"2018-04-18 14:26:05";69
"2018-04-18 14:36:05";69
"2018-04-18 14:46:05";69
"2018-04-18 14:56:05";68
"2018-04-18 15:06:05";68
"2018-04-18 15:16:05";68
"2018-04-18 15:26:05";70
"2018-04-18 15:36:05";70
"2018-04-18 15:46:05";70
"2018-04-18 15:56:05";71
"2018-04-18 16:06:05";71
"2018-04-18 16:16:05";74
"2018-04-18 16:26:05";74
"2018-04-18 16:36:05";74
"2018-04-18 16:46:05";74
"2018-04-18 16:56:05";73
"2018-04-18 17:06:04";73
"2018-04-18 17:16:05";74
"2018-04-18 17:26:05";74
"2018-04-18 17:36:04";74
"2018-04-18 17:46:05";78
"2018-04-18 17:56:10";78
"2018-04-18 18:06:05";78
"2018-04-18 18:16:05";77
"2018-04-18 18:26:05";77
"2018-04-18 18:36:04";77
"2018-04-18 18:46:05";77
"2018-04-18 19:06:05";80
"2018-04-18 19:16:04";78
"2018-04-18 19:26:05";78
"2018-04-18 19:36:05";78
"2018-04-18 19:46:05";77
"2018-04-18 19:56:05";77
"2018-04-18 20:06:05";77
"2018-04-18 20:16:05";82
"2018-04-18 20:26:05";82
"2018-04-18 20:36:05";82
"2018-04-18 20:46:05";83
"2018-04-18 20:56:05";83
"2018-04-18 21:06:05";83
"2018-04-18 21:16:05";83
"2018-04-18 21:26:05";85
"2018-04-18 21:36:05";85
"2018-04-18 21:46:05";85
"2018-04-18 21:56:05";81
"2018-04-18 22:06:07";81
"2018-04-18 22:16:08";81
"2018-04-18 22:26:07";83
"2018-04-18 22:36:07";83
"2018-04-18 22:46:06";83
"2018-04-18 22:56:05";83
"2018-04-18 23:06:05";83
"2018-04-18 23:16:05";85
"2018-04-18 23:26:05";85
"2018-04-18 23:36:08";85
"2018-04-18 23:46:06";83
"2018-04-18 23:56:06";83
"2018-04-19 00:06:08";83
"2018-04-19 00:16:07";83
"2018-04-19 00:26:08";84
"2018-04-19 00:36:05";84
"2018-04-19 00:46:06";82
"2018-04-19 00:56:15";82
"2018-04-19 01:06:15";82
"2018-04-19 01:16:07";86
"2018-04-19 01:26:07";86
"2018-04-19 01:36:05";86
"2018-04-19 01:46:05";86
"2018-04-19 01:56:10";83
"2018-04-19 02:06:05";83
"2018-04-19 02:16:20";83
"2018-04-19 02:26:05";83
"2018-04-19 02:36:05";83
"2018-04-19 02:46:05";83
"2018-04-19 02:56:04";83
"2018-04-19 03:06:05";83
"2018-04-19 03:26:04";81
"2018-04-19 03:36:05";81
"2018-04-19 03:46:05";81
"2018-04-19 03:56:05";81
"2018-04-19 04:06:05";81
"2018-04-19 04:16:05";81
"2018-04-19 04:26:05";80
"2018-04-19 04:36:04";80
"2018-04-19 04:46:05";81
"2018-04-19 04:56:15";81
"2018-04-19 05:06:05";81
"2018-04-19 05:16:04";80
"2018-04-19 05:26:05";80
"2018-04-19 05:36:05";80
"2018-04-19 05:46:05";80
"2018-04-19 05:56:05";79
"2018-04-19 06:06:05";79
"2018-04-19 06:16:05";80
"2018-04-19 06:26:04";80
"2018-04-19 06:36:05";80
"2018-04-19 06:46:05";77
"2018-04-19 06:56:05";77
"2018-04-19 07:06:04";77
"2018-04-19 07:16:04";77
"2018-04-19 07:26:05";76
"2018-04-19 07:36:05";76
"2018-04-19 07:46:05";76
"2018-04-19 07:56:11";78
"2018-04-19 08:06:05";78
"2018-04-19 08:16:05";79
"2018-04-19 08:26:05";79
"2018-04-19 08:36:05";79
"2018-04-19 08:46:05";77
"2018-04-19 08:56:04";77
"2018-04-19 09:06:05";77
"2018-04-19 09:16:05";77
"2018-04-19 09:26:05";77
"2018-04-19 09:36:04";77
"2018-04-19 09:46:04";76
"2018-04-19 09:56:04";76
"2018-04-19 10:06:04";76
"2018-04-19 10:16:04";76
"2018-04-19 10:26:04";80
"2018-04-19 10:36:04";80
"2018-04-19 10:46:05";80
"2018-04-19 10:56:10";73
"2018-04-19 11:06:04";73
"2018-04-19 11:16:05";73
"2018-04-19 11:26:05";72
"2018-04-19 11:36:04";72
"2018-04-19 11:46:05";68
"2018-04-19 11:56:05";68
"2018-04-19 12:06:05";68
"2018-04-19 12:26:05";72
"2018-04-19 12:36:05";72
"2018-04-19 12:46:04";72
"2018-04-19 12:56:05";74
"2018-04-19 13:06:05";74
"2018-04-19 13:16:05";74
"2018-04-19 13:26:05";73
"2018-04-19 13:36:05";73
"2018-04-19 13:46:05";73
"2018-04-19 13:56:05";75
"2018-04-19 14:06:04";75
"2018-04-19 14:16:05";72
"2018-04-19 14:26:05";72
"2018-04-19 14:36:05";72
"2018-04-19 14:46:04";72
"2018-04-19 14:56:15";73
"2018-04-19 15:06:04";73
"2018-04-19 15:16:04";73
"2018-04-19 15:26:05";75
"2018-04-19 15:36:04";75
"2018-04-19 15:46:05";75
"2018-04-19 15:56:15";74
"2018-04-19 16:06:05";74
"2018-04-19 16:16:05";75
"2018-04-19 16:26:05";75
"2018-04-19 16:36:05";75
"2018-04-19 16:46:05";79
"2018-04-19 16:56:05";79
"2018-04-19 17:06:05";79
"2018-04-19 17:16:04";79
"2018-04-19 17:26:04";81
"2018-04-19 17:36:04";81
"2018-04-19 17:46:05";81
"2018-04-19 17:56:05";79
"2018-04-19 18:06:04";79
"2018-04-19 18:16:05";79
"2018-04-19 18:26:04";79
"2018-04-19 18:36:05";79
"2018-04-19 18:46:05";79
"2018-04-19 18:56:05";83
"2018-04-19 19:06:05";83
"2018-04-19 19:16:05";83
"2018-04-19 19:26:05";85
"2018-04-19 19:36:05";85
"2018-04-19 19:46:05";85
"2018-04-19 19:56:05";86
"2018-04-19 20:16:05";86
"2018-04-19 20:26:05";84
"2018-04-19 20:36:05";84
"2018-04-19 20:46:05";85
"2018-04-19 20:56:15";85
"2018-04-19 21:06:06";85
"2018-04-19 21:16:05";85
"2018-04-19 21:26:05";88
"2018-04-19 21:36:05";88
"2018-04-19 21:46:04";88
"2018-04-19 21:56:05";89
"2018-04-19 22:06:07";89
"2018-04-19 22:16:08";89
"2018-04-19 22:26:06";89
"2018-04-19 22:36:06";89
"2018-04-19 22:46:07";89
"2018-04-19 22:56:05";87
"2018-04-19 23:06:05";87
"2018-04-19 23:16:05";90
"2018-04-19 23:26:05";90
"2018-04-19 23:36:07";90
"2018-04-19 23:46:07";90
"2018-04-19 23:56:06";90
"2018-04-20 00:06:06";90
"2018-04-20 00:16:06";87
"2018-04-20 00:26:07";87
"2018-04-20 00:36:05";87
"2018-04-20 00:46:06";87
"2018-04-20 00:56:10";87
"2018-04-20 01:06:14";87
"2018-04-20 01:16:07";87
"2018-04-20 01:26:05";87
"2018-04-20 01:36:05";87
"2018-04-20 01:46:05";87
"2018-04-20 01:56:05";86
"2018-04-20 02:06:05";86
"2018-04-20 02:16:12";88
"2018-04-20 02:26:04";88
"2018-04-20 02:36:05";88
"2018-04-20 02:46:05";88
"2018-04-20 02:56:13";87
"2018-04-20 03:06:05";87
"2018-04-20 03:16:05";87
"2018-04-20 03:26:04";87
"2018-04-20 03:36:05";87
"2018-04-20 03:46:06";85
"2018-04-20 03:56:05";85
"2018-04-20 04:06:04";85
"2018-04-20 04:16:04";86
"2018-04-20 04:26:05";86
"2018-04-20 04:36:04";86
"2018-04-20 04:46:05";83
"2018-04-20 04:56:05";83
"2018-04-20 05:16:05";83
"2018-04-20 05:26:05";85
"2018-04-20 05:36:05";85
"2018-04-20 05:46:05";83
"2018-04-20 05:56:05";83
"2018-04-20 06:06:05";83
"2018-04-20 06:16:04";81
"2018-04-20 06:26:05";81
"2018-04-20 06:36:05";81
"2018-04-20 06:46:05";82
"2018-04-20 06:56:10";82
"2018-04-20 07:06:04";82
"2018-04-20 07:16:05";82
"2018-04-20 07:26:05";82
"2018-04-20 07:36:05";82
"2018-04-20 07:46:05";83
"2018-04-20 07:56:05";83
"2018-04-20 08:06:04";83
"2018-04-20 08:16:05";83
"2018-04-20 08:26:04";83
"2018-04-20 08:36:04";83
"2018-04-20 08:46:05";83
"2018-04-20 08:56:05";82
"2018-04-20 09:06:05";82
"2018-04-20 09:16:04";82
"2018-04-20 09:26:05";85
"2018-04-20 09:36:05";85
"2018-04-20 09:46:04";82
"2018-04-20 09:56:14";82
"2018-04-20 10:06:04";82
"2018-04-20 10:16:04";82
"2018-04-20 10:26:05";81
"2018-04-20 10:36:04";81
"2018-04-20 10:46:05";81
"2018-04-20 10:56:14";78
"2018-04-20 11:06:04";78
"2018-04-20 11:16:05";78
"2018-04-20 11:26:05";76
"2018-04-20 11:36:05";76
"2018-04-20 11:46:05";74
"2018-04-20 11:56:04";74
"2018-04-20 12:06:04";74
"2018-04-20 12:16:05";75
"2018-04-20 12:26:05";75
"2018-04-20 12:36:04";75
"2018-04-20 12:46:04";75
"2018-04-20 12:56:05";75
"2018-04-20 13:06:04";75
"2018-04-20 13:16:04";76
"2018-04-20 13:26:04";76
"2018-04-20 13:36:05";76
"2018-04-20 13:46:05";78
"2018-04-20 13:56:05";78
"2018-04-20 14:16:05";78
"2018-04-20 14:36:05";80
"2018-04-20 14:46:05";80
"2018-04-20 14:56:05";80
"2018-04-20 15:06:05";80
"2018-04-20 15:16:04";81
"2018-04-20 15:26:05";81
"2018-04-20 15:36:04";81
"2018-04-20 15:46:05";81
"2018-04-20 15:56:05";83
"2018-04-20 16:06:05";83
"2018-04-20 16:16:05";84
"2018-04-20 16:26:05";84
"2018-04-20 16:36:04";84
"2018-04-20 16:46:05";83
"2018-04-20 16:56:05";83
"2018-04-20 17:06:05";83
"2018-04-20 17:16:05";83
"2018-04-20 17:26:05";87
"2018-04-20 17:36:05";87
"2018-04-20 17:46:05";87
"2018-04-20 17:56:05";84
"2018-04-20 18:06:05";84
"2018-04-20 18:16:05";84
"2018-04-20 18:26:05";87
"2018-04-20 18:36:05";87
"2018-04-20 18:46:06";88
"2018-04-20 18:56:07";88
"2018-04-20 19:06:05";88
"2018-04-20 19:16:04";91
"2018-04-20 19:26:04";91
"2018-04-20 19:36:05";91
"2018-04-20 19:46:05";91
"2018-04-20 19:56:05";92
"2018-04-20 20:06:04";92
"2018-04-20 20:16:05";92
"2018-04-20 20:26:05";95
"2018-04-20 20:36:05";95
"2018-04-20 20:46:05";95
"2018-04-20 20:56:05";95
"2018-04-20 21:06:05";95
"2018-04-20 21:16:05";96
"2018-04-20 21:26:05";96
"2018-04-20 21:36:04";96
"2018-04-20 21:46:05";95
"2018-04-20 21:56:05";95
"2018-04-20 22:06:06";95
"2018-04-20 22:16:08";95
"2018-04-20 22:26:06";96
"2018-04-20 22:36:08";96
"2018-04-20 22:46:08";96
"2018-04-20 22:56:05";94
"2018-04-20 23:06:05";94
"2018-04-20 23:16:05";94
"2018-04-20 23:26:05";95
"2018-04-20 23:36:08";95
"2018-04-20 23:46:07";98
"2018-04-20 23:56:15";98
"2018-04-21 00:06:07";98
"2018-04-21 00:16:07";93
"2018-04-21 00:26:06";93
"2018-04-21 00:36:05";93
"2018-04-21 00:56:05";93
"2018-04-21 01:06:15";93
"2018-04-21 01:16:07";90
"2018-04-21 01:26:06";90
"2018-04-21 01:36:05";90
"2018-04-21 01:46:05";90
"2018-04-21 01:56:05";91
"2018-04-21 02:06:05";91
"2018-04-21 02:16:21";91
"2018-04-21 02:26:05";91
"2018-04-21 02:36:05";91
"2018-04-21 02:46:05";91
"2018-04-21 02:56:05";92
"2018-04-21 03:06:05";92
"2018-04-21 03:16:05";92
"2018-04-21 03:26:05";91
"2018-04-21 03:36:04";91
"2018-04-21 03:46:04";90
"2018-04-21 03:56:04";90
"2018-04-21 04:06:05";90
"2018-04-21 04:16:05";92
"2018-04-21 04:26:05";92
"2018-04-21 04:36:04";92
"2018-04-21 04:46:05";92
"2018-04-21 04:56:05";90
"2018-04-21 05:06:05";90
"2018-04-21 05:16:04";90
"2018-04-21 05:26:05";89
"2018-04-21 05:36:04";89
"2018-04-21 05:46:04";89
"2018-04-21 05:56:09";87
"2018-04-21 06:06:05";87
"2018-04-21 06:16:05";87
"2018-04-21 06:26:05";89
"2018-04-21 06:36:05";89
"2018-04-21 06:46:04";86
"2018-04-21 06:56:04";86
"2018-04-21 07:06:05";86
"2018-04-21 07:16:05";86
"2018-04-21 07:26:05";87
"2018-04-21 07:36:05";87
"2018-04-21 07:46:04";89
"2018-04-21 07:56:05";89
"2018-04-21 08:06:05";89
"2018-04-21 08:16:05";88
"2018-04-21 08:26:05";88
"2018-04-21 08:36:05";88
"2018-04-21 08:46:05";88
"2018-04-21 08:56:05";86
"2018-04-21 09:06:05";86
"2018-04-21 09:16:05";87
"2018-04-21 09:26:05";87
"2018-04-21 09:36:05";87
"2018-04-21 09:46:05";87
"2018-04-21 09:56:04";86
"2018-04-21 10:16:05";85
"2018-04-21 10:26:04";85
"2018-04-21 10:36:05";85
"2018-04-21 10:46:05";82
"2018-04-21 10:56:05";82
"2018-04-21 11:06:05";82
"2018-04-21 11:16:05";78
"2018-04-21 11:26:04";78
"2018-04-21 11:36:05";78
"2018-04-21 11:46:05";79
"2018-04-21 11:56:05";79
"2018-04-21 12:06:05";79
"2018-04-21 12:26:05";82
"2018-04-21 12:36:04";82
"2018-04-21 12:46:04";82
"2018-04-21 12:56:05";81
"2018-04-21 13:06:04";81
"2018-04-21 13:16:05";81
"2018-04-21 13:26:04";80
"2018-04-21 13:36:05";80
"2018-04-21 13:46:05";83
"2018-04-21 13:56:05";83
"2018-04-21 14:06:05";83
"2018-04-21 14:16:05";81
"2018-04-21 14:36:05";81
"2018-04-21 14:46:05";83
"2018-04-21 14:56:10";83
"2018-04-21 15:06:05";83
"2018-04-21 15:16:05";84
"2018-04-21 15:26:05";84
"2018-04-21 15:36:04";84
"2018-04-21 15:46:05";85
"2018-04-21 15:56:05";85
"2018-04-21 16:06:04";85
"2018-04-21 16:16:04";85
"2018-04-21 16:26:05";87
"2018-04-21 16:36:05";87
"2018-04-21 16:46:05";85
"2018-04-21 16:56:05";85
"2018-04-21 17:06:04";85
"2018-04-21 17:16:05";90
"2018-04-21 17:26:05";90
"2018-04-21 17:36:04";90
"2018-04-21 17:46:05";92
"2018-04-21 17:56:05";92
"2018-04-21 18:06:04";92
"2018-04-21 19:26:05";91
"2018-04-21 19:36:04";91
"2018-04-21 19:56:05";94
"2018-04-21 20:06:06";94
"2018-04-21 20:16:04";94
"2018-04-21 20:26:05";96
"2018-04-21 20:36:04";96
"2018-04-21 20:46:05";99
"2018-04-21 20:56:10";99
"2018-04-21 21:06:06";99
"2018-04-21 21:16:05";99
"2018-04-21 21:26:05";99
"2018-04-21 21:36:04";99
"2018-04-21 21:46:05";99
"2018-04-21 21:56:10";96
"2018-04-21 22:16:06";96
"2018-04-21 22:26:07";96
"2018-04-21 22:36:07";96
"2018-04-21 22:46:07";95
"2018-04-21 22:56:05";95
"2018-04-21 23:06:04";95
"2018-04-21 23:16:04";95
"2018-04-21 23:26:05";98
"2018-04-22 00:26:07";96
"2018-04-22 00:36:05";96
"2018-04-22 00:46:07";96
"2018-04-22 00:56:05";96
"2018-04-22 01:06:13";96
"2018-04-22 01:16:08";96
"2018-04-22 01:26:05";94
"2018-04-22 01:36:05";94
"2018-04-22 01:46:05";93
"2018-04-22 01:56:05";93
"2018-04-22 02:06:05";93
"2018-04-22 02:16:17";93
"2018-04-22 02:26:04";91
"2018-04-22 02:36:05";91
"2018-04-22 02:46:05";91
"2018-04-22 03:06:06";95
"2018-04-22 03:16:05";95
"2018-04-22 03:26:05";94
"2018-04-22 03:36:05";94
"2018-04-22 03:46:05";92
"2018-04-22 03:56:05";92
"2018-04-22 04:06:05";92
"2018-04-22 04:16:05";92
"2018-04-22 04:26:05";94
"2018-04-22 04:36:05";94
"2018-04-22 04:46:05";93
"2018-04-22 04:56:05";93
"2018-04-22 05:06:05";93
"2018-04-22 05:16:05";91
"2018-04-22 05:26:04";91
"2018-04-22 05:36:04";91
"2018-04-22 05:46:05";93
"2018-04-22 05:56:12";93
"2018-04-22 06:06:04";93
"2018-04-22 06:16:04";93
"2018-04-22 06:26:04";91
"2018-04-22 06:36:05";91
"2018-04-22 06:46:05";91
"2018-04-22 06:56:05";89
"2018-04-22 07:06:05";89
"2018-04-22 07:16:04";89
"2018-04-22 07:26:05";88
"2018-04-22 07:36:05";88
"2018-04-22 07:46:05";91
"2018-04-22 07:56:04";91
"2018-04-22 08:06:05";91
"2018-04-22 08:16:05";91
"2018-04-22 08:26:04";90
"2018-04-22 08:36:05";90
"2018-04-22 08:46:04";90
"2018-04-22 08:56:05";88
"2018-04-22 09:06:05";88
"2018-04-22 09:16:04";89
"2018-04-22 09:26:05";89
"2018-04-22 09:36:04";89
"2018-04-22 09:46:05";89
"2018-04-22 09:56:04";88
"2018-04-22 10:06:05";88
"2018-04-22 10:16:05";87
"2018-04-22 10:26:05";87
"2018-04-22 10:36:04";87
"2018-04-22 10:46:05";88
"2018-04-22 10:56:05";88
"2018-04-22 11:06:05";88
"2018-04-22 11:16:05";88
"2018-04-22 11:26:05";83
"2018-04-22 11:36:05";83
"2018-04-22 11:46:05";86
"2018-04-22 12:06:05";86
"2018-04-22 12:16:05";83
"2018-04-22 12:26:05";83
"2018-04-22 12:36:05";83
"2018-04-22 12:46:05";83
"2018-04-22 12:56:05";85
"2018-04-22 13:06:04";85
"2018-04-22 13:16:04";85
"2018-04-22 13:26:05";85
"2018-04-22 13:36:05";85
"2018-04-22 13:46:05";84
"2018-04-22 13:56:05";84
"2018-04-22 14:06:05";84
"2018-04-22 14:16:05";86
"2018-04-22 14:26:04";86
"2018-04-22 14:36:05";86
"2018-04-22 14:46:05";86
"2018-04-22 14:56:05";86
"2018-04-22 15:06:05";86
"2018-04-22 15:16:05";86
"2018-04-22 15:26:05";86
"2018-04-22 15:36:05";86
"2018-04-22 15:46:05";89
"2018-04-22 15:56:05";89
"2018-04-22 16:06:05";89
"2018-04-22 16:16:05";89
"2018-04-22 16:26:04";89
"2018-04-22 16:36:05";89
"2018-04-22 16:46:05";89
"2018-04-22 16:56:05";90
"2018-04-22 17:06:05";90
"2018-04-22 17:16:05";88
"2018-04-22 17:26:04";88
"2018-04-22 17:36:05";88
"2018-04-22 17:46:04";88
"2018-04-22 17:56:05";88
"2018-04-22 18:06:05";88
"2018-04-22 18:16:04";88
"2018-04-22 18:26:05";93
"2018-04-22 18:36:05";93
"2018-04-22 18:46:05";93
"2018-04-22 18:56:05";94
"2018-04-22 19:06:05";94
"2018-04-22 19:16:05";94
"2018-04-22 19:26:04";97
"2018-04-22 19:36:04";97
"2018-04-22 19:46:05";97
"2018-04-22 19:56:05";94
"2018-04-22 20:06:05";94
"2018-04-22 20:16:05";97
"2018-04-22 20:26:05";97
"2018-04-22 20:36:05";97
"2018-04-22 20:46:05";97
"2018-04-22 20:56:05";100
"2018-04-22 21:06:04";100
"2018-04-22 21:16:05";100
"2018-04-22 21:26:05";99
"2018-04-22 21:36:05";99
"2018-04-22 21:46:05";99
"2018-04-22 22:06:06";99
"2018-04-22 22:16:07";101
"2018-04-22 22:26:07";101
"2018-04-22 22:36:07";101
"2018-04-22 22:46:07";101
"2018-04-22 22:56:05";99
"2018-04-22 23:06:05";99
"2018-04-22 23:16:05";99
"2018-04-22 23:26:05";98
"2018-04-22 23:36:08";98
"2018-04-22 23:46:07";98
"2018-04-22 23:56:07";100
"2018-04-23 00:06:08";100
"2018-04-23 00:16:08";103
"2018-04-23 00:26:06";103
"2018-04-23 00:36:06";103
"2018-04-23 00:46:06";98
"2018-04-23 00:56:15";98
"2018-04-23 01:06:14";98
"2018-04-23 01:16:07";99
"2018-04-23 01:26:07";99
"2018-04-23 01:36:08";99
"2018-04-23 01:46:05";100
"2018-04-23 01:56:10";100
"2018-04-23 02:06:06";100
"2018-04-23 02:16:06";98
"2018-04-23 02:26:05";98
"2018-04-23 02:36:05";98
"2018-04-23 02:46:05";98
"2018-04-23 02:56:05";98
"2018-04-23 03:06:05";98
"2018-04-23 03:16:04";99
"2018-04-23 03:26:05";99
"2018-04-23 03:36:04";99
"2018-04-23 03:46:05";99
"2018-04-23 03:56:05";97
"2018-04-23 04:06:05";97
"2018-04-23 04:16:05";96
"2018-04-23 04:26:05";96
"2018-04-23 04:36:04";96
"2018-04-23 04:46:05";96
"2018-04-23 04:56:04";96
"2018-04-23 05:06:04";96
"2018-04-23 05:16:04";96
"2018-04-23 05:26:04";96
"2018-04-23 05:36:04";96
"2018-04-23 05:46:05";94
"2018-04-23 05:56:05";94
"2018-04-23 06:06:05";94
"2018-04-23 06:16:05";93
"2018-04-23 06:26:05";93
"2018-04-23 06:36:05";93
"2018-04-23 06:46:05";93
"2018-04-23 06:56:05";95
"2018-04-23 07:06:04";95
"2018-04-23 07:16:05";95
"2018-04-23 07:26:05";92
"2018-04-23 07:46:05";93
"2018-04-23 07:56:05";93
"2018-04-23 08:06:05";93
"2018-04-23 08:16:05";93
"2018-04-23 08:26:05";92
"2018-04-23 08:36:04";92
"2018-04-23 08:46:05";92
"2018-04-23 08:56:04";91
"2018-04-23 09:06:05";91
"2018-04-23 09:16:04";93
"2018-04-23 09:26:05";93
"2018-04-23 09:36:05";93
"2018-04-23 09:46:04";92
"2018-04-23 09:56:04";92
"2018-04-23 10:06:04";92
"2018-04-23 10:16:05";92
"2018-04-23 10:26:04";90
"2018-04-23 10:36:05";90
"2018-04-23 10:46:05";90
"2018-04-23 10:56:05";87
"2018-04-23 11:06:04";87
"2018-04-23 11:16:05";87
"2018-04-23 11:26:05";85
"2018-04-23 11:36:05";85
"2018-04-23 11:46:04";88
"2018-04-23 11:56:04";88
"2018-04-23 12:06:04";88
"2018-04-23 12:16:05";90
"2018-04-23 12:26:05";90
"2018-04-23 12:36:04";90
"2018-04-23 12:46:05";89
"2018-04-23 12:56:05";89
"2018-04-23 13:06:04";89
"2018-04-23 13:16:04";89
"2018-04-23 13:26:05";84
"2018-04-23 13:36:04";84
"2018-04-23 13:46:04";88
"2018-04-23 13:56:05";88
"2018-04-23 14:06:04";88
"2018-04-23 14:16:04";90
"2018-04-23 14:26:05";90
"2018-04-23 14:36:05";90
"2018-04-23 14:46:05";90
"2018-04-23 14:56:10";90
"2018-04-23 15:06:20";90
"2018-04-23 15:16:20";90
"2018-04-23 15:26:20";90
"2018-04-23 15:36:19";90
"2018-04-23 15:46:04";83
"2018-04-23 15:56:04";88
"2018-04-23 16:06:05";88
"2018-04-23 16:16:04";90
"2018-04-23 16:26:05";90
"2018-04-23 16:36:05";90
"2018-04-23 16:46:05";94
"2018-04-23 16:56:05";94
"2018-04-23 17:16:04";94
"2018-04-23 17:26:05";93
"2018-04-23 17:36:04";93
"2018-04-23 17:46:05";93
"2018-04-23 17:56:14";95
"2018-04-23 18:06:05";95
"2018-04-23 18:16:04";95
"2018-04-23 18:26:04";97
"2018-04-23 18:36:04";97
"2018-04-23 18:46:05";97
"2018-04-23 18:56:05";98
"2018-04-23 19:06:04";98
"2018-04-23 19:16:04";95
"2018-04-23 19:26:05";95
"2018-04-23 19:36:05";95
"2018-04-23 19:46:05";95
"2018-04-23 19:56:05";93
"2018-04-23 20:06:05";93
"2018-04-23 20:16:04";93
"2018-04-23 20:26:05";98
"2018-04-23 20:36:05";98
"2018-04-23 20:46:04";98
"2018-04-23 20:56:05";98
"2018-04-23 21:06:04";98
"2018-04-23 21:16:04";98
"2018-04-23 21:26:04";97
"2018-04-23 21:36:05";97
"2018-04-23 21:46:05";100
"2018-04-23 21:56:09";100
"2018-04-23 22:06:05";100
"2018-04-23 22:16:06";99
"2018-04-23 22:26:05";99
"2018-04-23 22:36:04";99
"2018-04-23 22:46:05";99
"2018-04-23 22:56:05";99
"2018-04-23 23:06:04";99
"2018-04-23 23:16:05";99
"2018-04-23 23:26:05";99
"2018-04-23 23:36:05";99
"2018-04-23 23:46:05";99
"2018-04-23 23:56:11";97
"2018-04-24 00:06:05";97
"2018-04-24 00:16:05";97
"2018-04-24 00:26:05";99
"2018-04-24 00:36:05";99
"2018-04-24 00:46:06";99
"2018-04-24 00:56:05";99
"2018-04-24 01:06:05";99
"2018-04-24 01:16:04";95
"2018-04-24 01:26:04";95
"2018-04-24 01:36:04";95
"2018-04-24 01:46:05";95
"2018-04-24 01:56:04";95
"2018-04-24 02:06:05";95
"2018-04-24 02:16:18";95
"2018-04-24 02:26:05";95
"2018-04-24 02:36:05";95
"2018-04-24 02:46:05";95
"2018-04-24 03:06:05";95
"2018-04-24 03:16:05";97
"2018-04-24 03:26:05";97
"2018-04-24 03:36:04";97
"2018-04-24 03:46:05";94
"2018-04-24 03:56:04";94
"2018-04-24 04:06:05";94
"2018-04-24 04:16:05";94
"2018-04-24 04:26:04";95
"2018-04-24 04:36:04";95
"2018-04-24 04:46:04";90
"2018-04-24 04:56:05";90
"2018-04-24 05:06:07";90
"2018-04-24 05:16:04";90
"2018-04-24 05:26:04";94
"2018-04-24 05:36:04";94
"2018-04-24 05:46:04";94
"2018-04-24 05:56:04";94
"2018-04-24 06:06:04";94
"2018-04-24 06:16:04";92
"2018-04-24 06:26:04";92
"2018-04-24 06:36:04";92
"2018-04-24 06:46:05";92
"2018-04-24 06:56:05";93
"2018-04-24 07:06:05";93
"2018-04-24 07:16:05";91
"2018-04-24 07:26:05";91
"2018-04-24 07:36:04";91
"2018-04-24 07:46:05";91
"2018-04-24 07:56:05";91
"2018-04-24 08:06:04";91
"2018-04-24 08:16:04";90
"2018-04-24 08:26:05";90
"2018-04-24 08:36:05";90
"2018-04-24 08:46:05";88
"2018-04-24 08:56:04";88
"2018-04-24 09:06:04";88
"2018-04-24 09:16:04";91
"2018-04-24 09:26:05";91
"2018-04-24 09:36:05";91
"2018-04-24 09:46:05";92
"2018-04-24 09:56:04";92
"2018-04-24 10:06:05";92
"2018-04-24 10:16:05";89
"2018-04-24 10:26:05";89
"2018-04-24 10:36:04";89
"2018-04-24 10:46:05";89
"2018-04-24 10:56:05";87
"2018-04-24 11:06:05";87
"2018-04-24 11:16:04";86
"2018-04-24 11:26:05";86
"2018-04-24 11:36:04";86
"2018-04-24 11:46:05";83
"2018-04-24 11:56:10";83
"2018-04-24 12:06:04";83
"2018-04-24 12:26:05";87
"2018-04-24 12:36:05";87
"2018-04-24 12:46:05";87
"2018-04-24 12:56:04";87
"2018-04-24 13:06:04";87
"2018-04-24 13:16:05";85
"2018-04-24 13:26:05";85
"2018-04-24 13:36:04";85
"2018-04-24 13:46:05";85
"2018-04-24 13:56:04";86
"2018-04-24 14:06:05";86
"2018-04-24 14:16:05";86
"2018-04-24 14:26:05";86
"2018-04-24 14:36:04";86
"2018-04-24 14:46:04";86
"2018-04-24 14:56:05";87
"2018-04-24 15:06:05";87
"2018-04-24 15:16:05";89
"2018-04-24 15:26:05";89
"2018-04-24 15:36:05";89
"2018-04-24 15:46:05";89
"2018-04-24 15:56:05";87
"2018-04-24 16:06:04";87
"2018-04-24 16:16:04";87
"2018-04-24 16:26:05";90
"2018-04-24 16:36:05";90
"2018-04-24 16:46:04";90
"2018-04-24 16:56:14";90
"2018-04-24 17:06:05";90
"2018-04-24 17:16:05";94
"2018-04-24 17:26:05";94
"2018-04-24 17:36:04";94
"2018-04-24 17:46:05";91
"2018-04-24 17:56:05";91
"2018-04-24 18:06:04";91
"2018-04-24 18:16:05";94
"2018-04-24 18:26:05";94
"2018-04-24 18:36:04";94
"2018-04-24 18:46:04";94
"2018-04-24 18:56:05";95
"2018-04-24 19:06:05";95
"2018-04-24 19:16:04";95
"2018-04-24 19:26:05";95
"2018-04-24 19:36:04";95
"2018-04-24 19:46:04";93
"2018-04-24 19:56:10";93
"2018-04-24 20:06:05";93
"2018-04-24 20:16:04";98
"2018-04-24 20:26:05";98
"2018-04-24 20:36:04";98
"2018-04-24 20:46:05";98
"2018-04-24 20:56:05";100
"2018-04-24 21:06:05";100
"2018-04-24 21:26:05";101
"2018-04-24 21:36:04";101
"2018-04-24 21:46:05";101
"2018-04-24 21:56:05";101
"2018-04-24 22:06:07";101
"2018-04-24 22:16:05";99
"2018-04-24 22:26:06";99
"2018-04-24 22:36:05";99
"2018-04-24 22:46:05";99
"2018-04-24 22:56:05";103
"2018-04-24 23:06:04";103
"2018-04-24 23:16:05";103
"2018-04-24 23:26:05";101
"2018-04-24 23:36:05";101
"2018-04-24 23:46:05";100
"2018-04-24 23:56:11";100
"2018-04-25 00:06:05";100
"2018-04-25 00:16:05";97
"2018-04-25 00:26:05";97
"2018-04-25 00:36:04";97
"2018-04-25 00:46:06";97
"2018-04-25 00:56:09";98
"2018-04-25 01:06:04";98
"2018-04-25 01:16:05";98
"2018-04-25 01:26:05";99
"2018-04-25 01:36:05";99
"2018-04-25 01:46:04";97
"2018-04-25 01:56:05";97
"2018-04-25 02:06:05";97
"2018-04-25 02:16:22";100
"2018-04-25 02:26:04";100
"2018-04-25 02:36:05";100
"2018-04-25 02:46:05";97
"2018-04-25 02:56:05";97
"2018-04-25 03:06:05";97
"2018-04-25 03:16:04";97
"2018-04-25 03:26:04";97
"2018-04-25 03:36:04";97
"2018-04-25 03:46:05";97
"2018-04-25 03:56:10";97
"2018-04-25 04:06:04";97
"2018-04-25 04:16:04";97
"2018-04-25 04:26:04";98
"2018-04-25 04:36:05";98
"2018-04-25 04:46:05";98
"2018-04-25 04:56:04";98
"2018-04-25 05:16:05";96
"2018-04-25 05:26:04";96
"2018-04-25 05:36:04";96
"2018-04-25 05:46:05";97
"2018-04-25 05:56:10";97
"2018-04-25 06:06:05";97
"2018-04-25 06:16:05";92
"2018-04-25 06:26:04";92
"2018-04-25 06:36:04";92
"2018-04-25 06:46:05";92
"2018-04-25 06:56:04";94
"2018-04-25 07:06:05";94
"2018-04-25 07:16:04";94
"2018-04-25 07:26:05";94
"2018-04-25 07:36:05";94
"2018-04-25 07:46:05";93
"2018-04-25 07:56:05";93
"2018-04-25 08:06:04";93
"2018-04-25 08:16:05";91
"2018-04-25 08:26:05";91
"2018-04-25 08:36:05";91
"2018-04-25 08:46:04";91
"2018-04-25 08:56:05";91
"2018-04-25 09:06:05";91
"2018-04-25 09:16:04";93
"2018-04-25 09:26:04";93
"2018-04-25 09:36:04";93
"2018-04-25 09:46:05";96
"2018-04-25 09:56:10";96
"2018-04-25 10:06:05";96
"2018-04-25 10:16:04";92
"2018-04-25 10:26:04";92
"2018-04-25 10:36:04";92
"2018-04-25 10:46:05";92
"2018-04-25 10:56:04";89
"2018-04-25 11:06:04";89
"2018-04-25 11:16:05";88
"2018-04-25 11:26:04";88
"2018-04-25 11:36:04";88
"2018-04-25 11:46:05";89
"2018-04-25 11:56:05";89
"2018-04-25 12:06:04";89
"2018-04-25 12:16:05";88
"2018-04-25 12:26:04";88
"2018-04-25 12:36:05";88
"2018-04-25 12:46:04";88
"2018-04-25 12:56:05";90
"2018-04-25 13:06:04";90
"2018-04-25 13:16:05";90
"2018-04-25 13:26:05";88
"2018-04-25 13:46:05";87
"2018-04-25 13:56:04";87
"2018-04-25 14:06:05";87
"2018-04-25 14:16:05";89
"2018-04-25 14:26:05";89
"2018-04-25 14:36:05";89
"2018-04-25 14:46:05";90
"2018-04-25 14:56:04";90
"2018-04-25 15:06:04";90
"2018-04-25 15:16:04";92
"2018-04-25 15:26:05";92
"2018-04-25 15:36:05";92
"2018-04-25 15:46:05";90
"2018-04-25 15:56:05";90
"2018-04-25 16:06:05";90
"2018-04-25 16:26:05";90
"2018-04-25 16:36:05";90
"2018-04-25 16:46:05";93
"2018-04-25 16:56:05";93
"2018-04-25 17:06:05";93
"2018-04-25 17:16:04";93
"2018-04-25 17:26:04";95
"2018-04-25 17:36:05";95
"2018-04-25 17:46:05";96
"2018-04-25 17:56:05";96
"2018-04-25 18:06:05";96
"2018-04-25 18:16:05";95
"2018-04-25 18:26:04";95
"2018-04-25 18:36:05";95
"2018-04-25 18:46:05";97
"2018-04-25 18:56:04";97
"2018-04-25 19:06:04";97
"2018-04-25 19:16:05";94
"2018-04-25 19:26:04";94
"2018-04-25 19:36:05";94
"2018-04-25 19:46:04";98
"2018-04-25 19:56:05";98
"2018-04-25 20:06:04";98
"2018-04-25 20:16:05";100
"2018-04-25 20:26:04";100
"2018-04-25 20:36:04";100
"2018-04-25 20:46:05";99
"2018-04-25 20:56:05";99
"2018-04-25 21:06:05";99
"2018-04-25 21:16:05";99
"2018-04-25 21:26:05";103
"2018-04-25 21:36:04";103
"2018-04-25 21:46:05";100
"2018-04-25 22:06:06";100
"2018-04-25 22:16:06";102
"2018-04-25 22:26:05";102
"2018-04-25 22:36:04";102
"2018-04-25 22:46:05";102
"2018-04-25 22:56:04";102
"2018-04-25 23:06:05";102
"2018-04-25 23:16:05";101
"2018-04-25 23:26:04";101
"2018-04-25 23:36:06";101
"2018-04-25 23:46:05";101
"2018-04-25 23:56:06";101
"2018-04-26 00:06:06";101
"2018-04-26 00:16:05";101
"2018-04-26 00:26:05";101
"2018-04-26 00:36:04";101
"2018-04-26 00:46:06";100
"2018-04-26 00:56:05";100
"2018-04-26 01:06:05";100
"2018-04-26 01:16:05";100
"2018-04-26 01:26:05";100
"2018-04-26 01:36:05";100
"2018-04-26 01:46:05";98
"2018-04-26 01:56:05";98
"2018-04-26 02:06:05";98
"2018-04-26 02:16:18";103
"2018-04-26 02:26:05";103
"2018-04-26 02:36:05";103
"2018-04-26 02:46:05";100
"2018-04-26 02:56:04";100
"2018-04-26 03:06:05";100
"2018-04-26 03:16:05";100
"2018-04-26 03:26:05";97
"2018-04-26 03:36:04";97
"2018-04-26 03:46:05";97
"2018-04-26 03:56:04";97
"2018-04-26 04:06:05";97
"2018-04-26 04:16:05";98
"2018-04-26 04:26:05";98
"2018-04-26 04:36:04";98
"2018-04-26 04:46:05";97
"2018-04-26 04:56:10";97
"2018-04-26 05:06:05";97
"2018-04-26 05:16:05";97
"2018-04-26 05:26:04";99
"2018-04-26 05:36:04";99
"2018-04-26 05:46:05";98
"2018-04-26 05:56:05";98
"2018-04-26 06:06:04";98
"2018-04-26 06:16:05";96
"2018-04-26 06:26:05";96
"2018-04-26 06:36:05";96
"2018-04-26 06:46:05";98
"2018-04-26 06:56:04";98
"2018-04-26 07:06:05";98
"2018-04-26 07:16:05";98
"2018-04-26 07:26:04";98
"2018-04-26 07:46:04";94
"2018-04-26 07:56:05";94
"2018-04-26 08:06:05";94
"2018-04-26 08:16:05";92
"2018-04-26 08:26:05";92
"2018-04-26 08:36:05";92
"2018-04-26 08:46:04";92
"2018-04-26 08:56:05";93
"2018-04-26 09:06:05";93
"2018-04-26 09:16:04";94
"2018-04-26 09:26:05";94
"2018-04-26 09:36:05";94
"2018-04-26 09:56:04";93
"2018-04-26 10:06:05";93
"2018-04-26 10:16:04";92
"2018-04-26 10:26:04";92
"2018-04-26 10:36:05";92
"2018-04-26 10:46:05";92
"2018-04-26 10:56:15";94
"2018-04-26 11:06:04";94
"2018-04-26 11:16:04";93
"2018-04-26 11:26:05";93
"2018-04-26 11:36:05";93
"2018-04-26 11:46:05";87
"2018-04-26 11:56:10";87
"2018-04-26 12:06:05";87
"2018-04-26 12:16:04";90
"2018-04-26 12:26:05";90
"2018-04-26 12:36:05";90
"2018-04-26 12:46:05";90
"2018-04-26 12:56:05";89
"2018-04-26 13:06:05";89
"2018-04-26 13:16:05";88
"2018-04-26 13:26:04";88
"2018-04-26 13:36:05";88
"2018-04-26 13:46:05";89
"2018-04-26 13:56:04";89
"2018-04-26 14:06:05";89
"2018-04-26 14:16:04";89
"2018-04-26 14:26:05";90
"2018-04-26 14:36:04";90
"2018-04-26 14:46:04";90
"2018-04-26 14:56:05";90
"2018-04-26 15:06:04";90
"2018-04-26 15:16:05";90
"2018-04-26 15:26:04";90
"2018-04-26 15:36:04";90
"2018-04-26 15:46:05";92
"2018-04-26 15:56:05";92
"2018-04-26 16:06:04";92
"2018-04-26 16:16:05";91
"2018-04-26 16:26:05";91
"2018-04-26 16:36:05";91
"2018-04-26 16:46:05";92
"2018-04-26 16:56:05";92
"2018-04-26 17:06:05";92
"2018-04-26 17:16:05";91
"2018-04-26 17:26:05";91
"2018-04-26 17:36:05";91
"2018-04-26 17:46:05";93
"2018-04-26 17:56:04";93
"2018-04-26 18:06:05";93
"2018-04-26 18:16:05";94
"2018-04-26 18:36:05";94
"2018-04-26 18:46:04";96
"2018-04-26 18:56:09";96
"2018-04-26 19:06:05";96
"2018-04-26 19:16:04";95
"2018-04-26 19:26:05";95
"2018-04-26 19:36:04";95
"2018-04-26 19:46:04";95
"2018-04-26 19:56:10";96
"2018-04-26 20:06:05";96
"2018-04-26 20:16:05";96
"2018-04-26 20:26:05";96
"2018-04-26 20:36:05";96
"2018-04-26 20:46:05";98
"2018-04-26 20:56:10";98
"2018-04-26 21:06:05";98
"2018-04-26 21:16:05";99
"2018-04-26 21:26:05";99
"2018-04-26 21:36:04";99
"2018-04-26 21:46:05";100
"2018-04-26 21:56:09";100
"2018-04-26 22:06:05";100
"2018-04-26 22:16:06";104
"2018-04-26 22:26:06";104
"2018-04-26 22:36:04";104
"2018-04-26 22:46:05";104
"2018-04-26 22:56:04";100
"2018-04-26 23:06:04";100
"2018-04-26 23:16:05";100
"2018-04-26 23:26:05";102
"2018-04-26 23:36:06";102
"2018-04-26 23:46:05";103
"2018-04-26 23:56:05";103
"2018-04-27 00:06:07";103
"2018-04-27 00:16:05";103
"2018-04-27 00:26:05";98
"2018-04-27 00:36:04";98
"2018-04-27 00:46:05";103
"2018-04-27 00:56:05";103
"2018-04-27 01:06:05";103
"2018-04-27 01:16:05";97
"2018-04-27 01:26:05";97
"2018-04-27 01:36:05";97
"2018-04-27 01:46:05";99
"2018-04-27 01:56:04";99
"2018-04-27 02:06:04";99
"2018-04-27 02:16:16";99
"2018-04-27 02:26:05";98
"2018-04-27 02:36:05";98
"2018-04-27 02:46:04";98
"2018-04-27 02:56:05";100
"2018-04-27 03:06:05";100
"2018-04-27 03:16:05";97
"2018-04-27 03:26:05";97
"2018-04-27 03:36:05";97
"2018-04-27 03:56:05";96
"2018-04-27 04:06:05";96
"2018-04-27 04:16:05";96
"2018-04-27 04:26:05";96
"2018-04-27 04:36:05";96
"2018-04-27 04:46:05";98
"2018-04-27 04:56:04";98
"2018-04-27 05:06:05";98
"2018-04-27 05:16:04";95
"2018-04-27 05:26:05";95
"2018-04-27 05:36:04";95
"2018-04-27 05:46:05";95
"2018-04-27 05:56:04";95
"2018-04-27 06:06:04";95
"2018-04-27 06:16:05";95
"2018-04-27 06:26:05";95
"2018-04-27 06:36:05";95
"2018-04-27 06:46:05";96
"2018-04-27 06:56:05";96
"2018-04-27 07:06:04";96
"2018-04-27 07:16:05";90
"2018-04-27 07:26:04";90
"2018-04-27 07:36:05";90
"2018-04-27 07:46:04";92
"2018-04-27 07:56:05";92
"2018-04-27 08:06:05";92
"2018-04-27 08:16:04";90
"2018-04-27 08:26:05";90
"2018-04-27 08:36:04";90
"2018-04-27 08:46:05";90
"2018-04-27 08:56:05";92
"2018-04-27 09:06:04";92
"2018-04-27 09:16:05";92
"2018-04-27 09:26:05";89
"2018-04-27 09:36:04";89
"2018-04-27 09:46:04";89
"2018-04-27 09:56:04";92
"2018-04-27 10:06:04";92
"2018-04-27 10:16:05";91
"2018-04-27 10:26:05";91
"2018-04-27 10:36:05";91
"2018-04-27 10:46:05";88
"2018-04-27 10:56:05";88
"2018-04-27 11:06:05";88
"2018-04-27 11:16:05";88
"2018-04-27 11:26:04";88
"2018-04-27 11:36:05";88
"2018-04-27 11:46:05";88
"2018-04-27 11:56:05";91
"2018-04-27 12:06:04";91
"2018-04-27 12:16:04";89
"2018-04-27 12:26:05";89
"2018-04-27 12:36:04";89
"2018-04-27 12:46:05";89
"2018-04-27 12:56:14";88
"2018-04-27 13:06:05";88
"2018-04-27 13:26:04";86
"2018-04-27 13:36:05";86
"2018-04-27 13:46:04";89
"2018-04-27 13:56:05";89
"2018-04-27 14:06:05";89
"2018-04-27 14:16:05";88
"2018-04-27 14:26:04";88
"2018-04-27 14:36:05";88
"2018-04-27 14:46:05";88
"2018-04-27 14:56:10";88
"2018-04-27 15:06:05";88
"2018-04-27 15:16:05";86
"2018-04-27 15:26:05";86
"2018-04-27 15:36:05";86
"2018-04-27 15:46:05";86
"2018-04-27 15:56:04";86
"2018-04-27 16:06:04";86
"2018-04-27 16:16:04";85
"2018-04-27 16:26:05";85
"2018-04-27 16:36:04";85
"2018-04-27 16:46:04";85
"2018-04-27 16:56:05";86
"2018-04-27 17:06:04";86
"2018-04-27 17:16:05";86
"2018-04-27 17:26:05";85
"2018-04-27 17:36:05";85
"2018-04-27 17:46:05";85
"2018-04-27 17:56:05";83
"2018-04-27 18:06:04";83
"2018-04-27 18:16:05";82
"2018-04-27 18:26:05";82
"2018-04-27 18:36:05";82
"2018-04-27 18:46:05";84
"2018-04-27 18:56:05";84
"2018-04-27 19:06:05";84
"2018-04-27 19:16:04";84
"2018-04-27 19:26:04";85
"2018-04-27 19:36:04";85
"2018-04-27 19:46:04";83
"2018-04-27 19:56:05";83
"2018-04-27 20:06:05";83
"2018-04-27 20:16:05";82
"2018-04-27 20:26:04";82
"2018-04-27 20:36:04";82
"2018-04-27 20:46:05";81
"2018-04-27 20:56:05";81
"2018-04-27 21:06:05";81
"2018-04-27 21:16:05";81
"2018-04-27 21:26:05";84
"2018-04-27 21:36:05";84
"2018-04-27 21:46:05";84
"2018-04-27 22:06:08";84
"2018-04-27 22:16:05";83
"2018-04-27 22:36:07";83
"2018-04-27 22:46:05";83
"2018-04-27 22:56:19";83
"2018-04-27 23:06:05";83
"2018-04-27 23:16:05";83
"2018-04-27 23:26:27";83
"2018-04-27 23:36:05";83
"2018-04-27 23:46:34";85
"2018-04-27 23:56:05";85
"2018-04-28 00:06:09";85
"2018-04-28 00:16:30";81
"2018-04-28 00:26:17";81
"2018-04-28 00:36:06";81
"2018-04-28 00:46:19";81
"2018-04-28 00:56:05";82
"2018-04-28 01:06:05";82
"2018-04-28 01:16:05";82
"2018-04-28 01:26:05";82
"2018-04-28 01:36:04";82
"2018-04-28 01:46:04";82
"2018-04-28 01:56:05";82
"2018-04-28 02:06:05";82
"2018-04-28 02:16:15";81
"2018-04-28 02:26:05";81
"2018-04-28 02:36:05";81
"2018-04-28 02:46:05";81
"2018-04-28 02:56:05";81
"2018-04-28 03:06:04";81
"2018-04-28 03:16:04";82
"2018-04-28 03:26:05";82
"2018-04-28 03:36:05";82
"2018-04-28 03:46:04";82
"2018-04-28 03:56:05";79
"2018-04-28 04:06:04";79
"2018-04-28 04:16:05";84
"2018-04-28 04:26:04";84
"2018-04-28 04:36:04";84
"2018-04-28 04:46:05";82
"2018-04-28 04:56:05";82
"2018-04-28 05:06:05";82
"2018-04-28 05:16:04";83
"2018-04-28 05:26:05";83
"2018-04-28 05:36:04";83
"2018-04-28 05:46:04";82
"2018-04-28 05:56:05";82
"2018-04-28 06:06:04";82
"2018-04-28 06:16:05";82
"2018-04-28 06:26:05";82
"2018-04-28 06:36:04";82
"2018-04-28 06:46:04";82
"2018-04-28 06:56:04";81
"2018-04-28 07:06:04";81
"2018-04-28 07:16:04";81
"2018-04-28 07:26:04";81
"2018-04-28 07:46:04";81
"2018-04-28 07:56:05";84
"2018-04-28 08:06:04";84
"2018-04-28 08:16:04";81
"2018-04-28 08:26:05";81
"2018-04-28 08:36:05";81
"2018-04-28 08:46:05";81
"2018-04-28 08:56:05";81
"2018-04-28 09:06:04";81
"2018-04-28 09:16:04";82
"2018-04-28 09:26:05";82
"2018-04-28 09:36:04";82
"2018-04-28 09:46:05";82
"2018-04-28 09:56:05";83
"2018-04-28 10:06:04";83
"2018-04-28 10:16:05";83
"2018-04-28 10:26:05";79
"2018-04-28 10:36:05";79
"2018-04-28 10:46:04";76
"2018-04-28 10:56:04";76
"2018-04-28 11:06:05";76
"2018-04-28 11:16:04";79
"2018-04-28 11:26:04";79
"2018-04-28 11:36:05";79
"2018-04-28 11:46:04";83
"2018-04-28 11:56:10";83
"2018-04-28 12:06:04";83
"2018-04-28 12:16:05";83
"2018-04-28 12:26:04";80
"2018-04-28 12:36:04";80
"2018-04-28 12:46:05";77
"2018-04-28 12:56:04";77
"2018-04-28 13:06:05";77
"2018-04-28 13:16:04";77
"2018-04-28 13:26:05";80
"2018-04-28 13:36:04";80
"2018-04-28 13:46:04";81
"2018-04-28 13:56:05";81
"2018-04-28 14:06:05";81
"2018-04-28 14:16:05";78
"2018-04-28 14:26:05";78
"2018-04-28 14:36:05";78
"2018-04-28 14:46:04";80
"2018-04-28 14:56:10";80
"2018-04-28 15:06:05";80
"2018-04-28 15:16:05";80
"2018-04-28 15:26:05";79
"2018-04-28 15:36:05";79
"2018-04-28 15:46:04";80
"2018-04-28 15:56:05";80
"2018-04-28 16:06:05";80
"2018-04-28 16:16:05";81
"2018-04-28 16:26:05";81
"2018-04-28 16:36:05";81
"2018-04-28 16:46:05";81
"2018-04-28 17:06:05";81
"2018-04-28 17:16:05";80
"2018-04-28 17:26:05";80
"2018-04-28 17:36:04";80
"2018-04-28 17:46:05";80
"2018-04-28 17:56:04";80
"2018-04-28 18:06:04";80
"2018-04-28 18:16:04";84
"2018-04-28 18:26:05";84
"2018-04-28 18:36:04";84
"2018-04-28 18:46:04";83
"2018-04-28 18:56:05";83
"2018-04-28 19:06:04";83
"2018-04-28 19:16:05";83
"2018-04-28 19:26:05";83
"2018-04-28 19:36:04";83
"2018-04-28 19:46:04";82
"2018-04-28 19:56:10";82
"2018-04-28 20:06:04";82
"2018-04-28 20:16:05";82
"2018-04-28 20:26:04";82
"2018-04-28 20:36:05";82
"2018-04-28 20:46:04";82
"2018-04-28 20:56:05";87
"2018-04-28 21:06:05";87
"2018-04-28 21:16:05";86
"2018-04-28 21:26:05";86
"2018-04-28 21:36:05";86
"2018-04-28 21:46:05";85
"2018-04-28 21:56:13";85
"2018-04-28 22:06:05";85
"2018-04-28 22:16:06";87
"2018-04-28 22:26:05";87
"2018-04-28 22:36:06";87
"2018-04-28 22:46:04";88
"2018-04-28 22:56:10";88
"2018-04-28 23:06:04";88
"2018-04-28 23:16:04";90
"2018-04-28 23:26:05";90
"2018-04-29 00:36:05";90
"2018-04-29 00:46:05";90
"2018-04-29 00:56:11";90
"2018-04-29 01:06:05";90
"2018-04-29 01:16:05";89
"2018-04-29 01:26:04";89
"2018-04-29 01:36:05";89
"2018-04-29 01:46:05";90
"2018-04-29 01:56:05";90
"2018-04-29 02:06:04";90
"2018-04-29 02:16:15";91
"2018-04-29 02:26:05";91
"2018-04-29 02:46:05";91
"2018-04-29 02:56:05";93
"2018-04-29 03:06:05";93
"2018-04-29 03:16:04";93
"2018-04-29 03:26:05";95
"2018-04-29 03:36:04";95
"2018-04-29 03:46:05";99
"2018-04-29 03:56:04";99
"2018-04-29 04:06:05";99
"2018-04-29 04:16:05";97
"2018-04-29 04:26:05";97
"2018-04-29 04:36:04";97
"2018-04-29 04:46:04";97
"2018-04-29 04:56:04";100
"2018-04-29 05:06:05";100
"2018-04-29 05:16:05";100
"2018-04-29 05:26:04";99
"2018-04-29 05:36:05";99
"2018-04-29 05:46:05";99
"2018-04-29 05:56:04";104
"2018-04-29 06:06:05";104
"2018-04-29 06:16:04";104
"2018-04-29 06:26:05";98
"2018-04-29 06:36:05";98
"2018-04-29 06:46:04";98
"2018-04-29 06:56:05";102
"2018-04-29 07:06:04";102
"2018-04-29 07:16:04";108
"2018-04-29 07:26:05";108
"2018-04-29 07:36:05";108
"2018-04-29 07:46:04";108
"2018-04-29 07:56:05";108
"2018-04-29 08:06:04";108
"2018-04-29 08:16:05";111
"2018-04-29 08:26:05";111
"2018-04-29 08:36:04";111
"2018-04-29 08:46:04";111
"2018-04-29 08:56:05";109
"2018-04-29 09:06:05";109
"2018-04-29 09:16:04";111
"2018-04-29 09:26:05";111
"2018-04-29 09:36:04";111
"2018-04-29 09:46:04";111
"2018-04-29 09:56:04";111
"2018-04-29 10:06:04";111
"2018-04-29 10:16:04";112
"2018-04-29 10:26:05";112
"2018-04-29 10:36:04";112
"2018-04-29 10:46:04";113
"2018-04-29 10:56:05";113
"2018-04-29 11:06:04";113
"2018-04-29 11:16:04";113
"2018-04-29 11:26:05";109
"2018-04-29 11:36:05";109
"2018-04-29 11:46:04";112
"2018-04-29 11:56:10";112
"2018-04-29 12:16:04";109
"2018-04-29 12:26:05";109
"2018-04-29 12:36:04";109
"2018-04-29 12:46:05";109
"2018-04-29 12:56:05";111
"2018-04-29 13:06:05";111
"2018-04-29 13:16:05";111
"2018-04-29 13:26:05";112
"2018-04-29 13:36:04";112
"2018-04-29 13:46:05";109
"2018-04-29 13:56:05";109
"2018-04-29 14:06:05";109
"2018-04-29 14:16:04";105
"2018-04-29 14:26:04";105
"2018-04-29 14:36:04";105
"2018-04-29 14:46:04";109
"2018-04-29 14:56:05";109
"2018-04-29 15:06:04";109
"2018-04-29 15:16:04";109
"2018-04-29 15:26:05";104
"2018-04-29 15:36:04";104
"2018-04-29 15:46:04";105
"2018-04-29 15:56:05";105
"2018-04-29 16:06:05";105
"2018-04-29 16:16:04";105
"2018-04-29 16:26:04";107
"2018-04-29 16:36:05";107
"2018-04-29 16:46:05";107
"2018-04-29 16:56:05";107
"2018-04-29 17:06:05";107
"2018-04-29 17:16:05";107
"2018-04-29 17:26:05";107
"2018-04-29 17:36:04";107
"2018-04-29 17:46:04";107
"2018-04-29 17:56:05";110
"2018-04-29 18:06:05";110
"2018-04-29 18:16:05";114
"2018-04-29 18:26:05";114
"2018-04-29 18:36:04";114
"2018-04-29 18:46:05";114
"2018-04-29 18:56:05";114
"2018-04-29 19:06:05";114
"2018-04-29 19:16:04";116
"2018-04-29 19:26:05";116
"2018-04-29 19:36:04";116
"2018-04-29 19:46:05";116
"2018-04-29 19:56:04";116
"2018-04-29 20:06:04";116
"2018-04-29 20:16:05";119
"2018-04-29 20:26:04";119
"2018-04-29 20:36:04";119
"2018-04-29 20:46:04";114
"2018-04-29 20:56:05";114
"2018-04-29 21:06:05";114
"2018-04-29 21:16:05";122
"2018-04-29 21:36:04";122
"2018-04-29 21:46:04";122
"2018-04-29 21:56:05";115
"2018-04-29 22:06:08";115
"2018-04-29 22:16:06";115
"2018-04-29 22:26:06";115
"2018-04-29 22:36:05";115
"2018-04-29 22:46:04";116
"2018-04-29 22:56:05";116
"2018-04-29 23:06:05";116
"2018-04-29 23:16:05";116
"2018-04-29 23:26:05";116
"2018-04-29 23:36:06";116
"2018-04-29 23:46:05";116
"2018-04-29 23:56:15";120
"2018-04-30 00:06:05";120
"2018-04-30 00:16:05";120
"2018-04-30 00:26:05";121
"2018-04-30 00:36:06";121
"2018-04-30 00:46:06";121
"2018-04-30 00:56:10";125
"2018-04-30 01:06:06";125
"2018-04-30 01:16:05";130
"2018-04-30 01:26:06";130
"2018-04-30 01:36:04";130
"2018-04-30 01:46:05";130
"2018-04-30 01:56:05";134
"2018-04-30 02:06:04";134
"2018-04-30 02:16:14";134
"2018-04-30 02:26:05";134
"2018-04-30 02:36:05";134
"2018-04-30 02:46:05";134
"2018-04-30 02:56:05";143
"2018-04-30 03:06:05";143
"2018-04-30 03:16:04";140
"2018-04-30 03:26:04";140
"2018-04-30 03:36:04";140
"2018-04-30 03:46:04";136
"2018-04-30 03:56:04";136
"2018-04-30 04:06:05";136
"2018-04-30 04:16:05";134
"2018-04-30 04:26:05";134
"2018-04-30 04:36:05";134
"2018-04-30 04:46:05";134
"2018-04-30 04:56:05";134
"2018-04-30 05:06:05";134
"2018-04-30 05:16:04";133
"2018-04-30 05:26:05";133
"2018-04-30 05:36:04";133
"2018-04-30 05:46:04";132
"2018-04-30 05:56:04";132
"2018-04-30 06:06:04";132
"2018-04-30 06:16:04";131
"2018-04-30 06:26:04";131
"2018-04-30 06:36:04";131
"2018-04-30 06:46:05";131
"2018-04-30 06:56:09";128
"2018-04-30 07:16:05";126
"2018-04-30 07:26:04";126
"2018-04-30 07:36:05";126
"2018-04-30 07:46:04";126
"2018-04-30 07:56:05";122
"2018-04-30 08:06:04";122
"2018-04-30 08:16:05";125
"2018-04-30 08:26:04";125
"2018-04-30 08:36:05";125
"2018-04-30 08:46:05";125
"2018-04-30 08:56:05";123
"2018-04-30 09:06:05";123
"2018-04-30 09:16:04";124
"2018-04-30 09:26:04";124
"2018-04-30 09:36:04";124
"2018-04-30 09:46:05";124
"2018-04-30 09:56:04";121
"2018-04-30 10:06:04";121
"2018-04-30 10:16:05";113
"2018-04-30 10:26:05";113
"2018-04-30 10:36:04";113
"2018-04-30 10:46:05";117
"2018-04-30 10:56:14";117
"2018-04-30 11:06:04";117
"2018-04-30 11:16:04";117
"2018-04-30 11:26:04";113
"2018-04-30 11:36:04";113
"2018-04-30 11:46:05";113
"2018-04-30 11:56:14";115
"2018-04-30 12:06:05";115
"2018-04-30 12:16:05";115
"2018-04-30 12:26:05";112
"2018-04-30 12:36:04";112
"2018-04-30 12:46:05";112
"2018-04-30 12:56:05";109
"2018-04-30 13:06:04";109
"2018-04-30 13:16:05";111
"2018-04-30 13:26:05";111
"2018-04-30 13:36:05";111
"2018-04-30 13:46:05";105
"2018-04-30 13:56:04";105
"2018-04-30 14:06:05";105
"2018-04-30 14:16:04";112
"2018-04-30 14:26:04";112
"2018-04-30 14:36:05";112
"2018-04-30 14:46:05";104
"2018-04-30 14:56:10";104
"2018-04-30 15:06:04";104
"2018-04-30 15:16:05";108
"2018-04-30 15:26:05";108
"2018-04-30 15:36:04";108
"2018-04-30 15:46:05";110
"2018-04-30 15:56:04";110
"2018-04-30 16:06:05";110
"2018-04-30 16:16:04";108
"2018-04-30 16:26:04";108
"2018-04-30 16:46:04";105
"2018-04-30 16:56:12";105
"2018-04-30 17:06:05";105
"2018-04-30 17:16:05";105
"2018-04-30 17:26:05";102
"2018-04-30 17:36:04";102
"2018-04-30 17:46:05";103
"2018-04-30 17:56:05";103
"2018-04-30 18:06:05";103
"2018-04-30 18:16:05";102
"2018-04-30 18:26:04";102
"2018-04-30 18:36:04";102
"2018-04-30 18:46:04";102
"2018-04-30 18:56:05";100
"2018-04-30 19:06:05";100
"2018-04-30 19:16:05";100
"2018-04-30 19:26:05";104
"2018-04-30 19:36:05";104
"2018-04-30 19:46:05";104
"2018-04-30 19:56:09";104
"2018-04-30 20:06:05";104
"2018-04-30 20:16:04";104
"2018-04-30 20:26:04";105
"2018-04-30 20:36:05";105
"2018-04-30 20:46:05";103
"2018-04-30 20:56:04";103
"2018-04-30 21:06:05";103
"2018-04-30 21:16:05";104
"2018-04-30 21:26:05";104
"2018-04-30 21:36:05";104
"2018-04-30 21:46:04";104
"2018-04-30 21:56:05";101
"2018-04-30 22:06:07";101
"2018-04-30 22:16:06";101
"2018-04-30 22:26:06";100
"2018-04-30 22:36:07";100
"2018-04-30 22:46:05";100
"2018-04-30 22:56:09";102
"2018-04-30 23:06:04";102
"2018-04-30 23:16:04";99
"2018-04-30 23:26:04";99
"2018-04-30 23:36:05";99
"2018-04-30 23:46:05";101
"2018-04-30 23:56:06";101
"2018-05-01 00:06:05";101
"2018-05-01 00:16:04";101
"2018-05-01 00:26:05";102
"2018-05-01 00:36:05";102
"2018-05-01 00:46:06";98
"2018-05-01 00:56:05";98
"2018-05-01 01:06:04";98
"2018-05-01 01:16:05";99
"2018-05-01 01:26:05";99
"2018-05-01 01:36:05";99
"2018-05-01 01:46:05";98
"2018-05-01 02:06:05";98
"2018-05-01 02:16:14";98
"2018-05-01 02:26:05";97
"2018-05-01 02:36:04";97
"2018-05-01 02:46:05";99
"2018-05-01 02:56:05";99
"2018-05-01 03:06:04";99
"2018-05-01 03:16:04";99
"2018-05-01 03:26:05";97
"2018-05-01 03:36:04";97
"2018-05-01 03:46:04";97
"2018-05-01 03:56:05";97
"2018-05-01 04:06:05";97
"2018-05-01 04:16:05";97
"2018-05-01 04:26:05";97
"2018-05-01 04:36:04";97
"2018-05-01 04:46:04";97
"2018-05-01 04:56:05";95
"2018-05-01 05:06:05";95
"2018-05-01 05:16:04";95
"2018-05-01 05:26:05";94
"2018-05-01 05:36:04";94
"2018-05-01 05:46:05";98
"2018-05-01 05:56:04";98
"2018-05-01 06:06:05";98
"2018-05-01 06:16:05";98
"2018-05-01 06:26:04";95
"2018-05-01 06:36:04";95
"2018-05-01 06:46:04";95
"2018-05-01 06:56:10";95
"2018-05-01 07:06:05";95
"2018-05-01 07:16:05";96
"2018-05-01 07:26:04";96
"2018-05-01 07:36:04";96
"2018-05-01 07:46:05";95
"2018-05-01 07:56:04";95
"2018-05-01 08:06:04";95
"2018-05-01 08:16:04";95
"2018-05-01 08:26:04";95
"2018-05-01 08:36:05";95
"2018-05-01 08:46:05";96
"2018-05-01 08:56:10";96
"2018-05-01 09:06:04";96
"2018-05-01 09:16:04";94
"2018-05-01 09:26:04";94
"2018-05-01 09:36:04";94
"2018-05-01 09:46:04";94
"2018-05-01 09:56:10";96
"2018-05-01 10:06:05";96
"2018-05-01 10:16:05";96
"2018-05-01 10:26:05";91
"2018-05-01 10:36:04";91
"2018-05-01 10:46:04";93
"2018-05-01 10:56:04";93
"2018-05-01 11:06:05";93
"2018-05-01 11:16:05";93
"2018-05-01 11:26:05";91
"2018-05-01 11:46:04";91
"2018-05-01 11:56:05";93
"2018-05-01 12:06:04";93
"2018-05-01 12:16:05";93
"2018-05-01 12:26:04";92
"2018-05-01 12:36:04";92
"2018-05-01 12:46:04";92
"2018-05-01 12:56:05";91
"2018-05-01 13:06:04";91
"2018-05-01 13:16:05";91
"2018-05-01 13:26:05";93
"2018-05-01 13:36:04";93
"2018-05-01 13:46:04";92
"2018-05-01 13:56:05";92
"2018-05-01 14:06:05";92
"2018-05-01 14:16:05";91
"2018-05-01 14:26:05";91
"2018-05-01 14:36:05";91
"2018-05-01 14:46:05";91
"2018-05-01 14:56:05";91
"2018-05-01 15:06:04";91
"2018-05-01 15:16:04";91
"2018-05-01 15:26:05";89
"2018-05-01 15:36:05";89
"2018-05-01 15:46:04";89
"2018-05-01 15:56:04";90
"2018-05-01 16:06:05";90
"2018-05-01 16:16:05";89
"2018-05-01 16:26:05";89
"2018-05-01 16:36:05";89
"2018-05-01 16:46:05";87
"2018-05-01 16:56:09";87
"2018-05-01 17:06:04";87
"2018-05-01 17:16:05";89
"2018-05-01 17:26:05";89
"2018-05-01 17:36:04";89
"2018-05-01 17:46:05";89
"2018-05-01 17:56:05";86
"2018-05-01 18:06:04";86
"2018-05-01 18:16:04";86
"2018-05-01 18:26:05";89
"2018-05-01 18:36:05";89
"2018-05-01 18:46:05";89
"2018-05-01 18:56:05";88
"2018-05-01 19:06:05";88
"2018-05-01 19:16:04";89
"2018-05-01 19:26:04";89
"2018-05-01 19:36:05";89
"2018-05-01 19:46:05";87
"2018-05-01 19:56:04";87
"2018-05-01 20:06:05";87
"2018-05-01 20:16:05";87
"2018-05-01 20:26:05";87
"2018-05-01 20:36:04";87
"2018-05-01 20:46:05";89
"2018-05-01 20:56:05";89
"2018-05-01 21:06:05";89
"2018-05-01 21:16:04";87
"2018-05-01 21:36:05";87
"2018-05-01 21:46:05";87
"2018-05-01 21:56:10";87
"2018-05-01 22:06:08";87
"2018-05-01 22:16:05";87
"2018-05-01 22:26:06";89
"2018-05-01 22:36:06";89
"2018-05-01 22:46:05";90
"2018-05-01 22:56:14";90
"2018-05-01 23:06:05";90
"2018-05-01 23:16:05";90
"2018-05-01 23:26:05";87
"2018-05-01 23:36:06";87
"2018-05-01 23:46:05";87
"2018-05-01 23:56:06";89
"2018-05-02 00:06:06";89
"2018-05-02 00:16:05";86
"2018-05-02 00:26:05";86
"2018-05-02 00:36:05";86
"2018-05-02 00:46:06";86
"2018-05-02 00:56:05";86
"2018-05-02 01:06:05";86
"2018-05-02 01:16:05";86
"2018-05-02 01:26:05";86
"2018-05-02 01:36:05";86
"2018-05-02 01:46:04";87
"2018-05-02 01:56:05";87
"2018-05-02 02:06:05";87
"2018-05-02 02:16:19";87
"2018-05-02 02:26:04";87
"2018-05-02 02:36:10";87
"2018-05-02 02:46:05";87
"2018-05-02 02:56:04";86
"2018-05-02 03:06:04";86
"2018-05-02 03:16:09";86
"2018-05-02 03:26:05";86
"2018-05-02 03:36:04";86
"2018-05-02 03:46:04";87
"2018-05-02 03:56:04";87
"2018-05-02 04:06:05";87
"2018-05-02 04:16:04";87
"2018-05-02 04:26:05";84
"2018-05-02 04:36:05";84
"2018-05-02 04:46:05";84
"2018-05-02 04:56:05";85
"2018-05-02 05:06:04";85
"2018-05-02 05:16:05";85
"2018-05-02 05:26:04";86
"2018-05-02 05:36:05";86
"2018-05-02 05:46:05";86
"2018-05-02 05:56:14";84
"2018-05-02 06:06:04";84
"2018-05-02 06:16:05";84
"2018-05-02 06:26:04";83
"2018-05-02 06:46:04";83
"2018-05-02 06:56:05";83
"2018-05-02 07:06:04";83
"2018-05-02 07:16:05";83
"2018-05-02 07:26:04";83
"2018-05-02 07:36:04";83
"2018-05-02 07:46:04";83
"2018-05-02 07:56:10";84
"2018-05-02 08:06:04";84
"2018-05-02 08:16:04";84
"2018-05-02 08:26:05";82
"2018-05-02 08:36:05";82
"2018-05-02 08:46:05";82
"2018-05-02 08:56:04";82
"2018-05-02 09:06:05";82
"2018-05-02 09:16:05";82
"2018-05-02 09:26:05";81
"2018-05-02 09:36:04";81
"2018-05-02 09:46:05";81
"2018-05-02 09:56:15";83
"2018-05-02 10:06:04";83
"2018-05-02 10:16:04";83
"2018-05-02 10:26:05";81
"2018-05-02 10:36:04";81
"2018-05-02 10:46:04";82
"2018-05-02 10:56:14";82
"2018-05-02 11:06:05";82
"2018-05-02 11:16:04";81
"2018-05-02 11:26:04";81
"2018-05-02 11:36:04";81
"2018-05-02 11:46:05";82
"2018-05-02 11:56:05";82
"2018-05-02 12:06:04";82
"2018-05-02 12:16:04";82
"2018-05-02 12:26:04";81
"2018-05-02 12:36:04";81
"2018-05-02 12:46:05";81
"2018-05-02 12:56:10";81
"2018-05-02 13:06:04";81
"2018-05-02 13:16:05";81
"2018-05-02 13:26:05";79
"2018-05-02 13:36:05";79
"2018-05-02 13:46:05";79
"2018-05-02 13:56:04";79
"2018-05-02 14:06:04";79
"2018-05-02 14:16:04";79
"2018-05-02 14:26:04";79
"2018-05-02 14:36:05";79
"2018-05-02 14:46:05";79
"2018-05-02 14:56:15";77
"2018-05-02 15:06:04";77
"2018-05-02 15:16:04";80
"2018-05-02 15:26:04";80
"2018-05-02 15:46:05";80
"2018-05-02 15:56:10";79
"2018-05-02 16:06:04";79
"2018-05-02 16:16:05";79
"2018-05-02 16:26:05";81
"2018-05-02 16:36:04";81
"2018-05-02 16:46:04";81
"2018-05-02 16:56:09";80
"2018-05-02 17:06:05";80
"2018-05-02 17:16:05";80
"2018-05-02 17:26:05";78
"2018-05-02 17:36:05";78
"2018-05-02 17:46:04";78
"2018-05-02 17:56:15";80
"2018-05-02 18:06:04";80
"2018-05-02 18:16:05";80
"2018-05-02 18:26:05";81
"2018-05-02 18:36:04";81
"2018-05-02 18:46:05";81
"2018-05-02 18:56:04";82
"2018-05-02 19:06:05";82
"2018-05-02 19:16:05";82
"2018-05-02 19:26:05";80
"2018-05-02 19:36:05";80
"2018-05-02 19:46:04";80
"2018-05-02 19:56:04";83
"2018-05-02 20:06:05";83
"2018-05-02 20:16:04";83
"2018-05-02 20:26:05";81
"2018-05-02 20:36:05";81
"2018-05-02 20:46:05";85
"2018-05-02 20:56:04";85
"2018-05-02 21:06:05";85
"2018-05-02 21:16:05";85
"2018-05-02 21:26:04";85
"2018-05-02 21:36:04";85
"2018-05-02 21:46:05";89
"2018-05-02 21:56:05";89
"2018-05-02 22:06:08";89
"2018-05-02 22:16:06";87
"2018-05-02 22:26:06";87
"2018-05-02 22:36:07";87
"2018-05-02 22:46:05";87
"2018-05-02 22:56:05";89
"2018-05-02 23:06:04";89
"2018-05-02 23:16:05";89
"2018-05-02 23:26:04";88
"2018-05-02 23:36:06";88
"2018-05-02 23:46:05";91
"2018-05-02 23:56:11";91
"2018-05-03 00:06:06";91
"2018-05-03 00:16:05";92
"2018-05-03 00:26:05";92
"2018-05-03 00:46:06";92
"2018-05-03 00:56:10";93
"2018-05-03 01:06:05";93
"2018-05-03 01:16:05";95
"2018-05-03 01:26:04";95
"2018-05-03 01:36:04";95
"2018-05-03 01:46:05";95
"2018-05-03 01:56:05";95
"2018-05-03 02:06:04";95
"2018-05-03 02:16:16";95
"2018-05-03 02:26:04";93
"2018-05-03 02:36:05";93
"2018-05-03 02:46:04";93
"2018-05-03 02:56:09";93
"2018-05-03 03:06:05";93
"2018-05-03 03:16:05";95
"2018-05-03 03:26:04";95
"2018-05-03 03:36:05";95
"2018-05-03 03:46:05";96
"2018-05-03 03:56:10";96
"2018-05-03 04:06:05";96
"2018-05-03 04:16:05";98
"2018-05-03 04:26:05";98
"2018-05-03 04:36:04";98
"2018-05-03 04:46:04";98
"2018-05-03 04:56:04";99
"2018-05-03 05:06:04";99
"2018-05-03 05:16:05";99
"2018-05-03 05:26:05";104
"2018-05-03 05:36:04";104
"2018-05-03 05:46:05";104
"2018-05-03 05:56:10";108
"2018-05-03 06:06:05";108
"2018-05-03 06:16:05";105
"2018-05-03 06:26:05";105
"2018-05-03 06:36:10";105
"2018-05-03 06:46:05";107
"2018-05-03 06:56:10";107
"2018-05-03 07:06:04";107
"2018-05-03 07:16:04";109
"2018-05-03 07:26:05";109
"2018-05-03 07:36:05";109
"2018-05-03 07:46:05";111
"2018-05-03 07:56:04";111
"2018-05-03 08:06:04";111
"2018-05-03 08:16:05";111
"2018-05-03 08:26:05";116
"2018-05-03 08:36:04";116
"2018-05-03 08:46:04";116
"2018-05-03 09:06:04";117
"2018-05-03 09:16:04";117
"2018-05-03 09:26:05";114
"2018-05-03 09:36:05";114
"2018-05-03 09:46:05";114
"2018-05-03 09:56:05";115
"2018-05-03 10:06:04";115
"2018-05-03 10:16:05";116
"2018-05-03 10:26:05";116
"2018-05-03 10:36:04";116
"2018-05-03 10:46:05";115
"2018-05-03 10:56:10";115
"2018-05-03 11:06:04";115
"2018-05-03 11:16:05";119
"2018-05-03 11:26:05";119
"2018-05-03 11:36:04";119
"2018-05-03 11:46:04";119
"2018-05-03 11:56:09";125
"2018-05-03 12:06:04";125
"2018-05-03 12:16:05";125
"2018-05-03 12:26:05";125
"2018-05-03 12:36:04";125
"2018-05-03 12:46:04";125
"2018-05-03 12:56:10";126
"2018-05-03 13:06:04";126
"2018-05-03 13:16:04";126
"2018-05-03 13:26:05";127
"2018-05-03 13:36:05";127
"2018-05-03 13:46:05";129
"2018-05-03 13:56:10";129
"2018-05-03 14:06:04";129
"2018-05-03 14:16:05";129
"2018-05-03 14:26:05";129
"2018-05-03 14:36:04";129
"2018-05-03 14:46:05";130
"2018-05-03 14:56:15";130
"2018-05-03 15:06:04";130
"2018-05-03 15:16:04";130
"2018-05-03 15:26:05";130
"2018-05-03 15:36:05";130
"2018-05-03 15:46:04";130
"2018-05-03 15:56:05";130
"2018-05-03 16:06:05";130
"2018-05-03 16:16:05";130
"2018-05-03 16:26:05";128
"2018-05-03 16:36:04";128
"2018-05-03 16:46:05";128
"2018-05-03 16:56:04";131
"2018-05-03 17:06:05";131
"2018-05-03 17:16:05";131
"2018-05-03 17:26:05";133
"2018-05-03 17:46:04";130
"2018-05-03 17:56:10";130
"2018-05-03 18:06:04";130
"2018-05-03 18:16:05";130
"2018-05-03 18:26:05";130
"2018-05-03 18:36:05";130
"2018-05-03 18:46:05";130
"2018-05-03 18:56:05";131
"2018-05-03 19:06:04";131
"2018-05-03 19:16:04";131
"2018-05-03 19:26:05";131
"2018-05-03 19:36:05";131
"2018-05-03 19:46:05";131
"2018-05-03 19:56:05";136
"2018-05-03 20:06:06";136
"2018-05-03 20:16:05";136
"2018-05-03 20:26:05";132
"2018-05-03 20:36:04";132
"2018-05-03 20:46:05";136
"2018-05-03 20:56:05";136
"2018-05-03 21:06:05";136
"2018-05-03 21:16:05";136
"2018-05-03 21:26:05";136
"2018-05-03 21:36:05";136
"2018-05-03 21:46:05";136
"2018-05-03 21:56:10";134
"2018-05-03 22:06:08";134
"2018-05-03 22:16:06";134
"2018-05-03 22:26:06";135
"2018-05-03 22:36:05";135
"2018-05-03 22:46:05";135
"2018-05-03 22:56:05";129
"2018-05-03 23:06:05";129
"2018-05-03 23:16:05";129
"2018-05-03 23:26:04";137
"2018-05-03 23:36:06";137
"2018-05-03 23:46:05";137
"2018-05-03 23:56:16";133
"2018-05-04 00:06:06";133
"2018-05-04 00:16:05";133
"2018-05-04 00:26:06";131
"2018-05-04 00:36:04";131
"2018-05-04 00:46:05";131
"2018-05-04 00:56:17";127
"2018-05-04 01:06:05";127
"2018-05-04 01:16:05";127
"2018-05-04 01:26:04";134
"2018-05-04 01:36:04";134
"2018-05-04 01:46:05";129
"2018-05-04 01:56:15";129
"2018-05-04 02:06:04";129
"2018-05-04 02:16:16";129
"2018-05-04 02:36:05";124
"2018-05-04 02:46:10";124
"2018-05-04 02:56:04";128
"2018-05-04 03:06:05";128
"2018-05-04 03:16:05";126
"2018-05-04 03:26:05";126
"2018-05-04 03:36:04";126
"2018-05-04 03:46:04";126
"2018-05-04 03:56:05";135
"2018-05-04 04:06:04";135
"2018-05-04 04:16:05";135
"2018-05-04 04:26:04";130
"2018-05-04 04:36:05";130
"2018-05-04 04:46:05";130
"2018-05-04 04:56:10";123
"2018-05-04 05:06:05";123
"2018-05-04 05:16:05";123
"2018-05-04 05:26:05";127
"2018-05-04 05:36:04";127
"2018-05-04 05:46:05";123
"2018-05-04 05:56:10";123
"2018-05-04 06:06:05";123
"2018-05-04 06:16:05";123
"2018-05-04 06:26:04";121
"2018-05-04 06:36:05";121
"2018-05-04 06:46:05";120
"2018-05-04 06:56:05";120
"2018-05-04 07:06:04";120
"2018-05-04 07:16:04";120
"2018-05-04 07:26:04";116
"2018-05-04 07:36:04";116
"2018-05-04 07:46:04";116
"2018-05-04 07:56:12";116
"2018-05-04 08:06:05";116
"2018-05-04 08:16:04";116
"2018-05-04 08:26:04";121
"2018-05-04 08:36:04";121
"2018-05-04 08:46:05";121
"2018-05-04 08:56:09";116
"2018-05-04 09:06:04";116
"2018-05-04 09:16:04";116
"2018-05-04 09:26:04";116
"2018-05-04 09:36:04";116
"2018-05-04 09:46:04";116
"2018-05-04 09:56:05";116
"2018-05-04 10:06:05";116
"2018-05-04 10:26:05";116
"2018-05-04 10:36:04";116
"2018-05-04 10:46:05";115
"2018-05-04 10:56:09";115
"2018-05-04 11:06:05";115
"2018-05-04 11:16:05";115
"2018-05-04 11:26:05";116
"2018-05-04 11:36:04";116
"2018-05-04 11:46:04";116
"2018-05-04 11:56:04";110
"2018-05-04 12:06:05";110
"2018-05-04 12:16:05";104
"2018-05-04 12:26:04";104
"2018-05-04 12:36:05";104
"2018-05-04 12:46:05";104
"2018-05-04 12:56:10";112
"2018-05-04 13:06:05";112
"2018-05-04 13:16:04";112
"2018-05-04 13:26:04";112
"2018-05-04 13:36:04";112
"2018-05-04 13:46:05";112
"2018-05-04 13:56:13";110
"2018-05-04 14:06:04";110
"2018-05-04 14:16:05";110
"2018-05-04 14:26:05";111
"2018-05-04 14:36:04";111
"2018-05-04 14:46:05";109
"2018-05-04 14:56:10";109
"2018-05-04 15:06:04";109
"2018-05-04 15:16:04";107
"2018-05-04 15:36:04";107
"2018-05-04 15:46:04";107
"2018-05-04 15:56:05";108
"2018-05-04 16:06:04";108
"2018-05-04 16:16:05";108
"2018-05-04 16:26:05";107
"2018-05-04 16:36:04";107
"2018-05-04 16:46:05";107
"2018-05-04 16:56:09";107
"2018-05-04 17:06:05";107
"2018-05-04 17:16:05";107
"2018-05-04 17:26:04";104
"2018-05-04 17:36:04";104
"2018-05-04 17:46:04";104
"2018-05-04 17:56:10";103
"2018-05-04 18:06:05";103
"2018-05-04 18:26:05";104
"2018-05-04 18:36:05";104
"2018-05-04 18:46:05";104
"2018-05-04 18:56:05";107
"2018-05-04 19:06:05";107
"2018-05-04 19:16:05";107
"2018-05-04 19:26:04";104
"2018-05-04 19:36:05";104
"2018-05-04 19:46:04";104
"2018-05-04 19:56:10";104
"2018-05-04 20:06:04";104
"2018-05-04 20:16:04";107
"2018-05-04 20:26:04";107
"2018-05-04 20:36:05";107
"2018-05-04 20:46:05";107
"2018-05-04 20:56:05";107
"2018-05-04 21:06:05";107
"2018-05-04 21:16:05";107
"2018-05-04 21:26:04";108
"2018-05-04 21:36:04";108
"2018-05-04 21:46:04";103
"2018-05-04 21:56:05";103
"2018-05-04 22:06:07";103
"2018-05-04 22:16:06";104
"2018-05-04 22:26:06";104
"2018-05-04 22:36:06";104
"2018-05-04 22:46:05";104
"2018-05-04 22:56:13";102
"2018-05-04 23:06:05";102
"2018-05-04 23:16:04";102
"2018-05-04 23:26:04";104
"2018-05-04 23:36:06";104
"2018-05-04 23:46:06";104
"2018-05-04 23:56:05";104
"2018-05-05 00:06:07";104
"2018-05-05 00:16:06";107
"2018-05-05 00:26:05";107
"2018-05-05 00:36:06";107
"2018-05-05 00:46:06";107
"2018-05-05 00:56:11";105
"2018-05-05 01:16:05";104
"2018-05-05 01:26:04";104
"2018-05-05 01:36:04";104
"2018-05-05 01:46:05";105
"2018-05-05 01:56:05";105
"2018-05-05 02:06:04";105
"2018-05-05 02:16:17";104
"2018-05-05 02:26:05";104
"2018-05-05 02:36:05";104
"2018-05-05 02:46:04";104
"2018-05-05 02:56:05";107
"2018-05-05 03:06:05";107
"2018-05-05 03:16:05";105
"2018-05-05 03:26:04";105
"2018-05-05 03:36:05";105
"2018-05-05 03:46:04";105
"2018-05-05 03:56:10";105
"2018-05-05 04:06:04";105
"2018-05-05 04:16:05";105
"2018-05-05 04:26:05";105
"2018-05-05 04:36:04";105
"2018-05-05 04:46:05";103
"2018-05-05 04:56:04";103
"2018-05-05 05:06:04";103
"2018-05-05 05:16:04";104
"2018-05-05 05:26:05";104
"2018-05-05 05:36:05";104
"2018-05-05 05:46:05";104
"2018-05-05 05:56:09";103
"2018-05-05 06:06:04";103
"2018-05-05 06:16:04";103
"2018-05-05 06:26:04";104
"2018-05-05 06:36:05";104
"2018-05-05 06:46:05";104
"2018-05-05 06:56:04";104
"2018-05-05 07:06:05";104
"2018-05-05 07:16:05";104
"2018-05-05 07:26:04";105
"2018-05-05 07:36:04";105
"2018-05-05 07:46:04";105
"2018-05-05 07:56:12";101
"2018-05-05 08:06:04";101
"2018-05-05 08:16:04";101
"2018-05-05 08:26:04";107
"2018-05-05 08:36:04";107
"2018-05-05 08:46:05";107
"2018-05-05 08:56:05";105
"2018-05-05 09:06:04";105
"2018-05-05 09:16:04";102
"2018-05-05 09:26:04";102
"2018-05-05 09:36:05";102
"2018-05-05 09:56:05";104
"2018-05-05 10:06:05";104
"2018-05-05 10:16:05";104
"2018-05-05 10:26:04";99
"2018-05-05 10:36:04";99
"2018-05-05 10:46:04";104
"2018-05-05 10:56:05";104
"2018-05-05 11:06:04";104
"2018-05-05 11:16:04";102
"2018-05-05 11:26:05";102
"2018-05-05 11:36:05";102
"2018-05-05 11:46:05";99
"2018-05-05 11:56:05";99
"2018-05-05 12:06:05";99
"2018-05-05 12:16:05";100
"2018-05-05 12:26:04";100
"2018-05-05 12:36:05";100
"2018-05-05 12:46:04";100
"2018-05-05 12:56:04";100
"2018-05-05 13:06:05";100
"2018-05-05 13:16:04";100
"2018-05-05 13:26:05";109
"2018-05-05 13:36:05";109
"2018-05-05 13:46:04";97
"2018-05-05 13:56:09";97
"2018-05-05 14:06:05";97
"2018-05-05 14:16:05";100
"2018-05-05 14:26:04";100
"2018-05-05 14:36:05";100
"2018-05-05 14:46:05";100
"2018-05-05 14:56:05";98
"2018-05-05 15:06:05";98
"2018-05-05 15:16:05";98
"2018-05-05 15:26:05";104
"2018-05-05 15:36:04";104
"2018-05-05 15:46:05";104
"2018-05-05 15:56:05";100
"2018-05-05 16:06:05";100
"2018-05-05 16:16:05";100
"2018-05-05 16:26:05";97
"2018-05-05 16:36:05";97
"2018-05-05 16:46:04";97
"2018-05-05 16:56:05";101
"2018-05-05 17:06:04";101
"2018-05-05 17:16:04";105
"2018-05-05 17:26:05";105
"2018-05-05 17:36:05";105
"2018-05-05 17:56:09";100
"2018-05-05 18:06:05";100
"2018-05-05 18:16:04";107
"2018-05-05 18:26:05";107
"2018-05-05 18:36:05";107
"2018-05-05 18:46:05";107
"2018-05-05 18:56:05";104
"2018-05-05 19:06:05";104
"2018-05-05 19:16:05";110
"2018-05-05 19:26:04";110
"2018-05-05 19:36:04";110
"2018-05-05 19:46:05";114
"2018-05-05 19:56:05";114
"2018-05-05 20:06:05";114
"2018-05-05 20:16:05";114
"2018-05-05 20:26:04";114
"2018-05-05 20:36:04";114
"2018-05-05 20:46:05";114
"2018-05-05 20:56:04";112
"2018-05-05 21:06:05";112
"2018-05-05 21:16:05";115
"2018-05-05 21:26:05";115
"2018-05-05 21:36:05";115
"2018-05-05 21:46:05";115
"2018-05-05 21:56:13";113
"2018-05-05 22:06:06";113
"2018-05-05 22:16:06";113
"2018-05-05 22:26:06";112
"2018-05-05 22:36:05";112
"2018-05-05 22:46:04";116
"2018-05-05 22:56:15";116
"2018-05-05 23:06:04";116
"2018-05-05 23:16:04";114
"2018-05-05 23:26:04";114
"2018-05-05 23:36:05";114
"2018-05-05 23:46:05";121
"2018-05-05 23:56:11";121
"2018-05-06 00:06:06";121
"2018-05-06 00:16:05";121
"2018-05-06 00:26:05";112
"2018-05-06 00:36:05";112
"2018-05-06 00:46:06";112
"2018-05-06 00:56:05";113
"2018-05-06 01:06:05";113
"2018-05-06 01:26:05";108
"2018-05-06 01:36:05";108
"2018-05-06 01:46:04";108
"2018-05-06 01:56:05";112
"2018-05-06 02:06:04";112
"2018-05-06 02:16:16";112
"2018-05-06 02:26:05";112
"2018-05-06 02:36:05";112
"2018-05-06 02:46:10";110
"2018-05-06 02:56:04";110
"2018-05-06 03:06:05";110
"2018-05-06 03:16:05";110
"2018-05-06 03:26:05";109
"2018-05-06 03:36:05";109
"2018-05-06 03:46:05";112
"2018-05-06 03:56:09";112
"2018-05-06 04:06:04";112
"2018-05-06 04:16:04";114
"2018-05-06 04:26:05";114
"2018-05-06 04:36:05";114
"2018-05-06 04:46:04";114
"2018-05-06 04:56:05";114
"2018-05-06 05:06:04";114
"2018-05-06 05:16:05";114
"2018-05-06 05:26:05";110
"2018-05-06 05:36:05";110
"2018-05-06 05:46:05";110
"2018-05-06 05:56:09";113
"2018-05-06 06:06:05";113
"2018-05-06 06:16:04";111
"2018-05-06 06:26:04";111
"2018-05-06 06:36:04";111
"2018-05-06 06:46:05";111
"2018-05-06 06:56:05";110
"2018-05-06 07:06:05";110
"2018-05-06 07:16:05";109
"2018-05-06 07:26:04";109
"2018-05-06 07:36:04";109
"2018-05-06 07:46:05";109
"2018-05-06 07:56:04";107
"2018-05-06 08:06:04";107
"2018-05-06 08:16:04";104
"2018-05-06 08:26:05";104
"2018-05-06 08:36:05";104
"2018-05-06 08:46:05";111
"2018-05-06 09:06:05";111
"2018-05-06 09:16:05";111
"2018-05-06 09:26:04";108
"2018-05-06 09:36:05";108
"2018-05-06 09:46:05";111
"2018-05-06 09:56:05";111
"2018-05-06 10:06:04";111
"2018-05-06 10:16:05";111
"2018-05-06 10:26:05";103
"2018-05-06 10:36:04";103
"2018-05-06 10:46:04";103
"2018-05-06 10:56:05";104
"2018-05-06 11:06:05";104
"2018-05-06 11:16:05";104
"2018-05-06 11:26:05";104
"2018-05-06 11:36:05";104
"2018-05-06 11:46:05";104
"2018-05-06 11:56:05";101
"2018-05-06 12:06:04";101
"2018-05-06 12:16:05";99
"2018-05-06 12:26:05";99
"2018-05-06 12:36:04";99
"2018-05-06 12:46:05";99
"2018-05-06 12:56:10";99
"2018-05-06 13:06:05";99
"2018-05-06 13:16:05";96
"2018-05-06 13:26:05";96
"2018-05-06 13:36:05";96
"2018-05-06 13:46:05";96
"2018-05-06 13:56:05";107
"2018-05-06 14:06:05";107
"2018-05-06 14:16:04";107
"2018-05-06 14:26:04";108
"2018-05-06 14:36:04";108
"2018-05-06 14:46:05";108
"2018-05-06 14:56:05";104
"2018-05-06 15:06:04";104
"2018-05-06 15:16:05";104
"2018-05-06 15:26:04";104
"2018-05-06 15:36:05";104
"2018-05-06 15:46:05";104
"2018-05-06 15:56:05";111
"2018-05-06 16:16:05";111
"2018-05-06 16:26:05";104
"2018-05-06 16:36:04";104
"2018-05-06 16:46:04";104
"2018-05-06 16:56:05";104
"2018-05-06 17:06:04";104
"2018-05-06 17:16:05";116
"2018-05-06 17:26:05";116
"2018-05-06 17:36:04";116
"2018-05-06 17:46:05";116
"2018-05-06 17:56:04";114
"2018-05-06 18:06:04";114
"2018-05-06 18:16:05";114
"2018-05-06 18:26:04";113
"2018-05-06 18:36:05";113
"2018-05-06 18:46:05";115
"2018-05-06 18:56:09";115
"2018-05-06 19:06:05";115
"2018-05-06 19:16:05";115
"2018-05-06 19:26:05";123
"2018-05-06 19:36:04";123
"2018-05-06 19:46:05";123
"2018-05-06 19:56:04";120
"2018-05-06 20:06:04";120
"2018-05-06 20:16:04";119
"2018-05-06 20:26:05";119
"2018-05-06 20:36:05";119
"2018-05-06 20:46:04";119
"2018-05-06 20:56:10";120
"2018-05-06 21:06:05";120
"2018-05-06 21:16:04";120
"2018-05-06 21:26:05";121
"2018-05-06 21:36:05";121
"2018-05-06 21:46:04";126
"2018-05-06 21:56:10";126
"2018-05-06 22:06:06";126
"2018-05-06 22:16:05";129
"2018-05-06 22:26:06";129
"2018-05-06 22:36:07";129
"2018-05-06 22:46:05";129
"2018-05-06 22:56:05";131
"2018-05-06 23:16:05";125
"2018-05-06 23:26:04";125
"2018-05-06 23:36:05";125
"2018-05-06 23:46:05";125
"2018-05-06 23:56:06";132
"2018-05-07 00:06:05";132
"2018-05-07 00:16:05";130
"2018-05-07 00:26:05";130
"2018-05-07 00:36:06";130
"2018-05-07 00:46:06";130
"2018-05-07 00:56:12";128
"2018-05-07 01:06:05";128
"2018-05-07 01:16:05";128
"2018-05-07 01:26:05";127
"2018-05-07 01:36:05";127
"2018-05-07 01:46:05";128
"2018-05-07 01:56:05";128
"2018-05-07 02:06:05";128
"2018-05-07 02:16:15";128
"2018-05-07 02:26:10";130
"2018-05-07 02:36:10";130
"2018-05-07 02:46:10";132
"2018-05-07 02:56:05";132
"2018-05-07 03:06:04";132
"2018-05-07 03:16:04";131
"2018-05-07 03:26:05";131
"2018-05-07 03:36:04";131
"2018-05-07 03:46:04";129
"2018-05-07 03:56:10";129
"2018-05-07 04:06:04";129
"2018-05-07 04:16:04";129
"2018-05-07 04:26:05";126
"2018-05-07 04:36:04";126
"2018-05-07 04:46:05";126
"2018-05-07 04:56:05";126
"2018-05-07 05:06:05";126
"2018-05-07 05:16:04";126
"2018-05-07 05:26:05";120
"2018-05-07 05:36:04";120
"2018-05-07 05:46:05";120
"2018-05-07 05:56:04";125
"2018-05-07 06:06:04";125
"2018-05-07 06:26:04";125
"2018-05-07 06:36:05";125
"2018-05-07 06:46:05";125
"2018-05-07 06:56:04";122
"2018-05-07 07:06:04";122
"2018-05-07 07:16:04";122
"2018-05-07 07:26:05";123
"2018-05-07 07:36:04";123
"2018-05-07 07:46:05";125
"2018-05-07 07:56:10";125
"2018-05-07 08:06:05";125
"2018-05-07 08:16:04";125
"2018-05-07 08:26:04";120
"2018-05-07 08:36:04";120
"2018-05-07 08:46:04";119
"2018-05-07 08:56:05";119
"2018-05-07 09:06:04";119
"2018-05-07 09:16:05";119
"2018-05-07 09:26:05";119
"2018-05-07 09:36:04";119
"2018-05-07 09:46:05";119
"2018-05-07 09:56:10";121
"2018-05-07 10:06:04";121
"2018-05-07 10:26:05";114
"2018-05-07 10:36:05";114
"2018-05-07 10:46:05";114
"2018-05-07 10:56:10";114
"2018-05-07 11:06:04";114
"2018-05-07 11:26:05";116
"2018-05-07 11:36:04";116
"2018-05-07 11:46:05";114
"2018-05-07 11:56:10";114
"2018-05-07 12:06:04";114
"2018-05-07 12:16:05";115
"2018-05-07 12:26:05";115
"2018-05-07 12:36:05";115
"2018-05-07 12:46:05";113
"2018-05-07 12:56:10";113
"2018-05-07 13:06:05";113
"2018-05-07 13:16:04";114
"2018-05-07 13:26:04";114
"2018-05-07 13:36:05";114
"2018-05-07 13:46:05";114
"2018-05-07 13:56:13";115
"2018-05-07 14:06:05";115
"2018-05-07 14:16:05";115
"2018-05-07 14:26:04";111
"2018-05-07 14:36:04";111
"2018-05-07 14:46:05";111
"2018-05-07 14:56:05";108
"2018-05-07 15:06:04";108
"2018-05-07 15:16:04";108
"2018-05-07 15:26:05";108
"2018-05-07 15:36:04";108
"2018-05-07 15:46:05";108
"2018-05-07 15:56:09";115
"2018-05-07 16:06:04";115
"2018-05-07 16:16:04";115
"2018-05-07 16:26:04";116
"2018-05-07 16:36:04";116
"2018-05-07 16:46:04";116
"2018-05-07 16:56:09";111
"2018-05-07 17:06:04";111
"2018-05-07 17:16:05";111
"2018-05-07 17:26:04";111
"2018-05-07 17:36:04";111
"2018-05-07 17:46:05";112
"2018-05-07 17:56:09";112
"2018-05-07 18:06:05";112
"2018-05-07 18:16:05";112
"2018-05-07 18:26:05";112
"2018-05-07 18:46:04";112
"2018-05-07 18:56:10";112
"2018-05-07 19:06:05";112
"2018-05-07 19:16:05";112
"2018-05-07 19:26:05";114
"2018-05-07 19:36:04";114
"2018-05-07 19:46:05";114
"2018-05-07 19:56:05";113
"2018-05-07 20:06:05";113
"2018-05-07 20:16:05";117
"2018-05-07 20:26:05";117
"2018-05-07 20:36:05";117
"2018-05-07 20:46:05";117
"2018-05-07 20:56:05";117
"2018-05-07 21:06:05";117
"2018-05-07 21:16:04";117
"2018-05-07 21:26:05";117
"2018-05-07 21:36:04";117
"2018-05-07 21:46:04";117
"2018-05-07 21:56:04";120
"2018-05-07 22:06:07";120
"2018-05-07 22:16:05";120
"2018-05-07 22:26:05";121
"2018-05-07 22:36:05";121
"2018-05-07 22:46:05";121
"2018-05-07 22:56:05";114
"2018-05-07 23:06:04";114
"2018-05-07 23:16:04";117
"2018-05-07 23:26:05";117
"2018-05-07 23:36:05";117
"2018-05-07 23:46:04";117
"2018-05-07 23:56:06";117
"2018-05-08 00:06:06";117
"2018-05-08 00:16:05";116
"2018-05-08 00:26:05";116
"2018-05-08 00:36:05";116
"2018-05-08 00:46:06";116
"2018-05-08 00:56:10";116
"2018-05-08 01:06:05";116
"2018-05-08 01:16:05";117
"2018-05-08 01:26:04";117
"2018-05-08 01:36:04";117
"2018-05-08 01:46:05";115
"2018-05-08 01:56:14";115
"2018-05-08 02:06:04";115
"2018-05-08 02:16:12";116
"2018-05-08 02:26:05";116
"2018-05-08 02:36:05";116
"2018-05-08 02:46:05";114
"2018-05-08 02:56:05";114
"2018-05-08 03:06:05";114
"2018-05-08 03:26:05";116
"2018-05-08 03:36:05";116
"2018-05-08 03:46:04";116
"2018-05-08 03:56:05";114
"2018-05-08 04:06:04";114
"2018-05-08 04:16:05";114
"2018-05-08 04:26:05";113
"2018-05-08 04:36:05";113
"2018-05-08 04:46:05";113
"2018-05-08 04:56:05";113
"2018-05-08 05:06:05";113
"2018-05-08 05:16:05";113
"2018-05-08 05:26:04";111
"2018-05-08 05:36:04";111
"2018-05-08 05:46:05";111
"2018-05-08 05:56:05";115
"2018-05-08 06:06:05";115
"2018-05-08 06:16:04";115
"2018-05-08 06:26:04";112
"2018-05-08 06:36:04";112
"2018-05-08 06:46:05";110
"2018-05-08 06:56:04";110
"2018-05-08 07:06:04";110
"2018-05-08 07:16:05";109
"2018-05-08 07:26:05";109
"2018-05-08 07:36:04";109
"2018-05-08 07:46:05";110
"2018-05-08 07:56:05";110
"2018-05-08 08:06:04";110
"2018-05-08 08:16:04";110
"2018-05-08 08:26:04";105
"2018-05-08 08:36:04";105
"2018-05-08 08:46:05";105
"2018-05-08 08:56:15";108
"2018-05-08 09:06:04";108
"2018-05-08 09:16:04";107
"2018-05-08 09:26:04";107
"2018-05-08 09:36:05";107
"2018-05-08 09:46:05";107
"2018-05-08 09:56:15";103
"2018-05-08 10:06:05";103
"2018-05-08 10:16:05";105
"2018-05-08 10:26:04";105
"2018-05-08 10:36:04";105
"2018-05-08 10:46:05";105
"2018-05-08 10:56:09";104
"2018-05-08 11:06:05";104
"2018-05-08 11:16:04";104
"2018-05-08 11:26:04";104
"2018-05-08 11:36:04";104
"2018-05-08 11:56:10";104
"2018-05-08 12:06:05";104
"2018-05-08 12:16:04";103
"2018-05-08 12:26:04";103
"2018-05-08 12:36:04";103
"2018-05-08 12:46:05";103
"2018-05-08 12:56:09";98
"2018-05-08 13:06:05";98
"2018-05-08 13:16:05";98
"2018-05-08 13:26:05";104
"2018-05-08 13:36:05";104
"2018-05-08 13:46:04";104
"2018-05-08 13:56:04";104
"2018-05-08 14:06:05";104
"2018-05-08 14:16:04";100
"2018-05-08 14:26:04";100
"2018-05-08 14:36:04";100
"2018-05-08 14:46:05";100
"2018-05-08 14:56:09";101
"2018-05-08 15:06:05";101
"2018-05-08 15:16:05";101
"2018-05-08 15:26:05";99
"2018-05-08 15:36:05";99
"2018-05-08 15:46:04";99
"2018-05-08 15:56:05";100
"2018-05-08 16:06:05";100
"2018-05-08 16:16:04";100
"2018-05-08 16:26:04";105
"2018-05-08 16:36:04";105
"2018-05-08 16:46:05";105
"2018-05-08 16:56:05";104
"2018-05-08 17:06:05";104
"2018-05-08 17:16:04";104
"2018-05-08 17:26:04";104
"2018-05-08 17:36:04";104
"2018-05-08 17:46:05";102
"2018-05-08 17:56:05";102
"2018-05-08 18:06:04";102
"2018-05-08 18:16:04";102
"2018-05-08 18:26:04";104
"2018-05-08 18:36:04";104
"2018-05-08 18:46:05";104
"2018-05-08 18:56:15";102
"2018-05-08 19:06:05";102
"2018-05-08 19:16:05";102
"2018-05-08 19:26:05";107
"2018-05-08 19:46:04";107
"2018-05-08 19:56:14";105
"2018-05-08 20:06:05";105
"2018-05-08 20:16:05";104
"2018-05-08 20:26:05";104
"2018-05-08 20:36:04";104
"2018-05-08 20:46:05";104
"2018-05-08 20:56:05";104
"2018-05-08 21:06:05";104
"2018-05-08 21:16:05";108
"2018-05-08 21:26:05";108
"2018-05-08 21:36:05";108
"2018-05-08 21:46:05";108
"2018-05-08 21:56:15";108
"2018-05-08 22:06:06";108
"2018-05-08 22:16:06";108
"2018-05-08 22:26:06";110
"2018-05-08 22:36:06";110
"2018-05-08 22:46:05";104
"2018-05-08 22:56:15";104
"2018-05-08 23:06:05";104
"2018-05-08 23:16:05";104
"2018-05-08 23:26:05";108
"2018-05-08 23:36:05";108
"2018-05-08 23:46:05";108
"2018-05-08 23:56:10";108
"2018-05-09 00:06:07";108
"2018-05-09 00:16:05";113
"2018-05-09 00:26:05";113
"2018-05-09 00:36:04";113
"2018-05-09 00:46:06";113
"2018-05-09 00:56:04";108
"2018-05-09 01:06:05";108
"2018-05-09 01:16:05";109
"2018-05-09 01:36:04";109
"2018-05-09 01:46:05";109
"2018-05-09 01:56:05";112
"2018-05-09 02:06:04";112
"2018-05-09 02:16:04";108
"2018-05-09 02:26:04";108
"2018-05-09 02:36:05";108
"2018-05-09 02:46:05";112
"2018-05-09 02:56:05";112
"2018-05-09 03:06:05";112
"2018-05-09 03:16:04";103
"2018-05-09 03:26:04";103
"2018-05-09 03:36:04";103
"2018-05-09 03:46:04";104
"2018-05-09 03:56:04";104
"2018-05-09 04:06:04";104
"2018-05-09 04:16:04";109
"2018-05-09 04:26:04";109
"2018-05-09 04:36:05";109
"2018-05-09 04:46:04";109
"2018-05-09 04:56:04";111
"2018-05-09 05:06:09";111
"2018-05-09 05:16:04";105
"2018-05-09 05:26:05";105
"2018-05-09 05:36:04";105
"2018-05-09 05:46:04";105
"2018-05-09 05:56:04";109
"2018-05-09 06:06:04";109
"2018-05-09 06:16:04";107
"2018-05-09 06:26:05";107
"2018-05-09 06:36:05";107
"2018-05-09 06:46:05";104
"2018-05-09 06:56:10";104
"2018-05-09 07:06:04";104
"2018-05-09 07:16:05";104
"2018-05-09 07:26:04";103
"2018-05-09 07:36:05";103
"2018-05-09 07:46:05";103
"2018-05-09 07:56:09";102
"2018-05-09 08:16:05";102
"2018-05-09 08:26:05";107
"2018-05-09 08:36:05";107
"2018-05-09 08:46:04";107
"2018-05-09 08:56:10";101
"2018-05-09 09:06:05";101
"2018-05-09 09:16:04";102
"2018-05-09 09:26:05";102
"2018-05-09 09:36:04";102
"2018-05-09 09:46:05";102
"2018-05-09 09:56:09";103
"2018-05-09 10:06:04";103
"2018-05-09 10:16:05";103
"2018-05-09 10:26:04";103
"2018-05-09 10:36:05";103
"2018-05-09 10:46:05";100
"2018-05-09 10:56:10";100
"2018-05-09 11:06:04";100
"2018-05-09 11:16:04";99
"2018-05-09 11:26:05";99
"2018-05-09 11:36:04";99
"2018-05-09 11:46:05";99
"2018-05-09 11:56:10";104
"2018-05-09 12:06:04";104
"2018-05-09 12:16:04";104
"2018-05-09 12:26:05";100
"2018-05-09 12:36:04";100
"2018-05-09 12:46:05";100
"2018-05-09 12:56:10";100
"2018-05-09 13:06:04";100
"2018-05-09 13:16:04";104
"2018-05-09 13:26:04";104
"2018-05-09 13:36:04";104
"2018-05-09 13:46:04";104
"2018-05-09 13:56:10";99
"2018-05-09 14:06:04";99
"2018-05-09 14:16:05";99
"2018-05-09 14:26:05";99
"2018-05-09 14:36:04";99
"2018-05-09 14:46:04";100
"2018-05-09 14:56:05";100
"2018-05-09 15:06:04";100
"2018-05-09 15:16:04";100
"2018-05-09 15:26:05";103
"2018-05-09 15:46:05";103
"2018-05-09 15:56:04";101
"2018-05-09 16:06:05";101
"2018-05-09 16:16:04";101
"2018-05-09 16:26:05";101
"2018-05-09 16:36:05";101
"2018-05-09 16:46:04";102
"2018-05-09 16:56:10";102
"2018-05-09 17:06:04";102
"2018-05-09 17:16:05";102
"2018-05-09 17:26:05";101
"2018-05-09 17:36:04";101
"2018-05-09 17:46:05";101
"2018-05-09 17:56:05";101
"2018-05-09 18:06:04";101
"2018-05-09 18:16:05";101
"2018-05-09 18:26:05";102
"2018-05-09 18:36:04";102
"2018-05-09 18:46:05";102
"2018-05-09 18:56:05";103
"2018-05-09 19:06:04";103
"2018-05-09 19:16:05";103
"2018-05-09 19:26:05";104
"2018-05-09 19:36:05";104
"2018-05-09 19:46:05";100
"2018-05-09 19:56:05";100
"2018-05-09 20:06:06";100
"2018-05-09 20:16:05";100
"2018-05-09 20:26:05";104
"2018-05-09 20:36:04";104
"2018-05-09 20:46:04";104
"2018-05-09 20:56:05";104
"2018-05-09 21:06:05";104
"2018-05-09 21:16:05";104
"2018-05-09 21:26:05";104
"2018-05-09 21:36:05";104
"2018-05-09 21:46:04";104
"2018-05-09 21:56:10";105
"2018-05-09 22:06:08";105
"2018-05-09 22:16:06";109
"2018-05-09 22:26:06";109
"2018-05-09 22:36:06";109
"2018-05-09 22:46:05";109
"2018-05-09 22:56:10";107
"2018-05-09 23:06:05";107
"2018-05-09 23:16:04";103
"2018-05-09 23:26:05";103
"2018-05-09 23:46:05";103
"2018-05-09 23:56:11";105
"2018-05-10 00:06:06";105
"2018-05-10 00:16:05";105
"2018-05-10 00:26:05";104
"2018-05-10 00:36:05";104
"2018-05-10 00:46:06";104
"2018-05-10 00:56:05";102
"2018-05-10 01:06:05";102
"2018-05-10 01:16:05";102
"2018-05-10 01:26:04";103
"2018-05-10 01:36:05";103
"2018-05-10 01:46:04";108
"2018-05-10 01:56:05";108
"2018-05-10 02:06:05";108
"2018-05-10 02:16:18";108
"2018-05-10 02:26:04";103
"2018-05-10 02:36:05";103
"2018-05-10 02:46:05";104
"2018-05-10 02:56:04";104
"2018-05-10 03:06:04";104
"2018-05-10 03:16:05";104
"2018-05-10 03:26:05";102
"2018-05-10 03:36:04";102
"2018-05-10 03:46:04";105
"2018-05-10 03:56:05";105
"2018-05-10 04:06:05";105
"2018-05-10 04:16:04";105
"2018-05-10 04:26:05";104
"2018-05-10 04:36:04";104
"2018-05-10 04:46:05";104
"2018-05-10 04:56:05";104
"2018-05-10 05:06:05";104
"2018-05-10 05:16:05";104
"2018-05-10 05:26:05";102
"2018-05-10 05:36:04";102
"2018-05-10 05:46:04";104
"2018-05-10 05:56:10";104
"2018-05-10 06:06:05";104
"2018-05-10 06:16:04";107
"2018-05-10 06:26:04";107
"2018-05-10 06:36:05";107
"2018-05-10 06:46:05";104
"2018-05-10 06:56:05";104
"2018-05-10 07:06:05";104
"2018-05-10 07:16:04";104
"2018-05-10 07:36:05";104
"2018-05-10 07:46:05";104
"2018-05-10 07:56:10";104
"2018-05-10 08:06:04";104
"2018-05-10 08:16:04";104
"2018-05-10 08:26:05";104
"2018-05-10 08:36:04";104
"2018-05-10 08:46:04";104
"2018-05-10 08:56:05";104
"2018-05-10 09:06:04";104
"2018-05-10 09:16:05";103
"2018-05-10 09:26:05";103
"2018-05-10 09:36:04";103
"2018-05-10 09:46:05";103
"2018-05-10 09:56:04";102
"2018-05-10 10:06:05";102
"2018-05-10 10:16:04";102
"2018-05-10 10:26:05";104
"2018-05-10 10:36:05";104
"2018-05-10 10:46:05";104
"2018-05-10 10:56:09";101
"2018-05-10 11:06:04";101
"2018-05-10 11:16:05";101
"2018-05-10 11:26:05";101
"2018-05-10 11:36:04";101
"2018-05-10 11:46:04";101
"2018-05-10 11:56:10";99
"2018-05-10 12:06:04";99
"2018-05-10 12:16:04";99
"2018-05-10 12:26:05";99
"2018-05-10 12:36:05";99
"2018-05-10 12:46:04";99
"2018-05-10 12:56:05";97
"2018-05-10 13:06:04";97
"2018-05-10 13:16:05";97
"2018-05-10 13:26:05";100
"2018-05-10 13:36:05";100
"2018-05-10 13:46:04";100
"2018-05-10 13:56:10";102
"2018-05-10 14:06:04";102
"2018-05-10 14:16:05";98
"2018-05-10 14:46:05";98
"2018-05-10 14:56:05";101
"2018-05-10 15:06:05";101
"2018-05-10 15:16:05";98
"2018-05-10 15:26:04";98
"2018-05-10 15:36:05";98
"2018-05-10 15:46:05";98
"2018-05-10 15:56:09";101
"2018-05-10 16:06:05";101
"2018-05-10 16:16:05";101
"2018-05-10 16:26:05";97
"2018-05-10 16:36:05";97
"2018-05-10 16:46:05";97
"2018-05-10 16:56:05";96
"2018-05-10 17:06:04";96
"2018-05-10 17:16:04";96
"2018-05-10 17:26:04";97
"2018-05-10 17:36:04";97
"2018-05-10 17:46:04";97
"2018-05-10 17:56:05";102
"2018-05-10 18:06:05";102
"2018-05-10 18:16:05";95
"2018-05-10 18:26:04";95
"2018-05-10 18:36:05";95
"2018-05-10 18:46:04";95
"2018-05-10 18:56:05";98
"2018-05-10 19:06:05";98
"2018-05-10 19:16:05";98
"2018-05-10 19:26:04";96
"2018-05-10 19:36:04";96
"2018-05-10 19:46:05";96
"2018-05-10 19:56:05";101
"2018-05-10 20:06:05";101
"2018-05-10 20:16:05";101
"2018-05-10 20:26:05";95
"2018-05-10 20:36:04";95
"2018-05-10 20:46:05";95
"2018-05-10 20:56:04";97
"2018-05-10 21:06:05";97
"2018-05-10 21:16:05";97
"2018-05-10 21:26:05";96
"2018-05-10 21:36:05";96
"2018-05-10 21:46:05";99
"2018-05-10 21:56:05";99
"2018-05-10 22:06:07";99
"2018-05-10 22:26:06";98
"2018-05-10 22:36:06";98
"2018-05-10 22:46:05";98
"2018-05-10 22:56:04";97
"2018-05-10 23:06:05";97
"2018-05-10 23:16:05";97
"2018-05-10 23:26:04";99
"2018-05-10 23:36:05";99
"2018-05-10 23:46:05";99
"2018-05-10 23:56:06";102
"2018-05-11 00:06:06";102
"2018-05-11 00:16:05";101
"2018-05-11 00:26:05";101
"2018-05-11 00:36:04";101
"2018-05-11 00:46:05";101
"2018-05-11 00:56:05";99
"2018-05-11 01:06:04";99
"2018-05-11 01:16:04";99
"2018-05-11 01:26:05";103
"2018-05-11 01:36:04";103
"2018-05-11 01:46:05";103
"2018-05-11 01:56:04";102
"2018-05-11 02:06:05";102
"2018-05-11 02:16:13";100
"2018-05-11 02:26:05";100
"2018-05-11 02:36:05";100
"2018-05-11 02:46:05";100
"2018-05-11 02:56:12";96
"2018-05-11 03:06:05";96
"2018-05-11 03:16:05";96
"2018-05-11 03:26:05";101
"2018-05-11 03:36:04";101
"2018-05-11 03:46:04";99
"2018-05-11 03:56:04";99
"2018-05-11 04:06:04";99
"2018-05-11 04:16:04";97
"2018-05-11 04:26:05";97
"2018-05-11 04:36:04";97
"2018-05-11 04:46:05";97
"2018-05-11 04:56:04";97
"2018-05-11 05:06:05";97
"2018-05-11 05:16:05";97
"2018-05-11 05:26:04";96
"2018-05-11 05:36:04";96
"2018-05-11 05:46:05";98
"2018-05-11 05:56:09";98
"2018-05-11 06:16:05";98
"2018-05-11 06:26:05";93
"2018-05-11 06:36:04";93
"2018-05-11 06:46:05";97
"2018-05-11 06:56:10";97
"2018-05-11 07:06:05";97
"2018-05-11 07:16:04";97
"2018-05-11 07:26:05";97
"2018-05-11 07:36:05";97
"2018-05-11 07:46:04";97
"2018-05-11 07:56:09";94
"2018-05-11 08:06:05";94
"2018-05-11 08:16:04";94
"2018-05-11 08:26:04";96
"2018-05-11 08:36:04";96
"2018-05-11 08:46:04";96
"2018-05-11 08:56:04";96
"2018-05-11 09:06:04";96
"2018-05-11 09:16:04";96
"2018-05-11 09:26:05";95
"2018-05-11 09:36:04";95
"2018-05-11 09:46:05";95
"2018-05-11 09:56:10";95
"2018-05-11 10:06:04";95
"2018-05-11 10:16:04";95
"2018-05-11 10:26:05";92
"2018-05-11 10:36:04";92
"2018-05-11 10:46:04";92
"2018-05-11 10:56:05";91
"2018-05-11 11:06:04";91
"2018-05-11 11:16:05";91
"2018-05-11 11:26:04";92
"2018-05-11 11:36:04";92
"2018-05-11 11:46:04";93
"2018-05-11 11:56:05";93
"2018-05-11 12:06:05";93
"2018-05-11 12:16:04";94
"2018-05-11 12:26:05";94
"2018-05-11 12:36:05";94
"2018-05-11 12:46:05";90
"2018-05-11 12:56:10";90
"2018-05-11 13:06:05";90
"2018-05-11 13:16:04";88
"2018-05-11 13:26:04";88
"2018-05-11 13:36:05";88
"2018-05-11 13:46:04";88
"2018-05-11 14:06:05";90
"2018-05-11 14:16:05";90
"2018-05-11 14:26:04";91
"2018-05-11 14:36:04";91
"2018-05-11 14:46:05";91
"2018-05-11 14:56:05";92
"2018-05-11 15:06:04";92
"2018-05-11 15:16:04";92
"2018-05-11 15:26:05";92
"2018-05-11 15:36:04";92
"2018-05-11 15:46:05";93
"2018-05-11 15:56:05";93
"2018-05-11 16:06:04";93
"2018-05-11 16:16:04";93
"2018-05-11 16:26:04";93
"2018-05-11 16:36:05";93
"2018-05-11 16:46:05";93
"2018-05-11 16:56:05";91
"2018-05-11 17:06:05";91
"2018-05-11 17:16:04";91
"2018-05-11 17:26:04";91
"2018-05-11 17:36:05";91
"2018-05-11 17:46:05";91
"2018-05-11 17:56:10";94
"2018-05-11 18:06:04";94
"2018-05-11 18:16:05";94
"2018-05-11 18:26:04";93
"2018-05-11 18:36:04";93
"2018-05-11 18:46:05";93
"2018-05-11 18:56:05";91
"2018-05-11 19:06:04";91
"2018-05-11 19:16:04";91
"2018-05-11 19:26:05";91
"2018-05-11 19:36:04";91
"2018-05-11 19:46:05";91
"2018-05-11 19:56:05";90
"2018-05-11 20:06:04";90
"2018-05-11 20:16:05";90
"2018-05-11 20:26:05";93
"2018-05-11 20:36:04";93
"2018-05-11 20:46:04";93
"2018-05-11 21:06:05";94
"2018-05-11 21:16:05";94
"2018-05-11 21:26:05";93
"2018-05-11 21:36:05";93
"2018-05-11 21:46:05";93
"2018-05-11 21:56:10";99
"2018-05-11 22:06:07";99
"2018-05-11 22:16:05";99
"2018-05-11 22:26:06";95
"2018-05-11 22:36:06";95
"2018-05-11 22:46:05";95
"2018-05-11 22:56:05";94
"2018-05-11 23:06:04";94
"2018-05-11 23:16:05";96
"2018-05-11 23:26:06";96
"2018-05-11 23:36:05";96
"2018-05-11 23:46:05";96
"2018-05-11 23:56:05";96
"2018-05-12 00:06:05";96
"2018-05-12 00:16:05";96
"2018-05-12 00:26:05";97
"2018-05-12 00:36:05";97
"2018-05-12 00:46:05";97
"2018-05-12 00:56:14";94
"2018-05-12 01:06:05";94
"2018-05-12 01:16:05";94
"2018-05-12 01:26:05";94
"2018-05-12 01:36:04";94
"2018-05-12 01:46:04";94
"2018-05-12 01:56:04";94
"2018-05-12 02:06:05";94
"2018-05-12 02:16:16";94
"2018-05-12 02:26:05";94
"2018-05-12 02:36:05";94
"2018-05-12 02:46:05";94
"2018-05-12 02:56:04";93
"2018-05-12 03:06:05";93
"2018-05-12 03:16:05";93
"2018-05-12 03:26:05";96
"2018-05-12 03:36:04";96
"2018-05-12 03:46:04";96
"2018-05-12 03:56:09";94
"2018-05-12 04:06:04";94
"2018-05-12 04:16:05";94
"2018-05-12 04:26:05";92
"2018-05-12 04:36:04";92
"2018-05-12 04:56:05";94
"2018-05-12 05:06:04";94
"2018-05-12 05:16:04";95
"2018-05-12 05:26:05";95
"2018-05-12 05:36:05";95
"2018-05-12 05:46:05";95
"2018-05-12 05:56:04";97
"2018-05-12 06:06:04";97
"2018-05-12 06:16:05";97
"2018-05-12 06:26:05";93
"2018-05-12 06:36:04";93
"2018-05-12 06:46:05";94
"2018-05-12 06:56:10";94
"2018-05-12 07:06:04";94
"2018-05-12 07:16:05";94
"2018-05-12 07:26:04";94
"2018-05-12 07:36:05";94
"2018-05-12 07:46:04";93
"2018-05-12 07:56:10";93
"2018-05-12 08:06:05";93
"2018-05-12 08:16:04";94
"2018-05-12 08:26:04";94
"2018-05-12 08:36:04";94
"2018-05-12 08:46:05";94
"2018-05-12 08:56:09";96
"2018-05-12 09:06:04";96
"2018-05-12 09:16:05";96
"2018-05-12 09:26:04";96
"2018-05-12 09:36:05";96
"2018-05-12 09:46:05";93
"2018-05-12 09:56:05";93
"2018-05-12 10:06:05";93
"2018-05-12 10:16:05";93
"2018-05-12 10:26:05";92
"2018-05-12 10:36:04";92
"2018-05-12 10:46:05";92
"2018-05-12 10:56:05";89
"2018-05-12 11:06:04";89
"2018-05-12 11:16:04";89
"2018-05-12 11:26:05";91
"2018-05-12 11:36:04";91
"2018-05-12 11:46:05";91
"2018-05-12 11:56:05";89
"2018-05-12 12:06:05";89
"2018-05-12 12:16:05";90
"2018-05-12 12:26:04";90
"2018-05-12 12:46:04";92
"2018-05-12 12:56:05";92
"2018-05-12 13:06:05";92
"2018-05-12 13:16:04";91
"2018-05-12 13:26:04";91
"2018-05-12 13:36:05";91
"2018-05-12 13:46:04";89
"2018-05-12 13:56:10";89
"2018-05-12 14:06:05";89
"2018-05-12 14:16:05";90
"2018-05-12 14:26:04";90
"2018-05-12 14:36:05";90
"2018-05-12 14:46:04";94
"2018-05-12 14:56:04";94
"2018-05-12 15:06:05";94
"2018-05-12 15:16:05";94
"2018-05-12 15:26:05";92
"2018-05-12 15:36:04";92
"2018-05-12 15:46:05";92
"2018-05-12 15:56:05";91
"2018-05-12 16:06:05";91
"2018-05-12 16:16:05";90
"2018-05-12 16:26:04";90
"2018-05-12 16:36:04";90
"2018-05-12 16:46:05";90
"2018-05-12 16:56:04";89
"2018-05-12 17:06:05";89
"2018-05-12 17:16:04";89
"2018-05-12 17:26:04";90
"2018-05-12 17:36:04";90
"2018-05-12 17:46:04";90
"2018-05-12 17:56:05";91
"2018-05-12 18:06:05";91
"2018-05-12 18:16:05";88
"2018-05-12 18:26:05";88
"2018-05-12 18:36:04";88
"2018-05-12 18:46:05";90
"2018-05-12 18:56:05";90
"2018-05-12 19:06:05";90
"2018-05-12 19:16:05";89
"2018-05-12 19:26:04";89
"2018-05-12 19:36:05";89
"2018-05-12 19:46:05";90
"2018-05-12 19:56:04";90
"2018-05-12 20:06:04";90
"2018-05-12 20:26:04";88
"2018-05-12 20:36:05";88
"2018-05-12 20:46:05";88
"2018-05-12 20:56:09";92
"2018-05-12 21:06:05";92
"2018-05-12 21:16:05";92
"2018-05-12 21:26:04";93
"2018-05-12 21:36:05";93
"2018-05-12 21:46:04";93
"2018-05-12 21:56:05";91
"2018-05-12 22:06:06";91
"2018-05-12 22:16:05";90
"2018-05-12 22:26:05";90
"2018-05-12 22:36:05";90
"2018-05-12 22:46:05";90
"2018-05-12 22:56:05";94
"2018-05-12 23:06:04";94
"2018-05-12 23:16:04";94
"2018-05-12 23:26:05";92
"2018-05-13 00:26:05";96
"2018-05-13 00:36:04";96
"2018-05-13 00:46:06";96
"2018-05-13 00:56:10";95
"2018-05-13 01:06:06";95
"2018-05-13 01:16:04";95
"2018-05-13 01:26:04";95
"2018-05-13 01:36:04";95
"2018-05-13 01:46:05";95
"2018-05-13 01:56:05";95
"2018-05-13 02:06:04";95
"2018-05-13 02:16:15";94
"2018-05-13 02:26:05";94
"2018-05-13 02:36:04";94
"2018-05-13 02:46:04";94
"2018-05-13 02:56:04";97
"2018-05-13 03:06:05";97
"2018-05-13 03:16:04";97
"2018-05-13 03:26:05";95
"2018-05-13 03:36:04";95
"2018-05-13 03:46:05";95
"2018-05-13 03:56:09";99
"2018-05-13 04:06:05";99
"2018-05-13 04:16:04";99
"2018-05-13 04:36:05";97
"2018-05-13 04:46:05";98
"2018-05-13 04:56:05";98
"2018-05-13 05:06:06";98
"2018-05-13 05:16:04";98
"2018-05-13 05:26:04";101
"2018-05-13 05:36:04";101
"2018-05-13 05:46:05";102
"2018-05-13 05:56:04";102
"2018-05-13 06:06:04";102
"2018-05-13 06:16:05";102
"2018-05-13 06:26:05";102
"2018-05-13 06:36:04";102
"2018-05-13 06:46:04";102
"2018-05-13 06:56:04";99
"2018-05-13 07:06:04";99
"2018-05-13 07:16:04";99
"2018-05-13 07:26:04";99
"2018-05-13 07:36:05";101
"2018-05-13 07:46:05";101
"2018-05-13 07:56:10";99
"2018-05-13 08:06:04";99
"2018-05-13 08:16:04";101
"2018-05-13 08:26:05";101
"2018-05-13 08:36:05";101
"2018-05-13 08:46:04";101
"2018-05-13 08:56:04";103
"2018-05-13 09:06:05";103
"2018-05-13 09:16:05";103
"2018-05-13 09:26:04";102
"2018-05-13 09:36:04";102
"2018-05-13 09:46:04";102
"2018-05-13 09:56:05";101
"2018-05-13 10:06:04";101
"2018-05-13 10:16:05";104
"2018-05-13 10:26:04";104
"2018-05-13 10:36:04";104
"2018-05-13 10:46:05";100
"2018-05-13 10:56:04";100
"2018-05-13 11:06:05";100
"2018-05-13 11:16:05";101
"2018-05-13 11:26:04";101
"2018-05-13 11:36:05";101
"2018-05-13 11:46:04";101
"2018-05-13 11:56:10";101
"2018-05-13 12:06:04";101
"2018-05-13 12:16:04";101
"2018-05-13 12:36:04";101
"2018-05-13 12:46:04";101
"2018-05-13 12:56:10";101
"2018-05-13 13:06:04";101
"2018-05-13 13:16:05";101
"2018-05-13 13:26:05";102
"2018-05-13 13:36:04";102
"2018-05-13 13:46:04";101
"2018-05-13 13:56:12";101
"2018-05-13 14:06:05";101
"2018-05-13 14:16:05";102
"2018-05-13 14:26:04";102
"2018-05-13 14:36:04";102
"2018-05-13 14:46:05";102
"2018-05-13 14:56:10";97
"2018-05-13 15:06:04";97
"2018-05-13 15:16:05";97
"2018-05-13 15:26:04";101
"2018-05-13 15:36:04";101
"2018-05-13 15:46:05";102
"2018-05-13 15:56:09";102
"2018-05-13 16:06:04";102
"2018-05-13 16:16:05";102
"2018-05-13 16:26:05";99
"2018-05-13 16:36:04";99
"2018-05-13 16:46:05";99
"2018-05-13 16:56:09";101
"2018-05-13 17:06:05";101
"2018-05-13 17:16:04";101
"2018-05-13 17:26:05";101
"2018-05-13 17:36:04";101
"2018-05-13 17:46:04";101
"2018-05-13 17:56:05";99
"2018-05-13 18:06:05";99
"2018-05-13 18:16:05";101
"2018-05-13 18:26:05";101
"2018-05-13 18:36:05";101
"2018-05-13 18:46:04";101
"2018-05-13 18:56:10";103
"2018-05-13 19:06:05";103
"2018-05-13 19:16:05";103
"2018-05-13 19:26:05";102
"2018-05-13 19:36:04";102
"2018-05-13 19:46:05";102
"2018-05-13 19:56:09";104
"2018-05-13 20:06:05";104
"2018-05-13 20:26:05";104
"2018-05-13 20:36:04";104
"2018-05-13 20:46:05";104
"2018-05-13 20:56:05";104
"2018-05-13 21:06:05";104
"2018-05-13 21:16:05";104
"2018-05-13 21:26:04";104
"2018-05-13 21:36:04";104
"2018-05-13 21:46:04";107
"2018-05-13 21:56:05";107
"2018-05-13 22:06:06";107
"2018-05-13 22:16:06";109
"2018-05-13 22:26:06";109
"2018-05-13 22:36:05";109
"2018-05-13 22:46:05";109
"2018-05-13 22:56:15";104
"2018-05-13 23:06:05";104
"2018-05-13 23:16:05";105
"2018-05-13 23:26:04";105
"2018-05-13 23:36:06";105
"2018-05-13 23:46:06";105
"2018-05-13 23:56:10";104
"2018-05-14 00:06:05";104
"2018-05-14 00:16:05";104
"2018-05-14 00:26:06";102
"2018-05-14 00:36:05";102
"2018-05-14 00:46:06";104
"2018-05-14 00:56:10";104
"2018-05-14 01:06:05";104
"2018-05-14 01:16:06";104
"2018-05-14 01:26:05";105
"2018-05-14 01:36:04";105
"2018-05-14 01:46:05";105
"2018-05-14 01:56:15";108
"2018-05-14 02:06:04";108
"2018-05-14 02:16:13";108
"2018-05-14 02:26:05";108
"2018-05-14 02:36:04";108
"2018-05-14 02:46:04";108
"2018-05-14 02:56:05";111
"2018-05-14 03:06:04";111
"2018-05-14 03:16:05";111
"2018-05-14 03:26:05";113
"2018-05-14 03:36:04";113
"2018-05-14 03:46:05";113
"2018-05-14 03:56:04";110
"2018-05-14 04:16:04";110
"2018-05-14 04:26:04";107
"2018-05-14 04:36:04";107
"2018-05-14 04:46:05";111
"2018-05-14 04:56:05";111
"2018-05-14 05:06:05";111
"2018-05-14 05:16:04";111
"2018-05-14 05:26:05";104
"2018-05-14 05:36:05";104
"2018-05-14 05:46:05";109
"2018-05-14 05:56:04";109
"2018-05-14 06:06:04";109
"2018-05-14 06:16:04";109
"2018-05-14 06:26:05";116
"2018-05-14 06:36:04";116
"2018-05-14 06:46:04";116
"2018-05-14 06:56:05";110
"2018-05-14 07:06:05";110
"2018-05-14 07:16:04";110
"2018-05-14 07:26:05";110
"2018-05-14 07:36:04";110
"2018-05-14 07:46:05";107
"2018-05-14 07:56:12";107
"2018-05-14 08:06:04";107
"2018-05-14 08:16:04";107
"2018-05-14 08:26:05";105
"2018-05-14 08:36:04";105
"2018-05-14 08:46:05";105
"2018-05-14 08:56:05";107
"2018-05-14 09:06:04";107
"2018-05-14 09:16:04";107
"2018-05-14 09:26:05";105
"2018-05-14 09:36:04";105
"2018-05-14 09:46:04";105
"2018-05-14 09:56:15";105
"2018-05-14 10:06:05";105
"2018-05-14 10:16:04";105
"2018-05-14 10:26:04";105
"2018-05-14 10:36:05";105
"2018-05-14 10:46:05";105
"2018-05-14 10:56:09";101
"2018-05-14 11:06:04";101
"2018-05-14 11:16:06";102
"2018-05-14 11:36:05";102
"2018-05-14 11:46:05";102
"2018-05-14 11:56:10";103
"2018-05-14 12:06:05";103
"2018-05-14 12:16:05";103
"2018-05-14 12:26:05";103
"2018-05-14 12:36:04";103
"2018-05-14 12:46:05";103
"2018-05-14 12:56:04";98
"2018-05-14 13:06:05";98
"2018-05-14 13:16:05";98
"2018-05-14 13:26:04";98
"2018-05-14 13:36:04";98
"2018-05-14 13:46:04";98
"2018-05-14 13:56:09";98
"2018-05-14 14:06:04";98
"2018-05-14 14:16:05";99
"2018-05-14 14:26:05";99
"2018-05-14 14:36:05";99
"2018-05-14 14:46:05";99
"2018-05-14 14:56:14";99
"2018-05-14 15:06:05";99
"2018-05-14 15:16:05";99
"2018-05-14 15:26:05";100
"2018-05-14 15:36:05";100
"2018-05-14 15:46:05";100
"2018-05-14 15:56:10";98
"2018-05-14 16:06:05";98
"2018-05-14 16:16:05";98
"2018-05-14 16:26:05";98
"2018-05-14 16:36:04";98
"2018-05-14 16:46:04";98
"2018-05-14 16:56:05";98
"2018-05-14 17:06:04";98
"2018-05-14 17:16:05";98
"2018-05-14 17:26:05";97
"2018-05-14 17:36:05";97
"2018-05-14 17:46:05";97
"2018-05-14 17:56:09";95
"2018-05-14 18:06:05";95
"2018-05-14 18:26:04";96
"2018-05-14 18:36:05";96
"2018-05-14 18:46:04";96
"2018-05-14 18:56:05";96
"2018-05-14 19:06:05";96
"2018-05-14 19:16:05";96
"2018-05-14 19:26:05";97
"2018-05-14 19:36:05";97
"2018-05-14 19:46:05";97
"2018-05-14 19:56:04";97
"2018-05-14 20:06:04";97
"2018-05-14 20:16:05";96
"2018-05-14 20:26:05";96
"2018-05-14 20:36:04";96
"2018-05-14 20:46:05";96
"2018-05-14 20:56:15";95
"2018-05-14 21:06:05";95
"2018-05-14 21:16:04";95
"2018-05-14 21:26:05";95
"2018-05-14 21:36:05";95
"2018-05-14 21:46:05";95
"2018-05-14 21:56:10";96
"2018-05-14 22:06:07";96
"2018-05-14 22:16:06";96
"2018-05-14 22:26:05";93
"2018-05-14 22:36:05";93
"2018-05-14 22:46:05";93
"2018-05-14 22:56:04";93
"2018-05-14 23:06:04";93
"2018-05-14 23:16:05";93
"2018-05-14 23:26:05";93
"2018-05-14 23:36:06";93
"2018-05-14 23:46:04";93
"2018-05-14 23:56:16";93
"2018-05-15 00:06:06";93
"2018-05-15 00:16:05";93
"2018-05-15 00:26:04";92
"2018-05-15 00:36:04";92
"2018-05-15 00:46:06";93
"2018-05-15 00:56:05";93
"2018-05-15 01:06:05";93
"2018-05-15 01:16:05";93
"2018-05-15 01:26:05";93
"2018-05-15 01:36:04";93
"2018-05-15 01:46:05";91
"2018-05-15 02:06:04";91
"2018-05-15 02:16:15";91
"2018-05-15 02:26:05";88
"2018-05-15 02:36:05";88
"2018-05-15 02:46:04";91
"2018-05-15 02:56:04";91
"2018-05-15 03:06:05";91
"2018-05-15 03:16:05";91
"2018-05-15 03:26:04";90
"2018-05-15 03:36:04";90
"2018-05-15 03:46:04";90
"2018-05-15 03:56:13";90
"2018-05-15 04:06:04";90
"2018-05-15 04:16:04";90
"2018-05-15 04:26:05";90
"2018-05-15 04:36:05";90
"2018-05-15 04:46:04";90
"2018-05-15 04:56:04";89
"2018-05-15 05:06:05";89
"2018-05-15 05:16:05";89
"2018-05-15 05:26:04";89
"2018-05-15 05:36:04";89
"2018-05-15 05:46:04";89
"2018-05-15 05:56:13";89
"2018-05-15 06:06:05";89
"2018-05-15 06:16:04";89
"2018-05-15 06:26:05";88
"2018-05-15 06:36:04";88
"2018-05-15 06:46:05";87
"2018-05-15 06:56:10";87
"2018-05-15 07:06:04";87
"2018-05-15 07:16:04";88
"2018-05-15 07:26:05";88
"2018-05-15 07:36:05";88
"2018-05-15 07:46:04";88
"2018-05-15 07:56:05";88
"2018-05-15 08:06:05";88
"2018-05-15 08:16:05";87
"2018-05-15 08:26:05";87
"2018-05-15 08:36:04";87
"2018-05-15 08:46:05";87
"2018-05-15 08:56:05";88
"2018-05-15 09:06:04";88
"2018-05-15 09:16:05";88
"2018-05-15 09:26:05";88
"2018-05-15 09:46:04";88
"2018-05-15 09:56:10";88
"2018-05-15 10:06:04";88
"2018-05-15 10:16:05";88
"2018-05-15 10:26:04";85
"2018-05-15 10:36:04";85
"2018-05-15 10:46:05";80
"2018-05-15 10:56:10";80
"2018-05-15 11:06:05";80
"2018-05-15 11:16:04";80
"2018-05-15 11:26:05";85
"2018-05-15 11:36:04";85
"2018-05-15 11:46:04";85
"2018-05-15 11:56:05";85
"2018-05-15 12:06:05";85
"2018-05-15 12:16:04";85
"2018-05-15 12:26:04";85
"2018-05-15 12:36:05";85
"2018-05-15 12:46:05";85
"2018-05-15 12:56:10";86
"2018-05-15 13:06:05";86
"2018-05-15 13:16:04";86
"2018-05-15 13:26:04";85
"2018-05-15 13:36:04";85
"2018-05-15 13:46:05";82
"2018-05-15 13:56:13";82
"2018-05-15 14:06:05";82
"2018-05-15 14:16:05";82
"2018-05-15 14:26:05";87
"2018-05-15 14:36:04";87
"2018-05-15 14:46:04";84
"2018-05-15 14:56:05";84
"2018-05-15 15:06:05";84
"2018-05-15 15:16:05";85
"2018-05-15 15:26:04";85
"2018-05-15 15:36:05";85
"2018-05-15 15:46:04";85
"2018-05-15 15:56:14";86
"2018-05-15 16:06:04";86
"2018-05-15 16:16:04";86
"2018-05-15 16:26:05";83
"2018-05-15 16:36:05";83
"2018-05-15 16:46:05";86
"2018-05-15 16:56:05";86
"2018-05-15 17:06:04";86
"2018-05-15 17:26:05";86
"2018-05-15 17:36:05";86
"2018-05-15 17:46:05";86
"2018-05-15 17:56:15";85
"2018-05-15 18:06:04";85
"2018-05-15 18:16:05";85
"2018-05-15 18:36:04";86
"2018-05-15 18:46:04";86
"2018-05-15 18:56:04";87
"2018-05-15 19:06:05";87
"2018-05-15 19:16:04";87
"2018-05-15 19:26:04";88
"2018-05-15 19:46:05";88
"2018-05-15 19:56:04";88
"2018-05-15 20:06:05";88
"2018-05-15 20:16:05";88
"2018-05-15 20:26:05";85
"2018-05-15 20:36:05";85
"2018-05-15 20:46:05";85
"2018-05-15 20:56:15";84
"2018-05-15 21:06:05";84
"2018-05-15 21:16:05";84
"2018-05-15 21:26:04";88
"2018-05-15 21:36:04";88
"2018-05-15 21:46:05";88
"2018-05-15 21:56:05";85
"2018-05-15 22:06:08";85
"2018-05-15 22:16:06";85
"2018-05-15 22:26:06";86
"2018-05-15 22:36:05";86
"2018-05-15 22:56:05";86
"2018-05-15 23:06:04";86
"2018-05-15 23:16:05";86
"2018-05-15 23:26:05";84
"2018-05-15 23:36:05";84
"2018-05-15 23:46:05";84
"2018-05-15 23:56:11";88
"2018-05-16 00:06:06";88
"2018-05-16 00:16:05";84
"2018-05-16 00:26:05";84
"2018-05-16 00:36:04";84
"2018-05-16 00:46:05";88
"2018-05-16 00:56:05";88
"2018-05-16 01:06:05";88
"2018-05-16 01:16:05";88
"2018-05-16 01:26:05";88
"2018-05-16 01:36:05";88
"2018-05-16 01:46:05";88
"2018-05-16 01:56:05";85
"2018-05-16 02:06:04";85
"2018-05-16 02:16:04";84
"2018-05-16 02:26:04";84
"2018-05-16 02:36:10";84
"2018-05-16 02:46:05";85
"2018-05-16 02:56:15";85
"2018-05-16 03:06:05";85
"2018-05-16 03:16:05";81
"2018-05-16 03:26:04";81
"2018-05-16 03:36:04";81
"2018-05-16 03:46:04";84
"2018-05-16 03:56:04";84
"2018-05-16 04:06:05";84
"2018-05-16 04:16:05";85
"2018-05-16 04:26:04";85
"2018-05-16 04:36:04";85
"2018-05-16 04:46:04";85
"2018-05-16 04:56:05";84
"2018-05-16 05:06:04";84
"2018-05-16 05:16:05";83
"2018-05-16 05:26:05";83
"2018-05-16 05:36:04";83
"2018-05-16 05:46:05";83
"2018-05-16 05:56:04";85
"2018-05-16 06:06:04";85
"2018-05-16 06:16:05";83
"2018-05-16 06:36:04";83
"2018-05-16 06:46:05";81
"2018-05-16 06:56:13";81
"2018-05-16 07:06:05";81
"2018-05-16 07:16:04";81
"2018-05-16 07:26:04";84
"2018-05-16 07:36:05";84
"2018-05-16 07:46:05";84
"2018-05-16 07:56:10";82
"2018-05-16 08:06:04";82
"2018-05-16 08:16:05";82
"2018-05-16 08:26:05";83
"2018-05-16 08:36:05";83
"2018-05-16 08:46:04";83
"2018-05-16 08:56:05";84
"2018-05-16 09:06:05";84
"2018-05-16 09:16:05";84
"2018-05-16 09:26:04";84
"2018-05-16 09:36:04";84
"2018-05-16 09:46:05";83
"2018-05-16 09:56:09";83
"2018-05-16 10:06:04";83
"2018-05-16 10:16:04";83
"2018-05-16 10:26:05";82
"2018-05-16 10:36:05";82
"2018-05-16 10:46:05";82
"2018-05-16 10:56:15";82
"2018-05-16 11:06:04";82
"2018-05-16 11:16:05";82
"2018-05-16 11:26:05";79
"2018-05-16 11:36:05";79
"2018-05-16 11:46:05";79
"2018-05-16 11:56:10";82
"2018-05-16 12:06:04";82
"2018-05-16 12:16:05";82
"2018-05-16 12:26:05";79
"2018-05-16 12:46:04";78
"2018-05-16 12:56:09";78
"2018-05-16 13:06:05";78
"2018-05-16 13:16:05";78
"2018-05-16 13:26:04";83
"2018-05-16 13:36:04";83
"2018-05-16 13:46:04";83
"2018-05-16 13:56:10";80
"2018-05-16 14:06:05";80
"2018-05-16 14:16:05";80
"2018-05-16 14:26:04";78
"2018-05-16 14:36:04";78
"2018-05-16 14:46:04";78
"2018-05-16 14:56:04";81
"2018-05-16 15:06:05";81
"2018-05-16 15:16:05";79
"2018-05-16 15:26:05";79
"2018-05-16 15:36:05";79
"2018-05-16 15:46:05";79
"2018-05-16 15:56:09";82
"2018-05-16 16:06:04";82
"2018-05-16 16:16:05";82
"2018-05-16 16:26:04";83
"2018-05-16 16:36:04";83
"2018-05-16 16:46:04";83
"2018-05-16 16:56:04";84
"2018-05-16 17:06:04";84
"2018-05-16 17:16:05";80
"2018-05-16 17:26:05";80
"2018-05-16 17:36:05";80
"2018-05-16 17:46:04";80
"2018-05-16 17:56:04";81
"2018-05-16 18:06:05";81
"2018-05-16 18:16:04";81
"2018-05-16 18:26:04";81
"2018-05-16 18:36:05";81
"2018-05-16 18:46:04";81
"2018-05-16 18:56:05";78
"2018-05-16 19:06:05";78
"2018-05-16 19:16:04";78
"2018-05-16 19:26:05";80
"2018-05-16 19:46:04";80
"2018-05-16 19:56:05";80
"2018-05-16 20:06:05";80
"2018-05-16 20:16:04";80
"2018-05-16 20:26:05";80
"2018-05-16 20:36:05";80
"2018-05-16 20:46:05";81
"2018-05-16 20:56:15";81
"2018-05-16 21:06:05";81
"2018-05-16 21:16:05";83
"2018-05-16 21:26:04";83
"2018-05-16 21:36:05";83
"2018-05-16 21:46:05";82
"2018-05-16 21:56:10";82
"2018-05-16 22:06:06";82
"2018-05-16 22:16:06";82
"2018-05-16 22:26:05";82
"2018-05-16 22:36:05";82
"2018-05-16 22:46:05";82
"2018-05-16 22:56:05";84
"2018-05-16 23:06:05";84
"2018-05-16 23:16:04";84
"2018-05-16 23:26:05";80
"2018-05-16 23:36:05";80
"2018-05-16 23:46:05";80
"2018-05-16 23:56:10";81
"2018-05-17 00:06:06";81
"2018-05-17 00:16:05";81
"2018-05-17 00:26:05";81
"2018-05-17 00:36:05";81
"2018-05-17 00:46:06";81
"2018-05-17 00:56:04";83
"2018-05-17 01:06:05";83
"2018-05-17 01:16:05";83
"2018-05-17 01:26:05";79
"2018-05-17 01:36:05";79
"2018-05-17 01:46:05";79
"2018-05-17 01:56:10";80
"2018-05-17 02:06:05";80
"2018-05-17 02:16:17";79
"2018-05-17 02:26:05";79
"2018-05-17 02:36:05";79
"2018-05-17 02:46:05";81
"2018-05-17 02:56:05";81
"2018-05-17 03:06:04";81
"2018-05-17 03:16:05";81
"2018-05-17 03:36:04";82
"2018-05-17 03:46:05";82
"2018-05-17 03:56:09";82
"2018-05-17 04:06:04";82
"2018-05-17 04:16:04";81
"2018-05-17 04:26:04";81
"2018-05-17 04:36:04";81
"2018-05-17 04:46:05";81
"2018-05-17 04:56:05";79
"2018-05-17 05:06:06";79
"2018-05-17 05:16:05";79
"2018-05-17 05:26:05";81
"2018-05-17 05:36:04";81
"2018-05-17 05:46:05";81
"2018-05-17 05:56:04";79
"2018-05-17 06:06:05";79
"2018-05-17 06:16:04";80
"2018-05-17 06:26:04";80
"2018-05-17 06:36:04";80
"2018-05-17 06:46:05";80
"2018-05-17 06:56:04";78
"2018-05-17 07:06:04";78
"2018-05-17 07:16:05";78
"2018-05-17 07:26:05";78
"2018-05-17 07:36:04";78
"2018-05-17 07:46:04";78
"2018-05-17 07:56:10";79
"2018-05-17 08:06:04";79
"2018-05-17 08:16:05";79
"2018-05-17 08:26:05";78
"2018-05-17 08:36:04";78
"2018-05-17 08:46:05";78
"2018-05-17 08:56:14";80
"2018-05-17 09:06:05";80
"2018-05-17 09:16:05";80
"2018-05-17 09:26:04";76
"2018-05-17 09:36:04";76
"2018-05-17 09:46:04";76
"2018-05-17 09:56:05";81
"2018-05-17 10:06:04";81
"2018-05-17 10:26:04";79
"2018-05-17 10:36:04";79
"2018-05-17 10:46:04";76
"2018-05-17 10:56:05";76
"2018-05-17 11:06:05";76
"2018-05-17 11:16:04";76
"2018-05-17 11:26:05";76
"2018-05-17 11:36:04";76
"2018-05-17 11:46:04";76
"2018-05-17 11:56:04";73
"2018-05-17 12:06:05";73
"2018-05-17 12:16:04";73
"2018-05-17 12:26:05";77
"2018-05-17 12:36:05";77
"2018-05-17 12:46:04";75
"2018-05-17 12:56:05";75
"2018-05-17 13:06:05";75
"2018-05-17 13:16:04";77
"2018-05-17 13:26:05";77
"2018-05-17 13:36:04";77
"2018-05-17 13:46:05";77
"2018-05-17 13:56:18";77
"2018-05-17 14:06:05";77
"2018-05-17 14:16:05";77
"2018-05-17 14:26:05";75
"2018-05-17 14:36:05";75
"2018-05-17 14:46:05";75
"2018-05-17 14:56:10";76
"2018-05-17 15:06:05";76
"2018-05-17 15:16:04";77
"2018-05-17 15:26:05";77
"2018-05-17 15:36:05";77
"2018-05-17 15:46:05";77
"2018-05-17 15:56:05";77
"2018-05-17 16:06:04";77
"2018-05-17 16:16:04";77
"2018-05-17 16:26:05";79
"2018-05-17 16:36:04";79
"2018-05-17 16:46:05";79
"2018-05-17 16:56:10";77
"2018-05-17 17:06:04";77
"2018-05-17 17:16:05";77
"2018-05-17 17:26:05";77
"2018-05-17 17:46:04";77
"2018-05-17 17:56:05";79
"2018-05-17 18:06:04";79
"2018-05-17 18:16:05";80
"2018-05-17 18:26:05";80
"2018-05-17 18:36:05";80
"2018-05-17 18:46:05";80
"2018-05-17 18:56:10";80
"2018-05-17 19:06:04";80
"2018-05-17 19:16:05";80
"2018-05-17 19:26:05";80
"2018-05-17 19:36:05";80
"2018-05-17 19:46:05";80
"2018-05-17 19:56:05";80
"2018-05-17 20:06:05";80
"2018-05-17 20:16:05";81
"2018-05-17 20:26:05";81
"2018-05-17 20:36:05";81
"2018-05-17 20:46:05";81
"2018-05-17 20:56:05";82
"2018-05-17 21:06:05";82
"2018-05-17 21:16:05";80
"2018-05-17 21:26:05";80
"2018-05-17 21:36:05";80
"2018-05-17 21:46:05";80
"2018-05-17 21:56:05";80
"2018-05-17 22:06:07";80
"2018-05-17 22:16:05";80
"2018-05-17 22:26:05";80
"2018-05-17 22:36:05";80
"2018-05-17 22:46:05";80
"2018-05-17 22:56:05";81
"2018-05-17 23:06:05";81
"2018-05-17 23:16:04";81
"2018-05-17 23:26:05";81
"2018-05-17 23:36:05";81
"2018-05-17 23:46:04";81
"2018-05-17 23:56:06";81
"2018-05-18 00:06:06";81
"2018-05-18 00:16:05";81
"2018-05-18 00:26:04";82
"2018-05-18 00:36:04";82
"2018-05-18 00:46:06";82
"2018-05-18 01:06:05";82
"2018-05-18 01:16:05";82
"2018-05-18 01:26:05";82
"2018-05-18 01:36:04";82
"2018-05-18 01:56:10";84
"2018-05-18 02:06:05";84
"2018-05-18 02:16:14";84
"2018-05-18 02:26:04";80
"2018-05-18 02:36:05";80
"2018-05-18 02:46:05";80
"2018-05-18 02:56:05";81
"2018-05-18 03:06:05";81
"2018-05-18 03:26:04";81
"2018-05-18 03:36:05";81
"2018-05-18 03:46:04";81
"2018-05-18 03:56:05";80
"2018-05-18 04:06:04";80
"2018-05-18 04:16:04";80
"2018-05-18 04:26:05";82
"2018-05-18 04:36:05";82
"2018-05-18 04:46:05";82
"2018-05-18 04:56:05";81
"2018-05-18 05:06:04";81
"2018-05-18 05:16:04";81
"2018-05-18 05:26:04";81
"2018-05-18 05:36:05";81
"2018-05-18 05:46:04";81
"2018-05-18 05:56:04";82
"2018-05-18 06:06:05";82
"2018-05-18 06:16:05";82
"2018-05-18 06:26:04";83
"2018-05-18 06:36:04";83
"2018-05-18 06:46:05";83
"2018-05-18 06:56:14";78
"2018-05-18 07:06:05";78
"2018-05-18 07:16:04";79
"2018-05-18 07:26:05";79
"2018-05-18 07:36:04";79
"2018-05-18 07:46:04";79
"2018-05-18 07:56:09";79
"2018-05-18 08:06:05";79
"2018-05-18 08:16:05";79
"2018-05-18 08:26:05";80
"2018-05-18 08:36:05";80
"2018-05-18 08:46:05";80
"2018-05-18 08:56:05";78
"2018-05-18 09:06:04";78
"2018-05-18 09:26:04";79
"2018-05-18 09:36:04";79
"2018-05-18 09:46:04";79
"2018-05-18 09:56:04";80
"2018-05-18 10:06:05";80
"2018-05-18 10:16:04";80
"2018-05-18 10:26:04";80
"2018-05-18 10:36:05";80
"2018-05-18 10:46:04";80
"2018-05-18 10:56:14";80
"2018-05-18 11:06:04";80
"2018-05-18 11:16:05";80
"2018-05-18 11:26:04";76
"2018-05-18 11:36:04";76
"2018-05-18 11:46:05";76
"2018-05-18 11:56:04";76
"2018-05-18 12:06:05";76
"2018-05-18 12:16:05";77
"2018-05-18 12:26:04";77
"2018-05-18 12:36:04";77
"2018-05-18 12:46:05";77
"2018-05-18 12:56:04";79
"2018-05-18 13:06:04";79
"2018-05-18 13:16:05";79
"2018-05-18 13:26:04";76
"2018-05-18 13:36:04";76
"2018-05-18 13:46:04";76
"2018-05-18 14:06:05";77
"2018-05-18 14:16:04";77
"2018-05-18 14:26:04";74
"2018-05-18 14:36:05";74
"2018-05-18 14:46:05";74
"2018-05-18 14:56:15";78
"2018-05-18 15:06:05";78
"2018-05-18 15:16:04";78
"2018-05-18 15:26:05";77
"2018-05-18 15:36:05";77
"2018-05-18 15:46:04";77
"2018-05-18 15:56:05";76
"2018-05-18 16:06:04";76
"2018-05-18 16:16:05";76
"2018-05-18 16:26:05";79
"2018-05-18 16:36:05";79
"2018-05-18 16:56:09";80
"2018-05-18 17:06:04";80
"2018-05-18 17:16:05";80
"2018-05-18 17:26:05";78
"2018-05-18 17:36:04";78
"2018-05-18 17:46:04";80
"2018-05-18 17:56:09";80
"2018-05-18 18:06:05";80
"2018-05-18 18:16:05";80
"2018-05-18 18:26:04";80
"2018-05-18 18:36:05";80
"2018-05-18 18:46:05";80
"2018-05-18 18:56:05";78
"2018-05-18 19:06:05";78
"2018-05-18 19:16:05";81
"2018-05-18 19:26:05";81
"2018-05-18 19:36:05";81
"2018-05-18 19:46:05";81
"2018-05-18 19:56:05";80
"2018-05-18 20:06:05";80
"2018-05-18 20:16:05";80
"2018-05-18 20:26:04";81
"2018-05-18 20:36:05";81
"2018-05-18 20:46:05";81
"2018-05-18 20:56:04";80
"2018-05-18 21:06:05";80
"2018-05-18 21:16:05";80
"2018-05-18 21:26:05";80
"2018-05-18 21:36:05";80
"2018-05-18 21:46:05";80
"2018-05-18 21:56:05";83
"2018-05-18 22:06:07";83
"2018-05-18 22:16:06";83
"2018-05-18 22:26:06";83
"2018-05-18 22:36:04";83
"2018-05-18 22:46:05";83
"2018-05-18 22:56:10";82
"2018-05-18 23:06:04";82
"2018-05-18 23:16:04";82
"2018-05-18 23:26:05";82
"2018-05-18 23:36:05";82
"2018-05-18 23:46:05";82
"2018-05-19 00:06:06";82
"2018-05-19 00:16:05";82
"2018-05-19 00:26:04";83
"2018-05-19 00:36:04";83
"2018-05-19 00:46:06";83
"2018-05-19 00:56:05";82
"2018-05-19 01:06:04";82
"2018-05-19 01:16:05";82
"2018-05-19 01:26:05";82
"2018-05-19 01:36:04";82
"2018-05-19 01:46:05";82
"2018-05-19 01:56:05";82
"2018-05-19 02:06:05";82
"2018-05-19 02:16:16";82
"2018-05-19 02:26:05";83
"2018-05-19 02:36:05";83
"2018-05-19 02:46:05";83
"2018-05-19 02:56:04";82
"2018-05-19 03:06:05";82
"2018-05-19 03:16:05";83
"2018-05-19 03:26:04";83
"2018-05-19 03:36:04";83
"2018-05-19 03:46:05";83
"2018-05-19 03:56:05";81
"2018-05-19 04:06:04";81
"2018-05-19 04:16:05";81
"2018-05-19 04:26:04";82
"2018-05-19 04:36:05";82
"2018-05-19 04:46:05";80
"2018-05-19 04:56:10";80
"2018-05-19 05:06:04";80
"2018-05-19 05:16:04";80
"2018-05-19 05:26:04";82
"2018-05-19 05:36:05";82
"2018-05-19 05:46:05";82
"2018-05-19 05:56:04";82
"2018-05-19 06:06:05";82
"2018-05-19 06:16:04";82
"2018-05-19 06:26:04";81
"2018-05-19 06:36:05";81
"2018-05-19 06:46:04";81
"2018-05-19 07:06:05";81
"2018-05-19 07:16:04";81
"2018-05-19 07:26:04";80
"2018-05-19 07:36:04";80
"2018-05-19 07:46:05";80
"2018-05-19 07:56:09";82
"2018-05-19 08:06:05";82
"2018-05-19 08:16:04";82
"2018-05-19 08:26:05";82
"2018-05-19 08:36:04";82
"2018-05-19 08:46:05";81
"2018-05-19 08:56:05";81
"2018-05-19 09:06:04";81
"2018-05-19 09:16:05";81
"2018-05-19 09:26:04";81
"2018-05-19 09:36:05";81
"2018-05-19 09:46:04";81
"2018-05-19 09:56:05";83
"2018-05-19 10:06:04";83
"2018-05-19 10:16:05";83
"2018-05-19 10:26:05";80
"2018-05-19 10:36:04";80
"2018-05-19 10:46:05";76
"2018-05-19 10:56:05";76
"2018-05-19 11:06:04";76
"2018-05-19 11:16:04";76
"2018-05-19 11:26:05";77
"2018-05-19 11:36:04";77
"2018-05-19 11:46:05";77
"2018-05-19 11:56:09";79
"2018-05-19 12:06:04";79
"2018-05-19 12:16:05";79
"2018-05-19 12:26:04";79
"2018-05-19 12:36:04";79
"2018-05-19 12:46:04";79
"2018-05-19 12:56:09";80
"2018-05-19 13:06:04";80
"2018-05-19 13:16:05";80
"2018-05-19 13:26:05";77
"2018-05-19 13:36:05";77
"2018-05-19 13:46:05";77
"2018-05-19 13:56:04";77
"2018-05-19 14:06:05";77
"2018-05-19 14:26:05";78
"2018-05-19 14:36:04";78
"2018-05-19 14:46:05";78
"2018-05-19 14:56:10";80
"2018-05-19 15:06:05";80
"2018-05-19 15:16:05";80
"2018-05-19 15:26:05";79
"2018-05-19 15:36:04";79
"2018-05-19 15:46:05";79
"2018-05-19 15:56:05";79
"2018-05-19 16:06:05";79
"2018-05-19 16:16:05";79
"2018-05-19 16:26:04";79
"2018-05-19 16:36:04";79
"2018-05-19 16:46:04";79
"2018-05-19 16:56:04";81
"2018-05-19 17:06:05";81
"2018-05-19 17:16:05";81
"2018-05-19 17:26:04";78
"2018-05-19 17:36:04";78
"2018-05-19 17:46:05";78
"2018-05-19 17:56:10";81
"2018-05-19 18:06:05";81
"2018-05-19 18:16:04";81
"2018-05-19 18:26:05";82
"2018-05-19 18:36:04";82
"2018-05-19 18:46:05";82
"2018-05-19 18:56:05";81
"2018-05-19 19:06:05";81
"2018-05-19 19:16:05";81
"2018-05-19 19:26:04";80
"2018-05-19 19:36:04";80
"2018-05-19 19:46:04";80
"2018-05-19 19:56:05";82
"2018-05-19 20:06:05";82
"2018-05-19 20:16:05";82
"2018-05-19 20:26:05";80
"2018-05-19 20:36:05";80
"2018-05-19 20:56:05";81
"2018-05-19 21:06:05";81
"2018-05-19 21:16:05";82
"2018-05-19 21:26:04";82
"2018-05-19 21:36:04";82
"2018-05-19 21:46:05";82
"2018-05-19 21:56:05";82
"2018-05-19 22:06:06";82
"2018-05-19 22:16:05";82
"2018-05-19 22:26:06";85
"2018-05-19 22:36:04";85
"2018-05-19 22:46:05";85
"2018-05-19 22:56:05";84
"2018-05-19 23:06:04";84
"2018-05-19 23:16:05";83
"2018-05-20 00:26:05";84
"2018-05-20 00:36:05";84
"2018-05-20 00:46:05";84
"2018-05-20 00:56:05";84
"2018-05-20 01:06:05";84
"2018-05-20 01:16:05";84
"2018-05-20 01:26:05";84
"2018-05-20 01:36:05";84
"2018-05-20 01:46:04";84
"2018-05-20 01:56:05";84
"2018-05-20 02:06:05";84
"2018-05-20 02:16:16";83
"2018-05-20 02:26:04";83
"2018-05-20 02:36:05";83
"2018-05-20 02:46:04";85
"2018-05-20 02:56:04";85
"2018-05-20 03:06:05";85
"2018-05-20 03:16:05";85
"2018-05-20 03:26:05";85
"2018-05-20 03:36:04";85
"2018-05-20 03:46:04";83
"2018-05-20 03:56:04";83
"2018-05-20 04:06:04";83
"2018-05-20 04:16:05";83
"2018-05-20 04:26:05";83
"2018-05-20 04:36:04";83
"2018-05-20 04:46:05";83
"2018-05-20 04:56:05";82
"2018-05-20 05:06:04";82
"2018-05-20 05:16:04";82
"2018-05-20 05:26:04";83
"2018-05-20 05:36:04";83
"2018-05-20 05:46:05";83
"2018-05-20 05:56:04";83
"2018-05-20 06:06:04";83
"2018-05-20 06:16:04";82
"2018-05-20 06:26:04";82
"2018-05-20 06:36:04";82
"2018-05-20 06:46:05";82
"2018-05-20 06:56:04";81
"2018-05-20 07:06:04";81
"2018-05-20 07:16:04";81
"2018-05-20 07:26:04";83
"2018-05-20 07:36:05";83
"2018-05-20 07:56:09";81
"2018-05-20 08:06:05";81
"2018-05-20 08:16:05";81
"2018-05-20 08:26:04";82
"2018-05-20 08:36:04";82
"2018-05-20 08:46:05";82
"2018-05-20 08:56:05";80
"2018-05-20 09:06:05";80
"2018-05-20 09:16:04";80
"2018-05-20 09:26:05";81
"2018-05-20 09:36:04";81
"2018-05-20 09:46:05";81
"2018-05-20 09:56:04";81
"2018-05-20 10:06:05";81
"2018-05-20 10:16:05";81
"2018-05-20 10:26:04";82
"2018-05-20 10:36:05";82
"2018-05-20 10:46:04";82
"2018-05-20 10:56:05";80
"2018-05-20 11:06:04";80
"2018-05-20 11:16:04";80
"2018-05-20 11:26:04";82
"2018-05-20 11:36:05";82
"2018-05-20 11:46:04";82
"2018-05-20 11:56:05";82
"2018-05-20 12:06:05";82
"2018-05-20 12:16:05";83
"2018-05-20 12:26:04";83
"2018-05-20 12:36:05";83
"2018-05-20 12:46:05";86
"2018-05-20 12:56:05";86
"2018-05-20 13:06:04";86
"2018-05-20 13:16:04";86
"2018-05-20 13:26:05";82
"2018-05-20 13:36:05";82
"2018-05-20 13:46:05";80
"2018-05-20 13:56:09";80
"2018-05-20 14:06:05";80
"2018-05-20 14:16:05";80
"2018-05-20 14:26:05";85
"2018-05-20 14:36:05";85
"2018-05-20 14:46:05";83
"2018-05-20 15:06:05";83
"2018-05-20 15:16:05";83
"2018-05-20 15:26:05";82
"2018-05-20 15:36:04";82
"2018-05-20 15:46:05";82
"2018-05-20 15:56:05";81
"2018-05-20 16:06:04";81
"2018-05-20 16:16:05";81
"2018-05-20 16:26:05";83
"2018-05-20 16:36:05";83
"2018-05-20 16:46:04";82
"2018-05-20 16:56:10";82
"2018-05-20 17:06:05";82
"2018-05-20 17:16:04";82
"2018-05-20 17:26:05";82
"2018-05-20 17:36:05";82
"2018-05-20 17:46:05";82
"2018-05-20 17:56:05";81
"2018-05-20 18:06:05";81
"2018-05-20 18:16:04";80
"2018-05-20 18:26:05";80
"2018-05-20 18:36:04";80
"2018-05-20 18:46:05";80
"2018-05-20 18:56:05";80
"2018-05-20 19:06:04";80
"2018-05-20 19:16:04";80
"2018-05-20 19:26:05";81
"2018-05-20 19:36:04";81
"2018-05-20 19:46:05";83
"2018-05-20 19:56:05";83
"2018-05-20 20:06:04";83
"2018-05-20 20:16:05";83
"2018-05-20 20:26:05";80
"2018-05-20 20:36:04";80
"2018-05-20 20:46:04";80
"2018-05-20 20:56:10";79
"2018-05-20 21:06:04";79
"2018-05-20 21:16:05";79
"2018-05-20 21:26:05";80
"2018-05-20 21:36:05";80
"2018-05-20 21:46:05";80
"2018-05-20 21:56:15";82
"2018-05-20 22:16:06";82
"2018-05-20 22:26:06";81
"2018-05-20 22:36:04";81
"2018-05-20 22:46:04";81
"2018-05-20 22:56:05";81
"2018-05-20 23:06:05";81
"2018-05-20 23:16:05";83
"2018-05-20 23:26:05";83
"2018-05-20 23:36:05";83
"2018-05-20 23:46:05";80
"2018-05-20 23:56:10";80
"2018-05-21 00:06:04";80
"2018-05-21 00:16:05";80
"2018-05-21 00:26:06";79
"2018-05-21 00:36:06";79
"2018-05-21 00:46:06";79
"2018-05-21 00:56:05";80
"2018-05-21 01:06:04";80
"2018-05-21 01:16:06";80
"2018-05-21 01:26:05";78
"2018-05-21 01:36:04";78
"2018-05-21 01:46:05";78
"2018-05-21 01:56:10";81
"2018-05-21 02:06:04";81
"2018-05-21 02:16:15";79
"2018-05-21 02:26:05";79
"2018-05-21 02:36:05";79
"2018-05-21 02:46:04";79
"2018-05-21 02:56:04";79
"2018-05-21 03:06:05";79
"2018-05-21 03:16:05";79
"2018-05-21 03:26:05";79
"2018-05-21 03:36:04";79
"2018-05-21 03:46:05";79
"2018-05-21 03:56:04";78
"2018-05-21 04:06:05";78
"2018-05-21 04:16:04";78
"2018-05-21 04:26:04";81
"2018-05-21 04:36:04";81
"2018-05-21 04:46:04";82
"2018-05-21 05:06:04";82
"2018-05-21 05:16:05";82
"2018-05-21 05:26:05";79
"2018-05-21 05:36:04";79
"2018-05-21 05:46:04";81
"2018-05-21 05:56:10";81
"2018-05-21 06:06:04";81
"2018-05-21 06:16:04";81
"2018-05-21 06:26:05";80
"2018-05-21 06:36:05";80
"2018-05-21 06:46:05";79
"2018-05-21 06:56:05";79
"2018-05-21 07:06:04";79
"2018-05-21 07:16:05";79
"2018-05-21 07:26:05";80
"2018-05-21 07:36:05";80
"2018-05-21 07:46:04";79
"2018-05-21 07:56:05";79
"2018-05-21 08:06:05";79
"2018-05-21 08:16:05";79
"2018-05-21 08:26:05";81
"2018-05-21 08:36:05";81
"2018-05-21 08:46:05";81
"2018-05-21 08:56:04";81
"2018-05-21 09:06:04";81
"2018-05-21 09:16:05";81
"2018-05-21 09:26:04";82
"2018-05-21 09:36:04";82
"2018-05-21 09:46:04";82
"2018-05-21 09:56:15";85
"2018-05-21 10:06:05";85
"2018-05-21 10:16:05";85
"2018-05-21 10:26:04";85
"2018-05-21 10:36:04";85
"2018-05-21 10:46:05";85
"2018-05-21 10:56:15";87
"2018-05-21 11:06:04";87
"2018-05-21 11:16:05";87
"2018-05-21 11:26:04";86
"2018-05-21 11:36:04";86
"2018-05-21 11:46:05";86
"2018-05-21 12:06:05";88
"2018-05-21 12:16:05";88
"2018-05-21 12:26:04";88
"2018-05-21 12:36:04";88
"2018-05-21 12:46:05";88
"2018-05-21 12:56:05";88
"2018-05-21 13:06:04";88
"2018-05-21 13:16:04";88
"2018-05-21 13:26:04";88
"2018-05-21 13:36:04";88
"2018-05-21 13:46:05";88
"2018-05-21 13:56:04";86
"2018-05-21 14:06:05";86
"2018-05-21 14:16:04";86
"2018-05-21 14:26:04";86
"2018-05-21 14:36:05";86
"2018-05-21 14:46:05";86
"2018-05-21 14:56:10";88
"2018-05-21 15:06:05";88
"2018-05-21 15:16:04";88
"2018-05-21 15:26:05";87
"2018-05-21 15:36:04";87
"2018-05-21 15:46:04";86
"2018-05-21 15:56:15";86
"2018-05-21 16:06:04";86
"2018-05-21 16:16:04";86
"2018-05-21 16:26:04";86
"2018-05-21 16:36:04";86
"2018-05-21 16:46:05";86
"2018-05-21 16:56:05";87
"2018-05-21 17:06:05";87
"2018-05-21 17:16:05";87
"2018-05-21 17:26:04";86
"2018-05-21 17:36:04";86
"2018-05-21 17:46:05";88
"2018-05-21 17:56:15";88
"2018-05-21 18:06:05";88
"2018-05-21 18:16:05";88
"2018-05-21 18:26:05";84
"2018-05-21 18:46:05";84
"2018-05-21 18:56:10";86
"2018-05-21 19:06:05";86
"2018-05-21 19:16:05";86
"2018-05-21 19:26:04";89
"2018-05-21 19:36:04";89
"2018-05-21 19:46:05";89
"2018-05-21 19:56:04";88
"2018-05-21 20:06:05";88
"2018-05-21 20:16:05";87
"2018-05-21 20:26:05";87
"2018-05-21 20:36:05";87
"2018-05-21 20:46:05";90
"2018-05-21 20:56:15";90
"2018-05-21 21:06:05";90
"2018-05-21 21:16:05";90
"2018-05-21 21:26:05";90
"2018-05-21 21:36:04";90
"2018-05-21 21:46:04";90
"2018-05-21 21:56:05";86
"2018-05-21 22:06:06";86
"2018-05-21 22:16:05";86
"2018-05-21 22:26:06";90
"2018-05-21 22:36:04";90
"2018-05-21 22:46:05";90
"2018-05-21 22:56:10";89
"2018-05-21 23:06:04";89
"2018-05-21 23:16:04";87
"2018-05-21 23:26:05";87
"2018-05-21 23:36:07";87
"2018-05-21 23:46:05";87
"2018-05-21 23:56:11";87
"2018-05-22 00:06:06";87
"2018-05-22 00:16:05";87
"2018-05-22 00:26:05";88
"2018-05-22 00:36:04";88
"2018-05-22 00:56:05";92
"2018-05-22 01:06:05";92
"2018-05-22 01:16:05";92
"2018-05-22 01:26:06";88
"2018-05-22 01:36:04";88
"2018-05-22 01:46:04";88
"2018-05-22 01:56:05";88
"2018-05-22 02:06:05";88
"2018-05-22 02:16:17";86
"2018-05-22 02:26:05";86
"2018-05-22 02:36:05";86
"2018-05-22 02:46:05";87
"2018-05-22 02:56:05";87
"2018-05-22 03:06:04";87
"2018-05-22 03:16:05";87
"2018-05-22 03:26:05";87
"2018-05-22 03:36:04";87
"2018-05-22 03:46:05";87
"2018-05-22 03:56:10";87
"2018-05-22 04:06:04";87
"2018-05-22 04:16:05";88
"2018-05-22 04:26:05";88
"2018-05-22 04:36:04";88
"2018-05-22 04:46:04";88
"2018-05-22 04:56:05";86
"2018-05-22 05:06:05";86
"2018-05-22 05:16:04";86
"2018-05-22 05:26:05";85
"2018-05-22 05:36:04";85
"2018-05-22 05:46:05";85
"2018-05-22 05:56:05";87
"2018-05-22 06:06:04";87
"2018-05-22 06:16:05";87
"2018-05-22 06:26:05";85
"2018-05-22 06:36:05";85
"2018-05-22 06:46:05";85
"2018-05-22 06:56:04";86
"2018-05-22 07:06:04";86
"2018-05-22 07:16:04";86
"2018-05-22 07:26:05";85
"2018-05-22 07:36:04";85
"2018-05-22 07:46:05";85
"2018-05-22 07:56:10";84
"2018-05-22 08:06:04";84
"2018-05-22 08:16:04";84
"2018-05-22 08:36:04";84
"2018-05-22 08:46:05";84
"2018-05-22 08:56:09";84
"2018-05-22 09:06:05";84
"2018-05-22 09:16:05";84
"2018-05-22 09:26:05";82
"2018-05-22 09:36:04";82
"2018-05-22 09:46:05";82
"2018-05-22 09:56:05";84
"2018-05-22 10:06:05";84
"2018-05-22 10:16:04";80
"2018-05-22 10:26:05";80
"2018-05-22 10:36:05";80
"2018-05-22 10:46:05";80
"2018-05-22 10:56:10";83
"2018-05-22 11:06:05";83
"2018-05-22 11:16:05";83
"2018-05-22 11:26:05";82
"2018-05-22 11:36:05";82
"2018-05-22 11:56:05";81
"2018-05-22 12:06:04";81
"2018-05-22 12:16:04";84
"2018-05-22 12:26:05";84
"2018-05-22 12:36:05";84
"2018-05-22 12:46:05";84
"2018-05-22 12:56:05";82
"2018-05-22 13:06:05";82
"2018-05-22 13:16:05";82
"2018-05-22 13:26:05";79
"2018-05-22 13:36:05";79
"2018-05-22 13:46:04";79
"2018-05-22 13:56:09";81
"2018-05-22 14:06:04";81
"2018-05-22 14:16:04";80
"2018-05-22 14:26:05";80
"2018-05-22 14:36:04";80
"2018-05-22 14:46:05";80
"2018-05-22 14:56:10";80
"2018-05-22 15:06:05";80
"2018-05-22 15:16:05";78
"2018-05-22 15:26:04";78
"2018-05-22 15:36:05";78
"2018-05-22 15:46:05";78
"2018-05-22 15:56:09";80
"2018-05-22 16:06:04";80
"2018-05-22 16:16:05";80
"2018-05-22 16:26:05";80
"2018-05-22 16:36:05";80
"2018-05-22 16:46:04";81
"2018-05-22 16:56:09";81
"2018-05-22 17:06:05";81
"2018-05-22 17:16:05";81
"2018-05-22 17:26:05";82
"2018-05-22 17:36:04";82
"2018-05-22 17:46:05";82
"2018-05-22 17:56:05";82
"2018-05-22 18:06:05";82
"2018-05-22 18:16:05";82
"2018-05-22 18:26:04";80
"2018-05-22 18:36:04";80
"2018-05-22 18:46:05";80
"2018-05-22 19:06:05";80
"2018-05-22 19:16:04";80
"2018-05-22 19:26:04";80
"2018-05-22 19:36:05";80
"2018-05-22 19:46:05";80
"2018-05-22 19:56:04";79
"2018-05-22 20:06:05";79
"2018-05-22 20:16:05";81
"2018-05-22 20:26:05";81
"2018-05-22 20:36:05";81
"2018-05-22 20:46:05";81
"2018-05-22 20:56:10";81
"2018-05-22 21:06:05";81
"2018-05-22 21:16:05";81
"2018-05-22 21:26:05";80
"2018-05-22 21:36:05";80
"2018-05-22 21:46:05";80
"2018-05-22 21:56:05";80
"2018-05-22 22:06:07";80
"2018-05-22 22:16:06";80
"2018-05-22 22:26:06";83
"2018-05-22 22:36:04";83
"2018-05-22 22:46:04";83
"2018-05-22 22:56:05";80
"2018-05-22 23:06:04";80
"2018-05-22 23:16:05";80
"2018-05-22 23:26:05";80
"2018-05-22 23:36:05";80
"2018-05-22 23:46:05";80
"2018-05-22 23:56:10";82
"2018-05-23 00:06:06";82
"2018-05-23 00:16:04";82
"2018-05-23 00:26:05";82
"2018-05-23 00:36:04";82
"2018-05-23 00:46:05";82
"2018-05-23 00:56:04";82
"2018-05-23 01:06:05";82
"2018-05-23 01:16:04";82
"2018-05-23 01:26:04";82
"2018-05-23 01:46:05";83
"2018-05-23 01:56:05";83
"2018-05-23 02:06:04";83
"2018-05-23 02:16:18";80
"2018-05-23 02:26:04";80
"2018-05-23 02:36:05";80
"2018-05-23 02:46:05";84
"2018-05-23 02:56:05";84
"2018-05-23 03:06:05";84
"2018-05-23 03:16:05";84
"2018-05-23 03:26:04";81
"2018-05-23 03:36:05";81
"2018-05-23 03:46:05";81
"2018-05-23 03:56:05";77
"2018-05-23 04:06:04";77
"2018-05-23 04:16:04";77
"2018-05-23 04:26:05";82
"2018-05-23 04:36:04";82
"2018-05-23 04:46:05";80
"2018-05-23 04:56:10";80
"2018-05-23 05:06:04";80
"2018-05-23 05:16:05";80
"2018-05-23 05:26:05";79
"2018-05-23 05:36:04";79
"2018-05-23 05:46:04";79
"2018-05-23 05:56:04";80
"2018-05-23 06:06:04";80
"2018-05-23 06:16:05";79
"2018-05-23 06:26:05";79
"2018-05-23 06:36:04";79
"2018-05-23 06:46:05";80
"2018-05-23 06:56:04";80
"2018-05-23 07:06:04";80
"2018-05-23 07:16:04";80
"2018-05-23 07:26:04";79
"2018-05-23 07:36:05";79
"2018-05-23 07:46:05";79
"2018-05-23 07:56:13";78
"2018-05-23 08:06:04";78
"2018-05-23 08:16:05";78
"2018-05-23 08:26:04";78
"2018-05-23 08:36:05";78
"2018-05-23 08:46:05";78
"2018-05-23 09:06:04";78
"2018-05-23 09:16:05";78
"2018-05-23 09:26:05";81
"2018-05-23 09:36:05";81
"2018-05-23 09:46:05";81
"2018-05-23 09:56:05";79
"2018-05-23 10:06:05";79
"2018-05-23 10:16:04";79
"2018-05-23 10:26:04";80
"2018-05-23 10:36:05";80
"2018-05-23 10:46:05";80
"2018-05-23 10:56:15";81
"2018-05-23 11:06:05";81
"2018-05-23 11:16:04";79
"2018-05-23 11:26:04";79
"2018-05-23 11:36:04";79
"2018-05-23 11:46:05";79
"2018-05-23 11:56:10";76
"2018-05-23 12:06:04";76
"2018-05-23 12:16:05";76
"2018-05-23 12:26:05";76
"2018-05-23 12:36:05";76
"2018-05-23 12:46:04";76
"2018-05-23 12:56:10";76
"2018-05-23 13:06:04";76
"2018-05-23 13:16:04";76
"2018-05-23 13:26:05";76
"2018-05-23 13:36:05";76
"2018-05-23 13:46:04";76
"2018-05-23 13:56:05";77
"2018-05-23 14:06:04";77
"2018-05-23 14:16:04";77
"2018-05-23 14:26:04";76
"2018-05-23 14:36:05";76
"2018-05-23 14:46:04";77
"2018-05-23 14:56:05";77
"2018-05-23 15:06:05";77
"2018-05-23 15:16:05";77
"2018-05-23 15:26:05";73
"2018-05-23 15:36:05";73
"2018-05-23 15:56:05";78
"2018-05-23 16:06:05";78
"2018-05-23 16:16:05";78
"2018-05-23 16:26:05";79
"2018-05-23 16:36:05";79
"2018-05-23 16:46:05";79
"2018-05-23 16:56:10";75
"2018-05-23 17:06:05";75
"2018-05-23 17:16:05";75
"2018-05-23 17:26:04";77
"2018-05-23 17:36:05";77
"2018-05-23 17:46:05";77
"2018-05-23 17:56:10";81
"2018-05-23 18:06:04";81
"2018-05-23 18:16:04";81
"2018-05-23 18:26:05";80
"2018-05-23 18:36:05";80
"2018-05-23 18:46:05";80
"2018-05-23 18:56:04";82
"2018-05-23 19:06:05";82
"2018-05-23 19:16:05";82
"2018-05-23 19:26:04";79
"2018-05-23 19:36:05";79
"2018-05-23 19:46:05";79
"2018-05-23 19:56:05";81
"2018-05-23 20:06:05";81
"2018-05-23 20:16:04";81
"2018-05-23 20:26:05";82
"2018-05-23 20:36:05";82
"2018-05-23 20:46:05";82
"2018-05-23 20:56:10";80
"2018-05-23 21:06:05";80
"2018-05-23 21:16:05";82
"2018-05-23 21:26:05";82
"2018-05-23 21:36:05";82
"2018-05-23 21:46:05";82
"2018-05-23 21:56:05";82
"2018-05-23 22:16:05";82
"2018-05-23 22:26:05";82
"2018-05-23 22:36:05";82
"2018-05-23 22:46:05";82
"2018-05-23 22:56:04";82
"2018-05-23 23:06:04";82
"2018-05-23 23:16:05";82
"2018-05-23 23:26:04";83
"2018-05-23 23:36:05";83
"2018-05-23 23:46:05";84
"2018-05-23 23:56:10";84
"2018-05-24 00:06:06";84
"2018-05-24 00:16:05";84
"2018-05-24 00:26:05";84
"2018-05-24 00:36:05";84
"2018-05-24 00:46:05";84
"2018-05-24 00:56:10";84
"2018-05-24 01:06:04";84
"2018-05-24 01:16:05";84
"2018-05-24 01:26:04";82
"2018-05-24 01:36:05";82
"2018-05-24 01:46:05";84
"2018-05-24 01:56:05";84
"2018-05-24 02:06:04";84
"2018-05-24 02:16:15";84
"2018-05-24 02:26:05";83
"2018-05-24 02:36:04";83
"2018-05-24 02:46:05";83
"2018-05-24 02:56:04";84
"2018-05-24 03:06:04";84
"2018-05-24 03:16:05";84
"2018-05-24 03:26:05";84
"2018-05-24 03:36:05";84
"2018-05-24 03:46:04";84
"2018-05-24 03:56:05";82
"2018-05-24 04:06:05";82
"2018-05-24 04:16:05";81
"2018-05-24 04:26:04";81
"2018-05-24 04:36:04";81
"2018-05-24 04:46:04";81
"2018-05-24 05:06:05";83
"2018-05-24 05:16:05";83
"2018-05-24 05:26:04";81
"2018-05-24 05:36:05";81
"2018-05-24 05:46:04";81
"2018-05-24 05:56:14";82
"2018-05-24 06:06:04";82
"2018-05-24 06:16:04";82
"2018-05-24 06:26:05";82
"2018-05-24 06:36:05";82
"2018-05-24 06:46:04";82
"2018-05-24 06:56:09";82
"2018-05-24 07:06:04";82
"2018-05-24 07:16:04";83
"2018-05-24 07:26:05";83
"2018-05-24 07:36:05";83
"2018-05-24 07:46:05";83
"2018-05-24 07:56:13";81
"2018-05-24 08:06:04";81
"2018-05-24 08:16:05";81
"2018-05-24 08:26:05";81
"2018-05-24 08:36:05";81
"2018-05-24 08:46:04";81
"2018-05-24 08:56:05";82
"2018-05-24 09:06:05";82
"2018-05-24 09:16:05";82
"2018-05-24 09:26:05";83
"2018-05-24 09:36:05";83
"2018-05-24 09:46:05";83
"2018-05-24 09:56:14";84
"2018-05-24 10:06:05";84
"2018-05-24 10:16:05";83
"2018-05-24 10:26:04";83
"2018-05-24 10:36:04";83
"2018-05-24 10:46:04";83
"2018-05-24 10:56:09";79
"2018-05-24 11:06:05";79
"2018-05-24 11:16:05";79
"2018-05-24 11:26:04";80
"2018-05-24 11:36:04";80
"2018-05-24 11:46:05";80
"2018-05-24 12:06:05";80
"2018-05-24 12:16:04";80
"2018-05-24 12:26:05";82
"2018-05-24 12:36:05";82
"2018-05-24 12:46:05";82
"2018-05-24 12:56:05";80
"2018-05-24 13:06:05";80
"2018-05-24 13:16:05";80
"2018-05-24 13:26:04";82
"2018-05-24 13:36:05";82
"2018-05-24 13:46:05";82
"2018-05-24 13:56:09";80
"2018-05-24 14:06:04";80
"2018-05-24 14:16:05";80
"2018-05-24 14:26:04";78
"2018-05-24 14:36:05";78
"2018-05-24 14:46:04";78
"2018-05-24 14:56:14";81
"2018-05-24 15:06:04";81
"2018-05-24 15:16:04";81
"2018-05-24 15:26:05";81
"2018-05-24 15:36:05";81
"2018-05-24 15:46:05";81
"2018-05-24 15:56:09";77
"2018-05-24 16:06:04";77
"2018-05-24 16:16:05";77
"2018-05-24 16:26:05";78
"2018-05-24 16:36:04";78
"2018-05-24 16:46:04";78
"2018-05-24 16:56:15";79
"2018-05-24 17:06:05";79
"2018-05-24 17:16:04";81
"2018-05-24 17:26:05";81
"2018-05-24 17:36:05";81
"2018-05-24 17:46:05";81
"2018-05-24 17:56:05";81
"2018-05-24 18:06:05";81
"2018-05-24 18:16:05";81
"2018-05-24 18:36:04";80
"2018-05-24 18:46:04";80
"2018-05-24 18:56:05";80
"2018-05-24 19:06:04";80
"2018-05-24 19:16:05";80
"2018-05-24 19:26:05";81
"2018-05-24 19:36:05";81
"2018-05-24 19:46:05";81
"2018-05-24 19:56:04";82
"2018-05-24 20:06:06";82
"2018-05-24 20:16:05";82
"2018-05-24 20:26:05";82
"2018-05-24 20:36:04";82
"2018-05-24 20:46:05";82
"2018-05-24 20:56:05";84
"2018-05-24 21:06:05";84
"2018-05-24 21:16:05";84
"2018-05-24 21:26:05";87
"2018-05-24 21:36:05";87
"2018-05-24 21:46:05";87
"2018-05-24 21:56:05";86
"2018-05-24 22:06:06";86
"2018-05-24 22:16:06";86
"2018-05-24 22:26:05";86
"2018-05-24 22:36:04";87
"2018-05-24 22:46:05";87
"2018-05-24 22:56:15";90
"2018-05-24 23:06:05";90
"2018-05-24 23:16:04";90
"2018-05-24 23:26:05";89
"2018-05-24 23:36:05";89
"2018-05-24 23:46:05";89
"2018-05-24 23:56:06";90
"2018-05-25 00:06:06";90
"2018-05-25 00:16:05";90
"2018-05-25 00:26:05";88
"2018-05-25 00:36:05";88
"2018-05-25 00:46:05";88
"2018-05-25 01:06:05";87
"2018-05-25 01:16:04";87
"2018-05-25 01:26:04";89
"2018-05-25 01:36:05";89
"2018-05-25 01:46:05";89
"2018-05-25 01:56:05";91
"2018-05-25 02:06:04";91
"2018-05-25 02:16:13";91
"2018-05-25 02:26:05";91
"2018-05-25 02:36:05";87
"2018-05-25 02:46:09";87
"2018-05-25 02:56:12";85
"2018-05-25 03:06:05";85
"2018-05-25 03:16:04";85
"2018-05-25 03:26:04";87
"2018-05-25 03:36:05";87
"2018-05-25 03:46:04";87
"2018-05-25 03:56:04";86
"2018-05-25 04:16:05";86
"2018-05-25 04:26:04";86
"2018-05-25 04:46:05";86
"2018-05-25 04:56:05";86
"2018-05-25 05:06:05";86
"2018-05-25 05:26:05";87
"2018-05-25 05:36:04";87
"2018-05-25 05:56:04";88
"2018-05-25 06:06:04";88
"2018-05-25 06:26:05";86
"2018-05-25 06:36:04";86
"2018-05-25 06:46:04";86
"2018-05-25 07:06:04";88
"2018-05-25 07:16:04";88
"2018-05-25 07:36:04";84
"2018-05-25 07:46:05";84
"2018-05-25 07:56:10";84
"2018-05-25 08:06:04";84
"2018-05-25 08:16:04";84
"2018-05-25 08:26:05";84
"2018-05-25 08:36:04";84
"2018-05-25 08:46:04";84
"2018-05-25 08:56:05";84
"2018-05-25 09:06:04";84
"2018-05-25 09:16:04";84
"2018-05-25 09:26:05";87
"2018-05-25 09:36:04";87
"2018-05-25 09:46:05";87
"2018-05-25 09:56:04";87
"2018-05-25 10:06:05";87
"2018-05-25 10:16:05";87
"2018-05-25 10:26:04";83
"2018-05-25 10:36:05";83
"2018-05-25 10:46:04";83
"2018-05-25 10:56:09";83
"2018-05-25 11:06:04";82
"2018-05-25 11:16:05";82
"2018-05-25 11:26:05";83
"2018-05-25 11:36:04";83
"2018-05-25 11:46:05";83
"2018-05-25 12:06:05";85
"2018-05-25 12:16:05";85
"2018-05-25 12:26:05";85
"2018-05-25 12:36:05";85
"2018-05-25 12:46:05";85
"2018-05-25 12:56:05";82
"2018-05-25 13:06:05";82
"2018-05-25 13:16:05";82
"2018-05-25 13:26:05";80
"2018-05-25 13:36:04";80
"2018-05-25 13:46:05";80
"2018-05-25 13:56:10";81
"2018-05-25 14:06:05";81
"2018-05-25 14:16:04";81
"2018-05-25 14:26:05";82
"2018-05-25 14:36:05";82
"2018-05-25 14:46:04";82
"2018-05-25 14:56:09";83
"2018-05-25 15:06:04";83
"2018-05-25 15:16:04";83
"2018-05-25 15:26:04";85
"2018-05-25 15:36:05";85
"2018-05-25 15:46:05";85
"2018-05-25 15:56:14";81
"2018-05-25 16:06:04";81
"2018-05-25 16:16:04";81
"2018-05-25 16:26:05";85
"2018-05-25 16:36:05";85
"2018-05-25 16:46:05";85
"2018-05-25 16:56:10";87
"2018-05-25 17:06:04";87
"2018-05-25 17:16:05";87
"2018-05-25 17:26:05";89
"2018-05-25 17:36:04";89
"2018-05-25 17:46:05";89
"2018-05-25 17:56:04";85
"2018-05-25 18:06:05";85
"2018-05-25 18:16:04";85
"2018-05-25 18:26:05";86
"2018-05-25 18:36:05";86
"2018-05-25 18:46:05";86
"2018-05-25 19:06:04";88
"2018-05-25 19:16:04";88
"2018-05-25 19:26:05";88
"2018-05-25 19:36:05";88
"2018-05-25 19:46:05";88
"2018-05-25 19:56:05";91
"2018-05-25 20:06:04";91
"2018-05-25 20:16:04";91
"2018-05-25 20:26:05";93
"2018-05-25 20:36:05";93
"2018-05-25 20:46:05";93
"2018-05-25 20:56:10";94
"2018-05-25 21:06:04";94
"2018-05-25 21:16:05";94
"2018-05-25 21:26:05";94
"2018-05-25 21:36:04";94
"2018-05-25 21:46:05";94
"2018-05-25 21:56:10";94
"2018-05-25 22:06:06";94
"2018-05-25 22:16:05";94
"2018-05-25 22:26:05";94
"2018-05-25 22:36:05";94
"2018-05-25 22:46:05";94
"2018-05-25 22:56:05";92
"2018-05-25 23:06:05";92
"2018-05-25 23:16:05";92
"2018-05-25 23:26:04";96
"2018-05-25 23:36:05";96
"2018-05-25 23:46:05";96
"2018-05-25 23:56:11";97
"2018-05-26 00:06:06";97
"2018-05-26 00:16:05";97
"2018-05-26 00:26:05";97
"2018-05-26 00:36:05";97
"2018-05-26 00:46:05";97
"2018-05-26 01:06:05";96
"2018-05-26 01:16:05";96
"2018-05-26 01:26:04";95
"2018-05-26 01:36:05";95
"2018-05-26 01:46:05";95
"2018-05-26 01:56:04";98
"2018-05-26 02:06:05";98
"2018-05-26 02:16:15";98
"2018-05-26 02:26:05";98
"2018-05-26 02:36:05";94
"2018-05-26 02:46:04";94
"2018-05-26 02:56:10";96
"2018-05-26 03:06:05";96
"2018-05-26 03:16:05";96
"2018-05-26 03:26:05";96
"2018-05-26 03:36:04";96
"2018-05-26 03:46:04";96
"2018-05-26 03:56:05";95
"2018-05-26 04:06:05";95
"2018-05-26 04:16:05";95
"2018-05-26 04:26:04";95
"2018-05-26 04:36:04";95
"2018-05-26 04:46:05";95
"2018-05-26 04:56:10";95
"2018-05-26 05:06:05";95
"2018-05-26 05:16:05";95
"2018-05-26 05:26:04";94
"2018-05-26 05:36:04";94
"2018-05-26 05:46:05";94
"2018-05-26 05:56:05";92
"2018-05-26 06:06:04";92
"2018-05-26 06:16:05";92
"2018-05-26 06:26:05";92
"2018-05-26 06:36:05";92
"2018-05-26 06:46:05";92
"2018-05-26 06:56:10";94
"2018-05-26 07:16:04";94
"2018-05-26 07:26:05";92
"2018-05-26 07:36:04";92
"2018-05-26 07:46:05";92
"2018-05-26 07:56:05";92
"2018-05-26 08:06:04";92
"2018-05-26 08:16:05";92
"2018-05-26 08:26:04";92
"2018-05-26 08:36:04";92
"2018-05-26 08:46:05";92
"2018-05-26 08:56:10";90
"2018-05-26 09:06:05";90
"2018-05-26 09:16:04";90
"2018-05-26 09:26:04";92
"2018-05-26 09:36:04";92
"2018-05-26 09:46:05";92
"2018-05-26 09:56:04";93
"2018-05-26 10:06:04";93
"2018-05-26 10:16:05";93
"2018-05-26 10:26:04";88
"2018-05-26 10:36:05";88
"2018-05-26 10:46:04";88
"2018-05-26 10:56:05";88
"2018-05-26 11:06:04";88
"2018-05-26 11:16:04";88
"2018-05-26 11:26:05";90
"2018-05-26 11:36:04";90
"2018-05-26 11:46:05";90
"2018-05-26 11:56:05";86
"2018-05-26 12:06:05";86
"2018-05-26 12:16:04";86
"2018-05-26 12:26:04";89
"2018-05-26 12:36:04";89
"2018-05-26 12:46:04";89
"2018-05-26 12:56:10";89
"2018-05-26 13:06:05";89
"2018-05-26 13:16:05";89
"2018-05-26 13:26:05";90
"2018-05-26 13:36:05";90
"2018-05-26 13:46:04";88
"2018-05-26 13:56:21";88
"2018-05-26 14:06:05";88
"2018-05-26 14:16:05";90
"2018-05-26 14:36:04";90
"2018-05-26 14:46:05";90
"2018-05-26 14:56:04";93
"2018-05-26 15:06:04";93
"2018-05-26 15:16:04";93
"2018-05-26 15:26:04";90
"2018-05-26 15:36:04";90
"2018-05-26 15:46:04";90
"2018-05-26 15:56:04";95
"2018-05-26 16:06:05";95
"2018-05-26 16:16:05";95
"2018-05-26 16:26:05";93
"2018-05-26 16:36:05";93
"2018-05-26 16:46:05";93
"2018-05-26 16:56:04";90
"2018-05-26 17:06:05";90
"2018-05-26 17:16:04";90
"2018-05-26 17:26:05";98
"2018-05-26 17:36:05";98
"2018-05-26 17:46:05";98
"2018-05-26 17:56:09";94
"2018-05-26 18:06:04";94
"2018-05-26 18:16:05";94
"2018-05-26 18:26:04";96
"2018-05-26 18:36:05";96
"2018-05-26 18:46:04";99
"2018-05-26 18:56:04";99
"2018-05-26 19:06:04";99
"2018-05-26 19:16:04";99
"2018-05-26 19:26:04";100
"2018-05-26 19:36:05";100
"2018-05-26 19:46:04";100
"2018-05-26 19:56:05";104
"2018-05-26 20:06:05";104
"2018-05-26 20:16:05";104
"2018-05-26 20:26:04";104
"2018-05-26 20:36:04";104
"2018-05-26 20:46:05";104
"2018-05-26 20:56:05";107
"2018-05-26 21:06:05";107
"2018-05-26 21:16:04";107
"2018-05-26 21:26:04";107
"2018-05-26 21:46:05";107
"2018-05-26 21:56:10";110
"2018-05-26 22:06:06";110
"2018-05-26 22:16:06";110
"2018-05-26 22:26:05";116
"2018-05-26 22:36:05";116
"2018-05-26 22:46:05";116
"2018-05-26 22:56:04";116
"2018-05-26 23:06:04";116
"2018-05-26 23:16:05";116
"2018-05-26 23:26:05";116
"2018-05-27 00:36:05";120
"2018-05-27 00:46:05";120
"2018-05-27 00:56:05";119
"2018-05-27 01:06:05";119
"2018-05-27 01:16:05";119
"2018-05-27 01:26:04";116
"2018-05-27 01:36:05";116
"2018-05-27 01:46:05";116
"2018-05-27 01:56:04";116
"2018-05-27 02:06:04";116
"2018-05-27 02:16:15";116
"2018-05-27 02:26:04";113
"2018-05-27 02:36:05";113
"2018-05-27 02:46:05";117
"2018-05-27 02:56:10";117
"2018-05-27 03:06:05";117
"2018-05-27 03:16:04";117
"2018-05-27 03:26:05";114
"2018-05-27 03:36:05";114
"2018-05-27 03:46:04";114
"2018-05-27 03:56:04";114
"2018-05-27 04:06:04";114
"2018-05-27 04:16:04";114
"2018-05-27 04:26:05";113
"2018-05-27 04:36:04";113
"2018-05-27 04:56:04";111
"2018-05-27 05:06:06";111
"2018-05-27 05:16:04";111
"2018-05-27 05:26:04";107
"2018-05-27 05:36:04";107
"2018-05-27 05:46:04";108
"2018-05-27 05:56:05";108
"2018-05-27 06:06:04";108
"2018-05-27 06:16:05";113
"2018-05-27 06:26:04";113
"2018-05-27 06:36:04";113
"2018-05-27 06:46:04";113
"2018-05-27 06:56:05";110
"2018-05-27 07:06:04";110
"2018-05-27 07:16:05";110
"2018-05-27 07:26:05";108
"2018-05-27 07:36:04";108
"2018-05-27 07:46:04";108
"2018-05-27 07:56:04";103
"2018-05-27 08:06:05";103
"2018-05-27 08:16:05";103
"2018-05-27 08:26:05";109
"2018-05-27 08:36:04";109
"2018-05-27 08:46:05";109
"2018-05-27 08:56:04";102
"2018-05-27 09:06:05";102
"2018-05-27 09:16:04";102
"2018-05-27 09:26:04";110
"2018-05-27 09:36:05";110
"2018-05-27 09:46:04";103
"2018-05-27 09:56:05";103
"2018-05-27 10:06:04";103
"2018-05-27 10:16:04";103
"2018-05-27 10:26:05";101
"2018-05-27 10:36:05";101
"2018-05-27 10:46:05";101
"2018-05-27 10:56:04";95
"2018-05-27 11:06:04";95
"2018-05-27 11:16:05";95
"2018-05-27 11:26:05";97
"2018-05-27 11:36:04";97
"2018-05-27 11:46:04";97
"2018-05-27 11:56:05";101
"2018-05-27 12:06:05";101
"2018-05-27 12:26:05";99
"2018-05-27 12:36:04";99
"2018-05-27 12:46:05";99
"2018-05-27 12:56:05";96
"2018-05-27 13:06:05";96
"2018-05-27 13:16:05";96
"2018-05-27 13:26:04";97
"2018-05-27 13:36:05";97
"2018-05-27 13:46:05";97
"2018-05-27 13:56:05";101
"2018-05-27 14:06:05";101
"2018-05-27 14:16:04";97
"2018-05-27 14:26:04";97
"2018-05-27 14:36:04";97
"2018-05-27 14:46:05";97
"2018-05-27 14:56:04";100
"2018-05-27 15:06:04";100
"2018-05-27 15:16:04";100
"2018-05-27 15:26:05";101
"2018-05-27 15:36:05";101
"2018-05-27 15:46:05";101
"2018-05-27 15:56:05";100
"2018-05-27 16:06:04";100
"2018-05-27 16:16:05";100
"2018-05-27 16:26:04";102
"2018-05-27 16:46:04";103
"2018-05-27 16:56:05";103
"2018-05-27 17:06:04";103
"2018-05-27 17:16:05";103
"2018-05-27 17:26:05";100
"2018-05-27 17:36:04";100
"2018-05-27 17:46:05";100
"2018-05-27 17:56:05";100
"2018-05-27 18:06:05";100
"2018-05-27 18:16:04";100
"2018-05-27 18:26:04";98
"2018-05-27 18:36:05";98
"2018-05-27 18:56:04";100
"2018-05-27 19:06:05";100
"2018-05-27 19:16:05";100
"2018-05-27 19:26:04";103
"2018-05-27 19:36:04";103
"2018-05-27 19:46:05";103
"2018-05-27 19:56:04";101
"2018-05-27 20:06:04";101
"2018-05-27 20:16:05";104
"2018-05-27 20:26:04";104
"2018-05-27 20:36:05";104
"2018-05-27 20:46:05";104
"2018-05-27 20:56:05";107
"2018-05-27 21:06:05";107
"2018-05-27 21:16:05";107
"2018-05-27 21:26:05";105
"2018-05-27 21:36:05";105
"2018-05-27 21:46:05";107
"2018-05-27 21:56:05";107
"2018-05-27 22:06:07";107
"2018-05-27 22:16:06";107
"2018-05-27 22:26:05";105
"2018-05-27 22:36:05";105
"2018-05-27 22:46:05";105
"2018-05-27 22:56:04";110
"2018-05-27 23:06:05";110
"2018-05-27 23:16:05";114
"2018-05-27 23:26:04";114
"2018-05-27 23:36:05";114
"2018-05-27 23:46:05";108
"2018-05-27 23:56:05";108
"2018-05-28 00:06:04";108
"2018-05-28 00:16:05";108
"2018-05-28 00:26:04";115
"2018-05-28 00:36:05";115
"2018-05-28 00:46:06";115
"2018-05-28 00:56:04";111
"2018-05-28 01:06:05";111
"2018-05-28 01:16:04";111
"2018-05-28 01:26:06";110
"2018-05-28 01:36:04";110
"2018-05-28 01:56:05";111
"2018-05-28 02:06:04";111
"2018-05-28 02:16:16";111
"2018-05-28 02:26:05";115
"2018-05-28 02:36:04";115
"2018-05-28 02:46:05";115
"2018-05-28 02:56:04";116
"2018-05-28 03:06:05";116
"2018-05-28 03:16:04";115
"2018-05-28 03:26:04";115
"2018-05-28 03:36:04";115
"2018-05-28 03:46:04";115
"2018-05-28 03:56:05";113
"2018-05-28 04:06:04";113
"2018-05-28 04:16:05";113
"2018-05-28 04:26:05";116
"2018-05-28 04:36:04";116
"2018-05-28 04:46:05";116
"2018-05-28 04:56:04";119
"2018-05-28 05:06:04";119
"2018-05-28 05:16:04";119
"2018-05-28 05:26:04";120
"2018-05-28 05:36:04";120
"2018-05-28 05:46:05";120
"2018-05-28 05:56:04";125
"2018-05-28 06:06:05";125
"2018-05-28 06:16:04";125
"2018-05-28 06:36:04";130
"2018-05-28 06:46:05";130
"2018-05-28 07:06:05";130
"2018-05-28 07:16:04";130
"2018-05-28 07:36:04";136
"2018-05-28 07:46:05";136
"2018-05-28 07:56:05";134
"2018-05-28 08:06:04";134
"2018-05-28 08:16:05";134
"2018-05-28 08:26:04";140
"2018-05-28 08:36:04";140
"2018-05-28 08:46:04";140
"2018-05-28 08:56:05";145
"2018-05-28 09:06:04";145
"2018-05-28 09:16:05";145
"2018-05-28 09:26:04";136
"2018-05-28 09:36:04";136
"2018-05-28 09:46:05";136
"2018-05-28 09:56:15";145
"2018-05-28 10:06:05";145
"2018-05-28 10:16:05";145
"2018-05-28 10:26:05";139
"2018-05-28 10:36:04";139
"2018-05-28 10:46:04";139
"2018-05-28 10:56:04";142
"2018-05-28 11:06:05";142
"2018-05-28 11:16:05";142
"2018-05-28 11:26:05";142
"2018-05-28 11:36:05";142
"2018-05-28 11:46:04";142
"2018-05-28 11:56:04";140
"2018-05-28 12:06:04";140
"2018-05-28 12:16:04";140
"2018-05-28 12:26:04";137
"2018-05-28 12:46:05";137
"2018-05-28 12:56:05";130
"2018-05-28 13:06:04";130
"2018-05-28 13:16:04";130
"2018-05-28 13:26:05";130
"2018-05-28 13:36:05";130
"2018-05-28 13:46:05";130
"2018-05-28 13:56:05";136
"2018-05-28 14:06:04";136
"2018-05-28 14:16:04";136
"2018-05-28 14:26:04";136
"2018-05-28 14:36:04";128
"2018-05-28 14:46:05";128
"2018-05-28 14:56:04";130
"2018-05-28 15:06:04";130
"2018-05-28 15:16:04";130
"2018-05-28 15:26:05";136
"2018-05-28 15:36:04";136
"2018-05-28 15:46:05";136
"2018-05-28 15:56:14";128
"2018-05-28 16:06:05";128
"2018-05-28 16:16:04";128
"2018-05-28 16:26:04";134
"2018-05-28 16:36:04";134
"2018-05-28 16:46:04";134
"2018-05-28 16:56:04";134
"2018-05-28 17:06:05";134
"2018-05-28 17:16:05";134
"2018-05-28 17:26:04";129
"2018-05-28 17:36:04";129
"2018-05-28 17:46:05";129
"2018-05-28 17:56:10";132
"2018-05-28 18:06:05";132
"2018-05-28 18:16:04";132
"2018-05-28 18:26:04";127
"2018-05-28 18:36:05";127
"2018-05-28 18:46:04";127
"2018-05-28 18:56:05";132
"2018-05-28 19:06:04";132
"2018-05-28 19:16:05";132
"2018-05-28 19:26:05";127
"2018-05-28 19:46:05";127
"2018-05-28 19:56:04";131
"2018-05-28 20:06:05";131
"2018-05-28 20:16:04";131
"2018-05-28 20:26:05";127
"2018-05-28 20:36:05";127
"2018-05-28 20:46:04";127
"2018-05-28 20:56:04";128
"2018-05-28 21:06:05";128
"2018-05-28 21:16:05";128
"2018-05-28 21:26:05";126
"2018-05-28 21:36:05";126
"2018-05-28 21:46:05";126
"2018-05-28 21:56:05";133
"2018-05-28 22:06:05";133
"2018-05-28 22:16:05";133
"2018-05-28 22:26:05";119
"2018-05-28 22:36:05";119
"2018-05-28 22:46:05";119
"2018-05-28 22:56:10";124
"2018-05-28 23:06:05";124
"2018-05-28 23:16:05";124
"2018-05-28 23:26:05";127
"2018-05-28 23:36:05";127
"2018-05-28 23:46:05";124
"2018-05-28 23:56:06";124
"2018-05-29 00:06:05";124
"2018-05-29 00:16:05";124
"2018-05-29 00:26:05";128
"2018-05-29 00:36:05";128
"2018-05-29 00:46:06";128
"2018-05-29 00:56:05";124
"2018-05-29 01:06:05";124
"2018-05-29 01:16:05";124
"2018-05-29 01:26:05";116
"2018-05-29 01:36:05";116
"2018-05-29 01:56:10";129
"2018-05-29 02:06:05";129
"2018-05-29 02:16:17";129
"2018-05-29 02:26:05";130
"2018-05-29 02:36:05";130
"2018-05-29 02:46:05";130
"2018-05-29 02:56:05";127
"2018-05-29 03:06:05";127
"2018-05-29 03:16:05";127
"2018-05-29 03:26:05";137
"2018-05-29 03:36:05";137
"2018-05-29 03:46:04";137
"2018-05-29 03:56:05";137
"2018-05-29 04:06:04";137
"2018-05-29 04:16:04";137
"2018-05-29 04:26:04";145
"2018-05-29 04:36:04";145
"2018-05-29 04:46:05";145
"2018-05-29 04:56:09";138
"2018-05-29 05:06:04";138
"2018-05-29 05:16:05";138
"2018-05-29 05:26:05";144
"2018-05-29 05:36:04";144
"2018-05-29 05:46:04";144
"2018-05-29 05:56:10";139
"2018-05-29 06:06:04";139
"2018-05-29 06:16:05";139
"2018-05-29 06:26:04";162
"2018-05-29 06:36:04";162
"2018-05-29 06:46:05";162
"2018-05-29 06:56:04";144
"2018-05-29 07:06:05";144
"2018-05-29 07:16:05";144
"2018-05-29 07:26:04";143
"2018-05-29 07:36:04";143
"2018-05-29 07:46:04";143
"2018-05-29 07:56:04";143
"2018-05-29 08:06:04";143
"2018-05-29 08:16:05";143
"2018-05-29 08:26:05";141
"2018-05-29 08:46:05";143
"2018-05-29 08:56:05";143
"2018-05-29 09:06:04";143
"2018-05-29 09:16:05";143
"2018-05-29 09:26:05";136
"2018-05-29 09:36:04";136
"2018-05-29 09:46:05";136
"2018-05-29 09:56:14";137
"2018-05-29 10:06:04";137
"2018-05-29 10:16:05";137
"2018-05-29 10:26:05";137
"2018-05-29 10:36:05";137
"2018-05-29 10:46:04";137
"2018-05-29 10:56:04";135
"2018-05-29 11:06:04";135
"2018-05-29 11:16:05";135
"2018-05-29 11:26:05";134
"2018-05-29 11:36:05";134
"2018-05-29 11:46:05";134
"2018-05-29 11:56:09";138
"2018-05-29 12:06:05";138
"2018-05-29 12:16:04";131
"2018-05-29 12:26:04";131
"2018-05-29 12:36:05";131
"2018-05-29 12:46:04";131
"2018-05-29 12:56:05";134
"2018-05-29 13:06:05";134
"2018-05-29 13:16:05";134
"2018-05-29 13:26:05";132
"2018-05-29 13:36:04";132
"2018-05-29 13:46:05";132
"2018-05-29 13:56:04";133
"2018-05-29 14:06:04";133
"2018-05-29 14:16:05";133
"2018-05-29 14:26:05";134
"2018-05-29 14:36:05";134
"2018-05-29 14:46:05";134
"2018-05-29 15:06:04";131
"2018-05-29 15:16:05";131
"2018-05-29 15:26:04";130
"2018-05-29 15:36:04";130
"2018-05-29 15:46:04";130
"2018-05-29 15:56:10";131
"2018-05-29 16:06:05";131
"2018-05-29 16:16:05";131
"2018-05-29 16:26:04";132
"2018-05-29 16:36:05";132
"2018-05-29 16:46:05";132
"2018-05-29 16:56:05";129
"2018-05-29 17:06:05";129
"2018-05-29 17:16:04";129
"2018-05-29 17:26:05";129
"2018-05-29 17:36:04";141
"2018-05-29 17:46:05";141
"2018-05-29 17:56:05";131
"2018-05-29 18:06:05";131
"2018-05-29 18:16:05";131
"2018-05-29 18:26:05";120
"2018-05-29 18:36:04";120
"2018-05-29 18:46:04";120
"2018-05-29 18:56:05";125
"2018-05-29 19:06:04";125
"2018-05-29 19:16:05";122
"2018-05-29 19:26:05";122
"2018-05-29 19:36:04";122
"2018-05-29 19:46:05";122
"2018-05-29 19:56:05";129
"2018-05-29 20:06:05";129
"2018-05-29 20:16:05";129
"2018-05-29 20:26:05";132
"2018-05-29 20:36:05";132
"2018-05-29 20:46:05";132
"2018-05-29 20:56:04";127
"2018-05-29 21:06:05";127
"2018-05-29 21:16:05";127
"2018-05-29 21:26:05";127
"2018-05-29 21:36:05";127
"2018-05-29 21:46:05";127
"2018-05-29 22:06:10";124
"2018-05-29 22:16:05";124
"2018-05-29 22:26:06";128
"2018-05-29 22:36:06";128
"2018-05-29 22:46:04";128
"2018-05-29 22:56:04";130
"2018-05-29 23:06:05";130
"2018-05-29 23:16:04";130
"2018-05-29 23:26:05";120
"2018-05-29 23:36:05";120
"2018-05-29 23:46:05";120
"2018-05-29 23:56:11";127
"2018-05-30 00:06:06";127
"2018-05-30 00:16:05";127
"2018-05-30 00:26:05";130
"2018-05-30 00:36:05";130
"2018-05-30 00:46:06";130
"2018-05-30 00:56:05";129
"2018-05-30 01:06:05";129
"2018-05-30 01:16:04";129
"2018-05-30 01:26:05";128
"2018-05-30 01:36:04";128
"2018-05-30 01:46:04";128
"2018-05-30 01:56:05";126
"2018-05-30 02:06:05";126
"2018-05-30 02:16:17";126
"2018-05-30 02:26:05";125
"2018-05-30 02:36:05";125
"2018-05-30 02:46:04";125
"2018-05-30 02:56:05";121
"2018-05-30 03:06:05";121
"2018-05-30 03:16:05";121
"2018-05-30 03:26:04";121
"2018-05-30 03:36:04";121
"2018-05-30 03:46:04";121
"2018-05-30 03:56:04";117
"2018-05-30 04:06:04";117
"2018-05-30 04:16:04";117
"2018-05-30 04:26:04";119
"2018-05-30 04:36:04";119
"2018-05-30 04:46:05";119
"2018-05-30 05:06:05";123
"2018-05-30 05:16:05";123
"2018-05-30 05:26:04";123
"2018-05-30 05:36:05";123
"2018-05-30 05:46:05";123
"2018-05-30 05:56:14";113
"2018-05-30 06:06:05";113
"2018-05-30 06:16:05";113
"2018-05-30 06:26:04";114
"2018-05-30 06:36:04";114
"2018-05-30 06:46:05";114
"2018-05-30 06:56:10";114
"2018-05-30 07:06:04";114
"2018-05-30 07:16:05";114
"2018-05-30 07:26:04";115
"2018-05-30 07:36:05";115
"2018-05-30 07:46:05";116
"2018-05-30 07:56:04";116
"2018-05-30 08:06:04";116
"2018-05-30 08:16:04";116
"2018-05-30 08:26:05";112
"2018-05-30 08:36:05";112
"2018-05-30 08:46:04";112
"2018-05-30 08:56:05";112
"2018-05-30 09:06:05";112
"2018-05-30 09:16:04";112
"2018-05-30 09:26:05";115
"2018-05-30 09:36:04";115
"2018-05-30 09:46:04";115
"2018-05-30 09:56:10";110
"2018-05-30 10:06:05";110
"2018-05-30 10:16:05";110
"2018-05-30 10:26:04";111
"2018-05-30 10:36:05";111
"2018-05-30 10:46:05";111
"2018-05-30 10:56:05";110
"2018-05-30 11:06:05";110
"2018-05-30 11:16:05";110
"2018-05-30 11:26:04";104
"2018-05-30 11:36:04";104
"2018-05-30 11:46:04";104
"2018-05-30 12:06:04";110
"2018-05-30 12:16:05";110
"2018-05-30 12:26:04";103
"2018-05-30 12:36:05";103
"2018-05-30 12:46:05";103
"2018-05-30 12:56:05";110
"2018-05-30 13:06:04";110
"2018-05-30 13:16:04";110
"2018-05-30 13:26:04";105
"2018-05-30 13:36:05";105
"2018-05-30 13:46:04";105
"2018-05-30 13:56:05";111
"2018-05-30 14:06:04";111
"2018-05-30 14:16:05";111
"2018-05-30 14:26:04";111
"2018-05-30 14:36:04";111
"2018-05-30 14:46:05";111
"2018-05-30 14:56:04";112
"2018-05-30 15:06:04";112
"2018-05-30 15:16:05";112
"2018-05-30 15:26:05";109
"2018-05-30 15:36:04";109
"2018-05-30 15:46:05";109
"2018-05-30 15:56:05";111
"2018-05-30 16:06:04";111
"2018-05-30 16:16:05";111
"2018-05-30 16:26:05";107
"2018-05-30 16:36:05";107
"2018-05-30 16:46:05";107
"2018-05-30 16:56:05";111
"2018-05-30 17:06:04";111
"2018-05-30 17:16:05";111
"2018-05-30 17:26:05";111
"2018-05-30 17:36:04";111
"2018-05-30 17:46:04";111
"2018-05-30 17:56:09";108
"2018-05-30 18:06:04";108
"2018-05-30 18:26:05";110
"2018-05-30 18:36:04";110
"2018-05-30 18:46:04";110
"2018-05-30 18:56:05";109
"2018-05-30 19:06:05";109
"2018-05-30 19:16:05";109
"2018-05-30 19:26:05";115
"2018-05-30 19:36:04";115
"2018-05-30 19:46:05";115
"2018-05-30 19:56:05";116
"2018-05-30 20:06:05";116
"2018-05-30 20:16:05";120
"2018-05-30 20:26:05";120
"2018-05-30 20:36:05";120
"2018-05-30 20:46:05";124
"2018-05-30 20:56:05";124
"2018-05-30 21:06:05";124
"2018-05-30 21:16:04";124
"2018-05-30 21:26:05";117
"2018-05-30 21:36:04";117
"2018-05-30 21:46:05";117
"2018-05-30 21:56:05";122
"2018-05-30 22:06:08";122
"2018-05-30 22:16:05";122
"2018-05-30 22:26:06";124
"2018-05-30 22:36:06";124
"2018-05-30 22:46:05";124
"2018-05-30 22:56:05";129
"2018-05-30 23:06:05";129
"2018-05-30 23:16:05";129
"2018-05-30 23:26:05";130
"2018-05-30 23:36:07";130
"2018-05-30 23:46:05";130
"2018-05-30 23:56:06";133
"2018-05-31 00:16:05";133
"2018-05-31 00:26:05";132
"2018-05-31 00:36:05";132
"2018-05-31 00:46:05";132
"2018-05-31 00:56:05";144
"2018-05-31 01:06:05";144
"2018-05-31 01:16:04";144
"2018-05-31 01:26:05";137
"2018-05-31 01:36:05";137
"2018-05-31 01:46:04";146
"2018-05-31 01:56:05";146
"2018-05-31 02:06:05";146
"2018-05-31 02:16:16";146
"2018-05-31 02:26:04";147
"2018-05-31 02:36:05";147
"2018-05-31 02:46:05";147
"2018-05-31 02:56:05";160
"2018-05-31 03:06:04";160
"2018-05-31 03:16:05";160
"2018-05-31 03:26:05";144
"2018-05-31 03:36:05";144
"2018-05-31 03:46:05";144
"2018-05-31 03:56:09";150
"2018-05-31 04:06:04";150
"2018-05-31 04:16:04";150
"2018-05-31 04:26:04";153
"2018-05-31 04:36:05";153
"2018-05-31 04:46:05";153
"2018-05-31 04:56:10";152
"2018-05-31 05:06:05";152
"2018-05-31 05:16:04";152
"2018-05-31 05:26:04";156
"2018-05-31 05:36:04";156
"2018-05-31 05:46:05";156
"2018-05-31 05:56:10";157
"2018-05-31 06:06:04";157
"2018-05-31 06:16:05";157
"2018-05-31 06:36:05";170
"2018-05-31 06:46:05";170
"2018-05-31 06:56:10";159
"2018-05-31 07:06:04";159
"2018-05-31 07:16:05";158
"2018-05-31 07:26:04";158
"2018-05-31 07:36:04";158
"2018-05-31 07:46:05";161
"2018-05-31 07:56:05";161
"2018-05-31 08:06:04";161
"2018-05-31 08:16:04";162
"2018-05-31 08:26:04";162
"2018-05-31 08:36:04";162
"2018-05-31 08:46:04";162
"2018-05-31 08:56:15";154
"2018-05-31 09:06:04";154
"2018-05-31 09:16:05";154
"2018-05-31 09:26:04";162
"2018-05-31 09:36:05";162
"2018-05-31 09:46:04";162
"2018-05-31 09:56:15";146
"2018-05-31 10:06:04";146
"2018-05-31 10:16:04";146
"2018-05-31 10:26:05";152
"2018-05-31 10:36:05";152
"2018-05-31 10:46:05";152
"2018-05-31 10:56:13";146
"2018-05-31 11:06:04";146
"2018-05-31 11:16:05";146
"2018-05-31 11:26:04";144
"2018-05-31 11:36:05";144
"2018-05-31 11:56:04";144
"2018-05-31 12:06:04";144
"2018-05-31 12:16:04";153
"2018-05-31 12:26:05";153
"2018-05-31 12:36:04";153
"2018-05-31 12:46:04";153
"2018-05-31 12:56:04";138
"2018-05-31 13:06:05";138
"2018-05-31 13:16:05";145
"2018-05-31 13:26:05";145
"2018-05-31 13:36:04";145
"2018-05-31 13:46:05";145
"2018-05-31 13:56:12";135
"2018-05-31 14:06:05";135
"2018-05-31 14:16:04";135
"2018-05-31 14:26:05";134
"2018-05-31 14:36:04";134
"2018-05-31 14:46:04";134
"2018-05-31 14:56:05";138
"2018-05-31 15:06:04";138
"2018-05-31 15:16:05";138
"2018-05-31 15:26:05";145
"2018-05-31 15:36:04";145
"2018-05-31 15:46:05";145
"2018-05-31 15:56:10";134
"2018-05-31 16:06:04";134
"2018-05-31 16:16:05";134
"2018-05-31 16:26:04";135
"2018-05-31 16:36:05";135
"2018-05-31 16:46:05";135
"2018-05-31 16:56:05";130
"2018-05-31 17:06:04";130
"2018-05-31 17:16:04";130
"2018-05-31 17:26:05";138
"2018-05-31 17:36:05";138
"2018-05-31 17:46:04";138
"2018-05-31 17:56:05";138
"2018-05-31 18:16:04";138
"2018-05-31 18:26:04";135
"2018-05-31 18:36:05";135
"2018-05-31 18:46:05";135
"2018-05-31 18:56:05";129
"2018-05-31 19:06:04";129
"2018-05-31 19:16:04";129
"2018-05-31 19:26:04";129
"2018-05-31 19:36:05";129
"2018-05-31 19:46:05";129
"2018-05-31 19:56:10";126
"2018-05-31 20:06:05";126
"2018-05-31 20:16:04";126
"2018-05-31 20:26:05";123
"2018-05-31 20:36:05";123
"2018-05-31 20:46:05";123
"2018-05-31 20:56:10";127
"2018-05-31 21:06:05";127
"2018-05-31 21:16:05";127
"2018-05-31 21:26:05";130
"2018-05-31 21:36:05";130
"2018-05-31 21:46:05";130
"2018-05-31 21:56:05";132
"2018-05-31 22:06:06";132
"2018-05-31 22:16:05";132
"2018-05-31 22:26:05";130
"2018-05-31 22:36:05";130
"2018-05-31 22:46:04";130
"2018-05-31 22:56:10";127
"2018-05-31 23:06:05";127
"2018-05-31 23:16:05";127
"2018-05-31 23:26:05";130
"2018-05-31 23:36:06";130
"2018-05-31 23:46:05";127
"2018-06-01 00:06:06";127
"2018-06-01 00:16:05";127
"2018-06-01 00:26:05";131
"2018-06-01 00:36:04";131
"2018-06-01 00:46:05";131
"2018-06-01 00:56:05";131
"2018-06-01 01:06:05";129
"2018-06-01 01:16:04";129
"2018-06-01 01:26:05";126
"2018-06-01 01:36:05";126
"2018-06-01 01:46:05";126
"2018-06-01 02:06:05";122
"2018-06-01 02:16:14";122
"2018-06-01 02:26:05";130
"2018-06-01 02:36:05";130
"2018-06-01 02:46:04";130
"2018-06-01 02:56:10";125
"2018-06-01 03:06:05";125
"2018-06-01 03:16:04";125
"2018-06-01 03:26:05";122
"2018-06-01 03:36:04";122
"2018-06-01 03:46:05";122
"2018-06-01 03:56:05";123
"2018-06-01 04:06:04";123
"2018-06-01 04:16:05";123
"2018-06-01 04:26:04";121
"2018-06-01 04:36:05";121
"2018-06-01 04:46:05";121
"2018-06-01 04:56:04";116
"2018-06-01 05:06:05";116
"2018-06-01 05:16:04";116
"2018-06-01 05:26:05";121
"2018-06-01 05:36:04";121
"2018-06-01 05:46:05";121
"2018-06-01 05:56:04";123
"2018-06-01 06:06:05";123
"2018-06-01 06:16:04";123
"2018-06-01 06:26:05";121
"2018-06-01 06:36:04";121
"2018-06-01 06:46:05";121
"2018-06-01 06:56:04";120
"2018-06-01 07:06:05";120
"2018-06-01 07:16:05";120
"2018-06-01 07:26:05";116
"2018-06-01 07:36:05";116
"2018-06-01 07:46:04";116
"2018-06-01 08:06:05";116
"2018-06-01 08:16:05";116
"2018-06-01 08:26:04";116
"2018-06-01 08:36:05";116
"2018-06-01 08:46:05";116
"2018-06-01 08:56:09";121
"2018-06-01 09:06:05";121
"2018-06-01 09:16:04";121
"2018-06-01 09:26:05";116
"2018-06-01 09:36:05";116
"2018-06-01 09:46:05";116
"2018-06-01 09:56:04";116
"2018-06-01 10:06:04";116
"2018-06-01 10:16:05";116
"2018-06-01 10:26:05";114
"2018-06-01 10:36:05";114
"2018-06-01 10:46:05";114
"2018-06-01 10:56:09";110
"2018-06-01 11:06:05";110
"2018-06-01 11:16:04";110
"2018-06-01 11:26:05";104
"2018-06-01 11:36:05";104
"2018-06-01 11:46:04";104
"2018-06-01 11:56:10";110
"2018-06-01 12:06:05";110
"2018-06-01 12:16:04";110
"2018-06-01 12:26:04";104
"2018-06-01 12:36:04";104
"2018-06-01 12:46:05";104
"2018-06-01 12:56:09";104
"2018-06-01 13:06:04";104
"2018-06-01 13:16:05";104
"2018-06-01 13:26:05";110
"2018-06-01 13:36:04";110
"2018-06-01 13:46:04";110
"2018-06-01 13:56:04";104
"2018-06-01 14:16:05";104
"2018-06-01 14:26:04";104
"2018-06-01 14:36:04";104
"2018-06-01 14:46:05";104
"2018-06-01 14:56:05";110
"2018-06-01 15:06:04";110
"2018-06-01 15:16:05";110
"2018-06-01 15:26:05";107
"2018-06-01 15:36:04";107
"2018-06-01 15:46:05";107
"2018-06-01 15:56:15";108
"2018-06-01 16:06:05";108
"2018-06-01 16:16:04";108
"2018-06-01 16:26:04";105
"2018-06-01 16:36:05";105
"2018-06-01 16:46:05";105
"2018-06-01 16:56:04";104
"2018-06-01 17:06:04";104
"2018-06-01 17:16:05";104
"2018-06-01 17:26:05";104
"2018-06-01 17:36:04";104
"2018-06-01 17:46:04";104
"2018-06-01 17:56:05";107
"2018-06-01 18:06:05";107
"2018-06-01 18:16:05";107
"2018-06-01 18:26:04";107
"2018-06-01 18:36:05";107
"2018-06-01 18:46:05";107
"2018-06-01 18:56:05";111
"2018-06-01 19:06:04";111
"2018-06-01 19:16:05";111
"2018-06-01 19:26:05";105
"2018-06-01 19:36:04";105
"2018-06-01 19:46:05";105
"2018-06-01 19:56:05";108
"2018-06-01 20:06:05";108
"2018-06-01 20:26:04";111
"2018-06-01 20:36:04";111
"2018-06-01 20:46:05";111
"2018-06-01 20:56:05";109
"2018-06-01 21:06:05";109
"2018-06-01 21:16:05";109
"2018-06-01 21:26:05";104
"2018-06-01 21:36:05";104
"2018-06-01 21:46:05";104
"2018-06-01 21:56:05";108
"2018-06-01 22:06:07";108
"2018-06-01 22:16:06";108
"2018-06-01 22:26:05";110
"2018-06-01 22:36:05";110
"2018-06-01 22:46:04";113
"2018-06-01 22:56:05";113
"2018-06-01 23:06:04";113
"2018-06-01 23:16:04";113
"2018-06-01 23:26:05";107
"2018-06-01 23:36:05";107
"2018-06-01 23:46:05";107
"2018-06-01 23:56:11";113
"2018-06-02 00:06:05";113
"2018-06-02 00:16:05";113
"2018-06-02 00:26:04";107
"2018-06-02 00:36:04";107
"2018-06-02 00:46:05";107
"2018-06-02 00:56:05";109
"2018-06-02 01:06:05";109
"2018-06-02 01:16:05";109
"2018-06-02 01:26:04";109
"2018-06-02 01:36:04";109
"2018-06-02 01:46:05";109
"2018-06-02 01:56:04";111
"2018-06-02 02:06:04";111
"2018-06-02 02:26:04";109
"2018-06-02 02:36:05";109
"2018-06-02 02:46:05";109
"2018-06-02 02:56:05";107
"2018-06-02 03:06:10";107
"2018-06-02 03:16:04";107
"2018-06-02 03:26:04";107
"2018-06-02 03:36:05";107
"2018-06-02 03:46:05";107
"2018-06-02 03:56:05";107
"2018-06-02 04:06:04";107
"2018-06-02 04:16:05";107
"2018-06-02 04:26:05";105
"2018-06-02 04:36:05";105
"2018-06-02 04:46:04";105
"2018-06-02 04:56:05";105
"2018-06-02 05:06:04";105
"2018-06-02 05:16:04";105
"2018-06-02 05:26:04";104
"2018-06-02 05:36:04";104
"2018-06-02 05:46:04";104
"2018-06-02 05:56:05";107
"2018-06-02 06:06:05";107
"2018-06-02 06:16:04";107
"2018-06-02 06:26:04";104
"2018-06-02 06:36:04";104
"2018-06-02 06:46:04";104
"2018-06-02 06:56:04";104
"2018-06-02 07:06:05";104
"2018-06-02 07:16:05";104
"2018-06-02 07:26:04";103
"2018-06-02 07:36:05";103
"2018-06-02 07:46:04";103
"2018-06-02 07:56:04";103
"2018-06-02 08:06:04";103
"2018-06-02 08:16:05";101
"2018-06-02 08:26:04";101
"2018-06-02 08:46:05";104
"2018-06-02 08:56:10";104
"2018-06-02 09:06:04";104
"2018-06-02 09:16:04";104
"2018-06-02 09:26:04";102
"2018-06-02 09:36:05";102
"2018-06-02 09:46:04";102
"2018-06-02 09:56:10";104
"2018-06-02 10:06:04";104
"2018-06-02 10:16:05";104
"2018-06-02 10:26:04";103
"2018-06-02 10:36:05";103
"2018-06-02 10:46:05";103
"2018-06-02 10:56:05";102
"2018-06-02 11:06:04";102
"2018-06-02 11:16:05";102
"2018-06-02 11:26:05";103
"2018-06-02 11:36:04";103
"2018-06-02 11:46:04";103
"2018-06-02 11:56:05";101
"2018-06-02 12:06:05";101
"2018-06-02 12:16:04";101
"2018-06-02 12:26:04";100
"2018-06-02 12:36:04";100
"2018-06-02 12:46:05";97
"2018-06-02 12:56:05";97
"2018-06-02 13:06:04";97
"2018-06-02 13:16:04";97
"2018-06-02 13:26:05";102
"2018-06-02 13:36:05";102
"2018-06-02 13:46:04";102
"2018-06-02 13:56:05";100
"2018-06-02 14:06:05";100
"2018-06-02 14:16:05";98
"2018-06-02 14:26:05";98
"2018-06-02 14:36:04";98
"2018-06-02 14:46:04";98
"2018-06-02 15:06:04";99
"2018-06-02 15:16:04";99
"2018-06-02 15:26:04";96
"2018-06-02 15:36:05";96
"2018-06-02 15:46:05";96
"2018-06-02 15:56:05";101
"2018-06-02 16:06:05";101
"2018-06-02 16:16:05";101
"2018-06-02 16:26:05";99
"2018-06-02 16:36:04";99
"2018-06-02 16:46:05";99
"2018-06-02 16:56:10";103
"2018-06-02 17:06:04";103
"2018-06-02 17:16:04";104
"2018-06-02 17:26:04";104
"2018-06-02 17:36:04";104
"2018-06-02 17:46:05";104
"2018-06-02 17:56:04";103
"2018-06-02 18:06:04";103
"2018-06-02 18:16:05";103
"2018-06-02 18:26:05";104
"2018-06-02 18:36:04";104
"2018-06-02 18:46:04";104
"2018-06-02 18:56:05";101
"2018-06-02 19:06:04";101
"2018-06-02 19:16:05";105
"2018-06-02 19:26:04";105
"2018-06-02 19:36:05";105
"2018-06-02 19:46:05";105
"2018-06-02 19:56:04";102
"2018-06-02 20:06:04";102
"2018-06-02 20:16:05";102
"2018-06-02 20:26:05";104
"2018-06-02 20:36:05";104
"2018-06-02 20:46:05";104
"2018-06-02 21:06:05";104
"2018-06-02 21:16:05";104
"2018-06-02 21:26:05";105
"2018-06-02 21:36:05";105
"2018-06-02 21:46:04";105
"2018-06-02 21:56:05";105
"2018-06-02 22:06:08";105
"2018-06-02 22:16:05";105
"2018-06-02 22:26:05";104
"2018-06-02 22:36:05";104
"2018-06-02 22:46:04";104
"2018-06-02 22:56:05";107
"2018-06-02 23:06:05";107
"2018-06-02 23:16:04";107
"2018-06-02 23:26:05";105
"2018-06-03 00:26:04";105
"2018-06-03 00:36:05";105
"2018-06-03 00:46:05";105
"2018-06-03 00:56:05";109
"2018-06-03 01:06:05";109
"2018-06-03 01:16:04";109
"2018-06-03 01:26:05";109
"2018-06-03 01:36:05";109
"2018-06-03 01:46:05";109
"2018-06-03 01:56:05";104
"2018-06-03 02:06:04";104
"2018-06-03 02:16:16";104
"2018-06-03 02:26:04";104
"2018-06-03 02:36:05";104
"2018-06-03 02:46:05";104
"2018-06-03 03:06:04";100
"2018-06-03 03:16:04";100
"2018-06-03 03:26:04";109
"2018-06-03 03:36:04";109
"2018-06-03 03:46:05";109
"2018-06-03 03:56:05";105
"2018-06-03 04:06:04";105
"2018-06-03 04:16:05";105
"2018-06-03 04:26:04";104
"2018-06-03 04:36:05";104
"2018-06-03 04:46:04";104
"2018-06-03 04:56:04";103
"2018-06-03 05:06:05";103
"2018-06-03 05:16:05";102
"2018-06-03 05:26:04";102
"2018-06-03 05:36:04";102
"2018-06-03 05:46:05";102
"2018-06-03 05:56:04";102
"2018-06-03 06:06:04";102
"2018-06-03 06:16:05";102
"2018-06-03 06:26:04";102
"2018-06-03 06:36:04";102
"2018-06-03 06:46:05";102
"2018-06-03 06:56:04";103
"2018-06-03 07:06:05";103
"2018-06-03 07:16:04";103
"2018-06-03 07:26:05";104
"2018-06-03 07:36:05";104
"2018-06-03 07:46:04";100
"2018-06-03 07:56:05";100
"2018-06-03 08:06:04";100
"2018-06-03 08:16:05";100
"2018-06-03 08:26:05";102
"2018-06-03 08:36:04";102
"2018-06-03 08:46:05";99
"2018-06-03 08:56:05";99
"2018-06-03 09:06:05";99
"2018-06-03 09:26:05";100
"2018-06-03 09:36:05";100
"2018-06-03 09:46:05";100
"2018-06-03 09:56:04";100
"2018-06-03 10:06:05";100
"2018-06-03 10:16:05";100
"2018-06-03 10:26:05";98
"2018-06-03 10:36:05";98
"2018-06-03 10:46:05";98
"2018-06-03 10:56:05";97
"2018-06-03 11:06:04";97
"2018-06-03 11:16:05";98
"2018-06-03 11:26:05";98
"2018-06-03 11:36:04";98
"2018-06-03 11:46:05";98
"2018-06-03 11:56:04";98
"2018-06-03 12:06:04";98
"2018-06-03 12:16:04";99
"2018-06-03 12:26:04";99
"2018-06-03 12:36:05";99
"2018-06-03 12:46:05";99
"2018-06-03 12:56:04";99
"2018-06-03 13:06:04";99
"2018-06-03 13:16:05";96
"2018-06-03 13:26:04";96
"2018-06-03 13:36:04";96
"2018-06-03 13:46:05";96
"2018-06-03 13:56:04";96
"2018-06-03 14:06:05";96
"2018-06-03 14:16:05";96
"2018-06-03 14:26:04";97
"2018-06-03 14:36:04";97
"2018-06-03 14:46:04";97
"2018-06-03 14:56:05";98
"2018-06-03 15:06:04";98
"2018-06-03 15:16:04";99
"2018-06-03 15:36:04";99
"2018-06-03 15:46:05";100
"2018-06-03 15:56:05";100
"2018-06-03 16:06:05";100
"2018-06-03 16:16:05";100
"2018-06-03 16:26:05";95
"2018-06-03 16:36:05";95
"2018-06-03 16:46:04";95
"2018-06-03 16:56:05";98
"2018-06-03 17:06:04";98
"2018-06-03 17:16:04";98
"2018-06-03 17:26:04";99
"2018-06-03 17:36:05";99
"2018-06-03 17:46:04";99
"2018-06-03 17:56:05";101
"2018-06-03 18:06:05";101
"2018-06-03 18:16:04";101
"2018-06-03 18:26:04";100
"2018-06-03 18:36:04";100
"2018-06-03 18:46:05";100
"2018-06-03 18:56:05";98
"2018-06-03 19:06:04";98
"2018-06-03 19:16:04";98
"2018-06-03 19:26:05";98
"2018-06-03 19:36:04";98
"2018-06-03 19:46:05";98
"2018-06-03 19:56:04";99
"2018-06-03 20:06:05";99
"2018-06-03 20:16:05";102
"2018-06-03 20:26:05";102
"2018-06-03 20:36:05";102
"2018-06-03 20:46:05";102
"2018-06-03 20:56:15";98
"2018-06-03 21:06:05";98
"2018-06-03 21:16:05";98
"2018-06-03 21:36:04";103
"2018-06-03 21:46:05";104
"2018-06-03 21:56:05";104
"2018-06-03 22:06:08";104
"2018-06-03 22:16:06";104
"2018-06-03 22:26:05";104
"2018-06-03 22:36:05";104
"2018-06-03 22:46:05";104
"2018-06-03 22:56:04";104
"2018-06-03 23:06:05";104
"2018-06-03 23:16:05";104
"2018-06-03 23:26:05";105
"2018-06-03 23:36:05";105
"2018-06-03 23:46:05";102
"2018-06-03 23:56:10";102
"2018-06-04 00:06:05";102
"2018-06-04 00:16:05";102
"2018-06-04 00:26:05";103
"2018-06-04 00:36:05";103
"2018-06-04 00:46:07";103
"2018-06-04 00:56:05";103
"2018-06-04 01:06:05";103
"2018-06-04 01:16:05";100
"2018-06-04 01:26:06";100
"2018-06-04 01:36:05";100
"2018-06-04 01:46:04";103
"2018-06-04 01:56:05";103
"2018-06-04 02:06:05";103
"2018-06-04 02:16:13";103
"2018-06-04 02:26:05";104
"2018-06-04 02:36:05";104
"2018-06-04 02:46:04";104
"2018-06-04 02:56:04";104
"2018-06-04 03:06:05";104
"2018-06-04 03:16:04";103
"2018-06-04 03:26:04";103
"2018-06-04 03:46:04";103
"2018-06-04 03:56:04";103
"2018-06-04 04:06:04";103
"2018-06-04 04:16:05";103
"2018-06-04 04:26:04";101
"2018-06-04 04:36:05";101
"2018-06-04 04:46:04";101
"2018-06-04 04:56:05";100
"2018-06-04 05:06:05";100
"2018-06-04 05:16:04";99
"2018-06-04 05:26:04";99
"2018-06-04 05:36:04";99
"2018-06-04 05:46:05";101
"2018-06-04 05:56:05";101
"2018-06-04 06:06:04";101
"2018-06-04 06:16:05";101
"2018-06-04 06:26:05";101
"2018-06-04 06:36:04";101
"2018-06-04 06:46:04";101
"2018-06-04 06:56:05";98
"2018-06-04 07:06:05";98
"2018-06-04 07:16:05";98
"2018-06-04 07:26:04";101
"2018-06-04 07:36:04";101
"2018-06-04 07:46:05";99
"2018-06-04 07:56:04";99
"2018-06-04 08:06:05";99
"2018-06-04 08:16:05";101
"2018-06-04 08:26:04";101
"2018-06-04 08:36:04";101
"2018-06-04 08:46:05";101
"2018-06-04 08:56:05";99
"2018-06-04 09:06:04";99
"2018-06-04 09:16:04";99
"2018-06-04 09:26:04";99
"2018-06-04 09:36:04";99
"2018-06-04 09:56:15";96
"2018-06-04 10:06:05";96
"2018-06-04 10:16:05";96
"2018-06-04 10:26:04";94
"2018-06-04 10:36:05";94
"2018-06-04 10:46:04";97
"2018-06-04 10:56:05";97
"2018-06-04 11:06:04";97
"2018-06-04 11:16:05";97
"2018-06-04 11:26:05";94
"2018-06-04 11:36:04";94
"2018-06-04 11:46:04";94
"2018-06-04 11:56:14";99
"2018-06-04 12:06:04";99
"2018-06-04 12:16:05";99
"2018-06-04 12:26:04";102
"2018-06-04 12:36:04";102
"2018-06-04 12:46:05";102
"2018-06-04 12:56:10";98
"2018-06-04 13:06:05";98
"2018-06-04 13:16:05";100
"2018-06-04 13:26:05";100
"2018-06-04 13:36:05";100
"2018-06-04 13:46:05";100
"2018-06-04 13:56:04";103
"2018-06-04 14:06:04";103
"2018-06-04 14:16:05";104
"2018-06-04 14:26:05";104
"2018-06-04 14:36:05";104
"2018-06-04 14:46:05";104
"2018-06-04 15:06:05";110
"2018-06-04 15:16:04";110
"2018-06-04 15:26:05";105
"2018-06-04 15:36:05";105
"2018-06-04 15:46:05";105
"2018-06-04 15:56:10";107
"2018-06-04 16:06:05";107
"2018-06-04 16:16:04";111
"2018-06-04 16:26:05";111
"2018-06-04 16:36:04";111
"2018-06-04 16:46:04";111
"2018-06-04 16:56:05";105
"2018-06-04 17:06:05";105
"2018-06-04 17:16:05";105
"2018-06-04 17:26:05";110
"2018-06-04 17:36:05";110
"2018-06-04 17:46:05";110
"2018-06-04 17:56:10";108
"2018-06-04 18:06:05";108
"2018-06-04 18:16:04";108
"2018-06-04 18:26:04";108
"2018-06-04 18:36:04";108
"2018-06-04 18:46:04";108
"2018-06-04 18:56:05";107
"2018-06-04 19:06:05";107
"2018-06-04 19:16:04";107
"2018-06-04 19:26:05";109
"2018-06-04 19:36:05";109
"2018-06-04 19:46:05";109
"2018-06-04 19:56:05";110
"2018-06-04 20:06:05";110
"2018-06-04 20:16:05";110
"2018-06-04 20:26:05";107
"2018-06-04 20:46:04";107
"2018-06-04 20:56:05";109
"2018-06-04 21:06:05";109
"2018-06-04 21:16:04";109
"2018-06-04 21:26:05";109
"2018-06-04 21:36:05";109
"2018-06-04 21:46:05";109
"2018-06-04 21:56:05";111
"2018-06-04 22:06:09";111
"2018-06-04 22:16:05";111
"2018-06-04 22:26:06";110
"2018-06-04 22:36:05";110
"2018-06-04 22:46:05";110
"2018-06-04 22:56:04";111
"2018-06-04 23:06:05";111
"2018-06-04 23:16:05";111
"2018-06-04 23:26:05";109
"2018-06-04 23:36:06";109
"2018-06-04 23:46:05";109
"2018-06-04 23:56:11";111
"2018-06-05 00:06:06";111
"2018-06-05 00:16:05";109
"2018-06-05 00:26:04";109
"2018-06-05 00:36:05";109
"2018-06-05 00:46:06";103
"2018-06-05 00:56:10";103
"2018-06-05 01:06:05";103
"2018-06-05 01:16:04";104
"2018-06-05 01:26:05";104
"2018-06-05 01:36:05";104
"2018-06-05 01:46:05";109
"2018-06-05 01:56:05";109
"2018-06-05 02:06:04";109
"2018-06-05 02:16:19";104
"2018-06-05 02:36:04";104
"2018-06-05 02:46:04";104
"2018-06-05 02:56:05";105
"2018-06-05 03:06:05";105
"2018-06-05 03:16:04";105
"2018-06-05 03:26:04";109
"2018-06-05 03:36:04";109
"2018-06-05 03:46:05";109
"2018-06-05 03:56:04";104
"2018-06-05 04:06:04";104
"2018-06-05 04:16:05";104
"2018-06-05 04:26:04";104
"2018-06-05 04:36:05";104
"2018-06-05 04:46:04";104
"2018-06-05 04:56:05";102
"2018-06-05 05:06:04";102
"2018-06-05 05:16:05";102
"2018-06-05 05:26:05";102
"2018-06-05 05:36:04";102
"2018-06-05 05:46:05";102
"2018-06-05 05:56:10";103
"2018-06-05 06:06:04";103
"2018-06-05 06:16:04";103
"2018-06-05 06:26:04";100
"2018-06-05 06:36:05";100
"2018-06-05 06:46:04";100
"2018-06-05 06:56:05";102
"2018-06-05 07:06:04";102
"2018-06-05 07:16:05";101
"2018-06-05 07:26:05";101
"2018-06-05 07:36:05";101
"2018-06-05 07:46:05";101
"2018-06-05 07:56:04";103
"2018-06-05 08:06:05";103
"2018-06-05 08:16:05";103
"2018-06-05 08:26:04";102
"2018-06-05 08:46:05";100
"2018-06-05 08:56:15";100
"2018-06-05 09:06:04";100
"2018-06-05 09:16:05";100
"2018-06-05 09:26:05";103
"2018-06-05 09:36:05";103
"2018-06-05 09:46:04";103
"2018-06-05 09:56:15";100
"2018-06-05 10:06:05";100
"2018-06-05 10:16:04";100
"2018-06-05 10:26:05";100
"2018-06-05 10:36:05";100
"2018-06-05 10:46:05";100
"2018-06-05 10:56:15";95
"2018-06-05 11:06:04";95
"2018-06-05 11:16:05";95
"2018-06-05 11:26:04";93
"2018-06-05 11:36:04";93
"2018-06-05 11:46:05";93
"2018-06-05 11:56:10";97
"2018-06-05 12:06:05";97
"2018-06-05 12:16:05";96
"2018-06-05 12:26:04";96
"2018-06-05 12:36:04";96
"2018-06-05 12:46:05";96
"2018-06-05 12:56:05";97
"2018-06-05 13:06:05";97
"2018-06-05 13:16:05";97
"2018-06-05 13:26:05";97
"2018-06-05 13:36:04";97
"2018-06-05 13:46:04";97
"2018-06-05 13:56:04";94
"2018-06-05 14:06:05";94
"2018-06-05 14:16:04";94
"2018-06-05 14:26:05";95
"2018-06-05 14:46:05";95
"2018-06-05 14:56:04";97
"2018-06-05 15:06:05";97
"2018-06-05 15:16:04";97
"2018-06-05 15:26:04";100
"2018-06-05 15:36:04";100
"2018-06-05 15:46:05";95
"2018-06-05 15:56:14";95
"2018-06-05 16:06:05";95
"2018-06-05 16:16:05";95
"2018-06-05 16:26:04";97
"2018-06-05 16:36:05";97
"2018-06-05 16:46:05";97
"2018-06-05 16:56:06";99
"2018-06-05 17:06:05";99
"2018-06-05 17:16:04";99
"2018-06-05 17:26:05";97
"2018-06-05 17:36:04";97
"2018-06-05 17:46:05";97
"2018-06-05 17:56:05";99
"2018-06-05 18:06:05";99
"2018-06-05 18:16:04";99
"2018-06-05 18:26:05";98
"2018-06-05 18:36:04";98
"2018-06-05 18:46:05";98
"2018-06-05 18:56:05";98
"2018-06-05 19:06:04";98
"2018-06-05 19:16:05";98
"2018-06-05 19:26:04";104
"2018-06-05 19:36:04";104
"2018-06-05 19:46:05";104
"2018-06-05 19:56:04";100
"2018-06-05 20:06:04";100
"2018-06-05 20:16:05";100
"2018-06-05 20:26:05";96
"2018-06-05 20:36:04";96
"2018-06-05 20:56:10";100
"2018-06-05 21:06:05";100
"2018-06-05 21:16:05";100
"2018-06-05 21:26:04";102
"2018-06-05 21:36:05";102
"2018-06-05 21:46:05";102
"2018-06-05 21:56:05";101
"2018-06-05 22:06:06";101
"2018-06-05 22:16:06";101
"2018-06-05 22:26:06";104
"2018-06-05 22:36:05";104
"2018-06-05 22:46:04";104
"2018-06-05 22:56:05";101
"2018-06-05 23:06:05";101
"2018-06-05 23:16:04";101
"2018-06-05 23:26:05";103
"2018-06-05 23:36:05";103
"2018-06-05 23:46:05";103
"2018-06-05 23:56:11";101
"2018-06-06 00:06:06";101
"2018-06-06 00:16:05";104
"2018-06-06 00:26:05";104
"2018-06-06 00:36:05";104
"2018-06-06 00:46:05";104
"2018-06-06 00:56:05";104
"2018-06-06 01:06:04";104
"2018-06-06 01:16:04";105
"2018-06-06 01:26:05";105
"2018-06-06 01:46:05";105
"2018-06-06 02:06:04";99
"2018-06-06 02:16:22";102
"2018-06-06 02:26:05";102
"2018-06-06 02:36:05";102
"2018-06-06 02:46:10";102
"2018-06-06 02:56:05";103
"2018-06-06 03:06:04";103
"2018-06-06 03:16:04";104
"2018-06-06 03:26:04";104
"2018-06-06 03:36:04";104
"2018-06-06 03:46:04";99
"2018-06-06 03:56:04";99
"2018-06-06 04:06:04";99
"2018-06-06 04:16:04";100
"2018-06-06 04:26:04";100
"2018-06-06 04:36:04";100
"2018-06-06 04:46:05";100
"2018-06-06 04:56:04";97
"2018-06-06 05:06:04";97
"2018-06-06 05:16:04";97
"2018-06-06 05:26:05";100
"2018-06-06 05:36:04";100
"2018-06-06 05:46:05";100
"2018-06-06 05:56:10";99
"2018-06-06 06:06:05";99
"2018-06-06 06:16:05";97
"2018-06-06 06:26:04";97
"2018-06-06 06:36:05";97
"2018-06-06 06:46:04";97
"2018-06-06 06:56:05";97
"2018-06-06 07:06:04";97
"2018-06-06 07:16:05";96
"2018-06-06 07:36:05";96
"2018-06-06 07:46:05";96
"2018-06-06 07:56:05";99
"2018-06-06 08:06:04";99
"2018-06-06 08:16:05";98
"2018-06-06 08:26:05";98
"2018-06-06 08:36:04";98
"2018-06-06 08:46:05";98
"2018-06-06 08:56:05";99
"2018-06-06 09:06:04";99
"2018-06-06 09:16:05";99
"2018-06-06 09:26:05";103
"2018-06-06 09:36:05";103
"2018-06-06 09:46:05";103
"2018-06-06 09:56:04";104
"2018-06-06 10:06:05";104
"2018-06-06 10:16:05";104
"2018-06-06 10:26:04";107
"2018-06-06 10:36:05";107
"2018-06-06 10:46:05";107
"2018-06-06 10:56:10";101
"2018-06-06 11:06:04";101
"2018-06-06 11:26:05";104
"2018-06-06 11:36:05";104
"2018-06-06 11:46:05";104
"2018-06-06 11:56:15";104
"2018-06-06 12:06:04";104
"2018-06-06 12:16:05";104
"2018-06-06 12:26:04";105
"2018-06-06 12:36:05";105
"2018-06-06 12:46:05";105
"2018-06-06 12:56:15";104
"2018-06-06 13:06:04";104
"2018-06-06 13:16:05";101
"2018-06-06 13:26:04";101
"2018-06-06 13:36:05";101
"2018-06-06 13:46:05";101
"2018-06-06 13:56:05";102
"2018-06-06 14:06:04";102
"2018-06-06 14:16:04";102
"2018-06-06 14:26:05";103
"2018-06-06 14:36:05";103
"2018-06-06 14:46:04";103
"2018-06-06 14:56:09";104
"2018-06-06 15:06:05";104
"2018-06-06 15:16:04";104
"2018-06-06 15:26:04";104
"2018-06-06 15:36:05";104
"2018-06-06 15:46:05";104
"2018-06-06 15:56:04";104
"2018-06-06 16:06:04";104
"2018-06-06 16:16:05";104
"2018-06-06 16:26:04";108
"2018-06-06 16:36:05";108
"2018-06-06 16:46:06";108
"2018-06-06 17:06:05";107
"2018-06-06 17:16:04";107
"2018-06-06 17:26:05";102
"2018-06-06 17:36:04";102
"2018-06-06 17:46:05";102
"2018-06-06 17:56:04";105
"2018-06-06 18:06:04";105
"2018-06-06 18:16:05";105
"2018-06-06 18:26:05";107
"2018-06-06 18:36:05";107
"2018-06-06 18:46:04";107
"2018-06-06 18:56:05";112
"2018-06-06 19:06:04";112
"2018-06-06 19:16:04";112
"2018-06-06 19:26:05";111
"2018-06-06 19:36:05";111
"2018-06-06 19:46:05";111
"2018-06-06 19:56:05";105
"2018-06-06 20:06:05";105
"2018-06-06 20:16:05";105
"2018-06-06 20:26:05";108
"2018-06-06 20:36:05";108
"2018-06-06 20:46:05";108
"2018-06-06 20:56:15";110
"2018-06-06 21:06:05";110
"2018-06-06 21:16:04";110
"2018-06-06 21:26:05";111
"2018-06-06 21:36:05";111
"2018-06-06 21:46:05";111
"2018-06-06 21:56:05";105
"2018-06-06 22:06:08";105
"2018-06-06 22:16:06";105
"2018-06-06 22:26:06";107
"2018-06-06 22:46:05";107
"2018-06-06 22:56:05";108
"2018-06-06 23:06:05";108
"2018-06-06 23:16:04";108
"2018-06-06 23:26:05";108
"2018-06-06 23:36:05";108
"2018-06-06 23:46:05";108
"2018-06-06 23:56:15";110
"2018-06-07 00:06:06";110
"2018-06-07 00:16:05";110
"2018-06-07 00:26:05";105
"2018-06-07 00:36:05";105
"2018-06-07 00:46:06";105
"2018-06-07 00:56:06";108
"2018-06-07 01:06:04";108
"2018-06-07 01:26:05";104
"2018-06-07 01:36:05";104
"2018-06-07 01:46:05";107
"2018-06-07 01:56:04";107
"2018-06-07 02:06:04";107
"2018-06-07 02:16:15";107
"2018-06-07 02:36:05";108
"2018-06-07 02:46:05";104
"2018-06-07 02:56:04";104
"2018-06-07 03:06:05";104
"2018-06-07 03:16:05";104
"2018-06-07 03:26:05";104
"2018-06-07 03:46:05";104
"2018-06-07 03:56:09";104
"2018-06-07 04:06:05";104
"2018-06-07 04:16:05";104
"2018-06-07 04:26:04";103
"2018-06-07 04:36:04";103
"2018-06-07 04:46:05";103
"2018-06-07 04:56:14";101
"2018-06-07 05:06:05";101
"2018-06-07 05:16:04";101
"2018-06-07 05:26:05";101
"2018-06-07 05:36:04";101
"2018-06-07 05:46:05";100
"2018-06-07 05:56:04";100
"2018-06-07 06:06:04";100
"2018-06-07 06:16:05";100
"2018-06-07 06:26:05";102
"2018-06-07 06:36:04";102
"2018-06-07 06:46:05";102
"2018-06-07 06:56:15";100
"2018-06-07 07:06:05";100
"2018-06-07 07:26:05";99
"2018-06-07 07:36:04";99
"2018-06-07 07:46:05";99
"2018-06-07 07:56:05";99
"2018-06-07 08:06:05";99
"2018-06-07 08:16:04";99
"2018-06-07 08:26:05";98
"2018-06-07 08:36:05";98
"2018-06-07 08:46:05";98
"2018-06-07 08:56:05";98
"2018-06-07 09:06:04";98
"2018-06-07 09:16:05";98
"2018-06-07 09:26:05";99
"2018-06-07 09:36:05";99
"2018-06-07 09:46:04";96
"2018-06-07 09:56:04";96
"2018-06-07 10:06:05";96
"2018-06-07 10:16:04";96
"2018-06-07 10:26:04";94
"2018-06-07 10:36:04";94
"2018-06-07 10:46:05";94
"2018-06-07 10:56:05";94
"2018-06-07 11:06:04";94
"2018-06-07 11:16:04";94
"2018-06-07 11:26:05";93
"2018-06-07 11:36:05";93
"2018-06-07 11:46:05";93
"2018-06-07 12:06:05";96
"2018-06-07 12:16:04";96
"2018-06-07 12:26:05";97
"2018-06-07 12:36:04";97
"2018-06-07 12:46:05";97
"2018-06-07 12:56:04";93
"2018-06-07 13:06:04";93
"2018-06-07 13:16:04";93
"2018-06-07 13:36:05";95
"2018-06-07 13:46:05";95
"2018-06-07 13:56:05";90
"2018-06-07 14:06:05";90
"2018-06-07 14:16:05";90
"2018-06-07 14:26:05";89
"2018-06-07 14:36:04";89
"2018-06-07 14:46:05";89
"2018-06-07 14:56:15";93
"2018-06-07 15:06:05";93
"2018-06-07 15:16:04";93
"2018-06-07 15:26:05";93
"2018-06-07 15:36:05";93
"2018-06-07 15:46:05";87
"2018-06-07 15:56:05";87
"2018-06-07 16:06:04";87
"2018-06-07 16:16:04";87
"2018-06-07 16:26:04";91
"2018-06-07 16:36:05";91
"2018-06-07 16:46:04";91
"2018-06-07 16:56:05";88
"2018-06-07 17:06:04";88
"2018-06-07 17:16:05";88
"2018-06-07 17:36:05";91
"2018-06-07 17:46:05";91
"2018-06-07 17:56:04";92
"2018-06-07 18:06:04";92
"2018-06-07 18:16:04";87
"2018-06-07 18:26:05";87
"2018-06-07 18:36:05";87
"2018-06-07 18:46:05";87
"2018-06-07 18:56:05";94
"2018-06-07 19:06:05";94
"2018-06-07 19:16:05";91
"2018-06-07 19:26:05";91
"2018-06-07 19:36:04";91
"2018-06-07 19:46:05";91
"2018-06-07 19:56:05";93
"2018-06-07 20:06:05";93
"2018-06-07 20:16:05";93
"2018-06-07 20:26:05";93
"2018-06-07 20:36:05";93
"2018-06-07 20:46:04";91
"2018-06-07 20:56:05";91
"2018-06-07 21:06:05";91
"2018-06-07 21:16:05";91
"2018-06-07 21:26:05";93
"2018-06-07 21:36:05";93
"2018-06-07 21:46:05";93
"2018-06-07 21:56:10";92
"2018-06-07 22:06:07";92
"2018-06-07 22:16:05";92
"2018-06-07 22:26:05";96
"2018-06-07 22:46:04";92
"2018-06-07 22:56:10";92
"2018-06-07 23:06:04";92
"2018-06-07 23:16:04";92
"2018-06-07 23:26:05";96
"2018-06-07 23:36:06";96
"2018-06-07 23:46:04";96
"2018-06-07 23:56:06";98
"2018-06-08 00:06:06";98
"2018-06-08 00:16:05";99
"2018-06-08 00:26:05";99
"2018-06-08 00:36:04";99
"2018-06-08 00:46:06";99
"2018-06-08 00:56:11";98
"2018-06-08 01:06:04";98
"2018-06-08 01:16:05";97
"2018-06-08 01:26:05";97
"2018-06-08 01:36:05";97
"2018-06-08 01:46:05";97
"2018-06-08 02:06:05";99
"2018-06-08 02:16:14";92
"2018-06-08 02:26:05";92
"2018-06-08 02:36:05";92
"2018-06-08 02:46:05";92
"2018-06-08 02:56:05";97
"2018-06-08 03:06:05";97
"2018-06-08 03:16:05";97
"2018-06-08 03:26:05";97
"2018-06-08 03:36:05";97
"2018-06-08 03:46:05";97
"2018-06-08 03:56:04";96
"2018-06-08 04:06:04";96
"2018-06-08 04:16:04";96
"2018-06-08 04:26:05";92
"2018-06-08 04:36:04";92
"2018-06-08 04:46:05";92
"2018-06-08 05:06:05";99
"2018-06-08 05:16:04";99
"2018-06-08 05:26:05";94
"2018-06-08 05:36:05";94
"2018-06-08 05:46:04";94
"2018-06-08 05:56:04";94
"2018-06-08 06:06:04";94
"2018-06-08 06:16:05";95
"2018-06-08 06:26:05";95
"2018-06-08 06:36:05";95
"2018-06-08 06:46:05";95
"2018-06-08 06:56:04";98
"2018-06-08 07:16:04";98
"2018-06-08 07:26:05";96
"2018-06-08 07:36:05";96
"2018-06-08 07:46:05";96
"2018-06-08 07:56:05";96
"2018-06-08 08:06:04";96
"2018-06-08 08:16:05";96
"2018-06-08 08:26:04";96
"2018-06-08 08:36:05";92
"2018-06-08 08:46:05";92
"2018-06-08 08:56:15";94
"2018-06-08 09:06:04";94
"2018-06-08 09:16:05";94
"2018-06-08 09:26:04";94
"2018-06-08 09:36:04";94
"2018-06-08 09:46:05";94
"2018-06-08 09:56:04";94
"2018-06-08 10:06:04";94
"2018-06-08 10:16:05";92
"2018-06-08 10:36:05";92
"2018-06-08 10:46:04";92
"2018-06-08 10:56:05";92
"2018-06-08 11:06:05";92
"2018-06-08 11:16:04";92
"2018-06-08 11:26:04";93
"2018-06-08 11:36:05";93
"2018-06-08 11:46:05";93
"2018-06-08 11:56:05";93
"2018-06-08 12:16:05";93
"2018-06-08 12:26:04";94
"2018-06-08 12:36:04";94
"2018-06-08 12:46:05";94
"2018-06-08 12:56:05";95
"2018-06-08 13:06:04";95
"2018-06-08 13:16:05";95
"2018-06-08 13:26:05";90
"2018-06-08 13:36:05";90
"2018-06-08 13:46:05";90
"2018-06-08 13:56:05";90
"2018-06-08 14:16:05";90
"2018-06-08 14:26:05";92
"2018-06-08 14:36:04";92
"2018-06-08 14:46:05";92
"2018-06-08 14:56:04";92
"2018-06-08 15:06:05";92
"2018-06-08 15:16:05";94
"2018-06-08 15:26:05";94
"2018-06-08 15:36:05";94
"2018-06-08 15:46:05";96
"2018-06-08 15:56:05";96
"2018-06-08 16:06:04";96
"2018-06-08 16:16:05";93
"2018-06-08 16:36:05";93
"2018-06-08 16:46:04";95
"2018-06-08 16:56:15";95
"2018-06-08 17:06:05";95
"2018-06-08 17:16:05";95
"2018-06-08 17:26:04";93
"2018-06-08 17:36:04";93
"2018-06-08 17:46:05";93
"2018-06-08 17:56:10";93
"2018-06-08 18:06:05";93
"2018-06-08 18:16:05";93
"2018-06-08 18:26:04";96
"2018-06-08 18:36:04";96
"2018-06-08 18:46:04";96
"2018-06-08 18:56:04";98
"2018-06-08 19:06:05";98
"2018-06-08 19:16:04";98
"2018-06-08 19:26:05";95
"2018-06-08 19:36:05";95
"2018-06-08 19:46:05";92
"2018-06-08 19:56:04";92
"2018-06-08 20:06:05";92
"2018-06-08 20:16:05";92
"2018-06-08 20:26:05";95
"2018-06-08 20:36:05";95
"2018-06-08 20:46:05";95
"2018-06-08 21:06:05";96
"2018-06-08 21:16:05";98
"2018-06-08 21:26:05";98
"2018-06-08 21:36:05";98
"2018-06-08 21:46:04";98
"2018-06-08 21:56:05";99
"2018-06-08 22:06:05";99
"2018-06-08 22:16:06";99
"2018-06-08 22:26:05";97
"2018-06-08 22:36:05";97
"2018-06-08 22:46:05";97
"2018-06-08 22:56:05";100
"2018-06-08 23:06:04";100
"2018-06-08 23:16:04";100
"2018-06-08 23:26:04";97
"2018-06-08 23:36:06";97
"2018-06-08 23:46:05";97
"2018-06-08 23:56:05";97
"2018-06-09 00:06:06";97
"2018-06-09 00:16:05";97
"2018-06-09 00:26:05";97
"2018-06-09 00:36:05";97
"2018-06-09 00:46:06";97
"2018-06-09 00:56:16";98
"2018-06-09 01:06:05";98
"2018-06-09 01:26:05";96
"2018-06-09 01:36:05";96
"2018-06-09 01:46:05";96
"2018-06-09 01:56:04";96
"2018-06-09 02:06:04";96
"2018-06-09 02:16:14";96
"2018-06-09 02:26:05";96
"2018-06-09 02:36:10";97
"2018-06-09 02:46:05";97
"2018-06-09 02:56:05";97
"2018-06-09 03:06:04";97
"2018-06-09 03:16:04";97
"2018-06-09 03:26:05";97
"2018-06-09 03:36:04";97
"2018-06-09 03:46:05";97
"2018-06-09 03:56:05";97
"2018-06-09 04:06:04";97
"2018-06-09 04:16:05";97
"2018-06-09 04:26:04";96
"2018-06-09 04:36:04";96
"2018-06-09 04:46:05";96
"2018-06-09 04:56:04";95
"2018-06-09 05:06:04";95
"2018-06-09 05:16:04";98
"2018-06-09 05:26:05";98
"2018-06-09 05:36:05";98
"2018-06-09 05:46:05";98
"2018-06-09 05:56:05";93
"2018-06-09 06:06:04";93
"2018-06-09 06:16:04";93
"2018-06-09 06:26:04";93
"2018-06-09 06:46:05";94
"2018-06-09 06:56:10";94
"2018-06-09 07:06:04";94
"2018-06-09 07:16:04";94
"2018-06-09 07:26:05";93
"2018-06-09 07:36:04";93
"2018-06-09 07:46:05";93
"2018-06-09 07:56:05";91
"2018-06-09 08:06:05";91
"2018-06-09 08:16:04";92
"2018-06-09 08:26:04";92
"2018-06-09 08:36:04";92
"2018-06-09 08:46:05";92
"2018-06-09 08:56:04";92
"2018-06-09 09:06:05";92
"2018-06-09 09:16:04";92
"2018-06-09 09:26:05";95
"2018-06-09 09:36:04";95
"2018-06-09 09:46:05";95
"2018-06-09 09:56:05";92
"2018-06-09 10:06:05";92
"2018-06-09 10:16:04";89
"2018-06-09 10:26:05";89
"2018-06-09 10:36:05";89
"2018-06-09 10:46:05";89
"2018-06-09 10:56:05";89
"2018-06-09 11:06:04";89
"2018-06-09 11:16:05";89
"2018-06-09 11:26:05";86
"2018-06-09 11:36:05";86
"2018-06-09 11:46:05";89
"2018-06-09 11:56:05";89
"2018-06-09 12:06:05";89
"2018-06-09 12:16:05";89
"2018-06-09 12:36:04";88
"2018-06-09 12:46:05";88
"2018-06-09 12:56:05";87
"2018-06-09 13:06:04";87
"2018-06-09 13:16:04";87
"2018-06-09 13:26:04";89
"2018-06-09 13:36:05";89
"2018-06-09 13:46:05";85
"2018-06-09 13:56:04";85
"2018-06-09 14:06:05";85
"2018-06-09 14:16:05";85
"2018-06-09 14:26:04";85
"2018-06-09 14:36:04";85
"2018-06-09 14:46:04";85
"2018-06-09 14:56:05";86
"2018-06-09 15:06:05";86
"2018-06-09 15:16:04";86
"2018-06-09 15:26:05";92
"2018-06-09 15:36:04";92
"2018-06-09 15:46:05";92
"2018-06-09 15:56:05";84
"2018-06-09 16:06:05";84
"2018-06-09 16:16:05";87
"2018-06-09 16:26:05";87
"2018-06-09 16:36:05";87
"2018-06-09 16:46:05";87
"2018-06-09 16:56:09";89
"2018-06-09 17:06:04";89
"2018-06-09 17:16:05";89
"2018-06-09 17:26:05";88
"2018-06-09 17:36:05";88
"2018-06-09 17:46:05";88
"2018-06-09 17:56:05";86
"2018-06-09 18:16:04";89
"2018-06-09 18:26:04";89
"2018-06-09 18:36:05";89
"2018-06-09 18:46:05";89
"2018-06-09 18:56:05";91
"2018-06-09 19:06:04";91
"2018-06-09 19:16:05";91
"2018-06-09 19:26:05";88
"2018-06-09 19:36:04";88
"2018-06-09 19:46:04";88
"2018-06-09 19:56:05";90
"2018-06-09 20:06:04";90
"2018-06-09 20:16:04";90
"2018-06-09 20:26:05";91
"2018-06-09 20:36:04";91
"2018-06-09 20:46:05";91
"2018-06-09 20:56:10";93
"2018-06-09 21:06:04";93
"2018-06-09 21:16:04";93
"2018-06-09 21:26:05";90
"2018-06-09 21:36:04";90
"2018-06-09 21:46:04";90
"2018-06-09 21:56:04";90
"2018-06-09 22:06:06";90
"2018-06-09 22:16:06";90
"2018-06-09 22:26:05";95
"2018-06-09 22:36:04";95
"2018-06-09 22:46:05";95
"2018-06-09 22:56:04";89
"2018-06-09 23:06:05";89
"2018-06-09 23:16:05";89
"2018-06-09 23:26:05";90
"2018-06-10 00:26:04";91
"2018-06-10 00:36:05";91
"2018-06-10 00:46:06";91
"2018-06-10 00:56:06";91
"2018-06-10 01:06:05";92
"2018-06-10 01:16:05";92
"2018-06-10 01:26:05";88
"2018-06-10 01:36:05";88
"2018-06-10 01:46:05";94
"2018-06-10 01:56:04";94
"2018-06-10 02:16:05";92
"2018-06-10 02:26:04";92
"2018-06-10 02:36:05";92
"2018-06-10 02:46:04";92
"2018-06-10 02:56:05";92
"2018-06-10 03:06:05";92
"2018-06-10 03:16:05";92
"2018-06-10 03:26:04";92
"2018-06-10 03:36:05";92
"2018-06-10 03:46:05";92
"2018-06-10 03:56:04";92
"2018-06-10 04:06:05";92
"2018-06-10 04:16:05";90
"2018-06-10 04:26:04";90
"2018-06-10 04:36:04";90
"2018-06-10 04:46:04";90
"2018-06-10 04:56:04";91
"2018-06-10 05:06:05";91
"2018-06-10 05:16:04";91
"2018-06-10 05:26:05";91
"2018-06-10 05:36:05";91
"2018-06-10 05:46:05";91
"2018-06-10 05:56:05";91
"2018-06-10 06:06:04";91
"2018-06-10 06:16:05";91
"2018-06-10 06:26:05";91
"2018-06-10 06:36:04";91
"2018-06-10 06:46:04";91
"2018-06-10 06:56:05";92
"2018-06-10 07:06:05";92
"2018-06-10 07:16:04";92
"2018-06-10 07:26:05";90
"2018-06-10 07:36:04";90
"2018-06-10 07:46:05";90
"2018-06-10 07:56:04";89
"2018-06-10 08:06:04";89
"2018-06-10 08:26:05";90
"2018-06-10 08:36:04";90
"2018-06-10 08:46:04";90
"2018-06-10 08:56:05";89
"2018-06-10 09:06:05";89
"2018-06-10 09:16:05";89
"2018-06-10 09:26:05";90
"2018-06-10 09:36:05";90
"2018-06-10 09:46:05";93
"2018-06-10 09:56:04";93
"2018-06-10 10:06:04";93
"2018-06-10 10:16:05";93
"2018-06-10 10:26:05";85
"2018-06-10 10:36:04";85
"2018-06-10 10:46:05";85
"2018-06-10 10:56:05";87
"2018-06-10 11:06:04";87
"2018-06-10 11:16:05";87
"2018-06-10 11:26:04";88
"2018-06-10 11:36:04";88
"2018-06-10 11:46:04";88
"2018-06-10 11:56:05";86
"2018-06-10 12:06:04";86
"2018-06-10 12:16:05";82
"2018-06-10 12:26:05";82
"2018-06-10 12:36:04";82
"2018-06-10 12:46:05";82
"2018-06-10 12:56:04";87
"2018-06-10 13:06:05";87
"2018-06-10 13:16:04";87
"2018-06-10 13:26:05";90
"2018-06-10 13:36:05";90
"2018-06-10 13:46:04";90
"2018-06-10 14:06:04";89
"2018-06-10 14:16:04";89
"2018-06-10 14:26:05";88
"2018-06-10 14:36:04";88
"2018-06-10 14:46:05";92
"2018-06-10 14:56:12";92
"2018-06-10 15:06:04";92
"2018-06-10 15:16:04";93
"2018-06-10 15:26:05";93
"2018-06-10 15:36:05";93
"2018-06-10 15:46:04";92
"2018-06-10 15:56:05";92
"2018-06-10 16:06:05";92
"2018-06-10 16:16:05";92
"2018-06-10 16:26:05";93
"2018-06-10 16:36:04";93
"2018-06-10 16:46:05";93
"2018-06-10 16:56:09";91
"2018-06-10 17:06:05";91
"2018-06-10 17:16:04";91
"2018-06-10 17:26:04";91
"2018-06-10 17:36:05";91
"2018-06-10 17:46:05";91
"2018-06-10 17:56:05";91
"2018-06-10 18:06:04";91
"2018-06-10 18:16:04";94
"2018-06-10 18:26:04";94
"2018-06-10 18:36:04";94
"2018-06-10 18:46:05";94
"2018-06-10 18:56:05";94
"2018-06-10 19:06:04";94
"2018-06-10 19:16:05";96
"2018-06-10 19:26:05";96
"2018-06-10 19:46:05";96
"2018-06-10 19:56:04";98
"2018-06-10 20:06:04";98
"2018-06-10 20:16:05";98
"2018-06-10 20:26:05";98
"2018-06-10 20:36:05";98
"2018-06-10 20:46:04";98
"2018-06-10 20:56:05";95
"2018-06-10 21:06:05";95
"2018-06-10 21:16:05";95
"2018-06-10 21:26:04";102
"2018-06-10 21:36:05";102
"2018-06-10 21:46:05";102
"2018-06-10 21:56:05";99
"2018-06-10 22:06:07";99
"2018-06-10 22:16:06";99
"2018-06-10 22:26:05";99
"2018-06-10 22:36:04";103
"2018-06-10 22:46:05";103
"2018-06-10 22:56:05";103
"2018-06-10 23:06:05";103
"2018-06-10 23:16:04";103
"2018-06-10 23:26:04";103
"2018-06-10 23:36:05";103
"2018-06-10 23:46:06";102
"2018-06-10 23:56:10";102
"2018-06-11 00:06:05";102
"2018-06-11 00:16:05";102
"2018-06-11 00:26:04";104
"2018-06-11 00:36:06";104
"2018-06-11 00:46:06";104
"2018-06-11 00:56:05";102
"2018-06-11 01:16:04";102
"2018-06-11 01:26:05";102
"2018-06-11 01:36:05";102
"2018-06-11 01:46:05";102
"2018-06-11 01:56:10";101
"2018-06-11 02:06:05";101
"2018-06-11 02:16:14";101
"2018-06-11 02:26:04";95
"2018-06-11 02:36:04";95
"2018-06-11 02:46:04";100
"2018-06-11 02:56:05";100
"2018-06-11 03:06:04";100
"2018-06-11 03:16:05";98
"2018-06-11 03:26:05";98
"2018-06-11 03:36:04";98
"2018-06-11 03:46:04";97
"2018-06-11 03:56:05";97
"2018-06-11 04:06:05";97
"2018-06-11 04:16:05";97
"2018-06-11 04:26:05";97
"2018-06-11 04:36:04";97
"2018-06-11 04:46:05";102
"2018-06-11 04:56:05";102
"2018-06-11 05:06:04";102
"2018-06-11 05:16:05";102
"2018-06-11 05:26:05";98
"2018-06-11 05:36:05";98
"2018-06-11 05:46:04";94
"2018-06-11 05:56:04";94
"2018-06-11 06:06:04";94
"2018-06-11 06:16:05";95
"2018-06-11 06:26:04";95
"2018-06-11 06:36:04";95
"2018-06-11 06:46:04";99
"2018-06-11 06:56:05";99
"2018-06-11 07:16:04";99
"2018-06-11 07:26:05";96
"2018-06-11 07:36:05";96
"2018-06-11 07:46:04";93
"2018-06-11 07:56:05";93
"2018-06-11 08:06:04";93
"2018-06-11 08:16:05";97
"2018-06-11 08:26:04";97
"2018-06-11 08:36:04";97
"2018-06-11 08:46:05";97
"2018-06-11 08:56:04";92
"2018-06-11 09:06:04";92
"2018-06-11 09:16:05";92
"2018-06-11 09:26:04";92
"2018-06-11 09:36:04";92
"2018-06-11 09:46:04";90
"2018-06-11 09:56:04";90
"2018-06-11 10:06:04";90
"2018-06-11 10:16:04";90
"2018-06-11 10:26:05";92
"2018-06-11 10:36:05";92
"2018-06-11 10:46:05";91
"2018-06-11 10:56:14";91
"2018-06-11 11:06:04";91
"2018-06-11 11:16:05";92
"2018-06-11 11:26:05";92
"2018-06-11 11:36:04";92
"2018-06-11 11:46:04";92
"2018-06-11 11:56:04";93
"2018-06-11 12:06:05";93
"2018-06-11 12:16:05";93
"2018-06-11 12:26:04";97
"2018-06-11 12:36:05";97
"2018-06-11 12:56:04";96
"2018-06-11 13:06:05";96
"2018-06-11 13:16:04";102
"2018-06-11 13:26:04";102
"2018-06-11 13:36:05";102
"2018-06-11 13:46:05";102
"2018-06-11 13:56:05";112
"2018-06-11 14:06:05";112
"2018-06-11 14:16:05";116
"2018-06-11 14:26:05";116
"2018-06-11 14:36:04";116
"2018-06-11 14:46:04";132
"2018-06-11 14:56:04";132
"2018-06-11 15:06:05";132
"2018-06-11 15:16:04";132
"2018-06-11 15:26:04";132
"2018-06-11 15:36:05";132
"2018-06-11 15:46:04";132
"2018-06-11 15:56:05";127
"2018-06-11 16:06:05";127
"2018-06-11 16:16:05";129
"2018-06-11 16:26:05";129
"2018-06-11 16:36:05";129
"2018-06-11 16:46:04";129
"2018-06-11 16:56:05";125
"2018-06-11 17:06:05";125
"2018-06-11 17:16:04";125
"2018-06-11 17:26:04";128
"2018-06-11 17:36:04";128
"2018-06-11 17:46:04";128
"2018-06-11 17:56:04";127
"2018-06-11 18:06:04";127
"2018-06-11 18:16:04";131
"2018-06-11 18:36:05";131
"2018-06-11 18:46:04";131
"2018-06-11 18:56:05";125
"2018-06-11 19:06:04";125
"2018-06-11 19:16:05";125
"2018-06-11 19:26:05";128
"2018-06-11 19:36:05";128
"2018-06-11 19:46:05";130
"2018-06-11 19:56:05";130
"2018-06-11 20:06:05";130
"2018-06-11 20:16:05";124
"2018-06-11 20:26:05";124
"2018-06-11 20:36:04";124
"2018-06-11 20:46:05";124
"2018-06-11 20:56:05";122
"2018-06-11 21:06:05";122
"2018-06-11 21:16:05";122
"2018-06-11 21:26:04";115
"2018-06-11 21:36:05";115
"2018-06-11 21:46:05";115
"2018-06-11 21:56:05";126
"2018-06-11 22:06:06";126
"2018-06-11 22:16:05";120
"2018-06-11 22:26:06";120
"2018-06-11 22:36:05";120
"2018-06-11 22:46:05";120
"2018-06-11 22:56:05";123
"2018-06-11 23:06:04";123
"2018-06-11 23:26:05";122
"2018-06-11 23:36:06";122
"2018-06-11 23:46:04";122
"2018-06-11 23:56:10";117
"2018-06-12 00:06:05";117
"2018-06-12 00:16:05";117
"2018-06-12 00:26:04";115
"2018-06-12 00:36:05";115
"2018-06-12 00:46:05";123
"2018-06-12 00:56:05";123
"2018-06-12 01:06:05";123
"2018-06-12 01:16:05";123
"2018-06-12 01:26:05";120
"2018-06-12 01:36:05";120
"2018-06-12 01:46:05";120
"2018-06-12 01:56:05";116
"2018-06-12 02:06:04";116
"2018-06-12 02:16:16";116
"2018-06-12 02:26:05";116
"2018-06-12 02:36:06";116
"2018-06-12 02:46:04";116
"2018-06-12 02:56:10";121
"2018-06-12 03:06:04";121
"2018-06-12 03:16:04";121
"2018-06-12 03:26:04";122
"2018-06-12 03:36:05";122
"2018-06-12 03:46:05";122
"2018-06-12 03:56:04";122
"2018-06-12 04:06:04";119
"2018-06-12 04:16:04";120
"2018-06-12 04:26:05";120
"2018-06-12 04:46:05";123
"2018-06-12 04:56:10";123
"2018-06-12 05:06:05";123
"2018-06-12 05:16:05";119
"2018-06-12 05:26:05";119
"2018-06-12 05:36:05";119
"2018-06-12 05:46:05";119
"2018-06-12 05:56:09";122
"2018-06-12 06:06:05";122
"2018-06-12 06:16:05";122
"2018-06-12 06:26:05";120
"2018-06-12 06:36:04";120
"2018-06-12 06:46:05";116
"2018-06-12 06:56:04";116
"2018-06-12 07:06:05";116
"2018-06-12 07:16:05";116
"2018-06-12 07:26:05";116
"2018-06-12 07:36:05";116
"2018-06-12 07:46:04";119
"2018-06-12 07:56:05";119
"2018-06-12 08:06:05";119
"2018-06-12 08:16:05";119
"2018-06-12 08:26:05";115
"2018-06-12 08:36:04";115
"2018-06-12 08:46:04";111
"2018-06-12 08:56:04";111
"2018-06-12 09:06:04";111
"2018-06-12 09:16:05";116
"2018-06-12 09:26:04";116
"2018-06-12 09:36:04";116
"2018-06-12 09:46:05";116
"2018-06-12 09:56:10";116
"2018-06-12 10:06:04";116
"2018-06-12 10:16:04";116
"2018-06-12 10:36:05";115
"2018-06-12 10:46:05";115
"2018-06-12 11:06:05";110
"2018-06-12 11:16:05";110
"2018-06-12 11:26:05";110
"2018-06-12 11:36:05";110
"2018-06-12 11:46:05";110
"2018-06-12 11:56:04";112
"2018-06-12 12:06:05";112
"2018-06-12 12:16:04";112
"2018-06-12 12:26:05";112
"2018-06-12 12:36:04";112
"2018-06-12 12:46:05";112
"2018-06-12 12:56:05";108
"2018-06-12 13:06:04";108
"2018-06-12 13:16:05";108
"2018-06-12 13:26:05";108
"2018-06-12 13:36:04";108
"2018-06-12 13:46:05";108
"2018-06-12 13:56:05";114
"2018-06-12 14:06:04";114
"2018-06-12 14:16:05";111
"2018-06-12 14:26:05";111
"2018-06-12 14:36:05";111
"2018-06-12 14:46:05";108
"2018-06-12 14:56:05";108
"2018-06-12 15:06:04";108
"2018-06-12 15:16:05";108
"2018-06-12 15:26:05";110
"2018-06-12 15:36:04";110
"2018-06-12 15:46:04";114
"2018-06-12 16:06:05";114
"2018-06-12 16:16:05";114
"2018-06-12 16:26:05";110
"2018-06-12 16:36:05";110
"2018-06-12 16:46:05";110
"2018-06-12 16:56:15";110
"2018-06-12 17:06:04";110
"2018-06-12 17:16:05";113
"2018-06-12 17:26:04";113
"2018-06-12 17:36:05";113
"2018-06-12 17:46:04";112
"2018-06-12 17:56:04";112
"2018-06-12 18:06:05";112
"2018-06-12 18:16:05";112
"2018-06-12 18:26:05";108
"2018-06-12 18:36:05";108
"2018-06-12 18:46:04";115
"2018-06-12 18:56:14";115
"2018-06-12 19:06:04";115
"2018-06-12 19:16:05";111
"2018-06-12 19:26:05";111
"2018-06-12 19:36:05";111
"2018-06-12 19:46:05";111
"2018-06-12 19:56:05";126
"2018-06-12 20:06:05";126
"2018-06-12 20:16:04";126
"2018-06-12 20:26:05";128
"2018-06-12 20:36:05";128
"2018-06-12 20:46:04";128
"2018-06-12 20:56:05";126
"2018-06-12 21:16:04";126
"2018-06-12 21:26:05";130
"2018-06-12 21:36:05";130
"2018-06-12 21:46:05";126
"2018-06-12 21:56:05";126
"2018-06-12 22:06:06";126
"2018-06-12 22:16:05";126
"2018-06-12 22:26:05";132
"2018-06-12 22:36:05";132
"2018-06-12 22:46:04";132
"2018-06-12 22:56:04";127
"2018-06-12 23:06:05";127
"2018-06-12 23:26:04";123
"2018-06-12 23:36:05";123
"2018-06-12 23:46:05";123
"2018-06-12 23:56:05";126
"2018-06-13 00:06:05";126
"2018-06-13 00:16:05";126
"2018-06-13 00:26:04";136
"2018-06-13 00:36:04";136
"2018-06-13 00:46:05";136
"2018-06-13 00:56:11";124
"2018-06-13 01:06:05";124
"2018-06-13 01:16:04";124
"2018-06-13 01:26:05";127
"2018-06-13 01:36:05";127
"2018-06-13 01:46:05";124
"2018-06-13 02:06:05";124
"2018-06-13 02:16:17";123
"2018-06-13 02:26:05";123
"2018-06-13 02:36:05";123
"2018-06-13 02:46:05";125
"2018-06-13 02:56:05";125
"2018-06-13 03:06:05";125
"2018-06-13 03:16:04";125
"2018-06-13 03:26:05";125
"2018-06-13 03:36:05";125
"2018-06-13 03:46:05";117
"2018-06-13 03:56:04";117
"2018-06-13 04:06:05";117
"2018-06-13 04:16:05";126
"2018-06-13 04:26:04";126
"2018-06-13 04:36:04";126
"2018-06-13 04:46:05";126
"2018-06-13 04:56:04";119
"2018-06-13 05:06:15";119
"2018-06-13 05:16:04";119
"2018-06-13 05:26:05";123
"2018-06-13 05:36:05";123
"2018-06-13 05:46:04";123
"2018-06-13 05:56:10";116
"2018-06-13 06:06:04";116
"2018-06-13 06:16:05";120
"2018-06-13 06:26:05";120
"2018-06-13 06:36:04";120
"2018-06-13 06:46:04";116
"2018-06-13 06:56:04";116
"2018-06-13 07:06:05";116
"2018-06-13 07:26:05";116
"2018-06-13 07:36:04";116
"2018-06-13 07:46:05";116
"2018-06-13 07:56:04";115
"2018-06-13 08:06:05";115
"2018-06-13 08:16:04";116
"2018-06-13 08:26:04";116
"2018-06-13 08:36:04";116
"2018-06-13 08:46:04";116
"2018-06-13 08:56:10";112
"2018-06-13 09:06:04";112
"2018-06-13 09:16:05";114
"2018-06-13 09:26:05";114
"2018-06-13 09:36:10";114
"2018-06-13 09:46:04";113
"2018-06-13 09:56:05";113
"2018-06-13 10:06:04";113
"2018-06-13 10:16:05";113
"2018-06-13 10:26:04";107
"2018-06-13 10:36:04";107
"2018-06-13 10:46:04";107
"2018-06-13 10:56:15";109
"2018-06-13 11:06:04";109
"2018-06-13 11:16:05";111
"2018-06-13 11:26:04";111
"2018-06-13 11:36:05";111
"2018-06-13 11:46:04";111
"2018-06-13 11:56:05";110
"2018-06-13 12:06:04";110
"2018-06-13 12:16:04";110
"2018-06-13 12:36:05";112
"2018-06-13 12:46:04";112
"2018-06-13 13:06:04";104
"2018-06-13 13:16:05";107
"2018-06-13 13:26:05";107
"2018-06-13 13:36:04";107
"2018-06-13 13:46:05";112
"2018-06-13 13:56:04";112
"2018-06-13 14:06:05";112
"2018-06-13 14:16:05";109
"2018-06-13 14:26:05";109
"2018-06-13 14:36:04";109
"2018-06-13 14:46:05";108
"2018-06-13 14:56:04";108
"2018-06-13 15:06:05";108
"2018-06-13 15:16:05";108
"2018-06-13 15:26:05";104
"2018-06-13 15:36:04";104
"2018-06-13 15:46:05";104
"2018-06-13 15:56:05";104
"2018-06-13 16:06:05";104
"2018-06-13 16:16:04";104
"2018-06-13 16:26:05";105
"2018-06-13 16:36:04";105
"2018-06-13 16:46:04";105
"2018-06-13 16:56:05";104
"2018-06-13 17:06:04";104
"2018-06-13 17:16:04";104
"2018-06-13 17:36:05";104
"2018-06-13 17:46:05";103
"2018-06-13 17:56:05";103
"2018-06-13 18:06:05";103
"2018-06-13 18:16:05";109
"2018-06-13 18:26:04";109
"2018-06-13 18:36:05";109
"2018-06-13 18:46:05";109
"2018-06-13 18:56:05";104
"2018-06-13 19:06:05";104
"2018-06-13 19:16:05";104
"2018-06-13 19:26:04";104
"2018-06-13 19:36:04";104
"2018-06-13 19:46:05";104
"2018-06-13 19:56:05";99
"2018-06-13 20:06:05";99
"2018-06-13 20:16:05";99
"2018-06-13 20:26:04";100
"2018-06-13 20:36:05";100
"2018-06-13 20:46:05";100
"2018-06-13 20:56:05";100
"2018-06-13 21:06:05";100
"2018-06-13 21:16:05";100
"2018-06-13 21:26:05";104
"2018-06-13 21:36:05";104
"2018-06-13 21:46:05";104
"2018-06-13 21:56:09";103
"2018-06-13 22:06:07";103
"2018-06-13 22:16:05";103
"2018-06-13 22:26:06";104
"2018-06-13 22:36:06";104
"2018-06-13 22:46:05";104
"2018-06-13 23:06:04";103
"2018-06-13 23:16:05";103
"2018-06-13 23:26:05";102
"2018-06-13 23:36:06";102
"2018-06-13 23:46:05";102
"2018-06-13 23:56:11";102
"2018-06-14 00:06:05";102
"2018-06-14 00:16:05";101
"2018-06-14 00:26:05";101
"2018-06-14 00:36:05";101
"2018-06-14 00:46:06";101
"2018-06-14 00:56:11";104
"2018-06-14 01:06:04";104
"2018-06-14 01:16:05";104
"2018-06-14 01:26:05";108
"2018-06-14 01:36:05";108
"2018-06-14 01:46:05";103
"2018-06-14 01:56:05";103
"2018-06-14 02:06:05";103
"2018-06-14 02:16:15";105
"2018-06-14 02:26:05";105
"2018-06-14 02:36:05";105
"2018-06-14 02:46:04";99
"2018-06-14 02:56:09";99
"2018-06-14 03:06:04";99
"2018-06-14 03:16:04";99
"2018-06-14 03:26:04";101
"2018-06-14 03:36:04";101
"2018-06-14 03:46:05";101
"2018-06-14 03:56:10";100
"2018-06-14 04:06:04";100
"2018-06-14 04:26:05";102
"2018-06-14 04:36:04";102
"2018-06-14 04:46:05";99
"2018-06-14 04:56:05";99
"2018-06-14 05:06:05";99
"2018-06-14 05:16:04";99
"2018-06-14 05:26:04";95
"2018-06-14 05:36:04";95
"2018-06-14 05:46:05";95
"2018-06-14 05:56:04";97
"2018-06-14 06:06:05";97
"2018-06-14 06:16:05";95
"2018-06-14 06:26:05";95
"2018-06-14 06:36:04";95
"2018-06-14 06:46:05";97
"2018-06-14 06:56:05";97
"2018-06-14 07:06:05";97
"2018-06-14 07:16:05";97
"2018-06-14 07:26:05";98
"2018-06-14 07:36:04";98
"2018-06-14 07:46:04";98
"2018-06-14 07:56:04";97
"2018-06-14 08:06:04";97
"2018-06-14 08:16:05";99
"2018-06-14 08:26:05";99
"2018-06-14 08:36:05";99
"2018-06-14 08:46:05";99
"2018-06-14 08:56:04";98
"2018-06-14 09:06:04";98
"2018-06-14 09:16:05";98
"2018-06-14 09:26:04";95
"2018-06-14 09:36:04";95
"2018-06-14 09:46:06";95
"2018-06-14 10:06:05";95
"2018-06-14 10:16:04";95
"2018-06-14 10:26:07";93
"2018-06-14 10:36:06";93
"2018-06-14 10:46:05";93
"2018-06-14 10:56:15";94
"2018-06-14 11:06:04";94
"2018-06-14 11:16:05";94
"2018-06-14 11:26:05";91
"2018-06-14 11:36:04";91
"2018-06-14 11:46:05";91
"2018-06-14 11:56:05";90
"2018-06-14 12:06:05";90
"2018-06-14 12:16:05";90
"2018-06-14 12:26:04";91
"2018-06-14 12:36:04";91
"2018-06-14 12:46:05";95
"2018-06-14 12:56:04";95
"2018-06-14 13:06:05";95
"2018-06-14 13:16:04";93
"2018-06-14 13:26:05";93
"2018-06-14 13:36:05";93
"2018-06-14 13:46:05";91
"2018-06-14 13:56:05";91
"2018-06-14 14:06:05";91
"2018-06-14 14:16:05";91
"2018-06-14 14:26:04";93
"2018-06-14 14:36:04";93
"2018-06-14 14:46:04";94
"2018-06-14 14:56:04";94
"2018-06-14 15:06:04";94
"2018-06-14 15:16:04";94
"2018-06-14 15:36:05";89
"2018-06-14 15:46:05";89
"2018-06-14 15:56:15";92
"2018-06-14 16:06:05";92
"2018-06-14 16:16:05";92
"2018-06-14 16:26:05";92
"2018-06-14 16:36:04";92
"2018-06-14 16:46:04";92
"2018-06-14 16:56:15";91
"2018-06-14 17:06:04";91
"2018-06-14 17:16:04";91
"2018-06-14 17:26:05";94
"2018-06-14 17:36:05";94
"2018-06-14 17:46:05";94
"2018-06-14 17:56:05";97
"2018-06-14 18:06:04";97
"2018-06-14 18:16:05";97
"2018-06-14 18:26:05";96
"2018-06-14 18:36:05";96
"2018-06-14 18:46:05";96
"2018-06-14 18:56:04";99
"2018-06-14 19:06:04";99
"2018-06-14 19:16:05";99
"2018-06-14 19:26:05";98
"2018-06-14 19:36:05";98
"2018-06-14 19:46:05";98
"2018-06-14 19:56:05";95
"2018-06-14 20:06:04";95
"2018-06-14 20:16:05";95
"2018-06-14 20:26:05";93
"2018-06-14 20:36:04";93
"2018-06-14 20:46:04";93
"2018-06-14 21:06:05";99
"2018-06-14 21:16:05";99
"2018-06-14 21:26:05";98
"2018-06-14 21:36:05";98
"2018-06-14 21:46:05";98
"2018-06-14 21:56:05";101
"2018-06-14 22:06:05";101
"2018-06-14 22:26:05";99
"2018-06-14 22:36:04";99
"2018-06-14 22:46:04";99
"2018-06-14 22:56:09";97
"2018-06-14 23:06:05";97
"2018-06-14 23:16:04";97
"2018-06-14 23:26:05";103
"2018-06-14 23:36:06";103
"2018-06-14 23:46:05";103
"2018-06-14 23:56:06";96
"2018-06-15 00:06:06";96
"2018-06-15 00:16:05";96
"2018-06-15 00:26:04";99
"2018-06-15 00:36:05";99
"2018-06-15 00:46:06";98
"2018-06-15 00:56:06";98
"2018-06-15 01:06:04";98
"2018-06-15 01:16:04";98
"2018-06-15 01:26:05";100
"2018-06-15 01:46:05";100
"2018-06-15 01:56:05";99
"2018-06-15 02:06:05";99
"2018-06-15 02:16:15";99
"2018-06-15 02:26:04";97
"2018-06-15 02:36:04";97
"2018-06-15 02:46:04";97
"2018-06-15 02:56:04";97
"2018-06-15 03:06:04";97
"2018-06-15 03:16:04";97
"2018-06-15 03:26:05";97
"2018-06-15 03:36:05";98
"2018-06-15 03:46:04";95
"2018-06-15 03:56:14";95
"2018-06-15 04:06:04";95
"2018-06-15 04:16:05";96
"2018-06-15 04:26:05";96
"2018-06-15 04:36:05";96
"2018-06-15 04:46:04";96
"2018-06-15 04:56:04";96
"2018-06-15 05:06:05";97
"2018-06-15 05:16:05";97
"2018-06-15 05:26:05";97
"2018-06-15 05:36:05";97
"2018-06-15 05:46:05";97
"2018-06-15 05:56:09";97
"2018-06-15 06:06:04";93
"2018-06-15 06:16:04";93
"2018-06-15 06:26:05";93
"2018-06-15 06:36:05";93
"2018-06-15 06:46:04";92
"2018-06-15 06:56:04";92
"2018-06-15 07:16:04";91
"2018-06-15 07:26:04";91
"2018-06-15 07:36:05";91
"2018-06-15 07:46:05";91
"2018-06-15 07:56:04";91
"2018-06-15 08:06:05";91
"2018-06-15 08:16:04";92
"2018-06-15 08:26:05";92
"2018-06-15 08:36:05";92
"2018-06-15 08:46:05";91
"2018-06-15 08:56:05";91
"2018-06-15 09:06:04";91
"2018-06-15 09:16:05";91
"2018-06-15 09:26:04";91
"2018-06-15 09:36:05";91
"2018-06-15 09:46:05";91
"2018-06-15 09:56:04";90
"2018-06-15 10:06:05";90
"2018-06-15 10:16:04";90
"2018-06-15 10:26:04";88
"2018-06-15 10:36:04";88
"2018-06-15 10:46:05";88
"2018-06-15 10:56:09";90
"2018-06-15 11:06:04";90
"2018-06-15 11:16:05";90
"2018-06-15 11:26:05";89
"2018-06-15 11:36:05";89
"2018-06-15 11:46:04";89
"2018-06-15 11:56:12";89
"2018-06-15 12:06:04";89
"2018-06-15 12:16:04";89
"2018-06-15 12:26:04";89
"2018-06-15 12:36:05";89
"2018-06-15 12:56:05";90
"2018-06-15 13:06:05";90
"2018-06-15 13:16:05";90
"2018-06-15 13:26:05";89
"2018-06-15 13:36:05";89
"2018-06-15 13:46:05";89
"2018-06-15 13:56:05";87
"2018-06-15 14:06:05";87
"2018-06-15 14:16:04";87
"2018-06-15 14:26:05";88
"2018-06-15 14:36:05";88
"2018-06-15 14:46:05";88
"2018-06-15 14:56:04";86
"2018-06-15 15:06:04";86
"2018-06-15 15:16:04";86
"2018-06-15 15:26:04";86
"2018-06-15 15:36:05";86
"2018-06-15 15:46:04";86
"2018-06-15 15:56:04";89
"2018-06-15 16:06:04";89
"2018-06-15 16:16:04";89
"2018-06-15 16:26:05";87
"2018-06-15 16:36:05";87
"2018-06-15 16:46:05";87
"2018-06-15 16:56:04";86
"2018-06-15 17:06:05";86
"2018-06-15 17:16:05";86
"2018-06-15 17:26:05";87
"2018-06-15 17:36:05";87
"2018-06-15 17:46:05";87
"2018-06-15 18:06:05";93
"2018-06-15 18:16:05";93
"2018-06-15 18:26:04";91
"2018-06-15 18:36:04";91
"2018-06-15 18:46:05";91
"2018-06-15 18:56:04";92
"2018-06-15 19:06:05";92
"2018-06-15 19:16:04";92
"2018-06-15 19:26:04";88
"2018-06-15 19:36:05";88
"2018-06-15 19:46:04";88
"2018-06-15 19:56:05";90
"2018-06-15 20:06:04";90
"2018-06-15 20:16:05";90
"2018-06-15 20:26:04";91
"2018-06-15 20:36:04";91
"2018-06-15 20:46:04";91
"2018-06-15 20:56:10";89
"2018-06-15 21:06:04";89
"2018-06-15 21:16:05";89
"2018-06-15 21:26:05";91
"2018-06-15 21:36:04";91
"2018-06-15 21:46:05";91
"2018-06-15 21:56:15";89
"2018-06-15 22:06:06";89
"2018-06-15 22:16:06";89
"2018-06-15 22:26:05";91
"2018-06-15 22:36:05";91
"2018-06-15 22:46:05";91
"2018-06-15 23:06:05";91
"2018-06-15 23:16:05";91
"2018-06-15 23:26:05";92
"2018-06-15 23:36:05";92
"2018-06-15 23:46:05";92
"2018-06-15 23:56:16";93
"2018-06-16 00:06:06";93
"2018-06-16 00:16:05";93
"2018-06-16 00:26:05";92
"2018-06-16 00:36:05";92
"2018-06-16 00:46:06";92
"2018-06-16 00:56:11";91
"2018-06-16 01:06:05";91
"2018-06-16 01:16:05";91
"2018-06-16 01:26:04";93
"2018-06-16 01:36:04";93
"2018-06-16 01:46:05";93
"2018-06-16 01:56:05";92
"2018-06-16 02:06:05";92
"2018-06-16 02:16:05";92
"2018-06-16 02:26:09";90
"2018-06-16 02:36:05";90
"2018-06-16 02:46:05";90
"2018-06-16 02:56:04";93
"2018-06-16 03:06:10";93
"2018-06-16 03:16:05";92
"2018-06-16 03:26:05";92
"2018-06-16 03:36:04";92
"2018-06-16 03:46:05";92
"2018-06-16 04:06:05";90
"2018-06-16 04:16:04";90
"2018-06-16 04:26:04";90
"2018-06-16 04:36:04";90
"2018-06-16 04:46:05";90
"2018-06-16 04:56:04";90
"2018-06-16 05:06:05";90
"2018-06-16 05:16:05";90
"2018-06-16 05:26:05";88
"2018-06-16 05:36:05";88
"2018-06-16 05:46:05";88
"2018-06-16 05:56:04";90
"2018-06-16 06:06:04";90
"2018-06-16 06:16:05";90
"2018-06-16 06:26:05";87
"2018-06-16 06:36:04";87
"2018-06-16 06:46:05";87
"2018-06-16 06:56:05";89
"2018-06-16 07:06:04";89
"2018-06-16 07:16:04";89
"2018-06-16 07:26:04";89
"2018-06-16 07:36:04";89
"2018-06-16 07:46:05";89
"2018-06-16 07:56:04";86
"2018-06-16 08:06:05";86
"2018-06-16 08:16:05";86
"2018-06-16 08:26:05";88
"2018-06-16 08:36:04";88
"2018-06-16 08:46:05";87
"2018-06-16 09:06:04";87
"2018-06-16 09:16:05";87
"2018-06-16 09:26:04";88
"2018-06-16 09:36:04";88
"2018-06-16 09:46:05";88
"2018-06-16 09:56:09";85
"2018-06-16 10:06:05";85
"2018-06-16 10:16:04";85
"2018-06-16 10:26:05";85
"2018-06-16 10:36:05";85
"2018-06-16 10:46:04";85
"2018-06-16 10:56:05";83
"2018-06-16 11:06:04";83
"2018-06-16 11:16:05";83
"2018-06-16 11:26:04";85
"2018-06-16 11:36:04";85
"2018-06-16 11:46:04";85
"2018-06-16 11:56:04";85
"2018-06-16 12:06:05";85
"2018-06-16 12:16:05";85
"2018-06-16 12:26:05";86
"2018-06-16 12:36:05";86
"2018-06-16 12:46:05";86
"2018-06-16 12:56:05";84
"2018-06-16 13:06:05";84
"2018-06-16 13:16:04";84
"2018-06-16 13:26:05";85
"2018-06-16 13:36:04";85
"2018-06-16 13:46:04";85
"2018-06-16 13:56:05";84
"2018-06-16 14:06:05";84
"2018-06-16 14:16:05";84
"2018-06-16 14:26:04";84
"2018-06-16 14:46:05";84
"2018-06-16 14:56:05";85
"2018-06-16 15:06:05";85
"2018-06-16 15:16:05";85
"2018-06-16 15:26:05";84
"2018-06-16 15:36:04";84
"2018-06-16 15:46:05";84
"2018-06-16 15:56:04";85
"2018-06-16 16:06:05";85
"2018-06-16 16:16:05";85
"2018-06-16 16:26:05";83
"2018-06-16 16:36:05";83
"2018-06-16 16:46:05";83
"2018-06-16 16:56:05";85
"2018-06-16 17:06:04";85
"2018-06-16 17:16:05";85
"2018-06-16 17:26:04";86
"2018-06-16 17:36:04";86
"2018-06-16 17:46:04";86
"2018-06-16 17:56:09";88
"2018-06-16 18:06:05";88
"2018-06-16 18:16:05";88
"2018-06-16 18:26:05";90
"2018-06-16 18:36:05";90
"2018-06-16 18:46:05";90
"2018-06-16 18:56:10";96
"2018-06-16 19:06:05";96
"2018-06-16 19:16:05";96
"2018-06-16 19:26:05";95
"2018-06-16 19:36:04";95
"2018-06-16 19:46:05";95
"2018-06-16 20:06:05";96
"2018-06-16 20:16:05";96
"2018-06-16 20:26:05";99
"2018-06-16 20:36:04";99
"2018-06-16 20:46:05";98
"2018-06-16 20:56:05";98
"2018-06-16 21:06:04";98
"2018-06-16 21:16:05";98
"2018-06-16 21:26:05";96
"2018-06-16 21:36:05";96
"2018-06-16 21:46:05";96
"2018-06-16 21:56:05";99
"2018-06-16 22:06:05";99
"2018-06-16 22:16:06";99
"2018-06-16 22:26:05";99
"2018-06-16 22:36:05";99
"2018-06-16 22:46:05";99
"2018-06-16 22:56:05";98
"2018-06-16 23:06:05";98
"2018-06-16 23:16:05";98
"2018-06-16 23:26:05";97
"2018-06-16 23:36:05";97
"2018-06-16 23:46:04";97
"2018-06-16 23:56:06";96
"2018-06-17 00:06:06";96
"2018-06-17 00:16:05";96
"2018-06-17 00:26:05";97
"2018-06-17 00:36:05";97
"2018-06-17 00:46:06";97
"2018-06-17 00:56:16";95
"2018-06-17 01:16:04";95
"2018-06-17 01:26:04";98
"2018-06-17 01:36:04";98
"2018-06-17 01:46:05";98
"2018-06-17 01:56:05";94
"2018-06-17 02:06:04";94
"2018-06-17 02:16:05";94
"2018-06-17 02:26:04";95
"2018-06-17 02:36:04";95
"2018-06-17 02:46:04";95
"2018-06-17 02:56:05";96
"2018-06-17 03:06:04";96
"2018-06-17 03:16:05";96
"2018-06-17 03:26:04";92
"2018-06-17 03:36:05";92
"2018-06-17 03:46:04";92
"2018-06-17 03:56:05";93
"2018-06-17 04:06:05";93
"2018-06-17 04:16:05";93
"2018-06-17 04:26:04";93
"2018-06-17 04:36:04";93
"2018-06-17 04:46:04";93
"2018-06-17 04:56:04";92
"2018-06-17 05:06:05";92
"2018-06-17 05:16:04";92
"2018-06-17 05:26:04";94
"2018-06-17 05:36:04";94
"2018-06-17 05:46:05";94
"2018-06-17 05:56:04";92
"2018-06-17 06:06:05";92
"2018-06-17 06:16:05";92
"2018-06-17 06:26:04";93
"2018-06-17 06:36:05";93
"2018-06-17 06:46:05";93
"2018-06-17 06:56:04";92
"2018-06-17 07:16:04";92
"2018-06-17 07:26:05";92
"2018-06-17 07:36:04";92
"2018-06-17 07:46:04";92
"2018-06-17 07:56:05";89
"2018-06-17 08:06:05";89
"2018-06-17 08:16:05";90
"2018-06-17 08:26:04";90
"2018-06-17 08:36:04";90
"2018-06-17 08:46:05";90
"2018-06-17 08:56:04";89
"2018-06-17 09:06:04";89
"2018-06-17 09:16:05";89
"2018-06-17 09:26:04";91
"2018-06-17 09:36:04";91
"2018-06-17 09:46:04";91
"2018-06-17 09:56:05";89
"2018-06-17 10:06:04";89
"2018-06-17 10:16:05";89
"2018-06-17 10:26:05";84
"2018-06-17 10:36:04";84
"2018-06-17 10:46:05";84
"2018-06-17 10:56:05";86
"2018-06-17 11:06:05";86
"2018-06-17 11:16:05";86
"2018-06-17 11:26:05";81
"2018-06-17 11:36:04";81
"2018-06-17 11:46:04";81
"2018-06-17 11:56:05";84
"2018-06-17 12:06:04";84
"2018-06-17 12:16:05";84
"2018-06-17 12:36:04";88
"2018-06-17 12:46:04";88
"2018-06-17 12:56:09";90
"2018-06-17 13:06:05";90
"2018-06-17 13:16:05";90
"2018-06-17 13:26:04";86
"2018-06-17 13:36:05";86
"2018-06-17 13:46:05";86
"2018-06-17 13:56:05";88
"2018-06-17 14:06:05";88
"2018-06-17 14:16:05";88
"2018-06-17 14:26:04";87
"2018-06-17 14:36:04";87
"2018-06-17 14:46:04";87
"2018-06-17 14:56:04";83
"2018-06-17 15:06:05";83
"2018-06-17 15:16:05";83
"2018-06-17 15:26:05";85
"2018-06-17 15:36:04";85
"2018-06-17 15:46:05";85
"2018-06-17 15:56:04";86
"2018-06-17 16:06:04";86
"2018-06-17 16:16:05";86
"2018-06-17 16:26:05";85
"2018-06-17 16:36:04";85
"2018-06-17 16:46:05";85
"2018-06-17 16:56:14";81
"2018-06-17 17:06:05";81
"2018-06-17 17:16:04";81
"2018-06-17 17:26:04";85
"2018-06-17 17:36:04";85
"2018-06-17 17:46:05";85
"2018-06-17 18:06:04";84
"2018-06-17 18:16:05";84
"2018-06-17 18:26:05";85
"2018-06-17 18:36:04";85
"2018-06-17 18:46:05";85
"2018-06-17 18:56:05";88
"2018-06-17 19:06:05";88
"2018-06-17 19:16:05";88
"2018-06-17 19:26:05";86
"2018-06-17 19:36:05";86
"2018-06-17 19:46:05";86
"2018-06-17 19:56:04";90
"2018-06-17 20:06:05";90
"2018-06-17 20:16:04";90
"2018-06-17 20:26:05";88
"2018-06-17 20:36:05";88
"2018-06-17 20:46:04";88
"2018-06-17 20:56:10";88
"2018-06-17 21:06:05";88
"2018-06-17 21:16:04";90
"2018-06-17 21:26:05";90
"2018-06-17 21:36:05";90
"2018-06-17 21:46:04";90
"2018-06-17 21:56:04";89
"2018-06-17 22:06:06";89
"2018-06-17 22:16:05";89
"2018-06-17 22:26:05";93
"2018-06-17 22:36:05";93
"2018-06-17 22:46:05";93
"2018-06-17 22:56:05";93
"2018-06-17 23:16:04";93
"2018-06-17 23:26:05";90
"2018-06-17 23:36:05";90
"2018-06-17 23:46:05";90
"2018-06-17 23:56:10";92
"2018-06-18 00:06:05";92
"2018-06-18 00:16:05";92
"2018-06-18 00:26:05";92
"2018-06-18 00:36:06";92
"2018-06-18 00:46:05";92
"2018-06-18 00:56:15";90
"2018-06-18 01:06:05";90
"2018-06-18 01:16:05";90
"2018-06-18 01:36:05";91
"2018-06-18 01:46:05";91
"2018-06-18 01:56:05";92
"2018-06-18 02:06:05";92
"2018-06-18 02:16:09";92
"2018-06-18 02:26:04";90
"2018-06-18 02:36:04";90
"2018-06-18 02:46:05";90
"2018-06-18 02:56:04";92
"2018-06-18 03:16:05";92
"2018-06-18 03:26:04";89
"2018-06-18 03:36:04";89
"2018-06-18 03:46:04";89
"2018-06-18 03:56:04";89
"2018-06-18 04:06:04";89
"2018-06-18 04:26:04";89
"2018-06-18 04:36:04";89
"2018-06-18 04:46:04";89
"2018-06-18 04:56:04";89
"2018-06-18 05:06:05";89
"2018-06-18 05:16:05";89
"2018-06-18 05:26:05";88
"2018-06-18 05:36:04";88
"2018-06-18 05:46:05";88
"2018-06-18 06:06:04";89
"2018-06-18 06:16:04";89
"2018-06-18 06:26:04";90
"2018-06-18 06:36:05";90
"2018-06-18 06:46:04";90
"2018-06-18 06:56:09";90
"2018-06-18 07:16:05";90
"2018-06-18 07:26:05";87
"2018-06-18 07:36:04";87
"2018-06-18 07:46:04";87
"2018-06-18 07:56:04";87
"2018-06-18 08:06:05";87
"2018-06-18 08:16:05";87
"2018-06-18 08:26:05";88
"2018-06-18 08:36:04";88
"2018-06-18 08:56:10";89
"2018-06-18 09:06:04";89
"2018-06-18 09:16:05";89
"2018-06-18 09:26:04";89
"2018-06-18 09:36:05";89
"2018-06-18 09:46:04";89
"2018-06-18 10:06:04";90
"2018-06-18 10:16:05";90
"2018-06-18 10:26:04";88
"2018-06-18 10:36:05";88
"2018-06-18 10:46:05";88
"2018-06-18 10:56:05";85
"2018-06-18 11:06:04";85
"2018-06-18 11:16:04";85
"2018-06-18 11:26:04";86
"2018-06-18 11:46:05";86
"2018-06-18 11:56:04";82
"2018-06-18 12:06:04";82
"2018-06-18 12:26:05";86
"2018-06-18 12:36:05";86
"2018-06-18 12:46:04";86
"2018-06-18 12:56:10";84
"2018-06-18 13:06:05";84
"2018-06-18 13:16:05";84
"2018-06-18 13:26:05";84
"2018-06-18 13:36:05";84
"2018-06-18 13:46:04";84
"2018-06-18 13:56:05";85
"2018-06-18 14:06:05";85
"2018-06-18 14:16:05";86
"2018-06-18 14:26:05";86
"2018-06-18 14:36:05";86
"2018-06-18 14:46:05";86
"2018-06-18 14:56:05";87
"2018-06-18 15:06:05";87
"2018-06-18 15:16:05";87
"2018-06-18 15:26:04";85
"2018-06-18 15:36:05";85
"2018-06-18 15:46:04";85
"2018-06-18 15:56:05";86
"2018-06-18 16:06:05";86
"2018-06-18 16:16:05";86
"2018-06-18 16:26:05";86
"2018-06-18 16:36:04";86
"2018-06-18 16:46:05";86
"2018-06-18 16:56:05";87
"2018-06-18 17:06:05";87
"2018-06-18 17:16:05";89
"2018-06-18 17:26:05";89
"2018-06-18 17:36:05";89
"2018-06-18 17:56:05";83
"2018-06-18 18:06:05";83
"2018-06-18 18:16:05";83
"2018-06-18 18:26:04";87
"2018-06-18 18:36:05";87
"2018-06-18 18:46:04";87
"2018-06-18 18:56:05";90
"2018-06-18 19:06:04";90
"2018-06-18 19:16:05";90
"2018-06-18 19:26:04";90
"2018-06-18 19:36:04";90
"2018-06-18 19:46:05";90
"2018-06-18 19:56:10";90
"2018-06-18 20:06:05";90
"2018-06-18 20:16:05";90
"2018-06-18 20:26:05";90
"2018-06-18 20:36:05";90
"2018-06-18 20:46:05";90
"2018-06-18 20:56:05";90
"2018-06-18 21:06:05";90
"2018-06-18 21:16:05";90
"2018-06-18 21:26:05";93
"2018-06-18 21:36:05";93
"2018-06-18 21:46:05";93
"2018-06-18 21:56:05";91
"2018-06-18 22:06:05";91
"2018-06-18 22:16:05";91
"2018-06-18 22:26:05";94
"2018-06-18 22:36:05";94
"2018-06-18 22:46:05";94
"2018-06-18 23:06:04";92
"2018-06-18 23:16:05";92
"2018-06-18 23:26:04";94
"2018-06-18 23:36:05";94
"2018-06-18 23:46:05";94
"2018-06-18 23:56:05";89
"2018-06-19 00:06:06";89
"2018-06-19 00:16:05";89
"2018-06-19 00:26:05";91
"2018-06-19 00:36:05";91
"2018-06-19 00:46:05";91
"2018-06-19 00:56:05";91
"2018-06-19 01:06:05";91
"2018-06-19 01:16:04";91
"2018-06-19 01:26:04";91
"2018-06-19 01:36:04";91
"2018-06-19 01:46:04";91
"2018-06-19 01:56:15";88
"2018-06-19 02:06:05";88
"2018-06-19 02:16:05";88
"2018-06-19 02:26:04";90
"2018-06-19 02:36:05";90
"2018-06-19 02:46:05";90
"2018-06-19 02:56:05";88
"2018-06-19 03:06:04";88
"2018-06-19 03:26:05";90
"2018-06-19 03:36:04";90
"2018-06-19 03:46:04";90
"2018-06-19 03:56:14";89
"2018-06-19 04:06:04";89
"2018-06-19 04:16:05";89
"2018-06-19 04:26:04";89
"2018-06-19 04:36:04";89
"2018-06-19 04:46:05";89
"2018-06-19 04:56:04";92
"2018-06-19 05:06:05";92
"2018-06-19 05:16:05";92
"2018-06-19 05:26:04";89
"2018-06-19 05:36:05";89
"2018-06-19 05:46:05";89
"2018-06-19 05:56:04";87
"2018-06-19 06:06:04";87
"2018-06-19 06:16:05";87
"2018-06-19 06:26:05";84
"2018-06-19 06:36:05";84
"2018-06-19 06:46:05";84
"2018-06-19 06:56:10";87
"2018-06-19 07:06:04";87
"2018-06-19 07:16:05";87
"2018-06-19 07:26:05";84
"2018-06-19 07:36:04";84
"2018-06-19 07:46:04";84
"2018-06-19 07:56:05";87
"2018-06-19 08:06:04";87
"2018-06-19 08:16:04";87
"2018-06-19 08:26:04";86
"2018-06-19 08:36:05";86
"2018-06-19 08:46:05";86
"2018-06-19 09:06:04";84
"2018-06-19 09:16:04";84
"2018-06-19 09:26:05";88
"2018-06-19 09:36:04";88
"2018-06-19 09:46:05";88
"2018-06-19 09:56:05";87
"2018-06-19 10:06:04";87
"2018-06-19 10:16:05";87
"2018-06-19 10:26:05";86
"2018-06-19 10:36:05";86
"2018-06-19 10:46:04";86
"2018-06-19 10:56:14";85
"2018-06-19 11:06:05";85
"2018-06-19 11:16:04";85
"2018-06-19 11:26:04";80
"2018-06-19 11:36:04";80
"2018-06-19 11:46:04";80
"2018-06-19 11:56:04";80
"2018-06-19 12:06:04";80
"2018-06-19 12:16:05";80
"2018-06-19 12:26:04";83
"2018-06-19 12:36:04";83
"2018-06-19 12:46:05";83
"2018-06-19 12:56:05";84
"2018-06-19 13:06:04";84
"2018-06-19 13:16:05";84
"2018-06-19 13:26:05";84
"2018-06-19 13:36:05";84
"2018-06-19 13:46:05";84
"2018-06-19 13:56:05";84
"2018-06-19 14:06:04";84
"2018-06-19 14:16:04";84
"2018-06-19 14:36:04";84
"2018-06-19 14:46:04";84
"2018-06-19 14:56:04";82
"2018-06-19 15:06:05";82
"2018-06-19 15:16:04";82
"2018-06-19 15:26:05";82
"2018-06-19 15:36:05";82
"2018-06-19 15:46:04";82
"2018-06-19 15:56:04";86
"2018-06-19 16:06:05";86
"2018-06-19 16:16:04";86
"2018-06-19 16:26:04";85
"2018-06-19 16:36:04";85
"2018-06-19 16:46:05";85
"2018-06-19 16:56:05";86
"2018-06-19 17:06:04";86
"2018-06-19 17:16:05";86
"2018-06-19 17:26:05";88
"2018-06-19 17:36:05";88
"2018-06-19 17:46:04";88
"2018-06-19 17:56:04";92
"2018-06-19 18:06:04";92
"2018-06-19 18:16:05";92
"2018-06-19 18:26:05";94
"2018-06-19 18:36:04";94
"2018-06-19 18:46:05";94
"2018-06-19 18:56:05";90
"2018-06-19 19:06:05";90
"2018-06-19 19:16:05";90
"2018-06-19 19:26:05";96
"2018-06-19 19:36:05";96
"2018-06-19 19:46:05";96
"2018-06-19 20:06:05";95
"2018-06-19 20:16:04";95
"2018-06-19 20:26:04";93
"2018-06-19 20:36:04";93
"2018-06-19 20:46:04";93
"2018-06-19 20:56:15";98
"2018-06-19 21:06:05";98
"2018-06-19 21:16:04";98
"2018-06-19 21:26:05";100
"2018-06-19 21:36:04";100
"2018-06-19 21:46:05";100
"2018-06-19 21:56:10";96
"2018-06-19 22:06:06";96
"2018-06-19 22:16:05";96
"2018-06-19 22:26:06";100
"2018-06-19 22:36:05";100
"2018-06-19 22:46:04";100
"2018-06-19 22:56:04";100
"2018-06-19 23:06:05";100
"2018-06-19 23:16:05";100
"2018-06-19 23:26:05";99
"2018-06-19 23:36:05";99
"2018-06-19 23:46:04";99
"2018-06-19 23:56:16";98
"2018-06-20 00:06:06";98
"2018-06-20 00:16:05";98
"2018-06-20 00:26:05";96
"2018-06-20 00:46:06";100
"2018-06-20 00:56:10";100
"2018-06-20 01:06:05";100
"2018-06-20 01:16:05";100
"2018-06-20 01:26:04";94
"2018-06-20 01:36:05";94
"2018-06-20 01:46:05";94
"2018-06-20 01:56:05";96
"2018-06-20 02:06:04";96
"2018-06-20 02:16:05";96
"2018-06-20 02:26:05";91
"2018-06-20 02:36:05";91
"2018-06-20 02:46:05";91
"2018-06-20 02:56:05";94
"2018-06-20 03:06:05";94
"2018-06-20 03:16:05";94
"2018-06-20 03:26:05";92
"2018-06-20 03:36:04";92
"2018-06-20 03:46:05";92
"2018-06-20 03:56:05";92
"2018-06-20 04:06:04";92
"2018-06-20 04:16:04";92
"2018-06-20 04:26:04";92
"2018-06-20 04:36:05";92
"2018-06-20 04:46:04";92
"2018-06-20 04:56:05";91
"2018-06-20 05:06:05";91
"2018-06-20 05:16:05";91
"2018-06-20 05:26:05";92
"2018-06-20 05:36:05";92
"2018-06-20 05:46:05";92
"2018-06-20 05:56:04";89
"2018-06-20 06:06:04";89
"2018-06-20 06:16:04";89
"2018-06-20 06:36:04";91
"2018-06-20 06:46:05";91
"2018-06-20 06:56:05";91
"2018-06-20 07:06:04";91
"2018-06-20 07:16:04";91
"2018-06-20 07:26:05";89
"2018-06-20 07:36:05";89
"2018-06-20 07:46:05";89
"2018-06-20 07:56:05";88
"2018-06-20 08:06:04";88
"2018-06-20 08:16:05";88
"2018-06-20 08:26:05";89
"2018-06-20 08:36:04";89
"2018-06-20 08:46:05";89
"2018-06-20 08:56:10";88
"2018-06-20 09:06:05";88
"2018-06-20 09:16:05";88
"2018-06-20 09:26:04";87
"2018-06-20 09:36:04";87
"2018-06-20 09:46:05";87
"2018-06-20 09:56:10";87
"2018-06-20 10:06:05";87
"2018-06-20 10:16:05";87
"2018-06-20 10:26:05";88
"2018-06-20 10:36:04";88
"2018-06-20 10:46:05";88
"2018-06-20 10:56:05";85
"2018-06-20 11:06:05";85
"2018-06-20 11:16:05";85
"2018-06-20 11:26:05";80
"2018-06-20 11:36:04";80
"2018-06-20 11:46:05";80
"2018-06-20 12:06:04";84
"2018-06-20 12:16:04";84
"2018-06-20 12:26:04";83
"2018-06-20 12:36:04";83
"2018-06-20 12:46:05";83
"2018-06-20 12:56:05";84
"2018-06-20 13:06:05";84
"2018-06-20 13:16:05";84
"2018-06-20 13:26:04";84
"2018-06-20 13:36:04";84
"2018-06-20 13:46:04";84
"2018-06-20 13:56:05";85
"2018-06-20 14:06:04";85
"2018-06-20 14:16:04";84
"2018-06-20 14:26:04";84
"2018-06-20 14:36:04";84
"2018-06-20 14:46:05";84
"2018-06-20 14:56:05";86
"2018-06-20 15:06:04";86
"2018-06-20 15:16:04";86
"2018-06-20 15:26:05";86
"2018-06-20 15:36:05";85
"2018-06-20 15:46:05";85
"2018-06-20 15:56:09";85
"2018-06-20 16:06:04";85
"2018-06-20 16:16:05";85
"2018-06-20 16:26:04";85
"2018-06-20 16:36:05";85
"2018-06-20 16:46:04";85
"2018-06-20 16:56:05";86
"2018-06-20 17:06:04";86
"2018-06-20 17:16:05";86
"2018-06-20 17:36:04";85
"2018-06-20 17:46:04";85
"2018-06-20 17:56:10";86
"2018-06-20 18:06:05";86
"2018-06-20 18:16:05";86
"2018-06-20 18:26:05";90
"2018-06-20 18:36:05";90
"2018-06-20 18:46:05";90
"2018-06-20 18:56:10";91
"2018-06-20 19:06:04";91
"2018-06-20 19:16:05";91
"2018-06-20 19:26:05";88
"2018-06-20 19:36:04";88
"2018-06-20 19:46:04";88
"2018-06-20 19:56:05";89
"2018-06-20 20:06:05";89
"2018-06-20 20:16:05";89
"2018-06-20 20:26:04";89
"2018-06-20 20:36:04";89
"2018-06-20 20:46:05";89
"2018-06-20 20:56:04";91
"2018-06-20 21:06:05";91
"2018-06-20 21:16:04";91
"2018-06-20 21:26:04";89
"2018-06-20 21:36:04";89
"2018-06-20 21:46:04";89
"2018-06-20 21:56:05";88
"2018-06-20 22:06:06";88
"2018-06-20 22:16:06";88
"2018-06-20 22:26:05";90
"2018-06-20 22:36:05";90
"2018-06-20 22:46:05";90
"2018-06-20 23:06:04";88
"2018-06-20 23:16:04";88
"2018-06-20 23:26:05";90
"2018-06-20 23:36:05";90
"2018-06-20 23:46:05";90
"2018-06-20 23:56:06";90
"2018-06-21 00:06:06";90
"2018-06-21 00:16:05";90
"2018-06-21 00:26:06";89
"2018-06-21 00:36:04";89
"2018-06-21 00:46:06";89
"2018-06-21 00:56:11";91
"2018-06-21 01:06:04";91
"2018-06-21 01:16:05";91
"2018-06-21 01:26:05";88
"2018-06-21 01:36:05";88
"2018-06-21 01:46:05";88
"2018-06-21 01:56:04";90
"2018-06-21 02:06:04";90
"2018-06-21 02:16:05";90
"2018-06-21 02:26:05";90
"2018-06-21 02:36:04";90
"2018-06-21 02:46:05";90
"2018-06-21 02:56:04";88
"2018-06-21 03:06:04";88
"2018-06-21 03:16:05";88
"2018-06-21 03:26:04";86
"2018-06-21 03:36:04";86
"2018-06-21 03:46:05";86
"2018-06-21 03:56:04";88
"2018-06-21 04:06:04";88
"2018-06-21 04:16:05";88
"2018-06-21 04:26:04";90
"2018-06-21 04:46:05";90
"2018-06-21 04:56:04";87
"2018-06-21 05:06:04";87
"2018-06-21 05:16:05";87
"2018-06-21 05:26:04";86
"2018-06-21 05:36:04";86
"2018-06-21 05:46:05";86
"2018-06-21 05:56:14";86
"2018-06-21 06:06:05";86
"2018-06-21 06:16:05";86
"2018-06-21 06:26:05";86
"2018-06-21 06:36:04";86
"2018-06-21 06:46:05";86
"2018-06-21 06:56:09";86
"2018-06-21 07:06:05";86
"2018-06-21 07:16:04";86
"2018-06-21 07:26:05";83
"2018-06-21 07:36:05";83
"2018-06-21 07:46:04";83
"2018-06-21 07:56:10";85
"2018-06-21 08:06:04";85
"2018-06-21 08:16:05";85
"2018-06-21 08:26:05";83
"2018-06-21 08:36:04";83
"2018-06-21 08:46:04";83
"2018-06-21 08:56:10";85
"2018-06-21 09:06:05";85
"2018-06-21 09:16:04";85
"2018-06-21 09:26:05";85
"2018-06-21 09:36:04";85
"2018-06-21 09:46:05";85
"2018-06-21 09:56:04";83
"2018-06-21 10:06:05";83
"2018-06-21 10:26:05";81
"2018-06-21 10:36:04";81
"2018-06-21 10:46:05";81
"2018-06-21 10:56:15";83
"2018-06-21 11:06:05";83
"2018-06-21 11:16:05";83
"2018-06-21 11:26:05";82
"2018-06-21 11:36:05";82
"2018-06-21 11:46:05";80
"2018-06-21 11:56:09";80
"2018-06-21 12:06:04";80
"2018-06-21 12:16:05";80
"2018-06-21 12:26:05";80
"2018-06-21 12:36:05";80
"2018-06-21 12:46:04";80
"2018-06-21 12:56:05";80
"2018-06-21 13:06:05";80
"2018-06-21 13:16:05";80
"2018-06-21 13:26:05";83
"2018-06-21 13:36:05";83
"2018-06-21 13:46:05";83
"2018-06-21 13:56:09";82
"2018-06-21 14:06:04";82
"2018-06-21 14:16:05";82
"2018-06-21 14:26:05";83
"2018-06-21 14:36:05";83
"2018-06-21 14:46:05";83
"2018-06-21 14:56:04";84
"2018-06-21 15:06:05";84
"2018-06-21 15:16:05";84
"2018-06-21 15:26:05";83
"2018-06-21 15:36:05";83
"2018-06-21 15:46:05";83
"2018-06-21 16:06:05";85
"2018-06-21 16:16:05";85
"2018-06-21 16:26:05";83
"2018-06-21 16:36:05";83
"2018-06-21 16:46:05";83
"2018-06-21 16:56:15";86
"2018-06-21 17:06:05";86
"2018-06-21 17:16:05";86
"2018-06-21 17:26:05";89
"2018-06-21 17:36:05";89
"2018-06-21 17:46:05";88
"2018-06-21 17:56:05";88
"2018-06-21 18:06:05";88
"2018-06-21 18:16:04";88
"2018-06-21 18:26:05";87
"2018-06-21 18:36:05";87
"2018-06-21 18:46:04";87
"2018-06-21 18:56:05";87
"2018-06-21 19:06:05";87
"2018-06-21 19:16:04";87
"2018-06-21 19:26:05";88
"2018-06-21 19:36:05";88
"2018-06-21 19:46:05";88
"2018-06-21 19:56:04";88
"2018-06-21 20:06:05";88
"2018-06-21 20:16:04";88
"2018-06-21 20:26:04";88
"2018-06-21 20:36:05";88
"2018-06-21 20:46:05";88
"2018-06-21 20:56:05";91
"2018-06-21 21:16:05";91
"2018-06-21 21:26:05";89
"2018-06-21 21:36:05";89
"2018-06-21 21:46:05";89
"2018-06-21 21:56:10";90
"2018-06-21 22:06:07";90
"2018-06-21 22:16:06";90
"2018-06-21 22:26:05";91
"2018-06-21 22:36:04";91
"2018-06-21 22:46:05";91
"2018-06-21 22:56:04";90
"2018-06-21 23:06:05";90
"2018-06-21 23:16:05";90
"2018-06-21 23:26:05";90
"2018-06-21 23:36:05";90
"2018-06-21 23:46:04";90
"2018-06-21 23:56:06";91
"2018-06-22 00:06:06";91
"2018-06-22 00:16:05";91
"2018-06-22 00:26:05";91
"2018-06-22 00:36:05";91
"2018-06-22 00:46:06";91
"2018-06-22 00:56:15";91
"2018-06-22 01:06:05";91
"2018-06-22 01:16:05";91
"2018-06-22 01:26:05";91
"2018-06-22 01:36:05";91
"2018-06-22 01:46:05";91
"2018-06-22 01:56:10";88
"2018-06-22 02:06:04";88
"2018-06-22 02:16:05";88
"2018-06-22 02:36:04";89
"2018-06-22 02:46:05";89
"2018-06-22 02:56:05";89
"2018-06-22 03:06:04";89
"2018-06-22 03:16:05";89
"2018-06-22 03:26:04";89
"2018-06-22 03:36:04";89
"2018-06-22 03:46:04";89
"2018-06-22 03:56:05";87
"2018-06-22 04:06:05";87
"2018-06-22 04:16:05";87
"2018-06-22 04:26:05";90
"2018-06-22 04:36:04";90
"2018-06-22 04:46:05";90
"2018-06-22 04:56:05";87
"2018-06-22 05:06:04";87
"2018-06-22 05:16:05";87
"2018-06-22 05:26:04";88
"2018-06-22 05:36:04";88
"2018-06-22 05:46:05";88
"2018-06-22 05:56:10";86
"2018-06-22 06:06:04";86
"2018-06-22 06:16:04";86
"2018-06-22 06:26:04";86
"2018-06-22 06:36:05";86
"2018-06-22 06:46:05";86
"2018-06-22 06:56:14";88
"2018-06-22 07:06:05";88
"2018-06-22 07:16:05";88
"2018-06-22 07:26:05";84
"2018-06-22 07:36:04";84
"2018-06-22 07:46:04";84
"2018-06-22 07:56:18";85
"2018-06-22 08:16:05";85
"2018-06-22 08:26:05";83
"2018-06-22 08:36:05";83
"2018-06-22 08:46:04";83
"2018-06-22 08:56:05";83
"2018-06-22 09:06:04";83
"2018-06-22 09:16:04";83
"2018-06-22 09:26:05";84
"2018-06-22 09:36:05";84
"2018-06-22 09:46:05";84
"2018-06-22 09:56:05";84
"2018-06-22 10:06:05";84
"2018-06-22 10:16:05";84
"2018-06-22 10:26:05";82
"2018-06-22 10:36:05";82
"2018-06-22 10:46:05";82
"2018-06-22 10:56:10";83
"2018-06-22 11:06:05";83
"2018-06-22 11:16:05";83
"2018-06-22 11:26:05";77
"2018-06-22 11:36:04";77
"2018-06-22 11:46:05";77
"2018-06-22 11:56:05";83
"2018-06-22 12:06:05";83
"2018-06-22 12:16:05";83
"2018-06-22 12:26:05";85
"2018-06-22 12:36:04";85
"2018-06-22 12:46:04";85
"2018-06-22 12:56:04";82
"2018-06-22 13:06:04";82
"2018-06-22 13:16:05";82
"2018-06-22 13:26:05";79
"2018-06-22 13:46:05";79
"2018-06-22 13:56:04";82
"2018-06-22 14:06:05";82
"2018-06-22 14:16:05";82
"2018-06-22 14:26:04";80
"2018-06-22 14:36:05";80
"2018-06-22 14:46:05";80
"2018-06-22 14:56:05";80
"2018-06-22 15:06:04";80
"2018-06-22 15:16:05";80
"2018-06-22 15:26:05";81
"2018-06-22 15:36:04";81
"2018-06-22 15:46:05";80
"2018-06-22 15:56:05";80
"2018-06-22 16:06:05";80
"2018-06-22 16:16:04";80
"2018-06-22 16:26:04";81
"2018-06-22 16:36:05";81
"2018-06-22 16:46:04";81
"2018-06-22 16:56:15";84
"2018-06-22 17:06:05";84
"2018-06-22 17:16:04";84
"2018-06-22 17:26:05";85
"2018-06-22 17:36:04";85
"2018-06-22 17:46:05";85
"2018-06-22 17:56:15";86
"2018-06-22 18:06:05";86
"2018-06-22 18:16:04";86
"2018-06-22 18:26:04";83
"2018-06-22 18:36:04";83
"2018-06-22 18:46:05";83
"2018-06-22 19:06:05";85
"2018-06-22 19:16:05";85
"2018-06-22 19:26:05";86
"2018-06-22 19:36:04";86
"2018-06-22 19:46:05";86
"2018-06-22 19:56:09";87
"2018-06-22 20:06:04";87
"2018-06-22 20:16:05";87
"2018-06-22 20:26:05";82
"2018-06-22 20:36:05";82
"2018-06-22 20:46:04";82
"2018-06-22 20:56:10";87
"2018-06-22 21:06:04";87
"2018-06-22 21:16:05";87
"2018-06-22 21:26:05";87
"2018-06-22 21:36:05";87
"2018-06-22 21:46:04";87
"2018-06-22 21:56:05";86
"2018-06-22 22:06:07";86
"2018-06-22 22:16:05";86
"2018-06-22 22:26:06";87
"2018-06-22 22:36:05";87
"2018-06-22 22:46:05";87
"2018-06-22 22:56:04";91
"2018-06-22 23:06:05";91
"2018-06-22 23:16:04";91
"2018-06-22 23:26:05";90
"2018-06-22 23:36:05";90
"2018-06-22 23:46:05";90
"2018-06-22 23:56:06";87
"2018-06-23 00:16:05";87
"2018-06-23 00:26:05";92
"2018-06-23 00:36:05";92
"2018-06-23 00:46:06";92
"2018-06-23 00:56:10";87
"2018-06-23 01:06:05";87
"2018-06-23 01:16:05";87
"2018-06-23 01:26:05";92
"2018-06-23 01:36:05";92
"2018-06-23 01:46:05";92
"2018-06-23 01:56:05";90
"2018-06-23 02:06:05";90
"2018-06-23 02:16:05";90
"2018-06-23 02:26:04";89
"2018-06-23 02:36:05";89
"2018-06-23 02:46:05";89
"2018-06-23 02:56:09";88
"2018-06-23 03:06:05";88
"2018-06-23 03:16:10";88
"2018-06-23 03:26:04";90
"2018-06-23 03:36:04";90
"2018-06-23 03:46:05";90
"2018-06-23 03:56:10";89
"2018-06-23 04:06:04";89
"2018-06-23 04:16:05";89
"2018-06-23 04:26:05";90
"2018-06-23 04:36:05";90
"2018-06-23 04:46:04";90
"2018-06-23 04:56:09";89
"2018-06-23 05:06:05";89
"2018-06-23 05:16:05";89
"2018-06-23 05:26:04";89
"2018-06-23 05:36:04";89
"2018-06-23 05:56:04";89
"2018-06-23 06:06:05";89
"2018-06-23 06:16:04";89
"2018-06-23 06:26:04";91
"2018-06-23 06:36:04";91
"2018-06-23 06:46:05";91
"2018-06-23 06:56:10";87
"2018-06-23 07:06:05";87
"2018-06-23 07:16:05";87
"2018-06-23 07:26:04";88
"2018-06-23 07:36:04";88
"2018-06-23 07:46:04";88
"2018-06-23 07:56:10";86
"2018-06-23 08:06:04";86
"2018-06-23 08:16:04";86
"2018-06-23 08:26:05";88
"2018-06-23 08:36:04";88
"2018-06-23 08:46:04";88
"2018-06-23 08:56:05";87
"2018-06-23 09:06:05";87
"2018-06-23 09:16:05";87
"2018-06-23 09:26:05";86
"2018-06-23 09:36:04";86
"2018-06-23 09:46:04";86
"2018-06-23 09:56:09";87
"2018-06-23 10:06:05";87
"2018-06-23 10:16:04";87
"2018-06-23 10:26:05";86
"2018-06-23 10:36:05";86
"2018-06-23 10:46:04";86
"2018-06-23 10:56:15";82
"2018-06-23 11:06:05";82
"2018-06-23 11:26:04";83
"2018-06-23 11:36:05";83
"2018-06-23 11:46:05";83
"2018-06-23 11:56:04";84
"2018-06-23 12:06:05";84
"2018-06-23 12:16:04";84
"2018-06-23 12:26:04";81
"2018-06-23 12:36:04";81
"2018-06-23 12:46:05";81
"2018-06-23 12:56:04";81
"2018-06-23 13:06:05";81
"2018-06-23 13:16:05";81
"2018-06-23 13:26:04";81
"2018-06-23 13:36:05";81
"2018-06-23 13:46:05";81
"2018-06-23 13:56:10";83
"2018-06-23 14:06:04";83
"2018-06-23 14:16:05";83
"2018-06-23 14:26:05";82
"2018-06-23 14:36:04";82
"2018-06-23 14:46:05";82
"2018-06-23 14:56:09";80
"2018-06-23 15:06:04";80
"2018-06-23 15:16:05";80
"2018-06-23 15:26:04";81
"2018-06-23 15:36:05";81
"2018-06-23 15:46:05";81
"2018-06-23 15:56:04";82
"2018-06-23 16:06:04";82
"2018-06-23 16:16:04";82
"2018-06-23 16:36:05";80
"2018-06-23 16:46:05";80
"2018-06-23 16:56:10";82
"2018-06-23 17:06:05";82
"2018-06-23 17:16:05";82
"2018-06-23 17:26:05";82
"2018-06-23 17:36:04";82
"2018-06-23 17:46:04";82
"2018-06-23 17:56:10";80
"2018-06-23 18:06:05";80
"2018-06-23 18:16:05";80
"2018-06-23 18:26:05";81
"2018-06-23 18:36:05";81
"2018-06-23 18:46:04";81
"2018-06-23 18:56:05";84
"2018-06-23 19:06:05";84
"2018-06-23 19:16:05";84
"2018-06-23 19:26:05";81
"2018-06-23 19:36:04";81
"2018-06-23 19:46:05";81
"2018-06-23 19:56:10";77
"2018-06-23 20:06:05";77
"2018-06-23 20:16:05";77
"2018-06-23 20:26:05";79
"2018-06-23 20:36:04";79
"2018-06-23 20:46:04";79
"2018-06-23 20:56:05";78
"2018-06-23 21:06:05";78
"2018-06-23 21:16:05";78
"2018-06-23 21:26:05";77
"2018-06-23 21:36:05";77
"2018-06-23 21:46:05";77
"2018-06-23 22:06:06";79
"2018-06-23 22:16:06";79
"2018-06-23 22:26:05";79
"2018-06-23 22:36:05";79
"2018-06-23 22:46:05";79
"2018-06-23 22:56:05";79
"2018-06-23 23:06:05";79
"2018-06-23 23:16:04";79
"2018-06-24 00:26:04";80
"2018-06-24 00:36:05";79
"2018-06-24 00:46:06";79
"2018-06-24 00:56:11";77
"2018-06-24 01:06:05";77
"2018-06-24 01:16:05";77
"2018-06-24 01:26:05";78
"2018-06-24 01:36:04";78
"2018-06-24 01:46:05";78
"2018-06-24 01:56:15";79
"2018-06-24 02:06:04";79
"2018-06-24 02:16:05";79
"2018-06-24 02:26:10";78
"2018-06-24 02:36:05";78
"2018-06-24 02:46:05";78
"2018-06-24 02:56:05";77
"2018-06-24 03:06:04";77
"2018-06-24 03:16:04";77
"2018-06-24 03:26:04";74
"2018-06-24 03:36:05";74
"2018-06-24 03:46:04";74
"2018-06-24 03:56:05";77
"2018-06-24 04:06:05";77
"2018-06-24 04:16:04";77
"2018-06-24 04:26:05";76
"2018-06-24 04:36:04";76
"2018-06-24 04:46:05";77
"2018-06-24 04:56:15";77
"2018-06-24 05:06:05";77
"2018-06-24 05:16:04";77
"2018-06-24 05:26:04";73
"2018-06-24 05:36:04";73
"2018-06-24 05:46:05";73
"2018-06-24 06:06:04";75
"2018-06-24 06:16:05";75
"2018-06-24 06:26:05";73
"2018-06-24 06:36:04";73
"2018-06-24 06:46:05";73
"2018-06-24 06:56:05";74
"2018-06-24 07:06:05";74
"2018-06-24 07:16:04";74
"2018-06-24 07:26:05";74
"2018-06-24 07:36:04";74
"2018-06-24 07:46:05";74
"2018-06-24 07:56:09";72
"2018-06-24 08:06:04";72
"2018-06-24 08:16:05";72
"2018-06-24 08:26:04";73
"2018-06-24 08:36:04";73
"2018-06-24 08:46:05";73
"2018-06-24 08:56:05";72
"2018-06-24 09:06:04";72
"2018-06-24 09:16:05";72
"2018-06-24 09:26:05";71
"2018-06-24 09:36:05";71
"2018-06-24 09:46:04";71
"2018-06-24 09:56:05";71
"2018-06-24 10:06:04";71
"2018-06-24 10:16:05";71
"2018-06-24 10:26:05";73
"2018-06-24 10:36:04";73
"2018-06-24 10:46:05";73
"2018-06-24 10:56:05";69
"2018-06-24 11:06:04";69
"2018-06-24 11:16:04";69
"2018-06-24 11:36:04";70
"2018-06-24 11:46:04";70
"2018-06-24 11:56:05";68
"2018-06-24 12:06:05";68
"2018-06-24 12:16:04";68
"2018-06-24 12:26:05";69
"2018-06-24 12:36:04";69
"2018-06-24 12:46:05";69
"2018-06-24 12:56:05";72
"2018-06-24 13:06:05";72
"2018-06-24 13:16:04";72
"2018-06-24 13:26:05";72
"2018-06-24 13:36:04";72
"2018-06-24 13:46:05";72
"2018-06-24 13:56:10";71
"2018-06-24 14:06:05";71
"2018-06-24 14:16:04";71
"2018-06-24 14:26:04";71
"2018-06-24 14:36:04";71
"2018-06-24 14:46:05";71
"2018-06-24 14:56:10";71
"2018-06-24 15:06:04";71
"2018-06-24 15:16:05";71
"2018-06-24 15:26:04";71
"2018-06-24 15:36:04";71
"2018-06-24 15:46:05";71
"2018-06-24 15:56:05";70
"2018-06-24 16:06:05";70
"2018-06-24 16:16:04";70
"2018-06-24 16:26:05";68
"2018-06-24 16:36:05";68
"2018-06-24 16:56:05";68
"2018-06-24 17:06:04";68
"2018-06-24 17:16:04";68
"2018-06-24 17:26:04";70
"2018-06-24 17:36:04";70
"2018-06-24 17:46:05";70
"2018-06-24 17:56:05";69
"2018-06-24 18:06:05";69
"2018-06-24 18:16:05";69
"2018-06-24 18:26:05";70
"2018-06-24 18:36:05";70
"2018-06-24 18:46:05";70
"2018-06-24 18:56:05";70
"2018-06-24 19:06:05";70
"2018-06-24 19:16:05";70
"2018-06-24 19:26:05";70
"2018-06-24 19:36:04";70
"2018-06-24 19:46:05";70
"2018-06-24 19:56:05";71
"2018-06-24 20:06:04";71
"2018-06-24 20:16:05";71
"2018-06-24 20:26:04";70
"2018-06-24 20:36:04";70
"2018-06-24 20:46:04";70
"2018-06-24 20:56:04";67
"2018-06-24 21:06:05";67
"2018-06-24 21:16:05";67
"2018-06-24 21:26:04";69
"2018-06-24 21:36:05";69
"2018-06-24 21:46:05";69
"2018-06-24 21:56:05";69
"2018-06-24 22:16:06";69
"2018-06-24 22:26:05";68
"2018-06-24 22:36:05";68
"2018-06-24 22:46:05";68
"2018-06-24 22:56:05";68
"2018-06-24 23:06:05";68
"2018-06-24 23:16:05";68
"2018-06-24 23:26:04";68
"2018-06-24 23:36:06";68
"2018-06-24 23:46:05";68
"2018-06-24 23:56:10";67
"2018-06-25 00:06:05";67
"2018-06-25 00:16:04";67
"2018-06-25 00:26:05";69
"2018-06-25 00:36:05";69
"2018-06-25 00:46:05";69
"2018-06-25 00:56:05";68
"2018-06-25 01:06:05";68
"2018-06-25 01:16:05";68
"2018-06-25 01:26:05";67
"2018-06-25 01:36:05";67
"2018-06-25 01:46:05";67
"2018-06-25 01:56:05";69
"2018-06-25 02:06:04";69
"2018-06-25 02:16:09";69
"2018-06-25 02:26:04";66
"2018-06-25 02:36:05";66
"2018-06-25 02:46:05";66
"2018-06-25 02:56:04";65
"2018-06-25 03:16:04";65
"2018-06-25 03:26:05";67
"2018-06-25 03:36:05";67
"2018-06-25 03:46:05";67
"2018-06-25 03:56:09";67
"2018-06-25 04:06:04";67
"2018-06-25 04:16:04";67
"2018-06-25 04:26:04";67
"2018-06-25 04:36:05";67
"2018-06-25 04:46:05";67
"2018-06-25 04:56:09";69
"2018-06-25 05:06:05";69
"2018-06-25 05:16:04";69
"2018-06-25 05:26:05";67
"2018-06-25 05:36:04";67
"2018-06-25 05:46:05";67
"2018-06-25 05:56:15";67
"2018-06-25 06:06:04";67
"2018-06-25 06:16:04";67
"2018-06-25 06:26:05";67
"2018-06-25 06:36:04";67
"2018-06-25 06:46:04";67
"2018-06-25 06:56:10";66
"2018-06-25 07:06:05";66
"2018-06-25 07:16:04";66
"2018-06-25 07:26:04";68
"2018-06-25 07:36:05";68
"2018-06-25 07:46:05";68
"2018-06-25 07:56:09";68
"2018-06-25 08:06:05";68
"2018-06-25 08:16:04";68
"2018-06-25 08:26:05";67
"2018-06-25 08:46:04";67
"2018-06-25 08:56:05";69
"2018-06-25 09:06:04";69
"2018-06-25 09:16:05";69
"2018-06-25 09:26:04";65
"2018-06-25 09:36:05";65
"2018-06-25 09:46:04";65
"2018-06-25 09:56:05";66
"2018-06-25 10:06:04";66
"2018-06-25 10:16:05";66
"2018-06-25 10:26:05";64
"2018-06-25 10:36:04";64
"2018-06-25 10:46:05";64
"2018-06-25 10:56:15";63
"2018-06-25 11:06:05";63
"2018-06-25 11:16:04";63
"2018-06-25 11:26:04";63
"2018-06-25 11:36:04";63
"2018-06-25 11:46:05";63
"2018-06-25 11:56:15";63
"2018-06-25 12:06:05";63
"2018-06-25 12:16:05";63
"2018-06-25 12:26:05";63
"2018-06-25 12:36:04";63
"2018-06-25 12:46:05";63
"2018-06-25 12:56:05";65
"2018-06-25 13:06:05";65
"2018-06-25 13:16:05";65
"2018-06-25 13:26:05";66
"2018-06-25 13:36:05";66
"2018-06-25 13:46:05";66
"2018-06-25 13:56:10";66
"2018-06-25 14:16:05";66
"2018-06-25 14:26:05";64
"2018-06-25 14:36:04";64
"2018-06-25 14:46:05";64
"2018-06-25 14:56:05";63
"2018-06-25 15:06:05";63
"2018-06-25 15:16:05";63
"2018-06-25 15:26:05";64
"2018-06-25 15:36:04";64
"2018-06-25 15:46:05";64
"2018-06-25 15:56:05";64
"2018-06-25 16:06:05";64
"2018-06-25 16:16:05";64
"2018-06-25 16:26:04";63
"2018-06-25 16:36:04";63
"2018-06-25 16:46:05";63
"2018-06-25 16:56:05";63
"2018-06-25 17:06:04";63
"2018-06-25 17:16:04";63
"2018-06-25 17:26:05";63
"2018-06-25 17:36:05";63
"2018-06-25 17:46:05";63
"2018-06-25 17:56:05";64
"2018-06-25 18:06:05";64
"2018-06-25 18:16:04";64
"2018-06-25 18:26:05";64
"2018-06-25 18:36:05";64
"2018-06-25 18:46:05";64
"2018-06-25 18:56:10";68
"2018-06-25 19:06:05";68
"2018-06-25 19:16:04";68
"2018-06-25 19:26:04";64
"2018-06-25 19:46:05";64
"2018-06-25 19:56:05";65
"2018-06-25 20:06:06";65
"2018-06-25 20:16:05";65
"2018-06-25 20:26:04";66
"2018-06-25 20:36:05";66
"2018-06-25 20:46:05";66
"2018-06-25 20:56:10";64
"2018-06-25 21:06:05";64
"2018-06-25 21:16:05";64
"2018-06-25 21:26:05";65
"2018-06-25 21:36:05";65
"2018-06-25 21:46:05";65
"2018-06-25 21:56:04";65
"2018-06-25 22:06:06";65
"2018-06-25 22:16:05";65
"2018-06-25 22:26:06";66
"2018-06-25 22:36:05";66
"2018-06-25 22:46:04";66
"2018-06-25 22:56:05";65
"2018-06-25 23:06:05";65
"2018-06-25 23:16:04";65
"2018-06-25 23:26:05";67
"2018-06-25 23:36:06";67
"2018-06-25 23:46:05";67
"2018-06-25 23:56:16";65
"2018-06-26 00:06:06";65
"2018-06-26 00:16:05";65
"2018-06-26 00:26:05";67
"2018-06-26 00:46:05";67
"2018-06-26 00:56:09";66
"2018-06-26 01:06:05";66
"2018-06-26 01:16:04";66
"2018-06-26 01:26:05";67
"2018-06-26 01:36:05";67
"2018-06-26 01:46:06";67
"2018-06-26 01:56:10";66
"2018-06-26 02:06:05";66
"2018-06-26 02:16:04";66
"2018-06-26 02:26:04";67
"2018-06-26 02:36:05";67
"2018-06-26 02:46:05";67
"2018-06-26 02:56:04";69
"2018-06-26 03:06:04";69
"2018-06-26 03:16:05";69
"2018-06-26 03:26:04";65
"2018-06-26 03:36:05";65
"2018-06-26 03:46:05";65
"2018-06-26 03:56:09";63
"2018-06-26 04:06:04";63
"2018-06-26 04:16:05";63
"2018-06-26 04:26:04";64
"2018-06-26 04:36:05";64
"2018-06-26 04:46:05";64
"2018-06-26 04:56:04";66
"2018-06-26 05:06:05";66
"2018-06-26 05:16:04";66
"2018-06-26 05:26:05";67
"2018-06-26 05:36:04";67
"2018-06-26 05:46:05";67
"2018-06-26 05:56:05";64
"2018-06-26 06:06:04";64
"2018-06-26 06:26:04";64
"2018-06-26 06:36:05";64
"2018-06-26 06:46:05";64
"2018-06-26 06:56:10";64
"2018-06-26 07:06:04";64
"2018-06-26 07:16:05";64
"2018-06-26 07:26:05";63
"2018-06-26 07:36:05";63
"2018-06-26 07:46:04";63
"2018-06-26 07:56:09";63
"2018-06-26 08:06:04";63
"2018-06-26 08:16:04";63
"2018-06-26 08:26:05";64
"2018-06-26 08:36:04";64
"2018-06-26 08:46:05";64
"2018-06-26 08:56:04";64
"2018-06-26 09:06:05";64
"2018-06-26 09:16:05";64
"2018-06-26 09:26:04";65
"2018-06-26 09:36:05";65
"2018-06-26 09:46:05";65
"2018-06-26 09:56:10";64
"2018-06-26 10:06:04";64
"2018-06-26 10:16:05";64
"2018-06-26 10:26:04";62
"2018-06-26 10:36:05";62
"2018-06-26 10:46:04";62
"2018-06-26 10:56:10";64
"2018-06-26 11:16:05";64
"2018-06-26 11:26:05";60
"2018-06-26 11:36:04";60
"2018-06-26 11:46:05";60
"2018-06-26 11:56:05";62
"2018-06-26 12:06:04";62
"2018-06-26 12:16:05";62
"2018-06-26 12:26:05";61
"2018-06-26 12:36:05";61
"2018-06-26 12:46:04";61
"2018-06-26 12:56:05";61
"2018-06-26 13:06:05";61
"2018-06-26 13:16:05";61
"2018-06-26 13:26:05";61
"2018-06-26 13:36:04";61
"2018-06-26 13:46:04";61
"2018-06-26 13:56:12";62
"2018-06-26 14:06:05";62
"2018-06-26 14:16:04";62
"2018-06-26 14:26:05";62
"2018-06-26 14:36:04";62
"2018-06-26 14:46:04";62
"2018-06-26 14:56:10";62
"2018-06-26 15:06:05";62
"2018-06-26 15:16:04";62
"2018-06-26 15:26:05";61
"2018-06-26 15:36:04";61
"2018-06-26 15:46:04";61
"2018-06-26 15:56:15";60
"2018-06-26 16:06:04";60
"2018-06-26 16:26:04";61
"2018-06-26 16:36:05";61
"2018-06-26 16:46:05";61
"2018-06-26 16:56:05";63
"2018-06-26 17:06:05";63
"2018-06-26 17:16:05";63
"2018-06-26 17:26:04";63
"2018-06-26 17:36:05";63
"2018-06-26 17:46:04";63
"2018-06-26 17:56:10";64
"2018-06-26 18:06:04";64
"2018-06-26 18:16:04";64
"2018-06-26 18:26:05";67
"2018-06-26 18:36:04";67
"2018-06-26 18:46:04";67
"2018-06-26 18:56:10";67
"2018-06-26 19:06:05";67
"2018-06-26 19:16:04";67
"2018-06-26 19:26:04";71
"2018-06-26 19:36:05";71
"2018-06-26 19:46:05";71
"2018-06-26 19:56:05";70
"2018-06-26 20:06:05";70
"2018-06-26 20:16:04";70
"2018-06-26 20:26:04";72
"2018-06-26 20:36:04";72
"2018-06-26 20:46:05";72
"2018-06-26 20:56:04";69
"2018-06-26 21:06:04";69
"2018-06-26 21:16:05";69
"2018-06-26 21:26:05";70
"2018-06-26 21:36:05";70
"2018-06-26 21:56:05";70
"2018-06-26 22:06:05";70
"2018-06-26 22:16:05";70
"2018-06-26 22:26:05";72
"2018-06-26 22:36:05";72
"2018-06-26 22:46:05";72
"2018-06-26 22:56:05";71
"2018-06-26 23:06:04";71
"2018-06-26 23:16:04";71
"2018-06-26 23:26:05";73
"2018-06-26 23:36:05";73
"2018-06-26 23:46:05";73
"2018-06-26 23:56:10";73
"2018-06-27 00:06:05";73
"2018-06-27 00:16:05";73
"2018-06-27 00:26:05";73
"2018-06-27 00:36:05";73
"2018-06-27 00:46:05";73
"2018-06-27 00:56:15";70
"2018-06-27 01:06:05";70
"2018-06-27 01:16:05";70
"2018-06-27 01:26:04";73
"2018-06-27 01:36:05";73
"2018-06-27 01:46:05";73
"2018-06-27 01:56:10";73
"2018-06-27 02:06:04";73
"2018-06-27 02:16:04";72
"2018-06-27 02:26:05";72
"2018-06-27 02:36:04";72
"2018-06-27 02:46:09";72
"2018-06-27 03:06:04";73
"2018-06-27 03:16:05";72
"2018-06-27 03:26:05";72
"2018-06-27 03:36:04";72
"2018-06-27 03:46:04";72
"2018-06-27 03:56:05";73
"2018-06-27 04:06:04";73
"2018-06-27 04:16:04";73
"2018-06-27 04:26:04";71
"2018-06-27 04:36:04";71
"2018-06-27 04:46:04";71
"2018-06-27 04:56:04";73
"2018-06-27 05:06:04";73
"2018-06-27 05:16:04";73
"2018-06-27 05:26:04";71
"2018-06-27 05:36:04";71
"2018-06-27 05:46:05";71
"2018-06-27 05:56:05";73
"2018-06-27 06:06:04";73
"2018-06-27 06:16:04";73
"2018-06-27 06:26:04";69
"2018-06-27 06:36:04";69
"2018-06-27 06:46:04";69
"2018-06-27 06:56:05";68
"2018-06-27 07:06:04";68
"2018-06-27 07:16:04";68
"2018-06-27 07:26:05";70
"2018-06-27 07:36:05";70
"2018-06-27 07:46:05";70
"2018-06-27 07:56:10";69
"2018-06-27 08:06:05";69
"2018-06-27 08:16:05";69
"2018-06-27 08:36:05";69
"2018-06-27 08:46:05";69
"2018-06-27 08:56:10";68
"2018-06-27 09:06:04";68
"2018-06-27 09:16:05";68
"2018-06-27 09:26:04";68
"2018-06-27 09:36:05";68
"2018-06-27 09:46:05";68
"2018-06-27 09:56:09";69
"2018-06-27 10:06:04";69
"2018-06-27 10:16:05";69
"2018-06-27 10:26:05";68
"2018-06-27 10:36:04";68
"2018-06-27 10:46:05";68
"2018-06-27 10:56:05";65
"2018-06-27 11:06:04";65
"2018-06-27 11:16:04";65
"2018-06-27 11:26:04";68
"2018-06-27 11:36:05";68
"2018-06-27 11:46:05";68
"2018-06-27 11:56:05";66
"2018-06-27 12:06:05";66
"2018-06-27 12:16:05";66
"2018-06-27 12:26:04";67
"2018-06-27 12:36:05";67
"2018-06-27 12:46:05";67
"2018-06-27 12:56:04";67
"2018-06-27 13:06:04";67
"2018-06-27 13:16:05";67
"2018-06-27 13:26:04";63
"2018-06-27 13:36:05";63
"2018-06-27 13:46:05";63
"2018-06-27 14:06:05";65
"2018-06-27 14:16:05";65
"2018-06-27 14:26:04";64
"2018-06-27 14:36:04";64
"2018-06-27 14:46:05";64
"2018-06-27 14:56:10";64
"2018-06-27 15:06:05";64
"2018-06-27 15:16:05";64
"2018-06-27 15:26:05";66
"2018-06-27 15:36:04";66
"2018-06-27 15:46:05";66
"2018-06-27 15:56:10";65
"2018-06-27 16:06:05";65
"2018-06-27 16:16:05";65
"2018-06-27 16:26:04";67
"2018-06-27 16:36:05";67
"2018-06-27 16:46:04";67
"2018-06-27 16:56:13";69
"2018-06-27 17:06:05";69
"2018-06-27 17:16:05";69
"2018-06-27 17:26:04";71
"2018-06-27 17:36:05";71
"2018-06-27 17:46:04";71
"2018-06-27 17:56:04";72
"2018-06-27 18:06:04";72
"2018-06-27 18:16:05";72
"2018-06-27 18:26:04";73
"2018-06-27 18:36:05";73
"2018-06-27 18:46:04";73
"2018-06-27 18:56:10";75
"2018-06-27 19:06:05";75
"2018-06-27 19:16:04";75
"2018-06-27 19:36:05";75
"2018-06-27 19:46:04";75
"2018-06-27 19:56:05";73
"2018-06-27 20:06:05";73
"2018-06-27 20:16:04";73
"2018-06-27 20:26:05";73
"2018-06-27 20:36:05";73
"2018-06-27 20:46:05";73
"2018-06-27 20:56:05";73
"2018-06-27 21:06:04";73
"2018-06-27 21:16:04";73
"2018-06-27 21:26:05";74
"2018-06-27 21:36:04";74
"2018-06-27 21:46:05";74
"2018-06-27 21:56:10";76
"2018-06-27 22:06:07";76
"2018-06-27 22:16:06";76
"2018-06-27 22:26:05";75
"2018-06-27 22:36:05";75
"2018-06-27 22:46:05";75
"2018-06-27 22:56:05";75
"2018-06-27 23:06:04";75
"2018-06-27 23:16:04";75
"2018-06-27 23:26:05";74
"2018-06-27 23:36:05";74
"2018-06-27 23:46:04";74
"2018-06-27 23:56:15";80
"2018-06-28 00:06:05";80
"2018-06-28 00:16:05";80
"2018-06-28 00:36:05";76
"2018-06-28 00:46:06";76
"2018-06-28 00:56:05";77
"2018-06-28 01:06:05";77
"2018-06-28 01:16:04";77
"2018-06-28 01:26:04";77
"2018-06-28 01:36:05";77
"2018-06-28 01:46:05";77
"2018-06-28 01:56:04";76
"2018-06-28 02:06:04";76
"2018-06-28 02:16:04";76
"2018-06-28 02:26:04";76
"2018-06-28 02:36:05";76
"2018-06-28 02:46:05";76
"2018-06-28 02:56:15";74
"2018-06-28 03:06:05";74
"2018-06-28 03:16:05";74
"2018-06-28 03:26:05";72
"2018-06-28 03:36:04";72
"2018-06-28 03:46:05";72
"2018-06-28 03:56:05";71
"2018-06-28 04:06:04";71
"2018-06-28 04:16:05";71
"2018-06-28 04:26:04";71
"2018-06-28 04:36:04";71
"2018-06-28 04:46:05";71
"2018-06-28 04:56:04";73
"2018-06-28 05:06:05";73
"2018-06-28 05:16:04";73
"2018-06-28 05:26:05";72
"2018-06-28 05:36:04";72
"2018-06-28 05:46:04";72
"2018-06-28 06:06:04";72
"2018-06-28 06:16:04";72
"2018-06-28 06:26:05";72
"2018-06-28 06:36:05";72
"2018-06-28 06:46:04";72
"2018-06-28 06:56:04";73
"2018-06-28 07:06:05";73
"2018-06-28 07:16:05";73
"2018-06-28 07:26:05";70
"2018-06-28 07:36:05";70
"2018-06-28 07:46:04";70
"2018-06-28 07:56:10";73
"2018-06-28 08:06:05";73
"2018-06-28 08:16:04";73
"2018-06-28 08:26:05";70
"2018-06-28 08:36:05";70
"2018-06-28 08:46:05";70
"2018-06-28 08:56:05";71
"2018-06-28 09:06:04";71
"2018-06-28 09:16:04";71
"2018-06-28 09:26:04";71
"2018-06-28 09:36:05";71
"2018-06-28 09:46:04";71
"2018-06-28 09:56:05";72
"2018-06-28 10:06:05";72
"2018-06-28 10:16:05";72
"2018-06-28 10:26:05";69
"2018-06-28 10:36:05";69
"2018-06-28 10:46:05";69
"2018-06-28 10:56:15";68
"2018-06-28 11:06:05";68
"2018-06-28 11:16:05";68
"2018-06-28 11:36:04";68
"2018-06-28 11:46:04";68
"2018-06-28 11:56:05";71
"2018-06-28 12:06:05";71
"2018-06-28 12:16:05";71
"2018-06-28 12:26:05";68
"2018-06-28 12:36:04";68
"2018-06-28 12:46:05";68
"2018-06-28 12:56:15";68
"2018-06-28 13:06:04";68
"2018-06-28 13:16:04";68
"2018-06-28 13:26:04";67
"2018-06-28 13:36:04";67
"2018-06-28 13:46:05";67
"2018-06-28 13:56:05";68
"2018-06-28 14:06:04";68
"2018-06-28 14:16:04";68
"2018-06-28 14:26:04";68
"2018-06-28 14:36:05";68
"2018-06-28 14:46:05";68
"2018-06-28 14:56:09";66
"2018-06-28 15:06:05";66
"2018-06-28 15:16:04";66
"2018-06-28 15:26:04";67
"2018-06-28 15:36:05";67
"2018-06-28 15:46:05";67
"2018-06-28 15:56:04";68
"2018-06-28 16:06:04";68
"2018-06-28 16:16:05";68
"2018-06-28 16:26:05";69
"2018-06-28 16:36:04";69
"2018-06-28 16:46:05";69
"2018-06-28 17:06:04";69
"2018-06-28 17:16:05";69
"2018-06-28 17:26:05";72
"2018-06-28 17:36:05";72
"2018-06-28 17:46:04";72
"2018-06-28 17:56:09";75
"2018-06-28 18:06:05";75
"2018-06-28 18:16:05";75
"2018-06-28 18:26:04";77
"2018-06-28 18:36:04";77
"2018-06-28 18:46:05";77
"2018-06-28 18:56:05";76
"2018-06-28 19:06:04";76
"2018-06-28 19:16:05";76
"2018-06-28 19:26:04";78
"2018-06-28 19:36:05";78
"2018-06-28 19:46:05";78
"2018-06-28 19:56:10";76
"2018-06-28 20:06:05";76
"2018-06-28 20:16:05";76
"2018-06-28 20:26:05";76
"2018-06-28 20:36:05";76
"2018-06-28 20:46:05";76
"2018-06-28 20:56:05";73
"2018-06-28 21:06:05";73
"2018-06-28 21:16:04";73
"2018-06-28 21:26:05";77
"2018-06-28 21:36:05";77
"2018-06-28 21:46:05";77
"2018-06-28 21:56:10";76
"2018-06-28 22:06:07";76
"2018-06-28 22:26:06";77
"2018-06-28 22:36:04";77
"2018-06-28 22:46:05";77
"2018-06-28 22:56:05";74
"2018-06-28 23:06:05";74
"2018-06-28 23:16:04";74
"2018-06-28 23:26:05";77
"2018-06-28 23:36:05";77
"2018-06-28 23:46:05";77
"2018-06-28 23:56:11";76
"2018-06-29 00:06:05";76
"2018-06-29 00:16:05";76
"2018-06-29 00:26:05";75
"2018-06-29 00:36:05";75
"2018-06-29 00:46:06";75
"2018-06-29 00:56:15";76
"2018-06-29 01:06:05";76
"2018-06-29 01:16:05";76
"2018-06-29 01:26:05";76
"2018-06-29 01:36:05";76
"2018-06-29 01:46:05";76
"2018-06-29 01:56:04";75
"2018-06-29 02:06:04";75
"2018-06-29 02:16:05";75
"2018-06-29 02:26:04";74
"2018-06-29 02:36:04";74
"2018-06-29 02:46:05";74
"2018-06-29 02:56:04";75
"2018-06-29 03:06:05";75
"2018-06-29 03:26:05";75
"2018-06-29 03:36:04";75
"2018-06-29 03:46:05";75
"2018-06-29 03:56:10";73
"2018-06-29 04:06:04";73
"2018-06-29 04:16:05";73
"2018-06-29 04:26:05";72
"2018-06-29 04:36:04";72
"2018-06-29 04:46:05";72
"2018-06-29 04:56:04";70
"2018-06-29 05:06:04";70
"2018-06-29 05:16:05";70
"2018-06-29 05:26:04";72
"2018-06-29 05:36:05";72
"2018-06-29 05:46:05";72
"2018-06-29 05:56:04";72
"2018-06-29 06:06:04";72
"2018-06-29 06:16:04";72
"2018-06-29 06:26:05";70
"2018-06-29 06:36:05";70
"2018-06-29 06:46:04";70
"2018-06-29 06:56:09";72
"2018-06-29 07:06:05";72
"2018-06-29 07:16:04";72
"2018-06-29 07:26:04";72
"2018-06-29 07:36:05";72
"2018-06-29 07:46:05";69
"2018-06-29 07:56:10";69
"2018-06-29 08:06:05";69
"2018-06-29 08:16:04";69
"2018-06-29 08:26:05";70
"2018-06-29 08:36:05";70
"2018-06-29 08:56:09";70
"2018-06-29 09:06:05";70
"2018-06-29 09:16:04";70
"2018-06-29 09:26:05";71
"2018-06-29 09:36:05";71
"2018-06-29 09:46:05";71
"2018-06-29 09:56:10";72
"2018-06-29 10:06:05";72
"2018-06-29 10:16:04";72
"2018-06-29 10:26:05";70
"2018-06-29 10:36:04";70
"2018-06-29 10:46:04";70
"2018-06-29 10:56:05";65
"2018-06-29 11:06:05";65
"2018-06-29 11:16:05";65
"2018-06-29 11:26:04";65
"2018-06-29 11:36:04";65
"2018-06-29 11:46:05";65
"2018-06-29 11:56:05";67
"2018-06-29 12:06:04";67
"2018-06-29 12:16:05";67
"2018-06-29 12:26:04";68
"2018-06-29 12:36:05";68
"2018-06-29 12:46:05";68
"2018-06-29 12:56:10";68
"2018-06-29 13:06:05";68
"2018-06-29 13:16:05";68
"2018-06-29 13:26:05";68
"2018-06-29 13:36:04";68
"2018-06-29 13:46:04";68
"2018-06-29 13:56:21";67
"2018-06-29 14:06:04";67
"2018-06-29 14:26:04";66
"2018-06-29 14:36:05";66
"2018-06-29 14:46:04";66
"2018-06-29 14:56:15";66
"2018-06-29 15:06:05";66
"2018-06-29 15:16:05";66
"2018-06-29 15:26:05";68
"2018-06-29 15:36:04";68
"2018-06-29 15:46:05";68
"2018-06-29 15:56:05";69
"2018-06-29 16:06:04";69
"2018-06-29 16:16:05";69
"2018-06-29 16:26:05";70
"2018-06-29 16:36:04";70
"2018-06-29 16:46:05";70
"2018-06-29 16:56:05";69
"2018-06-29 17:06:05";69
"2018-06-29 17:16:05";69
"2018-06-29 17:26:05";70
"2018-06-29 17:36:05";70
"2018-06-29 17:46:05";70
"2018-06-29 17:56:05";72
"2018-06-29 18:06:04";72
"2018-06-29 18:16:04";72
"2018-06-29 18:26:05";71
"2018-06-29 18:36:04";71
"2018-06-29 18:46:04";71
"2018-06-29 18:56:05";72
"2018-06-29 19:16:05";72
"2018-06-29 19:26:05";69
"2018-06-29 19:36:04";69
"2018-06-29 19:46:05";73
"2018-06-29 19:56:05";73
"2018-06-29 20:06:04";73
"2018-06-29 20:16:04";73
"2018-06-29 20:26:05";71
"2018-06-29 20:36:05";71
"2018-06-29 20:46:05";71
"2018-06-29 20:56:10";73
"2018-06-29 21:06:05";73
"2018-06-29 21:16:05";73
"2018-06-29 21:26:05";73
"2018-06-29 21:36:05";73
"2018-06-29 21:46:05";73
"2018-06-29 21:56:04";73
"2018-06-29 22:06:08";73
"2018-06-29 22:16:06";73
"2018-06-29 22:26:06";71
"2018-06-29 22:36:04";71
"2018-06-29 22:46:05";71
"2018-06-29 22:56:10";73
"2018-06-29 23:06:05";73
"2018-06-29 23:16:05";73
"2018-06-29 23:26:04";73
"2018-06-29 23:36:05";73
"2018-06-29 23:46:04";73
"2018-06-30 00:06:06";73
"2018-06-30 00:16:05";73
"2018-06-30 00:26:05";73
"2018-06-30 00:36:05";73
"2018-06-30 00:46:06";73
"2018-06-30 00:56:05";76
"2018-06-30 01:06:04";76
"2018-06-30 01:16:04";76
"2018-06-30 01:26:05";73
"2018-06-30 01:36:04";73
"2018-06-30 01:46:05";73
"2018-06-30 01:56:05";71
"2018-06-30 02:06:05";71
"2018-06-30 02:16:05";71
"2018-06-30 02:26:05";73
"2018-06-30 02:36:05";73
"2018-06-30 02:46:05";73
"2018-06-30 02:56:04";71
"2018-06-30 03:06:09";71
"2018-06-30 03:16:05";71
"2018-06-30 03:26:04";71
"2018-06-30 03:36:05";71
"2018-06-30 03:46:04";71
"2018-06-30 03:56:10";71
"2018-06-30 04:06:05";71
"2018-06-30 04:16:05";71
"2018-06-30 04:26:05";71
"2018-06-30 04:36:05";71
"2018-06-30 04:46:05";71
"2018-06-30 05:06:05";70
"2018-06-30 05:16:05";70
"2018-06-30 05:26:04";71
"2018-06-30 05:36:04";71
"2018-06-30 05:46:05";71
"2018-06-30 05:56:15";70
"2018-06-30 06:06:04";70
"2018-06-30 06:16:05";70
"2018-06-30 06:26:04";67
"2018-06-30 06:36:04";67
"2018-06-30 06:46:05";67
"2018-06-30 06:56:15";72
"2018-06-30 07:06:05";72
"2018-06-30 07:16:05";72
"2018-06-30 07:26:05";70
"2018-06-30 07:36:04";70
"2018-06-30 07:46:04";70
"2018-06-30 07:56:05";69
"2018-06-30 08:06:05";69
"2018-06-30 08:16:05";69
"2018-06-30 08:26:05";69
"2018-06-30 08:36:05";69
"2018-06-30 08:46:05";69
"2018-06-30 08:56:04";68
"2018-06-30 09:06:05";68
"2018-06-30 09:16:04";68
"2018-06-30 09:26:04";69
"2018-06-30 09:36:04";69
"2018-06-30 09:46:05";67
"2018-06-30 09:56:04";67
"2018-06-30 10:06:04";67
"2018-06-30 10:26:04";66
"2018-06-30 10:36:05";66
"2018-06-30 10:46:05";66
"2018-06-30 10:56:05";66
"2018-06-30 11:06:04";66
"2018-06-30 11:16:05";66
"2018-06-30 11:26:04";65
"2018-06-30 11:36:04";65
"2018-06-30 11:46:04";65
"2018-06-30 11:56:05";61
"2018-06-30 12:06:04";61
"2018-06-30 12:16:05";61
"2018-06-30 12:26:05";66
"2018-06-30 12:36:05";66
"2018-06-30 12:46:05";66
"2018-06-30 12:56:10";65
"2018-06-30 13:06:04";65
"2018-06-30 13:16:04";65
"2018-06-30 13:26:05";65
"2018-06-30 13:36:05";65
"2018-06-30 13:46:05";65
"2018-06-30 13:56:04";66
"2018-06-30 14:06:04";66
"2018-06-30 14:16:05";66
"2018-06-30 14:26:05";65
"2018-06-30 14:36:04";65
"2018-06-30 14:46:05";65
"2018-06-30 14:56:04";67
"2018-06-30 15:06:04";67
"2018-06-30 15:16:05";67
"2018-06-30 15:36:05";65
"2018-06-30 15:46:04";65
"2018-06-30 15:56:05";68
"2018-06-30 16:06:04";68
"2018-06-30 16:16:04";68
"2018-06-30 16:26:05";71
"2018-06-30 16:36:05";71
"2018-06-30 16:46:04";72
"2018-06-30 16:56:05";72
"2018-06-30 17:06:04";72
"2018-06-30 17:16:04";72
"2018-06-30 17:26:05";69
"2018-06-30 17:36:05";69
"2018-06-30 17:46:05";69
"2018-06-30 17:56:04";73
"2018-06-30 18:06:05";73
"2018-06-30 18:16:04";74
"2018-06-30 18:26:05";74
"2018-06-30 18:36:05";74
"2018-06-30 18:46:05";74
"2018-06-30 18:56:05";73
"2018-06-30 19:06:04";73
"2018-06-30 19:16:05";73
"2018-06-30 19:26:04";74
"2018-06-30 19:36:05";74
"2018-06-30 19:46:05";74
"2018-06-30 19:56:05";78
"2018-06-30 20:06:05";78
"2018-06-30 20:16:04";78
"2018-06-30 20:26:04";77
"2018-06-30 20:46:05";77
"2018-06-30 20:56:04";76
"2018-06-30 21:06:05";76
"2018-06-30 21:16:05";76
"2018-06-30 21:26:05";74
"2018-06-30 21:36:04";74
"2018-06-30 21:46:04";74
"2018-06-30 21:56:05";75
"2018-06-30 22:06:05";75
"2018-06-30 22:16:06";75
"2018-06-30 22:26:06";78
"2018-06-30 22:36:04";78
"2018-06-30 22:46:05";78
"2018-06-30 22:56:10";76
"2018-06-30 23:06:05";76
"2018-06-30 23:16:05";76
"2018-06-30 23:26:05";79
"2018-07-01 05:36:04";73
"2018-07-01 05:46:05";73
"2018-07-01 05:56:10";72
"2018-07-01 06:06:04";72
"2018-07-01 06:16:05";72
"2018-07-01 06:26:04";71
"2018-07-01 06:36:04";71
"2018-07-01 06:46:05";71
"2018-07-01 06:56:13";72
"2018-07-01 07:06:04";72
"2018-07-01 07:16:05";72
"2018-07-01 07:36:04";72
"2018-07-01 07:46:05";72
"2018-07-01 07:56:10";72
"2018-07-01 08:06:05";72
"2018-07-01 08:16:04";72
"2018-07-01 08:26:05";71
"2018-07-01 08:36:05";71
"2018-07-01 08:46:05";71
"2018-07-01 08:56:14";69
"2018-07-01 09:06:04";69
"2018-07-01 09:16:04";69
"2018-07-01 09:26:05";71
"2018-07-01 09:36:04";71
"2018-07-01 09:46:05";71
"2018-07-01 09:56:10";71
"2018-07-01 10:06:04";71
"2018-07-01 10:16:04";71
"2018-07-01 10:26:04";70
"2018-07-01 10:36:05";70
"2018-07-01 10:46:05";70
"2018-07-01 10:56:05";71
"2018-07-01 11:06:05";71
"2018-07-01 11:16:05";71
"2018-07-01 11:26:05";65
"2018-07-01 11:36:04";65
"2018-07-01 11:46:05";65
"2018-07-01 11:56:04";68
"2018-07-01 12:06:04";68
"2018-07-01 12:26:04";70
"2018-07-01 12:36:04";70
"2018-07-01 12:46:05";70
"2018-07-01 12:56:10";69
"2018-07-01 13:06:05";69
"2018-07-01 13:16:05";69
"2018-07-01 13:26:05";66
"2018-07-01 13:36:05";66
"2018-07-01 13:46:04";66
"2018-07-01 13:56:13";68
"2018-07-01 14:06:05";68
"2018-07-01 14:16:04";68
"2018-07-01 14:26:04";69
"2018-07-01 14:36:05";69
"2018-07-01 14:46:04";69
"2018-07-01 14:56:09";68
"2018-07-01 15:06:05";68
"2018-07-01 15:16:05";68
"2018-07-01 15:26:05";71
"2018-07-01 15:36:04";71
"2018-07-01 15:46:04";71
"2018-07-01 15:56:05";69
"2018-07-01 16:06:04";69
"2018-07-01 16:16:05";69
"2018-07-01 16:26:05";71
"2018-07-01 16:36:04";71
"2018-07-01 16:46:04";71
"2018-07-01 16:56:05";73
"2018-07-01 17:06:05";73
"2018-07-01 17:16:05";73
"2018-07-01 17:36:04";73
"2018-07-01 17:46:05";74
"2018-07-01 17:56:09";74
"2018-07-01 18:06:04";74
"2018-07-01 18:16:04";74
"2018-07-01 18:26:05";79
"2018-07-01 18:36:05";79
"2018-07-01 18:46:05";79
"2018-07-01 18:56:10";79
"2018-07-01 19:06:04";79
"2018-07-01 19:16:05";79
"2018-07-01 19:26:05";80
"2018-07-01 19:36:04";80
"2018-07-01 19:46:05";80
"2018-07-01 19:56:05";77
"2018-07-01 20:06:05";77
"2018-07-01 20:16:04";77
"2018-07-01 20:26:05";82
"2018-07-01 20:36:04";82
"2018-07-01 20:46:05";82
"2018-07-01 20:56:04";78
"2018-07-01 21:06:05";78
"2018-07-01 21:16:05";78
"2018-07-01 21:26:05";79
"2018-07-01 21:36:04";79
"2018-07-01 21:46:05";79
"2018-07-01 21:56:05";77
"2018-07-01 22:06:06";77
"2018-07-01 22:16:06";77
"2018-07-01 22:36:04";80
"2018-07-01 22:46:05";80
"2018-07-01 22:56:05";78
"2018-07-01 23:06:05";78
"2018-07-01 23:16:05";78
"2018-07-01 23:26:04";79
"2018-07-01 23:36:05";79
"2018-07-01 23:46:06";79
"2018-07-01 23:56:05";80
"2018-07-02 00:06:05";80
"2018-07-02 00:16:05";80
"2018-07-02 00:26:04";80
"2018-07-02 00:36:06";80
"2018-07-02 00:46:05";80
"2018-07-02 00:56:10";78
"2018-07-02 01:06:04";78
"2018-07-02 01:16:05";78
"2018-07-02 01:26:06";81
"2018-07-02 01:36:05";81
"2018-07-02 01:46:05";81
"2018-07-02 01:56:05";80
"2018-07-02 02:06:04";80
"2018-07-02 02:16:05";80
"2018-07-02 02:26:05";79
"2018-07-02 02:36:05";79
"2018-07-02 02:56:09";78
"2018-07-02 03:06:05";78
"2018-07-02 03:16:05";78
"2018-07-02 03:26:04";79
"2018-07-02 03:36:04";79
"2018-07-02 03:46:05";79
"2018-07-02 03:56:10";78
"2018-07-02 04:06:05";78
"2018-07-02 04:16:04";78
"2018-07-02 04:26:05";76
"2018-07-02 04:36:04";76
"2018-07-02 04:46:05";76
"2018-07-02 04:56:05";75
"2018-07-02 05:06:05";75
"2018-07-02 05:16:05";75
"2018-07-02 05:26:05";75
"2018-07-02 05:36:04";75
"2018-07-02 05:46:05";75
"2018-07-02 05:56:05";73
"2018-07-02 06:06:04";73
"2018-07-02 06:16:04";73
"2018-07-02 06:26:05";75
"2018-07-02 06:36:05";75
"2018-07-02 06:46:05";75
"2018-07-02 06:56:09";73
"2018-07-02 07:06:04";73
"2018-07-02 07:16:04";73
"2018-07-02 07:26:05";72
"2018-07-02 07:36:04";72
"2018-07-02 07:46:04";72
"2018-07-02 07:56:09";75
"2018-07-02 08:06:05";75
"2018-07-02 08:26:05";72
"2018-07-02 08:36:04";72
"2018-07-02 08:46:04";72
"2018-07-02 08:56:05";74
"2018-07-02 09:06:05";74
"2018-07-02 09:16:05";74
"2018-07-02 09:26:05";74
"2018-07-02 09:36:05";74
"2018-07-02 09:46:04";74
"2018-07-02 09:56:04";71
"2018-07-02 10:06:05";71
"2018-07-02 10:16:05";71
"2018-07-02 10:26:05";71
"2018-07-02 10:36:04";71
"2018-07-02 10:46:05";71
"2018-07-02 10:56:10";74
"2018-07-02 11:06:05";74
"2018-07-02 11:16:05";74
"2018-07-02 11:26:05";71
"2018-07-02 11:36:04";71
"2018-07-02 11:46:05";71
"2018-07-02 11:56:10";71
"2018-07-02 12:06:05";71
"2018-07-02 12:16:05";71
"2018-07-02 12:26:04";72
"2018-07-02 12:36:04";72
"2018-07-02 12:46:04";72
"2018-07-02 13:06:05";72
"2018-07-02 13:16:04";72
"2018-07-02 13:26:04";73
"2018-07-02 13:36:05";73
"2018-07-02 13:46:04";73
"2018-07-02 13:56:12";70
"2018-07-02 14:06:05";70
"2018-07-02 14:16:05";70
"2018-07-02 14:26:05";72
"2018-07-02 14:36:05";72
"2018-07-02 14:46:04";72
"2018-07-02 14:56:05";74
"2018-07-02 15:16:04";74
"2018-07-02 15:26:05";75
"2018-07-02 15:36:05";75
"2018-07-02 15:46:05";75
"2018-07-02 15:56:05";75
"2018-07-02 16:06:04";75
"2018-07-02 16:16:05";75
"2018-07-02 16:26:04";75
"2018-07-02 16:36:04";75
"2018-07-02 16:46:05";75
"2018-07-02 16:56:05";76
"2018-07-02 17:06:05";76
"2018-07-02 17:16:05";76
"2018-07-02 17:26:04";79
"2018-07-02 17:36:04";79
"2018-07-02 17:46:05";79
"2018-07-02 17:56:10";81
"2018-07-02 18:06:05";81
"2018-07-02 18:16:04";81
"2018-07-02 18:26:05";80
"2018-07-02 18:36:04";80
"2018-07-02 18:46:04";80
"2018-07-02 18:56:10";81
"2018-07-02 19:06:06";81
"2018-07-02 19:16:05";81
"2018-07-02 19:26:04";80
"2018-07-02 19:36:05";80
"2018-07-02 19:46:05";80
"2018-07-02 19:56:05";82
"2018-07-02 20:06:04";82
"2018-07-02 20:26:04";84
"2018-07-02 20:36:04";84
"2018-07-02 20:46:05";84
"2018-07-02 20:56:05";83
"2018-07-02 21:06:05";83
"2018-07-02 21:16:04";83
"2018-07-02 21:26:05";83
"2018-07-02 21:36:05";83
"2018-07-02 21:46:05";83
"2018-07-02 21:56:10";83
"2018-07-02 22:06:07";83
"2018-07-02 22:16:06";83
"2018-07-02 22:26:06";81
"2018-07-02 22:36:04";81
"2018-07-02 22:46:05";81
"2018-07-02 22:56:05";84
"2018-07-02 23:06:05";84
"2018-07-02 23:16:04";84
"2018-07-02 23:26:05";89
"2018-07-02 23:36:06";89
"2018-07-02 23:46:04";89
"2018-07-02 23:56:10";89
"2018-07-03 00:06:05";89
"2018-07-03 00:16:05";89
"2018-07-03 00:26:05";90
"2018-07-03 00:36:04";90
"2018-07-03 00:46:06";90
"2018-07-03 00:56:10";89
"2018-07-03 01:16:05";89
"2018-07-03 01:26:05";88
"2018-07-03 01:36:05";88
"2018-07-03 01:46:05";88
"2018-07-03 01:56:10";85
"2018-07-03 02:06:04";85
"2018-07-03 02:16:05";85
"2018-07-03 02:26:04";84
"2018-07-03 02:36:05";84
"2018-07-03 02:46:05";84
"2018-07-03 02:56:05";84
"2018-07-03 03:06:05";84
"2018-07-03 03:16:05";84
"2018-07-03 03:26:05";83
"2018-07-03 03:36:04";83
"2018-07-03 03:46:04";83
"2018-07-03 03:56:04";82
"2018-07-03 04:06:05";82
"2018-07-03 04:16:05";82
"2018-07-03 04:26:04";81
"2018-07-03 04:36:04";81
"2018-07-03 04:46:05";81
"2018-07-03 04:56:04";78
"2018-07-03 05:06:06";78
"2018-07-03 05:16:04";78
"2018-07-03 05:36:05";79
"2018-07-03 05:56:05";78
"2018-07-03 06:06:04";78
"2018-07-03 06:16:04";78
"2018-07-03 06:26:04";77
"2018-07-03 06:36:04";77
"2018-07-03 06:46:04";77
"2018-07-03 06:56:05";77
"2018-07-03 07:06:05";77
"2018-07-03 07:16:04";77
"2018-07-03 07:26:05";76
"2018-07-03 07:36:04";76
"2018-07-03 07:46:05";76
"2018-07-03 08:06:04";76
"2018-07-03 08:16:04";76
"2018-07-03 08:26:05";74
"2018-07-03 08:36:04";74
"2018-07-03 08:46:04";74
"2018-07-03 08:56:05";73
"2018-07-03 09:06:04";73
"2018-07-03 09:16:04";73
"2018-07-03 09:26:04";78
"2018-07-03 09:36:05";78
"2018-07-03 09:46:04";78
"2018-07-03 09:56:05";76
"2018-07-03 10:06:04";76
"2018-07-03 10:16:05";76
"2018-07-03 10:26:05";75
"2018-07-03 10:36:05";75
"2018-07-03 10:46:05";75
"2018-07-03 10:56:05";72
"2018-07-03 11:06:05";72
"2018-07-03 11:16:05";72
"2018-07-03 11:26:05";70
"2018-07-03 11:36:05";70
"2018-07-03 11:46:05";70
"2018-07-03 11:56:04";72
"2018-07-03 12:06:05";72
"2018-07-03 12:16:04";72
"2018-07-03 12:26:04";72
"2018-07-03 12:36:05";72
"2018-07-03 12:46:05";72
"2018-07-03 12:56:10";72
"2018-07-03 13:06:05";72
"2018-07-03 13:26:04";71
"2018-07-03 13:36:05";71
"2018-07-03 13:46:05";71
"2018-07-03 13:56:05";73
"2018-07-03 14:06:05";73
"2018-07-03 14:16:05";73
"2018-07-03 14:26:04";71
"2018-07-03 14:36:04";71
"2018-07-03 14:46:04";71
"2018-07-03 14:56:05";72
"2018-07-03 15:06:05";72
"2018-07-03 15:16:05";72
"2018-07-03 15:26:05";74
"2018-07-03 15:36:05";74
"2018-07-03 15:46:05";74
"2018-07-03 15:56:05";73
"2018-07-03 16:06:05";73
"2018-07-03 16:16:05";73
"2018-07-03 16:26:04";74
"2018-07-03 16:36:05";74
"2018-07-03 16:46:05";74
"2018-07-03 16:56:10";77
"2018-07-03 17:06:05";77
"2018-07-03 17:16:05";77
"2018-07-03 17:26:05";77
"2018-07-03 17:36:05";77
"2018-07-03 17:46:05";77
"2018-07-03 18:06:05";77
"2018-07-03 18:16:04";77
"2018-07-03 18:26:04";75
"2018-07-03 18:36:05";75
"2018-07-03 18:46:04";75
"2018-07-03 18:56:05";77
"2018-07-03 19:06:05";77
"2018-07-03 19:16:04";77
"2018-07-03 19:26:04";75
"2018-07-03 19:36:05";75
"2018-07-03 19:46:05";75
"2018-07-03 19:56:05";77
"2018-07-03 20:06:05";77
"2018-07-03 20:16:05";77
"2018-07-03 20:26:04";77
"2018-07-03 20:36:04";77
"2018-07-03 20:46:05";77
"2018-07-03 20:56:10";77
"2018-07-03 21:06:05";77
"2018-07-03 21:16:05";77
"2018-07-03 21:26:04";78
"2018-07-03 21:36:04";78
"2018-07-03 21:46:04";78
"2018-07-03 21:56:05";79
"2018-07-03 22:06:08";79
"2018-07-03 22:16:06";79
"2018-07-03 22:26:06";79
"2018-07-03 22:36:05";79
"2018-07-03 22:46:04";79
"2018-07-03 22:56:05";87
"2018-07-03 23:16:04";87
"2018-07-03 23:26:05";86
"2018-07-03 23:36:06";86
"2018-07-03 23:46:05";86
"2018-07-03 23:56:10";90
"2018-07-04 00:06:06";90
"2018-07-04 00:16:05";90
"2018-07-04 00:26:05";89
"2018-07-04 00:36:05";89
"2018-07-04 00:46:06";89
"2018-07-04 00:56:05";87
"2018-07-04 01:06:05";87
"2018-07-04 01:16:05";87
"2018-07-04 01:26:04";87
"2018-07-04 01:36:04";87
"2018-07-04 01:46:05";87
"2018-07-04 01:56:05";84
"2018-07-04 02:06:04";84
"2018-07-04 02:16:04";84
"2018-07-04 02:26:04";84
"2018-07-04 02:36:04";84
"2018-07-04 02:46:05";84
"2018-07-04 02:56:04";82
"2018-07-04 03:06:04";82
"2018-07-04 03:16:04";82
"2018-07-04 03:26:05";79
"2018-07-04 03:46:04";79
"2018-07-04 03:56:04";80
"2018-07-04 04:06:04";80
"2018-07-04 04:16:04";80
"2018-07-04 04:26:05";80
"2018-07-04 04:36:04";80
"2018-07-04 04:46:05";80
"2018-07-04 04:56:05";78
"2018-07-04 05:06:05";78
"2018-07-04 05:16:05";78
"2018-07-04 05:26:05";76
"2018-07-04 05:36:05";76
"2018-07-04 05:46:05";76
"2018-07-04 05:56:05";77
"2018-07-04 06:06:04";77
"2018-07-04 06:16:04";77
"2018-07-04 06:26:05";75
"2018-07-04 06:36:05";75
"2018-07-04 06:46:05";75
"2018-07-04 06:56:05";74
"2018-07-04 07:06:04";74
"2018-07-04 07:16:04";74
"2018-07-04 07:26:05";74
"2018-07-04 07:36:04";74
"2018-07-04 07:46:05";74
"2018-07-04 07:56:05";73
"2018-07-04 08:06:04";73
"2018-07-04 08:16:05";73
"2018-07-04 08:26:05";71
"2018-07-04 08:36:05";71
"2018-07-04 08:46:05";71
"2018-07-04 08:56:10";74
"2018-07-04 09:16:04";74
"2018-07-04 09:26:04";72
"2018-07-04 09:36:04";72
"2018-07-04 09:46:04";72
"2018-07-04 09:56:09";72
"2018-07-04 10:06:04";72
"2018-07-04 10:16:05";72
"2018-07-04 10:26:05";70
"2018-07-04 10:36:04";70
"2018-07-04 10:46:05";70
"2018-07-04 10:56:04";69
"2018-07-04 11:06:04";69
"2018-07-04 11:16:05";69
"2018-07-04 11:26:05";68
"2018-07-04 11:36:05";68
"2018-07-04 11:46:05";68
"2018-07-04 11:56:05";69
"2018-07-04 12:06:04";69
"2018-07-04 12:16:05";69
"2018-07-04 12:26:05";68
"2018-07-04 12:36:04";68
"2018-07-04 12:46:05";68
"2018-07-04 12:56:10";65
"2018-07-04 13:06:04";65
"2018-07-04 13:16:05";65
"2018-07-04 13:26:05";71
"2018-07-04 13:36:04";71
"2018-07-04 13:46:05";71
"2018-07-04 13:56:09";71
"2018-07-04 14:06:05";71
"2018-07-04 14:16:05";71
"2018-07-04 14:26:05";68
"2018-07-04 14:46:04";68
"2018-07-04 14:56:05";69
"2018-07-04 15:06:05";69
"2018-07-04 15:16:05";69
"2018-07-04 15:26:05";69
"2018-07-04 15:36:04";70
"2018-07-04 15:46:05";70
"2018-07-04 15:56:10";70
"2018-07-04 16:06:05";70
"2018-07-04 16:16:05";70
"2018-07-04 16:26:05";70
"2018-07-04 16:36:04";70
"2018-07-04 16:46:05";70
"2018-07-04 16:56:09";71
"2018-07-04 17:06:05";71
"2018-07-04 17:16:04";71
"2018-07-04 17:26:04";70
"2018-07-04 17:36:05";70
"2018-07-04 17:46:05";70
"2018-07-04 17:56:05";71
"2018-07-04 18:06:05";71
"2018-07-04 18:16:05";71
"2018-07-04 18:26:05";71
"2018-07-04 18:36:04";71
"2018-07-04 18:46:05";71
"2018-07-04 18:56:10";72
"2018-07-04 19:06:05";72
"2018-07-04 19:16:04";72
"2018-07-04 19:26:05";70
"2018-07-04 19:36:05";70
"2018-07-04 19:46:05";70
"2018-07-04 20:06:06";71
"2018-07-04 20:16:05";71
"2018-07-04 20:26:04";72
"2018-07-04 20:36:05";72
"2018-07-04 20:46:05";72
"2018-07-04 20:56:04";71
"2018-07-04 21:06:05";71
"2018-07-04 21:16:04";71
"2018-07-04 21:26:05";70
"2018-07-04 21:36:04";70
"2018-07-04 21:46:05";70
"2018-07-04 21:56:05";71
"2018-07-04 22:06:07";71
"2018-07-04 22:16:06";71
"2018-07-04 22:26:06";73
"2018-07-04 22:36:05";73
"2018-07-04 22:46:04";73
"2018-07-04 22:56:05";72
"2018-07-04 23:06:05";72
"2018-07-04 23:16:05";72
"2018-07-04 23:26:04";73
"2018-07-04 23:36:05";73
"2018-07-04 23:46:05";73
"2018-07-04 23:56:06";70
"2018-07-05 00:06:06";70
"2018-07-05 00:16:05";70
"2018-07-05 00:26:05";73
"2018-07-05 00:36:05";73
"2018-07-05 00:46:05";73
"2018-07-05 01:06:05";74
"2018-07-05 01:16:05";74
"2018-07-05 01:26:05";72
"2018-07-05 01:36:05";72
"2018-07-05 01:46:04";72
"2018-07-05 01:56:05";75
"2018-07-05 02:06:05";75
"2018-07-05 02:16:05";75
"2018-07-05 02:26:04";73
"2018-07-05 02:36:05";73
"2018-07-05 02:46:05";73
"2018-07-05 02:56:04";73
"2018-07-05 03:06:04";73
"2018-07-05 03:16:05";73
"2018-07-05 03:26:05";76
"2018-07-05 03:36:05";76
"2018-07-05 03:46:04";76
"2018-07-05 03:56:09";72
"2018-07-05 04:06:05";72
"2018-07-05 04:16:04";72
"2018-07-05 04:26:04";72
"2018-07-05 04:36:05";72
"2018-07-05 04:46:05";72
"2018-07-05 04:56:05";70
"2018-07-05 05:16:04";70
"2018-07-05 05:26:04";68
"2018-07-05 05:36:04";68
"2018-07-05 05:46:05";68
"2018-07-05 05:56:10";73
"2018-07-05 06:06:04";73
"2018-07-05 06:16:05";73
"2018-07-05 06:26:04";74
"2018-07-05 06:36:04";74
"2018-07-05 06:46:05";74
"2018-07-05 06:56:04";71
"2018-07-05 07:06:04";71
"2018-07-05 07:16:05";71
"2018-07-05 07:26:05";71
"2018-07-05 07:36:04";71
"2018-07-05 07:46:04";71
"2018-07-05 07:56:10";69
"2018-07-05 08:06:04";69
"2018-07-05 08:16:05";69
"2018-07-05 08:26:05";69
"2018-07-05 08:36:04";69
"2018-07-05 08:46:05";69
"2018-07-05 08:56:10";68
"2018-07-05 09:06:04";68
"2018-07-05 09:16:04";68
"2018-07-05 09:26:04";71
"2018-07-05 09:36:05";71
"2018-07-05 09:46:04";71
"2018-07-05 09:56:10";66
"2018-07-05 10:06:04";66
"2018-07-05 10:16:05";66
"2018-07-05 10:36:05";68
"2018-07-05 10:46:05";68
"2018-07-05 10:56:05";68
"2018-07-05 11:06:05";68
"2018-07-05 11:16:05";68
"2018-07-05 11:26:05";68
"2018-07-05 11:36:04";68
"2018-07-05 11:46:05";68
"2018-07-05 11:56:05";66
"2018-07-05 12:06:04";66
"2018-07-05 12:16:05";66
"2018-07-05 12:26:05";69
"2018-07-05 12:36:05";69
"2018-07-05 12:46:04";69
"2018-07-05 12:56:09";65
"2018-07-05 13:06:04";65
"2018-07-05 13:16:05";65
"2018-07-05 13:26:04";67
"2018-07-05 13:36:04";67
"2018-07-05 13:46:04";67
"2018-07-05 13:56:18";65
"2018-07-05 14:06:05";65
"2018-07-05 14:16:05";65
"2018-07-05 14:26:05";66
"2018-07-05 14:36:05";66
"2018-07-05 14:46:05";66
"2018-07-05 14:56:10";65
"2018-07-05 15:06:04";65
"2018-07-05 15:16:05";65
"2018-07-05 15:26:05";65
"2018-07-05 15:46:05";65
"2018-07-05 15:56:15";63
"2018-07-05 16:06:05";63
"2018-07-05 16:16:04";63
"2018-07-05 16:26:05";64
"2018-07-05 16:36:05";64
"2018-07-05 16:46:05";64
"2018-07-05 16:56:05";67
"2018-07-05 17:06:05";67
"2018-07-05 17:16:05";67
"2018-07-05 17:26:05";65
"2018-07-05 17:36:04";65
"2018-07-05 17:46:05";65
"2018-07-05 17:56:10";65
"2018-07-05 18:06:05";65
"2018-07-05 18:16:05";65
"2018-07-05 18:26:05";65
"2018-07-05 18:36:04";65
"2018-07-05 18:46:05";65
"2018-07-05 18:56:05";66
"2018-07-05 19:06:05";66
"2018-07-05 19:26:04";72
"2018-07-05 19:36:04";72
"2018-07-05 19:46:04";72
"2018-07-05 19:56:05";68
"2018-07-05 20:06:05";68
"2018-07-05 20:16:05";68
"2018-07-05 20:26:04";76
"2018-07-05 20:36:05";76
"2018-07-05 20:46:05";76
"2018-07-05 20:56:04";75
"2018-07-05 21:06:05";75
"2018-07-05 21:16:05";75
"2018-07-05 21:36:05";76
"2018-07-05 21:46:05";76
"2018-07-05 21:56:05";72
"2018-07-05 22:06:08";72
"2018-07-05 22:16:07";72
"2018-07-05 22:26:06";74
"2018-07-05 22:36:05";74
"2018-07-05 22:46:05";74
"2018-07-05 22:56:04";73
"2018-07-05 23:06:05";73
"2018-07-05 23:16:05";73
"2018-07-05 23:26:04";74
"2018-07-05 23:36:05";74
"2018-07-05 23:46:05";74
"2018-07-05 23:56:10";73
"2018-07-06 00:06:05";73
"2018-07-06 00:16:06";73
"2018-07-06 00:26:05";73
"2018-07-06 00:36:05";73
"2018-07-06 00:46:05";73
"2018-07-06 00:56:04";69
"2018-07-06 01:06:05";69
"2018-07-06 01:16:04";69
"2018-07-06 01:26:05";71
"2018-07-06 01:46:05";71
"2018-07-06 01:56:04";70
"2018-07-06 02:06:04";70
"2018-07-06 02:16:05";70
"2018-07-06 02:26:04";69
"2018-07-06 02:36:04";69
"2018-07-06 02:46:05";69
"2018-07-06 02:56:05";68
"2018-07-06 03:06:05";68
"2018-07-06 03:16:04";68
"2018-07-06 03:26:05";68
"2018-07-06 03:36:04";68
"2018-07-06 03:46:04";68
"2018-07-06 03:56:05";67
"2018-07-06 04:06:05";67
"2018-07-06 04:16:05";67
"2018-07-06 04:26:04";67
"2018-07-06 04:36:05";67
"2018-07-06 04:46:05";67
"2018-07-06 04:56:10";67
"2018-07-06 05:06:05";67
"2018-07-06 05:16:05";67
"2018-07-06 05:26:04";67
"2018-07-06 05:36:05";67
"2018-07-06 05:46:04";67
"2018-07-06 05:56:09";65
"2018-07-06 06:06:04";65
"2018-07-06 06:16:04";65
"2018-07-06 06:36:04";65
"2018-07-06 06:46:04";65
"2018-07-06 06:56:10";64
"2018-07-06 07:06:04";64
"2018-07-06 07:16:05";64
"2018-07-06 07:26:05";66
"2018-07-06 07:36:04";66
"2018-07-06 07:46:05";66
"2018-07-06 07:56:05";66
"2018-07-06 08:06:04";66
"2018-07-06 08:16:05";66
"2018-07-06 08:26:05";64
"2018-07-06 08:36:04";64
"2018-07-06 08:46:04";64
"2018-07-06 08:56:05";62
"2018-07-06 09:06:04";62
"2018-07-06 09:16:05";62
"2018-07-06 09:26:04";65
"2018-07-06 09:36:05";65
"2018-07-06 09:46:05";65
"2018-07-06 09:56:10";63
"2018-07-06 10:06:05";63
"2018-07-06 10:16:05";63
"2018-07-06 10:26:05";63
"2018-07-06 10:36:05";63
"2018-07-06 10:46:05";63
"2018-07-06 10:56:15";63
"2018-07-06 11:06:04";63
"2018-07-06 11:16:05";63
"2018-07-06 11:36:04";63
"2018-07-06 11:46:05";63
"2018-07-06 11:56:15";61
"2018-07-06 12:06:05";61
"2018-07-06 12:16:05";61
"2018-07-06 12:26:05";60
"2018-07-06 12:36:07";60
"2018-07-06 12:46:05";60
"2018-07-06 12:56:05";58
"2018-07-06 13:06:04";58
"2018-07-06 13:16:05";58
"2018-07-06 13:26:05";61
"2018-07-06 13:36:05";61
"2018-07-06 13:46:05";61
"2018-07-06 13:56:09";57
"2018-07-06 14:06:05";57
"2018-07-06 14:16:05";57
"2018-07-06 14:26:05";60
"2018-07-06 14:36:04";60
"2018-07-06 14:46:05";60
"2018-07-06 14:56:05";62
"2018-07-06 15:06:04";62
"2018-07-06 15:16:04";62
"2018-07-06 15:26:04";63
"2018-07-06 15:36:05";63
"2018-07-06 15:46:05";63
"2018-07-06 15:56:10";61
"2018-07-06 16:16:04";61
"2018-07-06 16:26:04";55
"2018-07-06 16:36:05";55
"2018-07-06 16:46:04";55
"2018-07-06 16:56:10";62
"2018-07-06 17:06:04";62
"2018-07-06 17:16:05";62
"2018-07-06 17:26:05";61
"2018-07-06 17:36:04";61
"2018-07-06 17:46:05";61
"2018-07-06 17:56:15";58
"2018-07-06 18:06:05";58
"2018-07-06 18:16:05";58
"2018-07-06 18:26:04";60
"2018-07-06 18:36:04";60
"2018-07-06 18:46:05";62
"2018-07-06 18:56:10";62
"2018-07-06 19:06:05";62
"2018-07-06 19:16:05";62
"2018-07-06 19:26:05";64
"2018-07-06 19:36:04";64
"2018-07-06 19:46:05";64
"2018-07-06 19:56:05";63
"2018-07-06 20:06:05";63
"2018-07-06 20:16:05";63
"2018-07-06 20:26:05";64
"2018-07-06 20:36:04";64
"2018-07-06 20:46:05";64
"2018-07-06 20:56:09";64
"2018-07-06 21:16:04";64
"2018-07-06 21:26:05";64
"2018-07-06 21:36:05";64
"2018-07-06 21:46:05";64
"2018-07-06 21:56:10";66
"2018-07-06 22:06:07";66
"2018-07-06 22:16:07";66
"2018-07-06 22:26:06";64
"2018-07-06 22:36:05";64
"2018-07-06 22:46:05";64
"2018-07-06 22:56:05";65
"2018-07-06 23:06:05";65
"2018-07-06 23:16:05";65
"2018-07-06 23:26:04";63
"2018-07-06 23:36:05";63
"2018-07-06 23:46:05";63
"2018-07-06 23:56:11";64
"2018-07-07 00:06:07";64
"2018-07-07 00:16:05";64
"2018-07-07 00:26:05";64
"2018-07-07 00:36:05";64
"2018-07-07 00:46:06";64
"2018-07-07 00:56:10";63
"2018-07-07 01:06:05";63
"2018-07-07 01:16:05";63
"2018-07-07 01:26:05";64
"2018-07-07 01:36:04";64
"2018-07-07 01:56:05";63
"2018-07-07 02:06:04";63
"2018-07-07 02:16:05";60
"2018-07-07 02:26:04";60
"2018-07-07 02:36:05";60
"2018-07-07 02:46:05";60
"2018-07-07 02:56:04";63
"2018-07-07 03:06:05";63
"2018-07-07 03:16:04";63
"2018-07-07 03:26:05";62
"2018-07-07 03:36:04";62
"2018-07-07 03:46:05";62
"2018-07-07 03:56:04";62
"2018-07-07 04:06:05";62
"2018-07-07 04:16:05";62
"2018-07-07 04:26:04";61
"2018-07-07 04:36:04";61
"2018-07-07 04:46:05";61
"2018-07-07 04:56:05";61
"2018-07-07 05:06:05";61
"2018-07-07 05:16:04";61
"2018-07-07 05:26:05";62
"2018-07-07 05:36:04";62
"2018-07-07 05:46:05";62
"2018-07-07 05:56:04";61
"2018-07-07 06:06:04";61
"2018-07-07 06:16:04";61
"2018-07-07 06:26:04";60
"2018-07-07 06:36:05";60
"2018-07-07 06:46:04";60
"2018-07-07 06:56:05";61
"2018-07-07 07:16:04";61
"2018-07-07 07:26:04";60
"2018-07-07 07:36:05";60
"2018-07-07 07:46:05";60
"2018-07-07 07:56:10";60
"2018-07-07 08:06:05";60
"2018-07-07 08:16:05";60
"2018-07-07 08:26:05";58
"2018-07-07 08:36:05";58
"2018-07-07 08:46:04";58
"2018-07-07 08:56:10";60
"2018-07-07 09:06:04";60
"2018-07-07 09:16:05";60
"2018-07-07 09:26:05";60
"2018-07-07 09:36:04";60
"2018-07-07 09:46:05";60
"2018-07-07 09:56:05";60
"2018-07-07 10:06:04";60
"2018-07-07 10:16:04";60
"2018-07-07 10:26:05";61
"2018-07-07 10:36:05";61
"2018-07-07 10:46:05";61
"2018-07-07 10:56:04";58
"2018-07-07 11:06:04";58
"2018-07-07 11:16:04";58
"2018-07-07 11:26:05";56
"2018-07-07 11:36:04";56
"2018-07-07 11:46:05";56
"2018-07-07 12:06:04";58
"2018-07-07 12:16:05";58
"2018-07-07 12:26:04";57
"2018-07-07 12:36:04";57
"2018-07-07 12:46:04";57
"2018-07-07 12:56:09";58
"2018-07-07 13:06:05";58
"2018-07-07 13:16:04";58
"2018-07-07 13:26:04";58
"2018-07-07 13:36:05";58
"2018-07-07 13:46:05";58
"2018-07-07 13:56:10";57
"2018-07-07 14:06:04";57
"2018-07-07 14:16:04";57
"2018-07-07 14:26:04";57
"2018-07-07 14:36:04";57
"2018-07-07 14:46:05";57
"2018-07-07 14:56:05";56
"2018-07-07 15:06:05";56
"2018-07-07 15:16:05";56
"2018-07-07 15:26:05";58
"2018-07-07 15:36:04";58
"2018-07-07 15:46:05";58
"2018-07-07 15:56:05";57
"2018-07-07 16:06:05";57
"2018-07-07 16:16:05";57
"2018-07-07 16:26:05";58
"2018-07-07 16:36:05";58
"2018-07-07 16:46:05";58
"2018-07-07 17:06:04";56
"2018-07-07 17:16:05";56
"2018-07-07 17:26:04";58
"2018-07-07 17:36:04";58
"2018-07-07 17:46:05";58
"2018-07-07 17:56:05";60
"2018-07-07 18:06:05";60
"2018-07-07 18:16:04";60
"2018-07-07 18:26:05";60
"2018-07-07 18:36:05";60
"2018-07-07 18:46:05";60
"2018-07-07 18:56:04";62
"2018-07-07 19:06:05";62
"2018-07-07 19:16:04";62
"2018-07-07 19:26:05";60
"2018-07-07 19:36:05";60
"2018-07-07 19:46:05";60
"2018-07-07 19:56:05";58
"2018-07-07 20:06:04";58
"2018-07-07 20:16:05";58
"2018-07-07 20:26:05";61
"2018-07-07 20:36:05";61
"2018-07-07 20:46:05";61
"2018-07-07 21:06:05";60
"2018-07-07 21:16:05";60
"2018-07-07 21:26:05";62
"2018-07-07 21:36:05";62
"2018-07-07 21:46:05";62
"2018-07-07 21:56:04";63
"2018-07-07 22:06:05";63
"2018-07-07 22:16:06";63
"2018-07-07 22:26:05";63
"2018-07-07 22:36:05";63
"2018-07-07 22:46:05";63
"2018-07-07 22:56:10";63
"2018-07-07 23:06:05";63
"2018-07-07 23:16:05";63
"2018-07-07 23:26:04";63
"2018-07-08 00:26:05";60
"2018-07-08 00:36:05";63
"2018-07-08 00:46:06";63
"2018-07-08 00:56:05";61
"2018-07-08 01:06:04";61
"2018-07-08 01:26:05";61
"2018-07-08 01:36:05";61
"2018-07-08 01:46:04";61
"2018-07-08 01:56:10";61
"2018-07-08 02:06:04";61
"2018-07-08 02:16:05";61
"2018-07-08 02:26:05";60
"2018-07-08 02:36:05";60
"2018-07-08 02:46:05";60
"2018-07-08 02:56:10";60
"2018-07-08 03:06:04";60
"2018-07-08 03:16:05";60
"2018-07-08 03:26:05";60
"2018-07-08 03:36:04";60
"2018-07-08 03:46:05";60
"2018-07-08 03:56:04";61
"2018-07-08 04:06:04";61
"2018-07-08 04:16:04";61
"2018-07-08 04:26:04";60
"2018-07-08 04:36:04";60
"2018-07-08 04:46:05";60
"2018-07-08 04:56:05";60
"2018-07-08 05:06:05";60
"2018-07-08 05:16:05";60
"2018-07-08 05:26:04";58
"2018-07-08 05:36:04";58
"2018-07-08 05:46:05";58
"2018-07-08 06:06:05";60
"2018-07-08 06:16:04";60
"2018-07-08 06:26:04";58
"2018-07-08 06:36:04";58
"2018-07-08 06:46:05";58
"2018-07-08 06:56:04";58
"2018-07-08 07:06:04";58
"2018-07-08 07:16:04";58
"2018-07-08 07:26:04";58
"2018-07-08 07:36:05";58
"2018-07-08 07:46:04";58
"2018-07-08 07:56:18";58
"2018-07-08 08:06:04";58
"2018-07-08 08:16:05";58
"2018-07-08 08:26:05";58
"2018-07-08 08:36:05";58
"2018-07-08 08:46:04";58
"2018-07-08 08:56:04";58
"2018-07-08 09:06:04";58
"2018-07-08 09:16:05";58
"2018-07-08 09:26:04";58
"2018-07-08 09:36:05";58
"2018-07-08 09:46:04";58
"2018-07-08 09:56:04";62
"2018-07-08 10:06:04";62
"2018-07-08 10:16:05";62
"2018-07-08 10:26:04";58
"2018-07-08 10:36:04";58
"2018-07-08 10:46:05";58
"2018-07-08 10:56:10";57
"2018-07-08 11:16:05";57
"2018-07-08 11:26:05";56
"2018-07-08 11:36:05";56
"2018-07-08 11:46:04";56
"2018-07-08 11:56:04";56
"2018-07-08 12:06:04";56
"2018-07-08 12:16:05";56
"2018-07-08 12:26:04";57
"2018-07-08 12:36:04";57
"2018-07-08 12:46:05";57
"2018-07-08 12:56:05";56
"2018-07-08 13:06:04";56
"2018-07-08 13:16:05";56
"2018-07-08 13:26:05";56
"2018-07-08 13:36:05";56
"2018-07-08 13:46:05";56
"2018-07-08 13:56:10";55
"2018-07-08 14:06:04";55
"2018-07-08 14:16:05";55
"2018-07-08 14:26:04";55
"2018-07-08 14:36:04";55
"2018-07-08 14:46:05";55
"2018-07-08 14:56:05";58
"2018-07-08 15:06:05";58
"2018-07-08 15:16:05";58
"2018-07-08 15:26:05";56
"2018-07-08 15:36:05";56
"2018-07-08 15:46:05";56
"2018-07-08 15:56:04";58
"2018-07-08 16:06:05";58
"2018-07-08 16:26:04";56
"2018-07-08 16:36:04";56
"2018-07-08 16:46:04";56
"2018-07-08 16:56:04";60
"2018-07-08 17:06:04";60
"2018-07-08 17:16:04";60
"2018-07-08 17:26:05";62
"2018-07-08 17:36:04";62
"2018-07-08 17:46:05";62
"2018-07-08 17:56:10";64
"2018-07-08 18:06:05";64
"2018-07-08 18:16:05";64
"2018-07-08 18:26:05";64
"2018-07-08 18:36:05";64
"2018-07-08 18:46:05";64
"2018-07-08 18:56:04";65
"2018-07-08 19:06:04";65
"2018-07-08 19:16:05";65
"2018-07-08 19:26:05";62
"2018-07-08 19:36:04";62
"2018-07-08 19:46:05";62
"2018-07-08 19:56:15";63
"2018-07-08 20:06:05";63
"2018-07-08 20:16:05";63
"2018-07-08 20:26:04";65
"2018-07-08 20:36:04";65
"2018-07-08 20:46:05";65
"2018-07-08 20:56:05";67
"2018-07-08 21:06:05";67
"2018-07-08 21:26:05";66
"2018-07-08 21:36:04";66
"2018-07-08 21:46:05";66
"2018-07-08 21:56:10";67
"2018-07-08 22:06:07";67
"2018-07-08 22:16:06";67
"2018-07-08 22:26:06";68
"2018-07-08 22:36:04";68
"2018-07-08 22:46:04";68
"2018-07-08 22:56:10";66
"2018-07-08 23:06:05";66
"2018-07-08 23:16:04";66
"2018-07-08 23:26:05";67
"2018-07-08 23:36:06";67
"2018-07-08 23:46:05";67
"2018-07-08 23:56:11";67
"2018-07-09 00:06:05";67
"2018-07-09 00:16:05";67
"2018-07-09 00:26:04";67
"2018-07-09 00:36:06";67
"2018-07-09 00:46:06";67
"2018-07-09 00:56:13";65
"2018-07-09 01:06:05";65
"2018-07-09 01:26:05";65
"2018-07-09 01:36:05";65
"2018-07-09 01:46:05";65
"2018-07-09 01:56:10";65
"2018-07-09 02:06:05";65
"2018-07-09 02:16:05";65
"2018-07-09 02:26:05";64
"2018-07-09 02:36:05";64
"2018-07-09 02:46:05";64
"2018-07-09 02:56:09";63
"2018-07-09 03:06:04";63
"2018-07-09 03:16:05";63
"2018-07-09 03:26:04";63
"2018-07-09 03:36:05";63
"2018-07-09 03:46:05";63
"2018-07-09 03:56:09";64
"2018-07-09 04:06:04";64
"2018-07-09 04:16:05";64
"2018-07-09 04:26:05";63
"2018-07-09 04:36:05";63
"2018-07-09 04:46:05";61
"2018-07-09 04:56:10";61
"2018-07-09 05:06:05";61
"2018-07-09 05:16:04";62
"2018-07-09 05:26:05";62
"2018-07-09 05:36:04";62
"2018-07-09 05:46:05";62
"2018-07-09 05:56:09";61
"2018-07-09 06:06:04";61
"2018-07-09 06:26:04";61
"2018-07-09 06:36:04";61
"2018-07-09 06:46:05";61
"2018-07-09 06:56:09";61
"2018-07-09 07:06:04";61
"2018-07-09 07:16:04";62
"2018-07-09 07:26:04";62
"2018-07-09 07:36:04";62
"2018-07-09 07:46:05";62
"2018-07-09 07:56:13";60
"2018-07-09 08:06:04";60
"2018-07-09 08:16:05";58
"2018-07-09 08:26:05";58
"2018-07-09 08:36:05";58
"2018-07-09 08:46:04";58
"2018-07-09 08:56:05";58
"2018-07-09 09:06:04";58
"2018-07-09 09:16:04";58
"2018-07-09 09:26:05";60
"2018-07-09 09:36:04";60
"2018-07-09 09:46:04";60
"2018-07-09 09:56:05";63
"2018-07-09 10:06:04";63
"2018-07-09 10:16:05";63
"2018-07-09 10:26:05";61
"2018-07-09 10:36:05";61
"2018-07-09 10:46:04";61
"2018-07-09 10:56:05";58
"2018-07-09 11:06:05";58
"2018-07-09 11:16:05";61
"2018-07-09 11:36:05";61
"2018-07-09 11:46:05";61
"2018-07-09 11:56:04";58
"2018-07-09 12:06:05";58
"2018-07-09 12:16:05";58
"2018-07-09 12:26:05";60
"2018-07-09 12:36:05";60
"2018-07-09 12:46:05";58
"2018-07-09 12:56:05";58
"2018-07-09 13:06:04";58
"2018-07-09 13:16:04";58
"2018-07-09 13:26:04";60
"2018-07-09 13:36:05";60
"2018-07-09 13:46:04";60
"2018-07-09 13:56:09";58
"2018-07-09 14:06:04";58
"2018-07-09 14:16:04";58
"2018-07-09 14:26:05";58
"2018-07-09 14:36:05";58
"2018-07-09 14:46:04";58
"2018-07-09 14:56:05";58
"2018-07-09 15:06:04";58
"2018-07-09 15:16:04";58
"2018-07-09 15:26:05";58
"2018-07-09 15:36:04";58
"2018-07-09 15:46:04";58
"2018-07-09 15:56:04";58
"2018-07-09 16:16:05";58
"2018-07-09 16:26:05";58
"2018-07-09 16:36:05";58
"2018-07-09 16:46:05";58
"2018-07-09 16:56:05";60
"2018-07-09 17:06:05";60
"2018-07-09 17:16:05";61
"2018-07-09 17:26:05";61
"2018-07-09 17:36:05";61
"2018-07-09 17:46:05";61
"2018-07-09 17:56:05";62
"2018-07-09 18:06:05";62
"2018-07-09 18:16:05";62
"2018-07-09 18:26:05";61
"2018-07-09 18:36:05";61
"2018-07-09 18:46:05";61
"2018-07-09 18:56:10";61
"2018-07-09 19:06:05";61
"2018-07-09 19:16:05";61
"2018-07-09 19:26:05";60
"2018-07-09 19:36:05";60
"2018-07-09 19:46:04";60
"2018-07-09 19:56:10";62
"2018-07-09 20:06:05";62
"2018-07-09 20:16:04";62
"2018-07-09 20:26:05";63
"2018-07-09 20:36:05";63
"2018-07-09 20:46:05";64
"2018-07-09 20:56:05";64
"2018-07-09 21:16:05";63
"2018-07-09 21:26:04";63
"2018-07-09 21:36:04";63
"2018-07-09 21:46:04";63
"2018-07-09 21:56:10";64
"2018-07-09 22:06:07";64
"2018-07-09 22:16:06";64
"2018-07-09 22:26:05";64
"2018-07-09 22:36:05";64
"2018-07-09 22:46:04";64
"2018-07-09 22:56:05";64
"2018-07-09 23:06:05";64
"2018-07-09 23:16:04";64
"2018-07-09 23:26:05";62
"2018-07-09 23:36:06";62
"2018-07-09 23:46:05";62
"2018-07-09 23:56:16";63
"2018-07-10 00:06:06";63
"2018-07-10 00:16:05";63
"2018-07-10 00:26:05";64
"2018-07-10 00:36:05";64
"2018-07-10 00:46:06";64
"2018-07-10 00:56:10";63
"2018-07-10 01:06:05";63
"2018-07-10 01:16:05";63
"2018-07-10 01:26:05";62
"2018-07-10 01:46:06";62
"2018-07-10 01:56:05";62
"2018-07-10 02:06:04";62
"2018-07-10 02:16:05";62
"2018-07-10 02:26:04";64
"2018-07-10 02:36:05";64
"2018-07-10 02:46:05";64
"2018-07-10 02:56:10";61
"2018-07-10 03:06:05";61
"2018-07-10 03:16:05";61
"2018-07-10 03:26:05";61
"2018-07-10 03:36:04";61
"2018-07-10 03:46:05";61
"2018-07-10 03:56:10";61
"2018-07-10 04:06:04";61
"2018-07-10 04:16:04";61
"2018-07-10 04:26:05";61
"2018-07-10 04:36:04";61
"2018-07-10 04:46:05";61
"2018-07-10 04:56:05";60
"2018-07-10 05:06:05";60
"2018-07-10 05:16:05";60
"2018-07-10 05:26:04";58
"2018-07-10 05:36:05";58
"2018-07-10 05:46:05";58
"2018-07-10 05:56:05";61
"2018-07-10 06:06:04";61
"2018-07-10 06:26:04";58
"2018-07-10 06:36:04";58
"2018-07-10 06:46:04";58
"2018-07-10 06:56:04";60
"2018-07-10 07:06:05";60
"2018-07-10 07:16:05";60
"2018-07-10 07:26:04";58
"2018-07-10 07:36:04";58
"2018-07-10 07:46:05";58
"2018-07-10 07:56:10";58
"2018-07-10 08:06:05";58
"2018-07-10 08:16:05";58
"2018-07-10 08:26:04";58
"2018-07-10 08:36:05";58
"2018-07-10 08:46:05";58
"2018-07-10 08:56:04";56
"2018-07-10 09:06:05";56
"2018-07-10 09:16:05";56
"2018-07-10 09:26:04";58
"2018-07-10 09:36:04";58
"2018-07-10 09:46:04";58
"2018-07-10 09:56:09";58
"2018-07-10 10:06:05";58
"2018-07-10 10:16:04";58
"2018-07-10 10:26:05";60
"2018-07-10 10:36:05";60
"2018-07-10 10:56:14";58
"2018-07-10 11:06:05";58
"2018-07-10 11:16:05";58
"2018-07-10 11:26:04";58
"2018-07-10 11:36:04";58
"2018-07-10 11:46:05";58
"2018-07-10 11:56:05";57
"2018-07-10 12:06:05";57
"2018-07-10 12:16:05";57
"2018-07-10 12:26:05";55
"2018-07-10 12:36:04";55
"2018-07-10 12:46:05";55
"2018-07-10 12:56:05";55
"2018-07-10 13:06:05";55
"2018-07-10 13:16:04";55
"2018-07-10 13:26:05";56
"2018-07-10 13:36:04";56
"2018-07-10 13:46:05";56
"2018-07-10 13:56:05";56
"2018-07-10 14:06:05";56
"2018-07-10 14:16:05";56
"2018-07-10 14:26:05";56
"2018-07-10 14:36:05";56
"2018-07-10 14:46:05";56
"2018-07-10 14:56:11";56
"2018-07-10 15:06:05";56
"2018-07-10 15:26:05";55
"2018-07-10 15:36:04";55
"2018-07-10 15:46:04";55
"2018-07-10 15:56:10";56
"2018-07-10 16:06:04";56
"2018-07-10 16:16:05";56
"2018-07-10 16:26:06";56
"2018-07-10 16:36:05";56
"2018-07-10 16:46:05";56
"2018-07-10 16:56:04";56
"2018-07-10 17:06:04";57
"2018-07-10 17:16:05";57
"2018-07-10 17:26:05";55
"2018-07-10 17:36:05";55
"2018-07-10 17:46:05";55
"2018-07-10 17:56:04";58
"2018-07-10 18:06:05";58
"2018-07-10 18:16:05";58
"2018-07-10 18:26:05";58
"2018-07-10 18:36:04";58
"2018-07-10 18:46:05";58
"2018-07-10 18:56:05";55
"2018-07-10 19:06:05";55
"2018-07-10 19:16:05";55
"2018-07-10 19:26:05";58
"2018-07-10 19:46:05";58
"2018-07-10 19:56:09";58
"2018-07-10 20:06:05";58
"2018-07-10 20:16:04";58
"2018-07-10 20:26:05";57
"2018-07-10 20:36:04";57
"2018-07-10 20:46:05";57
"2018-07-10 20:56:10";58
"2018-07-10 21:06:05";58
"2018-07-10 21:16:05";58
"2018-07-10 21:26:05";58
"2018-07-10 21:36:04";58
"2018-07-10 21:46:05";58
"2018-07-10 21:56:14";60
"2018-07-10 22:06:06";60
"2018-07-10 22:16:06";58
"2018-07-10 22:26:05";58
"2018-07-10 22:36:05";58
"2018-07-10 22:46:05";58
"2018-07-10 22:56:10";62
"2018-07-10 23:06:05";62
"2018-07-10 23:16:05";60
"2018-07-10 23:26:04";60
"2018-07-10 23:36:05";60
"2018-07-10 23:56:10";60
"2018-07-11 00:06:06";60
"2018-07-11 00:16:05";60
"2018-07-11 00:26:04";61
"2018-07-11 00:36:05";61
"2018-07-11 00:46:05";61
"2018-07-11 00:56:05";58
"2018-07-11 01:06:04";58
"2018-07-11 01:16:04";58
"2018-07-11 01:26:05";60
"2018-07-11 01:36:04";60
"2018-07-11 01:46:05";60
"2018-07-11 01:56:04";60
"2018-07-11 02:06:04";60
"2018-07-11 02:16:04";60
"2018-07-11 02:26:04";58
"2018-07-11 02:36:05";58
"2018-07-11 02:46:05";58
"2018-07-11 02:56:05";58
"2018-07-11 03:06:05";58
"2018-07-11 03:16:05";58
"2018-07-11 03:26:05";57
"2018-07-11 03:46:04";58
"2018-07-11 03:56:15";58
"2018-07-11 04:06:04";58
"2018-07-11 04:16:05";58
"2018-07-11 04:26:04";57
"2018-07-11 04:36:05";57
"2018-07-11 04:46:04";57
"2018-07-11 04:56:05";56
"2018-07-11 05:06:06";56
"2018-07-11 05:16:05";56
"2018-07-11 05:26:04";57
"2018-07-11 05:36:04";57
"2018-07-11 05:46:04";57
"2018-07-11 05:56:04";56
"2018-07-11 06:06:05";56
"2018-07-11 06:16:05";56
"2018-07-11 06:26:05";56
"2018-07-11 06:36:04";56
"2018-07-11 06:46:04";56
"2018-07-11 06:56:05";56
"2018-07-11 07:06:05";56
"2018-07-11 07:16:05";56
"2018-07-11 07:26:05";55
"2018-07-11 07:36:05";55
"2018-07-11 07:46:05";55
"2018-07-11 08:06:05";56
"2018-07-11 08:16:04";54
"2018-07-11 08:26:04";54
"2018-07-11 08:36:05";54
"2018-07-11 08:46:05";54
"2018-07-11 08:56:05";52
"2018-07-11 09:06:04";52
"2018-07-11 09:16:05";55
"2018-07-11 09:26:05";55
"2018-07-11 09:36:04";55
"2018-07-11 09:46:05";54
"2018-07-11 09:56:09";54
"2018-07-11 10:06:05";54
"2018-07-11 10:16:05";57
"2018-07-11 10:26:04";57
"2018-07-11 10:36:05";57
"2018-07-11 10:46:05";57
"2018-07-11 10:56:05";55
"2018-07-11 11:06:05";55
"2018-07-11 11:16:04";55
"2018-07-11 11:26:04";56
"2018-07-11 11:36:05";56
"2018-07-11 11:46:05";56
"2018-07-11 11:56:05";54
"2018-07-11 12:06:05";54
"2018-07-11 12:26:05";52
"2018-07-11 12:36:04";52
"2018-07-11 12:46:05";54
"2018-07-11 12:56:05";54
"2018-07-11 13:06:04";54
"2018-07-11 13:16:05";54
"2018-07-11 13:26:04";52
"2018-07-11 13:36:05";52
"2018-07-11 13:46:05";52
"2018-07-11 13:56:13";52
"2018-07-11 14:06:04";52
"2018-07-11 14:16:04";52
"2018-07-11 14:26:05";52
"2018-07-11 14:36:04";52
"2018-07-11 14:46:04";52
"2018-07-11 15:06:05";52
"2018-07-11 15:16:04";52
"2018-07-11 15:26:04";52
"2018-07-11 15:36:04";52
"2018-07-11 15:46:05";52
"2018-07-11 15:56:05";52
"2018-07-11 16:06:05";52
"2018-07-11 16:16:05";52
"2018-07-11 16:26:05";52
"2018-07-11 16:36:05";52
"2018-07-11 16:46:05";52
"2018-07-11 16:56:09";51
"2018-07-11 17:16:05";51
"2018-07-11 17:26:05";52
"2018-07-11 17:36:04";52
"2018-07-11 17:46:04";52
"2018-07-11 17:56:05";52
"2018-07-11 18:06:04";52
"2018-07-11 18:16:05";52
"2018-07-11 18:26:05";54
"2018-07-11 18:36:04";54
"2018-07-11 18:46:05";54
"2018-07-11 18:56:04";52
"2018-07-11 19:06:05";52
"2018-07-11 19:16:04";55
"2018-07-11 19:26:05";55
"2018-07-11 19:46:05";55
"2018-07-11 19:56:05";54
"2018-07-11 20:06:04";54
"2018-07-11 20:16:05";54
"2018-07-11 20:26:04";56
"2018-07-11 20:36:05";56
"2018-07-11 20:46:05";56
"2018-07-11 20:56:05";56
"2018-07-11 21:06:05";56
"2018-07-11 21:16:05";56
"2018-07-11 21:26:05";55
"2018-07-11 21:36:05";55
"2018-07-11 21:46:05";55
"2018-07-11 21:56:05";55
"2018-07-11 22:06:07";55
"2018-07-11 22:16:06";55
"2018-07-11 22:26:07";54
"2018-07-11 22:36:05";54
"2018-07-11 22:46:05";54
"2018-07-11 22:56:04";55
"2018-07-11 23:06:04";55
"2018-07-11 23:16:05";55
"2018-07-11 23:36:05";57
"2018-07-11 23:46:05";57
"2018-07-11 23:56:11";56
"2018-07-12 00:06:06";56
"2018-07-12 00:16:05";56
"2018-07-12 00:26:05";56
"2018-07-12 00:36:05";56
"2018-07-12 00:46:06";56
"2018-07-12 00:56:16";54
"2018-07-12 01:06:05";54
"2018-07-12 01:16:05";54
"2018-07-12 01:26:05";57
"2018-07-12 01:36:05";57
"2018-07-12 01:46:06";54
"2018-07-12 01:56:05";54
"2018-07-12 02:06:05";54
"2018-07-12 02:16:05";54
"2018-07-12 02:26:04";54
"2018-07-12 02:36:04";54
"2018-07-12 02:46:05";54
"2018-07-12 02:56:04";54
"2018-07-12 03:16:04";54
"2018-07-12 03:26:04";52
"2018-07-12 03:36:04";52
"2018-07-12 03:46:05";54
"2018-07-12 03:56:09";54
"2018-07-12 04:06:05";54
"2018-07-12 04:16:04";54
"2018-07-12 04:26:04";54
"2018-07-12 04:36:04";54
"2018-07-12 04:46:05";54
"2018-07-12 04:56:09";51
"2018-07-12 05:06:06";51
"2018-07-12 05:16:04";51
"2018-07-12 05:26:05";52
"2018-07-12 05:36:04";52
"2018-07-12 05:46:05";52
"2018-07-12 05:56:05";54
"2018-07-12 06:06:05";54
"2018-07-12 06:16:04";54
"2018-07-12 06:26:05";52
"2018-07-12 06:36:04";52
"2018-07-12 06:46:05";52
"2018-07-12 06:56:10";51
"2018-07-12 07:06:04";51
"2018-07-12 07:16:05";51
"2018-07-12 07:36:04";52
"2018-07-12 07:46:05";52
"2018-07-12 07:56:12";52
"2018-07-12 08:06:04";52
"2018-07-12 08:16:05";52
"2018-07-12 08:26:05";51
"2018-07-12 08:36:05";51
"2018-07-12 08:46:04";51
"2018-07-12 08:56:05";51
"2018-07-12 09:06:05";51
"2018-07-12 09:16:05";51
"2018-07-12 09:26:05";51
"2018-07-12 09:36:05";51
"2018-07-12 09:46:05";51
"2018-07-12 09:56:10";52
"2018-07-12 10:06:04";52
"2018-07-12 10:16:05";52
"2018-07-12 10:26:05";52
"2018-07-12 10:36:04";52
"2018-07-12 10:46:05";52
"2018-07-12 10:56:10";48
"2018-07-12 11:06:05";48
"2018-07-12 11:16:05";49
"2018-07-12 11:26:04";49
"2018-07-12 11:46:05";49
"2018-07-12 11:56:04";50
"2018-07-12 12:06:05";50
"2018-07-12 12:16:04";50
"2018-07-12 12:26:04";50
"2018-07-12 12:36:05";50
"2018-07-12 12:46:05";51
"2018-07-12 12:56:04";51
"2018-07-12 13:06:04";51
"2018-07-12 13:16:05";51
"2018-07-12 13:26:05";52
"2018-07-12 13:36:05";52
"2018-07-12 13:46:05";52
"2018-07-12 13:56:13";51
"2018-07-12 14:06:05";51
"2018-07-12 14:16:04";51
"2018-07-12 14:26:05";51
"2018-07-12 14:36:05";51
"2018-07-12 14:46:05";51
"2018-07-12 14:56:09";51
"2018-07-12 15:06:05";51
"2018-07-12 15:16:05";51
"2018-07-12 15:26:04";50
"2018-07-12 15:46:05";50
"2018-07-12 15:56:14";49
"2018-07-12 16:06:05";49
"2018-07-12 16:16:05";49
"2018-07-12 16:26:05";49
"2018-07-12 16:36:04";49
"2018-07-12 16:46:05";50
"2018-07-12 16:56:04";50
"2018-07-12 17:06:04";50
"2018-07-12 17:16:05";50
"2018-07-12 17:26:05";50
"2018-07-12 17:36:05";50
"2018-07-12 17:46:04";51
"2018-07-12 17:56:10";51
"2018-07-12 18:06:05";51
"2018-07-12 18:16:05";52
"2018-07-12 18:26:05";52
"2018-07-12 18:36:04";52
"2018-07-12 18:46:05";52
"2018-07-12 18:56:10";52
"2018-07-12 19:06:04";52
"2018-07-12 19:16:05";52
"2018-07-12 19:26:05";47
"2018-07-12 19:36:05";47
"2018-07-12 19:46:05";47
"2018-07-12 20:06:05";50
"2018-07-12 20:16:04";50
"2018-07-12 20:26:04";52
"2018-07-12 20:36:05";52
"2018-07-12 20:46:05";52
"2018-07-12 20:56:05";56
"2018-07-12 21:06:05";56
"2018-07-12 21:16:05";56
"2018-07-12 21:26:05";54
"2018-07-12 21:36:04";54
"2018-07-12 21:46:05";54
"2018-07-12 21:56:05";51
"2018-07-12 22:06:06";51
"2018-07-12 22:16:06";51
"2018-07-12 22:26:05";51
"2018-07-12 22:36:06";51
"2018-07-12 22:46:05";51
"2018-07-12 22:56:05";54
"2018-07-12 23:06:05";54
"2018-07-12 23:16:05";54
"2018-07-12 23:26:05";52
"2018-07-12 23:36:05";52
"2018-07-12 23:46:05";52
"2018-07-12 23:56:05";52
"2018-07-13 00:06:06";52
"2018-07-13 00:26:05";54
"2018-07-13 00:36:04";54
"2018-07-13 00:46:05";54
"2018-07-13 00:56:10";52
"2018-07-13 01:06:05";52
"2018-07-13 01:16:05";54
"2018-07-13 01:26:05";54
"2018-07-13 01:36:04";54
"2018-07-13 01:46:05";52
"2018-07-13 01:56:10";52
"2018-07-13 02:06:04";52
"2018-07-13 02:16:05";52
"2018-07-13 02:26:05";52
"2018-07-13 02:36:04";52
"2018-07-13 02:46:05";52
"2018-07-13 02:56:04";52
"2018-07-13 03:06:04";52
"2018-07-13 03:16:09";52
"2018-07-13 03:26:04";52
"2018-07-13 03:36:05";52
"2018-07-13 03:46:05";52
"2018-07-13 03:56:04";52
"2018-07-13 04:06:04";52
"2018-07-13 04:16:04";52
"2018-07-13 04:26:04";52
"2018-07-13 04:36:05";52
"2018-07-13 04:46:05";52
"2018-07-13 05:06:05";51
"2018-07-13 05:16:04";51
"2018-07-13 05:26:05";52
"2018-07-13 05:36:05";52
"2018-07-13 05:46:05";50
"2018-07-13 05:56:09";50
"2018-07-13 06:06:05";50
"2018-07-13 06:16:05";50
"2018-07-13 06:26:05";49
"2018-07-13 06:36:05";49
"2018-07-13 06:46:05";49
"2018-07-13 06:56:10";51
"2018-07-13 07:06:05";51
"2018-07-13 07:16:05";51
"2018-07-13 07:26:05";50
"2018-07-13 07:36:04";50
"2018-07-13 07:46:04";50
"2018-07-13 07:56:09";50
"2018-07-13 08:06:05";50
"2018-07-13 08:16:04";50
"2018-07-13 08:26:04";50
"2018-07-13 08:36:04";50
"2018-07-13 08:46:05";50
"2018-07-13 08:56:04";50
"2018-07-13 09:06:05";50
"2018-07-13 09:16:04";50
"2018-07-13 09:36:04";50
"2018-07-13 09:46:05";50
"2018-07-13 09:56:10";51
"2018-07-13 10:06:06";51
"2018-07-13 10:16:04";51
"2018-07-13 10:26:04";45
"2018-07-13 10:36:05";45
"2018-07-13 10:46:04";45
"2018-07-13 10:56:15";45
"2018-07-13 11:06:05";45
"2018-07-13 11:16:05";45
"2018-07-13 11:26:05";46
"2018-07-13 11:36:04";46
"2018-07-13 11:46:05";46
"2018-07-13 11:56:05";43
"2018-07-13 12:06:04";43
"2018-07-13 12:16:05";43
"2018-07-13 12:26:05";46
"2018-07-13 12:36:05";46
"2018-07-13 12:46:05";46
"2018-07-13 12:56:05";47
"2018-07-13 13:06:04";47
"2018-07-13 13:16:04";47
"2018-07-13 13:26:05";47
"2018-07-13 13:36:04";47
"2018-07-13 13:46:05";47
"2018-07-13 14:06:05";49
"2018-07-13 14:16:04";49
"2018-07-13 14:26:05";47
"2018-07-13 14:36:04";47
"2018-07-13 14:46:05";47
"2018-07-13 14:56:04";48
"2018-07-13 15:06:05";48
"2018-07-13 15:16:04";48
"2018-07-13 15:26:04";49
"2018-07-13 15:36:04";49
"2018-07-13 15:46:05";49
"2018-07-13 15:56:05";48
"2018-07-13 16:06:04";48
"2018-07-13 16:16:04";48
"2018-07-13 16:26:05";48
"2018-07-13 16:36:04";48
"2018-07-13 16:46:04";48
"2018-07-13 16:56:10";49
"2018-07-13 17:06:04";49
"2018-07-13 17:16:05";49
"2018-07-13 17:26:05";50
"2018-07-13 17:36:05";50
"2018-07-13 17:46:05";50
"2018-07-13 17:56:05";52
"2018-07-13 18:06:05";52
"2018-07-13 18:26:05";52
"2018-07-13 18:36:04";52
"2018-07-13 18:46:05";52
"2018-07-13 18:56:05";55
"2018-07-13 19:06:04";55
"2018-07-13 19:16:05";55
"2018-07-13 19:26:05";54
"2018-07-13 19:36:05";54
"2018-07-13 19:46:04";54
"2018-07-13 19:56:05";50
"2018-07-13 20:06:04";50
"2018-07-13 20:16:05";50
"2018-07-13 20:26:05";51
"2018-07-13 20:36:04";51
"2018-07-13 20:46:05";51
"2018-07-13 20:56:05";52
"2018-07-13 21:06:05";52
"2018-07-13 21:16:05";52
"2018-07-13 21:26:05";52
"2018-07-13 21:36:05";52
"2018-07-13 21:46:05";52
"2018-07-13 21:56:04";52
"2018-07-13 22:06:07";52
"2018-07-13 22:16:06";52
"2018-07-13 22:26:06";54
"2018-07-13 22:36:04";54
"2018-07-13 22:56:04";51
"2018-07-13 23:06:05";51
"2018-07-13 23:16:04";51
"2018-07-13 23:26:04";54
"2018-07-13 23:36:05";54
"2018-07-13 23:46:04";54
"2018-07-13 23:56:15";54
"2018-07-14 00:06:05";54
"2018-07-14 00:16:05";54
"2018-07-14 00:26:05";51
"2018-07-14 00:36:05";51
"2018-07-14 00:46:06";51
"2018-07-14 00:56:15";54
"2018-07-14 01:06:04";54
"2018-07-14 01:16:05";54
"2018-07-14 01:26:05";51
"2018-07-14 01:36:04";51
"2018-07-14 01:46:05";51
"2018-07-14 01:56:09";54
"2018-07-14 02:06:04";54
"2018-07-14 02:16:05";54
"2018-07-14 02:26:05";52
"2018-07-14 02:36:05";52
"2018-07-14 02:46:05";52
"2018-07-14 03:06:04";52
"2018-07-14 03:16:04";52
"2018-07-14 03:26:04";52
"2018-07-14 03:36:05";52
"2018-07-14 03:46:04";52
"2018-07-14 03:56:09";51
"2018-07-14 04:06:05";51
"2018-07-14 04:16:04";51
"2018-07-14 04:26:05";51
"2018-07-14 04:36:04";51
"2018-07-14 04:46:05";51
"2018-07-14 04:56:10";52
"2018-07-14 05:06:04";52
"2018-07-14 05:16:05";52
"2018-07-14 05:26:04";51
"2018-07-14 05:36:05";51
"2018-07-14 05:46:05";51
"2018-07-14 05:56:10";51
"2018-07-14 06:06:05";51
"2018-07-14 06:16:04";51
"2018-07-14 06:26:05";50
"2018-07-14 06:36:04";50
"2018-07-14 06:46:05";50
"2018-07-14 06:56:09";51
"2018-07-14 07:06:05";51
"2018-07-14 07:16:05";51
"2018-07-14 07:36:05";50
"2018-07-14 07:46:05";50
"2018-07-14 07:56:12";51
"2018-07-14 08:06:04";51
"2018-07-14 08:16:04";51
"2018-07-14 08:26:04";49
"2018-07-14 08:36:04";49
"2018-07-14 08:46:04";49
"2018-07-14 08:56:04";51
"2018-07-14 09:06:05";51
"2018-07-14 09:16:05";51
"2018-07-14 09:26:05";52
"2018-07-14 09:36:05";52
"2018-07-14 09:46:04";52
"2018-07-14 09:56:05";49
"2018-07-14 10:06:04";49
"2018-07-14 10:16:05";49
"2018-07-14 10:26:05";49
"2018-07-14 10:36:04";49
"2018-07-14 10:46:05";50
"2018-07-14 10:56:04";50
"2018-07-14 11:06:04";50
"2018-07-14 11:16:05";50
"2018-07-14 11:26:05";46
"2018-07-14 11:36:05";46
"2018-07-14 11:46:05";46
"2018-07-14 12:06:05";48
"2018-07-14 12:16:04";48
"2018-07-14 12:26:05";48
"2018-07-14 12:36:04";48
"2018-07-14 12:46:04";48
"2018-07-14 12:56:04";47
"2018-07-14 13:06:05";47
"2018-07-14 13:16:04";47
"2018-07-14 13:26:04";47
"2018-07-14 13:36:04";47
"2018-07-14 13:46:05";47
"2018-07-14 13:56:09";48
"2018-07-14 14:06:05";48
"2018-07-14 14:16:04";48
"2018-07-14 14:26:05";48
"2018-07-14 14:36:04";48
"2018-07-14 14:46:05";48
"2018-07-14 14:56:05";49
"2018-07-14 15:06:04";49
"2018-07-14 15:16:05";49
"2018-07-14 15:26:05";48
"2018-07-14 15:36:04";48
"2018-07-14 15:46:04";48
"2018-07-14 15:56:04";48
"2018-07-14 16:06:05";48
"2018-07-14 16:26:05";47
"2018-07-14 16:36:05";47
"2018-07-14 16:46:05";47
"2018-07-14 16:56:04";50
"2018-07-14 17:06:05";50
"2018-07-14 17:16:05";50
"2018-07-14 17:26:05";49
"2018-07-14 17:36:05";49
"2018-07-14 17:46:05";49
"2018-07-14 17:56:05";50
"2018-07-14 18:06:04";50
"2018-07-14 18:16:05";50
"2018-07-14 18:26:05";52
"2018-07-14 18:36:05";52
"2018-07-14 18:46:05";52
"2018-07-14 18:56:04";52
"2018-07-14 19:06:04";52
"2018-07-14 19:16:05";52
"2018-07-14 19:26:05";52
"2018-07-14 19:36:04";52
"2018-07-14 19:46:05";52
"2018-07-14 19:56:05";54
"2018-07-14 20:06:05";54
"2018-07-14 20:16:04";54
"2018-07-14 20:26:05";58
"2018-07-14 20:46:05";58
"2018-07-14 20:56:05";58
"2018-07-14 21:06:05";58
"2018-07-14 21:16:04";58
"2018-07-14 21:26:05";58
"2018-07-14 21:36:04";58
"2018-07-14 21:46:05";58
"2018-07-14 21:56:10";58
"2018-07-14 22:06:08";58
"2018-07-14 22:16:06";58
"2018-07-14 22:26:06";58
"2018-07-14 22:36:05";58
"2018-07-14 22:46:05";58
"2018-07-14 22:56:05";58
"2018-07-14 23:06:05";58
"2018-07-14 23:16:05";58
"2018-07-14 23:26:04";58
"2018-07-15 00:26:04";57
"2018-07-15 00:36:05";57
"2018-07-15 00:56:16";58
"2018-07-15 01:06:05";58
"2018-07-15 01:16:05";58
"2018-07-15 01:26:05";58
"2018-07-15 01:36:04";58
"2018-07-15 01:46:05";58
"2018-07-15 01:56:05";61
"2018-07-15 02:06:05";61
"2018-07-15 02:16:05";61
"2018-07-15 02:26:04";64
"2018-07-15 02:36:04";64
"2018-07-15 02:46:05";64
"2018-07-15 02:56:05";65
"2018-07-15 03:06:04";65
"2018-07-15 03:16:05";65
"2018-07-15 03:26:04";65
"2018-07-15 03:36:04";65
"2018-07-15 03:46:04";65
"2018-07-15 03:56:10";65
"2018-07-15 04:06:04";65
"2018-07-15 04:16:05";65
"2018-07-15 04:26:05";63
"2018-07-15 04:36:04";63
"2018-07-15 04:46:05";63
"2018-07-15 05:06:05";62
"2018-07-15 05:16:05";62
"2018-07-15 05:26:05";60
"2018-07-15 05:36:04";60
"2018-07-15 05:46:05";60
"2018-07-15 05:56:04";60
"2018-07-15 06:06:04";60
"2018-07-15 06:16:04";60
"2018-07-15 06:26:05";58
"2018-07-15 06:36:04";58
"2018-07-15 06:46:05";58
"2018-07-15 06:56:04";58
"2018-07-15 07:06:04";58
"2018-07-15 07:16:05";58
"2018-07-15 07:26:04";58
"2018-07-15 07:36:04";58
"2018-07-15 07:46:05";58
"2018-07-15 07:56:04";57
"2018-07-15 08:06:04";57
"2018-07-15 08:16:05";57
"2018-07-15 08:26:05";55
"2018-07-15 08:36:04";55
"2018-07-15 08:46:04";55
"2018-07-15 08:56:04";57
"2018-07-15 09:06:04";57
"2018-07-15 09:16:04";57
"2018-07-15 09:36:05";58
"2018-07-15 09:46:05";58
"2018-07-15 09:56:09";56
"2018-07-15 10:06:05";56
"2018-07-15 10:16:04";56
"2018-07-15 10:26:05";55
"2018-07-15 10:36:04";55
"2018-07-15 10:46:04";55
"2018-07-15 10:56:05";55
"2018-07-15 11:06:05";55
"2018-07-15 11:16:04";56
"2018-07-15 11:26:05";56
"2018-07-15 11:36:04";56
"2018-07-15 11:46:04";56
"2018-07-15 11:56:05";54
"2018-07-15 12:06:04";54
"2018-07-15 12:16:04";54
"2018-07-15 12:26:05";51
"2018-07-15 12:36:05";51
"2018-07-15 12:46:05";51
"2018-07-15 12:56:10";52
"2018-07-15 13:06:04";52
"2018-07-15 13:16:05";52
"2018-07-15 13:26:05";52
"2018-07-15 13:36:04";52
"2018-07-15 13:46:05";52
"2018-07-15 14:06:04";52
"2018-07-15 14:16:05";52
"2018-07-15 14:26:05";51
"2018-07-15 14:36:04";51
"2018-07-15 14:46:05";51
"2018-07-15 14:56:05";52
"2018-07-15 15:06:05";52
"2018-07-15 15:16:04";52
"2018-07-15 15:26:04";52
"2018-07-15 15:36:04";52
"2018-07-15 15:46:05";52
"2018-07-15 15:56:15";51
"2018-07-15 16:06:05";51
"2018-07-15 16:16:04";51
"2018-07-15 16:26:05";52
"2018-07-15 16:36:05";52
"2018-07-15 16:46:05";52
"2018-07-15 16:56:05";52
"2018-07-15 17:06:05";52
"2018-07-15 17:16:05";52
"2018-07-15 17:26:05";52
"2018-07-15 17:36:05";52
"2018-07-15 17:46:04";52
"2018-07-15 17:56:05";50
"2018-07-15 18:06:04";50
"2018-07-15 18:16:04";50
"2018-07-15 18:36:05";52
"2018-07-15 18:46:05";52
"2018-07-15 18:56:04";52
"2018-07-15 19:06:04";52
"2018-07-15 19:16:05";52
"2018-07-15 19:26:05";52
"2018-07-15 19:36:05";52
"2018-07-15 19:46:04";52
"2018-07-15 19:56:04";54
"2018-07-15 20:06:05";54
"2018-07-15 20:16:04";54
"2018-07-15 20:26:05";56
"2018-07-15 20:36:05";56
"2018-07-15 20:46:05";56
"2018-07-15 20:56:10";57
"2018-07-15 21:06:04";57
"2018-07-15 21:16:05";57
"2018-07-15 21:26:05";58
"2018-07-15 21:36:05";58
"2018-07-15 21:46:05";58
"2018-07-15 21:56:05";57
"2018-07-15 22:06:06";57
"2018-07-15 22:16:06";57
"2018-07-15 22:26:05";58
"2018-07-15 22:36:04";58
"2018-07-15 22:56:04";57
"2018-07-15 23:06:05";57
"2018-07-15 23:16:05";57
"2018-07-15 23:26:05";56
"2018-07-15 23:36:06";56
"2018-07-15 23:46:05";56
"2018-07-15 23:56:15";56
"2018-07-16 00:06:05";56
"2018-07-16 00:16:04";56
"2018-07-16 00:26:05";55
"2018-07-16 00:36:05";55
"2018-07-16 00:46:06";55
"2018-07-16 00:56:05";54
"2018-07-16 01:06:05";54
"2018-07-16 01:16:05";54
"2018-07-16 01:26:05";56
"2018-07-16 01:36:05";56
"2018-07-16 01:46:05";56
"2018-07-16 01:56:05";54
"2018-07-16 02:06:04";54
"2018-07-16 02:16:05";54
"2018-07-16 02:26:05";54
"2018-07-16 02:36:04";54
"2018-07-16 02:46:10";54
"2018-07-16 02:56:05";52
"2018-07-16 03:16:04";52
"2018-07-16 03:26:04";52
"2018-07-16 03:36:04";52
"2018-07-16 03:46:04";52
"2018-07-16 03:56:04";52
"2018-07-16 04:06:04";52
"2018-07-16 04:16:05";52
"2018-07-16 04:26:04";54
"2018-07-16 04:36:04";54
"2018-07-16 04:46:04";54
"2018-07-16 04:56:04";52
"2018-07-16 05:06:05";52
"2018-07-16 05:16:05";52
"2018-07-16 05:26:04";51
"2018-07-16 05:36:04";51
"2018-07-16 05:46:05";51
"2018-07-16 05:56:04";52
"2018-07-16 06:06:04";52
"2018-07-16 06:16:04";52
"2018-07-16 06:26:04";52
"2018-07-16 06:36:05";52
"2018-07-16 06:46:05";52
"2018-07-16 06:56:10";51
"2018-07-16 07:06:04";51
"2018-07-16 07:16:05";51
"2018-07-16 07:36:05";50
"2018-07-16 07:46:05";50
"2018-07-16 07:56:05";51
"2018-07-16 08:06:05";51
"2018-07-16 08:16:05";51
"2018-07-16 08:26:05";50
"2018-07-16 08:36:05";50
"2018-07-16 08:46:05";50
"2018-07-16 08:56:05";49
"2018-07-16 09:06:04";49
"2018-07-16 09:16:04";49
"2018-07-16 09:26:05";51
"2018-07-16 09:36:05";51
"2018-07-16 09:46:04";51
"2018-07-16 09:56:05";51
"2018-07-16 10:06:04";51
"2018-07-16 10:16:05";51
"2018-07-16 10:26:05";49
"2018-07-16 10:46:04";49
"2018-07-16 10:56:05";49
"2018-07-16 11:06:05";49
"2018-07-16 11:16:05";48
"2018-07-16 11:26:05";48
"2018-07-16 11:36:04";48
"2018-07-16 11:46:05";48
"2018-07-16 12:06:05";48
"2018-07-16 12:16:05";48
"2018-07-16 12:26:05";47
"2018-07-16 12:36:05";47
"2018-07-16 12:46:05";47
"2018-07-16 12:56:05";49
"2018-07-16 13:06:05";49
"2018-07-16 13:16:05";49
"2018-07-16 13:26:05";48
"2018-07-16 13:36:05";48
"2018-07-16 13:46:05";48
"2018-07-16 13:56:05";49
"2018-07-16 14:06:05";49
"2018-07-16 14:16:05";49
"2018-07-16 14:26:04";49
"2018-07-16 14:36:05";49
"2018-07-16 14:46:04";49
"2018-07-16 14:56:10";49
"2018-07-16 15:06:04";49
"2018-07-16 15:16:05";49
"2018-07-16 15:26:04";49
"2018-07-16 15:36:05";49
"2018-07-16 15:46:04";50
"2018-07-16 15:56:04";50
"2018-07-16 16:06:04";50
"2018-07-16 16:26:05";48
"2018-07-16 16:36:05";48
"2018-07-16 16:46:05";48
"2018-07-16 16:56:05";47
"2018-07-16 17:06:04";47
"2018-07-16 17:16:04";47
"2018-07-16 17:26:05";48
"2018-07-16 17:36:05";48
"2018-07-16 17:46:04";48
"2018-07-16 17:56:05";46
"2018-07-16 18:06:05";46
"2018-07-16 18:16:05";46
"2018-07-16 18:26:04";46
"2018-07-16 18:36:05";46
"2018-07-16 18:46:05";46
"2018-07-16 18:56:15";47
"2018-07-16 19:06:04";47
"2018-07-16 19:16:05";47
"2018-07-16 19:26:04";47
"2018-07-16 19:36:05";47
"2018-07-16 19:46:05";47
"2018-07-16 19:56:05";50
"2018-07-16 20:06:05";50
"2018-07-16 20:16:05";50
"2018-07-16 20:36:05";50
"2018-07-16 20:46:04";50
"2018-07-16 20:56:10";51
"2018-07-16 21:06:05";51
"2018-07-16 21:16:04";51
"2018-07-16 21:26:05";51
"2018-07-16 21:36:04";51
"2018-07-16 21:46:05";51
"2018-07-16 21:56:05";52
"2018-07-16 22:06:07";52
"2018-07-16 22:16:07";52
"2018-07-16 22:26:06";51
"2018-07-16 22:36:05";51
"2018-07-16 22:46:04";51
"2018-07-16 22:56:05";50
"2018-07-16 23:06:05";50
"2018-07-16 23:16:04";50
"2018-07-16 23:26:05";49
"2018-07-16 23:36:05";49
"2018-07-16 23:46:05";49
"2018-07-16 23:56:10";50
"2018-07-17 00:06:06";50
"2018-07-17 00:16:05";50
"2018-07-17 00:26:05";50
"2018-07-17 00:36:04";50
"2018-07-17 00:56:10";46
"2018-07-17 01:06:05";46
"2018-07-17 01:16:05";46
"2018-07-17 01:26:05";49
"2018-07-17 01:36:05";49
"2018-07-17 01:46:05";49
"2018-07-17 01:56:05";48
"2018-07-17 02:06:04";48
"2018-07-17 02:16:05";48
"2018-07-17 02:26:04";49
"2018-07-17 02:36:05";49
"2018-07-17 02:46:05";49
"2018-07-17 02:56:05";49
"2018-07-17 03:06:05";49
"2018-07-17 03:16:05";49
"2018-07-17 03:26:05";49
"2018-07-17 03:36:04";49
"2018-07-17 03:46:05";49
"2018-07-17 03:56:04";47
"2018-07-17 04:06:04";47
"2018-07-17 04:16:04";47
"2018-07-17 04:26:05";47
"2018-07-17 04:36:04";47
"2018-07-17 04:46:05";47
"2018-07-17 04:56:04";48
"2018-07-17 05:16:05";48
"2018-07-17 05:26:05";47
"2018-07-17 05:36:04";47
"2018-07-17 05:46:05";47
"2018-07-17 05:56:15";47
"2018-07-17 06:06:05";47
"2018-07-17 06:16:05";47
"2018-07-17 06:26:05";47
"2018-07-17 06:36:04";47
"2018-07-17 06:46:04";47
"2018-07-17 06:56:04";48
"2018-07-17 07:06:04";48
"2018-07-17 07:16:04";48
"2018-07-17 07:26:05";48
"2018-07-17 07:36:04";48
"2018-07-17 07:46:05";48
"2018-07-17 07:56:05";47
"2018-07-17 08:06:05";47
"2018-07-17 08:16:05";47
"2018-07-17 08:26:05";44
"2018-07-17 08:36:04";44
"2018-07-17 08:46:05";44
"2018-07-17 08:56:05";45
"2018-07-17 09:06:04";45
"2018-07-17 09:16:05";45
"2018-07-17 09:36:04";47
"2018-07-17 09:46:04";47
"2018-07-17 09:56:05";48
"2018-07-17 10:06:05";48
"2018-07-17 10:16:04";48
"2018-07-17 10:26:04";47
"2018-07-17 10:36:04";47
"2018-07-17 10:46:04";47
"2018-07-17 10:56:04";46
"2018-07-17 11:06:04";46
"2018-07-17 11:16:05";46
"2018-07-17 11:26:05";45
"2018-07-17 11:36:05";45
"2018-07-17 11:46:05";45
"2018-07-17 11:56:04";44
"2018-07-17 12:06:05";44
"2018-07-17 12:16:05";44
"2018-07-17 12:26:05";43
"2018-07-17 12:36:05";43
"2018-07-17 12:46:05";43
"2018-07-17 12:56:10";45
"2018-07-17 13:06:05";45
"2018-07-17 13:16:05";45
"2018-07-17 13:26:04";43
"2018-07-17 13:46:04";43
"2018-07-17 13:56:05";42
"2018-07-17 14:06:05";42
"2018-07-17 14:16:05";42
"2018-07-17 14:26:04";42
"2018-07-17 14:36:04";43
"2018-07-17 14:46:05";43
"2018-07-17 14:56:04";42
"2018-07-17 15:06:05";42
"2018-07-17 15:16:05";42
"2018-07-17 15:26:05";45
"2018-07-17 15:36:04";45
"2018-07-17 15:46:04";45
"2018-07-17 15:56:15";45
"2018-07-17 16:06:04";45
"2018-07-17 16:16:05";45
"2018-07-17 16:26:05";44
"2018-07-17 16:36:05";44
"2018-07-17 16:46:05";44
"2018-07-17 16:56:05";46
"2018-07-17 17:06:05";46
"2018-07-17 17:16:04";46
"2018-07-17 17:26:05";48
"2018-07-17 17:46:05";48
"2018-07-17 17:56:10";48
"2018-07-17 18:06:05";48
"2018-07-17 18:16:05";48
"2018-07-17 18:26:05";47
"2018-07-17 18:36:04";47
"2018-07-17 18:46:05";47
"2018-07-17 18:56:15";45
"2018-07-17 19:06:05";45
"2018-07-17 19:16:05";45
"2018-07-17 19:26:05";47
"2018-07-17 19:36:04";47
"2018-07-17 19:46:05";47
"2018-07-17 19:56:10";48
"2018-07-17 20:06:05";48
"2018-07-17 20:16:05";48
"2018-07-17 20:26:05";47
"2018-07-17 20:36:05";47
"2018-07-17 20:46:05";47
"2018-07-17 20:56:05";49
"2018-07-17 21:06:04";49
"2018-07-17 21:16:04";49
"2018-07-17 21:26:05";48
"2018-07-17 21:36:05";48
"2018-07-17 21:46:05";48
"2018-07-17 21:56:10";49
"2018-07-17 22:06:05";49
"2018-07-17 22:16:05";49
"2018-07-17 22:26:05";48
"2018-07-17 22:36:05";48
"2018-07-17 22:46:04";48
"2018-07-17 22:56:05";51
"2018-07-17 23:06:04";51
"2018-07-17 23:16:05";51
"2018-07-17 23:26:05";49
"2018-07-17 23:46:05";49
"2018-07-17 23:56:05";49
"2018-07-18 00:06:04";49
"2018-07-18 00:16:05";49
"2018-07-18 00:26:04";50
"2018-07-18 00:36:05";50
"2018-07-18 00:46:05";50
"2018-07-18 00:56:04";49
"2018-07-18 01:06:05";49
"2018-07-18 01:16:04";49
"2018-07-18 01:26:05";48
"2018-07-18 01:36:05";48
"2018-07-18 01:46:05";48
"2018-07-18 01:56:05";50
"2018-07-18 02:06:05";50
"2018-07-18 02:16:05";50
"2018-07-18 02:26:04";49
"2018-07-18 02:36:05";49
"2018-07-18 02:46:05";49
"2018-07-18 02:56:05";48
"2018-07-18 03:06:05";48
"2018-07-18 03:26:04";48
"2018-07-18 03:36:04";48
"2018-07-18 03:46:05";48
"2018-07-18 03:56:12";46
"2018-07-18 04:06:05";46
"2018-07-18 04:16:05";46
"2018-07-18 04:26:05";47
"2018-07-18 04:36:04";47
"2018-07-18 04:46:05";47
"2018-07-18 04:56:05";47
"2018-07-18 05:06:04";47
"2018-07-18 05:16:05";47
"2018-07-18 05:26:05";46
"2018-07-18 05:36:04";46
"2018-07-18 05:46:05";46
"2018-07-18 05:56:05";46
"2018-07-18 06:06:04";46
"2018-07-18 06:16:05";46
"2018-07-18 06:26:04";47
"2018-07-18 06:36:05";47
"2018-07-18 06:46:05";47
"2018-07-18 06:56:05";44
"2018-07-18 07:06:05";44
"2018-07-18 07:16:05";44
"2018-07-18 07:26:04";46
"2018-07-18 07:46:05";46
"2018-07-18 07:56:05";45
"2018-07-18 08:06:04";45
"2018-07-18 08:16:05";45
"2018-07-18 08:26:04";46
"2018-07-18 08:36:05";46
"2018-07-18 08:46:05";46
"2018-07-18 08:56:05";45
"2018-07-18 09:06:05";45
"2018-07-18 09:16:05";45
"2018-07-18 09:26:05";47
"2018-07-18 09:36:04";47
"2018-07-18 09:46:05";47
"2018-07-18 09:56:04";46
"2018-07-18 10:06:04";46
"2018-07-18 10:16:05";46
"2018-07-18 10:26:05";46
"2018-07-18 10:36:04";46
"2018-07-18 10:46:04";46
"2018-07-18 10:56:05";43
"2018-07-18 11:06:05";43
"2018-07-18 11:16:04";43
"2018-07-18 11:26:04";43
"2018-07-18 11:46:05";43
"2018-07-18 11:56:09";45
"2018-07-18 12:06:05";45
"2018-07-18 12:16:05";45
"2018-07-18 12:26:05";42
"2018-07-18 12:36:05";42
"2018-07-18 12:46:04";42
"2018-07-18 12:56:05";43
"2018-07-18 13:06:05";43
"2018-07-18 13:16:04";43
"2018-07-18 13:26:05";42
"2018-07-18 13:36:04";42
"2018-07-18 13:46:04";42
"2018-07-18 13:56:05";44
"2018-07-18 14:06:05";44
"2018-07-18 14:16:05";44
"2018-07-18 14:26:05";45
"2018-07-18 14:36:04";45
"2018-07-18 14:46:04";45
"2018-07-18 14:56:05";42
"2018-07-18 15:06:05";42
"2018-07-18 15:16:05";42
"2018-07-18 15:26:04";43
"2018-07-18 15:46:04";43
"2018-07-18 15:56:05";44
"2018-07-18 16:06:05";44
"2018-07-18 16:16:04";44
"2018-07-18 16:26:04";44
"2018-07-18 16:36:05";44
"2018-07-18 16:46:04";44
"2018-07-18 16:56:05";47
"2018-07-18 17:06:05";47
"2018-07-18 17:16:05";47
"2018-07-18 17:26:05";48
"2018-07-18 17:36:05";48
"2018-07-18 17:46:05";48
"2018-07-18 17:56:05";49
"2018-07-18 18:06:04";49
"2018-07-18 18:16:05";49
"2018-07-18 18:26:05";47
"2018-07-18 18:36:05";47
"2018-07-18 18:46:05";47
"2018-07-18 18:56:04";48
"2018-07-18 19:06:05";48
"2018-07-18 19:16:05";48
"2018-07-18 19:36:04";50
"2018-07-18 19:46:05";50
"2018-07-18 19:56:13";49
"2018-07-18 20:06:05";49
"2018-07-18 20:16:05";50
"2018-07-18 20:26:05";50
"2018-07-18 20:36:05";50
"2018-07-18 20:46:05";50
"2018-07-18 20:56:05";52
"2018-07-18 21:06:05";52
"2018-07-18 21:16:05";52
"2018-07-18 21:26:05";50
"2018-07-18 21:36:05";50
"2018-07-18 21:46:05";50
"2018-07-18 21:56:05";50
"2018-07-18 22:06:06";50
"2018-07-18 22:16:06";50
"2018-07-18 22:26:06";50
"2018-07-18 22:36:05";50
"2018-07-18 22:46:05";50
"2018-07-18 22:56:04";50
"2018-07-18 23:06:05";50
"2018-07-18 23:16:05";50
"2018-07-18 23:26:05";49
"2018-07-18 23:46:05";49
"2018-07-18 23:56:05";50
"2018-07-19 00:06:06";50
"2018-07-19 00:16:04";50
"2018-07-19 00:26:05";52
"2018-07-19 00:36:05";52
"2018-07-19 00:46:06";52
"2018-07-19 00:56:11";49
"2018-07-19 01:06:05";49
"2018-07-19 01:16:04";50
"2018-07-19 01:26:04";50
"2018-07-19 01:36:05";50
"2018-07-19 01:46:05";50
"2018-07-19 01:56:04";48
"2018-07-19 02:06:05";48
"2018-07-19 02:16:05";48
"2018-07-19 02:26:05";49
"2018-07-19 02:36:04";49
"2018-07-19 02:46:05";49
"2018-07-19 02:56:05";50
"2018-07-19 03:06:05";50
"2018-07-19 03:16:04";50
"2018-07-19 03:26:05";50
"2018-07-19 03:46:05";50
"2018-07-19 03:56:15";49
"2018-07-19 04:06:05";49
"2018-07-19 04:16:05";49
"2018-07-19 04:26:04";49
"2018-07-19 04:36:04";49
"2018-07-19 04:46:04";49
"2018-07-19 04:56:05";48
"2018-07-19 05:06:04";48
"2018-07-19 05:16:05";48
"2018-07-19 05:26:04";48
"2018-07-19 05:36:04";48
"2018-07-19 05:46:05";48
"2018-07-19 05:56:04";47
"2018-07-19 06:06:05";47
"2018-07-19 06:16:05";47
"2018-07-19 06:26:05";46
"2018-07-19 06:36:04";46
"2018-07-19 06:46:05";46
"2018-07-19 06:56:05";46
"2018-07-19 07:06:04";46
"2018-07-19 07:16:04";46
"2018-07-19 07:26:05";48
"2018-07-19 07:46:05";48
"2018-07-19 07:56:09";47
"2018-07-19 08:06:04";47
"2018-07-19 08:16:05";47
"2018-07-19 08:26:05";46
"2018-07-19 08:36:05";46
"2018-07-19 08:46:05";46
"2018-07-19 08:56:05";47
"2018-07-19 09:06:05";47
"2018-07-19 09:16:04";47
"2018-07-19 09:26:04";48
"2018-07-19 09:36:05";48
"2018-07-19 09:46:05";48
"2018-07-19 09:56:05";48
"2018-07-19 10:06:05";48
"2018-07-19 10:16:05";48
"2018-07-19 10:26:04";46
"2018-07-19 10:36:04";46
"2018-07-19 10:46:05";46
"2018-07-19 10:56:04";45
"2018-07-19 11:06:04";45
"2018-07-19 11:16:04";45
"2018-07-19 11:26:05";46
"2018-07-19 11:46:04";46
"2018-07-19 11:56:14";42
"2018-07-19 12:06:04";42
"2018-07-19 12:16:04";42
"2018-07-19 12:26:05";42
"2018-07-19 12:36:04";42
"2018-07-19 12:46:05";42
"2018-07-19 12:56:15";44
"2018-07-19 13:06:04";44
"2018-07-19 13:16:04";44
"2018-07-19 13:26:05";44
"2018-07-19 13:36:05";44
"2018-07-19 13:46:05";44
"2018-07-19 13:56:05";45
"2018-07-19 14:06:05";45
"2018-07-19 14:16:05";45
"2018-07-19 14:26:05";45
"2018-07-19 14:36:04";45
"2018-07-19 14:46:05";45
"2018-07-19 14:56:15";46
"2018-07-19 15:06:05";46
"2018-07-19 15:16:05";46
"2018-07-19 15:26:05";47
"2018-07-19 15:36:04";47
"2018-07-19 15:46:05";47
"2018-07-19 16:06:05";49
"2018-07-19 16:16:05";49
"2018-07-19 16:26:04";48
"2018-07-19 16:36:04";48
"2018-07-19 16:46:05";48
"2018-07-19 16:56:04";48
"2018-07-19 17:06:05";48
"2018-07-19 17:16:05";48
"2018-07-19 17:26:04";47
"2018-07-19 17:36:05";47
"2018-07-19 17:46:05";47
"2018-07-19 17:56:05";50
"2018-07-19 18:06:05";50
"2018-07-19 18:16:05";50
"2018-07-19 18:26:05";49
"2018-07-19 18:36:05";49
"2018-07-19 18:46:05";49
"2018-07-19 18:56:10";50
"2018-07-19 19:06:04";50
"2018-07-19 19:16:05";50
"2018-07-19 19:26:04";49
"2018-07-19 19:36:04";49
"2018-07-19 19:46:05";49
"2018-07-19 19:56:04";47
"2018-07-19 20:16:04";47
"2018-07-19 20:26:05";47
"2018-07-19 20:36:04";47
"2018-07-19 20:46:05";47
"2018-07-19 20:56:05";49
"2018-07-19 21:06:05";49
"2018-07-19 21:16:05";49
"2018-07-19 21:26:05";48
"2018-07-19 21:36:04";48
"2018-07-19 21:46:05";48
"2018-07-19 21:56:04";50
"2018-07-19 22:16:06";50
"2018-07-19 22:26:06";50
"2018-07-19 22:36:05";50
"2018-07-19 22:46:05";50
"2018-07-19 22:56:05";50
"2018-07-19 23:06:05";50
"2018-07-19 23:16:04";50
"2018-07-19 23:26:04";52
"2018-07-19 23:36:05";52
"2018-07-19 23:46:05";52
"2018-07-19 23:56:15";48
"2018-07-20 00:06:06";48
"2018-07-20 00:16:05";48
"2018-07-20 00:26:05";50
"2018-07-20 00:36:05";50
"2018-07-20 00:46:07";50
"2018-07-20 00:56:10";49
"2018-07-20 01:06:04";49
"2018-07-20 01:16:05";49
"2018-07-20 01:26:04";51
"2018-07-20 01:36:05";51
"2018-07-20 01:46:05";51
"2018-07-20 01:56:04";48
"2018-07-20 02:06:04";48
"2018-07-20 02:26:04";50
"2018-07-20 02:36:05";50
"2018-07-20 02:46:05";50
"2018-07-20 02:56:04";49
"2018-07-20 03:06:04";49
"2018-07-20 03:16:05";49
"2018-07-20 03:26:05";50
"2018-07-20 03:36:04";50
"2018-07-20 03:46:05";50
"2018-07-20 03:56:05";49
"2018-07-20 04:06:04";49
"2018-07-20 04:16:04";49
"2018-07-20 04:26:05";49
"2018-07-20 04:36:04";49
"2018-07-20 04:46:05";49
"2018-07-20 04:56:04";49
"2018-07-20 05:06:05";48
"2018-07-20 05:16:05";48
"2018-07-20 05:26:04";47
"2018-07-20 05:36:04";47
"2018-07-20 05:46:05";47
"2018-07-20 05:56:05";46
"2018-07-20 06:06:04";46
"2018-07-20 06:26:04";47
"2018-07-20 06:36:04";47
"2018-07-20 06:46:05";47
"2018-07-20 06:56:05";48
"2018-07-20 07:06:04";48
"2018-07-20 07:16:04";48
"2018-07-20 07:26:05";48
"2018-07-20 07:36:04";48
"2018-07-20 07:46:04";48
"2018-07-20 07:56:05";46
"2018-07-20 08:06:04";46
"2018-07-20 08:16:05";46
"2018-07-20 08:26:05";46
"2018-07-20 08:36:04";46
"2018-07-20 08:46:05";46
"2018-07-20 08:56:05";45
"2018-07-20 09:06:04";45
"2018-07-20 09:16:04";45
"2018-07-20 09:26:04";47
"2018-07-20 09:36:05";47
"2018-07-20 09:46:05";47
"2018-07-20 09:56:14";49
"2018-07-20 10:06:05";49
"2018-07-20 10:26:05";47
"2018-07-20 10:36:04";47
"2018-07-20 10:46:05";47
"2018-07-20 10:56:04";44
"2018-07-20 11:06:04";44
"2018-07-20 11:16:04";44
"2018-07-20 11:26:05";45
"2018-07-20 11:36:05";45
"2018-07-20 11:46:05";45
"2018-07-20 11:56:15";45
"2018-07-20 12:06:05";45
"2018-07-20 12:16:05";45
"2018-07-20 12:26:05";44
"2018-07-20 12:36:04";44
"2018-07-20 12:46:05";44
"2018-07-20 12:56:15";45
"2018-07-20 13:06:05";45
"2018-07-20 13:16:05";45
"2018-07-20 13:26:05";45
"2018-07-20 13:36:04";45
"2018-07-20 13:46:04";45
"2018-07-20 13:56:04";44
"2018-07-20 14:06:04";44
"2018-07-20 14:16:05";44
"2018-07-20 14:36:04";45
"2018-07-20 14:46:05";45
"2018-07-20 14:56:10";45
"2018-07-20 15:06:04";45
"2018-07-20 15:16:04";45
"2018-07-20 15:26:04";46
"2018-07-20 15:36:05";46
"2018-07-20 15:46:05";46
"2018-07-20 15:56:04";45
"2018-07-20 16:16:04";45
"2018-07-20 16:26:05";46
"2018-07-20 16:36:05";46
"2018-07-20 16:46:04";46
"2018-07-20 16:56:15";45
"2018-07-20 17:06:05";45
"2018-07-20 17:16:05";45
"2018-07-20 17:26:05";46
"2018-07-20 17:36:04";46
"2018-07-20 17:46:04";46
"2018-07-20 17:56:05";46
"2018-07-20 18:06:05";46
"2018-07-20 18:16:05";46
"2018-07-20 18:26:05";42
"2018-07-20 18:36:05";42
"2018-07-20 18:46:04";42
"2018-07-20 18:56:10";44
"2018-07-20 19:06:05";44
"2018-07-20 19:16:04";44
"2018-07-20 19:26:04";48
"2018-07-20 19:36:05";48
"2018-07-20 19:46:05";48
"2018-07-20 19:56:15";49
"2018-07-20 20:06:05";49
"2018-07-20 20:16:05";49
"2018-07-20 20:36:05";54
"2018-07-20 20:46:05";54
"2018-07-20 20:56:05";52
"2018-07-20 21:06:05";52
"2018-07-20 21:16:05";52
"2018-07-20 21:26:04";52
"2018-07-20 21:36:05";52
"2018-07-20 21:46:04";52
"2018-07-20 21:56:12";52
"2018-07-20 22:06:06";52
"2018-07-20 22:16:06";52
"2018-07-20 22:26:06";51
"2018-07-20 22:36:04";51
"2018-07-20 22:46:05";51
"2018-07-20 22:56:04";51
"2018-07-20 23:06:05";52
"2018-07-20 23:16:05";52
"2018-07-20 23:26:05";52
"2018-07-20 23:36:05";52
"2018-07-20 23:46:04";52
"2018-07-20 23:56:11";52
"2018-07-21 00:06:05";52
"2018-07-21 00:26:05";52
"2018-07-21 00:36:05";52
"2018-07-21 00:46:05";52
"2018-07-21 00:56:15";56
"2018-07-21 01:06:04";56
"2018-07-21 01:16:05";62
"2018-07-21 01:26:05";62
"2018-07-21 01:36:05";62
"2018-07-21 01:46:06";62
"2018-07-21 01:56:05";61
"2018-07-21 02:06:05";61
"2018-07-21 02:16:05";61
"2018-07-21 02:26:05";62
"2018-07-21 02:36:05";62
"2018-07-21 02:46:05";62
"2018-07-21 02:56:04";61
"2018-07-21 03:06:05";61
"2018-07-21 03:16:04";61
"2018-07-21 03:26:05";62
"2018-07-21 03:36:04";62
"2018-07-21 03:46:05";62
"2018-07-21 03:56:10";58
"2018-07-21 04:06:05";58
"2018-07-21 04:26:05";60
"2018-07-21 04:36:04";60
"2018-07-21 04:46:04";60
"2018-07-21 04:56:05";62
"2018-07-21 05:06:04";62
"2018-07-21 05:16:04";62
"2018-07-21 05:26:04";62
"2018-07-21 05:36:04";62
"2018-07-21 05:46:05";62
"2018-07-21 05:56:05";64
"2018-07-21 06:06:04";64
"2018-07-21 06:16:05";64
"2018-07-21 06:26:05";60
"2018-07-21 06:36:04";60
"2018-07-21 06:46:05";60
"2018-07-21 06:56:05";60
"2018-07-21 07:06:04";60
"2018-07-21 07:16:04";60
"2018-07-21 07:26:05";58
"2018-07-21 07:36:04";58
"2018-07-21 07:46:04";58
"2018-07-21 07:56:05";58
"2018-07-21 08:16:04";58
"2018-07-21 08:26:05";58
"2018-07-21 08:36:04";58
"2018-07-21 08:46:05";58
"2018-07-21 08:56:05";58
"2018-07-21 09:06:05";58
"2018-07-21 09:16:04";58
"2018-07-21 09:26:05";58
"2018-07-21 09:36:05";58
"2018-07-21 09:46:05";58
"2018-07-21 09:56:05";54
"2018-07-21 10:06:05";54
"2018-07-21 10:16:04";54
"2018-07-21 10:26:05";56
"2018-07-21 10:36:05";56
"2018-07-21 10:46:05";56
"2018-07-21 10:56:05";55
"2018-07-21 11:06:05";55
"2018-07-21 11:16:04";55
"2018-07-21 11:26:05";52
"2018-07-21 11:36:05";52
"2018-07-21 11:46:04";52
"2018-07-21 11:56:10";52
"2018-07-21 12:06:05";52
"2018-07-21 12:16:05";52
"2018-07-21 12:36:04";52
"2018-07-21 12:46:04";52
"2018-07-21 12:56:04";54
"2018-07-21 13:06:04";54
"2018-07-21 13:16:04";54
"2018-07-21 13:26:05";52
"2018-07-21 13:36:04";52
"2018-07-21 13:46:05";52
"2018-07-21 13:56:04";54
"2018-07-21 14:06:05";54
"2018-07-21 14:16:05";54
"2018-07-21 14:26:05";52
"2018-07-21 14:36:05";52
"2018-07-21 14:46:05";52
"2018-07-21 14:56:09";50
"2018-07-21 15:06:04";50
"2018-07-21 15:16:05";51
"2018-07-21 15:26:05";51
"2018-07-21 15:36:04";51
"2018-07-21 15:46:04";51
"2018-07-21 15:56:05";50
"2018-07-21 16:06:05";50
"2018-07-21 16:16:05";50
"2018-07-21 16:26:05";52
"2018-07-21 16:36:05";52
"2018-07-21 16:46:05";52
"2018-07-21 17:06:05";50
"2018-07-21 17:16:05";50
"2018-07-21 17:26:05";50
"2018-07-21 17:36:05";50
"2018-07-21 17:46:05";50
"2018-07-21 17:56:05";51
"2018-07-21 18:06:05";51
"2018-07-21 18:16:05";51
"2018-07-21 18:26:05";51
"2018-07-21 18:36:04";51
"2018-07-21 18:46:05";51
"2018-07-21 18:56:10";52
"2018-07-21 19:06:04";52
"2018-07-21 19:16:05";52
"2018-07-21 19:26:05";52
"2018-07-21 19:36:05";52
"2018-07-21 19:46:04";52
"2018-07-21 19:56:05";54
"2018-07-21 20:06:04";54
"2018-07-21 20:16:05";54
"2018-07-21 20:26:05";56
"2018-07-21 20:46:04";56
"2018-07-21 20:56:04";58
"2018-07-21 21:06:05";58
"2018-07-21 21:16:05";58
"2018-07-21 21:26:05";58
"2018-07-21 21:36:05";58
"2018-07-21 21:46:05";58
"2018-07-21 21:56:05";60
"2018-07-21 22:06:05";60
"2018-07-21 22:16:05";60
"2018-07-21 22:26:05";63
"2018-07-21 22:36:05";63
"2018-07-21 22:46:05";63
"2018-07-21 22:56:05";63
"2018-07-21 23:06:04";63
"2018-07-21 23:16:05";63
"2018-07-21 23:26:04";62
"2018-07-22 00:26:05";60
"2018-07-22 00:46:05";60
"2018-07-22 00:56:05";58
"2018-07-22 01:06:05";58
"2018-07-22 01:16:05";58
"2018-07-22 01:26:05";56
"2018-07-22 01:36:04";56
"2018-07-22 01:46:05";56
"2018-07-22 01:56:10";57
"2018-07-22 02:06:05";57
"2018-07-22 02:16:05";57
"2018-07-22 02:26:05";57
"2018-07-22 02:36:05";57
"2018-07-22 02:46:05";57
"2018-07-22 02:56:05";56
"2018-07-22 03:06:04";56
"2018-07-22 03:16:04";52
"2018-07-22 03:26:05";52
"2018-07-22 03:36:04";52
"2018-07-22 03:46:05";52
"2018-07-22 03:56:04";55
"2018-07-22 04:06:04";55
"2018-07-22 04:16:04";55
"2018-07-22 04:26:04";54
"2018-07-22 04:46:05";54
"2018-07-22 04:56:05";52
"2018-07-22 05:06:04";52
"2018-07-22 05:16:05";52
"2018-07-22 05:26:04";54
"2018-07-22 05:36:04";54
"2018-07-22 05:46:05";54
"2018-07-22 05:56:05";52
"2018-07-22 06:06:04";52
"2018-07-22 06:16:05";52
"2018-07-22 06:26:04";52
"2018-07-22 06:36:04";52
"2018-07-22 06:46:05";52
"2018-07-22 06:56:04";52
"2018-07-22 07:06:04";52
"2018-07-22 07:16:05";50
"2018-07-22 07:26:04";50
"2018-07-22 07:36:05";50
"2018-07-22 07:46:05";50
"2018-07-22 07:56:05";50
"2018-07-22 08:06:04";50
"2018-07-22 08:16:04";51
"2018-07-22 08:26:04";51
"2018-07-22 08:46:05";51
"2018-07-22 08:56:05";50
"2018-07-22 09:06:05";50
"2018-07-22 09:16:05";50
"2018-07-22 09:26:05";51
"2018-07-22 09:36:04";51
"2018-07-22 09:46:04";52
"2018-07-22 09:56:05";52
"2018-07-22 10:06:04";52
"2018-07-22 10:16:05";51
"2018-07-22 10:26:05";51
"2018-07-22 10:36:04";51
"2018-07-22 10:46:05";51
"2018-07-22 10:56:04";48
"2018-07-22 11:06:04";48
"2018-07-22 11:16:05";46
"2018-07-22 11:26:05";46
"2018-07-22 11:36:05";46
"2018-07-22 11:46:04";46
"2018-07-22 11:56:05";46
"2018-07-22 12:06:04";46
"2018-07-22 12:16:04";46
"2018-07-22 12:26:05";47
"2018-07-22 12:36:05";47
"2018-07-22 12:46:05";47
"2018-07-22 13:06:05";48
"2018-07-22 13:16:04";48
"2018-07-22 13:26:05";48
"2018-07-22 13:36:05";48
"2018-07-22 13:46:05";48
"2018-07-22 13:56:04";46
"2018-07-22 14:06:05";46
"2018-07-22 14:16:05";46
"2018-07-22 14:26:05";46
"2018-07-22 14:36:04";46
"2018-07-22 14:46:05";46
"2018-07-22 14:56:05";42
"2018-07-22 15:06:04";42
"2018-07-22 15:16:05";42
"2018-07-22 15:26:05";51
"2018-07-22 15:36:04";51
"2018-07-22 15:46:04";51
"2018-07-22 15:56:10";51
"2018-07-22 16:06:04";51
"2018-07-22 16:16:04";51
"2018-07-22 16:26:05";51
"2018-07-22 16:46:05";51
"2018-07-22 16:56:05";50
"2018-07-22 17:06:05";50
"2018-07-22 17:16:05";50
"2018-07-22 17:26:05";50
"2018-07-22 17:36:04";50
"2018-07-22 17:46:05";50
"2018-07-22 17:56:05";46
"2018-07-22 18:06:04";46
"2018-07-22 18:16:05";46
"2018-07-22 18:26:05";48
"2018-07-22 18:36:05";48
"2018-07-22 18:46:04";48
"2018-07-22 18:56:04";54
"2018-07-22 19:06:04";54
"2018-07-22 19:16:04";54
"2018-07-22 19:26:05";54
"2018-07-22 19:36:04";54
"2018-07-22 19:46:05";51
"2018-07-22 19:56:05";51
"2018-07-22 20:06:04";51
"2018-07-22 20:16:04";51
"2018-07-22 20:26:04";52
"2018-07-22 20:46:05";52
"2018-07-22 20:56:05";51
"2018-07-22 21:06:04";51
"2018-07-22 21:16:05";51
"2018-07-22 21:26:04";52
"2018-07-22 21:36:04";52
"2018-07-22 21:46:05";52
"2018-07-22 21:56:04";50
"2018-07-22 22:06:06";50
"2018-07-22 22:16:06";52
"2018-07-22 22:26:07";52
"2018-07-22 22:36:05";52
"2018-07-22 22:46:04";52
"2018-07-22 22:56:05";50
"2018-07-22 23:06:04";50
"2018-07-22 23:16:05";50
"2018-07-22 23:26:05";52
"2018-07-22 23:36:05";52
"2018-07-22 23:46:05";52
"2018-07-22 23:56:15";49
"2018-07-23 00:06:05";49
"2018-07-23 00:16:04";49
"2018-07-23 00:26:05";50
"2018-07-23 00:36:06";50
"2018-07-23 00:56:05";49
"2018-07-23 01:06:04";49
"2018-07-23 01:16:05";49
"2018-07-23 01:26:06";49
"2018-07-23 01:36:04";49
"2018-07-23 01:46:05";49
"2018-07-23 01:56:05";49
"2018-07-23 02:06:04";49
"2018-07-23 02:16:05";49
"2018-07-23 02:26:05";49
"2018-07-23 02:36:04";49
"2018-07-23 02:46:04";49
"2018-07-23 02:56:05";50
"2018-07-23 03:06:09";50
"2018-07-23 03:16:05";50
"2018-07-23 03:26:04";49
"2018-07-23 03:36:04";49
"2018-07-23 03:46:05";49
"2018-07-23 03:56:05";48
"2018-07-23 04:06:05";48
"2018-07-23 04:16:05";49
"2018-07-23 04:26:04";49
"2018-07-23 04:36:04";49
"2018-07-23 04:46:04";49
"2018-07-23 05:06:05";48
"2018-07-23 05:16:05";48
"2018-07-23 05:26:05";48
"2018-07-23 05:36:04";48
"2018-07-23 05:46:05";48
"2018-07-23 05:56:05";48
"2018-07-23 06:06:04";48
"2018-07-23 06:16:05";48
"2018-07-23 06:26:04";48
"2018-07-23 06:36:04";48
"2018-07-23 06:46:04";48
"2018-07-23 06:56:05";48
"2018-07-23 07:06:04";48
"2018-07-23 07:16:05";48
"2018-07-23 07:26:05";46
"2018-07-23 07:36:05";46
"2018-07-23 07:46:04";46
"2018-07-23 07:56:05";46
"2018-07-23 08:06:05";46
"2018-07-23 08:16:04";46
"2018-07-23 08:26:05";46
"2018-07-23 08:36:05";46
"2018-07-23 08:46:05";46
"2018-07-23 09:06:05";46
"2018-07-23 09:16:05";46
"2018-07-23 09:26:05";48
"2018-07-23 09:36:05";48
"2018-07-23 09:46:04";47
"2018-07-23 09:56:05";47
"2018-07-23 10:06:04";47
"2018-07-23 10:16:04";47
"2018-07-23 10:26:05";47
"2018-07-23 10:36:04";47
"2018-07-23 10:46:04";47
"2018-07-23 10:56:04";44
"2018-07-23 11:06:05";44
"2018-07-23 11:16:05";44
"2018-07-23 11:26:05";44
"2018-07-23 11:36:04";44
"2018-07-23 11:46:04";44
"2018-07-23 11:56:05";44
"2018-07-23 12:06:05";43
"2018-07-23 12:16:05";43
"2018-07-23 12:26:04";43
"2018-07-23 12:36:04";43
"2018-07-23 12:46:05";42
"2018-07-23 12:56:09";42
"2018-07-23 13:16:05";43
"2018-07-23 13:26:05";43
"2018-07-23 13:36:05";43
"2018-07-23 13:46:05";43
"2018-07-23 13:56:05";44
"2018-07-23 14:06:04";44
"2018-07-23 14:16:05";44
"2018-07-23 14:26:05";44
"2018-07-23 14:36:04";44
"2018-07-23 14:46:04";44
"2018-07-23 14:56:10";43
"2018-07-23 15:06:05";43
"2018-07-23 15:16:05";43
"2018-07-23 15:26:05";43
"2018-07-23 15:36:04";43
"2018-07-23 15:46:04";43
"2018-07-23 15:56:05";44
"2018-07-23 16:06:05";44
"2018-07-23 16:16:05";44
"2018-07-23 16:26:05";48
"2018-07-23 16:36:05";48
"2018-07-23 16:46:05";48
"2018-07-23 16:56:05";47
"2018-07-23 17:06:05";47
"2018-07-23 17:26:05";42
"2018-07-23 17:36:05";42
"2018-07-23 17:46:05";42
"2018-07-23 17:56:05";42
"2018-07-23 18:06:05";44
"2018-07-23 18:16:05";44
"2018-07-23 18:26:04";45
"2018-07-23 18:36:05";45
"2018-07-23 18:46:04";45
"2018-07-23 18:56:05";44
"2018-07-23 19:06:05";44
"2018-07-23 19:16:04";44
"2018-07-23 19:26:04";45
"2018-07-23 19:36:04";45
"2018-07-23 19:46:05";45
"2018-07-23 19:56:04";48
"2018-07-23 20:06:05";48
"2018-07-23 20:16:04";47
"2018-07-23 20:26:05";47
"2018-07-23 20:46:05";47
"2018-07-23 20:56:10";46
"2018-07-23 21:06:06";46
"2018-07-23 21:16:05";46
"2018-07-23 21:26:05";47
"2018-07-23 21:36:05";47
"2018-07-23 21:46:05";47
"2018-07-23 21:56:15";47
"2018-07-23 22:06:06";47
"2018-07-23 22:16:05";47
"2018-07-23 22:26:06";49
"2018-07-23 22:36:04";49
"2018-07-23 22:46:05";49
"2018-07-23 22:56:05";49
"2018-07-23 23:06:04";49
"2018-07-23 23:16:04";49
"2018-07-23 23:26:05";48
"2018-07-23 23:36:05";48
"2018-07-23 23:46:05";48
"2018-07-23 23:56:05";49
"2018-07-24 00:06:06";49
"2018-07-24 00:16:05";48
"2018-07-24 00:26:05";48
"2018-07-24 00:36:05";48
"2018-07-24 00:56:05";47
"2018-07-24 01:06:05";47
"2018-07-24 01:16:04";48
"2018-07-24 01:26:05";48
"2018-07-24 01:36:05";48
"2018-07-24 01:46:05";48
"2018-07-24 01:56:04";49
"2018-07-24 02:06:04";49
"2018-07-24 02:16:05";49
"2018-07-24 02:26:05";48
"2018-07-24 02:36:04";48
"2018-07-24 02:46:05";48
"2018-07-24 02:56:05";48
"2018-07-24 03:06:04";48
"2018-07-24 03:16:05";48
"2018-07-24 03:26:05";46
"2018-07-24 03:36:04";46
"2018-07-24 03:46:05";46
"2018-07-24 03:56:04";46
"2018-07-24 04:06:04";46
"2018-07-24 04:16:04";46
"2018-07-24 04:26:04";47
"2018-07-24 04:36:05";47
"2018-07-24 04:46:05";47
"2018-07-24 05:06:05";44
"2018-07-24 05:16:04";47
"2018-07-24 05:26:05";47
"2018-07-24 05:36:04";47
"2018-07-24 05:46:04";47
"2018-07-24 05:56:04";46
"2018-07-24 06:06:04";46
"2018-07-24 06:16:05";46
"2018-07-24 06:26:05";45
"2018-07-24 06:36:04";45
"2018-07-24 06:46:04";45
"2018-07-24 06:56:04";44
"2018-07-24 07:06:04";44
"2018-07-24 07:16:05";44
"2018-07-24 07:26:05";45
"2018-07-24 07:36:04";45
"2018-07-24 07:46:05";45
"2018-07-24 07:56:05";44
"2018-07-24 08:06:04";44
"2018-07-24 08:16:05";44
"2018-07-24 08:26:05";44
"2018-07-24 08:46:05";44
"2018-07-24 08:56:05";44
"2018-07-24 09:06:04";44
"2018-07-24 09:16:05";44
"2018-07-24 09:26:05";46
"2018-07-24 09:36:04";46
"2018-07-24 09:46:05";45
"2018-07-24 09:56:14";45
"2018-07-24 10:06:05";45
"2018-07-24 10:16:04";46
"2018-07-24 10:26:04";46
"2018-07-24 10:36:04";46
"2018-07-24 10:46:05";45
"2018-07-24 10:56:05";45
"2018-07-24 11:06:05";45
"2018-07-24 11:16:05";45
"2018-07-24 11:26:04";44
"2018-07-24 11:36:05";44
"2018-07-24 11:46:05";44
"2018-07-24 11:56:15";45
"2018-07-24 12:06:04";45
"2018-07-24 12:16:05";43
"2018-07-24 12:26:05";43
"2018-07-24 12:36:05";43
"2018-07-24 12:46:05";43
"2018-07-24 13:06:04";43
"2018-07-24 13:16:05";43
"2018-07-24 13:26:04";45
"2018-07-24 13:36:04";45
"2018-07-24 13:46:05";45
"2018-07-24 13:56:05";42
"2018-07-24 14:06:04";42
"2018-07-24 14:16:05";42
"2018-07-24 14:26:04";45
"2018-07-24 14:36:04";45
"2018-07-24 14:46:05";45
"2018-07-24 14:56:04";44
"2018-07-24 15:06:05";44
"2018-07-24 15:16:05";44
"2018-07-24 15:26:05";46
"2018-07-24 15:36:05";46
"2018-07-24 15:46:04";46
"2018-07-24 15:56:05";46
"2018-07-24 16:06:05";46
"2018-07-24 16:16:05";46
"2018-07-24 16:26:04";47
"2018-07-24 16:36:05";47
"2018-07-24 16:46:05";47
"2018-07-24 17:06:04";47
"2018-07-24 17:16:05";47
"2018-07-24 17:26:04";47
"2018-07-24 17:36:04";47
"2018-07-24 17:46:05";47
"2018-07-24 17:56:04";48
"2018-07-24 18:06:05";48
"2018-07-24 18:16:05";48
"2018-07-24 18:26:05";45
"2018-07-24 18:36:05";45
"2018-07-24 18:46:05";45
"2018-07-24 18:56:04";47
"2018-07-24 19:06:04";47
"2018-07-24 19:16:04";47
"2018-07-24 19:26:05";47
"2018-07-24 19:36:05";47
"2018-07-24 19:46:05";47
"2018-07-24 19:56:05";50
"2018-07-24 20:06:05";50
"2018-07-24 20:16:04";50
"2018-07-24 20:26:05";47
"2018-07-24 20:36:04";47
"2018-07-24 20:46:05";47
"2018-07-24 21:06:05";50
"2018-07-24 21:16:04";51
"2018-07-24 21:26:05";51
"2018-07-24 21:36:05";51
"2018-07-24 21:46:05";49
"2018-07-24 21:56:04";49
"2018-07-24 22:06:06";49
"2018-07-24 22:16:05";49
"2018-07-24 22:26:06";50
"2018-07-24 22:36:05";50
"2018-07-24 22:46:05";50
"2018-07-24 22:56:10";49
"2018-07-24 23:06:04";49
"2018-07-24 23:16:04";52
"2018-07-24 23:26:05";52
"2018-07-24 23:36:05";52
"2018-07-24 23:46:04";52
"2018-07-24 23:56:06";51
"2018-07-25 00:06:05";51
"2018-07-25 00:16:05";51
"2018-07-25 00:36:05";50
"2018-07-25 00:46:05";50
"2018-07-25 00:56:15";52
"2018-07-25 01:06:04";52
"2018-07-25 01:16:05";52
"2018-07-25 01:26:04";52
"2018-07-25 01:36:05";52
"2018-07-25 01:46:05";52
"2018-07-25 01:56:05";52
"2018-07-25 02:06:04";52
"2018-07-25 02:16:05";52
"2018-07-25 02:26:05";57
"2018-07-25 02:36:05";57
"2018-07-25 02:46:04";57
"2018-07-25 02:56:05";58
"2018-07-25 03:06:04";58
"2018-07-25 03:16:04";58
"2018-07-25 03:26:05";57
"2018-07-25 03:36:05";57
"2018-07-25 03:46:05";57
"2018-07-25 03:56:05";58
"2018-07-25 04:06:05";58
"2018-07-25 04:16:04";58
"2018-07-25 04:36:05";56
"2018-07-25 04:46:05";56
"2018-07-25 04:56:05";56
"2018-07-25 05:06:05";55
"2018-07-25 05:16:04";55
"2018-07-25 05:26:04";56
"2018-07-25 05:36:04";56
"2018-07-25 05:46:05";56
"2018-07-25 05:56:04";54
"2018-07-25 06:06:04";54
"2018-07-25 06:16:05";54
"2018-07-25 06:26:05";54
"2018-07-25 06:36:05";54
"2018-07-25 06:46:04";54
"2018-07-25 06:56:05";52
"2018-07-25 07:06:04";52
"2018-07-25 07:16:05";52
"2018-07-25 07:26:04";52
"2018-07-25 07:36:04";52
"2018-07-25 07:46:05";52
"2018-07-25 07:56:04";52
"2018-07-25 08:16:05";52
"2018-07-25 08:26:05";52
"2018-07-25 08:36:04";52
"2018-07-25 08:46:05";52
"2018-07-25 08:56:10";52
"2018-07-25 09:06:05";52
"2018-07-25 09:16:05";51
"2018-07-25 09:26:04";51
"2018-07-25 09:36:04";51
"2018-07-25 09:46:05";51
"2018-07-25 09:56:05";52
"2018-07-25 10:06:04";52
"2018-07-25 10:16:05";52
"2018-07-25 10:26:05";50
"2018-07-25 10:36:05";50
"2018-07-25 10:46:05";50
"2018-07-25 10:56:05";51
"2018-07-25 11:06:05";51
"2018-07-25 11:16:05";51
"2018-07-25 11:26:05";48
"2018-07-25 11:36:05";48
"2018-07-25 11:46:04";46
"2018-07-25 11:56:10";46
"2018-07-25 12:06:05";46
"2018-07-25 12:26:04";49
"2018-07-25 12:36:04";49
"2018-07-25 12:46:05";49
"2018-07-25 12:56:05";48
"2018-07-25 13:06:04";48
"2018-07-25 13:16:04";48
"2018-07-25 13:26:05";49
"2018-07-25 13:36:05";49
"2018-07-25 13:46:05";49
"2018-07-25 13:56:05";46
"2018-07-25 14:06:05";46
"2018-07-25 14:16:05";46
"2018-07-25 14:26:05";46
"2018-07-25 14:36:04";46
"2018-07-25 14:46:04";46
"2018-07-25 14:56:15";47
"2018-07-25 15:06:05";47
"2018-07-25 15:16:05";47
"2018-07-25 15:26:05";48
"2018-07-25 15:36:04";48
"2018-07-25 15:46:05";48
"2018-07-25 15:56:05";48
"2018-07-25 16:06:05";48
"2018-07-25 16:16:04";48
"2018-07-25 16:36:04";51
"2018-07-25 16:46:05";51
"2018-07-25 16:56:04";51
"2018-07-25 17:06:05";51
"2018-07-25 17:16:04";51
"2018-07-25 17:26:05";51
"2018-07-25 17:36:05";52
"2018-07-25 17:46:04";52
"2018-07-25 17:56:05";51
"2018-07-25 18:06:04";51
"2018-07-25 18:16:05";51
"2018-07-25 18:26:05";50
"2018-07-25 18:36:04";50
"2018-07-25 18:46:05";50
"2018-07-25 18:56:05";51
"2018-07-25 19:06:04";51
"2018-07-25 19:16:05";51
"2018-07-25 19:26:05";50
"2018-07-25 19:36:05";50
"2018-07-25 19:46:04";50
"2018-07-25 19:56:04";46
"2018-07-25 20:06:05";46
"2018-07-25 20:16:05";46
"2018-07-25 20:26:04";56
"2018-07-25 20:46:04";56
"2018-07-25 20:56:05";54
"2018-07-25 21:06:05";54
"2018-07-25 21:16:05";56
"2018-07-25 21:26:05";56
"2018-07-25 21:36:04";56
"2018-07-25 21:46:05";57
"2018-07-25 21:56:04";57
"2018-07-25 22:06:05";57
"2018-07-25 22:16:06";57
"2018-07-25 22:26:05";63
"2018-07-25 22:36:04";63
"2018-07-25 22:46:04";63
"2018-07-25 22:56:05";67
"2018-07-25 23:06:05";67
"2018-07-25 23:16:05";67
"2018-07-25 23:26:04";67
"2018-07-25 23:36:05";67
"2018-07-25 23:46:04";67
"2018-07-25 23:56:06";65
"2018-07-26 00:06:06";65
"2018-07-26 00:16:05";65
"2018-07-26 00:36:05";63
"2018-07-26 00:46:06";63
"2018-07-26 00:56:11";62
"2018-07-26 01:06:05";62
"2018-07-26 01:16:04";62
"2018-07-26 01:26:04";58
"2018-07-26 01:36:05";58
"2018-07-26 01:46:05";58
"2018-07-26 01:56:04";60
"2018-07-26 02:06:05";60
"2018-07-26 02:16:05";58
"2018-07-26 02:26:04";58
"2018-07-26 02:36:05";58
"2018-07-26 02:46:05";58
"2018-07-26 02:56:04";57
"2018-07-26 03:06:05";57
"2018-07-26 03:16:05";57
"2018-07-26 03:26:05";57
"2018-07-26 03:36:04";57
"2018-07-26 03:46:05";57
"2018-07-26 03:56:04";55
"2018-07-26 04:16:05";55
"2018-07-26 04:26:04";57
"2018-07-26 04:36:05";57
"2018-07-26 04:46:05";57
"2018-07-26 04:56:05";52
"2018-07-26 05:06:05";52
"2018-07-26 05:16:05";52
"2018-07-26 05:26:05";54
"2018-07-26 05:36:04";54
"2018-07-26 05:46:04";52
"2018-07-26 05:56:05";52
"2018-07-26 06:06:04";52
"2018-07-26 06:16:04";52
"2018-07-26 06:26:04";51
"2018-07-26 06:36:05";51
"2018-07-26 06:46:05";51
"2018-07-26 06:56:15";52
"2018-07-26 07:06:04";52
"2018-07-26 07:16:04";52
"2018-07-26 07:26:04";52
"2018-07-26 07:36:04";52
"2018-07-26 07:46:05";52
"2018-07-26 07:56:04";51
"2018-07-26 08:16:05";51
"2018-07-26 08:26:05";51
"2018-07-26 08:36:05";51
"2018-07-26 08:46:05";51
"2018-07-26 08:56:04";51
"2018-07-26 09:06:04";51
"2018-07-26 09:16:04";51
"2018-07-26 09:26:05";50
"2018-07-26 09:36:04";50
"2018-07-26 09:46:05";50
"2018-07-26 09:56:05";50
"2018-07-26 10:06:04";50
"2018-07-26 10:16:04";50
"2018-07-26 10:26:04";50
"2018-07-26 10:36:05";50
"2018-07-26 10:46:05";50
"2018-07-26 10:56:04";49
"2018-07-26 11:06:04";49
"2018-07-26 11:16:04";49
"2018-07-26 11:26:05";49
"2018-07-26 11:36:04";49
"2018-07-26 11:46:04";49
"2018-07-26 11:56:04";44
"2018-07-26 12:06:05";44
"2018-07-26 12:26:04";47
"2018-07-26 12:36:04";47
"2018-07-26 12:46:04";47
"2018-07-26 12:56:04";47
"2018-07-26 13:06:05";47
"2018-07-26 13:16:04";47
"2018-07-26 13:26:05";48
"2018-07-26 13:36:04";48
"2018-07-26 13:46:05";48
"2018-07-26 13:56:05";48
"2018-07-26 14:06:05";48
"2018-07-26 14:16:04";48
"2018-07-26 14:26:04";49
"2018-07-26 14:36:05";49
"2018-07-26 14:46:05";49
"2018-07-26 14:56:15";48
"2018-07-26 15:06:05";48
"2018-07-26 15:16:05";48
"2018-07-26 15:26:05";48
"2018-07-26 15:36:04";48
"2018-07-26 15:46:05";48
"2018-07-26 15:56:05";49
"2018-07-26 16:06:04";49
"2018-07-26 16:26:05";48
"2018-07-26 16:36:05";48
"2018-07-26 16:46:05";48
"2018-07-26 16:56:05";49
"2018-07-26 17:06:04";49
"2018-07-26 17:16:05";49
"2018-07-26 17:26:04";50
"2018-07-26 17:36:04";50
"2018-07-26 17:46:04";46
"2018-07-26 17:56:15";46
"2018-07-26 18:06:05";46
"2018-07-26 18:16:04";46
"2018-07-26 18:26:05";48
"2018-07-26 18:36:04";48
"2018-07-26 18:46:05";48
"2018-07-26 18:56:09";50
"2018-07-26 19:06:05";50
"2018-07-26 19:16:05";50
"2018-07-26 19:26:05";51
"2018-07-26 19:36:04";51
"2018-07-26 19:46:05";51
"2018-07-26 19:56:05";51
"2018-07-26 20:06:05";51
"2018-07-26 20:26:04";54
"2018-07-26 20:36:05";54
"2018-07-26 20:46:04";54
"2018-07-26 20:56:04";51
"2018-07-26 21:06:05";51
"2018-07-26 21:16:05";51
"2018-07-26 21:26:05";52
"2018-07-26 21:36:05";52
"2018-07-26 21:46:04";52
"2018-07-26 21:56:05";51
"2018-07-26 22:06:06";51
"2018-07-26 22:16:05";51
"2018-07-26 22:26:06";52
"2018-07-26 22:36:05";52
"2018-07-26 22:46:05";52
"2018-07-26 22:56:05";52
"2018-07-26 23:06:05";52
"2018-07-26 23:16:05";52
"2018-07-26 23:26:05";52
"2018-07-26 23:36:06";52
"2018-07-26 23:46:05";52
"2018-07-27 00:06:06";52
"2018-07-27 00:16:06";52
"2018-07-27 00:26:05";52
"2018-07-27 00:36:05";52
"2018-07-27 00:46:06";52
"2018-07-27 00:56:04";51
"2018-07-27 01:06:05";51
"2018-07-27 01:16:04";52
"2018-07-27 01:26:04";52
"2018-07-27 01:36:05";52
"2018-07-27 01:46:05";52
"2018-07-27 01:56:04";52
"2018-07-27 02:06:04";52
"2018-07-27 02:16:05";52
"2018-07-27 02:26:05";51
"2018-07-27 02:36:04";51
"2018-07-27 02:46:05";50
"2018-07-27 02:56:05";50
"2018-07-27 03:06:05";50
"2018-07-27 03:16:05";50
"2018-07-27 03:26:04";49
"2018-07-27 03:36:04";49
"2018-07-27 03:46:05";49
"2018-07-27 03:56:04";50
"2018-07-27 04:06:04";50
"2018-07-27 04:16:04";50
"2018-07-27 04:26:04";50
"2018-07-27 04:36:04";50
"2018-07-27 04:46:04";49
"2018-07-27 05:06:04";49
"2018-07-27 05:16:05";49
"2018-07-27 05:26:04";50
"2018-07-27 05:36:04";50
"2018-07-27 05:46:05";50
"2018-07-27 05:56:09";50
"2018-07-27 06:06:04";50
"2018-07-27 06:16:04";50
"2018-07-27 06:26:05";48
"2018-07-27 06:36:04";48
"2018-07-27 06:46:05";48
"2018-07-27 06:56:10";48
"2018-07-27 07:06:05";48
"2018-07-27 07:16:05";48
"2018-07-27 07:26:05";47
"2018-07-27 07:36:05";47
"2018-07-27 07:46:05";47
"2018-07-27 07:56:05";48
"2018-07-27 08:06:04";48
"2018-07-27 08:16:05";48
"2018-07-27 08:26:05";47
"2018-07-27 08:36:05";47
"2018-07-27 08:46:04";47
"2018-07-27 08:56:10";47
"2018-07-27 09:06:05";47
"2018-07-27 09:16:05";47
"2018-07-27 09:26:04";48
"2018-07-27 09:36:05";48
"2018-07-27 09:46:05";48
"2018-07-27 10:06:04";47
"2018-07-27 10:16:05";47
"2018-07-27 10:26:04";47
"2018-07-27 10:36:05";47
"2018-07-27 10:46:05";47
"2018-07-27 10:56:05";46
"2018-07-27 11:06:05";46
"2018-07-27 11:16:04";46
"2018-07-27 11:26:05";45
"2018-07-27 11:36:04";45
"2018-07-27 11:46:04";44
"2018-07-27 11:56:09";44
"2018-07-27 12:06:05";44
"2018-07-27 12:16:05";44
"2018-07-27 12:26:04";44
"2018-07-27 12:36:04";44
"2018-07-27 12:46:04";44
"2018-07-27 12:56:05";45
"2018-07-27 13:06:04";45
"2018-07-27 13:16:04";45
"2018-07-27 13:26:05";47
"2018-07-27 13:46:05";47
"2018-07-27 13:56:05";45
"2018-07-27 14:06:05";45
"2018-07-27 14:16:05";45
"2018-07-27 14:26:05";46
"2018-07-27 14:36:04";46
"2018-07-27 14:46:05";46
"2018-07-27 14:56:04";48
"2018-07-27 15:06:04";48
"2018-07-27 15:16:04";48
"2018-07-27 15:26:05";47
"2018-07-27 15:36:05";47
"2018-07-27 15:46:05";47
"2018-07-27 15:56:05";48
"2018-07-27 16:06:05";48
"2018-07-27 16:16:05";48
"2018-07-27 16:26:05";49
"2018-07-27 16:36:04";49
"2018-07-27 16:46:05";49
"2018-07-27 16:56:09";48
"2018-07-27 17:06:04";48
"2018-07-27 17:26:05";48
"2018-07-27 17:36:05";48
"2018-07-27 17:46:05";48
"2018-07-27 17:56:05";47
"2018-07-27 18:06:04";47
"2018-07-27 18:16:04";47
"2018-07-27 18:26:04";49
"2018-07-27 18:36:05";49
"2018-07-27 18:46:04";48
"2018-07-27 18:56:04";48
"2018-07-27 19:06:05";48
"2018-07-27 19:16:04";48
"2018-07-27 19:26:05";48
"2018-07-27 19:36:04";48
"2018-07-27 19:46:05";48
"2018-07-27 19:56:05";48
"2018-07-27 20:06:05";48
"2018-07-27 20:16:05";48
"2018-07-27 20:26:05";49
"2018-07-27 20:36:05";49
"2018-07-27 20:46:05";49
"2018-07-27 20:56:05";48
"2018-07-27 21:06:05";48
"2018-07-27 21:26:04";49
"2018-07-27 21:36:05";49
"2018-07-27 21:46:04";49
"2018-07-27 21:56:05";49
"2018-07-27 22:06:07";49
"2018-07-27 22:16:06";51
"2018-07-27 22:26:05";51
"2018-07-27 22:36:05";51
"2018-07-27 22:46:04";49
"2018-07-27 22:56:04";49
"2018-07-27 23:06:04";49
"2018-07-27 23:16:04";50
"2018-07-27 23:26:04";50
"2018-07-27 23:36:06";50
"2018-07-27 23:46:05";50
"2018-07-27 23:56:16";51
"2018-07-28 00:06:06";51
"2018-07-28 00:16:05";51
"2018-07-28 00:26:05";49
"2018-07-28 00:36:05";49
"2018-07-28 00:56:05";50
"2018-07-28 01:06:05";50
"2018-07-28 01:16:04";50
"2018-07-28 01:26:05";47
"2018-07-28 01:36:05";47
"2018-07-28 01:46:04";47
"2018-07-28 01:56:10";50
"2018-07-28 02:06:04";50
"2018-07-28 02:16:04";50
"2018-07-28 02:26:05";49
"2018-07-28 02:36:04";49
"2018-07-28 02:46:05";49
"2018-07-28 02:56:05";50
"2018-07-28 03:06:05";50
"2018-07-28 03:16:05";50
"2018-07-28 03:26:04";48
"2018-07-28 03:36:05";48
"2018-07-28 03:46:05";45
"2018-07-28 03:56:04";45
"2018-07-28 04:06:05";45
"2018-07-28 04:16:05";45
"2018-07-28 04:26:04";46
"2018-07-28 04:36:05";46
"2018-07-28 04:56:05";47
"2018-07-28 05:06:05";47
"2018-07-28 05:16:04";47
"2018-07-28 05:26:05";46
"2018-07-28 05:36:05";46
"2018-07-28 05:46:05";45
"2018-07-28 05:56:04";45
"2018-07-28 06:06:05";45
"2018-07-28 06:16:05";44
"2018-07-28 06:26:05";44
"2018-07-28 06:36:05";44
"2018-07-28 06:46:04";44
"2018-07-28 06:56:05";47
"2018-07-28 07:06:05";47
"2018-07-28 07:16:05";44
"2018-07-28 07:26:04";44
"2018-07-28 07:36:04";44
"2018-07-28 07:46:05";44
"2018-07-28 07:56:04";46
"2018-07-28 08:06:04";46
"2018-07-28 08:16:04";46
"2018-07-28 08:26:05";43
"2018-07-28 08:36:04";43
"2018-07-28 08:46:04";43
"2018-07-28 08:56:05";47
"2018-07-28 09:16:05";47
"2018-07-28 09:26:04";47
"2018-07-28 09:36:05";47
"2018-07-28 09:46:05";47
"2018-07-28 09:56:05";44
"2018-07-28 10:06:05";44
"2018-07-28 10:16:05";44
"2018-07-28 10:26:05";44
"2018-07-28 10:36:05";44
"2018-07-28 10:46:05";44
"2018-07-28 10:56:05";44
"2018-07-28 11:06:04";44
"2018-07-28 11:16:05";44
"2018-07-28 11:26:04";42
"2018-07-28 11:36:05";42
"2018-07-28 11:46:05";42
"2018-07-28 11:56:05";40
"2018-07-28 12:06:05";40
"2018-07-28 12:16:05";40
"2018-07-28 12:26:05";43
"2018-07-28 12:36:04";43
"2018-07-28 12:56:10";42
"2018-07-28 13:06:05";42
"2018-07-28 13:16:04";42
"2018-07-28 13:26:04";44
"2018-07-28 13:36:05";44
"2018-07-28 13:46:04";44
"2018-07-28 13:56:05";45
"2018-07-28 14:06:05";45
"2018-07-28 14:16:04";45
"2018-07-28 14:26:05";44
"2018-07-28 14:36:04";44
"2018-07-28 14:46:04";44
"2018-07-28 14:56:04";44
"2018-07-28 15:06:04";44
"2018-07-28 15:16:05";44
"2018-07-28 15:26:05";46
"2018-07-28 15:36:05";46
"2018-07-28 15:46:05";46
"2018-07-28 15:56:04";52
"2018-07-28 16:06:04";52
"2018-07-28 16:16:04";52
"2018-07-28 16:36:05";62
"2018-07-28 16:46:04";62
"2018-07-28 16:56:05";54
"2018-07-28 17:06:04";54
"2018-07-28 17:16:05";54
"2018-07-28 17:26:05";52
"2018-07-28 17:36:05";52
"2018-07-28 17:46:05";52
"2018-07-28 17:56:05";51
"2018-07-28 18:06:05";51
"2018-07-28 18:16:05";49
"2018-07-28 18:26:04";49
"2018-07-28 18:36:05";49
"2018-07-28 18:46:04";49
"2018-07-28 18:56:05";46
"2018-07-28 19:06:04";46
"2018-07-28 19:16:05";46
"2018-07-28 19:26:05";56
"2018-07-28 19:36:05";56
"2018-07-28 19:46:05";56
"2018-07-28 19:56:12";54
"2018-07-28 20:06:05";54
"2018-07-28 20:16:04";54
"2018-07-28 20:26:05";55
"2018-07-28 20:46:05";55
"2018-07-28 20:56:05";56
"2018-07-28 21:06:05";56
"2018-07-28 21:16:05";56
"2018-07-28 21:26:05";56
"2018-07-28 21:36:04";56
"2018-07-28 21:46:05";56
"2018-07-28 21:56:05";52
"2018-07-28 22:06:06";52
"2018-07-28 22:16:05";52
"2018-07-28 22:26:06";52
"2018-07-28 22:36:05";52
"2018-07-28 22:46:05";52
"2018-07-28 22:56:05";52
"2018-07-28 23:06:04";52
"2018-07-28 23:16:04";52
"2018-07-28 23:26:05";52
"2018-07-29 00:56:06";51
"2018-07-29 01:06:05";51
"2018-07-29 01:16:05";51
"2018-07-29 01:26:05";51
"2018-07-29 01:36:05";51
"2018-07-29 01:46:05";49
"2018-07-29 01:56:04";49
"2018-07-29 02:06:04";49
"2018-07-29 02:16:05";49
"2018-07-29 02:26:05";49
"2018-07-29 02:36:05";49
"2018-07-29 02:46:05";49
"2018-07-29 02:56:15";49
"2018-07-29 03:06:04";49
"2018-07-29 03:16:05";49
"2018-07-29 03:26:05";48
"2018-07-29 03:46:05";49
"2018-07-29 03:56:09";49
"2018-07-29 04:06:04";49
"2018-07-29 04:16:05";49
"2018-07-29 04:26:04";48
"2018-07-29 04:36:04";48
"2018-07-29 04:46:05";48
"2018-07-29 04:56:05";48
"2018-07-29 05:06:04";48
"2018-07-29 05:16:04";48
"2018-07-29 05:26:05";48
"2018-07-29 05:36:04";48
"2018-07-29 05:46:05";48
"2018-07-29 05:56:05";47
"2018-07-29 06:06:04";47
"2018-07-29 06:16:04";47
"2018-07-29 06:26:04";47
"2018-07-29 06:36:04";46
"2018-07-29 06:46:05";46
"2018-07-29 06:56:09";46
"2018-07-29 07:06:04";45
"2018-07-29 07:16:05";45
"2018-07-29 07:26:05";46
"2018-07-29 07:46:05";46
"2018-07-29 07:56:05";45
"2018-07-29 08:06:04";45
"2018-07-29 08:16:05";45
"2018-07-29 08:26:05";45
"2018-07-29 08:36:04";45
"2018-07-29 08:46:04";45
"2018-07-29 08:56:05";45
"2018-07-29 09:06:04";45
"2018-07-29 09:16:05";45
"2018-07-29 09:26:04";44
"2018-07-29 09:36:05";44
"2018-07-29 09:46:04";44
"2018-07-29 09:56:05";45
"2018-07-29 10:06:04";45
"2018-07-29 10:16:04";45
"2018-07-29 10:26:05";44
"2018-07-29 10:36:05";44
"2018-07-29 10:46:05";44
"2018-07-29 10:56:05";43
"2018-07-29 11:06:05";43
"2018-07-29 11:16:04";43
"2018-07-29 11:26:05";40
"2018-07-29 11:36:04";40
"2018-07-29 11:56:05";42
"2018-07-29 12:06:04";42
"2018-07-29 12:16:05";42
"2018-07-29 12:26:05";42
"2018-07-29 12:36:05";42
"2018-07-29 12:46:05";42
"2018-07-29 12:56:15";43
"2018-07-29 13:06:04";43
"2018-07-29 13:16:05";43
"2018-07-29 13:26:04";43
"2018-07-29 13:36:05";43
"2018-07-29 13:46:05";43
"2018-07-29 13:56:05";43
"2018-07-29 14:06:05";43
"2018-07-29 14:16:04";43
"2018-07-29 14:26:05";44
"2018-07-29 14:36:04";44
"2018-07-29 14:46:04";44
"2018-07-29 14:56:05";44
"2018-07-29 15:06:05";44
"2018-07-29 15:16:05";47
"2018-07-29 15:36:04";47
"2018-07-29 15:46:04";47
"2018-07-29 15:56:05";45
"2018-07-29 16:06:05";45
"2018-07-29 16:16:05";45
"2018-07-29 16:26:04";47
"2018-07-29 16:36:04";47
"2018-07-29 16:46:04";47
"2018-07-29 16:56:04";46
"2018-07-29 17:06:04";46
"2018-07-29 17:16:05";46
"2018-07-29 17:26:04";47
"2018-07-29 17:36:05";47
"2018-07-29 17:46:05";47
"2018-07-29 17:56:04";47
"2018-07-29 18:06:05";47
"2018-07-29 18:16:04";49
"2018-07-29 18:26:05";49
"2018-07-29 18:36:04";49
"2018-07-29 18:46:05";49
"2018-07-29 18:56:05";44
"2018-07-29 19:16:05";44
"2018-07-29 19:26:05";48
"2018-07-29 19:36:04";48
"2018-07-29 19:46:05";48
"2018-07-29 19:56:05";49
"2018-07-29 20:06:05";49
"2018-07-29 20:16:05";49
"2018-07-29 20:26:05";47
"2018-07-29 20:36:05";47
"2018-07-29 20:46:04";47
"2018-07-29 20:56:05";48
"2018-07-29 21:06:05";48
"2018-07-29 21:16:04";48
"2018-07-29 21:26:04";48
"2018-07-29 21:36:05";48
"2018-07-29 21:46:05";48
"2018-07-29 21:56:05";48
"2018-07-29 22:06:05";48
"2018-07-29 22:16:06";48
"2018-07-29 22:26:05";47
"2018-07-29 22:36:05";47
"2018-07-29 22:46:04";47
"2018-07-29 22:56:05";49
"2018-07-29 23:16:05";49
"2018-07-29 23:26:05";49
"2018-07-29 23:36:06";49
"2018-07-29 23:46:06";49
"2018-07-29 23:56:10";50
"2018-07-30 00:06:05";50
"2018-07-30 00:16:05";50
"2018-07-30 00:26:04";48
"2018-07-30 00:36:05";48
"2018-07-30 00:46:06";48
"2018-07-30 00:56:16";48
"2018-07-30 01:06:05";48
"2018-07-30 01:16:06";49
"2018-07-30 01:26:06";49
"2018-07-30 01:36:05";49
"2018-07-30 01:46:05";49
"2018-07-30 01:56:05";49
"2018-07-30 02:06:04";49
"2018-07-30 02:16:05";49
"2018-07-30 02:26:05";49
"2018-07-30 02:36:04";47
"2018-07-30 02:46:05";47
"2018-07-30 03:06:05";45
"2018-07-30 03:16:04";45
"2018-07-30 03:26:04";48
"2018-07-30 03:36:04";48
"2018-07-30 03:46:05";48
"2018-07-30 03:56:10";46
"2018-07-30 04:06:05";46
"2018-07-30 04:16:05";46
"2018-07-30 04:26:04";46
"2018-07-30 04:36:05";46
"2018-07-30 04:46:04";46
"2018-07-30 04:56:05";43
"2018-07-30 05:06:04";43
"2018-07-30 05:16:05";43
"2018-07-30 05:26:05";45
"2018-07-30 05:36:05";45
"2018-07-30 05:46:05";45
"2018-07-30 05:56:05";42
"2018-07-30 06:06:04";42
"2018-07-30 06:16:05";42
"2018-07-30 06:26:04";45
"2018-07-30 06:36:04";45
"2018-07-30 06:46:04";45
"2018-07-30 06:56:05";45
"2018-07-30 07:16:05";45
"2018-07-30 07:26:05";44
"2018-07-30 07:36:04";44
"2018-07-30 07:46:05";44
"2018-07-30 07:56:04";45
"2018-07-30 08:06:05";45
"2018-07-30 08:16:04";45
"2018-07-30 08:26:04";44
"2018-07-30 08:36:04";44
"2018-07-30 08:46:05";44
"2018-07-30 08:56:05";44
"2018-07-30 09:06:05";44
"2018-07-30 09:16:04";44
"2018-07-30 09:26:05";45
"2018-07-30 09:36:04";45
"2018-07-30 09:46:04";45
"2018-07-30 09:56:04";46
"2018-07-30 10:06:05";46
"2018-07-30 10:16:05";46
"2018-07-30 10:26:05";45
"2018-07-30 10:36:04";45
"2018-07-30 10:46:05";45
"2018-07-30 10:56:14";42
"2018-07-30 11:16:05";42
"2018-07-30 11:26:04";41
"2018-07-30 11:36:04";41
"2018-07-30 11:46:05";41
"2018-07-30 11:56:04";40
"2018-07-30 12:06:04";40
"2018-07-30 12:16:05";40
"2018-07-30 12:26:05";43
"2018-07-30 12:36:04";43
"2018-07-30 12:46:05";43
"2018-07-30 12:56:05";42
"2018-07-30 13:06:05";42
"2018-07-30 13:16:04";42
"2018-07-30 13:26:05";44
"2018-07-30 13:36:05";44
"2018-07-30 13:46:05";44
"2018-07-30 13:56:04";44
"2018-07-30 14:06:05";44
"2018-07-30 14:16:04";44
"2018-07-30 14:26:05";44
"2018-07-30 14:36:05";44
"2018-07-30 14:46:04";44
"2018-07-30 15:06:04";45
"2018-07-30 15:16:05";45
"2018-07-30 15:26:05";49
"2018-07-30 15:36:04";49
"2018-07-30 15:46:04";49
"2018-07-30 15:56:05";45
"2018-07-30 16:06:04";45
"2018-07-30 16:16:05";45
"2018-07-30 16:26:05";50
"2018-07-30 16:36:05";50
"2018-07-30 16:46:05";50
"2018-07-30 16:56:04";49
"2018-07-30 17:06:04";49
"2018-07-30 17:16:05";49
"2018-07-30 17:26:05";49
"2018-07-30 17:36:05";49
"2018-07-30 17:46:05";49
"2018-07-30 17:56:05";48
"2018-07-30 18:06:05";48
"2018-07-30 18:16:04";48
"2018-07-30 18:26:04";50
"2018-07-30 18:36:04";50
"2018-07-30 18:46:05";50
"2018-07-30 18:56:05";50
"2018-07-30 19:16:05";49
"2018-07-30 19:26:05";49
"2018-07-30 19:36:05";49
"2018-07-30 19:46:04";49
"2018-07-30 19:56:05";49
"2018-07-30 20:06:05";49
"2018-07-30 20:16:05";49
"2018-07-30 20:26:04";51
"2018-07-30 20:36:05";51
"2018-07-30 20:46:05";51
"2018-07-30 20:56:15";49
"2018-07-30 21:06:05";49
"2018-07-30 21:16:05";49
"2018-07-30 21:26:05";50
"2018-07-30 21:36:05";50
"2018-07-30 21:46:05";50
"2018-07-30 21:56:10";51
"2018-07-30 22:06:06";51
"2018-07-30 22:16:06";51
"2018-07-30 22:26:06";52
"2018-07-30 22:36:05";52
"2018-07-30 22:56:05";50
"2018-07-30 23:06:05";50
"2018-07-30 23:16:04";50
"2018-07-30 23:26:05";51
"2018-07-30 23:36:05";51
"2018-07-30 23:46:05";51
"2018-07-30 23:56:16";50
"2018-07-31 00:06:05";50
"2018-07-31 00:16:05";50
"2018-07-31 00:26:05";51
"2018-07-31 00:36:05";51
"2018-07-31 00:46:06";51
"2018-07-31 00:56:05";47
"2018-07-31 01:06:05";47
"2018-07-31 01:16:05";47
"2018-07-31 01:26:05";49
"2018-07-31 01:36:04";49
"2018-07-31 01:46:05";49
"2018-07-31 01:56:05";49
"2018-07-31 02:06:04";49
"2018-07-31 02:16:05";49
"2018-07-31 02:36:04";50
"2018-07-31 02:46:05";50
"2018-07-31 02:56:05";50
"2018-07-31 03:06:05";50
"2018-07-31 03:16:05";50
"2018-07-31 03:26:05";47
"2018-07-31 03:36:04";47
"2018-07-31 03:46:05";47
"2018-07-31 03:56:04";47
"2018-07-31 04:06:05";47
"2018-07-31 04:16:04";47
"2018-07-31 04:26:04";47
"2018-07-31 04:36:04";47
"2018-07-31 04:46:05";47
"2018-07-31 04:56:04";50
"2018-07-31 05:06:04";50
"2018-07-31 05:16:05";50
"2018-07-31 05:26:04";47
"2018-07-31 05:36:04";47
"2018-07-31 05:46:04";47
"2018-07-31 05:56:04";47
"2018-07-31 06:16:04";47
"2018-07-31 06:26:05";45
"2018-07-31 06:36:04";45
"2018-07-31 06:46:05";45
"2018-07-31 06:56:04";45
"2018-07-31 07:06:04";45
"2018-07-31 07:16:04";45
"2018-07-31 07:26:05";46
"2018-07-31 07:36:04";46
"2018-07-31 07:46:04";46
"2018-07-31 07:56:05";44
"2018-07-31 08:06:04";44
"2018-07-31 08:16:05";44
"2018-07-31 08:26:05";45
"2018-07-31 08:36:05";45
"2018-07-31 08:46:05";44
"2018-07-31 08:56:04";44
"2018-07-31 09:06:05";44
"2018-07-31 09:16:04";44
"2018-07-31 09:26:05";44
"2018-07-31 09:36:05";44
"2018-07-31 09:46:05";44
"2018-07-31 09:56:10";45
"2018-07-31 10:06:05";45
"2018-07-31 10:26:04";44
"2018-07-31 10:36:05";44
"2018-07-31 10:46:04";44
"2018-07-31 10:56:04";44
"2018-07-31 11:06:04";44
"2018-07-31 11:16:04";44
"2018-07-31 11:26:04";44
"2018-07-31 11:36:05";44
"2018-07-31 11:46:05";40
"2018-07-31 11:56:05";40
"2018-07-31 12:06:05";40
"2018-07-31 12:16:05";40
"2018-07-31 12:26:05";40
"2018-07-31 12:36:04";40
"2018-07-31 12:46:05";40
"2018-07-31 12:56:05";42
"2018-07-31 13:06:04";42
"2018-07-31 13:16:04";42
"2018-07-31 13:26:05";43
"2018-07-31 13:36:04";43
"2018-07-31 13:46:05";43
"2018-07-31 14:06:04";44
"2018-07-31 14:16:04";44
"2018-07-31 14:26:05";45
"2018-07-31 14:36:05";45
"2018-07-31 14:46:04";44
"2018-07-31 14:56:05";44
"2018-07-31 15:06:05";44
"2018-07-31 15:16:05";44
"2018-07-31 15:26:04";46
"2018-07-31 15:36:05";46
"2018-07-31 15:46:05";46
"2018-07-31 15:56:05";48
"2018-07-31 16:06:04";48
"2018-07-31 16:16:04";48
"2018-07-31 16:26:05";48
"2018-07-31 16:36:05";48
"2018-07-31 16:46:05";48
"2018-07-31 16:56:05";48
"2018-07-31 17:06:05";48
"2018-07-31 17:16:05";48
"2018-07-31 17:26:05";46
"2018-07-31 17:36:05";46
"2018-07-31 17:46:04";46
"2018-07-31 17:56:14";49
"2018-07-31 18:16:05";49
"2018-07-31 18:26:05";51
"2018-07-31 18:36:05";51
"2018-07-31 18:46:05";51
"2018-07-31 18:56:10";49
"2018-07-31 19:06:04";49
"2018-07-31 19:16:04";49
"2018-07-31 19:26:04";50
"2018-07-31 19:36:05";50
"2018-07-31 19:46:05";50
"2018-07-31 19:56:04";54
"2018-07-31 20:06:05";54
"2018-07-31 20:16:05";54
"2018-07-31 20:26:04";52
"2018-07-31 20:36:04";52
"2018-07-31 20:46:05";52
"2018-07-31 20:56:10";50
"2018-07-31 21:06:05";50
"2018-07-31 21:16:05";50
"2018-07-31 21:26:05";51
"2018-07-31 21:36:04";51
"2018-07-31 21:56:09";52
"2018-07-31 22:06:06";52
"2018-07-31 22:16:06";52
"2018-07-31 22:26:05";52
"2018-07-31 22:36:04";52
"2018-07-31 22:46:05";52
"2018-07-31 22:56:10";51
"2018-07-31 23:06:04";51
"2018-07-31 23:16:04";51
"2018-07-31 23:26:05";52
"2018-07-31 23:36:05";52
"2018-07-31 23:46:05";52
"2018-07-31 23:56:11";51
"2018-08-01 00:06:06";51
"2018-08-01 00:16:05";51
"2018-08-01 00:26:05";49
"2018-08-01 00:36:05";49
"2018-08-01 00:46:06";49
"2018-08-01 01:06:05";50
"2018-08-01 01:16:05";50
"2018-08-01 01:26:05";48
"2018-08-01 01:36:05";48
"2018-08-01 01:46:05";48
"2018-08-01 01:56:10";50
"2018-08-01 02:06:05";50
"2018-08-01 02:16:05";50
"2018-08-01 02:26:05";49
"2018-08-01 02:36:04";49
"2018-08-01 02:46:06";49
"2018-08-01 02:56:04";49
"2018-08-01 03:06:05";49
"2018-08-01 03:16:04";49
"2018-08-01 03:26:05";47
"2018-08-01 03:36:05";47
"2018-08-01 03:46:05";47
"2018-08-01 03:56:10";48
"2018-08-01 04:06:05";48
"2018-08-01 04:16:04";48
"2018-08-01 04:26:05";48
"2018-08-01 04:46:05";48
"2018-08-01 04:56:04";47
"2018-08-01 05:06:04";47
"2018-08-01 05:16:05";47
"2018-08-01 05:26:05";46
"2018-08-01 05:36:04";46
"2018-08-01 05:46:05";46
"2018-08-01 05:56:05";47
"2018-08-01 06:06:04";47
"2018-08-01 06:16:05";47
"2018-08-01 06:26:04";47
"2018-08-01 06:36:04";47
"2018-08-01 06:46:05";47
"2018-08-01 06:56:05";47
"2018-08-01 07:06:05";47
"2018-08-01 07:16:04";47
"2018-08-01 07:26:04";44
"2018-08-01 07:36:04";44
"2018-08-01 07:46:05";44
"2018-08-01 07:56:05";45
"2018-08-01 08:06:04";45
"2018-08-01 08:16:05";45
"2018-08-01 08:26:04";48
"2018-08-01 08:36:04";48
"2018-08-01 08:56:05";47
"2018-08-01 09:06:04";47
"2018-08-01 09:16:04";47
"2018-08-01 09:26:04";48
"2018-08-01 09:36:05";48
"2018-08-01 09:46:04";48
"2018-08-01 09:56:05";46
"2018-08-01 10:06:04";46
"2018-08-01 10:16:05";46
"2018-08-01 10:26:05";48
"2018-08-01 10:36:04";48
"2018-08-01 10:46:05";48
"2018-08-01 10:56:04";50
"2018-08-01 11:06:04";50
"2018-08-01 11:16:05";50
"2018-08-01 11:26:05";50
"2018-08-01 11:36:04";50
"2018-08-01 11:46:05";50
"2018-08-01 11:56:10";46
"2018-08-01 12:06:05";46
"2018-08-01 12:16:05";46
"2018-08-01 12:26:05";52
"2018-08-01 12:36:04";52
"2018-08-01 12:46:04";52
"2018-08-01 13:06:05";52
"2018-08-01 13:16:05";52
"2018-08-01 13:26:04";54
"2018-08-01 13:36:04";54
"2018-08-01 13:46:05";54
"2018-08-01 13:56:05";50
"2018-08-01 14:06:05";50
"2018-08-01 14:16:05";50
"2018-08-01 14:26:05";52
"2018-08-01 14:36:05";52
"2018-08-01 14:46:05";52
"2018-08-01 14:56:04";49
"2018-08-01 15:06:04";49
"2018-08-01 15:16:05";49
"2018-08-01 15:26:05";50
"2018-08-01 15:36:04";50
"2018-08-01 15:46:04";50
"2018-08-01 15:56:05";56
"2018-08-01 16:06:05";56
"2018-08-01 16:26:04";56
"2018-08-01 16:36:04";56
"2018-08-01 16:46:04";56
"2018-08-01 16:56:05";54
"2018-08-01 17:06:05";54
"2018-08-01 17:16:05";54
"2018-08-01 17:26:05";57
"2018-08-01 17:36:04";57
"2018-08-01 17:46:04";57
"2018-08-01 17:56:09";55
"2018-08-01 18:06:04";55
"2018-08-01 18:16:05";55
"2018-08-01 18:26:04";56
"2018-08-01 18:36:05";56
"2018-08-01 18:56:05";57
"2018-08-01 19:26:05";56
"2018-08-01 19:36:05";56
"2018-08-01 19:46:05";56
"2018-08-01 19:56:04";54
"2018-08-01 20:06:05";54
"2018-08-01 20:16:05";54
"2018-08-01 20:26:05";52
"2018-08-01 20:36:05";52
"2018-08-01 20:46:05";52
"2018-08-01 21:06:05";52
"2018-08-01 21:16:05";52
"2018-08-01 21:26:05";63
"2018-08-01 21:36:05";63
"2018-08-01 21:46:05";63
"2018-08-01 21:56:09";65
"2018-08-01 22:06:07";65
"2018-08-01 22:16:06";65
"2018-08-01 22:26:06";66
"2018-08-01 22:36:05";66
"2018-08-01 22:46:05";66
"2018-08-01 22:56:10";66
"2018-08-01 23:06:04";66
"2018-08-01 23:16:05";63
"2018-08-01 23:36:05";63
"2018-08-01 23:46:05";63
"2018-08-01 23:56:16";63
"2018-08-02 00:06:06";63
"2018-08-02 00:16:05";63
"2018-08-02 00:26:05";62
"2018-08-02 00:36:04";62
"2018-08-02 00:46:06";62
"2018-08-02 00:56:05";63
"2018-08-02 01:06:04";63
"2018-08-02 01:16:05";63
"2018-08-02 01:26:05";61
"2018-08-02 01:36:05";61
"2018-08-02 01:46:05";61
"2018-08-02 01:56:04";55
"2018-08-02 02:06:04";55
"2018-08-02 02:16:05";55
"2018-08-02 02:26:04";58
"2018-08-02 02:36:04";58
"2018-08-02 02:46:05";58
"2018-08-02 03:06:05";58
"2018-08-02 03:16:04";58
"2018-08-02 03:26:04";55
"2018-08-02 03:36:04";55
"2018-08-02 03:46:04";55
"2018-08-02 03:56:04";55
"2018-08-02 04:06:04";55
"2018-08-02 04:16:04";55
"2018-08-02 04:26:04";55
"2018-08-02 04:36:04";55
"2018-08-02 04:46:04";51
"2018-08-02 04:56:05";51
"2018-08-02 05:06:05";51
"2018-08-02 05:16:05";51
"2018-08-02 05:26:04";51
"2018-08-02 05:36:04";51
"2018-08-02 05:46:04";51
"2018-08-02 05:56:05";51
"2018-08-02 06:06:05";51
"2018-08-02 06:16:05";51
"2018-08-02 06:26:04";50
"2018-08-02 06:36:04";50
"2018-08-02 06:46:05";50
"2018-08-02 06:56:09";50
"2018-08-02 07:16:05";50
"2018-08-02 07:26:05";50
"2018-08-02 07:36:04";50
"2018-08-02 07:46:05";50
"2018-08-02 07:56:04";48
"2018-08-02 08:06:04";48
"2018-08-02 08:16:04";48
"2018-08-02 08:26:04";49
"2018-08-02 08:36:05";49
"2018-08-02 08:46:05";49
"2018-08-02 08:56:04";48
"2018-08-02 09:06:04";48
"2018-08-02 09:16:04";48
"2018-08-02 09:26:05";49
"2018-08-02 09:36:04";49
"2018-08-02 09:46:05";49
"2018-08-02 09:56:05";49
"2018-08-02 10:06:04";49
"2018-08-02 10:16:04";49
"2018-08-02 10:26:05";49
"2018-08-02 10:36:05";49
"2018-08-02 10:46:05";49
"2018-08-02 11:06:04";46
"2018-08-02 11:16:05";46
"2018-08-02 11:26:04";45
"2018-08-02 11:36:04";45
"2018-08-02 11:46:05";45
"2018-08-02 11:56:05";47
"2018-08-02 12:06:04";47
"2018-08-02 12:16:05";47
"2018-08-02 12:26:05";47
"2018-08-02 12:36:05";47
"2018-08-02 12:46:05";47
"2018-08-02 12:56:05";44
"2018-08-02 13:06:05";44
"2018-08-02 13:16:04";44
"2018-08-02 13:26:04";47
"2018-08-02 13:36:05";47
"2018-08-02 13:46:05";47
"2018-08-02 13:56:05";47
"2018-08-02 14:06:04";47
"2018-08-02 14:16:04";47
"2018-08-02 14:26:04";48
"2018-08-02 14:36:05";48
"2018-08-02 14:46:05";48
"2018-08-02 15:06:05";49
"2018-08-02 15:16:05";49
"2018-08-02 15:26:07";49
"2018-08-02 15:36:05";49
"2018-08-02 15:46:05";49
"2018-08-02 15:56:04";52
"2018-08-02 16:06:05";52
"2018-08-02 16:16:04";52
"2018-08-02 16:26:05";51
"2018-08-02 16:36:04";51
"2018-08-02 16:46:04";51
"2018-08-02 16:56:05";54
"2018-08-02 17:06:04";54
"2018-08-02 17:16:05";54
"2018-08-02 17:26:05";55
"2018-08-02 17:36:05";55
"2018-08-02 17:46:05";60
"2018-08-02 17:56:14";60
"2018-08-02 18:06:05";60
"2018-08-02 18:16:05";60
"2018-08-02 18:26:05";57
"2018-08-02 18:46:05";57
"2018-08-02 18:56:10";58
"2018-08-02 19:06:05";58
"2018-08-02 19:16:05";58
"2018-08-02 19:26:05";58
"2018-08-02 19:36:05";58
"2018-08-02 19:46:05";58
"2018-08-02 19:56:10";58
"2018-08-02 20:06:05";58
"2018-08-02 20:16:05";58
"2018-08-02 20:26:05";57
"2018-08-02 20:36:04";57
"2018-08-02 20:46:05";57
"2018-08-02 20:56:09";56
"2018-08-02 21:06:04";56
"2018-08-02 21:16:05";56
"2018-08-02 21:26:04";56
"2018-08-02 21:36:05";56
"2018-08-02 21:46:05";56
"2018-08-02 21:56:04";56
"2018-08-02 22:06:06";56
"2018-08-02 22:26:05";57
"2018-08-02 22:36:05";57
"2018-08-02 22:46:04";57
"2018-08-02 22:56:05";56
"2018-08-02 23:06:04";56
"2018-08-02 23:16:05";56
"2018-08-02 23:26:04";56
"2018-08-02 23:36:06";56
"2018-08-02 23:46:05";56
"2018-08-02 23:56:11";51
"2018-08-03 00:06:06";51
"2018-08-03 00:16:05";51
"2018-08-03 00:26:05";54
"2018-08-03 00:36:05";54
"2018-08-03 00:46:06";54
"2018-08-03 00:56:05";56
"2018-08-03 01:06:05";56
"2018-08-03 01:16:05";56
"2018-08-03 01:26:05";56
"2018-08-03 01:36:04";56
"2018-08-03 01:46:05";56
"2018-08-03 02:06:04";56
"2018-08-03 02:16:04";56
"2018-08-03 02:26:05";56
"2018-08-03 02:36:05";56
"2018-08-03 02:46:05";56
"2018-08-03 02:56:10";55
"2018-08-03 03:06:04";55
"2018-08-03 03:16:04";55
"2018-08-03 03:26:05";55
"2018-08-03 03:36:04";55
"2018-08-03 03:46:05";55
"2018-08-03 03:56:05";49
"2018-08-03 04:06:04";49
"2018-08-03 04:16:05";49
"2018-08-03 04:26:04";52
"2018-08-03 04:36:05";52
"2018-08-03 04:46:04";52
"2018-08-03 04:56:05";52
"2018-08-03 05:06:05";52
"2018-08-03 05:16:04";52
"2018-08-03 05:26:05";49
"2018-08-03 05:36:04";49
"2018-08-03 05:56:05";49
"2018-08-03 06:06:04";49
"2018-08-03 06:16:04";49
"2018-08-03 06:26:04";49
"2018-08-03 06:36:04";49
"2018-08-03 06:46:05";49
"2018-08-03 06:56:04";52
"2018-08-03 07:06:04";52
"2018-08-03 07:16:05";52
"2018-08-03 07:26:04";50
"2018-08-03 07:36:04";50
"2018-08-03 07:46:05";50
"2018-08-03 07:56:04";52
"2018-08-03 08:06:04";52
"2018-08-03 08:16:04";52
"2018-08-03 08:26:04";52
"2018-08-03 08:36:05";52
"2018-08-03 08:46:05";52
"2018-08-03 08:56:05";49
"2018-08-03 09:06:04";49
"2018-08-03 09:16:05";49
"2018-08-03 09:26:04";52
"2018-08-03 09:36:04";52
"2018-08-03 09:46:04";52
"2018-08-03 10:06:05";50
"2018-08-03 10:16:05";50
"2018-08-03 10:26:05";50
"2018-08-03 10:36:04";50
"2018-08-03 10:46:04";50
"2018-08-03 10:56:05";48
"2018-08-03 11:06:05";48
"2018-08-03 11:16:05";48
"2018-08-03 11:26:04";47
"2018-08-03 11:36:04";47
"2018-08-03 11:46:05";47
"2018-08-03 11:56:10";46
"2018-08-03 12:06:05";46
"2018-08-03 12:16:04";46
"2018-08-03 12:26:05";47
"2018-08-03 12:36:04";47
"2018-08-03 12:46:04";47
"2018-08-03 12:56:05";47
"2018-08-03 13:06:05";47
"2018-08-03 13:16:04";47
"2018-08-03 13:26:05";45
"2018-08-03 13:36:04";45
"2018-08-03 13:46:05";45
"2018-08-03 14:06:05";50
"2018-08-03 14:16:05";50
"2018-08-03 14:26:04";50
"2018-08-03 14:36:05";50
"2018-08-03 14:46:05";50
"2018-08-03 14:56:05";51
"2018-08-03 15:06:05";51
"2018-08-03 15:16:05";51
"2018-08-03 15:26:04";52
"2018-08-03 15:36:05";52
"2018-08-03 15:46:05";52
"2018-08-03 15:56:05";51
"2018-08-03 16:16:05";51
"2018-08-03 16:26:05";51
"2018-08-03 16:36:05";51
"2018-08-03 16:46:05";51
"2018-08-03 16:56:05";52
"2018-08-03 17:06:05";52
"2018-08-03 17:16:05";52
"2018-08-03 17:26:05";54
"2018-08-03 17:36:05";54
"2018-08-03 17:46:05";54
"2018-08-03 17:56:05";57
"2018-08-03 18:06:05";57
"2018-08-03 18:16:04";57
"2018-08-03 18:26:04";58
"2018-08-03 18:36:05";58
"2018-08-03 18:46:05";58
"2018-08-03 18:56:05";58
"2018-08-03 19:06:05";58
"2018-08-03 19:16:05";58
"2018-08-03 19:26:05";62
"2018-08-03 19:36:04";62
"2018-08-03 19:46:05";62
"2018-08-03 19:56:05";61
"2018-08-03 20:16:05";61
"2018-08-03 20:26:05";72
"2018-08-03 20:36:05";72
"2018-08-03 20:46:05";72
"2018-08-03 20:56:05";68
"2018-08-03 21:06:05";68
"2018-08-03 21:16:05";68
"2018-08-03 21:26:05";67
"2018-08-03 21:36:04";67
"2018-08-03 21:46:05";67
"2018-08-03 21:56:05";64
"2018-08-03 22:06:07";64
"2018-08-03 22:16:05";64
"2018-08-03 22:26:06";62
"2018-08-03 22:36:05";62
"2018-08-03 22:46:05";62
"2018-08-03 22:56:04";64
"2018-08-03 23:06:04";64
"2018-08-03 23:16:04";64
"2018-08-03 23:26:04";62
"2018-08-03 23:36:05";62
"2018-08-03 23:56:11";60
"2018-08-04 00:06:06";60
"2018-08-04 00:16:05";60
"2018-08-04 00:26:05";61
"2018-08-04 00:36:04";61
"2018-08-04 00:46:06";61
"2018-08-04 00:56:05";60
"2018-08-04 01:06:05";60
"2018-08-04 01:16:05";60
"2018-08-04 01:26:04";74
"2018-08-04 01:36:04";74
"2018-08-04 01:46:05";74
"2018-08-04 01:56:05";66
"2018-08-04 02:06:04";66
"2018-08-04 02:16:04";66
"2018-08-04 02:26:05";62
"2018-08-04 02:36:09";62
"2018-08-04 02:46:05";62
"2018-08-04 02:56:10";62
"2018-08-04 03:06:04";62
"2018-08-04 03:16:05";62
"2018-08-04 03:26:04";65
"2018-08-04 03:36:04";65
"2018-08-04 03:46:05";65
"2018-08-04 04:06:05";73
"2018-08-04 04:16:05";73
"2018-08-04 04:26:04";69
"2018-08-04 04:36:05";69
"2018-08-04 04:46:04";69
"2018-08-04 04:56:04";67
"2018-08-04 05:06:05";67
"2018-08-04 05:16:05";67
"2018-08-04 05:26:04";64
"2018-08-04 05:36:05";64
"2018-08-04 05:46:05";64
"2018-08-04 05:56:04";64
"2018-08-04 06:06:05";64
"2018-08-04 06:16:04";64
"2018-08-04 06:26:05";62
"2018-08-04 06:36:04";62
"2018-08-04 06:46:04";62
"2018-08-04 06:56:05";60
"2018-08-04 07:06:04";60
"2018-08-04 07:16:05";60
"2018-08-04 07:26:05";56
"2018-08-04 07:36:04";56
"2018-08-04 07:46:05";56
"2018-08-04 07:56:04";58
"2018-08-04 08:16:05";58
"2018-08-04 08:26:05";58
"2018-08-04 08:36:04";58
"2018-08-04 08:46:05";58
"2018-08-04 08:56:04";60
"2018-08-04 09:06:05";60
"2018-08-04 09:16:04";60
"2018-08-04 09:26:05";57
"2018-08-04 09:36:05";57
"2018-08-04 09:46:05";57
"2018-08-04 09:56:05";58
"2018-08-04 10:06:04";58
"2018-08-04 10:16:05";58
"2018-08-04 10:26:05";55
"2018-08-04 10:36:05";55
"2018-08-04 10:46:05";55
"2018-08-04 10:56:04";54
"2018-08-04 11:06:04";54
"2018-08-04 11:16:05";54
"2018-08-04 11:26:04";51
"2018-08-04 11:36:05";51
"2018-08-04 11:46:05";51
"2018-08-04 11:56:05";51
"2018-08-04 12:06:05";51
"2018-08-04 12:26:05";52
"2018-08-04 12:36:05";52
"2018-08-04 12:46:05";52
"2018-08-04 12:56:05";54
"2018-08-04 13:06:05";54
"2018-08-04 13:16:05";54
"2018-08-04 13:26:05";54
"2018-08-04 13:36:05";54
"2018-08-04 13:46:05";54
"2018-08-04 13:56:04";57
"2018-08-04 14:06:05";57
"2018-08-04 14:16:05";57
"2018-08-04 14:26:05";56
"2018-08-04 14:36:05";56
"2018-08-04 14:46:05";56
"2018-08-04 14:56:04";57
"2018-08-04 15:06:04";57
"2018-08-04 15:16:05";57
"2018-08-04 15:26:05";57
"2018-08-04 15:36:04";57
"2018-08-04 15:46:05";57
"2018-08-04 15:56:05";55
"2018-08-04 16:16:04";55
"2018-08-04 16:26:04";57
"2018-08-04 16:36:04";57
"2018-08-04 16:46:04";57
"2018-08-04 16:56:04";57
"2018-08-04 17:06:05";57
"2018-08-04 17:16:04";57
"2018-08-04 17:26:05";61
"2018-08-04 17:36:04";61
"2018-08-04 17:46:05";61
"2018-08-04 17:56:10";60
"2018-08-04 18:06:04";60
"2018-08-04 18:16:05";60
"2018-08-04 18:26:04";63
"2018-08-04 18:36:05";63
"2018-08-04 18:46:05";63
"2018-08-04 18:56:05";62
"2018-08-04 19:06:04";62
"2018-08-04 19:16:05";62
"2018-08-04 19:26:04";62
"2018-08-04 19:46:05";62
"2018-08-04 19:56:04";64
"2018-08-04 20:06:05";64
"2018-08-04 20:16:05";64
"2018-08-04 20:26:04";66
"2018-08-04 20:36:05";66
"2018-08-04 20:46:04";66
"2018-08-04 20:56:14";61
"2018-08-04 21:06:05";61
"2018-08-04 21:16:04";61
"2018-08-04 21:26:05";62
"2018-08-04 21:36:05";62
"2018-08-04 21:46:04";62
"2018-08-04 21:56:05";64
"2018-08-04 22:06:06";64
"2018-08-04 22:16:06";64
"2018-08-04 22:26:05";62
"2018-08-04 22:36:04";62
"2018-08-04 22:46:05";62
"2018-08-04 22:56:05";62
"2018-08-04 23:06:04";62
"2018-08-04 23:26:05";60
"2018-08-05 00:36:05";60
"2018-08-05 00:46:06";60
"2018-08-05 00:56:05";58
"2018-08-05 01:06:05";58
"2018-08-05 01:16:05";58
"2018-08-05 01:26:05";58
"2018-08-05 01:36:05";58
"2018-08-05 01:46:06";58
"2018-08-05 01:56:10";56
"2018-08-05 02:06:05";56
"2018-08-05 02:16:05";56
"2018-08-05 02:26:04";56
"2018-08-05 02:36:04";56
"2018-08-05 02:46:05";56
"2018-08-05 02:56:05";56
"2018-08-05 03:06:05";56
"2018-08-05 03:16:04";56
"2018-08-05 03:26:04";56
"2018-08-05 03:36:04";56
"2018-08-05 03:46:04";56
"2018-08-05 03:56:05";55
"2018-08-05 04:06:04";55
"2018-08-05 04:16:04";55
"2018-08-05 04:36:04";55
"2018-08-05 04:46:04";55
"2018-08-05 04:56:10";55
"2018-08-05 05:06:04";55
"2018-08-05 05:16:05";55
"2018-08-05 05:26:05";54
"2018-08-05 05:36:05";54
"2018-08-05 05:46:04";54
"2018-08-05 05:56:04";51
"2018-08-05 06:06:05";51
"2018-08-05 06:16:04";51
"2018-08-05 06:26:04";54
"2018-08-05 06:36:04";54
"2018-08-05 06:46:05";54
"2018-08-05 06:56:10";55
"2018-08-05 07:06:05";55
"2018-08-05 07:16:05";55
"2018-08-05 07:26:05";54
"2018-08-05 07:36:05";54
"2018-08-05 07:46:04";54
"2018-08-05 07:56:10";52
"2018-08-05 08:06:04";52
"2018-08-05 08:26:04";54
"2018-08-05 08:36:04";54
"2018-08-05 08:46:05";54
"2018-08-05 08:56:15";52
"2018-08-05 09:06:05";52
"2018-08-05 09:16:05";52
"2018-08-05 09:26:05";51
"2018-08-05 09:36:05";51
"2018-08-05 09:46:05";51
"2018-08-05 09:56:10";51
"2018-08-05 10:06:04";51
"2018-08-05 10:16:05";51
"2018-08-05 10:26:05";52
"2018-08-05 10:36:05";52
"2018-08-05 10:46:05";52
"2018-08-05 10:56:05";50
"2018-08-05 11:06:04";50
"2018-08-05 11:16:05";50
"2018-08-05 11:26:05";50
"2018-08-05 11:36:05";50
"2018-08-05 11:46:05";50
"2018-08-05 11:56:14";46
"2018-08-05 12:06:05";46
"2018-08-05 12:16:05";48
"2018-08-05 12:36:05";48
"2018-08-05 12:46:05";48
"2018-08-05 12:56:05";50
"2018-08-05 13:06:04";50
"2018-08-05 13:16:05";50
"2018-08-05 13:26:05";50
"2018-08-05 13:36:04";50
"2018-08-05 13:46:04";50
"2018-08-05 13:56:05";52
"2018-08-05 14:06:05";52
"2018-08-05 14:16:04";52
"2018-08-05 14:26:05";51
"2018-08-05 14:36:05";51
"2018-08-05 14:46:05";51
"2018-08-05 14:56:14";52
"2018-08-05 15:06:05";52
"2018-08-05 15:16:05";52
"2018-08-05 15:26:04";52
"2018-08-05 15:36:05";52
"2018-08-05 15:46:05";52
"2018-08-05 15:56:09";54
"2018-08-05 16:06:05";54
"2018-08-05 16:26:05";52
"2018-08-05 16:36:05";52
"2018-08-05 16:46:05";52
"2018-08-05 16:56:05";52
"2018-08-05 17:06:05";52
"2018-08-05 17:16:05";52
"2018-08-05 17:26:05";50
"2018-08-05 17:36:04";50
"2018-08-05 17:46:04";50
"2018-08-05 17:56:09";52
"2018-08-05 18:06:04";52
"2018-08-05 18:16:04";52
"2018-08-05 18:26:05";52
"2018-08-05 18:36:05";52
"2018-08-05 18:46:05";52
"2018-08-05 18:56:04";55
"2018-08-05 19:06:04";55
"2018-08-05 19:16:05";55
"2018-08-05 19:26:04";55
"2018-08-05 19:36:05";55
"2018-08-05 19:46:05";55
"2018-08-05 20:06:04";55
"2018-08-05 20:16:04";55
"2018-08-05 20:26:04";52
"2018-08-05 20:36:05";52
"2018-08-05 20:46:04";52
"2018-08-05 20:56:05";58
"2018-08-05 21:06:05";58
"2018-08-05 21:16:04";58
"2018-08-05 21:26:05";58
"2018-08-05 21:36:05";58
"2018-08-05 21:46:05";58
"2018-08-05 21:56:05";58
"2018-08-05 22:06:05";58
"2018-08-05 22:16:06";58
"2018-08-05 22:26:06";61
"2018-08-05 22:36:04";61
"2018-08-05 22:46:05";61
"2018-08-05 22:56:05";60
"2018-08-05 23:06:04";60
"2018-08-05 23:16:04";60
"2018-08-05 23:26:05";58
"2018-08-05 23:46:06";58
"2018-08-05 23:56:10";58
"2018-08-06 00:06:04";58
"2018-08-06 00:16:05";58
"2018-08-06 00:26:05";57
"2018-08-06 00:36:05";57
"2018-08-06 00:46:06";57
"2018-08-06 00:56:04";57
"2018-08-06 01:06:05";57
"2018-08-06 01:16:05";57
"2018-08-06 01:26:06";56
"2018-08-06 01:36:05";56
"2018-08-06 01:46:05";56
"2018-08-06 01:56:10";56
"2018-08-06 02:06:04";56
"2018-08-06 02:16:05";55
"2018-08-06 02:26:04";55
"2018-08-06 02:36:05";55
"2018-08-06 02:46:05";55
"2018-08-06 02:56:15";54
"2018-08-06 03:06:05";54
"2018-08-06 03:16:05";54
"2018-08-06 03:26:05";52
"2018-08-06 03:46:05";52
"2018-08-06 03:56:10";52
"2018-08-06 04:06:04";52
"2018-08-06 04:16:04";52
"2018-08-06 04:26:05";52
"2018-08-06 04:36:04";52
"2018-08-06 04:46:05";54
"2018-08-06 04:56:09";54
"2018-08-06 05:06:05";54
"2018-08-06 05:16:04";54
"2018-08-06 05:26:05";50
"2018-08-06 05:36:04";50
"2018-08-06 05:46:05";50
"2018-08-06 05:56:05";51
"2018-08-06 06:06:05";51
"2018-08-06 06:16:05";51
"2018-08-06 06:26:04";51
"2018-08-06 06:36:05";51
"2018-08-06 06:46:05";51
"2018-08-06 06:56:09";52
"2018-08-06 07:06:05";52
"2018-08-06 07:16:05";52
"2018-08-06 07:26:05";50
"2018-08-06 07:36:04";50
"2018-08-06 07:56:04";51
"2018-08-06 08:06:05";51
"2018-08-06 08:16:05";51
"2018-08-06 08:26:05";50
"2018-08-06 08:36:05";50
"2018-08-06 08:46:04";50
"2018-08-06 08:56:04";49
"2018-08-06 09:06:04";49
"2018-08-06 09:16:05";49
"2018-08-06 09:26:05";49
"2018-08-06 09:36:05";49
"2018-08-06 09:46:04";49
"2018-08-06 09:56:05";49
"2018-08-06 10:06:04";49
"2018-08-06 10:16:05";49
"2018-08-06 10:26:05";49
"2018-08-06 10:36:04";49
"2018-08-06 10:46:04";49
"2018-08-06 10:56:04";49
"2018-08-06 11:06:05";49
"2018-08-06 11:16:05";49
"2018-08-06 11:26:05";47
"2018-08-06 11:46:04";47
"2018-08-06 11:56:04";46
"2018-08-06 12:06:04";46
"2018-08-06 12:16:04";46
"2018-08-06 12:26:04";47
"2018-08-06 12:36:04";47
"2018-08-06 12:46:05";47
"2018-08-06 12:56:05";49
"2018-08-06 13:06:05";49
"2018-08-06 13:16:05";49
"2018-08-06 13:26:04";48
"2018-08-06 13:36:04";48
"2018-08-06 13:46:04";48
"2018-08-06 13:56:05";49
"2018-08-06 14:06:05";49
"2018-08-06 14:16:05";49
"2018-08-06 14:26:05";50
"2018-08-06 14:36:05";50
"2018-08-06 14:46:04";50
"2018-08-06 14:56:05";51
"2018-08-06 15:06:05";51
"2018-08-06 15:16:05";51
"2018-08-06 15:36:05";50
"2018-08-06 15:46:05";50
"2018-08-06 15:56:05";52
"2018-08-06 16:06:05";52
"2018-08-06 16:16:05";52
"2018-08-06 16:26:05";52
"2018-08-06 16:36:04";52
"2018-08-06 16:46:05";52
"2018-08-06 16:56:05";54
"2018-08-06 17:06:04";54
"2018-08-06 17:16:05";54
"2018-08-06 17:26:04";51
"2018-08-06 17:36:04";51
"2018-08-06 17:46:05";51
"2018-08-06 17:56:05";52
"2018-08-06 18:06:05";52
"2018-08-06 18:16:05";52
"2018-08-06 18:36:05";67
"2018-08-06 18:46:04";67
"2018-08-06 18:56:10";69
"2018-08-06 19:06:04";69
"2018-08-06 19:16:05";69
"2018-08-06 19:26:04";66
"2018-08-06 19:36:04";66
"2018-08-06 19:46:05";66
"2018-08-06 19:56:04";64
"2018-08-06 20:06:04";64
"2018-08-06 20:16:05";64
"2018-08-06 20:26:05";62
"2018-08-06 20:36:05";62
"2018-08-06 20:46:05";62
"2018-08-06 20:56:05";60
"2018-08-06 21:06:05";60
"2018-08-06 21:16:04";60
"2018-08-06 21:26:05";61
"2018-08-06 21:36:04";61
"2018-08-06 21:46:05";61
"2018-08-06 21:56:05";58
"2018-08-06 22:06:07";58
"2018-08-06 22:16:05";58
"2018-08-06 22:36:05";56
"2018-08-06 22:46:05";56
"2018-08-06 22:56:05";56
"2018-08-06 23:06:05";55
"2018-08-06 23:16:05";55
"2018-08-06 23:26:05";54
"2018-08-06 23:36:05";54
"2018-08-06 23:46:05";54
"2018-08-06 23:56:06";56
"2018-08-07 00:06:06";56
"2018-08-07 00:16:05";56
"2018-08-07 00:26:05";54
"2018-08-07 00:36:05";54
"2018-08-07 00:46:06";54
"2018-08-07 00:56:10";51
"2018-08-07 01:06:07";51
"2018-08-07 01:16:05";51
"2018-08-07 01:26:05";52
"2018-08-07 01:36:04";52
"2018-08-07 01:46:05";52
"2018-08-07 01:56:09";52
"2018-08-07 02:16:05";52
"2018-08-07 02:26:05";52
"2018-08-07 02:36:05";52
"2018-08-07 02:46:05";52
"2018-08-07 02:56:04";51
"2018-08-07 03:06:04";51
"2018-08-07 03:16:05";51
"2018-08-07 03:26:05";51
"2018-08-07 03:36:05";51
"2018-08-07 03:46:04";51
"2018-08-07 03:56:05";52
"2018-08-07 04:06:04";52
"2018-08-07 04:16:04";52
"2018-08-07 04:26:04";50
"2018-08-07 04:36:04";50
"2018-08-07 04:46:05";50
"2018-08-07 04:56:10";51
"2018-08-07 05:06:05";51
"2018-08-07 05:16:05";51
"2018-08-07 05:26:05";50
"2018-08-07 05:36:04";50
"2018-08-07 05:46:05";50
"2018-08-07 05:56:05";48
"2018-08-07 06:06:04";48
"2018-08-07 06:26:05";48
"2018-08-07 06:36:05";48
"2018-08-07 06:46:05";48
"2018-08-07 06:56:09";49
"2018-08-07 07:06:05";49
"2018-08-07 07:16:04";49
"2018-08-07 07:26:04";49
"2018-08-07 07:36:05";49
"2018-08-07 07:46:04";49
"2018-08-07 07:56:04";47
"2018-08-07 08:06:04";47
"2018-08-07 08:16:04";47
"2018-08-07 08:26:05";51
"2018-08-07 08:36:04";51
"2018-08-07 08:46:05";51
"2018-08-07 08:56:05";49
"2018-08-07 09:06:04";49
"2018-08-07 09:36:04";51
"2018-08-07 09:46:04";51
"2018-08-07 09:56:05";48
"2018-08-07 10:06:04";48
"2018-08-07 10:16:05";48
"2018-08-07 10:26:05";48
"2018-08-07 10:36:04";48
"2018-08-07 10:46:05";48
"2018-08-07 10:56:05";46
"2018-08-07 11:06:05";46
"2018-08-07 11:16:04";46
"2018-08-07 11:26:05";46
"2018-08-07 11:36:04";46
"2018-08-07 11:46:05";46
"2018-08-07 11:56:10";46
"2018-08-07 12:16:04";46
"2018-08-07 12:26:05";47
"2018-08-07 12:36:04";47
"2018-08-07 12:46:05";47
"2018-08-07 12:56:05";45
"2018-08-07 13:06:05";45
"2018-08-07 13:16:04";45
"2018-08-07 13:26:05";47
"2018-08-07 13:36:04";47
"2018-08-07 13:46:05";47
"2018-08-07 13:56:05";47
"2018-08-07 14:06:04";47
"2018-08-07 14:16:15";47
"2018-08-07 14:26:04";48
"2018-08-07 14:36:10";48
"2018-08-07 14:46:05";48
"2018-08-07 14:56:04";48
"2018-08-07 15:06:05";48
"2018-08-07 15:16:04";48
"2018-08-07 15:26:05";50
"2018-08-07 15:36:05";50
"2018-08-07 15:46:05";50
"2018-08-07 16:06:04";48
"2018-08-07 16:16:05";48
"2018-08-07 16:26:05";52
"2018-08-07 16:36:04";52
"2018-08-07 16:46:05";52
"2018-08-07 16:56:05";55
"2018-08-07 17:06:05";55
"2018-08-07 17:16:04";55
"2018-08-07 17:26:05";55
"2018-08-07 17:36:05";55
"2018-08-07 17:46:04";55
"2018-08-07 17:56:05";57
"2018-08-07 18:06:04";57
"2018-08-07 18:16:05";57
"2018-08-07 18:26:05";56
"2018-08-07 18:36:04";56
"2018-08-07 18:46:05";56
"2018-08-07 18:56:05";55
"2018-08-07 19:06:04";55
"2018-08-07 19:16:05";55
"2018-08-07 19:26:04";55
"2018-08-07 19:36:05";55
"2018-08-07 19:46:05";55
"2018-08-07 20:06:05";55
"2018-08-07 20:16:05";55
"2018-08-07 20:26:05";54
"2018-08-07 20:36:04";54
"2018-08-07 20:46:05";54
"2018-08-07 20:56:05";54
"2018-08-07 21:06:04";54
"2018-08-07 21:16:05";54
"2018-08-07 21:26:05";54
"2018-08-07 21:36:05";54
"2018-08-07 21:46:05";54
"2018-08-07 21:56:04";55
"2018-08-07 22:06:06";55
"2018-08-07 22:16:06";55
"2018-08-07 22:26:06";52
"2018-08-07 22:36:05";52
"2018-08-07 22:46:05";52
"2018-08-07 22:56:04";57
"2018-08-07 23:06:05";57
"2018-08-07 23:16:05";57
"2018-08-07 23:26:05";65
"2018-08-07 23:36:05";65
"2018-08-07 23:46:04";65
"2018-08-08 00:06:06";60
"2018-08-08 00:16:05";60
"2018-08-08 00:26:06";60
"2018-08-08 00:36:05";60
"2018-08-08 00:46:07";61
"2018-08-08 00:56:05";61
"2018-08-08 01:06:04";61
"2018-08-08 01:16:05";64
"2018-08-08 01:26:05";64
"2018-08-08 01:36:04";64
"2018-08-08 01:46:06";64
"2018-08-08 01:56:04";68
"2018-08-08 02:06:05";68
"2018-08-08 02:16:05";68
"2018-08-08 02:36:05";74
"2018-08-08 02:46:05";74
"2018-08-08 02:56:04";78
"2018-08-08 03:06:05";78
"2018-08-08 03:16:05";73
"2018-08-08 03:26:04";73
"2018-08-08 03:36:05";73
"2018-08-08 03:46:04";73
"2018-08-08 03:56:05";72
"2018-08-08 04:06:04";72
"2018-08-08 04:16:04";72
"2018-08-08 04:26:04";70
"2018-08-08 04:36:04";70
"2018-08-08 04:46:04";70
"2018-08-08 04:56:09";67
"2018-08-08 05:06:04";67
"2018-08-08 05:16:05";67
"2018-08-08 05:26:05";66
"2018-08-08 05:36:04";66
"2018-08-08 05:46:05";64
"2018-08-08 05:56:04";64
"2018-08-08 06:06:04";64
"2018-08-08 06:16:05";64
"2018-08-08 06:26:04";64
"2018-08-08 06:46:05";64
"2018-08-08 06:56:05";63
"2018-08-08 07:06:04";63
"2018-08-08 07:16:05";63
"2018-08-08 07:26:05";62
"2018-08-08 07:36:04";62
"2018-08-08 07:46:05";62
"2018-08-08 07:56:05";63
"2018-08-08 08:06:05";63
"2018-08-08 08:16:04";63
"2018-08-08 08:26:05";61
"2018-08-08 08:36:04";61
"2018-08-08 08:46:05";61
"2018-08-08 08:56:05";58
"2018-08-08 09:06:05";58
"2018-08-08 09:16:04";58
"2018-08-08 09:26:05";60
"2018-08-08 09:36:04";60
"2018-08-08 09:46:05";60
"2018-08-08 09:56:05";58
"2018-08-08 10:06:04";58
"2018-08-08 10:16:05";58
"2018-08-08 10:26:04";56
"2018-08-08 10:46:05";56
"2018-08-08 10:56:05";58
"2018-08-08 11:06:04";58
"2018-08-08 11:16:04";58
"2018-08-08 11:26:04";55
"2018-08-08 11:36:05";55
"2018-08-08 11:46:05";55
"2018-08-08 11:56:05";55
"2018-08-08 12:06:05";55
"2018-08-08 12:16:05";55
"2018-08-08 12:26:04";54
"2018-08-08 12:36:04";54
"2018-08-08 12:46:05";54
"2018-08-08 12:56:05";54
"2018-08-08 13:06:04";54
"2018-08-08 13:16:05";54
"2018-08-08 13:26:05";56
"2018-08-08 13:36:04";56
"2018-08-08 13:46:05";56
"2018-08-08 13:56:05";52
"2018-08-08 14:06:05";52
"2018-08-08 14:16:04";52
"2018-08-08 14:26:05";56
"2018-08-08 14:46:05";56
"2018-08-08 14:56:10";56
"2018-08-08 15:06:05";56
"2018-08-08 15:16:05";56
"2018-08-08 15:26:05";55
"2018-08-08 15:36:04";55
"2018-08-08 15:46:05";55
"2018-08-08 15:56:09";55
"2018-08-08 16:06:05";55
"2018-08-08 16:16:05";55
"2018-08-08 16:26:05";56
"2018-08-08 16:36:04";56
"2018-08-08 16:46:05";56
"2018-08-08 16:56:15";55
"2018-08-08 17:06:04";55
"2018-08-08 17:16:05";55
"2018-08-08 17:26:04";54
"2018-08-08 17:36:04";54
"2018-08-08 17:56:05";56
"2018-08-08 18:06:05";56
"2018-08-08 18:16:05";56
"2018-08-08 18:26:05";58
"2018-08-08 18:36:05";58
"2018-08-08 18:46:05";58
"2018-08-08 18:56:05";62
"2018-08-08 19:06:05";62
"2018-08-08 19:16:04";62
"2018-08-08 19:26:05";65
"2018-08-08 19:36:04";65
"2018-08-08 19:46:05";65
"2018-08-08 19:56:05";65
"2018-08-08 20:06:05";65
"2018-08-08 20:16:05";65
"2018-08-08 20:26:05";65
"2018-08-08 20:36:05";65
"2018-08-08 20:46:05";65
"2018-08-08 20:56:05";62
"2018-08-08 21:06:04";62
"2018-08-08 21:16:05";62
"2018-08-08 21:36:05";63
"2018-08-08 21:46:05";63
"2018-08-08 21:56:04";60
"2018-08-08 22:06:06";60
"2018-08-08 22:16:06";60
"2018-08-08 22:26:05";61
"2018-08-08 22:36:04";61
"2018-08-08 22:46:05";61
"2018-08-08 22:56:05";61
"2018-08-08 23:06:05";61
"2018-08-08 23:16:05";61
"2018-08-08 23:26:05";60
"2018-08-08 23:36:06";60
"2018-08-08 23:46:05";60
"2018-08-08 23:56:11";61
"2018-08-09 00:06:06";61
"2018-08-09 00:16:06";61
"2018-08-09 00:26:05";58
"2018-08-09 00:36:05";58
"2018-08-09 00:46:06";58
"2018-08-09 00:56:05";58
"2018-08-09 01:06:04";58
"2018-08-09 01:16:05";58
"2018-08-09 01:36:05";58
"2018-08-09 01:46:05";58
"2018-08-09 01:56:05";55
"2018-08-09 02:06:05";55
"2018-08-09 02:16:05";55
"2018-08-09 02:26:05";58
"2018-08-09 02:36:05";58
"2018-08-09 02:46:05";58
"2018-08-09 02:56:05";58
"2018-08-09 03:06:04";58
"2018-08-09 03:16:05";58
"2018-08-09 03:26:05";60
"2018-08-09 03:36:04";60
"2018-08-09 03:46:05";57
"2018-08-09 04:06:05";57
"2018-08-09 04:16:05";57
"2018-08-09 04:26:05";56
"2018-08-09 04:36:04";56
"2018-08-09 04:46:05";56
"2018-08-09 04:56:05";56
"2018-08-09 05:06:05";56
"2018-08-09 05:16:05";56
"2018-08-09 05:26:05";55
"2018-08-09 05:36:05";55
"2018-08-09 05:46:04";55
"2018-08-09 05:56:10";57
"2018-08-09 06:06:05";57
"2018-08-09 06:16:04";57
"2018-08-09 06:36:05";52
"2018-08-09 06:46:04";52
"2018-08-09 06:56:09";55
"2018-08-09 07:06:05";55
"2018-08-09 07:16:04";55
"2018-08-09 07:26:05";55
"2018-08-09 07:36:04";55
"2018-08-09 07:46:04";55
"2018-08-09 07:56:05";52
"2018-08-09 08:06:05";52
"2018-08-09 08:16:05";52
"2018-08-09 08:26:04";52
"2018-08-09 08:36:04";52
"2018-08-09 08:46:04";52
"2018-08-09 08:56:05";52
"2018-08-09 09:16:05";52
"2018-08-09 09:26:04";52
"2018-08-09 09:36:04";52
"2018-08-09 09:46:05";52
"2018-08-09 09:56:10";54
"2018-08-09 10:06:04";54
"2018-08-09 10:16:05";54
"2018-08-09 10:26:05";52
"2018-08-09 10:36:05";52
"2018-08-09 10:46:05";52
"2018-08-09 10:56:09";52
"2018-08-09 11:06:04";52
"2018-08-09 11:16:04";52
"2018-08-09 11:26:04";48
"2018-08-09 11:36:05";48
"2018-08-09 11:46:05";48
"2018-08-09 12:06:04";50
"2018-08-09 12:16:05";50
"2018-08-09 12:26:04";51
"2018-08-09 12:36:04";51
"2018-08-09 12:46:05";51
"2018-08-09 12:56:09";49
"2018-08-09 13:06:04";49
"2018-08-09 13:16:05";49
"2018-08-09 13:26:05";51
"2018-08-09 13:36:05";51
"2018-08-09 13:46:05";51
"2018-08-09 13:56:10";48
"2018-08-09 14:06:05";48
"2018-08-09 14:16:04";48
"2018-08-09 14:26:05";50
"2018-08-09 14:36:05";50
"2018-08-09 14:46:05";50
"2018-08-09 14:56:10";49
"2018-08-09 15:06:04";49
"2018-08-09 15:16:05";49
"2018-08-09 15:26:05";52
"2018-08-09 15:36:04";52
"2018-08-09 15:46:05";52
"2018-08-09 16:06:04";55
"2018-08-09 16:16:05";55
"2018-08-09 16:26:04";56
"2018-08-09 16:36:05";56
"2018-08-09 16:46:05";56
"2018-08-09 16:56:05";57
"2018-08-09 17:06:05";57
"2018-08-09 17:16:04";57
"2018-08-09 17:26:04";55
"2018-08-09 17:36:05";55
"2018-08-09 17:46:05";55
"2018-08-09 17:56:09";57
"2018-08-09 18:06:05";57
"2018-08-09 18:16:04";57
"2018-08-09 18:26:05";63
"2018-08-09 18:36:04";63
"2018-08-09 18:46:05";63
"2018-08-09 18:56:09";67
"2018-08-09 19:06:04";67
"2018-08-09 19:16:04";67
"2018-08-09 19:26:04";71
"2018-08-09 19:36:05";71
"2018-08-09 19:46:04";71
"2018-08-09 19:56:04";86
"2018-08-09 20:16:05";86
"2018-08-09 20:26:04";86
"2018-08-09 20:36:04";86
"2018-08-09 20:46:04";86
"2018-08-09 20:56:05";85
"2018-08-09 21:06:05";85
"2018-08-09 21:16:05";85
"2018-08-09 21:26:04";82
"2018-08-09 21:36:05";82
"2018-08-09 21:46:05";82
"2018-08-09 21:56:09";79
"2018-08-09 22:06:06";79
"2018-08-09 22:16:05";79
"2018-08-09 22:26:05";76
"2018-08-09 22:36:04";76
"2018-08-09 22:46:04";76
"2018-08-09 22:56:09";76
"2018-08-09 23:06:04";76
"2018-08-09 23:16:05";76
"2018-08-09 23:26:05";73
"2018-08-09 23:46:05";73
"2018-08-09 23:56:11";73
"2018-08-10 00:06:06";73
"2018-08-10 00:16:05";72
"2018-08-10 00:26:05";72
"2018-08-10 00:36:04";72
"2018-08-10 00:46:06";72
"2018-08-10 00:56:10";70
"2018-08-10 01:06:05";70
"2018-08-10 01:16:05";70
"2018-08-10 01:26:05";71
"2018-08-10 01:36:04";71
"2018-08-10 01:46:05";71
"2018-08-10 01:56:15";71
"2018-08-10 02:06:04";71
"2018-08-10 02:16:05";71
"2018-08-10 02:26:05";71
"2018-08-10 02:36:05";71
"2018-08-10 02:46:05";71
"2018-08-10 02:56:05";68
"2018-08-10 03:06:04";68
"2018-08-10 03:16:04";68
"2018-08-10 03:36:05";66
"2018-08-10 03:46:04";66
"2018-08-10 03:56:05";68
"2018-08-10 04:06:04";68
"2018-08-10 04:16:04";68
"2018-08-10 04:26:05";66
"2018-08-10 04:36:05";66
"2018-08-10 04:46:04";66
"2018-08-10 04:56:09";65
"2018-08-10 05:06:05";65
"2018-08-10 05:16:05";65
"2018-08-10 05:26:05";64
"2018-08-10 05:36:05";64
"2018-08-10 05:46:05";64
"2018-08-10 05:56:05";63
"2018-08-10 06:06:05";63
"2018-08-10 06:16:04";63
"2018-08-10 06:26:05";63
"2018-08-10 06:36:04";63
"2018-08-10 06:46:05";63
"2018-08-10 06:56:05";63
"2018-08-10 07:06:04";63
"2018-08-10 07:26:05";63
"2018-08-10 07:36:05";63
"2018-08-10 07:46:05";63
"2018-08-10 07:56:10";62
"2018-08-10 08:06:05";62
"2018-08-10 08:16:04";62
"2018-08-10 08:26:05";62
"2018-08-10 08:36:05";60
"2018-08-10 08:46:04";60
"2018-08-10 08:56:05";60
"2018-08-10 09:06:04";61
"2018-08-10 09:16:04";61
"2018-08-10 09:26:05";61
"2018-08-10 09:36:05";61
"2018-08-10 09:46:05";61
"2018-08-10 09:56:10";61
"2018-08-10 10:06:05";60
"2018-08-10 10:16:04";60
"2018-08-10 10:26:05";60
"2018-08-10 10:36:04";60
"2018-08-10 10:46:04";60
"2018-08-10 10:56:05";58
"2018-08-10 11:06:05";58
"2018-08-10 11:26:04";58
"2018-08-10 11:36:05";58
"2018-08-10 11:46:05";58
"2018-08-10 11:56:05";58
"2018-08-10 12:06:04";58
"2018-08-10 12:16:05";58
"2018-08-10 12:26:05";56
"2018-08-10 12:36:05";56
"2018-08-10 12:46:05";56
"2018-08-10 12:56:10";57
"2018-08-10 13:06:05";57
"2018-08-10 13:16:04";57
"2018-08-10 13:26:05";56
"2018-08-10 13:36:04";56
"2018-08-10 13:46:04";56
"2018-08-10 13:56:20";57
"2018-08-10 14:06:05";57
"2018-08-10 14:16:04";57
"2018-08-10 14:26:04";57
"2018-08-10 14:36:04";57
"2018-08-10 14:46:05";57
"2018-08-10 15:06:04";58
"2018-08-10 15:16:05";58
"2018-08-10 15:26:05";58
"2018-08-10 15:36:04";58
"2018-08-10 15:46:05";58
"2018-08-10 15:56:05";57
"2018-08-10 16:06:05";57
"2018-08-10 16:16:04";57
"2018-08-10 16:26:05";54
"2018-08-10 16:36:05";54
"2018-08-10 16:46:05";54
"2018-08-10 16:56:05";55
"2018-08-10 17:06:04";55
"2018-08-10 17:16:05";55
"2018-08-10 17:26:05";57
"2018-08-10 17:36:04";57
"2018-08-10 17:46:05";57
"2018-08-10 17:56:05";58
"2018-08-10 18:06:05";58
"2018-08-10 18:16:05";57
"2018-08-10 18:26:05";57
"2018-08-10 18:36:05";57
"2018-08-10 18:46:05";57
"2018-08-10 19:06:05";58
"2018-08-10 19:16:05";58
"2018-08-10 19:26:04";55
"2018-08-10 19:36:04";55
"2018-08-10 19:46:05";55
"2018-08-10 19:56:10";57
"2018-08-10 20:06:05";57
"2018-08-10 20:16:04";57
"2018-08-10 20:26:05";58
"2018-08-10 20:36:04";58
"2018-08-10 20:46:05";58
"2018-08-10 20:56:10";58
"2018-08-10 21:06:05";58
"2018-08-10 21:16:05";58
"2018-08-10 21:26:05";55
"2018-08-10 21:36:04";55
"2018-08-10 21:46:04";55
"2018-08-10 21:56:05";58
"2018-08-10 22:06:06";58
"2018-08-10 22:16:06";58
"2018-08-10 22:26:06";58
"2018-08-10 22:36:04";58
"2018-08-10 22:56:10";58
"2018-08-10 23:06:04";58
"2018-08-10 23:16:04";58
"2018-08-10 23:26:04";56
"2018-08-10 23:36:05";56
"2018-08-10 23:46:05";56
"2018-08-10 23:56:16";57
"2018-08-11 00:06:05";57
"2018-08-11 00:16:05";57
"2018-08-11 00:26:05";56
"2018-08-11 00:36:05";56
"2018-08-11 00:46:05";56
"2018-08-11 01:06:04";57
"2018-08-11 01:16:04";57
"2018-08-11 01:26:05";55
"2018-08-11 01:36:05";55
"2018-08-11 01:46:05";55
"2018-08-11 01:56:05";55
"2018-08-11 02:06:04";55
"2018-08-11 02:16:04";55
"2018-08-11 02:26:04";54
"2018-08-11 02:36:05";54
"2018-08-11 02:46:04";54
"2018-08-11 02:56:10";54
"2018-08-11 03:06:04";52
"2018-08-11 03:16:05";52
"2018-08-11 03:26:04";54
"2018-08-11 03:36:04";54
"2018-08-11 03:46:05";54
"2018-08-11 03:56:04";52
"2018-08-11 04:06:05";52
"2018-08-11 04:16:04";52
"2018-08-11 04:26:05";52
"2018-08-11 04:36:04";52
"2018-08-11 04:46:05";52
"2018-08-11 05:06:05";52
"2018-08-11 05:16:05";52
"2018-08-11 05:26:05";52
"2018-08-11 05:36:05";52
"2018-08-11 05:46:04";52
"2018-08-11 05:56:05";52
"2018-08-11 06:06:05";50
"2018-08-11 06:16:04";50
"2018-08-11 06:26:04";50
"2018-08-11 06:36:04";50
"2018-08-11 06:46:05";50
"2018-08-11 06:56:05";50
"2018-08-11 07:06:04";50
"2018-08-11 07:16:05";50
"2018-08-11 07:26:05";50
"2018-08-11 07:36:05";51
"2018-08-11 07:46:05";51
"2018-08-11 07:56:09";51
"2018-08-11 08:06:04";51
"2018-08-11 08:26:05";50
"2018-08-11 08:36:04";50
"2018-08-11 08:46:05";50
"2018-08-11 08:56:04";48
"2018-08-11 09:06:04";48
"2018-08-11 09:16:04";48
"2018-08-11 09:26:04";50
"2018-08-11 09:36:04";50
"2018-08-11 09:46:05";50
"2018-08-11 09:56:10";49
"2018-08-11 10:06:04";49
"2018-08-11 10:16:05";49
"2018-08-11 10:26:04";51
"2018-08-11 10:36:05";51
"2018-08-11 10:46:05";51
"2018-08-11 10:56:05";49
"2018-08-11 11:06:05";49
"2018-08-11 11:16:05";49
"2018-08-11 11:26:05";48
"2018-08-11 11:36:05";48
"2018-08-11 11:46:05";48
"2018-08-11 11:56:09";47
"2018-08-11 12:16:05";47
"2018-08-11 12:26:04";47
"2018-08-11 12:36:04";47
"2018-08-11 12:46:05";47
"2018-08-11 12:56:14";47
"2018-08-11 13:06:04";47
"2018-08-11 13:16:05";47
"2018-08-11 13:26:04";47
"2018-08-11 13:36:04";47
"2018-08-11 13:46:04";47
"2018-08-11 13:56:05";48
"2018-08-11 14:06:05";48
"2018-08-11 14:16:04";48
"2018-08-11 14:26:05";48
"2018-08-11 14:36:04";48
"2018-08-11 14:46:05";48
"2018-08-11 14:56:09";49
"2018-08-11 15:06:05";49
"2018-08-11 15:16:04";49
"2018-08-11 15:26:05";52
"2018-08-11 15:36:05";52
"2018-08-11 15:56:09";50
"2018-08-11 16:06:05";50
"2018-08-11 16:16:04";50
"2018-08-11 16:26:05";51
"2018-08-11 16:36:04";51
"2018-08-11 16:46:04";51
"2018-08-11 16:56:14";52
"2018-08-11 17:06:05";52
"2018-08-11 17:16:05";52
"2018-08-11 17:26:04";52
"2018-08-11 17:36:05";52
"2018-08-11 17:46:05";52
"2018-08-11 17:56:15";52
"2018-08-11 18:06:04";52
"2018-08-11 18:16:04";52
"2018-08-11 18:26:05";50
"2018-08-11 18:36:04";50
"2018-08-11 18:46:05";50
"2018-08-11 18:56:15";51
"2018-08-11 19:06:05";51
"2018-08-11 19:16:05";51
"2018-08-11 19:26:05";50
"2018-08-11 19:36:05";50
"2018-08-11 19:56:10";51
"2018-08-11 20:06:04";51
"2018-08-11 20:16:05";51
"2018-08-11 20:26:05";52
"2018-08-11 20:36:05";52
"2018-08-11 20:46:05";52
"2018-08-11 20:56:05";52
"2018-08-11 21:06:05";52
"2018-08-11 21:16:05";52
"2018-08-11 21:26:04";52
"2018-08-11 21:36:05";52
"2018-08-11 21:46:05";52
"2018-08-11 21:56:05";54
"2018-08-11 22:06:05";54
"2018-08-11 22:16:06";54
"2018-08-11 22:26:06";52
"2018-08-11 22:36:05";52
"2018-08-11 22:46:05";52
"2018-08-11 22:56:05";51
"2018-08-11 23:06:04";51
"2018-08-11 23:16:05";51
"2018-08-12 00:26:05";52
"2018-08-12 00:36:05";52
"2018-08-12 00:46:06";52
"2018-08-12 00:56:15";52
"2018-08-12 01:06:04";52
"2018-08-12 01:16:05";52
"2018-08-12 01:26:04";51
"2018-08-12 01:36:05";51
"2018-08-12 01:46:05";51
"2018-08-12 01:56:09";50
"2018-08-12 02:06:05";50
"2018-08-12 02:16:04";50
"2018-08-12 02:26:04";52
"2018-08-12 02:36:04";52
"2018-08-12 02:46:05";52
"2018-08-12 02:56:04";49
"2018-08-12 03:06:05";49
"2018-08-12 03:16:04";49
"2018-08-12 03:26:05";48
"2018-08-12 03:46:04";48
"2018-08-12 03:56:04";48
"2018-08-12 04:06:04";48
"2018-08-12 04:16:04";48
"2018-08-12 04:26:04";48
"2018-08-12 04:36:04";48
"2018-08-12 04:46:04";48
"2018-08-12 04:56:05";47
"2018-08-12 05:06:05";47
"2018-08-12 05:16:04";47
"2018-08-12 05:26:04";47
"2018-08-12 05:36:04";47
"2018-08-12 05:46:04";47
"2018-08-12 05:56:10";47
"2018-08-12 06:06:05";47
"2018-08-12 06:16:04";47
"2018-08-12 06:26:04";48
"2018-08-12 06:36:05";48
"2018-08-12 06:46:04";48
"2018-08-12 06:56:05";46
"2018-08-12 07:06:05";46
"2018-08-12 07:26:05";47
"2018-08-12 07:36:04";47
"2018-08-12 07:46:04";47
"2018-08-12 07:56:13";46
"2018-08-12 08:06:05";46
"2018-08-12 08:16:04";46
"2018-08-12 08:26:04";48
"2018-08-12 08:36:04";48
"2018-08-12 08:46:04";48
"2018-08-12 08:56:04";47
"2018-08-12 09:06:05";47
"2018-08-12 09:16:04";47
"2018-08-12 09:26:05";46
"2018-08-12 09:36:05";46
"2018-08-12 09:46:05";46
"2018-08-12 09:56:05";44
"2018-08-12 10:06:05";44
"2018-08-12 10:16:04";44
"2018-08-12 10:26:05";46
"2018-08-12 10:36:05";46
"2018-08-12 10:46:05";46
"2018-08-12 10:56:05";45
"2018-08-12 11:06:04";45
"2018-08-12 11:16:05";45
"2018-08-12 11:36:04";44
"2018-08-12 11:46:04";44
"2018-08-12 11:56:14";45
"2018-08-12 12:06:05";45
"2018-08-12 12:16:04";45
"2018-08-12 12:26:05";45
"2018-08-12 12:36:04";45
"2018-08-12 12:46:04";45
"2018-08-12 12:56:05";43
"2018-08-12 13:06:05";43
"2018-08-12 13:16:04";43
"2018-08-12 13:26:04";44
"2018-08-12 13:36:05";44
"2018-08-12 13:46:04";44
"2018-08-12 13:56:10";42
"2018-08-12 14:06:05";42
"2018-08-12 14:16:05";42
"2018-08-12 14:26:05";44
"2018-08-12 14:36:05";44
"2018-08-12 14:46:04";44
"2018-08-12 14:56:14";44
"2018-08-12 15:16:05";44
"2018-08-12 15:26:04";45
"2018-08-12 15:36:05";45
"2018-08-12 15:46:04";45
"2018-08-12 15:56:10";46
"2018-08-12 16:06:05";46
"2018-08-12 16:16:04";46
"2018-08-12 16:26:05";44
"2018-08-12 16:36:05";44
"2018-08-12 16:46:05";44
"2018-08-12 16:56:09";45
"2018-08-12 17:06:05";45
"2018-08-12 17:16:05";45
"2018-08-12 17:26:04";46
"2018-08-12 17:36:05";46
"2018-08-12 17:56:04";46
"2018-08-12 18:06:05";46
"2018-08-12 18:16:05";46
"2018-08-12 18:26:05";47
"2018-08-12 18:36:05";47
"2018-08-12 18:46:05";47
"2018-08-12 18:56:15";47
"2018-08-12 19:06:05";46
"2018-08-12 19:16:05";46
"2018-08-12 19:26:05";47
"2018-08-12 19:36:05";47
"2018-08-12 19:46:04";47
"2018-08-12 19:56:04";45
"2018-08-12 20:06:04";45
"2018-08-12 20:16:05";45
"2018-08-12 20:26:04";46
"2018-08-12 20:36:05";46
"2018-08-12 20:46:05";46
"2018-08-12 20:56:09";47
"2018-08-12 21:06:05";47
"2018-08-12 21:16:05";47
"2018-08-12 21:36:05";48
"2018-08-12 21:46:05";48
"2018-08-12 21:56:10";47
"2018-08-12 22:06:06";47
"2018-08-12 22:16:05";47
"2018-08-12 22:26:05";45
"2018-08-12 22:36:05";45
"2018-08-12 22:46:05";45
"2018-08-12 22:56:10";48
"2018-08-12 23:06:04";48
"2018-08-12 23:16:05";48
"2018-08-12 23:26:05";46
"2018-08-12 23:36:05";46
"2018-08-12 23:46:05";46
"2018-08-12 23:56:10";46
"2018-08-13 00:06:05";46
"2018-08-13 00:16:05";46
"2018-08-13 00:26:04";48
"2018-08-13 00:36:05";48
"2018-08-13 00:46:06";48
"2018-08-13 01:06:05";46
"2018-08-13 01:16:05";46
"2018-08-13 01:26:06";46
"2018-08-13 01:36:04";46
"2018-08-13 01:46:05";46
"2018-08-13 01:56:05";41
"2018-08-13 02:06:04";41
"2018-08-13 02:16:05";41
"2018-08-13 02:26:10";45
"2018-08-13 02:36:05";45
"2018-08-13 02:46:05";45
"2018-08-13 02:56:05";46
"2018-08-13 03:06:05";46
"2018-08-13 03:16:04";46
"2018-08-13 03:26:05";45
"2018-08-13 03:36:05";45
"2018-08-13 03:46:04";45
"2018-08-13 03:56:04";45
"2018-08-13 04:06:04";45
"2018-08-13 04:16:04";45
"2018-08-13 04:26:04";44
"2018-08-13 04:36:04";44
"2018-08-13 04:46:04";44
"2018-08-13 04:56:05";44
"2018-08-13 05:06:05";44
"2018-08-13 05:26:05";45
"2018-08-13 05:36:05";45
"2018-08-13 05:46:04";45
"2018-08-13 05:56:10";44
"2018-08-13 06:06:04";44
"2018-08-13 06:16:04";44
"2018-08-13 06:26:04";44
"2018-08-13 06:36:05";44
"2018-08-13 06:46:05";44
"2018-08-13 06:56:10";43
"2018-08-13 07:06:04";43
"2018-08-13 07:16:05";43
"2018-08-13 07:26:05";44
"2018-08-13 07:36:05";44
"2018-08-13 07:46:05";44
"2018-08-13 07:56:13";45
"2018-08-13 08:06:04";45
"2018-08-13 08:16:04";45
"2018-08-13 08:26:04";44
"2018-08-13 08:36:04";44
"2018-08-13 08:46:04";43
"2018-08-13 08:56:05";43
"2018-08-13 09:06:05";43
"2018-08-13 09:16:04";43
"2018-08-13 09:36:05";43
"2018-08-13 09:46:05";43
"2018-08-13 09:56:05";44
"2018-08-13 10:06:05";44
"2018-08-13 10:16:05";44
"2018-08-13 10:26:04";43
"2018-08-13 10:36:04";43
"2018-08-13 10:46:05";43
"2018-08-13 10:56:05";42
"2018-08-13 11:06:04";42
"2018-08-13 11:16:05";42
"2018-08-13 11:26:05";41
"2018-08-13 11:36:05";41
"2018-08-13 11:46:05";41
"2018-08-13 11:56:04";43
"2018-08-13 12:06:05";43
"2018-08-13 12:16:05";43
"2018-08-13 12:26:05";43
"2018-08-13 12:36:05";43
"2018-08-13 12:46:05";43
"2018-08-13 12:56:05";41
"2018-08-13 13:16:04";41
"2018-08-13 13:26:05";43
"2018-08-13 13:36:05";43
"2018-08-13 13:46:04";43
"2018-08-13 13:56:04";43
"2018-08-13 14:06:05";43
"2018-08-13 14:16:04";43
"2018-08-13 14:26:04";43
"2018-08-13 14:36:04";43
"2018-08-13 14:46:05";43
"2018-08-13 14:56:10";44
"2018-08-13 15:06:04";44
"2018-08-13 15:16:05";44
"2018-08-13 15:26:05";43
"2018-08-13 15:36:04";43
"2018-08-13 15:46:05";43
"2018-08-13 15:56:14";44
"2018-08-13 16:06:05";44
"2018-08-13 16:26:05";46
"2018-08-13 16:36:05";46
"2018-08-13 16:46:05";46
"2018-08-13 16:56:10";52
"2018-08-13 17:06:05";52
"2018-08-13 17:16:05";52
"2018-08-13 17:26:05";52
"2018-08-13 17:36:04";52
"2018-08-13 17:46:05";52
"2018-08-13 17:56:05";51
"2018-08-13 18:06:05";51
"2018-08-13 18:16:05";51
"2018-08-13 18:26:05";50
"2018-08-13 18:36:04";50
"2018-08-13 18:46:05";50
"2018-08-13 18:56:14";49
"2018-08-13 19:06:05";49
"2018-08-13 19:16:04";49
"2018-08-13 19:26:05";48
"2018-08-13 19:36:04";48
"2018-08-13 19:56:05";48
"2018-08-13 20:06:05";48
"2018-08-13 20:16:05";48
"2018-08-13 20:26:05";48
"2018-08-13 20:36:04";48
"2018-08-13 20:46:05";48
"2018-08-13 20:56:04";48
"2018-08-13 21:06:05";48
"2018-08-13 21:16:05";48
"2018-08-13 21:26:05";48
"2018-08-13 21:36:04";48
"2018-08-13 21:46:05";48
"2018-08-13 21:56:09";46
"2018-08-13 22:06:05";46
"2018-08-13 22:16:06";46
"2018-08-13 22:26:05";47
"2018-08-13 22:36:05";47
"2018-08-13 22:46:05";47
"2018-08-13 22:56:10";48
"2018-08-13 23:06:04";48
"2018-08-13 23:26:05";49
"2018-08-13 23:36:05";49
"2018-08-13 23:46:05";49
"2018-08-13 23:56:10";51
"2018-08-14 00:06:07";51
"2018-08-14 00:16:05";51
"2018-08-14 00:26:05";49
"2018-08-14 00:36:05";49
"2018-08-14 00:46:06";49
"2018-08-14 00:56:10";48
"2018-08-14 01:06:05";48
"2018-08-14 01:16:05";48
"2018-08-14 01:26:04";47
"2018-08-14 01:36:05";47
"2018-08-14 01:46:06";47
"2018-08-14 01:56:05";46
"2018-08-14 02:06:04";46
"2018-08-14 02:16:04";46
"2018-08-14 02:26:05";46
"2018-08-14 02:36:05";46
"2018-08-14 02:46:05";46
"2018-08-14 02:56:04";47
"2018-08-14 03:06:04";47
"2018-08-14 03:26:05";48
"2018-08-14 03:36:05";48
"2018-08-14 03:46:05";48
"2018-08-14 03:56:05";49
"2018-08-14 04:06:04";49
"2018-08-14 04:16:05";49
"2018-08-14 04:26:05";46
"2018-08-14 04:36:04";46
"2018-08-14 04:46:04";46
"2018-08-14 04:56:05";46
"2018-08-14 05:06:05";46
"2018-08-14 05:16:05";46
"2018-08-14 05:26:04";46
"2018-08-14 05:36:05";46
"2018-08-14 05:46:05";46
"2018-08-14 05:56:05";46
"2018-08-14 06:06:04";46
"2018-08-14 06:16:04";46
"2018-08-14 06:26:05";45
"2018-08-14 06:36:04";45
"2018-08-14 06:46:05";45
"2018-08-14 06:56:05";44
"2018-08-14 07:06:05";44
"2018-08-14 07:16:04";44
"2018-08-14 07:36:05";44
"2018-08-14 07:46:04";44
"2018-08-14 07:56:10";44
"2018-08-14 08:06:05";44
"2018-08-14 08:16:05";44
"2018-08-14 08:26:04";44
"2018-08-14 08:36:04";44
"2018-08-14 08:46:04";44
"2018-08-14 08:56:05";44
"2018-08-14 09:06:04";44
"2018-08-14 09:16:05";44
"2018-08-14 09:26:04";44
"2018-08-14 09:36:05";44
"2018-08-14 09:46:05";44
"2018-08-14 09:56:04";42
"2018-08-14 10:06:05";42
"2018-08-14 10:16:04";42
"2018-08-14 10:26:05";43
"2018-08-14 10:36:04";43
"2018-08-14 10:46:04";43
"2018-08-14 10:56:05";44
"2018-08-14 11:16:05";44
"2018-08-14 11:26:05";41
"2018-08-14 11:36:04";41
"2018-08-14 11:46:05";41
"2018-08-14 11:56:05";40
"2018-08-14 12:06:05";40
"2018-08-14 12:16:04";40
"2018-08-14 12:26:04";41
"2018-08-14 12:36:05";41
"2018-08-14 12:46:04";41
"2018-08-14 12:56:05";40
"2018-08-14 13:06:05";40
"2018-08-14 13:16:04";40
"2018-08-14 13:26:04";41
"2018-08-14 13:36:04";41
"2018-08-14 13:56:09";42
"2018-08-14 14:06:05";42
"2018-08-14 14:16:04";42
"2018-08-14 14:26:04";44
"2018-08-14 14:36:05";44
"2018-08-14 14:46:04";44
"2018-08-14 14:56:05";49
"2018-08-14 15:06:05";49
"2018-08-14 15:16:04";49
"2018-08-14 15:26:04";47
"2018-08-14 15:36:05";47
"2018-08-14 15:46:05";47
"2018-08-14 15:56:04";44
"2018-08-14 16:06:04";44
"2018-08-14 16:16:04";44
"2018-08-14 16:26:05";44
"2018-08-14 16:36:04";44
"2018-08-14 16:46:04";44
"2018-08-14 16:56:04";45
"2018-08-14 17:06:05";45
"2018-08-14 17:16:05";45
"2018-08-14 17:26:05";44
"2018-08-14 17:46:05";44
"2018-08-14 17:56:10";47
"2018-08-14 18:06:05";47
"2018-08-14 18:16:04";47
"2018-08-14 18:26:05";43
"2018-08-14 18:36:05";43
"2018-08-14 18:46:05";43
"2018-08-14 18:56:04";43
"2018-08-14 19:06:05";43
"2018-08-14 19:16:05";43
"2018-08-14 19:26:05";45
"2018-08-14 19:36:04";45
"2018-08-14 19:46:05";45
"2018-08-14 19:56:05";44
"2018-08-14 20:06:05";44
"2018-08-14 20:16:05";44
"2018-08-14 20:26:04";46
"2018-08-14 20:36:04";46
"2018-08-14 20:46:04";46
"2018-08-14 20:56:04";43
"2018-08-14 21:16:04";43
"2018-08-14 21:26:04";42
"2018-08-14 21:36:05";42
"2018-08-14 21:46:05";42
"2018-08-14 21:56:04";45
"2018-08-14 22:06:07";45
"2018-08-14 22:16:06";45
"2018-08-14 22:26:05";46
"2018-08-14 22:36:05";46
"2018-08-14 22:46:05";46
"2018-08-14 22:56:04";46
"2018-08-14 23:06:05";46
"2018-08-14 23:16:04";46
"2018-08-14 23:26:04";44
"2018-08-14 23:36:05";44
"2018-08-14 23:46:04";44
"2018-08-14 23:56:15";45
"2018-08-15 00:16:05";45
"2018-08-15 00:26:05";45
"2018-08-15 00:36:05";45
"2018-08-15 00:46:05";45
"2018-08-15 00:56:10";43
"2018-08-15 01:06:04";43
"2018-08-15 01:16:04";43
"2018-08-15 01:26:05";43
"2018-08-15 01:36:05";43
"2018-08-15 01:46:05";43
"2018-08-15 01:56:05";43
"2018-08-15 02:06:04";43
"2018-08-15 02:16:05";43
"2018-08-15 02:26:05";43
"2018-08-15 02:36:04";43
"2018-08-15 02:46:05";43
"2018-08-15 02:56:05";43
"2018-08-15 03:06:04";43
"2018-08-15 03:16:05";43
"2018-08-15 03:26:05";42
"2018-08-15 03:36:04";42
"2018-08-15 03:46:04";42
"2018-08-15 03:56:04";42
"2018-08-15 04:16:05";42
"2018-08-15 04:26:04";41
"2018-08-15 04:36:04";41
"2018-08-15 04:46:04";41
"2018-08-15 04:56:05";42
"2018-08-15 05:06:05";42
"2018-08-15 05:16:05";42
"2018-08-15 05:26:05";41
"2018-08-15 05:36:04";41
"2018-08-15 05:46:04";41
"2018-08-15 05:56:10";41
"2018-08-15 06:06:04";41
"2018-08-15 06:16:05";41
"2018-08-15 06:26:04";40
"2018-08-15 06:36:04";40
"2018-08-15 06:46:04";40
"2018-08-15 06:56:10";40
"2018-08-15 07:06:04";40
"2018-08-15 07:16:05";40
"2018-08-15 07:26:05";39
"2018-08-15 07:36:05";39
"2018-08-15 07:46:04";39
"2018-08-15 07:56:04";41
"2018-08-15 08:16:05";41
"2018-08-15 08:26:04";41
"2018-08-15 08:36:04";41
"2018-08-15 08:46:05";41
"2018-08-15 08:56:10";40
"2018-08-15 09:06:05";40
"2018-08-15 09:16:04";40
"2018-08-15 09:26:05";41
"2018-08-15 09:36:04";41
"2018-08-15 09:46:05";41
"2018-08-15 09:56:05";42
"2018-08-15 10:06:05";42
"2018-08-15 10:16:04";42
"2018-08-15 10:26:04";42
"2018-08-15 10:36:04";42
"2018-08-15 10:46:05";42
"2018-08-15 10:56:05";41
"2018-08-15 11:06:04";41
"2018-08-15 11:16:04";41
"2018-08-15 11:26:05";37
"2018-08-15 11:36:05";37
"2018-08-15 11:56:10";37
"2018-08-15 12:06:04";37
"2018-08-15 12:16:05";37
"2018-08-15 12:26:05";36
"2018-08-15 12:36:04";36
"2018-08-15 12:46:05";36
"2018-08-15 12:56:05";38
"2018-08-15 13:06:04";38
"2018-08-15 13:16:05";38
"2018-08-15 13:26:05";38
"2018-08-15 13:36:04";38
"2018-08-15 13:46:04";38
"2018-08-15 13:56:10";40
"2018-08-15 14:06:05";40
"2018-08-15 14:16:05";40
"2018-08-15 14:26:04";38
"2018-08-15 14:46:05";38
"2018-08-15 14:56:10";38
"2018-08-15 15:06:04";38
"2018-08-15 15:16:05";38
"2018-08-15 15:26:05";40
"2018-08-15 15:36:04";40
"2018-08-15 15:46:05";40
"2018-08-15 15:56:05";42
"2018-08-15 16:06:04";42
"2018-08-15 16:16:05";42
"2018-08-15 16:26:04";40
"2018-08-15 16:36:04";40
"2018-08-15 16:46:05";40
"2018-08-15 16:56:04";41
"2018-08-15 17:06:04";41
"2018-08-15 17:16:05";41
"2018-08-15 17:26:05";40
"2018-08-15 17:36:05";40
"2018-08-15 17:46:05";40
"2018-08-15 17:56:09";42
"2018-08-15 18:06:04";42
"2018-08-15 18:26:04";42
"2018-08-15 18:36:04";42
"2018-08-15 18:46:05";42
"2018-08-15 18:56:05";42
"2018-08-15 19:06:05";41
"2018-08-15 19:16:05";41
"2018-08-15 19:26:05";42
"2018-08-15 19:36:04";42
"2018-08-15 19:46:04";42
"2018-08-15 19:56:05";43
"2018-08-15 20:06:05";43
"2018-08-15 20:16:04";43
"2018-08-15 20:26:04";42
"2018-08-15 20:36:04";42
"2018-08-15 20:46:05";42
"2018-08-15 20:56:05";43
"2018-08-15 21:06:05";43
"2018-08-15 21:16:04";43
"2018-08-15 21:26:04";44
"2018-08-15 21:36:04";44
"2018-08-15 21:46:04";44
"2018-08-15 21:56:05";43
"2018-08-15 22:16:06";43
"2018-08-15 22:26:06";43
"2018-08-15 22:36:05";43
"2018-08-15 22:46:05";43
"2018-08-15 22:56:10";45
"2018-08-15 23:06:05";45
"2018-08-15 23:16:05";45
"2018-08-15 23:26:04";43
"2018-08-15 23:36:05";43
"2018-08-15 23:46:05";43
"2018-08-15 23:56:16";44
"2018-08-16 00:06:06";44
"2018-08-16 00:16:05";44
"2018-08-16 00:26:05";43
"2018-08-16 00:36:05";43
"2018-08-16 00:46:05";43
"2018-08-16 00:56:05";43
"2018-08-16 01:06:04";43
"2018-08-16 01:16:05";43
"2018-08-16 01:26:04";42
"2018-08-16 01:36:05";42
"2018-08-16 01:46:05";42
"2018-08-16 02:06:05";41
"2018-08-16 02:16:05";43
"2018-08-16 02:26:04";43
"2018-08-16 02:36:05";43
"2018-08-16 02:46:05";43
"2018-08-16 02:56:10";43
"2018-08-16 03:06:04";43
"2018-08-16 03:16:05";43
"2018-08-16 03:26:05";42
"2018-08-16 03:36:05";42
"2018-08-16 03:46:04";42
"2018-08-16 03:56:09";40
"2018-08-16 04:06:05";40
"2018-08-16 04:16:05";40
"2018-08-16 04:26:05";42
"2018-08-16 04:36:05";42
"2018-08-16 04:46:05";42
"2018-08-16 04:56:05";41
"2018-08-16 05:06:04";41
"2018-08-16 05:16:05";41
"2018-08-16 05:26:04";41
"2018-08-16 05:36:05";41
"2018-08-16 05:56:04";41
"2018-08-16 06:06:05";41
"2018-08-16 06:16:05";41
"2018-08-16 06:26:04";40
"2018-08-16 06:36:05";40
"2018-08-16 06:46:04";40
"2018-08-16 06:56:10";40
"2018-08-16 07:06:05";40
"2018-08-16 07:16:05";40
"2018-08-16 07:26:04";39
"2018-08-16 07:36:04";39
"2018-08-16 07:46:05";39
"2018-08-16 07:56:04";38
"2018-08-16 08:06:05";38
"2018-08-16 08:16:04";38
"2018-08-16 08:26:05";38
"2018-08-16 08:36:05";38
"2018-08-16 08:46:04";38
"2018-08-16 08:56:10";38
"2018-08-16 09:06:05";38
"2018-08-16 09:16:05";38
"2018-08-16 09:26:04";39
"2018-08-16 09:36:05";39
"2018-08-16 09:46:05";39
"2018-08-16 10:06:05";41
"2018-08-16 10:16:04";41
"2018-08-16 10:26:04";39
"2018-08-16 10:36:05";39
"2018-08-16 10:46:04";39
"2018-08-16 10:56:05";37
"2018-08-16 11:06:04";37
"2018-08-16 11:16:05";37
"2018-08-16 11:26:05";37
"2018-08-16 11:36:04";37
"2018-08-16 11:46:05";37
"2018-08-16 11:56:05";35
"2018-08-16 12:06:05";35
"2018-08-16 12:16:05";35
"2018-08-16 12:46:05";35
"2018-08-16 12:56:10";35
"2018-08-16 13:16:05";35
"2018-08-16 13:26:05";37
"2018-08-16 13:56:09";36
"2018-08-16 14:06:05";36
"2018-08-16 14:26:05";36
"2018-08-16 14:36:04";36
"2018-08-16 15:06:04";39
"2018-08-16 15:16:04";39
"2018-08-16 15:36:04";38
"2018-08-16 15:46:05";38
"2018-08-16 15:56:05";39
"2018-08-16 16:06:05";39
"2018-08-16 16:16:05";39
"2018-08-16 16:26:05";38
"2018-08-16 16:46:05";38
"2018-08-16 16:56:04";40
"2018-08-16 17:06:04";40
"2018-08-16 17:16:05";40
"2018-08-16 17:26:05";40
"2018-08-16 17:36:05";40
"2018-08-16 17:46:05";40
"2018-08-16 17:56:05";42
"2018-08-16 18:06:05";42
"2018-08-16 18:16:04";42
"2018-08-16 18:26:05";43
"2018-08-16 18:36:04";43
"2018-08-16 18:46:05";43
"2018-08-16 18:56:10";43
"2018-08-16 19:06:05";43
"2018-08-16 19:16:05";43
"2018-08-16 19:26:05";41
"2018-08-16 19:36:04";41
"2018-08-16 19:46:05";41
"2018-08-16 19:56:05";41
"2018-08-16 20:06:05";41
"2018-08-16 20:16:04";41
"2018-08-16 20:36:05";42
"2018-08-16 20:46:05";42
"2018-08-16 20:56:04";44
"2018-08-16 21:06:05";44
"2018-08-16 21:16:05";44
"2018-08-16 21:26:04";42
"2018-08-16 21:36:05";42
"2018-08-16 21:46:05";42
"2018-08-16 21:56:10";44
"2018-08-16 22:06:07";44
"2018-08-16 22:16:05";44
"2018-08-16 22:26:06";43
"2018-08-16 22:36:05";43
"2018-08-16 22:46:04";43
"2018-08-16 22:56:04";44
"2018-08-16 23:06:04";44
"2018-08-16 23:16:04";44
"2018-08-16 23:26:05";43
"2018-08-16 23:36:05";43
"2018-08-16 23:46:04";43
"2018-08-17 00:06:06";43
"2018-08-17 00:16:05";43
"2018-08-17 00:26:05";44
"2018-08-17 00:36:05";44
"2018-08-17 00:46:07";44
"2018-08-17 00:56:04";44
"2018-08-17 01:06:04";41
"2018-08-17 01:16:05";41
"2018-08-17 01:26:05";43
"2018-08-17 01:36:05";43
"2018-08-17 01:46:06";43
"2018-08-17 01:56:05";43
"2018-08-17 02:06:04";43
"2018-08-17 02:16:04";43
"2018-08-17 02:26:04";41
"2018-08-17 02:36:05";41
"2018-08-17 02:46:06";41
"2018-08-17 02:56:04";41
"2018-08-17 03:06:05";41
"2018-08-17 03:16:05";41
"2018-08-17 03:26:05";41
"2018-08-17 03:36:04";41
"2018-08-17 03:56:05";40
"2018-08-17 04:06:04";40
"2018-08-17 04:16:04";40
"2018-08-17 04:26:05";40
"2018-08-17 04:36:04";41
"2018-08-17 04:46:05";41
"2018-08-17 04:56:04";39
"2018-08-17 05:06:05";39
"2018-08-17 05:16:05";39
"2018-08-17 05:26:05";39
"2018-08-17 05:36:05";39
"2018-08-17 05:46:05";39
"2018-08-17 05:56:04";39
"2018-08-17 06:06:05";37
"2018-08-17 06:16:05";37
"2018-08-17 06:26:04";39
"2018-08-17 06:36:05";39
"2018-08-17 06:46:05";39
"2018-08-17 06:56:05";37
"2018-08-17 07:06:04";37
"2018-08-17 07:16:05";37
"2018-08-17 07:26:04";38
"2018-08-17 07:36:04";38
"2018-08-17 07:46:05";38
"2018-08-17 08:06:04";39
"2018-08-17 08:16:05";39
"2018-08-17 08:26:04";40
"2018-08-17 08:36:04";40
"2018-08-17 08:46:04";40
"2018-08-17 08:56:05";39
"2018-08-17 09:06:05";39
"2018-08-17 09:16:04";39
"2018-08-17 09:26:05";39
"2018-08-17 09:36:04";39
"2018-08-17 09:46:04";39
"2018-08-17 09:56:09";37
"2018-08-17 10:06:05";37
"2018-08-17 10:16:04";37
"2018-08-17 10:26:05";39
"2018-08-17 10:36:05";39
"2018-08-17 10:46:05";39
"2018-08-17 10:56:10";39
"2018-08-17 11:06:05";39
"2018-08-17 11:16:05";39
"2018-08-17 11:26:04";34
"2018-08-17 11:36:04";34
"2018-08-17 11:56:09";34
"2018-08-17 12:06:04";36
"2018-08-17 12:16:05";36
"2018-08-17 12:26:04";35
"2018-08-17 12:36:04";35
"2018-08-17 12:46:05";35
"2018-08-17 12:56:05";36
"2018-08-17 13:06:04";36
"2018-08-17 13:16:05";36
"2018-08-17 13:26:05";37
"2018-08-17 13:36:05";37
"2018-08-17 13:46:05";37
"2018-08-17 13:56:05";37
"2018-08-17 14:06:04";37
"2018-08-17 14:16:04";37
"2018-08-17 14:26:04";38
"2018-08-17 14:36:04";38
"2018-08-17 14:46:05";38
"2018-08-17 14:56:05";39
"2018-08-17 15:06:04";39
"2018-08-17 15:16:05";39
"2018-08-17 15:26:04";38
"2018-08-17 15:46:05";38
"2018-08-17 15:56:10";38
"2018-08-17 16:06:05";38
"2018-08-17 16:16:05";37
"2018-08-17 16:26:05";37
"2018-08-17 16:36:05";37
"2018-08-17 16:46:05";37
"2018-08-17 16:56:05";38
"2018-08-17 17:06:04";38
"2018-08-17 17:16:04";38
"2018-08-17 17:26:05";42
"2018-08-17 17:36:05";42
"2018-08-17 17:46:04";42
"2018-08-17 17:56:04";41
"2018-08-17 18:06:04";41
"2018-08-17 18:16:04";41
"2018-08-17 18:26:05";41
"2018-08-17 18:36:04";41
"2018-08-17 18:46:04";41
"2018-08-17 18:56:10";42
"2018-08-17 19:06:05";42
"2018-08-17 19:16:05";42
"2018-08-17 19:26:05";40
"2018-08-17 19:36:05";40
"2018-08-17 19:56:09";40
"2018-08-17 20:06:04";40
"2018-08-17 20:16:05";40
"2018-08-17 20:26:04";40
"2018-08-17 20:36:04";40
"2018-08-17 20:46:04";40
"2018-08-17 20:56:05";41
"2018-08-17 21:06:04";41
"2018-08-17 21:16:05";41
"2018-08-17 21:26:04";41
"2018-08-17 21:36:04";41
"2018-08-17 21:46:05";41
"2018-08-17 21:56:05";40
"2018-08-17 22:16:05";40
"2018-08-17 22:26:06";41
"2018-08-17 22:36:05";41
"2018-08-17 22:46:05";41
"2018-08-17 22:56:05";41
"2018-08-17 23:06:04";41
"2018-08-17 23:16:05";41
"2018-08-17 23:26:05";40
"2018-08-17 23:36:05";40
"2018-08-17 23:46:04";40
"2018-08-17 23:56:11";41
"2018-08-18 00:06:05";41
"2018-08-18 00:16:05";41
"2018-08-18 00:36:04";40
"2018-08-18 00:46:05";40
"2018-08-18 00:56:05";41
"2018-08-18 01:06:05";41
"2018-08-18 01:16:05";41
"2018-08-18 01:26:05";40
"2018-08-18 01:36:05";40
"2018-08-18 01:46:05";40
"2018-08-18 01:56:05";40
"2018-08-18 02:06:04";37
"2018-08-18 02:16:05";37
"2018-08-18 02:26:05";35
"2018-08-18 02:36:04";35
"2018-08-18 02:56:05";35
"2018-08-18 03:06:05";43
"2018-08-18 03:16:09";43
"2018-08-18 03:26:04";40
"2018-08-18 03:36:05";40
"2018-08-18 03:46:05";40
"2018-08-18 03:56:05";39
"2018-08-18 04:06:04";39
"2018-08-18 04:16:04";39
"2018-08-18 04:26:04";38
"2018-08-18 04:36:05";38
"2018-08-18 04:46:05";38
"2018-08-18 05:06:04";38
"2018-08-18 05:16:04";38
"2018-08-18 05:26:05";38
"2018-08-18 05:36:05";38
"2018-08-18 05:46:05";38
"2018-08-18 05:56:10";39
"2018-08-18 06:06:05";39
"2018-08-18 06:16:04";39
"2018-08-18 06:26:04";39
"2018-08-18 06:36:05";39
"2018-08-18 06:46:04";39
"2018-08-18 06:56:04";36
"2018-08-18 07:06:04";36
"2018-08-18 07:16:05";36
"2018-08-18 07:26:04";36
"2018-08-18 07:36:04";37
"2018-08-18 07:56:05";37
"2018-08-18 08:06:05";37
"2018-08-18 08:16:04";37
"2018-08-18 08:26:05";36
"2018-08-18 08:36:05";36
"2018-08-18 08:46:04";36
"2018-08-18 08:56:10";37
"2018-08-18 09:06:05";37
"2018-08-18 09:16:04";37
"2018-08-18 09:26:05";36
"2018-08-18 09:36:04";36
"2018-08-18 09:46:05";36
"2018-08-18 09:56:05";36
"2018-08-18 10:06:04";37
"2018-08-18 10:16:04";37
"2018-08-18 10:26:05";37
"2018-08-18 10:36:04";37
"2018-08-18 10:46:05";37
"2018-08-18 10:56:05";36
"2018-08-18 11:06:05";36
"2018-08-18 11:16:04";36
"2018-08-18 11:26:05";36
"2018-08-18 11:36:04";36
"2018-08-18 11:56:05";38
"2018-08-18 12:06:04";38
"2018-08-18 12:16:05";38
"2018-08-18 12:26:05";35
"2018-08-18 12:36:05";35
"2018-08-18 12:46:05";35
"2018-08-18 12:56:14";33
"2018-08-18 13:06:04";33
"2018-08-18 13:16:05";33
"2018-08-18 13:26:05";36
"2018-08-18 13:36:04";36
"2018-08-18 13:46:05";36
"2018-08-18 14:06:04";36
"2018-08-18 14:16:05";36
"2018-08-18 14:26:05";36
"2018-08-18 14:36:05";36
"2018-08-18 14:46:04";36
"2018-08-18 14:56:05";34
"2018-08-18 15:06:05";34
"2018-08-18 15:16:05";34
"2018-08-18 15:26:05";38
"2018-08-18 15:46:05";38
"2018-08-18 15:56:05";37
"2018-08-18 16:06:04";37
"2018-08-18 16:16:04";37
"2018-08-18 16:26:05";37
"2018-08-18 16:36:04";37
"2018-08-18 16:46:05";37
"2018-08-18 16:56:05";38
"2018-08-18 17:06:04";38
"2018-08-18 17:16:05";38
"2018-08-18 17:26:05";39
"2018-08-18 17:36:05";39
"2018-08-18 17:46:05";39
"2018-08-18 17:56:10";42
"2018-08-18 18:06:05";42
"2018-08-18 18:16:04";42
"2018-08-18 18:26:05";40
"2018-08-18 18:36:05";40
"2018-08-18 18:46:04";40
"2018-08-18 18:56:05";43
"2018-08-18 19:06:05";43
"2018-08-18 19:16:04";43
"2018-08-18 19:26:05";43
"2018-08-18 19:46:05";43
"2018-08-18 19:56:04";44
"2018-08-18 20:06:05";44
"2018-08-18 20:16:05";44
"2018-08-18 20:26:05";43
"2018-08-18 20:36:04";43
"2018-08-18 20:46:04";43
"2018-08-18 20:56:15";43
"2018-08-18 21:06:05";43
"2018-08-18 21:16:04";43
"2018-08-18 21:26:05";43
"2018-08-18 21:36:04";43
"2018-08-18 21:46:05";43
"2018-08-18 21:56:05";43
"2018-08-18 22:06:05";43
"2018-08-18 22:16:06";43
"2018-08-18 22:36:04";42
"2018-08-18 22:46:05";42
"2018-08-18 22:56:04";41
"2018-08-18 23:06:05";41
"2018-08-18 23:16:04";41
"2018-08-18 23:26:04";43
"2018-08-19 00:26:05";41
"2018-08-19 00:46:05";41
"2018-08-19 00:56:09";41
"2018-08-19 01:06:05";41
"2018-08-19 01:16:05";41
"2018-08-19 01:26:05";40
"2018-08-19 01:36:04";40
"2018-08-19 01:46:05";40
"2018-08-19 01:56:04";39
"2018-08-19 02:06:04";39
"2018-08-19 02:16:05";39
"2018-08-19 02:26:09";38
"2018-08-19 02:36:05";38
"2018-08-19 02:46:05";38
"2018-08-19 02:56:09";37
"2018-08-19 03:06:04";37
"2018-08-19 03:26:05";37
"2018-08-19 03:36:05";37
"2018-08-19 03:46:05";37
"2018-08-19 03:56:05";37
"2018-08-19 04:06:05";37
"2018-08-19 04:16:04";37
"2018-08-19 04:26:04";37
"2018-08-19 04:36:04";37
"2018-08-19 04:46:05";37
"2018-08-19 04:56:05";36
"2018-08-19 05:06:04";36
"2018-08-19 05:16:04";36
"2018-08-19 05:36:04";37
"2018-08-19 05:46:05";37
"2018-08-19 05:56:04";37
"2018-08-19 06:06:05";37
"2018-08-19 06:16:05";37
"2018-08-19 06:26:04";35
"2018-08-19 06:36:04";35
"2018-08-19 06:46:04";35
"2018-08-19 06:56:10";35
"2018-08-19 07:06:05";35
"2018-08-19 07:16:05";35
"2018-08-19 07:26:04";35
"2018-08-19 07:36:05";35
"2018-08-19 07:46:05";35
"2018-08-19 07:56:12";33
"2018-08-19 08:16:04";33
"2018-08-19 08:26:04";35
"2018-08-19 08:36:04";35
"2018-08-19 08:46:05";35
"2018-08-19 08:56:10";37
"2018-08-19 09:06:04";37
"2018-08-19 09:16:05";37
"2018-08-19 09:26:05";36
"2018-08-19 09:36:04";36
"2018-08-19 09:56:04";36
"2018-08-19 10:06:05";36
"2018-08-19 10:16:04";37
"2018-08-19 10:26:05";37
"2018-08-19 10:36:05";37
"2018-08-19 10:46:04";37
"2018-08-19 10:56:10";35
"2018-08-19 11:06:04";35
"2018-08-19 11:16:04";35
"2018-08-19 11:26:04";33
"2018-08-19 11:36:04";33
"2018-08-19 11:46:04";33
"2018-08-19 11:56:10";32
"2018-08-19 12:16:05";32
"2018-08-19 12:26:05";33
"2018-08-19 12:36:04";33
"2018-08-19 12:46:05";33
"2018-08-19 12:56:04";31
"2018-08-19 13:06:04";31
"2018-08-19 13:16:04";31
"2018-08-19 13:26:04";34
"2018-08-19 13:36:04";34
"2018-08-19 13:46:05";34
"2018-08-19 13:56:10";34
"2018-08-19 14:06:04";34
"2018-08-19 14:16:05";34
"2018-08-19 14:26:04";35
"2018-08-19 14:46:05";35
"2018-08-19 14:56:04";37
"2018-08-19 15:06:05";37
"2018-08-19 15:16:05";37
"2018-08-19 15:26:05";37
"2018-08-19 15:36:04";37
"2018-08-19 15:46:05";37
"2018-08-19 15:56:10";39
"2018-08-19 16:06:05";39
"2018-08-19 16:16:05";39
"2018-08-19 16:26:04";39
"2018-08-19 16:36:04";39
"2018-08-19 16:46:05";39
"2018-08-19 16:56:05";40
"2018-08-19 17:16:04";40
"2018-08-19 17:26:05";41
"2018-08-19 17:36:04";41
"2018-08-19 17:46:04";41
"2018-08-19 17:56:09";43
"2018-08-19 18:06:04";43
"2018-08-19 18:16:04";43
"2018-08-19 18:26:04";44
"2018-08-19 18:36:05";44
"2018-08-19 18:46:05";44
"2018-08-19 19:06:04";41
"2018-08-19 19:16:05";41
"2018-08-19 19:26:04";44
"2018-08-19 19:36:05";44
"2018-08-19 19:46:05";44
"2018-08-19 19:56:05";44
"2018-08-19 20:06:05";44
"2018-08-19 20:16:04";44
"2018-08-19 20:26:05";43
"2018-08-19 20:36:04";43
"2018-08-19 20:46:05";43
"2018-08-19 20:56:15";43
"2018-08-19 21:06:05";43
"2018-08-19 21:16:05";43
"2018-08-19 21:36:05";42
"2018-08-19 21:46:04";42
"2018-08-19 21:56:13";42
"2018-08-19 22:06:06";42
"2018-08-19 22:16:05";42
"2018-08-19 22:26:05";42
"2018-08-19 22:36:05";42
"2018-08-19 22:46:05";42
"2018-08-19 22:56:14";43
"2018-08-19 23:06:05";43
"2018-08-19 23:16:05";43
"2018-08-19 23:26:05";42
"2018-08-19 23:36:05";42
"2018-08-19 23:46:06";42
"2018-08-19 23:56:05";42
"2018-08-20 00:06:05";42
"2018-08-20 00:16:05";42
"2018-08-20 00:26:05";40
"2018-08-20 00:36:06";40
"2018-08-20 00:46:05";40
"2018-08-20 01:06:05";43
"2018-08-20 01:16:07";43
"2018-08-20 01:26:05";42
"2018-08-20 01:36:05";42
"2018-08-20 01:46:05";42
"2018-08-20 01:56:05";42
"2018-08-20 02:06:04";42
"2018-08-20 02:16:05";42
"2018-08-20 02:26:04";41
"2018-08-20 02:36:05";41
"2018-08-20 02:46:05";41
"2018-08-20 02:56:05";41
"2018-08-20 03:06:05";41
"2018-08-20 03:16:05";41
"2018-08-20 03:36:05";40
"2018-08-20 03:46:05";40
"2018-08-20 03:56:04";39
"2018-08-20 04:06:04";39
"2018-08-20 04:16:04";39
"2018-08-20 04:26:04";40
"2018-08-20 04:36:05";40
"2018-08-20 04:46:05";40
"2018-08-20 04:56:04";39
"2018-08-20 05:26:04";37
"2018-08-20 05:46:05";37
"2018-08-20 05:56:10";40
"2018-08-20 06:06:05";40
"2018-08-20 06:16:05";40
"2018-08-20 06:26:04";37
"2018-08-20 06:36:04";37
"2018-08-20 06:46:05";37
"2018-08-20 06:56:04";38
"2018-08-20 07:16:04";38
"2018-08-20 07:26:05";36
"2018-08-20 07:36:05";36
"2018-08-20 07:46:05";36
"2018-08-20 07:56:13";37
"2018-08-20 08:06:05";37
"2018-08-20 08:16:04";37
"2018-08-20 08:26:04";36
"2018-08-20 08:36:05";36
"2018-08-20 08:46:05";36
"2018-08-20 08:56:05";38
"2018-08-20 09:06:05";38
"2018-08-20 09:16:04";38
"2018-08-20 09:26:05";38
"2018-08-20 09:36:04";38
"2018-08-20 09:46:05";38
"2018-08-20 09:56:04";36
"2018-08-20 10:16:04";36
"2018-08-20 10:26:04";38
"2018-08-20 10:36:04";38
"2018-08-20 10:46:05";38
"2018-08-20 10:56:10";35
"2018-08-20 11:06:05";35
"2018-08-20 11:16:05";35
"2018-08-20 11:26:04";34
"2018-08-20 11:36:05";34
"2018-08-20 11:46:04";34
"2018-08-20 11:56:05";34
"2018-08-20 12:06:05";34
"2018-08-20 12:16:05";34
"2018-08-20 12:26:05";34
"2018-08-20 12:36:04";34
"2018-08-20 12:46:04";34
"2018-08-20 12:56:05";34
"2018-08-20 13:06:04";33
"2018-08-20 13:16:05";33
"2018-08-20 13:26:04";36
"2018-08-20 13:46:05";36
"2018-08-20 13:56:05";34
"2018-08-20 14:06:05";34
"2018-08-20 14:16:05";34
"2018-08-20 14:26:05";37
"2018-08-20 14:36:04";37
"2018-08-20 14:46:05";37
"2018-08-20 14:56:10";36
"2018-08-20 15:06:04";36
"2018-08-20 15:16:05";36
"2018-08-20 15:26:05";41
"2018-08-20 15:36:04";41
"2018-08-20 15:46:05";41
"2018-08-20 15:56:10";37
"2018-08-20 16:06:04";37
"2018-08-20 16:16:04";37
"2018-08-20 16:26:04";41
"2018-08-20 16:36:05";41
"2018-08-20 16:46:04";41
"2018-08-20 16:56:05";41
"2018-08-20 17:06:05";41
"2018-08-20 17:16:04";41
"2018-08-20 17:36:04";42
"2018-08-20 17:46:05";42
"2018-08-20 17:56:09";44
"2018-08-20 18:06:05";44
"2018-08-20 18:16:05";44
"2018-08-20 18:26:04";43
"2018-08-20 18:36:05";43
"2018-08-20 18:46:05";43
"2018-08-20 18:56:05";42
"2018-08-20 19:06:04";42
"2018-08-20 19:16:05";42
"2018-08-20 19:26:05";40
"2018-08-20 19:36:04";40
"2018-08-20 19:46:04";40
"2018-08-20 19:56:05";44
"2018-08-20 20:06:05";44
"2018-08-20 20:16:05";44
"2018-08-20 20:26:04";43
"2018-08-20 20:36:04";43
"2018-08-20 20:46:05";43
"2018-08-20 20:56:05";42
"2018-08-20 21:06:06";42
"2018-08-20 21:16:04";42
"2018-08-20 21:26:05";43
"2018-08-20 21:46:05";43
"2018-08-20 21:56:05";43
"2018-08-20 22:06:06";43
"2018-08-20 22:16:06";43
"2018-08-20 22:26:06";41
"2018-08-20 22:36:04";41
"2018-08-20 22:46:05";41
"2018-08-20 22:56:05";43
"2018-08-20 23:06:05";43
"2018-08-20 23:16:05";43
"2018-08-20 23:26:05";42
"2018-08-20 23:36:05";42
"2018-08-20 23:46:04";42
"2018-08-20 23:56:16";43
"2018-08-21 00:06:06";43
"2018-08-21 00:16:05";43
"2018-08-21 00:26:04";42
"2018-08-21 00:36:04";42
"2018-08-21 00:46:06";42
"2018-08-21 00:56:05";40
"2018-08-21 01:06:04";40
"2018-08-21 01:26:05";40
"2018-08-21 01:36:05";40
"2018-08-21 01:46:05";40
"2018-08-21 01:56:10";41
"2018-08-21 02:06:04";41
"2018-08-21 02:16:04";41
"2018-08-21 02:26:05";80
"2018-08-21 02:36:05";80
"2018-08-21 02:46:05";80
"2018-08-21 02:56:04";78
"2018-08-21 03:06:04";78
"2018-08-21 03:16:05";78
"2018-08-21 03:26:05";76
"2018-08-21 03:36:04";76
"2018-08-21 03:46:04";76
"2018-08-21 03:56:05";74
"2018-08-21 04:06:04";74
"2018-08-21 04:16:05";74
"2018-08-21 04:26:04";69
"2018-08-21 04:36:04";69
"2018-08-21 04:46:04";69
"2018-08-21 04:56:09";66
"2018-08-21 05:16:04";66
"2018-08-21 05:26:04";62
"2018-08-21 05:36:04";62
"2018-08-21 05:46:05";62
"2018-08-21 05:56:05";60
"2018-08-21 06:06:05";60
"2018-08-21 06:16:04";60
"2018-08-21 06:26:05";58
"2018-08-21 06:36:04";58
"2018-08-21 06:46:05";58
"2018-08-21 06:56:04";55
"2018-08-21 07:06:05";55
"2018-08-21 07:16:04";55
"2018-08-21 07:26:05";54
"2018-08-21 07:36:04";54
"2018-08-21 07:46:04";54
"2018-08-21 07:56:10";52
"2018-08-21 08:06:04";52
"2018-08-21 08:16:04";52
"2018-08-21 08:26:04";51
"2018-08-21 08:36:04";51
"2018-08-21 08:46:05";51
"2018-08-21 08:56:05";48
"2018-08-21 09:16:05";48
"2018-08-21 09:26:05";50
"2018-08-21 09:36:04";50
"2018-08-21 09:46:04";50
"2018-08-21 09:56:05";52
"2018-08-21 10:06:04";52
"2018-08-21 10:16:04";52
"2018-08-21 10:26:04";50
"2018-08-21 10:46:04";50
"2018-08-21 10:56:09";50
"2018-08-21 11:06:05";50
"2018-08-21 11:16:04";50
"2018-08-21 11:26:04";46
"2018-08-21 11:46:05";46
"2018-08-21 11:56:09";46
"2018-08-21 12:06:04";46
"2018-08-21 12:16:05";46
"2018-08-21 12:36:05";44
"2018-08-21 12:46:05";44
"2018-08-21 12:56:10";45
"2018-08-21 13:06:05";45
"2018-08-21 13:16:04";45
"2018-08-21 13:36:04";45
"2018-08-21 13:46:04";45
"2018-08-21 13:56:10";45
"2018-08-21 14:06:04";45
"2018-08-21 14:16:05";45
"2018-08-21 14:36:05";45
"2018-08-21 14:46:05";45
"2018-08-21 14:56:10";47
"2018-08-21 15:06:05";47
"2018-08-21 15:26:04";48
"2018-08-21 15:36:05";48
"2018-08-21 15:46:05";48
"2018-08-21 15:56:04";50
"2018-08-21 16:06:04";50
"2018-08-21 16:26:04";50
"2018-08-21 16:36:04";50
"2018-08-21 16:46:05";50
"2018-08-21 16:56:10";48
"2018-08-21 17:16:05";48
"2018-08-21 17:26:05";47
"2018-08-21 17:36:05";47
"2018-08-21 17:46:05";47
"2018-08-21 17:56:09";50
"2018-08-21 18:16:04";50
"2018-08-21 18:26:04";54
"2018-08-21 18:36:05";54
"2018-08-21 18:46:05";54
"2018-08-21 19:06:05";52
"2018-08-21 19:16:04";52
"2018-08-21 19:26:05";58
"2018-08-21 19:36:05";58
"2018-08-21 19:46:05";58
"2018-08-21 20:06:05";66
"2018-08-21 20:16:05";66
"2018-08-21 20:26:05";65
"2018-08-21 20:36:05";65
"2018-08-21 20:56:10";63
"2018-08-21 21:06:05";63
"2018-08-21 21:16:05";63
"2018-08-21 21:26:05";61
"2018-08-21 21:36:05";61
"2018-08-21 21:56:10";58
"2018-08-21 22:06:07";58
"2018-08-21 22:16:06";56
"2018-08-21 22:26:05";56
"2018-08-21 22:46:05";56
"2018-08-21 22:56:05";55
"2018-08-21 23:06:05";55
"2018-08-21 23:16:05";55
"2018-08-21 23:26:05";54
"2018-08-21 23:46:05";54
"2018-08-21 23:56:06";52
"2018-08-22 00:06:06";52
"2018-08-22 00:16:05";52
"2018-08-22 00:36:05";51
"2018-08-22 00:46:06";51
"2018-08-22 00:56:10";51
"2018-08-22 01:06:05";51
"2018-08-22 01:16:04";51
"2018-08-22 01:36:05";48
"2018-08-22 01:46:05";48
"2018-08-22 01:56:04";48
"2018-08-22 02:06:04";48
"2018-08-22 02:16:05";48
"2018-08-22 02:36:04";48
"2018-08-22 02:46:05";48
"2018-08-22 02:56:05";46
"2018-08-22 03:06:05";46
"2018-08-22 03:16:04";46
"2018-08-22 03:26:04";46
"2018-08-22 03:46:04";46
"2018-08-22 03:56:04";46
"2018-08-22 04:06:05";46
"2018-08-22 04:16:05";46
"2018-08-22 04:26:05";44
"2018-08-22 04:46:05";44
"2018-08-22 04:56:05";45
"2018-08-22 05:06:04";45
"2018-08-22 05:16:05";45
"2018-08-22 05:26:05";45
"2018-08-22 05:46:04";45
"2018-08-22 05:56:05";45
"2018-08-22 06:06:04";45
"2018-08-22 06:16:04";45
"2018-08-22 06:26:05";44
"2018-08-22 06:46:04";44
"2018-08-22 06:56:05";42
"2018-08-22 07:06:05";42
"2018-08-22 07:16:04";42
"2018-08-22 07:26:04";43
"2018-08-22 07:46:04";43
"2018-08-22 07:56:10";44
"2018-08-22 08:06:04";44
"2018-08-22 08:16:04";44
"2018-08-22 08:26:04";42
"2018-08-22 08:46:04";42
"2018-08-22 08:56:10";42
"2018-08-22 09:06:05";42
"2018-08-22 09:16:04";42
"2018-08-22 09:36:04";43
"2018-08-22 09:46:05";43
"2018-08-22 09:56:05";42
"2018-08-22 10:06:05";42
"2018-08-22 10:16:04";42
"2018-08-22 10:36:05";44
"2018-08-22 10:46:05";44
"2018-08-22 10:56:10";39
"2018-08-22 11:06:05";39
"2018-08-22 11:16:04";39
"2018-08-22 11:36:04";38
"2018-08-22 11:46:05";38
"2018-08-22 11:56:04";41
"2018-08-22 12:06:05";41
"2018-08-22 12:16:05";41
"2018-08-22 12:36:05";39
"2018-08-22 12:46:05";39
"2018-08-22 12:56:05";40
"2018-08-22 13:06:04";40
"2018-08-22 13:16:05";40
"2018-08-22 13:36:05";35
"2018-08-22 13:46:04";35
"2018-08-22 13:56:10";35
"2018-08-22 14:06:04";42
"2018-08-22 14:16:05";42
"2018-08-22 14:36:05";42
"2018-08-22 14:46:05";39
"2018-08-22 14:56:04";39
"2018-08-22 15:06:05";39
"2018-08-22 15:26:05";44
"2018-08-22 15:36:05";44
"2018-08-22 15:46:05";44
"2018-08-22 15:56:05";43
"2018-08-22 16:06:05";43
"2018-08-22 16:26:05";44
"2018-08-22 16:36:04";44
"2018-08-22 16:46:05";44
"2018-08-22 16:56:04";40
"2018-08-22 17:16:04";40
"2018-08-22 17:26:05";43
"2018-08-22 17:36:05";43
"2018-08-22 17:46:04";43
"2018-08-22 17:56:09";42
"2018-08-22 18:16:04";42
"2018-08-22 18:26:04";42
"2018-08-22 18:36:04";42
"2018-08-22 18:46:04";42
"2018-08-22 18:56:10";42
"2018-08-22 19:16:05";42
"2018-08-22 19:26:05";42
"2018-08-22 19:36:04";42
"2018-08-22 19:46:05";42
"2018-08-22 20:06:05";40
"2018-08-22 20:16:04";44
"2018-08-22 20:26:04";44
"2018-08-22 20:36:05";44
"2018-08-22 20:46:04";44
"2018-08-22 21:06:05";43
"2018-08-22 21:16:04";43
"2018-08-22 21:26:04";44
"2018-08-22 21:46:04";44
"2018-08-22 21:56:05";43
"2018-08-22 22:06:06";43
"2018-08-22 22:16:05";43
"2018-08-22 22:26:05";45
"2018-08-22 22:36:05";45
"2018-08-22 22:46:05";45
"2018-08-22 22:56:04";44
"2018-08-22 23:16:05";44
"2018-08-22 23:26:04";44
"2018-08-22 23:36:05";44
"2018-08-22 23:46:05";44
"2018-08-23 00:06:05";45
"2018-08-23 00:16:05";45
"2018-08-23 00:26:05";44
"2018-08-23 00:36:05";44
"2018-08-23 00:46:06";44
"2018-08-23 01:06:04";43
"2018-08-23 01:16:05";43
"2018-08-23 01:26:05";42
"2018-08-23 01:36:04";42
"2018-08-23 01:46:05";42
"2018-08-23 01:56:15";42
"2018-08-23 02:16:05";40
"2018-08-23 02:26:04";40
"2018-08-23 02:36:05";40
"2018-08-23 02:46:05";40
"2018-08-23 02:56:05";40
"2018-08-23 03:16:05";40
"2018-08-23 03:26:05";41
"2018-08-23 03:36:05";41
"2018-08-23 03:46:05";41
"2018-08-23 03:56:04";40
"2018-08-23 04:16:04";40
"2018-08-23 04:26:05";39
"2018-08-23 04:36:05";39
"2018-08-23 04:46:05";39
"2018-08-23 04:56:04";40
"2018-08-23 05:16:05";40
"2018-08-23 05:26:04";40
"2018-08-23 05:36:04";40
"2018-08-23 05:46:05";40
"2018-08-23 05:56:05";39
"2018-08-23 06:06:05";39
"2018-08-23 06:26:05";39
"2018-08-23 06:36:05";39
"2018-08-23 06:46:04";39
"2018-08-23 06:56:05";38
"2018-08-23 07:06:05";38
"2018-08-23 07:26:04";36
"2018-08-23 07:36:05";36
"2018-08-23 07:46:05";36
"2018-08-23 07:56:10";38
"2018-08-23 08:06:05";38
"2018-08-23 08:16:05";38
"2018-08-23 08:36:04";38
"2018-08-23 08:46:05";38
"2018-08-23 08:56:09";38
"2018-08-23 09:06:04";38
"2018-08-23 09:16:05";38
"2018-08-23 09:36:05";38
"2018-08-23 09:46:04";38
"2018-08-23 09:56:05";38
"2018-08-23 10:06:05";38
"2018-08-23 10:16:04";38
"2018-08-23 10:36:04";39
"2018-08-23 10:46:05";39
"2018-08-23 10:56:14";36
"2018-08-23 11:06:05";36
"2018-08-23 11:16:05";36
"2018-08-23 11:36:04";35
"2018-08-23 11:46:05";35
"2018-08-23 11:56:14";35
"2018-08-23 12:06:05";35
"2018-08-23 12:26:04";36
"2018-08-23 12:36:05";36
"2018-08-23 12:46:05";36
"2018-08-23 12:56:15";36
"2018-08-23 13:06:05";36
"2018-08-23 13:26:04";36
"2018-08-23 13:36:04";36
"2018-08-23 13:46:05";36
"2018-08-23 13:56:12";36
"2018-08-23 14:06:04";36
"2018-08-23 14:26:05";37
"2018-08-23 14:36:05";37
"2018-08-23 14:46:05";37
"2018-08-23 14:56:10";38
"2018-08-23 15:16:05";36
"2018-08-23 15:26:04";36
"2018-08-23 15:36:04";36
"2018-08-23 15:46:04";36
"2018-08-23 15:56:10";41
"2018-08-23 16:16:04";41
"2018-08-23 16:26:05";41
"2018-08-23 16:36:05";41
"2018-08-23 16:46:05";41
"2018-08-23 17:06:05";41
"2018-08-23 17:16:04";41
"2018-08-23 17:26:05";42
"2018-08-23 17:36:04";42
"2018-08-23 17:46:05";42
"2018-08-23 18:06:05";43
"2018-08-23 18:16:05";43
"2018-08-23 18:26:05";42
"2018-08-23 18:36:04";42
"2018-08-23 18:56:09";44
"2018-08-23 19:06:05";44
"2018-08-23 19:16:05";44
"2018-08-23 19:26:05";45
"2018-08-23 19:36:05";45
"2018-08-23 19:56:10";47
"2018-08-23 20:06:05";47
"2018-08-23 20:16:05";47
"2018-08-23 20:26:04";50
"2018-08-23 20:46:04";50
"2018-08-23 20:56:05";48
"2018-08-23 21:06:05";48
"2018-08-23 21:16:05";48
"2018-08-23 21:36:04";48
"2018-08-23 21:46:05";48
"2018-08-23 21:56:15";50
"2018-08-23 22:06:06";50
"2018-08-23 22:16:05";50
"2018-08-23 22:36:04";50
"2018-08-23 22:46:05";50
"2018-08-23 22:56:05";52
"2018-08-23 23:06:05";52
"2018-08-23 23:26:05";52
"2018-08-23 23:36:05";52
"2018-08-23 23:46:05";52
"2018-08-23 23:56:06";52
"2018-08-24 00:06:06";52
"2018-08-24 00:26:05";54
"2018-08-24 00:36:05";54
"2018-08-24 00:46:06";54
"2018-08-24 00:56:10";51
"2018-08-24 01:06:04";51
"2018-08-24 01:26:05";52
"2018-08-24 01:36:04";52
"2018-08-24 01:46:05";50
"2018-08-24 01:56:05";50
"2018-08-24 02:06:04";50
"2018-08-24 02:16:04";50
"2018-08-24 02:36:05";50
"2018-08-24 02:46:05";50
"2018-08-24 02:56:12";46
"2018-08-24 03:06:04";46
"2018-08-24 03:16:05";46
"2018-08-24 03:36:05";48
"2018-08-24 03:46:05";48
"2018-08-24 03:56:05";47
"2018-08-24 04:06:04";47
"2018-08-24 04:16:04";47
"2018-08-24 04:36:04";46
"2018-08-24 04:46:04";46
"2018-08-24 04:56:05";45
"2018-08-24 05:06:04";45
"2018-08-24 05:16:05";45
"2018-08-24 05:36:04";45
"2018-08-24 05:46:04";45
"2018-08-24 05:56:10";42
"2018-08-24 06:06:05";42
"2018-08-24 06:16:04";42
"2018-08-24 06:36:05";43
"2018-08-24 06:46:05";43
"2018-08-24 06:56:15";45
"2018-08-24 07:06:04";45
"2018-08-24 07:26:05";43
"2018-08-24 07:36:05";43
"2018-08-24 07:46:05";43
"2018-08-24 07:56:05";44
"2018-08-24 08:06:04";44
"2018-08-24 08:26:05";42
"2018-08-24 08:36:04";42
"2018-08-24 08:46:04";42
"2018-08-24 08:56:05";43
"2018-08-24 09:06:04";43
"2018-08-24 09:26:04";43
"2018-08-24 09:46:05";42
"2018-08-24 10:06:05";42
"2018-08-24 10:26:05";44
"2018-08-24 10:36:05";44
"2018-08-24 10:46:05";44
"2018-08-24 10:56:05";41
"2018-08-24 11:16:05";41
"2018-08-24 11:26:05";41
"2018-08-24 11:36:04";41
"2018-08-24 11:46:05";41
"2018-08-24 11:56:09";37
"2018-08-24 12:16:05";37
"2018-08-24 12:26:05";37
"2018-08-24 12:36:04";37
"2018-08-24 12:46:04";37
"2018-08-24 13:06:04";40
"2018-08-24 13:16:04";39
"2018-08-24 13:26:04";39
"2018-08-24 16:06:05";40
"2018-08-24 16:16:05";40
"2018-08-24 16:26:05";40
"2018-08-24 16:46:05";40
"2018-08-24 16:56:10";39
"2018-08-24 17:06:05";39
"2018-08-24 17:16:05";39
"2018-08-24 17:36:05";38
"2018-08-24 17:46:04";38
"2018-08-24 17:56:05";39
"2018-08-24 18:06:05";39
"2018-08-24 18:16:04";39
"2018-08-24 18:36:04";37
"2018-08-24 18:46:05";37
"2018-08-24 18:56:05";39
"2018-08-24 19:06:05";39
"2018-08-24 19:26:05";40
"2018-08-24 19:36:04";40
"2018-08-24 19:46:04";40
"2018-08-24 19:56:05";40
"2018-08-24 20:16:05";40
"2018-08-24 20:26:05";39
"2018-08-24 20:36:05";39
"2018-08-24 20:46:05";39
"2018-08-24 20:56:10";40
"2018-08-24 21:16:05";40
"2018-08-24 21:26:04";40
"2018-08-24 21:36:05";40
"2018-08-24 21:46:05";40
"2018-08-24 22:06:07";40
"2018-08-24 22:16:06";40
"2018-08-24 22:26:06";42
"2018-08-24 22:36:05";42
"2018-08-24 22:46:05";42
"2018-08-24 23:06:04";42
"2018-08-24 23:16:05";42
"2018-08-24 23:26:05";40
"2018-08-24 23:46:05";40
"2018-08-24 23:56:11";41
"2018-08-25 00:16:05";41
"2018-08-25 00:26:05";41
"2018-08-25 00:36:04";41
"2018-08-25 00:46:06";40
"2018-08-25 01:06:04";40
"2018-08-25 01:16:05";40
"2018-08-25 01:26:04";39
"2018-08-25 01:36:04";39
"2018-08-25 01:56:10";38
"2018-08-25 02:06:05";38
"2018-08-25 02:16:05";39
"2018-08-25 02:26:04";39
"2018-08-25 02:36:05";39
"2018-08-25 02:56:04";38
"2018-08-25 03:06:04";38
"2018-08-25 03:16:10";39
"2018-08-25 03:26:04";39
"2018-08-25 03:46:05";39
"2018-08-25 03:56:05";37
"2018-08-25 04:06:04";37
"2018-08-25 04:16:04";37
"2018-08-25 04:26:05";38
"2018-08-25 04:46:05";38
"2018-08-25 04:56:10";36
"2018-08-25 05:06:04";36
"2018-08-25 05:16:05";36
"2018-08-25 05:26:05";37
"2018-08-25 05:46:04";37
"2018-08-25 05:56:04";38
"2018-08-25 06:06:04";38
"2018-08-25 06:16:04";38
"2018-08-25 06:26:04";37
"2018-08-25 06:46:05";37
"2018-08-25 06:56:04";36
"2018-08-25 07:06:05";36
"2018-08-25 07:16:05";36
"2018-08-25 07:26:05";37
"2018-08-25 07:46:05";37
"2018-08-25 07:56:10";37
"2018-08-25 08:06:04";37
"2018-08-25 08:16:05";37
"2018-08-25 08:36:04";35
"2018-08-25 08:46:05";35
"2018-08-25 08:56:04";36
"2018-08-25 09:06:05";36
"2018-08-25 09:16:05";36
"2018-08-25 09:36:04";37
"2018-08-25 09:46:05";37
"2018-08-25 09:56:09";37
"2018-08-25 10:06:05";37
"2018-08-25 10:26:05";36
"2018-08-25 10:36:05";36
"2018-08-25 10:46:05";36
"2018-08-25 10:56:04";36
"2018-08-25 11:06:04";36
"2018-08-25 11:26:05";35
"2018-08-25 11:36:05";35
"2018-08-25 11:46:05";35
"2018-08-25 11:56:10";34
"2018-08-25 12:16:04";34
"2018-08-25 12:26:05";34
"2018-08-25 12:36:05";34
"2018-08-25 12:46:05";34
"2018-08-25 12:56:10";35
"2018-08-25 13:16:05";35
"2018-08-25 13:26:05";35
"2018-08-25 13:36:04";35
"2018-08-25 13:46:05";35
"2018-08-25 14:06:05";35
"2018-08-25 14:16:04";35
"2018-08-25 14:26:05";36
"2018-08-25 14:36:04";36
"2018-08-25 14:56:05";37
"2018-08-25 15:06:04";37
"2018-08-25 15:16:04";37
"2018-08-25 15:26:04";37
"2018-08-25 15:36:05";37
"2018-08-25 15:56:10";38
"2018-08-25 16:06:05";38
"2018-08-26 07:56:10";31
"2018-08-26 08:06:05";31
"2018-08-26 08:16:04";31
"2018-08-26 08:26:05";31
"2018-08-26 08:36:05";31
"2018-08-26 08:56:05";31
"2018-08-26 09:06:05";31
"2018-08-26 09:16:04";31
"2018-08-26 09:26:05";31
"2018-08-26 09:36:04";31
"2018-08-26 09:56:05";33
"2018-08-26 10:06:05";33
"2018-08-26 10:16:05";33
"2018-08-26 10:26:05";33
"2018-08-26 10:46:05";33
"2018-08-26 10:56:09";31
"2018-08-26 11:06:04";31
"2018-08-26 11:16:05";31
"2018-08-26 11:26:05";30
"2018-08-26 11:46:05";30
"2018-08-26 11:56:05";28
"2018-08-26 12:06:04";28
"2018-08-26 12:16:04";28
"2018-08-26 12:36:04";28
"2018-08-26 12:46:05";28
"2018-08-26 12:56:05";30
"2018-08-26 13:06:05";30
"2018-08-26 13:26:05";30
"2018-08-26 13:36:05";30
"2018-08-26 13:46:04";30
"2018-08-26 13:56:10";29
"2018-08-26 14:06:04";29
"2018-08-26 14:26:05";30
"2018-08-26 14:36:05";30
"2018-08-26 14:46:05";30
"2018-08-26 14:56:04";29
"2018-08-26 15:16:05";29
"2018-08-26 15:26:05";31
"2018-08-26 15:36:04";31
"2018-08-26 15:46:05";31
"2018-08-26 15:56:10";32
"2018-08-26 16:16:05";32
"2018-08-26 16:26:05";32
"2018-08-26 16:36:04";32
"2018-08-26 16:46:05";32
"2018-08-26 17:06:05";33
"2018-08-26 17:16:04";33
"2018-08-26 17:26:04";35
"2018-08-26 17:36:05";35
"2018-08-26 17:46:04";35
"2018-08-26 18:06:04";36
"2018-08-26 18:16:05";36
"2018-08-26 18:26:05";37
"2018-08-26 18:36:05";37
"2018-08-26 18:56:05";37
"2018-08-26 19:06:05";37
"2018-08-26 19:16:05";37
"2018-08-26 19:26:04";37
"2018-08-26 19:46:05";37
"2018-08-26 19:56:05";40
"2018-08-26 20:06:04";40
"2018-08-26 20:16:04";40
"2018-08-26 20:26:05";37
"2018-08-26 20:46:04";37
"2018-08-26 20:56:10";39
"2018-08-26 21:06:04";39
"2018-08-26 21:16:04";39
"2018-08-26 21:36:05";39
"2018-08-26 21:46:04";39
"2018-08-26 21:56:10";39
"2018-08-26 22:06:05";39
"2018-08-26 22:26:06";37
"2018-08-26 22:36:04";37
"2018-08-26 22:46:04";37
"2018-08-26 22:56:10";37
"2018-08-26 23:06:04";37
"2018-08-26 23:26:05";38
"2018-08-26 23:36:06";38
"2018-08-26 23:46:06";38
"2018-08-26 23:56:05";36
"2018-08-27 00:16:04";36
"2018-08-27 00:26:05";35
"2018-08-27 00:36:06";35
"2018-08-27 00:46:05";35
"2018-08-27 00:56:10";35
"2018-08-27 01:16:05";35
"2018-08-27 01:26:06";35
"2018-08-27 01:36:05";35
"2018-08-27 01:46:05";35
"2018-08-27 01:56:10";35
"2018-08-27 02:16:04";35
"2018-08-27 02:26:05";35
"2018-08-27 02:36:04";35
"2018-08-27 02:46:05";35
"2018-08-27 02:56:04";34
"2018-08-27 03:16:05";34
"2018-08-27 03:26:05";33
"2018-08-27 03:36:04";33
"2018-08-27 03:46:05";33
"2018-08-27 03:56:05";33
"2018-08-27 04:16:05";33
"2018-08-27 04:26:04";34
"2018-08-27 04:36:04";34
"2018-08-27 04:46:04";34
"2018-08-27 04:56:04";33
"2018-08-27 05:16:05";33
"2018-08-27 05:26:04";32
"2018-08-27 05:36:04";32
"2018-08-27 05:46:05";32
"2018-08-27 05:56:04";32
"2018-08-27 06:16:05";32
"2018-08-27 06:26:05";32
"2018-08-27 06:36:04";32
"2018-08-27 06:46:04";32
"2018-08-27 06:56:09";32
"2018-08-27 07:16:05";32
"2018-08-27 07:26:04";32
"2018-08-27 07:36:04";32
"2018-08-27 07:46:05";32
"2018-08-27 07:56:13";30
"2018-08-27 08:16:04";30
"2018-08-27 08:26:05";31
"2018-08-27 08:36:04";31
"2018-08-27 08:46:04";31
"2018-08-27 09:06:04";32
"2018-08-27 09:16:05";32
"2018-08-27 09:26:05";32
"2018-08-27 09:36:05";32
"2018-08-27 09:46:05";32
"2018-08-27 10:06:04";33
"2018-08-27 10:16:04";33
"2018-08-27 10:26:04";33
"2018-08-27 10:36:05";33
"2018-08-27 10:46:04";31
"2018-08-27 11:06:04";31
"2018-08-27 11:16:04";31
"2018-08-27 11:26:04";29
"2018-08-27 11:36:04";29
"2018-08-27 11:56:15";29
"2018-08-27 12:06:04";29
"2018-08-27 12:16:04";29
"2018-08-27 12:26:05";29
"2018-08-27 12:36:05";29
"2018-08-27 12:56:04";30
"2018-08-27 13:06:05";30
"2018-08-27 13:16:05";30
"2018-08-27 13:26:05";29
"2018-08-27 13:46:05";29
"2018-08-27 13:56:10";30
"2018-08-27 14:06:04";30
"2018-08-27 14:16:04";30
"2018-08-27 14:26:04";29
"2018-08-27 14:46:05";29
"2018-08-27 14:56:14";30
"2018-08-27 15:06:05";30
"2018-08-27 15:16:05";30
"2018-08-27 15:36:05";32
"2018-08-27 15:46:05";32
"2018-08-27 15:56:14";32
"2018-08-27 16:06:04";32
"2018-08-27 16:26:05";32
"2018-08-27 16:36:05";34
"2018-08-27 16:46:04";34
"2018-08-27 16:56:09";36
"2018-08-27 17:06:05";36
"2018-08-27 17:26:05";39
"2018-08-27 17:36:04";39
"2018-08-27 17:46:05";39
"2018-08-27 17:56:05";42
"2018-08-27 18:16:05";42
"2018-08-27 18:26:04";42
"2018-08-27 18:36:05";42
"2018-08-27 18:46:04";42
"2018-08-27 18:56:04";41
"2018-08-27 19:16:05";41
"2018-08-27 19:26:05";45
"2018-08-27 19:36:05";45
"2018-08-27 19:46:04";45
"2018-08-27 19:56:05";45
"2018-08-27 20:16:05";45
"2018-08-27 20:26:04";44
"2018-08-27 20:36:05";44
"2018-08-27 20:46:05";45
"2018-08-27 21:06:04";45
"2018-08-27 21:16:05";45
"2018-08-27 21:26:05";45
"2018-08-27 21:36:05";45
"2018-08-27 21:46:05";43
"2018-08-27 22:06:07";43
"2018-08-27 22:16:05";43
"2018-08-27 22:26:06";43
"2018-08-27 22:36:05";43
"2018-08-27 22:56:05";42
"2018-08-27 23:06:04";42
"2018-08-27 23:16:04";42
"2018-08-27 23:26:04";41
"2018-08-27 23:46:04";41
"2018-08-27 23:56:10";41
"2018-08-28 00:06:06";41
"2018-08-28 00:16:05";41
"2018-08-28 00:26:05";39
"2018-08-28 00:46:06";39
"2018-08-28 00:56:15";38
"2018-08-28 01:06:05";38
"2018-08-28 01:16:05";38
"2018-08-28 01:26:05";39
"2018-08-28 01:36:05";39
"2018-08-28 01:56:04";38
"2018-08-28 02:06:05";38
"2018-08-28 02:16:05";38
"2018-08-28 02:26:04";37
"2018-08-28 02:36:05";37
"2018-08-28 02:56:05";38
"2018-08-28 03:06:04";38
"2018-08-28 03:16:05";38
"2018-08-28 03:26:04";37
"2018-08-28 03:36:04";37
"2018-08-28 03:56:05";36
"2018-08-28 04:06:04";36
"2018-08-28 04:16:05";36
"2018-08-28 04:26:04";35
"2018-08-28 04:36:05";35
"2018-08-28 04:56:04";37
"2018-08-28 05:06:05";37
"2018-08-28 05:16:04";36
"2018-08-28 05:26:04";36
"2018-08-28 05:36:05";36
"2018-08-28 05:56:05";36
"2018-08-28 06:06:04";36
"2018-08-28 06:16:05";35
"2018-08-28 06:26:04";35
"2018-08-28 06:36:04";35
"2018-08-28 06:56:05";33
"2018-08-28 07:06:05";33
"2018-08-28 07:16:05";35
"2018-08-28 07:26:05";35
"2018-08-28 07:46:04";35
"2018-08-28 07:56:10";34
"2018-08-28 08:06:04";34
"2018-08-28 08:16:05";34
"2018-08-28 08:26:05";34
"2018-08-28 08:46:04";34
"2018-08-28 08:56:04";34
"2018-08-28 09:06:04";34
"2018-08-28 09:16:04";34
"2018-08-28 09:26:05";34
"2018-08-28 09:46:04";34
"2018-08-28 09:56:05";34
"2018-08-28 10:06:04";34
"2018-08-28 10:16:05";35
"2018-08-28 10:26:04";35
"2018-08-28 10:46:05";32
"2018-08-28 10:56:10";32
"2018-08-28 11:06:04";32
"2018-08-28 11:16:04";28
"2018-08-28 11:26:04";28
"2018-08-28 11:46:05";28
"2018-08-28 11:56:05";30
"2018-08-28 12:06:04";30
"2018-08-28 12:16:05";31
"2018-08-28 12:36:04";31
"2018-08-28 12:46:05";31
"2018-08-28 12:56:10";31
"2018-08-28 13:06:04";31
"2018-08-28 13:26:04";32
"2018-08-28 13:36:04";32
"2018-08-28 13:46:05";32
"2018-08-28 13:56:10";32
"2018-08-28 14:06:04";32
"2018-08-28 14:26:05";32
"2018-08-28 14:36:04";32
"2018-08-28 14:46:05";32
"2018-08-28 14:56:05";34
"2018-08-28 15:06:04";34
"2018-08-28 15:26:05";35
"2018-08-28 15:36:05";35
"2018-08-28 15:46:05";35
"2018-08-28 15:56:09";35
"2018-08-28 16:16:05";35
"2018-08-28 16:26:05";38
"2018-08-28 16:36:04";38
"2018-08-28 16:46:05";38
"2018-08-28 16:56:05";39
"2018-08-28 17:16:05";39
"2018-08-28 17:26:05";42
"2018-08-28 17:36:05";42
"2018-08-28 17:46:05";42
"2018-08-28 18:06:04";43
"2018-08-28 18:16:05";43
"2018-08-28 18:26:05";45
"2018-08-28 18:36:04";45
"2018-08-28 18:56:15";42
"2018-08-28 19:06:04";42
"2018-08-28 19:16:05";42
"2018-08-28 19:26:05";42
"2018-08-28 19:36:04";42
"2018-08-28 19:56:10";43
"2018-08-28 20:06:05";43
"2018-08-28 20:16:04";43
"2018-08-28 20:26:05";43
"2018-08-28 20:46:05";43
"2018-08-28 20:56:05";43
"2018-08-28 21:06:05";43
"2018-08-28 21:16:05";44
"2018-08-28 21:26:04";44
"2018-08-28 21:46:04";44
"2018-08-28 21:56:05";42
"2018-08-28 22:06:06";42
"2018-08-28 22:16:06";42
"2018-08-28 22:36:04";45
"2018-08-28 22:46:05";41
"2018-08-28 22:56:10";41
"2018-08-28 23:06:05";41
"2018-08-28 23:26:05";41
"2018-08-28 23:36:05";41
"2018-08-28 23:46:05";41
"2018-08-28 23:56:16";40
"2018-08-29 00:06:05";40
"2018-08-29 00:26:05";39
"2018-08-29 00:36:05";39
"2018-08-29 00:46:05";39
"2018-08-29 00:56:04";38
"2018-08-29 01:16:05";38
"2018-08-29 01:26:05";39
"2018-08-29 01:36:05";39
"2018-08-29 01:46:05";39
"2018-08-29 01:56:05";39
"2018-08-29 02:06:04";39
"2018-08-29 02:26:05";38
"2018-08-29 02:36:04";38
"2018-08-29 02:46:05";38
"2018-08-29 02:56:04";36
"2018-08-29 03:06:04";36
"2018-08-29 03:26:05";35
"2018-08-29 03:36:05";35
"2018-08-29 03:46:05";35
"2018-08-29 03:56:05";36
"2018-08-29 04:06:05";36
"2018-08-29 04:26:05";35
"2018-08-29 04:36:04";35
"2018-08-29 04:46:05";35
"2018-08-29 04:56:09";35
"2018-08-29 05:06:05";35
"2018-08-29 05:26:04";35
"2018-08-29 05:36:04";35
"2018-08-29 05:46:04";35
"2018-08-29 05:56:04";35
"2018-08-29 06:06:04";35
"2018-08-29 06:26:04";35
"2018-08-29 06:36:04";35
"2018-08-29 06:46:04";35
"2018-08-29 06:56:10";34
"2018-08-29 07:06:04";34
"2018-08-29 07:26:05";35
"2018-08-29 07:36:04";35
"2018-08-29 07:46:05";35
"2018-08-29 07:56:04";34
"2018-08-29 08:06:05";34
"2018-08-29 08:26:05";33
"2018-08-29 08:36:05";33
"2018-08-29 08:46:04";33
"2018-08-29 08:56:04";33
"2018-08-29 09:06:05";33
"2018-08-29 09:26:05";33
"2018-08-29 09:36:05";33
"2018-08-29 09:46:04";33
"2018-08-29 09:56:12";35
"2018-08-29 10:06:04";35
"2018-08-29 10:26:04";35
"2018-08-29 10:36:04";35
"2018-08-29 10:46:05";35
"2018-08-29 10:56:09";33
"2018-08-29 11:16:04";31
"2018-08-29 11:26:04";31
"2018-08-29 11:36:05";31
"2018-08-29 11:46:05";31
"2018-08-29 11:56:05";31
"2018-08-29 12:16:05";31
"2018-08-29 12:26:05";31
"2018-08-29 12:36:04";31
"2018-08-29 12:46:04";31
"2018-08-29 12:56:09";31
"2018-08-29 13:16:05";31
"2018-08-29 13:26:05";32
"2018-08-29 13:36:05";32
"2018-08-29 13:46:05";32
"2018-08-29 14:06:05";31
"2018-08-29 14:16:04";33
"2018-08-29 14:26:04";33
"2018-08-29 14:36:05";33
"2018-08-29 14:46:04";33
"2018-08-29 15:06:05";34
"2018-08-29 15:16:05";34
"2018-08-29 16:46:05";42
"2018-08-29 16:56:10";42
"2018-08-29 17:16:05";42
"2018-08-29 17:26:04";42
"2018-08-29 17:36:05";42
"2018-08-29 17:46:05";42
"2018-08-29 17:56:09";41
"2018-08-29 18:16:05";41
"2018-08-29 18:26:05";42
"2018-08-29 18:36:05";42
"2018-08-29 18:46:05";42
"2018-08-29 18:56:10";42
"2018-08-29 19:16:04";41
"2018-08-29 19:26:05";41
"2018-08-29 19:36:05";41
"2018-08-29 19:46:04";42
"2018-08-29 20:06:04";42
"2018-08-29 20:16:05";43
"2018-08-29 20:26:04";43
"2018-08-29 20:36:05";43
"2018-08-29 20:46:05";42
"2018-08-29 21:06:05";42
"2018-08-29 21:16:05";42
"2018-08-29 21:26:05";42
"2018-08-29 21:36:04";42
"2018-08-29 21:56:05";40
"2018-08-29 22:06:08";40
"2018-08-29 22:16:06";40
"2018-08-29 22:26:06";40
"2018-08-29 22:46:04";40
"2018-08-29 22:56:05";41
"2018-08-29 23:06:04";41
"2018-08-29 23:16:05";41
"2018-08-29 23:36:05";39
"2018-08-29 23:46:05";39
"2018-08-29 23:56:05";39
"2018-08-30 00:06:05";39
"2018-08-30 00:26:05";39
"2018-08-30 00:36:05";39
"2018-08-30 00:46:06";37
"2018-08-30 00:56:10";37
"2018-08-30 01:06:05";37
"2018-08-30 01:26:05";38
"2018-08-30 01:36:04";38
"2018-08-30 01:46:05";38
"2018-08-30 01:56:05";41
"2018-08-30 02:06:04";41
"2018-08-30 02:26:05";39
"2018-08-30 02:36:04";39
"2018-08-30 02:46:05";39
"2018-08-30 02:56:05";46
"2018-08-30 03:06:04";46
"2018-08-30 03:26:04";43
"2018-08-30 03:36:04";43
"2018-08-30 03:46:05";43
"2018-08-30 03:56:09";41
"2018-08-30 04:06:04";41
"2018-08-30 04:26:05";41
"2018-08-30 04:36:04";41
"2018-08-30 04:46:05";41
"2018-08-30 04:56:05";39
"2018-08-30 05:06:05";39
"2018-08-30 05:26:04";37
"2018-08-30 05:36:05";37
"2018-08-30 05:46:05";37
"2018-08-30 05:56:04";38
"2018-08-30 06:06:04";38
"2018-08-30 06:26:05";37
"2018-08-30 06:36:04";37
"2018-08-30 06:46:05";37
"2018-08-30 06:56:05";35
"2018-08-30 07:06:04";35
"2018-08-30 07:26:05";36
"2018-08-30 07:36:04";36
"2018-08-30 07:46:05";36
"2018-08-30 07:56:10";33
"2018-08-30 08:06:04";33
"2018-08-30 08:26:05";29
"2018-08-30 08:36:05";29
"2018-08-30 08:46:05";29
"2018-08-30 08:56:10";37
"2018-08-30 09:06:05";37
"2018-08-30 09:26:04";37
"2018-08-30 09:36:04";37
"2018-08-30 09:46:04";37
"2018-08-30 09:56:09";36
"2018-08-30 10:06:05";36
"2018-08-30 10:26:04";35
"2018-08-30 10:36:04";35
"2018-08-30 10:46:05";35
"2018-08-30 10:56:05";34
"2018-08-30 11:06:04";34
"2018-08-30 11:26:05";32
"2018-08-30 11:36:04";32
"2018-08-30 11:46:05";32
"2018-08-30 11:56:04";31
"2018-08-30 12:06:05";31
"2018-08-30 12:26:04";31
"2018-08-30 12:36:04";31
"2018-08-30 12:46:05";31
"2018-08-30 12:56:14";31
"2018-08-30 13:16:04";32
"2018-08-30 13:26:04";32
"2018-08-30 13:36:05";32
"2018-08-30 13:46:05";32
"2018-08-30 13:56:10";32
"2018-08-30 14:16:05";32
"2018-08-30 14:26:04";33
"2018-08-30 14:36:05";33
"2018-08-30 14:46:05";33
"2018-08-30 14:56:09";33
"2018-08-30 15:16:05";34
"2018-08-30 15:26:05";34
"2018-08-30 15:36:05";34
"2018-08-30 15:46:05";34
"2018-08-30 16:06:05";34
"2018-08-30 16:16:05";34
"2018-08-30 16:26:04";33
"2018-08-30 16:36:04";33
"2018-08-30 16:46:05";33
"2018-08-30 17:06:05";34
"2018-08-30 17:16:05";34
"2018-08-30 17:26:05";34
"2018-08-30 17:36:05";34
"2018-08-30 17:56:10";36
"2018-08-30 18:06:05";36
"2018-08-30 18:16:05";36
"2018-08-30 18:26:05";35
"2018-08-30 18:46:05";35
"2018-08-30 18:56:09";33
"2018-08-30 19:06:05";33
"2018-08-30 19:16:05";33
"2018-08-30 19:26:05";37
"2018-08-30 19:46:04";37
"2018-08-30 19:56:05";36
"2018-08-30 20:06:05";36
"2018-08-30 20:16:04";36
"2018-08-30 20:36:04";38
"2018-08-30 20:46:05";38
"2018-08-30 20:56:05";37
"2018-08-30 21:06:06";37
"2018-08-30 21:16:05";37
"2018-08-30 21:36:04";37
"2018-08-30 21:46:05";37
"2018-08-30 21:56:05";37
"2018-08-30 22:06:07";37
"2018-08-30 22:26:06";35
"2018-08-30 22:36:04";35
"2018-08-30 22:46:05";35
"2018-08-30 22:56:05";36
"2018-08-30 23:16:05";36
"2018-08-30 23:26:05";35
"2018-08-30 23:36:05";35
"2018-08-30 23:46:04";35
"2018-08-30 23:56:06";37
"2018-08-31 00:16:04";37
"2018-08-31 00:26:05";36
"2018-08-31 00:36:05";36
"2018-08-31 00:46:05";36
"2018-08-31 00:56:10";35
"2018-08-31 01:16:05";35
"2018-08-31 01:26:05";36
"2018-08-31 01:36:05";36
"2018-08-31 01:46:06";36
"2018-08-31 01:56:10";35
"2018-08-31 02:16:05";33
"2018-08-31 02:26:05";33
"2018-08-31 02:36:05";33
"2018-08-31 02:46:05";33
"2018-08-31 02:56:04";34
"2018-08-31 03:16:05";34
"2018-08-31 03:26:05";33
"2018-08-31 03:36:04";33
"2018-08-31 03:46:05";33
"2018-08-31 03:56:09";33
"2018-08-31 04:16:05";33
"2018-08-31 04:26:04";34
"2018-08-31 04:36:04";34
"2018-08-31 04:46:04";34
"2018-08-31 04:56:05";32
"2018-08-31 05:16:04";32
"2018-08-31 05:26:05";32
"2018-08-31 05:36:04";32
"2018-08-31 05:46:05";32
"2018-08-31 05:56:04";32
"2018-08-31 06:06:04";32
"2018-08-31 06:26:05";32
"2018-08-31 06:36:05";32
"2018-08-31 06:46:04";32
"2018-08-31 06:56:10";32
"2018-08-31 07:06:04";32
"2018-08-31 07:26:05";33
"2018-08-31 07:36:04";33
"2018-08-31 07:46:05";33
"2018-08-31 07:56:10";32
"2018-08-31 08:06:05";32
"2018-08-31 08:26:05";32
"2018-08-31 08:36:04";32
"2018-08-31 08:46:05";32
"2018-08-31 08:56:09";30
"2018-08-31 09:06:04";30
"2018-08-31 09:26:05";33
"2018-08-31 09:36:05";33
"2018-08-31 09:46:05";33
"2018-08-31 09:56:09";31
"2018-08-31 10:06:05";31
"2018-08-31 10:26:05";32
"2018-08-31 10:36:05";32
"2018-08-31 10:46:05";32
"2018-08-31 10:56:05";30
"2018-08-31 11:16:05";30
"2018-08-31 11:26:04";31
"2018-08-31 11:36:04";31
"2018-08-31 11:46:04";31
"2018-08-31 11:56:05";31
"2018-08-31 12:16:04";31
"2018-08-31 12:26:05";31
"2018-08-31 12:36:05";31
"2018-08-31 12:46:05";31
"2018-08-31 12:56:14";29
"2018-08-31 13:16:05";29
"2018-08-31 13:26:04";29
"2018-08-31 13:36:05";31
"2018-08-31 13:46:05";31
"2018-08-31 14:06:05";31
"2018-08-31 14:16:05";31
"2018-08-31 14:26:05";32
"2018-08-31 14:36:05";32
"2018-08-31 14:46:05";32
"2018-08-31 15:06:05";32
"2018-08-31 15:16:05";32
"2018-08-31 15:26:05";35
"2018-08-31 15:36:05";35
"2018-08-31 15:56:05";36
"2018-08-31 16:06:05";36
"2018-08-31 16:16:05";36
"2018-08-31 16:26:04";40
"2018-08-31 16:36:04";40
"2018-08-31 16:56:10";41
"2018-08-31 17:06:04";41
"2018-08-31 17:16:05";41
"2018-08-31 17:26:05";38
"2018-08-31 17:46:05";38
"2018-08-31 17:56:09";38
"2018-08-31 18:06:05";38
"2018-08-31 18:16:05";38
"2018-08-31 18:26:05";37
"2018-08-31 18:46:04";37
"2018-08-31 18:56:05";36
"2018-08-31 19:06:04";36
"2018-08-31 19:16:05";36
"2018-08-31 19:36:05";34
"2018-08-31 19:46:05";34
"2018-08-31 19:56:04";36
"2018-08-31 20:06:04";36
"2018-08-31 20:26:05";37
"2018-08-31 20:36:05";37
"2018-08-31 20:46:04";37
"2018-08-31 20:56:05";37
"2018-08-31 21:06:05";37
"2018-08-31 21:26:04";37
"2018-08-31 21:36:05";55
"2018-08-31 21:46:05";55
"2018-08-31 21:56:10";52
"2018-08-31 22:16:05";52
"2018-08-31 22:26:06";49
"2018-08-31 22:36:06";49
"2018-08-31 22:46:05";49
"2018-08-31 22:56:05";48
"2018-08-31 23:16:04";48
"2018-08-31 23:26:05";44
"2018-08-31 23:36:05";44
"2018-08-31 23:46:05";44
"2018-09-01 00:06:06";43
"2018-09-01 00:16:06";43
"2018-09-01 00:26:05";42
"2018-09-01 00:36:05";42
"2018-09-01 00:46:06";42
"2018-09-01 01:06:05";42
"2018-09-01 01:16:05";42
"2018-09-01 01:26:04";41
"2018-09-01 01:36:05";41
"2018-09-01 01:46:05";41
"2018-09-01 02:06:05";41
"2018-09-01 02:16:05";39
"2018-09-01 02:26:05";39
"2018-09-01 02:36:05";39
"2018-09-01 02:46:06";39
"2018-09-01 03:06:04";39
"2018-09-01 03:16:04";39
"2018-09-01 03:26:05";39
"2018-09-01 03:36:04";39
"2018-09-01 03:46:05";39
"2018-09-01 04:06:04";37
"2018-09-01 04:16:05";37
"2018-09-01 04:26:05";35
"2018-09-01 04:36:05";35
"2018-09-01 04:46:04";35
"2018-09-01 05:06:05";34
"2018-09-01 05:16:04";34
"2018-09-01 05:26:05";35
"2018-09-01 05:36:05";35
"2018-09-01 05:46:05";36
"2018-09-01 06:06:04";36
"2018-09-01 06:16:05";36
"2018-09-01 06:26:04";35
"2018-09-01 06:36:04";35
"2018-09-01 06:46:05";35
"2018-09-01 07:06:04";30
"2018-09-01 07:16:05";30
"2018-09-01 07:26:04";36
"2018-09-01 07:36:04";36
"2018-09-01 07:46:05";36
"2018-09-01 08:06:04";35
"2018-09-01 08:16:04";35
"2018-09-01 08:26:04";34
"2018-09-01 08:36:04";34
"2018-09-01 08:46:05";34
"2018-09-01 09:06:05";33
"2018-09-01 09:16:04";33
"2018-09-01 09:26:04";33
"2018-09-01 09:36:04";33
"2018-09-01 09:46:05";33
"2018-09-01 10:06:05";31
"2018-09-01 10:16:04";31
"2018-09-01 10:26:04";32
"2018-09-01 10:36:05";32
"2018-09-01 10:56:05";33
"2018-09-01 11:06:04";33
"2018-09-01 11:16:05";33
"2018-09-01 11:26:04";32
"2018-09-01 11:36:05";32
"2018-09-01 11:56:04";31
"2018-09-01 12:06:04";31
"2018-09-01 12:16:04";31
"2018-09-01 12:26:05";31
"2018-09-01 12:46:05";31
"2018-09-01 12:56:10";31
"2018-09-01 13:06:05";31
"2018-09-01 13:16:04";31
"2018-09-01 13:26:04";31
"2018-09-01 13:46:05";31
"2018-09-01 13:56:10";30
"2018-09-01 14:06:05";30
"2018-09-01 14:16:05";30
"2018-09-01 14:36:05";31
"2018-09-01 14:46:05";30
"2018-09-01 14:56:10";30
"2018-09-01 15:06:05";30
"2018-09-01 15:16:05";30
"2018-09-01 15:36:05";31
"2018-09-01 15:46:05";31
"2018-09-01 15:56:05";30
"2018-09-01 16:06:05";30
"2018-09-01 16:26:05";28
"2018-09-01 16:36:05";28
"2018-09-01 16:46:05";28
"2018-09-01 16:56:05";30
"2018-09-01 17:06:04";30
"2018-09-01 17:26:05";29
"2018-09-01 17:36:04";29
"2018-09-01 17:46:06";29
"2018-09-01 17:56:15";31
"2018-09-01 18:16:05";31
"2018-09-01 18:26:05";31
"2018-09-01 18:36:05";31
"2018-09-01 18:46:05";31
"2018-09-01 18:56:04";31
"2018-09-01 19:16:05";31
"2018-09-01 19:26:05";31
"2018-09-01 19:36:04";31
"2018-09-01 19:46:04";31
"2018-09-01 20:06:04";32
"2018-09-01 20:16:05";32
"2018-09-01 20:26:04";33
"2018-09-01 20:36:05";33
"2018-09-01 20:56:04";32
"2018-09-01 21:06:05";32
"2018-09-01 21:16:04";32
"2018-09-01 21:26:05";32
"2018-09-01 21:46:04";32
"2018-09-01 21:56:05";32
"2018-09-01 22:06:05";32
"2018-09-01 22:16:06";32
"2018-09-01 22:36:05";31
"2018-09-01 22:46:05";31
"2018-09-01 22:56:05";30
"2018-09-01 23:06:05";30
"2018-09-01 23:26:05";32
"2018-09-02 00:26:05";31
"2018-09-02 00:36:04";31
"2018-09-02 00:46:06";30
"2018-09-02 00:56:04";30
"2018-09-02 01:16:04";30
"2018-09-02 01:26:05";29
"2018-09-02 01:36:05";29
"2018-09-02 01:46:05";29
"2018-09-02 01:56:05";28
"2018-09-02 02:16:05";28
"2018-09-02 02:26:05";25
"2018-09-02 02:36:05";25
"2018-09-02 02:46:05";25
"2018-09-02 02:56:05";30
"2018-09-02 03:16:05";30
"2018-09-02 03:26:04";31
"2018-09-02 03:36:05";31
"2018-09-02 03:46:04";31
"2018-09-02 03:56:05";29
"2018-09-02 04:16:04";29
"2018-09-02 04:26:04";30
"2018-09-02 04:36:04";30
"2018-09-02 04:46:05";30
"2018-09-02 04:56:05";29
"2018-09-02 05:16:04";29
"2018-09-02 05:26:05";29
"2018-09-02 05:36:05";29
"2018-09-02 05:46:04";29
"2018-09-02 05:56:10";30
"2018-09-02 06:16:05";30
"2018-09-02 06:26:05";27
"2018-09-02 06:36:04";27
"2018-09-02 06:46:04";27
"2018-09-02 07:06:04";27
"2018-09-02 07:16:04";27
"2018-09-02 07:26:04";28
"2018-09-02 07:36:05";28
"2018-09-02 07:46:04";28
"2018-09-02 08:06:04";27
"2018-09-02 08:16:05";27
"2018-09-02 08:26:04";26
"2018-09-02 08:36:04";26
"2018-09-02 08:46:05";26
"2018-09-02 09:06:04";28
"2018-09-02 09:16:04";28
"2018-09-02 09:26:05";27
"2018-09-02 09:36:05";27
"2018-09-02 09:46:05";27
"2018-09-02 10:06:04";29
"2018-09-02 10:16:05";29
"2018-09-02 10:26:04";29
"2018-09-02 10:36:05";29
"2018-09-02 10:56:05";27
"2018-09-02 11:06:05";27
"2018-09-02 11:16:04";25
"2018-09-02 11:26:04";25
"2018-09-02 11:36:05";25
"2018-09-02 11:56:05";24
"2018-09-02 12:06:04";24
"2018-09-02 12:16:05";24
"2018-09-02 12:26:04";26
"2018-09-02 12:36:05";26
"2018-09-02 12:56:15";26
"2018-09-02 13:06:05";26
"2018-09-02 13:16:05";26
"2018-09-02 13:26:04";27
"2018-09-02 13:46:04";27
"2018-09-02 13:56:09";28
"2018-09-02 14:06:04";28
"2018-09-02 14:16:04";28
"2018-09-02 14:26:05";27
"2018-09-02 14:46:05";27
"2018-09-02 14:56:10";27
"2018-09-02 15:06:04";27
"2018-09-02 15:16:05";27
"2018-09-02 15:36:05";26
"2018-09-02 15:46:05";26
"2018-09-02 15:56:04";27
"2018-09-02 16:06:05";27
"2018-09-02 16:26:04";28
"2018-09-02 16:36:05";28
"2018-09-02 16:46:05";28
"2018-09-02 16:56:05";29
"2018-09-02 17:06:04";29
"2018-09-02 17:26:05";31
"2018-09-02 17:36:05";31
"2018-09-02 17:46:04";31
"2018-09-02 17:56:15";31
"2018-09-02 18:16:04";31
"2018-09-02 18:26:05";30
"2018-09-02 18:36:05";30
"2018-09-02 18:46:04";30
"2018-09-02 18:56:10";33
"2018-09-02 19:16:05";33
"2018-09-02 19:26:05";33
"2018-09-02 19:36:05";33
"2018-09-02 19:46:05";33
"2018-09-02 20:06:04";33
"2018-09-02 20:16:04";33
"2018-09-02 20:26:04";32
"2018-09-02 20:36:05";32
"2018-09-02 20:56:05";34
"2018-09-02 21:06:05";34
"2018-09-02 21:16:05";34
"2018-09-02 21:26:05";38
"2018-09-02 21:46:05";38
"2018-09-02 21:56:10";40
"2018-09-02 22:06:05";40
"2018-09-02 22:16:05";40
"2018-09-02 22:26:06";43
"2018-09-02 22:46:05";43
"2018-09-02 22:56:04";43
"2018-09-02 23:06:05";43
"2018-09-02 23:16:05";43
"2018-09-02 23:36:05";41
"2018-09-02 23:46:05";41
"2018-09-02 23:56:05";45
"2018-09-03 00:06:05";45
"2018-09-03 00:26:05";44
"2018-09-03 00:36:06";44
"2018-09-03 00:46:06";44
"2018-09-03 00:56:05";46
"2018-09-03 01:06:05";46
"2018-09-03 01:26:06";46
"2018-09-03 01:36:05";46
"2018-09-03 01:46:05";46
"2018-09-03 01:56:05";44
"2018-09-03 02:06:04";44
"2018-09-03 02:26:05";46
"2018-09-03 02:36:05";46
"2018-09-03 02:46:04";46
"2018-09-03 02:56:05";46
"2018-09-03 03:06:05";47
"2018-09-03 03:26:05";44
"2018-09-03 03:36:04";44
"2018-09-03 03:46:05";44
"2018-09-03 03:56:04";43
"2018-09-03 04:06:05";43
"2018-09-03 04:26:04";39
"2018-09-03 04:36:04";39
"2018-09-03 04:46:05";39
"2018-09-03 04:56:04";42
"2018-09-03 05:06:04";42
"2018-09-03 05:26:04";40
"2018-09-03 05:36:04";40
"2018-09-03 05:46:05";40
"2018-09-03 05:56:04";39
"2018-09-03 06:06:05";39
"2018-09-03 06:26:05";38
"2018-09-03 06:36:04";38
"2018-09-03 06:46:05";38
"2018-09-03 06:56:05";36
"2018-09-03 07:06:04";36
"2018-09-03 07:26:04";31
"2018-09-03 07:36:04";31
"2018-09-03 07:46:05";31
"2018-09-03 07:56:05";38
"2018-09-03 08:06:04";38
"2018-09-03 08:26:04";38
"2018-09-03 08:36:04";38
"2018-09-03 08:46:05";38
"2018-09-03 09:06:04";36
"2018-09-03 09:26:04";36
"2018-09-03 09:46:04";36
"2018-09-03 09:56:05";36
"2018-09-03 10:16:05";36
"2018-09-03 10:26:04";36
"2018-09-03 10:36:05";36
"2018-09-03 10:46:05";36
"2018-09-03 11:06:05";36
"2018-09-03 11:16:05";36
"2018-09-03 11:26:04";32
"2018-09-03 11:36:05";32
"2018-09-03 11:46:05";32
"2018-09-03 12:06:05";32
"2018-09-03 12:16:05";32
"2018-09-03 12:26:05";35
"2018-09-03 12:36:04";35
"2018-09-03 12:46:05";35
"2018-09-03 13:06:05";33
"2018-09-03 13:16:05";33
"2018-09-03 13:26:05";32
"2018-09-03 13:36:04";32
"2018-09-03 13:56:04";33
"2018-09-03 14:06:05";33
"2018-09-03 14:16:04";33
"2018-09-03 14:26:05";33
"2018-09-03 14:36:04";33
"2018-09-03 14:56:05";32
"2018-09-03 15:06:04";32
"2018-09-03 15:16:05";32
"2018-09-03 15:26:05";33
"2018-09-03 15:46:05";33
"2018-09-03 15:56:10";33
"2018-09-03 16:06:05";33
"2018-09-03 16:16:05";33
"2018-09-03 16:26:05";33
"2018-09-03 16:46:04";31
"2018-09-03 16:56:05";35
"2018-09-03 17:06:05";35
"2018-09-03 17:16:05";35
"2018-09-03 17:36:05";34
"2018-09-03 17:46:04";34
"2018-09-03 17:56:10";33
"2018-09-03 18:06:05";33
"2018-09-03 18:16:04";33
"2018-09-03 18:36:04";36
"2018-09-03 18:46:04";36
"2018-09-03 18:56:05";36
"2018-09-03 19:06:05";34
"2018-09-03 19:26:05";34
"2018-09-03 19:36:04";34
"2018-09-03 19:46:05";34
"2018-09-03 19:56:04";34
"2018-09-03 20:06:05";33
"2018-09-03 20:26:05";33
"2018-09-03 20:36:05";35
"2018-09-03 20:46:04";35
"2018-09-03 20:56:05";35
"2018-09-03 21:16:05";35
"2018-09-03 21:26:04";34
"2018-09-03 21:36:05";34
"2018-09-03 21:46:05";34
"2018-09-03 21:56:05";34
"2018-09-03 22:16:06";34
"2018-09-03 22:26:05";34
"2018-09-03 22:36:05";33
"2018-09-03 22:46:05";33
"2018-09-03 23:06:04";34
"2018-09-03 23:16:04";34
"2018-09-03 23:26:05";33
"2018-09-03 23:36:05";33
"2018-09-03 23:56:15";33
"2018-09-04 00:06:06";33
"2018-09-04 00:16:05";33
"2018-09-04 00:26:05";33
"2018-09-04 00:36:05";33
"2018-09-04 00:56:05";33
"2018-09-04 01:06:05";33
"2018-09-04 01:16:05";33
"2018-09-04 01:26:04";34
"2018-09-04 01:36:05";34
"2018-09-04 01:56:05";34
"2018-09-04 02:06:04";33
"2018-09-04 02:16:10";33
"2018-09-04 02:26:04";33
"2018-09-04 02:36:04";33
"2018-09-04 02:46:05";33
"2018-09-04 03:06:04";32
"2018-09-04 03:16:05";32
"2018-09-04 03:26:04";31
"2018-09-04 03:36:05";31
"2018-09-04 03:46:04";31
"2018-09-04 04:06:04";31
"2018-09-04 04:16:05";31
"2018-09-04 04:26:05";31
"2018-09-04 04:36:05";31
"2018-09-04 04:46:05";31
"2018-09-04 05:06:05";31
"2018-09-04 05:16:05";31
"2018-09-04 05:26:05";32
"2018-09-04 05:36:05";32
"2018-09-04 05:46:05";32
"2018-09-04 06:06:04";31
"2018-09-04 06:16:04";31
"2018-09-04 06:26:05";30
"2018-09-04 06:36:05";30
"2018-09-04 06:56:04";31
"2018-09-04 07:06:05";31
"2018-09-04 07:16:04";31
"2018-09-04 07:26:04";31
"2018-09-04 07:36:04";31
"2018-09-04 07:56:05";30
"2018-09-04 08:06:05";30
"2018-09-04 08:16:05";30
"2018-09-04 08:26:04";30
"2018-09-04 08:36:04";30
"2018-09-04 08:56:15";31
"2018-09-04 09:06:05";31
"2018-09-04 09:16:04";31
"2018-09-04 09:26:04";30
"2018-09-04 09:36:05";30
"2018-09-04 09:56:05";31
"2018-09-04 10:06:05";31
"2018-09-04 10:16:04";31
"2018-09-04 10:26:04";31
"2018-09-04 10:36:05";31
"2018-09-04 10:56:05";29
"2018-09-04 11:06:05";29
"2018-09-04 11:16:04";29
"2018-09-04 11:26:04";29
"2018-09-04 11:46:05";29
"2018-09-04 11:56:05";26
"2018-09-04 12:06:04";26
"2018-09-04 12:16:05";26
"2018-09-04 12:26:04";29
"2018-09-04 12:46:05";29
"2018-09-04 12:56:15";29
"2018-09-04 13:06:05";29
"2018-09-04 13:16:05";29
"2018-09-04 13:26:05";28
"2018-09-04 13:46:05";28
"2018-09-04 13:56:05";29
"2018-09-04 14:06:04";29
"2018-09-04 14:16:05";29
"2018-09-04 14:36:05";28
"2018-09-04 14:46:05";28
"2018-09-04 14:56:04";29
"2018-09-04 15:06:05";29
"2018-09-04 15:16:04";29
"2018-09-04 15:36:04";29
"2018-09-04 15:46:04";29
"2018-09-04 15:56:10";31
"2018-09-04 16:06:05";31
"2018-09-04 16:16:04";31
"2018-09-04 16:36:05";31
"2018-09-04 16:46:05";31
"2018-09-04 16:56:10";32
"2018-09-04 17:06:04";32
"2018-09-04 17:26:05";32
"2018-09-04 17:36:05";32
"2018-09-04 17:46:05";32
"2018-09-04 17:56:14";32
"2018-09-04 18:16:04";32
"2018-09-04 18:26:05";32
"2018-09-04 18:36:04";32
"2018-09-04 18:46:05";32
"2018-09-04 18:56:05";32
"2018-09-04 19:16:05";32
"2018-09-04 19:26:04";32
"2018-09-04 19:36:05";32
"2018-09-04 19:46:05";32
"2018-09-04 20:06:05";31
"2018-09-04 20:16:04";31
"2018-09-04 20:26:05";31
"2018-09-04 20:36:04";31
"2018-09-04 20:46:05";31
"2018-09-04 21:06:05";30
"2018-09-04 21:16:05";30
"2018-09-04 21:26:04";30
"2018-09-04 21:36:05";30
"2018-09-04 21:56:05";31
"2018-09-04 22:06:06";31
"2018-09-04 22:16:06";31
"2018-09-04 22:26:05";32
"2018-09-04 22:46:05";32
"2018-09-04 22:56:04";33
"2018-09-04 23:06:05";33
"2018-09-04 23:16:05";33
"2018-09-04 23:36:05";31
"2018-09-04 23:46:05";31
"2018-09-04 23:56:06";31
"2018-09-05 00:06:06";31
"2018-09-05 00:16:05";31
"2018-09-05 00:36:05";31
"2018-09-05 00:46:06";31
"2018-09-05 00:56:04";30
"2018-09-05 01:06:04";30
"2018-09-05 01:26:05";29
"2018-09-05 01:36:05";29
"2018-09-05 01:46:05";29
"2018-09-05 01:56:15";31
"2018-09-05 02:06:04";31
"2018-09-05 02:16:05";31
"2018-09-05 02:36:05";30
"2018-09-05 02:46:10";30
"2018-09-05 02:56:14";30
"2018-09-05 03:06:05";30
"2018-09-05 03:16:09";30
"2018-09-05 03:36:05";30
"2018-09-05 03:46:05";30
"2018-09-05 03:56:05";30
"2018-09-05 04:06:05";30
"2018-09-05 04:16:04";29
"2018-09-05 04:36:05";29
"2018-09-05 04:46:05";29
"2018-09-05 04:56:04";29
"2018-09-05 05:06:05";29
"2018-09-05 05:16:04";29
"2018-09-05 05:36:05";30
"2018-09-05 05:46:04";30
"2018-09-05 05:56:10";29
"2018-09-05 06:06:04";29
"2018-09-05 06:16:05";29
"2018-09-05 06:36:04";29
"2018-09-05 06:46:05";29
"2018-09-05 06:56:04";29
"2018-09-05 07:06:04";29
"2018-09-05 07:16:04";29
"2018-09-05 07:36:04";27
"2018-09-05 07:46:05";27
"2018-09-05 07:56:05";29
"2018-09-05 08:06:05";29
"2018-09-05 08:16:04";29
"2018-09-05 08:36:05";27
"2018-09-05 08:46:05";27
"2018-09-05 08:56:09";29
"2018-09-05 09:06:04";29
"2018-09-05 09:26:05";28
"2018-09-05 09:36:05";28
"2018-09-05 09:46:05";28
"2018-09-05 09:56:05";29
"2018-09-05 10:06:05";29
"2018-09-05 10:26:05";30
"2018-09-05 10:36:04";30
"2018-09-05 10:46:06";30
"2018-09-05 10:56:05";28
"2018-09-05 11:06:07";28
"2018-09-05 11:26:05";25
"2018-09-05 11:36:05";25
"2018-09-05 11:46:05";25
"2018-09-05 11:56:05";26
"2018-09-05 12:06:05";26
"2018-09-05 12:26:05";26
"2018-09-05 12:36:04";26
"2018-09-05 12:46:04";27
"2018-09-05 12:56:15";27
"2018-09-05 13:16:05";27
"2018-09-05 13:26:04";29
"2018-09-05 13:36:04";29
"2018-09-05 13:46:05";29
"2018-09-05 13:56:04";28
"2018-09-05 14:16:04";28
"2018-09-05 14:26:05";29
"2018-09-05 14:36:05";29
"2018-09-05 14:46:05";29
"2018-09-05 15:06:05";28
"2018-09-05 15:16:05";28
"2018-09-05 15:26:05";28
"2018-09-05 15:36:04";28
"2018-09-05 15:46:05";28
"2018-09-05 16:06:05";26
"2018-09-05 16:16:05";26
"2018-09-05 16:26:05";31
"2018-09-05 16:36:05";31
"2018-09-05 16:56:10";30
"2018-09-05 17:06:05";30
"2018-09-05 17:16:05";30
"2018-09-05 17:26:05";28
"2018-09-05 17:36:04";28
"2018-09-05 17:56:14";27
"2018-09-05 18:06:04";27
"2018-09-05 18:16:06";27
"2018-09-05 18:26:05";27
"2018-09-05 18:36:05";27
"2018-09-05 18:56:05";28
"2018-09-05 19:06:05";28
"2018-09-05 19:16:05";28
"2018-09-05 19:26:04";29
"2018-09-05 19:46:04";29
"2018-09-05 19:56:05";29
"2018-09-05 20:06:05";29
"2018-09-05 20:16:05";29
"2018-09-05 20:36:05";29
"2018-09-05 20:46:05";29
"2018-09-05 20:56:04";30
"2018-09-05 21:06:04";30
"2018-09-05 21:26:05";29
"2018-09-05 21:36:04";29
"2018-09-05 21:46:05";29
"2018-09-05 21:56:15";28
"2018-09-05 22:06:06";28
"2018-09-05 22:26:05";30
"2018-09-05 22:36:04";30
"2018-09-05 22:46:04";30
"2018-09-05 22:56:14";31
"2018-09-05 23:16:04";31
"2018-09-05 23:26:04";30
"2018-09-05 23:36:05";30
"2018-09-05 23:46:06";30
"2018-09-05 23:56:05";30
"2018-09-06 00:16:06";30
"2018-09-06 00:26:05";28
"2018-09-06 00:36:05";28
"2018-09-06 00:46:04";28
"2018-09-06 01:06:06";30
"2018-09-06 01:16:05";30
"2018-09-06 01:26:05";29
"2018-09-06 01:36:04";29
"2018-09-06 01:46:05";29
"2018-09-06 02:06:04";28
"2018-09-06 02:16:05";29
"2018-09-06 02:26:05";29
"2018-09-06 02:36:05";29
"2018-09-06 02:46:05";29
"2018-09-06 03:06:04";30
"2018-09-06 03:16:05";30
"2018-09-06 03:26:04";30
"2018-09-06 03:36:05";30
"2018-09-06 03:46:05";30
"2018-09-06 04:06:04";31
"2018-09-06 04:16:05";31
"2018-09-06 04:26:04";34
"2018-09-06 04:36:05";34
"2018-09-06 04:46:05";34
"2018-09-06 05:06:05";32
"2018-09-06 05:16:05";32
"2018-09-06 05:26:05";32
"2018-09-06 05:36:05";32
"2018-09-06 05:46:05";32
"2018-09-06 06:06:05";32
"2018-09-06 06:16:05";32
"2018-09-06 06:26:05";32
"2018-09-06 06:36:04";32
"2018-09-06 06:46:05";32
"2018-09-06 07:06:05";30
"2018-09-06 07:16:05";30
"2018-09-06 07:26:04";30
"2018-09-06 07:36:04";30
"2018-09-06 07:46:05";30
"2018-09-06 08:06:05";30
"2018-09-06 08:16:05";30
"2018-09-06 08:26:04";31
"2018-09-06 08:36:05";31
"2018-09-06 08:46:04";31
"2018-09-06 09:06:04";30
"2018-09-06 09:16:04";30
"2018-09-06 09:26:05";31
"2018-09-06 09:36:04";31
"2018-09-06 09:46:05";31
"2018-09-06 10:06:04";30
"2018-09-06 10:16:04";30
"2018-09-06 10:26:06";30
"2018-09-06 10:36:05";30
"2018-09-06 10:46:04";30
"2018-09-06 11:06:04";29
"2018-09-06 11:16:05";29
"2018-09-06 11:26:05";30
"2018-09-06 11:36:05";30
"2018-09-06 11:46:05";30
"2018-09-06 12:06:06";27
"2018-09-06 12:16:05";27
"2018-09-06 12:26:04";27
"2018-09-06 12:36:05";27
"2018-09-06 12:56:05";28
"2018-09-06 13:06:04";28
"2018-09-06 13:16:04";28
"2018-09-06 13:26:05";28
"2018-09-06 13:36:05";28
"2018-09-06 13:56:04";28
"2018-09-06 14:06:05";28
"2018-09-06 14:16:05";28
"2018-09-06 14:26:04";29
"2018-09-06 14:36:05";29
"2018-09-06 14:56:15";28
"2018-09-06 15:06:05";28
"2018-09-06 15:16:05";28
"2018-09-06 15:26:05";27
"2018-09-06 15:46:05";27
"2018-09-06 15:56:05";28
"2018-09-06 16:06:05";28
"2018-09-06 16:16:05";28
"2018-09-06 16:26:05";26
"2018-09-06 16:46:04";26
"2018-09-06 16:56:05";31
"2018-09-06 17:06:05";31
"2018-09-06 17:16:05";31
"2018-09-06 17:36:05";32
"2018-09-06 17:46:05";32
"2018-09-06 17:56:05";32
"2018-09-06 18:06:05";32
"2018-09-06 18:16:05";32
"2018-09-06 18:36:05";31
"2018-09-06 18:46:05";31
"2018-09-06 18:56:05";34
"2018-09-06 19:06:05";34
"2018-09-06 19:26:05";38
"2018-09-06 19:36:05";38
"2018-09-06 19:46:05";38
"2018-09-06 19:56:05";45
"2018-09-06 20:06:06";45
"2018-09-06 20:26:05";44
"2018-09-06 20:36:05";44
"2018-09-06 20:46:05";44
"2018-09-06 20:56:05";48
"2018-09-06 21:16:05";48
"2018-09-06 21:26:05";44
"2018-09-06 21:36:05";44
"2018-09-06 21:46:05";44
"2018-09-06 22:06:06";44
"2018-09-06 22:16:05";44
"2018-09-06 22:26:06";43
"2018-09-06 22:36:05";43
"2018-09-06 22:46:05";43
"2018-09-06 23:06:04";42
"2018-09-06 23:16:05";42
"2018-09-06 23:26:04";41
"2018-09-06 23:36:05";41
"2018-09-06 23:56:10";40
"2018-09-07 00:06:06";40
"2018-09-07 00:16:06";40
"2018-09-07 00:26:05";39
"2018-09-07 00:36:05";39
"2018-09-07 00:56:11";38
"2018-09-07 01:06:06";38
"2018-09-07 01:16:05";38
"2018-09-07 01:26:05";37
"2018-09-07 01:36:04";37
"2018-09-07 01:56:15";37
"2018-09-07 02:06:05";37
"2018-09-07 02:16:05";37
"2018-09-07 02:26:05";32
"2018-09-07 02:36:05";32
"2018-09-07 02:56:05";38
"2018-09-07 03:06:04";38
"2018-09-07 03:16:04";38
"2018-09-07 03:26:04";37
"2018-09-07 03:36:04";37
"2018-09-07 03:56:05";34
"2018-09-07 04:06:04";34
"2018-09-07 04:16:04";34
"2018-09-07 04:26:04";34
"2018-09-07 04:36:05";34
"2018-09-07 04:56:10";34
"2018-09-07 05:06:04";34
"2018-09-07 05:16:05";34
"2018-09-07 05:26:04";34
"2018-09-07 05:36:05";34
"2018-09-07 05:56:05";34
"2018-09-07 06:06:04";34
"2018-09-07 06:16:04";34
"2018-09-07 06:26:04";33
"2018-09-07 06:46:05";33
"2018-09-07 06:56:10";32
"2018-09-07 07:06:04";32
"2018-09-07 07:16:05";32
"2018-09-07 07:26:05";33
"2018-09-07 07:46:04";33
"2018-09-07 07:56:04";32
"2018-09-07 08:06:04";32
"2018-09-07 08:16:04";32
"2018-09-07 08:26:04";32
"2018-09-07 08:46:05";32
"2018-09-07 08:56:04";31
"2018-09-07 09:06:04";31
"2018-09-07 09:16:04";31
"2018-09-07 09:26:04";32
"2018-09-07 09:46:04";32
"2018-09-07 09:56:14";31
"2018-09-07 10:06:04";31
"2018-09-07 10:16:04";31
"2018-09-07 10:36:05";31
"2018-09-07 10:46:05";31
"2018-09-07 10:56:14";29
"2018-09-07 11:06:04";29
"2018-09-07 11:16:05";29
"2018-09-07 11:36:04";30
"2018-09-07 11:46:05";30
"2018-09-07 11:56:04";29
"2018-09-07 12:06:05";29
"2018-09-07 12:26:04";30
"2018-09-07 12:36:04";30
"2018-09-07 12:46:05";30
"2018-09-07 12:56:05";28
"2018-09-07 13:06:05";28
"2018-09-07 13:26:05";28
"2018-09-07 13:36:05";28
"2018-09-07 13:46:05";28
"2018-09-07 13:56:05";29
"2018-09-07 14:16:04";29
"2018-09-07 14:26:05";29
"2018-09-07 14:36:05";27
"2018-09-07 14:46:05";27
"2018-09-07 14:56:15";30
"2018-09-07 15:16:05";30
"2018-09-07 15:26:05";32
"2018-09-07 15:36:05";32
"2018-09-07 15:46:05";32
"2018-09-07 15:56:09";33
"2018-09-07 16:16:05";33
"2018-09-07 16:26:05";30
"2018-09-07 16:36:05";30
"2018-09-07 16:46:04";30
"2018-09-07 17:06:04";29
"2018-09-07 17:16:05";29
"2018-09-07 17:26:05";31
"2018-09-07 17:36:04";31
"2018-09-07 17:46:04";31
"2018-09-07 18:06:05";31
"2018-09-07 18:16:05";31
"2018-09-07 18:26:04";30
"2018-09-07 18:36:05";30
"2018-09-07 18:56:15";30
"2018-09-07 19:06:04";30
"2018-09-07 19:16:04";30
"2018-09-07 19:26:05";32
"2018-09-07 19:36:05";32
"2018-09-07 19:56:05";32
"2018-09-07 20:06:05";32
"2018-09-07 20:16:05";32
"2018-09-07 20:26:05";31
"2018-09-07 20:46:05";31
"2018-09-07 20:56:05";31
"2018-09-07 21:06:05";31
"2018-09-07 21:16:05";31
"2018-09-07 21:26:05";31
"2018-09-07 21:46:05";31
"2018-09-07 21:56:04";31
"2018-09-07 22:06:07";31
"2018-09-07 22:16:06";33
"2018-09-07 22:36:05";33
"2018-09-07 22:46:05";33
"2018-09-07 22:56:05";32
"2018-09-07 23:06:04";32
"2018-09-07 23:26:05";32
"2018-09-07 23:36:05";32
"2018-09-07 23:46:05";32
"2018-09-07 23:56:05";32
"2018-09-08 00:06:05";32
"2018-09-08 00:26:05";31
"2018-09-08 00:36:04";31
"2018-09-08 00:46:06";31
"2018-09-08 00:56:15";31
"2018-09-08 01:16:05";31
"2018-09-08 01:26:04";31
"2018-09-08 01:36:05";31
"2018-09-08 01:46:05";31
"2018-09-08 01:56:09";31
"2018-09-08 02:06:05";30
"2018-09-08 02:26:04";30
"2018-09-08 02:36:04";32
"2018-09-08 02:46:05";32
"2018-09-08 02:56:10";31
"2018-09-08 03:06:04";31
"2018-09-08 03:26:04";31
"2018-09-08 03:36:05";31
"2018-09-08 03:46:05";31
"2018-09-08 03:56:10";29
"2018-09-08 04:16:05";30
"2018-09-08 04:26:05";30
"2018-09-08 04:36:05";30
"2018-09-08 04:46:04";30
"2018-09-08 04:56:05";29
"2018-09-08 05:06:04";29
"2018-09-08 05:26:05";29
"2018-09-08 05:36:05";29
"2018-09-08 05:46:05";30
"2018-09-08 05:56:04";30
"2018-09-08 06:06:05";30
"2018-09-08 06:26:05";30
"2018-09-08 06:36:05";30
"2018-09-08 06:46:05";30
"2018-09-08 06:56:05";29
"2018-09-08 07:06:04";29
"2018-09-08 07:26:05";28
"2018-09-08 07:36:04";28
"2018-09-08 07:46:04";28
"2018-09-08 07:56:04";29
"2018-09-08 08:06:04";29
"2018-09-08 08:26:05";29
"2018-09-08 08:36:05";29
"2018-09-08 08:46:05";29
"2018-09-08 08:56:04";30
"2018-09-08 09:06:04";30
"2018-09-08 09:26:05";30
"2018-09-08 09:36:04";30
"2018-09-08 09:46:05";30
"2018-09-08 09:56:04";28
"2018-09-08 10:06:04";28
"2018-09-08 10:26:04";29
"2018-09-08 10:36:05";29
"2018-09-08 10:46:04";29
"2018-09-08 10:56:05";30
"2018-09-08 11:16:04";30
"2018-09-08 11:26:05";26
"2018-09-08 11:36:05";26
"2018-09-08 11:46:05";27
"2018-09-08 11:56:05";27
"2018-09-08 12:16:04";27
"2018-09-08 12:26:05";28
"2018-09-08 12:36:04";28
"2018-09-08 12:46:04";28
"2018-09-08 12:56:10";27
"2018-09-08 13:16:05";27
"2018-09-08 13:26:04";27
"2018-09-08 13:36:05";27
"2018-09-08 13:46:04";27
"2018-09-08 13:56:05";27
"2018-09-08 14:16:05";27
"2018-09-08 14:26:05";28
"2018-09-08 14:36:05";28
"2018-09-08 14:46:05";28
"2018-09-08 15:06:04";27
"2018-09-08 15:16:04";27
"2018-09-08 15:26:05";29
"2018-09-08 15:36:05";29
"2018-09-08 15:46:05";31
"2018-09-08 16:06:05";31
"2018-09-08 16:16:04";31
"2018-09-08 16:26:05";31
"2018-09-08 16:36:05";31
"2018-09-08 16:46:04";31
"2018-09-08 17:06:05";32
"2018-09-08 17:16:05";32
"2018-09-08 17:26:05";32
"2018-09-08 17:36:04";32
"2018-09-08 17:56:05";33
"2018-09-08 18:06:05";33
"2018-09-08 18:16:05";33
"2018-09-08 18:26:05";33
"2018-09-08 18:36:04";32
"2018-09-08 18:56:05";32
"2018-09-08 19:06:05";32
"2018-09-08 19:16:05";32
"2018-09-08 19:26:04";31
"2018-09-08 19:46:05";30
"2018-09-08 19:56:05";30
"2018-09-08 20:06:05";30
"2018-09-08 20:16:05";30
"2018-09-08 20:26:04";31
"2018-09-08 20:46:05";31
"2018-09-08 20:56:15";31
"2018-09-08 21:06:05";31
"2018-09-08 21:16:05";31
"2018-09-08 21:36:04";31
"2018-09-08 21:46:04";31
"2018-09-08 21:56:05";32
"2018-09-08 22:06:06";32
"2018-09-08 22:26:05";32
"2018-09-08 22:36:04";31
"2018-09-08 22:46:05";31
"2018-09-08 22:56:05";32
"2018-09-08 23:06:04";32
"2018-09-09 00:26:05";31
"2018-09-09 00:36:05";31
"2018-09-09 00:46:06";31
"2018-09-09 00:56:06";31
"2018-09-09 01:06:06";31
"2018-09-09 01:26:05";31
"2018-09-09 01:36:05";31
"2018-09-09 01:46:05";31
"2018-09-09 01:56:15";31
"2018-09-09 02:06:04";30
"2018-09-09 02:26:04";30
"2018-09-09 02:36:04";30
"2018-09-09 02:46:04";30
"2018-09-09 02:56:10";30
"2018-09-09 03:06:04";30
"2018-09-09 03:16:05";30
"2018-09-09 03:36:05";30
"2018-09-09 03:46:05";30
"2018-09-09 03:56:05";30
"2018-09-09 04:06:04";30
"2018-09-09 04:16:04";30
"2018-09-09 04:36:04";29
"2018-09-09 04:46:05";29
"2018-09-09 04:56:15";29
"2018-09-09 05:06:05";29
"2018-09-09 05:16:05";29
"2018-09-09 05:36:05";28
"2018-09-09 05:46:05";28
"2018-09-09 05:56:05";29
"2018-09-09 06:06:05";29
"2018-09-09 06:16:04";29
"2018-09-09 06:36:04";29
"2018-09-09 06:46:05";29
"2018-09-09 06:56:14";28
"2018-09-09 07:06:05";28
"2018-09-09 07:16:04";28
"2018-09-09 07:36:05";28
"2018-09-09 07:46:05";28
"2018-09-09 07:56:05";29
"2018-09-09 08:06:04";29
"2018-09-09 08:16:04";29
"2018-09-09 08:36:04";29
"2018-09-09 08:46:05";29
"2018-09-09 08:56:09";27
"2018-09-09 09:06:05";27
"2018-09-09 09:16:04";27
"2018-09-09 09:36:05";28
"2018-09-09 09:46:04";28
"2018-09-09 09:56:10";27
"2018-09-09 10:06:04";27
"2018-09-09 10:16:04";27
"2018-09-09 10:36:04";29
"2018-09-09 10:46:05";29
"2018-09-09 10:56:04";28
"2018-09-09 11:06:05";28
"2018-09-09 11:16:05";28
"2018-09-09 11:36:04";27
"2018-09-09 11:46:05";27
"2018-09-09 11:56:15";25
"2018-09-09 12:06:05";25
"2018-09-09 12:16:04";25
"2018-09-09 12:36:05";26
"2018-09-09 12:46:05";26
"2018-09-09 12:56:05";26
"2018-09-09 13:06:04";26
"2018-09-09 13:16:04";26
"2018-09-09 13:36:05";27
"2018-09-09 13:46:05";27
"2018-09-09 13:56:04";26
"2018-09-09 14:06:05";26
"2018-09-09 14:26:04";27
"2018-09-09 14:36:05";27
"2018-09-09 14:46:05";27
"2018-09-09 14:56:04";27
"2018-09-09 15:06:05";27
"2018-09-09 15:26:04";28
"2018-09-09 15:36:04";28
"2018-09-09 15:46:05";28
"2018-09-09 15:56:05";30
"2018-09-09 16:06:05";30
"2018-09-09 16:26:04";31
"2018-09-09 16:36:04";31
"2018-09-09 16:46:04";31
"2018-09-09 16:56:05";32
"2018-09-09 17:16:04";32
"2018-09-09 17:26:04";32
"2018-09-09 17:36:04";32
"2018-09-09 17:46:05";32
"2018-09-09 17:56:10";32
"2018-09-09 18:16:05";32
"2018-09-09 18:26:05";32
"2018-09-09 18:36:05";32
"2018-09-09 18:46:04";32
"2018-09-09 18:56:04";32
"2018-09-09 19:16:05";32
"2018-09-09 19:26:05";31
"2018-09-09 19:36:04";31
"2018-09-09 19:46:05";31
"2018-09-09 20:06:04";33
"2018-09-09 20:16:04";33
"2018-09-09 20:26:05";32
"2018-09-09 20:36:04";32
"2018-09-09 20:46:05";32
"2018-09-09 21:06:04";33
"2018-09-09 21:16:04";33
"2018-09-09 21:26:04";34
"2018-09-09 21:36:05";34
"2018-09-09 21:56:04";33
"2018-09-09 22:06:06";33
"2018-09-09 22:16:06";33
"2018-09-09 22:26:06";32
"2018-09-09 22:36:05";32
"2018-09-09 22:56:05";32
"2018-09-09 23:06:04";32
"2018-09-09 23:16:05";32
"2018-09-09 23:26:05";33
"2018-09-09 23:46:05";33
"2018-09-09 23:56:10";31
"2018-09-10 00:06:05";31
"2018-09-10 00:16:05";31
"2018-09-10 00:26:05";33
"2018-09-10 00:46:05";33
"2018-09-10 00:56:04";34
"2018-09-10 01:06:05";34
"2018-09-10 01:16:05";34
"2018-09-10 01:26:06";32
"2018-09-10 01:46:06";32
"2018-09-10 01:56:05";32
"2018-09-10 02:06:04";32
"2018-09-10 02:16:05";32
"2018-09-10 02:26:05";31
"2018-09-10 02:36:05";31
"2018-09-10 02:56:05";31
"2018-09-10 03:06:05";31
"2018-09-10 03:16:05";31
"2018-09-10 03:26:05";31
"2018-09-10 03:36:05";31
"2018-09-10 03:56:10";31
"2018-09-10 04:06:04";31
"2018-09-10 04:16:05";31
"2018-09-10 04:26:04";30
"2018-09-10 04:36:04";30
"2018-09-10 04:56:05";30
"2018-09-10 05:06:04";30
"2018-09-10 05:16:04";30
"2018-09-10 05:26:04";29
"2018-09-10 05:36:04";29
"2018-09-10 05:56:05";30
"2018-09-10 06:06:04";30
"2018-09-10 06:16:05";30
"2018-09-10 06:26:05";29
"2018-09-10 06:36:04";29
"2018-09-10 06:56:15";29
"2018-09-10 07:06:04";29
"2018-09-10 07:16:05";29
"2018-09-10 07:26:04";29
"2018-09-10 07:36:04";29
"2018-09-10 07:56:04";28
"2018-09-10 08:06:05";28
"2018-09-10 08:16:05";28
"2018-09-10 08:26:05";29
"2018-09-10 08:36:04";29
"2018-09-10 08:56:15";28
"2018-09-10 09:06:05";28
"2018-09-10 09:16:05";28
"2018-09-10 09:26:04";29
"2018-09-10 09:36:05";29
"2018-09-10 09:56:10";29
"2018-09-10 10:06:05";29
"2018-09-10 10:16:05";29
"2018-09-10 10:26:05";30
"2018-09-10 10:46:05";30
"2018-09-10 10:56:10";27
"2018-09-10 11:06:04";27
"2018-09-10 11:16:04";27
"2018-09-10 11:26:04";27
"2018-09-10 11:46:04";25
"2018-09-10 11:56:09";27
"2018-09-10 12:06:04";27
"2018-09-10 12:16:05";27
"2018-09-10 12:36:04";27
"2018-09-10 12:46:04";27
"2018-09-10 12:56:10";27
"2018-09-10 13:06:04";27
"2018-09-10 13:16:05";27
"2018-09-10 13:36:05";26
"2018-09-10 13:46:05";26
"2018-09-10 13:56:05";28
"2018-09-10 14:06:04";28
"2018-09-10 14:16:04";28
"2018-09-10 14:36:05";28
"2018-09-10 14:46:05";28
"2018-09-10 14:56:05";27
"2018-09-10 15:06:04";27
"2018-09-10 15:26:04";28
"2018-09-10 15:36:04";28
"2018-09-10 15:46:05";28
"2018-09-10 15:56:05";31
"2018-09-10 16:06:04";31
"2018-09-10 16:26:05";30
"2018-09-10 16:36:05";30
"2018-09-10 16:46:05";30
"2018-09-10 16:56:10";31
"2018-09-10 17:16:04";31
"2018-09-10 17:26:05";30
"2018-09-10 17:36:05";30
"2018-09-10 17:46:05";30
"2018-09-10 17:56:15";31
"2018-09-10 18:16:05";31
"2018-09-10 18:26:05";30
"2018-09-10 18:36:05";30
"2018-09-10 18:46:04";30
"2018-09-10 18:56:14";31
"2018-09-10 19:16:04";31
"2018-09-10 19:26:05";31
"2018-09-10 19:36:05";31
"2018-09-10 19:46:05";31
"2018-09-10 20:06:05";31
"2018-09-10 20:16:05";31
"2018-09-10 20:26:04";32
"2018-09-10 20:36:04";32
"2018-09-10 20:46:05";32
"2018-09-10 21:06:04";33
"2018-09-10 21:16:04";33
"2018-09-10 21:26:04";32
"2018-09-10 21:36:05";32
"2018-09-10 21:56:05";33
"2018-09-10 22:06:06";33
"2018-09-10 22:16:05";33
"2018-09-10 22:26:05";33
"2018-09-10 22:36:04";33
"2018-09-10 22:56:05";32
"2018-09-10 23:06:04";32
"2018-09-10 23:16:05";32
"2018-09-10 23:26:05";32
"2018-09-10 23:46:05";32
"2018-09-10 23:56:06";32
"2018-09-11 00:06:06";32
"2018-09-11 00:16:06";32
"2018-09-11 00:26:04";32
"2018-09-11 00:46:06";32
"2018-09-11 00:56:15";32
"2018-09-11 01:06:05";32
"2018-09-11 01:16:05";32
"2018-09-11 01:26:04";30
"2018-09-11 01:46:06";30
"2018-09-11 01:56:10";32
"2018-09-11 02:06:05";32
"2018-09-11 02:16:04";32
"2018-09-11 02:26:05";31
"2018-09-11 02:46:05";31
"2018-09-11 02:56:15";32
"2018-09-11 03:06:04";32
"2018-09-11 03:16:05";29
"2018-09-11 03:26:05";29
"2018-09-11 03:36:04";29
"2018-09-11 03:56:04";31
"2018-09-11 04:06:04";31
"2018-09-11 04:16:04";31
"2018-09-11 04:26:05";29
"2018-09-11 04:36:04";29
"2018-09-11 04:56:05";28
"2018-09-11 05:06:04";28
"2018-09-11 05:16:05";28
"2018-09-11 05:26:05";29
"2018-09-11 05:36:04";29
"2018-09-11 05:56:05";28
"2018-09-11 06:06:04";28
"2018-09-11 06:16:05";28
"2018-09-11 06:26:05";28
"2018-09-11 06:36:04";28
"2018-09-11 06:56:04";27
"2018-09-11 07:06:05";27
"2018-09-11 07:16:05";27
"2018-09-11 07:26:04";28
"2018-09-11 07:36:04";28
"2018-09-11 07:56:04";27
"2018-09-11 08:06:04";27
"2018-09-11 08:16:05";27
"2018-09-11 08:26:04";28
"2018-09-11 08:36:04";28
"2018-09-11 08:56:05";27
"2018-09-11 09:06:05";27
"2018-09-11 09:16:05";27
"2018-09-11 09:26:04";28
"2018-09-11 09:46:05";28
"2018-09-11 09:56:05";29
"2018-09-11 10:06:05";29
"2018-09-11 10:16:04";29
"2018-09-11 10:26:04";29
"2018-09-11 10:46:04";29
"2018-09-11 10:56:04";27
"2018-09-11 11:06:04";27
"2018-09-11 11:16:04";27
"2018-09-11 11:26:05";26
"2018-09-11 11:46:05";26
"2018-09-11 11:56:04";24
"2018-09-11 12:06:05";24
"2018-09-11 12:16:05";24
"2018-09-11 12:36:05";25
"2018-09-11 12:46:05";25
"2018-09-11 13:06:05";28
"2018-09-11 13:16:05";28
"2018-09-11 13:26:04";27
"2018-09-11 13:46:05";27
"2018-09-11 13:56:05";27
"2018-09-11 14:06:05";27
"2018-09-11 14:16:04";27
"2018-09-11 14:36:05";27
"2018-09-11 14:46:05";27
"2018-09-11 14:56:15";27
"2018-09-11 15:06:05";27
"2018-09-11 15:16:05";27
"2018-09-11 15:36:05";28
"2018-09-11 15:46:05";28
"2018-09-11 15:56:13";29
"2018-09-11 16:06:07";29
"2018-09-11 16:26:06";31
"2018-09-11 16:36:04";31
"2018-09-11 16:46:05";31
"2018-09-11 16:56:10";32
"2018-09-11 17:16:05";32
"2018-09-11 17:26:05";36
"2018-09-11 17:36:04";36
"2018-09-11 17:46:05";36
"2018-09-11 18:06:04";39
"2018-09-11 18:16:04";39
"2018-09-11 18:26:05";37
"2018-09-11 18:36:05";37
"2018-09-11 18:56:04";39
"2018-09-11 19:06:05";39
"2018-09-11 19:16:05";39
"2018-09-11 19:26:04";38
"2018-09-11 19:36:04";38
"2018-09-11 19:56:05";39
"2018-09-11 20:06:05";39
"2018-09-11 20:16:05";39
"2018-09-11 20:26:04";40
"2018-09-11 20:46:05";40
"2018-09-11 20:56:05";39
"2018-09-11 21:06:04";39
"2018-09-11 21:16:05";39
"2018-09-11 21:26:05";40
"2018-09-11 21:46:05";40
"2018-09-11 21:56:05";39
"2018-09-11 22:06:06";39
"2018-09-11 22:16:06";39
"2018-09-11 22:36:07";37
"2018-09-11 22:46:05";37
"2018-09-11 22:56:15";39
"2018-09-11 23:06:04";39
"2018-09-11 23:26:05";35
"2018-09-11 23:36:05";35
"2018-09-11 23:46:05";35
"2018-09-11 23:56:10";37
"2018-09-12 00:06:06";37
"2018-09-12 00:26:05";36
"2018-09-12 00:36:05";36
"2018-09-12 00:46:06";36
"2018-09-12 00:56:16";35
"2018-09-12 01:06:06";35
"2018-09-12 01:26:04";36
"2018-09-12 01:36:05";36
"2018-09-12 01:46:06";36
"2018-09-12 01:56:05";35
"2018-09-12 02:06:05";35
"2018-09-12 02:26:04";33
"2018-09-12 02:36:05";33
"2018-09-12 02:46:05";33
"2018-09-12 02:56:05";33
"2018-09-12 03:06:05";33
"2018-09-12 03:26:05";34
"2018-09-12 03:36:05";34
"2018-09-12 03:46:05";30
"2018-09-12 03:56:04";30
"2018-09-12 04:06:05";30
"2018-09-12 04:26:04";25
"2018-09-12 04:36:04";25
"2018-09-12 04:46:04";34
"2018-09-12 04:56:04";34
"2018-09-12 05:06:05";34
"2018-09-12 05:16:04";34
"2018-09-12 05:36:05";33
"2018-09-12 05:46:05";33
"2018-09-12 05:56:05";32
"2018-09-12 06:06:04";32
"2018-09-12 06:16:04";32
"2018-09-12 06:36:04";31
"2018-09-12 06:46:05";31
"2018-09-12 06:56:15";31
"2018-09-12 07:06:05";31
"2018-09-12 07:16:04";31
"2018-09-12 07:36:05";30
"2018-09-12 07:46:04";30
"2018-09-12 07:56:04";29
"2018-09-12 08:06:05";29
"2018-09-12 08:16:04";29
"2018-09-12 08:36:05";30
"2018-09-12 08:46:05";30
"2018-09-12 08:56:15";31
"2018-09-12 09:06:04";31
"2018-09-12 09:16:05";31
"2018-09-12 09:36:05";32
"2018-09-12 09:46:05";32
"2018-09-12 09:56:09";30
"2018-09-12 10:06:05";30
"2018-09-12 10:26:04";30
"2018-09-12 10:36:04";30
"2018-09-12 10:46:04";30
"2018-09-12 10:56:05";30
"2018-09-12 11:16:05";29
"2018-09-12 11:26:05";27
"2018-09-12 11:36:05";27
"2018-09-12 11:46:05";27
"2018-09-12 12:06:04";28
"2018-09-12 12:16:05";28
"2018-09-12 12:26:04";26
"2018-09-12 12:36:05";26
"2018-09-12 12:46:05";26
"2018-09-12 13:06:05";26
"2018-09-12 13:16:04";26
"2018-09-12 13:26:05";27
"2018-09-12 13:36:05";27
"2018-09-12 13:56:05";27
"2018-09-12 14:06:05";27
"2018-09-12 14:16:05";27
"2018-09-12 14:26:05";28
"2018-09-12 14:36:05";28
"2018-09-12 14:56:05";28
"2018-09-12 15:06:05";28
"2018-09-12 15:16:05";28
"2018-09-12 15:26:04";30
"2018-09-12 15:46:04";30
"2018-09-12 15:56:05";33
"2018-09-12 16:06:04";33
"2018-09-12 16:16:04";33
"2018-09-12 16:26:05";33
"2018-09-12 16:46:05";33
"2018-09-12 16:56:04";35
"2018-09-12 17:06:04";35
"2018-09-12 17:16:05";35
"2018-09-12 17:36:04";36
"2018-09-12 17:46:04";36
"2018-09-12 17:56:05";37
"2018-09-12 18:06:04";37
"2018-09-12 18:26:05";37
"2018-09-12 18:36:05";37
"2018-09-12 18:46:05";37
"2018-09-12 18:56:05";39
"2018-09-12 19:16:05";39
"2018-09-12 19:26:05";33
"2018-09-12 19:36:05";33
"2018-09-12 19:46:05";33
"2018-09-12 20:06:05";36
"2018-09-12 20:16:04";36
"2018-09-12 20:26:05";36
"2018-09-12 20:36:05";36
"2018-09-12 20:46:05";36
"2018-09-12 21:06:04";36
"2018-09-12 21:16:05";36
"2018-09-12 21:26:05";32
"2018-09-12 21:36:04";32
"2018-09-12 21:56:05";39
"2018-09-12 22:06:07";39
"2018-09-12 22:16:06";39
"2018-09-12 22:26:06";39
"2018-09-12 22:36:04";39
"2018-09-12 22:56:05";37
"2018-09-12 23:06:05";37
"2018-09-12 23:16:05";37
"2018-09-12 23:26:04";38
"2018-09-12 23:46:05";38
"2018-09-12 23:56:11";36
"2018-09-13 00:06:06";36
"2018-09-13 00:16:05";36
"2018-09-13 00:26:05";35
"2018-09-13 00:46:05";35
"2018-09-13 00:56:16";35
"2018-09-13 01:06:05";35
"2018-09-13 01:16:07";35
"2018-09-13 01:26:05";35
"2018-09-13 01:46:04";35
"2018-09-13 01:56:10";48
"2018-09-13 02:06:04";48
"2018-09-13 02:16:05";48
"2018-09-13 02:26:04";52
"2018-09-13 02:46:05";52
"2018-09-13 02:56:05";51
"2018-09-13 03:06:05";51
"2018-09-13 03:16:05";51
"2018-09-13 03:26:05";47
"2018-09-13 03:46:05";47
"2018-09-13 03:56:09";44
"2018-09-13 04:06:05";44
"2018-09-13 04:16:04";44
"2018-09-13 04:26:04";42
"2018-09-13 04:36:04";42
"2018-09-13 04:56:04";42
"2018-09-13 05:06:05";42
"2018-09-13 05:16:04";42
"2018-09-13 05:26:04";40
"2018-09-13 05:36:04";40
"2018-09-13 05:56:05";38
"2018-09-13 06:06:04";38
"2018-09-13 06:16:04";38
"2018-09-13 06:26:04";36
"2018-09-13 06:46:04";36
"2018-09-13 06:56:05";35
"2018-09-13 07:06:05";35
"2018-09-13 07:16:05";35
"2018-09-13 07:26:04";35
"2018-09-13 07:46:04";35
"2018-09-13 07:56:04";35
"2018-09-13 08:06:05";35
"2018-09-13 08:16:05";34
"2018-09-13 08:26:04";34
"2018-09-13 08:46:05";34
"2018-09-13 08:56:15";35
"2018-09-13 09:06:05";35
"2018-09-13 09:16:05";35
"2018-09-13 09:26:04";33
"2018-09-13 09:46:05";33
"2018-09-13 09:56:14";32
"2018-09-13 10:06:04";32
"2018-09-13 10:16:05";32
"2018-09-13 10:36:05";26
"2018-09-13 10:46:05";26
"2018-09-13 10:56:05";34
"2018-09-13 11:06:05";34
"2018-09-13 11:16:04";34
"2018-09-13 11:36:04";29
"2018-09-13 11:46:05";29
"2018-09-13 11:56:15";27
"2018-09-13 12:06:05";27
"2018-09-13 12:16:04";27
"2018-09-13 12:36:05";32
"2018-09-13 12:46:05";32
"2018-09-13 12:56:15";31
"2018-09-13 13:06:05";31
"2018-09-13 13:26:05";31
"2018-09-13 13:36:05";31
"2018-09-13 13:46:05";31
"2018-09-13 13:56:05";32
"2018-09-13 14:06:05";32
"2018-09-13 14:26:05";32
"2018-09-13 14:36:05";31
"2018-09-13 14:46:05";31
"2018-09-13 14:56:05";32
"2018-09-13 15:16:05";32
"2018-09-13 15:26:05";32
"2018-09-13 15:36:04";32
"2018-09-13 15:46:04";32
"2018-09-13 15:56:05";36
"2018-09-13 16:16:05";36
"2018-09-13 16:26:04";37
"2018-09-13 16:36:04";37
"2018-09-13 16:46:05";37
"2018-09-13 17:06:04";37
"2018-09-13 17:16:05";37
"2018-09-13 17:26:05";37
"2018-09-13 17:36:05";37
"2018-09-13 17:46:05";37
"2018-09-13 18:06:05";39
"2018-09-13 18:16:05";39
"2018-09-13 18:26:05";38
"2018-09-13 18:36:04";38
"2018-09-13 18:56:04";39
"2018-09-13 19:06:05";39
"2018-09-13 19:16:04";39
"2018-09-13 19:26:05";40
"2018-09-13 19:36:04";40
"2018-09-13 19:56:05";40
"2018-09-13 20:06:05";40
"2018-09-13 20:16:05";40
"2018-09-13 20:26:04";39
"2018-09-13 20:46:04";39
"2018-09-13 20:56:10";39
"2018-09-13 21:06:05";39
"2018-09-13 21:16:04";39
"2018-09-13 21:36:04";39
"2018-09-13 21:46:05";39
"2018-09-13 21:56:05";39
"2018-09-13 22:06:06";39
"2018-09-13 22:16:06";39
"2018-09-13 22:36:06";38
"2018-09-13 22:46:04";38
"2018-09-13 22:56:05";38
"2018-09-13 23:06:05";38
"2018-09-13 23:26:05";35
"2018-09-13 23:36:05";35
"2018-09-13 23:46:05";35
"2018-09-13 23:56:16";30
"2018-09-14 00:06:05";30
"2018-09-14 00:26:05";39
"2018-09-14 00:36:05";39
"2018-09-14 00:46:06";39
"2018-09-14 00:56:16";37
"2018-09-14 01:06:06";37
"2018-09-14 01:26:05";37
"2018-09-14 01:36:04";37
"2018-09-14 01:46:05";37
"2018-09-14 01:56:05";39
"2018-09-14 02:06:04";39
"2018-09-14 02:26:04";40
"2018-09-14 02:36:05";40
"2018-09-14 02:46:05";40
"2018-09-14 02:56:04";40
"2018-09-14 03:06:05";39
"2018-09-14 03:26:04";37
"2018-09-14 03:36:05";37
"2018-09-14 03:46:05";37
"2018-09-14 03:56:04";36
"2018-09-14 04:06:04";36
"2018-09-14 04:26:05";35
"2018-09-14 04:36:04";35
"2018-09-14 04:46:05";35
"2018-09-14 04:56:09";35
"2018-09-14 05:16:04";35
"2018-09-14 05:26:05";34
"2018-09-14 05:36:04";34
"2018-09-14 05:46:05";34
"2018-09-14 05:56:10";33
"2018-09-14 06:16:05";33
"2018-09-14 06:26:04";35
"2018-09-14 06:36:05";35
"2018-09-14 06:46:05";35
"2018-09-14 07:06:04";36
"2018-09-14 07:16:04";36
"2018-09-14 07:26:04";36
"2018-09-14 07:36:04";36
"2018-09-14 07:46:05";36
"2018-09-14 08:06:04";34
"2018-09-14 08:16:05";34
"2018-09-14 08:26:04";34
"2018-09-14 08:36:05";34
"2018-09-14 08:46:05";34
"2018-09-14 09:06:05";34
"2018-09-14 09:16:05";34
"2018-09-14 09:26:05";33
"2018-09-14 09:36:05";33
"2018-09-14 09:46:05";33
"2018-09-14 10:06:05";28
"2018-09-14 10:16:05";28
"2018-09-14 10:26:05";36
"2018-09-14 10:36:04";36
"2018-09-14 10:46:04";36
"2018-09-14 11:06:05";32
"2018-09-14 11:16:04";32
"2018-09-14 11:26:05";29
"2018-09-14 11:36:05";29
"2018-09-14 11:56:10";30
"2018-09-14 12:06:05";30
"2018-09-14 12:16:05";30
"2018-09-14 12:26:04";31
"2018-09-14 12:36:05";31
"2018-09-14 12:56:04";30
"2018-09-14 13:06:05";30
"2018-09-14 13:16:04";30
"2018-09-14 13:26:05";32
"2018-09-14 13:46:05";32
"2018-09-14 13:56:05";31
"2018-09-14 14:06:04";31
"2018-09-14 14:16:05";31
"2018-09-14 14:26:04";30
"2018-09-14 14:46:05";30
"2018-09-14 14:56:05";30
"2018-09-14 15:06:04";30
"2018-09-14 15:16:05";30
"2018-09-14 15:36:04";31
"2018-09-14 15:46:04";31
"2018-09-14 15:56:09";31
"2018-09-14 16:06:05";31
"2018-09-14 16:16:05";31
"2018-09-14 16:36:04";30
"2018-09-14 16:46:05";30
"2018-09-14 16:56:04";32
"2018-09-14 17:06:05";32
"2018-09-14 17:26:04";31
"2018-09-14 17:36:04";31
"2018-09-14 17:46:04";31
"2018-09-14 17:56:04";30
"2018-09-14 18:06:05";30
"2018-09-14 18:26:04";29
"2018-09-14 18:36:04";29
"2018-09-14 18:46:05";29
"2018-09-14 18:56:05";29
"2018-09-14 19:16:05";31
"2018-09-14 19:26:04";31
"2018-09-14 19:36:04";31
"2018-09-14 19:46:05";31
"2018-09-14 20:06:05";31
"2018-09-14 20:16:05";31
"2018-09-14 20:26:04";32
"2018-09-14 20:36:05";32
"2018-09-14 20:46:05";32
"2018-09-14 21:06:04";34
"2018-09-14 21:16:05";34
"2018-09-14 21:26:05";32
"2018-09-14 21:36:04";32
"2018-09-14 21:56:04";33
"2018-09-14 22:06:06";33
"2018-09-14 22:16:05";33
"2018-09-14 22:26:05";32
"2018-09-14 22:46:04";32
"2018-09-14 22:56:05";33
"2018-09-14 23:06:04";33
"2018-09-14 23:16:04";33
"2018-09-14 23:36:06";32
"2018-09-14 23:46:05";32
"2018-09-14 23:56:10";32
"2018-09-15 00:06:06";32
"2018-09-15 00:16:05";32
"2018-09-15 00:36:04";32
"2018-09-15 00:46:06";32
"2018-09-15 00:56:11";32
"2018-09-15 01:06:06";32
"2018-09-15 01:26:04";31
"2018-09-15 01:36:05";31
"2018-09-15 01:46:06";31
"2018-09-15 01:56:05";31
"2018-09-15 02:06:04";31
"2018-09-15 02:26:05";32
"2018-09-15 02:36:04";32
"2018-09-15 02:46:05";32
"2018-09-15 02:56:10";29
"2018-09-15 03:06:05";29
"2018-09-15 03:16:10";29
"2018-09-15 03:36:04";30
"2018-09-15 03:46:05";30
"2018-09-15 03:56:14";30
"2018-09-15 04:06:04";30
"2018-09-15 04:26:05";31
"2018-09-15 04:36:04";31
"2018-09-15 04:46:05";31
"2018-09-15 04:56:05";31
"2018-09-15 05:06:05";30
"2018-09-15 05:26:04";30
"2018-09-15 05:36:05";30
"2018-09-15 05:46:05";30
"2018-09-15 05:56:15";29
"2018-09-15 06:06:05";29
"2018-09-15 06:26:05";30
"2018-09-15 06:36:05";30
"2018-09-15 06:46:05";30
"2018-09-15 06:56:05";30
"2018-09-15 07:06:04";30
"2018-09-15 07:26:04";28
"2018-09-15 07:36:05";28
"2018-09-15 07:46:04";28
"2018-09-15 07:56:04";29
"2018-09-15 08:16:05";29
"2018-09-15 08:26:05";29
"2018-09-15 08:36:05";29
"2018-09-15 08:46:05";29
"2018-09-15 08:56:04";29
"2018-09-15 09:16:05";29
"2018-09-15 09:26:05";29
"2018-09-15 09:36:04";29
"2018-09-15 09:46:04";29
"2018-09-15 09:56:04";28
"2018-09-15 10:16:05";28
"2018-09-15 10:26:05";28
"2018-09-15 10:36:05";28
"2018-09-15 10:46:05";28
"2018-09-15 11:06:05";28
"2018-09-15 11:16:05";26
"2018-09-15 11:26:05";26
"2018-09-15 11:36:05";26
"2018-09-15 11:46:05";26
"2018-09-15 12:06:04";26
"2018-09-15 12:16:05";26
"2018-09-15 12:26:05";26
"2018-09-15 12:36:04";26
"2018-09-15 12:56:04";27
"2018-09-15 13:06:04";27
"2018-09-15 13:16:04";26
"2018-09-15 13:26:04";26
"2018-09-15 13:46:05";26
"2018-09-15 13:56:05";26
"2018-09-15 14:06:05";26
"2018-09-15 14:16:04";26
"2018-09-15 14:26:04";25
"2018-09-15 14:46:05";25
"2018-09-15 14:56:05";26
"2018-09-15 15:06:04";26
"2018-09-15 15:16:04";27
"2018-09-15 15:36:04";27
"2018-09-15 15:46:04";27
"2018-09-15 15:56:05";27
"2018-09-15 16:06:05";27
"2018-09-15 16:16:05";27
"2018-09-15 16:36:05";26
"2018-09-15 16:46:05";26
"2018-09-15 16:56:13";28
"2018-09-15 17:06:05";28
"2018-09-15 17:26:04";28
"2018-09-15 17:36:05";28
"2018-09-15 17:46:05";28
"2018-09-15 17:56:05";29
"2018-09-15 18:16:04";29
"2018-09-15 18:26:05";29
"2018-09-15 18:36:05";29
"2018-09-15 18:46:05";29
"2018-09-15 18:56:05";29
"2018-09-15 19:16:05";29
"2018-09-15 19:26:04";30
"2018-09-15 19:36:05";30
"2018-09-15 19:46:05";30
"2018-09-15 20:06:05";31
"2018-09-15 20:16:04";31
"2018-09-15 20:26:05";31
"2018-09-15 20:36:04";31
"2018-09-15 20:46:05";31
"2018-09-15 21:06:05";32
"2018-09-15 21:16:05";32
"2018-09-15 21:26:05";31
"2018-09-15 21:36:05";31
"2018-09-15 21:56:05";32
"2018-09-15 22:06:06";32
"2018-09-15 22:16:05";32
"2018-09-15 22:26:05";32
"2018-09-15 22:46:05";32
"2018-09-15 22:56:04";32
"2018-09-15 23:06:05";33
"2018-09-15 23:16:05";33
"2018-09-15 23:36:06";32
"2018-09-15 23:46:05";32
"2018-09-15 23:56:11";32
"2018-09-16 00:06:06";32
"2018-09-16 00:26:05";32
"2018-09-16 00:36:04";30
"2018-09-16 00:46:06";30
"2018-09-16 00:56:16";30
"2018-09-16 01:06:06";32
"2018-09-16 01:26:05";31
"2018-09-16 01:36:04";31
"2018-09-16 01:46:04";31
"2018-09-16 01:56:05";31
"2018-09-16 02:06:04";31
"2018-09-16 02:26:04";31
"2018-09-16 02:36:09";31
"2018-09-16 02:46:06";31
"2018-09-16 02:56:15";31
"2018-09-16 03:06:05";30
"2018-09-16 03:26:05";30
"2018-09-16 03:36:04";30
"2018-09-16 03:46:04";29
"2018-09-16 03:56:04";29
"2018-09-16 04:06:04";29
"2018-09-16 04:26:05";29
"2018-09-16 04:36:04";29
"2018-09-16 04:46:04";29
"2018-09-16 04:56:05";29
"2018-09-16 05:16:05";30
"2018-09-16 05:26:04";30
"2018-09-16 05:36:05";30
"2018-09-16 05:46:05";30
"2018-09-16 05:56:05";28
"2018-09-16 06:16:05";28
"2018-09-16 06:26:05";28
"2018-09-16 06:36:04";28
"2018-09-16 06:46:05";28
"2018-09-16 06:56:12";29
"2018-09-16 07:16:05";29
"2018-09-16 07:26:04";29
"2018-09-16 07:36:04";29
"2018-09-16 07:46:04";29
"2018-09-16 07:56:04";27
"2018-09-16 08:16:05";27
"2018-09-16 08:26:05";29
"2018-09-16 08:36:05";29
"2018-09-16 08:46:05";29
"2018-09-16 08:56:09";29
"2018-09-16 09:16:04";29
"2018-09-16 09:26:05";29
"2018-09-16 09:36:04";29
"2018-09-16 09:46:05";29
"2018-09-16 10:06:04";29
"2018-09-16 10:16:04";29
"2018-09-16 10:26:05";29
"2018-09-16 10:36:04";29
"2018-09-16 10:46:05";29
"2018-09-16 11:06:04";31
"2018-09-16 11:16:04";31
"2018-09-16 11:26:04";30
"2018-09-16 11:36:05";30
"2018-09-16 11:46:04";30
"2018-09-16 12:06:04";31
"2018-09-16 12:16:05";31
"2018-09-16 12:26:04";31
"2018-09-16 12:36:05";33
"2018-09-16 12:56:05";32
"2018-09-16 13:06:04";32
"2018-09-16 13:16:05";32
"2018-09-16 13:26:04";35
"2018-09-16 13:46:05";35
"2018-09-16 13:56:04";37
"2018-09-16 14:06:04";37
"2018-09-16 14:16:04";40
"2018-09-16 14:26:05";40
"2018-09-16 14:46:05";40
"2018-09-16 14:56:04";43
"2018-09-16 15:06:05";43
"2018-09-16 15:16:04";43
"2018-09-16 15:36:04";69
"2018-09-16 15:46:05";69
"2018-09-16 15:56:05";73
"2018-09-16 16:06:04";73
"2018-09-16 16:16:05";67
"2018-09-16 16:36:05";67
"2018-09-16 16:46:05";67
"2018-09-16 16:56:05";62
"2018-09-16 17:06:05";62
"2018-09-16 17:26:04";60
"2018-09-16 17:36:05";60
"2018-09-16 17:46:05";56
"2018-09-16 17:56:05";56
"2018-09-16 18:16:04";56
"2018-09-16 18:26:05";57
"2018-09-16 18:36:05";57
"2018-09-16 18:46:05";57
"2018-09-16 19:06:05";54
"2018-09-16 19:16:05";54
"2018-09-16 19:26:05";54
"2018-09-16 19:36:04";54
"2018-09-16 19:56:05";52
"2018-09-16 20:06:04";52
"2018-09-16 20:16:05";51
"2018-09-16 20:26:04";51
"2018-09-16 20:46:05";51
"2018-09-16 20:56:05";51
"2018-09-16 21:06:05";51
"2018-09-16 21:16:04";51
"2018-09-16 21:26:05";52
"2018-09-16 21:46:05";52
"2018-09-16 21:56:05";51
"2018-09-16 22:06:06";51
"2018-09-16 22:16:06";51
"2018-09-16 22:36:05";50
"2018-09-16 22:46:04";50
"2018-09-16 22:56:10";48
"2018-09-16 23:06:05";48
"2018-09-16 23:26:05";46
"2018-09-16 23:36:06";46
"2018-09-16 23:46:06";46
"2018-09-16 23:56:15";46
"2018-09-17 00:16:05";46
"2018-09-17 00:26:04";46
"2018-09-17 00:36:06";46
"2018-09-17 00:46:06";46
"2018-09-17 00:56:10";41
"2018-09-17 01:16:05";41
"2018-09-17 01:26:05";43
"2018-09-17 01:36:05";43
"2018-09-17 01:46:05";43
"2018-09-17 01:56:05";44
"2018-09-17 02:16:05";44
"2018-09-17 02:26:04";42
"2018-09-17 02:36:04";42
"2018-09-17 02:46:05";42
"2018-09-17 02:56:05";42
"2018-09-17 03:16:04";42
"2018-09-17 03:26:05";42
"2018-09-17 03:36:05";42
"2018-09-17 03:46:05";42
"2018-09-17 03:56:10";40
"2018-09-17 04:16:05";40
"2018-09-17 04:26:05";41
"2018-09-17 04:36:05";41
"2018-09-17 04:46:05";41
"2018-09-17 04:56:05";41
"2018-09-17 05:16:04";41
"2018-09-17 05:26:05";40
"2018-09-17 05:36:05";40
"2018-09-17 05:46:04";40
"2018-09-17 05:56:05";38
"2018-09-17 06:16:05";38
"2018-09-17 06:26:05";39
"2018-09-17 06:36:05";39
"2018-09-17 06:46:04";38
"2018-09-17 07:06:05";38
"2018-09-17 07:16:04";38
"2018-09-17 07:26:04";36
"2018-09-17 07:36:05";36
"2018-09-17 07:46:04";36
"2018-09-17 08:06:05";36
"2018-09-17 08:16:04";36
"2018-09-17 08:26:05";35
"2018-09-17 08:36:05";35
"2018-09-17 08:46:04";30
"2018-09-17 09:06:05";30
"2018-09-17 09:16:04";41
"2018-09-17 09:26:04";41
"2018-09-17 09:36:05";41
"2018-09-17 09:56:04";38
"2018-09-17 10:06:05";38
"2018-09-17 10:16:05";38
"2018-09-17 10:26:04";37
"2018-09-17 10:36:04";37
"2018-09-17 10:56:05";34
"2018-09-17 11:06:04";34
"2018-09-17 11:16:04";34
"2018-09-17 11:26:04";30
"2018-09-17 11:46:05";31
"2018-09-17 11:56:05";31
"2018-09-17 12:06:05";31
"2018-09-17 12:16:04";31
"2018-09-17 12:26:04";35
"2018-09-17 12:46:05";35
"2018-09-17 12:56:15";35
"2018-09-17 13:06:05";35
"2018-09-17 13:26:04";34
"2018-09-17 13:36:05";34
"2018-09-17 13:46:05";34
"2018-09-17 13:56:05";34
"2018-09-17 14:06:05";34
"2018-09-17 14:26:05";34
"2018-09-17 14:36:05";34
"2018-09-17 14:46:05";34
"2018-09-17 14:56:05";35
"2018-09-17 15:16:05";35
"2018-09-17 15:26:05";35
"2018-09-17 15:36:05";35
"2018-09-17 15:46:04";35
"2018-09-17 16:06:04";35
"2018-09-17 16:16:04";35
"2018-09-17 16:26:05";36
"2018-09-17 16:36:04";36
"2018-09-17 16:46:05";36
"2018-09-17 17:06:05";39
"2018-09-17 17:16:04";39
"2018-09-17 17:26:05";39
"2018-09-17 17:46:04";39
"2018-09-17 17:56:05";38
"2018-09-17 18:06:05";38
"2018-09-17 18:16:05";38
"2018-09-17 18:36:04";39
"2018-09-17 18:46:05";39
"2018-09-17 18:56:05";42
"2018-09-17 19:06:05";42
"2018-09-17 19:26:04";38
"2018-09-17 19:36:05";38
"2018-09-17 19:46:04";38
"2018-09-17 19:56:04";38
"2018-09-17 20:16:05";41
"2018-09-17 20:26:05";40
"2018-09-17 20:36:05";40
"2018-09-17 20:46:04";41
"2018-09-17 21:06:05";41
"2018-09-17 21:16:05";41
"2018-09-17 21:26:05";42
"2018-09-17 21:36:05";42
"2018-09-17 21:46:05";42
"2018-09-17 22:06:05";40
"2018-09-17 22:16:06";40
"2018-09-17 22:26:06";39
"2018-09-17 22:36:06";39
"2018-09-17 22:56:05";38
"2018-09-17 23:06:05";38
"2018-09-17 23:16:05";38
"2018-09-17 23:26:04";40
"2018-09-17 23:46:05";40
"2018-09-17 23:56:06";38
"2018-09-18 00:06:06";38
"2018-09-18 00:26:05";37
"2018-09-18 00:36:05";37
"2018-09-18 00:46:06";37
"2018-09-18 00:56:16";37
"2018-09-18 01:16:06";37
"2018-09-18 01:26:05";60
"2018-09-18 01:36:05";60
"2018-09-18 01:46:05";60
"2018-09-18 02:06:05";58
"2018-09-18 02:16:05";58
"2018-09-18 02:26:05";57
"2018-09-18 02:36:05";57
"2018-09-18 02:56:04";52
"2018-09-18 03:06:05";52
"2018-09-18 03:16:05";52
"2018-09-18 03:26:05";50
"2018-09-18 03:46:04";46
"2018-09-18 03:56:04";46
"2018-09-18 04:06:05";46
"2018-09-18 04:16:05";46
"2018-09-18 04:26:05";44
"2018-09-18 04:46:05";44
"2018-09-18 04:56:04";45
"2018-09-18 05:06:04";45
"2018-09-18 05:16:05";45
"2018-09-18 05:26:04";43
"2018-09-18 05:46:04";43
"2018-09-18 05:56:05";41
"2018-09-18 06:06:05";41
"2018-09-18 06:16:04";41
"2018-09-18 06:26:05";42
"2018-09-18 06:46:05";42
"2018-09-18 06:56:05";41
"2018-09-18 07:06:05";41
"2018-09-18 07:16:04";41
"2018-09-18 07:36:05";38
"2018-09-18 07:46:05";39
"2018-09-18 07:56:05";39
"2018-09-18 08:06:04";39
"2018-09-18 08:16:05";39
"2018-09-18 08:36:04";37
"2018-09-18 08:46:05";37
"2018-09-18 08:56:10";38
"2018-09-18 09:06:05";38
"2018-09-18 09:16:05";38
"2018-09-18 09:36:05";36
"2018-09-18 09:46:04";36
"2018-09-18 09:56:10";37
"2018-09-18 10:06:05";37
"2018-09-18 10:26:04";37
"2018-09-18 10:36:05";37
"2018-09-18 10:46:05";37
"2018-09-18 10:56:05";37
"2018-09-18 11:06:05";37
"2018-09-18 11:26:04";36
"2018-09-18 11:36:04";36
"2018-09-18 11:46:05";36
"2018-09-18 11:56:05";34
"2018-09-18 12:06:04";34
"2018-09-18 12:26:05";34
"2018-09-18 12:36:05";34
"2018-09-18 12:46:05";34
"2018-09-18 13:06:05";33
"2018-09-18 13:16:05";33
"2018-09-18 13:26:05";35
"2018-09-18 13:36:04";35
"2018-09-18 13:46:05";35
"2018-09-18 14:06:05";33
"2018-09-18 14:16:05";33
"2018-09-18 14:26:05";33
"2018-09-18 14:36:05";33
"2018-09-18 14:56:15";33
"2018-09-18 15:06:04";34
"2018-09-18 15:16:04";34
"2018-09-18 15:26:05";35
"2018-09-18 15:46:04";35
"2018-09-18 15:56:05";34
"2018-09-18 16:06:05";34
"2018-09-18 16:16:04";36
"2018-09-18 16:36:05";36
"2018-09-18 16:46:05";36
"2018-09-18 16:56:05";36
"2018-09-18 17:06:05";36
"2018-09-18 17:26:04";36
"2018-09-18 17:36:05";36
"2018-09-18 17:46:05";38
"2018-09-18 17:56:10";38
"2018-09-18 18:06:05";38
"2018-09-18 18:26:04";38
"2018-09-18 18:36:04";41
"2018-09-18 18:46:05";41
"2018-09-18 18:56:05";40
"2018-09-18 19:16:05";39
"2018-09-18 19:26:05";39
"2018-09-18 19:36:04";39
"2018-09-18 19:46:05";39
"2018-09-18 20:06:05";39
"2018-09-18 20:16:05";39
"2018-09-18 20:26:05";39
"2018-09-18 20:36:05";39
"2018-09-18 20:56:05";39
"2018-09-18 21:06:04";39
"2018-09-18 21:16:04";39
"2018-09-18 21:26:05";39
"2018-09-18 21:46:05";39
"2018-09-18 21:56:05";39
"2018-09-18 22:06:07";39
"2018-09-18 22:26:06";38
"2018-09-18 22:36:06";38
"2018-09-18 22:46:05";40
"2018-09-18 22:56:05";40
"2018-09-18 23:16:05";40
"2018-09-18 23:26:05";37
"2018-09-18 23:36:06";37
"2018-09-18 23:46:05";37
"2018-09-19 00:06:06";37
"2018-09-19 00:16:06";37
"2018-09-19 00:26:05";40
"2018-09-19 00:36:05";40
"2018-09-19 00:46:06";40
"2018-09-19 01:06:05";38
"2018-09-19 01:16:04";38
"2018-09-19 01:26:05";49
"2018-09-19 01:36:05";49
"2018-09-19 01:46:05";52
"2018-09-19 02:06:05";52
"2018-09-19 02:16:05";49
"2018-09-19 02:26:05";49
"2018-09-19 02:36:05";49
"2018-09-19 02:56:15";45
"2018-09-19 03:06:05";45
"2018-09-19 03:16:05";45
"2018-09-19 03:26:05";44
"2018-09-19 03:46:05";44
"2018-09-19 03:56:05";42
"2018-09-19 04:06:04";42
"2018-09-19 04:16:04";42
"2018-09-19 04:36:05";40
"2018-09-19 04:46:05";40
"2018-09-19 04:56:05";40
"2018-09-19 05:06:05";40
"2018-09-19 05:16:05";40
"2018-09-19 05:36:04";38
"2018-09-19 05:46:05";38
"2018-09-19 05:56:09";38
"2018-09-19 06:06:04";38
"2018-09-19 06:16:05";38
"2018-09-19 06:36:05";36
"2018-09-19 06:46:05";36
"2018-09-19 06:56:04";37
"2018-09-19 07:06:05";37
"2018-09-19 07:16:05";37
"2018-09-19 07:36:04";37
"2018-09-19 07:46:05";37
"2018-09-19 07:56:05";35
"2018-09-19 08:06:04";35
"2018-09-19 08:26:04";36
"2018-09-19 08:36:05";36
"2018-09-19 08:46:04";36
"2018-09-19 08:56:04";34
"2018-09-19 09:16:05";34
"2018-09-19 09:26:05";35
"2018-09-19 09:36:05";35
"2018-09-19 09:56:14";36
"2018-09-19 10:06:05";36
"2018-09-19 10:16:05";35
"2018-09-19 10:26:05";35
"2018-09-19 10:36:05";35
"2018-09-19 10:56:05";33
"2018-09-19 11:06:04";33
"2018-09-19 11:16:05";33
"2018-09-19 11:26:04";31
"2018-09-19 11:46:05";31
"2018-09-19 11:56:15";30
"2018-09-19 12:06:05";30
"2018-09-19 12:16:05";30
"2018-09-19 12:36:05";29
"2018-09-19 12:46:04";31
"2018-09-19 12:56:04";31
"2018-09-19 13:06:05";31
"2018-09-19 13:16:05";31
"2018-09-19 13:36:04";31
"2018-09-19 13:46:04";31
"2018-09-19 13:56:05";31
"2018-09-19 14:06:05";31
"2018-09-19 14:26:04";33
"2018-09-19 14:36:05";33
"2018-09-19 14:46:05";32
"2018-09-19 15:06:05";32
"2018-09-19 15:16:05";32
"2018-09-19 15:26:05";35
"2018-09-19 15:36:05";35
"2018-09-19 15:56:05";34
"2018-09-19 16:06:05";34
"2018-09-19 16:16:04";34
"2018-09-19 16:26:05";36
"2018-09-19 16:46:05";36
"2018-09-19 16:56:09";39
"2018-09-19 17:06:04";39
"2018-09-19 17:16:05";39
"2018-09-19 17:26:05";39
"2018-09-19 17:46:05";39
"2018-09-19 17:56:13";38
"2018-09-19 18:06:05";38
"2018-09-19 18:16:05";37
"2018-09-19 18:36:05";37
"2018-09-19 18:46:05";37
"2018-09-19 18:56:05";38
"2018-09-19 19:06:04";38
"2018-09-19 19:16:05";38
"2018-09-19 19:36:05";39
"2018-09-19 19:46:05";39
"2018-09-19 19:56:15";40
"2018-09-19 20:06:05";40
"2018-09-19 20:26:05";40
"2018-09-19 20:36:05";40
"2018-09-19 20:46:05";40
"2018-09-19 21:06:05";40
"2018-09-19 21:16:05";40
"2018-09-19 21:26:05";40
"2018-09-19 21:36:05";40
"2018-09-19 21:56:10";39
"2018-09-19 22:06:08";39
"2018-09-19 22:16:06";39
"2018-09-19 22:36:06";39
"2018-09-19 22:46:05";39
"2018-09-19 22:56:05";38
"2018-09-19 23:16:05";37
"2018-09-19 23:26:05";37
"2018-09-19 23:36:05";37
"2018-09-19 23:46:05";37
"2018-09-20 00:06:06";37
"2018-09-20 00:16:05";37
"2018-09-20 00:26:05";37
"2018-09-20 00:36:05";37
"2018-09-20 00:56:11";35
"2018-09-20 01:06:05";35
"2018-09-20 01:16:05";35
"2018-09-20 01:36:05";35
"2018-09-20 01:46:05";35
"2018-09-20 01:56:05";35
"2018-09-20 02:06:05";35
"2018-09-20 02:26:04";33
"2018-09-20 02:36:05";33
"2018-09-20 02:46:05";33
"2018-09-20 02:56:05";34
"2018-09-20 03:16:05";34
"2018-09-20 03:26:05";34
"2018-09-20 03:36:05";34
"2018-09-20 03:46:05";34
"2018-09-20 04:06:05";33
"2018-09-20 04:16:04";33
"2018-09-20 04:26:04";34
"2018-09-20 04:36:05";34
"2018-09-20 04:56:05";33
"2018-09-20 05:06:05";33
"2018-09-20 05:16:04";33
"2018-09-20 05:36:05";33
"2018-09-20 05:46:05";33
"2018-09-20 05:56:05";33
"2018-09-20 06:06:04";33
"2018-09-20 06:26:04";32
"2018-09-20 06:36:04";32
"2018-09-20 06:46:05";32
"2018-09-20 06:56:10";31
"2018-09-20 07:16:05";31
"2018-09-20 07:26:05";32
"2018-09-20 07:36:05";32
"2018-09-20 07:46:05";32
"2018-09-20 07:56:05";31
"2018-09-20 08:16:04";31
"2018-09-20 08:26:04";30
"2018-09-20 08:36:04";30
"2018-09-20 08:46:05";30
"2018-09-20 09:06:05";29
"2018-09-20 09:16:05";29
"2018-09-20 09:26:05";33
"2018-09-20 09:36:05";33
"2018-09-20 09:46:05";32
"2018-09-20 10:06:05";32
"2018-09-20 10:16:04";32
"2018-09-20 10:26:05";33
"2018-09-20 10:36:04";33
"2018-09-20 10:56:10";32
"2018-09-20 11:06:04";32
"2018-09-20 11:16:05";32
"2018-09-20 11:26:05";31
"2018-09-20 11:36:05";31
"2018-09-20 11:56:14";28
"2018-09-20 12:06:04";28
"2018-09-20 12:16:05";28
"2018-09-20 12:26:04";29
"2018-09-20 12:46:04";29
"2018-09-20 12:56:05";30
"2018-09-20 13:06:05";30
"2018-09-20 13:16:04";30
"2018-09-20 13:26:04";31
"2018-09-20 13:46:05";31
"2018-09-20 13:56:05";30
"2018-09-20 14:06:04";30
"2018-09-20 14:16:04";30
"2018-09-20 14:36:04";30
"2018-09-20 14:46:05";30
"2018-09-20 14:56:09";31
"2018-09-20 15:06:04";31
"2018-09-20 15:16:04";32
"2018-09-20 15:36:05";32
"2018-09-20 15:46:05";32
"2018-09-20 15:56:14";32
"2018-09-20 16:06:05";32
"2018-09-20 16:16:04";32
"2018-09-20 16:36:04";35
"2018-09-20 16:46:05";35
"2018-09-20 16:56:15";36
"2018-09-20 17:06:05";36
"2018-09-20 17:26:04";39
"2018-09-20 17:36:04";39
"2018-09-20 17:46:04";39
"2018-09-20 17:56:05";39
"2018-09-20 18:06:04";39
"2018-09-20 18:26:04";37
"2018-09-20 18:36:04";37
"2018-09-20 18:46:05";37
"2018-09-20 18:56:05";37
"2018-09-20 19:16:05";36
"2018-09-20 19:26:04";36
"2018-09-20 19:36:05";37
"2018-09-20 19:46:05";37
"2018-09-20 19:56:05";36
"2018-09-20 20:16:04";37
"2018-09-20 20:26:04";37
"2018-09-20 20:36:04";37
"2018-09-20 20:46:04";37
"2018-09-20 21:06:04";37
"2018-09-20 21:16:05";37
"2018-09-20 21:26:05";37
"2018-09-20 21:36:04";37
"2018-09-20 21:46:05";37
"2018-09-20 22:06:07";36
"2018-09-20 22:16:05";36
"2018-09-20 22:26:06";36
"2018-09-20 22:36:05";36
"2018-09-20 22:56:05";36
"2018-09-20 23:06:05";36
"2018-09-20 23:16:05";36
"2018-09-20 23:26:05";36
"2018-09-20 23:36:05";36
"2018-09-20 23:56:10";36
"2018-09-21 00:06:06";36
"2018-09-21 00:16:06";36
"2018-09-21 00:26:05";35
"2018-09-21 00:46:06";35
"2018-09-21 00:56:10";35
"2018-09-21 01:06:04";35
"2018-09-21 01:16:05";35
"2018-09-21 01:26:05";35
"2018-09-21 01:46:05";35
"2018-09-21 01:56:05";35
"2018-09-21 02:06:04";34
"2018-09-21 02:16:05";34
"2018-09-21 02:26:05";34
"2018-09-21 02:46:05";33
"2018-09-21 02:56:05";33
"2018-09-21 03:06:04";34
"2018-09-21 03:16:05";34
"2018-09-21 03:26:04";33
"2018-09-21 03:46:05";33
"2018-09-21 03:56:05";33
"2018-09-21 04:06:05";33
"2018-09-21 04:16:05";33
"2018-09-21 04:26:05";32
"2018-09-21 04:46:05";32
"2018-09-21 04:56:05";32
"2018-09-21 05:06:05";32
"2018-09-21 05:16:05";32
"2018-09-21 05:26:04";32
"2018-09-21 05:46:05";32
"2018-09-21 05:56:05";31
"2018-09-21 06:06:04";31
"2018-09-21 06:16:04";30
"2018-09-21 06:26:05";30
"2018-09-21 06:46:05";30
"2018-09-21 06:56:04";30
"2018-09-21 07:06:04";30
"2018-09-21 07:16:05";30
"2018-09-21 07:26:04";31
"2018-09-21 07:46:05";31
"2018-09-21 07:56:05";31
"2018-09-21 08:06:05";31
"2018-09-21 08:16:04";30
"2018-09-21 08:36:04";30
"2018-09-21 08:46:05";30
"2018-09-21 08:56:05";31
"2018-09-21 09:06:04";31
"2018-09-21 09:16:05";31
"2018-09-21 09:36:05";31
"2018-09-21 09:46:04";31
"2018-09-21 09:56:09";30
"2018-09-21 10:06:04";30
"2018-09-21 10:16:05";29
"2018-09-21 10:36:04";29
"2018-09-21 10:46:05";29
"2018-09-21 10:56:10";29
"2018-09-21 11:06:04";29
"2018-09-21 11:26:05";24
"2018-09-21 11:36:05";24
"2018-09-21 11:46:05";24
"2018-09-21 11:56:05";27
"2018-09-21 12:06:05";27
"2018-09-21 12:26:04";27
"2018-09-21 12:36:05";27
"2018-09-21 12:46:05";27
"2018-09-21 12:56:05";27
"2018-09-21 13:16:05";26
"2018-09-21 13:26:05";26
"2018-09-21 13:36:05";26
"2018-09-21 13:46:04";27
"2018-09-21 13:56:05";27
"2018-09-21 14:16:04";27
"2018-09-21 14:26:05";28
"2018-09-21 14:36:04";28
"2018-09-21 14:46:05";28
"2018-09-21 15:06:05";30
"2018-09-21 15:16:05";30
"2018-09-21 15:26:05";31
"2018-09-21 15:36:04";31
"2018-09-21 15:56:05";33
"2018-09-21 16:06:04";33
"2018-09-21 16:16:05";33
"2018-09-21 16:26:05";34
"2018-09-21 16:36:05";34
"2018-09-21 16:56:05";38
"2018-09-21 17:06:05";38
"2018-09-21 17:16:05";38
"2018-09-21 17:26:05";39
"2018-09-21 17:46:05";39
"2018-09-21 17:56:05";39
"2018-09-21 18:06:05";39
"2018-09-21 18:16:05";39
"2018-09-21 18:26:04";37
"2018-09-21 18:46:04";37
"2018-09-21 18:56:05";37
"2018-09-21 19:06:04";38
"2018-09-21 19:16:04";38
"2018-09-21 19:26:05";38
"2018-09-21 19:46:05";35
"2018-09-21 19:56:05";35
"2018-09-21 20:06:04";35
"2018-09-21 20:16:05";35
"2018-09-21 20:36:05";35
"2018-09-21 20:46:04";35
"2018-09-21 20:56:05";36
"2018-09-21 21:06:05";36
"2018-09-21 21:26:05";35
"2018-09-21 21:36:05";35
"2018-09-21 21:46:05";35
"2018-09-21 21:56:05";35
"2018-09-21 22:06:07";35
"2018-09-21 22:26:06";34
"2018-09-21 22:36:07";34
"2018-09-21 22:46:05";34
"2018-09-21 22:56:05";34
"2018-09-21 23:16:05";34
"2018-09-21 23:26:05";35
"2018-09-21 23:36:05";35
"2018-09-21 23:46:05";34
"2018-09-22 00:06:06";34
"2018-09-22 00:16:05";34
"2018-09-22 00:26:05";34
"2018-09-22 00:36:04";34
"2018-09-22 00:46:06";34
"2018-09-22 01:06:04";34
"2018-09-22 01:16:05";34
"2018-09-22 01:26:05";35
"2018-09-22 01:36:05";35
"2018-09-22 01:46:05";35
"2018-09-22 02:06:05";35
"2018-09-22 02:16:05";35
"2018-09-22 02:26:04";35
"2018-09-22 02:36:05";35
"2018-09-22 02:46:05";35
"2018-09-22 03:06:04";36
"2018-09-22 03:16:05";36
"2018-09-22 03:26:04";36
"2018-09-22 03:36:05";36
"2018-09-22 03:46:04";36
"2018-09-22 03:56:05";36
"2018-09-22 04:16:04";36
"2018-09-22 04:26:05";37
"2018-09-22 04:36:04";37
"2018-09-22 04:46:05";37
"2018-09-22 05:06:04";35
"2018-09-22 05:16:04";35
"2018-09-22 05:26:05";33
"2018-09-22 05:36:04";33
"2018-09-22 05:46:05";33
"2018-09-22 06:06:05";34
"2018-09-22 06:16:05";34
"2018-09-22 06:26:05";32
"2018-09-22 06:36:05";32
"2018-09-22 06:46:05";32
"2018-09-22 07:06:04";32
"2018-09-22 07:16:04";32
"2018-09-22 07:26:05";31
"2018-09-22 07:36:04";31
"2018-09-22 07:46:04";31
"2018-09-22 08:06:04";32
"2018-09-22 08:16:05";32
"2018-09-22 08:26:05";31
"2018-09-22 08:36:05";31
"2018-09-22 08:46:04";31
"2018-09-22 09:06:04";31
"2018-09-22 09:16:04";30
"2018-09-22 09:26:04";30
"2018-09-22 09:36:04";30
"2018-09-22 09:46:04";30
"2018-09-22 10:06:04";30
"2018-09-22 10:16:05";30
"2018-09-22 10:26:04";31
"2018-09-22 10:36:04";31
"2018-09-22 10:56:05";29
"2018-09-22 11:06:05";29
"2018-09-22 11:16:05";29
"2018-09-22 11:26:05";27
"2018-09-22 11:36:04";27
"2018-09-22 11:56:05";27
"2018-09-22 12:06:04";27
"2018-09-22 12:16:04";27
"2018-09-22 12:26:05";26
"2018-09-22 12:36:05";26
"2018-09-22 12:56:10";28
"2018-09-22 13:06:05";28
"2018-09-22 13:16:05";28
"2018-09-22 13:26:04";29
"2018-09-22 13:46:05";28
"2018-09-22 13:56:05";28
"2018-09-22 14:06:04";28
"2018-09-22 14:16:04";28
"2018-09-22 14:36:04";29
"2018-09-22 14:46:05";29
"2018-09-22 14:56:05";30
"2018-09-22 15:06:04";30
"2018-09-22 15:16:04";30
"2018-09-22 15:36:05";29
"2018-09-22 15:46:05";29
"2018-09-22 15:56:05";31
"2018-09-22 16:06:04";31
"2018-09-22 16:26:05";34
"2018-09-22 16:36:04";34
"2018-09-22 16:46:04";35
"2018-09-22 16:56:10";35
"2018-09-22 17:06:04";35
"2018-09-22 17:26:05";37
"2018-09-22 17:36:05";37
"2018-09-22 17:46:05";39
"2018-09-22 17:56:10";39
"2018-09-22 18:06:05";39
"2018-09-22 18:26:05";41
"2018-09-22 18:36:05";41
"2018-09-22 18:46:04";41
"2018-09-22 18:56:05";39
"2018-09-22 19:16:04";39
"2018-09-22 19:26:05";39
"2018-09-22 19:36:04";39
"2018-09-22 19:46:05";40
"2018-09-22 20:06:05";40
"2018-09-22 20:16:05";40
"2018-09-22 20:26:05";40
"2018-09-22 20:36:04";40
"2018-09-22 20:46:04";40
"2018-09-22 21:06:05";39
"2018-09-22 21:16:05";39
"2018-09-22 21:26:04";39
"2018-09-22 21:36:05";39
"2018-09-22 21:56:10";39
"2018-09-22 22:06:06";39
"2018-09-22 22:16:06";39
"2018-09-22 22:26:05";36
"2018-09-22 22:46:05";36
"2018-09-22 22:56:05";36
"2018-09-22 23:06:04";36
"2018-09-22 23:16:05";36
"2018-09-22 23:26:04";37
"2018-09-23 00:36:05";37
"2018-09-23 00:46:06";37
"2018-09-23 01:06:05";37
"2018-09-23 01:16:05";37
"2018-09-23 01:26:05";36
"2018-09-23 01:36:05";36
"2018-09-23 01:46:05";36
"2018-09-23 02:06:04";36
"2018-09-23 02:16:04";36
"2018-09-23 02:26:05";36
"2018-09-23 02:36:05";36
"2018-09-23 02:46:05";36
"2018-09-23 03:06:05";34
"2018-09-23 03:16:05";34
"2018-09-23 03:26:05";34
"2018-09-23 03:36:05";34
"2018-09-23 03:46:05";34
"2018-09-23 04:06:04";35
"2018-09-23 04:16:04";35
"2018-09-23 04:26:05";35
"2018-09-23 04:36:05";35
"2018-09-23 04:46:05";35
"2018-09-23 05:06:05";33
"2018-09-23 05:16:04";33
"2018-09-23 05:26:05";34
"2018-09-23 05:36:05";34
"2018-09-23 05:46:05";34
"2018-09-23 06:06:04";33
"2018-09-23 06:16:04";33
"2018-09-23 06:26:05";33
"2018-09-23 06:36:04";33
"2018-09-23 06:46:04";33
"2018-09-23 07:06:04";33
"2018-09-23 07:16:05";33
"2018-09-23 07:26:05";32
"2018-09-23 07:36:04";32
"2018-09-23 07:56:05";34
"2018-09-23 08:06:05";34
"2018-09-23 08:16:04";34
"2018-09-23 08:26:05";33
"2018-09-23 08:36:04";33
"2018-09-23 08:56:05";33
"2018-09-23 09:06:04";33
"2018-09-23 09:16:04";33
"2018-09-23 09:26:05";33
"2018-09-23 09:36:05";33
"2018-09-23 09:56:05";33
"2018-09-23 10:06:04";33
"2018-09-23 10:16:05";33
"2018-09-23 10:26:04";33
"2018-09-23 10:46:05";33
"2018-09-23 10:56:05";33
"2018-09-23 11:06:05";33
"2018-09-23 11:16:05";29
"2018-09-23 11:36:05";29
"2018-09-23 11:46:05";29
"2018-09-23 11:56:04";27
"2018-09-23 12:06:04";27
"2018-09-23 12:16:04";27
"2018-09-23 12:36:04";31
"2018-09-23 12:46:05";31
"2018-09-23 12:56:04";30
"2018-09-23 13:06:04";30
"2018-09-23 13:26:05";31
"2018-09-23 13:36:04";31
"2018-09-23 13:46:05";30
"2018-09-23 13:56:05";30
"2018-09-23 14:16:04";30
"2018-09-23 14:26:05";32
"2018-09-23 14:36:05";32
"2018-09-23 14:46:05";32
"2018-09-23 14:56:10";34
"2018-09-23 15:16:05";34
"2018-09-23 15:26:04";36
"2018-09-23 15:36:04";36
"2018-09-23 15:46:05";36
"2018-09-23 15:56:10";38
"2018-09-23 16:16:05";38
"2018-09-23 16:26:05";42
"2018-09-23 16:36:05";42
"2018-09-23 16:46:05";42
"2018-09-23 17:06:05";44
"2018-09-23 17:16:05";44
"2018-09-23 17:26:05";48
"2018-09-23 17:36:04";48
"2018-09-23 17:46:05";49
"2018-09-23 18:06:05";49
"2018-09-23 18:16:05";49
"2018-09-23 18:26:04";48
"2018-09-23 18:36:04";48
"2018-09-23 18:56:10";48
"2018-09-23 19:06:05";48
"2018-09-23 19:16:05";48
"2018-09-23 19:26:05";48
"2018-09-23 19:36:05";45
"2018-09-23 19:56:15";43
"2018-09-23 20:06:05";43
"2018-09-23 20:16:05";43
"2018-09-23 20:26:04";43
"2018-09-23 20:46:05";43
"2018-09-23 20:56:10";43
"2018-09-23 21:06:05";43
"2018-09-23 21:16:05";43
"2018-09-23 21:36:05";43
"2018-09-23 21:46:05";43
"2018-09-23 21:56:15";42
"2018-09-23 22:06:06";42
"2018-09-23 22:26:06";43
"2018-09-23 22:36:05";43
"2018-09-23 22:46:04";43
"2018-09-23 22:56:10";43
"2018-09-23 23:06:05";43
"2018-09-23 23:26:05";43
"2018-09-23 23:36:05";43
"2018-09-23 23:46:05";44
"2018-09-23 23:56:15";44
"2018-09-24 00:16:04";44
"2018-09-24 00:26:05";44
"2018-09-24 00:36:05";45
"2018-09-24 00:46:06";45
"2018-09-24 00:56:05";48
"2018-09-24 01:16:05";48
"2018-09-24 01:26:05";51
"2018-09-24 01:36:05";51
"2018-09-24 01:46:05";49
"2018-09-24 01:56:10";49
"2018-09-24 02:16:05";50
"2018-09-24 02:26:05";50
"2018-09-24 02:36:04";50
"2018-09-24 02:46:05";50
"2018-09-24 02:56:05";48
"2018-09-24 03:16:05";48
"2018-09-24 03:26:04";45
"2018-09-24 03:36:04";45
"2018-09-24 03:46:05";45
"2018-09-24 04:06:04";45
"2018-09-24 04:16:04";45
"2018-09-24 04:26:04";44
"2018-09-24 04:36:04";44
"2018-09-24 04:46:04";43
"2018-09-24 05:06:04";43
"2018-09-24 05:16:04";43
"2018-09-24 05:26:04";42
"2018-09-24 05:36:04";42
"2018-09-24 05:46:05";42
"2018-09-24 06:06:05";43
"2018-09-24 06:16:04";43
"2018-09-24 06:26:04";41
"2018-09-24 06:36:04";41
"2018-09-24 06:46:05";41
"2018-09-24 07:06:04";41
"2018-09-24 07:16:04";41
"2018-09-24 07:26:05";43
"2018-09-24 07:36:04";43
"2018-09-24 07:46:05";41
"2018-09-24 08:06:05";41
"2018-09-24 08:16:04";41
"2018-09-24 08:26:04";41
"2018-09-24 08:36:05";41
"2018-09-24 08:46:05";41
"2018-09-24 09:06:04";41
"2018-09-24 09:16:05";41
"2018-09-24 09:26:05";41
"2018-09-24 09:36:05";41
"2018-09-24 09:46:05";41
"2018-09-24 10:06:04";41
"2018-09-24 10:16:05";36
"2018-09-24 10:26:04";36
"2018-09-24 10:36:05";36
"2018-09-24 10:46:05";36
"2018-09-24 11:06:05";37
"2018-09-24 11:16:04";37
"2018-09-24 11:26:05";36
"2018-09-24 11:36:04";36
"2018-09-24 11:46:04";36
"2018-09-24 12:06:05";33
"2018-09-24 12:16:05";33
"2018-09-24 12:26:05";33
"2018-09-24 12:36:04";33
"2018-09-24 12:56:05";33
"2018-09-24 13:06:05";33
"2018-09-24 13:16:05";33
"2018-09-24 13:26:04";33
"2018-09-24 13:46:04";33
"2018-09-24 13:56:05";32
"2018-09-24 14:06:04";32
"2018-09-24 14:16:05";32
"2018-09-24 14:36:05";33
"2018-09-24 14:46:05";33
"2018-09-24 14:56:14";32
"2018-09-24 15:06:04";32
"2018-09-24 15:16:05";32
"2018-09-24 15:36:05";33
"2018-09-24 15:46:05";34
"2018-09-24 15:56:09";34
"2018-09-24 16:06:05";34
"2018-09-24 16:26:04";36
"2018-09-24 16:36:05";36
"2018-09-24 16:46:05";36
"2018-09-24 16:56:05";38
"2018-09-24 17:16:04";38
"2018-09-24 17:26:05";39
"2018-09-24 17:36:04";39
"2018-09-24 17:46:04";39
"2018-09-24 17:56:05";41
"2018-09-24 18:16:05";41
"2018-09-24 18:26:04";38
"2018-09-24 18:36:05";38
"2018-09-24 18:46:05";38
"2018-09-24 19:06:05";39
"2018-09-24 19:16:04";37
"2018-09-24 19:26:05";37
"2018-09-24 19:36:04";37
"2018-09-24 19:56:15";38
"2018-09-24 20:06:05";38
"2018-09-24 20:16:05";38
"2018-09-24 20:26:05";39
"2018-09-24 20:46:05";39
"2018-09-24 20:56:10";38
"2018-09-24 21:06:05";38
"2018-09-24 21:16:04";38
"2018-09-24 21:36:04";39
"2018-09-24 21:46:04";39
"2018-09-24 21:56:05";36
"2018-09-24 22:06:06";36
"2018-09-24 22:16:06";36
"2018-09-24 22:36:06";35
"2018-09-24 22:46:05";35
"2018-09-24 22:56:14";33
"2018-09-24 23:06:05";33
"2018-09-24 23:26:05";34
"2018-09-24 23:36:05";34
"2018-09-24 23:46:04";34
"2018-09-24 23:56:10";33
"2018-09-25 00:16:05";33
"2018-09-25 00:26:05";33
"2018-09-25 00:36:04";33
"2018-09-25 00:46:06";33
"2018-09-25 00:56:05";32
"2018-09-25 01:16:05";31
"2018-09-25 01:26:05";31
"2018-09-25 01:36:05";31
"2018-09-25 01:46:04";31
"2018-09-25 01:56:10";31
"2018-09-25 02:16:05";32
"2018-09-25 02:26:05";32
"2018-09-25 02:36:05";32
"2018-09-25 02:46:05";32
"2018-09-25 02:56:15";32
"2018-09-25 03:16:05";31
"2018-09-25 03:26:05";31
"2018-09-25 03:36:05";31
"2018-09-25 03:46:05";31
"2018-09-25 03:56:04";32
"2018-09-25 04:16:05";32
"2018-09-25 04:26:04";31
"2018-09-25 04:36:04";31
"2018-09-25 04:46:04";31
"2018-09-25 05:06:04";31
"2018-09-25 05:16:05";31
"2018-09-25 05:26:05";29
"2018-09-25 05:36:05";29
"2018-09-25 05:46:05";29
"2018-09-25 06:06:05";30
"2018-09-25 06:16:05";30
"2018-09-25 06:26:04";29
"2018-09-25 06:36:05";29
"2018-09-25 06:46:04";29
"2018-09-25 07:06:04";30
"2018-09-25 07:16:04";30
"2018-09-25 07:26:04";30
"2018-09-25 07:36:04";30
"2018-09-25 07:46:05";30
"2018-09-25 08:06:04";28
"2018-09-25 08:16:04";28
"2018-09-25 08:26:05";25
"2018-09-25 08:36:05";25
"2018-09-25 08:46:04";22
"2018-09-25 09:06:05";22
"2018-09-25 09:16:05";34
"2018-09-25 09:26:04";34
"2018-09-25 09:36:04";34
"2018-09-25 09:56:10";32
"2018-09-25 10:06:04";32
"2018-09-25 10:16:04";32
"2018-09-25 10:26:05";29
"2018-09-25 10:36:04";29
"2018-09-25 10:56:10";29
"2018-09-25 11:06:05";29
"2018-09-25 11:16:04";29
"2018-09-25 11:26:05";29
"2018-09-25 11:46:05";29
"2018-09-25 11:56:10";27
"2018-09-25 12:06:04";27
"2018-09-25 12:16:04";27
"2018-09-25 12:26:07";28
"2018-09-25 12:46:05";28
"2018-09-25 12:56:05";27
"2018-09-25 13:06:05";27
"2018-09-25 13:16:05";26
"2018-09-25 13:36:05";26
"2018-09-25 13:46:05";26
"2018-09-25 13:56:10";28
"2018-09-25 14:06:05";28
"2018-09-25 14:16:04";28
"2018-09-25 14:36:05";26
"2018-09-25 14:46:05";26
"2018-09-25 14:56:10";27
"2018-09-25 15:06:04";27
"2018-09-25 15:26:05";27
"2018-09-25 15:36:04";27
"2018-09-25 15:46:05";27
"2018-09-25 15:56:05";29
"2018-09-25 16:16:05";29
"2018-09-25 16:26:04";30
"2018-09-25 16:36:05";30
"2018-09-25 16:46:05";30
"2018-09-25 16:56:05";32
"2018-09-25 17:16:04";37
"2018-09-25 17:26:04";37
"2018-09-25 17:36:05";37
"2018-09-25 17:46:04";37
"2018-09-25 18:06:04";38
"2018-09-25 18:16:04";38
"2018-09-25 18:26:05";40
"2018-09-25 18:36:05";40
"2018-09-25 18:46:05";42
"2018-09-25 19:06:05";42
"2018-09-25 19:16:05";42
"2018-09-25 19:26:04";39
"2018-09-25 19:36:04";39
"2018-09-25 19:56:14";41
"2018-09-25 20:06:05";41
"2018-09-25 20:16:04";40
"2018-09-25 20:26:04";40
"2018-09-25 20:46:04";40
"2018-09-25 20:56:05";40
"2018-09-25 21:06:05";40
"2018-09-25 21:16:05";40
"2018-09-25 21:36:05";38
"2018-09-25 21:46:05";38
"2018-09-25 21:56:14";38
"2018-09-25 22:06:07";38
"2018-09-25 22:16:06";38
"2018-09-25 22:36:05";36
"2018-09-25 22:46:05";36
"2018-09-25 22:56:05";35
"2018-09-25 23:06:04";35
"2018-09-25 23:26:04";34
"2018-09-25 23:36:05";34
"2018-09-25 23:46:05";33
"2018-09-25 23:56:06";33
"2018-09-26 00:16:07";33
"2018-09-26 00:26:05";33
"2018-09-26 00:36:05";33
"2018-09-26 00:46:05";32
"2018-09-26 00:56:10";32
"2018-09-26 01:16:05";32
"2018-09-26 01:26:05";32
"2018-09-26 01:36:05";32
"2018-09-26 01:46:05";32
"2018-09-26 02:06:05";28
"2018-09-26 02:16:04";28
"2018-09-26 02:26:05";23
"2018-09-26 02:36:04";23
"2018-09-26 02:56:09";34
"2018-09-26 03:06:05";34
"2018-09-26 03:16:05";34
"2018-09-26 03:26:04";33
"2018-09-26 03:36:04";33
"2018-09-26 03:56:05";30
"2018-09-26 04:06:05";30
"2018-09-26 04:16:04";30
"2018-09-26 04:26:04";29
"2018-09-26 04:36:04";29
"2018-09-26 04:56:10";29
"2018-09-26 05:06:04";29
"2018-09-26 05:16:05";29
"2018-09-26 05:26:05";28
"2018-09-26 05:36:05";28
"2018-09-26 05:56:05";27
"2018-09-26 06:06:04";27
"2018-09-26 06:16:05";27
"2018-09-26 06:26:04";27
"2018-09-26 06:36:05";27
"2018-09-26 06:56:04";27
"2018-09-26 07:06:05";27
"2018-09-26 07:16:05";27
"2018-09-26 07:26:05";27
"2018-09-26 07:36:05";27
"2018-09-26 07:56:05";27
"2018-09-26 08:06:04";27
"2018-09-26 08:16:04";27
"2018-09-26 08:26:05";26
"2018-09-26 08:36:04";26
"2018-09-26 08:56:05";27
"2018-09-26 09:06:04";27
"2018-09-26 09:16:05";27
"2018-09-26 09:26:05";27
"2018-09-26 09:46:04";27
"2018-09-26 09:56:09";26
"2018-09-26 10:06:04";26
"2018-09-26 10:16:04";26
"2018-09-26 10:26:04";26
"2018-09-26 10:46:05";26
"2018-09-26 10:56:05";25
"2018-09-26 11:06:05";25
"2018-09-26 11:16:05";25
"2018-09-26 11:26:05";26
"2018-09-26 11:46:05";26
"2018-09-26 11:56:10";25
"2018-09-26 12:06:04";25
"2018-09-26 12:16:05";25
"2018-09-26 12:36:05";24
"2018-09-26 12:46:05";24
"2018-09-26 12:56:10";24
"2018-09-26 13:06:05";24
"2018-09-26 13:16:05";25
"2018-09-26 13:36:04";25
"2018-09-26 13:46:05";24
"2018-09-26 13:56:05";24
"2018-09-26 14:06:05";24
"2018-09-26 14:26:04";22
"2018-09-26 14:36:05";22
"2018-09-26 14:46:05";22
"2018-09-26 14:56:05";22
"2018-09-26 15:06:06";22
"2018-09-26 15:26:05";24
"2018-09-26 15:36:06";24
"2018-09-26 15:46:05";24
"2018-09-26 15:56:10";26
"2018-09-26 16:16:05";26
"2018-09-26 16:26:05";29
"2018-09-26 16:36:05";29
"2018-09-26 16:46:05";29
"2018-09-26 17:06:05";31
"2018-09-26 17:16:04";31
"2018-09-26 17:26:05";33
"2018-09-26 17:36:05";33
"2018-09-26 17:56:05";36
"2018-09-26 18:06:06";36
"2018-09-26 18:16:04";36
"2018-09-26 18:26:04";36
"2018-09-26 18:46:04";36
"2018-09-26 18:56:05";38
"2018-09-26 19:06:05";38
"2018-09-26 19:16:05";38
"2018-09-26 19:36:04";39
"2018-09-26 19:46:05";39
"2018-09-26 19:56:10";37
"2018-09-26 20:06:05";37
"2018-09-26 20:26:05";38
"2018-09-26 20:36:05";38
"2018-09-26 20:46:05";38
"2018-09-26 20:56:05";38
"2018-09-26 21:16:04";38
"2018-09-26 21:26:05";36
"2018-09-26 21:36:04";36
"2018-09-26 21:46:05";36
"2018-09-26 22:06:07";36
"2018-09-26 22:16:07";36
"2018-09-26 22:26:07";35
"2018-09-26 22:36:06";35
"2018-09-26 22:46:05";35
"2018-09-26 23:06:05";34
"2018-09-26 23:16:04";34
"2018-09-26 23:26:05";33
"2018-09-26 23:36:05";33
"2018-09-26 23:56:09";32
"2018-09-27 00:06:06";32
"2018-09-27 00:16:06";32
"2018-09-27 00:26:05";32
"2018-09-27 00:46:05";32
"2018-09-27 00:56:06";32
"2018-09-27 01:06:05";32
"2018-09-27 01:16:05";32
"2018-09-27 01:26:05";26
"2018-09-27 01:46:05";26
"2018-09-27 01:56:15";28
"2018-09-27 02:06:04";28
"2018-09-27 02:16:04";28
"2018-09-27 02:26:04";31
"2018-09-27 02:46:06";31
"2018-09-27 02:56:05";29
"2018-09-27 03:06:05";29
"2018-09-27 03:16:05";27
"2018-09-27 03:26:04";27
"2018-09-27 03:46:04";27
"2018-09-27 03:56:14";27
"2018-09-27 04:06:04";27
"2018-09-27 04:16:04";27
"2018-09-27 04:26:05";26
"2018-09-27 04:46:05";27
"2018-09-27 04:56:09";27
"2018-09-27 05:06:04";27
"2018-09-27 05:16:04";27
"2018-09-27 05:26:04";26
"2018-09-27 05:46:05";26
"2018-09-27 05:56:10";25
"2018-09-27 06:06:05";25
"2018-09-27 06:16:04";25
"2018-09-27 06:26:05";26
"2018-09-27 06:46:05";26
"2018-09-27 06:56:10";25
"2018-09-27 07:06:05";25
"2018-09-27 07:16:05";25
"2018-09-27 07:26:04";25
"2018-09-27 07:46:04";25
"2018-09-27 07:56:05";26
"2018-09-27 08:06:05";26
"2018-09-27 08:16:05";26
"2018-09-27 08:26:05";25
"2018-09-27 08:46:05";25
"2018-09-27 08:56:10";24
"2018-09-27 09:06:05";24
"2018-09-27 09:16:05";24
"2018-09-27 09:36:04";25
"2018-09-27 09:46:05";25
"2018-09-27 09:56:05";24
"2018-09-27 10:06:05";24
"2018-09-27 10:16:04";24
"2018-09-27 10:36:04";26
"2018-09-27 10:46:04";26
"2018-09-27 10:56:04";25
"2018-09-27 11:06:05";25
"2018-09-27 11:16:05";25
"2018-09-27 11:36:05";22
"2018-09-27 11:46:05";22
"2018-09-27 11:56:10";22
"2018-09-27 12:06:05";22
"2018-09-27 12:26:04";21
"2018-09-27 12:36:04";21
"2018-09-27 12:46:04";21
"2018-09-27 12:56:05";22
"2018-09-27 13:06:05";22
"2018-09-27 13:26:04";22
"2018-09-27 13:36:05";22
"2018-09-27 13:46:04";22
"2018-09-27 13:56:05";24
"2018-09-27 14:16:05";24
"2018-09-27 14:26:04";22
"2018-09-27 14:36:05";22
"2018-09-27 14:46:05";22
"2018-09-27 15:06:04";23
"2018-09-27 15:16:05";23
"2018-09-27 15:26:05";24
"2018-09-27 15:36:05";24
"2018-09-27 16:36:05";24
"2018-09-27 16:46:05";24
"2018-09-27 16:56:05";27
"2018-09-27 17:16:05";30
"2018-09-27 17:26:05";30
"2018-09-27 17:36:05";30
"2018-09-27 17:46:04";33
"2018-09-27 18:06:05";33
"2018-09-27 18:16:04";33
"2018-09-27 18:26:05";37
"2018-09-27 18:46:05";37
"2018-09-27 18:56:05";38
"2018-09-27 19:06:05";38
"2018-09-27 19:16:05";38
"2018-09-27 19:36:04";40
"2018-09-27 19:46:05";40
"2018-09-27 19:56:04";39
"2018-09-27 20:06:05";39
"2018-09-27 20:16:05";39
"2018-09-27 20:36:05";39
"2018-09-27 20:46:05";39
"2018-09-27 20:56:05";39
"2018-09-27 21:06:04";39
"2018-09-27 21:26:05";38
"2018-09-27 21:36:05";38
"2018-09-27 21:46:04";38
"2018-09-27 21:56:05";36
"2018-09-27 22:16:06";36
"2018-09-27 22:26:07";35
"2018-09-27 22:36:06";35
"2018-09-27 22:46:05";35
"2018-09-27 23:06:04";33
"2018-09-27 23:16:04";33
"2018-09-27 23:26:05";33
"2018-09-27 23:36:06";33
"2018-09-27 23:56:06";33
"2018-09-28 00:06:06";33
"2018-09-28 00:16:05";33
"2018-09-28 00:26:05";31
"2018-09-28 00:36:05";31
"2018-09-28 00:56:06";30
"2018-09-28 01:06:05";30
"2018-09-28 01:16:05";30
"2018-09-28 01:36:04";27
"2018-09-28 01:46:05";27
"2018-09-28 01:56:04";23
"2018-09-28 02:06:05";23
"2018-09-28 02:16:05";23
"2018-09-28 02:36:05";32
"2018-09-28 02:46:05";32
"2018-09-28 02:56:05";30
"2018-09-28 03:06:04";30
"2018-09-28 03:26:04";28
"2018-09-28 03:36:05";28
"2018-09-28 03:46:05";28
"2018-09-28 03:56:05";28
"2018-09-28 04:06:05";28
"2018-09-28 04:26:05";27
"2018-09-28 04:36:04";27
"2018-09-28 04:46:05";27
"2018-09-28 04:56:05";27
"2018-09-28 05:06:04";27
"2018-09-28 05:26:05";27
"2018-09-28 05:36:05";27
"2018-09-28 05:46:04";27
"2018-09-28 05:56:04";26
"2018-09-28 06:06:04";26
"2018-09-28 06:26:05";26
"2018-09-28 06:36:04";26
"2018-09-28 06:46:04";26
"2018-09-28 06:56:04";26
"2018-09-28 07:06:04";26
"2018-09-28 07:26:04";25
"2018-09-28 07:36:04";25
"2018-09-28 07:46:04";25
"2018-09-28 07:56:04";25
"2018-09-28 08:06:05";25
"2018-09-28 08:26:04";25
"2018-09-28 08:36:05";25
"2018-09-28 08:46:05";25
"2018-09-28 08:56:05";25
"2018-09-28 09:06:04";25
"2018-09-28 09:26:04";25
"2018-09-28 09:36:05";25
"2018-09-28 09:46:04";25
"2018-09-28 09:56:04";25
"2018-09-28 10:16:05";25
"2018-09-28 10:26:04";26
"2018-09-28 10:36:05";26
"2018-09-28 10:46:05";26
"2018-09-28 10:56:04";25
"2018-09-28 11:16:04";25
"2018-09-28 11:26:04";21
"2018-09-28 11:36:04";21
"2018-09-28 11:46:05";21
"2018-09-28 11:56:05";21
"2018-09-28 12:16:05";21
"2018-09-28 12:26:04";21
"2018-09-28 12:36:05";21
"2018-09-28 12:46:05";21
"2018-09-28 13:06:04";21
"2018-09-28 13:16:05";21
"2018-09-28 13:26:04";22
"2018-09-28 13:36:04";22
"2018-09-28 13:46:04";22
"2018-09-28 14:06:05";22
"2018-09-28 14:16:05";22
"2018-09-28 14:26:05";22
"2018-09-28 14:36:04";22
"2018-09-28 14:56:05";21
"2018-09-28 15:06:05";21
"2018-09-28 15:16:04";21
"2018-09-28 15:26:04";22
"2018-09-28 15:36:04";22
"2018-09-28 15:56:05";23
"2018-09-28 16:06:04";23
"2018-09-28 16:16:05";23
"2018-09-28 16:26:05";25
"2018-09-28 16:46:04";25
"2018-09-28 16:56:05";28
"2018-09-28 17:06:05";28
"2018-09-28 17:16:05";28
"2018-09-28 17:26:05";29
"2018-09-28 17:46:05";29
"2018-09-28 17:56:05";34
"2018-09-28 18:06:05";34
"2018-09-28 18:16:05";34
"2018-09-28 18:36:05";37
"2018-09-28 18:46:04";37
"2018-09-28 18:56:05";38
"2018-09-28 19:06:05";38
"2018-09-28 19:26:04";40
"2018-09-28 19:36:05";40
"2018-09-28 19:46:05";40
"2018-09-28 19:56:05";39
"2018-09-28 20:06:04";39
"2018-09-28 20:26:05";38
"2018-09-28 20:36:05";38
"2018-09-28 20:46:05";38
"2018-09-28 20:56:05";39
"2018-09-28 21:16:05";39
"2018-09-28 21:26:05";38
"2018-09-28 21:36:04";38
"2018-09-28 21:46:04";38
"2018-09-28 22:06:07";37
"2018-09-28 22:16:05";37
"2018-09-28 22:26:05";35
"2018-09-28 22:36:05";35
"2018-09-28 22:46:05";35
"2018-09-28 23:06:05";35
"2018-09-28 23:16:05";35
"2018-09-28 23:26:05";33
"2018-09-28 23:36:05";33
"2018-09-28 23:56:05";32
"2018-09-29 00:06:05";32
"2018-09-29 00:16:05";32
"2018-09-29 00:26:05";32
"2018-09-29 00:46:05";32
"2018-09-29 00:56:06";30
"2018-09-29 01:06:05";30
"2018-09-29 01:16:05";28
"2018-09-29 01:26:05";28
"2018-09-29 01:46:05";28
"2018-09-29 01:56:05";23
"2018-09-29 02:06:04";23
"2018-09-29 02:16:04";32
"2018-09-29 02:26:04";32
"2018-09-29 02:46:04";32
"2018-09-29 02:56:05";30
"2018-09-29 03:06:04";30
"2018-09-29 03:16:05";30
"2018-09-29 03:26:05";28
"2018-09-29 03:46:05";28
"2018-09-29 03:56:05";27
"2018-09-29 04:06:04";27
"2018-09-29 04:16:05";27
"2018-09-29 04:36:04";28
"2018-09-29 04:46:05";28
"2018-09-29 04:56:05";27
"2018-09-29 05:06:04";27
"2018-09-29 05:16:04";27
"2018-09-29 05:36:05";27
"2018-09-29 05:46:05";26
"2018-09-29 05:56:05";26
"2018-09-29 06:06:05";26
"2018-09-29 06:16:04";26
"2018-09-29 06:36:04";25
"2018-09-29 06:46:05";25
"2018-09-29 06:56:04";25
"2018-09-29 07:06:04";25
"2018-09-29 07:26:05";25
"2018-09-29 07:36:04";25
"2018-09-29 07:46:04";25
"2018-09-29 07:56:05";24
"2018-09-29 08:06:04";24
"2018-09-29 08:26:05";24
"2018-09-29 08:36:04";24
"2018-09-29 08:46:04";25
"2018-09-29 08:56:05";25
"2018-09-29 09:06:05";25
"2018-09-29 09:26:04";24
"2018-09-29 09:36:04";24
"2018-09-29 09:46:04";24
"2018-09-29 09:56:05";25
"2018-09-29 10:06:05";25
"2018-09-29 10:16:00";25
"2018-09-29 10:26:00";27
"2018-09-29 10:26:04";27
"2018-09-29 10:36:00";27
"2018-09-29 10:36:05";27
"2018-09-29 10:46:00";27
"2018-09-29 10:46:05";27
"2018-09-29 10:56:00";25
"2018-09-29 10:56:04";25
"2018-09-29 11:06:00";25
"2018-09-29 11:16:00";25
"2018-09-29 11:16:05";25
"2018-09-29 11:26:00";25
"2018-09-29 11:26:05";25
"2018-09-29 11:36:00";25
"2018-09-29 11:36:04";25
"2018-09-29 11:46:00";25
"2018-09-29 11:46:05";25
"2018-09-29 11:56:00";24
"2018-09-29 11:56:04";24
"2018-09-29 12:06:00";24
"2018-09-29 12:16:00";24
"2018-09-29 12:16:04";24
"2018-09-29 12:26:00";20
"2018-09-29 12:26:04";20
"2018-09-29 12:36:00";20
"2018-09-29 12:36:04";20
"2018-09-29 12:46:00";20
"2018-09-29 12:46:05";20
"2018-09-29 12:56:00";22
"2018-09-29 12:56:04";22
"2018-09-29 13:06:00";22
"2018-09-29 13:16:00";22
"2018-09-29 13:16:04";22
"2018-09-29 13:26:00";22
"2018-09-29 13:26:05";22
"2018-09-29 13:36:00";22
"2018-09-29 13:36:05";22
"2018-09-29 13:46:00";22
"2018-09-29 13:46:05";22
"2018-09-29 13:56:00";21
"2018-09-29 14:06:00";21
"2018-09-29 14:06:04";21
"2018-09-29 14:16:00";21
"2018-09-29 14:16:05";21
"2018-09-29 14:26:00";21
"2018-09-29 14:26:05";21
"2018-09-29 14:36:00";21
"2018-09-29 14:36:04";21
"2018-09-29 14:46:00";21
"2018-09-29 14:46:05";21
"2018-09-29 14:56:00";20
"2018-09-29 15:06:00";20
"2018-09-29 15:06:05";20
"2018-09-29 15:16:00";20
"2018-09-29 15:16:04";20
"2018-09-29 15:26:00";22
"2018-09-29 15:26:04";22
"2018-09-29 15:36:00";22
"2018-09-29 15:36:05";22
"2018-09-29 15:46:00";22
"2018-09-29 15:56:00";21
"2018-09-29 15:56:05";21
"2018-09-29 16:06:00";21
"2018-09-29 16:06:05";21
"2018-09-29 16:16:00";21
"2018-09-29 16:16:05";21
"2018-09-29 16:26:00";22
"2018-09-29 16:26:04";22
"2018-09-29 16:36:00";22
"2018-09-29 16:46:00";22
"2018-09-29 16:46:05";22
"2018-09-29 16:56:00";22
"2018-09-29 16:56:05";22
"2018-09-29 17:06:00";22
"2018-09-29 17:06:05";22
"2018-09-29 17:16:00";22
"2018-09-29 17:16:05";22
"2018-09-29 17:26:00";23
"2018-09-29 17:26:05";23
"2018-09-29 17:36:00";23
"2018-09-29 17:46:00";23
"2018-09-29 17:46:05";23
"2018-09-29 17:56:00";24
"2018-09-29 17:56:05";24
"2018-09-29 18:06:00";24
"2018-09-29 18:06:05";24
"2018-09-29 18:16:00";22
"2018-09-29 18:16:05";22
"2018-09-29 18:26:00";22
"2018-09-29 18:36:00";22
"2018-09-29 18:36:04";22
"2018-09-29 18:46:00";22
"2018-09-29 18:46:05";22
"2018-09-29 18:56:00";22
"2018-09-29 18:56:05";22
"2018-09-29 19:06:00";22
"2018-09-29 19:06:05";22
"2018-09-29 19:16:00";22
"2018-09-29 19:16:05";22
"2018-09-29 19:26:00";22
"2018-09-29 19:36:00";22
"2018-09-29 19:36:05";22
"2018-09-29 19:46:00";22
"2018-09-29 19:46:05";22
"2018-09-29 19:56:00";22
"2018-09-29 19:56:05";22
"2018-09-29 20:06:00";22
"2018-09-29 20:06:05";22
"2018-09-29 20:16:00";22
"2018-09-29 20:26:00";21
"2018-09-29 20:26:05";21
"2018-09-29 20:36:00";21
"2018-09-29 20:36:04";21
"2018-09-29 20:46:00";21
"2018-09-29 20:46:05";21
"2018-09-29 20:56:00";22
"2018-09-29 20:56:05";22
"2018-09-29 21:06:00";22
"2018-09-29 21:06:04";22
"2018-09-29 21:16:00";22
"2018-09-29 21:26:00";24
"2018-09-29 21:26:04";24
"2018-09-29 21:36:00";24
"2018-09-29 21:36:05";24
"2018-09-29 21:46:00";24
"2018-09-29 21:46:05";24
"2018-09-29 21:56:00";24
"2018-09-29 21:56:04";24
"2018-09-29 22:06:00";24
"2018-09-29 22:16:00";24
"2018-09-29 22:16:06";24
"2018-09-29 22:26:00";24
"2018-09-29 22:26:06";24
"2018-09-29 22:36:00";24
"2018-09-29 22:36:05";24
"2018-09-29 22:46:00";24
"2018-09-29 22:46:05";24
"2018-09-29 22:56:00";25
"2018-09-29 23:06:00";25
"2018-09-29 23:06:05";25
"2018-09-29 23:16:00";25
"2018-09-29 23:16:04";25
"2018-09-29 23:26:00";23
"2018-09-30 00:56:00";24
"2018-09-30 00:56:07";24
"2018-09-30 01:06:00";24
"2018-09-30 01:06:05";24
"2018-09-30 01:16:00";24
"2018-09-30 01:16:04";24
"2018-09-30 01:26:00";23
"2018-09-30 01:26:05";23
"2018-09-30 01:36:00";23
"2018-09-30 01:36:05";23
"2018-09-30 01:46:00";23
"2018-09-30 01:56:00";23
"2018-09-30 01:56:05";23
"2018-09-30 02:06:00";23
"2018-09-30 02:06:05";23
"2018-09-30 02:16:00";23
"2018-09-30 02:16:05";23
"2018-09-30 02:26:00";23
"2018-09-30 02:26:04";23
"2018-09-30 02:36:00";23
"2018-09-30 02:36:04";23
"2018-09-30 02:46:00";23
"2018-09-30 02:56:00";22
"2018-09-30 02:56:05";22
"2018-09-30 03:06:00";22
"2018-09-30 03:06:04";22
"2018-09-30 03:16:00";22
"2018-09-30 03:16:05";22
"2018-09-30 03:26:00";23
"2018-09-30 03:26:05";23
"2018-09-30 03:36:00";23
"2018-09-30 03:46:00";23
"2018-09-30 03:46:05";23
"2018-09-30 03:56:00";21
"2018-09-30 03:56:05";21
"2018-09-30 04:06:00";21
"2018-09-30 04:06:04";21
"2018-09-30 04:16:00";21
"2018-09-30 04:16:05";21
"2018-09-30 04:26:00";22
"2018-09-30 04:26:05";22
"2018-09-30 04:36:00";22
"2018-09-30 04:46:00";22
"2018-09-30 04:46:05";22
"2018-09-30 04:56:00";21
"2018-09-30 04:56:05";21
"2018-09-30 05:06:00";21
"2018-09-30 05:06:04";21
"2018-09-30 05:16:00";21
"2018-09-30 05:16:05";21
"2018-09-30 05:26:00";21
"2018-09-30 05:26:05";21
"2018-09-30 05:36:00";21
"2018-09-30 05:46:00";21
"2018-09-30 05:46:04";21
"2018-09-30 05:56:00";21
"2018-09-30 05:56:05";21
"2018-09-30 06:06:00";21
"2018-09-30 06:06:04";21
"2018-09-30 06:16:00";21
"2018-09-30 06:16:04";21
"2018-09-30 06:26:00";22
"2018-09-30 06:26:05";22
"2018-09-30 06:36:00";22
"2018-09-30 06:46:00";22
"2018-09-30 06:46:05";22
"2018-09-30 06:56:00";21
"2018-09-30 06:56:05";21
"2018-09-30 07:06:00";21
"2018-09-30 07:06:04";21
"2018-09-30 07:16:00";21
"2018-09-30 07:16:04";21
"2018-09-30 07:26:00";21
"2018-09-30 07:36:00";21
"2018-09-30 07:36:05";21
"2018-09-30 07:46:00";21
"2018-09-30 07:46:05";21
"2018-09-30 07:56:00";21
"2018-09-30 07:56:05";21
"2018-09-30 08:06:00";21
"2018-09-30 08:06:04";21
"2018-09-30 08:16:00";21
"2018-09-30 08:16:05";21
"2018-09-30 08:26:00";20
"2018-09-30 08:36:00";20
"2018-09-30 08:36:04";20
"2018-09-30 08:46:00";20
"2018-09-30 08:46:05";20
"2018-09-30 08:56:00";19
"2018-09-30 08:56:04";19
"2018-09-30 09:06:00";19
"2018-09-30 09:06:04";19
"2018-09-30 09:16:00";19
"2018-09-30 09:26:00";21
"2018-09-30 09:26:05";21
"2018-09-30 09:36:00";21
"2018-09-30 09:36:05";21
"2018-09-30 09:46:00";21
"2018-09-30 09:46:05";21
"2018-09-30 09:56:00";21
"2018-09-30 09:56:05";21
"2018-09-30 10:06:00";21
"2018-09-30 10:06:05";21
"2018-09-30 10:16:00";21
"2018-09-30 10:26:00";22
"2018-09-30 10:26:05";22
"2018-09-30 10:36:00";22
"2018-09-30 10:36:04";22
"2018-09-30 10:46:00";22
"2018-09-30 10:46:05";22
"2018-09-30 10:56:00";22
"2018-09-30 10:56:04";22
"2018-09-30 11:06:00";22
"2018-09-30 11:06:04";22
"2018-09-30 11:16:00";22
"2018-09-30 11:26:00";19
"2018-09-30 11:26:05";19
"2018-09-30 11:36:00";19
"2018-09-30 11:36:05";19
"2018-09-30 11:46:00";19
"2018-09-30 11:46:05";19
"2018-09-30 11:56:00";20
"2018-09-30 11:56:05";20
"2018-09-30 12:06:00";20
"2018-09-30 12:16:00";20
"2018-09-30 12:16:05";20
"2018-09-30 12:26:00";20
"2018-09-30 12:26:05";20
"2018-09-30 12:36:00";20
"2018-09-30 12:36:05";20
"2018-09-30 12:46:00";20
"2018-09-30 12:46:05";20
"2018-09-30 12:56:00";19
"2018-09-30 12:56:05";19
"2018-09-30 13:06:00";19
"2018-09-30 13:16:00";19
"2018-09-30 13:16:05";19
"2018-09-30 13:26:00";19
"2018-09-30 13:26:05";19
"2018-09-30 13:36:00";19
"2018-09-30 13:36:05";19
"2018-09-30 13:46:00";19
"2018-09-30 13:46:04";19
"2018-09-30 13:56:00";19
"2018-09-30 14:06:00";19
"2018-09-30 14:06:05";19
"2018-09-30 14:16:00";19
"2018-09-30 14:16:05";19
"2018-09-30 14:26:00";19
"2018-09-30 14:26:05";19
"2018-09-30 14:36:00";19
"2018-09-30 14:36:05";19
"2018-09-30 14:46:00";19
"2018-09-30 14:46:05";19
"2018-09-30 14:56:00";18
"2018-09-30 15:06:00";18
"2018-09-30 15:06:04";18
"2018-09-30 15:16:00";18
"2018-09-30 15:16:05";18
"2018-09-30 15:26:00";20
"2018-09-30 15:26:05";20
"2018-09-30 15:36:00";20
"2018-09-30 15:36:04";20
"2018-09-30 15:46:00";20
"2018-09-30 15:56:00";21
"2018-09-30 15:56:04";21
"2018-09-30 16:06:00";21
"2018-09-30 16:06:04";21
"2018-09-30 16:16:00";21
"2018-09-30 16:16:04";21
"2018-09-30 16:26:00";23
"2018-09-30 16:26:04";23
"2018-09-30 16:36:00";23
"2018-09-30 16:36:04";23
"2018-09-30 16:46:00";23
"2018-09-30 16:56:00";24
"2018-09-30 16:56:04";24
"2018-09-30 17:06:00";24
"2018-09-30 17:06:05";24
"2018-09-30 17:16:00";24
"2018-09-30 17:16:04";24
"2018-09-30 17:26:00";26
"2018-09-30 17:26:05";26
"2018-09-30 17:36:00";26
"2018-09-30 17:46:00";26
"2018-09-30 17:46:05";26
"2018-09-30 17:56:00";27
"2018-09-30 17:56:05";27
"2018-09-30 18:06:00";27
"2018-09-30 18:06:04";27
"2018-09-30 18:16:00";27
"2018-09-30 18:16:04";27
"2018-09-30 18:26:00";27
"2018-09-30 18:26:05";27
"2018-09-30 18:36:00";27
"2018-09-30 18:46:00";27
"2018-09-30 18:46:04";27
"2018-09-30 18:56:00";26
"2018-09-30 18:56:05";26
"2018-09-30 19:06:00";26
"2018-09-30 19:06:05";26
"2018-09-30 19:16:00";26
"2018-09-30 19:16:05";26
"2018-09-30 19:26:00";28
"2018-09-30 19:36:00";28
"2018-09-30 19:36:04";28
"2018-09-30 19:46:00";28
"2018-09-30 19:46:05";28
"2018-09-30 19:56:00";27
"2018-09-30 19:56:05";27
"2018-09-30 20:06:00";27
"2018-09-30 20:06:05";27
"2018-09-30 20:16:00";27
"2018-09-30 20:26:00";27
"2018-09-30 20:26:05";27
"2018-09-30 20:36:00";27
"2018-09-30 20:36:05";27
"2018-09-30 20:46:00";27
"2018-09-30 20:46:05";27
"2018-09-30 20:56:00";26
"2018-09-30 20:56:05";26
"2018-09-30 21:06:00";26
"2018-09-30 21:06:05";26
"2018-09-30 21:16:00";26
"2018-09-30 21:26:00";24
"2018-09-30 21:26:05";24
"2018-09-30 21:36:00";24
"2018-09-30 21:36:04";24
"2018-09-30 21:46:00";24
"2018-09-30 21:46:05";24
"2018-09-30 21:56:00";26
"2018-09-30 21:56:05";26
"2018-09-30 22:06:00";26
"2018-09-30 22:16:00";26
"2018-09-30 22:16:06";26
"2018-09-30 22:26:00";25
"2018-09-30 22:26:05";25
"2018-09-30 22:36:00";25
"2018-09-30 22:36:05";25
"2018-09-30 22:46:00";25
"2018-09-30 22:46:05";25
"2018-09-30 22:56:00";24
"2018-09-30 22:56:05";24
"2018-09-30 23:06:00";24
"2018-09-30 23:16:00";24
"2018-09-30 23:16:04";24
"2018-09-30 23:26:00";25
"2018-09-30 23:26:05";25
"2018-09-30 23:36:00";25
"2018-09-30 23:36:05";25
"2018-09-30 23:46:00";25
"2018-09-30 23:46:05";25
"2018-09-30 23:56:00";23
"2018-10-01 00:06:00";23
"2018-10-01 00:06:05";23
"2018-10-01 00:16:00";23
"2018-10-01 00:16:05";23
"2018-10-01 00:26:00";24
"2018-10-01 00:26:04";24
"2018-10-01 00:36:00";24
"2018-10-01 00:36:06";24
"2018-10-01 00:46:00";24
"2018-10-01 00:46:05";24
"2018-10-01 00:56:00";25
"2018-10-01 01:06:00";25
"2018-10-01 01:06:05";25
"2018-10-01 01:16:00";25
"2018-10-01 01:16:05";25
"2018-10-01 01:26:00";23
"2018-10-01 01:26:05";23
"2018-10-01 01:36:00";23
"2018-10-01 01:36:05";23
"2018-10-01 01:46:00";23
"2018-10-01 01:46:05";23
"2018-10-01 01:56:00";23
"2018-10-01 02:06:00";23
"2018-10-01 02:06:05";23
"2018-10-01 02:16:00";23
"2018-10-01 02:16:05";23
"2018-10-01 02:26:00";23
"2018-10-01 02:26:05";23
"2018-10-01 02:36:00";23
"2018-10-01 02:36:04";23
"2018-10-01 02:46:00";23
"2018-10-01 02:56:00";24
"2018-10-01 02:56:05";24
"2018-10-01 03:06:00";24
"2018-10-01 03:06:05";24
"2018-10-01 03:16:00";24
"2018-10-01 03:16:04";24
"2018-10-01 03:26:00";23
"2018-10-01 03:26:05";23
"2018-10-01 03:36:00";23
"2018-10-01 03:36:04";23
"2018-10-01 03:46:00";23
"2018-10-01 03:56:00";23
"2018-10-01 03:56:04";23
"2018-10-01 04:06:00";23
"2018-10-01 04:06:04";23
"2018-10-01 04:16:00";23
"2018-10-01 04:16:05";23
"2018-10-01 04:26:00";24
"2018-10-01 04:26:05";24
"2018-10-01 04:36:00";24
"2018-10-01 04:36:05";24
"2018-10-01 04:46:00";24
"2018-10-01 04:56:00";23
"2018-10-01 04:56:05";23
"2018-10-01 05:06:00";23
"2018-10-01 05:06:04";23
"2018-10-01 05:16:00";23
"2018-10-01 05:16:05";23
"2018-10-01 05:26:00";25
"2018-10-01 05:26:04";25
"2018-10-01 05:36:00";25
"2018-10-01 05:36:05";25
"2018-10-01 05:46:00";25
"2018-10-01 05:56:00";23
"2018-10-01 05:56:05";23
"2018-10-01 06:06:00";23
"2018-10-01 06:06:04";23
"2018-10-01 06:16:00";24
"2018-10-01 06:16:05";24
"2018-10-01 06:26:00";24
"2018-10-01 06:26:05";24
"2018-10-01 06:36:00";24
"2018-10-01 06:36:04";24
"2018-10-01 06:46:00";24
"2018-10-01 06:56:00";23
"2018-10-01 06:56:05";23
"2018-10-01 07:06:00";23
"2018-10-01 07:06:05";23
"2018-10-01 07:16:00";23
"2018-10-01 07:16:04";23
"2018-10-01 07:26:00";22
"2018-10-01 07:26:05";22
"2018-10-01 07:36:00";22
"2018-10-01 07:36:04";22
"2018-10-01 07:46:00";22
"2018-10-01 07:56:00";22
"2018-10-01 07:56:05";22
"2018-10-01 08:06:00";22
"2018-10-01 08:06:04";22
"2018-10-01 08:16:00";22
"2018-10-01 08:16:04";22
"2018-10-01 08:26:00";22
"2018-10-01 08:26:04";22
"2018-10-01 08:36:00";22
"2018-10-01 08:46:00";22
"2018-10-01 08:46:05";22
"2018-10-01 08:56:00";22
"2018-10-01 08:56:05";22
"2018-10-01 09:06:00";22
"2018-10-01 09:06:05";22
"2018-10-01 09:16:00";22
"2018-10-01 09:16:04";22
"2018-10-01 09:26:00";22
"2018-10-01 09:26:04";22
"2018-10-01 09:36:00";22
"2018-10-01 09:46:00";22
"2018-10-01 09:46:05";22
"2018-10-01 09:56:00";22
"2018-10-01 09:56:05";22
"2018-10-01 10:06:00";22
"2018-10-01 10:06:04";22
"2018-10-01 10:16:00";22
"2018-10-01 10:16:05";22
"2018-10-01 10:26:00";23
"2018-10-01 10:36:00";23
"2018-10-01 10:36:04";23
"2018-10-01 10:46:00";23
"2018-10-01 10:46:05";23
"2018-10-01 10:56:00";22
"2018-10-01 10:56:05";22
"2018-10-01 11:06:00";22
"2018-10-01 11:06:04";22
"2018-10-01 11:16:00";22
"2018-10-01 11:16:05";22
"2018-10-01 11:26:00";23
"2018-10-01 11:36:00";23
"2018-10-01 11:36:05";23
"2018-10-01 11:46:00";23
"2018-10-01 11:46:05";23
"2018-10-01 11:56:00";24
"2018-10-01 11:56:05";24
"2018-10-01 12:06:00";24
"2018-10-01 12:06:05";24
"2018-10-01 12:16:00";24
"2018-10-01 12:26:00";23
"2018-10-01 12:26:04";23
"2018-10-01 12:36:00";23
"2018-10-01 12:36:04";23
"2018-10-01 12:46:00";23
"2018-10-01 12:46:05";23
"2018-10-01 12:56:00";24
"2018-10-01 12:56:05";24
"2018-10-01 13:06:00";24
"2018-10-01 13:06:04";24
"2018-10-01 13:16:00";24
"2018-10-01 13:26:00";25
"2018-10-01 13:26:04";25
"2018-10-01 13:36:00";25
"2018-10-01 13:36:05";25
"2018-10-01 13:46:00";25
"2018-10-01 13:46:05";25
"2018-10-01 13:56:00";27
"2018-10-01 13:56:05";27
"2018-10-01 14:06:00";27
"2018-10-01 14:06:05";27
"2018-10-01 14:16:00";27
"2018-10-01 14:26:00";29
"2018-10-01 14:26:05";29
"2018-10-01 14:36:00";29
"2018-10-01 14:36:04";29
"2018-10-01 14:46:00";29
"2018-10-01 14:46:05";29
"2018-10-01 14:56:00";28
"2018-10-01 14:56:04";28
"2018-10-01 15:06:00";28
"2018-10-01 15:16:00";28
"2018-10-01 15:16:05";28
"2018-10-01 15:26:00";28
"2018-10-01 15:26:05";28
"2018-10-01 15:36:00";28
"2018-10-01 15:36:05";28
"2018-10-01 15:46:00";28
"2018-10-01 15:46:04";28
"2018-10-01 15:56:00";29
"2018-10-01 15:56:05";29
"2018-10-01 16:06:00";29
"2018-10-01 16:16:00";29
"2018-10-01 16:16:04";29
"2018-10-01 16:26:00";28
"2018-10-01 16:26:05";28
"2018-10-01 16:36:00";28
"2018-10-01 16:36:05";28
"2018-10-01 16:46:00";28
"2018-10-01 16:46:05";28
"2018-10-01 16:56:00";29
"2018-10-01 17:06:00";29
"2018-10-01 17:06:05";29
"2018-10-01 17:16:00";29
"2018-10-01 17:16:05";29
"2018-10-01 17:26:00";29
"2018-10-01 17:26:05";29
"2018-10-01 17:36:00";29
"2018-10-01 17:36:05";29
"2018-10-01 17:46:00";29
"2018-10-01 17:56:00";28
"2018-10-01 17:56:05";28
"2018-10-01 18:06:00";28
"2018-10-01 18:06:05";28
"2018-10-01 18:16:00";28
"2018-10-01 18:26:00";27
"2018-10-01 18:26:04";27
"2018-10-01 18:36:00";27
"2018-10-01 18:46:00";27
"2018-10-01 18:46:05";27
"2018-10-01 18:56:00";27
"2018-10-01 18:56:05";27
"2018-10-01 19:06:00";27
"2018-10-01 19:06:04";27
"2018-10-01 19:16:00";27
"2018-10-01 19:26:00";25
"2018-10-01 19:26:05";25
"2018-10-01 19:36:00";25
"2018-10-01 19:36:05";25
"2018-10-01 19:46:00";25
"2018-10-01 19:46:05";25
"2018-10-01 19:56:00";24
"2018-10-01 19:56:05";24
"2018-10-01 20:06:00";24
"2018-10-01 20:16:00";24
"2018-10-01 20:16:05";24
"2018-10-01 20:26:00";25
"2018-10-01 20:26:05";25
"2018-10-01 20:36:00";25
"2018-10-01 20:36:05";25
"2018-10-01 20:46:00";25
"2018-10-01 20:46:04";25
"2018-10-01 20:56:00";24
"2018-10-01 21:06:00";24
"2018-10-01 21:06:05";24
"2018-10-01 21:16:00";24
"2018-10-01 21:16:05";24
"2018-10-01 21:26:00";23
"2018-10-01 21:26:05";23
"2018-10-01 21:36:00";23
"2018-10-01 21:36:05";23
"2018-10-01 21:46:00";23
"2018-10-01 21:56:00";23
"2018-10-01 21:56:05";23
"2018-10-01 22:06:00";23
"2018-10-01 22:06:07";23
"2018-10-01 22:16:00";23
"2018-10-01 22:16:06";23
"2018-10-01 22:26:00";22
"2018-10-01 22:26:05";22
"2018-10-01 22:36:00";22
"2018-10-01 22:36:04";22
"2018-10-01 22:46:00";22
"2018-10-01 22:56:00";22
"2018-10-01 22:56:05";22
"2018-10-01 23:06:00";22
"2018-10-01 23:06:05";22
"2018-10-01 23:16:00";22
"2018-10-01 23:16:05";22
"2018-10-01 23:26:00";22
"2018-10-01 23:26:05";22
"2018-10-01 23:36:00";22
"2018-10-01 23:46:00";22
"2018-10-01 23:46:05";22
"2018-10-01 23:56:00";23
"2018-10-01 23:56:06";23
"2018-10-02 00:06:00";23
"2018-10-02 00:06:06";23
"2018-10-02 00:16:00";23
"2018-10-02 00:16:05";23
"2018-10-02 00:26:00";23
"2018-10-02 00:36:00";23
"2018-10-02 00:36:05";23
"2018-10-02 00:46:00";23
"2018-10-02 00:46:06";23
"2018-10-02 00:56:00";21
"2018-10-02 00:56:06";21
"2018-10-02 01:06:00";21
"2018-10-02 01:06:05";21
"2018-10-02 01:16:00";21
"2018-10-02 01:16:05";21
"2018-10-02 01:26:00";21
"2018-10-02 01:36:00";21
"2018-10-02 01:36:04";21
"2018-10-02 01:46:00";21
"2018-10-02 01:46:05";21
"2018-10-02 01:56:00";22
"2018-10-02 01:56:05";22
"2018-10-02 02:06:00";22
"2018-10-02 02:06:05";22
"2018-10-02 02:16:00";22
"2018-10-02 02:16:05";22
"2018-10-02 02:26:00";22
"2018-10-02 02:36:00";22
"2018-10-02 02:36:05";22
"2018-10-02 02:46:00";22
"2018-10-02 02:46:05";22
"2018-10-02 02:56:00";22
"2018-10-02 02:56:04";22
"2018-10-02 03:06:00";22
"2018-10-02 03:06:04";22
"2018-10-02 03:16:00";22
"2018-10-02 03:16:04";22
"2018-10-02 03:26:00";22
"2018-10-02 03:36:00";22
"2018-10-02 03:36:05";22
"2018-10-02 03:46:00";22
"2018-10-02 03:46:04";22
"2018-10-02 03:56:00";21
"2018-10-02 03:56:05";21
"2018-10-02 04:06:00";21
"2018-10-02 04:06:04";21
"2018-10-02 04:16:00";21
"2018-10-02 04:16:05";21
"2018-10-02 04:26:00";20
"2018-10-02 04:36:00";20
"2018-10-02 04:36:04";20
"2018-10-02 04:46:00";20
"2018-10-02 04:46:05";20
"2018-10-02 04:56:00";20
"2018-10-02 04:56:04";20
"2018-10-02 05:06:00";20
"2018-10-02 05:06:05";20
"2018-10-02 05:16:00";20
"2018-10-02 05:16:04";20
"2018-10-02 05:26:00";20
"2018-10-02 05:36:00";20
"2018-10-02 05:36:05";20
"2018-10-02 05:46:00";20
"2018-10-02 05:46:04";20
"2018-10-02 05:56:00";20
"2018-10-02 05:56:04";20
"2018-10-02 06:06:00";20
"2018-10-02 06:06:05";20
"2018-10-02 06:16:00";19
"2018-10-02 06:16:05";19
"2018-10-02 06:26:00";19
"2018-10-02 06:36:00";19
"2018-10-02 06:36:04";19
"2018-10-02 06:46:00";19
"2018-10-02 06:46:04";19
"2018-10-02 06:56:00";19
"2018-10-02 06:56:05";19
"2018-10-02 07:06:00";19
"2018-10-02 07:06:05";19
"2018-10-02 07:16:00";19
"2018-10-02 07:16:04";19
"2018-10-02 07:26:00";19
"2018-10-02 07:36:00";19
"2018-10-02 07:36:04";19
"2018-10-02 07:46:00";19
"2018-10-02 07:46:05";19
"2018-10-02 07:56:00";18
"2018-10-02 07:56:05";18
"2018-10-02 08:06:00";18
"2018-10-02 08:06:04";18
"2018-10-02 08:16:00";18
"2018-10-02 08:26:00";18
"2018-10-02 08:26:04";18
"2018-10-02 08:36:00";18
"2018-10-02 08:36:04";18
"2018-10-02 08:46:00";18
"2018-10-02 08:46:05";18
"2018-10-02 08:56:00";18
"2018-10-02 08:56:05";18
"2018-10-02 09:06:00";18
"2018-10-02 09:06:04";18
"2018-10-02 09:16:00";18
"2018-10-02 09:26:00";19
"2018-10-02 09:26:05";19
"2018-10-02 09:36:00";19
"2018-10-02 09:36:05";19
"2018-10-02 09:46:00";19
"2018-10-02 09:46:05";19
"2018-10-02 09:56:00";19
"2018-10-02 09:56:04";19
"2018-10-02 10:06:00";19
"2018-10-02 10:06:05";19
"2018-10-02 10:16:00";19
"2018-10-02 10:26:00";20
"2018-10-02 10:26:04";20
"2018-10-02 10:36:00";20
"2018-10-02 10:36:04";20
"2018-10-02 10:46:00";20
"2018-10-02 10:46:04";20
"2018-10-02 10:56:00";20
"2018-10-02 10:56:04";20
"2018-10-02 11:06:00";20
"2018-10-02 11:16:00";20
"2018-10-02 11:16:04";20
"2018-10-02 11:26:04";18
"2018-10-02 11:36:04";18
"2018-10-02 11:46:00";18
"2018-10-02 11:46:04";18
"2018-10-02 11:56:00";15
"2018-10-02 12:06:00";15
"2018-10-02 12:06:05";15
"2018-10-02 12:16:00";15
"2018-10-02 12:16:05";15
"2018-10-02 12:26:04";16
"2018-10-02 12:36:05";16
"2018-10-02 12:46:00";16
"2018-10-02 12:56:00";17
"2018-10-02 12:56:05";17
"2018-10-02 13:06:00";17
"2018-10-02 13:06:04";17
"2018-10-02 13:16:00";17
"2018-10-02 13:16:05";17
"2018-10-02 13:26:00";17
"2018-10-02 13:26:05";17
"2018-10-02 13:36:00";17
"2018-10-02 13:36:04";17
"2018-10-02 13:46:00";17
"2018-10-02 13:56:00";16
"2018-10-02 13:56:04";16
"2018-10-02 14:06:00";16
"2018-10-02 14:06:04";16
"2018-10-02 14:16:00";16
"2018-10-02 14:16:05";16
"2018-10-02 14:26:00";16
"2018-10-02 14:26:05";16
"2018-10-02 14:36:00";16
"2018-10-02 14:46:00";16
"2018-10-02 14:46:05";16
"2018-10-02 14:56:00";17
"2018-10-02 14:56:05";17
"2018-10-02 15:06:00";17
"2018-10-02 15:06:05";17
"2018-10-02 15:16:00";17
"2018-10-02 15:16:05";17
"2018-10-02 15:26:00";18
"2018-10-02 15:26:04";18
"2018-10-02 15:36:00";18
"2018-10-02 15:46:00";18
"2018-10-02 15:46:04";18
"2018-10-02 15:56:00";18
"2018-10-02 15:56:04";18
"2018-10-02 16:06:00";18
"2018-10-02 16:06:05";18
"2018-10-02 16:16:00";18
"2018-10-02 16:16:04";18
"2018-10-02 16:26:00";19
"2018-10-02 16:36:00";19
"2018-10-02 16:36:05";19
"2018-10-02 16:46:00";19
"2018-10-02 16:46:04";19
"2018-10-02 16:56:00";19
"2018-10-02 16:56:04";19
"2018-10-02 17:06:00";19
"2018-10-02 17:06:04";19
"2018-10-02 17:16:00";19
"2018-10-02 17:26:00";19
"2018-10-02 17:26:05";19
"2018-10-02 17:36:00";19
"2018-10-02 17:36:05";19
"2018-10-02 17:46:00";19
"2018-10-02 17:46:05";19
"2018-10-02 17:56:00";15
"2018-10-02 17:56:05";15
"2018-10-02 18:06:00";15
"2018-10-02 18:16:00";15
"2018-10-02 18:16:05";15
"2018-10-02 18:26:00";18
"2018-10-02 18:26:05";18
"2018-10-02 18:36:00";18
"2018-10-02 18:36:04";18
"2018-10-02 18:46:00";18
"2018-10-02 18:46:05";18
"2018-10-02 18:56:00";18
"2018-10-02 18:56:05";18
"2018-10-02 19:06:00";18
"2018-10-02 19:16:00";18
"2018-10-02 19:16:04";18
"2018-10-02 19:26:00";20
"2018-10-02 19:26:05";20
"2018-10-02 19:36:00";20
"2018-10-02 19:36:04";20
"2018-10-02 19:46:00";20
"2018-10-02 19:46:05";20
"2018-10-02 19:56:00";22
"2018-10-02 20:06:00";22
"2018-10-02 20:06:05";22
"2018-10-02 20:16:00";22
"2018-10-02 20:16:05";22
"2018-10-02 20:26:00";25
"2018-10-02 20:26:05";25
"2018-10-02 20:36:00";25
"2018-10-02 20:36:04";25
"2018-10-02 20:46:00";25
"2018-10-02 20:56:00";26
"2018-10-02 20:56:05";26
"2018-10-02 21:06:00";26
"2018-10-02 21:06:05";26
"2018-10-02 21:16:00";26
"2018-10-02 21:16:05";26
"2018-10-02 21:26:00";28
"2018-10-02 21:26:04";28
"2018-10-02 21:36:00";28
"2018-10-02 21:36:05";28
"2018-10-02 21:46:00";28
"2018-10-02 21:56:00";28
"2018-10-02 21:56:05";28
"2018-10-02 22:06:00";28
"2018-10-02 22:06:07";28
"2018-10-02 22:16:00";28
"2018-10-02 22:16:31";28
"2018-10-02 22:26:00";28
"2018-10-02 22:26:06";28
"2018-10-02 22:46:00";28
"2018-10-02 22:46:05";28
"2018-10-02 22:56:05";28
"2018-10-02 23:06:00";28
"2018-10-02 23:06:05";28
"2018-10-02 23:16:05";28
"2018-10-02 23:26:00";27
"2018-10-02 23:36:00";27
"2018-10-02 23:36:06";27
"2018-10-02 23:46:00";27
"2018-10-02 23:46:05";27
"2018-10-02 23:56:00";26
"2018-10-02 23:56:06";26
"2018-10-03 00:06:00";26
"2018-10-03 00:06:06";26
"2018-10-03 00:16:00";26
"2018-10-03 00:26:00";26
"2018-10-03 00:26:05";26
"2018-10-03 00:36:00";26
"2018-10-03 00:36:05";26
"2018-10-03 00:46:00";26
"2018-10-03 00:46:05";26
"2018-10-03 00:56:00";24
"2018-10-03 00:56:06";24
"2018-10-03 01:06:00";24
"2018-10-03 01:16:00";24
"2018-10-03 01:16:04";24
"2018-10-03 01:26:00";23
"2018-10-03 01:26:05";23
"2018-10-03 01:36:00";23
"2018-10-03 01:36:04";23
"2018-10-03 01:46:00";23
"2018-10-03 01:46:05";23
"2018-10-03 01:56:00";22
"2018-10-03 01:56:05";22
"2018-10-03 02:06:00";22
"2018-10-03 02:16:00";22
"2018-10-03 02:16:05";22
"2018-10-03 02:26:00";23
"2018-10-03 02:26:04";23
"2018-10-03 02:36:00";23
"2018-10-03 02:36:04";23
"2018-10-03 02:46:00";23
"2018-10-03 02:46:05";23
"2018-10-03 02:56:00";22
"2018-10-03 02:56:05";22
"2018-10-03 03:06:00";22
"2018-10-03 03:16:00";22
"2018-10-03 03:16:05";22
"2018-10-03 03:26:00";21
"2018-10-03 03:26:05";21
"2018-10-03 03:36:00";21
"2018-10-03 03:36:04";21
"2018-10-03 03:46:00";21
"2018-10-03 03:46:04";21
"2018-10-03 03:56:00";20
"2018-10-03 03:56:05";20
"2018-10-03 04:06:00";20
"2018-10-03 04:16:00";20
"2018-10-03 04:16:04";20
"2018-10-03 04:26:00";21
"2018-10-03 04:26:04";21
"2018-10-03 04:36:00";21
"2018-10-03 04:36:04";21
"2018-10-03 04:46:00";21
"2018-10-03 04:46:05";21
"2018-10-03 04:56:00";21
"2018-10-03 04:56:04";21
"2018-10-03 05:06:00";21
"2018-10-03 05:16:00";21
"2018-10-03 05:16:05";21
"2018-10-03 05:26:00";20
"2018-10-03 05:26:05";20
"2018-10-03 05:36:00";20
"2018-10-03 05:36:04";20
"2018-10-03 05:46:00";20
"2018-10-03 05:46:05";20
"2018-10-03 05:56:00";20
"2018-10-03 05:56:04";20
"2018-10-03 06:06:00";20
"2018-10-03 06:16:00";20
"2018-10-03 06:16:05";20
"2018-10-03 06:26:00";20
"2018-10-03 06:26:04";20
"2018-10-03 06:36:00";20
"2018-10-03 06:36:05";20
"2018-10-03 06:46:00";20
"2018-10-03 06:46:05";20
"2018-10-03 06:56:00";19
"2018-10-03 07:06:00";19
"2018-10-03 07:06:04";19
"2018-10-03 07:16:00";19
"2018-10-03 07:16:04";19
"2018-10-03 07:26:00";20
"2018-10-03 07:26:04";20
"2018-10-03 07:36:00";20
"2018-10-03 07:36:04";20
"2018-10-03 07:46:00";19
"2018-10-03 07:46:05";19
"2018-10-03 07:56:00";19
"2018-10-03 08:06:00";19
"2018-10-03 08:06:04";19
"2018-10-03 08:16:00";19
"2018-10-03 08:16:04";19
"2018-10-03 08:26:00";19
"2018-10-03 08:26:05";19
"2018-10-03 08:36:00";19
"2018-10-03 08:36:05";19
"2018-10-03 08:46:00";19
"2018-10-03 08:46:05";19
"2018-10-03 08:56:00";18
"2018-10-03 09:06:00";18
"2018-10-03 09:06:04";18
"2018-10-03 09:16:00";18
"2018-10-03 09:16:04";18
"2018-10-03 09:26:00";19
"2018-10-03 09:26:05";19
"2018-10-03 09:36:00";19
"2018-10-03 09:36:05";19
"2018-10-03 09:46:00";19
"2018-10-03 09:56:00";20
"2018-10-03 09:56:05";20
"2018-10-03 10:06:00";20
"2018-10-03 10:06:04";20
"2018-10-03 10:16:00";20
"2018-10-03 10:16:04";20
"2018-10-03 10:26:00";21
"2018-10-03 10:26:05";21
"2018-10-03 10:36:00";21
"2018-10-03 10:36:04";21
"2018-10-03 10:46:00";21
"2018-10-03 10:56:00";22
"2018-10-03 10:56:05";22
"2018-10-03 11:06:00";22
"2018-10-03 11:06:05";22
"2018-10-03 11:16:00";22
"2018-10-03 11:16:04";22
"2018-10-03 11:26:00";18
"2018-10-03 11:26:05";18
"2018-10-03 11:36:00";18
"2018-10-03 11:36:04";18
"2018-10-03 11:46:00";18
"2018-10-03 11:56:00";18
"2018-10-03 11:56:05";18
"2018-10-03 12:06:00";18
"2018-10-03 12:06:04";18
"2018-10-03 12:16:00";18
"2018-10-03 12:16:04";18
"2018-10-03 12:26:00";16
"2018-10-03 12:26:05";16
"2018-10-03 12:36:00";16
"2018-10-03 12:46:00";16
"2018-10-03 12:46:05";16
"2018-10-03 12:56:00";18
"2018-10-03 12:56:05";18
"2018-10-03 13:06:00";18
"2018-10-03 13:06:05";18
"2018-10-03 13:16:00";18
"2018-10-03 13:16:04";18
"2018-10-03 13:26:00";17
"2018-10-03 13:26:04";17
"2018-10-03 13:36:00";17
"2018-10-03 13:46:00";17
"2018-10-03 13:46:05";17
"2018-10-03 13:56:00";16
"2018-10-03 13:56:05";16
"2018-10-03 14:06:00";16
"2018-10-03 14:06:04";16
"2018-10-03 14:16:00";16
"2018-10-03 14:16:05";16
"2018-10-03 14:26:00";16
"2018-10-03 14:36:00";16
"2018-10-03 14:36:04";16
"2018-10-03 14:46:00";16
"2018-10-03 14:46:05";16
"2018-10-03 14:56:00";17
"2018-10-03 14:56:04";17
"2018-10-03 15:06:00";17
"2018-10-03 15:06:05";17
"2018-10-03 15:16:00";17
"2018-10-03 15:16:05";17
"2018-10-03 15:26:00";16
"2018-10-03 15:36:00";16
"2018-10-03 15:36:05";16
"2018-10-03 15:46:00";16
"2018-10-03 15:46:04";16
"2018-10-03 15:56:00";18
"2018-10-03 15:56:05";18
"2018-10-03 16:06:00";18
"2018-10-03 16:06:04";18
"2018-10-03 16:16:00";18
"2018-10-03 16:26:00";18
"2018-10-03 16:26:04";18
"2018-10-03 16:36:00";18
"2018-10-03 16:36:05";18
"2018-10-03 16:46:00";18
"2018-10-03 16:46:05";18
"2018-10-03 16:56:00";19
"2018-10-03 16:56:05";19
"2018-10-03 17:06:00";19
"2018-10-03 17:06:04";19
"2018-10-03 17:16:00";19
"2018-10-03 17:26:00";17
"2018-10-03 17:26:05";17
"2018-10-03 17:36:00";17
"2018-10-03 17:36:04";17
"2018-10-03 17:46:00";17
"2018-10-03 17:46:05";17
"2018-10-03 17:56:00";17
"2018-10-03 17:56:05";17
"2018-10-03 18:06:00";17
"2018-10-03 18:16:00";17
"2018-10-03 18:16:05";17
"2018-10-03 18:26:00";19
"2018-10-03 18:26:05";19
"2018-10-03 18:36:00";19
"2018-10-03 18:36:04";19
"2018-10-03 18:46:00";19
"2018-10-03 18:46:04";19
"2018-10-03 18:56:00";21
"2018-10-03 18:56:05";21
"2018-10-03 19:06:00";21
"2018-10-03 19:16:00";21
"2018-10-03 19:16:04";21
"2018-10-03 19:26:00";22
"2018-10-03 19:26:04";22
"2018-10-03 19:36:00";22
"2018-10-03 19:36:04";22
"2018-10-03 19:46:00";22
"2018-10-03 19:46:05";22
"2018-10-03 19:56:00";23
"2018-10-03 20:06:00";23
"2018-10-03 20:06:04";23
"2018-10-03 20:16:00";23
"2018-10-03 20:16:05";23
"2018-10-03 20:26:00";26
"2018-10-03 20:26:05";26
"2018-10-03 20:36:00";26
"2018-10-03 20:36:05";26
"2018-10-03 20:46:00";26
"2018-10-03 20:56:00";28
"2018-10-03 20:56:05";28
"2018-10-03 21:06:00";28
"2018-10-03 21:06:05";28
"2018-10-03 21:16:00";28
"2018-10-03 21:16:05";28
"2018-10-03 21:26:00";29
"2018-10-03 21:26:04";29
"2018-10-03 21:36:00";29
"2018-10-03 21:36:04";29
"2018-10-03 21:46:00";29
"2018-10-03 21:56:00";29
"2018-10-03 21:56:05";29
"2018-10-03 22:06:00";29
"2018-10-03 22:06:07";29
"2018-10-03 22:16:00";29
"2018-10-03 22:16:05";29
"2018-10-03 22:26:00";28
"2018-10-03 22:26:05";28
"2018-10-03 22:36:00";28
"2018-10-03 22:46:00";28
"2018-10-03 22:46:05";28
"2018-10-03 22:56:00";26
"2018-10-03 22:56:05";26
"2018-10-03 23:06:00";26
"2018-10-03 23:06:04";26
"2018-10-03 23:16:00";26
"2018-10-03 23:16:05";26
"2018-10-03 23:26:00";26
"2018-10-03 23:36:00";26
"2018-10-03 23:36:06";26
"2018-10-03 23:46:00";26
"2018-10-03 23:46:05";26
"2018-10-03 23:56:00";26
"2018-10-03 23:56:05";26
"2018-10-04 00:06:00";26
"2018-10-04 00:06:06";26
"2018-10-04 00:16:00";26
"2018-10-04 00:16:06";26
"2018-10-04 00:26:00";26
"2018-10-04 00:36:00";26
"2018-10-04 00:36:05";26
"2018-10-04 00:46:00";26
"2018-10-04 00:46:06";26
"2018-10-04 00:56:00";26
"2018-10-04 00:56:06";26
"2018-10-04 01:06:00";26
"2018-10-04 01:06:05";26
"2018-10-04 01:16:00";26
"2018-10-04 01:26:00";24
"2018-10-04 01:26:04";24
"2018-10-04 01:36:00";24
"2018-10-04 01:36:05";24
"2018-10-04 01:46:00";24
"2018-10-04 01:46:05";24
"2018-10-04 01:56:00";24
"2018-10-04 01:56:05";24
"2018-10-04 02:06:00";24
"2018-10-04 02:16:00";24
"2018-10-04 02:16:05";24
"2018-10-04 02:26:00";24
"2018-10-04 02:26:04";24
"2018-10-04 02:36:00";24
"2018-10-04 02:36:05";24
"2018-10-04 02:46:00";24
"2018-10-04 02:46:05";24
"2018-10-04 02:56:00";22
"2018-10-04 02:56:05";22
"2018-10-04 03:06:00";22
"2018-10-04 03:16:00";22
"2018-10-04 03:16:05";22
"2018-10-04 03:26:00";22
"2018-10-04 03:26:05";22
"2018-10-04 03:36:00";22
"2018-10-04 03:36:04";22
"2018-10-04 03:46:00";22
"2018-10-04 03:46:05";22
"2018-10-04 03:56:00";23
"2018-10-04 03:56:05";23
"2018-10-04 04:06:00";23
"2018-10-04 04:16:00";23
"2018-10-04 04:16:04";23
"2018-10-04 04:26:00";21
"2018-10-04 04:26:05";21
"2018-10-04 04:36:00";21
"2018-10-04 04:36:04";21
"2018-10-04 04:46:00";21
"2018-10-04 04:46:05";21
"2018-10-04 04:56:00";22
"2018-10-04 04:56:04";22
"2018-10-04 05:06:00";22
"2018-10-04 05:06:05";22
"2018-10-04 05:16:00";22
"2018-10-04 05:26:00";20
"2018-10-04 05:26:05";20
"2018-10-04 05:36:00";20
"2018-10-04 05:36:04";20
"2018-10-04 05:46:00";20
"2018-10-04 05:46:05";20
"2018-10-04 05:56:00";21
"2018-10-04 05:56:05";21
"2018-10-04 06:06:00";21
"2018-10-04 06:06:04";21
"2018-10-04 06:16:00";21
"2018-10-04 06:26:00";20
"2018-10-04 06:26:04";20
"2018-10-04 06:36:00";20
"2018-10-04 06:36:04";20
"2018-10-04 06:46:00";20
"2018-10-04 06:46:04";20
"2018-10-04 06:56:00";21
"2018-10-04 06:56:04";21
"2018-10-04 07:06:00";21
"2018-10-04 07:06:04";21
"2018-10-04 07:16:00";21
"2018-10-04 07:26:00";20
"2018-10-04 07:26:04";20
"2018-10-04 07:36:00";20
"2018-10-04 07:36:04";20
"2018-10-04 07:46:00";20
"2018-10-04 07:46:05";20
"2018-10-04 07:56:00";20
"2018-10-04 07:56:05";20
"2018-10-04 08:06:00";20
"2018-10-04 08:16:00";20
"2018-10-04 08:16:04";20
"2018-10-04 08:26:00";19
"2018-10-04 08:26:05";19
"2018-10-04 08:36:00";19
"2018-10-04 08:36:04";19
"2018-10-04 08:46:00";19
"2018-10-04 08:46:04";19
"2018-10-04 08:56:00";20
"2018-10-04 08:56:05";20
"2018-10-04 09:06:00";20
"2018-10-04 09:16:00";20
"2018-10-04 09:16:05";20
"2018-10-04 09:26:00";20
"2018-10-04 09:26:04";20
"2018-10-04 09:36:00";20
"2018-10-04 09:36:04";20
"2018-10-04 09:46:00";20
"2018-10-04 09:46:04";20
"2018-10-04 09:56:00";20
"2018-10-04 09:56:05";20
"2018-10-04 10:06:00";20
"2018-10-04 10:16:00";20
"2018-10-04 10:16:05";20
"2018-10-04 10:26:00";20
"2018-10-04 10:26:04";20
"2018-10-04 10:36:00";20
"2018-10-04 10:36:04";20
"2018-10-04 10:46:00";20
"2018-10-04 10:46:04";20
"2018-10-04 10:56:00";21
"2018-10-04 10:56:04";21
"2018-10-04 11:06:00";21
"2018-10-04 11:16:00";21
"2018-10-04 11:16:04";21
"2018-10-04 11:26:00";18
"2018-10-04 11:26:04";18
"2018-10-04 11:36:00";18
"2018-10-04 11:36:05";18
"2018-10-04 11:46:00";18
"2018-10-04 11:46:05";18
"2018-10-04 11:56:00";16
"2018-10-04 12:06:00";16
"2018-10-04 12:06:04";16
"2018-10-04 12:16:00";16
"2018-10-04 12:16:05";16
"2018-10-04 12:26:00";18
"2018-10-04 12:26:05";18
"2018-10-04 12:36:00";18
"2018-10-04 12:36:05";18
"2018-10-04 12:46:00";18
"2018-10-04 12:46:05";18
"2018-10-04 12:56:00";18
"2018-10-04 13:06:00";18
"2018-10-04 13:06:05";18
"2018-10-04 13:16:00";18
"2018-10-04 13:16:05";18
"2018-10-04 13:26:00";19
"2018-10-04 13:26:05";19
"2018-10-04 13:36:00";19
"2018-10-04 13:36:05";19
"2018-10-04 13:46:00";19
"2018-10-04 13:56:00";18
"2018-10-04 13:56:05";18
"2018-10-04 14:06:00";18
"2018-10-04 14:06:04";18
"2018-10-04 14:16:00";18
"2018-10-04 14:16:05";18
"2018-10-04 14:26:00";19
"2018-10-04 14:26:05";19
"2018-10-04 14:36:00";19
"2018-10-04 14:36:04";19
"2018-10-04 14:46:00";17
"2018-10-04 14:56:00";17
"2018-10-04 14:56:05";17
"2018-10-04 15:06:00";17
"2018-10-04 15:06:05";17
"2018-10-04 15:16:00";17
"2018-10-04 15:16:05";17
"2018-10-04 15:26:00";18
"2018-10-04 15:26:05";18
"2018-10-04 15:36:00";18
"2018-10-04 15:46:00";18
"2018-10-04 15:46:05";18
"2018-10-04 15:56:00";18
"2018-10-04 15:56:05";18
"2018-10-04 16:06:00";18
"2018-10-04 16:06:05";18
"2018-10-04 16:16:00";18
"2018-10-04 16:16:05";18
"2018-10-04 16:26:00";19
"2018-10-04 16:36:00";19
"2018-10-04 16:36:05";19
"2018-10-04 16:46:00";19
"2018-10-04 16:46:05";19
"2018-10-04 16:56:00";20
"2018-10-04 16:56:05";20
"2018-10-04 17:06:00";20
"2018-10-04 17:06:05";20
"2018-10-04 17:16:00";20
"2018-10-04 17:26:00";20
"2018-10-04 17:36:00";20
"2018-10-04 17:36:04";20
"2018-10-04 17:46:00";20
"2018-10-04 17:46:05";20
"2018-10-04 17:56:00";21
"2018-10-04 17:56:05";21
"2018-10-04 18:06:00";21
"2018-10-04 18:06:05";21
"2018-10-04 18:16:00";21
"2018-10-04 18:26:00";20
"2018-10-04 18:26:05";20
"2018-10-04 18:36:00";20
"2018-10-04 18:36:05";20
"2018-10-04 18:46:00";23
"2018-10-04 18:46:05";23
"2018-10-04 18:56:00";23
"2018-10-04 18:56:05";23
"2018-10-04 19:06:00";23
"2018-10-04 19:06:04";23
"2018-10-04 19:16:00";23
"2018-10-04 19:26:00";21
"2018-10-04 19:26:05";21
"2018-10-04 19:36:00";21
"2018-10-04 19:36:05";21
"2018-10-04 19:46:00";21
"2018-10-04 19:46:05";21
"2018-10-04 19:56:00";25
"2018-10-04 19:56:04";25
"2018-10-04 20:06:00";25
"2018-10-04 20:06:05";25
"2018-10-04 20:16:00";25
"2018-10-04 20:26:00";26
"2018-10-04 20:26:05";26
"2018-10-04 20:36:00";26
"2018-10-04 20:36:04";26
"2018-10-04 20:46:00";26
"2018-10-04 20:46:05";26
"2018-10-04 20:56:00";28
"2018-10-04 20:56:04";28
"2018-10-04 21:06:00";28
"2018-10-04 21:06:05";28
"2018-10-04 21:16:00";28
"2018-10-04 21:26:00";29
"2018-10-04 21:26:05";29
"2018-10-04 21:36:00";29
"2018-10-04 21:36:04";29
"2018-10-04 21:46:00";29
"2018-10-04 21:46:05";29
"2018-10-04 21:56:00";29
"2018-10-04 21:56:04";29
"2018-10-04 22:06:00";29
"2018-10-04 22:06:06";29
"2018-10-04 22:16:00";29
"2018-10-04 22:26:00";28
"2018-10-04 22:26:06";28
"2018-10-04 22:36:00";28
"2018-10-04 22:36:04";28
"2018-10-04 22:46:00";28
"2018-10-04 22:46:05";28
"2018-10-04 22:56:00";28
"2018-10-04 22:56:04";28
"2018-10-04 23:06:00";28
"2018-10-04 23:16:00";28
"2018-10-04 23:16:05";28
"2018-10-04 23:26:00";27
"2018-10-04 23:26:05";27
"2018-10-04 23:36:00";27
"2018-10-04 23:36:05";27
"2018-10-04 23:46:00";27
"2018-10-04 23:46:05";27
"2018-10-04 23:56:00";26
"2018-10-05 00:06:00";26
"2018-10-05 00:06:05";26
"2018-10-05 00:16:00";26
"2018-10-05 00:16:05";26
"2018-10-05 00:26:00";25
"2018-10-05 00:26:05";25
"2018-10-05 00:36:00";25
"2018-10-05 00:36:05";25
"2018-10-05 00:46:00";25
"2018-10-05 00:46:06";25
"2018-10-05 00:56:00";25
"2018-10-05 01:06:00";25
"2018-10-05 01:06:05";25
"2018-10-05 01:16:00";25
"2018-10-05 01:16:04";25
"2018-10-05 01:26:00";24
"2018-10-05 01:26:05";24
"2018-10-05 01:36:00";24
"2018-10-05 01:36:05";24
"2018-10-05 01:46:00";24
"2018-10-05 01:46:05";24
"2018-10-05 01:56:00";24
"2018-10-05 02:06:00";24
"2018-10-05 02:06:05";24
"2018-10-05 02:16:00";23
"2018-10-05 02:16:04";23
"2018-10-05 02:26:00";23
"2018-10-05 02:26:05";23
"2018-10-05 02:36:00";23
"2018-10-05 02:36:04";23
"2018-10-05 02:46:00";23
"2018-10-05 02:46:05";23
"2018-10-05 02:56:00";23
"2018-10-05 02:56:05";23
"2018-10-05 03:06:00";23
"2018-10-05 03:16:00";23
"2018-10-05 03:16:05";23
"2018-10-05 03:26:00";23
"2018-10-05 03:26:04";23
"2018-10-05 03:36:00";23
"2018-10-05 03:36:05";23
"2018-10-05 03:46:00";23
"2018-10-05 03:46:04";23
"2018-10-05 03:56:00";23
"2018-10-05 03:56:04";23
"2018-10-05 04:06:00";23
"2018-10-05 04:16:00";23
"2018-10-05 04:16:04";23
"2018-10-05 04:26:00";22
"2018-10-05 04:26:04";22
"2018-10-05 04:36:00";22
"2018-10-05 04:36:05";22
"2018-10-05 04:46:00";22
"2018-10-05 04:46:04";22
"2018-10-05 04:56:00";22
"2018-10-05 04:56:04";22
"2018-10-05 05:06:00";22
"2018-10-05 05:06:05";22
"2018-10-05 05:16:00";22
"2018-10-05 05:26:00";21
"2018-10-05 05:26:05";21
"2018-10-05 05:36:00";21
"2018-10-05 05:36:05";21
"2018-10-05 05:46:00";21
"2018-10-05 05:46:05";21
"2018-10-05 05:56:00";21
"2018-10-05 05:56:05";21
"2018-10-05 06:06:00";21
"2018-10-05 06:06:04";21
"2018-10-05 06:16:00";21
"2018-10-05 06:16:05";21
"2018-10-05 06:26:00";21
"2018-10-05 06:36:00";21
"2018-10-05 06:36:05";21
"2018-10-05 06:46:00";21
"2018-10-05 06:46:05";21
"2018-10-05 06:56:00";22
"2018-10-05 06:56:04";22
"2018-10-05 07:06:00";22
"2018-10-05 07:06:04";22
"2018-10-05 07:16:00";22
"2018-10-05 07:16:04";22
"2018-10-05 07:26:00";20
"2018-10-05 07:36:00";20
"2018-10-05 07:36:05";20
"2018-10-05 07:46:00";20
"2018-10-05 07:46:04";20
"2018-10-05 07:56:00";19
"2018-10-05 07:56:05";19
"2018-10-05 08:06:00";19
"2018-10-05 08:06:05";19
"2018-10-05 08:16:00";19
"2018-10-05 08:16:05";19
"2018-10-05 08:26:00";20
"2018-10-05 08:26:05";20
"2018-10-05 08:36:00";20
"2018-10-05 08:46:00";20
"2018-10-05 08:46:04";20
"2018-10-05 08:56:00";19
"2018-10-05 08:56:05";19
"2018-10-05 09:06:00";19
"2018-10-05 09:06:04";19
"2018-10-05 09:16:00";19
"2018-10-05 09:16:04";19
"2018-10-05 09:26:00";20
"2018-10-05 09:36:00";20
"2018-10-05 09:36:05";20
"2018-10-05 09:46:00";20
"2018-10-05 09:46:04";20
"2018-10-05 09:56:00";20
"2018-10-05 09:56:05";20
"2018-10-05 10:06:00";20
"2018-10-05 10:06:04";20
"2018-10-05 10:16:00";20
"2018-10-05 10:16:04";20
"2018-10-05 10:26:00";22
"2018-10-05 10:26:04";22
"2018-10-05 10:36:00";22
"2018-10-05 10:46:00";22
"2018-10-05 10:46:04";22
"2018-10-05 10:56:00";22
"2018-10-05 10:56:05";22
"2018-10-05 11:06:00";22
"2018-10-05 11:06:05";22
"2018-10-05 11:16:00";22
"2018-10-05 11:16:04";22
"2018-10-05 11:26:00";16
"2018-10-05 11:26:04";16
"2018-10-05 11:36:00";16
"2018-10-05 11:46:00";16
"2018-10-05 11:46:04";16
"2018-10-05 11:56:00";15
"2018-10-05 11:56:05";15
"2018-10-05 12:06:00";15
"2018-10-05 12:06:05";15
"2018-10-05 12:16:00";15
"2018-10-05 12:16:04";15
"2018-10-05 12:26:00";17
"2018-10-05 12:26:05";17
"2018-10-05 12:36:00";17
"2018-10-05 12:46:00";17
"2018-10-05 12:46:04";17
"2018-10-05 12:56:00";16
"2018-10-05 12:56:05";16
"2018-10-05 13:06:00";16
"2018-10-05 13:06:05";16
"2018-10-05 13:16:00";16
"2018-10-05 13:16:04";16
"2018-10-05 13:26:00";16
"2018-10-05 13:26:05";16
"2018-10-05 13:36:00";16
"2018-10-05 13:46:00";16
"2018-10-05 13:46:04";16
"2018-10-05 13:56:00";17
"2018-10-05 13:56:05";17
"2018-10-05 14:06:00";17
"2018-10-05 14:06:05";17
"2018-10-05 14:16:00";17
"2018-10-05 14:16:04";17
"2018-10-05 14:26:00";18
"2018-10-05 14:26:05";18
"2018-10-05 14:36:00";18
"2018-10-05 14:46:00";18
"2018-10-05 14:46:05";18
"2018-10-05 14:56:00";18
"2018-10-05 14:56:04";18
"2018-10-05 15:06:00";18
"2018-10-05 15:06:05";18
"2018-10-05 15:16:00";18
"2018-10-05 15:16:04";18
"2018-10-05 15:26:00";17
"2018-10-05 15:26:05";17
"2018-10-05 15:36:00";17
"2018-10-05 15:46:00";17
"2018-10-05 15:46:04";17
"2018-10-05 15:56:00";19
"2018-10-05 15:56:04";19
"2018-10-05 16:06:00";19
"2018-10-05 16:06:05";19
"2018-10-05 16:16:00";19
"2018-10-05 16:16:04";19
"2018-10-05 16:26:00";18
"2018-10-05 16:26:05";18
"2018-10-05 16:36:00";18
"2018-10-05 16:46:00";18
"2018-10-05 16:46:04";18
"2018-10-05 16:56:00";21
"2018-10-05 16:56:04";21
"2018-10-05 17:06:00";21
"2018-10-05 17:06:05";21
"2018-10-05 17:16:00";21
"2018-10-05 17:16:04";21
"2018-10-05 17:26:00";22
"2018-10-05 17:26:04";22
"2018-10-05 17:36:00";22
"2018-10-05 17:46:00";22
"2018-10-05 17:46:04";22
"2018-10-05 17:56:00";23
"2018-10-05 17:56:05";23
"2018-10-05 18:06:00";23
"2018-10-05 18:06:05";23
"2018-10-05 18:16:00";23
"2018-10-05 18:16:05";23
"2018-10-05 18:26:00";26
"2018-10-05 18:26:05";26
"2018-10-05 18:36:00";26
"2018-10-05 18:46:00";26
"2018-10-05 18:46:05";26
"2018-10-05 18:56:00";26
"2018-10-05 18:56:04";26
"2018-10-05 19:06:00";26
"2018-10-05 19:06:05";26
"2018-10-05 19:16:00";26
"2018-10-05 19:16:05";26
"2018-10-05 19:26:00";27
"2018-10-05 19:26:04";27
"2018-10-05 19:36:00";27
"2018-10-05 19:36:05";27
"2018-10-05 19:46:00";27
"2018-10-05 19:56:00";27
"2018-10-05 19:56:05";27
"2018-10-05 20:06:00";27
"2018-10-05 20:06:05";27
"2018-10-05 20:16:00";27
"2018-10-05 20:16:05";27
"2018-10-05 20:26:00";28
"2018-10-05 20:26:05";28
"2018-10-05 20:36:00";28
"2018-10-05 20:36:05";28
"2018-10-05 20:46:00";28
"2018-10-05 20:56:00";30
"2018-10-05 20:56:05";30
"2018-10-05 21:06:00";30
"2018-10-05 21:06:05";30
"2018-10-05 21:16:00";30
"2018-10-05 21:16:05";30
"2018-10-05 21:26:00";30
"2018-10-05 21:26:04";30
"2018-10-05 21:36:00";30
"2018-10-05 21:36:05";30
"2018-10-05 21:46:00";30
"2018-10-05 21:56:00";30
"2018-10-05 21:56:05";30
"2018-10-05 22:06:00";30
"2018-10-05 22:06:06";30
"2018-10-05 22:16:00";30
"2018-10-05 22:16:06";30
"2018-10-05 22:26:00";29
"2018-10-05 22:26:06";29
"2018-10-05 22:36:00";29
"2018-10-05 22:36:05";29
"2018-10-05 22:46:00";29
"2018-10-05 22:56:00";29
"2018-10-05 22:56:05";29
"2018-10-05 23:06:00";29
"2018-10-05 23:06:05";29
"2018-10-05 23:16:00";29
"2018-10-05 23:16:04";29
"2018-10-05 23:26:00";28
"2018-10-05 23:26:04";28
"2018-10-05 23:36:00";28
"2018-10-05 23:46:00";28
"2018-10-05 23:46:05";28
"2018-10-05 23:56:00";28
"2018-10-05 23:56:05";28
"2018-10-06 00:06:00";28
"2018-10-06 00:06:06";28
"2018-10-06 00:16:00";28
"2018-10-06 00:16:09";28
"2018-10-06 00:26:00";27
"2018-10-06 00:26:05";27
"2018-10-06 00:36:00";27
"2018-10-06 00:46:00";27
"2018-10-06 00:46:05";27
"2018-10-06 00:56:00";25
"2018-10-06 00:56:06";25
"2018-10-06 01:06:00";25
"2018-10-06 01:06:05";25
"2018-10-06 01:16:00";25
"2018-10-06 01:16:05";25
"2018-10-06 01:26:00";25
"2018-10-06 01:26:05";25
"2018-10-06 01:36:00";25
"2018-10-06 01:46:00";25
"2018-10-06 01:46:06";25
"2018-10-06 01:56:00";25
"2018-10-06 01:56:05";25
"2018-10-06 02:06:00";25
"2018-10-06 02:06:04";25
"2018-10-06 02:16:00";25
"2018-10-06 02:16:05";25
"2018-10-06 02:26:00";24
"2018-10-06 02:26:04";24
"2018-10-06 02:36:00";24
"2018-10-06 02:36:04";24
"2018-10-06 02:46:00";24
"2018-10-06 02:56:00";24
"2018-10-06 02:56:05";24
"2018-10-06 03:06:00";24
"2018-10-06 03:06:04";24
"2018-10-06 03:16:00";24
"2018-10-06 03:16:05";24
"2018-10-06 03:26:00";23
"2018-10-06 03:26:05";23
"2018-10-06 03:36:00";23
"2018-10-06 03:36:04";23
"2018-10-06 03:46:00";23
"2018-10-06 03:56:00";21
"2018-10-06 03:56:04";21
"2018-10-06 04:06:00";21
"2018-10-06 04:06:05";21
"2018-10-06 04:16:00";21
"2018-10-06 04:16:04";21
"2018-10-06 04:26:00";23
"2018-10-06 04:26:05";23
"2018-10-06 04:36:00";23
"2018-10-06 04:36:04";23
"2018-10-06 04:46:00";23
"2018-10-06 04:46:05";23
"2018-10-06 04:56:00";21
"2018-10-06 05:06:00";21
"2018-10-06 05:06:05";21
"2018-10-06 05:16:00";21
"2018-10-06 05:16:04";21
"2018-10-06 05:26:00";22
"2018-10-06 05:26:05";22
"2018-10-06 05:36:00";22
"2018-10-06 05:36:05";22
"2018-10-06 05:46:00";22
"2018-10-06 05:46:05";22
"2018-10-06 05:56:00";22
"2018-10-06 06:06:00";22
"2018-10-06 06:06:05";22
"2018-10-06 06:16:00";22
"2018-10-06 06:16:04";22
"2018-10-06 06:26:00";21
"2018-10-06 06:26:05";21
"2018-10-06 06:36:00";21
"2018-10-06 06:36:04";21
"2018-10-06 06:46:00";21
"2018-10-06 06:46:05";21
"2018-10-06 06:56:00";20
"2018-10-06 06:56:04";20
"2018-10-06 07:06:00";20
"2018-10-06 07:16:00";20
"2018-10-06 07:16:05";20
"2018-10-06 07:26:00";21
"2018-10-06 07:26:05";21
"2018-10-06 07:36:00";21
"2018-10-06 07:36:04";21
"2018-10-06 07:46:00";21
"2018-10-06 07:46:05";21
"2018-10-06 07:56:00";20
"2018-10-06 07:56:04";20
"2018-10-06 08:06:00";20
"2018-10-06 08:16:00";20
"2018-10-06 08:16:04";20
"2018-10-06 08:26:00";20
"2018-10-06 08:26:05";20
"2018-10-06 08:36:00";20
"2018-10-06 08:36:05";20
"2018-10-06 08:46:00";20
"2018-10-06 08:46:05";20
"2018-10-06 08:56:00";20
"2018-10-06 08:56:05";20
"2018-10-06 09:06:00";20
"2018-10-06 09:06:05";20
"2018-10-06 09:16:00";20
"2018-10-06 09:26:00";21
"2018-10-06 09:26:05";21
"2018-10-06 09:36:00";21
"2018-10-06 09:36:04";21
"2018-10-06 09:46:00";21
"2018-10-06 09:46:05";21
"2018-10-06 09:56:00";21
"2018-10-06 09:56:05";21
"2018-10-06 10:06:00";21
"2018-10-06 10:06:05";21
"2018-10-06 10:16:00";21
"2018-10-06 10:26:00";21
"2018-10-06 10:26:04";21
"2018-10-06 10:36:00";21
"2018-10-06 10:36:05";21
"2018-10-06 10:46:00";21
"2018-10-06 10:46:05";21
"2018-10-06 10:56:00";20
"2018-10-06 10:56:05";20
"2018-10-06 11:06:00";20
"2018-10-06 11:06:05";20
"2018-10-06 11:16:00";20
"2018-10-06 11:26:00";21
"2018-10-06 11:26:05";21
"2018-10-06 11:36:00";21
"2018-10-06 11:36:04";21
"2018-10-06 11:46:00";21
"2018-10-06 11:46:05";21
"2018-10-06 11:56:00";20
"2018-10-06 11:56:05";20
"2018-10-06 12:06:00";20
"2018-10-06 12:06:04";20
"2018-10-06 12:16:00";20
"2018-10-06 12:16:05";20
"2018-10-06 12:26:00";20
"2018-10-06 12:36:00";20
"2018-10-06 12:36:05";20
"2018-10-06 12:46:00";20
"2018-10-06 12:46:05";20
"2018-10-06 12:56:00";20
"2018-10-06 12:56:05";20
"2018-10-06 13:06:00";20
"2018-10-06 13:06:05";20
"2018-10-06 13:16:00";20
"2018-10-06 13:16:04";20
"2018-10-06 13:26:00";20
"2018-10-06 13:36:00";20
"2018-10-06 13:36:05";20
"2018-10-06 13:46:00";20
"2018-10-06 13:46:05";20
"2018-10-06 13:56:00";20
"2018-10-06 13:56:05";20
"2018-10-06 14:06:00";20
"2018-10-06 14:06:05";20
"2018-10-06 14:16:00";20
"2018-10-06 14:16:05";20
"2018-10-06 14:26:00";20
"2018-10-06 14:36:00";20
"2018-10-06 14:36:05";20
"2018-10-06 14:46:00";20
"2018-10-06 14:46:04";20
"2018-10-06 14:56:00";20
"2018-10-06 14:56:04";20
"2018-10-06 15:06:00";20
"2018-10-06 15:06:05";20
"2018-10-06 15:16:00";20
"2018-10-06 15:16:05";20
"2018-10-06 15:26:00";20
"2018-10-06 15:36:00";20
"2018-10-06 15:36:05";20
"2018-10-06 15:46:00";20
"2018-10-06 15:46:04";20
"2018-10-06 15:56:00";20
"2018-10-06 15:56:05";20
"2018-10-06 16:06:00";20
"2018-10-06 16:06:05";20
"2018-10-06 16:16:00";20
"2018-10-06 16:16:04";20
"2018-10-06 16:26:00";20
"2018-10-06 16:36:00";20
"2018-10-06 16:36:05";20
"2018-10-06 16:46:00";20
"2018-10-06 16:46:05";20
"2018-10-06 16:56:00";20
"2018-10-06 16:56:05";20
"2018-10-06 17:06:00";20
"2018-10-06 17:06:05";20
"2018-10-06 17:16:00";20
"2018-10-06 17:16:05";20
"2018-10-06 17:26:00";20
"2018-10-06 17:26:04";20
"2018-10-06 17:36:00";20
"2018-10-06 17:46:00";20
"2018-10-06 17:46:04";20
"2018-10-06 17:56:00";20
"2018-10-06 17:56:05";20
"2018-10-06 18:06:00";20
"2018-10-06 18:06:05";20
"2018-10-06 18:16:00";20
"2018-10-06 18:16:05";20
"2018-10-06 18:26:00";20
"2018-10-06 18:26:05";20
"2018-10-06 18:36:00";20
"2018-10-06 18:46:00";20
"2018-10-06 18:46:05";20
"2018-10-06 18:56:00";19
"2018-10-06 18:56:05";19
"2018-10-06 19:06:00";19
"2018-10-06 19:06:05";19
"2018-10-06 19:16:00";19
"2018-10-06 19:16:04";19
"2018-10-06 19:26:00";19
"2018-10-06 19:36:00";19
"2018-10-06 19:36:05";19
"2018-10-06 19:46:00";19
"2018-10-06 19:46:05";19
"2018-10-06 19:56:00";21
"2018-10-06 19:56:04";21
"2018-10-06 20:06:00";21
"2018-10-06 20:06:04";21
"2018-10-06 20:16:00";21
"2018-10-06 20:16:05";21
"2018-10-06 20:26:00";20
"2018-10-06 20:36:00";20
"2018-10-06 20:36:05";20
"2018-10-06 20:46:00";20
"2018-10-06 20:46:05";20
"2018-10-06 20:56:00";21
"2018-10-06 20:56:04";21
"2018-10-06 21:06:00";21
"2018-10-06 21:06:05";21
"2018-10-06 21:16:00";21
"2018-10-06 21:16:05";21
"2018-10-06 21:26:00";21
"2018-10-06 21:36:00";21
"2018-10-06 21:36:05";21
"2018-10-06 21:46:00";21
"2018-10-06 21:46:05";21
"2018-10-06 21:56:00";22
"2018-10-06 21:56:05";22
"2018-10-06 22:06:00";22
"2018-10-06 22:06:06";22
"2018-10-06 22:16:00";22
"2018-10-06 22:26:00";22
"2018-10-06 22:26:05";22
"2018-10-06 22:36:00";22
"2018-10-06 22:36:05";22
"2018-10-06 22:46:00";22
"2018-10-06 22:46:04";22
"2018-10-06 22:56:00";22
"2018-10-06 22:56:05";22
"2018-10-06 23:06:00";22
"2018-10-06 23:06:05";22
"2018-10-06 23:16:00";22
"2018-10-06 23:26:00";22
"2018-10-06 23:26:05";22
"2018-10-07 00:36:00";21
"2018-10-07 00:36:05";21
"2018-10-07 00:46:00";21
"2018-10-07 00:46:07";21
"2018-10-07 00:56:00";21
"2018-10-07 00:56:05";21
"2018-10-07 01:06:00";21
"2018-10-07 01:06:05";21
"2018-10-07 01:16:00";22
"2018-10-07 01:16:05";22
"2018-10-07 01:26:00";22
"2018-10-07 01:36:00";22
"2018-10-07 01:36:05";22
"2018-10-07 01:46:00";22
"2018-10-07 01:46:04";22
"2018-10-07 01:56:00";21
"2018-10-07 01:56:05";21
"2018-10-07 02:06:00";21
"2018-10-07 02:06:05";21
"2018-10-07 02:16:00";21
"2018-10-07 02:16:05";21
"2018-10-07 02:26:00";21
"2018-10-07 02:36:00";21
"2018-10-07 02:36:04";21
"2018-10-07 02:46:00";18
"2018-10-07 02:46:04";18
"2018-10-07 02:56:00";18
"2018-10-07 02:56:05";18
"2018-10-07 03:06:00";18
"2018-10-07 03:06:04";18
"2018-10-07 03:16:00";18
"2018-10-07 03:16:05";18
"2018-10-07 03:26:00";19
"2018-10-07 03:26:05";19
"2018-10-07 03:36:00";19
"2018-10-07 03:46:00";19
"2018-10-07 03:46:04";19
"2018-10-07 03:56:00";19
"2018-10-07 03:56:05";19
"2018-10-07 04:06:00";19
"2018-10-07 04:06:05";19
"2018-10-07 04:16:00";19
"2018-10-07 04:16:05";19
"2018-10-07 04:26:00";20
"2018-10-07 04:26:04";20
"2018-10-07 04:36:00";20
"2018-10-07 04:36:05";20
"2018-10-07 04:46:00";20
"2018-10-07 04:46:05";20
"2018-10-07 04:56:00";18
"2018-10-07 05:06:00";18
"2018-10-07 05:06:04";18
"2018-10-07 05:16:00";18
"2018-10-07 05:16:04";18
"2018-10-07 05:26:00";19
"2018-10-07 05:26:05";19
"2018-10-07 05:36:00";19
"2018-10-07 05:36:04";19
"2018-10-07 05:46:00";19
"2018-10-07 05:46:05";19
"2018-10-07 05:56:00";20
"2018-10-07 06:06:00";20
"2018-10-07 06:06:04";20
"2018-10-07 06:16:00";20
"2018-10-07 06:16:04";20
"2018-10-07 06:26:00";19
"2018-10-07 06:26:04";19
"2018-10-07 06:36:00";19
"2018-10-07 06:36:04";19
"2018-10-07 06:46:00";19
"2018-10-07 06:46:05";19
"2018-10-07 06:56:00";19
"2018-10-07 07:06:00";19
"2018-10-07 07:06:05";19
"2018-10-07 07:16:00";19
"2018-10-07 07:16:04";19
"2018-10-07 07:26:00";19
"2018-10-07 07:26:05";19
"2018-10-07 07:36:00";19
"2018-10-07 07:36:05";19
"2018-10-07 07:46:00";19
"2018-10-07 07:46:05";19
"2018-10-07 07:56:00";18
"2018-10-07 07:56:05";18
"2018-10-07 08:06:00";18
"2018-10-07 08:16:00";18
"2018-10-07 08:16:05";18
"2018-10-07 08:26:00";18
"2018-10-07 08:26:04";18
"2018-10-07 08:36:00";18
"2018-10-07 08:36:05";18
"2018-10-07 08:46:00";18
"2018-10-07 08:46:05";18
"2018-10-07 08:56:00";18
"2018-10-07 08:56:04";18
"2018-10-07 09:06:00";18
"2018-10-07 09:06:05";18
"2018-10-07 09:16:00";18
"2018-10-07 09:26:00";19
"2018-10-07 09:26:04";19
"2018-10-07 09:36:00";19
"2018-10-07 09:36:05";19
"2018-10-07 09:46:00";19
"2018-10-07 09:46:04";19
"2018-10-07 09:56:00";19
"2018-10-07 09:56:04";19
"2018-10-07 10:06:00";19
"2018-10-07 10:06:04";19
"2018-10-07 10:16:00";19
"2018-10-07 10:26:00";22
"2018-10-07 10:26:04";22
"2018-10-07 10:36:00";22
"2018-10-07 10:36:05";22
"2018-10-07 10:46:00";22
"2018-10-07 10:46:05";22
"2018-10-07 10:56:00";20
"2018-10-07 10:56:05";20
"2018-10-07 11:06:00";20
"2018-10-07 11:06:05";20
"2018-10-07 11:16:00";20
"2018-10-07 11:16:04";20
"2018-10-07 11:26:00";17
"2018-10-07 11:36:00";17
"2018-10-07 11:36:05";17
"2018-10-07 11:46:00";17
"2018-10-07 11:46:05";17
"2018-10-07 11:56:00";15
"2018-10-07 11:56:05";15
"2018-10-07 12:06:00";15
"2018-10-07 12:06:05";15
"2018-10-07 12:16:00";15
"2018-10-07 12:16:05";15
"2018-10-07 12:26:00";14
"2018-10-07 12:36:00";14
"2018-10-07 12:36:04";14
"2018-10-07 12:46:00";14
"2018-10-07 12:46:05";14
"2018-10-07 12:56:00";16
"2018-10-07 12:56:04";16
"2018-10-07 13:06:00";16
"2018-10-07 13:06:04";16
"2018-10-07 13:16:00";16
"2018-10-07 13:16:05";16
"2018-10-07 13:26:00";16
"2018-10-07 13:36:00";16
"2018-10-07 13:36:05";16
"2018-10-07 13:46:00";16
"2018-10-07 13:46:04";16
"2018-10-07 13:56:00";16
"2018-10-07 13:56:05";16
"2018-10-07 14:06:00";16
"2018-10-07 14:06:04";16
"2018-10-07 14:16:00";16
"2018-10-07 14:16:05";16
"2018-10-07 14:26:00";16
"2018-10-07 14:26:05";16
"2018-10-07 14:36:00";16
"2018-10-07 14:46:00";16
"2018-10-07 14:46:05";16
"2018-10-07 14:56:00";16
"2018-10-07 14:56:05";16
"2018-10-07 15:06:00";16
"2018-10-07 15:06:05";16
"2018-10-07 15:16:00";16
"2018-10-07 15:16:04";16
"2018-10-07 15:26:00";17
"2018-10-07 15:36:00";17
"2018-10-07 15:36:05";17
"2018-10-07 15:46:00";17
"2018-10-07 15:46:05";17
"2018-10-07 15:56:00";18
"2018-10-07 15:56:04";18
"2018-10-07 16:06:00";18
"2018-10-07 16:06:04";18
"2018-10-07 16:16:00";18
"2018-10-07 16:16:04";18
"2018-10-07 16:26:00";18
"2018-10-07 16:36:00";18
"2018-10-07 16:36:05";18
"2018-10-07 16:46:00";18
"2018-10-07 16:46:05";18
"2018-10-07 16:56:00";18
"2018-10-07 16:56:05";18
"2018-10-07 17:06:00";18
"2018-10-07 17:06:05";18
"2018-10-07 17:16:00";18
"2018-10-07 17:16:04";18
"2018-10-07 17:26:00";18
"2018-10-07 17:36:00";18
"2018-10-07 17:36:04";18
"2018-10-07 17:46:00";18
"2018-10-07 17:46:05";18
"2018-10-07 17:56:00";15
"2018-10-07 17:56:05";15
"2018-10-07 18:06:00";15
"2018-10-07 18:06:05";15
"2018-10-07 18:16:00";15
"2018-10-07 18:16:05";15
"2018-10-07 18:26:00";15
"2018-10-07 18:36:00";15
"2018-10-07 18:36:05";15
"2018-10-07 18:46:00";15
"2018-10-07 18:46:05";15
"2018-10-07 18:56:00";16
"2018-10-07 18:56:04";16
"2018-10-07 19:06:00";16
"2018-10-07 19:06:05";16
"2018-10-07 19:16:00";16
"2018-10-07 19:16:05";16
"2018-10-07 19:26:00";16
"2018-10-07 19:36:00";16
"2018-10-07 19:36:04";16
"2018-10-07 19:46:00";16
"2018-10-07 19:46:05";16
"2018-10-07 19:56:00";16
"2018-10-07 19:56:05";16
"2018-10-07 20:06:00";16
"2018-10-07 20:06:05";16
"2018-10-07 20:16:00";16
"2018-10-07 20:16:05";16
"2018-10-07 20:26:00";17
"2018-10-07 20:36:00";17
"2018-10-07 20:36:05";17
"2018-10-07 20:46:00";17
"2018-10-07 20:46:05";17
"2018-10-07 20:56:00";17
"2018-10-07 20:56:05";17
"2018-10-07 21:06:00";17
"2018-10-07 21:06:05";17
"2018-10-07 21:16:00";17
"2018-10-07 21:26:00";18
"2018-10-07 21:26:05";18
"2018-10-07 21:36:00";18
"2018-10-07 21:36:04";18
"2018-10-07 21:46:00";18
"2018-10-07 21:46:04";18
"2018-10-07 21:56:00";18
"2018-10-07 21:56:05";18
"2018-10-07 22:06:00";18
"2018-10-07 22:06:07";18
"2018-10-07 22:16:00";18
"2018-10-07 22:16:05";18
"2018-10-07 22:26:00";17
"2018-10-07 22:26:05";17
"2018-10-07 22:36:00";17
"2018-10-07 22:36:05";17
"2018-10-07 22:46:00";17
"2018-10-07 22:46:05";17
"2018-10-07 22:56:00";17
"2018-10-07 23:06:00";17
"2018-10-07 23:06:04";17
"2018-10-07 23:16:00";17
"2018-10-07 23:16:04";17
"2018-10-07 23:26:00";18
"2018-10-07 23:26:05";18
"2018-10-07 23:36:00";18
"2018-10-07 23:36:05";18
"2018-10-07 23:46:00";18
"2018-10-07 23:46:05";18
"2018-10-07 23:56:00";17
"2018-10-08 00:06:00";17
"2018-10-08 00:06:05";17
"2018-10-08 00:16:00";17
"2018-10-08 00:16:05";17
"2018-10-08 00:26:00";18
"2018-10-08 00:26:04";18
"2018-10-08 00:36:00";18
"2018-10-08 00:36:06";18
"2018-10-08 00:46:00";18
"2018-10-08 00:46:06";18
"2018-10-08 00:56:00";18
"2018-10-08 00:56:05";18
"2018-10-08 01:06:00";18
"2018-10-08 01:16:00";18
"2018-10-08 01:16:05";18
"2018-10-08 01:26:00";17
"2018-10-08 01:26:05";17
"2018-10-08 01:36:00";17
"2018-10-08 01:36:05";17
"2018-10-08 01:46:00";17
"2018-10-08 01:46:07";17
"2018-10-08 01:56:00";18
"2018-10-08 01:56:05";18
"2018-10-08 02:06:00";18
"2018-10-08 02:16:00";18
"2018-10-08 02:16:04";18
"2018-10-08 02:26:00";17
"2018-10-08 02:26:04";17
"2018-10-08 02:36:00";17
"2018-10-08 02:36:05";17
"2018-10-08 02:46:00";17
"2018-10-08 02:46:05";17
"2018-10-08 02:56:00";16
"2018-10-08 02:56:05";16
"2018-10-08 03:06:00";16
"2018-10-08 03:06:05";16
"2018-10-08 03:16:00";16
"2018-10-08 03:26:00";17
"2018-10-08 03:26:04";17
"2018-10-08 03:36:00";17
"2018-10-08 03:36:04";17
"2018-10-08 03:46:00";17
"2018-10-08 03:46:05";17
"2018-10-08 03:56:00";17
"2018-10-08 03:56:04";17
"2018-10-08 04:06:00";17
"2018-10-08 04:06:05";17
"2018-10-08 04:16:00";17
"2018-10-08 04:16:05";17
"2018-10-08 04:26:00";17
"2018-10-08 04:36:00";17
"2018-10-08 04:36:05";17
"2018-10-08 04:46:00";17
"2018-10-08 04:46:05";17
"2018-10-08 04:56:00";17
"2018-10-08 04:56:05";17
"2018-10-08 05:06:00";17
"2018-10-08 05:06:05";17
"2018-10-08 05:16:00";17
"2018-10-08 05:16:04";17
"2018-10-08 05:26:00";17
"2018-10-08 05:36:00";17
"2018-10-08 05:36:04";17
"2018-10-08 05:46:00";17
"2018-10-08 05:46:05";17
"2018-10-08 05:56:00";17
"2018-10-08 05:56:04";17
"2018-10-08 06:06:00";17
"2018-10-08 06:06:05";17
"2018-10-08 06:16:00";17
"2018-10-08 06:16:05";17
"2018-10-08 06:26:00";17
"2018-10-08 06:26:05";17
"2018-10-08 06:36:00";17
"2018-10-08 06:46:00";17
"2018-10-08 06:46:04";17
"2018-10-08 06:56:00";17
"2018-10-08 06:56:05";17
"2018-10-08 07:06:00";17
"2018-10-08 07:06:05";17
"2018-10-08 07:16:00";17
"2018-10-08 07:16:05";17
"2018-10-08 07:26:00";15
"2018-10-08 07:26:05";15
"2018-10-08 07:36:00";15
"2018-10-08 07:36:05";15
"2018-10-08 07:46:00";15
"2018-10-08 07:56:00";17
"2018-10-08 07:56:04";17
"2018-10-08 08:06:00";17
"2018-10-08 08:06:05";17
"2018-10-08 08:16:00";17
"2018-10-08 08:16:05";17
"2018-10-08 08:26:00";17
"2018-10-08 08:26:04";17
"2018-10-08 08:36:00";17
"2018-10-08 08:36:04";17
"2018-10-08 08:46:00";17
"2018-10-08 08:56:00";17
"2018-10-08 08:56:05";17
"2018-10-08 09:06:00";17
"2018-10-08 09:06:04";17
"2018-10-08 09:16:00";17
"2018-10-08 09:16:05";17
"2018-10-08 09:26:00";16
"2018-10-08 09:26:05";16
"2018-10-08 09:36:00";16
"2018-10-08 09:36:05";16
"2018-10-08 09:46:00";16
"2018-10-08 09:56:00";17
"2018-10-08 09:56:05";17
"2018-10-08 10:06:00";17
"2018-10-08 10:06:05";17
"2018-10-08 10:16:00";17
"2018-10-08 10:16:04";17
"2018-10-08 10:26:00";18
"2018-10-08 10:26:05";18
"2018-10-08 10:36:00";18
"2018-10-08 10:36:05";18
"2018-10-08 10:46:00";18
"2018-10-08 10:56:00";18
"2018-10-08 10:56:05";18
"2018-10-08 11:06:00";18
"2018-10-08 11:06:04";18
"2018-10-08 11:16:00";18
"2018-10-08 11:16:05";18
"2018-10-08 11:26:00";16
"2018-10-08 11:26:05";16
"2018-10-08 11:36:00";16
"2018-10-08 11:36:05";16
"2018-10-08 11:46:00";16
"2018-10-08 11:46:04";16
"2018-10-08 11:56:00";16
"2018-10-08 12:06:00";16
"2018-10-08 12:06:05";16
"2018-10-08 12:16:00";16
"2018-10-08 12:16:05";16
"2018-10-08 12:26:00";15
"2018-10-08 12:26:05";15
"2018-10-08 12:36:00";15
"2018-10-08 12:36:05";15
"2018-10-08 12:46:00";15
"2018-10-08 12:46:06";15
"2018-10-08 12:56:00";15
"2018-10-08 13:06:00";15
"2018-10-08 13:06:04";15
"2018-10-08 13:16:00";15
"2018-10-08 13:16:05";15
"2018-10-08 13:26:00";16
"2018-10-08 13:26:04";16
"2018-10-08 13:36:00";16
"2018-10-08 13:36:04";16
"2018-10-08 13:46:00";16
"2018-10-08 13:46:04";16
"2018-10-08 13:56:00";17
"2018-10-08 14:06:00";17
"2018-10-08 14:06:05";17
"2018-10-08 14:16:00";17
"2018-10-08 14:16:04";17
"2018-10-08 14:26:00";16
"2018-10-08 14:26:04";16
"2018-10-08 14:36:00";16
"2018-10-08 14:36:04";16
"2018-10-08 14:46:00";16
"2018-10-08 14:46:05";16
"2018-10-08 14:56:00";16
"2018-10-08 15:06:00";16
"2018-10-08 15:06:04";16
"2018-10-08 15:16:00";16
"2018-10-08 15:16:05";16
"2018-10-08 15:26:00";16
"2018-10-08 15:26:05";16
"2018-10-08 15:36:00";16
"2018-10-08 15:36:05";16
"2018-10-08 15:46:00";16
"2018-10-08 15:46:05";16
"2018-10-08 15:56:00";17
"2018-10-08 16:06:00";17
"2018-10-08 16:06:05";17
"2018-10-08 16:16:00";17
"2018-10-08 16:16:05";17
"2018-10-08 16:26:00";16
"2018-10-08 16:26:05";16
"2018-10-08 16:36:00";16
"2018-10-08 16:36:04";16
"2018-10-08 16:46:00";16
"2018-10-08 16:46:05";16
"2018-10-08 16:56:00";17
"2018-10-08 17:06:00";17
"2018-10-08 17:06:05";17
"2018-10-08 17:16:00";17
"2018-10-08 17:16:05";17
"2018-10-08 17:26:00";16
"2018-10-08 17:26:04";16
"2018-10-08 17:36:00";16
"2018-10-08 17:36:04";16
"2018-10-08 17:46:00";16
"2018-10-08 17:46:05";16
"2018-10-08 17:56:00";16
"2018-10-08 18:06:00";16
"2018-10-08 18:06:05";16
"2018-10-08 18:16:00";16
"2018-10-08 18:16:04";16
"2018-10-08 18:26:00";15
"2018-10-08 18:26:05";15
"2018-10-08 18:36:00";15
"2018-10-08 18:36:05";15
"2018-10-08 18:46:00";15
"2018-10-08 18:46:05";15
"2018-10-08 18:56:00";15
"2018-10-08 19:06:00";15
"2018-10-08 19:06:05";15
"2018-10-08 19:16:00";15
"2018-10-08 19:16:05";15
"2018-10-08 19:26:00";15
"2018-10-08 19:26:05";15
"2018-10-08 19:36:00";15
"2018-10-08 19:36:05";15
"2018-10-08 19:46:00";15
"2018-10-08 19:46:04";15
"2018-10-08 19:56:00";15
"2018-10-08 20:06:00";15
"2018-10-08 20:06:05";15
"2018-10-08 20:16:00";15
"2018-10-08 20:16:04";15
"2018-10-08 20:26:00";15
"2018-10-08 20:26:05";15
"2018-10-08 20:36:00";15
"2018-10-08 20:36:05";15
"2018-10-08 20:46:00";15
"2018-10-08 20:46:05";15
"2018-10-08 20:56:00";16
"2018-10-08 21:06:00";16
"2018-10-08 21:06:05";16
"2018-10-08 21:16:00";16
"2018-10-08 21:16:04";16
"2018-10-08 21:26:00";16
"2018-10-08 21:26:04";16
"2018-10-08 21:36:00";16
"2018-10-08 21:36:04";16
"2018-10-08 21:46:00";16
"2018-10-08 21:46:04";16
"2018-10-08 21:56:00";17
"2018-10-08 22:06:00";17
"2018-10-08 22:06:06";17
"2018-10-08 22:16:00";17
"2018-10-08 22:16:06";17
"2018-10-08 22:26:00";16
"2018-10-08 22:26:06";16
"2018-10-08 22:36:00";16
"2018-10-08 22:36:05";16
"2018-10-08 22:46:00";16
"2018-10-08 22:46:05";16
"2018-10-08 22:56:00";16
"2018-10-08 23:06:00";16
"2018-10-08 23:06:05";16
"2018-10-08 23:16:00";16
"2018-10-08 23:16:06";16
"2018-10-08 23:26:00";16
"2018-10-08 23:26:04";16
"2018-10-08 23:36:00";16
"2018-10-08 23:36:05";16
"2018-10-08 23:46:00";16
"2018-10-08 23:46:05";16
"2018-10-08 23:56:00";17
"2018-10-09 00:06:00";17
"2018-10-09 00:06:06";17
"2018-10-09 00:16:00";17
"2018-10-09 00:16:06";17
"2018-10-09 00:26:00";17
"2018-10-09 00:26:05";17
"2018-10-09 00:36:00";17
"2018-10-09 00:36:05";17
"2018-10-09 00:46:00";17
"2018-10-09 00:46:07";17
"2018-10-09 00:56:00";17
"2018-10-09 01:06:00";17
"2018-10-09 01:06:05";17
"2018-10-09 01:16:00";17
"2018-10-09 01:16:05";17
"2018-10-09 01:26:00";18
"2018-10-09 01:26:05";18
"2018-10-09 01:36:00";18
"2018-10-09 01:36:05";18
"2018-10-09 01:46:00";18
"2018-10-09 01:46:05";18
"2018-10-09 01:56:00";18
"2018-10-09 02:06:00";17
"2018-10-09 02:06:05";17
"2018-10-09 02:16:00";18
"2018-10-09 02:16:05";18
"2018-10-09 02:26:00";18
"2018-10-09 02:26:05";18
"2018-10-09 02:36:00";18
"2018-10-09 02:36:04";18
"2018-10-09 02:46:00";18
"2018-10-09 02:46:05";18
"2018-10-09 02:56:00";16
"2018-10-09 02:56:05";16
"2018-10-09 03:06:00";16
"2018-10-09 03:16:00";16
"2018-10-09 03:16:04";16
"2018-10-09 03:26:00";17
"2018-10-09 03:26:05";17
"2018-10-09 03:36:00";17
"2018-10-09 03:36:39";17
"2018-10-09 03:46:00";17
"2018-10-09 03:46:04";17
"2018-10-09 03:56:00";17
"2018-10-09 03:56:05";17
"2018-10-09 04:06:00";17
"2018-10-09 04:16:00";17
"2018-10-09 04:16:04";17
"2018-10-09 04:26:00";17
"2018-10-09 04:26:04";17
"2018-10-09 04:36:00";17
"2018-10-09 04:36:04";17
"2018-10-09 04:46:00";17
"2018-10-09 04:46:05";17
"2018-10-09 04:56:00";17
"2018-10-09 04:56:04";17
"2018-10-09 05:06:00";17
"2018-10-09 05:06:05";17
"2018-10-09 05:16:00";17
"2018-10-09 05:26:00";16
"2018-10-09 05:26:04";16
"2018-10-09 05:36:00";16
"2018-10-09 05:36:04";16
"2018-10-09 05:46:00";16
"2018-10-09 05:46:05";16
"2018-10-09 05:56:00";15
"2018-10-09 05:56:05";15
"2018-10-09 06:06:00";15
"2018-10-09 06:06:04";15
"2018-10-09 06:16:00";15
"2018-10-09 06:16:04";15
"2018-10-09 06:26:00";16
"2018-10-09 06:36:00";16
"2018-10-09 06:36:04";16
"2018-10-09 06:46:00";16
"2018-10-09 06:46:04";16
"2018-10-09 06:56:00";16
"2018-10-09 06:56:05";16
"2018-10-09 07:06:00";16
"2018-10-09 07:06:05";16
"2018-10-09 07:16:00";16
"2018-10-09 07:16:05";16
"2018-10-09 07:26:00";15
"2018-10-09 07:36:00";15
"2018-10-09 07:36:05";15
"2018-10-09 07:46:00";15
"2018-10-09 07:46:05";15
"2018-10-09 07:56:00";16
"2018-10-09 07:56:05";16
"2018-10-09 08:06:00";16
"2018-10-09 08:06:05";16
"2018-10-09 08:16:00";16
"2018-10-09 08:16:05";16
"2018-10-09 08:26:00";16
"2018-10-09 08:26:05";16
"2018-10-09 08:36:00";16
"2018-10-09 08:46:00";16
"2018-10-09 08:46:04";16
"2018-10-09 08:56:00";16
"2018-10-09 08:56:04";16
"2018-10-09 09:06:00";16
"2018-10-09 09:06:05";16
"2018-10-09 09:16:00";16
"2018-10-09 09:16:05";16
"2018-10-09 09:26:00";16
"2018-10-09 09:26:05";16
"2018-10-09 09:36:00";16
"2018-10-09 09:36:05";16
"2018-10-09 09:46:00";16
"2018-10-09 09:56:00";17
"2018-10-09 09:56:05";17
"2018-10-09 10:06:00";17
"2018-10-09 10:06:09";17
"2018-10-09 10:16:00";17
"2018-10-09 10:16:04";17
"2018-10-09 10:26:00";16
"2018-10-09 10:26:06";16
"2018-10-09 10:36:00";16
"2018-10-09 10:36:04";16
"2018-10-09 10:46:00";16
"2018-10-09 10:56:00";17
"2018-10-09 10:56:05";17
"2018-10-09 11:06:00";17
"2018-10-09 11:06:04";17
"2018-10-09 11:16:00";17
"2018-10-09 11:16:05";17
"2018-10-09 11:26:00";14
"2018-10-09 11:26:05";14
"2018-10-09 11:36:00";14
"2018-10-09 11:36:07";14
"2018-10-09 11:46:00";14
"2018-10-09 11:56:00";14
"2018-10-09 11:56:07";14
"2018-10-09 12:06:00";14
"2018-10-09 12:06:08";14
"2018-10-09 12:16:00";14
"2018-10-09 12:16:06";14
"2018-10-09 12:26:00";14
"2018-10-09 12:26:05";14
"2018-10-09 12:36:00";14
"2018-10-09 12:36:05";14
"2018-10-09 12:46:00";14
"2018-10-09 12:56:00";14
"2018-10-09 12:56:05";14
"2018-10-09 13:06:00";14
"2018-10-09 13:06:04";14
"2018-10-09 13:16:00";14
"2018-10-09 13:16:04";14
"2018-10-09 13:26:00";15
"2018-10-09 13:26:04";15
"2018-10-09 13:36:00";15
"2018-10-09 13:36:05";15
"2018-10-09 13:46:00";15
"2018-10-09 13:46:05";15
"2018-10-09 13:56:00";15
"2018-10-09 14:06:00";15
"2018-10-09 14:06:04";15
"2018-10-09 14:16:00";15
"2018-10-09 14:16:05";15
"2018-10-09 14:26:00";15
"2018-10-09 14:26:04";15
"2018-10-09 14:36:00";15
"2018-10-09 14:36:05";15
"2018-10-09 14:46:00";15
"2018-10-09 14:46:05";15
"2018-10-09 14:56:00";15
"2018-10-09 15:06:00";15
"2018-10-09 15:06:04";15
"2018-10-09 15:16:00";15
"2018-10-09 15:16:05";15
"2018-10-09 15:26:00";16
"2018-10-09 15:26:05";16
"2018-10-09 15:36:00";16
"2018-10-09 15:36:05";16
"2018-10-09 15:46:00";16
"2018-10-09 15:56:00";15
"2018-10-09 15:56:05";15
"2018-10-09 16:06:00";15
"2018-10-09 16:06:05";15
"2018-10-09 16:16:00";15
"2018-10-09 16:16:04";15
"2018-10-09 16:26:00";16
"2018-10-09 16:26:04";16
"2018-10-09 16:36:00";16
"2018-10-09 16:36:05";16
"2018-10-09 16:46:00";16
"2018-10-09 16:46:05";16
"2018-10-09 16:56:00";17
"2018-10-09 17:06:00";17
"2018-10-09 17:06:04";17
"2018-10-09 17:16:00";17
"2018-10-09 17:16:04";17
"2018-10-09 17:26:00";18
"2018-10-09 17:26:05";18
"2018-10-09 17:36:00";18
"2018-10-09 17:36:05";18
"2018-10-09 17:46:00";18
"2018-10-09 17:56:00";19
"2018-10-09 17:56:05";19
"2018-10-09 18:06:00";19
"2018-10-09 18:06:05";19
"2018-10-09 18:16:00";19
"2018-10-09 18:16:05";19
"2018-10-09 18:26:00";18
"2018-10-09 18:26:04";18
"2018-10-09 18:36:00";18
"2018-10-09 18:36:04";18
"2018-10-09 18:46:00";18
"2018-10-09 18:56:00";16
"2018-10-09 18:56:05";16
"2018-10-09 19:06:00";16
"2018-10-09 19:06:05";16
"2018-10-09 19:16:00";16
"2018-10-09 19:16:04";16
"2018-10-09 19:26:00";16
"2018-10-09 19:26:05";16
"2018-10-09 19:36:00";16
"2018-10-09 19:36:05";16
"2018-10-09 19:46:00";16
"2018-10-09 19:56:00";17
"2018-10-09 19:56:04";17
"2018-10-09 20:06:00";17
"2018-10-09 20:06:05";17
"2018-10-09 20:16:00";17
"2018-10-09 20:16:04";17
"2018-10-09 20:26:00";17
"2018-10-09 20:26:05";17
"2018-10-09 20:36:00";17
"2018-10-09 20:46:00";17
"2018-10-09 20:46:05";17
"2018-10-09 20:56:00";17
"2018-10-09 20:56:05";17
"2018-10-09 21:06:00";17
"2018-10-09 21:06:05";17
"2018-10-09 21:16:00";17
"2018-10-09 21:16:05";17
"2018-10-09 21:26:00";16
"2018-10-09 21:36:00";16
"2018-10-09 21:36:05";16
"2018-10-09 21:46:00";16
"2018-10-09 21:46:05";16
"2018-10-09 21:56:00";17
"2018-10-09 21:56:05";17
"2018-10-09 22:06:00";17
"2018-10-09 22:06:06";17
"2018-10-09 22:16:00";17
"2018-10-09 22:26:00";17
"2018-10-09 22:26:05";17
"2018-10-09 22:36:00";17
"2018-10-09 22:36:05";17
"2018-10-09 22:46:00";17
"2018-10-09 22:46:05";17
"2018-10-09 22:56:00";16
"2018-10-09 22:56:04";16
"2018-10-09 23:06:00";16
"2018-10-09 23:06:05";16
"2018-10-09 23:16:00";16
"2018-10-09 23:26:00";17
"2018-10-09 23:26:05";17
"2018-10-09 23:36:00";17
"2018-10-09 23:36:05";17
"2018-10-09 23:46:00";17
"2018-10-09 23:56:00";18
"2018-10-09 23:56:05";18
"2018-10-10 00:06:00";18
"2018-10-10 00:06:06";18
"2018-10-10 00:16:00";18
"2018-10-10 00:16:05";18
"2018-10-10 00:26:00";18
"2018-10-10 00:26:05";18
"2018-10-10 00:36:00";18
"2018-10-10 00:36:05";18
"2018-10-10 00:46:00";18
"2018-10-10 00:56:00";17
"2018-10-10 00:56:05";17
"2018-10-10 01:06:00";17
"2018-10-10 01:06:05";17
"2018-10-10 01:16:00";17
"2018-10-10 01:16:06";17
"2018-10-10 01:26:00";17
"2018-10-10 01:26:05";17
"2018-10-10 01:36:00";17
"2018-10-10 01:36:05";17
"2018-10-10 01:46:00";17
"2018-10-10 01:56:00";17
"2018-10-10 01:56:05";17
"2018-10-10 02:06:00";17
"2018-10-10 02:06:05";17
"2018-10-10 02:16:00";17
"2018-10-10 02:16:04";17
"2018-10-10 02:26:00";17
"2018-10-10 02:26:05";17
"2018-10-10 02:36:00";17
"2018-10-10 02:36:04";17
"2018-10-10 02:46:00";17
"2018-10-10 02:46:05";17
"2018-10-10 02:56:00";17
"2018-10-10 03:06:00";17
"2018-10-10 03:06:05";17
"2018-10-10 03:16:00";17
"2018-10-10 03:16:04";17
"2018-10-10 03:26:00";17
"2018-10-10 03:26:04";17
"2018-10-10 03:36:00";17
"2018-10-10 03:36:05";17
"2018-10-10 03:46:00";17
"2018-10-10 03:46:04";17
"2018-10-10 03:56:00";19
"2018-10-10 03:56:05";19
"2018-10-10 04:06:00";19
"2018-10-10 04:16:00";19
"2018-10-10 04:16:05";19
"2018-10-10 04:26:00";16
"2018-10-10 04:26:05";16
"2018-10-10 04:36:00";16
"2018-10-10 04:36:05";16
"2018-10-10 04:46:00";16
"2018-10-10 04:46:05";16
"2018-10-10 04:56:00";18
"2018-10-10 04:56:05";18
"2018-10-10 05:06:00";18
"2018-10-10 05:16:00";18
"2018-10-10 05:16:05";18
"2018-10-10 05:26:00";17
"2018-10-10 05:26:04";17
"2018-10-10 05:36:00";17
"2018-10-10 05:36:05";17
"2018-10-10 05:46:00";17
"2018-10-10 05:46:05";17
"2018-10-10 05:56:00";20
"2018-10-10 05:56:04";20
"2018-10-10 06:06:00";20
"2018-10-10 06:06:04";20
"2018-10-10 06:16:00";20
"2018-10-10 06:26:00";19
"2018-10-10 06:26:04";19
"2018-10-10 06:36:00";19
"2018-10-10 06:36:05";19
"2018-10-10 06:46:00";19
"2018-10-10 06:46:05";19
"2018-10-10 06:56:00";19
"2018-10-10 06:56:04";19
"2018-10-10 07:06:00";19
"2018-10-10 07:06:04";19
"2018-10-10 07:16:00";19
"2018-10-10 07:26:00";18
"2018-10-10 07:26:04";18
"2018-10-10 07:36:00";18
"2018-10-10 07:36:05";18
"2018-10-10 07:46:00";18
"2018-10-10 07:46:05";18
"2018-10-10 07:56:00";19
"2018-10-10 07:56:05";19
"2018-10-10 08:06:00";19
"2018-10-10 08:06:05";19
"2018-10-10 08:16:00";19
"2018-10-10 08:16:05";19
"2018-10-10 08:26:00";19
"2018-10-10 08:36:00";19
"2018-10-10 08:36:04";19
"2018-10-10 08:46:00";19
"2018-10-10 08:46:05";19
"2018-10-10 08:56:00";19
"2018-10-10 08:56:05";19
"2018-10-10 09:06:00";19
"2018-10-10 09:06:05";19
"2018-10-10 09:16:00";19
"2018-10-10 09:16:04";19
"2018-10-10 09:26:00";20
"2018-10-10 09:36:00";20
"2018-10-10 09:36:05";20
"2018-10-10 09:46:00";20
"2018-10-10 09:46:05";20
"2018-10-10 09:56:00";19
"2018-10-10 09:56:04";19
"2018-10-10 10:06:00";19
"2018-10-10 10:06:05";19
"2018-10-10 10:16:00";19
"2018-10-10 10:16:05";19
"2018-10-10 10:26:00";21
"2018-10-10 10:36:00";21
"2018-10-10 10:36:06";21
"2018-10-10 10:46:00";21
"2018-10-10 10:46:04";21
"2018-10-10 10:56:00";20
"2018-10-10 10:56:05";20
"2018-10-10 11:06:00";20
"2018-10-10 11:06:05";20
"2018-10-10 11:16:00";20
"2018-10-10 11:16:04";20
"2018-10-10 11:26:00";21
"2018-10-10 11:36:00";21
"2018-10-10 11:36:05";21
"2018-10-10 11:46:00";21
"2018-10-10 11:46:06";21
"2018-10-10 11:56:00";22
"2018-10-10 11:56:05";22
"2018-10-10 12:06:00";22
"2018-10-10 12:06:06";22
"2018-10-10 12:16:00";22
"2018-10-10 12:16:05";22
"2018-10-10 12:26:00";22
"2018-10-10 12:36:00";22
"2018-10-10 12:36:05";22
"2018-10-10 12:46:00";22
"2018-10-10 12:46:05";22
"2018-10-10 12:56:00";23
"2018-10-10 12:56:05";23
"2018-10-10 13:06:00";23
"2018-10-10 13:06:05";23
"2018-10-10 13:16:00";23
"2018-10-10 13:16:04";23
"2018-10-10 13:26:00";22
"2018-10-10 13:36:00";22
"2018-10-10 13:36:05";22
"2018-10-10 13:46:00";22
"2018-10-10 13:46:05";22
"2018-10-10 13:56:00";23
"2018-10-10 13:56:05";23
"2018-10-10 14:06:00";23
"2018-10-10 14:06:05";23
"2018-10-10 14:16:00";23
"2018-10-10 14:16:05";23
"2018-10-10 14:26:00";23
"2018-10-10 14:36:00";23
"2018-10-10 14:36:05";23
"2018-10-10 14:46:00";23
"2018-10-10 14:46:04";23
"2018-10-10 14:56:00";23
"2018-10-10 14:56:05";23
"2018-10-10 15:06:00";23
"2018-10-10 15:06:05";23
"2018-10-10 15:16:00";23
"2018-10-10 15:16:05";23
"2018-10-10 15:26:00";23
"2018-10-10 15:36:00";23
"2018-10-10 15:36:05";23
"2018-10-10 15:46:00";23
"2018-10-10 15:46:04";23
"2018-10-10 15:56:00";23
"2018-10-10 15:56:05";23
"2018-10-10 16:06:00";23
"2018-10-10 16:06:05";23
"2018-10-10 16:16:00";23
"2018-10-10 16:16:05";23
"2018-10-10 16:26:00";23
"2018-10-10 16:36:00";23
"2018-10-10 16:36:05";23
"2018-10-10 16:46:00";24
"2018-10-10 16:46:05";24
"2018-10-10 16:56:00";24
"2018-10-10 16:56:05";24
"2018-10-10 17:06:00";24
"2018-10-10 17:06:05";24
"2018-10-10 17:16:00";24
"2018-10-10 17:16:05";24
"2018-10-10 17:26:00";26
"2018-10-10 17:36:00";26
"2018-10-10 17:36:04";26
"2018-10-10 17:46:00";26
"2018-10-10 17:46:05";26
"2018-10-10 17:56:00";25
"2018-10-10 17:56:05";25
"2018-10-10 18:06:00";25
"2018-10-10 18:06:05";25
"2018-10-10 18:16:00";25
"2018-10-10 18:16:04";25
"2018-10-10 18:26:00";25
"2018-10-10 18:36:00";25
"2018-10-10 18:36:04";25
"2018-10-10 18:46:00";25
"2018-10-10 18:46:05";25
"2018-10-10 18:56:00";24
"2018-10-10 18:56:05";24
"2018-10-10 19:06:00";24
"2018-10-10 19:06:05";24
"2018-10-10 19:16:00";24
"2018-10-10 19:16:05";24
"2018-10-10 19:26:00";26
"2018-10-10 19:36:00";26
"2018-10-10 19:36:05";26
"2018-10-10 19:46:00";26
"2018-10-10 19:46:05";26
"2018-10-10 19:56:00";25
"2018-10-10 19:56:05";25
"2018-10-10 20:06:00";25
"2018-10-10 20:06:06";25
"2018-10-10 20:16:00";25
"2018-10-10 20:26:00";25
"2018-10-10 20:26:05";25
"2018-10-10 20:36:00";25
"2018-10-10 20:36:05";25
"2018-10-10 20:46:00";25
"2018-10-10 20:46:05";25
"2018-10-10 20:56:00";26
"2018-10-10 20:56:04";26
"2018-10-10 21:06:00";26
"2018-10-10 21:06:05";26
"2018-10-10 21:16:00";26
"2018-10-10 21:16:04";26
"2018-10-10 21:26:00";26
"2018-10-10 21:36:00";26
"2018-10-10 21:36:05";26
"2018-10-10 21:46:00";25
"2018-10-10 21:46:05";25
"2018-10-10 21:56:00";25
"2018-10-10 21:56:05";25
"2018-10-10 22:06:00";25
"2018-10-10 22:06:06";25
"2018-10-10 22:16:00";25
"2018-10-10 22:16:06";25
"2018-10-10 22:26:00";25
"2018-10-10 22:36:00";25
"2018-10-10 22:36:05";25
"2018-10-10 22:46:00";25
"2018-10-10 22:46:05";25
"2018-10-10 22:56:00";24
"2018-10-10 22:56:04";24
"2018-10-10 23:06:00";24
"2018-10-10 23:06:04";24
"2018-10-10 23:16:00";24
"2018-10-10 23:16:04";24
"2018-10-10 23:26:00";25
"2018-10-10 23:36:00";25
"2018-10-10 23:36:06";25
"2018-10-10 23:46:00";25
"2018-10-10 23:46:06";25
"2018-10-10 23:56:00";27
"2018-10-10 23:56:06";27
"2018-10-11 00:06:00";27
"2018-10-11 00:06:06";27
"2018-10-11 00:16:00";27
"2018-10-11 00:16:06";27
"2018-10-11 00:26:00";26
"2018-10-11 00:26:04";26
"2018-10-11 00:36:00";26
"2018-10-11 00:46:00";26
"2018-10-11 00:46:06";26
"2018-10-11 00:56:00";29
"2018-10-11 00:56:05";29
"2018-10-11 01:06:00";29
"2018-10-11 01:06:05";29
"2018-10-11 01:16:00";29
"2018-10-11 01:16:05";29
"2018-10-11 01:26:00";29
"2018-10-11 01:26:05";29
"2018-10-11 01:36:00";29
"2018-10-11 01:46:00";29
"2018-10-11 01:46:05";29
"2018-10-11 01:56:00";36
"2018-10-11 01:56:05";36
"2018-10-11 02:06:00";36
"2018-10-11 02:06:05";36
"2018-10-11 02:16:00";36
"2018-10-11 02:16:05";36
"2018-10-11 02:26:00";45
"2018-10-11 02:26:05";45
"2018-10-11 02:36:00";45
"2018-10-11 02:46:00";45
"2018-10-11 02:46:04";45
"2018-10-11 02:56:00";52
"2018-10-11 02:56:05";52
"2018-10-11 03:06:00";52
"2018-10-11 03:06:05";52
"2018-10-11 03:16:00";52
"2018-10-11 03:16:04";52
"2018-10-11 03:26:00";57
"2018-10-11 03:36:00";57
"2018-10-11 03:36:05";57
"2018-10-11 03:46:00";57
"2018-10-11 03:46:05";57
"2018-10-11 03:56:00";58
"2018-10-11 03:56:05";58
"2018-10-11 04:06:00";58
"2018-10-11 04:06:04";58
"2018-10-11 04:16:00";58
"2018-10-11 04:16:05";58
"2018-10-11 04:26:00";63
"2018-10-11 04:26:05";63
"2018-10-11 04:36:00";63
"2018-10-11 04:46:00";63
"2018-10-11 04:46:05";63
"2018-10-11 04:56:00";66
"2018-10-11 04:56:05";66
"2018-10-11 05:06:00";66
"2018-10-11 05:06:04";66
"2018-10-11 05:16:00";66
"2018-10-11 05:16:04";66
"2018-10-11 05:26:00";74
"2018-10-11 05:26:04";74
"2018-10-11 05:36:00";74
"2018-10-11 05:36:04";74
"2018-10-11 05:46:00";74
"2018-10-11 05:56:00";78
"2018-10-11 05:56:04";78
"2018-10-11 06:06:00";78
"2018-10-11 06:06:04";78
"2018-10-11 06:16:00";78
"2018-10-11 06:16:04";78
"2018-10-11 06:26:00";80
"2018-10-11 06:26:05";80
"2018-10-11 06:36:00";80
"2018-10-11 06:36:04";80
"2018-10-11 06:46:00";80
"2018-10-11 06:56:00";80
"2018-10-11 06:56:05";80
"2018-10-11 07:06:00";80
"2018-10-11 07:06:04";80
"2018-10-11 07:16:00";80
"2018-10-11 07:16:05";80
"2018-10-11 07:26:00";81
"2018-10-11 07:26:05";81
"2018-10-11 07:36:00";81
"2018-10-11 07:36:05";81
"2018-10-11 07:46:00";81
"2018-10-11 07:46:06";81
"2018-10-11 07:56:00";80
"2018-10-11 08:06:00";80
"2018-10-11 08:06:04";80
"2018-10-11 08:16:00";80
"2018-10-11 08:16:05";80
"2018-10-11 08:26:00";82
"2018-10-11 08:26:05";82
"2018-10-11 08:36:00";82
"2018-10-11 08:36:04";82
"2018-10-11 08:46:00";82
"2018-10-11 08:46:05";82
"2018-10-11 08:56:00";85
"2018-10-11 09:06:00";85
"2018-10-11 09:06:05";85
"2018-10-11 09:16:00";85
"2018-10-11 09:16:04";85
"2018-10-11 09:26:00";85
"2018-10-11 09:26:05";85
"2018-10-11 09:36:00";85
"2018-10-11 09:36:05";85
"2018-10-11 09:46:00";85
"2018-10-11 09:46:05";85
"2018-10-11 09:56:00";85
"2018-10-11 10:06:00";85
"2018-10-11 10:06:05";85
"2018-10-11 10:16:00";85
"2018-10-11 10:16:05";85
"2018-10-11 10:26:00";85
"2018-10-11 10:26:05";85
"2018-10-11 10:36:00";85
"2018-10-11 10:36:04";85
"2018-10-11 10:46:00";85
"2018-10-11 10:46:05";85
"2018-10-11 10:56:00";86
"2018-10-11 11:06:00";86
"2018-10-11 11:06:04";86
"2018-10-11 11:16:00";86
"2018-10-11 11:16:05";86
"2018-10-11 11:26:00";86
"2018-10-11 11:26:05";86
"2018-10-11 11:36:00";86
"2018-10-11 11:36:05";86
"2018-10-11 11:46:00";86
"2018-10-11 11:46:05";86
"2018-10-11 11:56:00";87
"2018-10-11 11:56:04";87
"2018-10-11 12:06:00";87
"2018-10-11 12:16:00";87
"2018-10-11 12:16:05";87
"2018-10-11 12:26:00";88
"2018-10-11 12:26:04";88
"2018-10-11 12:36:00";88
"2018-10-11 12:36:05";88
"2018-10-11 12:46:00";88
"2018-10-11 12:46:05";88
"2018-10-11 12:56:00";88
"2018-10-11 13:06:00";88
"2018-10-11 13:06:05";88
"2018-10-11 13:16:00";88
"2018-10-11 13:16:04";88
"2018-10-11 13:26:00";87
"2018-10-11 13:26:05";87
"2018-10-11 13:36:00";87
"2018-10-11 13:36:04";87
"2018-10-11 13:46:00";87
"2018-10-11 13:46:05";87
"2018-10-11 13:56:00";89
"2018-10-11 14:06:00";89
"2018-10-11 14:06:05";89
"2018-10-11 14:16:00";89
"2018-10-11 14:16:05";89
"2018-10-11 14:26:00";88
"2018-10-11 14:26:05";88
"2018-10-11 14:36:00";88
"2018-10-11 14:36:05";88
"2018-10-11 14:46:00";88
"2018-10-11 14:46:05";88
"2018-10-11 14:56:00";89
"2018-10-11 15:06:00";89
"2018-10-11 15:06:05";89
"2018-10-11 15:16:00";89
"2018-10-11 15:16:05";89
"2018-10-11 15:26:00";86
"2018-10-11 15:26:05";86
"2018-10-11 15:36:00";86
"2018-10-11 15:36:05";86
"2018-10-11 15:46:00";86
"2018-10-11 15:46:05";86
"2018-10-11 15:56:00";88
"2018-10-11 16:06:00";88
"2018-10-11 16:06:05";88
"2018-10-11 16:16:00";88
"2018-10-11 16:16:05";88
"2018-10-11 16:26:00";86
"2018-10-11 16:26:05";86
"2018-10-11 16:36:00";86
"2018-10-11 16:36:05";86
"2018-10-11 16:46:00";86
"2018-10-11 16:46:04";86
"2018-10-11 16:56:00";85
"2018-10-11 17:06:00";85
"2018-10-11 17:06:04";85
"2018-10-11 17:16:00";85
"2018-10-11 17:16:05";85
"2018-10-11 17:26:00";84
"2018-10-11 17:26:04";84
"2018-10-11 17:36:00";84
"2018-10-11 17:36:04";84
"2018-10-11 17:46:00";84
"2018-10-11 17:46:06";84
"2018-10-11 17:56:00";81
"2018-10-11 18:06:00";81
"2018-10-11 18:06:05";81
"2018-10-11 18:16:00";81
"2018-10-11 18:16:04";81
"2018-10-11 18:26:00";78
"2018-10-11 18:26:05";78
"2018-10-11 18:36:00";78
"2018-10-11 18:36:05";78
"2018-10-11 18:46:00";78
"2018-10-11 18:46:06";78
"2018-10-11 18:56:00";77
"2018-10-11 19:06:00";77
"2018-10-11 19:06:05";77
"2018-10-11 19:16:00";77
"2018-10-11 19:16:05";77
"2018-10-11 19:26:00";76
"2018-10-11 19:26:04";76
"2018-10-11 19:36:00";76
"2018-10-11 19:36:05";76
"2018-10-11 19:46:00";76
"2018-10-11 19:46:04";76
"2018-10-11 19:56:00";74
"2018-10-11 20:06:00";74
"2018-10-11 20:06:04";74
"2018-10-11 20:16:00";74
"2018-10-11 20:16:04";74
"2018-10-11 20:26:00";72
"2018-10-11 20:26:04";72
"2018-10-11 20:36:00";72
"2018-10-11 20:36:04";72
"2018-10-11 20:46:00";72
"2018-10-11 20:46:05";72
"2018-10-11 20:56:00";71
"2018-10-11 21:06:00";71
"2018-10-11 21:06:05";71
"2018-10-11 21:16:00";71
"2018-10-11 21:16:04";71
"2018-10-11 21:26:00";69
"2018-10-11 21:26:05";69
"2018-10-11 21:36:00";69
"2018-10-11 21:36:05";69
"2018-10-11 21:46:00";69
"2018-10-11 21:46:05";69
"2018-10-11 21:56:00";69
"2018-10-11 22:06:00";69
"2018-10-11 22:06:06";69
"2018-10-11 22:16:00";69
"2018-10-11 22:16:08";69
"2018-10-11 22:26:00";67
"2018-10-11 22:26:05";67
"2018-10-11 22:36:00";67
"2018-10-11 22:36:05";67
"2018-10-11 22:46:00";67
"2018-10-11 22:46:04";67
"2018-10-11 22:56:00";66
"2018-10-11 23:06:00";66
"2018-10-11 23:06:04";66
"2018-10-11 23:16:00";66
"2018-10-11 23:16:05";66
"2018-10-11 23:26:00";65
"2018-10-11 23:26:05";65
"2018-10-11 23:36:00";65
"2018-10-11 23:36:06";65
"2018-10-11 23:46:00";65
"2018-10-11 23:46:05";65
"2018-10-11 23:56:00";62
"2018-10-12 00:06:00";62
"2018-10-12 00:06:06";62
"2018-10-12 00:16:00";62
"2018-10-12 00:16:05";62
"2018-10-12 00:26:00";64
"2018-10-12 00:26:05";64
"2018-10-12 00:36:00";64
"2018-10-12 00:36:05";64
"2018-10-12 00:46:00";64
"2018-10-12 00:56:00";60
"2018-10-12 01:06:00";60
"2018-10-12 01:06:05";60
"2018-10-12 01:16:00";60
"2018-10-12 01:16:05";60
"2018-10-12 01:26:00";58
"2018-10-12 01:26:05";58
"2018-10-12 01:36:00";58
"2018-10-12 01:36:04";58
"2018-10-12 01:46:00";58
"2018-10-12 01:56:00";57
"2018-10-12 01:56:05";57
"2018-10-12 02:06:00";57
"2018-10-12 02:06:04";57
"2018-10-12 02:16:00";57
"2018-10-12 02:16:05";57
"2018-10-12 02:26:00";61
"2018-10-12 02:26:05";61
"2018-10-12 02:36:00";61
"2018-10-12 02:36:04";61
"2018-10-12 02:46:00";61
"2018-10-12 02:56:00";60
"2018-10-12 02:56:05";60
"2018-10-12 03:06:00";60
"2018-10-12 03:06:05";60
"2018-10-12 03:16:00";60
"2018-10-12 03:16:05";60
"2018-10-12 03:26:00";59
"2018-10-12 03:26:05";58
"2018-10-12 03:36:00";59
"2018-10-12 03:36:05";58
"2018-10-12 03:46:00";59
"2018-10-12 03:56:00";56
"2018-10-12 03:56:05";56
"2018-10-12 04:06:00";56
"2018-10-12 04:06:05";56
"2018-10-12 04:16:00";56
"2018-10-12 04:16:05";56
"2018-10-12 04:26:00";56
"2018-10-12 04:26:05";56
"2018-10-12 04:36:00";56
"2018-10-12 04:36:05";56
"2018-10-12 04:46:00";56
"2018-10-12 04:56:00";55
"2018-10-12 04:56:05";55
"2018-10-12 05:06:00";55
"2018-10-12 05:06:05";55
"2018-10-12 05:16:00";55
"2018-10-12 05:16:06";55
"2018-10-12 05:26:00";54
"2018-10-12 05:26:04";54
"2018-10-12 05:36:00";54
"2018-10-12 05:36:04";54
"2018-10-12 05:46:00";54
"2018-10-12 05:56:00";55
"2018-10-12 05:56:05";55
"2018-10-12 06:06:00";55
"2018-10-12 06:06:05";55
"2018-10-12 06:16:00";55
"2018-10-12 06:16:05";55
"2018-10-12 06:26:00";52
"2018-10-12 06:26:04";52
"2018-10-12 06:36:00";52
"2018-10-12 06:36:04";52
"2018-10-12 06:46:00";52
"2018-10-12 06:46:05";52
"2018-10-12 06:56:00";54
"2018-10-12 07:06:00";54
"2018-10-12 07:06:05";54
"2018-10-12 07:16:00";54
"2018-10-12 07:16:05";54
"2018-10-12 07:26:00";52
"2018-10-12 07:26:05";52
"2018-10-12 07:36:00";52
"2018-10-12 07:36:04";52
"2018-10-12 07:46:00";52
"2018-10-12 07:46:05";52
"2018-10-12 07:56:00";52
"2018-10-12 08:06:00";52
"2018-10-12 08:06:04";52
"2018-10-12 08:16:00";52
"2018-10-12 08:16:05";52
"2018-10-12 08:26:00";52
"2018-10-12 08:26:05";52
"2018-10-12 08:36:00";52
"2018-10-12 08:36:04";52
"2018-10-12 08:46:00";52
"2018-10-12 08:46:04";52
"2018-10-12 08:56:00";51
"2018-10-12 09:06:00";51
"2018-10-12 09:06:05";51
"2018-10-12 09:16:00";51
"2018-10-12 09:16:04";51
"2018-10-12 09:26:00";50
"2018-10-12 09:26:05";50
"2018-10-12 09:36:00";50
"2018-10-12 09:36:05";50
"2018-10-12 09:46:00";50
"2018-10-12 09:46:04";50
"2018-10-12 09:56:00";53
"2018-10-12 10:06:00";53
"2018-10-12 10:06:05";52
"2018-10-12 10:16:00";53
"2018-10-12 10:16:04";52
"2018-10-12 10:26:00";51
"2018-10-12 10:26:04";51
"2018-10-12 10:36:00";51
"2018-10-12 10:36:05";51
"2018-10-12 10:46:00";51
"2018-10-12 10:46:05";51
"2018-10-12 10:56:00";51
"2018-10-12 11:06:00";51
"2018-10-12 11:06:05";51
"2018-10-12 11:16:00";51
"2018-10-12 11:16:05";51
"2018-10-12 11:26:00";48
"2018-10-12 11:26:04";48
"2018-10-12 11:36:00";48
"2018-10-12 11:36:04";48
"2018-10-12 11:46:00";48
"2018-10-12 11:46:05";48
"2018-10-12 11:56:00";44
"2018-10-12 12:06:00";44
"2018-10-12 12:06:04";44
"2018-10-12 12:16:00";44
"2018-10-12 12:16:04";44
"2018-10-12 12:26:00";46
"2018-10-12 12:26:04";46
"2018-10-12 12:36:00";46
"2018-10-12 12:36:05";46
"2018-10-12 12:46:00";46
"2018-10-12 12:46:05";46
"2018-10-12 12:56:00";43
"2018-10-12 13:06:00";43
"2018-10-12 13:06:04";43
"2018-10-12 13:16:00";43
"2018-10-12 13:16:04";43
"2018-10-12 13:26:00";46
"2018-10-12 13:26:05";46
"2018-10-12 13:36:00";46
"2018-10-12 13:36:05";46
"2018-10-12 13:46:00";46
"2018-10-12 13:46:05";46
"2018-10-12 13:56:00";45
"2018-10-12 14:06:00";45
"2018-10-12 14:06:05";45
"2018-10-12 14:16:00";45
"2018-10-12 14:16:04";45
"2018-10-12 14:26:00";46
"2018-10-12 14:26:05";46
"2018-10-12 14:36:00";46
"2018-10-12 14:36:04";46
"2018-10-12 14:46:00";46
"2018-10-12 14:46:05";46
"2018-10-12 14:56:00";42
"2018-10-12 15:06:00";42
"2018-10-12 15:06:05";42
"2018-10-12 15:16:00";42
"2018-10-12 15:16:04";42
"2018-10-12 15:26:00";42
"2018-10-12 15:26:04";42
"2018-10-12 15:36:00";42
"2018-10-12 15:36:05";42
"2018-10-12 15:46:00";42
"2018-10-12 15:56:00";44
"2018-10-12 15:56:04";44
"2018-10-12 16:06:00";44
"2018-10-12 16:06:04";44
"2018-10-12 16:16:00";44
"2018-10-12 16:16:05";44
"2018-10-12 16:26:00";43
"2018-10-12 16:26:04";43
"2018-10-12 16:36:00";43
"2018-10-12 16:36:05";43
"2018-10-12 16:46:00";43
"2018-10-12 16:56:00";43
"2018-10-12 16:56:05";43
"2018-10-12 17:06:00";43
"2018-10-12 17:06:04";43
"2018-10-12 17:16:00";43
"2018-10-12 17:16:05";43
"2018-10-12 17:26:00";40
"2018-10-12 17:26:04";40
"2018-10-12 17:36:00";40
"2018-10-12 17:46:00";40
"2018-10-12 17:46:05";40
"2018-10-12 17:56:00";42
"2018-10-12 17:56:05";42
"2018-10-12 18:06:00";42
"2018-10-12 18:06:05";42
"2018-10-12 18:16:00";42
"2018-10-12 18:16:05";42
"2018-10-12 18:26:00";45
"2018-10-12 18:26:05";45
"2018-10-12 18:36:00";45
"2018-10-12 18:46:00";45
"2018-10-12 18:46:04";45
"2018-10-12 18:56:00";43
"2018-10-12 18:56:05";43
"2018-10-12 19:06:00";43
"2018-10-12 19:06:05";43
"2018-10-12 19:16:00";43
"2018-10-12 19:16:05";43
"2018-10-12 19:26:00";45
"2018-10-12 19:26:05";45
"2018-10-12 19:36:00";45
"2018-10-12 19:46:00";45
"2018-10-12 19:46:04";45
"2018-10-12 19:56:00";47
"2018-10-12 19:56:05";47
"2018-10-12 20:06:00";47
"2018-10-12 20:06:05";47
"2018-10-12 20:16:00";47
"2018-10-12 20:16:04";47
"2018-10-12 20:26:00";48
"2018-10-12 20:36:00";48
"2018-10-12 20:36:05";48
"2018-10-12 20:46:00";48
"2018-10-12 20:46:04";48
"2018-10-12 20:56:00";49
"2018-10-12 20:56:05";49
"2018-10-12 21:06:00";49
"2018-10-12 21:06:05";49
"2018-10-12 21:16:00";49
"2018-10-12 21:16:05";49
"2018-10-12 21:26:00";49
"2018-10-12 21:36:00";49
"2018-10-12 21:36:04";49
"2018-10-12 21:46:00";49
"2018-10-12 21:46:05";49
"2018-10-12 21:56:00";48
"2018-10-12 21:56:05";48
"2018-10-12 22:06:00";48
"2018-10-12 22:06:06";48
"2018-10-12 22:16:00";48
"2018-10-12 22:16:06";48
"2018-10-12 22:26:00";48
"2018-10-12 22:36:00";48
"2018-10-12 22:36:05";48
"2018-10-12 22:46:00";48
"2018-10-12 22:46:05";48
"2018-10-12 22:56:00";49
"2018-10-12 22:56:05";49
"2018-10-12 23:06:00";49
"2018-10-12 23:06:04";49
"2018-10-12 23:16:00";49
"2018-10-12 23:26:00";47
"2018-10-12 23:26:05";47
"2018-10-12 23:36:00";47
"2018-10-12 23:36:05";47
"2018-10-12 23:46:00";47
"2018-10-12 23:46:05";47
"2018-10-12 23:56:00";48
"2018-10-12 23:56:06";48
"2018-10-13 00:06:00";48
"2018-10-13 00:16:00";48
"2018-10-13 00:16:05";48
"2018-10-13 00:26:00";46
"2018-10-13 00:26:04";46
"2018-10-13 00:36:00";46
"2018-10-13 00:36:05";46
"2018-10-13 00:46:00";46
"2018-10-13 00:46:05";46
"2018-10-13 00:56:00";43
"2018-10-13 00:56:05";43
"2018-10-13 01:06:00";43
"2018-10-13 01:06:05";43
"2018-10-13 01:16:00";43
"2018-10-13 01:26:00";45
"2018-10-13 01:26:05";45
"2018-10-13 01:36:00";45
"2018-10-13 01:36:05";45
"2018-10-13 01:46:00";45
"2018-10-13 01:46:05";45
"2018-10-13 01:56:00";43
"2018-10-13 01:56:05";43
"2018-10-13 02:06:00";43
"2018-10-13 02:16:00";43
"2018-10-13 02:16:05";43
"2018-10-13 02:26:00";45
"2018-10-13 02:26:04";45
"2018-10-13 02:36:00";45
"2018-10-13 02:36:05";45
"2018-10-13 02:46:00";45
"2018-10-13 02:46:05";45
"2018-10-13 02:56:00";44
"2018-10-13 02:56:04";44
"2018-10-13 03:06:00";44
"2018-10-13 03:16:00";44
"2018-10-13 03:16:04";44
"2018-10-13 03:26:00";43
"2018-10-13 03:26:04";43
"2018-10-13 03:36:00";43
"2018-10-13 03:36:04";43
"2018-10-13 03:46:00";43
"2018-10-13 03:46:05";43
"2018-10-13 03:56:00";45
"2018-10-13 03:56:04";45
"2018-10-13 04:06:00";45
"2018-10-13 04:16:00";45
"2018-10-13 04:16:05";45
"2018-10-13 04:26:00";43
"2018-10-13 04:26:05";43
"2018-10-13 04:36:00";43
"2018-10-13 04:36:04";43
"2018-10-13 04:46:00";43
"2018-10-13 04:46:05";43
"2018-10-13 04:56:00";43
"2018-10-13 04:56:05";43
"2018-10-13 05:06:00";43
"2018-10-13 05:16:00";43
"2018-10-13 05:16:04";43
"2018-10-13 05:26:00";44
"2018-10-13 05:26:05";44
"2018-10-13 05:36:00";44
"2018-10-13 05:36:04";44
"2018-10-13 05:46:00";44
"2018-10-13 05:46:04";44
"2018-10-13 05:56:00";42
"2018-10-13 05:56:04";42
"2018-10-13 06:06:00";42
"2018-10-13 06:06:04";42
"2018-10-13 06:16:00";42
"2018-10-13 06:26:00";42
"2018-10-13 06:26:05";42
"2018-10-13 06:36:00";42
"2018-10-13 06:36:04";42
"2018-10-13 06:46:00";42
"2018-10-13 06:46:04";42
"2018-10-13 06:56:00";42
"2018-10-13 06:56:05";42
"2018-10-13 07:06:00";42
"2018-10-13 07:06:04";42
"2018-10-13 07:16:00";42
"2018-10-13 07:26:00";39
"2018-10-13 07:26:05";39
"2018-10-13 07:36:00";39
"2018-10-13 07:36:04";39
"2018-10-13 07:46:00";39
"2018-10-13 07:46:05";39
"2018-10-13 07:56:00";41
"2018-10-13 07:56:04";41
"2018-10-13 08:06:00";41
"2018-10-13 08:06:05";41
"2018-10-13 08:16:00";41
"2018-10-13 08:26:00";41
"2018-10-13 08:26:05";41
"2018-10-13 08:36:00";41
"2018-10-13 08:36:05";41
"2018-10-13 08:46:00";41
"2018-10-13 08:46:05";41
"2018-10-13 08:56:00";40
"2018-10-13 08:56:04";40
"2018-10-13 09:06:00";40
"2018-10-13 09:06:04";40
"2018-10-13 09:16:00";40
"2018-10-13 09:26:00";40
"2018-10-13 09:26:04";40
"2018-10-13 09:36:00";40
"2018-10-13 09:36:05";40
"2018-10-13 09:46:00";40
"2018-10-13 09:46:05";40
"2018-10-13 09:56:00";41
"2018-10-13 09:56:05";41
"2018-10-13 10:06:00";41
"2018-10-13 10:06:04";41
"2018-10-13 10:16:00";41
"2018-10-13 10:26:00";43
"2018-10-13 10:26:04";43
"2018-10-13 10:36:00";43
"2018-10-13 10:36:04";43
"2018-10-13 10:46:00";43
"2018-10-13 10:46:04";43
"2018-10-13 10:56:00";41
"2018-10-13 10:56:05";41
"2018-10-13 11:06:00";41
"2018-10-13 11:06:05";41
"2018-10-13 11:16:00";41
"2018-10-13 11:26:00";38
"2018-10-13 11:26:05";38
"2018-10-13 11:36:00";38
"2018-10-13 11:36:04";38
"2018-10-13 11:46:00";38
"2018-10-13 11:46:05";38
"2018-10-13 11:56:00";35
"2018-10-13 11:56:05";35
"2018-10-13 12:06:00";35
"2018-10-13 12:06:04";35
"2018-10-13 12:16:00";35
"2018-10-13 12:26:00";37
"2018-10-13 12:26:05";37
"2018-10-13 12:36:00";37
"2018-10-13 12:36:04";37
"2018-10-13 12:46:00";37
"2018-10-13 12:46:04";37
"2018-10-13 12:56:00";38
"2018-10-13 12:56:05";38
"2018-10-13 13:06:00";38
"2018-10-13 13:06:04";38
"2018-10-13 13:16:00";38
"2018-10-13 13:26:00";37
"2018-10-13 13:26:05";37
"2018-10-13 13:36:00";37
"2018-10-13 13:36:05";37
"2018-10-13 13:46:00";37
"2018-10-13 13:46:05";37
"2018-10-13 13:56:00";37
"2018-10-13 13:56:05";37
"2018-10-13 14:06:00";37
"2018-10-13 14:06:04";37
"2018-10-13 14:16:00";37
"2018-10-13 14:26:00";37
"2018-10-13 14:26:04";37
"2018-10-13 14:36:00";37
"2018-10-13 14:36:05";37
"2018-10-13 14:46:00";37
"2018-10-13 14:46:05";37
"2018-10-13 14:56:00";38
"2018-10-13 14:56:04";38
"2018-10-13 15:06:00";38
"2018-10-13 15:16:00";38
"2018-10-13 15:16:04";38
"2018-10-13 15:26:00";38
"2018-10-13 15:26:04";38
"2018-10-13 15:36:00";38
"2018-10-13 15:36:05";38
"2018-10-13 15:46:00";38
"2018-10-13 15:46:05";38
"2018-10-13 15:56:00";38
"2018-10-13 15:56:05";38
"2018-10-13 16:06:00";38
"2018-10-13 16:16:00";38
"2018-10-13 16:16:05";38
"2018-10-13 16:26:00";38
"2018-10-13 16:26:05";38
"2018-10-13 16:36:00";38
"2018-10-13 16:36:04";38
"2018-10-13 16:46:00";38
"2018-10-13 16:46:05";38
"2018-10-13 16:56:00";39
"2018-10-13 16:56:04";39
"2018-10-13 17:06:00";39
"2018-10-13 17:16:00";39
"2018-10-13 17:16:05";39
"2018-10-13 17:26:00";38
"2018-10-13 17:26:05";38
"2018-10-13 17:36:00";38
"2018-10-13 17:36:05";38
"2018-10-13 17:46:00";38
"2018-10-13 17:46:04";38
"2018-10-13 17:56:00";40
"2018-10-13 17:56:05";40
"2018-10-13 18:06:00";40
"2018-10-13 18:16:00";40
"2018-10-13 18:16:05";40
"2018-10-13 18:26:00";38
"2018-10-13 18:26:05";38
"2018-10-13 18:36:00";38
"2018-10-13 18:36:05";38
"2018-10-13 18:46:00";38
"2018-10-13 18:46:04";38
"2018-10-13 18:56:00";40
"2018-10-13 19:06:00";40
"2018-10-13 19:06:04";40
"2018-10-13 19:16:00";40
"2018-10-13 19:16:05";40
"2018-10-13 19:26:00";38
"2018-10-13 19:26:05";38
"2018-10-13 19:36:00";38
"2018-10-13 19:36:04";38
"2018-10-13 19:46:00";38
"2018-10-13 19:46:05";38
"2018-10-13 19:56:00";37
"2018-10-13 20:06:00";37
"2018-10-13 20:06:05";37
"2018-10-13 20:16:00";37
"2018-10-13 20:16:05";37
"2018-10-13 20:26:00";35
"2018-10-13 20:26:04";35
"2018-10-13 20:36:00";35
"2018-10-13 20:36:05";35
"2018-10-13 20:46:00";35
"2018-10-13 20:56:00";38
"2018-10-13 20:56:04";38
"2018-10-13 21:06:00";38
"2018-10-13 21:06:05";38
"2018-10-13 21:16:00";38
"2018-10-13 21:16:05";38
"2018-10-13 21:26:00";39
"2018-10-13 21:26:05";39
"2018-10-13 21:36:00";39
"2018-10-13 21:36:05";39
"2018-10-13 21:46:00";39
"2018-10-13 21:56:00";39
"2018-10-13 21:56:05";39
"2018-10-13 22:06:00";39
"2018-10-13 22:06:05";39
"2018-10-13 22:16:00";39
"2018-10-13 22:16:06";39
"2018-10-13 22:26:00";39
"2018-10-13 22:26:06";39
"2018-10-13 22:36:00";39
"2018-10-13 22:46:00";39
"2018-10-13 22:46:04";39
"2018-10-13 22:56:00";39
"2018-10-13 22:56:05";39
"2018-10-13 23:06:00";39
"2018-10-13 23:06:04";39
"2018-10-13 23:16:00";39
"2018-10-13 23:16:05";39
"2018-10-13 23:26:00";39
"2018-10-13 23:26:05";39
"2018-10-14 00:36:00";38
"2018-10-14 00:46:00";38
"2018-10-14 00:46:06";38
"2018-10-14 00:56:00";38
"2018-10-14 00:56:05";38
"2018-10-14 01:06:00";38
"2018-10-14 01:06:05";38
"2018-10-14 01:16:00";38
"2018-10-14 01:16:05";38
"2018-10-14 01:26:00";37
"2018-10-14 01:26:05";37
"2018-10-14 01:36:00";37
"2018-10-14 01:46:00";37
"2018-10-14 01:46:05";37
"2018-10-14 01:56:00";36
"2018-10-14 01:56:05";36
"2018-10-14 02:06:00";36
"2018-10-14 02:06:04";36
"2018-10-14 02:16:00";36
"2018-10-14 02:16:07";36
"2018-10-14 02:26:00";36
"2018-10-14 02:26:04";36
"2018-10-14 02:36:00";36
"2018-10-14 02:46:00";36
"2018-10-14 02:46:05";36
"2018-10-14 02:56:00";36
"2018-10-14 02:56:04";36
"2018-10-14 03:06:00";36
"2018-10-14 03:06:05";36
"2018-10-14 03:16:00";36
"2018-10-14 03:16:04";36
"2018-10-14 03:26:00";36
"2018-10-14 03:26:05";36
"2018-10-14 03:36:00";36
"2018-10-14 03:46:00";36
"2018-10-14 03:46:05";36
"2018-10-14 03:56:00";35
"2018-10-14 03:56:05";35
"2018-10-14 04:06:00";35
"2018-10-14 04:06:05";35
"2018-10-14 04:16:00";35
"2018-10-14 04:16:04";35
"2018-10-14 04:26:00";35
"2018-10-14 04:26:04";35
"2018-10-14 04:36:00";35
"2018-10-14 04:46:00";35
"2018-10-14 04:46:05";35
"2018-10-14 04:56:00";36
"2018-10-14 04:56:05";36
"2018-10-14 05:06:00";36
"2018-10-14 05:06:05";36
"2018-10-14 05:16:00";36
"2018-10-14 05:16:04";36
"2018-10-14 05:26:00";35
"2018-10-14 05:36:00";35
"2018-10-14 05:36:04";35
"2018-10-14 05:46:00";35
"2018-10-14 05:46:05";35
"2018-10-14 05:56:00";36
"2018-10-14 05:56:05";36
"2018-10-14 06:06:00";36
"2018-10-14 06:06:05";36
"2018-10-14 06:16:00";36
"2018-10-14 06:16:04";36
"2018-10-14 06:26:00";36
"2018-10-14 06:36:00";36
"2018-10-14 06:36:04";36
"2018-10-14 06:46:00";36
"2018-10-14 06:46:04";36
"2018-10-14 06:56:00";36
"2018-10-14 06:56:04";36
"2018-10-14 07:06:00";36
"2018-10-14 07:06:04";36
"2018-10-14 07:16:00";36
"2018-10-14 07:16:05";36
"2018-10-14 07:26:00";32
"2018-10-14 07:36:00";32
"2018-10-14 07:36:04";32
"2018-10-14 07:46:00";32
"2018-10-14 07:46:05";32
"2018-10-14 07:56:00";36
"2018-10-14 07:56:05";36
"2018-10-14 08:06:00";36
"2018-10-14 08:06:05";36
"2018-10-14 08:16:00";36
"2018-10-14 08:16:05";36
"2018-10-14 08:26:00";35
"2018-10-14 08:36:00";35
"2018-10-14 08:36:04";35
"2018-10-14 08:46:00";35
"2018-10-14 08:46:04";35
"2018-10-14 08:56:00";34
"2018-10-14 08:56:05";34
"2018-10-14 09:06:00";34
"2018-10-14 09:06:04";34
"2018-10-14 09:16:00";34
"2018-10-14 09:16:05";34
"2018-10-14 09:26:00";36
"2018-10-14 09:36:00";36
"2018-10-14 09:36:05";36
"2018-10-14 09:46:00";36
"2018-10-14 09:46:05";36
"2018-10-14 09:56:00";34
"2018-10-14 09:56:05";34
"2018-10-14 10:06:00";34
"2018-10-14 10:06:04";34
"2018-10-14 10:16:00";34
"2018-10-14 10:16:05";34
"2018-10-14 10:26:00";35
"2018-10-14 10:36:00";35
"2018-10-14 10:36:04";35
"2018-10-14 10:46:00";35
"2018-10-14 10:46:05";35
"2018-10-14 10:56:00";35
"2018-10-14 10:56:04";35
"2018-10-14 11:06:00";35
"2018-10-14 11:06:04";35
"2018-10-14 11:16:00";35
"2018-10-14 11:16:05";35
"2018-10-14 11:26:00";33
"2018-10-14 11:36:00";33
"2018-10-14 11:36:04";33
"2018-10-14 11:46:00";32
"2018-10-14 11:46:05";32
"2018-10-14 11:56:00";32
"2018-10-14 11:56:04";32
"2018-10-14 12:06:00";32
"2018-10-14 12:06:05";32
"2018-10-14 12:16:00";32
"2018-10-14 12:16:05";32
"2018-10-14 12:26:00";32
"2018-10-14 12:36:00";32
"2018-10-14 12:36:04";32
"2018-10-14 12:46:00";32
"2018-10-14 12:46:04";32
"2018-10-14 12:56:00";33
"2018-10-14 12:56:05";33
"2018-10-14 13:06:00";33
"2018-10-14 13:06:05";33
"2018-10-14 13:16:00";33
"2018-10-14 13:16:05";33
"2018-10-14 13:26:00";33
"2018-10-14 13:36:00";33
"2018-10-14 13:36:05";33
"2018-10-14 13:46:00";33
"2018-10-14 13:46:05";33
"2018-10-14 13:56:00";33
"2018-10-14 13:56:05";33
"2018-10-14 14:06:00";33
"2018-10-14 14:06:04";33
"2018-10-14 14:16:00";33
"2018-10-14 14:16:04";33
"2018-10-14 14:26:00";33
"2018-10-14 14:36:00";33
"2018-10-14 14:36:04";33
"2018-10-14 14:46:00";33
"2018-10-14 14:46:05";33
"2018-10-14 14:56:00";31
"2018-10-14 14:56:05";31
"2018-10-14 15:06:00";31
"2018-10-14 15:06:05";31
"2018-10-14 15:16:00";31
"2018-10-14 15:26:00";32
"2018-10-14 15:26:05";32
"2018-10-14 15:36:00";32
"2018-10-14 15:36:05";32
"2018-10-14 15:46:00";32
"2018-10-14 15:46:05";32
"2018-10-14 15:56:00";32
"2018-10-14 15:56:05";32
"2018-10-14 16:06:00";32
"2018-10-14 16:06:04";32
"2018-10-14 16:16:00";32
"2018-10-14 16:26:00";32
"2018-10-14 16:26:04";32
"2018-10-14 16:36:00";32
"2018-10-14 16:36:04";32
"2018-10-14 16:46:00";32
"2018-10-14 16:46:05";32
"2018-10-14 16:56:00";33
"2018-10-14 16:56:05";33
"2018-10-14 17:06:00";33
"2018-10-14 17:06:04";33
"2018-10-14 17:16:00";33
"2018-10-14 17:26:00";33
"2018-10-14 17:26:04";33
"2018-10-14 17:36:00";33
"2018-10-14 17:36:04";33
"2018-10-14 17:46:00";33
"2018-10-14 17:46:05";33
"2018-10-14 17:56:00";33
"2018-10-14 17:56:05";33
"2018-10-14 18:06:00";33
"2018-10-14 18:16:00";33
"2018-10-14 18:16:05";33
"2018-10-14 18:26:00";31
"2018-10-14 18:26:05";31
"2018-10-14 18:36:00";31
"2018-10-14 18:36:04";31
"2018-10-14 18:46:00";31
"2018-10-14 18:46:05";31
"2018-10-14 18:56:00";32
"2018-10-14 18:56:05";32
"2018-10-14 19:06:00";32
"2018-10-14 19:16:00";32
"2018-10-14 19:16:05";32
"2018-10-14 19:26:00";32
"2018-10-14 19:26:05";32
"2018-10-14 19:36:00";32
"2018-10-14 19:36:04";32
"2018-10-14 19:46:00";32
"2018-10-14 19:56:00";32
"2018-10-14 19:56:05";32
"2018-10-14 20:06:00";32
"2018-10-14 20:06:05";32
"2018-10-14 20:16:00";32
"2018-10-14 20:16:05";32
"2018-10-14 20:26:00";31
"2018-10-14 20:26:05";31
"2018-10-14 20:36:00";31
"2018-10-14 20:46:00";31
"2018-10-14 20:46:04";31
"2018-10-14 20:56:00";32
"2018-10-14 20:56:05";32
"2018-10-14 21:06:00";32
"2018-10-14 21:06:06";32
"2018-10-14 21:16:00";32
"2018-10-14 21:16:05";32
"2018-10-14 21:26:00";32
"2018-10-14 21:36:00";32
"2018-10-14 21:36:05";32
"2018-10-14 21:46:00";32
"2018-10-14 21:46:05";32
"2018-10-14 21:56:00";31
"2018-10-14 21:56:05";31
"2018-10-14 22:06:00";31
"2018-10-14 22:06:05";31
"2018-10-14 22:16:00";31
"2018-10-14 22:26:00";31
"2018-10-14 22:26:06";31
"2018-10-14 22:36:00";31
"2018-10-14 22:36:04";31
"2018-10-14 22:46:00";31
"2018-10-14 22:46:05";31
"2018-10-14 22:56:00";32
"2018-10-14 22:56:05";32
"2018-10-14 23:06:00";32
"2018-10-14 23:16:00";32
"2018-10-14 23:16:05";32
"2018-10-14 23:26:00";33
"2018-10-14 23:26:05";33
"2018-10-14 23:36:00";33
"2018-10-14 23:36:05";33
"2018-10-14 23:46:00";33
"2018-10-14 23:46:05";33
"2018-10-14 23:56:00";33
"2018-10-15 00:06:00";33
"2018-10-15 00:06:05";33
"2018-10-15 00:16:00";33
"2018-10-15 00:16:05";33
"2018-10-15 00:26:00";31
"2018-10-15 00:26:05";31
"2018-10-15 00:36:00";31
"2018-10-15 00:36:05";31
"2018-10-15 00:46:00";31
"2018-10-15 00:46:06";31
"2018-10-15 00:56:00";31
"2018-10-15 01:06:00";31
"2018-10-15 01:06:05";31
"2018-10-15 01:16:00";31
"2018-10-15 01:16:04";31
"2018-10-15 01:26:00";30
"2018-10-15 01:26:05";30
"2018-10-15 01:36:00";30
"2018-10-15 01:36:06";30
"2018-10-15 01:46:00";30
"2018-10-15 01:56:00";32
"2018-10-15 01:56:05";32
"2018-10-15 02:06:00";32
"2018-10-15 02:06:04";32
"2018-10-15 02:16:00";32
"2018-10-15 02:16:04";32
"2018-10-15 02:26:00";33
"2018-10-15 02:26:05";33
"2018-10-15 02:36:00";33
"2018-10-15 02:36:05";33
"2018-10-15 02:46:00";33
"2018-10-15 02:56:00";32
"2018-10-15 02:56:04";32
"2018-10-15 03:06:00";32
"2018-10-15 03:06:05";32
"2018-10-15 03:16:00";32
"2018-10-15 03:16:05";32
"2018-10-15 03:26:00";30
"2018-10-15 03:26:04";30
"2018-10-15 03:36:00";30
"2018-10-15 03:36:05";30
"2018-10-15 03:46:00";30
"2018-10-15 03:56:00";32
"2018-10-15 03:56:05";32
"2018-10-15 04:06:00";32
"2018-10-15 04:06:05";32
"2018-10-15 04:16:00";32
"2018-10-15 04:16:04";32
"2018-10-15 04:26:00";30
"2018-10-15 04:26:05";30
"2018-10-15 04:36:00";30
"2018-10-15 04:36:05";30
"2018-10-15 04:46:00";31
"2018-10-15 04:56:00";31
"2018-10-15 04:56:05";31
"2018-10-15 05:06:00";31
"2018-10-15 05:06:04";31
"2018-10-15 05:16:00";31
"2018-10-15 05:16:05";31
"2018-10-15 05:26:00";31
"2018-10-15 05:26:04";31
"2018-10-15 05:36:00";31
"2018-10-15 05:36:05";31
"2018-10-15 05:46:00";31
"2018-10-15 05:46:04";31
"2018-10-15 05:56:00";29
"2018-10-15 06:06:00";29
"2018-10-15 06:06:05";29
"2018-10-15 06:16:00";29
"2018-10-15 06:16:05";29
"2018-10-15 06:26:00";31
"2018-10-15 06:26:05";31
"2018-10-15 06:36:00";31
"2018-10-15 06:36:04";31
"2018-10-15 06:46:00";31
"2018-10-15 06:46:04";31
"2018-10-15 06:56:00";30
"2018-10-15 07:06:00";30
"2018-10-15 07:06:05";30
"2018-10-15 07:16:00";30
"2018-10-15 07:16:05";30
"2018-10-15 07:26:00";31
"2018-10-15 07:26:05";31
"2018-10-15 07:36:00";31
"2018-10-15 07:36:04";31
"2018-10-15 07:46:00";31
"2018-10-15 07:46:05";31
"2018-10-15 07:56:00";31
"2018-10-15 08:06:00";31
"2018-10-15 08:06:04";31
"2018-10-15 08:16:00";31
"2018-10-15 08:16:04";31
"2018-10-15 08:26:00";31
"2018-10-15 08:26:05";31
"2018-10-15 08:36:00";31
"2018-10-15 08:36:04";31
"2018-10-15 08:46:00";31
"2018-10-15 08:46:04";31
"2018-10-15 08:56:00";32
"2018-10-15 09:06:00";32
"2018-10-15 09:06:04";32
"2018-10-15 09:16:00";32
"2018-10-15 09:16:04";32
"2018-10-15 09:26:00";32
"2018-10-15 09:26:05";32
"2018-10-15 09:36:00";32
"2018-10-15 09:36:04";32
"2018-10-15 09:46:00";32
"2018-10-15 09:46:05";32
"2018-10-15 09:56:00";31
"2018-10-15 10:06:00";31
"2018-10-15 10:06:04";31
"2018-10-15 10:16:00";31
"2018-10-15 10:16:04";31
"2018-10-15 10:26:00";31
"2018-10-15 10:26:05";31
"2018-10-15 10:36:00";31
"2018-10-15 10:36:04";31
"2018-10-15 10:46:00";31
"2018-10-15 10:56:00";31
"2018-10-15 10:56:04";31
"2018-10-15 11:06:00";31
"2018-10-15 11:06:04";31
"2018-10-15 11:16:00";31
"2018-10-15 11:16:04";31
"2018-10-15 11:26:00";30
"2018-10-15 11:26:04";30
"2018-10-15 11:36:00";30
"2018-10-15 11:46:00";30
"2018-10-15 11:46:05";30
"2018-10-15 11:56:00";32
"2018-10-15 11:56:04";32
"2018-10-15 12:06:00";32
"2018-10-15 12:06:05";32
"2018-10-15 12:16:00";32
"2018-10-15 12:16:04";32
"2018-10-15 12:26:00";32
"2018-10-15 12:36:00";32
"2018-10-15 12:36:04";32
"2018-10-15 12:46:00";32
"2018-10-15 12:46:05";32
"2018-10-15 12:56:00";30
"2018-10-15 12:56:05";30
"2018-10-15 13:06:00";30
"2018-10-15 13:06:04";30
"2018-10-15 13:16:00";30
"2018-10-15 13:26:00";33
"2018-10-15 13:26:05";33
"2018-10-15 13:36:00";33
"2018-10-15 13:36:04";33
"2018-10-15 13:46:00";33
"2018-10-15 13:46:05";33
"2018-10-15 13:56:00";33
"2018-10-15 13:56:04";33
"2018-10-15 14:06:00";33
"2018-10-15 14:06:05";33
"2018-10-15 14:16:00";33
"2018-10-15 14:26:00";32
"2018-10-15 14:26:05";32
"2018-10-15 14:36:00";32
"2018-10-15 14:36:04";32
"2018-10-15 14:46:00";32
"2018-10-15 14:46:05";32
"2018-10-15 14:56:00";32
"2018-10-15 14:56:05";32
"2018-10-15 15:06:00";32
"2018-10-15 15:06:04";32
"2018-10-15 15:16:00";32
"2018-10-15 15:26:00";31
"2018-10-15 15:26:04";31
"2018-10-15 15:36:00";31
"2018-10-15 15:36:04";31
"2018-10-15 15:46:00";31
"2018-10-15 15:46:05";31
"2018-10-15 15:56:00";30
"2018-10-15 15:56:05";30
"2018-10-15 16:06:00";30
"2018-10-15 16:16:00";30
"2018-10-15 16:16:05";30
"2018-10-15 16:26:00";30
"2018-10-15 16:26:04";30
"2018-10-15 16:36:00";30
"2018-10-15 16:36:04";30
"2018-10-15 16:46:00";30
"2018-10-15 16:46:05";30
"2018-10-15 16:56:00";30
"2018-10-15 17:06:00";30
"2018-10-15 17:06:05";30
"2018-10-15 17:16:00";30
"2018-10-15 17:16:05";30
"2018-10-15 17:26:00";30
"2018-10-15 17:26:04";30
"2018-10-15 17:36:00";30
"2018-10-15 17:36:05";30
"2018-10-15 17:46:00";30
"2018-10-15 17:56:00";31
"2018-10-15 17:56:05";31
"2018-10-15 18:06:00";31
"2018-10-15 18:06:05";31
"2018-10-15 18:16:00";31
"2018-10-15 18:16:04";31
"2018-10-15 18:26:00";31
"2018-10-15 18:26:04";31
"2018-10-15 18:36:00";31
"2018-10-15 18:36:05";31
"2018-10-15 18:46:00";31
"2018-10-15 18:56:00";31
"2018-10-15 18:56:05";31
"2018-10-15 19:06:00";31
"2018-10-15 19:06:04";31
"2018-10-15 19:16:00";31
"2018-10-15 19:16:04";31
"2018-10-15 19:26:00";29
"2018-10-15 19:26:04";29
"2018-10-15 19:36:00";29
"2018-10-15 19:36:04";29
"2018-10-15 19:46:00";29
"2018-10-15 19:56:00";30
"2018-10-15 19:56:05";30
"2018-10-15 20:06:00";30
"2018-10-15 20:06:05";30
"2018-10-15 20:16:00";30
"2018-10-15 20:16:05";30
"2018-10-15 20:26:00";29
"2018-10-15 20:26:05";29
"2018-10-15 20:36:00";29
"2018-10-15 20:46:00";29
"2018-10-15 20:46:05";29
"2018-10-15 20:56:00";30
"2018-10-15 20:56:05";30
"2018-10-15 21:06:00";30
"2018-10-15 21:06:04";30
"2018-10-15 21:16:00";30
"2018-10-15 21:16:05";30
"2018-10-15 21:26:00";29
"2018-10-15 21:26:04";29
"2018-10-15 21:36:00";29
"2018-10-15 21:46:00";29
"2018-10-15 21:46:05";29
"2018-10-15 21:56:00";29
"2018-10-15 21:56:05";29
"2018-10-15 22:06:00";29
"2018-10-15 22:06:06";29
"2018-10-15 22:16:00";29
"2018-10-15 22:16:06";29
"2018-10-15 22:26:00";31
"2018-10-15 22:36:00";31
"2018-10-15 22:36:04";31
"2018-10-15 22:46:00";31
"2018-10-15 22:46:05";31
"2018-10-15 22:56:00";30
"2018-10-15 22:56:05";30
"2018-10-15 23:06:00";30
"2018-10-15 23:06:05";30
"2018-10-15 23:16:00";30
"2018-10-15 23:16:05";30
"2018-10-15 23:26:00";31
"2018-10-15 23:36:00";31
"2018-10-15 23:36:05";31
"2018-10-15 23:46:00";31
"2018-10-15 23:46:05";31
"2018-10-15 23:56:00";29
"2018-10-15 23:56:06";29
"2018-10-16 00:06:00";29
"2018-10-16 00:06:06";29
"2018-10-16 00:16:00";29
"2018-10-16 00:26:00";30
"2018-10-16 00:26:05";30
"2018-10-16 00:36:00";30
"2018-10-16 00:36:05";30
"2018-10-16 00:46:00";30
"2018-10-16 00:46:06";30
"2018-10-16 00:56:00";30
"2018-10-16 00:56:06";30
"2018-10-16 01:06:00";30
"2018-10-16 01:06:05";30
"2018-10-16 01:16:00";30
"2018-10-16 01:26:00";29
"2018-10-16 01:26:04";29
"2018-10-16 01:36:00";29
"2018-10-16 01:36:05";29
"2018-10-16 01:46:00";29
"2018-10-16 01:46:06";29
"2018-10-16 01:56:00";29
"2018-10-16 01:56:05";29
"2018-10-16 02:06:00";29
"2018-10-16 02:06:05";29
"2018-10-16 02:16:00";29
"2018-10-16 02:26:00";29
"2018-10-16 02:26:05";29
"2018-10-16 02:36:00";29
"2018-10-16 02:36:04";29
"2018-10-16 02:46:00";29
"2018-10-16 02:46:05";29
"2018-10-16 02:56:00";29
"2018-10-16 02:56:05";29
"2018-10-16 03:06:00";29
"2018-10-16 03:06:05";29
"2018-10-16 03:16:00";29
"2018-10-16 03:26:00";30
"2018-10-16 03:26:05";30
"2018-10-16 03:36:00";30
"2018-10-16 03:36:04";30
"2018-10-16 03:46:00";30
"2018-10-16 03:46:04";30
"2018-10-16 03:56:00";29
"2018-10-16 03:56:04";29
"2018-10-16 04:06:00";29
"2018-10-16 04:06:05";29
"2018-10-16 04:16:00";29
"2018-10-16 04:26:00";29
"2018-10-16 04:26:04";29
"2018-10-16 04:36:00";29
"2018-10-16 04:36:05";29
"2018-10-16 04:46:00";29
"2018-10-16 04:46:05";29
"2018-10-16 04:56:00";29
"2018-10-16 04:56:04";29
"2018-10-16 05:06:00";29
"2018-10-16 05:06:05";29
"2018-10-16 05:16:00";29
"2018-10-16 05:26:00";28
"2018-10-16 05:26:04";28
"2018-10-16 05:36:00";28
"2018-10-16 05:36:04";28
"2018-10-16 05:46:00";28
"2018-10-16 05:46:04";28
"2018-10-16 05:56:00";28
"2018-10-16 05:56:05";28
"2018-10-16 06:06:00";28
"2018-10-16 06:06:04";28
"2018-10-16 06:16:00";28
"2018-10-16 06:26:00";29
"2018-10-16 06:26:04";29
"2018-10-16 06:36:00";29
"2018-10-16 06:36:04";29
"2018-10-16 06:46:00";29
"2018-10-16 06:46:04";29
"2018-10-16 06:56:00";28
"2018-10-16 06:56:05";28
"2018-10-16 07:06:00";28
"2018-10-16 07:16:00";28
"2018-10-16 07:16:04";28
"2018-10-16 07:26:00";29
"2018-10-16 07:26:05";29
"2018-10-16 07:36:00";29
"2018-10-16 07:36:05";29
"2018-10-16 07:46:00";29
"2018-10-16 07:46:05";29
"2018-10-16 07:56:00";29
"2018-10-16 07:56:04";29
"2018-10-16 08:06:00";29
"2018-10-16 08:16:00";29
"2018-10-16 08:16:05";29
"2018-10-16 08:26:00";29
"2018-10-16 08:26:05";29
"2018-10-16 08:36:00";29
"2018-10-16 08:36:04";29
"2018-10-16 08:46:00";29
"2018-10-16 08:46:05";29
"2018-10-16 08:56:00";28
"2018-10-16 08:56:04";28
"2018-10-16 09:06:00";28
"2018-10-16 09:16:00";28
"2018-10-16 09:16:05";28
"2018-10-16 09:26:00";28
"2018-10-16 09:26:04";28
"2018-10-16 09:36:00";28
"2018-10-16 09:36:05";28
"2018-10-16 09:46:00";28
"2018-10-16 09:46:05";28
"2018-10-16 09:56:00";29
"2018-10-16 10:06:00";29
"2018-10-16 10:06:05";29
"2018-10-16 10:16:00";29
"2018-10-16 10:16:05";29
"2018-10-16 10:26:00";29
"2018-10-16 10:26:05";29
"2018-10-16 10:36:00";29
"2018-10-16 10:36:05";29
"2018-10-16 10:46:00";29
"2018-10-16 10:46:05";29
"2018-10-16 10:56:00";29
"2018-10-16 11:06:00";29
"2018-10-16 11:06:05";29
"2018-10-16 11:16:00";29
"2018-10-16 11:16:05";29
"2018-10-16 11:26:00";27
"2018-10-16 11:26:05";27
"2018-10-16 11:36:00";27
"2018-10-16 11:36:04";27
"2018-10-16 11:46:00";28
"2018-10-16 11:46:05";28
"2018-10-16 11:56:00";28
"2018-10-16 12:06:00";28
"2018-10-16 12:06:05";28
"2018-10-16 12:16:00";28
"2018-10-16 12:16:05";28
"2018-10-16 12:26:00";27
"2018-10-16 12:26:05";27
"2018-10-16 12:36:00";27
"2018-10-16 12:36:05";27
"2018-10-16 12:46:00";27
"2018-10-16 12:56:00";25
"2018-10-16 12:56:05";25
"2018-10-16 13:06:00";25
"2018-10-16 13:06:05";25
"2018-10-16 13:16:00";25
"2018-10-16 13:16:05";25
"2018-10-16 13:26:00";24
"2018-10-16 13:26:05";24
"2018-10-16 13:36:00";24
"2018-10-16 13:36:05";24
"2018-10-16 13:46:00";24
"2018-10-16 13:56:00";22
"2018-10-16 13:56:05";22
"2018-10-16 14:06:00";22
"2018-10-16 14:06:05";22
"2018-10-16 14:16:00";22
"2018-10-16 14:16:05";22
"2018-10-16 14:26:00";21
"2018-10-16 14:26:05";21
"2018-10-16 14:36:00";21
"2018-10-16 14:36:05";21
"2018-10-16 14:46:00";21
"2018-10-16 14:56:00";29
"2018-10-16 14:56:05";29
"2018-10-16 15:06:00";29
"2018-10-16 15:06:05";29
"2018-10-16 15:16:00";29
"2018-10-16 15:16:05";29
"2018-10-16 15:26:00";31
"2018-10-16 15:26:05";31
"2018-10-16 15:36:00";31
"2018-10-16 15:46:00";31
"2018-10-16 15:46:05";31
"2018-10-16 15:56:00";31
"2018-10-16 15:56:04";31
"2018-10-16 16:06:00";31
"2018-10-16 16:06:05";31
"2018-10-16 16:16:00";31
"2018-10-16 16:16:06";31
"2018-10-16 16:26:00";29
"2018-10-16 16:26:05";29
"2018-10-16 16:36:00";29
"2018-10-16 16:46:00";29
"2018-10-16 16:46:05";29
"2018-10-16 16:56:00";28
"2018-10-16 16:56:05";28
"2018-10-16 17:06:00";28
"2018-10-16 17:06:05";28
"2018-10-16 17:16:00";28
"2018-10-16 17:16:05";28
"2018-10-16 17:26:00";29
"2018-10-16 17:26:05";29
"2018-10-16 17:36:00";29
"2018-10-16 17:46:00";29
"2018-10-16 17:46:05";29
"2018-10-16 17:56:00";29
"2018-10-16 17:56:05";29
"2018-10-16 18:06:00";27
"2018-10-16 18:06:05";27
"2018-10-16 18:16:00";27
"2018-10-16 18:16:05";27
"2018-10-16 18:26:00";27
"2018-10-16 18:36:00";27
"2018-10-16 18:36:04";27
"2018-10-16 18:46:00";27
"2018-10-16 18:56:00";27
"2018-10-16 18:56:05";27
"2018-10-16 19:06:00";27
"2018-10-16 19:06:05";27
"2018-10-16 19:16:00";27
"2018-10-16 19:16:05";27
"2018-10-16 19:26:00";27
"2018-10-16 19:36:00";27
"2018-10-16 19:36:04";27
"2018-10-16 19:46:00";27
"2018-10-16 19:46:05";27
"2018-10-16 19:56:00";27
"2018-10-16 19:56:05";27
"2018-10-16 20:06:00";27
"2018-10-16 20:06:05";27
"2018-10-16 20:16:00";27
"2018-10-16 20:16:05";27
"2018-10-16 20:26:00";27
"2018-10-16 20:36:00";27
"2018-10-16 20:36:05";27
"2018-10-16 20:46:00";27
"2018-10-16 20:46:05";27
"2018-10-16 20:56:00";26
"2018-10-16 20:56:05";26
"2018-10-16 21:06:00";26
"2018-10-16 21:06:05";26
"2018-10-16 21:16:00";26
"2018-10-16 21:26:00";28
"2018-10-16 21:26:05";28
"2018-10-16 21:36:00";28
"2018-10-16 21:36:05";28
"2018-10-16 21:46:00";28
"2018-10-16 21:46:05";28
"2018-10-16 21:56:00";28
"2018-10-16 21:56:05";28
"2018-10-16 22:06:00";28
"2018-10-16 22:06:06";28
"2018-10-16 22:16:00";28
"2018-10-16 22:26:00";28
"2018-10-16 22:26:05";28
"2018-10-16 22:36:00";28
"2018-10-16 22:36:05";28
"2018-10-16 22:46:00";28
"2018-10-16 22:46:05";28
"2018-10-16 22:56:00";27
"2018-10-16 22:56:04";27
"2018-10-16 23:06:00";27
"2018-10-16 23:16:00";27
"2018-10-16 23:16:05";27
"2018-10-16 23:26:00";28
"2018-10-16 23:26:06";28
"2018-10-16 23:36:00";28
"2018-10-16 23:36:05";28
"2018-10-16 23:46:00";28
"2018-10-16 23:56:00";28
"2018-10-16 23:56:06";28
"2018-10-17 00:06:00";28
"2018-10-17 00:06:06";28
"2018-10-17 00:16:00";28
"2018-10-17 00:16:06";28
"2018-10-17 00:26:00";28
"2018-10-17 00:26:05";28
"2018-10-17 00:36:00";28
"2018-10-17 00:36:06";28
"2018-10-17 00:46:00";28
"2018-10-17 00:56:00";29
"2018-10-17 00:56:06";29
"2018-10-17 01:06:00";29
"2018-10-17 01:06:05";29
"2018-10-17 01:16:00";29
"2018-10-17 01:16:06";29
"2018-10-17 01:26:00";28
"2018-10-17 01:26:05";28
"2018-10-17 01:36:00";28
"2018-10-17 01:36:05";28
"2018-10-17 01:46:00";28
"2018-10-17 01:56:00";29
"2018-10-17 01:56:05";29
"2018-10-17 02:06:00";29
"2018-10-17 02:06:05";29
"2018-10-17 02:16:00";29
"2018-10-17 02:16:04";29
"2018-10-17 02:26:00";28
"2018-10-17 02:26:05";28
"2018-10-17 02:36:00";28
"2018-10-17 02:36:05";28
"2018-10-17 02:46:00";28
"2018-10-17 02:56:00";28
"2018-10-17 02:56:05";28
"2018-10-17 03:06:00";28
"2018-10-17 03:06:05";28
"2018-10-17 03:16:00";28
"2018-10-17 03:16:04";28
"2018-10-17 03:26:00";28
"2018-10-17 03:26:04";28
"2018-10-17 03:36:00";28
"2018-10-17 03:36:05";28
"2018-10-17 03:46:00";28
"2018-10-17 03:56:00";27
"2018-10-17 03:56:05";27
"2018-10-17 04:06:00";27
"2018-10-17 04:06:04";27
"2018-10-17 04:16:00";27
"2018-10-17 04:16:04";27
"2018-10-17 04:26:00";27
"2018-10-17 04:26:05";27
"2018-10-17 04:36:00";27
"2018-10-17 04:36:04";27
"2018-10-17 04:46:00";27
"2018-10-17 04:46:04";27
"2018-10-17 04:56:00";27
"2018-10-17 05:06:00";27
"2018-10-17 05:06:04";27
"2018-10-17 05:16:00";27
"2018-10-17 05:16:05";27
"2018-10-17 05:26:00";26
"2018-10-17 05:26:04";26
"2018-10-17 05:36:00";26
"2018-10-17 05:36:05";26
"2018-10-17 05:46:00";26
"2018-10-17 05:46:05";26
"2018-10-17 05:56:00";27
"2018-10-17 06:06:00";27
"2018-10-17 06:06:04";27
"2018-10-17 06:16:00";27
"2018-10-17 06:16:04";27
"2018-10-17 06:26:00";26
"2018-10-17 06:26:05";26
"2018-10-17 06:36:00";26
"2018-10-17 06:36:05";26
"2018-10-17 06:46:00";26
"2018-10-17 06:46:05";26
"2018-10-17 06:56:00";26
"2018-10-17 07:06:00";26
"2018-10-17 07:06:04";26
"2018-10-17 07:16:00";26
"2018-10-17 07:16:04";26
"2018-10-17 07:26:00";27
"2018-10-17 07:26:05";27
"2018-10-17 07:36:00";27
"2018-10-17 07:36:05";27
"2018-10-17 07:46:00";27
"2018-10-17 07:46:05";27
"2018-10-17 07:56:00";27
"2018-10-17 08:06:00";27
"2018-10-17 08:06:04";27
"2018-10-17 08:16:00";27
"2018-10-17 08:16:06";27
"2018-10-17 08:26:00";25
"2018-10-17 08:26:05";25
"2018-10-17 08:36:00";25
"2018-10-17 08:46:00";25
"2018-10-17 08:46:05";25
"2018-10-17 08:56:00";27
"2018-10-17 08:56:05";27
"2018-10-17 09:06:00";27
"2018-10-17 09:06:05";27
"2018-10-17 09:16:00";27
"2018-10-17 09:16:04";27
"2018-10-17 09:26:00";27
"2018-10-17 09:36:00";27
"2018-10-17 09:36:05";27
"2018-10-17 09:46:00";27
"2018-10-17 09:46:05";27
"2018-10-17 09:56:00";26
"2018-10-17 09:56:05";26
"2018-10-17 10:06:00";26
"2018-10-17 10:06:05";26
"2018-10-17 10:16:00";26
"2018-10-17 10:16:05";26
"2018-10-17 10:26:00";28
"2018-10-17 10:36:00";28
"2018-10-17 10:36:05";28
"2018-10-17 10:46:00";28
"2018-10-17 10:46:05";28
"2018-10-17 10:56:00";27
"2018-10-17 10:56:06";27
"2018-10-17 11:06:00";27
"2018-10-17 11:06:05";27
"2018-10-17 11:16:00";27
"2018-10-17 11:16:05";27
"2018-10-17 11:26:00";25
"2018-10-17 11:36:00";25
"2018-10-17 11:36:05";25
"2018-10-17 11:46:00";25
"2018-10-17 11:46:06";25
"2018-10-17 11:56:00";25
"2018-10-17 11:56:05";25
"2018-10-17 12:06:00";26
"2018-10-17 12:06:05";26
"2018-10-17 12:16:00";26
"2018-10-17 12:16:05";26
"2018-10-17 12:26:00";24
"2018-10-17 12:36:00";24
"2018-10-17 12:36:04";24
"2018-10-17 12:46:00";24
"2018-10-17 12:46:05";24
"2018-10-17 12:56:00";26
"2018-10-17 12:56:04";26
"2018-10-17 13:06:00";26
"2018-10-17 13:06:05";26
"2018-10-17 13:16:00";26
"2018-10-17 13:26:00";25
"2018-10-17 13:26:05";25
"2018-10-17 13:36:00";25
"2018-10-17 13:36:05";25
"2018-10-17 13:46:00";25
"2018-10-17 13:46:05";25
"2018-10-17 13:56:00";25
"2018-10-17 13:56:05";25
"2018-10-17 14:06:00";25
"2018-10-17 14:06:05";25
"2018-10-17 14:16:00";25
"2018-10-17 14:26:00";26
"2018-10-17 14:26:05";26
"2018-10-17 14:36:00";26
"2018-10-17 14:36:05";26
"2018-10-17 14:46:00";26
"2018-10-17 14:46:05";26
"2018-10-17 14:56:00";24
"2018-10-17 14:56:06";24
"2018-10-17 15:06:00";24
"2018-10-17 15:06:05";24
"2018-10-17 15:16:00";24
"2018-10-17 15:26:00";26
"2018-10-17 15:26:05";26
"2018-10-17 15:36:00";26
"2018-10-17 15:36:05";26
"2018-10-17 15:46:00";26
"2018-10-17 15:46:05";26
"2018-10-17 15:56:00";27
"2018-10-17 15:56:05";27
"2018-10-17 16:06:00";27
"2018-10-17 16:06:05";27
"2018-10-17 16:16:00";27
"2018-10-17 16:26:00";27
"2018-10-17 16:26:05";27
"2018-10-17 16:36:00";27
"2018-10-17 16:36:04";27
"2018-10-17 16:46:00";27
"2018-10-17 16:46:05";27
"2018-10-17 16:56:00";26
"2018-10-17 16:56:05";26
"2018-10-17 17:06:00";26
"2018-10-17 17:16:00";26
"2018-10-17 17:16:05";26
"2018-10-17 17:26:00";28
"2018-10-17 17:26:05";28
"2018-10-17 17:36:00";28
"2018-10-17 17:36:05";28
"2018-10-17 17:46:00";28
"2018-10-17 17:46:05";28
"2018-10-17 17:56:00";25
"2018-10-17 17:56:05";25
"2018-10-17 18:06:00";25
"2018-10-17 18:16:00";25
"2018-10-17 18:16:05";25
"2018-10-17 18:26:00";25
"2018-10-17 18:26:05";25
"2018-10-17 18:36:00";25
"2018-10-17 18:36:05";25
"2018-10-17 18:46:00";25
"2018-10-17 18:46:05";25
"2018-10-17 18:56:00";26
"2018-10-17 18:56:05";26
"2018-10-17 19:06:00";26
"2018-10-17 19:16:00";26
"2018-10-17 19:16:05";26
"2018-10-17 19:26:00";25
"2018-10-17 19:26:05";25
"2018-10-17 19:36:00";25
"2018-10-17 19:36:05";25
"2018-10-17 19:46:00";25
"2018-10-17 19:46:05";25
"2018-10-17 19:56:00";26
"2018-10-17 20:06:00";26
"2018-10-17 20:06:06";26
"2018-10-17 20:16:00";26
"2018-10-17 20:16:05";26
"2018-10-17 20:26:00";25
"2018-10-17 20:26:05";25
"2018-10-17 20:36:00";25
"2018-10-17 20:36:04";25
"2018-10-17 20:46:00";25
"2018-10-17 20:46:05";25
"2018-10-17 20:56:00";27
"2018-10-17 21:06:00";27
"2018-10-17 21:06:05";27
"2018-10-17 21:16:00";27
"2018-10-17 21:16:05";27
"2018-10-17 21:26:00";27
"2018-10-17 21:26:05";27
"2018-10-17 21:36:00";27
"2018-10-17 21:36:05";27
"2018-10-17 21:46:00";27
"2018-10-17 21:56:00";27
"2018-10-17 21:56:05";27
"2018-10-17 22:06:00";27
"2018-10-17 22:06:06";27
"2018-10-17 22:16:00";27
"2018-10-17 22:16:06";27
"2018-10-17 22:26:00";26
"2018-10-17 22:26:06";26
"2018-10-17 22:36:00";26
"2018-10-17 22:36:06";26
"2018-10-17 22:46:00";26
"2018-10-17 22:56:00";27
"2018-10-17 22:56:05";27
"2018-10-17 23:06:00";27
"2018-10-17 23:06:04";27
"2018-10-17 23:16:00";27
"2018-10-17 23:16:05";27
"2018-10-17 23:26:00";26
"2018-10-17 23:26:05";26
"2018-10-17 23:36:00";26
"2018-10-17 23:46:00";26
"2018-10-17 23:46:06";26
"2018-10-17 23:56:00";27
"2018-10-17 23:56:06";27
"2018-10-18 00:06:00";27
"2018-10-18 00:06:06";27
"2018-10-18 00:16:00";27
"2018-10-18 00:16:06";27
"2018-10-18 00:26:00";26
"2018-10-18 00:26:05";26
"2018-10-18 00:36:00";26
"2018-10-18 00:46:00";26
"2018-10-18 00:46:05";26
"2018-10-18 00:56:00";26
"2018-10-18 00:56:07";26
"2018-10-18 01:06:00";26
"2018-10-18 01:06:06";26
"2018-10-18 01:16:00";26
"2018-10-18 01:16:06";26
"2018-10-18 01:26:00";27
"2018-10-18 01:26:05";27
"2018-10-18 01:36:00";27
"2018-10-18 01:46:00";27
"2018-10-18 01:46:05";27
"2018-10-18 01:56:00";26
"2018-10-18 01:56:05";26
"2018-10-18 02:06:00";26
"2018-10-18 02:06:05";26
"2018-10-18 02:16:00";26
"2018-10-18 02:16:05";26
"2018-10-18 02:26:00";25
"2018-10-18 02:26:05";25
"2018-10-18 02:36:00";25
"2018-10-18 02:46:00";25
"2018-10-18 02:46:06";25
"2018-10-18 02:56:00";26
"2018-10-18 02:56:05";26
"2018-10-18 03:06:00";26
"2018-10-18 03:06:04";26
"2018-10-18 03:16:00";26
"2018-10-18 03:16:05";26
"2018-10-18 03:26:00";26
"2018-10-18 03:26:05";26
"2018-10-18 03:36:00";26
"2018-10-18 03:46:00";26
"2018-10-18 03:46:05";26
"2018-10-18 03:56:00";26
"2018-10-18 03:56:05";26
"2018-10-18 04:06:00";26
"2018-10-18 04:06:04";26
"2018-10-18 04:16:00";26
"2018-10-18 04:16:05";26
"2018-10-18 04:26:00";25
"2018-10-18 04:26:05";25
"2018-10-18 04:36:00";25
"2018-10-18 04:36:04";25
"2018-10-18 04:46:00";25
"2018-10-18 04:56:00";25
"2018-10-18 04:56:05";25
"2018-10-18 05:06:00";25
"2018-10-18 05:06:04";25
"2018-10-18 05:16:00";25
"2018-10-18 05:16:05";25
"2018-10-18 05:26:00";25
"2018-10-18 05:26:05";25
"2018-10-18 05:36:00";25
"2018-10-18 05:36:04";25
"2018-10-18 05:46:00";25
"2018-10-18 05:56:00";26
"2018-10-18 05:56:05";26
"2018-10-18 06:06:00";26
"2018-10-18 06:06:04";26
"2018-10-18 06:16:00";26
"2018-10-18 06:16:05";26
"2018-10-18 06:26:00";26
"2018-10-18 06:26:04";26
"2018-10-18 06:36:00";26
"2018-10-18 06:36:04";26
"2018-10-18 06:46:00";26
"2018-10-18 06:56:00";25
"2018-10-18 06:56:05";25
"2018-10-18 07:06:00";25
"2018-10-18 07:06:05";25
"2018-10-18 07:16:00";25
"2018-10-18 07:16:05";25
"2018-10-18 07:26:00";25
"2018-10-18 07:26:05";25
"2018-10-18 07:36:00";25
"2018-10-18 07:36:05";25
"2018-10-18 07:46:00";25
"2018-10-18 07:56:00";26
"2018-10-18 07:56:05";26
"2018-10-18 08:06:00";26
"2018-10-18 08:06:05";26
"2018-10-18 08:16:00";26
"2018-10-18 08:16:04";26
"2018-10-18 08:26:00";25
"2018-10-18 08:26:05";25
"2018-10-18 08:36:00";25
"2018-10-18 08:46:00";25
"2018-10-18 08:46:05";25
"2018-10-18 08:56:00";25
"2018-10-18 08:56:05";25
"2018-10-18 09:06:00";25
"2018-10-18 09:06:05";25
"2018-10-18 09:16:00";25
"2018-10-18 09:16:05";25
"2018-10-18 09:26:00";26
"2018-10-18 09:26:05";26
"2018-10-18 09:36:00";26
"2018-10-18 09:46:00";26
"2018-10-18 09:46:05";26
"2018-10-18 09:56:00";26
"2018-10-18 09:56:05";26
"2018-10-18 10:06:00";26
"2018-10-18 10:06:04";26
"2018-10-18 10:16:00";28
"2018-10-18 10:16:05";28
"2018-10-18 10:26:00";28
"2018-10-18 10:26:05";28
"2018-10-18 10:36:00";28
"2018-10-18 10:36:05";28
"2018-10-18 10:46:00";28
"2018-10-18 10:56:00";25
"2018-10-18 10:56:05";25
"2018-10-18 11:06:00";25
"2018-10-18 11:06:04";25
"2018-10-18 11:16:00";25
"2018-10-18 11:16:05";25
"2018-10-18 11:26:00";24
"2018-10-18 11:26:05";24
"2018-10-18 11:36:00";24
"2018-10-18 11:36:06";24
"2018-10-18 11:46:00";24
"2018-10-18 11:56:00";22
"2018-10-18 11:56:06";22
"2018-10-18 12:06:00";22
"2018-10-18 12:06:05";22
"2018-10-18 12:16:00";21
"2018-10-18 12:16:05";21
"2018-10-18 12:26:00";21
"2018-10-18 12:26:05";21
"2018-10-18 12:36:00";21
"2018-10-18 12:36:05";21
"2018-10-18 12:46:00";21
"2018-10-18 12:56:00";20
"2018-10-18 12:56:04";20
"2018-10-18 13:06:00";20
"2018-10-18 13:06:04";20
"2018-10-18 13:16:00";20
"2018-10-18 13:16:05";20
"2018-10-18 13:26:00";24
"2018-10-18 13:26:04";24
"2018-10-18 13:36:00";24
"2018-10-18 13:46:00";24
"2018-10-18 13:46:04";24
"2018-10-18 13:56:00";24
"2018-10-18 13:56:05";24
"2018-10-18 14:06:00";24
"2018-10-18 14:06:04";24
"2018-10-18 14:16:00";24
"2018-10-18 14:16:04";24
"2018-10-18 14:26:00";23
"2018-10-18 14:26:05";23
"2018-10-18 14:36:00";23
"2018-10-18 14:46:00";23
"2018-10-18 14:46:05";23
"2018-10-18 14:56:00";24
"2018-10-18 14:56:05";24
"2018-10-18 15:06:00";24
"2018-10-18 15:06:05";24
"2018-10-18 15:16:00";24
"2018-10-18 15:16:05";24
"2018-10-18 15:26:00";22
"2018-10-18 15:26:05";22
"2018-10-18 15:36:00";22
"2018-10-18 15:46:00";22
"2018-10-18 15:46:05";22
"2018-10-18 15:56:00";25
"2018-10-18 15:56:05";25
"2018-10-18 16:06:00";25
"2018-10-18 16:06:05";25
"2018-10-18 16:16:00";25
"2018-10-18 16:16:04";25
"2018-10-18 16:26:00";25
"2018-10-18 16:26:05";25
"2018-10-18 16:36:00";25
"2018-10-18 16:46:00";25
"2018-10-18 16:46:05";25
"2018-10-18 16:56:00";25
"2018-10-18 16:56:04";25
"2018-10-18 17:06:00";25
"2018-10-18 17:06:05";25
"2018-10-18 17:16:00";25
"2018-10-18 17:16:05";25
"2018-10-18 17:26:00";25
"2018-10-18 17:36:00";25
"2018-10-18 17:36:05";25
"2018-10-18 17:46:00";25
"2018-10-18 17:46:05";25
"2018-10-18 17:56:00";24
"2018-10-18 17:56:05";24
"2018-10-18 18:06:00";24
"2018-10-18 18:06:05";24
"2018-10-18 18:16:00";24
"2018-10-18 18:16:05";24
"2018-10-18 18:26:00";24
"2018-10-18 18:36:00";24
"2018-10-18 18:36:05";24
"2018-10-18 18:46:00";24
"2018-10-18 18:46:05";24
"2018-10-18 18:56:00";24
"2018-10-18 18:56:05";24
"2018-10-18 19:06:00";24
"2018-10-18 19:06:05";24
"2018-10-18 19:16:00";24
"2018-10-18 19:16:05";24
"2018-10-18 19:26:00";25
"2018-10-18 19:36:00";25
"2018-10-18 19:36:05";25
"2018-10-18 19:46:00";25
"2018-10-18 19:46:05";25
"2018-10-18 19:56:00";26
"2018-10-18 19:56:05";26
"2018-10-18 20:06:00";26
"2018-10-18 20:06:05";26
"2018-10-18 20:16:00";26
"2018-10-18 20:26:00";26
"2018-10-18 20:26:05";26
"2018-10-18 20:36:00";26
"2018-10-18 20:36:04";26
"2018-10-18 20:46:00";26
"2018-10-18 20:46:05";26
"2018-10-18 20:56:00";26
"2018-10-18 20:56:05";26
"2018-10-18 21:06:00";26
"2018-10-18 21:06:05";26
"2018-10-18 21:16:00";26
"2018-10-18 21:26:00";27
"2018-10-18 21:26:05";27
"2018-10-18 21:36:00";27
"2018-10-18 21:36:04";27
"2018-10-18 21:46:00";27
"2018-10-18 21:46:05";27
"2018-10-18 21:56:00";26
"2018-10-18 21:56:05";26
"2018-10-18 22:06:00";26
"2018-10-18 22:16:00";26
"2018-10-18 22:16:06";26
"2018-10-18 22:26:00";26
"2018-10-18 22:26:06";26
"2018-10-18 22:36:00";26
"2018-10-18 22:36:06";26
"2018-10-18 22:46:00";26
"2018-10-18 22:46:05";26
"2018-10-18 22:56:00";27
"2018-10-18 23:06:00";27
"2018-10-18 23:06:05";27
"2018-10-18 23:16:00";27
"2018-10-18 23:16:05";27
"2018-10-18 23:26:00";27
"2018-10-18 23:26:05";27
"2018-10-18 23:36:00";27
"2018-10-18 23:36:05";27
"2018-10-18 23:46:00";27
"2018-10-18 23:56:00";28
"2018-10-18 23:56:06";28
"2018-10-19 00:06:00";28
"2018-10-19 00:06:06";28
"2018-10-19 00:16:00";28
"2018-10-19 00:16:05";28
"2018-10-19 00:26:00";26
"2018-10-19 00:26:05";26
"2018-10-19 00:36:00";26
"2018-10-19 00:46:00";26
"2018-10-19 00:46:06";26
"2018-10-19 00:56:00";27
"2018-10-19 00:56:06";27
"2018-10-19 01:06:00";27
"2018-10-19 01:06:07";27
"2018-10-19 01:16:00";27
"2018-10-19 01:16:06";27
"2018-10-19 01:26:00";27
"2018-10-19 01:26:05";27
"2018-10-19 01:36:00";27
"2018-10-19 01:46:00";27
"2018-10-19 01:46:06";27
"2018-10-19 01:56:00";26
"2018-10-19 01:56:06";26
"2018-10-19 02:06:00";26
"2018-10-19 02:06:05";26
"2018-10-19 02:16:00";26
"2018-10-19 02:16:05";26
"2018-10-19 02:26:00";26
"2018-10-19 02:36:00";26
"2018-10-19 02:36:04";26
"2018-10-19 02:46:00";26
"2018-10-19 02:46:06";26
"2018-10-19 02:56:00";26
"2018-10-19 02:56:05";26
"2018-10-19 03:06:00";26
"2018-10-19 03:06:05";26
"2018-10-19 03:16:00";26
"2018-10-19 03:16:05";26
"2018-10-19 03:26:00";25
"2018-10-19 03:36:00";25
"2018-10-19 03:36:05";25
"2018-10-19 03:46:00";25
"2018-10-19 03:46:05";25
"2018-10-19 03:56:00";26
"2018-10-19 03:56:05";26
"2018-10-19 04:06:00";26
"2018-10-19 04:06:04";26
"2018-10-19 04:16:00";26
"2018-10-19 04:16:04";26
"2018-10-19 04:26:00";26
"2018-10-19 04:36:00";26
"2018-10-19 04:36:05";26
"2018-10-19 04:46:00";26
"2018-10-19 04:46:04";26
"2018-10-19 04:56:00";26
"2018-10-19 04:56:04";26
"2018-10-19 05:06:00";26
"2018-10-19 05:06:04";26
"2018-10-19 05:16:00";26
"2018-10-19 05:16:05";26
"2018-10-19 05:26:00";24
"2018-10-19 05:36:00";24
"2018-10-19 05:36:05";24
"2018-10-19 05:46:00";24
"2018-10-19 05:46:05";24
"2018-10-19 05:56:00";26
"2018-10-19 05:56:05";26
"2018-10-19 06:06:00";26
"2018-10-19 06:06:05";26
"2018-10-19 06:16:00";26
"2018-10-19 06:16:05";26
"2018-10-19 06:26:00";24
"2018-10-19 06:36:00";24
"2018-10-19 06:36:05";24
"2018-10-19 06:46:00";24
"2018-10-19 06:46:05";24
"2018-10-19 06:56:00";25
"2018-10-19 06:56:05";25
"2018-10-19 07:06:00";25
"2018-10-19 07:06:05";25
"2018-10-19 07:16:00";25
"2018-10-19 07:16:05";25
"2018-10-19 07:26:00";25
"2018-10-19 07:36:00";25
"2018-10-19 07:36:04";25
"2018-10-19 07:46:00";25
"2018-10-19 07:46:05";25
"2018-10-19 07:56:00";24
"2018-10-19 07:56:05";24
"2018-10-19 08:06:00";24
"2018-10-19 08:06:05";24
"2018-10-19 08:16:00";24
"2018-10-19 08:16:05";24
"2018-10-19 08:26:00";26
"2018-10-19 08:36:00";26
"2018-10-19 08:36:05";26
"2018-10-19 08:46:00";26
"2018-10-19 08:46:05";26
"2018-10-19 08:56:00";25
"2018-10-19 08:56:05";25
"2018-10-19 09:06:00";25
"2018-10-19 09:06:05";25
"2018-10-19 09:16:00";25
"2018-10-19 09:16:04";25
"2018-10-19 09:26:00";25
"2018-10-19 09:36:00";25
"2018-10-19 09:36:05";25
"2018-10-19 09:46:00";25
"2018-10-19 09:46:04";25
"2018-10-19 09:56:00";25
"2018-10-19 10:06:00";25
"2018-10-19 10:16:00";25
"2018-10-19 10:16:05";25
"2018-10-19 10:26:00";27
"2018-10-19 10:26:05";27
"2018-10-19 10:36:00";27
"2018-10-19 10:46:00";27
"2018-10-19 10:46:05";27
"2018-10-19 10:56:00";24
"2018-10-19 11:06:00";24
"2018-10-19 11:06:05";24
"2018-10-19 11:16:00";24
"2018-10-19 11:16:05";24
"2018-10-19 11:26:00";23
"2018-10-19 11:26:04";23
"2018-10-19 11:36:00";23
"2018-10-19 11:36:04";23
"2018-10-19 11:46:00";23
"2018-10-19 11:56:00";21
"2018-10-19 11:56:05";21
"2018-10-19 12:06:00";21
"2018-10-19 12:06:05";21
"2018-10-19 12:16:00";21
"2018-10-19 12:16:05";21
"2018-10-19 12:26:00";21
"2018-10-19 12:26:05";21
"2018-10-19 12:36:00";21
"2018-10-19 12:46:00";21
"2018-10-19 12:46:04";21
"2018-10-19 12:56:00";21
"2018-10-19 12:56:05";21
"2018-10-19 13:06:00";21
"2018-10-19 13:06:05";21
"2018-10-19 13:16:00";21
"2018-10-19 13:16:04";21
"2018-10-19 13:26:00";22
"2018-10-19 13:26:05";22
"2018-10-19 13:36:00";22
"2018-10-19 13:46:00";22
"2018-10-19 13:46:04";22
"2018-10-19 13:56:00";22
"2018-10-19 13:56:05";22
"2018-10-19 14:06:00";22
"2018-10-19 14:06:04";22
"2018-10-19 14:16:00";22
"2018-10-19 14:16:04";22
"2018-10-19 14:26:00";23
"2018-10-19 14:26:05";23
"2018-10-19 14:36:00";23
"2018-10-19 14:46:00";23
"2018-10-19 14:46:05";23
"2018-10-19 14:56:00";24
"2018-10-19 14:56:04";24
"2018-10-19 15:06:00";24
"2018-10-19 15:06:05";24
"2018-10-19 15:16:00";24
"2018-10-19 15:16:05";24
"2018-10-19 15:26:00";22
"2018-10-19 15:26:05";22
"2018-10-19 15:36:00";22
"2018-10-19 15:46:00";22
"2018-10-19 15:46:05";22
"2018-10-19 15:56:00";25
"2018-10-19 15:56:05";25
"2018-10-19 16:06:00";25
"2018-10-19 16:06:04";25
"2018-10-19 16:16:00";25
"2018-10-19 16:16:04";25
"2018-10-19 16:26:00";24
"2018-10-19 16:36:00";24
"2018-10-19 16:36:05";24
"2018-10-19 16:46:00";24
"2018-10-19 16:46:05";24
"2018-10-19 16:56:00";26
"2018-10-19 16:56:05";26
"2018-10-19 17:06:00";26
"2018-10-19 17:06:05";26
"2018-10-19 17:16:00";26
"2018-10-19 17:16:05";26
"2018-10-19 17:26:00";24
"2018-10-19 17:36:00";24
"2018-10-19 17:36:04";24
"2018-10-19 17:46:00";24
"2018-10-19 17:46:05";24
"2018-10-19 17:56:00";23
"2018-10-19 17:56:05";23
"2018-10-19 18:06:00";23
"2018-10-19 18:06:05";23
"2018-10-19 18:16:00";23
"2018-10-19 18:16:05";23
"2018-10-19 18:26:00";24
"2018-10-19 18:36:00";24
"2018-10-19 18:36:05";24
"2018-10-19 18:46:00";24
"2018-10-19 18:46:05";24
"2018-10-19 18:56:00";24
"2018-10-19 18:56:05";24
"2018-10-19 19:06:00";24
"2018-10-19 19:06:05";24
"2018-10-19 19:16:00";24
"2018-10-19 19:26:00";25
"2018-10-19 19:26:05";25
"2018-10-19 19:36:00";25
"2018-10-19 19:36:05";25
"2018-10-19 19:46:00";25
"2018-10-19 19:46:06";25
"2018-10-19 19:56:00";25
"2018-10-19 19:56:05";25
"2018-10-19 20:06:00";25
"2018-10-19 20:16:00";25
"2018-10-19 20:16:05";25
"2018-10-19 20:26:00";26
"2018-10-19 20:26:05";26
"2018-10-19 20:36:00";26
"2018-10-19 20:36:05";26
"2018-10-19 20:46:00";26
"2018-10-19 20:46:06";26
"2018-10-19 20:56:00";26
"2018-10-19 21:06:00";26
"2018-10-19 21:06:05";26
"2018-10-19 21:16:00";26
"2018-10-19 21:16:05";26
"2018-10-19 21:26:00";27
"2018-10-19 21:26:05";27
"2018-10-19 21:36:00";27
"2018-10-19 21:36:05";27
"2018-10-19 21:46:00";27
"2018-10-19 21:56:00";26
"2018-10-19 21:56:05";26
"2018-10-19 22:06:00";26
"2018-10-19 22:06:07";26
"2018-10-19 22:16:00";26
"2018-10-19 22:16:09";26
"2018-10-19 22:26:00";25
"2018-10-19 22:26:06";25
"2018-10-19 22:36:00";25
"2018-10-19 22:46:00";25
"2018-10-19 22:46:05";25
"2018-10-19 22:56:00";26
"2018-10-19 22:56:05";26
"2018-10-19 23:06:00";26
"2018-10-19 23:06:05";26
"2018-10-19 23:16:00";26
"2018-10-19 23:16:05";26
"2018-10-19 23:26:00";26
"2018-10-19 23:26:05";26
"2018-10-19 23:36:00";26
"2018-10-19 23:46:00";26
"2018-10-19 23:46:05";26
"2018-10-19 23:56:00";26
"2018-10-19 23:56:06";26
"2018-10-20 00:06:00";26
"2018-10-20 00:06:05";26
"2018-10-20 00:16:00";26
"2018-10-20 00:16:06";26
"2018-10-20 00:26:00";26
"2018-10-20 00:26:06";26
"2018-10-20 00:36:00";26
"2018-10-20 00:46:00";26
"2018-10-20 00:46:06";26
"2018-10-20 00:56:00";26
"2018-10-20 00:56:06";26
"2018-10-20 01:06:00";26
"2018-10-20 01:06:06";26
"2018-10-20 01:16:00";26
"2018-10-20 01:16:05";26
"2018-10-20 01:26:00";25
"2018-10-20 01:36:00";25
"2018-10-20 01:36:06";25
"2018-10-20 01:46:00";25
"2018-10-20 01:46:05";25
"2018-10-20 01:56:00";25
"2018-10-20 01:56:05";25
"2018-10-20 02:06:00";25
"2018-10-20 02:06:05";25
"2018-10-20 02:16:00";25
"2018-10-20 02:16:05";25
"2018-10-20 02:26:00";25
"2018-10-20 02:36:00";25
"2018-10-20 02:36:04";25
"2018-10-20 02:46:00";25
"2018-10-20 02:46:05";25
"2018-10-20 02:56:00";26
"2018-10-20 02:56:05";26
"2018-10-20 03:06:00";26
"2018-10-20 03:06:06";26
"2018-10-20 03:16:00";26
"2018-10-20 03:16:04";26
"2018-10-20 03:26:00";25
"2018-10-20 03:26:05";25
"2018-10-20 03:36:00";25
"2018-10-20 03:46:00";25
"2018-10-20 03:46:05";25
"2018-10-20 03:56:00";23
"2018-10-20 03:56:04";23
"2018-10-20 04:06:00";23
"2018-10-20 04:06:04";23
"2018-10-20 04:16:00";23
"2018-10-20 04:16:05";23
"2018-10-20 04:26:00";25
"2018-10-20 04:26:04";25
"2018-10-20 04:36:00";25
"2018-10-20 04:46:00";25
"2018-10-20 04:46:05";25
"2018-10-20 04:56:00";23
"2018-10-20 04:56:05";23
"2018-10-20 05:06:00";23
"2018-10-20 05:06:05";23
"2018-10-20 05:16:00";23
"2018-10-20 05:16:05";23
"2018-10-20 05:26:00";23
"2018-10-20 05:26:05";23
"2018-10-20 05:36:00";23
"2018-10-20 05:46:00";23
"2018-10-20 05:46:05";23
"2018-10-20 05:56:00";24
"2018-10-20 05:56:04";24
"2018-10-20 06:06:00";24
"2018-10-20 06:06:05";24
"2018-10-20 06:16:00";24
"2018-10-20 06:16:05";24
"2018-10-20 06:26:00";23
"2018-10-20 06:26:05";23
"2018-10-20 06:36:00";23
"2018-10-20 06:46:00";23
"2018-10-20 06:46:04";23
"2018-10-20 06:56:00";24
"2018-10-20 06:56:05";24
"2018-10-20 07:06:00";24
"2018-10-20 07:06:05";24
"2018-10-20 07:16:00";24
"2018-10-20 07:16:05";24
"2018-10-20 07:26:00";24
"2018-10-20 07:26:04";24
"2018-10-20 07:36:00";24
"2018-10-20 07:46:00";24
"2018-10-20 07:46:05";24
"2018-10-20 07:56:00";24
"2018-10-20 07:56:05";24
"2018-10-20 08:06:00";24
"2018-10-20 08:06:05";24
"2018-10-20 08:16:00";24
"2018-10-20 08:16:05";24
"2018-10-20 08:26:00";24
"2018-10-20 08:26:05";24
"2018-10-20 08:36:00";24
"2018-10-20 08:46:00";24
"2018-10-20 08:46:05";24
"2018-10-20 08:56:00";24
"2018-10-20 08:56:05";24
"2018-10-20 09:06:00";24
"2018-10-20 09:06:05";24
"2018-10-20 09:16:00";24
"2018-10-20 09:16:04";24
"2018-10-20 09:26:00";24
"2018-10-20 09:36:00";24
"2018-10-20 09:36:05";24
"2018-10-20 09:46:00";24
"2018-10-20 09:46:05";24
"2018-10-20 09:56:00";24
"2018-10-20 09:56:05";24
"2018-10-20 10:06:00";24
"2018-10-20 10:06:05";24
"2018-10-20 10:16:00";24
"2018-10-20 10:16:05";24
"2018-10-20 10:26:00";24
"2018-10-20 10:36:00";24
"2018-10-20 10:36:05";24
"2018-10-20 10:46:00";24
"2018-10-20 10:46:05";24
"2018-10-20 10:56:00";24
"2018-10-20 10:56:05";24
"2018-10-20 11:06:00";24
"2018-10-20 11:06:04";24
"2018-10-20 11:16:00";24
"2018-10-20 11:16:05";24
"2018-10-20 11:26:00";21
"2018-10-20 11:36:00";21
"2018-10-20 11:36:05";21
"2018-10-20 11:46:00";21
"2018-10-20 11:46:05";21
"2018-10-20 11:56:00";20
"2018-10-20 11:56:05";20
"2018-10-20 12:06:00";20
"2018-10-20 12:06:04";20
"2018-10-20 12:16:00";20
"2018-10-20 12:16:05";20
"2018-10-20 12:26:00";20
"2018-10-20 12:26:04";20
"2018-10-20 12:36:00";20
"2018-10-20 12:46:00";20
"2018-10-20 12:46:05";20
"2018-10-20 12:56:00";20
"2018-10-20 12:56:05";20
"2018-10-20 13:06:00";20
"2018-10-20 13:06:04";20
"2018-10-20 13:16:00";20
"2018-10-20 13:16:04";20
"2018-10-20 13:26:00";21
"2018-10-20 13:26:05";21
"2018-10-20 13:36:00";21
"2018-10-20 13:46:00";21
"2018-10-20 13:46:05";21
"2018-10-20 13:56:00";20
"2018-10-20 13:56:04";20
"2018-10-20 14:06:00";20
"2018-10-20 14:06:05";20
"2018-10-20 14:16:00";20
"2018-10-20 14:16:05";20
"2018-10-20 14:26:00";19
"2018-10-20 14:26:05";19
"2018-10-20 14:36:00";19
"2018-10-20 14:46:00";19
"2018-10-20 14:46:05";19
"2018-10-20 14:56:00";18
"2018-10-20 14:56:05";18
"2018-10-20 15:06:00";18
"2018-10-20 15:06:05";18
"2018-10-20 15:16:00";18
"2018-10-20 15:16:05";18
"2018-10-20 15:26:00";18
"2018-10-20 15:36:00";18
"2018-10-20 15:36:05";18
"2018-10-20 15:46:00";18
"2018-10-20 15:46:05";18
"2018-10-20 15:56:00";19
"2018-10-20 15:56:05";19
"2018-10-20 16:06:00";19
"2018-10-20 16:06:05";19
"2018-10-20 16:16:00";19
"2018-10-20 16:16:05";19
"2018-10-20 16:26:00";21
"2018-10-20 16:36:00";21
"2018-10-20 16:36:06";21
"2018-10-20 16:46:00";21
"2018-10-20 16:46:05";21
"2018-10-20 16:56:00";20
"2018-10-20 16:56:05";20
"2018-10-20 17:06:00";20
"2018-10-20 17:06:05";20
"2018-10-20 17:16:00";20
"2018-10-20 17:16:05";20
"2018-10-20 17:26:00";22
"2018-10-20 17:36:00";22
"2018-10-20 17:36:05";22
"2018-10-20 17:46:00";22
"2018-10-20 17:46:04";22
"2018-10-20 17:56:00";23
"2018-10-20 17:56:05";23
"2018-10-20 18:06:00";23
"2018-10-20 18:06:05";23
"2018-10-20 18:16:00";23
"2018-10-20 18:16:05";23
"2018-10-20 18:26:00";23
"2018-10-20 18:36:00";23
"2018-10-20 18:36:05";23
"2018-10-20 18:46:00";23
"2018-10-20 18:46:05";23
"2018-10-20 18:56:00";24
"2018-10-20 18:56:05";24
"2018-10-20 19:06:00";24
"2018-10-20 19:06:05";24
"2018-10-20 19:16:00";24
"2018-10-20 19:16:05";24
"2018-10-20 19:26:00";24
"2018-10-20 19:36:00";24
"2018-10-20 19:36:05";24
"2018-10-20 19:46:00";24
"2018-10-20 19:46:05";24
"2018-10-20 19:56:00";25
"2018-10-20 19:56:05";25
"2018-10-20 20:06:00";25
"2018-10-20 20:06:05";25
"2018-10-20 20:16:00";25
"2018-10-20 20:16:05";25
"2018-10-20 20:26:00";26
"2018-10-20 20:36:00";26
"2018-10-20 20:36:05";26
"2018-10-20 20:46:00";26
"2018-10-20 20:46:05";26
"2018-10-20 20:56:00";25
"2018-10-20 20:56:04";25
"2018-10-20 21:06:00";25
"2018-10-20 21:06:05";25
"2018-10-20 21:16:00";25
"2018-10-20 21:26:00";26
"2018-10-20 21:26:06";26
"2018-10-20 21:36:00";26
"2018-10-20 21:36:05";26
"2018-10-20 21:46:00";26
"2018-10-20 21:46:05";26
"2018-10-20 21:56:00";25
"2018-10-20 21:56:05";25
"2018-10-20 22:06:00";25
"2018-10-20 22:06:07";25
"2018-10-20 22:16:00";25
"2018-10-20 22:26:00";26
"2018-10-20 22:26:06";26
"2018-10-20 22:36:00";26
"2018-10-20 22:36:05";26
"2018-10-20 22:46:00";26
"2018-10-20 22:46:05";26
"2018-10-20 22:56:00";26
"2018-10-20 23:06:00";26
"2018-10-20 23:06:05";26
"2018-10-20 23:16:00";26
"2018-10-20 23:16:05";26
"2018-10-20 23:26:00";26
"2018-10-20 23:26:05";26
"2018-10-21 00:46:00";26
"2018-10-21 00:46:05";26
"2018-10-21 00:56:00";25
"2018-10-21 00:56:06";25
"2018-10-21 01:06:00";25
"2018-10-21 01:06:05";25
"2018-10-21 01:16:00";25
"2018-10-21 01:16:05";25
"2018-10-21 01:26:00";24
"2018-10-21 01:36:00";24
"2018-10-21 01:36:05";24
"2018-10-21 01:46:00";24
"2018-10-21 01:46:05";24
"2018-10-21 01:56:00";24
"2018-10-21 01:56:05";24
"2018-10-21 02:06:00";24
"2018-10-21 02:06:05";24
"2018-10-21 02:16:00";24
"2018-10-21 02:16:07";24
"2018-10-21 02:26:00";24
"2018-10-21 02:36:00";24
"2018-10-21 02:36:05";24
"2018-10-21 02:46:00";24
"2018-10-21 02:46:05";24
"2018-10-21 02:56:00";24
"2018-10-21 02:56:05";24
"2018-10-21 03:06:00";24
"2018-10-21 03:06:05";24
"2018-10-21 03:16:00";23
"2018-10-21 03:16:05";23
"2018-10-21 03:26:00";23
"2018-10-21 03:26:05";23
"2018-10-21 03:36:00";23
"2018-10-21 03:46:00";23
"2018-10-21 03:46:04";23
"2018-10-21 03:56:00";23
"2018-10-21 03:56:05";23
"2018-10-21 04:06:00";23
"2018-10-21 04:06:05";23
"2018-10-21 04:16:00";23
"2018-10-21 04:16:05";23
"2018-10-21 04:26:00";23
"2018-10-21 04:26:05";23
"2018-10-21 04:36:00";23
"2018-10-21 04:46:00";23
"2018-10-21 04:46:05";23
"2018-10-21 04:56:00";24
"2018-10-21 04:56:04";24
"2018-10-21 05:06:00";24
"2018-10-21 05:06:04";24
"2018-10-21 05:16:00";24
"2018-10-21 05:16:05";24
"2018-10-21 05:26:00";23
"2018-10-21 05:26:05";23
"2018-10-21 05:36:00";23
"2018-10-21 05:46:00";23
"2018-10-21 05:46:04";23
"2018-10-21 05:56:00";23
"2018-10-21 05:56:05";23
"2018-10-21 06:06:00";23
"2018-10-21 06:06:04";23
"2018-10-21 06:16:00";23
"2018-10-21 06:16:05";23
"2018-10-21 06:26:00";23
"2018-10-21 06:26:05";23
"2018-10-21 06:36:00";23
"2018-10-21 06:36:06";23
"2018-10-21 06:46:00";23
"2018-10-21 06:56:00";23
"2018-10-21 06:56:05";23
"2018-10-21 07:06:00";23
"2018-10-21 07:06:04";23
"2018-10-21 07:16:00";23
"2018-10-21 07:16:05";23
"2018-10-21 07:26:00";23
"2018-10-21 07:26:05";23
"2018-10-21 07:36:00";23
"2018-10-21 07:36:04";23
"2018-10-21 07:46:00";23
"2018-10-21 07:56:00";21
"2018-10-21 07:56:05";21
"2018-10-21 08:06:00";21
"2018-10-21 08:06:04";21
"2018-10-21 08:16:00";21
"2018-10-21 08:16:05";21
"2018-10-21 08:26:00";21
"2018-10-21 08:26:04";21
"2018-10-21 08:36:00";21
"2018-10-21 08:36:05";21
"2018-10-21 08:46:00";21
"2018-10-21 08:56:00";23
"2018-10-21 08:56:05";23
"2018-10-21 09:06:00";23
"2018-10-21 09:06:04";23
"2018-10-21 09:16:00";23
"2018-10-21 09:16:05";23
"2018-10-21 09:26:00";23
"2018-10-21 09:26:05";23
"2018-10-21 09:36:00";23
"2018-10-21 09:36:05";23
"2018-10-21 09:46:00";23
"2018-10-21 09:56:00";22
"2018-10-21 09:56:05";22
"2018-10-21 10:06:00";22
"2018-10-21 10:06:05";22
"2018-10-21 10:16:00";22
"2018-10-21 10:16:05";22
"2018-10-21 10:26:00";23
"2018-10-21 10:26:04";23
"2018-10-21 10:36:00";23
"2018-10-21 10:36:04";23
"2018-10-21 10:46:00";23
"2018-10-21 10:56:00";23
"2018-10-21 10:56:05";23
"2018-10-21 11:06:00";23
"2018-10-21 11:06:05";23
"2018-10-21 11:16:00";23
"2018-10-21 11:16:05";23
"2018-10-21 11:26:00";21
"2018-10-21 11:26:05";21
"2018-10-21 11:36:00";21
"2018-10-21 11:36:04";21
"2018-10-21 11:46:00";21
"2018-10-21 11:56:00";20
"2018-10-21 11:56:05";20
"2018-10-21 12:06:00";20
"2018-10-21 12:06:05";20
"2018-10-21 12:16:00";20
"2018-10-21 12:16:05";20
"2018-10-21 12:26:00";19
"2018-10-21 12:26:05";19
"2018-10-21 12:36:00";19
"2018-10-21 12:36:05";19
"2018-10-21 12:46:00";19
"2018-10-21 12:56:00";20
"2018-10-21 12:56:05";20
"2018-10-21 13:06:00";20
"2018-10-21 13:06:04";20
"2018-10-21 13:16:00";20
"2018-10-21 13:16:05";20
"2018-10-21 13:26:00";18
"2018-10-21 13:26:05";18
"2018-10-21 13:36:00";18
"2018-10-21 13:36:05";18
"2018-10-21 13:46:00";18
"2018-10-21 13:56:00";20
"2018-10-21 13:56:05";20
"2018-10-21 14:06:00";20
"2018-10-21 14:06:05";20
"2018-10-21 14:16:00";20
"2018-10-21 14:16:05";20
"2018-10-21 14:26:00";19
"2018-10-21 14:26:05";19
"2018-10-21 14:36:00";19
"2018-10-21 14:36:05";19
"2018-10-21 14:46:00";19
"2018-10-21 14:56:00";18
"2018-10-21 14:56:05";18
"2018-10-21 15:06:00";18
"2018-10-21 15:06:05";18
"2018-10-21 15:16:00";18
"2018-10-21 15:16:05";18
"2018-10-21 15:26:00";17
"2018-10-21 15:26:05";17
"2018-10-21 15:36:00";17
"2018-10-21 15:36:04";17
"2018-10-21 15:46:00";17
"2018-10-21 15:56:00";21
"2018-10-21 15:56:05";21
"2018-10-21 16:06:00";21
"2018-10-21 16:06:05";21
"2018-10-21 16:16:00";21
"2018-10-21 16:16:05";21
"2018-10-21 16:26:00";22
"2018-10-21 16:26:06";22
"2018-10-21 16:36:00";22
"2018-10-21 16:36:05";22
"2018-10-21 16:46:00";22
"2018-10-21 16:56:00";20
"2018-10-21 16:56:05";20
"2018-10-21 17:06:00";20
"2018-10-21 17:06:05";20
"2018-10-21 17:16:00";20
"2018-10-21 17:16:05";20
"2018-10-21 17:26:00";20
"2018-10-21 17:26:04";20
"2018-10-21 17:36:00";20
"2018-10-21 17:36:05";20
"2018-10-21 17:46:00";20
"2018-10-21 17:56:00";21
"2018-10-21 17:56:05";21
"2018-10-21 18:06:00";21
"2018-10-21 18:06:04";21
"2018-10-21 18:16:00";21
"2018-10-21 18:16:05";21
"2018-10-21 18:26:00";21
"2018-10-21 18:26:04";21
"2018-10-21 18:36:00";21
"2018-10-21 18:46:00";21
"2018-10-21 18:46:05";21
"2018-10-21 18:56:00";21
"2018-10-21 18:56:05";21
"2018-10-21 19:06:00";21
"2018-10-21 19:06:05";21
"2018-10-21 19:16:00";21
"2018-10-21 19:16:05";21
"2018-10-21 19:26:00";22
"2018-10-21 19:26:05";22
"2018-10-21 19:36:00";22
"2018-10-21 19:46:00";22
"2018-10-21 19:46:05";22
"2018-10-21 19:56:00";23
"2018-10-21 19:56:05";23
"2018-10-21 20:06:00";23
"2018-10-21 20:06:05";23
"2018-10-21 20:16:00";23
"2018-10-21 20:16:05";23
"2018-10-21 20:26:00";23
"2018-10-21 20:26:05";23
"2018-10-21 20:36:00";23
"2018-10-21 20:46:00";23
"2018-10-21 20:46:05";23
"2018-10-21 20:56:00";24
"2018-10-21 20:56:05";24
"2018-10-21 21:06:00";24
"2018-10-21 21:06:06";24
"2018-10-21 21:16:00";24
"2018-10-21 21:16:05";24
"2018-10-21 21:26:00";25
"2018-10-21 21:36:00";25
"2018-10-21 21:36:05";25
"2018-10-21 21:46:00";25
"2018-10-21 21:46:05";25
"2018-10-21 21:56:00";26
"2018-10-21 21:56:05";26
"2018-10-21 22:06:00";26
"2018-10-21 22:06:07";26
"2018-10-21 22:16:00";26
"2018-10-21 22:16:07";26
"2018-10-21 22:26:00";26
"2018-10-21 22:36:00";26
"2018-10-21 22:36:05";26
"2018-10-21 22:46:00";26
"2018-10-21 22:46:05";26
"2018-10-21 22:56:00";24
"2018-10-21 22:56:05";24
"2018-10-21 23:06:00";24
"2018-10-21 23:06:05";24
"2018-10-21 23:16:00";24
"2018-10-21 23:16:05";24
"2018-10-21 23:26:00";23
"2018-10-21 23:36:00";23
"2018-10-21 23:36:06";23
"2018-10-21 23:46:00";23
"2018-10-21 23:46:06";23
"2018-10-21 23:56:00";24
"2018-10-21 23:56:05";24
"2018-10-22 00:06:00";24
"2018-10-22 00:06:05";24
"2018-10-22 00:16:00";24
"2018-10-22 00:16:05";24
"2018-10-22 00:26:00";24
"2018-10-22 00:36:00";24
"2018-10-22 00:36:06";24
"2018-10-22 00:46:00";25
"2018-10-22 00:46:06";25
"2018-10-22 00:56:00";25
"2018-10-22 00:56:06";25
"2018-10-22 01:06:00";25
"2018-10-22 01:06:05";25
"2018-10-22 01:16:00";25
"2018-10-22 01:16:06";25
"2018-10-22 01:26:00";25
"2018-10-22 01:36:00";25
"2018-10-22 01:36:05";25
"2018-10-22 01:46:00";25
"2018-10-22 01:46:05";25
"2018-10-22 01:56:00";25
"2018-10-22 01:56:05";25
"2018-10-22 02:06:00";25
"2018-10-22 02:06:05";25
"2018-10-22 02:16:00";25
"2018-10-22 02:16:06";25
"2018-10-22 02:26:00";23
"2018-10-22 02:36:00";23
"2018-10-22 02:36:05";23
"2018-10-22 02:46:00";23
"2018-10-22 02:46:06";23
"2018-10-22 02:56:00";24
"2018-10-22 02:56:05";24
"2018-10-22 03:06:00";24
"2018-10-22 03:06:05";24
"2018-10-22 03:16:00";24
"2018-10-22 03:16:06";24
"2018-10-22 03:26:00";22
"2018-10-22 03:26:05";22
"2018-10-22 03:36:00";22
"2018-10-22 03:46:00";22
"2018-10-22 03:46:05";22
"2018-10-22 03:56:00";22
"2018-10-22 03:56:04";22
"2018-10-22 04:06:00";22
"2018-10-22 04:06:04";22
"2018-10-22 04:16:00";22
"2018-10-22 04:16:04";22
"2018-10-22 04:26:00";22
"2018-10-22 04:26:05";22
"2018-10-22 04:36:00";22
"2018-10-22 04:46:00";22
"2018-10-22 04:46:05";22
"2018-10-22 04:56:00";21
"2018-10-22 04:56:04";21
"2018-10-22 05:06:00";21
"2018-10-22 05:06:05";21
"2018-10-22 05:16:00";21
"2018-10-22 05:16:05";21
"2018-10-22 05:26:00";23
"2018-10-22 05:26:04";23
"2018-10-22 05:36:00";23
"2018-10-22 05:46:00";23
"2018-10-22 05:46:05";23
"2018-10-22 05:56:00";22
"2018-10-22 05:56:04";22
"2018-10-22 06:06:00";22
"2018-10-22 06:06:05";22
"2018-10-22 06:16:00";22
"2018-10-22 06:16:06";22
"2018-10-22 06:26:00";22
"2018-10-22 06:26:04";22
"2018-10-22 06:36:00";22
"2018-10-22 06:46:00";22
"2018-10-22 06:46:05";22
"2018-10-22 06:56:00";21
"2018-10-22 06:56:05";21
"2018-10-22 07:06:00";21
"2018-10-22 07:06:05";21
"2018-10-22 07:16:00";21
"2018-10-22 07:16:04";21
"2018-10-22 07:26:00";21
"2018-10-22 07:26:04";21
"2018-10-22 07:36:00";21
"2018-10-22 07:46:00";21
"2018-10-22 07:46:05";21
"2018-10-22 07:56:00";21
"2018-10-22 07:56:05";21
"2018-10-22 08:06:00";21
"2018-10-22 08:06:05";21
"2018-10-22 08:16:00";21
"2018-10-22 08:16:05";21
"2018-10-22 08:26:00";21
"2018-10-22 08:26:05";21
"2018-10-22 08:36:00";21
"2018-10-22 08:36:05";21
"2018-10-22 08:46:00";21
"2018-10-22 08:56:00";21
"2018-10-22 08:56:05";21
"2018-10-22 09:06:00";21
"2018-10-22 09:06:04";21
"2018-10-22 09:16:00";21
"2018-10-22 09:16:06";21
"2018-10-22 09:26:00";21
"2018-10-22 09:26:05";21
"2018-10-22 09:36:00";21
"2018-10-22 09:46:00";21
"2018-10-22 09:46:04";21
"2018-10-22 09:56:00";21
"2018-10-22 09:56:05";21
"2018-10-22 10:06:00";21
"2018-10-22 10:06:05";21
"2018-10-22 10:16:00";21
"2018-10-22 10:16:04";21
"2018-10-22 10:26:00";21
"2018-10-22 10:26:05";21
"2018-10-22 10:36:00";21
"2018-10-22 10:46:00";21
"2018-10-22 10:46:04";21
"2018-10-22 10:56:00";20
"2018-10-22 10:56:05";20
"2018-10-22 11:06:00";20
"2018-10-22 11:06:05";20
"2018-10-22 11:16:00";20
"2018-10-22 11:16:05";20
"2018-10-22 11:26:00";19
"2018-10-22 11:26:04";19
"2018-10-22 11:36:00";19
"2018-10-22 11:46:00";19
"2018-10-22 11:46:05";19
"2018-10-22 11:56:00";18
"2018-10-22 11:56:04";18
"2018-10-22 12:06:00";18
"2018-10-22 12:06:05";18
"2018-10-22 12:16:00";18
"2018-10-22 12:16:05";18
"2018-10-22 12:26:00";15
"2018-10-22 12:26:05";15
"2018-10-22 12:36:00";15
"2018-10-22 12:46:00";15
"2018-10-22 12:46:06";15
"2018-10-22 12:56:00";17
"2018-10-22 12:56:05";17
"2018-10-22 13:06:00";17
"2018-10-22 13:06:05";17
"2018-10-22 13:16:00";17
"2018-10-22 13:16:04";17
"2018-10-22 13:26:00";19
"2018-10-22 13:26:05";19
"2018-10-22 13:36:00";19
"2018-10-22 13:46:00";19
"2018-10-22 13:46:05";19
"2018-10-22 13:56:00";18
"2018-10-22 13:56:05";18
"2018-10-22 14:06:00";18
"2018-10-22 14:06:05";18
"2018-10-22 14:16:00";18
"2018-10-22 14:16:05";18
"2018-10-22 14:26:00";17
"2018-10-22 14:26:05";17
"2018-10-22 14:36:00";17
"2018-10-22 14:46:00";17
"2018-10-22 14:46:05";17
"2018-10-22 14:56:00";16
"2018-10-22 14:56:05";16
"2018-10-22 15:06:00";16
"2018-10-22 15:06:05";16
"2018-10-22 15:16:00";16
"2018-10-22 15:16:05";16
"2018-10-22 15:26:00";16
"2018-10-22 15:26:05";16
"2018-10-22 15:36:00";16
"2018-10-22 15:36:04";16
"2018-10-22 15:46:00";16
"2018-10-22 15:56:00";17
"2018-10-22 15:56:05";17
"2018-10-22 16:06:00";17
"2018-10-22 16:16:00";17
"2018-10-22 16:16:04";17
"2018-10-22 16:26:00";18
"2018-10-22 16:26:05";18
"2018-10-22 16:36:00";18
"2018-10-22 16:36:05";18
"2018-10-22 16:46:00";18
"2018-10-22 16:56:00";20
"2018-10-22 16:56:05";20
"2018-10-22 17:06:00";20
"2018-10-22 17:06:04";20
"2018-10-22 17:16:00";20
"2018-10-22 17:16:05";20
"2018-10-22 17:26:00";19
"2018-10-22 17:26:06";19
"2018-10-22 17:36:00";19
"2018-10-22 17:36:05";19
"2018-10-22 17:46:00";19
"2018-10-22 17:56:00";20
"2018-10-22 17:56:05";20
"2018-10-22 18:06:00";20
"2018-10-22 18:06:05";20
"2018-10-22 18:16:00";20
"2018-10-22 18:16:06";20
"2018-10-22 18:26:00";20
"2018-10-22 18:26:05";20
"2018-10-22 18:36:00";20
"2018-10-22 18:36:04";20
"2018-10-22 18:46:00";20
"2018-10-22 18:56:00";20
"2018-10-22 18:56:05";20
"2018-10-22 19:06:00";20
"2018-10-22 19:06:05";20
"2018-10-22 19:16:00";20
"2018-10-22 19:16:05";20
"2018-10-22 19:26:00";20
"2018-10-22 19:26:05";20
"2018-10-22 19:36:00";20
"2018-10-22 19:46:00";21
"2018-10-22 19:46:05";21
"2018-10-22 19:56:00";21
"2018-10-22 19:56:05";21
"2018-10-22 20:06:00";21
"2018-10-22 20:06:06";21
"2018-10-22 20:16:00";21
"2018-10-22 20:16:05";21
"2018-10-22 20:26:00";21
"2018-10-22 20:36:00";21
"2018-10-22 20:36:05";21
"2018-10-22 20:46:00";21
"2018-10-22 20:46:05";21
"2018-10-22 20:56:00";22
"2018-10-22 20:56:05";22
"2018-10-22 21:06:00";22
"2018-10-22 21:06:05";22
"2018-10-22 21:16:00";22
"2018-10-22 21:16:06";22
"2018-10-22 21:26:00";23
"2018-10-22 21:36:00";23
"2018-10-22 21:36:05";23
"2018-10-22 21:46:00";23
"2018-10-22 21:46:05";23
"2018-10-22 21:56:00";22
"2018-10-22 21:56:05";22
"2018-10-22 22:06:00";22
"2018-10-22 22:06:07";22
"2018-10-22 22:16:00";22
"2018-10-22 22:26:00";21
"2018-10-22 22:26:06";21
"2018-10-22 22:36:00";21
"2018-10-22 22:36:05";21
"2018-10-22 22:46:00";21
"2018-10-22 22:46:05";21
"2018-10-22 22:56:00";21
"2018-10-22 22:56:05";21
"2018-10-22 23:06:00";22
"2018-10-22 23:06:05";22
"2018-10-22 23:16:00";23
"2018-10-22 23:26:00";23
"2018-10-22 23:26:05";23
"2018-10-22 23:36:00";23
"2018-10-22 23:36:06";23
"2018-10-22 23:46:00";23
"2018-10-22 23:46:05";23
"2018-10-22 23:56:00";21
"2018-10-22 23:56:06";21
"2018-10-23 00:06:00";21
"2018-10-23 00:16:00";21
"2018-10-23 00:16:06";21
"2018-10-23 00:26:00";21
"2018-10-23 00:26:05";21
"2018-10-23 00:36:00";21
"2018-10-23 00:36:05";21
"2018-10-23 00:46:00";21
"2018-10-23 00:46:05";21
"2018-10-23 00:56:00";22
"2018-10-23 00:56:06";22
"2018-10-23 01:06:00";22
"2018-10-23 01:16:00";22
"2018-10-23 01:16:05";22
"2018-10-23 01:26:00";21
"2018-10-23 01:26:05";21
"2018-10-23 01:36:00";21
"2018-10-23 01:36:05";21
"2018-10-23 01:46:00";21
"2018-10-23 01:46:05";21
"2018-10-23 01:56:00";20
"2018-10-23 01:56:05";20
"2018-10-23 02:06:00";20
"2018-10-23 02:06:05";20
"2018-10-23 02:16:00";20
"2018-10-23 02:26:00";21
"2018-10-23 02:26:05";21
"2018-10-23 02:36:00";21
"2018-10-23 02:36:05";21
"2018-10-23 02:46:00";21
"2018-10-23 02:46:06";21
"2018-10-23 02:56:00";21
"2018-10-23 02:56:05";21
"2018-10-23 03:06:00";21
"2018-10-23 03:06:04";21
"2018-10-23 03:16:00";21
"2018-10-23 03:26:00";21
"2018-10-23 03:26:04";21
"2018-10-23 03:36:00";21
"2018-10-23 03:36:05";21
"2018-10-23 03:46:00";21
"2018-10-23 03:46:05";21
"2018-10-23 03:56:00";21
"2018-10-23 03:56:05";21
"2018-10-23 04:06:00";21
"2018-10-23 04:06:05";21
"2018-10-23 04:16:00";21
"2018-10-23 04:26:00";21
"2018-10-23 04:26:05";21
"2018-10-23 04:36:00";21
"2018-10-23 04:36:05";21
"2018-10-23 04:46:00";21
"2018-10-23 04:46:04";21
"2018-10-23 04:56:00";20
"2018-10-23 04:56:04";20
"2018-10-23 05:06:00";20
"2018-10-23 05:06:04";20
"2018-10-23 05:16:00";20
"2018-10-23 05:26:00";20
"2018-10-23 05:26:04";20
"2018-10-23 05:36:00";20
"2018-10-23 05:36:05";20
"2018-10-23 05:46:00";20
"2018-10-23 05:46:05";20
"2018-10-23 05:56:00";19
"2018-10-23 05:56:05";19
"2018-10-23 06:06:00";19
"2018-10-23 06:06:05";19
"2018-10-23 06:16:00";19
"2018-10-23 06:26:00";20
"2018-10-23 06:26:05";20
"2018-10-23 06:36:00";20
"2018-10-23 06:36:05";20
"2018-10-23 06:46:00";20
"2018-10-23 06:46:05";20
"2018-10-23 06:56:00";19
"2018-10-23 06:56:05";19
"2018-10-23 07:06:00";19
"2018-10-23 07:06:05";19
"2018-10-23 07:16:00";19
"2018-10-23 07:26:00";19
"2018-10-23 07:26:05";19
"2018-10-23 07:36:00";19
"2018-10-23 07:36:05";19
"2018-10-23 07:46:00";19
"2018-10-23 07:46:04";19
"2018-10-23 07:56:00";20
"2018-10-23 07:56:05";20
"2018-10-23 08:06:00";20
"2018-10-23 08:06:05";20
"2018-10-23 08:16:00";20
"2018-10-23 08:26:00";19
"2018-10-23 08:26:05";19
"2018-10-23 08:36:00";19
"2018-10-23 08:36:05";19
"2018-10-23 08:46:00";19
"2018-10-23 08:46:05";19
"2018-10-23 08:56:00";20
"2018-10-23 08:56:04";20
"2018-10-23 09:06:00";20
"2018-10-23 09:06:05";20
"2018-10-23 09:16:00";20
"2018-10-23 09:26:00";20
"2018-10-23 09:26:05";20
"2018-10-23 09:36:00";20
"2018-10-23 09:36:05";20
"2018-10-23 09:46:00";20
"2018-10-23 09:46:05";20
"2018-10-23 09:56:00";20
"2018-10-23 09:56:05";20
"2018-10-23 10:06:00";20
"2018-10-23 10:06:06";20
"2018-10-23 10:16:00";20
"2018-10-23 10:26:00";21
"2018-10-23 10:26:05";21
"2018-10-23 10:36:00";21
"2018-10-23 10:36:05";21
"2018-10-23 10:46:00";21
"2018-10-23 10:46:05";21
"2018-10-23 10:56:00";19
"2018-10-23 10:56:05";19
"2018-10-23 11:06:00";19
"2018-10-23 11:16:00";19
"2018-10-23 11:16:04";19
"2018-10-23 11:26:00";17
"2018-10-23 11:26:04";17
"2018-10-23 11:36:00";17
"2018-10-23 11:36:04";17
"2018-10-23 11:46:00";17
"2018-10-23 11:46:05";17
"2018-10-23 11:56:00";14
"2018-10-23 11:56:05";14
"2018-10-23 12:06:00";14
"2018-10-23 12:16:00";14
"2018-10-23 12:16:05";14
"2018-10-23 12:26:00";12
"2018-10-23 12:26:05";12
"2018-10-23 12:36:00";12
"2018-10-23 12:36:04";12
"2018-10-23 12:46:00";12
"2018-10-23 12:46:05";12
"2018-10-23 12:56:00";11
"2018-10-23 13:06:00";11
"2018-10-23 13:06:05";11
"2018-10-23 13:16:00";11
"2018-10-23 13:16:05";11
"2018-10-23 13:26:00";11
"2018-10-23 13:26:06";11
"2018-10-23 13:36:00";11
"2018-10-23 13:36:05";11
"2018-10-23 13:46:00";11
"2018-10-23 13:46:06";11
"2018-10-23 13:56:00";15
"2018-10-23 14:06:00";15
"2018-10-23 14:06:04";15
"2018-10-23 14:16:00";15
"2018-10-23 14:16:05";15
"2018-10-23 14:26:00";13
"2018-10-23 14:26:07";13
"2018-10-23 14:36:00";13
"2018-10-23 14:36:05";13
"2018-10-23 14:46:00";13
"2018-10-23 14:56:00";16
"2018-10-23 14:56:04";16
"2018-10-23 15:06:00";16
"2018-10-23 15:06:04";16
"2018-10-23 15:16:00";16
"2018-10-23 15:16:05";16
"2018-10-23 15:26:00";15
"2018-10-23 15:26:05";15
"2018-10-23 15:36:00";15
"2018-10-23 15:36:05";15
"2018-10-23 15:46:00";15
"2018-10-23 15:56:00";18
"2018-10-23 15:56:05";18
"2018-10-23 16:06:00";18
"2018-10-23 16:06:05";18
"2018-10-23 16:16:00";18
"2018-10-23 16:16:05";18
"2018-10-23 16:26:00";18
"2018-10-23 16:26:05";18
"2018-10-23 16:36:00";18
"2018-10-23 16:46:00";18
"2018-10-23 16:46:05";18
"2018-10-23 16:56:00";16
"2018-10-23 16:56:05";16
"2018-10-23 17:06:00";16
"2018-10-23 17:06:05";16
"2018-10-23 17:16:00";16
"2018-10-23 17:16:05";16
"2018-10-23 17:26:00";17
"2018-10-23 17:36:00";17
"2018-10-23 17:36:05";17
"2018-10-23 17:46:00";17
"2018-10-23 17:46:06";17
"2018-10-23 17:56:00";17
"2018-10-23 17:56:05";17
"2018-10-23 18:06:00";17
"2018-10-23 18:06:04";17
"2018-10-23 18:16:00";17
"2018-10-23 18:16:05";17
"2018-10-23 18:26:00";18
"2018-10-23 18:36:00";18
"2018-10-23 18:36:05";18
"2018-10-23 18:46:00";18
"2018-10-23 18:46:05";18
"2018-10-23 18:56:00";20
"2018-10-23 18:56:05";20
"2018-10-23 19:06:00";20
"2018-10-23 19:06:05";20
"2018-10-23 19:16:00";20
"2018-10-23 19:26:00";20
"2018-10-23 19:26:05";20
"2018-10-23 19:36:00";20
"2018-10-23 19:36:05";20
"2018-10-23 19:46:00";20
"2018-10-23 19:46:05";20
"2018-10-23 19:56:00";23
"2018-10-23 19:56:05";23
"2018-10-23 20:06:00";23
"2018-10-23 20:06:05";23
"2018-10-23 20:16:00";23
"2018-10-23 20:26:00";23
"2018-10-23 20:26:05";23
"2018-10-23 20:36:00";23
"2018-10-23 20:36:05";23
"2018-10-23 20:46:00";23
"2018-10-23 20:46:05";23
"2018-10-23 20:56:00";26
"2018-10-23 20:56:05";26
"2018-10-23 21:06:00";26
"2018-10-23 21:06:05";26
"2018-10-23 21:16:00";26
"2018-10-23 21:26:00";25
"2018-10-23 21:26:05";25
"2018-10-23 21:36:00";25
"2018-10-23 21:36:05";25
"2018-10-23 21:46:00";25
"2018-10-23 21:46:05";25
"2018-10-23 21:56:00";25
"2018-10-23 21:56:05";25
"2018-10-23 22:06:00";25
"2018-10-23 22:16:00";25
"2018-10-23 22:16:06";25
"2018-10-23 22:26:00";23
"2018-10-23 22:26:07";23
"2018-10-23 22:36:00";23
"2018-10-23 22:36:05";23
"2018-10-23 22:46:00";23
"2018-10-23 22:46:05";23
"2018-10-23 22:56:00";23
"2018-10-23 23:06:00";23
"2018-10-23 23:06:05";23
"2018-10-23 23:16:00";23
"2018-10-23 23:16:05";23
"2018-10-23 23:26:00";23
"2018-10-23 23:26:05";23
"2018-10-23 23:36:00";23
"2018-10-23 23:36:06";23
"2018-10-23 23:46:00";23
"2018-10-23 23:46:06";23
"2018-10-23 23:56:00";22
"2018-10-24 00:06:00";22
"2018-10-24 00:06:06";22
"2018-10-24 00:16:00";22
"2018-10-24 00:16:06";22
"2018-10-24 00:26:00";23
"2018-10-24 00:26:06";23
"2018-10-24 00:36:00";23
"2018-10-24 00:36:05";23
"2018-10-24 00:46:00";23
"2018-10-24 00:46:05";23
"2018-10-24 00:56:00";21
"2018-10-24 01:06:00";21
"2018-10-24 01:06:05";21
"2018-10-24 01:16:00";21
"2018-10-24 01:16:06";21
"2018-10-24 01:26:00";21
"2018-10-24 01:26:05";21
"2018-10-24 01:36:00";21
"2018-10-24 01:36:05";21
"2018-10-24 01:46:00";21
"2018-10-24 01:46:06";21
"2018-10-24 01:56:00";23
"2018-10-24 02:06:00";23
"2018-10-24 02:06:05";23
"2018-10-24 02:16:00";23
"2018-10-24 02:16:04";23
"2018-10-24 02:26:00";21
"2018-10-24 02:26:06";21
"2018-10-24 02:36:00";21
"2018-10-24 02:36:05";21
"2018-10-24 02:46:00";21
"2018-10-24 02:46:05";21
"2018-10-24 02:56:00";22
"2018-10-24 03:06:00";22
"2018-10-24 03:06:05";22
"2018-10-24 03:16:00";22
"2018-10-24 03:16:05";22
"2018-10-24 03:26:00";21
"2018-10-24 03:26:04";21
"2018-10-24 03:36:00";21
"2018-10-24 03:36:05";21
"2018-10-24 03:46:00";21
"2018-10-24 03:46:04";21
"2018-10-24 03:56:00";21
"2018-10-24 04:06:00";21
"2018-10-24 04:06:04";21
"2018-10-24 04:16:00";21
"2018-10-24 04:16:05";21
"2018-10-24 04:26:00";20
"2018-10-24 04:26:04";20
"2018-10-24 04:36:00";20
"2018-10-24 04:36:04";20
"2018-10-24 04:46:00";20
"2018-10-24 04:46:05";20
"2018-10-24 04:56:00";19
"2018-10-24 05:06:00";19
"2018-10-24 05:06:04";19
"2018-10-24 05:16:00";19
"2018-10-24 05:16:05";19
"2018-10-24 05:26:00";21
"2018-10-24 05:26:05";21
"2018-10-24 05:36:00";21
"2018-10-24 05:36:05";21
"2018-10-24 05:46:00";21
"2018-10-24 05:56:00";19
"2018-10-24 05:56:05";19
"2018-10-24 06:06:00";19
"2018-10-24 06:06:05";19
"2018-10-24 06:16:00";19
"2018-10-24 06:16:05";19
"2018-10-24 06:26:00";19
"2018-10-24 06:26:05";19
"2018-10-24 06:36:00";19
"2018-10-24 06:36:04";19
"2018-10-24 06:46:00";19
"2018-10-24 06:56:00";21
"2018-10-24 06:56:05";21
"2018-10-24 07:06:00";21
"2018-10-24 07:06:05";21
"2018-10-24 07:16:00";21
"2018-10-24 07:16:05";21
"2018-10-24 07:26:00";21
"2018-10-24 07:26:05";21
"2018-10-24 07:36:00";21
"2018-10-24 07:36:05";21
"2018-10-24 07:46:00";21
"2018-10-24 07:56:00";20
"2018-10-24 07:56:05";20
"2018-10-24 08:06:00";20
"2018-10-24 08:06:05";20
"2018-10-24 08:16:00";20
"2018-10-24 08:16:04";20
"2018-10-24 08:26:00";20
"2018-10-24 08:26:05";20
"2018-10-24 08:36:00";20
"2018-10-24 08:46:00";20
"2018-10-24 08:46:05";20
"2018-10-24 08:56:00";20
"2018-10-24 08:56:05";20
"2018-10-24 09:06:00";20
"2018-10-24 09:06:05";20
"2018-10-24 09:16:00";20
"2018-10-24 09:16:05";20
"2018-10-24 09:26:00";22
"2018-10-24 09:36:00";22
"2018-10-24 09:36:05";22
"2018-10-24 09:46:00";22
"2018-10-24 09:46:05";22
"2018-10-24 09:56:00";18
"2018-10-24 09:56:05";18
"2018-10-24 10:06:00";18
"2018-10-24 10:06:07";18
"2018-10-24 10:16:00";18
"2018-10-24 10:16:05";18
"2018-10-24 10:26:00";20
"2018-10-24 10:36:00";20
"2018-10-24 10:36:05";20
"2018-10-24 10:46:00";20
"2018-10-24 10:46:05";20
"2018-10-24 10:56:00";21
"2018-10-24 10:56:05";21
"2018-10-24 11:06:00";21
"2018-10-24 11:06:05";21
"2018-10-24 11:16:00";21
"2018-10-24 11:16:05";21
"2018-10-24 11:26:00";18
"2018-10-24 11:36:00";18
"2018-10-24 11:36:04";18
"2018-10-24 11:46:00";18
"2018-10-24 11:46:05";18
"2018-10-24 11:56:00";18
"2018-10-24 11:56:05";18
"2018-10-24 12:06:00";18
"2018-10-24 12:06:05";18
"2018-10-24 12:16:00";18
"2018-10-24 12:26:00";16
"2018-10-24 12:26:05";16
"2018-10-24 12:36:00";16
"2018-10-24 12:36:04";16
"2018-10-24 12:46:00";16
"2018-10-24 12:46:05";16
"2018-10-24 12:56:00";13
"2018-10-24 12:56:05";13
"2018-10-24 13:06:00";13
"2018-10-24 13:06:05";13
"2018-10-24 13:16:00";13
"2018-10-24 13:26:00";13
"2018-10-24 13:26:05";13
"2018-10-24 13:36:00";13
"2018-10-24 13:36:04";13
"2018-10-24 13:46:00";13
"2018-10-24 13:46:05";13
"2018-10-24 13:56:00";14
"2018-10-24 13:56:05";14
"2018-10-24 14:06:00";14
"2018-10-24 14:06:04";14
"2018-10-24 14:16:00";14
"2018-10-24 14:26:00";11
"2018-10-24 14:26:04";11
"2018-10-24 14:36:00";11
"2018-10-24 14:36:04";11
"2018-10-24 14:46:00";11
"2018-10-24 14:46:05";11
"2018-10-24 14:56:00";8
"2018-10-24 14:56:05";8
"2018-10-24 15:06:00";8
"2018-10-24 15:06:05";8
"2018-10-24 15:16:00";8
"2018-10-24 15:26:00";12
"2018-10-24 15:26:06";12
"2018-10-24 15:36:00";12
"2018-10-24 15:36:05";12
"2018-10-24 15:46:00";12
"2018-10-24 15:46:04";12
"2018-10-24 15:56:00";13
"2018-10-24 15:56:05";13
"2018-10-24 16:06:00";13
"2018-10-24 16:16:00";13
"2018-10-24 16:16:05";13
"2018-10-24 16:26:00";16
"2018-10-24 16:26:05";16
"2018-10-24 16:36:00";16
"2018-10-24 16:36:04";16
"2018-10-24 16:46:00";16
"2018-10-24 16:46:05";16
"2018-10-24 16:56:00";17
"2018-10-24 16:56:05";17
"2018-10-24 17:06:00";17
"2018-10-24 17:16:00";17
"2018-10-24 17:16:05";17
"2018-10-24 17:26:00";18
"2018-10-24 17:26:05";18
"2018-10-24 17:36:00";18
"2018-10-24 17:36:04";18
"2018-10-24 17:46:00";18
"2018-10-24 17:46:05";18
"2018-10-24 17:56:00";19
"2018-10-24 18:06:00";19
"2018-10-24 18:06:05";19
"2018-10-24 18:16:00";19
"2018-10-24 18:16:04";19
"2018-10-24 18:26:00";20
"2018-10-24 18:26:04";20
"2018-10-24 18:36:00";20
"2018-10-24 18:36:04";20
"2018-10-24 18:46:00";20
"2018-10-24 18:46:05";20
"2018-10-24 18:56:00";20
"2018-10-24 19:06:00";20
"2018-10-24 19:06:05";20
"2018-10-24 19:16:00";20
"2018-10-24 19:16:05";20
"2018-10-24 19:26:00";21
"2018-10-24 19:26:04";21
"2018-10-24 19:36:00";21
"2018-10-24 19:36:05";21
"2018-10-24 19:46:00";21
"2018-10-24 19:46:05";21
"2018-10-24 19:56:00";22
"2018-10-24 20:06:00";22
"2018-10-24 20:06:05";22
"2018-10-24 20:16:00";22
"2018-10-24 20:16:05";22
"2018-10-24 20:26:00";23
"2018-10-24 20:26:05";23
"2018-10-24 20:36:00";23
"2018-10-24 20:36:05";23
"2018-10-24 20:46:00";23
"2018-10-24 20:56:00";23
"2018-10-24 20:56:05";23
"2018-10-24 21:06:00";23
"2018-10-24 21:06:05";23
"2018-10-24 21:16:00";23
"2018-10-24 21:16:05";23
"2018-10-24 21:26:00";22
"2018-10-24 21:26:05";22
"2018-10-24 21:36:00";22
"2018-10-24 21:36:07";22
"2018-10-24 21:46:00";22
"2018-10-24 21:56:00";23
"2018-10-24 21:56:05";23
"2018-10-24 22:06:00";23
"2018-10-24 22:06:06";23
"2018-10-24 22:16:00";23
"2018-10-24 22:16:07";23
"2018-10-24 22:26:00";22
"2018-10-24 22:26:06";22
"2018-10-24 22:36:00";22
"2018-10-24 22:46:00";22
"2018-10-24 22:46:05";22
"2018-10-24 22:56:00";22
"2018-10-24 22:56:05";22
"2018-10-24 23:06:00";22
"2018-10-24 23:06:05";22
"2018-10-24 23:16:00";22
"2018-10-24 23:16:05";22
"2018-10-24 23:26:00";21
"2018-10-24 23:26:05";21
"2018-10-24 23:36:00";21
"2018-10-24 23:46:00";21
"2018-10-24 23:46:06";21
"2018-10-24 23:56:00";23
"2018-10-24 23:56:06";23
"2018-10-25 00:06:00";23
"2018-10-25 00:06:06";23
"2018-10-25 00:16:00";23
"2018-10-25 00:16:06";23
"2018-10-25 00:26:00";23
"2018-10-25 00:36:00";23
"2018-10-25 00:36:05";23
"2018-10-25 00:46:00";23
"2018-10-25 00:46:06";23
"2018-10-25 00:56:00";21
"2018-10-25 00:56:07";21
"2018-10-25 01:06:00";21
"2018-10-25 01:06:06";21
"2018-10-25 01:16:00";21
"2018-10-25 01:16:05";21
"2018-10-25 01:26:00";22
"2018-10-25 01:36:00";22
"2018-10-25 01:36:05";22
"2018-10-25 01:46:00";22
"2018-10-25 01:46:05";22
"2018-10-25 01:56:00";21
"2018-10-25 01:56:05";21
"2018-10-25 02:06:00";21
"2018-10-25 02:06:04";21
"2018-10-25 02:16:00";21
"2018-10-25 02:16:05";21
"2018-10-25 02:26:00";21
"2018-10-25 02:26:04";21
"2018-10-25 02:36:00";21
"2018-10-25 02:46:00";21
"2018-10-25 02:46:05";21
"2018-10-25 02:56:00";22
"2018-10-25 02:56:05";22
"2018-10-25 03:06:00";22
"2018-10-25 03:06:05";22
"2018-10-25 03:16:00";22
"2018-10-25 03:16:05";22
"2018-10-25 03:26:00";22
"2018-10-25 03:26:05";22
"2018-10-25 03:36:00";22
"2018-10-25 03:46:00";22
"2018-10-25 03:46:05";22
"2018-10-25 03:56:00";21
"2018-10-25 03:56:04";21
"2018-10-25 04:06:00";21
"2018-10-25 04:06:04";21
"2018-10-25 04:16:00";21
"2018-10-25 04:16:05";21
"2018-10-25 04:26:00";20
"2018-10-25 04:26:04";20
"2018-10-25 04:36:00";20
"2018-10-25 04:46:00";20
"2018-10-25 04:46:05";20
"2018-10-25 04:56:00";20
"2018-10-25 04:56:05";20
"2018-10-25 05:06:00";20
"2018-10-25 05:06:04";20
"2018-10-25 05:16:00";20
"2018-10-25 05:16:04";20
"2018-10-25 05:26:00";18
"2018-10-25 05:36:00";18
"2018-10-25 05:36:06";18
"2018-10-25 05:46:00";18
"2018-10-25 05:46:05";18
"2018-10-25 05:56:00";20
"2018-10-25 05:56:05";20
"2018-10-25 06:06:00";20
"2018-10-25 06:06:04";20
"2018-10-25 06:16:00";20
"2018-10-25 06:16:05";20
"2018-10-25 06:26:00";20
"2018-10-25 06:36:00";20
"2018-10-25 06:36:05";20
"2018-10-25 06:46:00";20
"2018-10-25 06:46:05";20
"2018-10-25 06:56:00";19
"2018-10-25 06:56:04";19
"2018-10-25 07:06:00";19
"2018-10-25 07:06:05";19
"2018-10-25 07:16:00";19
"2018-10-25 07:16:04";19
"2018-10-25 07:26:00";19
"2018-10-25 07:36:00";19
"2018-10-25 07:36:04";19
"2018-10-25 07:46:00";19
"2018-10-25 07:46:05";19
"2018-10-25 07:56:00";19
"2018-10-25 07:56:04";19
"2018-10-25 08:06:00";19
"2018-10-25 08:06:04";19
"2018-10-25 08:16:00";19
"2018-10-25 08:26:00";20
"2018-10-25 08:26:05";20
"2018-10-25 08:36:00";20
"2018-10-25 08:36:04";20
"2018-10-25 08:46:00";20
"2018-10-25 08:46:05";20
"2018-10-25 08:56:00";19
"2018-10-25 08:56:05";19
"2018-10-25 09:06:00";19
"2018-10-25 09:06:05";19
"2018-10-25 09:16:00";19
"2018-10-25 09:26:00";20
"2018-10-25 09:26:04";20
"2018-10-25 09:36:00";20
"2018-10-25 09:36:05";20
"2018-10-25 09:46:00";20
"2018-10-25 09:46:05";20
"2018-10-25 09:56:00";18
"2018-10-25 09:56:05";18
"2018-10-25 10:06:00";18
"2018-10-25 10:06:05";18
"2018-10-25 10:16:00";18
"2018-10-25 10:26:00";22
"2018-10-25 10:26:05";22
"2018-10-25 10:36:00";22
"2018-10-25 10:36:05";22
"2018-10-25 10:46:00";22
"2018-10-25 10:46:05";22
"2018-10-25 10:56:00";20
"2018-10-25 10:56:05";20
"2018-10-25 11:06:00";20
"2018-10-25 11:16:00";20
"2018-10-25 11:16:04";20
"2018-10-25 11:26:00";19
"2018-10-25 11:26:05";19
"2018-10-25 11:36:00";19
"2018-10-25 11:36:05";19
"2018-10-25 11:46:00";19
"2018-10-25 11:46:05";19
"2018-10-25 11:56:00";14
"2018-10-25 11:56:05";14
"2018-10-25 12:06:00";14
"2018-10-25 12:16:00";14
"2018-10-25 12:16:04";14
"2018-10-25 12:26:00";16
"2018-10-25 12:26:05";16
"2018-10-25 12:36:00";16
"2018-10-25 12:36:05";16
"2018-10-25 12:46:00";16
"2018-10-25 12:46:05";16
"2018-10-25 12:56:00";17
"2018-10-25 12:56:04";17
"2018-10-25 13:06:00";17
"2018-10-25 13:16:00";17
"2018-10-25 13:16:05";17
"2018-10-25 13:26:00";15
"2018-10-25 13:26:05";15
"2018-10-25 13:36:00";15
"2018-10-25 13:36:04";15
"2018-10-25 13:46:00";15
"2018-10-25 13:46:05";15
"2018-10-25 13:56:00";13
"2018-10-25 14:06:00";13
"2018-10-25 14:06:05";13
"2018-10-25 14:16:00";13
"2018-10-25 14:16:05";13
"2018-10-25 14:26:00";14
"2018-10-25 14:26:04";14
"2018-10-25 14:36:00";14
"2018-10-25 14:36:05";14
"2018-10-25 14:46:00";14
"2018-10-25 14:46:05";14
"2018-10-25 14:56:00";14
"2018-10-25 15:06:00";12
"2018-10-25 15:06:05";12
"2018-10-25 15:16:00";12
"2018-10-25 15:16:05";12
"2018-10-25 15:26:00";14
"2018-10-25 15:26:05";14
"2018-10-25 15:36:00";14
"2018-10-25 15:36:05";14
"2018-10-25 15:46:00";14
"2018-10-25 15:46:05";14
"2018-10-25 15:56:00";14
"2018-10-25 16:06:00";14
"2018-10-25 16:06:04";14
"2018-10-25 16:16:00";14
"2018-10-25 16:16:05";14
"2018-10-25 16:26:00";16
"2018-10-25 16:26:05";16
"2018-10-25 16:36:00";16
"2018-10-25 16:36:05";16
"2018-10-25 16:46:00";16
"2018-10-25 16:56:00";15
"2018-10-25 16:56:05";15
"2018-10-25 17:06:00";15
"2018-10-25 17:06:04";15
"2018-10-25 17:16:00";15
"2018-10-25 17:16:05";15
"2018-10-25 17:26:00";17
"2018-10-25 17:26:05";17
"2018-10-25 17:36:00";17
"2018-10-25 17:36:05";17
"2018-10-25 17:46:00";17
"2018-10-25 17:56:00";18
"2018-10-25 17:56:05";18
"2018-10-25 18:06:00";18
"2018-10-25 18:06:05";18
"2018-10-25 18:16:00";18
"2018-10-25 18:16:05";18
"2018-10-25 18:26:00";20
"2018-10-25 18:26:05";20
"2018-10-25 18:36:00";20
"2018-10-25 18:46:00";20
"2018-10-25 18:46:05";20
"2018-10-25 18:56:00";21
"2018-10-25 18:56:05";21
"2018-10-25 19:06:00";21
"2018-10-25 19:06:05";21
"2018-10-25 19:16:00";21
"2018-10-25 19:26:00";21
"2018-10-25 19:36:00";21
"2018-10-25 19:36:05";21
"2018-10-25 19:46:00";21
"2018-10-25 19:46:05";21
"2018-10-25 19:56:00";21
"2018-10-25 20:06:00";21
"2018-10-25 20:06:05";21
"2018-10-25 20:16:00";21
"2018-10-25 20:16:05";21
"2018-10-25 20:26:00";23
"2018-10-25 20:26:05";23
"2018-10-25 20:36:00";23
"2018-10-25 20:46:00";23
"2018-10-25 20:46:06";23
"2018-10-25 20:56:00";23
"2018-10-25 20:56:05";23
"2018-10-25 21:06:00";23
"2018-10-25 21:06:05";23
"2018-10-25 21:16:00";23
"2018-10-25 21:16:05";23
"2018-10-25 21:26:00";23
"2018-10-25 21:36:00";23
"2018-10-25 21:36:05";23
"2018-10-25 21:46:00";23
"2018-10-25 21:46:05";23
"2018-10-25 21:56:00";23
"2018-10-25 22:06:00";23
"2018-10-25 22:06:07";23
"2018-10-25 22:16:00";23
"2018-10-25 22:16:07";23
"2018-10-25 22:26:00";24
"2018-10-25 22:26:07";24
"2018-10-25 22:36:00";24
"2018-10-25 22:46:00";24
"2018-10-25 22:46:05";24
"2018-10-25 22:56:00";25
"2018-10-25 22:56:05";25
"2018-10-25 23:06:00";25
"2018-10-25 23:06:05";25
"2018-10-25 23:16:00";25
"2018-10-25 23:16:05";25
"2018-10-25 23:26:00";24
"2018-10-25 23:26:05";24
"2018-10-25 23:36:00";24
"2018-10-25 23:46:00";24
"2018-10-25 23:46:05";24
"2018-10-25 23:56:00";23
"2018-10-25 23:56:06";23
"2018-10-26 00:06:00";23
"2018-10-26 00:06:06";23
"2018-10-26 00:16:00";23
"2018-10-26 00:16:06";23
"2018-10-26 00:26:00";23
"2018-10-26 00:36:00";23
"2018-10-26 00:36:05";23
"2018-10-26 00:46:00";23
"2018-10-26 00:46:05";23
"2018-10-26 00:56:00";23
"2018-10-26 00:56:06";23
"2018-10-26 01:06:00";23
"2018-10-26 01:06:06";23
"2018-10-26 01:16:00";23
"2018-10-26 01:16:05";23
"2018-10-26 01:26:00";23
"2018-10-26 01:26:05";23
"2018-10-26 01:36:00";23
"2018-10-26 01:46:00";23
"2018-10-26 01:46:06";23
"2018-10-26 01:56:00";22
"2018-10-26 01:56:06";22
"2018-10-26 02:06:00";22
"2018-10-26 02:06:05";22
"2018-10-26 02:16:00";22
"2018-10-26 02:16:05";22
"2018-10-26 02:26:00";22
"2018-10-26 02:26:05";22
"2018-10-26 02:36:00";22
"2018-10-26 02:46:00";22
"2018-10-26 02:46:05";22
"2018-10-26 02:56:00";21
"2018-10-26 02:56:05";21
"2018-10-26 03:06:00";21
"2018-10-26 03:06:05";21
"2018-10-26 03:16:00";22
"2018-10-26 03:16:05";22
"2018-10-26 03:26:00";22
"2018-10-26 03:26:05";22
"2018-10-26 03:36:00";22
"2018-10-26 03:46:00";22
"2018-10-26 03:46:05";22
"2018-10-26 03:56:00";21
"2018-10-26 03:56:05";21
"2018-10-26 04:06:00";21
"2018-10-26 04:06:04";21
"2018-10-26 04:16:00";21
"2018-10-26 04:16:04";21
"2018-10-26 04:26:00";21
"2018-10-26 04:26:05";21
"2018-10-26 04:36:00";21
"2018-10-26 04:46:00";21
"2018-10-26 04:46:05";21
"2018-10-26 04:56:00";20
"2018-10-26 04:56:04";20
"2018-10-26 05:06:00";20
"2018-10-26 05:06:04";20
"2018-10-26 05:16:00";20
"2018-10-26 05:16:05";20
"2018-10-26 05:26:00";21
"2018-10-26 05:26:04";21
"2018-10-26 05:36:00";21
"2018-10-26 05:46:00";21
"2018-10-26 05:46:05";21
"2018-10-26 05:56:00";20
"2018-10-26 05:56:05";20
"2018-10-26 06:06:00";20
"2018-10-26 06:06:04";20
"2018-10-26 06:16:00";20
"2018-10-26 06:16:05";20
"2018-10-26 06:26:00";19
"2018-10-26 06:26:05";19
"2018-10-26 06:36:00";19
"2018-10-26 06:46:00";19
"2018-10-26 06:46:05";19
"2018-10-26 06:56:00";20
"2018-10-26 06:56:05";20
"2018-10-26 07:06:00";20
"2018-10-26 07:06:05";20
"2018-10-26 07:16:00";20
"2018-10-26 07:16:04";20
"2018-10-26 07:26:00";20
"2018-10-26 07:26:05";20
"2018-10-26 07:36:00";20
"2018-10-26 07:46:00";20
"2018-10-26 07:46:05";20
"2018-10-26 07:56:00";21
"2018-10-26 07:56:05";21
"2018-10-26 08:06:00";21
"2018-10-26 08:06:05";21
"2018-10-26 08:16:00";21
"2018-10-26 08:16:05";21
"2018-10-26 08:26:00";19
"2018-10-26 08:36:00";19
"2018-10-26 08:36:05";19
"2018-10-26 08:46:00";19
"2018-10-26 08:46:05";19
"2018-10-26 08:56:00";20
"2018-10-26 08:56:04";20
"2018-10-26 09:06:00";20
"2018-10-26 09:06:05";20
"2018-10-26 09:16:00";20
"2018-10-26 09:16:04";20
"2018-10-26 09:26:00";19
"2018-10-26 09:36:00";19
"2018-10-26 09:36:05";19
"2018-10-26 09:46:00";19
"2018-10-26 09:46:05";19
"2018-10-26 09:56:00";20
"2018-10-26 09:56:05";20
"2018-10-26 10:06:00";20
"2018-10-26 10:06:05";20
"2018-10-26 10:16:00";20
"2018-10-26 10:16:05";20
"2018-10-26 10:26:00";20
"2018-10-26 10:36:00";20
"2018-10-26 10:36:05";20
"2018-10-26 10:46:00";20
"2018-10-26 10:46:04";20
"2018-10-26 10:56:00";20
"2018-10-26 10:56:05";20
"2018-10-26 11:06:00";20
"2018-10-26 11:06:04";20
"2018-10-26 11:16:00";20
"2018-10-26 11:16:05";20
"2018-10-26 11:26:00";20
"2018-10-26 11:36:00";20
"2018-10-26 11:36:05";20
"2018-10-26 11:46:00";20
"2018-10-26 11:46:05";20
"2018-10-26 11:56:00";20
"2018-10-26 11:56:05";20
"2018-10-26 12:06:00";20
"2018-10-26 12:06:05";20
"2018-10-26 12:16:00";20
"2018-10-26 12:26:00";19
"2018-10-26 12:26:05";19
"2018-10-26 12:36:00";19
"2018-10-26 12:36:05";19
"2018-10-26 12:46:00";19
"2018-10-26 12:46:06";19
"2018-10-26 12:56:00";19
"2018-10-26 12:56:05";19
"2018-10-26 13:06:00";19
"2018-10-26 13:06:06";19
"2018-10-26 13:16:00";19
"2018-10-26 13:26:00";21
"2018-10-26 13:26:05";21
"2018-10-26 13:36:00";21
"2018-10-26 13:36:05";21
"2018-10-26 13:46:00";21
"2018-10-26 13:46:05";21
"2018-10-26 13:56:00";20
"2018-10-26 13:56:05";20
"2018-10-26 14:06:00";20
"2018-10-26 14:06:05";20
"2018-10-26 14:16:00";20
"2018-10-26 14:26:00";20
"2018-10-26 14:26:05";20
"2018-10-26 14:36:00";20
"2018-10-26 14:36:04";20
"2018-10-26 14:46:00";20
"2018-10-26 14:46:05";20
"2018-10-26 14:56:00";19
"2018-10-26 14:56:05";19
"2018-10-26 15:06:00";19
"2018-10-26 15:16:00";19
"2018-10-26 15:16:05";19
"2018-10-26 15:26:00";19
"2018-10-26 15:26:05";19
"2018-10-26 15:36:00";19
"2018-10-26 15:36:05";19
"2018-10-26 15:46:00";19
"2018-10-26 15:46:05";19
"2018-10-26 15:56:00";19
"2018-10-26 15:56:05";19
"2018-10-26 16:06:00";19
"2018-10-26 16:16:00";19
"2018-10-26 16:16:05";19
"2018-10-26 16:26:00";19
"2018-10-26 16:26:05";19
"2018-10-26 16:36:00";19
"2018-10-26 16:36:04";19
"2018-10-26 16:46:00";20
"2018-10-26 16:46:05";20
"2018-10-26 16:56:00";20
"2018-10-26 16:56:05";20
"2018-10-26 17:06:00";20
"2018-10-26 17:16:00";20
"2018-10-26 17:16:05";20
"2018-10-26 17:26:00";20
"2018-10-26 17:26:05";20
"2018-10-26 17:36:00";20
"2018-10-26 17:36:04";20
"2018-10-26 17:46:00";20
"2018-10-26 17:46:05";20
"2018-10-26 17:56:00";21
"2018-10-26 18:06:00";21
"2018-10-26 18:06:05";21
"2018-10-26 18:16:00";21
"2018-10-26 18:16:05";21
"2018-10-26 18:26:00";20
"2018-10-26 18:26:05";20
"2018-10-26 18:36:00";20
"2018-10-26 18:36:05";20
"2018-10-26 18:46:00";20
"2018-10-26 18:46:05";20
"2018-10-26 18:56:00";22
"2018-10-26 19:06:00";22
"2018-10-26 19:06:05";22
"2018-10-26 19:16:00";22
"2018-10-26 19:16:05";22
"2018-10-26 19:26:00";22
"2018-10-26 19:26:05";22
"2018-10-26 19:36:00";22
"2018-10-26 19:36:05";22
"2018-10-26 19:46:00";22
"2018-10-26 19:46:05";22
"2018-10-26 19:56:00";22
"2018-10-26 20:06:00";22
"2018-10-26 20:06:05";22
"2018-10-26 20:16:00";22
"2018-10-26 20:16:05";22
"2018-10-26 20:26:00";23
"2018-10-26 20:26:06";23
"2018-10-26 20:36:00";23
"2018-10-26 20:36:05";23
"2018-10-26 20:46:00";23
"2018-10-26 20:56:00";23
"2018-10-26 20:56:05";23
"2018-10-26 21:06:00";23
"2018-10-26 21:06:05";23
"2018-10-26 21:16:00";23
"2018-10-26 21:16:05";23
"2018-10-26 21:26:00";23
"2018-10-26 21:26:05";23
"2018-10-26 21:36:00";23
"2018-10-26 21:46:00";23
"2018-10-26 21:46:05";23
"2018-10-26 21:56:00";24
"2018-10-26 21:56:05";24
"2018-10-26 22:06:00";24
"2018-10-26 22:06:07";24
"2018-10-26 22:16:00";24
"2018-10-26 22:16:06";24
"2018-10-26 22:26:00";24
"2018-10-26 22:36:00";24
"2018-10-26 22:36:06";24
"2018-10-26 22:46:00";24
"2018-10-26 22:46:05";24
"2018-10-26 22:56:00";25
"2018-10-26 22:56:05";25
"2018-10-26 23:06:00";25
"2018-10-26 23:06:05";25
"2018-10-26 23:16:00";25
"2018-10-26 23:26:00";24
"2018-10-26 23:26:05";24
"2018-10-26 23:36:00";24
"2018-10-26 23:36:06";24
"2018-10-26 23:46:00";24
"2018-10-26 23:46:05";24
"2018-10-26 23:56:00";23
"2018-10-26 23:56:06";23
"2018-10-27 00:06:00";23
"2018-10-27 00:16:00";23
"2018-10-27 00:16:06";23
"2018-10-27 00:26:00";22
"2018-10-27 00:26:05";22
"2018-10-27 00:36:00";22
"2018-10-27 00:36:05";22
"2018-10-27 00:46:00";22
"2018-10-27 00:46:05";22
"2018-10-27 00:56:00";22
"2018-10-27 00:56:05";22
"2018-10-27 01:06:00";22
"2018-10-27 01:16:00";22
"2018-10-27 01:16:05";22
"2018-10-27 01:26:00";23
"2018-10-27 01:26:05";23
"2018-10-27 01:36:00";23
"2018-10-27 01:36:06";23
"2018-10-27 01:46:00";23
"2018-10-27 01:46:06";23
"2018-10-27 01:56:00";21
"2018-10-27 01:56:06";21
"2018-10-27 02:06:00";21
"2018-10-27 02:06:05";21
"2018-10-27 02:16:00";21
"2018-10-27 02:26:00";22
"2018-10-27 02:26:05";22
"2018-10-27 02:36:00";22
"2018-10-27 02:36:04";22
"2018-10-27 02:46:00";22
"2018-10-27 02:46:05";22
"2018-10-27 02:56:00";23
"2018-10-27 02:56:05";23
"2018-10-27 03:06:00";23
"2018-10-27 03:16:00";23
"2018-10-27 03:16:05";23
"2018-10-27 03:26:00";21
"2018-10-27 03:26:05";21
"2018-10-27 03:36:00";21
"2018-10-27 03:36:05";21
"2018-10-27 03:46:00";21
"2018-10-27 03:46:05";21
"2018-10-27 03:56:00";21
"2018-10-27 03:56:05";21
"2018-10-27 04:06:00";21
"2018-10-27 04:16:00";21
"2018-10-27 04:16:05";21
"2018-10-27 04:26:00";21
"2018-10-27 04:26:05";21
"2018-10-27 04:36:00";21
"2018-10-27 04:36:04";21
"2018-10-27 04:46:00";21
"2018-10-27 04:46:05";21
"2018-10-27 04:56:00";20
"2018-10-27 04:56:05";20
"2018-10-27 05:06:00";20
"2018-10-27 05:16:00";20
"2018-10-27 05:16:04";20
"2018-10-27 05:26:00";20
"2018-10-27 05:26:06";20
"2018-10-27 05:36:00";20
"2018-10-27 05:36:05";20
"2018-10-27 05:46:00";20
"2018-10-27 05:46:04";20
"2018-10-27 05:56:00";21
"2018-10-27 06:06:00";21
"2018-10-27 06:06:04";21
"2018-10-27 06:16:00";21
"2018-10-27 06:16:05";21
"2018-10-27 06:26:00";21
"2018-10-27 06:26:04";21
"2018-10-27 06:36:00";21
"2018-10-27 06:36:04";21
"2018-10-27 06:46:00";21
"2018-10-27 06:46:05";21
"2018-10-27 06:56:00";20
"2018-10-27 07:06:00";20
"2018-10-27 07:06:05";20
"2018-10-27 07:16:00";20
"2018-10-27 07:16:05";20
"2018-10-27 07:26:00";21
"2018-10-27 07:26:04";21
"2018-10-27 07:36:00";21
"2018-10-27 07:36:04";21
"2018-10-27 07:46:00";21
"2018-10-27 07:46:05";21
"2018-10-27 07:56:00";20
"2018-10-27 08:06:00";20
"2018-10-27 08:06:05";20
"2018-10-27 08:16:00";20
"2018-10-27 08:16:05";20
"2018-10-27 08:26:00";19
"2018-10-27 08:26:05";19
"2018-10-27 08:36:00";19
"2018-10-27 08:36:05";19
"2018-10-27 08:46:00";19
"2018-10-27 08:46:05";19
"2018-10-27 08:56:00";20
"2018-10-27 09:06:00";20
"2018-10-27 09:06:05";20
"2018-10-27 09:16:00";20
"2018-10-27 09:16:04";20
"2018-10-27 09:26:00";21
"2018-10-27 09:26:04";21
"2018-10-27 09:36:00";21
"2018-10-27 09:36:05";21
"2018-10-27 09:46:00";21
"2018-10-27 09:56:00";20
"2018-10-27 09:56:05";20
"2018-10-27 10:06:00";20
"2018-10-27 10:06:05";20
"2018-10-27 10:16:00";20
"2018-10-27 10:16:06";20
"2018-10-27 10:26:00";21
"2018-10-27 10:26:05";21
"2018-10-27 10:36:00";21
"2018-10-27 10:46:00";21
"2018-10-27 10:46:04";21
"2018-10-27 10:56:00";20
"2018-10-27 10:56:05";20
"2018-10-27 11:06:00";20
"2018-10-27 11:16:00";20
"2018-10-27 11:16:05";20
"2018-10-27 11:26:00";20
"2018-10-27 11:26:04";20
"2018-10-27 11:36:00";20
"2018-10-27 11:36:04";20
"2018-10-27 11:46:00";20
"2018-10-27 11:46:05";20
"2018-10-27 11:56:00";20
"2018-10-27 12:06:00";20
"2018-10-27 12:06:05";20
"2018-10-27 12:16:00";20
"2018-10-27 12:16:05";20
"2018-10-27 12:26:00";20
"2018-10-27 12:26:05";20
"2018-10-27 12:36:00";20
"2018-10-27 12:36:05";20
"2018-10-27 12:46:00";20
"2018-10-27 12:46:05";20
"2018-10-27 12:56:00";20
"2018-10-27 13:06:00";20
"2018-10-27 13:06:05";20
"2018-10-27 13:16:00";20
"2018-10-27 13:16:04";20
"2018-10-27 13:26:00";20
"2018-10-27 13:26:05";20
"2018-10-27 13:36:00";20
"2018-10-27 13:46:00";20
"2018-10-27 13:46:05";20
"2018-10-27 13:56:00";20
"2018-10-27 13:56:05";20
"2018-10-27 14:06:00";20
"2018-10-27 14:06:05";20
"2018-10-27 14:16:00";20
"2018-10-27 14:16:05";20
"2018-10-27 14:26:00";20
"2018-10-27 14:26:05";20
"2018-10-27 14:36:00";20
"2018-10-27 14:46:00";20
"2018-10-27 14:46:05";20
"2018-10-27 14:56:00";20
"2018-10-27 14:56:05";20
"2018-10-27 15:06:00";20
"2018-10-27 15:06:05";20
"2018-10-27 15:16:00";20
"2018-10-27 15:16:05";20
"2018-10-27 15:26:00";20
"2018-10-27 15:26:06";20
"2018-10-27 15:36:00";20
"2018-10-27 15:46:00";21
"2018-10-27 15:46:05";21
"2018-10-27 15:56:00";21
"2018-10-27 15:56:05";21
"2018-10-27 16:06:00";21
"2018-10-27 16:06:05";21
"2018-10-27 16:16:00";21
"2018-10-27 16:16:05";21
"2018-10-27 16:26:00";21
"2018-10-27 16:26:05";21
"2018-10-27 16:36:00";21
"2018-10-27 16:46:00";21
"2018-10-27 16:46:05";21
"2018-10-27 16:56:00";21
"2018-10-27 16:56:05";21
"2018-10-27 17:06:00";21
"2018-10-27 17:06:06";21
"2018-10-27 17:16:00";21
"2018-10-27 17:16:05";21
"2018-10-27 17:26:00";21
"2018-10-27 17:36:00";21
"2018-10-27 17:36:05";21
"2018-10-27 17:46:00";21
"2018-10-27 17:46:05";21
"2018-10-27 17:56:00";21
"2018-10-27 17:56:05";21
"2018-10-27 18:06:00";21
"2018-10-27 18:06:05";21
"2018-10-27 18:16:00";21
"2018-10-27 18:16:05";21
"2018-10-27 18:26:00";22
"2018-10-27 18:36:00";22
"2018-10-27 18:36:05";22
"2018-10-27 18:46:00";22
"2018-10-27 18:46:05";22
"2018-10-27 18:56:00";22
"2018-10-27 18:56:05";22
"2018-10-27 19:06:00";22
"2018-10-27 19:06:05";22
"2018-10-27 19:16:00";22
"2018-10-27 19:26:00";24
"2018-10-27 19:26:05";24
"2018-10-27 19:36:00";24
"2018-10-27 19:36:05";24
"2018-10-27 19:46:00";24
"2018-10-27 19:46:05";24
"2018-10-27 19:56:00";24
"2018-10-27 19:56:05";24
"2018-10-27 20:06:00";24
"2018-10-27 20:06:05";24
"2018-10-27 20:16:00";24
"2018-10-27 20:26:00";24
"2018-10-27 20:26:05";24
"2018-10-27 20:36:00";24
"2018-10-27 20:36:05";24
"2018-10-27 20:46:00";24
"2018-10-27 20:46:05";24
"2018-10-27 20:56:00";26
"2018-10-27 20:56:05";26
"2018-10-27 21:06:00";26
"2018-10-27 21:16:00";26
"2018-10-27 21:16:05";26
"2018-10-27 21:26:00";28
"2018-10-27 21:26:05";28
"2018-10-27 21:36:00";28
"2018-10-27 21:36:05";28
"2018-10-27 21:46:00";28
"2018-10-27 21:46:05";28
"2018-10-27 21:56:00";30
"2018-10-27 21:56:06";30
"2018-10-27 22:06:00";30
"2018-10-27 22:16:00";30
"2018-10-27 22:16:06";30
"2018-10-27 22:26:00";35
"2018-10-27 22:26:06";35
"2018-10-27 22:36:00";35
"2018-10-27 22:36:06";35
"2018-10-27 22:46:00";35
"2018-10-27 22:46:05";35
"2018-10-27 22:56:00";37
"2018-10-27 23:06:00";37
"2018-10-27 23:06:05";37
"2018-10-27 23:16:00";37
"2018-10-27 23:16:05";37
"2018-10-27 23:26:00";41
"2018-10-27 23:26:05";41
"2018-10-28 00:56:00";54
"2018-10-28 00:56:07";54
"2018-10-28 01:06:00";54
"2018-10-28 01:06:06";54
"2018-10-28 01:16:00";54
"2018-10-28 01:26:00";56
"2018-10-28 01:26:05";56
"2018-10-28 01:36:00";56
"2018-10-28 01:36:05";56
"2018-10-28 01:46:00";56
"2018-10-28 01:46:05";56
"2018-10-28 01:56:00";59
"2018-10-28 01:56:05";58
"2018-10-28 02:06:05";58
"2018-10-28 02:26:05";63
"2018-10-28 02:36:05";63
"2018-10-28 02:46:05";63
"2018-10-28 02:56:05";64
"2018-10-28 02:06:00";64
"2018-10-28 02:06:05";64
"2018-10-28 02:16:00";64
"2018-10-28 02:26:00";66
"2018-10-28 02:26:05";66
"2018-10-28 02:36:00";66
"2018-10-28 02:36:05";66
"2018-10-28 02:46:00";66
"2018-10-28 02:46:05";66
"2018-10-28 02:56:00";65
"2018-10-28 02:56:04";65
"2018-10-28 03:06:00";65
"2018-10-28 03:06:05";65
"2018-10-28 03:16:00";65
"2018-10-28 03:26:00";64
"2018-10-28 03:26:04";64
"2018-10-28 03:36:00";64
"2018-10-28 03:36:04";64
"2018-10-28 03:46:00";64
"2018-10-28 03:46:04";64
"2018-10-28 03:56:00";62
"2018-10-28 03:56:04";62
"2018-10-28 04:06:00";62
"2018-10-28 04:06:04";62
"2018-10-28 04:16:00";62
"2018-10-28 04:16:04";62
"2018-10-28 04:26:00";64
"2018-10-28 04:36:00";64
"2018-10-28 04:36:04";64
"2018-10-28 04:46:00";64
"2018-10-28 04:46:05";64
"2018-10-28 04:56:00";62
"2018-10-28 04:56:05";62
"2018-10-28 05:06:00";62
"2018-10-28 05:06:05";62
"2018-10-28 05:16:00";62
"2018-10-28 05:16:05";62
"2018-10-28 05:26:00";62
"2018-10-28 05:36:00";62
"2018-10-28 05:36:05";62
"2018-10-28 05:46:00";62
"2018-10-28 05:46:05";62
"2018-10-28 05:56:00";62
"2018-10-28 05:56:05";62
"2018-10-28 06:06:00";62
"2018-10-28 06:06:06";62
"2018-10-28 06:16:00";62
"2018-10-28 06:16:05";62
"2018-10-28 06:26:00";63
"2018-10-28 06:36:00";63
"2018-10-28 06:36:04";63
"2018-10-28 06:46:00";63
"2018-10-28 06:46:05";63
"2018-10-28 06:56:00";63
"2018-10-28 06:56:05";63
"2018-10-28 07:06:00";63
"2018-10-28 07:06:05";63
"2018-10-28 07:16:00";63
"2018-10-28 07:16:05";63
"2018-10-28 07:26:00";66
"2018-10-28 07:36:00";66
"2018-10-28 07:36:05";66
"2018-10-28 07:46:00";66
"2018-10-28 07:46:05";66
"2018-10-28 07:56:00";69
"2018-10-28 07:56:05";69
"2018-10-28 08:06:00";69
"2018-10-28 08:06:05";69
"2018-10-28 08:16:00";69
"2018-10-28 08:16:05";69
"2018-10-28 08:26:00";71
"2018-10-28 08:26:04";71
"2018-10-28 08:36:00";71
"2018-10-28 08:46:00";71
"2018-10-28 08:46:05";71
"2018-10-28 08:56:00";77
"2018-10-28 08:56:05";77
"2018-10-28 09:06:00";77
"2018-10-28 09:06:05";77
"2018-10-28 09:16:00";77
"2018-10-28 09:16:05";77
"2018-10-28 09:26:00";80
"2018-10-28 09:36:00";80
"2018-10-28 09:36:05";80
"2018-10-28 09:46:00";80
"2018-10-28 09:46:05";80
"2018-10-28 09:56:00";83
"2018-10-28 09:56:06";83
"2018-10-28 10:06:00";83
"2018-10-28 10:06:05";83
"2018-10-28 10:16:00";83
"2018-10-28 10:16:05";83
"2018-10-28 10:26:00";88
"2018-10-28 10:26:05";88
"2018-10-28 10:36:00";88
"2018-10-28 10:46:00";88
"2018-10-28 10:46:05";88
"2018-10-28 10:56:00";91
"2018-10-28 10:56:05";91
"2018-10-28 11:06:00";91
"2018-10-28 11:06:04";91
"2018-10-28 11:16:00";91
"2018-10-28 11:16:05";91
"2018-10-28 11:26:00";95
"2018-10-28 11:26:05";95
"2018-10-28 11:36:00";95
"2018-10-28 11:46:00";95
"2018-10-28 11:46:04";95
"2018-10-28 11:56:00";98
"2018-10-28 11:56:06";98
"2018-10-28 12:06:00";98
"2018-10-28 12:06:05";98
"2018-10-28 12:16:00";98
"2018-10-28 12:16:04";98
"2018-10-28 12:26:00";98
"2018-10-28 12:26:05";98
"2018-10-28 12:36:00";98
"2018-10-28 12:46:00";98
"2018-10-28 12:46:05";98
"2018-10-28 12:56:00";97
"2018-10-28 12:56:05";97
"2018-10-28 13:06:00";97
"2018-10-28 13:06:04";97
"2018-10-28 13:16:00";97
"2018-10-28 13:16:05";97
"2018-10-28 13:26:00";94
"2018-10-28 13:26:05";94
"2018-10-28 13:36:00";94
"2018-10-28 13:46:00";94
"2018-10-28 13:46:05";94
"2018-10-28 13:56:00";96
"2018-10-28 13:56:04";96
"2018-10-28 14:06:00";96
"2018-10-28 14:06:05";96
"2018-10-28 14:16:00";96
"2018-10-28 14:16:05";96
"2018-10-28 14:26:00";95
"2018-10-28 14:26:05";95
"2018-10-28 14:36:00";95
"2018-10-28 14:46:00";95
"2018-10-28 14:46:05";95
"2018-10-28 14:56:00";89
"2018-10-28 14:56:05";89
"2018-10-28 15:06:00";89
"2018-10-28 15:06:05";89
"2018-10-28 15:16:00";89
"2018-10-28 15:16:05";89
"2018-10-28 15:26:00";90
"2018-10-28 15:26:05";90
"2018-10-28 15:36:00";90
"2018-10-28 15:46:00";90
"2018-10-28 15:46:04";90
"2018-10-28 15:56:00";88
"2018-10-28 15:56:05";88
"2018-10-28 16:06:00";88
"2018-10-28 16:06:05";88
"2018-10-28 16:16:00";88
"2018-10-28 16:16:05";88
"2018-10-28 16:26:00";88
"2018-10-28 16:26:05";88
"2018-10-28 16:36:00";88
"2018-10-28 16:46:00";88
"2018-10-28 16:46:05";88
"2018-10-28 16:56:00";85
"2018-10-28 16:56:05";85
"2018-10-28 17:06:00";85
"2018-10-28 17:06:06";85
"2018-10-28 17:16:00";85
"2018-10-28 17:16:06";85
"2018-10-28 17:26:00";90
"2018-10-28 17:36:00";90
"2018-10-28 17:36:05";90
"2018-10-28 17:46:00";90
"2018-10-28 17:46:05";90
"2018-10-28 17:56:00";89
"2018-10-28 17:56:05";89
"2018-10-28 18:06:00";89
"2018-10-28 18:06:05";89
"2018-10-28 18:16:00";89
"2018-10-28 18:16:05";89
"2018-10-28 18:26:00";84
"2018-10-28 18:36:00";84
"2018-10-28 18:36:05";84
"2018-10-28 18:46:00";84
"2018-10-28 18:46:05";84
"2018-10-28 18:56:00";89
"2018-10-28 18:56:05";89
"2018-10-28 19:06:00";89
"2018-10-28 19:06:04";89
"2018-10-28 19:16:00";89
"2018-10-28 19:16:05";89
"2018-10-28 19:26:00";98
"2018-10-28 19:36:00";98
"2018-10-28 19:36:05";98
"2018-10-28 19:46:00";98
"2018-10-28 19:46:07";98
"2018-10-28 19:56:00";104
"2018-10-28 19:56:05";104
"2018-10-28 20:06:00";104
"2018-10-28 20:06:05";104
"2018-10-28 20:16:00";104
"2018-10-28 20:16:05";104
"2018-10-28 20:26:00";108
"2018-10-28 20:36:00";108
"2018-10-28 20:36:05";108
"2018-10-28 20:46:00";108
"2018-10-28 20:46:05";108
"2018-10-28 20:56:00";108
"2018-10-28 20:56:07";108
"2018-10-28 21:06:00";108
"2018-10-28 21:06:05";108
"2018-10-28 21:16:00";108
"2018-10-28 21:16:05";108
"2018-10-28 21:26:00";106
"2018-10-28 21:36:00";106
"2018-10-28 21:36:05";105
"2018-10-28 21:46:00";106
"2018-10-28 21:46:05";105
"2018-10-28 21:56:00";106
"2018-10-28 21:56:05";105
"2018-10-28 22:06:00";106
"2018-10-28 22:06:06";105
"2018-10-28 22:16:00";106
"2018-10-28 22:16:06";105
"2018-10-28 22:26:00";108
"2018-10-28 22:36:00";108
"2018-10-28 22:36:07";108
"2018-10-28 22:46:00";108
"2018-10-28 22:46:05";108
"2018-10-28 22:56:00";104
"2018-10-28 22:56:05";104
"2018-10-28 23:06:00";104
"2018-10-28 23:06:05";104
"2018-10-28 23:16:00";104
"2018-10-28 23:16:05";104
"2018-10-28 23:26:00";104
"2018-10-28 23:36:00";104
"2018-10-28 23:36:06";104
"2018-10-28 23:46:00";104
"2018-10-28 23:46:06";104
"2018-10-28 23:56:00";105
"2018-10-28 23:56:07";104
"2018-10-29 00:06:00";105
"2018-10-29 00:06:05";104
"2018-10-29 00:16:00";105
"2018-10-29 00:26:00";104
"2018-10-29 00:26:05";104
"2018-10-29 00:36:00";104
"2018-10-29 00:36:06";104
"2018-10-29 00:46:00";104
"2018-10-29 00:46:06";104
"2018-10-29 00:56:00";103
"2018-10-29 00:56:06";103
"2018-10-29 01:06:00";103
"2018-10-29 01:06:05";103
"2018-10-29 01:16:00";103
"2018-10-29 01:16:05";103
"2018-10-29 01:26:00";105
"2018-10-29 01:36:00";105
"2018-10-29 01:36:06";104
"2018-10-29 01:46:00";105
"2018-10-29 01:46:06";104
"2018-10-29 01:56:00";109
"2018-10-29 01:56:05";109
"2018-10-29 02:06:00";109
"2018-10-29 02:06:04";109
"2018-10-29 02:16:00";109
"2018-10-29 02:16:04";109
"2018-10-29 02:26:00";114
"2018-10-29 02:36:00";114
"2018-10-29 02:36:05";114
"2018-10-29 02:46:00";114
"2018-10-29 02:46:05";114
"2018-10-29 02:56:00";117
"2018-10-29 02:56:05";116
"2018-10-29 03:06:00";117
"2018-10-29 03:06:04";116
"2018-10-29 03:16:00";117
"2018-10-29 03:16:04";116
"2018-10-29 03:26:00";110
"2018-10-29 03:26:05";110
"2018-10-29 03:36:00";110
"2018-10-29 03:46:00";110
"2018-10-29 03:46:05";110
"2018-10-29 03:56:00";113
"2018-10-29 03:56:05";113
"2018-10-29 04:06:00";113
"2018-10-29 04:06:05";113
"2018-10-29 04:16:00";113
"2018-10-29 04:16:05";113
"2018-10-29 04:26:00";111
"2018-10-29 04:26:04";111
"2018-10-29 04:36:00";111
"2018-10-29 04:46:00";111
"2018-10-29 04:46:04";111
"2018-10-29 04:56:00";106
"2018-10-29 04:56:05";105
"2018-10-29 05:06:00";106
"2018-10-29 05:06:05";105
"2018-10-29 05:16:00";106
"2018-10-29 05:16:05";105
"2018-10-29 05:26:00";104
"2018-10-29 05:26:04";104
"2018-10-29 05:36:00";104
"2018-10-29 05:36:04";104
"2018-10-29 05:46:00";104
"2018-10-29 05:56:00";109
"2018-10-29 05:56:05";109
"2018-10-29 06:06:00";109
"2018-10-29 06:06:04";109
"2018-10-29 06:16:00";109
"2018-10-29 06:16:05";109
"2018-10-29 06:26:00";108
"2018-10-29 06:26:05";108
"2018-10-29 06:36:00";108
"2018-10-29 06:36:04";108
"2018-10-29 06:46:00";108
"2018-10-29 06:56:00";111
"2018-10-29 06:56:05";111
"2018-10-29 07:06:00";111
"2018-10-29 07:06:05";111
"2018-10-29 07:16:00";111
"2018-10-29 07:16:05";111
"2018-10-29 07:26:00";111
"2018-10-29 07:26:05";111
"2018-10-29 07:36:00";111
"2018-10-29 07:36:04";111
"2018-10-29 07:46:00";111
"2018-10-29 07:56:00";112
"2018-10-29 07:56:04";112
"2018-10-29 08:06:00";112
"2018-10-29 08:06:05";112
"2018-10-29 08:16:00";112
"2018-10-29 08:16:05";112
"2018-10-29 08:26:00";113
"2018-10-29 08:26:04";113
"2018-10-29 08:36:00";113
"2018-10-29 08:36:05";113
"2018-10-29 08:46:00";113
"2018-10-29 08:56:00";119
"2018-10-29 08:56:05";119
"2018-10-29 09:06:00";119
"2018-10-29 09:06:05";119
"2018-10-29 09:16:00";119
"2018-10-29 09:16:05";119
"2018-10-29 09:26:00";117
"2018-10-29 09:26:05";116
"2018-10-29 09:36:00";117
"2018-10-29 09:46:00";117
"2018-10-29 09:46:05";116
"2018-10-29 09:56:00";117
"2018-10-29 09:56:05";116
"2018-10-29 10:06:00";117
"2018-10-29 10:06:05";116
"2018-10-29 10:16:00";117
"2018-10-29 10:16:05";116
"2018-10-29 10:26:00";120
"2018-10-29 10:26:05";120
"2018-10-29 10:36:00";120
"2018-10-29 10:46:00";120
"2018-10-29 10:46:05";120
"2018-10-29 10:56:00";120
"2018-10-29 10:56:05";120
"2018-10-29 11:06:00";120
"2018-10-29 11:06:04";120
"2018-10-29 11:16:00";120
"2018-10-29 11:16:05";120
"2018-10-29 11:26:00";123
"2018-10-29 11:26:05";123
"2018-10-29 11:36:00";123
"2018-10-29 11:46:00";123
"2018-10-29 11:46:05";123
"2018-10-29 11:56:00";129
"2018-10-29 11:56:06";129
"2018-10-29 12:06:00";129
"2018-10-29 12:06:05";129
"2018-10-29 12:16:00";129
"2018-10-29 12:16:05";129
"2018-10-29 12:26:00";128
"2018-10-29 12:26:05";128
"2018-10-29 12:36:00";128
"2018-10-29 12:46:00";128
"2018-10-29 12:46:05";128
"2018-10-29 12:56:00";134
"2018-10-29 12:56:07";134
"2018-10-29 13:06:00";134
"2018-10-29 13:06:04";134
"2018-10-29 13:16:00";134
"2018-10-29 13:16:05";134
"2018-10-29 13:26:00";139
"2018-10-29 13:36:00";139
"2018-10-29 13:36:05";139
"2018-10-29 13:46:00";139
"2018-10-29 13:46:06";139
"2018-10-29 13:56:00";139
"2018-10-29 13:56:05";139
"2018-10-29 14:06:00";139
"2018-10-29 14:06:05";139
"2018-10-29 14:16:00";139
"2018-10-29 14:16:05";139
"2018-10-29 14:26:00";146
"2018-10-29 14:36:00";146
"2018-10-29 14:36:05";146
"2018-10-29 14:46:00";146
"2018-10-29 14:46:07";146
"2018-10-29 14:56:00";147
"2018-10-29 14:56:05";147
"2018-10-29 15:06:00";147
"2018-10-29 15:06:05";147
"2018-10-29 15:16:00";147
"2018-10-29 15:26:00";158
"2018-10-29 15:26:05";158
"2018-10-29 15:36:00";158
"2018-10-29 15:36:05";158
"2018-10-29 15:46:00";158
"2018-10-29 15:46:05";158
"2018-10-29 15:56:00";164
"2018-10-29 15:56:05";164
"2018-10-29 16:06:00";164
"2018-10-29 16:06:05";164
"2018-10-29 16:16:00";164
"2018-10-29 16:26:00";166
"2018-10-29 16:26:05";166
"2018-10-29 16:36:00";166
"2018-10-29 16:36:05";166
"2018-10-29 16:46:00";166
"2018-10-29 16:46:05";166
"2018-10-29 16:56:00";173
"2018-10-29 16:56:05";173
"2018-10-29 17:06:00";173
"2018-10-29 17:16:00";173
"2018-10-29 17:16:04";173
"2018-10-29 17:26:00";190
"2018-10-29 17:26:05";190
"2018-10-29 17:36:00";190
"2018-10-29 17:36:05";190
"2018-10-29 17:46:00";190
"2018-10-29 17:46:05";190
"2018-10-29 17:56:00";179
"2018-10-29 17:56:05";179
"2018-10-29 18:06:00";179
"2018-10-29 18:16:00";179
"2018-10-29 18:16:05";179
"2018-10-29 18:26:00";182
"2018-10-29 18:26:05";182
"2018-10-29 18:36:00";182
"2018-10-29 18:36:05";182
"2018-10-29 18:46:00";182
"2018-10-29 18:46:05";182
"2018-10-29 18:56:00";166
"2018-10-29 18:56:05";166
"2018-10-29 19:06:00";166
"2018-10-29 19:16:00";166
"2018-10-29 19:16:05";166
"2018-10-29 19:26:00";169
"2018-10-29 19:26:05";169
"2018-10-29 19:36:00";169
"2018-10-29 19:36:05";169
"2018-10-29 19:46:00";169
"2018-10-29 19:46:05";169
"2018-10-29 19:56:00";148
"2018-10-29 20:06:00";148
"2018-10-29 20:06:05";148
"2018-10-29 20:16:00";148
"2018-10-29 20:16:07";148
"2018-10-29 20:26:00";156
"2018-10-29 20:26:05";156
"2018-10-29 20:36:00";156
"2018-10-29 20:46:00";156
"2018-10-29 20:56:00";157
"2018-10-29 21:06:00";157
"2018-10-29 21:16:00";157
"2018-10-29 21:26:00";160
"2018-10-29 21:36:00";160
"2018-10-29 21:46:00";160
"2018-10-29 21:56:00";158
"2018-10-29 22:06:00";158
"2018-10-29 22:16:00";158
"2018-10-29 22:26:00";144
"2018-10-29 22:36:00";144
"2018-10-29 22:36:06";144
"2018-10-29 22:46:00";144
"2018-10-29 22:46:05";144
"2018-10-29 22:56:00";153
"2018-10-29 23:06:00";153
"2018-10-29 23:06:05";153
"2018-10-29 23:16:00";153
"2018-10-29 23:16:05";153
"2018-10-29 23:26:00";155
"2018-10-29 23:26:05";155
"2018-10-29 23:36:00";155
"2018-10-29 23:46:00";155
"2018-10-29 23:46:05";155
"2018-10-29 23:56:00";159
"2018-10-29 23:56:06";159
"2018-10-30 00:06:00";159
"2018-10-30 00:16:00";159
"2018-10-30 00:26:00";162
"2018-10-30 00:26:05";162
"2018-10-30 00:36:00";162
"2018-10-30 00:36:06";162
"2018-10-30 00:46:00";162
"2018-10-30 00:56:00";159
"2018-10-30 00:56:14";159
"2018-10-30 01:06:00";159
"2018-10-30 01:06:05";159
"2018-10-30 01:16:00";159
"2018-10-30 01:16:07";159
"2018-10-30 01:26:00";155
"2018-10-30 01:26:05";155
"2018-10-30 01:36:00";155
"2018-10-30 01:36:05";155
"2018-10-30 01:46:00";155
"2018-10-30 01:56:00";152
"2018-10-30 01:56:05";152
"2018-10-30 02:06:00";152
"2018-10-30 02:06:05";152
"2018-10-30 02:16:00";152
"2018-10-30 02:16:05";152
"2018-10-30 02:26:00";142
"2018-10-30 02:26:05";142
"2018-10-30 02:36:00";142
"2018-10-30 02:36:05";142
"2018-10-30 02:46:00";142
"2018-10-30 02:56:00";149
"2018-10-30 02:56:04";149
"2018-10-30 03:06:00";149
"2018-10-30 03:06:05";149
"2018-10-30 03:16:00";149
"2018-10-30 03:16:05";149
"2018-10-30 03:26:00";142
"2018-10-30 03:26:05";142
"2018-10-30 03:36:00";142
"2018-10-30 03:36:05";142
"2018-10-30 03:46:00";142
"2018-10-30 03:46:05";142
"2018-10-30 03:56:00";130
"2018-10-30 04:06:00";130
"2018-10-30 04:06:05";130
"2018-10-30 04:16:00";130
"2018-10-30 04:16:05";130
"2018-10-30 04:26:00";134
"2018-10-30 04:26:05";134
"2018-10-30 04:36:00";134
"2018-10-30 04:36:05";134
"2018-10-30 04:46:00";134
"2018-10-30 04:46:04";134
"2018-10-30 04:56:00";134
"2018-10-30 05:06:00";134
"2018-10-30 05:06:04";134
"2018-10-30 05:16:00";134
"2018-10-30 05:16:04";134
"2018-10-30 05:26:00";127
"2018-10-30 05:26:05";127
"2018-10-30 05:36:00";127
"2018-10-30 05:36:05";127
"2018-10-30 05:46:00";127
"2018-10-30 05:46:05";127
"2018-10-30 05:56:00";127
"2018-10-30 06:06:00";125
"2018-10-30 06:06:05";125
"2018-10-30 06:16:00";125
"2018-10-30 06:16:05";125
"2018-10-30 06:26:00";116
"2018-10-30 06:26:04";116
"2018-10-30 06:36:00";116
"2018-10-30 06:36:05";116
"2018-10-30 06:46:00";116
"2018-10-30 06:46:05";116
"2018-10-30 06:56:00";123
"2018-10-30 07:06:00";123
"2018-10-30 07:06:05";123
"2018-10-30 07:16:00";123
"2018-10-30 07:16:05";123
"2018-10-30 07:26:00";120
"2018-10-30 07:26:05";120
"2018-10-30 07:36:00";120
"2018-10-30 07:36:04";120
"2018-10-30 07:46:00";116
"2018-10-30 07:46:04";116
"2018-10-30 07:56:00";116
"2018-10-30 08:06:00";116
"2018-10-30 08:06:05";116
"2018-10-30 08:16:00";116
"2018-10-30 08:16:05";116
"2018-10-30 08:26:00";116
"2018-10-30 08:26:05";116
"2018-10-30 08:36:00";116
"2018-10-30 08:36:04";116
"2018-10-30 08:46:00";116
"2018-10-30 08:46:05";116
"2018-10-30 08:56:00";111
"2018-10-30 09:06:00";111
"2018-10-30 09:06:05";111
"2018-10-30 09:16:00";111
"2018-10-30 09:16:05";111
"2018-10-30 09:26:00";108
"2018-10-30 09:26:05";108
"2018-10-30 09:36:00";108
"2018-10-30 09:36:05";108
"2018-10-30 09:46:00";108
"2018-10-30 09:46:05";108
"2018-10-30 09:56:00";111
"2018-10-30 10:06:00";111
"2018-10-30 10:06:05";111
"2018-10-30 10:16:00";111
"2018-10-30 10:16:04";111
"2018-10-30 10:26:00";107
"2018-10-30 10:26:05";107
"2018-10-30 10:36:00";107
"2018-10-30 10:36:05";107
"2018-10-30 10:46:00";107
"2018-10-30 10:46:05";107
"2018-10-30 10:56:00";107
"2018-10-30 11:06:00";107
"2018-10-30 11:06:05";107
"2018-10-30 11:16:00";107
"2018-10-30 11:16:05";107
"2018-10-30 11:26:00";106
"2018-10-30 11:26:06";105
"2018-10-30 11:36:00";106
"2018-10-30 11:36:05";105
"2018-10-30 11:46:00";106
"2018-10-30 11:46:05";105
"2018-10-30 11:56:00";101
"2018-10-30 12:06:00";101
"2018-10-30 12:06:05";101
"2018-10-30 12:16:00";102
"2018-10-30 12:26:00";102
"2018-10-30 12:26:05";102
"2018-10-30 12:36:00";102
"2018-10-30 12:36:04";102
"2018-10-30 12:46:00";102
"2018-10-30 12:56:00";99
"2018-10-30 12:56:06";99
"2018-10-30 13:06:00";99
"2018-10-30 13:06:05";99
"2018-10-30 13:16:00";99
"2018-10-30 13:16:05";99
"2018-10-30 13:26:00";96
"2018-10-30 13:36:00";96
"2018-10-30 13:36:05";96
"2018-10-30 13:46:00";98
"2018-10-30 13:46:05";98
"2018-10-30 13:56:00";98
"2018-10-30 14:06:00";98
"2018-10-30 14:06:05";98
"2018-10-30 14:16:00";98
"2018-10-30 14:16:05";98
"2018-10-30 14:26:00";98
"2018-10-30 14:26:05";98
"2018-10-30 14:36:00";98
"2018-10-30 14:36:05";98
"2018-10-30 14:46:00";98
"2018-10-30 14:56:00";95
"2018-10-30 14:56:05";95
"2018-10-30 15:06:00";95
"2018-10-30 15:06:05";95
"2018-10-30 15:16:00";95
"2018-10-30 15:16:05";95
"2018-10-30 15:26:00";98
"2018-10-30 15:26:05";98
"2018-10-30 15:36:00";98
"2018-10-30 15:46:00";98
"2018-10-30 15:46:05";98
"2018-10-30 15:56:00";94
"2018-10-30 15:56:05";94
"2018-10-30 16:06:00";94
"2018-10-30 16:06:05";94
"2018-10-30 16:16:00";94
"2018-10-30 16:16:05";94
"2018-10-30 16:26:00";95
"2018-10-30 16:36:00";95
"2018-10-30 16:36:05";95
"2018-10-30 16:46:00";95
"2018-10-30 16:46:05";95
"2018-10-30 16:56:00";91
"2018-10-30 16:56:05";91
"2018-10-30 17:06:00";91
"2018-10-30 17:06:05";91
"2018-10-30 17:16:00";91
"2018-10-30 17:16:05";91
"2018-10-30 17:26:00";93
"2018-10-30 17:36:00";93
"2018-10-30 17:36:05";93
"2018-10-30 17:46:00";93
"2018-10-30 17:46:05";93
"2018-10-30 17:56:00";90
"2018-10-30 18:06:00";90
"2018-10-30 18:06:05";90
"2018-10-30 18:16:00";90
"2018-10-30 18:16:05";90
"2018-10-30 18:26:00";92
"2018-10-30 18:26:05";92
"2018-10-30 18:36:00";92
"2018-10-30 18:36:05";92
"2018-10-30 18:46:00";90
"2018-10-30 18:56:00";90
"2018-10-30 18:56:05";90
"2018-10-30 19:06:00";90
"2018-10-30 19:06:05";90
"2018-10-30 19:16:00";90
"2018-10-30 19:16:05";90
"2018-10-30 19:26:00";88
"2018-10-30 19:36:00";88
"2018-10-30 19:36:05";88
"2018-10-30 19:46:00";88
"2018-10-30 19:46:05";88
"2018-10-30 19:56:00";87
"2018-10-30 20:06:00";87
"2018-10-30 20:06:05";87
"2018-10-30 20:16:00";85
"2018-10-30 20:16:05";85
"2018-10-30 20:26:00";85
"2018-10-30 20:26:05";85
"2018-10-30 20:36:00";85
"2018-10-30 20:36:07";85
"2018-10-30 20:46:00";85
"2018-10-30 20:56:00";85
"2018-10-30 20:56:05";85
"2018-10-30 21:06:00";85
"2018-10-30 21:06:05";85
"2018-10-30 21:16:00";85
"2018-10-30 21:16:05";85
"2018-10-30 21:26:00";87
"2018-10-30 21:36:00";87
"2018-10-30 21:36:05";87
"2018-10-30 21:46:00";87
"2018-10-30 21:46:06";87
"2018-10-30 21:56:00";84
"2018-10-30 22:06:00";84
"2018-10-30 22:06:07";84
"2018-10-30 22:16:00";84
"2018-10-30 22:16:06";84
"2018-10-30 22:26:00";85
"2018-10-30 22:26:07";85
"2018-10-30 22:36:00";85
"2018-10-30 22:36:07";85
"2018-10-30 22:46:00";85
"2018-10-30 22:56:00";84
"2018-10-30 22:56:05";84
"2018-10-30 23:06:00";84
"2018-10-30 23:06:05";84
"2018-10-30 23:16:00";84
"2018-10-30 23:16:05";84
"2018-10-30 23:26:00";83
"2018-10-30 23:26:07";83
"2018-10-30 23:36:00";83
"2018-10-30 23:46:00";83
"2018-10-30 23:46:05";83
"2018-10-30 23:56:00";81
"2018-10-30 23:56:05";81
"2018-10-31 00:06:00";81
"2018-10-31 00:16:00";81
"2018-10-31 00:16:06";81
"2018-10-31 00:26:00";83
"2018-10-31 00:26:05";83
"2018-10-31 00:36:00";83
"2018-10-31 00:36:06";83
"2018-10-31 00:46:00";81
"2018-10-31 00:56:00";81
"2018-10-31 00:56:07";81
"2018-10-31 01:06:00";81
"2018-10-31 01:06:05";81
"2018-10-31 01:16:00";81
"2018-10-31 01:16:09";81
"2018-10-31 01:26:00";81
"2018-10-31 01:36:00";81
"2018-10-31 01:36:04";81
"2018-10-31 01:46:00";81
"2018-10-31 01:46:05";81
"2018-10-31 01:56:00";81
"2018-10-31 02:06:00";81
"2018-10-31 02:06:05";81
"2018-10-31 02:16:00";81
"2018-10-31 02:16:05";81
"2018-10-31 02:26:00";79
"2018-10-31 02:26:05";79
"2018-10-31 02:36:00";79
"2018-10-31 02:36:04";79
"2018-10-31 02:46:00";78
"2018-10-31 02:56:00";78
"2018-10-31 02:56:04";78
"2018-10-31 03:06:00";78
"2018-10-31 03:06:04";78
"2018-10-31 03:16:00";78
"2018-10-31 03:16:05";78
"2018-10-31 03:26:00";81
"2018-10-31 03:36:00";81
"2018-10-31 03:36:05";81
"2018-10-31 03:46:00";81
"2018-10-31 03:46:05";81
"2018-10-31 03:56:00";79
"2018-10-31 04:06:00";79
"2018-10-31 04:06:05";79
"2018-10-31 04:16:00";79
"2018-10-31 04:16:04";79
"2018-10-31 04:26:00";76
"2018-10-31 04:26:05";76
"2018-10-31 04:36:00";76
"2018-10-31 04:36:04";76
"2018-10-31 04:46:00";76
"2018-10-31 04:56:00";76
"2018-10-31 04:56:05";76
"2018-10-31 05:06:00";76
"2018-10-31 05:06:05";76
"2018-10-31 05:16:00";76
"2018-10-31 05:16:05";76
"2018-10-31 05:26:00";75
"2018-10-31 05:36:00";75
"2018-10-31 05:36:05";75
"2018-10-31 05:46:00";75
"2018-10-31 05:46:05";75
"2018-10-31 05:56:00";74
"2018-10-31 06:06:00";74
"2018-10-31 06:06:04";74
"2018-10-31 06:16:00";74
"2018-10-31 06:16:05";74
"2018-10-31 06:26:00";74
"2018-10-31 06:26:05";74
"2018-10-31 06:36:00";74
"2018-10-31 06:36:05";74
"2018-10-31 06:46:00";74
"2018-10-31 06:56:00";76
"2018-10-31 06:56:04";76
"2018-10-31 07:06:00";76
"2018-10-31 07:06:04";76
"2018-10-31 07:16:00";76
"2018-10-31 07:16:05";76
"2018-10-31 07:26:00";75
"2018-10-31 07:36:00";75
"2018-10-31 07:36:04";75
"2018-10-31 07:46:00";73
"2018-10-31 07:46:05";73
"2018-10-31 07:56:00";73
"2018-10-31 08:06:00";73
"2018-10-31 08:06:04";73
"2018-10-31 08:16:00";73
"2018-10-31 08:16:04";73
"2018-10-31 08:26:00";75
"2018-10-31 08:26:05";75
"2018-10-31 08:36:00";75
"2018-10-31 08:36:05";75
"2018-10-31 08:46:00";75
"2018-10-31 08:56:00";73
"2018-10-31 08:56:05";73
"2018-10-31 09:06:00";73
"2018-10-31 09:06:04";73
"2018-10-31 09:16:00";73
"2018-10-31 09:16:05";73
"2018-10-31 09:26:00";74
"2018-10-31 09:36:00";74
"2018-10-31 09:36:05";74
"2018-10-31 09:46:00";74
"2018-10-31 09:46:05";74
"2018-10-31 09:56:00";75
"2018-10-31 10:06:00";75
"2018-10-31 10:06:04";75
"2018-10-31 10:16:00";75
"2018-10-31 10:16:05";75
"2018-10-31 10:26:00";72
"2018-10-31 10:26:05";72
"2018-10-31 10:36:00";72
"2018-10-31 10:36:06";72
"2018-10-31 10:46:00";72
"2018-10-31 10:56:00";72
"2018-10-31 10:56:05";72
"2018-10-31 11:06:00";72
"2018-10-31 11:06:04";72
"2018-10-31 11:16:00";72
"2018-10-31 11:26:00";69
"2018-10-31 11:26:04";69
"2018-10-31 11:36:00";69
"2018-10-31 11:36:05";69
"2018-10-31 11:46:00";69
"2018-10-31 11:56:00";71
"2018-10-31 11:56:05";71
"2018-10-31 12:06:00";71
"2018-10-31 12:06:05";71
"2018-10-31 12:16:00";71
"2018-10-31 12:26:00";74
"2018-10-31 12:26:06";74
"2018-10-31 12:36:00";74
"2018-10-31 12:36:05";74
"2018-10-31 12:46:00";74
"2018-10-31 12:46:05";74
"2018-10-31 12:56:00";71
"2018-10-31 13:06:00";71
"2018-10-31 13:06:05";71
"2018-10-31 13:16:00";71
"2018-10-31 13:16:05";71
"2018-10-31 13:26:00";71
"2018-10-31 13:36:00";71
"2018-10-31 13:36:05";71
"2018-10-31 13:46:00";71
"2018-10-31 13:46:05";71
"2018-10-31 13:56:00";72
"2018-10-31 13:56:05";72
"2018-10-31 14:06:00";72
"2018-10-31 14:06:05";72
"2018-10-31 14:16:00";72
"2018-10-31 14:26:00";71
"2018-10-31 14:26:05";71
"2018-10-31 14:36:00";71
"2018-10-31 14:36:04";71
"2018-10-31 14:46:00";71
"2018-10-31 14:46:05";71
"2018-10-31 14:56:00";72
"2018-10-31 15:06:00";72
"2018-10-31 15:06:05";72
"2018-10-31 15:16:00";72
"2018-10-31 15:16:05";72
"2018-10-31 15:26:00";70
"2018-10-31 15:26:05";70
"2018-10-31 15:36:00";70
"2018-10-31 15:36:05";70
"2018-10-31 15:46:00";70
"2018-10-31 15:46:06";70
"2018-10-31 15:56:00";70
"2018-10-31 16:06:00";70
"2018-10-31 16:06:05";70
"2018-10-31 16:16:00";70
"2018-10-31 16:16:05";70
"2018-10-31 16:26:00";71
"2018-10-31 16:36:00";71
"2018-10-31 16:36:05";71
"2018-10-31 16:46:00";71
"2018-10-31 16:46:05";71
"2018-10-31 16:56:00";73
"2018-10-31 16:56:05";73
"2018-10-31 17:06:00";73
"2018-10-31 17:16:00";74
"2018-10-31 17:16:05";74
"2018-10-31 17:26:00";74
"2018-10-31 17:26:05";74
"2018-10-31 17:36:00";74
"2018-10-31 17:36:05";74
"2018-10-31 17:46:00";74
"2018-10-31 17:46:05";74
"2018-10-31 17:56:00";73
"2018-10-31 18:06:00";73
"2018-10-31 18:06:05";73
"2018-10-31 18:16:00";73
"2018-10-31 18:16:05";73
"2018-10-31 18:26:00";72
"2018-10-31 18:26:05";72
"2018-10-31 18:36:00";72
"2018-10-31 18:36:05";72
"2018-10-31 18:46:00";72
"2018-10-31 18:56:00";73
"2018-10-31 18:56:05";73
"2018-10-31 19:06:00";73
"2018-10-31 19:06:05";73
"2018-10-31 19:16:00";73
"2018-10-31 19:16:05";73
"2018-10-31 19:26:00";74
"2018-10-31 19:36:00";74
"2018-10-31 19:36:05";74
"2018-10-31 19:46:00";74
"2018-10-31 19:46:05";74
"2018-10-31 19:56:00";75
"2018-10-31 19:56:05";75
"2018-10-31 20:06:00";75
"2018-10-31 20:06:05";75
"2018-10-31 20:16:00";75
"2018-10-31 20:16:05";75
"2018-10-31 20:26:00";78
"2018-10-31 20:36:00";78
"2018-10-31 20:36:05";78
"2018-10-31 20:46:00";78
"2018-10-31 20:46:05";78
"2018-10-31 20:56:00";73
"2018-10-31 20:56:05";73
"2018-10-31 21:06:00";73
"2018-10-31 21:16:00";73
"2018-10-31 21:16:05";73
"2018-10-31 21:26:00";77
"2018-10-31 21:26:05";77
"2018-10-31 21:36:00";77
"2018-10-31 21:36:05";77
"2018-10-31 21:46:00";77
"2018-10-31 21:46:07";77
"2018-10-31 21:56:00";76
"2018-10-31 22:06:00";76
"2018-10-31 22:06:07";76
"2018-10-31 22:16:00";76
"2018-10-31 22:16:07";76
"2018-10-31 22:26:00";82
"2018-10-31 22:36:00";82
"2018-10-31 22:36:06";82
"2018-10-31 22:46:00";82
"2018-10-31 22:46:05";82
"2018-10-31 22:56:00";80
"2018-10-31 22:56:05";80
"2018-10-31 23:06:00";80
"2018-10-31 23:16:00";80
"2018-10-31 23:16:05";80
"2018-10-31 23:26:00";81
"2018-10-31 23:26:05";81
"2018-10-31 23:36:00";81
"2018-10-31 23:36:07";81
"2018-10-31 23:46:00";81
"2018-10-31 23:46:06";81
"2018-10-31 23:56:00";82
"2018-11-01 00:06:00";82
"2018-11-01 00:06:06";82
"2018-11-01 00:16:00";84
"2018-11-01 00:16:06";84
"2018-11-01 00:26:00";84
"2018-11-01 00:26:06";84
"2018-11-01 00:36:00";84
"2018-11-01 00:46:00";84
"2018-11-01 00:46:06";84
"2018-11-01 00:56:00";83
"2018-11-01 00:56:06";83
"2018-11-01 01:06:00";83
"2018-11-01 01:16:00";83
"2018-11-01 01:16:07";83
"2018-11-01 01:26:00";84
"2018-11-01 01:26:06";84
"2018-11-01 01:36:00";84
"2018-11-01 01:36:04";84
"2018-11-01 01:46:00";84
"2018-11-01 01:56:00";83
"2018-11-01 01:56:05";83
"2018-11-01 02:06:00";83
"2018-11-01 02:06:04";83
"2018-11-01 02:16:00";83
"2018-11-01 02:16:05";83
"2018-11-01 02:26:00";83
"2018-11-01 02:36:00";83
"2018-11-01 02:36:05";83
"2018-11-01 02:46:00";83
"2018-11-01 02:46:05";83
"2018-11-01 02:56:00";86
"2018-11-01 02:56:05";86
"2018-11-01 03:06:00";86
"2018-11-01 03:16:00";86
"2018-11-01 03:16:04";86
"2018-11-01 03:26:00";88
"2018-11-01 03:26:05";88
"2018-11-01 03:36:00";88
"2018-11-01 03:36:16";88
"2018-11-01 03:46:00";88
"2018-11-01 03:46:05";88
"2018-11-01 03:56:00";87
"2018-11-01 04:06:00";87
"2018-11-01 04:06:05";87
"2018-11-01 04:16:00";87
"2018-11-01 04:16:05";87
"2018-11-01 04:26:00";91
"2018-11-01 04:26:06";91
"2018-11-01 04:36:00";91
"2018-11-01 04:36:05";91
"2018-11-01 04:46:00";91
"2018-11-01 04:56:00";92
"2018-11-01 04:56:05";92
"2018-11-01 05:06:00";92
"2018-11-01 05:06:05";92
"2018-11-01 05:16:00";92
"2018-11-01 05:16:05";92
"2018-11-01 05:26:00";93
"2018-11-01 05:26:05";93
"2018-11-01 05:36:00";93
"2018-11-01 05:36:05";93
"2018-11-01 05:46:00";93
"2018-11-01 05:46:05";93
"2018-11-01 05:56:00";96
"2018-11-01 06:06:00";96
"2018-11-01 06:06:04";96
"2018-11-01 06:16:00";96
"2018-11-01 06:16:05";96
"2018-11-01 06:26:00";97
"2018-11-01 06:36:00";97
"2018-11-01 06:36:05";97
"2018-11-01 06:46:00";97
"2018-11-01 06:46:05";97
"2018-11-01 06:56:00";96
"2018-11-01 06:56:05";96
"2018-11-01 07:06:00";96
"2018-11-01 07:16:00";96
"2018-11-01 07:16:05";96
"2018-11-01 07:26:00";96
"2018-11-01 07:26:05";96
"2018-11-01 07:36:00";96
"2018-11-01 07:36:05";96
"2018-11-01 07:46:00";96
"2018-11-01 07:46:06";96
"2018-11-01 07:56:00";98
"2018-11-01 08:06:00";98
"2018-11-01 08:06:05";98
"2018-11-01 08:16:00";98
"2018-11-01 08:16:05";98
"2018-11-01 08:26:00";97
"2018-11-01 08:36:00";97
"2018-11-01 08:36:05";97
"2018-11-01 08:46:00";97
"2018-11-01 08:46:04";97
"2018-11-01 08:56:00";91
"2018-11-01 08:56:04";91
"2018-11-01 09:06:00";91
"2018-11-01 09:16:00";91
"2018-11-01 09:16:05";91
"2018-11-01 09:26:00";98
"2018-11-01 09:26:05";98
"2018-11-01 09:36:00";98
"2018-11-01 09:36:05";98
"2018-11-01 09:46:00";93
"2018-11-01 09:46:05";93
"2018-11-01 09:56:00";93
"2018-11-01 10:06:00";93
"2018-11-01 10:06:04";93
"2018-11-01 10:16:00";93
"2018-11-01 10:16:05";93
"2018-11-01 10:26:00";97
"2018-11-01 10:36:00";97
"2018-11-01 10:36:05";97
"2018-11-01 10:46:00";97
"2018-11-01 10:46:05";97
"2018-11-01 10:56:00";97
"2018-11-01 10:56:05";97
"2018-11-01 11:06:00";97
"2018-11-01 11:16:00";97
"2018-11-01 11:16:06";97
"2018-11-01 11:26:00";94
"2018-11-01 11:26:05";94
"2018-11-01 11:36:00";94
"2018-11-01 11:36:05";94
"2018-11-01 11:46:00";94
"2018-11-01 11:46:05";94
"2018-11-01 11:56:00";100
"2018-11-01 12:06:00";100
"2018-11-01 12:06:05";100
"2018-11-01 12:16:00";100
"2018-11-01 12:16:05";100
"2018-11-01 12:26:00";97
"2018-11-01 12:36:00";97
"2018-11-01 12:36:04";97
"2018-11-01 12:46:00";97
"2018-11-01 12:46:07";97
"2018-11-01 12:56:00";96
"2018-11-01 12:56:05";96
"2018-11-01 13:06:00";96
"2018-11-01 13:16:00";96
"2018-11-01 13:16:05";96
"2018-11-01 13:26:00";95
"2018-11-01 13:26:05";95
"2018-11-01 13:36:00";95
"2018-11-01 13:36:05";95
"2018-11-01 13:46:00";95
"2018-11-01 13:46:05";95
"2018-11-01 13:56:00";100
"2018-11-01 14:06:00";100
"2018-11-01 14:06:05";100
"2018-11-01 14:16:00";100
"2018-11-01 14:16:06";100
"2018-11-01 14:26:00";99
"2018-11-01 14:26:05";99
"2018-11-01 14:36:00";99
"2018-11-01 14:46:00";99
"2018-11-01 14:46:05";99
"2018-11-01 14:56:00";97
"2018-11-01 14:56:05";97
"2018-11-01 15:06:00";97
"2018-11-01 15:16:00";97
"2018-11-01 15:16:04";97
"2018-11-01 15:26:00";98
"2018-11-01 15:26:06";98
"2018-11-01 15:36:00";98
"2018-11-01 15:36:05";98
"2018-11-01 15:46:00";98
"2018-11-01 15:46:05";98
"2018-11-01 15:56:00";98
"2018-11-01 16:06:00";98
"2018-11-01 16:06:05";98
"2018-11-01 16:16:00";98
"2018-11-01 16:16:06";98
"2018-11-01 16:26:00";96
"2018-11-01 16:26:05";96
"2018-11-01 16:36:00";96
"2018-11-01 16:36:04";96
"2018-11-01 16:46:00";96
"2018-11-01 16:56:00";96
"2018-11-01 16:56:05";96
"2018-11-01 17:06:00";96
"2018-11-01 17:06:05";96
"2018-11-01 17:16:00";96
"2018-11-01 17:16:05";96
"2018-11-01 17:26:00";92
"2018-11-01 17:36:00";92
"2018-11-01 17:36:05";92
"2018-11-01 17:46:00";92
"2018-11-01 17:46:05";92
"2018-11-01 17:56:00";93
"2018-11-01 17:56:05";93
"2018-11-01 18:06:00";93
"2018-11-01 18:06:05";93
"2018-11-01 18:16:00";93
"2018-11-01 18:16:05";93
"2018-11-01 18:26:00";94
"2018-11-01 18:36:00";94
"2018-11-01 18:36:05";94
"2018-11-01 18:46:00";94
"2018-11-01 18:46:05";94
"2018-11-01 18:56:00";93
"2018-11-01 18:56:05";93
"2018-11-01 19:06:00";93
"2018-11-01 19:16:00";93
"2018-11-01 19:16:05";93
"2018-11-01 19:26:00";90
"2018-11-01 19:26:05";90
"2018-11-01 19:36:00";90
"2018-11-01 19:36:05";90
"2018-11-01 19:46:00";90
"2018-11-01 19:46:05";90
"2018-11-01 19:56:00";89
"2018-11-01 20:06:00";89
"2018-11-01 20:06:06";89
"2018-11-01 20:16:00";89
"2018-11-01 20:16:05";89
"2018-11-01 20:26:00";89
"2018-11-01 20:26:05";89
"2018-11-01 20:36:00";89
"2018-11-01 20:36:05";89
"2018-11-01 20:46:00";89
"2018-11-01 20:56:00";88
"2018-11-01 20:56:06";88
"2018-11-01 21:06:00";88
"2018-11-01 21:06:05";88
"2018-11-01 21:16:00";88
"2018-11-01 21:16:05";88
"2018-11-01 21:26:00";89
"2018-11-01 21:36:00";89
"2018-11-01 21:36:06";89
"2018-11-01 21:46:00";89
"2018-11-01 21:46:05";89
"2018-11-01 21:56:00";86
"2018-11-01 21:56:05";86
"2018-11-01 22:06:00";86
"2018-11-01 22:06:06";86
"2018-11-01 22:16:00";86
"2018-11-01 22:16:07";86
"2018-11-01 22:26:00";84
"2018-11-01 22:36:00";84
"2018-11-01 22:36:07";84
"2018-11-01 22:46:00";86
"2018-11-01 22:46:05";86
"2018-11-01 22:56:00";86
"2018-11-01 22:56:05";86
"2018-11-01 23:06:00";86
"2018-11-01 23:16:00";86
"2018-11-01 23:16:05";86
"2018-11-01 23:26:00";85
"2018-11-01 23:26:06";85
"2018-11-01 23:36:00";85
"2018-11-01 23:36:06";85
"2018-11-01 23:46:00";85
"2018-11-01 23:46:05";85
"2018-11-01 23:56:00";83
"2018-11-02 00:06:00";83
"2018-11-02 00:06:08";83
"2018-11-02 00:16:00";83
"2018-11-02 00:16:06";83
"2018-11-02 00:26:00";83
"2018-11-02 00:36:00";83
"2018-11-02 00:36:05";83
"2018-11-02 00:46:00";83
"2018-11-02 00:46:05";83
"2018-11-02 00:56:00";84
"2018-11-02 00:56:06";84
"2018-11-02 01:06:00";84
"2018-11-02 01:16:00";84
"2018-11-02 01:16:07";84
"2018-11-02 01:26:00";83
"2018-11-02 01:26:04";83
"2018-11-02 01:36:00";83
"2018-11-02 01:36:06";83
"2018-11-02 01:46:00";83
"2018-11-02 01:56:00";83
"2018-11-02 01:56:05";83
"2018-11-02 02:06:00";83
"2018-11-02 02:06:05";83
"2018-11-02 02:16:00";83
"2018-11-02 02:16:05";83
"2018-11-02 02:26:00";81
"2018-11-02 02:26:04";81
"2018-11-02 02:36:00";81
"2018-11-02 02:36:04";81
"2018-11-02 02:46:00";81
"2018-11-02 02:56:00";83
"2018-11-02 02:56:05";83
"2018-11-02 03:06:00";83
"2018-11-02 03:06:05";83
"2018-11-02 03:16:00";83
"2018-11-02 03:16:05";83
"2018-11-02 03:26:00";81
"2018-11-02 03:26:05";81
"2018-11-02 03:36:00";81
"2018-11-02 03:36:05";81
"2018-11-02 03:46:00";81
"2018-11-02 03:46:05";81
"2018-11-02 03:56:00";82
"2018-11-02 04:06:00";82
"2018-11-02 04:06:05";82
"2018-11-02 04:16:00";82
"2018-11-02 04:16:05";82
"2018-11-02 04:26:00";82
"2018-11-02 04:36:00";82
"2018-11-02 04:36:05";82
"2018-11-02 04:46:00";82
"2018-11-02 04:46:05";82
"2018-11-02 04:56:00";82
"2018-11-02 04:56:05";82
"2018-11-02 05:06:00";82
"2018-11-02 05:16:00";82
"2018-11-02 05:16:05";82
"2018-11-02 05:26:00";81
"2018-11-02 05:26:04";81
"2018-11-02 05:36:00";81
"2018-11-02 05:36:04";81
"2018-11-02 05:46:00";81
"2018-11-02 05:46:05";81
"2018-11-02 05:56:00";81
"2018-11-02 06:06:00";81
"2018-11-02 06:06:05";81
"2018-11-02 06:16:00";81
"2018-11-02 06:16:05";81
"2018-11-02 06:26:00";80
"2018-11-02 06:36:00";80
"2018-11-02 06:36:04";80
"2018-11-02 06:46:00";80
"2018-11-02 06:46:05";80
"2018-11-02 06:56:00";80
"2018-11-02 06:56:04";80
"2018-11-02 07:06:00";80
"2018-11-02 07:16:00";80
"2018-11-02 07:16:05";80
"2018-11-02 07:26:00";80
"2018-11-02 07:26:05";80
"2018-11-02 07:36:00";80
"2018-11-02 07:36:05";80
"2018-11-02 07:46:00";80
"2018-11-02 07:46:05";80
"2018-11-02 07:56:00";81
"2018-11-02 08:06:00";81
"2018-11-02 08:06:05";81
"2018-11-02 08:16:00";81
"2018-11-02 08:16:04";81
"2018-11-02 08:26:00";80
"2018-11-02 08:36:00";80
"2018-11-02 08:36:05";80
"2018-11-02 08:46:00";80
"2018-11-02 08:46:05";80
"2018-11-02 08:56:00";79
"2018-11-02 08:56:05";79
"2018-11-02 09:06:00";79
"2018-11-02 09:16:00";79
"2018-11-02 09:16:05";79
"2018-11-02 09:26:00";81
"2018-11-02 09:26:05";81
"2018-11-02 09:36:00";81
"2018-11-02 09:36:05";81
"2018-11-02 09:46:00";81
"2018-11-02 09:46:05";81
"2018-11-02 09:56:00";81
"2018-11-02 10:06:00";81
"2018-11-02 10:06:05";81
"2018-11-02 10:16:00";81
"2018-11-02 10:16:05";81
"2018-11-02 10:26:00";83
"2018-11-02 10:26:05";83
"2018-11-02 10:36:00";83
"2018-11-02 10:46:00";83
"2018-11-02 10:46:05";83
"2018-11-02 10:56:00";82
"2018-11-02 10:56:05";82
"2018-11-02 11:06:00";82
"2018-11-02 11:16:00";82
"2018-11-02 11:16:05";82
"2018-11-02 11:26:00";81
"2018-11-02 11:26:05";81
"2018-11-02 11:36:00";81
"2018-11-02 11:36:05";81
"2018-11-02 11:46:00";81
"2018-11-02 11:46:05";81
"2018-11-02 11:56:00";82
"2018-11-02 12:06:00";82
"2018-11-02 12:06:05";82
"2018-11-02 12:16:00";82
"2018-11-02 12:16:04";82
"2018-11-02 12:26:00";82
"2018-11-02 12:36:00";82
"2018-11-02 12:36:05";82
"2018-11-02 12:46:00";80
"2018-11-02 12:46:04";80
"2018-11-02 12:56:00";80
"2018-11-02 13:06:00";80
"2018-11-02 13:06:04";80
"2018-11-02 13:16:00";80
"2018-11-02 13:16:04";80
"2018-11-02 13:26:00";80
"2018-11-02 13:26:05";80
"2018-11-02 13:36:00";80
"2018-11-02 13:36:05";80
"2018-11-02 13:46:00";80
"2018-11-02 13:56:00";79
"2018-11-02 13:56:05";79
"2018-11-02 14:06:00";79
"2018-11-02 14:06:04";79
"2018-11-02 14:16:00";79
"2018-11-02 14:16:04";79
"2018-11-02 14:26:00";78
"2018-11-02 14:36:00";78
"2018-11-02 14:36:05";78
"2018-11-02 14:46:00";78
"2018-11-02 14:46:05";78
"2018-11-02 14:56:00";75
"2018-11-02 14:56:05";75
"2018-11-02 15:06:00";75
"2018-11-02 15:16:00";78
"2018-11-02 15:16:05";78
"2018-11-02 15:26:00";78
"2018-11-02 15:36:00";78
"2018-11-02 15:46:00";78
"2018-11-02 15:56:00";79
"2018-11-02 16:06:00";79
"2018-11-02 16:16:00";79
"2018-11-02 16:26:00";82
"2018-11-02 16:36:00";82
"2018-11-02 16:46:00";82
"2018-11-02 16:56:00";78
"2018-11-02 17:06:00";78
"2018-11-02 17:16:00";78
"2018-11-02 17:26:00";77
"2018-11-02 17:36:00";77
"2018-11-02 17:46:00";77
"2018-11-02 17:46:05";77
"2018-11-02 17:56:00";80
"2018-11-02 18:06:00";80
"2018-11-02 18:06:05";80
"2018-11-02 18:16:00";80
"2018-11-02 18:16:05";80
"2018-11-02 18:26:00";77
"2018-11-02 18:26:05";77
"2018-11-02 18:36:00";77
"2018-11-02 18:36:05";77
"2018-11-02 18:46:00";77
"2018-11-02 18:56:00";77
"2018-11-02 18:56:06";77
"2018-11-02 19:06:00";77
"2018-11-02 19:06:05";77
"2018-11-02 19:16:00";77
"2018-11-02 19:26:00";77
"2018-11-02 19:26:05";77
"2018-11-02 19:36:00";77
"2018-11-02 19:36:05";77
"2018-11-02 19:46:00";77
"2018-11-02 19:46:05";77
"2018-11-02 19:56:00";79
"2018-11-02 20:06:00";79
"2018-11-02 20:06:05";79
"2018-11-02 20:16:00";79
"2018-11-02 20:16:05";79
"2018-11-02 20:26:00";78
"2018-11-02 20:26:05";78
"2018-11-02 20:36:00";78
"2018-11-02 20:36:05";78
"2018-11-02 20:46:00";78
"2018-11-02 20:56:00";78
"2018-11-02 20:56:05";78
"2018-11-02 21:06:00";78
"2018-11-02 21:06:05";78
"2018-11-02 21:16:00";78
"2018-11-02 21:26:00";78
"2018-11-02 21:26:05";78
"2018-11-02 21:36:00";78
"2018-11-02 21:36:05";78
"2018-11-02 21:46:00";78
"2018-11-02 21:46:05";78
"2018-11-02 21:56:00";79
"2018-11-02 22:06:00";79
"2018-11-02 22:06:06";79
"2018-11-02 22:16:00";79
"2018-11-02 22:26:00";75
"2018-11-02 22:26:06";75
"2018-11-02 22:36:00";75
"2018-11-02 22:36:06";75
"2018-11-02 22:46:00";75
"2018-11-02 22:56:00";77
"2018-11-02 22:56:05";77
"2018-11-02 23:06:00";77
"2018-11-02 23:06:05";77
"2018-11-02 23:16:00";77
"2018-11-02 23:26:00";77
"2018-11-02 23:26:06";77
"2018-11-02 23:36:00";74
"2018-11-02 23:36:06";74
"2018-11-02 23:46:00";74
"2018-11-02 23:56:00";74
"2018-11-02 23:56:06";74
"2018-11-03 00:06:00";76
"2018-11-03 00:06:06";76
"2018-11-03 00:16:00";76
"2018-11-03 00:26:00";76
"2018-11-03 00:26:06";76
"2018-11-03 00:36:00";77
"2018-11-03 00:36:06";77
"2018-11-03 00:46:00";77
"2018-11-03 00:56:00";77
"2018-11-03 00:56:06";77
"2018-11-03 01:06:00";75
"2018-11-03 01:06:05";75
"2018-11-03 01:16:00";75
"2018-11-03 01:26:00";75
"2018-11-03 01:26:04";75
"2018-11-03 01:36:00";75
"2018-11-03 01:36:05";75
"2018-11-03 01:46:00";76
"2018-11-03 01:56:00";76
"2018-11-03 01:56:05";76
"2018-11-03 02:06:00";74
"2018-11-03 02:06:05";74
"2018-11-03 02:16:00";74
"2018-11-03 02:26:00";74
"2018-11-03 02:26:05";74
"2018-11-03 02:36:00";74
"2018-11-03 02:36:04";74
"2018-11-03 02:46:00";74
"2018-11-03 02:56:00";75
"2018-11-03 02:56:04";75
"2018-11-03 03:06:00";75
"2018-11-03 03:06:05";75
"2018-11-03 03:16:00";75
"2018-11-03 03:26:00";74
"2018-11-03 03:26:05";74
"2018-11-03 03:36:00";74
"2018-11-03 03:36:05";74
"2018-11-03 03:46:00";74
"2018-11-03 03:56:00";75
"2018-11-03 03:56:05";75
"2018-11-03 04:06:00";75
"2018-11-03 04:06:04";75
"2018-11-03 04:16:00";75
"2018-11-03 04:26:00";73
"2018-11-03 04:26:05";73
"2018-11-03 04:36:00";73
"2018-11-03 04:36:05";73
"2018-11-03 04:46:00";73
"2018-11-03 04:56:00";74
"2018-11-03 04:56:05";74
"2018-11-03 05:06:00";74
"2018-11-03 05:06:05";74
"2018-11-03 05:16:00";74
"2018-11-03 05:26:00";74
"2018-11-03 05:26:05";74
"2018-11-03 05:36:00";74
"2018-11-03 05:36:05";74
"2018-11-03 05:46:00";74
"2018-11-03 05:56:00";74
"2018-11-03 05:56:05";74
"2018-11-03 06:06:00";74
"2018-11-03 06:06:05";74
"2018-11-03 06:16:00";74
"2018-11-03 06:26:00";75
"2018-11-03 06:26:05";75
"2018-11-03 06:36:00";75
"2018-11-03 06:36:05";75
"2018-11-03 06:46:00";75
"2018-11-03 06:56:00";76
"2018-11-03 06:56:05";76
"2018-11-03 07:06:00";76
"2018-11-03 07:06:05";76
"2018-11-03 07:16:00";76
"2018-11-03 07:26:00";72
"2018-11-03 07:26:04";72
"2018-11-03 07:36:00";72
"2018-11-03 07:36:05";72
"2018-11-03 07:46:00";72
"2018-11-03 07:56:00";73
"2018-11-03 07:56:05";73
"2018-11-03 08:06:00";73
"2018-11-03 08:06:05";73
"2018-11-03 08:16:00";73
"2018-11-03 08:26:00";75
"2018-11-03 08:26:05";75
"2018-11-03 08:36:00";75
"2018-11-03 08:36:05";75
"2018-11-03 08:46:00";75
"2018-11-03 08:56:00";72
"2018-11-03 08:56:05";72
"2018-11-03 09:06:00";72
"2018-11-03 09:06:05";72
"2018-11-03 09:16:00";72
"2018-11-03 09:26:00";72
"2018-11-03 09:26:05";72
"2018-11-03 09:36:00";72
"2018-11-03 09:36:05";72
"2018-11-03 09:46:00";72
"2018-11-03 09:56:00";75
"2018-11-03 09:56:05";75
"2018-11-03 10:06:00";75
"2018-11-03 10:06:05";75
"2018-11-03 10:16:00";75
"2018-11-03 10:26:00";74
"2018-11-03 10:26:05";74
"2018-11-03 10:36:00";74
"2018-11-03 10:36:05";74
"2018-11-03 10:46:00";74
"2018-11-03 10:56:00";75
"2018-11-03 10:56:05";75
"2018-11-03 11:06:00";75
"2018-11-03 11:06:05";75
"2018-11-03 11:16:00";75
"2018-11-03 11:26:00";77
"2018-11-03 11:26:05";77
"2018-11-03 11:36:00";77
"2018-11-03 11:36:05";77
"2018-11-03 11:46:00";77
"2018-11-03 11:56:00";78
"2018-11-03 11:56:05";78
"2018-11-03 12:06:00";78
"2018-11-03 12:06:05";78
"2018-11-03 12:16:00";78
"2018-11-03 12:26:00";77
"2018-11-03 12:26:05";77
"2018-11-03 12:36:00";77
"2018-11-03 12:36:05";77
"2018-11-03 12:46:00";77
"2018-11-03 12:56:00";80
"2018-11-03 12:56:05";80
"2018-11-03 13:06:00";80
"2018-11-03 13:06:05";80
"2018-11-03 13:16:00";80
"2018-11-03 13:26:00";82
"2018-11-03 13:26:05";82
"2018-11-03 13:36:00";82
"2018-11-03 13:36:05";82
"2018-11-03 13:46:00";82
"2018-11-03 13:56:00";79
"2018-11-03 13:56:05";79
"2018-11-03 14:06:00";79
"2018-11-03 14:06:05";79
"2018-11-03 14:16:00";79
"2018-11-03 14:26:00";79
"2018-11-03 14:26:05";79
"2018-11-03 14:36:00";79
"2018-11-03 14:36:05";79
"2018-11-03 14:46:00";79
"2018-11-03 14:56:00";80
"2018-11-03 14:56:05";80
"2018-11-03 15:06:00";80
"2018-11-03 15:06:05";80
"2018-11-03 15:16:00";80
"2018-11-03 15:26:00";80
"2018-11-03 15:26:05";80
"2018-11-03 15:36:00";80
"2018-11-03 15:36:04";80
"2018-11-03 15:46:00";80
"2018-11-03 15:56:00";83
"2018-11-03 15:56:05";83
"2018-11-03 16:06:00";83
"2018-11-03 16:06:05";83
"2018-11-03 16:16:00";83
"2018-11-03 16:26:00";80
"2018-11-03 16:26:05";80
"2018-11-03 16:36:00";80
"2018-11-03 16:36:05";80
"2018-11-03 16:46:00";80
"2018-11-03 16:56:00";83
"2018-11-03 16:56:05";83
"2018-11-03 17:06:00";83
"2018-11-03 17:06:05";83
"2018-11-03 17:16:00";83
"2018-11-03 17:26:00";82
"2018-11-03 17:26:05";82
"2018-11-03 17:36:00";82
"2018-11-03 17:36:05";82
"2018-11-03 17:46:00";82
"2018-11-03 17:56:00";83
"2018-11-03 17:56:05";83
"2018-11-03 18:06:00";83
"2018-11-03 18:06:06";83
"2018-11-03 18:16:00";83
"2018-11-03 18:26:00";83
"2018-11-03 18:26:05";83
"2018-11-03 18:36:00";83
"2018-11-03 18:36:05";83
"2018-11-03 18:46:00";83
"2018-11-03 18:56:00";83
"2018-11-03 18:56:05";83
"2018-11-03 19:06:00";83
"2018-11-03 19:06:05";83
"2018-11-03 19:16:00";83
"2018-11-03 19:26:00";83
"2018-11-03 19:26:05";83
"2018-11-03 19:36:00";83
"2018-11-03 19:36:05";83
"2018-11-03 19:46:00";83
"2018-11-03 19:56:00";83
"2018-11-03 19:56:05";83
"2018-11-03 20:06:00";83
"2018-11-03 20:06:05";83
"2018-11-03 20:16:00";83
"2018-11-03 20:26:00";82
"2018-11-03 20:26:05";82
"2018-11-03 20:36:00";82
"2018-11-03 20:36:05";82
"2018-11-03 20:46:00";82
"2018-11-03 20:56:00";80
"2018-11-03 20:56:05";80
"2018-11-03 21:06:00";80
"2018-11-03 21:06:06";80
"2018-11-03 21:16:00";80
"2018-11-03 21:26:00";82
"2018-11-03 21:26:05";82
"2018-11-03 21:36:00";82
"2018-11-03 21:36:05";82
"2018-11-03 21:46:00";82
"2018-11-03 21:56:00";81
"2018-11-03 21:56:05";81
"2018-11-03 22:06:00";81
"2018-11-03 22:06:07";81
"2018-11-03 22:16:00";81
"2018-11-03 22:26:00";81
"2018-11-03 22:26:06";81
"2018-11-03 22:36:00";81
"2018-11-03 22:36:06";81
"2018-11-03 22:46:00";81
"2018-11-03 22:56:00";82
"2018-11-03 22:56:06";82
"2018-11-03 23:06:00";82
"2018-11-03 23:06:05";82
"2018-11-03 23:16:00";82
"2018-11-03 23:26:00";80
"2018-11-03 23:26:05";80
"2018-11-04 00:36:00";80
"2018-11-04 00:36:05";80
"2018-11-04 00:46:00";80
"2018-11-04 00:46:06";80
"2018-11-04 00:56:00";79
"2018-11-04 01:06:00";79
"2018-11-04 01:06:06";79
"2018-11-04 01:16:00";79
"2018-11-04 01:16:05";79
"2018-11-04 01:26:00";81
"2018-11-04 01:36:00";81
"2018-11-04 01:36:05";81
"2018-11-04 01:46:00";81
"2018-11-04 01:46:06";81
"2018-11-04 01:56:00";78
"2018-11-04 01:56:05";78
"2018-11-04 02:06:00";78
"2018-11-04 02:06:05";78
"2018-11-04 02:16:00";78
"2018-11-04 02:26:00";81
"2018-11-04 02:26:05";81
"2018-11-04 02:36:00";81
"2018-11-04 02:36:05";81
"2018-11-04 02:46:00";81
"2018-11-04 02:56:00";81
"2018-11-04 02:56:05";81
"2018-11-04 03:06:00";81
"2018-11-04 03:06:05";81
"2018-11-04 03:16:00";80
"2018-11-04 03:26:00";80
"2018-11-04 03:26:05";80
"2018-11-04 03:36:00";80
"2018-11-04 03:36:05";80
"2018-11-04 03:46:00";80
"2018-11-04 03:56:00";78
"2018-11-04 03:56:05";78
"2018-11-04 04:06:00";78
"2018-11-04 04:06:05";78
"2018-11-04 04:16:00";78
"2018-11-04 04:26:00";77
"2018-11-04 04:26:04";77
"2018-11-04 04:36:00";77
"2018-11-04 04:36:05";77
"2018-11-04 04:46:00";77
"2018-11-04 04:56:00";79
"2018-11-04 04:56:06";79
"2018-11-04 05:06:00";79
"2018-11-04 05:06:04";79
"2018-11-04 05:16:00";79
"2018-11-04 05:26:00";80
"2018-11-04 05:26:05";80
"2018-11-04 05:36:00";80
"2018-11-04 05:36:05";80
"2018-11-04 05:46:00";80
"2018-11-04 05:56:00";80
"2018-11-04 05:56:05";80
"2018-11-04 06:06:00";80
"2018-11-04 06:06:05";80
"2018-11-04 06:16:00";80
"2018-11-04 06:26:00";81
"2018-11-04 06:26:04";81
"2018-11-04 06:36:00";81
"2018-11-04 06:36:06";81
"2018-11-04 06:46:00";81
"2018-11-04 06:56:00";78
"2018-11-04 06:56:05";78
"2018-11-04 07:06:00";78
"2018-11-04 07:06:04";78
"2018-11-04 07:16:00";78
"2018-11-04 07:26:00";79
"2018-11-04 07:26:05";79
"2018-11-04 07:36:00";79
"2018-11-04 07:36:05";79
"2018-11-04 07:46:00";79
"2018-11-04 07:56:00";80
"2018-11-04 07:56:05";80
"2018-11-04 08:06:00";80
"2018-11-04 08:06:05";80
"2018-11-04 08:16:00";79
"2018-11-04 08:26:00";79
"2018-11-04 08:26:05";79
"2018-11-04 08:36:00";79
"2018-11-04 08:36:04";79
"2018-11-04 08:46:00";79
"2018-11-04 08:56:00";78
"2018-11-04 08:56:04";78
"2018-11-04 09:06:00";78
"2018-11-04 09:06:05";78
"2018-11-04 09:16:00";78
"2018-11-04 09:26:00";77
"2018-11-04 09:26:04";77
"2018-11-04 09:36:00";77
"2018-11-04 09:36:04";77
"2018-11-04 09:46:00";77
"2018-11-04 09:56:00";81
"2018-11-04 09:56:06";81
"2018-11-04 10:06:00";81
"2018-11-04 10:06:05";81
"2018-11-04 10:16:00";81
"2018-11-04 10:26:00";80
"2018-11-04 10:26:05";80
"2018-11-04 10:36:00";80
"2018-11-04 10:36:05";80
"2018-11-04 10:46:00";80
"2018-11-04 10:56:00";81
"2018-11-04 10:56:05";81
"2018-11-04 11:06:00";81
"2018-11-04 11:06:05";81
"2018-11-04 11:16:00";81
"2018-11-04 11:26:00";81
"2018-11-04 11:26:05";81
"2018-11-04 11:36:00";81
"2018-11-04 11:36:05";81
"2018-11-04 11:46:00";81
"2018-11-04 11:56:00";76
"2018-11-04 11:56:05";76
"2018-11-04 12:06:00";76
"2018-11-04 12:06:05";76
"2018-11-04 12:16:00";76
"2018-11-04 12:26:00";80
"2018-11-04 12:26:05";80
"2018-11-04 12:36:00";80
"2018-11-04 12:36:05";80
"2018-11-04 12:46:00";80
"2018-11-04 12:56:00";77
"2018-11-04 12:56:05";77
"2018-11-04 13:06:00";77
"2018-11-04 13:06:05";77
"2018-11-04 13:16:00";77
"2018-11-04 13:26:00";80
"2018-11-04 13:26:05";80
"2018-11-04 13:36:00";80
"2018-11-04 13:36:05";80
"2018-11-04 13:46:00";80
"2018-11-04 13:56:00";79
"2018-11-04 13:56:05";79
"2018-11-04 14:06:00";79
"2018-11-04 14:06:04";79
"2018-11-04 14:16:00";79
"2018-11-04 14:26:00";79
"2018-11-04 14:26:05";79
"2018-11-04 14:36:00";79
"2018-11-04 14:36:05";79
"2018-11-04 14:46:00";79
"2018-11-04 14:56:00";78
"2018-11-04 14:56:05";78
"2018-11-04 15:06:00";78
"2018-11-04 15:06:05";78
"2018-11-04 15:16:00";78
"2018-11-04 15:26:00";82
"2018-11-04 15:26:05";82
"2018-11-04 15:36:00";82
"2018-11-04 15:36:05";82
"2018-11-04 15:46:00";82
"2018-11-04 15:56:00";81
"2018-11-04 15:56:05";81
"2018-11-04 16:06:00";81
"2018-11-04 16:06:05";81
"2018-11-04 16:16:00";81
"2018-11-04 16:26:00";82
"2018-11-04 16:26:05";82
"2018-11-04 16:36:00";82
"2018-11-04 16:36:04";82
"2018-11-04 16:46:00";82
"2018-11-04 16:56:00";82
"2018-11-04 16:56:05";82
"2018-11-04 17:06:00";82
"2018-11-04 17:06:04";82
"2018-11-04 17:16:00";82
"2018-11-04 17:26:00";80
"2018-11-04 17:26:05";80
"2018-11-04 17:36:00";80
"2018-11-04 17:36:05";80
"2018-11-04 17:46:00";80
"2018-11-04 17:56:00";82
"2018-11-04 17:56:05";82
"2018-11-04 18:06:00";82
"2018-11-04 18:06:05";82
"2018-11-04 18:16:00";82
"2018-11-04 18:26:00";80
"2018-11-04 18:26:05";80
"2018-11-04 18:36:00";80
"2018-11-04 18:36:05";80
"2018-11-04 18:46:00";80
"2018-11-04 18:56:00";83
"2018-11-04 18:56:05";83
"2018-11-04 19:06:00";83
"2018-11-04 19:06:05";83
"2018-11-04 19:16:00";83
"2018-11-04 19:26:00";89
"2018-11-04 19:26:05";89
"2018-11-04 19:36:00";89
"2018-11-04 19:36:05";89
"2018-11-04 19:46:00";89
"2018-11-04 19:56:00";94
"2018-11-04 19:56:04";94
"2018-11-04 20:06:00";94
"2018-11-04 20:06:05";94
"2018-11-04 20:16:00";94
"2018-11-04 20:26:00";99
"2018-11-04 20:26:05";99
"2018-11-04 20:36:00";99
"2018-11-04 20:36:05";99
"2018-11-04 20:46:00";99
"2018-11-04 20:56:00";112
"2018-11-04 20:56:05";112
"2018-11-04 21:06:00";112
"2018-11-04 21:06:05";112
"2018-11-04 21:16:00";112
"2018-11-04 21:26:00";125
"2018-11-04 21:26:05";125
"2018-11-04 21:36:00";125
"2018-11-04 21:36:05";125
"2018-11-04 21:46:00";125
"2018-11-04 21:56:00";130
"2018-11-04 21:56:05";130
"2018-11-04 22:06:00";130
"2018-11-04 22:06:07";130
"2018-11-04 22:16:00";130
"2018-11-04 22:26:00";134
"2018-11-04 22:26:06";134
"2018-11-04 22:36:00";134
"2018-11-04 22:36:06";134
"2018-11-04 22:46:00";134
"2018-11-04 22:56:00";151
"2018-11-04 22:56:05";151
"2018-11-04 23:06:00";151
"2018-11-04 23:06:05";151
"2018-11-04 23:16:00";151
"2018-11-04 23:26:00";154
"2018-11-04 23:26:05";154
"2018-11-04 23:36:00";154
"2018-11-04 23:36:06";154
"2018-11-04 23:46:00";154
"2018-11-04 23:56:00";158
"2018-11-04 23:56:07";158
"2018-11-05 00:06:00";158
"2018-11-05 00:06:05";158
"2018-11-05 00:16:00";158
"2018-11-05 00:26:00";154
"2018-11-05 00:26:05";154
"2018-11-05 00:36:00";154
"2018-11-05 00:36:05";154
"2018-11-05 00:46:00";154
"2018-11-05 00:56:00";159
"2018-11-05 00:56:05";159
"2018-11-05 01:06:00";159
"2018-11-05 01:06:05";159
"2018-11-05 01:16:00";159
"2018-11-05 01:26:00";150
"2018-11-05 01:26:11";150
"2018-11-05 01:36:00";150
"2018-11-05 01:36:06";150
"2018-11-05 01:46:00";150
"2018-11-05 01:56:00";149
"2018-11-05 01:56:06";149
"2018-11-05 02:06:00";149
"2018-11-05 02:06:05";149
"2018-11-05 02:16:00";149
"2018-11-05 02:26:00";142
"2018-11-05 02:26:05";142
"2018-11-05 02:36:00";142
"2018-11-05 02:36:05";142
"2018-11-05 02:46:00";142
"2018-11-05 02:56:00";142
"2018-11-05 02:56:04";142
"2018-11-05 03:06:00";142
"2018-11-05 03:06:05";142
"2018-11-05 03:16:00";142
"2018-11-05 03:26:00";149
"2018-11-05 03:26:05";149
"2018-11-05 03:36:00";149
"2018-11-05 03:36:05";149
"2018-11-05 03:46:00";149
"2018-11-05 03:56:00";130
"2018-11-05 03:56:05";130
"2018-11-05 04:06:00";130
"2018-11-05 04:06:05";130
"2018-11-05 04:16:00";130
"2018-11-05 04:26:00";136
"2018-11-05 04:26:05";136
"2018-11-05 04:36:00";136
"2018-11-05 04:36:05";136
"2018-11-05 04:46:00";136
"2018-11-05 04:56:00";137
"2018-11-05 04:56:05";137
"2018-11-05 05:06:00";137
"2018-11-05 05:06:04";137
"2018-11-05 05:16:00";137
"2018-11-05 05:26:00";131
"2018-11-05 05:26:05";131
"2018-11-05 05:36:00";131
"2018-11-05 05:36:04";131
"2018-11-05 05:46:00";131
"2018-11-05 05:56:00";138
"2018-11-05 05:56:05";138
"2018-11-05 06:06:00";138
"2018-11-05 06:06:04";138
"2018-11-05 06:16:00";138
"2018-11-05 06:26:00";147
"2018-11-05 06:26:05";147
"2018-11-05 06:36:00";147
"2018-11-05 06:36:04";147
"2018-11-05 06:46:00";147
"2018-11-05 06:56:00";131
"2018-11-05 06:56:04";131
"2018-11-05 07:06:00";131
"2018-11-05 07:06:05";131
"2018-11-05 07:16:00";131
"2018-11-05 07:26:00";131
"2018-11-05 07:26:05";131
"2018-11-05 07:36:00";131
"2018-11-05 07:36:04";131
"2018-11-05 07:46:00";131
"2018-11-05 07:56:00";135
"2018-11-05 07:56:04";135
"2018-11-05 08:06:00";135
"2018-11-05 08:06:05";135
"2018-11-05 08:16:00";135
"2018-11-05 08:26:00";130
"2018-11-05 08:26:05";130
"2018-11-05 08:36:00";130
"2018-11-05 08:36:05";130
"2018-11-05 08:46:00";130
"2018-11-05 08:56:00";129
"2018-11-05 08:56:05";129
"2018-11-05 09:06:00";129
"2018-11-05 09:06:05";129
"2018-11-05 09:16:00";129
"2018-11-05 09:26:00";125
"2018-11-05 09:26:05";125
"2018-11-05 09:36:00";125
"2018-11-05 09:36:05";125
"2018-11-05 09:46:00";125
"2018-11-05 09:56:00";127
"2018-11-05 09:56:05";127
"2018-11-05 10:06:00";127
"2018-11-05 10:06:05";127
"2018-11-05 10:16:00";127
"2018-11-05 10:26:00";129
"2018-11-05 10:26:05";129
"2018-11-05 10:36:00";129
"2018-11-05 10:36:05";129
"2018-11-05 10:46:00";129
"2018-11-05 10:56:00";127
"2018-11-05 10:56:05";127
"2018-11-05 11:06:00";127
"2018-11-05 11:06:05";127
"2018-11-05 11:26:00";116
"2018-11-05 11:36:00";116
"2018-11-05 11:36:05";116
"2018-11-05 11:46:00";116
"2018-11-05 11:46:05";116
"2018-11-05 11:56:00";128
"2018-11-05 12:06:00";128
"2018-11-05 12:06:05";128
"2018-11-05 12:16:00";128
"2018-11-05 12:16:05";128
"2018-11-05 12:26:00";123
"2018-11-05 12:36:00";123
"2018-11-05 12:36:05";123
"2018-11-05 12:46:00";123
"2018-11-05 12:46:05";123
"2018-11-05 12:56:00";123
"2018-11-05 13:06:00";123
"2018-11-05 13:06:06";123
"2018-11-05 13:16:00";123
"2018-11-05 13:16:05";123
"2018-11-05 13:26:00";119
"2018-11-05 13:36:00";119
"2018-11-05 13:36:05";119
"2018-11-05 13:46:00";119
"2018-11-05 13:46:05";119
"2018-11-05 13:56:00";118
"2018-11-05 14:06:00";118
"2018-11-05 14:06:05";117
"2018-11-05 14:16:00";118
"2018-11-05 14:16:05";117
"2018-11-05 14:26:00";118
"2018-11-05 14:36:00";118
"2018-11-05 14:36:05";117
"2018-11-05 14:46:00";118
"2018-11-05 14:46:05";117
"2018-11-05 14:56:00";115
"2018-11-05 15:06:00";115
"2018-11-05 15:06:05";115
"2018-11-05 15:16:00";115
"2018-11-05 15:16:05";115
"2018-11-05 15:26:00";115
"2018-11-05 15:36:00";115
"2018-11-05 15:36:05";115
"2018-11-05 15:46:00";115
"2018-11-05 15:46:05";115
"2018-11-05 15:56:00";112
"2018-11-05 15:56:05";112
"2018-11-05 16:26:00";115
"2018-11-05 16:26:05";115
"2018-11-05 16:36:00";115
"2018-11-05 16:36:05";115
"2018-11-05 16:46:00";115
"2018-11-05 16:56:00";115
"2018-11-05 16:56:05";115
"2018-11-05 17:06:00";116
"2018-11-05 17:06:05";116
"2018-11-05 17:16:00";116
"2018-11-05 17:26:00";119
"2018-11-05 17:26:05";119
"2018-11-05 17:36:00";119
"2018-11-05 17:36:05";119
"2018-11-05 17:46:00";119
"2018-11-05 17:56:00";111
"2018-11-05 17:56:05";111
"2018-11-05 18:06:00";111
"2018-11-05 18:06:05";111
"2018-11-05 18:16:00";111
"2018-11-05 18:26:00";112
"2018-11-05 18:26:05";112
"2018-11-05 18:36:00";112
"2018-11-05 18:36:05";112
"2018-11-05 18:46:00";112
"2018-11-05 18:56:00";118
"2018-11-05 18:56:05";117
"2018-11-05 19:06:00";118
"2018-11-05 19:06:05";117
"2018-11-05 19:16:00";118
"2018-11-05 19:26:00";118
"2018-11-05 19:26:05";117
"2018-11-05 19:36:00";118
"2018-11-05 19:36:05";117
"2018-11-05 19:46:00";118
"2018-11-05 19:56:00";117
"2018-11-05 19:56:05";116
"2018-11-05 20:06:00";117
"2018-11-05 20:06:05";116
"2018-11-05 20:16:00";117
"2018-11-05 20:26:00";115
"2018-11-05 20:26:05";115
"2018-11-05 20:36:00";115
"2018-11-05 20:36:05";115
"2018-11-05 20:46:00";115
"2018-11-05 20:56:00";114
"2018-11-05 20:56:05";114
"2018-11-05 21:06:00";114
"2018-11-05 21:06:05";114
"2018-11-05 21:16:00";114
"2018-11-05 21:26:00";117
"2018-11-05 21:26:05";116
"2018-11-05 21:36:00";117
"2018-11-05 21:36:05";116
"2018-11-05 21:46:00";117
"2018-11-05 21:56:00";116
"2018-11-05 21:56:05";116
"2018-11-05 22:06:00";116
"2018-11-05 22:06:06";116
"2018-11-05 22:16:00";116
"2018-11-05 22:26:00";123
"2018-11-05 22:26:05";123
"2018-11-05 22:36:00";123
"2018-11-05 22:36:06";123
"2018-11-05 22:46:00";123
"2018-11-05 22:56:00";118
"2018-11-05 22:56:05";117
"2018-11-05 23:06:00";118
"2018-11-05 23:06:05";117
"2018-11-05 23:16:00";118
"2018-11-05 23:26:00";118
"2018-11-05 23:26:06";117
"2018-11-05 23:36:00";117
"2018-11-05 23:36:05";116
"2018-11-05 23:46:00";117
"2018-11-05 23:56:00";116
"2018-11-05 23:56:06";116
"2018-11-06 00:06:00";116
"2018-11-06 00:06:07";116
"2018-11-06 00:16:00";116
"2018-11-06 00:26:00";119
"2018-11-06 00:26:06";119
"2018-11-06 00:36:00";119
"2018-11-06 00:36:05";119
"2018-11-06 00:46:00";119
"2018-11-06 00:56:00";119
"2018-11-06 00:56:07";119
"2018-11-06 01:06:00";119
"2018-11-06 01:06:06";119
"2018-11-06 01:16:00";119
"2018-11-06 01:26:00";123
"2018-11-06 01:26:06";123
"2018-11-06 01:36:00";123
"2018-11-06 01:36:04";123
"2018-11-06 01:46:00";123
"2018-11-06 01:56:00";124
"2018-11-06 01:56:05";124
"2018-11-06 02:06:00";124
"2018-11-06 02:06:04";124
"2018-11-06 02:16:00";124
"2018-11-06 02:26:00";125
"2018-11-06 02:26:04";125
"2018-11-06 02:36:00";125
"2018-11-06 02:36:05";125
"2018-11-06 02:46:00";121
"2018-11-06 02:56:00";121
"2018-11-06 02:56:05";121
"2018-11-06 03:06:00";121
"2018-11-06 03:06:05";121
"2018-11-06 03:16:00";121
"2018-11-06 03:26:00";121
"2018-11-06 03:26:04";121
"2018-11-06 03:36:00";121
"2018-11-06 03:36:04";121
"2018-11-06 03:46:00";121
"2018-11-06 03:56:00";133
"2018-11-06 03:56:05";133
"2018-11-06 04:06:00";133
"2018-11-06 04:06:05";133
"2018-11-06 04:16:00";133
"2018-11-06 04:26:00";130
"2018-11-06 04:26:05";130
"2018-11-06 04:36:00";130
"2018-11-06 04:36:05";130
"2018-11-06 04:46:00";130
"2018-11-06 04:56:00";136
"2018-11-06 04:56:05";136
"2018-11-06 05:06:00";136
"2018-11-06 05:06:04";136
"2018-11-06 05:16:00";136
"2018-11-06 05:26:00";126
"2018-11-06 05:26:05";126
"2018-11-06 05:36:00";126
"2018-11-06 05:36:04";126
"2018-11-06 05:46:00";126
"2018-11-06 05:56:00";134
"2018-11-06 05:56:05";134
"2018-11-06 06:06:00";134
"2018-11-06 06:06:05";134
"2018-11-06 06:16:00";134
"2018-11-06 06:26:00";140
"2018-11-06 06:26:05";140
"2018-11-06 06:36:00";140
"2018-11-06 06:36:04";140
"2018-11-06 06:46:00";140
"2018-11-06 06:56:00";137
"2018-11-06 06:56:05";137
"2018-11-06 07:06:00";137
"2018-11-06 07:06:05";137
"2018-11-06 07:16:00";137
"2018-11-06 07:26:00";140
"2018-11-06 07:26:05";140
"2018-11-06 07:36:00";140
"2018-11-06 07:36:06";140
"2018-11-06 07:46:00";140
"2018-11-06 07:56:00";142
"2018-11-06 07:56:05";142
"2018-11-06 08:06:00";142
"2018-11-06 08:06:04";142
"2018-11-06 08:16:00";142
"2018-11-06 08:26:00";150
"2018-11-06 08:26:05";150
"2018-11-06 08:36:00";150
"2018-11-06 08:36:05";150
"2018-11-06 08:46:00";150
"2018-11-06 08:56:00";146
"2018-11-06 08:56:05";146
"2018-11-06 09:06:00";146
"2018-11-06 09:06:05";146
"2018-11-06 09:16:00";139
"2018-11-06 09:26:00";139
"2018-11-06 09:26:05";139
"2018-11-06 09:36:00";139
"2018-11-06 09:36:05";139
"2018-11-06 09:46:00";139
"2018-11-06 09:56:00";150
"2018-11-06 09:56:05";150
"2018-11-06 10:06:00";150
"2018-11-06 10:06:05";150
"2018-11-06 10:16:00";150
"2018-11-06 10:26:00";157
"2018-11-06 10:26:05";157
"2018-11-06 10:36:00";157
"2018-11-06 10:36:05";157
"2018-11-06 10:46:00";157
"2018-11-06 10:56:00";155
"2018-11-06 10:56:05";155
"2018-11-06 11:06:00";155
"2018-11-06 11:06:05";155
"2018-11-06 11:16:00";155
"2018-11-06 11:26:00";160
"2018-11-06 11:26:05";160
"2018-11-06 11:36:00";160
"2018-11-06 11:36:06";160
"2018-11-06 11:46:00";160
"2018-11-06 11:56:00";168
"2018-11-06 11:56:05";168
"2018-11-06 12:06:00";168
"2018-11-06 12:06:05";168
"2018-11-06 12:16:00";168
"2018-11-06 12:26:00";161
"2018-11-06 12:26:05";161
"2018-11-06 12:36:00";161
"2018-11-06 12:36:05";161
"2018-11-06 12:46:00";161
"2018-11-06 12:56:00";168
"2018-11-06 12:56:05";168
"2018-11-06 13:06:00";168
"2018-11-06 13:06:06";168
"2018-11-06 13:16:00";168
"2018-11-06 13:26:00";177
"2018-11-06 13:26:05";177
"2018-11-06 13:36:00";177
"2018-11-06 13:36:05";177
"2018-11-06 13:46:00";177
"2018-11-06 13:56:00";160
"2018-11-06 13:56:05";160
"2018-11-06 14:06:00";160
"2018-11-06 14:06:05";160
"2018-11-06 14:16:00";160
"2018-11-06 14:26:00";163
"2018-11-06 14:26:05";163
"2018-11-06 14:36:00";163
"2018-11-06 14:36:05";163
"2018-11-06 14:46:00";163
"2018-11-06 14:56:00";157
"2018-11-06 14:56:05";157
"2018-11-06 15:06:00";157
"2018-11-06 15:06:05";157
"2018-11-06 15:16:00";157
"2018-11-06 15:26:00";163
"2018-11-06 15:26:05";163
"2018-11-06 15:36:00";163
"2018-11-06 15:36:05";163
"2018-11-06 15:46:00";163
"2018-11-06 15:56:00";169
"2018-11-06 15:56:06";169
"2018-11-06 16:06:00";169
"2018-11-06 16:06:05";169
"2018-11-06 16:16:00";169
"2018-11-06 16:26:00";171
"2018-11-06 16:26:06";171
"2018-11-06 16:36:00";171
"2018-11-06 16:36:05";171
"2018-11-06 16:46:00";171
"2018-11-06 16:56:00";190
"2018-11-06 16:56:05";190
"2018-11-06 17:06:00";190
"2018-11-06 17:06:05";190
"2018-11-06 17:16:00";190
"2018-11-06 17:26:00";190
"2018-11-06 17:26:06";190
"2018-11-06 17:36:00";190
"2018-11-06 17:36:05";190
"2018-11-06 17:46:00";190
"2018-11-06 17:56:00";198
"2018-11-06 17:56:05";198
"2018-11-06 18:06:00";198
"2018-11-06 18:06:05";198
"2018-11-06 18:16:00";198
"2018-11-06 18:26:00";198
"2018-11-06 18:26:05";198
"2018-11-06 18:36:00";198
"2018-11-06 18:36:05";198
"2018-11-06 18:46:00";198
"2018-11-06 18:56:00";190
"2018-11-06 18:56:06";190
"2018-11-06 19:06:00";190
"2018-11-06 19:06:05";190
"2018-11-06 19:16:00";190
"2018-11-06 19:26:00";194
"2018-11-06 19:26:05";194
"2018-11-06 19:36:00";194
"2018-11-06 19:36:05";194
"2018-11-06 19:46:00";194
"2018-11-06 19:56:00";189
"2018-11-06 19:56:05";189
"2018-11-06 20:06:00";189
"2018-11-06 20:06:05";189
"2018-11-06 20:16:00";189
"2018-11-06 20:26:00";189
"2018-11-06 20:26:05";189
"2018-11-06 20:36:00";188
"2018-11-06 20:36:05";188
"2018-11-06 20:46:00";188
"2018-11-06 20:56:00";176
"2018-11-06 20:56:05";176
"2018-11-06 21:06:00";176
"2018-11-06 21:06:05";176
"2018-11-06 21:16:00";176
"2018-11-06 21:26:00";167
"2018-11-06 21:26:05";167
"2018-11-06 21:36:00";167
"2018-11-06 21:36:05";167
"2018-11-06 21:46:00";167
"2018-11-06 21:56:00";176
"2018-11-06 21:56:05";176
"2018-11-06 22:06:00";176
"2018-11-06 22:06:06";176
"2018-11-06 22:16:00";176
"2018-11-06 22:26:00";168
"2018-11-06 22:26:07";168
"2018-11-06 22:36:00";168
"2018-11-06 22:36:07";168
"2018-11-06 22:46:00";168
"2018-11-06 22:56:00";169
"2018-11-06 22:56:05";169
"2018-11-06 23:06:00";169
"2018-11-06 23:06:05";169
"2018-11-06 23:16:00";169
"2018-11-06 23:26:00";168
"2018-11-06 23:26:05";168
"2018-11-06 23:36:00";168
"2018-11-06 23:36:05";168
"2018-11-06 23:46:00";168
"2018-11-06 23:56:00";168
"2018-11-06 23:56:05";168
"2018-11-07 00:06:00";160
"2018-11-07 00:06:07";160
"2018-11-07 00:16:00";160
"2018-11-07 00:26:00";163
"2018-11-07 00:26:06";163
"2018-11-07 00:36:00";163
"2018-11-07 00:36:06";163
"2018-11-07 00:46:00";163
"2018-11-07 00:56:00";163
"2018-11-07 00:56:06";163
"2018-11-07 01:06:00";163
"2018-11-07 01:06:06";163
"2018-11-07 01:16:00";163
"2018-11-07 01:26:00";165
"2018-11-07 01:26:06";165
"2018-11-07 01:36:00";165
"2018-11-07 01:36:04";165
"2018-11-07 01:46:00";165
"2018-11-07 01:56:00";162
"2018-11-07 01:56:05";162
"2018-11-07 02:06:00";162
"2018-11-07 02:06:05";162
"2018-11-07 02:16:00";162
"2018-11-07 02:26:00";162
"2018-11-07 02:26:05";162
"2018-11-07 02:36:00";155
"2018-11-07 02:36:04";155
"2018-11-07 02:46:00";155
"2018-11-07 02:56:00";151
"2018-11-07 02:56:05";151
"2018-11-07 03:06:00";151
"2018-11-07 03:06:04";151
"2018-11-07 03:16:00";151
"2018-11-07 03:26:00";148
"2018-11-07 03:26:05";148
"2018-11-07 03:36:00";148
"2018-11-07 03:36:04";148
"2018-11-07 03:46:00";148
"2018-11-07 03:56:00";142
"2018-11-07 03:56:05";142
"2018-11-07 04:06:00";142
"2018-11-07 04:06:05";142
"2018-11-07 04:16:00";142
"2018-11-07 04:26:00";142
"2018-11-07 04:26:04";142
"2018-11-07 04:36:00";142
"2018-11-07 04:36:04";142
"2018-11-07 04:46:00";142
"2018-11-07 04:56:00";136
"2018-11-07 04:56:05";136
"2018-11-07 05:06:00";136
"2018-11-07 05:06:05";136
"2018-11-07 05:16:00";136
"2018-11-07 05:26:00";139
"2018-11-07 05:26:05";139
"2018-11-07 05:36:00";139
"2018-11-07 05:36:05";139
"2018-11-07 05:46:00";139
"2018-11-07 05:56:00";143
"2018-11-07 05:56:05";143
"2018-11-07 06:06:00";143
"2018-11-07 06:06:05";143
"2018-11-07 06:16:00";143
"2018-11-07 06:26:00";134
"2018-11-07 06:26:05";134
"2018-11-07 06:36:00";134
"2018-11-07 06:36:04";134
"2018-11-07 06:46:00";134
"2018-11-07 06:56:00";132
"2018-11-07 06:56:05";132
"2018-11-07 07:06:00";132
"2018-11-07 07:06:05";132
"2018-11-07 07:16:00";132
"2018-11-07 07:26:00";129
"2018-11-07 07:26:05";129
"2018-11-07 07:36:00";129
"2018-11-07 07:36:04";129
"2018-11-07 07:46:00";129
"2018-11-07 07:56:00";134
"2018-11-07 07:56:05";134
"2018-11-07 08:06:00";134
"2018-11-07 08:06:05";134
"2018-11-07 08:16:00";134
"2018-11-07 08:26:00";126
"2018-11-07 08:26:05";126
"2018-11-07 08:36:00";126
"2018-11-07 08:36:04";126
"2018-11-07 08:46:00";126
"2018-11-07 08:56:00";131
"2018-11-07 08:56:05";131
"2018-11-07 09:06:00";131
"2018-11-07 09:06:05";131
"2018-11-07 09:16:00";131
"2018-11-07 09:26:00";133
"2018-11-07 09:26:05";133
"2018-11-07 09:36:00";133
"2018-11-07 09:36:05";133
"2018-11-07 09:46:00";133
"2018-11-07 09:56:00";129
"2018-11-07 09:56:05";129
"2018-11-07 10:06:00";129
"2018-11-07 10:06:05";129
"2018-11-07 10:16:00";129
"2018-11-07 10:26:00";129
"2018-11-07 10:26:06";129
"2018-11-07 10:36:00";130
"2018-11-07 10:36:05";130
"2018-11-07 10:46:00";130
"2018-11-07 10:56:00";130
"2018-11-07 10:56:05";130
"2018-11-07 11:06:00";123
"2018-11-07 11:06:05";123
"2018-11-07 11:16:00";123
"2018-11-07 11:26:00";130
"2018-11-07 11:26:05";130
"2018-11-07 11:36:00";130
"2018-11-07 11:36:05";130
"2018-11-07 11:46:00";130
"2018-11-07 11:56:00";124
"2018-11-07 11:56:05";124
"2018-11-07 12:06:00";124
"2018-11-07 12:06:05";124
"2018-11-07 12:16:00";124
"2018-11-07 12:26:00";120
"2018-11-07 12:26:04";120
"2018-11-07 12:36:00";120
"2018-11-07 12:36:04";120
"2018-11-07 12:46:00";120
"2018-11-07 12:56:00";121
"2018-11-07 12:56:05";121
"2018-11-07 13:06:00";121
"2018-11-07 13:06:05";121
"2018-11-07 13:16:00";121
"2018-11-07 13:26:00";124
"2018-11-07 13:26:05";124
"2018-11-07 13:36:00";124
"2018-11-07 13:36:05";124
"2018-11-07 13:46:00";124
"2018-11-07 13:56:00";120
"2018-11-07 13:56:05";120
"2018-11-07 14:06:00";120
"2018-11-07 14:06:05";120
"2018-11-07 14:16:00";120
"2018-11-07 14:26:00";125
"2018-11-07 14:26:04";125
"2018-11-07 14:36:00";125
"2018-11-07 14:36:05";125
"2018-11-07 14:46:00";125
"2018-11-07 14:56:00";125
"2018-11-07 14:56:05";125
"2018-11-07 15:06:00";114
"2018-11-07 15:06:05";114
"2018-11-07 15:16:00";114
"2018-11-07 15:26:00";115
"2018-11-07 15:26:05";115
"2018-11-07 15:36:00";115
"2018-11-07 15:36:05";115
"2018-11-07 15:46:00";115
"2018-11-07 15:56:00";117
"2018-11-07 15:56:05";116
"2018-11-07 16:06:00";117
"2018-11-07 16:06:04";116
"2018-11-07 16:16:00";117
"2018-11-07 16:26:00";123
"2018-11-07 16:26:05";123
"2018-11-07 16:36:00";123
"2018-11-07 16:36:05";123
"2018-11-07 16:46:00";123
"2018-11-07 16:56:00";113
"2018-11-07 16:56:06";113
"2018-11-07 17:06:00";113
"2018-11-07 17:06:06";113
"2018-11-07 17:16:00";113
"2018-11-07 17:26:00";115
"2018-11-07 17:26:06";115
"2018-11-07 17:36:00";115
"2018-11-07 17:36:05";115
"2018-11-07 17:46:00";115
"2018-11-07 17:56:00";114
"2018-11-07 17:56:05";114
"2018-11-07 18:06:00";114
"2018-11-07 18:06:05";114
"2018-11-07 18:16:00";114
"2018-11-07 18:26:00";117
"2018-11-07 18:26:05";116
"2018-11-07 18:36:00";117
"2018-11-07 18:36:05";116
"2018-11-07 18:46:00";117
"2018-11-07 18:56:00";112
"2018-11-07 18:56:06";112
"2018-11-07 19:06:00";112
"2018-11-07 19:06:05";112
"2018-11-07 19:16:00";112
"2018-11-07 19:26:00";112
"2018-11-07 19:26:05";112
"2018-11-07 19:36:00";112
"2018-11-07 19:36:05";112
"2018-11-07 19:46:00";112
"2018-11-07 19:46:05";112
"2018-11-07 19:56:00";114
"2018-11-07 19:56:06";114
"2018-11-07 20:06:00";114
"2018-11-07 20:16:00";114
"2018-11-07 20:16:05";114
"2018-11-07 20:26:00";109
"2018-11-07 20:26:05";109
"2018-11-07 20:36:00";109
"2018-11-07 20:46:00";109
"2018-11-07 20:46:05";109
"2018-11-07 20:56:00";112
"2018-11-07 20:56:05";112
"2018-11-07 21:06:00";112
"2018-11-07 21:16:00";112
"2018-11-07 21:16:06";112
"2018-11-07 21:26:00";111
"2018-11-07 21:26:05";111
"2018-11-07 21:36:00";111
"2018-11-07 21:46:00";111
"2018-11-07 21:46:05";111
"2018-11-07 21:56:00";114
"2018-11-07 21:56:05";114
"2018-11-07 22:06:00";114
"2018-11-07 22:06:07";114
"2018-11-07 22:16:00";114
"2018-11-07 22:26:00";111
"2018-11-07 22:26:08";111
"2018-11-07 22:36:00";111
"2018-11-07 22:46:00";111
"2018-11-07 22:46:06";111
"2018-11-07 22:56:00";113
"2018-11-07 22:56:05";113
"2018-11-07 23:06:00";113
"2018-11-07 23:06:05";113
"2018-11-07 23:16:00";113
"2018-11-07 23:26:00";110
"2018-11-07 23:26:05";110
"2018-11-07 23:36:00";110
"2018-11-07 23:46:00";110
"2018-11-07 23:46:06";110
"2018-11-07 23:56:00";108
"2018-11-07 23:56:05";108
"2018-11-08 00:06:00";108
"2018-11-08 00:06:06";108
"2018-11-08 00:16:00";108
"2018-11-08 00:26:00";108
"2018-11-08 00:26:05";108
"2018-11-08 00:36:00";108
"2018-11-08 00:36:05";108
"2018-11-08 00:46:00";108
"2018-11-08 00:56:00";110
"2018-11-08 00:56:10";110
"2018-11-08 01:06:00";110
"2018-11-08 01:06:06";110
"2018-11-08 01:16:00";110
"2018-11-08 01:26:00";108
"2018-11-08 01:26:07";108
"2018-11-08 01:36:00";108
"2018-11-08 01:36:05";108
"2018-11-08 01:46:00";108
"2018-11-08 01:56:00";105
"2018-11-08 01:56:05";104
"2018-11-08 02:06:00";105
"2018-11-08 02:16:00";105
"2018-11-08 02:16:04";104
"2018-11-08 02:26:00";102
"2018-11-08 02:26:04";102
"2018-11-08 02:36:00";102
"2018-11-08 02:46:00";102
"2018-11-08 02:46:05";102
"2018-11-08 02:56:00";104
"2018-11-08 02:56:04";104
"2018-11-08 03:06:00";104
"2018-11-08 03:16:00";104
"2018-11-08 03:16:04";104
"2018-11-08 03:26:00";106
"2018-11-08 03:26:04";105
"2018-11-08 03:36:00";106
"2018-11-08 03:46:00";106
"2018-11-08 03:46:05";105
"2018-11-08 03:56:00";104
"2018-11-08 03:56:05";104
"2018-11-08 04:06:00";104
"2018-11-08 04:16:00";104
"2018-11-08 04:16:05";104
"2018-11-08 04:26:00";99
"2018-11-08 04:26:04";99
"2018-11-08 04:36:00";99
"2018-11-08 04:46:00";99
"2018-11-08 04:46:04";99
"2018-11-08 04:56:00";100
"2018-11-08 04:56:05";100
"2018-11-08 05:06:00";100
"2018-11-08 05:16:00";100
"2018-11-08 05:16:04";100
"2018-11-08 05:26:00";101
"2018-11-08 05:26:05";101
"2018-11-08 05:36:00";101
"2018-11-08 05:46:00";101
"2018-11-08 05:46:05";101
"2018-11-08 05:56:00";98
"2018-11-08 05:56:05";98
"2018-11-08 06:06:00";98
"2018-11-08 06:16:00";98
"2018-11-08 06:16:05";98
"2018-11-08 06:26:00";100
"2018-11-08 06:26:05";100
"2018-11-08 06:36:00";100
"2018-11-08 06:46:00";100
"2018-11-08 06:46:05";100
"2018-11-08 06:56:00";100
"2018-11-08 06:56:05";100
"2018-11-08 07:06:00";100
"2018-11-08 07:16:00";100
"2018-11-08 07:16:06";100
"2018-11-08 07:26:00";103
"2018-11-08 07:26:05";103
"2018-11-08 07:36:00";103
"2018-11-08 07:46:00";103
"2018-11-08 07:46:05";103
"2018-11-08 07:56:00";102
"2018-11-08 07:56:05";102
"2018-11-08 08:06:00";102
"2018-11-08 08:16:00";102
"2018-11-08 08:16:04";102
"2018-11-08 08:26:00";99
"2018-11-08 08:26:05";99
"2018-11-08 08:36:00";99
"2018-11-08 08:46:00";99
"2018-11-08 08:46:05";99
"2018-11-08 08:56:00";98
"2018-11-08 08:56:05";98
"2018-11-08 09:06:00";98
"2018-11-08 09:16:00";98
"2018-11-08 09:16:05";98
"2018-11-08 09:26:00";99
"2018-11-08 09:26:05";99
"2018-11-08 09:36:00";99
"2018-11-08 09:46:00";99
"2018-11-08 09:46:05";99
"2018-11-08 09:56:00";98
"2018-11-08 09:56:07";98
"2018-11-08 10:06:00";98
"2018-11-08 10:16:00";98
"2018-11-08 10:16:05";98
"2018-11-08 10:26:00";98
"2018-11-08 10:26:05";98
"2018-11-08 10:36:00";98
"2018-11-08 10:46:00";98
"2018-11-08 10:46:05";98
"2018-11-08 10:56:00";100
"2018-11-08 10:56:05";100
"2018-11-08 11:06:00";100
"2018-11-08 11:16:00";100
"2018-11-08 11:16:06";100
"2018-11-08 11:26:00";97
"2018-11-08 11:26:05";97
"2018-11-08 11:36:00";97
"2018-11-08 11:46:00";97
"2018-11-08 11:46:05";97
"2018-11-08 11:56:00";93
"2018-11-08 11:56:05";93
"2018-11-08 12:06:00";93
"2018-11-08 12:06:05";93
"2018-11-08 12:16:00";93
"2018-11-08 12:26:00";96
"2018-11-08 12:26:05";96
"2018-11-08 12:36:00";96
"2018-11-08 12:36:05";96
"2018-11-08 12:46:00";96
"2018-11-08 12:56:00";93
"2018-11-08 12:56:05";93
"2018-11-08 13:06:00";93
"2018-11-08 13:06:05";93
"2018-11-08 13:16:00";93
"2018-11-08 13:26:00";94
"2018-11-08 13:26:05";94
"2018-11-08 13:36:00";94
"2018-11-08 13:36:05";94
"2018-11-08 13:46:00";94
"2018-11-08 13:56:00";93
"2018-11-08 13:56:05";93
"2018-11-08 14:06:00";93
"2018-11-08 14:06:05";93
"2018-11-08 14:16:00";93
"2018-11-08 14:26:00";95
"2018-11-08 14:26:05";95
"2018-11-08 14:36:00";95
"2018-11-08 14:36:05";95
"2018-11-08 14:46:00";95
"2018-11-08 14:56:00";93
"2018-11-08 14:56:05";93
"2018-11-08 15:06:00";93
"2018-11-08 15:06:05";93
"2018-11-08 15:16:00";93
"2018-11-08 15:26:00";92
"2018-11-08 15:26:05";92
"2018-11-08 15:36:00";92
"2018-11-08 15:36:05";92
"2018-11-08 15:46:00";92
"2018-11-08 15:56:00";91
"2018-11-08 15:56:05";91
"2018-11-08 16:06:00";91
"2018-11-08 16:06:05";91
"2018-11-08 16:16:00";91
"2018-11-08 16:26:00";93
"2018-11-08 16:26:05";93
"2018-11-08 16:36:00";93
"2018-11-08 16:36:05";93
"2018-11-08 16:46:00";93
"2018-11-08 16:56:00";92
"2018-11-08 16:56:05";92
"2018-11-08 17:06:00";92
"2018-11-08 17:06:05";92
"2018-11-08 17:16:00";92
"2018-11-08 17:26:00";90
"2018-11-08 17:26:05";90
"2018-11-08 17:36:00";90
"2018-11-08 17:36:05";90
"2018-11-08 17:46:00";90
"2018-11-08 17:56:00";90
"2018-11-08 17:56:05";90
"2018-11-08 18:06:00";90
"2018-11-08 18:06:05";90
"2018-11-08 18:16:00";90
"2018-11-08 18:26:00";90
"2018-11-08 18:26:05";90
"2018-11-08 18:36:00";90
"2018-11-08 18:36:05";90
"2018-11-08 18:46:00";90
"2018-11-08 18:56:00";88
"2018-11-08 18:56:05";88
"2018-11-08 19:06:00";88
"2018-11-08 19:06:05";88
"2018-11-08 19:16:00";88
"2018-11-08 19:26:00";90
"2018-11-08 19:26:04";90
"2018-11-08 19:36:00";90
"2018-11-08 19:36:05";90
"2018-11-08 19:46:00";90
"2018-11-08 19:56:00";92
"2018-11-08 19:56:05";92
"2018-11-08 20:06:00";92
"2018-11-08 20:06:05";92
"2018-11-08 20:16:00";92
"2018-11-08 20:26:00";88
"2018-11-08 20:26:05";88
"2018-11-08 20:36:00";88
"2018-11-08 20:36:05";88
"2018-11-08 20:46:00";88
"2018-11-08 20:56:00";90
"2018-11-08 20:56:05";90
"2018-11-08 21:06:00";90
"2018-11-08 21:06:05";90
"2018-11-08 21:16:00";90
"2018-11-08 21:26:00";90
"2018-11-08 21:26:05";90
"2018-11-08 21:36:00";90
"2018-11-08 21:36:05";90
"2018-11-08 21:46:00";90
"2018-11-08 21:56:00";90
"2018-11-08 21:56:06";90
"2018-11-08 22:06:00";90
"2018-11-08 22:06:08";90
"2018-11-08 22:16:00";90
"2018-11-08 22:26:00";89
"2018-11-08 22:26:07";89
"2018-11-08 22:36:00";89
"2018-11-08 22:36:07";89
"2018-11-08 22:46:00";89
"2018-11-08 22:56:00";87
"2018-11-08 22:56:05";87
"2018-11-08 23:06:00";87
"2018-11-08 23:06:05";87
"2018-11-08 23:16:00";87
"2018-11-08 23:26:00";88
"2018-11-08 23:26:05";88
"2018-11-08 23:36:00";88
"2018-11-08 23:36:05";88
"2018-11-08 23:46:00";88
"2018-11-08 23:56:00";87
"2018-11-08 23:56:06";87
"2018-11-09 00:06:00";87
"2018-11-09 00:06:06";87
"2018-11-09 00:16:00";87
"2018-11-09 00:26:00";87
"2018-11-09 00:26:05";87
"2018-11-09 00:36:00";87
"2018-11-09 00:36:06";87
"2018-11-09 00:46:00";87
"2018-11-09 00:56:00";86
"2018-11-09 00:56:07";86
"2018-11-09 01:06:00";86
"2018-11-09 01:06:05";86
"2018-11-09 01:16:00";86
"2018-11-09 01:26:00";87
"2018-11-09 01:26:06";87
"2018-11-09 01:36:00";87
"2018-11-09 01:36:04";87
"2018-11-09 01:46:00";87
"2018-11-09 01:56:00";86
"2018-11-09 01:56:04";86
"2018-11-09 02:06:00";86
"2018-11-09 02:06:04";86
"2018-11-09 02:16:00";86
"2018-11-09 02:26:00";86
"2018-11-09 02:26:05";86
"2018-11-09 02:36:00";86
"2018-11-09 02:36:04";86
"2018-11-09 02:46:00";86
"2018-11-09 02:56:00";86
"2018-11-09 02:56:05";86
"2018-11-09 03:06:00";86
"2018-11-09 03:06:05";86
"2018-11-09 03:16:00";87
"2018-11-09 03:26:00";87
"2018-11-09 03:26:05";87
"2018-11-09 03:36:00";87
"2018-11-09 03:36:05";87
"2018-11-09 03:46:00";87
"2018-11-09 03:56:00";86
"2018-11-09 03:56:04";86
"2018-11-09 04:06:00";86
"2018-11-09 04:06:04";86
"2018-11-09 04:16:00";86
"2018-11-09 04:26:00";85
"2018-11-09 04:26:04";85
"2018-11-09 04:36:00";85
"2018-11-09 04:36:05";85
"2018-11-09 04:46:00";85
"2018-11-09 04:56:00";85
"2018-11-09 04:56:05";85
"2018-11-09 05:06:00";85
"2018-11-09 05:06:05";85
"2018-11-09 05:16:00";85
"2018-11-09 05:26:00";87
"2018-11-09 05:26:05";87
"2018-11-09 05:36:00";87
"2018-11-09 05:36:05";87
"2018-11-09 05:46:00";87
"2018-11-09 05:56:00";85
"2018-11-09 05:56:04";85
"2018-11-09 06:06:00";85
"2018-11-09 06:06:05";85
"2018-11-09 06:16:00";85
"2018-11-09 06:26:00";86
"2018-11-09 06:26:05";86
"2018-11-09 06:36:00";86
"2018-11-09 06:36:05";86
"2018-11-09 06:46:00";86
"2018-11-09 06:56:00";86
"2018-11-09 06:56:05";86
"2018-11-09 07:06:00";86
"2018-11-09 07:06:05";86
"2018-11-09 07:16:00";86
"2018-11-09 07:26:00";83
"2018-11-09 07:26:05";83
"2018-11-09 07:36:00";83
"2018-11-09 07:36:04";83
"2018-11-09 07:46:00";83
"2018-11-09 07:56:00";84
"2018-11-09 07:56:05";84
"2018-11-09 08:06:00";84
"2018-11-09 08:06:04";84
"2018-11-09 08:16:00";84
"2018-11-09 08:26:00";84
"2018-11-09 08:26:05";84
"2018-11-09 08:36:00";84
"2018-11-09 08:36:04";84
"2018-11-09 08:46:00";84
"2018-11-09 08:56:00";82
"2018-11-09 08:56:05";82
"2018-11-09 09:06:00";82
"2018-11-09 09:06:05";82
"2018-11-09 09:16:00";82
"2018-11-09 09:26:00";84
"2018-11-09 09:26:05";84
"2018-11-09 09:36:00";84
"2018-11-09 09:36:05";84
"2018-11-09 09:46:00";84
"2018-11-09 09:56:00";82
"2018-11-09 09:56:05";82
"2018-11-09 10:06:00";82
"2018-11-09 10:06:05";82
"2018-11-09 10:16:00";82
"2018-11-09 10:26:00";84
"2018-11-09 10:26:06";84
"2018-11-09 10:36:00";84
"2018-11-09 10:36:04";84
"2018-11-09 10:46:00";84
"2018-11-09 10:56:00";82
"2018-11-09 10:56:05";82
"2018-11-09 11:06:00";82
"2018-11-09 11:06:05";82
"2018-11-09 11:16:00";82
"2018-11-09 11:26:00";80
"2018-11-09 11:26:05";80
"2018-11-09 11:36:00";80
"2018-11-09 11:36:05";80
"2018-11-09 11:46:00";80
"2018-11-09 11:56:00";80
"2018-11-09 11:56:05";80
"2018-11-09 12:06:00";80
"2018-11-09 12:06:05";80
"2018-11-09 12:16:00";80
"2018-11-09 12:26:00";81
"2018-11-09 12:26:05";81
"2018-11-09 12:36:00";81
"2018-11-09 12:36:05";81
"2018-11-09 12:46:00";81
"2018-11-09 12:56:00";80
"2018-11-09 12:56:05";80
"2018-11-09 13:06:00";80
"2018-11-09 13:06:05";80
"2018-11-09 13:16:00";80
"2018-11-09 13:26:00";82
"2018-11-09 13:26:05";82
"2018-11-09 13:36:00";82
"2018-11-09 13:36:05";82
"2018-11-09 13:46:00";82
"2018-11-09 13:56:00";79
"2018-11-09 13:56:05";79
"2018-11-09 14:06:00";79
"2018-11-09 14:06:04";79
"2018-11-09 14:16:00";79
"2018-11-09 14:26:00";80
"2018-11-09 14:26:05";80
"2018-11-09 14:36:00";80
"2018-11-09 14:36:05";80
"2018-11-09 14:46:00";80
"2018-11-09 14:56:00";81
"2018-11-09 14:56:05";81
"2018-11-09 15:06:00";81
"2018-11-09 15:06:05";81
"2018-11-09 15:16:00";81
"2018-11-09 15:26:00";79
"2018-11-09 15:26:05";79
"2018-11-09 15:36:00";79
"2018-11-09 15:36:05";79
"2018-11-09 15:46:00";79
"2018-11-09 15:56:00";79
"2018-11-09 15:56:05";79
"2018-11-09 16:06:00";79
"2018-11-09 16:06:05";79
"2018-11-09 16:16:00";79
"2018-11-09 16:26:00";80
"2018-11-09 16:26:06";80
"2018-11-09 16:36:00";80
"2018-11-09 16:36:05";80
"2018-11-09 16:46:00";80
"2018-11-09 16:56:00";79
"2018-11-09 16:56:05";79
"2018-11-09 17:06:00";79
"2018-11-09 17:06:05";79
"2018-11-09 17:16:00";79
"2018-11-09 17:16:05";79
"2018-11-09 17:26:00";77
"2018-11-09 17:36:00";77
"2018-11-09 17:36:05";77
"2018-11-09 17:46:00";77
"2018-11-09 17:46:05";77
"2018-11-09 17:56:00";78
"2018-11-09 18:06:00";78
"2018-11-09 18:06:05";78
"2018-11-09 18:16:00";78
"2018-11-09 18:26:00";79
"2018-11-09 18:26:06";79
"2018-11-09 18:36:00";79
"2018-11-09 18:36:05";79
"2018-11-09 18:46:00";79
"2018-11-09 18:56:00";78
"2018-11-09 18:56:05";78
"2018-11-09 19:06:00";78
"2018-11-09 19:06:04";78
"2018-11-09 19:16:00";78
"2018-11-09 19:26:00";80
"2018-11-09 19:26:05";80
"2018-11-09 19:36:00";80
"2018-11-09 19:36:05";80
"2018-11-09 19:46:00";80
"2018-11-09 19:56:00";79
"2018-11-09 19:56:05";79
"2018-11-09 20:06:00";79
"2018-11-09 20:06:05";79
"2018-11-09 20:16:00";79
"2018-11-09 20:26:00";78
"2018-11-09 20:26:05";78
"2018-11-09 20:36:00";78
"2018-11-09 20:36:05";78
"2018-11-09 20:46:00";78
"2018-11-09 20:56:00";78
"2018-11-09 20:56:05";78
"2018-11-09 21:06:00";78
"2018-11-09 21:06:07";78
"2018-11-09 21:16:00";78
"2018-11-09 21:26:00";77
"2018-11-09 21:26:05";77
"2018-11-09 21:36:00";77
"2018-11-09 21:36:05";77
"2018-11-09 21:46:00";77
"2018-11-09 21:56:00";78
"2018-11-09 21:56:05";78
"2018-11-09 22:06:00";78
"2018-11-09 22:06:07";78
"2018-11-09 22:16:00";78
"2018-11-09 22:26:00";78
"2018-11-09 22:26:06";78
"2018-11-09 22:36:00";78
"2018-11-09 22:36:09";78
"2018-11-09 22:46:00";78
"2018-11-09 22:56:00";77
"2018-11-09 22:56:05";77
"2018-11-09 23:06:00";77
"2018-11-09 23:06:05";77
"2018-11-09 23:16:00";77
"2018-11-09 23:26:00";76
"2018-11-09 23:26:05";76
"2018-11-09 23:36:00";76
"2018-11-09 23:36:06";76
"2018-11-09 23:46:00";76
"2018-11-09 23:56:00";78
"2018-11-09 23:56:07";78
"2018-11-10 00:06:00";78
"2018-11-10 00:06:06";78
"2018-11-10 00:16:00";78
"2018-11-10 00:26:00";77
"2018-11-10 00:26:09";77
"2018-11-10 00:36:00";77
"2018-11-10 00:36:05";77
"2018-11-10 00:46:00";77
"2018-11-10 00:56:00";77
"2018-11-10 00:56:06";77
"2018-11-10 01:06:00";77
"2018-11-10 01:06:09";77
"2018-11-10 01:16:00";77
"2018-11-10 01:26:00";76
"2018-11-10 01:26:07";76
"2018-11-10 01:36:00";76
"2018-11-10 01:36:05";76
"2018-11-10 01:46:00";76
"2018-11-10 01:56:00";77
"2018-11-10 01:56:05";77
"2018-11-10 02:06:00";77
"2018-11-10 02:06:05";77
"2018-11-10 02:16:00";77
"2018-11-10 02:26:00";76
"2018-11-10 02:26:04";76
"2018-11-10 02:36:00";76
"2018-11-10 02:36:05";76
"2018-11-10 02:46:00";76
"2018-11-10 02:56:00";77
"2018-11-10 02:56:05";77
"2018-11-10 03:06:00";77
"2018-11-10 03:06:05";77
"2018-11-10 03:16:00";77
"2018-11-10 03:26:00";75
"2018-11-10 03:26:05";75
"2018-11-10 03:36:00";75
"2018-11-10 03:36:05";75
"2018-11-10 03:46:00";75
"2018-11-10 03:56:00";75
"2018-11-10 03:56:05";75
"2018-11-10 04:06:00";75
"2018-11-10 04:06:04";75
"2018-11-10 04:16:00";75
"2018-11-10 04:26:00";73
"2018-11-10 04:26:04";73
"2018-11-10 04:36:00";73
"2018-11-10 04:36:05";73
"2018-11-10 04:46:00";74
"2018-11-10 04:56:00";74
"2018-11-10 04:56:06";74
"2018-11-10 05:06:00";74
"2018-11-10 05:06:04";74
"2018-11-10 05:16:00";74
"2018-11-10 05:26:00";76
"2018-11-10 05:26:05";76
"2018-11-10 05:36:00";76
"2018-11-10 05:36:05";76
"2018-11-10 05:46:00";76
"2018-11-10 05:56:00";76
"2018-11-10 05:56:05";76
"2018-11-10 06:06:00";76
"2018-11-10 06:06:04";76
"2018-11-10 06:16:00";76
"2018-11-10 06:26:00";76
"2018-11-10 06:26:05";76
"2018-11-10 06:36:00";76
"2018-11-10 06:36:05";76
"2018-11-10 06:46:00";76
"2018-11-10 06:56:00";76
"2018-11-10 06:56:05";76
"2018-11-10 07:06:00";76
"2018-11-10 07:06:05";76
"2018-11-10 07:16:00";76
"2018-11-10 07:26:00";76
"2018-11-10 07:26:04";76
"2018-11-10 07:36:00";76
"2018-11-10 07:36:05";76
"2018-11-10 07:46:00";76
"2018-11-10 07:56:00";74
"2018-11-10 07:56:05";74
"2018-11-10 08:06:00";74
"2018-11-10 08:06:04";74
"2018-11-10 08:16:00";74
"2018-11-10 08:26:00";75
"2018-11-10 08:26:05";75
"2018-11-10 08:36:00";75
"2018-11-10 08:36:04";75
"2018-11-10 08:46:00";75
"2018-11-10 08:56:00";75
"2018-11-10 08:56:04";75
"2018-11-10 09:06:00";75
"2018-11-10 09:06:04";75
"2018-11-10 09:16:00";75
"2018-11-10 09:26:00";74
"2018-11-10 09:26:05";74
"2018-11-10 09:36:00";74
"2018-11-10 09:36:04";74
"2018-11-10 09:46:00";74
"2018-11-10 09:56:00";75
"2018-11-10 09:56:05";75
"2018-11-10 10:06:00";75
"2018-11-10 10:06:04";75
"2018-11-10 10:16:00";75
"2018-11-10 10:26:00";75
"2018-11-10 10:26:05";75
"2018-11-10 10:36:00";75
"2018-11-10 10:36:04";75
"2018-11-10 10:46:00";75
"2018-11-10 10:56:00";75
"2018-11-10 10:56:05";75
"2018-11-10 11:06:00";75
"2018-11-10 11:06:05";75
"2018-11-10 11:16:00";75
"2018-11-10 11:26:00";76
"2018-11-10 11:26:05";76
"2018-11-10 11:36:00";76
"2018-11-10 11:36:05";76
"2018-11-10 11:46:00";76
"2018-11-10 11:56:00";76
"2018-11-10 11:56:05";76
"2018-11-10 12:06:00";76
"2018-11-10 12:06:06";76
"2018-11-10 12:16:00";76
"2018-11-10 12:26:00";73
"2018-11-10 12:26:05";73
"2018-11-10 12:36:00";73
"2018-11-10 12:36:05";73
"2018-11-10 12:46:00";73
"2018-11-10 12:56:00";74
"2018-11-10 12:56:05";74
"2018-11-10 13:06:00";74
"2018-11-10 13:06:05";74
"2018-11-10 13:16:00";74
"2018-11-10 13:26:00";75
"2018-11-10 13:26:05";75
"2018-11-10 13:36:00";75
"2018-11-10 13:36:04";75
"2018-11-10 13:46:00";75
"2018-11-10 13:56:00";75
"2018-11-10 13:56:05";75
"2018-11-10 14:06:00";75
"2018-11-10 14:06:05";75
"2018-11-10 14:16:00";75
"2018-11-10 14:26:00";75
"2018-11-10 14:26:04";75
"2018-11-10 14:36:00";75
"2018-11-10 14:36:05";75
"2018-11-10 14:46:00";72
"2018-11-10 14:56:00";72
"2018-11-10 14:56:05";72
"2018-11-10 15:06:00";72
"2018-11-10 15:06:05";72
"2018-11-10 15:16:00";72
"2018-11-10 15:26:00";75
"2018-11-10 15:26:05";75
"2018-11-10 15:36:00";75
"2018-11-10 15:36:05";75
"2018-11-10 15:46:00";75
"2018-11-10 15:56:00";73
"2018-11-10 15:56:05";73
"2018-11-10 16:06:00";73
"2018-11-10 16:06:05";73
"2018-11-10 16:16:00";73
"2018-11-10 16:26:00";75
"2018-11-10 16:26:05";75
"2018-11-10 16:36:00";75
"2018-11-10 16:36:05";75
"2018-11-10 16:46:00";75
"2018-11-10 16:56:00";75
"2018-11-10 16:56:05";75
"2018-11-10 17:06:00";75
"2018-11-10 17:06:05";75
"2018-11-10 17:16:00";75
"2018-11-10 17:26:00";76
"2018-11-10 17:26:05";76
"2018-11-10 17:36:00";76
"2018-11-10 17:36:05";76
"2018-11-10 17:46:00";74
"2018-11-10 17:56:00";74
"2018-11-10 17:56:05";74
"2018-11-10 18:06:00";74
"2018-11-10 18:06:05";74
"2018-11-10 18:16:00";74
"2018-11-10 18:26:00";76
"2018-11-10 18:26:05";76
"2018-11-10 18:36:00";76
"2018-11-10 18:36:05";76
"2018-11-10 18:46:00";76
"2018-11-10 18:56:00";76
"2018-11-10 18:56:05";76
"2018-11-10 19:06:00";76
"2018-11-10 19:06:07";76
"2018-11-10 19:16:00";76
"2018-11-10 19:26:00";77
"2018-11-10 19:26:05";77
"2018-11-10 19:36:00";77
"2018-11-10 19:36:05";77
"2018-11-10 19:46:00";77
"2018-11-10 19:56:00";77
"2018-11-10 19:56:05";77
"2018-11-10 20:06:00";77
"2018-11-10 20:06:05";77
"2018-11-10 20:16:00";77
"2018-11-10 20:26:00";76
"2018-11-10 20:26:05";76
"2018-11-10 20:36:00";76
"2018-11-10 20:36:05";76
"2018-11-10 20:46:00";76
"2018-11-10 20:56:00";78
"2018-11-10 20:56:05";78
"2018-11-10 21:06:00";78
"2018-11-10 21:06:05";78
"2018-11-10 21:16:00";78
"2018-11-10 21:26:00";79
"2018-11-10 21:26:05";79
"2018-11-10 21:36:00";79
"2018-11-10 21:36:06";79
"2018-11-10 21:46:00";79
"2018-11-10 21:56:00";79
"2018-11-10 21:56:05";79
"2018-11-10 22:06:00";79
"2018-11-10 22:06:07";79
"2018-11-10 22:16:00";79
"2018-11-10 22:26:00";80
"2018-11-10 22:26:06";80
"2018-11-10 22:36:00";80
"2018-11-10 22:36:06";80
"2018-11-10 22:46:00";80
"2018-11-10 22:56:00";80
"2018-11-10 22:56:05";80
"2018-11-10 23:06:00";80
"2018-11-10 23:06:05";80
"2018-11-10 23:16:00";80
"2018-11-10 23:26:00";78
"2018-11-10 23:26:05";78
"2018-11-11 00:36:00";77
"2018-11-11 00:36:05";77
"2018-11-11 00:46:00";78
"2018-11-11 00:46:05";78
"2018-11-11 00:56:00";78
"2018-11-11 01:06:00";78
"2018-11-11 01:06:07";78
"2018-11-11 01:16:00";78
"2018-11-11 01:16:07";78
"2018-11-11 01:26:00";80
"2018-11-11 01:36:00";80
"2018-11-11 01:36:05";80
"2018-11-11 01:46:00";80
"2018-11-11 01:46:05";80
"2018-11-11 01:56:00";79
"2018-11-11 02:06:00";79
"2018-11-11 02:06:05";79
"2018-11-11 02:16:00";79
"2018-11-11 02:16:05";79
"2018-11-11 02:26:00";79
"2018-11-11 02:36:00";79
"2018-11-11 02:36:05";79
"2018-11-11 02:46:00";79
"2018-11-11 02:46:05";79
"2018-11-11 02:56:00";79
"2018-11-11 03:06:00";79
"2018-11-11 03:06:05";79
"2018-11-11 03:16:00";79
"2018-11-11 03:16:05";79
"2018-11-11 03:26:00";79
"2018-11-11 03:36:00";79
"2018-11-11 03:36:05";79
"2018-11-11 03:46:00";79
"2018-11-11 03:46:05";79
"2018-11-11 03:56:00";79
"2018-11-11 04:06:00";79
"2018-11-11 04:06:04";79
"2018-11-11 04:16:00";79
"2018-11-11 04:16:05";79
"2018-11-11 04:26:00";79
"2018-11-11 04:36:00";79
"2018-11-11 04:36:04";79
"2018-11-11 04:46:00";79
"2018-11-11 04:46:04";79
"2018-11-11 04:56:00";79
"2018-11-11 05:06:00";79
"2018-11-11 05:06:05";79
"2018-11-11 05:16:00";79
"2018-11-11 05:16:05";79
"2018-11-11 05:26:00";78
"2018-11-11 05:36:00";78
"2018-11-11 05:36:04";78
"2018-11-11 05:46:00";78
"2018-11-11 05:46:05";78
"2018-11-11 05:56:00";80
"2018-11-11 06:06:00";80
"2018-11-11 06:06:05";80
"2018-11-11 06:16:00";80
"2018-11-11 06:16:04";80
"2018-11-11 06:26:00";79
"2018-11-11 06:36:00";79
"2018-11-11 06:36:04";79
"2018-11-11 06:46:00";79
"2018-11-11 06:46:05";79
"2018-11-11 06:56:00";79
"2018-11-11 06:56:05";79
"2018-11-11 07:06:00";79
"2018-11-11 07:06:05";79
"2018-11-11 07:16:00";79
"2018-11-11 07:26:00";77
"2018-11-11 07:26:05";77
"2018-11-11 07:36:00";77
"2018-11-11 07:36:05";77
"2018-11-11 07:46:00";77
"2018-11-11 07:56:00";77
"2018-11-11 07:56:05";77
"2018-11-11 08:06:00";77
"2018-11-11 08:06:05";77
"2018-11-11 08:16:00";77
"2018-11-11 08:26:00";75
"2018-11-11 08:26:05";75
"2018-11-11 08:36:00";75
"2018-11-11 08:36:05";75
"2018-11-11 08:46:00";75
"2018-11-11 08:56:00";77
"2018-11-11 08:56:05";77
"2018-11-11 09:06:00";77
"2018-11-11 09:06:04";77
"2018-11-11 09:16:00";77
"2018-11-11 09:26:00";77
"2018-11-11 09:26:05";77
"2018-11-11 09:36:00";77
"2018-11-11 09:36:05";77
"2018-11-11 09:46:00";77
"2018-11-11 09:56:00";77
"2018-11-11 09:56:05";77
"2018-11-11 10:06:00";77
"2018-11-11 10:06:05";77
"2018-11-11 10:16:00";77
"2018-11-11 10:26:00";77
"2018-11-11 10:26:05";77
"2018-11-11 10:36:00";77
"2018-11-11 10:36:04";77
"2018-11-11 10:46:00";74
"2018-11-11 10:56:00";74
"2018-11-11 10:56:05";74
"2018-11-11 11:06:00";74
"2018-11-11 11:06:04";74
"2018-11-11 11:16:00";74
"2018-11-11 11:26:00";76
"2018-11-11 11:26:05";76
"2018-11-11 11:36:00";76
"2018-11-11 11:36:05";76
"2018-11-11 11:46:00";76
"2018-11-11 11:56:00";75
"2018-11-11 11:56:04";75
"2018-11-11 12:06:00";75
"2018-11-11 12:06:05";75
"2018-11-11 12:16:00";75
"2018-11-11 12:26:00";76
"2018-11-11 12:26:05";76
"2018-11-11 12:36:00";76
"2018-11-11 12:36:05";76
"2018-11-11 12:46:00";76
"2018-11-11 12:56:00";76
"2018-11-11 12:56:05";76
"2018-11-11 13:06:00";76
"2018-11-11 13:06:04";76
"2018-11-11 13:16:00";75
"2018-11-11 13:26:00";75
"2018-11-11 13:26:05";75
"2018-11-11 13:36:00";75
"2018-11-11 13:36:05";75
"2018-11-11 13:46:00";75
"2018-11-11 13:56:00";75
"2018-11-11 13:56:05";75
"2018-11-11 14:06:00";75
"2018-11-11 14:06:05";75
"2018-11-11 14:16:00";75
"2018-11-11 14:26:00";75
"2018-11-11 14:26:05";75
"2018-11-11 14:36:00";75
"2018-11-11 14:36:05";75
"2018-11-11 14:46:00";75
"2018-11-11 14:56:00";73
"2018-11-11 14:56:05";73
"2018-11-11 15:06:00";73
"2018-11-11 15:06:05";73
"2018-11-11 15:16:00";74
"2018-11-11 15:26:00";74
"2018-11-11 15:26:05";74
"2018-11-11 15:36:00";74
"2018-11-11 15:36:05";74
"2018-11-11 15:46:00";74
"2018-11-11 15:56:00";73
"2018-11-11 15:56:04";73
"2018-11-11 16:06:00";73
"2018-11-11 16:06:05";73
"2018-11-11 16:16:00";75
"2018-11-11 16:26:00";75
"2018-11-11 16:26:05";75
"2018-11-11 16:36:00";75
"2018-11-11 16:36:05";75
"2018-11-11 16:46:00";75
"2018-11-11 16:56:00";73
"2018-11-11 16:56:06";73
"2018-11-11 17:06:00";73
"2018-11-11 17:06:04";73
"2018-11-11 17:16:00";73
"2018-11-11 17:26:00";72
"2018-11-11 17:26:05";72
"2018-11-11 17:36:00";72
"2018-11-11 17:36:05";72
"2018-11-11 17:46:00";75
"2018-11-11 17:56:00";75
"2018-11-11 17:56:05";75
"2018-11-11 18:06:00";75
"2018-11-11 18:06:05";75
"2018-11-11 18:16:00";75
"2018-11-11 18:26:00";74
"2018-11-11 18:26:05";74
"2018-11-11 18:36:00";74
"2018-11-11 18:36:05";74
"2018-11-11 18:46:00";74
"2018-11-11 18:56:00";73
"2018-11-11 18:56:05";73
"2018-11-11 19:06:00";73
"2018-11-11 19:06:06";73
"2018-11-11 19:16:00";73
"2018-11-11 19:26:00";74
"2018-11-11 19:26:05";74
"2018-11-11 19:36:00";74
"2018-11-11 19:36:05";74
"2018-11-11 19:46:00";74
"2018-11-11 19:56:00";74
"2018-11-11 19:56:05";74
"2018-11-11 20:06:00";74
"2018-11-11 20:06:05";74
"2018-11-11 20:16:00";74
"2018-11-11 20:26:00";73
"2018-11-11 20:26:05";73
"2018-11-11 20:36:00";73
"2018-11-11 20:36:05";73
"2018-11-11 20:46:00";73
"2018-11-11 20:56:00";74
"2018-11-11 20:56:05";74
"2018-11-11 21:06:00";74
"2018-11-11 21:06:05";74
"2018-11-11 21:16:00";74
"2018-11-11 21:26:00";71
"2018-11-11 21:26:04";71
"2018-11-11 21:36:00";71
"2018-11-11 21:36:05";71
"2018-11-11 21:46:00";71
"2018-11-11 21:56:00";70
"2018-11-11 21:56:05";70
"2018-11-11 22:06:00";70
"2018-11-11 22:06:06";70
"2018-11-11 22:16:00";70
"2018-11-11 22:26:00";76
"2018-11-11 22:26:06";76
"2018-11-11 22:36:00";76
"2018-11-11 22:36:07";76
"2018-11-11 22:46:00";76
"2018-11-11 22:56:00";72
"2018-11-11 22:56:05";72
"2018-11-11 23:06:00";72
"2018-11-11 23:06:05";72
"2018-11-11 23:16:00";72
"2018-11-11 23:26:00";72
"2018-11-11 23:26:05";72
"2018-11-11 23:36:00";72
"2018-11-11 23:36:07";72
"2018-11-11 23:46:00";72
"2018-11-11 23:56:00";72
"2018-11-11 23:56:05";72
"2018-11-12 00:06:00";72
"2018-11-12 00:06:05";72
"2018-11-12 00:16:00";72
"2018-11-12 00:26:00";71
"2018-11-12 00:26:05";71
"2018-11-12 00:36:00";71
"2018-11-12 00:36:07";71
"2018-11-12 00:46:00";71
"2018-11-12 00:56:00";74
"2018-11-12 00:56:06";74
"2018-11-12 01:06:00";74
"2018-11-12 01:06:05";74
"2018-11-12 01:16:00";73
"2018-11-12 01:26:00";73
"2018-11-12 01:26:05";73
"2018-11-12 01:36:00";73
"2018-11-12 01:36:05";73
"2018-11-12 01:46:00";73
"2018-11-12 01:56:00";71
"2018-11-12 01:56:06";71
"2018-11-12 02:06:00";71
"2018-11-12 02:06:05";71
"2018-11-12 02:16:00";71
"2018-11-12 02:26:00";72
"2018-11-12 02:26:05";72
"2018-11-12 02:36:00";72
"2018-11-12 02:36:06";72
"2018-11-12 02:46:00";70
"2018-11-12 02:56:00";70
"2018-11-12 02:56:05";70
"2018-11-12 03:06:00";70
"2018-11-12 03:06:05";70
"2018-11-12 03:16:00";71
"2018-11-12 03:26:00";71
"2018-11-12 03:26:05";71
"2018-11-12 03:36:00";71
"2018-11-12 03:36:05";71
"2018-11-12 03:46:00";71
"2018-11-12 03:56:00";71
"2018-11-12 03:56:05";71
"2018-11-12 04:06:00";71
"2018-11-12 04:06:04";71
"2018-11-12 04:16:00";71
"2018-11-12 04:26:00";71
"2018-11-12 04:26:05";71
"2018-11-12 04:36:00";71
"2018-11-12 04:36:05";71
"2018-11-12 04:46:00";71
"2018-11-12 04:56:00";72
"2018-11-12 04:56:05";72
"2018-11-12 05:06:00";72
"2018-11-12 05:06:05";72
"2018-11-12 05:16:00";72
"2018-11-12 05:26:00";72
"2018-11-12 05:26:04";72
"2018-11-12 05:36:00";72
"2018-11-12 05:36:05";72
"2018-11-12 05:46:00";72
"2018-11-12 05:56:00";72
"2018-11-12 05:56:05";72
"2018-11-12 06:06:00";72
"2018-11-12 06:06:04";72
"2018-11-12 06:16:00";72
"2018-11-12 06:26:00";71
"2018-11-12 06:26:05";71
"2018-11-12 06:36:00";71
"2018-11-12 06:36:05";71
"2018-11-12 06:46:00";71
"2018-11-12 06:56:00";70
"2018-11-12 06:56:05";70
"2018-11-12 07:06:00";70
"2018-11-12 07:06:05";70
"2018-11-12 07:16:00";70
"2018-11-12 07:26:00";71
"2018-11-12 07:26:05";71
"2018-11-12 07:36:00";71
"2018-11-12 07:36:05";71
"2018-11-12 07:46:00";71
"2018-11-12 07:56:00";71
"2018-11-12 07:56:05";71
"2018-11-12 08:06:00";71
"2018-11-12 08:06:06";71
"2018-11-12 08:16:00";71
"2018-11-12 08:26:00";69
"2018-11-12 08:26:05";69
"2018-11-12 08:36:00";69
"2018-11-12 08:36:05";69
"2018-11-12 08:46:00";69
"2018-11-12 08:56:00";68
"2018-11-12 08:56:05";68
"2018-11-12 09:06:00";68
"2018-11-12 09:06:05";68
"2018-11-12 09:16:00";68
"2018-11-12 09:26:00";71
"2018-11-12 09:26:05";71
"2018-11-12 09:36:00";71
"2018-11-12 09:36:05";71
"2018-11-12 09:46:00";71
"2018-11-12 09:56:00";70
"2018-11-12 09:56:04";70
"2018-11-12 10:06:00";70
"2018-11-12 10:06:05";70
"2018-11-12 10:16:00";70
"2018-11-12 10:26:00";71
"2018-11-12 10:26:05";71
"2018-11-12 10:36:00";71
"2018-11-12 10:36:05";71
"2018-11-12 10:46:00";71
"2018-11-12 10:56:00";66
"2018-11-12 10:56:05";66
"2018-11-12 11:06:00";66
"2018-11-12 11:06:04";66
"2018-11-12 11:16:00";66
"2018-11-12 11:26:00";68
"2018-11-12 11:26:05";68
"2018-11-12 11:36:00";68
"2018-11-12 11:36:04";68
"2018-11-12 11:46:00";68
"2018-11-12 11:56:00";69
"2018-11-12 11:56:05";69
"2018-11-12 12:06:00";69
"2018-11-12 12:06:04";69
"2018-11-12 12:16:00";67
"2018-11-12 12:26:00";67
"2018-11-12 12:26:05";67
"2018-11-12 12:36:00";67
"2018-11-12 12:36:05";67
"2018-11-12 12:46:00";67
"2018-11-12 12:56:00";67
"2018-11-12 12:56:05";67
"2018-11-12 13:06:00";67
"2018-11-12 13:06:04";67
"2018-11-12 13:16:00";67
"2018-11-12 13:26:00";65
"2018-11-12 13:26:05";65
"2018-11-12 13:36:00";65
"2018-11-12 13:36:05";65
"2018-11-12 13:46:00";65
"2018-11-12 13:56:00";67
"2018-11-12 13:56:05";67
"2018-11-12 14:06:00";67
"2018-11-12 14:06:04";67
"2018-11-12 14:16:00";67
"2018-11-12 14:26:00";69
"2018-11-12 14:26:05";69
"2018-11-12 14:36:00";69
"2018-11-12 14:36:05";69
"2018-11-12 14:46:00";69
"2018-11-12 14:56:00";65
"2018-11-12 14:56:05";65
"2018-11-12 15:06:00";65
"2018-11-12 15:06:05";65
"2018-11-12 15:16:00";65
"2018-11-12 15:26:00";68
"2018-11-12 15:26:05";68
"2018-11-12 15:36:00";68
"2018-11-12 15:36:04";68
"2018-11-12 15:46:00";68
"2018-11-12 15:56:00";68
"2018-11-12 15:56:05";68
"2018-11-12 16:06:00";68
"2018-11-12 16:06:04";68
"2018-11-12 16:16:00";68
"2018-11-12 16:26:00";67
"2018-11-12 16:26:05";67
"2018-11-12 16:36:00";67
"2018-11-12 16:36:04";67
"2018-11-12 16:46:00";67
"2018-11-12 16:56:00";68
"2018-11-12 16:56:05";68
"2018-11-12 17:06:00";68
"2018-11-12 17:06:05";68
"2018-11-12 17:16:00";68
"2018-11-12 17:26:00";65
"2018-11-12 17:26:05";65
"2018-11-12 17:36:00";65
"2018-11-12 17:36:06";65
"2018-11-12 17:46:00";65
"2018-11-12 17:56:00";66
"2018-11-12 17:56:05";66
"2018-11-12 18:06:00";66
"2018-11-12 18:06:06";66
"2018-11-12 18:16:00";66
"2018-11-12 18:26:00";67
"2018-11-12 18:26:06";67
"2018-11-12 18:36:00";67
"2018-11-12 18:36:05";67
"2018-11-12 18:46:00";67
"2018-11-12 18:56:00";66
"2018-11-12 18:56:05";66
"2018-11-12 19:06:00";66
"2018-11-12 19:06:06";66
"2018-11-12 19:16:00";66
"2018-11-12 19:26:00";69
"2018-11-12 19:26:05";69
"2018-11-12 19:36:00";69
"2018-11-12 19:36:05";69
"2018-11-12 19:46:00";69
"2018-11-12 19:56:00";66
"2018-11-12 19:56:05";66
"2018-11-12 20:06:00";66
"2018-11-12 20:06:05";66
"2018-11-12 20:16:00";66
"2018-11-12 20:26:00";68
"2018-11-12 20:26:05";68
"2018-11-12 20:36:00";68
"2018-11-12 20:36:05";68
"2018-11-12 20:46:00";68
"2018-11-12 20:56:00";66
"2018-11-12 20:56:05";66
"2018-11-12 21:06:00";66
"2018-11-12 21:06:05";66
"2018-11-12 21:16:00";66
"2018-11-12 21:26:00";69
"2018-11-12 21:26:05";69
"2018-11-12 21:36:00";69
"2018-11-12 21:36:05";69
"2018-11-12 21:46:00";69
"2018-11-12 21:56:00";67
"2018-11-12 21:56:05";67
"2018-11-12 22:06:00";67
"2018-11-12 22:06:07";67
"2018-11-12 22:16:00";67
"2018-11-12 22:26:00";66
"2018-11-12 22:26:07";66
"2018-11-12 22:36:00";66
"2018-11-12 22:36:06";66
"2018-11-12 22:46:00";66
"2018-11-12 22:56:00";65
"2018-11-12 22:56:05";65
"2018-11-12 23:06:00";65
"2018-11-12 23:06:05";65
"2018-11-12 23:16:00";66
"2018-11-12 23:26:00";66
"2018-11-12 23:26:07";66
"2018-11-12 23:36:00";66
"2018-11-12 23:36:06";66
"2018-11-12 23:46:00";66
"2018-11-12 23:56:00";67
"2018-11-12 23:56:07";67
"2018-11-13 00:06:00";67
"2018-11-13 00:06:07";67
"2018-11-13 00:16:00";67
"2018-11-13 00:26:00";66
"2018-11-13 00:26:06";66
"2018-11-13 00:36:00";66
"2018-11-13 00:36:06";66
"2018-11-13 00:46:00";66
"2018-11-13 00:56:00";66
"2018-11-13 00:56:07";66
"2018-11-13 01:06:00";66
"2018-11-13 01:06:06";66
"2018-11-13 01:16:00";66
"2018-11-13 01:26:00";67
"2018-11-13 01:26:08";67
"2018-11-13 01:36:00";67
"2018-11-13 01:36:05";67
"2018-11-13 01:46:00";67
"2018-11-13 01:56:00";65
"2018-11-13 01:56:05";65
"2018-11-13 02:06:00";65
"2018-11-13 02:06:05";65
"2018-11-13 02:16:00";65
"2018-11-13 02:26:00";64
"2018-11-13 02:26:05";64
"2018-11-13 02:36:00";64
"2018-11-13 02:36:05";64
"2018-11-13 02:46:00";64
"2018-11-13 02:56:00";66
"2018-11-13 02:56:04";66
"2018-11-13 03:06:00";66
"2018-11-13 03:06:05";66
"2018-11-13 03:16:00";66
"2018-11-13 03:26:00";66
"2018-11-13 03:26:05";66
"2018-11-13 03:36:00";66
"2018-11-13 03:36:05";66
"2018-11-13 03:46:00";66
"2018-11-13 03:56:00";63
"2018-11-13 03:56:05";63
"2018-11-13 04:06:00";63
"2018-11-13 04:06:05";63
"2018-11-13 04:16:00";63
"2018-11-13 04:26:00";63
"2018-11-13 04:26:05";63
"2018-11-13 04:36:00";63
"2018-11-13 04:36:05";63
"2018-11-13 04:46:00";63
"2018-11-13 04:56:00";66
"2018-11-13 04:56:05";66
"2018-11-13 05:06:00";66
"2018-11-13 05:06:05";66
"2018-11-13 05:16:00";66
"2018-11-13 05:26:00";66
"2018-11-13 05:26:04";66
"2018-11-13 05:36:00";66
"2018-11-13 05:36:04";66
"2018-11-13 05:46:00";66
"2018-11-13 05:56:00";66
"2018-11-13 05:56:05";66
"2018-11-13 06:06:00";66
"2018-11-13 06:06:05";66
"2018-11-13 06:16:00";66
"2018-11-13 06:26:00";66
"2018-11-13 06:26:05";66
"2018-11-13 06:36:00";66
"2018-11-13 06:36:05";66
"2018-11-13 06:46:00";64
"2018-11-13 06:56:00";64
"2018-11-13 06:56:05";64
"2018-11-13 07:06:00";64
"2018-11-13 07:06:04";64
"2018-11-13 07:16:00";64
"2018-11-13 07:26:00";65
"2018-11-13 07:26:05";65
"2018-11-13 07:36:00";65
"2018-11-13 07:36:04";65
"2018-11-13 07:46:00";65
"2018-11-13 07:56:00";63
"2018-11-13 07:56:05";63
"2018-11-13 08:06:00";63
"2018-11-13 08:06:05";63
"2018-11-13 08:16:00";63
"2018-11-13 08:26:00";64
"2018-11-13 08:26:04";64
"2018-11-13 08:36:00";64
"2018-11-13 08:36:05";64
"2018-11-13 08:46:00";64
"2018-11-13 08:56:00";62
"2018-11-13 08:56:05";62
"2018-11-13 09:06:00";62
"2018-11-13 09:06:05";62
"2018-11-13 09:16:00";62
"2018-11-13 09:26:00";66
"2018-11-13 09:26:05";66
"2018-11-13 09:36:00";66
"2018-11-13 09:36:05";66
"2018-11-13 09:46:00";66
"2018-11-13 09:56:00";65
"2018-11-13 09:56:07";65
"2018-11-13 10:06:00";65
"2018-11-13 10:06:05";65
"2018-11-13 10:16:00";65
"2018-11-13 10:26:00";64
"2018-11-13 10:26:05";64
"2018-11-13 10:36:00";64
"2018-11-13 10:36:05";64
"2018-11-13 10:46:00";64
"2018-11-13 10:56:00";63
"2018-11-13 10:56:05";63
"2018-11-13 11:06:00";63
"2018-11-13 11:06:05";63
"2018-11-13 11:16:00";63
"2018-11-13 11:16:05";63
"2018-11-13 11:26:00";64
"2018-11-13 11:36:00";64
"2018-11-13 11:36:05";64
"2018-11-13 11:46:00";64
"2018-11-13 11:46:05";64
"2018-11-13 11:56:00";60
"2018-11-13 12:06:00";60
"2018-11-13 12:06:05";60
"2018-11-13 12:16:00";60
"2018-11-13 12:16:05";60
"2018-11-13 12:26:00";58
"2018-11-13 12:36:00";58
"2018-11-13 12:36:05";58
"2018-11-13 12:46:00";58
"2018-11-13 12:46:05";58
"2018-11-13 12:56:00";58
"2018-11-13 13:06:00";58
"2018-11-13 13:06:04";58
"2018-11-13 13:16:00";58
"2018-11-13 13:16:05";58
"2018-11-13 13:26:00";56
"2018-11-13 13:36:00";56
"2018-11-13 13:36:05";56
"2018-11-13 13:46:00";56
"2018-11-13 13:46:05";56
"2018-11-13 13:56:00";59
"2018-11-13 14:06:00";59
"2018-11-13 14:06:05";58
"2018-11-13 14:16:00";59
"2018-11-13 14:16:05";58
"2018-11-13 14:26:00";58
"2018-11-13 14:36:00";58
"2018-11-13 14:36:04";58
"2018-11-13 14:46:00";58
"2018-11-13 14:46:05";58
"2018-11-13 14:56:00";61
"2018-11-13 15:06:00";61
"2018-11-13 15:06:05";61
"2018-11-13 15:16:00";61
"2018-11-13 15:16:05";61
"2018-11-13 15:26:00";62
"2018-11-13 15:36:00";62
"2018-11-13 15:36:05";62
"2018-11-13 15:46:00";62
"2018-11-13 15:46:05";62
"2018-11-13 15:56:00";63
"2018-11-13 16:06:00";63
"2018-11-13 16:06:05";63
"2018-11-13 16:16:00";62
"2018-11-13 16:16:05";62
"2018-11-13 16:26:00";62
"2018-11-13 16:36:00";62
"2018-11-13 16:36:05";62
"2018-11-13 16:46:00";62
"2018-11-13 16:46:05";62
"2018-11-13 16:56:00";61
"2018-11-13 17:06:00";61
"2018-11-13 17:06:05";61
"2018-11-13 17:16:00";61
"2018-11-13 17:16:05";61
"2018-11-13 17:26:00";63
"2018-11-13 17:36:00";63
"2018-11-13 17:36:06";63
"2018-11-13 17:46:00";63
"2018-11-13 17:46:05";63
"2018-11-13 17:56:00";61
"2018-11-13 18:06:00";61
"2018-11-13 18:06:05";61
"2018-11-13 18:16:00";61
"2018-11-13 18:16:05";61
"2018-11-13 18:26:00";64
"2018-11-13 18:36:00";64
"2018-11-13 18:36:05";64
"2018-11-13 18:46:00";64
"2018-11-13 18:46:05";64
"2018-11-13 18:56:00";61
"2018-11-13 19:06:00";61
"2018-11-13 19:06:05";61
"2018-11-13 19:16:00";61
"2018-11-13 19:16:05";61
"2018-11-13 19:26:00";63
"2018-11-13 19:36:00";63
"2018-11-13 19:36:04";63
"2018-11-13 19:46:00";63
"2018-11-13 19:46:05";63
"2018-11-13 19:56:00";63
"2018-11-13 20:06:00";63
"2018-11-13 20:06:05";63
"2018-11-13 20:16:00";65
"2018-11-13 20:16:05";65
"2018-11-13 20:26:00";65
"2018-11-13 20:36:00";65
"2018-11-13 20:36:05";65
"2018-11-13 20:46:00";65
"2018-11-13 20:46:05";65
"2018-11-13 20:56:00";62
"2018-11-13 21:06:00";62
"2018-11-13 21:06:05";62
"2018-11-13 21:16:00";62
"2018-11-13 21:16:05";62
"2018-11-13 21:26:00";60
"2018-11-13 21:36:00";60
"2018-11-13 21:36:05";60
"2018-11-13 21:46:00";60
"2018-11-13 21:46:05";60
"2018-11-13 21:56:00";62
"2018-11-13 22:06:00";62
"2018-11-13 22:06:07";62
"2018-11-13 22:16:00";62
"2018-11-13 22:16:08";62
"2018-11-13 22:26:00";61
"2018-11-13 22:36:00";61
"2018-11-13 22:36:07";61
"2018-11-13 22:46:00";61
"2018-11-13 22:46:05";61
"2018-11-13 22:56:00";63
"2018-11-13 23:06:00";63
"2018-11-13 23:06:05";63
"2018-11-13 23:16:00";63
"2018-11-13 23:16:05";63
"2018-11-13 23:26:00";62
"2018-11-13 23:36:00";62
"2018-11-13 23:36:05";62
"2018-11-13 23:46:00";62
"2018-11-13 23:46:06";62
"2018-11-13 23:56:00";62
"2018-11-14 00:06:00";62
"2018-11-14 00:06:06";62
"2018-11-14 00:16:00";62
"2018-11-14 00:16:07";62
"2018-11-14 00:26:00";62
"2018-11-14 00:36:00";62
"2018-11-14 00:36:06";62
"2018-11-14 00:46:00";62
"2018-11-14 00:46:05";62
"2018-11-14 00:56:00";62
"2018-11-14 01:06:00";62
"2018-11-14 01:06:06";62
"2018-11-14 01:16:00";62
"2018-11-14 01:16:06";62
"2018-11-14 01:26:00";61
"2018-11-14 01:36:00";61
"2018-11-14 01:36:05";61
"2018-11-14 01:46:00";61
"2018-11-14 01:46:11";61
"2018-11-14 01:56:00";62
"2018-11-14 02:06:00";62
"2018-11-14 02:06:05";62
"2018-11-14 02:16:00";62
"2018-11-14 02:16:05";62
"2018-11-14 02:26:00";61
"2018-11-14 02:36:00";61
"2018-11-14 02:36:05";61
"2018-11-14 02:46:00";61
"2018-11-14 02:46:05";61
"2018-11-14 02:56:00";62
"2018-11-14 03:06:00";62
"2018-11-14 03:06:04";62
"2018-11-14 03:16:00";62
"2018-11-14 03:16:05";62
"2018-11-14 03:26:00";62
"2018-11-14 03:36:00";62
"2018-11-14 03:36:05";62
"2018-11-14 03:46:00";62
"2018-11-14 03:46:06";62
"2018-11-14 03:56:00";61
"2018-11-14 04:06:00";61
"2018-11-14 04:06:04";61
"2018-11-14 04:16:00";61
"2018-11-14 04:16:05";61
"2018-11-14 04:26:00";60
"2018-11-14 04:36:00";60
"2018-11-14 04:36:06";60
"2018-11-14 04:46:00";60
"2018-11-14 04:46:05";60
"2018-11-14 04:56:00";61
"2018-11-14 05:06:00";61
"2018-11-14 05:06:05";61
"2018-11-14 05:16:00";61
"2018-11-14 05:16:04";61
"2018-11-14 05:26:00";61
"2018-11-14 05:36:00";61
"2018-11-14 05:36:05";61
"2018-11-14 05:46:00";61
"2018-11-14 05:46:05";61
"2018-11-14 05:56:00";61
"2018-11-14 06:06:00";61
"2018-11-14 06:06:05";61
"2018-11-14 06:16:00";61
"2018-11-14 06:16:04";61
"2018-11-14 06:26:00";61
"2018-11-14 06:36:00";61
"2018-11-14 06:36:05";61
"2018-11-14 06:46:00";61
"2018-11-14 06:46:05";61
"2018-11-14 06:56:00";60
"2018-11-14 07:06:00";60
"2018-11-14 07:06:05";60
"2018-11-14 07:16:00";59
"2018-11-14 07:16:05";58
"2018-11-14 07:26:00";59
"2018-11-14 07:36:00";59
"2018-11-14 07:36:05";58
"2018-11-14 07:46:00";59
"2018-11-14 07:46:05";58
"2018-11-14 07:56:00";61
"2018-11-14 08:06:00";61
"2018-11-14 08:06:04";61
"2018-11-14 08:16:00";61
"2018-11-14 08:16:05";61
"2018-11-14 08:26:00";63
"2018-11-14 08:26:05";63
"2018-11-14 08:36:00";63
"2018-11-14 08:46:00";63
"2018-11-14 08:46:05";63
"2018-11-14 08:56:00";61
"2018-11-14 08:56:05";61
"2018-11-14 09:06:00";61
"2018-11-14 09:16:00";61
"2018-11-14 09:16:05";61
"2018-11-14 09:26:00";60
"2018-11-14 09:26:05";60
"2018-11-14 09:36:00";60
"2018-11-14 09:46:00";60
"2018-11-14 09:46:05";60
"2018-11-14 09:56:00";61
"2018-11-14 09:56:05";61
"2018-11-14 10:06:00";61
"2018-11-14 10:16:00";61
"2018-11-14 10:16:05";61
"2018-11-14 10:26:00";58
"2018-11-14 10:26:05";58
"2018-11-14 10:36:00";58
"2018-11-14 10:46:00";58
"2018-11-14 10:46:05";58
"2018-11-14 10:56:00";59
"2018-11-14 10:56:05";58
"2018-11-14 11:06:00";59
"2018-11-14 11:16:00";59
"2018-11-14 11:16:05";58
"2018-11-14 11:26:00";56
"2018-11-14 11:26:05";56
"2018-11-14 11:36:00";56
"2018-11-14 11:46:00";56
"2018-11-14 11:46:05";56
"2018-11-14 11:56:00";53
"2018-11-14 11:56:05";52
"2018-11-14 12:06:00";53
"2018-11-14 12:16:00";53
"2018-11-14 12:16:05";52
"2018-11-14 12:26:00";53
"2018-11-14 12:26:04";52
"2018-11-14 12:36:00";53
"2018-11-14 12:46:00";53
"2018-11-14 12:46:05";52
"2018-11-14 12:56:00";53
"2018-11-14 12:56:05";52
"2018-11-14 13:06:00";53
"2018-11-14 13:16:00";53
"2018-11-14 13:16:05";52
"2018-11-14 13:26:00";52
"2018-11-14 13:26:05";52
"2018-11-14 13:36:00";52
"2018-11-14 13:46:00";52
"2018-11-14 13:46:05";52
"2018-11-14 13:56:00";55
"2018-11-14 13:56:05";55
"2018-11-14 14:06:00";55
"2018-11-14 14:16:00";55
"2018-11-14 14:16:05";55
"2018-11-14 14:26:00";56
"2018-11-14 14:26:05";56
"2018-11-14 14:36:00";56
"2018-11-14 14:46:00";56
"2018-11-14 14:46:05";56
"2018-11-14 14:56:00";57
"2018-11-14 14:56:05";57
"2018-11-14 15:06:00";57
"2018-11-14 15:16:00";57
"2018-11-14 15:16:05";57
"2018-11-14 15:26:00";59
"2018-11-14 15:26:05";58
"2018-11-14 15:36:00";59
"2018-11-14 15:46:00";59
"2018-11-14 15:46:04";58
"2018-11-14 15:56:00";57
"2018-11-14 15:56:05";57
"2018-11-14 16:06:00";57
"2018-11-14 16:16:00";57
"2018-11-14 16:16:05";57
"2018-11-14 16:26:00";60
"2018-11-14 16:26:05";60
"2018-11-14 16:36:00";60
"2018-11-14 16:46:00";60
"2018-11-14 16:46:05";60
"2018-11-14 16:56:00";58
"2018-11-14 16:56:05";58
"2018-11-14 17:06:00";58
"2018-11-14 17:16:00";58
"2018-11-14 17:16:05";58
"2018-11-14 17:26:00";61
"2018-11-14 17:26:05";61
"2018-11-14 17:36:00";61
"2018-11-14 17:46:00";61
"2018-11-14 17:46:05";61
"2018-11-14 17:56:00";60
"2018-11-14 17:56:05";60
"2018-11-14 18:06:00";60
"2018-11-14 18:16:00";60
"2018-11-14 18:16:05";60
"2018-11-14 18:26:00";61
"2018-11-14 18:26:05";61
"2018-11-14 18:36:00";61
"2018-11-14 18:46:00";61
"2018-11-14 18:46:05";61
"2018-11-14 18:56:00";60
"2018-11-14 18:56:05";60
"2018-11-14 19:06:00";60
"2018-11-14 19:16:00";60
"2018-11-14 19:16:05";60
"2018-11-14 19:26:00";60
"2018-11-14 19:26:05";60
"2018-11-14 19:36:00";60
"2018-11-14 19:46:00";60
"2018-11-14 19:46:05";60
"2018-11-14 19:56:00";61
"2018-11-14 19:56:05";61
"2018-11-14 20:06:00";61
"2018-11-14 20:16:00";61
"2018-11-14 20:16:05";61
"2018-11-14 20:26:00";59
"2018-11-14 20:26:05";58
"2018-11-14 20:36:00";59
"2018-11-14 20:46:00";59
"2018-11-14 20:46:07";58
"2018-11-14 20:56:00";60
"2018-11-14 20:56:05";60
"2018-11-14 21:06:00";60
"2018-11-14 21:16:00";60
"2018-11-14 21:16:05";60
"2018-11-14 21:26:00";60
"2018-11-14 21:26:05";60
"2018-11-14 21:36:00";60
"2018-11-14 21:46:00";60
"2018-11-14 21:46:05";60
"2018-11-14 21:56:00";57
"2018-11-14 21:56:05";57
"2018-11-14 22:06:00";57
"2018-11-14 22:16:00";57
"2018-11-14 22:16:06";57
"2018-11-14 22:26:00";59
"2018-11-14 22:26:07";58
"2018-11-14 22:36:00";59
"2018-11-14 22:46:00";59
"2018-11-14 22:46:05";58
"2018-11-14 22:56:00";59
"2018-11-14 22:56:05";58
"2018-11-14 23:06:00";59
"2018-11-14 23:16:00";59
"2018-11-14 23:16:06";58
"2018-11-14 23:26:00";58
"2018-11-14 23:26:05";58
"2018-11-14 23:36:00";58
"2018-11-14 23:46:00";58
"2018-11-14 23:46:05";58
"2018-11-14 23:56:00";60
"2018-11-14 23:56:07";60
"2018-11-15 00:06:00";60
"2018-11-15 00:16:00";60
"2018-11-15 00:16:07";60
"2018-11-15 00:26:00";61
"2018-11-15 00:26:06";61
"2018-11-15 00:36:00";61
"2018-11-15 00:46:00";61
"2018-11-15 00:46:06";61
"2018-11-15 00:56:00";60
"2018-11-15 00:56:06";60
"2018-11-15 01:06:00";60
"2018-11-15 01:16:00";60
"2018-11-15 01:16:06";60
"2018-11-15 01:26:00";59
"2018-11-15 01:26:06";58
"2018-11-15 01:36:00";59
"2018-11-15 01:46:00";59
"2018-11-15 01:46:05";58
"2018-11-15 01:56:00";57
"2018-11-15 01:56:05";57
"2018-11-15 02:06:00";57
"2018-11-15 02:16:00";57
"2018-11-15 02:16:05";57
"2018-11-15 02:26:00";58
"2018-11-15 02:26:05";58
"2018-11-15 02:36:00";58
"2018-11-15 02:46:00";58
"2018-11-15 02:46:05";58
"2018-11-15 02:56:00";57
"2018-11-15 02:56:05";57
"2018-11-15 03:06:00";57
"2018-11-15 03:16:00";57
"2018-11-15 03:16:05";57
"2018-11-15 03:26:00";57
"2018-11-15 03:26:05";57
"2018-11-15 03:36:00";57
"2018-11-15 03:46:00";57
"2018-11-15 03:46:05";57
"2018-11-15 03:56:00";59
"2018-11-15 03:56:05";58
"2018-11-15 04:06:00";59
"2018-11-15 04:16:00";59
"2018-11-15 04:16:05";58
"2018-11-15 04:26:00";57
"2018-11-15 04:26:04";57
"2018-11-15 04:36:00";57
"2018-11-15 04:46:00";57
"2018-11-15 04:46:05";57
"2018-11-15 04:56:00";59
"2018-11-15 04:56:05";58
"2018-11-15 05:06:00";59
"2018-11-15 05:16:00";59
"2018-11-15 05:16:05";58
"2018-11-15 05:26:00";59
"2018-11-15 05:26:04";58
"2018-11-15 05:36:00";59
"2018-11-15 05:46:00";59
"2018-11-15 05:46:04";58
"2018-11-15 05:56:00";58
"2018-11-15 05:56:04";58
"2018-11-15 06:06:00";58
"2018-11-15 06:16:00";58
"2018-11-15 06:16:05";58
"2018-11-15 06:26:00";59
"2018-11-15 06:26:05";58
"2018-11-15 06:36:00";59
"2018-11-15 06:46:00";59
"2018-11-15 06:46:04";58
"2018-11-15 06:56:00";56
"2018-11-15 06:56:05";56
"2018-11-15 07:06:00";56
"2018-11-15 07:16:00";56
"2018-11-15 07:16:05";56
"2018-11-15 07:26:00";56
"2018-11-15 07:26:05";56
"2018-11-15 07:36:00";56
"2018-11-15 07:46:00";56
"2018-11-15 07:46:05";56
"2018-11-15 07:56:00";57
"2018-11-15 07:56:05";57
"2018-11-15 08:06:00";57
"2018-11-15 08:16:00";57
"2018-11-15 08:16:05";57
"2018-11-15 08:26:00";57
"2018-11-15 08:26:05";57
"2018-11-15 08:36:00";57
"2018-11-15 08:46:00";57
"2018-11-15 08:46:05";57
"2018-11-15 08:56:00";59
"2018-11-15 08:56:05";58
"2018-11-15 09:06:00";59
"2018-11-15 09:16:00";59
"2018-11-15 09:16:04";58
"2018-11-15 09:26:00";58
"2018-11-15 09:26:05";58
"2018-11-15 09:36:00";58
"2018-11-15 09:46:00";58
"2018-11-15 09:46:05";58
"2018-11-15 09:56:00";59
"2018-11-15 09:56:05";58
"2018-11-15 10:06:00";59
"2018-11-15 10:16:00";59
"2018-11-15 10:16:05";58
"2018-11-15 10:26:00";57
"2018-11-15 10:26:05";57
"2018-11-15 10:36:00";57
"2018-11-15 10:46:00";57
"2018-11-15 10:46:04";57
"2018-11-15 10:56:00";55
"2018-11-15 10:56:05";55
"2018-11-15 11:06:00";55
"2018-11-15 11:16:00";55
"2018-11-15 11:16:06";55
"2018-11-15 11:26:00";52
"2018-11-15 11:26:05";52
"2018-11-15 11:36:00";52
"2018-11-15 11:46:00";52
"2018-11-15 11:46:06";52
"2018-11-15 11:56:00";52
"2018-11-15 11:56:05";52
"2018-11-15 12:06:00";52
"2018-11-15 12:16:00";52
"2018-11-15 12:16:05";52
"2018-11-15 12:26:00";52
"2018-11-15 12:26:05";52
"2018-11-15 12:36:00";52
"2018-11-15 12:46:00";52
"2018-11-15 12:46:05";52
"2018-11-15 12:56:00";52
"2018-11-15 12:56:05";52
"2018-11-15 13:06:00";51
"2018-11-15 13:16:00";51
"2018-11-15 13:16:05";51
"2018-11-15 13:26:00";52
"2018-11-15 13:26:05";52
"2018-11-15 13:36:00";52
"2018-11-15 13:46:00";52
"2018-11-15 13:46:05";52
"2018-11-15 13:56:00";53
"2018-11-15 13:56:05";52
"2018-11-15 14:06:00";53
"2018-11-15 14:16:00";53
"2018-11-15 14:16:05";52
"2018-11-15 14:26:00";55
"2018-11-15 14:26:05";55
"2018-11-15 14:36:00";55
"2018-11-15 14:46:00";54
"2018-11-15 14:46:05";54
"2018-11-15 14:56:00";54
"2018-11-15 14:56:05";54
"2018-11-15 15:06:00";54
"2018-11-15 15:16:00";54
"2018-11-15 15:16:04";54
"2018-11-15 15:26:00";57
"2018-11-15 15:26:05";57
"2018-11-15 15:36:00";57
"2018-11-15 15:46:00";57
"2018-11-15 15:46:05";57
"2018-11-15 15:56:00";54
"2018-11-15 15:56:05";54
"2018-11-15 16:06:00";54
"2018-11-15 16:16:00";54
"2018-11-15 16:16:05";54
"2018-11-15 16:26:00";56
"2018-11-15 16:26:05";56
"2018-11-15 16:36:00";56
"2018-11-15 16:46:00";56
"2018-11-15 16:46:05";56
"2018-11-15 16:56:00";58
"2018-11-15 16:56:05";58
"2018-11-15 17:06:00";58
"2018-11-15 17:16:00";58
"2018-11-15 17:16:05";58
"2018-11-15 17:26:00";55
"2018-11-15 17:26:04";55
"2018-11-15 17:36:00";55
"2018-11-15 17:46:00";55
"2018-11-15 17:46:05";55
"2018-11-15 17:56:00";56
"2018-11-15 17:56:05";56
"2018-11-15 18:06:00";56
"2018-11-15 18:16:00";56
"2018-11-15 18:16:05";56
"2018-11-15 18:26:00";58
"2018-11-15 18:26:05";58
"2018-11-15 18:36:00";58
"2018-11-15 18:46:00";58
"2018-11-15 18:46:07";58
"2018-11-15 18:56:00";56
"2018-11-15 18:56:05";56
"2018-11-15 19:06:00";56
"2018-11-15 19:16:00";56
"2018-11-15 19:16:04";56
"2018-11-15 19:26:00";55
"2018-11-15 19:26:05";55
"2018-11-15 19:36:00";55
"2018-11-15 19:46:00";55
"2018-11-15 19:46:07";55
"2018-11-15 19:56:00";57
"2018-11-15 19:56:05";57
"2018-11-15 20:06:00";57
"2018-11-15 20:16:00";57
"2018-11-15 20:16:05";57
"2018-11-15 20:26:00";56
"2018-11-15 20:26:05";56
"2018-11-15 20:36:00";56
"2018-11-15 20:46:00";56
"2018-11-15 20:46:05";56
"2018-11-15 20:56:00";55
"2018-11-15 20:56:05";55
"2018-11-15 21:06:00";55
"2018-11-15 21:16:00";55
"2018-11-15 21:16:05";55
"2018-11-15 21:26:00";55
"2018-11-15 21:26:05";55
"2018-11-15 21:36:00";55
"2018-11-15 21:46:00";55
"2018-11-15 21:46:05";55
"2018-11-15 21:56:00";55
"2018-11-15 21:56:05";55
"2018-11-15 22:06:00";55
"2018-11-15 22:16:00";55
"2018-11-15 22:16:07";55
"2018-11-15 22:26:00";54
"2018-11-15 22:26:09";54
"2018-11-15 22:36:00";54
"2018-11-15 22:46:00";54
"2018-11-15 22:46:05";54
"2018-11-15 22:56:00";57
"2018-11-15 22:56:05";57
"2018-11-15 23:06:00";57
"2018-11-15 23:16:00";57
"2018-11-15 23:16:05";57
"2018-11-15 23:26:00";54
"2018-11-15 23:26:05";54
"2018-11-15 23:36:00";54
"2018-11-15 23:46:00";54
"2018-11-15 23:46:05";54
"2018-11-15 23:56:00";54
"2018-11-15 23:56:05";54
"2018-11-16 00:06:00";54
"2018-11-16 00:16:00";54
"2018-11-16 00:16:07";54
"2018-11-16 00:26:00";54
"2018-11-16 00:26:06";54
"2018-11-16 00:36:00";54
"2018-11-16 00:46:00";54
"2018-11-16 00:46:06";54
"2018-11-16 00:56:00";55
"2018-11-16 00:56:06";55
"2018-11-16 01:06:00";55
"2018-11-16 01:16:00";55
"2018-11-16 01:16:07";55
"2018-11-16 01:26:00";55
"2018-11-16 01:26:07";55
"2018-11-16 01:36:00";55
"2018-11-16 01:46:00";55
"2018-11-16 01:46:05";55
"2018-11-16 01:56:00";56
"2018-11-16 01:56:05";56
"2018-11-16 02:06:00";56
"2018-11-16 02:16:00";56
"2018-11-16 02:16:05";56
"2018-11-16 02:26:00";56
"2018-11-16 02:26:05";56
"2018-11-16 02:36:00";56
"2018-11-16 02:46:00";56
"2018-11-16 02:46:05";56
"2018-11-16 02:56:00";55
"2018-11-16 02:56:05";55
"2018-11-16 03:06:00";55
"2018-11-16 03:16:00";55
"2018-11-16 03:16:04";55
"2018-11-16 03:26:00";55
"2018-11-16 03:26:04";55
"2018-11-16 03:36:00";55
"2018-11-16 03:46:00";55
"2018-11-16 03:46:06";55
"2018-11-16 03:56:00";54
"2018-11-16 03:56:05";54
"2018-11-16 04:06:00";54
"2018-11-16 04:16:00";54
"2018-11-16 04:16:05";54
"2018-11-16 04:26:00";55
"2018-11-16 04:26:05";55
"2018-11-16 04:36:00";55
"2018-11-16 04:46:00";55
"2018-11-16 04:46:05";55
"2018-11-16 04:56:00";54
"2018-11-16 04:56:05";54
"2018-11-16 05:06:00";54
"2018-11-16 05:16:00";54
"2018-11-16 05:16:05";54
"2018-11-16 05:26:00";56
"2018-11-16 05:26:05";56
"2018-11-16 05:36:00";56
"2018-11-16 05:46:00";56
"2018-11-16 05:46:04";56
"2018-11-16 05:56:00";53
"2018-11-16 05:56:05";52
"2018-11-16 06:06:00";53
"2018-11-16 06:16:00";53
"2018-11-16 06:16:05";52
"2018-11-16 06:26:00";54
"2018-11-16 06:26:05";54
"2018-11-16 06:36:00";54
"2018-11-16 06:46:00";54
"2018-11-16 06:46:05";54
"2018-11-16 06:56:00";54
"2018-11-16 06:56:05";54
"2018-11-16 07:06:00";54
"2018-11-16 07:16:00";54
"2018-11-16 07:16:05";54
"2018-11-16 07:26:00";54
"2018-11-16 07:26:04";54
"2018-11-16 07:36:00";54
"2018-11-16 07:46:00";54
"2018-11-16 07:46:05";54
"2018-11-16 07:56:00";54
"2018-11-16 07:56:05";54
"2018-11-16 08:06:00";54
"2018-11-16 08:16:00";54
"2018-11-16 08:16:04";54
"2018-11-16 08:26:00";54
"2018-11-16 08:26:05";54
"2018-11-16 08:36:00";54
"2018-11-16 08:46:00";54
"2018-11-16 08:46:05";54
"2018-11-16 08:56:00";54
"2018-11-16 08:56:05";54
"2018-11-16 09:06:00";54
"2018-11-16 09:16:00";54
"2018-11-16 09:16:05";54
"2018-11-16 09:26:00";53
"2018-11-16 09:26:05";52
"2018-11-16 09:36:00";53
"2018-11-16 09:46:00";53
"2018-11-16 09:46:05";52
"2018-11-16 09:56:00";52
"2018-11-16 09:56:05";52
"2018-11-16 10:06:00";52
"2018-11-16 10:16:00";52
"2018-11-16 10:16:04";52
"2018-11-16 10:26:00";52
"2018-11-16 10:26:05";52
"2018-11-16 10:36:00";52
"2018-11-16 10:46:00";52
"2018-11-16 10:46:05";52
"2018-11-16 10:56:00";56
"2018-11-16 10:56:06";56
"2018-11-16 11:06:00";56
"2018-11-16 11:16:00";56
"2018-11-16 11:16:05";56
"2018-11-16 11:26:00";53
"2018-11-16 11:26:05";52
"2018-11-16 11:36:00";53
"2018-11-16 11:46:00";53
"2018-11-16 11:46:04";52
"2018-11-16 11:56:00";52
"2018-11-16 11:56:05";52
"2018-11-16 12:06:00";52
"2018-11-16 12:16:00";52
"2018-11-16 12:16:05";52
"2018-11-16 12:26:00";52
"2018-11-16 12:26:05";52
"2018-11-16 12:36:00";52
"2018-11-16 12:46:00";52
"2018-11-16 12:46:05";52
"2018-11-16 12:56:00";52
"2018-11-16 12:56:05";52
"2018-11-16 13:06:00";52
"2018-11-16 13:16:00";52
"2018-11-16 13:16:04";52
"2018-11-16 13:26:00";53
"2018-11-16 13:26:05";52
"2018-11-16 13:36:00";53
"2018-11-16 13:46:00";53
"2018-11-16 13:46:05";52
"2018-11-16 13:56:00";50
"2018-11-16 13:56:05";50
"2018-11-16 14:06:00";50
"2018-11-16 14:16:00";50
"2018-11-16 14:16:05";50
"2018-11-16 14:26:00";53
"2018-11-16 14:26:05";52
"2018-11-16 14:36:00";53
"2018-11-16 14:46:00";53
"2018-11-16 14:46:05";52
"2018-11-16 14:56:00";54
"2018-11-16 14:56:05";54
"2018-11-16 15:06:00";54
"2018-11-16 15:16:00";54
"2018-11-16 15:16:05";54
"2018-11-16 15:26:00";52
"2018-11-16 15:26:05";52
"2018-11-16 15:36:00";52
"2018-11-16 15:46:00";52
"2018-11-16 15:46:04";52
"2018-11-16 15:56:00";52
"2018-11-16 15:56:05";52
"2018-11-16 16:06:00";52
"2018-11-16 16:16:00";52
"2018-11-16 16:16:05";52
"2018-11-16 16:26:00";54
"2018-11-16 16:26:04";54
"2018-11-16 16:36:00";54
"2018-11-16 16:46:00";54
"2018-11-16 16:46:05";54
"2018-11-16 16:56:00";53
"2018-11-16 16:56:05";52
"2018-11-16 17:06:00";53
"2018-11-16 17:16:00";53
"2018-11-16 17:16:05";52
"2018-11-16 17:26:00";53
"2018-11-16 17:26:05";52
"2018-11-16 17:36:00";53
"2018-11-16 17:46:00";53
"2018-11-16 17:46:05";52
"2018-11-16 17:56:00";52
"2018-11-16 17:56:05";52
"2018-11-16 18:06:00";52
"2018-11-16 18:16:00";52
"2018-11-16 18:16:05";52
"2018-11-16 18:26:00";53
"2018-11-16 18:26:05";52
"2018-11-16 18:36:00";53
"2018-11-16 18:46:00";53
"2018-11-16 18:46:05";52
"2018-11-16 18:56:00";50
"2018-11-16 18:56:05";50
"2018-11-16 19:06:00";50
"2018-11-16 19:16:00";50
"2018-11-16 19:16:05";50
"2018-11-16 19:26:00";49
"2018-11-16 19:26:05";49
"2018-11-16 19:36:00";49
"2018-11-16 19:46:00";49
"2018-11-16 19:46:05";49
"2018-11-16 19:56:00";52
"2018-11-16 19:56:05";52
"2018-11-16 20:06:00";52
"2018-11-16 20:16:00";52
"2018-11-16 20:16:05";52
"2018-11-16 20:26:00";53
"2018-11-16 20:26:05";52
"2018-11-16 20:36:00";53
"2018-11-16 20:46:00";53
"2018-11-16 20:46:05";52
"2018-11-16 20:56:00";52
"2018-11-16 20:56:05";52
"2018-11-16 21:06:00";52
"2018-11-16 21:16:00";52
"2018-11-16 21:16:05";52
"2018-11-16 21:26:00";53
"2018-11-16 21:26:05";52
"2018-11-16 21:36:00";53
"2018-11-16 21:46:00";53
"2018-11-16 21:46:05";52
"2018-11-16 21:56:00";52
"2018-11-16 21:56:05";52
"2018-11-16 22:06:00";52
"2018-11-16 22:16:00";52
"2018-11-16 22:16:06";52
"2018-11-16 22:26:00";53
"2018-11-16 22:26:06";52
"2018-11-16 22:36:00";53
"2018-11-16 22:46:00";53
"2018-11-16 22:46:05";52
"2018-11-16 22:56:00";53
"2018-11-16 22:56:05";52
"2018-11-16 23:06:00";53
"2018-11-16 23:16:00";53
"2018-11-16 23:16:07";52
"2018-11-16 23:26:00";52
"2018-11-16 23:26:05";52
"2018-11-16 23:36:00";52
"2018-11-16 23:46:00";52
"2018-11-16 23:46:07";52
"2018-11-16 23:56:00";54
"2018-11-16 23:56:05";54
"2018-11-17 00:06:00";54
"2018-11-17 00:16:00";54
"2018-11-17 00:16:06";54
"2018-11-17 00:26:00";51
"2018-11-17 00:26:06";51
"2018-11-17 00:36:00";51
"2018-11-17 00:46:00";51
"2018-11-17 00:46:08";51
"2018-11-17 00:56:00";53
"2018-11-17 00:56:07";52
"2018-11-17 01:06:00";53
"2018-11-17 01:16:00";53
"2018-11-17 01:16:06";52
"2018-11-17 01:26:00";53
"2018-11-17 01:26:06";52
"2018-11-17 01:36:00";53
"2018-11-17 01:46:00";53
"2018-11-17 01:46:06";52
"2018-11-17 01:56:00";52
"2018-11-17 01:56:05";52
"2018-11-17 02:06:00";52
"2018-11-17 02:16:00";52
"2018-11-17 02:16:04";52
"2018-11-17 02:26:00";52
"2018-11-17 02:26:05";52
"2018-11-17 02:36:00";52
"2018-11-17 02:46:00";52
"2018-11-17 02:46:05";52
"2018-11-17 02:56:00";51
"2018-11-17 02:56:06";51
"2018-11-17 03:06:00";51
"2018-11-17 03:16:00";51
"2018-11-17 03:16:04";51
"2018-11-17 03:26:00";51
"2018-11-17 03:26:05";51
"2018-11-17 03:36:00";51
"2018-11-17 03:46:00";51
"2018-11-17 03:46:06";51
"2018-11-17 03:56:00";52
"2018-11-17 03:56:05";52
"2018-11-17 04:06:00";52
"2018-11-17 04:16:00";52
"2018-11-17 04:16:04";52
"2018-11-17 04:26:00";51
"2018-11-17 04:26:05";51
"2018-11-17 04:36:00";51
"2018-11-17 04:46:00";51
"2018-11-17 04:46:05";51
"2018-11-17 04:56:00";50
"2018-11-17 04:56:05";50
"2018-11-17 05:06:00";50
"2018-11-17 05:16:00";50
"2018-11-17 05:16:05";50
"2018-11-17 05:26:00";49
"2018-11-17 05:26:05";49
"2018-11-17 05:36:00";49
"2018-11-17 05:46:00";52
"2018-11-17 05:46:05";52
"2018-11-17 05:56:00";52
"2018-11-17 05:56:04";52
"2018-11-17 06:06:00";52
"2018-11-17 06:16:00";52
"2018-11-17 06:16:05";52
"2018-11-17 06:26:00";49
"2018-11-17 06:26:05";49
"2018-11-17 06:36:00";49
"2018-11-17 06:46:00";49
"2018-11-17 06:46:05";49
"2018-11-17 06:56:00";49
"2018-11-17 06:56:05";49
"2018-11-17 07:06:00";49
"2018-11-17 07:16:00";49
"2018-11-17 07:16:05";49
"2018-11-17 07:26:00";51
"2018-11-17 07:26:05";51
"2018-11-17 07:36:00";51
"2018-11-17 07:46:00";51
"2018-11-17 07:46:05";51
"2018-11-17 07:56:00";49
"2018-11-17 07:56:05";49
"2018-11-17 08:06:00";49
"2018-11-17 08:16:00";48
"2018-11-17 08:16:04";48
"2018-11-17 08:26:00";48
"2018-11-17 08:26:05";48
"2018-11-17 08:36:00";48
"2018-11-17 08:46:00";48
"2018-11-17 08:46:05";48
"2018-11-17 08:56:00";49
"2018-11-17 08:56:05";49
"2018-11-17 09:06:00";49
"2018-11-17 09:16:00";49
"2018-11-17 09:16:05";49
"2018-11-17 09:26:00";50
"2018-11-17 09:26:05";50
"2018-11-17 09:36:00";50
"2018-11-17 09:46:00";50
"2018-11-17 09:46:05";50
"2018-11-17 09:56:00";51
"2018-11-17 09:56:05";51
"2018-11-17 10:06:00";51
"2018-11-17 10:16:00";51
"2018-11-17 10:16:05";51
"2018-11-17 10:26:00";51
"2018-11-17 10:26:05";51
"2018-11-17 10:36:00";51
"2018-11-17 10:46:00";51
"2018-11-17 10:46:05";51
"2018-11-17 10:56:00";50
"2018-11-17 10:56:05";50
"2018-11-17 11:06:00";50
"2018-11-17 11:16:00";50
"2018-11-17 11:16:05";50
"2018-11-17 11:26:00";49
"2018-11-17 11:26:04";49
"2018-11-17 11:36:00";49
"2018-11-17 11:46:00";49
"2018-11-17 11:46:04";49
"2018-11-17 11:56:00";50
"2018-11-17 11:56:05";50
"2018-11-17 12:06:00";50
"2018-11-17 12:16:00";50
"2018-11-17 12:16:04";50
"2018-11-17 12:26:00";50
"2018-11-17 12:26:04";50
"2018-11-17 12:36:00";50
"2018-11-17 12:46:00";50
"2018-11-17 12:46:05";50
"2018-11-17 12:56:00";49
"2018-11-17 12:56:05";49
"2018-11-17 13:06:00";49
"2018-11-17 13:16:00";49
"2018-11-17 13:16:05";49
"2018-11-17 13:26:00";49
"2018-11-17 13:26:05";49
"2018-11-17 13:36:00";49
"2018-11-17 13:46:00";49
"2018-11-17 13:46:05";49
"2018-11-17 13:56:00";51
"2018-11-17 13:56:04";51
"2018-11-17 14:06:00";51
"2018-11-17 14:16:00";51
"2018-11-17 14:16:04";51
"2018-11-17 14:26:00";50
"2018-11-17 14:26:05";50
"2018-11-17 14:36:00";50
"2018-11-17 14:46:00";50
"2018-11-17 14:46:05";50
"2018-11-17 14:56:00";49
"2018-11-17 14:56:05";49
"2018-11-17 15:06:00";49
"2018-11-17 15:16:00";49
"2018-11-17 15:16:05";49
"2018-11-17 15:26:00";48
"2018-11-17 15:26:04";48
"2018-11-17 15:36:00";48
"2018-11-17 15:46:00";48
"2018-11-17 15:46:04";48
"2018-11-17 15:56:00";47
"2018-11-17 15:56:05";47
"2018-11-17 16:06:00";47
"2018-11-17 16:16:00";47
"2018-11-17 16:16:05";47
"2018-11-17 16:26:00";50
"2018-11-17 16:26:06";50
"2018-11-17 16:36:00";50
"2018-11-17 16:46:00";50
"2018-11-17 16:46:05";50
"2018-11-17 16:56:00";47
"2018-11-17 16:56:05";47
"2018-11-17 17:06:00";47
"2018-11-17 17:16:00";47
"2018-11-17 17:16:05";47
"2018-11-17 17:26:00";49
"2018-11-17 17:26:04";49
"2018-11-17 17:36:00";49
"2018-11-17 17:46:00";49
"2018-11-17 17:46:05";49
"2018-11-17 17:56:00";49
"2018-11-17 17:56:05";49
"2018-11-17 18:06:00";49
"2018-11-17 18:16:00";49
"2018-11-17 18:16:05";49
"2018-11-17 18:26:00";48
"2018-11-17 18:26:05";48
"2018-11-17 18:36:00";48
"2018-11-17 18:46:00";48
"2018-11-17 18:46:05";48
"2018-11-17 18:56:00";50
"2018-11-17 18:56:05";50
"2018-11-17 19:06:00";50
"2018-11-17 19:16:00";50
"2018-11-17 19:16:05";50
"2018-11-17 19:26:00";48
"2018-11-17 19:26:05";48
"2018-11-17 19:36:00";48
"2018-11-17 19:46:00";48
"2018-11-17 19:46:05";48
"2018-11-17 19:56:00";50
"2018-11-17 19:56:05";50
"2018-11-17 20:06:00";50
"2018-11-17 20:16:00";50
"2018-11-17 20:16:05";50
"2018-11-17 20:26:00";50
"2018-11-17 20:26:05";50
"2018-11-17 20:36:00";50
"2018-11-17 20:46:00";50
"2018-11-17 20:46:05";50
"2018-11-17 20:56:00";47
"2018-11-17 20:56:05";47
"2018-11-17 21:06:00";47
"2018-11-17 21:16:00";47
"2018-11-17 21:16:05";47
"2018-11-17 21:26:00";47
"2018-11-17 21:26:05";47
"2018-11-17 21:36:00";47
"2018-11-17 21:46:00";47
"2018-11-17 21:46:05";47
"2018-11-17 21:56:00";48
"2018-11-17 21:56:07";48
"2018-11-17 22:06:00";48
"2018-11-17 22:16:00";48
"2018-11-17 22:16:09";48
"2018-11-17 22:26:00";46
"2018-11-17 22:26:07";46
"2018-11-17 22:36:00";46
"2018-11-17 22:46:00";46
"2018-11-17 22:46:05";46
"2018-11-17 22:56:00";48
"2018-11-17 22:56:05";48
"2018-11-17 23:06:00";48
"2018-11-17 23:16:00";48
"2018-11-17 23:16:05";48
"2018-11-17 23:26:00";46
"2018-11-18 00:36:00";48
"2018-11-18 00:36:05";48
"2018-11-18 00:46:00";48
"2018-11-18 00:46:06";48
"2018-11-18 00:56:00";47
"2018-11-18 00:56:07";47
"2018-11-18 01:06:00";47
"2018-11-18 01:16:00";47
"2018-11-18 01:16:08";47
"2018-11-18 01:26:00";47
"2018-11-18 01:26:05";47
"2018-11-18 01:36:00";47
"2018-11-18 01:46:00";47
"2018-11-18 01:46:05";47
"2018-11-18 01:56:00";48
"2018-11-18 01:56:05";48
"2018-11-18 02:06:00";48
"2018-11-18 02:16:00";48
"2018-11-18 02:16:05";48
"2018-11-18 02:26:00";46
"2018-11-18 02:26:04";46
"2018-11-18 02:36:00";46
"2018-11-18 02:46:00";46
"2018-11-18 02:46:05";46
"2018-11-18 02:56:00";46
"2018-11-18 02:56:05";46
"2018-11-18 03:06:00";46
"2018-11-18 03:16:00";46
"2018-11-18 03:16:05";46
"2018-11-18 03:26:00";47
"2018-11-18 03:26:05";47
"2018-11-18 03:36:00";47
"2018-11-18 03:46:00";47
"2018-11-18 03:46:05";47
"2018-11-18 03:56:00";46
"2018-11-18 03:56:05";46
"2018-11-18 04:06:00";46
"2018-11-18 04:16:00";46
"2018-11-18 04:16:04";46
"2018-11-18 04:26:00";46
"2018-11-18 04:26:05";46
"2018-11-18 04:36:00";46
"2018-11-18 04:46:00";46
"2018-11-18 04:46:06";46
"2018-11-18 04:56:00";46
"2018-11-18 04:56:05";46
"2018-11-18 05:06:00";46
"2018-11-18 05:16:00";46
"2018-11-18 05:16:05";46
"2018-11-18 05:26:00";45
"2018-11-18 05:26:05";45
"2018-11-18 05:36:00";45
"2018-11-18 05:46:00";45
"2018-11-18 05:46:05";45
"2018-11-18 05:56:00";46
"2018-11-18 05:56:05";46
"2018-11-18 06:06:00";46
"2018-11-18 06:16:00";46
"2018-11-18 06:16:05";46
"2018-11-18 06:26:00";45
"2018-11-18 06:26:05";45
"2018-11-18 06:36:00";45
"2018-11-18 06:46:00";45
"2018-11-18 06:46:05";45
"2018-11-18 06:56:00";46
"2018-11-18 06:56:05";46
"2018-11-18 07:06:00";46
"2018-11-18 07:16:00";46
"2018-11-18 07:16:04";46
"2018-11-18 07:26:00";47
"2018-11-18 07:26:05";47
"2018-11-18 07:36:00";47
"2018-11-18 07:46:00";47
"2018-11-18 07:46:04";47
"2018-11-18 07:56:00";45
"2018-11-18 07:56:05";45
"2018-11-18 08:06:00";45
"2018-11-18 08:16:00";45
"2018-11-18 08:16:05";45
"2018-11-18 08:26:00";44
"2018-11-18 08:26:05";44
"2018-11-18 08:36:00";44
"2018-11-18 08:46:00";44
"2018-11-18 08:46:05";44
"2018-11-18 08:56:00";44
"2018-11-18 08:56:05";44
"2018-11-18 09:06:00";44
"2018-11-18 09:16:00";44
"2018-11-18 09:16:05";44
"2018-11-18 09:26:00";44
"2018-11-18 09:26:05";44
"2018-11-18 09:36:00";44
"2018-11-18 09:46:00";44
"2018-11-18 09:46:05";44
"2018-11-18 09:56:00";45
"2018-11-18 09:56:05";45
"2018-11-18 10:06:00";45
"2018-11-18 10:16:00";45
"2018-11-18 10:16:05";45
"2018-11-18 10:26:00";45
"2018-11-18 10:26:05";45
"2018-11-18 10:36:00";45
"2018-11-18 10:46:00";45
"2018-11-18 10:46:05";45
"2018-11-18 10:56:00";45
"2018-11-18 10:56:05";45
"2018-11-18 11:06:00";45
"2018-11-18 11:16:00";44
"2018-11-18 11:16:05";44
"2018-11-18 11:26:00";40
"2018-11-18 11:26:05";40
"2018-11-18 11:36:00";40
"2018-11-18 11:46:00";40
"2018-11-18 11:46:05";40
"2018-11-18 11:56:00";42
"2018-11-18 11:56:05";42
"2018-11-18 12:06:00";42
"2018-11-18 12:16:00";42
"2018-11-18 12:16:05";42
"2018-11-18 12:26:00";43
"2018-11-18 12:26:05";43
"2018-11-18 12:36:00";43
"2018-11-18 12:46:00";43
"2018-11-18 12:46:05";43
"2018-11-18 12:56:00";40
"2018-11-18 12:56:05";40
"2018-11-18 13:06:00";40
"2018-11-18 13:16:00";40
"2018-11-18 13:16:07";40
"2018-11-18 13:26:00";43
"2018-11-18 13:26:05";43
"2018-11-18 13:36:00";43
"2018-11-18 13:46:00";43
"2018-11-18 13:46:05";43
"2018-11-18 13:56:00";43
"2018-11-18 13:56:05";43
"2018-11-18 14:06:00";43
"2018-11-18 14:16:00";43
"2018-11-18 14:16:05";43
"2018-11-18 14:26:00";45
"2018-11-18 14:26:05";45
"2018-11-18 14:36:00";45
"2018-11-18 14:46:00";45
"2018-11-18 14:46:05";45
"2018-11-18 14:56:00";47
"2018-11-18 14:56:05";47
"2018-11-18 15:06:00";47
"2018-11-18 15:16:00";47
"2018-11-18 15:16:04";47
"2018-11-18 15:26:00";46
"2018-11-18 15:26:05";46
"2018-11-18 15:36:00";46
"2018-11-18 15:46:00";46
"2018-11-18 15:46:04";46
"2018-11-18 15:56:00";45
"2018-11-18 15:56:04";45
"2018-11-18 16:06:00";45
"2018-11-18 16:16:00";45
"2018-11-18 16:16:05";45
"2018-11-18 16:26:00";45
"2018-11-18 16:26:05";45
"2018-11-18 16:36:00";45
"2018-11-18 16:46:00";45
"2018-11-18 16:46:06";45
"2018-11-18 16:56:00";46
"2018-11-18 16:56:05";46
"2018-11-18 17:06:00";46
"2018-11-18 17:16:00";46
"2018-11-18 17:16:05";46
"2018-11-18 17:26:00";45
"2018-11-18 17:26:05";45
"2018-11-18 17:36:00";45
"2018-11-18 17:46:00";45
"2018-11-18 17:46:06";45
"2018-11-18 17:56:00";44
"2018-11-18 17:56:05";44
"2018-11-18 18:06:00";44
"2018-11-18 18:16:00";44
"2018-11-18 18:16:05";44
"2018-11-18 18:26:00";46
"2018-11-18 18:26:05";46
"2018-11-18 18:36:00";46
"2018-11-18 18:46:00";42
"2018-11-18 18:46:05";42
"2018-11-18 18:56:00";42
"2018-11-18 18:56:05";42
"2018-11-18 19:06:00";42
"2018-11-18 19:16:00";42
"2018-11-18 19:16:05";42
"2018-11-18 19:26:00";44
"2018-11-18 19:26:05";44
"2018-11-18 19:36:00";44
"2018-11-18 19:46:00";44
"2018-11-18 19:46:05";44
"2018-11-18 19:56:00";45
"2018-11-18 19:56:05";45
"2018-11-18 20:06:00";45
"2018-11-18 20:16:00";42
"2018-11-18 20:16:05";42
"2018-11-18 20:26:00";42
"2018-11-18 20:26:05";42
"2018-11-18 20:36:00";42
"2018-11-18 20:46:00";42
"2018-11-18 20:46:06";42
"2018-11-18 20:56:00";44
"2018-11-18 20:56:06";44
"2018-11-18 21:06:00";44
"2018-11-18 21:16:00";44
"2018-11-18 21:16:05";44
"2018-11-18 21:26:00";45
"2018-11-18 21:26:05";45
"2018-11-18 21:36:00";45
"2018-11-18 21:46:00";45
"2018-11-18 21:46:05";45
"2018-11-18 21:56:00";43
"2018-11-18 21:56:06";43
"2018-11-18 22:06:00";43
"2018-11-18 22:16:00";43
"2018-11-18 22:16:07";43
"2018-11-18 22:26:00";45
"2018-11-18 22:26:06";45
"2018-11-18 22:36:00";45
"2018-11-18 22:46:00";45
"2018-11-18 22:46:06";45
"2018-11-18 22:56:00";45
"2018-11-18 22:56:05";45
"2018-11-18 23:06:00";45
"2018-11-18 23:16:00";45
"2018-11-18 23:16:05";45
"2018-11-18 23:26:00";43
"2018-11-18 23:26:05";43
"2018-11-18 23:36:00";43
"2018-11-18 23:46:00";43
"2018-11-18 23:46:07";43
"2018-11-18 23:56:00";44
"2018-11-18 23:56:05";44
"2018-11-19 00:06:00";44
"2018-11-19 00:16:00";44
"2018-11-19 00:16:06";44
"2018-11-19 00:26:00";44
"2018-11-19 00:26:05";44
"2018-11-19 00:36:00";44
"2018-11-19 00:46:00";44
"2018-11-19 00:46:07";44
"2018-11-19 00:56:00";43
"2018-11-19 00:56:06";43
"2018-11-19 01:06:00";43
"2018-11-19 01:16:00";43
"2018-11-19 01:16:05";43
"2018-11-19 01:26:00";44
"2018-11-19 01:26:06";44
"2018-11-19 01:36:00";44
"2018-11-19 01:46:00";44
"2018-11-19 01:46:06";44
"2018-11-19 01:56:00";44
"2018-11-19 01:56:06";44
"2018-11-19 02:06:00";44
"2018-11-19 02:16:00";44
"2018-11-19 02:16:05";44
"2018-11-19 02:26:00";44
"2018-11-19 02:26:05";44
"2018-11-19 02:36:00";44
"2018-11-19 02:46:00";44
"2018-11-19 02:46:05";44
"2018-11-19 02:56:00";42
"2018-11-19 02:56:05";42
"2018-11-19 03:06:00";42
"2018-11-19 03:16:00";42
"2018-11-19 03:16:05";42
"2018-11-19 03:26:00";41
"2018-11-19 03:26:05";41
"2018-11-19 03:36:00";41
"2018-11-19 03:46:00";42
"2018-11-19 03:46:06";42
"2018-11-19 03:56:00";42
"2018-11-19 03:56:05";42
"2018-11-19 04:06:00";42
"2018-11-19 04:16:00";42
"2018-11-19 04:16:04";42
"2018-11-19 04:26:00";45
"2018-11-19 04:26:04";45
"2018-11-19 04:36:00";45
"2018-11-19 04:46:00";45
"2018-11-19 04:46:04";45
"2018-11-19 04:56:00";44
"2018-11-19 04:56:05";44
"2018-11-19 05:06:00";44
"2018-11-19 05:16:00";44
"2018-11-19 05:16:05";44
"2018-11-19 05:26:00";42
"2018-11-19 05:26:04";42
"2018-11-19 05:36:00";42
"2018-11-19 05:46:00";42
"2018-11-19 05:46:05";42
"2018-11-19 05:56:00";43
"2018-11-19 05:56:05";43
"2018-11-19 06:06:00";43
"2018-11-19 06:16:00";43
"2018-11-19 06:16:05";43
"2018-11-19 06:26:00";45
"2018-11-19 06:26:05";45
"2018-11-19 06:36:00";45
"2018-11-19 06:46:00";45
"2018-11-19 06:46:05";45
"2018-11-19 06:56:00";43
"2018-11-19 06:56:05";43
"2018-11-19 07:06:00";43
"2018-11-19 07:16:00";43
"2018-11-19 07:16:05";43
"2018-11-19 07:26:00";43
"2018-11-19 07:26:05";43
"2018-11-19 07:36:00";43
"2018-11-19 07:46:00";43
"2018-11-19 07:46:05";43
"2018-11-19 07:56:00";40
"2018-11-19 07:56:05";40
"2018-11-19 08:06:00";40
"2018-11-19 08:16:00";40
"2018-11-19 08:16:05";40
"2018-11-19 08:26:00";43
"2018-11-19 08:26:05";43
"2018-11-19 08:36:00";43
"2018-11-19 08:46:00";43
"2018-11-19 08:46:05";43
"2018-11-19 08:56:00";42
"2018-11-19 08:56:05";42
"2018-11-19 09:06:00";42
"2018-11-19 09:16:00";42
"2018-11-19 09:16:05";42
"2018-11-19 09:26:00";43
"2018-11-19 09:26:05";43
"2018-11-19 09:36:00";43
"2018-11-19 09:46:00";43
"2018-11-19 09:46:05";43
"2018-11-19 09:56:00";43
"2018-11-19 09:56:05";43
"2018-11-19 10:06:00";43
"2018-11-19 10:16:00";43
"2018-11-19 10:16:06";43
"2018-11-19 10:26:00";43
"2018-11-19 10:26:05";43
"2018-11-19 10:36:00";43
"2018-11-19 10:46:00";43
"2018-11-19 10:46:05";43
"2018-11-19 10:56:00";41
"2018-11-19 10:56:05";41
"2018-11-19 11:06:00";41
"2018-11-19 11:16:00";41
"2018-11-19 11:16:05";41
"2018-11-19 11:26:00";42
"2018-11-19 11:26:06";42
"2018-11-19 11:36:00";42
"2018-11-19 11:46:00";42
"2018-11-19 11:46:05";42
"2018-11-19 11:56:00";43
"2018-11-19 11:56:06";43
"2018-11-19 12:06:00";43
"2018-11-19 12:16:00";43
"2018-11-19 12:16:04";43
"2018-11-19 12:26:00";42
"2018-11-19 12:26:05";42
"2018-11-19 12:36:00";42
"2018-11-19 12:46:00";42
"2018-11-19 12:46:06";42
"2018-11-19 12:56:00";41
"2018-11-19 12:56:05";41
"2018-11-19 13:06:00";41
"2018-11-19 13:16:00";41
"2018-11-19 13:16:05";41
"2018-11-19 13:26:00";43
"2018-11-19 13:26:05";43
"2018-11-19 13:36:00";43
"2018-11-19 13:46:00";43
"2018-11-19 13:46:05";43
"2018-11-19 13:56:00";43
"2018-11-19 13:56:05";43
"2018-11-19 14:06:00";43
"2018-11-19 14:16:00";43
"2018-11-19 14:16:05";43
"2018-11-19 14:26:00";41
"2018-11-19 14:26:05";41
"2018-11-19 14:36:00";41
"2018-11-19 14:46:00";41
"2018-11-19 14:46:05";41
"2018-11-19 14:56:00";43
"2018-11-19 14:56:05";43
"2018-11-19 15:06:00";43
"2018-11-19 15:16:00";43
"2018-11-19 15:16:05";43
"2018-11-19 15:26:00";44
"2018-11-19 15:26:05";44
"2018-11-19 15:36:00";44
"2018-11-19 15:46:00";44
"2018-11-19 15:46:05";44
"2018-11-19 15:56:00";42
"2018-11-19 15:56:05";42
"2018-11-19 16:06:00";42
"2018-11-19 16:16:00";42
"2018-11-19 16:16:05";42
"2018-11-19 16:26:00";43
"2018-11-19 16:26:05";43
"2018-11-19 16:36:00";43
"2018-11-19 16:46:00";43
"2018-11-19 16:46:05";43
"2018-11-19 16:56:00";43
"2018-11-19 16:56:05";43
"2018-11-19 17:06:00";43
"2018-11-19 17:16:00";43
"2018-11-19 17:16:05";43
"2018-11-19 17:26:00";43
"2018-11-19 17:26:06";43
"2018-11-19 17:36:00";43
"2018-11-19 17:46:00";43
"2018-11-19 17:46:07";43
"2018-11-19 17:56:00";44
"2018-11-19 17:56:05";44
"2018-11-19 18:06:00";44
"2018-11-19 18:16:00";44
"2018-11-19 18:16:05";44
"2018-11-19 18:26:00";43
"2018-11-19 18:26:05";43
"2018-11-19 18:36:00";43
"2018-11-19 18:46:00";43
"2018-11-19 18:46:05";43
"2018-11-19 18:56:00";43
"2018-11-19 18:56:05";43
"2018-11-19 19:06:00";43
"2018-11-19 19:16:00";43
"2018-11-19 19:16:05";43
"2018-11-19 19:26:00";44
"2018-11-19 19:26:05";44
"2018-11-19 19:36:00";44
"2018-11-19 19:46:00";44
"2018-11-19 19:46:05";44
"2018-11-19 19:56:00";44
"2018-11-19 19:56:05";44
"2018-11-19 20:06:00";41
"2018-11-19 20:16:00";41
"2018-11-19 20:16:05";41
"2018-11-19 20:26:00";43
"2018-11-19 20:26:05";43
"2018-11-19 20:36:00";43
"2018-11-19 20:46:00";41
"2018-11-19 20:46:05";41
"2018-11-19 20:56:00";41
"2018-11-19 20:56:05";41
"2018-11-19 21:06:00";41
"2018-11-19 21:16:00";41
"2018-11-19 21:16:05";41
"2018-11-19 21:26:00";42
"2018-11-19 21:26:05";42
"2018-11-19 21:36:00";42
"2018-11-19 21:46:00";42
"2018-11-19 21:46:05";42
"2018-11-19 21:56:00";41
"2018-11-19 21:56:06";41
"2018-11-19 22:06:00";41
"2018-11-19 22:16:00";41
"2018-11-19 22:16:09";41
"2018-11-19 22:26:00";39
"2018-11-19 22:26:07";39
"2018-11-19 22:36:00";39
"2018-11-19 22:46:00";39
"2018-11-19 22:46:05";39
"2018-11-19 22:56:00";41
"2018-11-19 22:56:05";41
"2018-11-19 23:06:00";41
"2018-11-19 23:16:00";41
"2018-11-19 23:16:07";41
"2018-11-19 23:26:00";39
"2018-11-19 23:26:05";39
"2018-11-19 23:36:00";39
"2018-11-19 23:46:00";39
"2018-11-19 23:46:10";39
"2018-11-19 23:56:00";41
"2018-11-19 23:56:08";41
"2018-11-20 00:06:00";41
"2018-11-20 00:16:00";41
"2018-11-20 00:16:08";41
"2018-11-20 00:26:00";39
"2018-11-20 00:26:08";39
"2018-11-20 00:36:00";39
"2018-11-20 00:46:00";39
"2018-11-20 00:46:12";39
"2018-11-20 00:56:00";39
"2018-11-20 00:56:06";39
"2018-11-20 01:06:00";42
"2018-11-20 01:16:00";42
"2018-11-20 01:16:08";42
"2018-11-20 01:26:00";42
"2018-11-20 01:26:09";42
"2018-11-20 01:36:00";42
"2018-11-20 01:46:00";42
"2018-11-20 01:46:08";42
"2018-11-20 01:56:00";42
"2018-11-20 01:56:10";42
"2018-11-20 02:06:00";41
"2018-11-20 02:16:00";41
"2018-11-20 02:16:12";41
"2018-11-20 02:26:00";41
"2018-11-20 02:26:05";41
"2018-11-20 02:36:00";41
"2018-11-20 02:46:00";41
"2018-11-20 02:46:07";41
"2018-11-20 02:56:00";42
"2018-11-20 02:56:05";42
"2018-11-20 03:06:00";42
"2018-11-20 03:16:00";42
"2018-11-20 03:16:05";42
"2018-11-20 03:26:00";42
"2018-11-20 03:26:05";42
"2018-11-20 03:36:00";42
"2018-11-20 03:46:00";42
"2018-11-20 03:46:07";42
"2018-11-20 03:56:00";40
"2018-11-20 03:56:06";40
"2018-11-20 04:06:00";40
"2018-11-20 04:16:00";40
"2018-11-20 04:16:06";40
"2018-11-20 04:26:00";41
"2018-11-20 04:26:05";41
"2018-11-20 04:36:00";41
"2018-11-20 04:46:00";41
"2018-11-20 04:46:06";41
"2018-11-20 04:56:00";40
"2018-11-20 04:56:06";40
"2018-11-20 05:06:00";40
"2018-11-20 05:16:00";40
"2018-11-20 05:16:05";40
"2018-11-20 05:26:00";41
"2018-11-20 05:26:05";41
"2018-11-20 05:36:00";41
"2018-11-20 05:46:00";41
"2018-11-20 05:46:05";41
"2018-11-20 05:56:00";40
"2018-11-20 05:56:05";40
"2018-11-20 06:06:00";40
"2018-11-20 06:16:00";40
"2018-11-20 06:16:05";40
"2018-11-20 06:26:00";42
"2018-11-20 06:26:05";42
"2018-11-20 06:36:00";42
"2018-11-20 06:46:00";42
"2018-11-20 06:46:05";42
"2018-11-20 06:56:00";41
"2018-11-20 06:56:05";41
"2018-11-20 07:06:00";41
"2018-11-20 07:16:00";41
"2018-11-20 07:16:05";41
"2018-11-20 07:26:00";41
"2018-11-20 07:26:05";41
"2018-11-20 07:36:00";41
"2018-11-20 07:46:00";41
"2018-11-20 07:46:06";41
"2018-11-20 07:56:00";40
"2018-11-20 07:56:06";40
"2018-11-20 08:06:00";40
"2018-11-20 08:16:00";40
"2018-11-20 08:16:05";40
"2018-11-20 08:26:00";40
"2018-11-20 08:26:05";40
"2018-11-20 08:36:00";40
"2018-11-20 08:46:00";40
"2018-11-20 08:46:05";40
"2018-11-20 08:56:00";41
"2018-11-20 08:56:06";41
"2018-11-20 09:06:00";41
"2018-11-20 09:16:00";41
"2018-11-20 09:16:05";41
"2018-11-20 09:26:00";40
"2018-11-20 09:26:05";40
"2018-11-20 09:36:00";40
"2018-11-20 09:46:00";40
"2018-11-20 09:46:05";40
"2018-11-20 09:56:00";40
"2018-11-20 09:56:06";40
"2018-11-20 10:06:00";40
"2018-11-20 10:16:00";40
"2018-11-20 10:16:05";40
"2018-11-20 10:26:00";40
"2018-11-20 10:26:06";40
"2018-11-20 10:36:00";40
"2018-11-20 10:46:00";40
"2018-11-20 10:46:05";40
"2018-11-20 10:56:00";41
"2018-11-20 10:56:06";41
"2018-11-20 11:06:00";41
"2018-11-20 11:16:00";41
"2018-11-20 11:16:07";41
"2018-11-20 11:26:00";39
"2018-11-20 11:26:06";39
"2018-11-20 11:36:00";39
"2018-11-20 11:46:00";39
"2018-11-20 11:46:05";39
"2018-11-20 11:56:00";41
"2018-11-20 11:56:06";41
"2018-11-20 12:06:00";41
"2018-11-20 12:16:00";41
"2018-11-20 12:16:06";41
"2018-11-20 12:26:00";41
"2018-11-20 12:26:05";41
"2018-11-20 12:36:00";41
"2018-11-20 12:46:00";41
"2018-11-20 12:46:05";41
"2018-11-20 12:56:00";41
"2018-11-20 12:56:06";41
"2018-11-20 13:06:00";41
"2018-11-20 13:16:00";41
"2018-11-20 13:16:06";41
"2018-11-20 13:26:00";41
"2018-11-20 13:26:05";41
"2018-11-20 13:36:00";41
"2018-11-20 13:46:00";41
"2018-11-20 13:46:05";41
"2018-11-20 13:56:00";41
"2018-11-20 13:56:06";41
"2018-11-20 14:06:00";41
"2018-11-20 14:16:00";41
"2018-11-20 14:16:06";41
"2018-11-20 14:26:00";39
"2018-11-20 14:26:05";39
"2018-11-20 14:36:00";39
"2018-11-20 14:46:00";39
"2018-11-20 14:46:07";39
"2018-11-20 14:56:00";41
"2018-11-20 14:56:06";41
"2018-11-20 15:06:00";41
"2018-11-20 15:16:00";41
"2018-11-20 15:16:05";41
"2018-11-20 15:26:00";42
"2018-11-20 15:26:06";42
"2018-11-20 15:36:00";42
"2018-11-20 15:36:05";42
"2018-11-20 15:46:00";42
"2018-11-20 15:56:00";42
"2018-11-20 15:56:06";42
"2018-11-20 16:06:00";42
"2018-11-20 16:16:00";42
"2018-11-20 16:16:06";42
"2018-11-20 16:26:00";40
"2018-11-20 16:26:07";40
"2018-11-20 16:36:00";40
"2018-11-20 16:36:06";40
"2018-11-20 16:46:00";40
"2018-11-20 16:46:05";40
"2018-11-20 16:56:00";42
"2018-11-20 16:56:05";42
"2018-11-20 17:06:00";42
"2018-11-20 17:16:00";42
"2018-11-20 17:16:05";42
"2018-11-20 17:26:00";41
"2018-11-20 17:36:00";41
"2018-11-20 17:36:06";41
"2018-11-20 17:46:00";41
"2018-11-20 17:46:05";41
"2018-11-20 17:56:00";41
"2018-11-20 18:06:00";41
"2018-11-20 18:06:07";41
"2018-11-20 18:16:00";41
"2018-11-20 18:16:05";41
"2018-11-20 18:26:00";42
"2018-11-20 18:26:05";42
"2018-11-20 18:36:00";42
"2018-11-20 18:46:00";42
"2018-11-20 18:46:06";42
"2018-11-20 18:56:00";40
"2018-11-20 18:56:05";40
"2018-11-20 19:06:00";40
"2018-11-20 19:16:00";40
"2018-11-20 19:16:05";40
"2018-11-20 19:26:00";39
"2018-11-20 19:26:06";39
"2018-11-20 19:36:00";39
"2018-11-20 19:46:00";39
"2018-11-20 19:46:06";39
"2018-11-20 19:56:00";40
"2018-11-20 19:56:05";40
"2018-11-20 20:06:00";40
"2018-11-20 20:16:00";40
"2018-11-20 20:16:10";40
"2018-11-20 20:26:00";40
"2018-11-20 20:26:06";40
"2018-11-20 20:36:00";40
"2018-11-20 20:46:00";40
"2018-11-20 20:46:06";40
"2018-11-20 20:56:00";40
"2018-11-20 20:56:05";40
"2018-11-20 21:06:00";40
"2018-11-20 21:16:00";40
"2018-11-20 21:16:08";40
"2018-11-20 21:26:00";40
"2018-11-20 21:26:05";40
"2018-11-20 21:36:00";40
"2018-11-20 21:36:05";40
"2018-11-20 21:46:00";40
"2018-11-20 21:56:00";40
"2018-11-20 21:56:05";40
"2018-11-20 22:06:00";40
"2018-11-20 22:06:07";40
"2018-11-20 22:16:00";40
"2018-11-20 22:26:00";40
"2018-11-20 22:26:08";40
"2018-11-20 22:36:00";40
"2018-11-20 22:36:08";40
"2018-11-20 22:46:00";40
"2018-11-20 22:56:00";40
"2018-11-20 22:56:06";40
"2018-11-20 23:06:00";40
"2018-11-20 23:06:05";40
"2018-11-20 23:16:00";40
"2018-11-20 23:26:00";40
"2018-11-20 23:26:06";40
"2018-11-20 23:36:00";40
"2018-11-20 23:36:08";40
"2018-11-20 23:46:00";40
"2018-11-20 23:56:00";39
"2018-11-20 23:56:09";39
"2018-11-21 00:06:00";39
"2018-11-21 00:06:08";39
"2018-11-21 00:16:00";39
"2018-11-21 00:26:00";40
"2018-11-21 00:26:08";40
"2018-11-21 00:36:00";40
"2018-11-21 00:36:07";40
"2018-11-21 00:46:00";40
"2018-11-21 00:56:00";40
"2018-11-21 00:56:06";40
"2018-11-21 01:06:00";40
"2018-11-21 01:06:09";40
"2018-11-21 01:16:00";40
"2018-11-21 01:26:00";38
"2018-11-21 01:26:07";38
"2018-11-21 01:36:00";38
"2018-11-21 01:36:07";38
"2018-11-21 01:46:00";38
"2018-11-21 01:56:00";38
"2018-11-21 01:56:08";38
"2018-11-21 02:06:00";38
"2018-11-21 02:06:09";38
"2018-11-21 02:16:00";38
"2018-11-21 02:26:00";37
"2018-11-21 02:26:05";37
"2018-11-21 02:36:00";37
"2018-11-21 02:36:05";37
"2018-11-21 02:46:00";37
"2018-11-21 02:56:00";39
"2018-11-21 02:56:05";39
"2018-11-21 03:06:00";39
"2018-11-21 03:06:06";39
"2018-11-21 03:16:00";39
"2018-11-21 03:26:00";40
"2018-11-21 03:26:05";40
"2018-11-21 03:36:00";40
"2018-11-21 03:36:05";40
"2018-11-21 03:46:00";40
"2018-11-21 03:56:00";40
"2018-11-21 03:56:05";40
"2018-11-21 04:06:00";40
"2018-11-21 04:06:07";40
"2018-11-21 04:16:00";40
"2018-11-21 04:26:00";37
"2018-11-21 04:26:06";37
"2018-11-21 04:36:00";37
"2018-11-21 04:36:05";37
"2018-11-21 04:46:00";37
"2018-11-21 04:56:00";38
"2018-11-21 04:56:06";38
"2018-11-21 05:06:00";38
"2018-11-21 05:06:05";38
"2018-11-21 05:16:00";38
"2018-11-21 05:26:00";39
"2018-11-21 05:26:05";39
"2018-11-21 05:36:00";39
"2018-11-21 05:36:05";39
"2018-11-21 05:46:00";39
"2018-11-21 05:56:00";40
"2018-11-21 05:56:05";40
"2018-11-21 06:06:00";40
"2018-11-21 06:06:04";40
"2018-11-21 06:16:00";40
"2018-11-21 06:26:00";39
"2018-11-21 06:26:05";39
"2018-11-21 06:36:00";39
"2018-11-21 06:36:05";39
"2018-11-21 06:46:00";39
"2018-11-21 06:56:00";39
"2018-11-21 06:56:07";39
"2018-11-21 07:06:00";39
"2018-11-21 07:06:05";39
"2018-11-21 07:16:00";39
"2018-11-21 07:26:00";39
"2018-11-21 07:26:05";39
"2018-11-21 07:36:00";39
"2018-11-21 07:36:05";39
"2018-11-21 07:46:00";39
"2018-11-21 07:56:00";39
"2018-11-21 07:56:06";39
"2018-11-21 08:06:00";39
"2018-11-21 08:06:05";39
"2018-11-21 08:16:00";39
"2018-11-21 08:26:00";39
"2018-11-21 08:26:05";39
"2018-11-21 08:36:00";39
"2018-11-21 08:36:06";39
"2018-11-21 08:46:00";39
"2018-11-21 08:56:00";37
"2018-11-21 08:56:05";37
"2018-11-21 09:06:00";37
"2018-11-21 09:06:06";37
"2018-11-21 09:16:00";37
"2018-11-21 09:26:00";38
"2018-11-21 09:26:06";38
"2018-11-21 09:36:00";38
"2018-11-21 09:36:05";38
"2018-11-21 09:46:00";38
"2018-11-21 09:56:00";39
"2018-11-21 09:56:06";39
"2018-11-21 10:06:00";39
"2018-11-21 10:06:05";39
"2018-11-21 10:16:00";39
"2018-11-21 10:26:00";38
"2018-11-21 10:26:05";38
"2018-11-21 10:36:00";38
"2018-11-21 10:36:06";38
"2018-11-21 10:46:00";38
"2018-11-21 10:46:06";38
"2018-11-21 10:56:00";37
"2018-11-21 10:56:06";37
"2018-11-21 11:06:00";37
"2018-11-21 11:16:00";37
"2018-11-21 11:16:05";37
"2018-11-21 11:26:00";38
"2018-11-21 11:26:06";38
"2018-11-21 11:36:00";38
"2018-11-21 11:46:00";38
"2018-11-21 11:46:05";38
"2018-11-21 11:56:00";38
"2018-11-21 11:56:05";38
"2018-11-21 12:06:00";38
"2018-11-21 12:16:00";39
"2018-11-21 12:16:05";39
"2018-11-21 12:26:00";39
"2018-11-21 12:26:06";39
"2018-11-21 12:36:00";39
"2018-11-21 12:46:00";39
"2018-11-21 12:46:06";39
"2018-11-21 12:56:00";38
"2018-11-21 12:56:06";38
"2018-11-21 13:06:00";38
"2018-11-21 13:16:00";38
"2018-11-21 13:16:05";38
"2018-11-21 13:26:00";37
"2018-11-21 13:26:05";37
"2018-11-21 13:36:00";37
"2018-11-21 13:46:00";37
"2018-11-21 13:46:05";37
"2018-11-21 13:56:00";39
"2018-11-21 13:56:05";39
"2018-11-21 14:06:00";39
"2018-11-21 14:16:00";39
"2018-11-21 14:16:05";39
"2018-11-21 14:26:00";38
"2018-11-21 14:26:05";38
"2018-11-21 14:36:00";38
"2018-11-21 14:46:00";38
"2018-11-21 14:46:05";38
"2018-11-21 14:56:00";40
"2018-11-21 14:56:07";40
"2018-11-21 15:06:00";40
"2018-11-21 15:16:00";40
"2018-11-21 15:16:08";40
"2018-11-21 15:26:00";39
"2018-11-21 15:26:06";39
"2018-11-21 15:36:00";39
"2018-11-21 15:46:00";39
"2018-11-21 15:46:05";39
"2018-11-21 15:56:00";39
"2018-11-21 15:56:06";39
"2018-11-21 16:06:00";39
"2018-11-21 16:16:00";39
"2018-11-21 16:16:05";39
"2018-11-21 16:26:00";39
"2018-11-21 16:26:05";39
"2018-11-21 16:36:00";39
"2018-11-21 16:46:00";39
"2018-11-21 16:46:05";39
"2018-11-21 16:56:00";39
"2018-11-21 16:56:06";39
"2018-11-21 17:06:00";39
"2018-11-21 17:16:00";40
"2018-11-21 17:16:06";40
"2018-11-21 17:26:00";40
"2018-11-21 17:26:05";40
"2018-11-21 17:36:00";40
"2018-11-21 17:46:00";39
"2018-11-21 17:46:05";39
"2018-11-21 17:56:00";39
"2018-11-21 17:56:06";39
"2018-11-21 18:06:00";39
"2018-11-21 18:16:00";40
"2018-11-21 18:16:06";40
"2018-11-21 18:26:00";40
"2018-11-21 18:26:06";40
"2018-11-21 18:36:00";40
"2018-11-21 18:46:00";40
"2018-11-21 18:46:07";40
"2018-11-21 18:56:00";40
"2018-11-21 18:56:05";40
"2018-11-21 19:06:00";40
"2018-11-21 19:16:00";40
"2018-11-21 19:16:06";40
"2018-11-21 19:26:00";40
"2018-11-21 19:26:05";40
"2018-11-21 19:36:00";40
"2018-11-21 19:46:00";40
"2018-11-21 19:46:05";40
"2018-11-21 19:56:00";40
"2018-11-21 19:56:06";40
"2018-11-21 20:06:00";40
"2018-11-21 20:16:00";40
"2018-11-21 20:16:06";40
"2018-11-21 20:26:00";40
"2018-11-21 20:26:06";40
"2018-11-21 20:36:00";40
"2018-11-21 20:46:00";40
"2018-11-21 20:46:05";40
"2018-11-21 20:56:00";40
"2018-11-21 20:56:06";40
"2018-11-21 21:06:00";40
"2018-11-21 21:16:00";40
"2018-11-21 21:16:07";40
"2018-11-21 21:26:00";40
"2018-11-21 21:26:05";40
"2018-11-21 21:36:00";40
"2018-11-21 21:46:00";40
"2018-11-21 21:46:06";40
"2018-11-21 21:56:00";40
"2018-11-21 21:56:06";40
"2018-11-21 22:06:00";40
"2018-11-21 22:16:00";40
"2018-11-21 22:16:08";40
"2018-11-21 22:26:00";40
"2018-11-21 22:26:09";40
"2018-11-21 22:36:00";40
"2018-11-21 22:46:00";40
"2018-11-21 22:46:08";40
"2018-11-21 22:56:00";40
"2018-11-21 22:56:06";40
"2018-11-21 23:06:00";40
"2018-11-21 23:16:00";40
"2018-11-21 23:16:06";40
"2018-11-21 23:26:00";40
"2018-11-21 23:26:06";40
"2018-11-21 23:36:00";40
"2018-11-21 23:46:00";40
"2018-11-21 23:46:09";40
"2018-11-21 23:56:00";40
"2018-11-21 23:56:09";40
"2018-11-22 00:06:00";40
"2018-11-22 00:16:00";40
"2018-11-22 00:16:10";40
"2018-11-22 00:26:00";40
"2018-11-22 00:26:10";40
"2018-11-22 00:36:00";40
"2018-11-22 00:46:00";40
"2018-11-22 00:46:12";40
"2018-11-22 00:56:00";40
"2018-11-22 00:56:08";40
"2018-11-22 01:06:00";40
"2018-11-22 01:16:00";40
"2018-11-22 01:16:07";40
"2018-11-22 01:26:00";40
"2018-11-22 01:26:09";40
"2018-11-22 01:36:00";40
"2018-11-22 01:46:00";40
"2018-11-22 01:46:09";40
"2018-11-22 01:56:00";40
"2018-11-22 01:56:09";40
"2018-11-22 02:06:00";40
"2018-11-22 02:16:00";40
"2018-11-22 02:16:08";40
"2018-11-22 02:26:00";40
"2018-11-22 02:26:06";40
"2018-11-22 02:36:00";40
"2018-11-22 02:46:00";40
"2018-11-22 02:46:06";40
"2018-11-22 02:56:00";40
"2018-11-22 02:56:05";40
"2018-11-22 03:06:00";40
"2018-11-22 03:16:00";40
"2018-11-22 03:16:05";40
"2018-11-22 03:26:00";40
"2018-11-22 03:26:05";40
"2018-11-22 03:36:00";40
"2018-11-22 03:46:00";40
"2018-11-22 03:46:07";40
"2018-11-22 03:56:00";40
"2018-11-22 03:56:06";40
"2018-11-22 04:06:00";40
"2018-11-22 04:16:00";40
"2018-11-22 04:16:06";40
"2018-11-22 04:26:00";40
"2018-11-22 04:26:06";40
"2018-11-22 04:36:00";40
"2018-11-22 04:46:00";40
"2018-11-22 04:46:05";40
"2018-11-22 04:56:00";40
"2018-11-22 04:56:06";40
"2018-11-22 05:06:00";40
"2018-11-22 05:16:00";40
"2018-11-22 05:16:05";40
"2018-11-22 05:26:00";40
"2018-11-22 05:26:05";40
"2018-11-22 05:36:00";40
"2018-11-22 05:46:00";40
"2018-11-22 05:46:07";40
"2018-11-22 05:56:00";40
"2018-11-22 05:56:05";40
"2018-11-22 06:06:00";40
"2018-11-22 06:16:00";40
"2018-11-22 06:16:05";40
"2018-11-22 06:26:00";40
"2018-11-22 06:26:05";40
"2018-11-22 06:36:00";40
"2018-11-22 06:46:00";40
"2018-11-22 06:46:05";40
"2018-11-22 06:56:00";40
"2018-11-22 06:56:05";40
"2018-11-22 07:06:00";40
"2018-11-22 07:16:00";40
"2018-11-22 07:16:06";40
"2018-11-22 07:26:00";40
"2018-11-22 07:26:06";40
"2018-11-22 07:36:00";40
"2018-11-22 07:46:00";40
"2018-11-22 07:46:06";40
"2018-11-22 07:56:00";40
"2018-11-22 07:56:06";40
"2018-11-22 08:06:00";40
"2018-11-22 08:16:00";40
"2018-11-22 08:16:05";40
"2018-11-22 08:26:00";40
"2018-11-22 08:26:05";40
"2018-11-22 08:36:00";40
"2018-11-22 08:46:00";40
"2018-11-22 08:46:06";40
"2018-11-22 08:56:00";40
"2018-11-22 08:56:06";40
"2018-11-22 09:06:00";40
"2018-11-22 09:16:00";40
"2018-11-22 09:16:06";40
"2018-11-22 09:26:00";40
"2018-11-22 09:26:05";40
"2018-11-22 09:36:00";40
"2018-11-22 09:46:00";40
"2018-11-22 09:46:06";40
"2018-11-22 09:56:00";40
"2018-11-22 09:56:06";40
"2018-11-22 10:06:00";36
"2018-11-22 10:16:00";36
"2018-11-22 10:16:05";36
"2018-11-22 10:26:00";36
"2018-11-22 10:26:07";36
"2018-11-22 10:36:00";36
"2018-11-22 10:46:00";36
"2018-11-22 10:46:06";36
"2018-11-22 10:56:00";33
"2018-11-22 10:56:06";33
"2018-11-22 11:06:00";33
"2018-11-22 11:16:00";33
"2018-11-22 11:16:06";33
"2018-11-22 11:26:00";33
"2018-11-22 11:26:05";33
"2018-11-22 11:36:00";33
"2018-11-22 11:46:00";33
"2018-11-22 11:46:06";33
"2018-11-22 11:56:00";33
"2018-11-22 11:56:05";33
"2018-11-22 12:06:00";33
"2018-11-22 12:16:00";33
"2018-11-22 12:16:05";33
"2018-11-22 12:26:00";33
"2018-11-22 12:26:06";33
"2018-11-22 12:36:00";34
"2018-11-22 12:46:00";34
"2018-11-22 12:46:06";34
"2018-11-22 12:56:00";29
"2018-11-22 12:56:05";29
"2018-11-22 13:06:00";29
"2018-11-22 13:16:00";29
"2018-11-22 13:16:06";29
"2018-11-22 13:26:00";30
"2018-11-22 13:26:06";30
"2018-11-22 13:36:00";30
"2018-11-22 13:46:00";30
"2018-11-22 13:46:05";30
"2018-11-22 13:56:00";35
"2018-11-22 13:56:06";35
"2018-11-22 14:06:00";35
"2018-11-22 14:16:00";35
"2018-11-22 14:16:06";35
"2018-11-22 14:26:00";36
"2018-11-22 14:26:06";36
"2018-11-22 14:36:00";36
"2018-11-22 14:46:00";36
"2018-11-22 14:46:05";36
"2018-11-22 14:56:00";36
"2018-11-22 14:56:05";36
"2018-11-22 15:06:00";36
"2018-11-22 15:16:00";36
"2018-11-22 15:16:06";36
"2018-11-22 15:26:00";37
"2018-11-22 15:26:06";37
"2018-11-22 15:36:00";37
"2018-11-22 15:46:00";37
"2018-11-22 15:46:06";37
"2018-11-22 15:56:00";37
"2018-11-22 15:56:06";37
"2018-11-22 16:06:00";37
"2018-11-22 16:16:00";37
"2018-11-22 16:16:08";37
"2018-11-22 16:26:00";37
"2018-11-22 16:26:06";37
"2018-11-22 16:36:00";36
"2018-11-22 16:46:00";36
"2018-11-22 16:46:35";36
"2018-11-22 16:56:00";36
"2018-11-22 16:56:06";36
"2018-11-22 17:06:00";36
"2018-11-22 17:16:00";36
"2018-11-22 17:16:06";36
"2018-11-22 17:26:00";36
"2018-11-22 17:26:05";36
"2018-11-22 17:36:00";36
"2018-11-22 17:46:00";36
"2018-11-22 17:46:06";36
"2018-11-22 17:56:00";36
"2018-11-22 17:56:05";36
"2018-11-22 18:06:00";36
"2018-11-22 18:16:00";36
"2018-11-22 18:16:06";36
"2018-11-22 18:26:00";36
"2018-11-22 18:26:06";36
"2018-11-22 18:36:00";36
"2018-11-22 18:46:00";36
"2018-11-22 18:46:05";36
"2018-11-22 18:56:00";36
"2018-11-22 18:56:05";36
"2018-11-22 19:06:00";36
"2018-11-22 19:16:00";36
"2018-11-22 19:16:06";36
"2018-11-22 19:26:00";36
"2018-11-22 19:26:06";36
"2018-11-22 19:36:00";36
"2018-11-22 19:46:00";36
"2018-11-22 19:46:05";36
"2018-11-22 19:56:00";36
"2018-11-22 19:56:06";36
"2018-11-22 20:06:00";36
"2018-11-22 20:16:00";36
"2018-11-22 20:16:07";36
"2018-11-22 20:26:00";36
"2018-11-22 20:26:06";36
"2018-11-22 20:36:00";36
"2018-11-22 20:46:00";36
"2018-11-22 20:46:06";36
"2018-11-22 20:56:00";36
"2018-11-22 20:56:05";36
"2018-11-22 21:06:00";36
"2018-11-22 21:16:00";36
"2018-11-22 21:16:11";36
"2018-11-22 21:26:00";36
"2018-11-22 21:26:05";36
"2018-11-22 21:36:00";36
"2018-11-22 21:46:00";36
"2018-11-22 21:46:06";36
"2018-11-22 21:56:00";36
"2018-11-22 21:56:06";36
"2018-11-22 22:06:00";36
"2018-11-22 22:16:00";36
"2018-11-22 22:16:09";36
"2018-11-22 22:26:00";36
"2018-11-22 22:26:08";36
"2018-11-22 22:36:00";36
"2018-11-22 22:46:00";36
"2018-11-22 22:46:08";36
"2018-11-22 22:56:00";36
"2018-11-22 22:56:06";36
"2018-11-22 23:06:00";36
"2018-11-22 23:16:00";36
"2018-11-22 23:16:06";36
"2018-11-22 23:26:00";36
"2018-11-22 23:26:06";36
"2018-11-22 23:36:00";36
"2018-11-22 23:46:00";36
"2018-11-22 23:46:10";36
"2018-11-22 23:56:00";36
"2018-11-22 23:56:07";36
"2018-11-23 00:06:00";36
"2018-11-23 00:16:00";36
"2018-11-23 00:16:09";36
"2018-11-23 00:26:00";36
"2018-11-23 00:26:08";36
"2018-11-23 00:36:00";36
"2018-11-23 00:46:00";36
"2018-11-23 00:46:08";36
"2018-11-23 00:56:00";36
"2018-11-23 00:56:06";36
"2018-11-23 01:06:00";36
"2018-11-23 01:16:00";36
"2018-11-23 01:16:07";36
"2018-11-23 01:26:00";36
"2018-11-23 01:26:09";36
"2018-11-23 01:36:00";36
"2018-11-23 01:46:00";36
"2018-11-23 01:46:09";36
"2018-11-23 01:56:00";36
"2018-11-23 01:56:08";36
"2018-11-23 02:06:00";36
"2018-11-23 02:16:00";36
"2018-11-23 02:16:08";36
"2018-11-23 02:26:00";36
"2018-11-23 02:26:07";36
"2018-11-23 02:36:00";36
"2018-11-23 02:46:00";36
"2018-11-23 02:46:06";36
"2018-11-23 02:56:00";36
"2018-11-23 02:56:06";36
"2018-11-23 03:06:00";36
"2018-11-23 03:16:00";36
"2018-11-23 03:16:06";36
"2018-11-23 03:26:00";36
"2018-11-23 03:26:05";36
"2018-11-23 03:36:00";36
"2018-11-23 03:46:00";36
"2018-11-23 03:46:07";36
"2018-11-23 03:56:00";36
"2018-11-23 03:56:06";36
"2018-11-23 04:06:00";36
"2018-11-23 04:16:00";36
"2018-11-23 04:16:05";36
"2018-11-23 04:26:00";36
"2018-11-23 04:26:06";36
"2018-11-23 04:36:00";36
"2018-11-23 04:46:00";36
"2018-11-23 04:46:06";36
"2018-11-23 04:56:00";36
"2018-11-23 04:56:07";36
"2018-11-23 05:06:00";36
"2018-11-23 05:16:00";36
"2018-11-23 05:16:05";36
"2018-11-23 05:26:00";36
"2018-11-23 05:26:05";36
"2018-11-23 05:36:00";36
"2018-11-23 05:46:00";36
"2018-11-23 05:46:05";36
"2018-11-23 05:56:00";36
"2018-11-23 05:56:06";36
"2018-11-23 06:06:00";36
"2018-11-23 06:16:00";36
"2018-11-23 06:16:05";36
"2018-11-23 06:26:00";36
"2018-11-23 06:26:05";36
"2018-11-23 06:36:00";36
"2018-11-23 06:46:00";36
"2018-11-23 06:46:05";36
"2018-11-23 06:56:00";36
"2018-11-23 06:56:05";36
"2018-11-23 07:06:00";36
"2018-11-23 07:16:00";36
"2018-11-23 07:16:05";36
"2018-11-23 07:26:00";36
"2018-11-23 07:26:05";36
"2018-11-23 07:36:00";36
"2018-11-23 07:46:00";36
"2018-11-23 07:46:05";36
"2018-11-23 07:56:00";36
"2018-11-23 07:56:06";36
"2018-11-23 08:06:00";36
"2018-11-23 08:16:00";36
"2018-11-23 08:16:05";36
"2018-11-23 08:26:00";36
"2018-11-23 08:26:06";36
"2018-11-23 08:36:00";36
"2018-11-23 08:46:00";36
"2018-11-23 08:46:05";36
"2018-11-23 08:56:00";36
"2018-11-23 08:56:06";36
"2018-11-23 09:06:00";36
"2018-11-23 09:16:00";36
"2018-11-23 09:16:05";36
"2018-11-23 09:26:00";36
"2018-11-23 09:26:07";36
"2018-11-23 09:36:00";36
"2018-11-23 09:46:00";36
"2018-11-23 09:46:05";36
"2018-11-23 09:56:00";36
"2018-11-23 09:56:08";36
"2018-11-23 10:06:00";36
"2018-11-23 10:16:00";36
"2018-11-23 10:16:05";36
"2018-11-23 10:26:00";36
"2018-11-23 10:26:06";36
"2018-11-23 10:36:00";36
"2018-11-23 10:46:00";36
"2018-11-23 10:46:06";36
"2018-11-23 10:56:00";36
"2018-11-23 10:56:05";36
"2018-11-23 11:06:00";36
"2018-11-23 11:16:00";36
"2018-11-23 11:16:07";36
"2018-11-23 11:26:00";36
"2018-11-23 11:26:06";36
"2018-11-23 11:36:00";36
"2018-11-23 11:46:00";36
"2018-11-23 11:46:06";36
"2018-11-23 11:56:00";36
"2018-11-23 11:56:06";36
"2018-11-23 12:06:00";36
"2018-11-23 12:16:00";36
"2018-11-23 12:16:06";36
"2018-11-23 12:26:00";36
"2018-11-23 12:26:06";36
"2018-11-23 12:36:00";36
"2018-11-23 12:46:00";36
"2018-11-23 12:46:06";36
"2018-11-23 12:56:00";36
"2018-11-23 12:56:06";36
"2018-11-23 13:06:00";35
"2018-11-23 13:16:00";35
"2018-11-23 13:16:05";35
"2018-11-23 13:26:00";35
"2018-11-23 13:26:06";35
"2018-11-23 13:36:00";35
"2018-11-23 13:46:00";34
"2018-11-23 13:46:06";34
"2018-11-23 13:56:00";34
"2018-11-23 13:56:05";34
"2018-11-23 14:06:00";35
"2018-11-23 14:16:00";35
"2018-11-23 14:16:06";35
"2018-11-23 14:26:00";35
"2018-11-23 14:26:05";35
"2018-11-23 14:36:00";35
"2018-11-23 14:46:00";34
"2018-11-23 14:46:07";34
"2018-11-23 14:56:00";34
"2018-11-23 14:56:06";34
"2018-11-23 15:06:00";35
"2018-11-23 15:16:00";35
"2018-11-23 15:16:05";35
"2018-11-23 15:26:00";35
"2018-11-23 15:26:05";35
"2018-11-23 15:36:00";36
"2018-11-23 15:46:00";36
"2018-11-23 15:46:05";36
"2018-11-23 15:56:00";36
"2018-11-23 15:56:07";36
"2018-11-23 16:06:00";35
"2018-11-23 16:16:00";35
"2018-11-23 16:16:06";35
"2018-11-23 16:26:00";35
"2018-11-23 16:26:05";35
"2018-11-23 16:36:00";35
"2018-11-23 16:46:00";37
"2018-11-23 16:46:07";37
"2018-11-23 16:56:00";37
"2018-11-23 16:56:07";37
"2018-11-23 17:06:00";36
"2018-11-23 17:16:00";36
"2018-11-23 17:16:06";36
"2018-11-23 17:26:00";36
"2018-11-23 17:36:00";36
"2018-11-23 17:36:06";36
"2018-11-23 17:46:00";36
"2018-11-23 17:46:07";36
"2018-11-23 17:56:00";36
"2018-11-23 17:56:08";36
"2018-11-23 18:06:00";37
"2018-11-23 18:06:05";37
"2018-11-23 18:16:00";37
"2018-11-23 18:26:00";37
"2018-11-23 18:26:07";37
"2018-11-23 18:36:00";37
"2018-11-23 18:36:06";37
"2018-11-23 18:46:00";36
"2018-11-23 18:56:00";36
"2018-11-23 18:56:07";36
"2018-11-23 19:06:00";37
"2018-11-23 19:06:06";37
"2018-11-23 19:16:00";37
"2018-11-23 19:26:00";37
"2018-11-23 19:26:08";37
"2018-11-23 19:36:00";37
"2018-11-23 19:36:06";37
"2018-11-23 19:46:00";36
"2018-11-23 19:56:00";37
"2018-11-23 19:56:05";37
"2018-11-23 20:06:00";37
"2018-11-23 20:06:07";37
"2018-11-23 20:16:00";37
"2018-11-23 20:26:00";37
"2018-11-23 20:26:08";37
"2018-11-23 20:36:00";36
"2018-11-23 20:36:06";36
"2018-11-23 20:46:00";36
"2018-11-23 20:56:00";36
"2018-11-23 20:56:06";36
"2018-11-23 21:06:00";35
"2018-11-23 21:06:08";35
"2018-11-23 21:16:00";35
"2018-11-23 21:26:00";35
"2018-11-23 21:26:06";35
"2018-11-23 21:36:00";36
"2018-11-23 21:36:06";36
"2018-11-23 21:46:00";36
"2018-11-23 21:56:00";36
"2018-11-23 21:56:06";36
"2018-11-23 22:06:00";35
"2018-11-23 22:06:19";35
"2018-11-23 22:16:00";35
"2018-11-23 22:26:00";35
"2018-11-23 22:26:08";35
"2018-11-23 22:36:00";37
"2018-11-23 22:36:10";37
"2018-11-23 22:46:00";37
"2018-11-23 22:56:00";37
"2018-11-23 22:56:10";37
"2018-11-23 23:06:00";38
"2018-11-23 23:06:06";38
"2018-11-23 23:16:00";38
"2018-11-23 23:26:00";38
"2018-11-23 23:26:07";38
"2018-11-23 23:36:00";37
"2018-11-23 23:36:11";37
"2018-11-23 23:46:00";37
"2018-11-23 23:56:00";37
"2018-11-23 23:56:08";37
"2018-11-24 00:06:00";37
"2018-11-24 00:06:06";37
"2018-11-24 00:16:00";37
"2018-11-24 00:26:00";37
"2018-11-24 00:26:10";37
"2018-11-24 00:36:00";36
"2018-11-24 00:36:10";36
"2018-11-24 00:46:00";36
"2018-11-24 00:56:00";36
"2018-11-24 00:56:07";36
"2018-11-24 01:06:00";37
"2018-11-24 01:06:10";37
"2018-11-24 01:16:00";37
"2018-11-24 01:26:00";37
"2018-11-24 01:26:33";37
"2018-11-24 01:36:00";37
"2018-11-24 01:36:08";37
"2018-11-24 01:46:00";37
"2018-11-24 01:56:00";37
"2018-11-24 01:56:09";37
"2018-11-24 02:06:00";37
"2018-11-24 02:06:10";37
"2018-11-24 02:16:00";38
"2018-11-24 02:26:00";38
"2018-11-24 02:26:07";38
"2018-11-24 02:36:00";38
"2018-11-24 02:36:08";38
"2018-11-24 02:46:00";36
"2018-11-24 02:56:00";36
"2018-11-24 02:56:06";36
"2018-11-24 03:06:00";38
"2018-11-24 03:06:05";38
"2018-11-24 03:16:00";38
"2018-11-24 03:26:00";38
"2018-11-24 03:26:06";38
"2018-11-24 03:36:00";37
"2018-11-24 03:36:06";37
"2018-11-24 03:46:00";37
"2018-11-24 03:56:00";37
"2018-11-24 03:56:06";37
"2018-11-24 04:06:00";38
"2018-11-24 04:06:06";38
"2018-11-24 04:16:00";38
"2018-11-24 04:26:00";38
"2018-11-24 04:26:06";38
"2018-11-24 04:36:00";39
"2018-11-24 04:36:06";39
"2018-11-24 04:46:00";39
"2018-11-24 04:56:00";39
"2018-11-24 04:56:06";39
"2018-11-24 05:06:00";39
"2018-11-24 05:06:05";39
"2018-11-24 05:16:00";39
"2018-11-24 05:26:00";39
"2018-11-24 05:26:05";39
"2018-11-24 05:36:00";36
"2018-11-24 05:36:06";36
"2018-11-24 05:46:00";36
"2018-11-24 05:56:00";36
"2018-11-24 05:56:07";36
"2018-11-24 06:06:00";39
"2018-11-24 06:06:05";39
"2018-11-24 06:16:00";39
"2018-11-24 06:26:00";39
"2018-11-24 06:26:05";39
"2018-11-24 06:36:00";36
"2018-11-24 06:36:06";36
"2018-11-24 06:46:00";36
"2018-11-24 06:56:00";36
"2018-11-24 06:56:05";36
"2018-11-24 07:06:00";36
"2018-11-24 07:06:06";36
"2018-11-24 07:16:00";36
"2018-11-24 07:26:00";36
"2018-11-24 07:26:05";36
"2018-11-24 07:36:00";35
"2018-11-24 07:36:09";35
"2018-11-24 07:46:00";35
"2018-11-24 07:56:00";36
"2018-11-24 07:56:05";36
"2018-11-24 08:06:00";36
"2018-11-24 08:06:05";36
"2018-11-24 08:16:00";36
"2018-11-24 08:26:00";36
"2018-11-24 08:26:06";36
"2018-11-24 08:36:00";36
"2018-11-24 08:36:05";36
"2018-11-24 08:46:00";38
"2018-11-24 08:56:00";38
"2018-11-24 08:56:06";38
"2018-11-24 09:06:00";37
"2018-11-24 09:06:09";37
"2018-11-24 09:16:00";37
"2018-11-24 09:26:00";37
"2018-11-24 09:26:06";37
"2018-11-24 09:36:00";36
"2018-11-24 09:36:06";36
"2018-11-24 09:46:00";36
"2018-11-24 09:56:00";36
"2018-11-24 09:56:05";36
"2018-11-24 10:06:00";36
"2018-11-24 10:06:06";36
"2018-11-24 10:16:00";36
"2018-11-24 10:26:00";35
"2018-11-24 10:26:05";35
"2018-11-24 10:36:00";35
"2018-11-24 10:36:05";35
"2018-11-24 10:46:00";35
"2018-11-24 10:56:00";35
"2018-11-24 10:56:05";35
"2018-11-24 11:06:00";35
"2018-11-24 11:06:06";35
"2018-11-24 11:16:00";35
"2018-11-24 11:26:00";35
"2018-11-24 11:26:05";35
"2018-11-24 11:36:00";35
"2018-11-24 11:36:05";35
"2018-11-24 11:46:00";35
"2018-11-24 11:56:00";32
"2018-11-24 11:56:06";32
"2018-11-24 12:06:00";32
"2018-11-24 12:06:05";32
"2018-11-24 12:16:00";32
"2018-11-24 12:26:00";32
"2018-11-24 12:26:05";32
"2018-11-24 12:36:00";32
"2018-11-24 12:36:05";32
"2018-11-24 12:46:00";32
"2018-11-24 12:56:00";30
"2018-11-24 12:56:06";30
"2018-11-24 13:06:00";30
"2018-11-24 13:06:06";30
"2018-11-24 13:16:00";30
"2018-11-24 13:26:00";30
"2018-11-24 13:26:07";30
"2018-11-24 13:36:00";30
"2018-11-24 13:36:06";30
"2018-11-24 13:46:00";30
"2018-11-24 13:56:00";34
"2018-11-24 13:56:06";34
"2018-11-24 14:06:00";34
"2018-11-24 14:06:06";34
"2018-11-24 14:16:00";34
"2018-11-24 14:26:00";35
"2018-11-24 14:26:06";35
"2018-11-24 14:36:00";35
"2018-11-24 14:36:05";35
"2018-11-24 14:46:00";35
"2018-11-24 14:56:00";36
"2018-11-24 14:56:06";36
"2018-11-24 15:06:00";36
"2018-11-24 15:06:05";36
"2018-11-24 15:16:00";36
"2018-11-24 15:26:00";34
"2018-11-24 15:26:06";34
"2018-11-24 15:36:00";34
"2018-11-24 15:36:05";34
"2018-11-24 15:46:00";34
"2018-11-24 15:56:00";36
"2018-11-24 15:56:06";36
"2018-11-24 16:06:00";36
"2018-11-24 16:06:06";36
"2018-11-24 16:16:00";36
"2018-11-24 16:26:00";35
"2018-11-24 16:26:06";35
"2018-11-24 16:36:00";35
"2018-11-24 16:36:06";35
"2018-11-24 16:46:00";35
"2018-11-24 16:56:00";36
"2018-11-24 16:56:07";36
"2018-11-24 17:06:00";36
"2018-11-24 17:06:06";36
"2018-11-24 17:16:00";36
"2018-11-24 17:26:00";35
"2018-11-24 17:26:06";35
"2018-11-24 17:36:00";35
"2018-11-24 17:36:06";35
"2018-11-24 17:46:00";35
"2018-11-24 17:56:00";38
"2018-11-24 17:56:05";38
"2018-11-24 18:06:00";38
"2018-11-24 18:06:06";38
"2018-11-24 18:16:00";36
"2018-11-24 18:26:00";36
"2018-11-24 18:26:06";36
"2018-11-24 18:36:00";36
"2018-11-24 18:36:06";36
"2018-11-24 18:46:00";36
"2018-11-24 18:56:00";37
"2018-11-24 18:56:07";37
"2018-11-24 19:06:00";37
"2018-11-24 19:06:06";37
"2018-11-24 19:16:00";37
"2018-11-24 19:26:00";36
"2018-11-24 19:26:05";36
"2018-11-24 19:36:00";36
"2018-11-24 19:36:07";36
"2018-11-24 19:46:00";36
"2018-11-24 19:56:00";36
"2018-11-24 19:56:05";36
"2018-11-24 20:06:00";36
"2018-11-24 20:06:05";36
"2018-11-24 20:16:00";36
"2018-11-24 20:26:00";37
"2018-11-24 20:26:06";37
"2018-11-24 20:36:00";37
"2018-11-24 20:36:06";37
"2018-11-24 20:46:00";38
"2018-11-24 20:56:00";38
"2018-11-24 20:56:05";38
"2018-11-24 21:06:00";38
"2018-11-24 21:06:09";38
"2018-11-24 21:16:00";38
"2018-11-24 21:26:00";37
"2018-11-24 21:26:06";37
"2018-11-24 21:36:00";37
"2018-11-24 21:36:06";37
"2018-11-24 21:46:00";37
"2018-11-24 21:56:00";36
"2018-11-24 21:56:06";36
"2018-11-24 22:06:00";36
"2018-11-24 22:06:06";36
"2018-11-24 22:16:00";36
"2018-11-24 22:26:00";36
"2018-11-24 22:26:08";36
"2018-11-24 22:36:00";36
"2018-11-24 22:36:08";36
"2018-11-24 22:46:00";36
"2018-11-24 22:56:00";36
"2018-11-24 22:56:06";36
"2018-11-24 23:06:00";36
"2018-11-24 23:06:06";36
"2018-11-24 23:16:00";36
"2018-11-24 23:26:00";35
"2018-11-24 23:26:06";35
"2018-11-25 00:56:00";36
"2018-11-25 00:56:09";36
"2018-11-25 01:06:00";36
"2018-11-25 01:06:17";36
"2018-11-25 01:16:00";36
"2018-11-25 01:26:00";36
"2018-11-25 01:26:06";36
"2018-11-25 01:36:00";36
"2018-11-25 01:36:07";36
"2018-11-25 01:46:00";36
"2018-11-25 01:56:00";36
"2018-11-25 01:56:08";36
"2018-11-25 02:06:00";36
"2018-11-25 02:06:11";36
"2018-11-25 02:16:00";36
"2018-11-25 02:26:00";34
"2018-11-25 02:26:06";34
"2018-11-25 02:36:00";34
"2018-11-25 02:36:07";34
"2018-11-25 02:46:00";34
"2018-11-25 02:56:00";34
"2018-11-25 02:56:05";34
"2018-11-25 03:06:00";34
"2018-11-25 03:06:06";34
"2018-11-25 03:16:00";34
"2018-11-25 03:26:00";35
"2018-11-25 03:26:05";35
"2018-11-25 03:36:00";35
"2018-11-25 03:36:06";35
"2018-11-25 03:46:00";35
"2018-11-25 03:56:00";34
"2018-11-25 03:56:07";34
"2018-11-25 04:06:00";34
"2018-11-25 04:06:07";34
"2018-11-25 04:16:00";34
"2018-11-25 04:26:00";35
"2018-11-25 04:26:06";35
"2018-11-25 04:36:00";35
"2018-11-25 04:36:05";35
"2018-11-25 04:46:00";35
"2018-11-25 04:56:00";35
"2018-11-25 04:56:08";35
"2018-11-25 05:06:00";35
"2018-11-25 05:06:06";35
"2018-11-25 05:16:00";35
"2018-11-25 05:26:00";35
"2018-11-25 05:26:05";35
"2018-11-25 05:36:00";35
"2018-11-25 05:36:05";35
"2018-11-25 05:46:00";35
"2018-11-25 05:56:00";35
"2018-11-25 05:56:07";35
"2018-11-25 06:06:00";35
"2018-11-25 06:06:05";35
"2018-11-25 06:16:00";35
"2018-11-25 06:26:00";33
"2018-11-25 06:26:05";33
"2018-11-25 06:36:00";33
"2018-11-25 06:36:05";33
"2018-11-25 06:46:00";33
"2018-11-25 06:56:00";36
"2018-11-25 06:56:05";36
"2018-11-25 07:06:00";36
"2018-11-25 07:06:05";36
"2018-11-25 07:16:00";36
"2018-11-25 07:26:00";35
"2018-11-25 07:26:07";35
"2018-11-25 07:36:00";35
"2018-11-25 07:36:06";35
"2018-11-25 07:46:00";35
"2018-11-25 07:56:00";35
"2018-11-25 07:56:06";35
"2018-11-25 08:06:00";35
"2018-11-25 08:06:06";35
"2018-11-25 08:16:00";35
"2018-11-25 08:26:00";34
"2018-11-25 08:26:05";34
"2018-11-25 08:36:00";34
"2018-11-25 08:36:05";34
"2018-11-25 08:46:00";34
"2018-11-25 08:56:00";34
"2018-11-25 08:56:06";34
"2018-11-25 09:06:00";34
"2018-11-25 09:06:06";34
"2018-11-25 09:16:00";34
"2018-11-25 09:26:00";35
"2018-11-25 09:26:06";35
"2018-11-25 09:36:00";35
"2018-11-25 09:36:05";35
"2018-11-25 09:46:00";35
"2018-11-25 09:56:00";35
"2018-11-25 09:56:05";35
"2018-11-25 10:06:00";35
"2018-11-25 10:06:05";35
"2018-11-25 10:16:00";35
"2018-11-25 10:26:00";35
"2018-11-25 10:26:06";35
"2018-11-25 10:36:00";35
"2018-11-25 10:36:05";35
"2018-11-25 10:46:00";34
"2018-11-25 10:56:00";34
"2018-11-25 10:56:07";34
"2018-11-25 11:06:00";34
"2018-11-25 11:06:06";34
"2018-11-25 11:16:00";34
"2018-11-25 11:26:00";35
"2018-11-25 11:26:06";35
"2018-11-25 11:36:00";35
"2018-11-25 11:36:05";35
"2018-11-25 11:46:00";35
"2018-11-25 11:56:00";34
"2018-11-25 11:56:06";34
"2018-11-25 12:06:00";34
"2018-11-25 12:06:06";34
"2018-11-25 12:16:00";34
"2018-11-25 12:26:00";36
"2018-11-25 12:26:06";36
"2018-11-25 12:36:00";36
"2018-11-25 12:36:06";36
"2018-11-25 12:46:00";36
"2018-11-25 12:56:00";33
"2018-11-25 12:56:05";33
"2018-11-25 13:06:00";33
"2018-11-25 13:06:06";33
"2018-11-25 13:16:00";32
"2018-11-25 13:26:00";32
"2018-11-25 13:26:05";32
"2018-11-25 13:36:00";32
"2018-11-25 13:36:06";32
"2018-11-25 13:46:00";32
"2018-11-25 13:56:00";34
"2018-11-25 13:56:05";34
"2018-11-25 14:06:00";34
"2018-11-25 14:06:06";34
"2018-11-25 14:16:00";34
"2018-11-25 14:26:00";34
"2018-11-25 14:26:06";34
"2018-11-25 14:36:00";34
"2018-11-25 14:36:05";34
"2018-11-25 14:46:00";34
"2018-11-25 14:56:00";33
"2018-11-25 14:56:05";33
"2018-11-25 15:06:00";33
"2018-11-25 15:06:05";33
"2018-11-25 15:16:00";33
"2018-11-25 15:26:00";32
"2018-11-25 15:26:07";32
"2018-11-25 15:36:00";32
"2018-11-25 15:36:06";32
"2018-11-25 15:46:00";32
"2018-11-25 15:56:00";34
"2018-11-25 15:56:05";34
"2018-11-25 16:06:00";34
"2018-11-25 16:06:06";34
"2018-11-25 16:16:00";34
"2018-11-25 16:26:00";33
"2018-11-25 16:26:06";33
"2018-11-25 16:36:00";33
"2018-11-25 16:36:07";33
"2018-11-25 16:46:00";33
"2018-11-25 16:56:00";35
"2018-11-25 16:56:06";35
"2018-11-25 17:06:00";35
"2018-11-25 17:06:06";35
"2018-11-25 17:16:00";35
"2018-11-25 17:26:00";33
"2018-11-25 17:26:06";33
"2018-11-25 17:36:00";33
"2018-11-25 17:36:05";33
"2018-11-25 17:46:00";33
"2018-11-25 17:56:00";32
"2018-11-25 17:56:06";32
"2018-11-25 18:06:00";32
"2018-11-25 18:06:06";32
"2018-11-25 18:16:00";34
"2018-11-25 18:26:00";34
"2018-11-25 18:26:05";34
"2018-11-25 18:36:00";34
"2018-11-25 18:36:06";34
"2018-11-25 18:46:00";34
"2018-11-25 18:56:00";33
"2018-11-25 18:56:07";33
"2018-11-25 19:06:00";33
"2018-11-25 19:06:06";33
"2018-11-25 19:16:00";33
"2018-11-25 19:26:00";36
"2018-11-25 19:26:07";36
"2018-11-25 19:36:00";36
"2018-11-25 19:36:05";36
"2018-11-25 19:46:00";36
"2018-11-25 19:56:00";35
"2018-11-25 19:56:06";35
"2018-11-25 20:06:00";35
"2018-11-25 20:06:07";35
"2018-11-25 20:16:00";35
"2018-11-25 20:26:00";35
"2018-11-25 20:26:08";35
"2018-11-25 20:36:00";35
"2018-11-25 20:36:07";35
"2018-11-25 20:46:00";35
"2018-11-25 20:56:00";35
"2018-11-25 20:56:06";35
"2018-11-25 21:06:00";35
"2018-11-25 21:06:05";35
"2018-11-25 21:16:00";35
"2018-11-25 21:26:00";33
"2018-11-25 21:26:05";33
"2018-11-25 21:36:00";33
"2018-11-25 21:36:05";33
"2018-11-25 21:46:00";33
"2018-11-25 21:56:00";33
"2018-11-25 21:56:05";33
"2018-11-25 22:06:00";33
"2018-11-25 22:06:10";33
"2018-11-25 22:16:00";33
"2018-11-25 22:26:00";34
"2018-11-25 22:26:07";34
"2018-11-25 22:36:00";34
"2018-11-25 22:36:07";34
"2018-11-25 22:46:00";34
"2018-11-25 22:56:00";34
"2018-11-25 22:56:07";34
"2018-11-25 23:06:00";34
"2018-11-25 23:06:06";34
"2018-11-25 23:16:00";34
"2018-11-25 23:26:00";33
"2018-11-25 23:26:07";33
"2018-11-25 23:36:00";33
"2018-11-25 23:36:10";33
"2018-11-25 23:46:00";33
"2018-11-25 23:56:00";32
"2018-11-25 23:56:08";32
"2018-11-26 00:06:00";32
"2018-11-26 00:06:08";32
"2018-11-26 00:16:00";32
"2018-11-26 00:26:00";34
"2018-11-26 00:26:08";34
"2018-11-26 00:36:00";34
"2018-11-26 00:36:07";34
"2018-11-26 00:46:00";34
"2018-11-26 00:56:00";34
"2018-11-26 00:56:06";34
"2018-11-26 01:06:00";34
"2018-11-26 01:06:07";34
"2018-11-26 01:16:00";34
"2018-11-26 01:26:00";33
"2018-11-26 01:26:08";33
"2018-11-26 01:36:00";33
"2018-11-26 01:36:08";33
"2018-11-26 01:46:00";33
"2018-11-26 01:56:00";32
"2018-11-26 01:56:06";32
"2018-11-26 02:06:00";32
"2018-11-26 02:06:09";32
"2018-11-26 02:16:00";32
"2018-11-26 02:26:00";34
"2018-11-26 02:26:05";34
"2018-11-26 02:36:00";34
"2018-11-26 02:36:05";34
"2018-11-26 02:46:00";34
"2018-11-26 02:56:00";32
"2018-11-26 02:56:07";32
"2018-11-26 03:06:00";32
"2018-11-26 03:06:07";32
"2018-11-26 03:16:00";32
"2018-11-26 03:26:00";33
"2018-11-26 03:26:12";33
"2018-11-26 03:36:00";33
"2018-11-26 03:36:09";33
"2018-11-26 03:46:00";33
"2018-11-26 03:56:00";33
"2018-11-26 03:56:05";33
"2018-11-26 04:06:00";33
"2018-11-26 04:06:06";33
"2018-11-26 04:16:00";33
"2018-11-26 04:26:00";34
"2018-11-26 04:26:05";34
"2018-11-26 04:36:00";34
"2018-11-26 04:36:05";34
"2018-11-26 04:46:00";34
"2018-11-26 04:56:00";34
"2018-11-26 04:56:06";34
"2018-11-26 05:06:00";34
"2018-11-26 05:06:05";34
"2018-11-26 05:16:00";34
"2018-11-26 05:26:00";34
"2018-11-26 05:26:05";34
"2018-11-26 05:36:00";34
"2018-11-26 05:36:05";34
"2018-11-26 05:46:00";34
"2018-11-26 05:56:00";34
"2018-11-26 05:56:06";34
"2018-11-26 06:06:00";34
"2018-11-26 06:06:06";34
"2018-11-26 06:16:00";34
"2018-11-26 06:26:00";34
"2018-11-26 06:26:05";34
"2018-11-26 06:36:00";34
"2018-11-26 06:36:06";34
"2018-11-26 06:46:00";34
"2018-11-26 06:56:00";33
"2018-11-26 06:56:05";33
"2018-11-26 07:06:00";33
"2018-11-26 07:06:05";33
"2018-11-26 07:16:00";33
"2018-11-26 07:26:00";34
"2018-11-26 07:26:06";34
"2018-11-26 07:36:00";34
"2018-11-26 07:36:07";34
"2018-11-26 07:46:00";34
"2018-11-26 07:56:00";34
"2018-11-26 07:56:05";34
"2018-11-26 08:06:00";34
"2018-11-26 08:06:07";34
"2018-11-26 08:16:00";33
"2018-11-26 08:26:00";33
"2018-11-26 08:26:06";33
"2018-11-26 08:36:00";33
"2018-11-26 08:36:06";33
"2018-11-26 08:46:00";33
"2018-11-26 08:56:00";33
"2018-11-26 08:56:06";33
"2018-11-26 09:06:00";33
"2018-11-26 09:06:08";33
"2018-11-26 09:16:00";33
"2018-11-26 09:26:00";32
"2018-11-26 09:26:06";32
"2018-11-26 09:36:00";32
"2018-11-26 09:36:07";32
"2018-11-26 09:46:00";32
"2018-11-26 09:56:00";34
"2018-11-26 09:56:05";34
"2018-11-26 10:06:00";34
"2018-11-26 10:06:05";34
"2018-11-26 10:16:00";34
"2018-11-26 10:26:00";32
"2018-11-26 10:26:05";32
"2018-11-26 10:36:00";32
"2018-11-26 10:36:06";32
"2018-11-26 10:46:00";32
"2018-11-26 10:56:00";35
"2018-11-26 10:56:06";35
"2018-11-26 11:06:00";35
"2018-11-26 11:06:06";35
"2018-11-26 11:16:00";35
"2018-11-26 11:26:00";33
"2018-11-26 11:26:06";33
"2018-11-26 11:36:00";33
"2018-11-26 11:36:07";33
"2018-11-26 11:46:00";33
"2018-11-26 11:56:00";33
"2018-11-26 11:56:09";33
"2018-11-26 12:06:00";33
"2018-11-26 12:06:07";33
"2018-11-26 12:16:00";33
"2018-11-26 12:26:00";33
"2018-11-26 12:26:06";33
"2018-11-26 12:36:00";33
"2018-11-26 12:36:05";33
"2018-11-26 12:46:00";33
"2018-11-26 12:56:00";32
"2018-11-26 12:56:05";32
"2018-11-26 13:06:00";32
"2018-11-26 13:06:06";32
"2018-11-26 13:16:00";32
"2018-11-26 13:26:00";33
"2018-11-26 13:26:06";33
"2018-11-26 13:36:00";33
"2018-11-26 13:36:06";33
"2018-11-26 13:46:00";33
"2018-11-26 13:46:06";33
"2018-11-26 13:56:00";32
"2018-11-26 14:06:00";32
"2018-11-26 14:06:06";32
"2018-11-26 14:16:00";32
"2018-11-26 14:16:06";32
"2018-11-26 14:26:00";33
"2018-11-26 14:36:00";33
"2018-11-26 14:36:06";33
"2018-11-26 14:46:00";33
"2018-11-26 14:46:05";33
"2018-11-26 14:56:00";33
"2018-11-26 15:06:00";33
"2018-11-26 15:06:06";33
"2018-11-26 15:16:00";33
"2018-11-26 15:16:05";33
"2018-11-26 15:26:00";33
"2018-11-26 15:36:00";33
"2018-11-26 15:36:06";33
"2018-11-26 15:46:00";33
"2018-11-26 15:46:06";33
"2018-11-26 15:56:00";33
"2018-11-26 16:06:00";33
"2018-11-26 16:06:05";33
"2018-11-26 16:16:00";34
"2018-11-26 16:16:06";34
"2018-11-26 16:26:00";34
"2018-11-26 16:36:00";34
"2018-11-26 16:36:06";34
"2018-11-26 16:46:00";34
"2018-11-26 16:46:06";34
"2018-11-26 16:56:00";34
"2018-11-26 17:06:00";34
"2018-11-26 17:06:06";34
"2018-11-26 17:16:00";34
"2018-11-26 17:16:06";34
"2018-11-26 17:26:00";33
"2018-11-26 17:36:00";33
"2018-11-26 17:36:06";33
"2018-11-26 17:46:00";33
"2018-11-26 17:46:06";33
"2018-11-26 17:56:00";32
"2018-11-26 18:06:00";32
"2018-11-26 18:06:05";32
"2018-11-26 18:16:00";32
"2018-11-26 18:16:06";32
"2018-11-26 18:26:00";32
"2018-11-26 18:36:00";32
"2018-11-26 18:36:06";32
"2018-11-26 18:46:00";32
"2018-11-26 18:46:06";32
"2018-11-26 18:56:00";33
"2018-11-26 19:06:00";33
"2018-11-26 19:06:06";33
"2018-11-26 19:16:00";34
"2018-11-26 19:16:06";34
"2018-11-26 19:26:00";34
"2018-11-26 19:36:00";34
"2018-11-26 19:36:06";34
"2018-11-26 19:46:00";34
"2018-11-26 19:46:05";34
"2018-11-26 19:56:00";33
"2018-11-26 20:06:00";33
"2018-11-26 20:06:07";33
"2018-11-26 20:16:00";30
"2018-11-26 20:16:06";30
"2018-11-26 20:26:00";30
"2018-11-26 20:36:00";30
"2018-11-26 20:36:06";30
"2018-11-26 20:46:00";34
"2018-11-26 20:46:07";34
"2018-11-26 20:56:00";34
"2018-11-26 21:06:00";34
"2018-11-26 21:06:06";34
"2018-11-26 21:16:00";34
"2018-11-26 21:16:06";34
"2018-11-26 21:26:00";32
"2018-11-26 21:36:00";32
"2018-11-26 21:36:06";32
"2018-11-26 21:46:00";32
"2018-11-26 21:46:07";32
"2018-11-26 21:56:00";33
"2018-11-26 22:06:00";33
"2018-11-26 22:06:12";33
"2018-11-26 22:16:00";32
"2018-11-26 22:16:08";32
"2018-11-26 22:26:00";32
"2018-11-26 22:36:00";32
"2018-11-26 22:36:09";32
"2018-11-26 22:46:00";32
"2018-11-26 22:46:12";32
"2018-11-26 22:56:00";33
"2018-11-26 23:06:00";33
"2018-11-26 23:06:06";33
"2018-11-26 23:16:00";33
"2018-11-26 23:16:06";33
"2018-11-26 23:26:00";33
"2018-11-26 23:36:00";33
"2018-11-26 23:36:09";33
"2018-11-26 23:46:00";33
"2018-11-26 23:46:10";33
"2018-11-26 23:56:00";31
"2018-11-27 00:06:00";31
"2018-11-27 00:06:08";31
"2018-11-27 00:16:00";31
"2018-11-27 00:16:08";31
"2018-11-27 00:26:00";31
"2018-11-27 00:36:00";33
"2018-11-27 00:36:09";33
"2018-11-27 00:46:00";33
"2018-11-27 00:46:07";33
"2018-11-27 00:56:00";32
"2018-11-27 01:06:00";32
"2018-11-27 01:06:08";32
"2018-11-27 01:16:00";32
"2018-11-27 01:16:08";32
"2018-11-27 01:26:00";33
"2018-11-27 01:36:00";33
"2018-11-27 01:36:07";33
"2018-11-27 01:46:00";33
"2018-11-27 01:46:07";33
"2018-11-27 01:56:00";32
"2018-11-27 02:06:00";32
"2018-11-27 02:06:13";32
"2018-11-27 02:16:00";32
"2018-11-27 02:16:10";32
"2018-11-27 02:26:00";33
"2018-11-27 02:36:00";33
"2018-11-27 02:36:05";33
"2018-11-27 02:46:00";33
"2018-11-27 02:46:06";33
"2018-11-27 02:56:00";32
"2018-11-27 03:06:00";32
"2018-11-27 03:06:06";32
"2018-11-27 03:16:00";32
"2018-11-27 03:16:06";32
"2018-11-27 03:26:00";31
"2018-11-27 03:36:00";31
"2018-11-27 03:36:06";31
"2018-11-27 03:46:00";31
"2018-11-27 03:46:07";31
"2018-11-27 03:56:00";31
"2018-11-27 04:06:00";31
"2018-11-27 04:06:07";31
"2018-11-27 04:16:00";31
"2018-11-27 04:16:05";31
"2018-11-27 04:26:00";31
"2018-11-27 04:36:00";31
"2018-11-27 04:36:07";31
"2018-11-27 04:46:00";31
"2018-11-27 04:46:05";31
"2018-11-27 04:56:00";30
"2018-11-27 05:06:00";30
"2018-11-27 05:06:05";30
"2018-11-27 05:16:00";30
"2018-11-27 05:16:05";30
"2018-11-27 05:26:00";31
"2018-11-27 05:36:00";31
"2018-11-27 05:36:05";31
"2018-11-27 05:46:00";31
"2018-11-27 05:46:05";31
"2018-11-27 05:56:00";33
"2018-11-27 06:06:00";33
"2018-11-27 06:06:05";33
"2018-11-27 06:16:00";33
"2018-11-27 06:16:05";33
"2018-11-27 06:26:00";32
"2018-11-27 06:36:00";32
"2018-11-27 06:36:05";32
"2018-11-27 06:46:00";32
"2018-11-27 06:46:05";32
"2018-11-27 06:56:00";29
"2018-11-27 07:06:00";29
"2018-11-27 07:06:05";29
"2018-11-27 07:16:00";29
"2018-11-27 07:16:05";29
"2018-11-27 07:26:00";32
"2018-11-27 07:36:00";32
"2018-11-27 07:36:06";32
"2018-11-27 07:46:00";32
"2018-11-27 07:46:07";32
"2018-11-27 07:56:00";32
"2018-11-27 08:06:00";32
"2018-11-27 08:06:06";32
"2018-11-27 08:16:00";32
"2018-11-27 08:16:06";32
"2018-11-27 08:26:00";32
"2018-11-27 08:36:00";32
"2018-11-27 08:36:05";32
"2018-11-27 08:46:00";32
"2018-11-27 08:46:05";32
"2018-11-27 08:56:00";32
"2018-11-27 09:06:00";31
"2018-11-27 09:06:05";31
"2018-11-27 09:16:00";31
"2018-11-27 09:16:06";31
"2018-11-27 09:26:00";31
"2018-11-27 09:36:00";31
"2018-11-27 09:36:06";31
"2018-11-27 09:46:00";33
"2018-11-27 09:46:06";33
"2018-11-27 09:56:00";33
"2018-11-27 10:06:00";33
"2018-11-27 10:06:05";33
"2018-11-27 10:16:00";33
"2018-11-27 10:16:06";33
"2018-11-27 10:26:00";33
"2018-11-27 10:36:00";33
"2018-11-27 10:36:06";33
"2018-11-27 10:46:00";33
"2018-11-27 10:46:06";33
"2018-11-27 10:56:00";33
"2018-11-27 11:06:00";29
"2018-11-27 11:06:06";29
"2018-11-27 11:16:00";29
"2018-11-27 11:16:07";29
"2018-11-27 11:26:00";29
"2018-11-27 11:36:00";29
"2018-11-27 11:36:07";29
"2018-11-27 11:46:00";28
"2018-11-27 11:46:06";28
"2018-11-27 11:56:00";28
"2018-11-27 12:06:00";28
"2018-11-27 12:06:05";28
"2018-11-27 12:16:00";28
"2018-11-27 12:16:05";28
"2018-11-27 12:26:00";27
"2018-11-27 12:36:00";27
"2018-11-27 12:36:06";27
"2018-11-27 12:46:00";27
"2018-11-27 12:46:07";27
"2018-11-27 12:56:00";25
"2018-11-27 13:06:00";25
"2018-11-27 13:06:06";25
"2018-11-27 13:16:00";25
"2018-11-27 13:16:05";25
"2018-11-27 13:26:00";25
"2018-11-27 13:36:00";23
"2018-11-27 13:36:05";23
"2018-11-27 13:46:00";23
"2018-11-27 13:46:05";23
"2018-11-27 13:56:00";27
"2018-11-27 14:06:00";27
"2018-11-27 14:06:05";27
"2018-11-27 14:16:00";27
"2018-11-27 14:16:05";27
"2018-11-27 14:26:00";29
"2018-11-27 14:36:00";29
"2018-11-27 14:36:07";29
"2018-11-27 14:46:00";29
"2018-11-27 14:46:07";29
"2018-11-27 14:56:00";31
"2018-11-27 15:06:00";31
"2018-11-27 15:06:05";31
"2018-11-27 15:16:00";31
"2018-11-27 15:16:07";31
"2018-11-27 15:26:00";31
"2018-11-27 15:36:00";31
"2018-11-27 15:36:06";31
"2018-11-27 15:46:00";31
"2018-11-27 15:46:06";31
"2018-11-27 15:56:00";31
"2018-11-27 16:06:00";31
"2018-11-27 16:06:07";31
"2018-11-27 16:16:00";31
"2018-11-27 16:16:06";31
"2018-11-27 16:26:00";30
"2018-11-27 16:36:00";30
"2018-11-27 16:36:06";30
"2018-11-27 16:46:00";30
"2018-11-27 16:46:06";30
"2018-11-27 16:56:00";30
"2018-11-27 17:06:00";30
"2018-11-27 17:06:06";30
"2018-11-27 17:16:00";30
"2018-11-27 17:16:06";30
"2018-11-27 17:26:00";30
"2018-11-27 17:36:00";30
"2018-11-27 17:36:06";30
"2018-11-27 17:46:00";30
"2018-11-27 17:46:07";30
"2018-11-27 17:56:00";31
"2018-11-27 18:06:00";31
"2018-11-27 18:06:06";31
"2018-11-27 18:16:00";31
"2018-11-27 18:16:06";31
"2018-11-27 18:26:00";30
"2018-11-27 18:36:00";30
"2018-11-27 18:36:06";30
"2018-11-27 18:46:00";30
"2018-11-27 18:46:06";30
"2018-11-27 18:56:00";31
"2018-11-27 19:06:00";31
"2018-11-27 19:06:06";31
"2018-11-27 19:16:00";31
"2018-11-27 19:16:05";31
"2018-11-27 19:26:00";29
"2018-11-27 19:36:00";29
"2018-11-27 19:36:07";29
"2018-11-27 19:46:00";29
"2018-11-27 19:46:06";29
"2018-11-27 19:56:00";31
"2018-11-27 20:06:00";31
"2018-11-27 20:06:08";31
"2018-11-27 20:16:00";31
"2018-11-27 20:16:08";31
"2018-11-27 20:26:00";30
"2018-11-27 20:36:00";30
"2018-11-27 20:36:06";30
"2018-11-27 20:46:00";31
"2018-11-27 20:46:09";31
"2018-11-27 20:56:00";31
"2018-11-27 21:06:00";31
"2018-11-27 21:06:07";31
"2018-11-27 21:16:00";31
"2018-11-27 21:16:07";31
"2018-11-27 21:26:00";30
"2018-11-27 21:36:00";30
"2018-11-27 21:36:06";30
"2018-11-27 21:46:00";30
"2018-11-27 21:46:06";30
"2018-11-27 21:56:00";31
"2018-11-27 22:06:00";31
"2018-11-27 22:06:08";31
"2018-11-27 22:16:00";31
"2018-11-27 22:16:08";31
"2018-11-27 22:26:00";30
"2018-11-27 22:36:00";30
"2018-11-27 22:36:09";30
"2018-11-27 22:46:00";30
"2018-11-27 22:46:08";30
"2018-11-27 22:56:00";31
"2018-11-27 23:06:00";31
"2018-11-27 23:06:06";31
"2018-11-27 23:16:00";31
"2018-11-27 23:16:06";31
"2018-11-27 23:26:00";29
"2018-11-27 23:36:00";29
"2018-11-27 23:36:09";29
"2018-11-27 23:46:00";30
"2018-11-27 23:46:09";30
"2018-11-27 23:56:00";30
"2018-11-28 00:06:00";30
"2018-11-28 00:06:09";30
"2018-11-28 00:16:00";31
"2018-11-28 00:16:09";31
"2018-11-28 00:26:00";31
"2018-11-28 00:36:00";31
"2018-11-28 00:36:10";31
"2018-11-28 00:46:00";31
"2018-11-28 00:46:07";31
"2018-11-28 00:56:00";28
"2018-11-28 01:06:00";28
"2018-11-28 01:06:08";28
"2018-11-28 01:16:00";28
"2018-11-28 01:16:08";28
"2018-11-28 01:26:00";29
"2018-11-28 01:36:00";29
"2018-11-28 01:36:07";29
"2018-11-28 01:46:00";29
"2018-11-28 01:46:09";29
"2018-11-28 01:56:00";29
"2018-11-28 02:06:00";29
"2018-11-28 02:06:11";29
"2018-11-28 02:16:00";29
"2018-11-28 02:16:08";29
"2018-11-28 02:26:00";30
"2018-11-28 02:36:00";30
"2018-11-28 02:36:05";30
"2018-11-28 02:46:00";30
"2018-11-28 02:46:05";30
"2018-11-28 02:56:00";30
"2018-11-28 03:06:00";28
"2018-11-28 03:06:05";28
"2018-11-28 03:16:00";28
"2018-11-28 03:16:05";28
"2018-11-28 03:26:00";31
"2018-11-28 03:36:00";31
"2018-11-28 03:36:06";31
"2018-11-28 03:46:00";27
"2018-11-28 03:46:12";27
"2018-11-28 03:56:00";27
"2018-11-28 04:06:00";27
"2018-11-28 04:06:07";27
"2018-11-28 04:16:00";27
"2018-11-28 04:16:05";27
"2018-11-28 04:26:00";28
"2018-11-28 04:36:00";28
"2018-11-28 04:36:05";28
"2018-11-28 04:46:00";28
"2018-11-28 04:46:05";28
"2018-11-28 04:56:00";30
"2018-11-28 05:06:00";30
"2018-11-28 05:06:05";30
"2018-11-28 05:16:00";30
"2018-11-28 05:16:05";30
"2018-11-28 05:26:00";31
"2018-11-28 05:36:00";31
"2018-11-28 05:36:06";31
"2018-11-28 05:46:00";31
"2018-11-28 05:46:06";31
"2018-11-28 05:56:00";29
"2018-11-28 06:06:00";29
"2018-11-28 06:06:06";29
"2018-11-28 06:16:00";29
"2018-11-28 06:16:06";29
"2018-11-28 06:26:00";29
"2018-11-28 06:36:00";29
"2018-11-28 06:36:07";29
"2018-11-28 06:46:00";29
"2018-11-28 06:46:06";29
"2018-11-28 06:56:00";29
"2018-11-28 07:06:00";28
"2018-11-28 07:06:06";28
"2018-11-28 07:16:00";28
"2018-11-28 07:16:07";28
"2018-11-28 07:26:00";28
"2018-11-28 07:36:00";28
"2018-11-28 07:36:06";28
"2018-11-28 07:46:00";28
"2018-11-28 07:46:06";28
"2018-11-28 07:56:00";27
"2018-11-28 08:06:00";27
"2018-11-28 08:06:06";27
"2018-11-28 08:16:00";29
"2018-11-28 08:16:06";29
"2018-11-28 08:26:00";29
"2018-11-28 08:36:00";29
"2018-11-28 08:36:06";29
"2018-11-28 08:46:00";29
"2018-11-28 08:46:05";29
"2018-11-28 08:56:00";29
"2018-11-28 09:06:00";29
"2018-11-28 09:06:06";29
"2018-11-28 09:16:00";29
"2018-11-28 09:16:05";29
"2018-11-28 09:26:00";29
"2018-11-28 09:36:00";29
"2018-11-28 09:36:05";29
"2018-11-28 09:46:00";29
"2018-11-28 09:46:06";29
"2018-11-28 09:56:00";30
"2018-11-28 10:06:00";30
"2018-11-28 10:06:05";30
"2018-11-28 10:16:00";30
"2018-11-28 10:16:06";30
"2018-11-28 10:26:00";30
"2018-11-28 10:36:00";30
"2018-11-28 10:36:06";30
"2018-11-28 10:46:00";30
"2018-11-28 10:46:10";30
"2018-11-28 10:56:00";27
"2018-11-28 11:06:00";27
"2018-11-28 11:06:05";27
"2018-11-28 11:16:00";27
"2018-11-28 11:16:06";27
"2018-11-28 11:26:00";27
"2018-11-28 11:36:00";25
"2018-11-28 11:36:07";25
"2018-11-28 11:46:00";25
"2018-11-28 11:46:07";25
"2018-11-28 11:56:00";25
"2018-11-28 12:06:00";25
"2018-11-28 12:06:06";25
"2018-11-28 12:16:00";25
"2018-11-28 12:16:07";25
"2018-11-28 12:26:00";25
"2018-11-28 12:36:00";25
"2018-11-28 12:36:05";25
"2018-11-28 12:46:00";25
"2018-11-28 12:46:06";25
"2018-11-28 12:56:00";25
"2018-11-28 13:06:00";24
"2018-11-28 13:06:05";24
"2018-11-28 13:16:00";24
"2018-11-28 13:16:06";24
"2018-11-28 13:26:00";21
"2018-11-28 13:36:00";21
"2018-11-28 13:36:06";21
"2018-11-28 13:46:00";26
"2018-11-28 13:46:06";26
"2018-11-28 13:56:00";26
"2018-11-28 14:06:00";26
"2018-11-28 14:06:08";26
"2018-11-28 14:16:00";26
"2018-11-28 14:16:05";26
"2018-11-28 14:26:00";26
"2018-11-28 14:36:00";26
"2018-11-28 14:36:08";26
"2018-11-28 14:46:00";26
"2018-11-28 14:46:07";26
"2018-11-28 14:56:00";27
"2018-11-28 15:06:00";27
"2018-11-28 15:06:05";27
"2018-11-28 15:16:00";27
"2018-11-28 15:16:08";27
"2018-11-28 15:26:00";28
"2018-11-28 15:36:00";28
"2018-11-28 15:36:05";28
"2018-11-28 15:46:00";29
"2018-11-28 15:46:06";29
"2018-11-28 15:56:00";29
"2018-11-28 16:06:00";29
"2018-11-28 16:06:05";29
"2018-11-28 16:16:00";29
"2018-11-28 16:16:06";29
"2018-11-28 16:26:00";29
"2018-11-28 16:36:00";29
"2018-11-28 16:36:06";29
"2018-11-28 16:46:00";27
"2018-11-28 16:46:07";27
"2018-11-28 16:56:00";27
"2018-11-28 17:06:00";27
"2018-11-28 17:06:07";27
"2018-11-28 17:16:00";27
"2018-11-28 17:16:06";27
"2018-11-28 17:26:00";29
"2018-11-28 17:36:00";29
"2018-11-28 17:36:06";29
"2018-11-28 17:46:00";29
"2018-11-28 17:46:06";29
"2018-11-28 17:56:00";29
"2018-11-28 18:06:00";29
"2018-11-28 18:06:06";29
"2018-11-28 18:16:00";29
"2018-11-28 18:16:06";29
"2018-11-28 18:26:00";30
"2018-11-28 18:36:00";30
"2018-11-28 18:36:06";30
"2018-11-28 18:46:00";30
"2018-11-28 18:46:06";30
"2018-11-28 18:56:00";29
"2018-11-28 19:06:00";29
"2018-11-28 19:06:06";29
"2018-11-28 19:16:00";29
"2018-11-28 19:16:06";29
"2018-11-28 19:26:00";29
"2018-11-28 19:36:00";29
"2018-11-28 19:36:06";29
"2018-11-28 19:46:00";28
"2018-11-28 19:46:07";28
"2018-11-28 19:56:00";28
"2018-11-28 20:06:00";28
"2018-11-28 20:06:07";28
"2018-11-28 20:16:00";27
"2018-11-28 20:16:07";27
"2018-11-28 20:26:00";27
"2018-11-28 20:36:00";27
"2018-11-28 20:36:06";27
"2018-11-28 20:46:00";27
"2018-11-28 20:46:06";27
"2018-11-28 20:56:00";31
"2018-11-28 21:06:00";31
"2018-11-28 21:06:06";31
"2018-11-28 21:16:00";31
"2018-11-28 21:16:06";31
"2018-11-28 21:26:00";28
"2018-11-28 21:36:00";28
"2018-11-28 21:36:06";28
"2018-11-28 21:46:00";28
"2018-11-28 21:46:06";28
"2018-11-28 21:56:00";28
"2018-11-28 22:06:00";28
"2018-11-28 22:06:10";28
"2018-11-28 22:16:00";28
"2018-11-28 22:16:10";28
"2018-11-28 22:26:00";29
"2018-11-28 22:36:00";29
"2018-11-28 22:36:08";29
"2018-11-28 22:46:00";28
"2018-11-28 22:46:09";28
"2018-11-28 22:56:00";28
"2018-11-28 23:06:00";28
"2018-11-28 23:06:06";28
"2018-11-28 23:16:00";28
"2018-11-28 23:16:07";28
"2018-11-28 23:26:00";30
"2018-11-28 23:36:00";30
"2018-11-28 23:36:08";30
"2018-11-28 23:46:00";29
"2018-11-28 23:46:10";29
"2018-11-28 23:56:00";29
"2018-11-29 00:06:00";29
"2018-11-29 00:06:06";29
"2018-11-29 00:16:00";29
"2018-11-29 00:16:12";29
"2018-11-29 00:26:00";30
"2018-11-29 00:36:00";30
"2018-11-29 00:36:09";30
"2018-11-29 00:46:00";30
"2018-11-29 00:46:07";30
"2018-11-29 00:56:00";29
"2018-11-29 01:06:00";29
"2018-11-29 01:06:08";29
"2018-11-29 01:16:00";29
"2018-11-29 01:16:09";29
"2018-11-29 01:26:00";30
"2018-11-29 01:36:00";30
"2018-11-29 01:36:08";30
"2018-11-29 01:46:00";30
"2018-11-29 01:46:10";30
"2018-11-29 01:56:00";28
"2018-11-29 02:06:00";28
"2018-11-29 02:06:15";28
"2018-11-29 02:16:00";28
"2018-11-29 02:16:10";28
"2018-11-29 02:26:00";28
"2018-11-29 02:36:00";28
"2018-11-29 02:36:05";28
"2018-11-29 02:46:00";28
"2018-11-29 02:46:05";28
"2018-11-29 02:56:00";29
"2018-11-29 03:06:00";29
"2018-11-29 03:06:05";29
"2018-11-29 03:16:00";29
"2018-11-29 03:16:05";29
"2018-11-29 03:26:00";29
"2018-11-29 03:36:00";29
"2018-11-29 03:36:06";29
"2018-11-29 03:46:00";29
"2018-11-29 03:46:06";29
"2018-11-29 03:56:00";28
"2018-11-29 04:06:00";28
"2018-11-29 04:06:08";28
"2018-11-29 04:16:00";28
"2018-11-29 04:16:05";28
"2018-11-29 04:26:00";28
"2018-11-29 04:36:00";28
"2018-11-29 04:36:05";28
"2018-11-29 04:46:00";28
"2018-11-29 04:46:05";28
"2018-11-29 04:56:00";28
"2018-11-29 05:06:00";28
"2018-11-29 05:06:05";28
"2018-11-29 05:16:00";28
"2018-11-29 05:16:05";28
"2018-11-29 05:26:00";29
"2018-11-29 05:36:00";29
"2018-11-29 05:36:06";29
"2018-11-29 05:46:00";29
"2018-11-29 05:46:07";29
"2018-11-29 05:56:00";29
"2018-11-29 06:06:00";29
"2018-11-29 06:06:05";29
"2018-11-29 06:16:00";29
"2018-11-29 06:16:06";29
"2018-11-29 06:26:00";29
"2018-11-29 06:36:00";29
"2018-11-29 06:36:07";29
"2018-11-29 06:46:00";29
"2018-11-29 06:46:10";29
"2018-11-29 06:56:00";27
"2018-11-29 07:06:00";27
"2018-11-29 07:06:05";27
"2018-11-29 07:16:00";29
"2018-11-29 07:16:06";29
"2018-11-29 07:26:00";29
"2018-11-29 07:36:00";29
"2018-11-29 07:36:05";29
"2018-11-29 07:46:00";29
"2018-11-29 07:46:06";29
"2018-11-29 07:56:00";29
"2018-11-29 08:06:00";29
"2018-11-29 08:06:06";29
"2018-11-29 08:16:00";29
"2018-11-29 08:16:05";29
"2018-11-29 08:26:00";29
"2018-11-29 08:36:00";29
"2018-11-29 08:36:06";29
"2018-11-29 08:46:00";29
"2018-11-29 08:46:05";29
"2018-11-29 08:56:00";29
"2018-11-29 09:06:00";29
"2018-11-29 09:06:05";29
"2018-11-29 09:16:00";29
"2018-11-29 09:16:06";29
"2018-11-29 09:26:00";30
"2018-11-29 09:36:00";30
"2018-11-29 09:36:07";30
"2018-11-29 09:46:00";30
"2018-11-29 09:46:07";30
"2018-11-29 09:56:00";29
"2018-11-29 10:06:00";29
"2018-11-29 10:06:07";29
"2018-11-29 10:16:00";29
"2018-11-29 10:16:05";29
"2018-11-29 10:26:00";29
"2018-11-29 10:36:00";29
"2018-11-29 10:36:11";29
"2018-11-29 10:46:00";29
"2018-11-29 10:46:05";29
"2018-11-29 10:56:00";28
"2018-11-29 11:06:00";28
"2018-11-29 11:06:06";28
"2018-11-29 11:16:00";28
"2018-11-29 11:16:06";28
"2018-11-29 11:26:00";26
"2018-11-29 11:36:00";26
"2018-11-29 11:36:08";26
"2018-11-29 11:46:00";26
"2018-11-29 11:46:07";26
"2018-11-29 11:56:00";26
"2018-11-29 12:06:00";26
"2018-11-29 12:06:05";26
"2018-11-29 12:16:00";26
"2018-11-29 12:16:05";26
"2018-11-29 12:26:00";26
"2018-11-29 12:36:00";26
"2018-11-29 12:36:06";26
"2018-11-29 12:46:00";26
"2018-11-29 12:46:08";26
"2018-11-29 12:56:00";26
"2018-11-29 13:06:00";26
"2018-11-29 13:06:06";26
"2018-11-29 13:16:00";26
"2018-11-29 13:16:05";26
"2018-11-29 13:26:00";24
"2018-11-29 13:36:00";24
"2018-11-29 13:36:08";24
"2018-11-29 13:46:00";27
"2018-11-29 13:46:06";27
"2018-11-29 13:56:00";27
"2018-11-29 14:06:00";27
"2018-11-29 14:06:05";27
"2018-11-29 14:16:00";28
"2018-11-29 14:16:06";28
"2018-11-29 14:26:00";28
"2018-11-29 14:36:00";28
"2018-11-29 14:36:07";28
"2018-11-29 14:46:00";28
"2018-11-29 14:46:06";28
"2018-11-29 14:56:00";28
"2018-11-29 15:06:00";28
"2018-11-29 15:06:07";28
"2018-11-29 15:16:00";28
"2018-11-29 15:16:05";28
"2018-11-29 15:26:00";29
"2018-11-29 15:36:00";29
"2018-11-29 15:36:08";29
"2018-11-29 15:46:00";29
"2018-11-29 15:46:08";29
"2018-11-29 15:56:00";28
"2018-11-29 16:06:00";28
"2018-11-29 16:06:08";28
"2018-11-29 16:16:00";28
"2018-11-29 16:16:09";28
"2018-11-29 16:26:00";28
"2018-11-29 16:36:00";28
"2018-11-29 16:36:05";28
"2018-11-29 16:46:00";29
"2018-11-29 16:46:06";29
"2018-11-29 16:56:00";29
"2018-11-29 17:06:00";29
"2018-11-29 17:06:06";29
"2018-11-29 17:16:00";29
"2018-11-29 17:16:06";29
"2018-11-29 17:26:00";27
"2018-11-29 17:36:00";27
"2018-11-29 17:36:05";27
"2018-11-29 17:46:00";27
"2018-11-29 17:46:06";27
"2018-11-29 17:56:00";27
"2018-11-29 18:06:00";27
"2018-11-29 18:06:06";27
"2018-11-29 18:16:00";27
"2018-11-29 18:16:06";27
"2018-11-29 18:26:00";27
"2018-11-29 18:36:00";27
"2018-11-29 18:36:05";27
"2018-11-29 18:46:00";27
"2018-11-29 18:46:06";27
"2018-11-29 18:56:00";28
"2018-11-29 19:06:00";28
"2018-11-29 19:06:05";28
"2018-11-29 19:16:00";28
"2018-11-29 19:16:05";28
"2018-11-29 19:26:00";27
"2018-11-29 19:36:00";27
"2018-11-29 19:36:06";27
"2018-11-29 19:46:00";27
"2018-11-29 19:46:05";27
"2018-11-29 19:56:00";28
"2018-11-29 20:06:00";28
"2018-11-29 20:06:07";28
"2018-11-29 20:16:00";28
"2018-11-29 20:16:06";28
"2018-11-29 20:26:00";27
"2018-11-29 20:36:00";27
"2018-11-29 20:36:06";27
"2018-11-29 20:46:00";27
"2018-11-29 20:46:06";27
"2018-11-29 20:56:00";28
"2018-11-29 21:06:00";28
"2018-11-29 21:06:06";28
"2018-11-29 21:16:00";28
"2018-11-29 21:16:08";28
"2018-11-29 21:26:00";28
"2018-11-29 21:36:00";28
"2018-11-29 21:36:06";28
"2018-11-29 21:46:00";28
"2018-11-29 21:46:06";28
"2018-11-29 21:56:00";26
"2018-11-29 22:06:00";26
"2018-11-29 22:06:09";26
"2018-11-29 22:16:00";26
"2018-11-29 22:16:09";26
"2018-11-29 22:26:00";28
"2018-11-29 22:36:00";28
"2018-11-29 22:36:09";28
"2018-11-29 22:46:00";29
"2018-11-29 22:46:10";29
"2018-11-29 22:56:00";29
"2018-11-29 23:06:00";29
"2018-11-29 23:06:09";29
"2018-11-29 23:16:00";29
"2018-11-29 23:16:06";29
"2018-11-29 23:26:00";28
"2018-11-29 23:36:00";28
"2018-11-29 23:36:08";28
"2018-11-29 23:46:00";28
"2018-11-29 23:46:10";28
"2018-11-29 23:56:00";28
"2018-11-30 00:06:00";28
"2018-11-30 00:06:06";28
"2018-11-30 00:16:00";28
"2018-11-30 00:16:10";28
"2018-11-30 00:26:00";29
"2018-11-30 00:36:00";29
"2018-11-30 00:36:08";29
"2018-11-30 00:46:00";29
"2018-11-30 00:46:07";29
"2018-11-30 00:56:00";28
"2018-11-30 01:06:00";28
"2018-11-30 01:06:07";28
"2018-11-30 01:16:00";28
"2018-11-30 01:16:08";28
"2018-11-30 01:26:00";26
"2018-11-30 01:36:00";26
"2018-11-30 01:36:08";26
"2018-11-30 01:46:00";26
"2018-11-30 01:46:08";26
"2018-11-30 01:56:00";27
"2018-11-30 02:06:00";27
"2018-11-30 02:06:12";27
"2018-11-30 02:16:00";27
"2018-11-30 02:16:11";27
"2018-11-30 02:26:00";26
"2018-11-30 02:36:00";26
"2018-11-30 02:36:06";26
"2018-11-30 02:46:00";26
"2018-11-30 02:46:06";26
"2018-11-30 02:56:00";27
"2018-11-30 03:06:00";27
"2018-11-30 03:06:05";27
"2018-11-30 03:16:00";27
"2018-11-30 03:16:05";27
"2018-11-30 03:26:00";26
"2018-11-30 03:36:00";26
"2018-11-30 03:36:05";26
"2018-11-30 03:46:00";26
"2018-11-30 03:46:07";26
"2018-11-30 03:56:00";27
"2018-11-30 04:06:00";27
"2018-11-30 04:06:07";27
"2018-11-30 04:16:00";27
"2018-11-30 04:16:06";27
"2018-11-30 04:26:00";27
"2018-11-30 04:36:00";27
"2018-11-30 04:36:05";27
"2018-11-30 04:46:00";27
"2018-11-30 04:46:05";27
"2018-11-30 04:56:00";27
"2018-11-30 05:06:00";27
"2018-11-30 05:06:05";27
"2018-11-30 05:16:00";27
"2018-11-30 05:16:06";27
"2018-11-30 05:26:00";26
"2018-11-30 05:36:00";26
"2018-11-30 05:36:07";26
"2018-11-30 05:46:00";26
"2018-11-30 05:46:07";26
"2018-11-30 05:56:00";28
"2018-11-30 06:06:00";28
"2018-11-30 06:06:05";28
"2018-11-30 06:16:00";28
"2018-11-30 06:16:06";28
"2018-11-30 06:26:00";27
"2018-11-30 06:36:00";27
"2018-11-30 06:36:06";27
"2018-11-30 06:46:00";27
"2018-11-30 06:46:06";27
"2018-11-30 06:56:00";26
"2018-11-30 07:06:00";26
"2018-11-30 07:06:05";26
"2018-11-30 07:16:00";26
"2018-11-30 07:16:06";26
"2018-11-30 07:26:00";26
"2018-11-30 07:36:00";26
"2018-11-30 07:36:05";26
"2018-11-30 07:46:00";26
"2018-11-30 07:46:07";26
"2018-11-30 07:56:00";26
"2018-11-30 08:06:00";26
"2018-11-30 08:06:05";26
"2018-11-30 08:16:00";26
"2018-11-30 08:16:05";26
"2018-11-30 08:26:00";27
"2018-11-30 08:36:00";27
"2018-11-30 08:36:05";27
"2018-11-30 08:46:00";27
"2018-11-30 08:46:05";27
"2018-11-30 08:56:00";28
"2018-11-30 09:06:00";28
"2018-11-30 09:06:05";28
"2018-11-30 09:16:00";28
"2018-11-30 09:16:05";28
"2018-11-30 09:26:00";25
"2018-11-30 09:36:00";25
"2018-11-30 09:36:07";25
"2018-11-30 09:46:00";25
"2018-11-30 09:46:05";25
"2018-11-30 09:56:00";27
"2018-11-30 10:06:00";27
"2018-11-30 10:06:05";27
"2018-11-30 10:16:00";27
"2018-11-30 10:16:07";27
"2018-11-30 10:26:00";26
"2018-11-30 10:36:00";26
"2018-11-30 10:36:06";26
"2018-11-30 10:46:00";26
"2018-11-30 10:46:06";26
"2018-11-30 10:56:00";27
"2018-11-30 11:06:00";27
"2018-11-30 11:06:06";27
"2018-11-30 11:16:00";27
"2018-11-30 11:16:06";27
"2018-11-30 11:26:00";27
"2018-11-30 11:36:00";27
"2018-11-30 11:36:06";27
"2018-11-30 11:46:00";27
"2018-11-30 11:46:05";27
"2018-11-30 11:56:00";27
"2018-11-30 12:06:00";27
"2018-11-30 12:06:05";27
"2018-11-30 12:16:00";27
"2018-11-30 12:16:06";27
"2018-11-30 12:26:00";27
"2018-11-30 12:36:00";27
"2018-11-30 12:36:06";27
"2018-11-30 12:46:00";27
"2018-11-30 12:46:06";27
"2018-11-30 12:56:00";28
"2018-11-30 13:06:00";28
"2018-11-30 13:06:06";28
"2018-11-30 13:16:00";27
"2018-11-30 13:16:05";27
"2018-11-30 13:26:00";27
"2018-11-30 13:36:00";27
"2018-11-30 13:36:06";27
"2018-11-30 13:46:00";27
"2018-11-30 13:46:06";27
"2018-11-30 13:56:00";28
"2018-11-30 14:06:00";28
"2018-11-30 14:06:06";28
"2018-11-30 14:16:00";28
"2018-11-30 14:16:06";28
"2018-11-30 14:26:00";26
"2018-11-30 14:36:00";26
"2018-11-30 14:36:05";26
"2018-11-30 14:46:00";26
"2018-11-30 14:46:06";26
"2018-11-30 14:56:00";27
"2018-11-30 15:06:00";27
"2018-11-30 15:06:06";27
"2018-11-30 15:16:00";27
"2018-11-30 15:16:06";27
"2018-11-30 15:26:00";26
"2018-11-30 15:36:00";26
"2018-11-30 15:36:05";26
"2018-11-30 15:46:00";26
"2018-11-30 15:46:05";26
"2018-11-30 15:56:00";27
"2018-11-30 16:06:00";27
"2018-11-30 16:06:07";27
"2018-11-30 16:16:00";28
"2018-11-30 16:16:05";28
"2018-11-30 16:26:00";28
"2018-11-30 16:36:00";28
"2018-11-30 16:36:06";28
"2018-11-30 16:46:00";28
"2018-11-30 16:46:06";28
"2018-11-30 16:56:00";26
"2018-11-30 17:06:00";26
"2018-11-30 17:06:05";26
"2018-11-30 17:16:00";26
"2018-11-30 17:16:06";26
"2018-11-30 17:26:00";27
"2018-11-30 17:36:00";27
"2018-11-30 17:36:08";27
"2018-11-30 17:46:00";27
"2018-11-30 17:46:06";27
"2018-11-30 17:56:00";27
"2018-11-30 18:06:00";27
"2018-11-30 18:06:06";27
"2018-11-30 18:16:00";27
"2018-11-30 18:16:06";27
"2018-11-30 18:26:00";27
"2018-11-30 18:36:00";27
"2018-11-30 18:36:06";27
"2018-11-30 18:46:00";27
"2018-11-30 18:46:06";27
"2018-11-30 18:56:00";26
"2018-11-30 19:06:00";26
"2018-11-30 19:06:05";26
"2018-11-30 19:16:00";26
"2018-11-30 19:16:06";26
"2018-11-30 19:26:00";26
"2018-11-30 19:36:00";26
"2018-11-30 19:36:06";26
"2018-11-30 19:46:00";26
"2018-11-30 19:46:06";26
"2018-11-30 19:56:00";26
"2018-11-30 20:06:00";26
"2018-11-30 20:06:07";26
"2018-11-30 20:16:00";26
"2018-11-30 20:16:05";26
"2018-11-30 20:26:00";25
"2018-11-30 20:36:00";25
"2018-11-30 20:36:06";25
"2018-11-30 20:46:00";25
"2018-11-30 20:46:05";25
"2018-11-30 20:56:00";27
"2018-11-30 21:06:00";27
"2018-11-30 21:06:07";27
"2018-11-30 21:16:00";26
"2018-11-30 21:16:05";26
"2018-11-30 21:26:00";26
"2018-11-30 21:36:00";26
"2018-11-30 21:36:06";26
"2018-11-30 21:46:00";26
"2018-11-30 21:46:06";26
"2018-11-30 21:56:00";27
"2018-11-30 22:06:00";27
"2018-11-30 22:06:10";27
"2018-11-30 22:16:00";27
"2018-11-30 22:16:09";27
"2018-11-30 22:26:00";27
"2018-11-30 22:36:00";27
"2018-11-30 22:36:08";27
"2018-11-30 22:46:00";27
"2018-11-30 22:46:10";27
"2018-11-30 22:56:00";26
"2018-11-30 23:06:00";26
"2018-11-30 23:06:06";26
"2018-11-30 23:16:00";26
"2018-11-30 23:16:06";26
"2018-11-30 23:26:00";25
"2018-11-30 23:36:00";25
"2018-11-30 23:36:08";25
"2018-11-30 23:46:00";25
"2018-11-30 23:46:10";25
"2018-11-30 23:56:00";26
"2018-12-01 00:06:00";26
"2018-12-01 00:06:06";26
"2018-12-01 00:16:00";26
"2018-12-01 00:16:13";26
"2018-12-01 00:26:00";26
"2018-12-01 00:36:00";26
"2018-12-01 00:36:08";26
"2018-12-01 00:46:00";26
"2018-12-01 00:46:08";26
"2018-12-01 00:56:00";26
"2018-12-01 01:06:00";26
"2018-12-01 01:06:12";26
"2018-12-01 01:16:00";26
"2018-12-01 01:16:06";26
"2018-12-01 01:26:00";26
"2018-12-01 01:36:00";26
"2018-12-01 01:36:07";26
"2018-12-01 01:46:00";25
"2018-12-01 01:46:10";25
"2018-12-01 01:56:00";25
"2018-12-01 02:06:00";25
"2018-12-01 02:06:13";25
"2018-12-01 02:16:00";25
"2018-12-01 02:16:14";25
"2018-12-01 02:26:00";26
"2018-12-01 02:36:00";26
"2018-12-01 02:36:06";26
"2018-12-01 02:46:00";26
"2018-12-01 02:46:05";26
"2018-12-01 02:56:00";27
"2018-12-01 03:06:00";27
"2018-12-01 03:06:05";27
"2018-12-01 03:16:00";27
"2018-12-01 03:16:05";27
"2018-12-01 03:26:00";24
"2018-12-01 03:36:00";24
"2018-12-01 03:36:06";24
"2018-12-01 03:46:00";24
"2018-12-01 03:46:08";24
"2018-12-01 03:56:00";24
"2018-12-01 04:06:00";24
"2018-12-01 04:06:10";24
"2018-12-01 04:16:00";24
"2018-12-01 04:16:05";24
"2018-12-01 04:26:00";22
"2018-12-01 04:36:00";22
"2018-12-01 04:36:05";22
"2018-12-01 04:46:00";22
"2018-12-01 04:46:06";22
"2018-12-01 04:56:00";26
"2018-12-01 05:06:00";26
"2018-12-01 05:06:05";26
"2018-12-01 05:16:00";25
"2018-12-01 05:16:05";25
"2018-12-01 05:26:00";25
"2018-12-01 05:36:00";25
"2018-12-01 05:36:05";25
"2018-12-01 05:46:00";27
"2018-12-01 05:46:05";27
"2018-12-01 05:56:00";27
"2018-12-01 06:06:00";27
"2018-12-01 06:06:05";27
"2018-12-01 06:16:00";27
"2018-12-01 06:16:05";27
"2018-12-01 06:26:00";26
"2018-12-01 06:36:00";26
"2018-12-01 06:36:05";26
"2018-12-01 06:46:00";26
"2018-12-01 06:46:06";26
"2018-12-01 06:56:00";26
"2018-12-01 07:06:00";26
"2018-12-01 07:06:05";26
"2018-12-01 07:16:00";26
"2018-12-01 07:16:05";26
"2018-12-01 07:26:00";27
"2018-12-01 07:36:00";27
"2018-12-01 07:36:06";27
"2018-12-01 07:46:00";26
"2018-12-01 07:46:05";26
"2018-12-01 07:56:00";26
"2018-12-01 08:06:00";26
"2018-12-01 08:06:05";26
"2018-12-01 08:16:00";26
"2018-12-01 08:16:06";26
"2018-12-01 08:26:00";25
"2018-12-01 08:36:00";25
"2018-12-01 08:36:08";25
"2018-12-01 08:46:00";25
"2018-12-01 08:46:06";25
"2018-12-01 08:56:00";25
"2018-12-01 09:06:00";25
"2018-12-01 09:06:06";25
"2018-12-01 09:16:00";25
"2018-12-01 09:16:05";25
"2018-12-01 09:26:00";25
"2018-12-01 09:36:00";25
"2018-12-01 09:36:05";25
"2018-12-01 09:46:00";25
"2018-12-01 09:46:05";25
"2018-12-01 09:56:00";26
"2018-12-01 10:06:00";26
"2018-12-01 10:06:05";26
"2018-12-01 10:16:00";27
"2018-12-01 10:16:05";27
"2018-12-01 10:26:00";27
"2018-12-01 10:36:00";27
"2018-12-01 10:36:05";27
"2018-12-01 10:46:00";27
"2018-12-01 10:46:05";27
"2018-12-01 10:56:00";27
"2018-12-01 11:06:00";23
"2018-12-01 11:06:05";23
"2018-12-01 11:16:00";23
"2018-12-01 11:16:06";23
"2018-12-01 11:26:00";22
"2018-12-01 11:36:00";22
"2018-12-01 11:36:05";22
"2018-12-01 11:46:00";22
"2018-12-01 11:46:06";22
"2018-12-01 11:56:00";22
"2018-12-01 12:06:00";22
"2018-12-01 12:06:05";22
"2018-12-01 12:16:00";23
"2018-12-01 12:16:05";23
"2018-12-01 12:26:00";23
"2018-12-01 12:36:00";23
"2018-12-01 12:36:05";23
"2018-12-01 12:46:00";23
"2018-12-01 12:46:06";23
"2018-12-01 12:56:00";23
"2018-12-01 13:06:00";23
"2018-12-01 13:06:07";23
"2018-12-01 13:16:00";23
"2018-12-01 13:16:05";23
"2018-12-01 13:26:00";23
"2018-12-01 13:36:00";23
"2018-12-01 13:36:05";23
"2018-12-01 13:46:00";25
"2018-12-01 13:46:06";25
"2018-12-01 13:56:00";25
"2018-12-01 14:06:00";25
"2018-12-01 14:06:06";25
"2018-12-01 14:16:00";25
"2018-12-01 14:16:06";25
"2018-12-01 14:26:00";25
"2018-12-01 14:36:00";25
"2018-12-01 14:36:06";25
"2018-12-01 14:46:00";25
"2018-12-01 14:46:06";25
"2018-12-01 14:56:00";25
"2018-12-01 15:06:00";25
"2018-12-01 15:06:05";25
"2018-12-01 15:16:00";25
"2018-12-01 15:16:06";25
"2018-12-01 15:26:00";26
"2018-12-01 15:36:00";26
"2018-12-01 15:36:06";26
"2018-12-01 15:46:00";26
"2018-12-01 15:46:07";26
"2018-12-01 15:56:00";27
"2018-12-01 16:06:00";27
"2018-12-01 16:06:05";27
"2018-12-01 16:16:00";27
"2018-12-01 16:16:06";27
"2018-12-01 16:26:00";25
"2018-12-01 16:36:00";25
"2018-12-01 16:36:06";25
"2018-12-01 16:46:00";25
"2018-12-01 16:46:06";25
"2018-12-01 16:56:00";26
"2018-12-01 17:06:00";26
"2018-12-01 17:06:07";26
"2018-12-01 17:16:00";26
"2018-12-01 17:16:06";26
"2018-12-01 17:26:00";26
"2018-12-01 17:36:00";26
"2018-12-01 17:36:06";26
"2018-12-01 17:46:00";26
"2018-12-01 17:46:06";26
"2018-12-01 17:56:00";26
"2018-12-01 18:06:00";26
"2018-12-01 18:06:05";26
"2018-12-01 18:16:00";26
"2018-12-01 18:16:06";26
"2018-12-01 18:26:00";26
"2018-12-01 18:36:00";27
"2018-12-01 18:36:06";27
"2018-12-01 18:46:00";27
"2018-12-01 18:46:06";27
"2018-12-01 18:56:00";25
"2018-12-01 19:06:00";25
"2018-12-01 19:06:05";25
"2018-12-01 19:16:00";25
"2018-12-01 19:16:06";25
"2018-12-01 19:26:00";27
"2018-12-01 19:36:00";27
"2018-12-01 19:36:06";27
"2018-12-01 19:46:00";27
"2018-12-01 19:46:05";27
"2018-12-01 19:56:00";27
"2018-12-01 20:06:00";27
"2018-12-01 20:06:07";27
"2018-12-01 20:16:00";26
"2018-12-01 20:16:06";26
"2018-12-01 20:26:00";26
"2018-12-01 20:36:00";26
"2018-12-01 20:36:05";26
"2018-12-01 20:46:00";26
"2018-12-01 20:46:06";26
"2018-12-01 20:56:00";23
"2018-12-01 21:06:00";23
"2018-12-01 21:06:08";23
"2018-12-01 21:16:00";23
"2018-12-01 21:16:06";23
"2018-12-01 21:26:00";25
"2018-12-01 21:36:00";25
"2018-12-01 21:36:06";25
"2018-12-01 21:46:00";24
"2018-12-01 21:46:05";24
"2018-12-01 21:56:00";24
"2018-12-01 22:06:00";24
"2018-12-01 22:06:06";24
"2018-12-01 22:16:00";26
"2018-12-01 22:16:09";26
"2018-12-01 22:26:00";26
"2018-12-01 22:36:00";26
"2018-12-01 22:36:08";26
"2018-12-01 22:46:00";26
"2018-12-01 22:46:08";26
"2018-12-01 22:56:00";26
"2018-12-01 23:06:00";26
"2018-12-01 23:06:06";26
"2018-12-01 23:16:00";26
"2018-12-01 23:16:07";26
"2018-12-01 23:26:00";26
"2018-12-01 23:26:06";26
"2018-12-02 00:46:00";26
"2018-12-02 00:46:10";26
"2018-12-02 00:56:00";26
"2018-12-02 01:06:00";26
"2018-12-02 01:06:08";26
"2018-12-02 01:16:00";26
"2018-12-02 01:16:07";26
"2018-12-02 01:26:00";26
"2018-12-02 01:36:00";26
"2018-12-02 01:36:09";26
"2018-12-02 01:46:00";26
"2018-12-02 01:46:09";26
"2018-12-02 01:56:00";25
"2018-12-02 02:06:00";25
"2018-12-02 02:06:09";25
"2018-12-02 02:16:00";25
"2018-12-02 02:16:11";25
"2018-12-02 02:26:00";24
"2018-12-02 02:36:00";24
"2018-12-02 02:36:06";24
"2018-12-02 02:46:00";24
"2018-12-02 02:46:05";24
"2018-12-02 02:56:00";25
"2018-12-02 03:06:00";25
"2018-12-02 03:06:06";25
"2018-12-02 03:16:00";25
"2018-12-02 03:16:05";25
"2018-12-02 03:26:00";26
"2018-12-02 03:36:00";26
"2018-12-02 03:36:05";26
"2018-12-02 03:46:00";26
"2018-12-02 03:46:06";26
"2018-12-02 03:56:00";25
"2018-12-02 04:06:00";25
"2018-12-02 04:06:06";25
"2018-12-02 04:16:00";25
"2018-12-02 04:16:05";25
"2018-12-02 04:26:00";24
"2018-12-02 04:36:00";24
"2018-12-02 04:36:05";24
"2018-12-02 04:46:00";24
"2018-12-02 04:46:06";24
"2018-12-02 04:56:00";24
"2018-12-02 05:06:00";24
"2018-12-02 05:06:05";24
"2018-12-02 05:16:00";24
"2018-12-02 05:16:05";24
"2018-12-02 05:26:00";26
"2018-12-02 05:36:00";26
"2018-12-02 05:36:05";26
"2018-12-02 05:46:00";26
"2018-12-02 05:46:05";26
"2018-12-02 05:56:00";25
"2018-12-02 06:06:00";25
"2018-12-02 06:06:05";25
"2018-12-02 06:16:00";25
"2018-12-02 06:16:05";25
"2018-12-02 06:26:00";26
"2018-12-02 06:36:00";26
"2018-12-02 06:36:05";26
"2018-12-02 06:46:00";26
"2018-12-02 06:46:05";26
"2018-12-02 06:56:00";25
"2018-12-02 07:06:00";25
"2018-12-02 07:06:05";25
"2018-12-02 07:16:00";25
"2018-12-02 07:16:05";25
"2018-12-02 07:26:00";25
"2018-12-02 07:36:00";25
"2018-12-02 07:36:05";25
"2018-12-02 07:46:00";25
"2018-12-02 07:46:05";25
"2018-12-02 07:56:00";25
"2018-12-02 08:06:00";25
"2018-12-02 08:06:05";25
"2018-12-02 08:16:00";25
"2018-12-02 08:16:06";25
"2018-12-02 08:26:00";25
"2018-12-02 08:36:00";25
"2018-12-02 08:36:06";25
"2018-12-02 08:46:00";25
"2018-12-02 08:46:06";25
"2018-12-02 08:56:00";25
"2018-12-02 09:06:00";25
"2018-12-02 09:06:06";25
"2018-12-02 09:16:00";25
"2018-12-02 09:16:05";25
"2018-12-02 09:26:00";26
"2018-12-02 09:36:00";26
"2018-12-02 09:36:06";26
"2018-12-02 09:46:00";26
"2018-12-02 09:46:05";26
"2018-12-02 09:56:00";26
"2018-12-02 10:06:00";26
"2018-12-02 10:06:06";26
"2018-12-02 10:16:00";26
"2018-12-02 10:16:05";26
"2018-12-02 10:26:00";26
"2018-12-02 10:36:00";26
"2018-12-02 10:36:05";26
"2018-12-02 10:46:00";26
"2018-12-02 10:46:05";26
"2018-12-02 10:56:00";26
"2018-12-02 11:06:00";26
"2018-12-02 11:06:06";26
"2018-12-02 11:16:00";24
"2018-12-02 11:16:06";24
"2018-12-02 11:26:00";24
"2018-12-02 11:36:00";24
"2018-12-02 11:36:05";24
"2018-12-02 11:46:00";24
"2018-12-02 11:46:07";24
"2018-12-02 11:56:00";24
"2018-12-02 12:06:00";24
"2018-12-02 12:06:05";24
"2018-12-02 12:16:00";25
"2018-12-02 12:16:05";25
"2018-12-02 12:26:00";25
"2018-12-02 12:36:00";25
"2018-12-02 12:36:06";25
"2018-12-02 12:46:00";25
"2018-12-02 12:46:05";25
"2018-12-02 12:56:00";25
"2018-12-02 13:06:00";25
"2018-12-02 13:06:05";25
"2018-12-02 13:16:00";25
"2018-12-02 13:16:06";25
"2018-12-02 13:26:00";25
"2018-12-02 13:36:00";25
"2018-12-02 13:36:05";25
"2018-12-02 13:46:00";25
"2018-12-02 13:46:05";25
"2018-12-02 13:56:00";26
"2018-12-02 14:06:00";26
"2018-12-02 14:06:06";26
"2018-12-02 14:16:00";26
"2018-12-02 14:16:05";26
"2018-12-02 14:26:00";26
"2018-12-02 14:36:00";26
"2018-12-02 14:36:05";26
"2018-12-02 14:46:00";26
"2018-12-02 14:46:06";26
"2018-12-02 14:56:00";25
"2018-12-02 15:06:00";25
"2018-12-02 15:06:06";25
"2018-12-02 15:16:00";25
"2018-12-02 15:16:06";25
"2018-12-02 15:26:00";24
"2018-12-02 15:36:00";24
"2018-12-02 15:36:06";24
"2018-12-02 15:46:00";23
"2018-12-02 15:46:06";23
"2018-12-02 15:56:00";23
"2018-12-02 16:06:00";23
"2018-12-02 16:06:06";23
"2018-12-02 16:16:00";23
"2018-12-02 16:16:05";23
"2018-12-02 16:26:00";25
"2018-12-02 16:36:00";25
"2018-12-02 16:36:05";25
"2018-12-02 16:46:00";25
"2018-12-02 16:46:05";25
"2018-12-02 16:56:00";25
"2018-12-02 17:06:00";25
"2018-12-02 17:06:06";25
"2018-12-02 17:16:00";25
"2018-12-02 17:16:06";25
"2018-12-02 17:26:00";25
"2018-12-02 17:36:00";25
"2018-12-02 17:36:06";25
"2018-12-02 17:46:00";25
"2018-12-02 17:46:06";25
"2018-12-02 17:56:00";26
"2018-12-02 18:06:00";26
"2018-12-02 18:06:06";26
"2018-12-02 18:16:00";26
"2018-12-02 18:16:06";26
"2018-12-02 18:26:00";25
"2018-12-02 18:36:00";25
"2018-12-02 18:36:06";25
"2018-12-02 18:46:00";26
"2018-12-02 18:46:06";26
"2018-12-02 18:56:00";26
"2018-12-02 19:06:00";26
"2018-12-02 19:06:06";26
"2018-12-02 19:16:00";26
"2018-12-02 19:16:06";26
"2018-12-02 19:26:00";26
"2018-12-02 19:36:00";26
"2018-12-02 19:36:06";26
"2018-12-02 19:46:00";26
"2018-12-02 19:46:06";26
"2018-12-02 19:56:00";25
"2018-12-02 20:06:00";25
"2018-12-02 20:06:06";25
"2018-12-02 20:16:00";25
"2018-12-02 20:16:10";25
"2018-12-02 20:26:00";26
"2018-12-02 20:36:00";26
"2018-12-02 20:36:05";26
"2018-12-02 20:46:00";26
"2018-12-02 20:46:05";26
"2018-12-02 20:56:00";26
"2018-12-02 21:06:00";26
"2018-12-02 21:06:06";26
"2018-12-02 21:16:00";26
"2018-12-02 21:16:08";26
"2018-12-02 21:26:00";26
"2018-12-02 21:36:00";26
"2018-12-02 21:36:06";26
"2018-12-02 21:46:00";27
"2018-12-02 21:46:06";27
"2018-12-02 21:56:00";27
"2018-12-02 22:06:00";27
"2018-12-02 22:06:09";27
"2018-12-02 22:16:00";27
"2018-12-02 22:16:09";27
"2018-12-02 22:26:00";26
"2018-12-02 22:36:00";26
"2018-12-02 22:36:07";26
"2018-12-02 22:46:00";26
"2018-12-02 22:46:05";26
"2018-12-02 22:56:00";25
"2018-12-02 23:06:00";25
"2018-12-02 23:06:06";25
"2018-12-02 23:16:00";24
"2018-12-02 23:16:06";24
"2018-12-02 23:26:00";24
"2018-12-02 23:36:00";24
"2018-12-02 23:36:10";24
"2018-12-02 23:46:00";24
"2018-12-02 23:46:10";24
"2018-12-02 23:56:00";25
"2018-12-03 00:06:00";25
"2018-12-03 00:06:08";25
"2018-12-03 00:16:00";23
"2018-12-03 00:16:09";23
"2018-12-03 00:26:00";23
"2018-12-03 00:36:00";23
"2018-12-03 00:36:06";23
"2018-12-03 00:46:00";23
"2018-12-03 00:46:07";23
"2018-12-03 00:56:00";25
"2018-12-03 01:06:00";25
"2018-12-03 01:06:06";25
"2018-12-03 01:16:00";25
"2018-12-03 01:16:08";25
"2018-12-03 01:26:00";26
"2018-12-03 01:36:00";26
"2018-12-03 01:36:08";26
"2018-12-03 01:46:00";26
"2018-12-03 01:46:08";26
"2018-12-03 01:56:00";27
"2018-12-03 02:06:00";27
"2018-12-03 02:06:07";27
"2018-12-03 02:16:00";27
"2018-12-03 02:16:06";27
"2018-12-03 02:26:00";26
"2018-12-03 02:36:00";26
"2018-12-03 02:36:07";26
"2018-12-03 02:46:00";26
"2018-12-03 02:46:08";26
"2018-12-03 02:56:00";26
"2018-12-03 03:06:00";26
"2018-12-03 03:06:08";26
"2018-12-03 03:16:00";26
"2018-12-03 03:16:08";26
"2018-12-03 03:26:00";26
"2018-12-03 03:36:00";26
"2018-12-03 03:36:07";26
"2018-12-03 03:46:00";26
"2018-12-03 03:46:06";26
"2018-12-03 03:56:00";25
"2018-12-03 04:06:00";25
"2018-12-03 04:06:06";25
"2018-12-03 04:16:00";25
"2018-12-03 04:16:05";25
"2018-12-03 04:26:00";26
"2018-12-03 04:36:00";26
"2018-12-03 04:36:07";26
"2018-12-03 04:46:00";26
"2018-12-03 04:46:06";26
"2018-12-03 04:56:00";25
"2018-12-03 05:06:00";25
"2018-12-03 05:06:05";25
"2018-12-03 05:16:00";25
"2018-12-03 05:16:06";25
"2018-12-03 05:26:00";25
"2018-12-03 05:36:00";25
"2018-12-03 05:36:06";25
"2018-12-03 05:46:00";25
"2018-12-03 05:46:05";25
"2018-12-03 05:56:00";25
"2018-12-03 06:06:00";25
"2018-12-03 06:06:05";25
"2018-12-03 06:16:00";25
"2018-12-03 06:16:05";25
"2018-12-03 06:26:00";27
"2018-12-03 06:36:00";27
"2018-12-03 06:36:05";27
"2018-12-03 06:46:00";27
"2018-12-03 06:46:06";27
"2018-12-03 06:56:00";24
"2018-12-03 07:06:00";24
"2018-12-03 07:06:05";24
"2018-12-03 07:16:00";24
"2018-12-03 07:16:06";24
"2018-12-03 07:26:00";25
"2018-12-03 07:36:00";25
"2018-12-03 07:36:05";25
"2018-12-03 07:46:00";25
"2018-12-03 07:46:05";25
"2018-12-03 07:56:00";26
"2018-12-03 08:06:00";26
"2018-12-03 08:06:05";26
"2018-12-03 08:16:00";26
"2018-12-03 08:16:05";26
"2018-12-03 08:26:00";26
"2018-12-03 08:36:00";26
"2018-12-03 08:36:05";26
"2018-12-03 08:46:00";26
"2018-12-03 08:46:05";26
"2018-12-03 08:56:00";27
"2018-12-03 09:06:00";27
"2018-12-03 09:06:06";27
"2018-12-03 09:16:00";27
"2018-12-03 09:16:05";27
"2018-12-03 09:26:00";27
"2018-12-03 09:36:00";27
"2018-12-03 09:36:05";27
"2018-12-03 09:46:00";28
"2018-12-03 09:46:06";28
"2018-12-03 09:56:00";28
"2018-12-03 10:06:00";28
"2018-12-03 10:06:05";28
"2018-12-03 10:16:00";28
"2018-12-03 10:16:06";28
"2018-12-03 10:26:00";28
"2018-12-03 10:36:00";28
"2018-12-03 10:36:06";28
"2018-12-03 10:46:00";28
"2018-12-03 10:46:07";28
"2018-12-03 10:56:00";24
"2018-12-03 11:06:00";24
"2018-12-03 11:06:06";24
"2018-12-03 11:16:00";24
"2018-12-03 11:16:05";24
"2018-12-03 11:26:00";24
"2018-12-03 11:36:00";24
"2018-12-03 11:36:05";24
"2018-12-03 11:46:00";24
"2018-12-03 11:46:06";24
"2018-12-03 11:56:00";24
"2018-12-03 12:06:00";24
"2018-12-03 12:06:05";24
"2018-12-03 12:16:00";22
"2018-12-03 12:16:05";22
"2018-12-03 12:26:00";22
"2018-12-03 12:36:00";22
"2018-12-03 12:36:06";22
"2018-12-03 12:46:00";22
"2018-12-03 12:46:05";22
"2018-12-03 12:56:00";20
"2018-12-03 13:06:00";20
"2018-12-03 13:06:05";20
"2018-12-03 13:16:00";20
"2018-12-03 13:16:06";20
"2018-12-03 13:26:00";20
"2018-12-03 13:36:00";20
"2018-12-03 13:36:05";20
"2018-12-03 13:46:00";20
"2018-12-03 13:46:05";20
"2018-12-03 13:56:00";23
"2018-12-03 14:06:00";23
"2018-12-03 14:06:05";23
"2018-12-03 14:16:00";23
"2018-12-03 14:16:06";23
"2018-12-03 14:26:00";24
"2018-12-03 14:36:00";24
"2018-12-03 14:36:06";24
"2018-12-03 14:46:00";24
"2018-12-03 14:46:06";24
"2018-12-03 14:56:00";26
"2018-12-03 15:06:00";26
"2018-12-03 15:06:06";26
"2018-12-03 15:16:00";26
"2018-12-03 15:16:05";26
"2018-12-03 15:26:00";25
"2018-12-03 15:36:00";25
"2018-12-03 15:36:06";25
"2018-12-03 15:46:00";25
"2018-12-03 15:46:05";25
"2018-12-03 15:56:00";27
"2018-12-03 16:06:00";27
"2018-12-03 16:06:05";27
"2018-12-03 16:16:00";27
"2018-12-03 16:16:06";27
"2018-12-03 16:26:00";26
"2018-12-03 16:36:00";26
"2018-12-03 16:36:06";26
"2018-12-03 16:46:00";26
"2018-12-03 16:46:07";26
"2018-12-03 16:56:00";29
"2018-12-03 17:06:00";29
"2018-12-03 17:06:06";29
"2018-12-03 17:16:00";29
"2018-12-03 17:16:06";29
"2018-12-03 17:26:00";27
"2018-12-03 17:36:00";27
"2018-12-03 17:36:05";27
"2018-12-03 17:46:00";27
"2018-12-03 17:46:06";27
"2018-12-03 17:56:00";28
"2018-12-03 18:06:00";28
"2018-12-03 18:06:06";28
"2018-12-03 18:16:00";28
"2018-12-03 18:16:05";28
"2018-12-03 18:26:00";29
"2018-12-03 18:36:00";29
"2018-12-03 18:36:06";29
"2018-12-03 18:46:00";29
"2018-12-03 18:46:06";29
"2018-12-03 18:56:00";27
"2018-12-03 19:06:00";27
"2018-12-03 19:06:06";27
"2018-12-03 19:16:00";27
"2018-12-03 19:16:05";27
"2018-12-03 19:26:00";28
"2018-12-03 19:36:00";28
"2018-12-03 19:36:06";28
"2018-12-03 19:46:00";28
"2018-12-03 19:46:06";28
"2018-12-03 19:56:00";29
"2018-12-03 20:06:00";29
"2018-12-03 20:06:06";29
"2018-12-03 20:16:00";29
"2018-12-03 20:16:06";29
"2018-12-03 20:26:00";29
"2018-12-03 20:36:00";29
"2018-12-03 20:36:06";29
"2018-12-03 20:46:00";29
"2018-12-03 20:46:07";29
"2018-12-03 20:56:00";28
"2018-12-03 21:06:00";28
"2018-12-03 21:06:07";28
"2018-12-03 21:16:00";28
"2018-12-03 21:16:08";28
"2018-12-03 21:26:00";30
"2018-12-03 21:36:00";30
"2018-12-03 21:36:06";30
"2018-12-03 21:46:00";30
"2018-12-03 21:46:06";30
"2018-12-03 21:56:00";28
"2018-12-03 22:06:00";28
"2018-12-03 22:06:14";28
"2018-12-03 22:16:00";28
"2018-12-03 22:16:10";28
"2018-12-03 22:26:00";29
"2018-12-03 22:36:00";29
"2018-12-03 22:36:08";29
"2018-12-03 22:46:00";29
"2018-12-03 22:46:13";29
"2018-12-03 22:56:00";29
"2018-12-03 23:06:00";29
"2018-12-03 23:06:06";29
"2018-12-03 23:16:00";29
"2018-12-03 23:16:06";29
"2018-12-03 23:26:00";31
"2018-12-03 23:36:00";31
"2018-12-03 23:36:08";31
"2018-12-03 23:46:00";31
"2018-12-03 23:46:09";31
"2018-12-03 23:56:00";32
"2018-12-04 00:06:00";32
"2018-12-04 00:06:09";32
"2018-12-04 00:16:00";32
"2018-12-04 00:16:09";32
"2018-12-04 00:26:00";33
"2018-12-04 00:36:00";33
"2018-12-04 00:36:08";33
"2018-12-04 00:46:00";33
"2018-12-04 00:46:07";33
"2018-12-04 00:56:00";35
"2018-12-04 01:06:00";35
"2018-12-04 01:06:05";35
"2018-12-04 01:16:00";35
"2018-12-04 01:16:06";35
"2018-12-04 01:26:00";34
"2018-12-04 01:36:00";34
"2018-12-04 01:36:07";34
"2018-12-04 01:46:00";34
"2018-12-04 01:46:07";34
"2018-12-04 01:56:00";34
"2018-12-04 02:06:00";34
"2018-12-04 02:06:10";34
"2018-12-04 02:16:00";34
"2018-12-04 02:16:05";34
"2018-12-04 02:26:00";35
"2018-12-04 02:36:00";35
"2018-12-04 02:36:06";35
"2018-12-04 02:46:00";35
"2018-12-04 02:46:06";35
"2018-12-04 02:56:00";34
"2018-12-04 03:06:00";34
"2018-12-04 03:06:06";34
"2018-12-04 03:16:00";34
"2018-12-04 03:16:05";34
"2018-12-04 03:26:00";35
"2018-12-04 03:36:00";35
"2018-12-04 03:36:05";35
"2018-12-04 03:46:00";35
"2018-12-04 03:46:08";35
"2018-12-04 03:56:00";34
"2018-12-04 04:06:00";34
"2018-12-04 04:06:06";34
"2018-12-04 04:16:00";34
"2018-12-04 04:16:06";34
"2018-12-04 04:26:00";34
"2018-12-04 04:36:00";34
"2018-12-04 04:36:06";34
"2018-12-04 04:46:00";34
"2018-12-04 04:46:06";34
"2018-12-04 04:56:00";33
"2018-12-04 05:06:00";33
"2018-12-04 05:06:05";33
"2018-12-04 05:16:00";33
"2018-12-04 05:16:04";33
"2018-12-04 05:26:00";34
"2018-12-04 05:36:00";34
"2018-12-04 05:36:05";34
"2018-12-04 05:46:00";34
"2018-12-04 05:46:05";34
"2018-12-04 05:56:00";33
"2018-12-04 06:06:00";33
"2018-12-04 06:06:05";33
"2018-12-04 06:16:00";33
"2018-12-04 06:16:05";33
"2018-12-04 06:26:00";32
"2018-12-04 06:36:00";32
"2018-12-04 06:36:05";32
"2018-12-04 06:46:00";32
"2018-12-04 06:46:05";32
"2018-12-04 06:56:00";33
"2018-12-04 07:06:00";33
"2018-12-04 07:06:05";33
"2018-12-04 07:16:00";33
"2018-12-04 07:16:05";33
"2018-12-04 07:26:00";31
"2018-12-04 07:36:00";31
"2018-12-04 07:36:05";31
"2018-12-04 07:46:00";31
"2018-12-04 07:46:06";31
"2018-12-04 07:56:00";32
"2018-12-04 08:06:00";32
"2018-12-04 08:06:05";32
"2018-12-04 08:16:00";33
"2018-12-04 08:16:06";33
"2018-12-04 08:26:00";33
"2018-12-04 08:36:00";33
"2018-12-04 08:36:05";33
"2018-12-04 08:46:00";33
"2018-12-04 08:46:05";33
"2018-12-04 08:56:00";33
"2018-12-04 09:06:00";33
"2018-12-04 09:06:06";33
"2018-12-04 09:16:00";33
"2018-12-04 09:16:05";33
"2018-12-04 09:26:00";31
"2018-12-04 09:36:00";31
"2018-12-04 09:36:06";31
"2018-12-04 09:46:00";31
"2018-12-04 09:46:06";31
"2018-12-04 09:56:00";30
"2018-12-04 10:06:00";30
"2018-12-04 10:06:06";30
"2018-12-04 10:16:00";30
"2018-12-04 10:16:07";30
"2018-12-04 10:26:00";31
"2018-12-04 10:36:00";31
"2018-12-04 10:36:06";31
"2018-12-04 10:46:00";31
"2018-12-04 10:46:06";31
"2018-12-04 10:56:00";29
"2018-12-04 11:06:00";29
"2018-12-04 11:06:05";29
"2018-12-04 11:16:00";27
"2018-12-04 11:16:05";27
"2018-12-04 11:26:00";27
"2018-12-04 11:36:00";27
"2018-12-04 11:36:06";27
"2018-12-04 11:46:00";27
"2018-12-04 11:46:07";27
"2018-12-04 11:56:00";24
"2018-12-04 12:06:00";24
"2018-12-04 12:06:05";24
"2018-12-04 12:16:00";24
"2018-12-04 12:16:05";24
"2018-12-04 12:26:00";22
"2018-12-04 12:36:00";22
"2018-12-04 12:36:06";22
"2018-12-04 12:46:00";22
"2018-12-04 12:46:05";22
"2018-12-04 12:56:00";22
"2018-12-04 13:06:00";22
"2018-12-04 13:06:06";22
"2018-12-04 13:16:00";22
"2018-12-04 13:16:07";22
"2018-12-04 13:26:00";21
"2018-12-04 13:36:00";21
"2018-12-04 13:36:05";21
"2018-12-04 13:46:00";21
"2018-12-04 13:46:06";21
"2018-12-04 13:56:00";24
"2018-12-04 14:06:00";24
"2018-12-04 14:06:05";24
"2018-12-04 14:16:00";24
"2018-12-04 14:16:06";24
"2018-12-04 14:26:00";27
"2018-12-04 14:36:00";27
"2018-12-04 14:36:05";27
"2018-12-04 14:46:00";27
"2018-12-04 14:46:06";27
"2018-12-04 14:56:00";28
"2018-12-04 15:06:00";28
"2018-12-04 15:06:06";28
"2018-12-04 15:16:00";28
"2018-12-04 15:16:08";28
"2018-12-04 15:26:00";29
"2018-12-04 15:36:00";29
"2018-12-04 15:36:06";29
"2018-12-04 15:46:00";29
"2018-12-04 15:46:05";29
"2018-12-04 15:56:00";29
"2018-12-04 16:06:00";29
"2018-12-04 16:06:06";29
"2018-12-04 16:16:00";29
"2018-12-04 16:16:06";29
"2018-12-04 16:26:00";30
"2018-12-04 16:36:00";30
"2018-12-04 16:36:05";30
"2018-12-04 16:46:00";30
"2018-12-04 16:46:06";30
"2018-12-04 16:56:00";29
"2018-12-04 17:06:00";29
"2018-12-04 17:06:06";29
"2018-12-04 17:16:00";29
"2018-12-04 17:16:05";29
"2018-12-04 17:26:00";29
"2018-12-04 17:36:00";29
"2018-12-04 17:36:06";29
"2018-12-04 17:46:00";29
"2018-12-04 17:46:05";29
"2018-12-04 17:56:00";29
"2018-12-04 18:06:00";29
"2018-12-04 18:06:06";29
"2018-12-04 18:16:00";29
"2018-12-04 18:16:06";29
"2018-12-04 18:26:00";29
"2018-12-04 18:36:00";29
"2018-12-04 18:36:06";29
"2018-12-04 18:46:00";29
"2018-12-04 18:46:06";29
"2018-12-04 18:56:00";28
"2018-12-04 19:06:00";28
"2018-12-04 19:06:06";28
"2018-12-04 19:16:00";28
"2018-12-04 19:16:05";28
"2018-12-04 19:26:00";30
"2018-12-04 19:36:00";30
"2018-12-04 19:36:05";30
"2018-12-04 19:46:00";30
"2018-12-04 19:46:06";30
"2018-12-04 19:56:00";28
"2018-12-04 20:06:00";28
"2018-12-04 20:06:06";28
"2018-12-04 20:16:00";28
"2018-12-04 20:16:05";28
"2018-12-04 20:26:00";28
"2018-12-04 20:36:00";29
"2018-12-04 20:36:06";29
"2018-12-04 20:46:00";29
"2018-12-04 20:46:06";29
"2018-12-04 20:56:00";27
"2018-12-04 21:06:00";27
"2018-12-04 21:06:06";27
"2018-12-04 21:16:00";27
"2018-12-04 21:16:06";27
"2018-12-04 21:26:00";28
"2018-12-04 21:36:00";28
"2018-12-04 21:36:06";28
"2018-12-04 21:46:00";28
"2018-12-04 21:56:00";28
"2018-12-04 21:56:06";28
"2018-12-04 22:06:00";28
"2018-12-04 22:06:08";28
"2018-12-04 22:16:00";28
"2018-12-04 22:16:09";28
"2018-12-04 22:26:00";29
"2018-12-04 22:36:00";29
"2018-12-04 22:36:08";29
"2018-12-04 22:46:00";29
"2018-12-04 22:46:08";29
"2018-12-04 22:56:00";26
"2018-12-04 23:06:00";26
"2018-12-04 23:06:05";26
"2018-12-04 23:16:00";26
"2018-12-04 23:16:06";26
"2018-12-04 23:26:00";28
"2018-12-04 23:36:00";28
"2018-12-04 23:36:09";28
"2018-12-04 23:46:00";28
"2018-12-04 23:46:12";28
"2018-12-04 23:56:00";28
"2018-12-05 00:06:00";28
"2018-12-05 00:06:07";28
"2018-12-05 00:16:00";28
"2018-12-05 00:16:11";28
"2018-12-05 00:26:00";28
"2018-12-05 00:36:00";28
"2018-12-05 00:36:10";28
"2018-12-05 00:46:00";28
"2018-12-05 00:46:08";28
"2018-12-05 00:56:00";28
"2018-12-05 01:06:00";28
"2018-12-05 01:06:07";28
"2018-12-05 01:16:00";28
"2018-12-05 01:16:06";28
"2018-12-05 01:26:00";27
"2018-12-05 01:36:00";27
"2018-12-05 01:36:10";27
"2018-12-05 01:46:00";27
"2018-12-05 01:46:09";27
"2018-12-05 01:56:00";29
"2018-12-05 02:06:00";29
"2018-12-05 02:06:10";29
"2018-12-05 02:16:00";29
"2018-12-05 02:16:09";29
"2018-12-05 02:26:00";28
"2018-12-05 02:36:00";28
"2018-12-05 02:36:05";28
"2018-12-05 02:46:00";28
"2018-12-05 02:46:05";28
"2018-12-05 02:56:00";28
"2018-12-05 03:06:00";28
"2018-12-05 03:06:05";28
"2018-12-05 03:16:00";28
"2018-12-05 03:16:05";28
"2018-12-05 03:26:00";28
"2018-12-05 03:36:00";28
"2018-12-05 03:36:06";28
"2018-12-05 03:46:00";28
"2018-12-05 03:46:07";28
"2018-12-05 03:56:00";28
"2018-12-05 04:06:00";28
"2018-12-05 04:06:07";28
"2018-12-05 04:16:00";28
"2018-12-05 04:16:05";28
"2018-12-05 04:26:00";28
"2018-12-05 04:36:00";28
"2018-12-05 04:36:06";28
"2018-12-05 04:46:00";28
"2018-12-05 04:46:06";28
"2018-12-05 04:56:00";28
"2018-12-05 05:06:00";28
"2018-12-05 05:06:05";28
"2018-12-05 05:16:00";28
"2018-12-05 05:16:06";28
"2018-12-05 05:26:00";26
"2018-12-05 05:36:00";26
"2018-12-05 05:36:05";26
"2018-12-05 05:46:00";26
"2018-12-05 05:46:05";26
"2018-12-05 05:56:00";26
"2018-12-05 06:06:00";26
"2018-12-05 06:06:07";26
"2018-12-05 06:16:00";26
"2018-12-05 06:16:05";26
"2018-12-05 06:26:00";28
"2018-12-05 06:36:00";28
"2018-12-05 06:36:05";28
"2018-12-05 06:46:00";28
"2018-12-05 06:46:06";28
"2018-12-05 06:56:00";30
"2018-12-05 07:06:00";30
"2018-12-05 07:06:05";30
"2018-12-05 07:16:00";30
"2018-12-05 07:16:05";30
"2018-12-05 07:26:00";27
"2018-12-05 07:36:00";27
"2018-12-05 07:36:05";27
"2018-12-05 07:46:00";27
"2018-12-05 07:46:05";27
"2018-12-05 07:56:00";26
"2018-12-05 08:06:00";26
"2018-12-05 08:06:06";26
"2018-12-05 08:16:00";26
"2018-12-05 08:16:07";26
"2018-12-05 08:26:00";28
"2018-12-05 08:36:00";28
"2018-12-05 08:36:05";28
"2018-12-05 08:46:00";28
"2018-12-05 08:46:06";28
"2018-12-05 08:56:00";27
"2018-12-05 09:06:00";27
"2018-12-05 09:06:05";27
"2018-12-05 09:16:00";27
"2018-12-05 09:16:08";27
"2018-12-05 09:26:00";29
"2018-12-05 09:36:00";29
"2018-12-05 09:36:06";29
"2018-12-05 09:46:00";29
"2018-12-05 09:46:06";29
"2018-12-05 09:56:00";28
"2018-12-05 10:06:00";28
"2018-12-05 10:06:06";28
"2018-12-05 10:16:00";28
"2018-12-05 10:16:06";28
"2018-12-05 10:26:00";27
"2018-12-05 10:36:00";27
"2018-12-05 10:36:05";27
"2018-12-05 10:46:00";27
"2018-12-05 10:46:06";27
"2018-12-05 10:56:00";27
"2018-12-05 11:06:00";27
"2018-12-05 11:06:06";27
"2018-12-05 11:16:00";26
"2018-12-05 11:16:06";26
"2018-12-05 11:26:00";26
"2018-12-05 11:36:00";26
"2018-12-05 11:36:05";26
"2018-12-05 11:46:00";26
"2018-12-05 11:46:06";26
"2018-12-05 11:56:00";25
"2018-12-05 12:06:00";25
"2018-12-05 12:06:06";25
"2018-12-05 12:16:00";25
"2018-12-05 12:16:05";25
"2018-12-05 12:26:00";23
"2018-12-05 12:36:00";23
"2018-12-05 12:36:05";23
"2018-12-05 12:46:00";23
"2018-12-05 12:46:05";23
"2018-12-05 12:56:00";23
"2018-12-05 13:06:00";23
"2018-12-05 13:06:06";23
"2018-12-05 13:16:00";23
"2018-12-05 13:16:06";23
"2018-12-05 13:26:00";21
"2018-12-05 13:36:00";21
"2018-12-05 13:36:05";21
"2018-12-05 13:46:00";21
"2018-12-05 13:46:06";21
"2018-12-05 13:56:00";23
"2018-12-05 14:06:00";23
"2018-12-05 14:06:05";23
"2018-12-05 14:16:00";23
"2018-12-05 14:16:05";23
"2018-12-05 14:26:00";24
"2018-12-05 14:36:00";24
"2018-12-05 14:36:06";24
"2018-12-05 14:46:00";24
"2018-12-05 14:46:06";24
"2018-12-05 14:56:00";25
"2018-12-05 15:06:00";25
"2018-12-05 15:06:06";25
"2018-12-05 15:16:00";25
"2018-12-05 15:16:06";25
"2018-12-05 15:26:00";27
"2018-12-05 15:36:00";27
"2018-12-05 15:36:05";27
"2018-12-05 15:46:00";27
"2018-12-05 15:46:06";27
"2018-12-05 15:56:00";27
"2018-12-05 16:06:00";27
"2018-12-05 16:06:06";27
"2018-12-05 16:16:00";27
"2018-12-05 16:16:06";27
"2018-12-05 16:26:00";26
"2018-12-05 16:36:00";26
"2018-12-05 16:36:05";26
"2018-12-05 16:46:00";26
"2018-12-05 16:46:06";26
"2018-12-05 16:56:00";27
"2018-12-05 17:06:00";27
"2018-12-05 17:06:06";27
"2018-12-05 17:16:00";27
"2018-12-05 17:16:06";27
"2018-12-05 17:26:00";26
"2018-12-05 17:36:00";26
"2018-12-05 17:36:05";26
"2018-12-05 17:46:00";26
"2018-12-05 17:46:05";26
"2018-12-05 17:56:00";25
"2018-12-05 18:06:00";25
"2018-12-05 18:06:06";25
"2018-12-05 18:16:00";25
"2018-12-05 18:16:06";25
"2018-12-05 18:26:00";26
"2018-12-05 18:36:00";26
"2018-12-05 18:36:06";26
"2018-12-05 18:46:00";26
"2018-12-05 18:46:06";26
"2018-12-05 18:56:00";26
"2018-12-05 19:06:00";26
"2018-12-05 19:06:06";26
"2018-12-05 19:16:00";26
"2018-12-05 19:16:06";26
"2018-12-05 19:26:00";28
"2018-12-05 19:36:00";28
"2018-12-05 19:36:06";28
"2018-12-05 19:46:00";28
"2018-12-05 19:46:06";28
"2018-12-05 19:56:00";27
"2018-12-05 20:06:00";27
"2018-12-05 20:06:06";27
"2018-12-05 20:16:00";27
"2018-12-05 20:16:07";27
"2018-12-05 20:26:00";27
"2018-12-05 20:36:00";27
"2018-12-05 20:36:06";27
"2018-12-05 20:46:00";27
"2018-12-05 20:46:05";27
"2018-12-05 20:56:00";26
"2018-12-05 21:06:00";26
"2018-12-05 21:06:06";26
"2018-12-05 21:16:00";26
"2018-12-05 21:16:06";26
"2018-12-05 21:26:00";27
"2018-12-05 21:36:00";27
"2018-12-05 21:36:06";27
"2018-12-05 21:46:00";27
"2018-12-05 21:46:06";27
"2018-12-05 21:56:00";27
"2018-12-05 22:06:00";27
"2018-12-05 22:06:15";27
"2018-12-05 22:16:00";27
"2018-12-05 22:16:11";27
"2018-12-05 22:26:00";28
"2018-12-05 22:36:00";28
"2018-12-05 22:36:11";28
"2018-12-05 22:46:00";28
"2018-12-05 22:46:13";28
"2018-12-05 22:56:00";27
"2018-12-05 23:06:00";27
"2018-12-05 23:06:06";27
"2018-12-05 23:16:00";27
"2018-12-05 23:16:06";27
"2018-12-05 23:26:00";27
"2018-12-05 23:36:00";27
"2018-12-05 23:36:09";27
"2018-12-05 23:46:00";27
"2018-12-05 23:46:10";27
"2018-12-05 23:56:00";26
"2018-12-06 00:06:00";26
"2018-12-06 00:06:08";26
"2018-12-06 00:16:00";26
"2018-12-06 00:16:07";26
"2018-12-06 00:26:00";25
"2018-12-06 00:36:00";25
"2018-12-06 00:36:12";25
"2018-12-06 00:46:00";25
"2018-12-06 00:46:11";25
"2018-12-06 00:56:00";26
"2018-12-06 01:06:00";26
"2018-12-06 01:06:09";26
"2018-12-06 01:16:00";26
"2018-12-06 01:16:07";26
"2018-12-06 01:26:00";26
"2018-12-06 01:36:00";26
"2018-12-06 01:36:07";26
"2018-12-06 01:46:00";26
"2018-12-06 01:46:07";26
"2018-12-06 01:56:00";26
"2018-12-06 02:06:00";26
"2018-12-06 02:06:12";26
"2018-12-06 02:16:00";26
"2018-12-06 02:16:11";26
"2018-12-06 02:26:00";26
"2018-12-06 02:36:00";26
"2018-12-06 02:36:08";26
"2018-12-06 02:46:00";26
"2018-12-06 02:46:13";26
"2018-12-06 02:56:00";25
"2018-12-06 03:06:00";25
"2018-12-06 03:06:05";25
"2018-12-06 03:16:00";25
"2018-12-06 03:16:07";25
"2018-12-06 03:26:00";27
"2018-12-06 03:36:00";27
"2018-12-06 03:36:06";27
"2018-12-06 03:46:00";27
"2018-12-06 03:46:09";27
"2018-12-06 03:56:00";26
"2018-12-06 04:06:00";26
"2018-12-06 04:06:06";26
"2018-12-06 04:16:00";26
"2018-12-06 04:16:06";26
"2018-12-06 04:26:00";25
"2018-12-06 04:36:00";25
"2018-12-06 04:36:05";25
"2018-12-06 04:46:00";25
"2018-12-06 04:46:05";25
"2018-12-06 04:56:00";27
"2018-12-06 05:06:00";27
"2018-12-06 05:06:05";27
"2018-12-06 05:16:00";27
"2018-12-06 05:16:05";27
"2018-12-06 05:26:00";27
"2018-12-06 05:36:00";27
"2018-12-06 05:36:05";27
"2018-12-06 05:46:00";27
"2018-12-06 05:46:06";27
"2018-12-06 05:56:00";28
"2018-12-06 06:06:00";28
"2018-12-06 06:06:05";28
"2018-12-06 06:16:00";28
"2018-12-06 06:16:05";28
"2018-12-06 06:26:00";26
"2018-12-06 06:36:00";26
"2018-12-06 06:36:05";26
"2018-12-06 06:46:00";26
"2018-12-06 06:46:07";26
"2018-12-06 06:56:00";26
"2018-12-06 07:06:00";26
"2018-12-06 07:06:05";26
"2018-12-06 07:16:00";26
"2018-12-06 07:16:06";26
"2018-12-06 07:26:00";27
"2018-12-06 07:36:00";27
"2018-12-06 07:36:05";27
"2018-12-06 07:46:00";27
"2018-12-06 07:46:06";27
"2018-12-06 07:56:00";26
"2018-12-06 08:06:00";26
"2018-12-06 08:06:05";26
"2018-12-06 08:16:00";26
"2018-12-06 08:16:06";26
"2018-12-06 08:26:00";26
"2018-12-06 08:36:00";26
"2018-12-06 08:36:06";26
"2018-12-06 08:46:00";26
"2018-12-06 08:46:05";26
"2018-12-06 08:56:00";26
"2018-12-06 09:06:00";26
"2018-12-06 09:06:06";26
"2018-12-06 09:16:00";26
"2018-12-06 09:16:06";26
"2018-12-06 09:26:00";28
"2018-12-06 09:36:00";28
"2018-12-06 09:36:05";28
"2018-12-06 09:46:00";28
"2018-12-06 09:46:05";28
"2018-12-06 09:56:00";27
"2018-12-06 10:06:00";27
"2018-12-06 10:06:07";27
"2018-12-06 10:16:00";27
"2018-12-06 10:16:06";27
"2018-12-06 10:26:00";27
"2018-12-06 10:36:00";27
"2018-12-06 10:36:06";27
"2018-12-06 10:46:00";27
"2018-12-06 10:46:05";27
"2018-12-06 10:56:00";25
"2018-12-06 11:06:00";25
"2018-12-06 11:06:05";25
"2018-12-06 11:16:00";25
"2018-12-06 11:16:05";25
"2018-12-06 11:26:00";22
"2018-12-06 11:36:00";22
"2018-12-06 11:36:05";22
"2018-12-06 11:46:00";22
"2018-12-06 11:46:06";22
"2018-12-06 11:56:00";24
"2018-12-06 12:06:00";24
"2018-12-06 12:06:06";24
"2018-12-06 12:16:00";24
"2018-12-06 12:16:05";24
"2018-12-06 12:26:00";21
"2018-12-06 12:36:00";21
"2018-12-06 12:36:06";21
"2018-12-06 12:46:00";21
"2018-12-06 12:46:06";21
"2018-12-06 12:56:00";21
"2018-12-06 13:06:00";21
"2018-12-06 13:06:06";21
"2018-12-06 13:16:00";21
"2018-12-06 13:16:06";21
"2018-12-06 13:26:00";21
"2018-12-06 13:36:00";21
"2018-12-06 13:36:05";21
"2018-12-06 13:46:00";21
"2018-12-06 13:46:06";21
"2018-12-06 13:56:00";21
"2018-12-06 14:06:00";21
"2018-12-06 14:06:05";21
"2018-12-06 14:16:00";23
"2018-12-06 14:16:05";23
"2018-12-06 14:26:00";23
"2018-12-06 14:36:00";23
"2018-12-06 14:36:06";23
"2018-12-06 14:46:00";23
"2018-12-06 14:46:05";23
"2018-12-06 14:56:00";23
"2018-12-06 15:06:00";23
"2018-12-06 15:06:06";23
"2018-12-06 15:16:00";23
"2018-12-06 15:16:06";23
"2018-12-06 15:26:00";25
"2018-12-06 15:36:00";25
"2018-12-06 15:36:06";25
"2018-12-06 15:46:00";25
"2018-12-06 15:46:08";25
"2018-12-06 15:56:00";25
"2018-12-06 16:06:00";25
"2018-12-06 16:06:06";25
"2018-12-06 16:16:00";25
"2018-12-06 16:16:06";25
"2018-12-06 16:26:00";25
"2018-12-06 16:36:00";25
"2018-12-06 16:36:06";25
"2018-12-06 16:46:00";25
"2018-12-06 16:46:06";25
"2018-12-06 16:56:00";25
"2018-12-06 17:06:00";25
"2018-12-06 17:06:05";25
"2018-12-06 17:16:00";25
"2018-12-06 17:16:06";25
"2018-12-06 17:26:00";26
"2018-12-06 17:36:00";26
"2018-12-06 17:36:06";26
"2018-12-06 17:46:00";26
"2018-12-06 17:46:06";26
"2018-12-06 17:56:00";25
"2018-12-06 18:06:00";25
"2018-12-06 18:06:06";25
"2018-12-06 18:16:00";25
"2018-12-06 18:16:06";25
"2018-12-06 18:26:00";25
"2018-12-06 18:36:00";25
"2018-12-06 18:36:06";25
"2018-12-06 18:46:00";25
"2018-12-06 18:46:06";25
"2018-12-06 18:56:00";25
"2018-12-06 19:06:00";25
"2018-12-06 19:06:12";25
"2018-12-06 19:16:00";25
"2018-12-06 19:16:06";25
"2018-12-06 19:26:00";27
"2018-12-06 19:36:00";27
"2018-12-06 19:36:06";27
"2018-12-06 19:46:00";27
"2018-12-06 19:46:05";27
"2018-12-06 19:56:00";26
"2018-12-06 20:06:00";26
"2018-12-06 20:06:07";26
"2018-12-06 20:16:00";26
"2018-12-06 20:16:06";26
"2018-12-06 20:26:00";26
"2018-12-06 20:36:00";26
"2018-12-06 20:36:06";26
"2018-12-06 20:46:00";26
"2018-12-06 20:46:06";26
"2018-12-06 20:56:00";26
"2018-12-06 21:06:00";26
"2018-12-06 21:06:06";26
"2018-12-06 21:16:00";26
"2018-12-06 21:16:07";26
"2018-12-06 21:26:00";26
"2018-12-06 21:36:00";26
"2018-12-06 21:36:07";26
"2018-12-06 21:46:00";26
"2018-12-06 21:46:07";26
"2018-12-06 21:56:00";26
"2018-12-06 22:06:00";26
"2018-12-06 22:06:14";26
"2018-12-06 22:16:00";26
"2018-12-06 22:16:09";26
"2018-12-06 22:26:00";27
"2018-12-06 22:36:00";27
"2018-12-06 22:36:08";27
"2018-12-06 22:46:00";27
"2018-12-06 22:46:12";27
"2018-12-06 22:56:00";26
"2018-12-06 23:06:00";26
"2018-12-06 23:06:06";26
"2018-12-06 23:16:00";26
"2018-12-06 23:16:06";26
"2018-12-06 23:26:00";26
"2018-12-06 23:36:00";26
"2018-12-06 23:36:09";26
"2018-12-06 23:46:00";26
"2018-12-06 23:46:10";26
"2018-12-06 23:56:00";26
"2018-12-07 00:06:00";26
"2018-12-07 00:06:06";26
"2018-12-07 00:16:00";26
"2018-12-07 00:16:10";26
"2018-12-07 00:26:00";26
"2018-12-07 00:36:00";26
"2018-12-07 00:36:08";26
"2018-12-07 00:46:00";26
"2018-12-07 00:46:07";26
"2018-12-07 00:56:00";26
"2018-12-07 01:06:00";26
"2018-12-07 01:06:09";26
"2018-12-07 01:16:00";26
"2018-12-07 01:16:06";26
"2018-12-07 01:27:00";26
"2018-12-07 01:36:00";26
"2018-12-07 01:36:11";26
"2018-12-07 01:46:00";26
"2018-12-07 01:46:08";26
"2018-12-07 01:56:00";25
"2018-12-07 02:06:00";25
"2018-12-07 02:06:09";25
"2018-12-07 02:16:00";25
"2018-12-07 02:16:08";25
"2018-12-07 02:26:00";27
"2018-12-07 02:36:00";27
"2018-12-07 02:36:05";27
"2018-12-07 02:46:00";27
"2018-12-07 02:46:05";27
"2018-12-07 02:56:00";24
"2018-12-07 03:06:00";24
"2018-12-07 03:06:05";24
"2018-12-07 03:16:00";24
"2018-12-07 03:16:05";24
"2018-12-07 03:26:00";25
"2018-12-07 03:36:00";25
"2018-12-07 03:36:05";25
"2018-12-07 03:46:00";25
"2018-12-07 03:46:07";25
"2018-12-07 03:56:00";26
"2018-12-07 04:06:00";26
"2018-12-07 04:06:07";26
"2018-12-07 04:16:00";26
"2018-12-07 04:16:05";26
"2018-12-07 04:26:00";26
"2018-12-07 04:36:00";26
"2018-12-07 04:36:05";26
"2018-12-07 04:46:00";26
"2018-12-07 04:46:05";26
"2018-12-07 04:56:00";26
"2018-12-07 05:06:00";26
"2018-12-07 05:06:05";26
"2018-12-07 05:16:00";26
"2018-12-07 05:16:05";26
"2018-12-07 05:26:00";25
"2018-12-07 05:36:00";25
"2018-12-07 05:36:05";25
"2018-12-07 05:46:00";25
"2018-12-07 05:46:05";25
"2018-12-07 05:56:00";26
"2018-12-07 06:06:00";26
"2018-12-07 06:06:06";26
"2018-12-07 06:16:00";26
"2018-12-07 06:16:05";26
"2018-12-07 06:26:00";26
"2018-12-07 06:36:00";26
"2018-12-07 06:36:05";26
"2018-12-07 06:46:00";26
"2018-12-07 06:46:05";26
"2018-12-07 06:56:00";25
"2018-12-07 07:06:00";25
"2018-12-07 07:06:05";25
"2018-12-07 07:16:00";25
"2018-12-07 07:16:05";25
"2018-12-07 07:26:00";25
"2018-12-07 07:36:00";25
"2018-12-07 07:36:05";25
"2018-12-07 07:46:00";25
"2018-12-07 07:46:05";25
"2018-12-07 07:56:00";25
"2018-12-07 08:06:00";25
"2018-12-07 08:06:05";25
"2018-12-07 08:16:00";25
"2018-12-07 08:16:05";25
"2018-12-07 08:26:00";25
"2018-12-07 08:36:00";25
"2018-12-07 08:36:05";25
"2018-12-07 08:46:00";25
"2018-12-07 08:46:06";25
"2018-12-07 08:56:00";25
"2018-12-07 09:06:00";25
"2018-12-07 09:06:06";25
"2018-12-07 09:16:00";25
"2018-12-07 09:16:06";25
"2018-12-07 09:26:00";26
"2018-12-07 09:36:00";26
"2018-12-07 09:36:05";26
"2018-12-07 09:46:00";26
"2018-12-07 09:46:05";26
"2018-12-07 09:56:00";25
"2018-12-07 10:06:00";25
"2018-12-07 10:06:06";25
"2018-12-07 10:16:00";25
"2018-12-07 10:16:06";25
"2018-12-07 10:26:00";25
"2018-12-07 10:36:00";25
"2018-12-07 10:36:05";25
"2018-12-07 10:46:00";25
"2018-12-07 10:46:06";25
"2018-12-07 10:56:00";25
"2018-12-07 11:06:00";25
"2018-12-07 11:06:05";25
"2018-12-07 11:16:00";25
"2018-12-07 11:16:05";25
"2018-12-07 11:26:00";25
"2018-12-07 11:36:00";21
"2018-12-07 11:36:05";21
"2018-12-07 11:46:00";21
"2018-12-07 11:46:07";21
"2018-12-07 11:56:00";21
"2018-12-07 12:06:00";21
"2018-12-07 12:06:07";21
"2018-12-07 12:16:00";21
"2018-12-07 12:16:05";21
"2018-12-07 12:26:00";21
"2018-12-07 12:36:00";21
"2018-12-07 12:36:05";21
"2018-12-07 12:46:00";21
"2018-12-07 12:46:06";21
"2018-12-07 12:56:00";22
"2018-12-07 13:06:00";22
"2018-12-07 13:06:06";22
"2018-12-07 13:16:00";22
"2018-12-07 13:16:07";22
"2018-12-07 13:26:00";18
"2018-12-07 13:36:00";18
"2018-12-07 13:36:05";18
"2018-12-07 13:46:00";18
"2018-12-07 13:46:06";18
"2018-12-07 13:56:00";21
"2018-12-07 14:06:00";21
"2018-12-07 14:06:05";21
"2018-12-07 14:16:00";21
"2018-12-07 14:16:06";21
"2018-12-07 14:26:00";22
"2018-12-07 14:36:00";22
"2018-12-07 14:36:05";22
"2018-12-07 14:46:00";22
"2018-12-07 14:46:06";22
"2018-12-07 14:56:00";23
"2018-12-07 15:06:00";23
"2018-12-07 15:06:06";23
"2018-12-07 15:16:00";23
"2018-12-07 15:16:06";23
"2018-12-07 15:26:00";24
"2018-12-07 15:36:00";24
"2018-12-07 15:36:06";24
"2018-12-07 15:46:00";24
"2018-12-07 15:46:06";24
"2018-12-07 15:56:00";25
"2018-12-07 16:06:00";25
"2018-12-07 16:06:06";25
"2018-12-07 16:16:00";25
"2018-12-07 16:16:06";25
"2018-12-07 16:26:00";24
"2018-12-07 16:36:00";24
"2018-12-07 16:36:05";24
"2018-12-07 16:46:00";24
"2018-12-07 16:46:06";24
"2018-12-07 16:56:00";24
"2018-12-07 17:06:00";24
"2018-12-07 17:06:05";24
"2018-12-07 17:16:00";24
"2018-12-07 17:16:06";24
"2018-12-07 17:26:00";24
"2018-12-07 17:36:00";24
"2018-12-07 17:36:06";24
"2018-12-07 17:46:00";24
"2018-12-07 17:46:06";24
"2018-12-07 17:56:00";25
"2018-12-07 18:06:00";25
"2018-12-07 18:06:06";25
"2018-12-07 18:16:00";25
"2018-12-07 18:16:06";25
"2018-12-07 18:26:00";25
"2018-12-07 18:36:00";25
"2018-12-07 18:36:06";25
"2018-12-07 18:46:00";25
"2018-12-07 18:46:06";25
"2018-12-07 18:56:00";25
"2018-12-07 19:06:00";25
"2018-12-07 19:06:06";25
"2018-12-07 19:16:00";25
"2018-12-07 19:16:06";25
"2018-12-07 19:26:00";25
"2018-12-07 19:36:00";25
"2018-12-07 19:36:06";25
"2018-12-07 19:46:00";25
"2018-12-07 19:46:06";25
"2018-12-07 19:56:00";26
"2018-12-07 20:06:00";26
"2018-12-07 20:06:06";26
"2018-12-07 20:16:00";26
"2018-12-07 20:16:08";26
"2018-12-07 20:26:00";25
"2018-12-07 20:36:00";25
"2018-12-07 20:36:07";25
"2018-12-07 20:46:00";25
"2018-12-07 20:46:06";25
"2018-12-07 20:56:00";25
"2018-12-07 21:06:00";25
"2018-12-07 21:06:07";25
"2018-12-07 21:16:00";25
"2018-12-07 21:16:06";25
"2018-12-07 21:26:00";25
"2018-12-07 21:36:00";25
"2018-12-07 21:36:06";25
"2018-12-07 21:46:00";25
"2018-12-07 21:46:06";25
"2018-12-07 21:56:00";25
"2018-12-07 22:06:00";25
"2018-12-07 22:06:09";25
"2018-12-07 22:16:00";25
"2018-12-07 22:16:08";25
"2018-12-07 22:26:00";25
"2018-12-07 22:36:00";25
"2018-12-07 22:36:14";25
"2018-12-07 22:46:00";25
"2018-12-07 22:46:10";25
"2018-12-07 22:56:00";24
"2018-12-07 23:06:00";24
"2018-12-07 23:06:06";24
"2018-12-07 23:16:00";24
"2018-12-07 23:16:06";24
"2018-12-07 23:26:00";26
"2018-12-07 23:36:00";26
"2018-12-07 23:36:09";26
"2018-12-07 23:46:00";26
"2018-12-07 23:46:08";26
"2018-12-07 23:56:00";26
"2018-12-08 00:06:00";26
"2018-12-08 00:06:07";26
"2018-12-08 00:16:00";26
"2018-12-08 00:16:09";26
"2018-12-08 00:26:00";24
"2018-12-08 00:36:00";24
"2018-12-08 00:36:10";24
"2018-12-08 00:46:00";24
"2018-12-08 00:46:10";24
"2018-12-08 00:56:00";26
"2018-12-08 01:06:00";26
"2018-12-08 01:06:09";26
"2018-12-08 01:16:00";26
"2018-12-08 01:16:07";26
"2018-12-08 01:26:00";25
"2018-12-08 01:36:00";25
"2018-12-08 01:36:06";25
"2018-12-08 01:46:00";25
"2018-12-08 01:46:11";25
"2018-12-08 01:56:00";23
"2018-12-08 02:06:00";23
"2018-12-08 02:06:12";23
"2018-12-08 02:16:00";23
"2018-12-08 02:16:10";23
"2018-12-08 02:26:00";25
"2018-12-08 02:36:00";25
"2018-12-08 02:36:06";25
"2018-12-08 02:46:00";25
"2018-12-08 02:46:05";25
"2018-12-08 02:56:00";26
"2018-12-08 03:06:00";26
"2018-12-08 03:06:05";26
"2018-12-08 03:16:00";26
"2018-12-08 03:16:05";26
"2018-12-08 03:26:00";26
"2018-12-08 03:36:00";27
"2018-12-08 03:36:06";27
"2018-12-08 03:46:00";27
"2018-12-08 03:46:08";27
"2018-12-08 03:56:00";25
"2018-12-08 04:06:00";25
"2018-12-08 04:06:07";25
"2018-12-08 04:16:00";25
"2018-12-08 04:16:05";25
"2018-12-08 04:26:00";25
"2018-12-08 04:36:00";25
"2018-12-08 04:36:05";25
"2018-12-08 04:46:00";25
"2018-12-08 04:46:06";25
"2018-12-08 04:56:00";24
"2018-12-08 05:06:00";24
"2018-12-08 05:06:05";24
"2018-12-08 05:16:00";24
"2018-12-08 05:16:05";24
"2018-12-08 05:26:00";26
"2018-12-08 05:36:00";26
"2018-12-08 05:36:06";26
"2018-12-08 05:46:00";26
"2018-12-08 05:46:05";26
"2018-12-08 05:56:00";25
"2018-12-08 06:06:00";25
"2018-12-08 06:06:05";25
"2018-12-08 06:16:00";25
"2018-12-08 06:16:05";25
"2018-12-08 06:26:00";25
"2018-12-08 06:36:00";25
"2018-12-08 06:36:06";25
"2018-12-08 06:46:00";25
"2018-12-08 06:46:06";25
"2018-12-08 06:56:00";24
"2018-12-08 07:06:00";24
"2018-12-08 07:06:05";24
"2018-12-08 07:16:00";24
"2018-12-08 07:16:05";24
"2018-12-08 07:26:00";24
"2018-12-08 07:36:00";24
"2018-12-08 07:36:06";24
"2018-12-08 07:46:00";24
"2018-12-08 07:46:06";24
"2018-12-08 07:56:00";23
"2018-12-08 08:06:00";23
"2018-12-08 08:06:05";23
"2018-12-08 08:16:00";23
"2018-12-08 08:16:06";23
"2018-12-08 08:26:00";24
"2018-12-08 08:36:00";24
"2018-12-08 08:36:06";24
"2018-12-08 08:46:00";24
"2018-12-08 08:46:05";24
"2018-12-08 08:56:00";24
"2018-12-08 09:06:00";24
"2018-12-08 09:06:05";24
"2018-12-08 09:16:00";24
"2018-12-08 09:16:06";24
"2018-12-08 09:26:00";24
"2018-12-08 09:36:00";24
"2018-12-08 09:36:05";24
"2018-12-08 09:46:00";24
"2018-12-08 09:46:06";24
"2018-12-08 09:56:00";24
"2018-12-08 10:06:00";24
"2018-12-08 10:06:05";24
"2018-12-08 10:16:00";24
"2018-12-08 10:16:05";24
"2018-12-08 10:26:00";27
"2018-12-08 10:36:00";27
"2018-12-08 10:36:06";27
"2018-12-08 10:46:00";27
"2018-12-08 10:46:06";27
"2018-12-08 10:56:00";22
"2018-12-08 11:06:00";22
"2018-12-08 11:06:07";22
"2018-12-08 11:16:00";22
"2018-12-08 11:16:06";22
"2018-12-08 11:26:00";22
"2018-12-08 11:36:00";22
"2018-12-08 11:36:06";22
"2018-12-08 11:46:00";22
"2018-12-08 11:46:06";22
"2018-12-08 11:56:00";20
"2018-12-08 12:06:00";20
"2018-12-08 12:06:05";20
"2018-12-08 12:16:00";19
"2018-12-08 12:16:05";19
"2018-12-08 12:26:00";19
"2018-12-08 12:36:00";19
"2018-12-08 12:36:06";19
"2018-12-08 12:46:00";19
"2018-12-08 12:46:06";19
"2018-12-08 12:56:00";17
"2018-12-08 13:06:00";17
"2018-12-08 13:06:07";17
"2018-12-08 13:16:00";17
"2018-12-08 13:16:06";17
"2018-12-08 13:26:00";14
"2018-12-08 13:36:00";14
"2018-12-08 13:36:05";14
"2018-12-08 13:46:00";14
"2018-12-08 13:46:06";14
"2018-12-08 13:56:00";21
"2018-12-08 14:06:00";21
"2018-12-08 14:06:06";21
"2018-12-08 14:16:00";21
"2018-12-08 14:16:06";21
"2018-12-08 14:26:00";21
"2018-12-08 14:36:00";21
"2018-12-08 14:36:05";21
"2018-12-08 14:46:00";21
"2018-12-08 14:46:06";21
"2018-12-08 14:56:00";21
"2018-12-08 15:06:00";21
"2018-12-08 15:06:06";21
"2018-12-08 15:16:00";21
"2018-12-08 15:16:06";21
"2018-12-08 15:26:00";24
"2018-12-08 15:36:00";24
"2018-12-08 15:36:06";24
"2018-12-08 15:46:00";24
"2018-12-08 15:46:06";24
"2018-12-08 15:56:00";24
"2018-12-08 16:06:00";24
"2018-12-08 16:16:00";24
"2018-12-08 16:26:00";24
"2018-12-08 16:36:00";24
"2018-12-08 16:46:00";24
"2018-12-08 16:56:00";24
"2018-12-08 17:06:00";24
"2018-12-08 17:16:00";24
"2018-12-08 17:16:06";24
"2018-12-08 17:26:00";24
"2018-12-08 17:36:00";24
"2018-12-08 17:36:06";24
"2018-12-08 17:46:00";24
"2018-12-08 17:46:06";24
"2018-12-08 17:56:00";24
"2018-12-08 18:06:00";24
"2018-12-08 18:06:06";24
"2018-12-08 18:16:00";24
"2018-12-08 18:16:06";24
"2018-12-08 18:26:00";26
"2018-12-08 18:36:00";26
"2018-12-08 18:36:06";26
"2018-12-08 18:46:00";26
"2018-12-08 18:46:06";26
"2018-12-08 18:56:00";23
"2018-12-08 19:06:00";23
"2018-12-08 19:06:06";23
"2018-12-08 19:16:00";23
"2018-12-08 19:16:06";23
"2018-12-08 19:26:00";26
"2018-12-08 19:36:00";26
"2018-12-08 19:36:06";26
"2018-12-08 19:46:00";26
"2018-12-08 19:46:06";26
"2018-12-08 19:56:00";27
"2018-12-08 20:06:00";27
"2018-12-08 20:06:06";27
"2018-12-08 20:16:00";27
"2018-12-08 20:16:07";27
"2018-12-08 20:26:00";24
"2018-12-08 20:36:00";24
"2018-12-08 20:36:07";24
"2018-12-08 20:46:00";24
"2018-12-08 20:46:06";24
"2018-12-08 20:56:00";23
"2018-12-08 21:06:00";23
"2018-12-08 21:06:06";23
"2018-12-08 21:16:00";23
"2018-12-08 21:16:06";23
"2018-12-08 21:26:00";22
"2018-12-08 21:36:00";22
"2018-12-08 21:36:06";22
"2018-12-08 21:46:00";22
"2018-12-08 21:46:06";22
"2018-12-08 21:56:00";21
"2018-12-08 22:06:00";21
"2018-12-08 22:06:07";21
"2018-12-08 22:16:00";21
"2018-12-08 22:16:09";21
"2018-12-08 22:26:00";23
"2018-12-08 22:36:00";23
"2018-12-08 22:36:08";23
"2018-12-08 22:46:00";23
"2018-12-08 22:46:09";23
"2018-12-08 22:56:00";23
"2018-12-08 23:06:00";23
"2018-12-08 23:06:06";23
"2018-12-08 23:16:00";23
"2018-12-08 23:16:06";23
"2018-12-08 23:26:00";25
"2018-12-08 23:26:05";25
"2018-12-09 00:46:00";24
"2018-12-09 00:46:09";24
"2018-12-09 00:56:00";24
"2018-12-09 01:06:00";24
"2018-12-09 01:06:09";24
"2018-12-09 01:16:00";24
"2018-12-09 01:16:06";24
"2018-12-09 01:26:00";24
"2018-12-09 01:36:00";23
"2018-12-09 01:36:08";23
"2018-12-09 01:46:00";23
"2018-12-09 01:46:08";23
"2018-12-09 01:56:00";24
"2018-12-09 02:06:00";24
"2018-12-09 02:06:06";24
"2018-12-09 02:16:00";24
"2018-12-09 02:16:05";24
"2018-12-09 02:26:00";24
"2018-12-09 02:36:00";24
"2018-12-09 02:36:05";24
"2018-12-09 02:46:00";24
"2018-12-09 02:46:05";24
"2018-12-09 02:56:00";23
"2018-12-09 03:06:00";23
"2018-12-09 03:06:06";23
"2018-12-09 03:16:00";23
"2018-12-09 03:16:06";23
"2018-12-09 03:26:00";23
"2018-12-09 03:36:00";23
"2018-12-09 03:36:05";23
"2018-12-09 03:46:00";23
"2018-12-09 03:46:07";23
"2018-12-09 03:56:00";24
"2018-12-09 04:06:00";24
"2018-12-09 04:06:05";24
"2018-12-09 04:16:00";24
"2018-12-09 04:16:06";24
"2018-12-09 04:26:00";24
"2018-12-09 04:36:00";24
"2018-12-09 04:36:05";24
"2018-12-09 04:46:00";24
"2018-12-09 04:46:06";24
"2018-12-09 04:56:00";23
"2018-12-09 05:06:00";23
"2018-12-09 05:06:05";23
"2018-12-09 05:16:00";23
"2018-12-09 05:16:05";23
"2018-12-09 05:26:00";23
"2018-12-09 05:36:00";23
"2018-12-09 05:36:05";23
"2018-12-09 05:46:00";23
"2018-12-09 05:46:05";23
"2018-12-09 05:56:00";25
"2018-12-09 06:06:00";25
"2018-12-09 06:06:06";25
"2018-12-09 06:16:00";25
"2018-12-09 06:16:06";25
"2018-12-09 06:26:00";23
"2018-12-09 06:36:00";23
"2018-12-09 06:36:06";23
"2018-12-09 06:46:00";23
"2018-12-09 06:46:07";23
"2018-12-09 06:56:00";23
"2018-12-09 07:06:00";23
"2018-12-09 07:06:05";23
"2018-12-09 07:16:00";23
"2018-12-09 07:16:05";23
"2018-12-09 07:26:00";25
"2018-12-09 07:36:00";25
"2018-12-09 07:36:06";25
"2018-12-09 07:46:00";25
"2018-12-09 07:46:06";25
"2018-12-09 07:56:00";24
"2018-12-09 08:06:00";24
"2018-12-09 08:06:05";24
"2018-12-09 08:16:00";24
"2018-12-09 08:16:05";24
"2018-12-09 08:26:00";25
"2018-12-09 08:36:00";25
"2018-12-09 08:36:06";25
"2018-12-09 08:46:00";25
"2018-12-09 08:46:06";25
"2018-12-09 08:56:00";23
"2018-12-09 09:06:00";23
"2018-12-09 09:06:06";23
"2018-12-09 09:16:00";23
"2018-12-09 09:16:05";23
"2018-12-09 09:26:00";25
"2018-12-09 09:36:00";25
"2018-12-09 09:36:06";25
"2018-12-09 09:46:00";25
"2018-12-09 09:46:06";25
"2018-12-09 09:56:00";25
"2018-12-09 10:06:00";25
"2018-12-09 10:06:05";25
"2018-12-09 10:16:00";25
"2018-12-09 10:16:06";25
"2018-12-09 10:26:00";25
"2018-12-09 10:36:00";25
"2018-12-09 10:36:06";25
"2018-12-09 10:46:00";25
"2018-12-09 10:46:06";25
"2018-12-09 10:56:00";23
"2018-12-09 11:06:00";23
"2018-12-09 11:06:06";23
"2018-12-09 11:16:00";23
"2018-12-09 11:16:06";23
"2018-12-09 11:26:00";24
"2018-12-09 11:36:00";24
"2018-12-09 11:36:05";24
"2018-12-09 11:46:00";24
"2018-12-09 11:46:05";24
"2018-12-09 11:56:00";25
"2018-12-09 12:06:00";25
"2018-12-09 12:06:05";25
"2018-12-09 12:16:00";25
"2018-12-09 12:16:06";25
"2018-12-09 12:26:00";22
"2018-12-09 12:36:00";22
"2018-12-09 12:36:06";22
"2018-12-09 12:46:00";22
"2018-12-09 12:46:05";22
"2018-12-09 12:56:00";25
"2018-12-09 13:06:00";25
"2018-12-09 13:06:05";25
"2018-12-09 13:16:00";25
"2018-12-09 13:16:06";25
"2018-12-09 13:26:00";24
"2018-12-09 13:36:00";24
"2018-12-09 13:36:06";24
"2018-12-09 13:46:00";24
"2018-12-09 13:46:06";24
"2018-12-09 13:56:00";24
"2018-12-09 14:06:00";24
"2018-12-09 14:06:06";24
"2018-12-09 14:16:00";24
"2018-12-09 14:16:05";24
"2018-12-09 14:26:00";25
"2018-12-09 14:36:00";25
"2018-12-09 14:36:06";25
"2018-12-09 14:46:00";25
"2018-12-09 14:46:07";25
"2018-12-09 14:56:00";24
"2018-12-09 15:06:00";24
"2018-12-09 15:06:06";24
"2018-12-09 15:16:00";24
"2018-12-09 15:16:05";24
"2018-12-09 15:26:00";24
"2018-12-09 15:36:00";24
"2018-12-09 15:36:06";24
"2018-12-09 15:46:00";24
"2018-12-09 15:46:06";24
"2018-12-09 15:56:00";25
"2018-12-09 16:06:00";25
"2018-12-09 16:06:06";25
"2018-12-09 16:16:00";25
"2018-12-09 16:16:05";25
"2018-12-09 16:26:00";25
"2018-12-09 16:36:00";25
"2018-12-09 16:36:07";25
"2018-12-09 16:46:00";25
"2018-12-09 16:46:06";25
"2018-12-09 16:56:00";25
"2018-12-09 17:06:00";25
"2018-12-09 17:06:06";25
"2018-12-09 17:16:00";25
"2018-12-09 17:16:06";25
"2018-12-09 17:26:00";24
"2018-12-09 17:36:00";24
"2018-12-09 17:36:06";24
"2018-12-09 17:46:00";24
"2018-12-09 17:46:05";24
"2018-12-09 17:56:00";25
"2018-12-09 18:06:00";25
"2018-12-09 18:06:05";25
"2018-12-09 18:16:00";25
"2018-12-09 18:16:06";25
"2018-12-09 18:26:00";23
"2018-12-09 18:36:00";23
"2018-12-09 18:36:06";23
"2018-12-09 18:46:00";23
"2018-12-09 18:46:08";23
"2018-12-09 18:56:00";25
"2018-12-09 19:06:00";25
"2018-12-09 19:06:06";25
"2018-12-09 19:16:00";25
"2018-12-09 19:16:06";25
"2018-12-09 19:26:00";24
"2018-12-09 19:36:00";24
"2018-12-09 19:36:06";24
"2018-12-09 19:46:00";24
"2018-12-09 19:46:07";24
"2018-12-09 19:56:00";24
"2018-12-09 20:06:00";24
"2018-12-09 20:06:06";24
"2018-12-09 20:16:00";24
"2018-12-09 20:16:06";24
"2018-12-09 20:26:00";24
"2018-12-09 20:36:00";24
"2018-12-09 20:36:06";24
"2018-12-09 20:46:00";24
"2018-12-09 20:46:06";24
"2018-12-09 20:56:00";24
"2018-12-09 21:06:00";24
"2018-12-09 21:06:06";24
"2018-12-09 21:16:00";24
"2018-12-09 21:16:05";24
"2018-12-09 21:26:00";25
"2018-12-09 21:36:00";25
"2018-12-09 21:36:06";25
"2018-12-09 21:46:00";25
"2018-12-09 21:46:06";25
"2018-12-09 21:56:00";25
"2018-12-09 22:06:00";25
"2018-12-09 22:06:11";25
"2018-12-09 22:16:00";25
"2018-12-09 22:16:08";25
"2018-12-09 22:26:00";25
"2018-12-09 22:36:00";25
"2018-12-09 22:36:07";25
"2018-12-09 22:46:00";25
"2018-12-09 22:46:06";25
"2018-12-09 22:56:00";25
"2018-12-09 23:06:00";25
"2018-12-09 23:06:06";25
"2018-12-09 23:16:00";25
"2018-12-09 23:16:05";25
"2018-12-09 23:26:00";25
"2018-12-09 23:36:00";25
"2018-12-09 23:36:10";25
"2018-12-09 23:46:00";25
"2018-12-09 23:46:10";25
"2018-12-09 23:56:00";25
"2018-12-10 00:06:00";25
"2018-12-10 00:06:09";25
"2018-12-10 00:16:00";25
"2018-12-10 00:16:10";25
"2018-12-10 00:26:00";25
"2018-12-10 00:36:00";25
"2018-12-10 00:36:06";25
"2018-12-10 00:46:00";25
"2018-12-10 00:46:09";25
"2018-12-10 00:56:00";24
"2018-12-10 01:06:00";24
"2018-12-10 01:06:06";24
"2018-12-10 01:16:00";24
"2018-12-10 01:16:05";24
"2018-12-10 01:26:00";25
"2018-12-10 01:36:00";25
"2018-12-10 01:36:09";25
"2018-12-10 01:46:00";25
"2018-12-10 01:46:08";25
"2018-12-10 01:56:00";26
"2018-12-10 02:06:00";26
"2018-12-10 02:06:09";26
"2018-12-10 02:16:00";26
"2018-12-10 02:16:06";26
"2018-12-10 02:26:00";24
"2018-12-10 02:36:00";24
"2018-12-10 02:36:08";24
"2018-12-10 02:46:00";24
"2018-12-10 02:46:07";24
"2018-12-10 02:56:00";24
"2018-12-10 03:06:00";24
"2018-12-10 03:06:08";24
"2018-12-10 03:16:00";24
"2018-12-10 03:16:05";24
"2018-12-10 03:26:00";25
"2018-12-10 03:36:00";25
"2018-12-10 03:36:07";25
"2018-12-10 03:46:00";25
"2018-12-10 03:46:07";25
"2018-12-10 03:56:00";24
"2018-12-10 04:06:00";24
"2018-12-10 04:06:06";24
"2018-12-10 04:16:00";24
"2018-12-10 04:16:06";24
"2018-12-10 04:26:00";25
"2018-12-10 04:36:00";25
"2018-12-10 04:36:06";25
"2018-12-10 04:46:00";25
"2018-12-10 04:46:06";25
"2018-12-10 04:56:00";23
"2018-12-10 05:06:00";23
"2018-12-10 05:06:05";23
"2018-12-10 05:16:00";23
"2018-12-10 05:16:05";23
"2018-12-10 05:26:00";22
"2018-12-10 05:36:00";22
"2018-12-10 05:36:05";22
"2018-12-10 05:46:00";22
"2018-12-10 05:46:05";22
"2018-12-10 05:56:00";24
"2018-12-10 06:06:00";24
"2018-12-10 06:06:06";24
"2018-12-10 06:16:00";24
"2018-12-10 06:16:05";24
"2018-12-10 06:26:00";24
"2018-12-10 06:36:00";24
"2018-12-10 06:36:06";24
"2018-12-10 06:46:00";24
"2018-12-10 06:46:06";24
"2018-12-10 06:56:00";25
"2018-12-10 07:06:00";25
"2018-12-10 07:06:06";25
"2018-12-10 07:16:00";25
"2018-12-10 07:16:06";25
"2018-12-10 07:26:00";23
"2018-12-10 07:36:00";23
"2018-12-10 07:36:05";23
"2018-12-10 07:46:00";23
"2018-12-10 07:46:05";23
"2018-12-10 07:56:00";25
"2018-12-10 08:06:00";25
"2018-12-10 08:06:06";25
"2018-12-10 08:16:00";25
"2018-12-10 08:16:06";25
"2018-12-10 08:26:00";24
"2018-12-10 08:36:00";24
"2018-12-10 08:36:09";24
"2018-12-10 08:46:00";24
"2018-12-10 08:46:05";24
"2018-12-10 08:56:00";24
"2018-12-10 09:06:00";24
"2018-12-10 09:06:05";24
"2018-12-10 09:16:00";24
"2018-12-10 09:16:05";24
"2018-12-10 09:26:00";23
"2018-12-10 09:36:00";23
"2018-12-10 09:36:06";23
"2018-12-10 09:46:00";23
"2018-12-10 09:46:06";23
"2018-12-10 09:56:00";23
"2018-12-10 10:06:00";23
"2018-12-10 10:06:06";23
"2018-12-10 10:16:00";23
"2018-12-10 10:16:05";23
"2018-12-10 10:26:00";25
"2018-12-10 10:36:00";25
"2018-12-10 10:36:06";25
"2018-12-10 10:46:00";25
"2018-12-10 10:46:06";25
"2018-12-10 10:56:00";24
"2018-12-10 11:06:00";24
"2018-12-10 11:06:06";24
"2018-12-10 11:16:00";24
"2018-12-10 11:16:06";24
"2018-12-10 11:26:00";24
"2018-12-10 11:36:00";24
"2018-12-10 11:36:05";24
"2018-12-10 11:46:00";24
"2018-12-10 11:46:06";24
"2018-12-10 11:56:00";23
"2018-12-10 12:06:00";23
"2018-12-10 12:06:05";23
"2018-12-10 12:16:00";23
"2018-12-10 12:16:06";23
"2018-12-10 12:26:00";24
"2018-12-10 12:36:00";24
"2018-12-10 12:36:06";24
"2018-12-10 12:46:00";24
"2018-12-10 12:46:07";24
"2018-12-10 12:56:00";24
"2018-12-10 13:06:00";24
"2018-12-10 13:06:07";24
"2018-12-10 13:16:00";24
"2018-12-10 13:16:07";24
"2018-12-10 13:26:00";24
"2018-12-10 13:36:00";24
"2018-12-10 13:36:06";24
"2018-12-10 13:46:00";24
"2018-12-10 13:46:07";24
"2018-12-10 13:56:00";23
"2018-12-10 14:06:00";23
"2018-12-10 14:06:07";23
"2018-12-10 14:16:00";23
"2018-12-10 14:16:09";23
"2018-12-10 14:26:00";23
"2018-12-10 14:36:00";23
"2018-12-10 14:36:08";23
"2018-12-10 14:46:00";23
"2018-12-10 14:46:08";23
"2018-12-10 14:56:00";23
"2018-12-10 15:06:00";23
"2018-12-10 15:06:06";23
"2018-12-10 15:16:00";24
"2018-12-10 15:16:08";24
"2018-12-10 15:26:00";24
"2018-12-10 15:36:00";24
"2018-12-10 15:36:07";24
"2018-12-10 15:46:00";24
"2018-12-10 15:46:07";24
"2018-12-10 15:56:00";23
"2018-12-10 16:06:00";23
"2018-12-10 16:06:06";23
"2018-12-10 16:16:00";23
"2018-12-10 16:16:05";23
"2018-12-10 16:26:00";23
"2018-12-10 16:36:00";23
"2018-12-10 16:36:06";23
"2018-12-10 16:46:00";23
"2018-12-10 16:46:06";23
"2018-12-10 16:56:00";24
"2018-12-10 17:06:00";24
"2018-12-10 17:06:06";24
"2018-12-10 17:16:00";24
"2018-12-10 17:16:06";24
"2018-12-10 17:26:00";23
"2018-12-10 17:36:00";23
"2018-12-10 17:36:05";23
"2018-12-10 17:46:00";23
"2018-12-10 17:46:07";23
"2018-12-10 17:56:00";23
"2018-12-10 18:06:00";23
"2018-12-10 18:06:06";23
"2018-12-10 18:16:00";22
"2018-12-10 18:16:06";22
"2018-12-10 18:26:00";22
"2018-12-10 18:36:00";22
"2018-12-10 18:36:06";22
"2018-12-10 18:46:00";22
"2018-12-10 18:46:06";22
"2018-12-10 18:56:00";22
"2018-12-10 19:06:00";22
"2018-12-10 19:06:06";22
"2018-12-10 19:16:00";22
"2018-12-10 19:16:06";22
"2018-12-10 19:26:00";23
"2018-12-10 19:36:00";23
"2018-12-10 19:36:06";23
"2018-12-10 19:46:00";23
"2018-12-10 19:46:06";23
"2018-12-10 19:56:00";23
"2018-12-10 20:06:00";21
"2018-12-10 20:06:06";21
"2018-12-10 20:16:00";22
"2018-12-10 20:16:07";22
"2018-12-10 20:26:00";22
"2018-12-10 20:36:00";22
"2018-12-10 20:36:06";22
"2018-12-10 20:46:00";22
"2018-12-10 20:46:07";22
"2018-12-10 20:56:00";22
"2018-12-10 21:06:00";22
"2018-12-10 21:06:07";22
"2018-12-10 21:16:00";22
"2018-12-10 21:16:06";22
"2018-12-10 21:26:00";22
"2018-12-10 21:36:00";22
"2018-12-10 21:36:06";22
"2018-12-10 21:46:00";22
"2018-12-10 21:46:06";22
"2018-12-10 21:56:00";22
"2018-12-10 22:06:00";23
"2018-12-10 22:06:15";23
"2018-12-10 22:16:00";23
"2018-12-10 22:16:18";23
"2018-12-10 22:26:00";21
"2018-12-10 22:36:00";21
"2018-12-10 22:36:11";21
"2018-12-10 22:46:00";21
"2018-12-10 22:46:12";21
"2018-12-10 22:56:00";22
"2018-12-10 23:06:00";22
"2018-12-10 23:06:13";22
"2018-12-10 23:16:00";23
"2018-12-10 23:16:15";23
"2018-12-10 23:26:00";23
"2018-12-10 23:36:00";23
"2018-12-10 23:36:11";23
"2018-12-10 23:46:00";23
"2018-12-10 23:46:23";23
"2018-12-10 23:56:00";21
"2018-12-11 00:06:00";21
"2018-12-11 00:06:11";21
"2018-12-11 00:16:00";21
"2018-12-11 00:16:12";21
"2018-12-11 00:26:00";23
"2018-12-11 00:36:00";23
"2018-12-11 00:36:13";23
"2018-12-11 00:46:00";23
"2018-12-11 00:46:15";23
"2018-12-11 00:56:00";22
"2018-12-11 01:06:00";22
"2018-12-11 01:06:16";22
"2018-12-11 01:16:00";22
"2018-12-11 01:16:17";22
"2018-12-11 01:26:00";22
"2018-12-11 01:36:00";22
"2018-12-11 01:36:12";22
"2018-12-11 01:46:00";22
"2018-12-11 01:46:21";22
"2018-12-11 01:56:00";21
"2018-12-11 02:06:00";21
"2018-12-11 02:06:08";21
"2018-12-11 02:16:00";21
"2018-12-11 02:16:09";21
"2018-12-11 02:26:00";22
"2018-12-11 02:36:00";22
"2018-12-11 02:36:06";22
"2018-12-11 02:46:00";22
"2018-12-11 02:46:10";22
"2018-12-11 02:56:00";22
"2018-12-11 03:06:00";22
"2018-12-11 03:06:09";22
"2018-12-11 03:16:00";22
"2018-12-11 03:16:08";22
"2018-12-11 03:26:00";21
"2018-12-11 03:36:00";21
"2018-12-11 03:36:06";21
"2018-12-11 03:46:00";21
"2018-12-11 03:46:09";21
"2018-12-11 03:56:00";21
"2018-12-11 04:06:00";21
"2018-12-11 04:06:07";21
"2018-12-11 04:16:00";21
"2018-12-11 04:16:07";21
"2018-12-11 04:26:00";21
"2018-12-11 04:36:00";21
"2018-12-11 04:36:05";21
"2018-12-11 04:46:00";21
"2018-12-11 04:46:05";21
"2018-12-11 04:56:00";21
"2018-12-11 05:06:00";21
"2018-12-11 05:06:05";21
"2018-12-11 05:16:00";21
"2018-12-11 05:16:05";21
"2018-12-11 05:26:00";21
"2018-12-11 05:36:00";21
"2018-12-11 05:36:05";21
"2018-12-11 05:46:00";21
"2018-12-11 05:46:06";21
"2018-12-11 05:56:00";22
"2018-12-11 06:06:00";22
"2018-12-11 06:06:06";22
"2018-12-11 06:16:00";22
"2018-12-11 06:16:06";22
"2018-12-11 06:26:00";22
"2018-12-11 06:36:00";22
"2018-12-11 06:36:05";22
"2018-12-11 06:46:00";22
"2018-12-11 06:46:07";22
"2018-12-11 06:56:00";21
"2018-12-11 07:06:00";21
"2018-12-11 07:06:06";21
"2018-12-11 07:16:00";21
"2018-12-11 07:16:05";21
"2018-12-11 07:26:00";21
"2018-12-11 07:36:00";21
"2018-12-11 07:36:05";21
"2018-12-11 07:46:00";21
"2018-12-11 07:46:05";21
"2018-12-11 07:56:00";21
"2018-12-11 08:06:00";21
"2018-12-11 08:06:05";21
"2018-12-11 08:16:00";21
"2018-12-11 08:16:05";21
"2018-12-11 08:26:00";20
"2018-12-11 08:36:00";20
"2018-12-11 08:36:06";20
"2018-12-11 08:46:00";20
"2018-12-11 08:46:05";20
"2018-12-11 08:56:00";20
"2018-12-11 09:06:00";20
"2018-12-11 09:06:06";20
"2018-12-11 09:16:00";20
"2018-12-11 09:16:05";20
"2018-12-11 09:26:00";22
"2018-12-11 09:36:00";22
"2018-12-11 09:36:05";22
"2018-12-11 09:46:00";22
"2018-12-11 09:46:06";22
"2018-12-11 09:56:00";20
"2018-12-11 10:06:00";20
"2018-12-11 10:06:06";20
"2018-12-11 10:16:00";20
"2018-12-11 10:16:06";20
"2018-12-11 10:26:00";20
"2018-12-11 10:36:00";20
"2018-12-11 10:36:06";20
"2018-12-11 10:46:00";20
"2018-12-11 10:46:07";20
"2018-12-11 10:56:00";20
"2018-12-11 11:06:00";20
"2018-12-11 11:06:06";20
"2018-12-11 11:16:00";20
"2018-12-11 11:16:07";20
"2018-12-11 11:26:00";18
"2018-12-11 11:36:00";18
"2018-12-11 11:36:07";18
"2018-12-11 11:46:00";18
"2018-12-11 11:46:06";18
"2018-12-11 11:56:00";15
"2018-12-11 12:06:00";15
"2018-12-11 12:06:07";15
"2018-12-11 12:16:00";15
"2018-12-11 12:16:07";15
"2018-12-11 12:26:00";13
"2018-12-11 12:36:00";13
"2018-12-11 12:36:06";13
"2018-12-11 12:46:00";13
"2018-12-11 12:46:07";13
"2018-12-11 12:56:00";11
"2018-12-11 13:06:00";11
"2018-12-11 13:06:05";11
"2018-12-11 13:16:00";11
"2018-12-11 13:16:06";11
"2018-12-11 13:26:00";11
"2018-12-11 13:36:00";11
"2018-12-11 13:36:06";11
"2018-12-11 13:46:00";11
"2018-12-11 13:46:06";11
"2018-12-11 13:56:00";15
"2018-12-11 14:06:00";15
"2018-12-11 14:06:05";15
"2018-12-11 14:16:00";15
"2018-12-11 14:16:05";15
"2018-12-11 14:26:00";18
"2018-12-11 14:36:00";18
"2018-12-11 14:36:05";18
"2018-12-11 14:46:00";18
"2018-12-11 14:46:08";18
"2018-12-11 14:56:00";18
"2018-12-11 15:06:00";18
"2018-12-11 15:06:07";18
"2018-12-11 15:16:00";18
"2018-12-11 15:16:07";18
"2018-12-11 15:26:00";21
"2018-12-11 15:36:00";21
"2018-12-11 15:36:06";21
"2018-12-11 15:46:00";21
"2018-12-11 15:46:06";21
"2018-12-11 15:56:00";19
"2018-12-11 16:06:00";19
"2018-12-11 16:06:06";19
"2018-12-11 16:16:00";19
"2018-12-11 16:16:05";19
"2018-12-11 16:26:00";20
"2018-12-11 16:36:00";20
"2018-12-11 16:36:06";20
"2018-12-11 16:46:00";20
"2018-12-11 16:46:06";20
"2018-12-11 16:56:00";19
"2018-12-11 17:06:00";19
"2018-12-11 17:06:05";19
"2018-12-11 17:16:00";19
"2018-12-11 17:16:06";19
"2018-12-11 17:26:00";21
"2018-12-11 17:36:00";21
"2018-12-11 17:36:06";21
"2018-12-11 17:46:00";21
"2018-12-11 17:46:06";21
"2018-12-11 17:56:00";20
"2018-12-11 18:06:00";20
"2018-12-11 18:06:06";20
"2018-12-11 18:16:00";20
"2018-12-11 18:16:06";20
"2018-12-11 18:26:00";21
"2018-12-11 18:36:00";21
"2018-12-11 18:36:06";21
"2018-12-11 18:46:00";21
"2018-12-11 18:46:06";21
"2018-12-11 18:56:00";21
"2018-12-11 19:06:00";21
"2018-12-11 19:06:14";21
"2018-12-11 19:16:00";21
"2018-12-11 19:16:07";21
"2018-12-11 19:26:00";21
"2018-12-11 19:36:00";21
"2018-12-11 19:36:06";21
"2018-12-11 19:46:00";21
"2018-12-11 19:46:06";21
"2018-12-11 19:56:00";21
"2018-12-11 20:06:00";21
"2018-12-11 20:06:07";21
"2018-12-11 20:16:00";21
"2018-12-11 20:16:07";21
"2018-12-11 20:26:00";20
"2018-12-11 20:36:00";20
"2018-12-11 20:36:05";20
"2018-12-11 20:46:00";20
"2018-12-11 20:46:06";20
"2018-12-11 20:56:00";21
"2018-12-11 21:06:00";21
"2018-12-11 21:06:08";21
"2018-12-11 21:16:00";21
"2018-12-11 21:16:06";21
"2018-12-11 21:26:00";22
"2018-12-11 21:36:00";22
"2018-12-11 21:36:06";22
"2018-12-11 21:46:00";22
"2018-12-11 21:46:07";22
"2018-12-11 21:56:00";19
"2018-12-11 22:06:00";19
"2018-12-11 22:06:16";19
"2018-12-11 22:16:00";19
"2018-12-11 22:16:09";19
"2018-12-11 22:26:00";19
"2018-12-11 22:36:00";19
"2018-12-11 22:36:09";19
"2018-12-11 22:46:00";19
"2018-12-11 22:46:10";19
"2018-12-11 22:56:00";21
"2018-12-11 23:06:00";21
"2018-12-11 23:06:07";21
"2018-12-11 23:16:00";21
"2018-12-11 23:16:08";21
"2018-12-11 23:26:00";19
"2018-12-11 23:36:00";19
"2018-12-11 23:36:10";19
"2018-12-11 23:46:00";19
"2018-12-11 23:46:25";19
"2018-12-11 23:56:00";17
"2018-12-12 00:06:00";17
"2018-12-12 00:06:10";17
"2018-12-12 00:16:00";17
"2018-12-12 00:16:12";17
"2018-12-12 00:26:00";19
"2018-12-12 00:36:00";19
"2018-12-12 00:36:11";19
"2018-12-12 00:46:00";19
"2018-12-12 00:46:19";19
"2018-12-12 00:56:00";18
"2018-12-12 01:06:00";18
"2018-12-12 01:06:17";18
"2018-12-12 01:16:00";18
"2018-12-12 01:16:24";18
"2018-12-12 01:26:00";18
"2018-12-12 01:36:00";18
"2018-12-12 01:36:09";18
"2018-12-12 01:46:00";18
"2018-12-12 01:46:12";18
"2018-12-12 01:56:00";18
"2018-12-12 02:06:00";18
"2018-12-12 02:06:10";18
"2018-12-12 02:16:00";18
"2018-12-12 02:16:10";18
"2018-12-12 02:26:00";18
"2018-12-12 02:36:00";18
"2018-12-12 02:36:09";18
"2018-12-12 02:46:00";18
"2018-12-12 02:46:14";18
"2018-12-12 02:56:00";17
"2018-12-12 03:06:00";17
"2018-12-12 03:06:08";17
"2018-12-12 03:16:00";17
"2018-12-12 03:16:07";17
"2018-12-12 03:36:00";18
"2018-12-12 03:36:06";18
"2018-12-12 03:46:00";18
"2018-12-12 03:46:09";18
"2018-12-12 03:56:00";18
"2018-12-12 04:06:00";18
"2018-12-12 04:06:07";18
"2018-12-12 04:16:00";18
"2018-12-12 04:16:07";18
"2018-12-12 04:26:00";17
"2018-12-12 04:36:00";17
"2018-12-12 04:36:06";17
"2018-12-12 04:46:00";17
"2018-12-12 04:46:06";17
"2018-12-12 04:56:00";17
"2018-12-12 05:06:00";17
"2018-12-12 05:06:05";17
"2018-12-12 05:16:00";17
"2018-12-12 05:16:06";17
"2018-12-12 05:26:00";19
"2018-12-12 05:36:00";19
"2018-12-12 05:36:05";19
"2018-12-12 05:46:00";19
"2018-12-12 05:46:05";19
"2018-12-12 05:56:00";18
"2018-12-12 06:06:00";18
"2018-12-12 06:06:06";18
"2018-12-12 06:16:00";18
"2018-12-12 06:16:06";18
"2018-12-12 06:26:00";17
"2018-12-12 06:36:00";17
"2018-12-12 06:36:05";17
"2018-12-12 06:46:00";17
"2018-12-12 06:46:06";17
"2018-12-12 06:56:00";19
"2018-12-12 07:06:00";19
"2018-12-12 07:06:06";19
"2018-12-12 07:16:00";17
"2018-12-12 07:16:07";17
"2018-12-12 07:26:00";17
"2018-12-12 07:36:00";17
"2018-12-12 07:36:05";17
"2018-12-12 07:46:00";17
"2018-12-12 07:46:06";17
"2018-12-12 07:56:00";19
"2018-12-12 08:06:00";19
"2018-12-12 08:06:05";19
"2018-12-12 08:16:00";19
"2018-12-12 08:16:06";19
"2018-12-12 08:26:00";18
"2018-12-12 08:36:00";18
"2018-12-12 08:36:06";18
"2018-12-12 08:46:00";17
"2018-12-12 08:46:05";17
"2018-12-12 08:56:00";17
"2018-12-12 08:56:05";17
"2018-12-12 09:06:00";17
"2018-12-12 09:16:00";18
"2018-12-12 09:16:06";18
"2018-12-12 09:26:00";18
"2018-12-12 09:26:06";18
"2018-12-12 09:36:00";18
"2018-12-12 09:46:00";18
"2018-12-12 09:46:05";18
"2018-12-12 09:56:00";19
"2018-12-12 09:56:06";19
"2018-12-12 10:06:00";19
"2018-12-12 10:16:00";19
"2018-12-12 10:16:05";19
"2018-12-12 10:26:00";19
"2018-12-12 10:26:06";19
"2018-12-12 10:36:00";19
"2018-12-12 10:46:00";19
"2018-12-12 10:46:06";19
"2018-12-12 10:56:00";15
"2018-12-12 10:56:05";15
"2018-12-12 11:06:00";15
"2018-12-12 11:16:00";15
"2018-12-12 11:16:06";15
"2018-12-12 11:26:00";16
"2018-12-12 11:26:06";16
"2018-12-12 11:36:00";16
"2018-12-12 11:46:00";16
"2018-12-12 11:46:06";16
"2018-12-12 11:56:00";14
"2018-12-12 11:56:05";14
"2018-12-12 12:06:00";14
"2018-12-12 12:16:00";14
"2018-12-12 12:16:06";14
"2018-12-12 12:26:00";12
"2018-12-12 12:26:06";12
"2018-12-12 12:36:00";12
"2018-12-12 12:46:00";12
"2018-12-12 12:46:06";12
"2018-12-12 12:56:00";9
"2018-12-12 12:56:06";9
"2018-12-12 13:06:00";9
"2018-12-12 13:16:00";9
"2018-12-12 13:16:06";9
"2018-12-12 13:26:00";10
"2018-12-12 13:26:06";10
"2018-12-12 13:36:00";10
"2018-12-12 13:46:00";10
"2018-12-12 13:46:06";10
"2018-12-12 13:56:00";15
"2018-12-12 13:56:05";15
"2018-12-12 14:06:00";15
"2018-12-12 14:16:00";15
"2018-12-12 14:16:05";15
"2018-12-12 14:26:00";14
"2018-12-12 14:26:05";14
"2018-12-12 14:36:00";14
"2018-12-12 14:46:00";14
"2018-12-12 14:46:06";14
"2018-12-12 14:56:00";14
"2018-12-12 14:56:06";14
"2018-12-12 15:06:00";16
"2018-12-12 15:16:00";16
"2018-12-12 15:16:06";16
"2018-12-12 15:26:00";16
"2018-12-12 15:26:05";16
"2018-12-12 15:36:00";16
"2018-12-12 15:46:00";16
"2018-12-12 15:46:06";16
"2018-12-12 15:56:00";17
"2018-12-12 15:56:06";17
"2018-12-12 16:06:00";17
"2018-12-12 16:16:00";17
"2018-12-12 16:16:05";17
"2018-12-12 16:26:00";18
"2018-12-12 16:26:06";18
"2018-12-12 16:36:00";18
"2018-12-12 16:46:00";19
"2018-12-12 16:46:07";19
"2018-12-12 16:56:00";19
"2018-12-12 16:56:07";19
"2018-12-12 17:06:00";19
"2018-12-12 17:06:05";19
"2018-12-12 17:16:00";19
"2018-12-12 17:16:06";19
"2018-12-12 17:26:00";19
"2018-12-12 17:36:00";19
"2018-12-12 17:36:06";19
"2018-12-12 17:46:00";19
"2018-12-12 17:46:06";19
"2018-12-12 17:56:00";18
"2018-12-12 18:06:00";18
"2018-12-12 18:06:06";18
"2018-12-12 18:16:00";18
"2018-12-12 18:16:08";18
"2018-12-12 18:26:00";19
"2018-12-12 18:36:00";19
"2018-12-12 18:36:05";19
"2018-12-12 18:46:00";19
"2018-12-12 18:46:06";19
"2018-12-12 18:56:00";18
"2018-12-12 19:06:00";18
"2018-12-12 19:06:05";18
"2018-12-12 19:16:00";18
"2018-12-12 19:16:05";18
"2018-12-12 19:26:00";20
"2018-12-12 19:36:00";20
"2018-12-12 19:36:06";20
"2018-12-12 19:46:00";20
"2018-12-12 19:46:06";20
"2018-12-12 19:56:00";19
"2018-12-12 20:06:00";19
"2018-12-12 20:06:06";19
"2018-12-12 20:16:00";19
"2018-12-12 20:16:07";19
"2018-12-12 20:26:00";19
"2018-12-12 20:36:00";19
"2018-12-12 20:36:06";19
"2018-12-12 20:46:00";19
"2018-12-12 20:46:06";19
"2018-12-12 20:56:00";17
"2018-12-12 21:06:00";17
"2018-12-12 21:06:10";17
"2018-12-12 21:16:00";17
"2018-12-12 21:16:06";17
"2018-12-12 21:26:00";19
"2018-12-12 21:36:00";19
"2018-12-12 21:36:05";19
"2018-12-12 21:46:00";19
"2018-12-12 21:46:06";19
"2018-12-12 21:56:00";18
"2018-12-12 22:06:00";18
"2018-12-12 22:06:17";18
"2018-12-12 22:16:00";18
"2018-12-12 22:16:11";18
"2018-12-12 22:26:00";19
"2018-12-12 22:36:00";19
"2018-12-12 22:36:12";19
"2018-12-12 22:46:00";19
"2018-12-12 22:46:09";19
"2018-12-12 22:56:00";17
"2018-12-12 23:06:00";17
"2018-12-12 23:06:08";17
"2018-12-12 23:16:00";17
"2018-12-12 23:16:07";17
"2018-12-12 23:26:00";17
"2018-12-12 23:36:00";17
"2018-12-12 23:36:14";17
"2018-12-12 23:46:00";17
"2018-12-12 23:46:26";17
"2018-12-12 23:56:00";18
"2018-12-13 00:06:00";18
"2018-12-13 00:06:14";18
"2018-12-13 00:16:00";18
"2018-12-13 00:16:15";18
"2018-12-13 00:26:00";18
"2018-12-13 00:36:00";18
"2018-12-13 00:36:14";18
"2018-12-13 00:46:00";18
"2018-12-13 00:46:17";18
"2018-12-13 00:56:00";19
"2018-12-13 01:06:00";19
"2018-12-13 01:06:13";19
"2018-12-13 01:16:00";19
"2018-12-13 01:16:11";19
"2018-12-13 01:26:00";17
"2018-12-13 01:36:00";17
"2018-12-13 01:36:12";17
"2018-12-13 01:46:00";17
"2018-12-13 01:46:12";17
"2018-12-13 01:56:00";17
"2018-12-13 02:06:00";17
"2018-12-13 02:06:07";17
"2018-12-13 02:16:00";17
"2018-12-13 02:16:07";17
"2018-12-13 02:26:00";18
"2018-12-13 02:36:00";18
"2018-12-13 02:36:06";18
"2018-12-13 02:46:00";18
"2018-12-13 02:46:09";18
"2018-12-13 02:56:00";19
"2018-12-13 03:06:00";19
"2018-12-13 03:06:10";19
"2018-12-13 03:16:00";19
"2018-12-13 03:16:07";19
"2018-12-13 03:26:00";17
"2018-12-13 03:36:00";17
"2018-12-13 03:36:06";17
"2018-12-13 03:46:00";17
"2018-12-13 03:46:08";17
"2018-12-13 03:56:00";17
"2018-12-13 04:06:00";17
"2018-12-13 04:06:09";17
"2018-12-13 04:16:00";17
"2018-12-13 04:16:06";17
"2018-12-13 04:26:00";16
"2018-12-13 04:36:00";16
"2018-12-13 04:36:06";16
"2018-12-13 04:46:00";16
"2018-12-13 04:46:06";16
"2018-12-13 04:56:00";17
"2018-12-13 05:06:00";17
"2018-12-13 05:06:06";17
"2018-12-13 05:16:00";17
"2018-12-13 05:16:05";17
"2018-12-13 05:26:00";18
"2018-12-13 05:36:00";18
"2018-12-13 05:36:07";18
"2018-12-13 05:46:00";18
"2018-12-13 05:46:05";18
"2018-12-13 05:56:00";17
"2018-12-13 06:06:00";17
"2018-12-13 06:06:05";17
"2018-12-13 06:16:00";17
"2018-12-13 06:16:07";17
"2018-12-13 06:26:00";18
"2018-12-13 06:36:00";18
"2018-12-13 06:36:05";18
"2018-12-13 06:46:00";18
"2018-12-13 06:46:06";18
"2018-12-13 06:56:00";17
"2018-12-13 07:06:00";17
"2018-12-13 07:06:05";17
"2018-12-13 07:16:00";17
"2018-12-13 07:16:06";17
"2018-12-13 07:26:00";19
"2018-12-13 07:36:00";19
"2018-12-13 07:36:05";19
"2018-12-13 07:46:00";19
"2018-12-13 07:46:07";19
"2018-12-13 07:56:00";17
"2018-12-13 08:06:00";17
"2018-12-13 08:06:06";17
"2018-12-13 08:16:00";17
"2018-12-13 08:16:05";17
"2018-12-13 08:26:00";18
"2018-12-13 08:36:00";18
"2018-12-13 08:36:05";18
"2018-12-13 08:46:00";18
"2018-12-13 08:46:06";18
"2018-12-13 08:56:00";18
"2018-12-13 09:06:00";18
"2018-12-13 09:06:06";18
"2018-12-13 09:16:00";18
"2018-12-13 09:16:06";18
"2018-12-13 09:26:00";19
"2018-12-13 09:36:00";19
"2018-12-13 09:36:06";19
"2018-12-13 09:46:00";19
"2018-12-13 09:46:05";19
"2018-12-13 09:56:00";20
"2018-12-13 10:06:00";20
"2018-12-13 10:06:06";20
"2018-12-13 10:16:00";20
"2018-12-13 10:16:05";20
"2018-12-13 10:26:00";18
"2018-12-13 10:36:00";18
"2018-12-13 10:36:06";18
"2018-12-13 10:46:00";18
"2018-12-13 10:46:06";18
"2018-12-13 10:56:00";17
"2018-12-13 11:06:00";17
"2018-12-13 11:06:06";17
"2018-12-13 11:16:00";17
"2018-12-13 11:16:05";17
"2018-12-13 11:26:00";17
"2018-12-13 11:36:00";17
"2018-12-13 11:36:06";17
"2018-12-13 11:46:00";17
"2018-12-13 11:46:05";17
"2018-12-13 11:56:00";19
"2018-12-13 12:06:00";19
"2018-12-13 12:06:05";19
"2018-12-13 12:16:00";19
"2018-12-13 12:16:06";19
"2018-12-13 12:26:00";18
"2018-12-13 12:36:00";18
"2018-12-13 12:36:05";18
"2018-12-13 12:46:00";18
"2018-12-13 12:46:06";18
"2018-12-13 12:56:00";18
"2018-12-13 13:06:00";18
"2018-12-13 13:06:06";18
"2018-12-13 13:16:00";18
"2018-12-13 13:16:06";18
"2018-12-13 13:26:00";18
"2018-12-13 13:36:00";18
"2018-12-13 13:36:06";18
"2018-12-13 13:46:00";18
"2018-12-13 13:46:05";18
"2018-12-13 13:56:00";18
"2018-12-13 14:06:00";18
"2018-12-13 14:06:06";18
"2018-12-13 14:16:00";18
"2018-12-13 14:16:06";18
"2018-12-13 14:26:00";18
"2018-12-13 14:36:00";18
"2018-12-13 14:36:07";18
"2018-12-13 14:46:00";18
"2018-12-13 14:46:06";18
"2018-12-13 14:56:00";18
"2018-12-13 15:06:00";18
"2018-12-13 15:06:07";18
"2018-12-13 15:16:00";18
"2018-12-13 15:16:06";18
"2018-12-13 15:26:00";18
"2018-12-13 15:36:00";18
"2018-12-13 15:36:05";18
"2018-12-13 15:46:00";18
"2018-12-13 15:46:06";18
"2018-12-13 15:56:00";18
"2018-12-13 16:06:00";18
"2018-12-13 16:06:06";18
"2018-12-13 16:16:00";18
"2018-12-13 16:16:06";18
"2018-12-13 16:26:00";18
"2018-12-13 16:36:00";18
"2018-12-13 16:36:06";18
"2018-12-13 16:46:00";18
"2018-12-13 16:46:05";18
"2018-12-13 16:56:00";18
"2018-12-13 17:06:00";18
"2018-12-13 17:06:06";18
"2018-12-13 17:16:00";18
"2018-12-13 17:16:05";18
"2018-12-13 17:26:00";18
"2018-12-13 17:36:00";18
"2018-12-13 17:36:06";18
"2018-12-13 17:46:00";18
"2018-12-13 17:46:06";18
"2018-12-13 17:56:00";18
"2018-12-13 18:06:00";18
"2018-12-13 18:06:06";18
"2018-12-13 18:16:00";18
"2018-12-13 18:16:07";18
"2018-12-13 18:26:00";19
"2018-12-13 18:36:00";19
"2018-12-13 18:36:06";19
"2018-12-13 18:46:00";19
"2018-12-13 18:46:06";19
"2018-12-13 18:56:00";19
"2018-12-13 19:06:00";19
"2018-12-13 19:06:08";19
"2018-12-13 19:16:00";19
"2018-12-13 19:16:06";19
"2018-12-13 19:26:00";19
"2018-12-13 19:36:00";19
"2018-12-13 19:36:06";19
"2018-12-13 19:46:00";19
"2018-12-13 19:46:06";19
"2018-12-13 19:56:00";19
"2018-12-13 20:06:00";19
"2018-12-13 20:06:06";19
"2018-12-13 20:16:00";19
"2018-12-13 20:16:06";19
"2018-12-13 20:26:00";19
"2018-12-13 20:36:00";19
"2018-12-13 20:36:06";19
"2018-12-13 20:46:00";19
"2018-12-13 20:46:06";19
"2018-12-13 20:56:00";18
"2018-12-13 21:06:00";18
"2018-12-13 21:06:07";18
"2018-12-13 21:16:00";18
"2018-12-13 21:16:05";18
"2018-12-13 21:26:00";19
"2018-12-13 21:36:00";19
"2018-12-13 21:36:06";19
"2018-12-13 21:46:00";19
"2018-12-13 21:46:07";19
"2018-12-13 21:56:00";18
"2018-12-13 22:06:00";18
"2018-12-13 22:06:12";18
"2018-12-13 22:16:00";18
"2018-12-13 22:16:07";18
"2018-12-13 22:26:00";17
"2018-12-13 22:36:00";17
"2018-12-13 22:36:10";17
"2018-12-13 22:46:00";17
"2018-12-13 22:46:13";17
"2018-12-13 22:56:00";18
"2018-12-13 23:06:00";18
"2018-12-13 23:06:08";18
"2018-12-13 23:16:00";18
"2018-12-13 23:16:08";18
"2018-12-13 23:26:00";19
"2018-12-13 23:36:00";19
"2018-12-13 23:36:09";19
"2018-12-13 23:46:00";19
"2018-12-13 23:46:29";19
"2018-12-13 23:56:00";18
"2018-12-14 00:06:00";18
"2018-12-14 00:06:10";18
"2018-12-14 00:16:00";18
"2018-12-14 00:16:14";18
"2018-12-14 00:26:00";20
"2018-12-14 00:36:00";20
"2018-12-14 00:36:12";20
"2018-12-14 00:46:00";20
"2018-12-14 00:46:13";20
"2018-12-14 00:56:00";16
"2018-12-14 01:06:00";16
"2018-12-14 01:06:16";16
"2018-12-14 01:16:00";16
"2018-12-14 01:16:18";16
"2018-12-14 01:26:00";17
"2018-12-14 01:36:00";17
"2018-12-14 01:36:10";17
"2018-12-14 01:46:00";17
"2018-12-14 01:46:11";17
"2018-12-14 01:56:00";17
"2018-12-14 02:06:00";17
"2018-12-14 02:06:08";17
"2018-12-14 02:16:00";17
"2018-12-14 02:16:08";17
"2018-12-14 02:26:00";18
"2018-12-14 02:36:00";18
"2018-12-14 02:36:09";18
"2018-12-14 02:46:00";18
"2018-12-14 02:46:08";18
"2018-12-14 02:56:00";19
"2018-12-14 03:06:00";19
"2018-12-14 03:06:11";19
"2018-12-14 03:16:00";19
"2018-12-14 03:16:11";19
"2018-12-14 03:26:00";17
"2018-12-14 03:36:00";17
"2018-12-14 03:36:06";17
"2018-12-14 03:46:00";17
"2018-12-14 03:46:08";17
"2018-12-14 03:56:00";18
"2018-12-14 04:06:00";18
"2018-12-14 04:06:06";18
"2018-12-14 04:16:00";18
"2018-12-14 04:16:06";18
"2018-12-14 04:26:00";18
"2018-12-14 04:36:00";18
"2018-12-14 04:36:06";18
"2018-12-14 04:46:00";18
"2018-12-14 04:46:06";18
"2018-12-14 04:56:00";18
"2018-12-14 05:06:00";18
"2018-12-14 05:06:06";18
"2018-12-14 05:16:00";18
"2018-12-14 05:16:06";18
"2018-12-14 05:26:00";19
"2018-12-14 05:36:00";19
"2018-12-14 05:36:05";19
"2018-12-14 05:46:00";19
"2018-12-14 05:46:05";19
"2018-12-14 05:56:00";17
"2018-12-14 06:06:00";17
"2018-12-14 06:06:05";17
"2018-12-14 06:16:00";17
"2018-12-14 06:16:05";17
"2018-12-14 06:26:00";17
"2018-12-14 06:36:00";17
"2018-12-14 06:36:05";17
"2018-12-14 06:46:00";17
"2018-12-14 06:46:06";17
"2018-12-14 06:56:00";17
"2018-12-14 07:06:00";17
"2018-12-14 07:06:05";17
"2018-12-14 07:16:00";17
"2018-12-14 07:16:05";17
"2018-12-14 07:26:00";18
"2018-12-14 07:36:00";18
"2018-12-14 07:36:05";18
"2018-12-14 07:46:00";17
"2018-12-14 07:46:06";17
"2018-12-14 07:56:00";17
"2018-12-14 08:06:00";17
"2018-12-14 08:06:06";17
"2018-12-14 08:16:00";15
"2018-12-14 08:16:05";15
"2018-12-14 08:26:00";15
"2018-12-14 08:36:00";15
"2018-12-14 08:36:06";15
"2018-12-14 08:46:00";15
"2018-12-14 08:46:06";15
"2018-12-14 08:56:00";17
"2018-12-14 09:06:00";17
"2018-12-14 09:06:06";17
"2018-12-14 09:16:00";17
"2018-12-14 09:16:06";17
"2018-12-14 09:26:00";17
"2018-12-14 09:36:00";17
"2018-12-14 09:36:06";17
"2018-12-14 09:46:00";17
"2018-12-14 09:46:06";17
"2018-12-14 09:56:00";17
"2018-12-14 10:06:00";17
"2018-12-14 10:06:05";17
"2018-12-14 10:16:00";17
"2018-12-14 10:16:06";17
"2018-12-14 10:26:00";19
"2018-12-14 10:36:00";19
"2018-12-14 10:36:06";19
"2018-12-14 10:46:00";19
"2018-12-14 10:46:06";19
"2018-12-14 10:56:00";16
"2018-12-14 11:06:00";16
"2018-12-14 11:06:05";16
"2018-12-14 11:16:00";16
"2018-12-14 11:16:06";16
"2018-12-14 11:26:00";16
"2018-12-14 11:36:00";16
"2018-12-14 11:36:06";16
"2018-12-14 11:46:00";14
"2018-12-14 11:46:06";14
"2018-12-14 11:56:00";13
"2018-12-14 12:06:00";13
"2018-12-14 12:06:06";13
"2018-12-14 12:16:00";13
"2018-12-14 12:16:06";13
"2018-12-14 12:26:00";10
"2018-12-14 12:36:00";10
"2018-12-14 12:36:06";10
"2018-12-14 12:46:00";10
"2018-12-14 12:46:06";10
"2018-12-14 12:56:00";10
"2018-12-14 13:06:00";10
"2018-12-14 13:06:05";10
"2018-12-14 13:16:00";10
"2018-12-14 13:16:06";10
"2018-12-14 13:26:00";10
"2018-12-14 13:36:00";10
"2018-12-14 13:36:05";10
"2018-12-14 13:46:00";10
"2018-12-14 13:46:06";10
"2018-12-14 13:56:00";13
"2018-12-14 14:06:00";13
"2018-12-14 14:06:06";13
"2018-12-14 14:16:00";13
"2018-12-14 14:16:05";13
"2018-12-14 14:26:00";17
"2018-12-14 14:36:00";17
"2018-12-14 14:36:06";17
"2018-12-14 14:46:00";17
"2018-12-14 14:46:06";17
"2018-12-14 14:56:00";16
"2018-12-14 15:06:00";16
"2018-12-14 15:06:05";16
"2018-12-14 15:16:00";16
"2018-12-14 15:16:07";16
"2018-12-14 15:26:00";17
"2018-12-14 15:36:00";17
"2018-12-14 15:36:06";17
"2018-12-14 15:46:00";17
"2018-12-14 15:46:06";17
"2018-12-14 15:56:00";17
"2018-12-14 16:06:00";17
"2018-12-14 16:06:06";17
"2018-12-14 16:16:00";17
"2018-12-14 16:16:06";17
"2018-12-14 16:26:00";16
"2018-12-14 16:36:00";16
"2018-12-14 16:36:06";16
"2018-12-14 16:46:00";16
"2018-12-14 16:46:06";16
"2018-12-14 16:56:00";16
"2018-12-14 17:06:00";16
"2018-12-14 17:06:06";16
"2018-12-14 17:16:00";16
"2018-12-14 17:16:05";16
"2018-12-14 17:26:00";16
"2018-12-14 17:36:00";16
"2018-12-14 17:36:06";16
"2018-12-14 17:46:00";16
"2018-12-14 17:46:06";16
"2018-12-14 17:56:00";16
"2018-12-14 18:06:00";16
"2018-12-14 18:06:06";16
"2018-12-14 18:16:00";16
"2018-12-14 18:16:06";16
"2018-12-14 18:26:00";17
"2018-12-14 18:36:00";17
"2018-12-14 18:36:05";17
"2018-12-14 18:46:00";17
"2018-12-14 18:46:06";17
"2018-12-14 18:56:00";19
"2018-12-14 19:06:00";19
"2018-12-14 19:06:06";19
"2018-12-14 19:16:00";19
"2018-12-14 19:16:06";19
"2018-12-14 19:26:00";18
"2018-12-14 19:36:00";18
"2018-12-14 19:36:05";18
"2018-12-14 19:46:00";18
"2018-12-14 19:46:06";18
"2018-12-14 19:56:00";18
"2018-12-14 20:06:00";18
"2018-12-14 20:06:06";18
"2018-12-14 20:16:00";18
"2018-12-14 20:16:07";18
"2018-12-14 20:26:00";17
"2018-12-14 20:36:00";17
"2018-12-14 20:36:06";17
"2018-12-14 20:46:00";17
"2018-12-14 20:46:06";17
"2018-12-14 20:56:00";17
"2018-12-14 21:06:00";17
"2018-12-14 21:06:11";17
"2018-12-14 21:16:00";17
"2018-12-14 21:16:06";17
"2018-12-14 21:26:00";17
"2018-12-14 21:36:00";17
"2018-12-14 21:36:05";17
"2018-12-14 21:46:00";17
"2018-12-14 21:46:06";17
"2018-12-14 21:56:00";17
"2018-12-14 22:06:00";17
"2018-12-14 22:06:15";17
"2018-12-14 22:16:00";16
"2018-12-14 22:16:11";16
"2018-12-14 22:26:00";16
"2018-12-14 22:36:00";16
"2018-12-14 22:36:07";16
"2018-12-14 22:46:00";16
"2018-12-14 22:46:10";16
"2018-12-14 22:56:00";16
"2018-12-14 23:06:00";16
"2018-12-14 23:06:07";16
"2018-12-14 23:16:00";16
"2018-12-14 23:16:08";16
"2018-12-14 23:26:00";17
"2018-12-14 23:36:00";17
"2018-12-14 23:36:11";17
"2018-12-14 23:46:00";17
"2018-12-14 23:46:27";17
"2018-12-14 23:56:00";18
"2018-12-15 00:06:00";18
"2018-12-15 00:06:10";18
"2018-12-15 00:16:00";18
"2018-12-15 00:16:13";18
"2018-12-15 00:26:00";17
"2018-12-15 00:36:00";17
"2018-12-15 00:36:12";17
"2018-12-15 00:46:00";17
"2018-12-15 00:46:09";17
"2018-12-15 00:56:00";17
"2018-12-15 01:06:00";17
"2018-12-15 01:06:13";17
"2018-12-15 01:16:00";17
"2018-12-15 01:16:13";17
"2018-12-15 01:26:00";16
"2018-12-15 01:36:00";16
"2018-12-15 01:36:08";16
"2018-12-15 01:46:00";16
"2018-12-15 01:46:09";16
"2018-12-15 01:56:00";17
"2018-12-15 02:06:00";17
"2018-12-15 02:06:08";17
"2018-12-15 02:16:00";17
"2018-12-15 02:16:07";17
"2018-12-15 02:26:00";16
"2018-12-15 02:36:00";16
"2018-12-15 02:36:08";16
"2018-12-15 02:46:00";16
"2018-12-15 02:46:06";16
"2018-12-15 02:56:00";17
"2018-12-15 03:06:00";17
"2018-12-15 03:06:06";17
"2018-12-15 03:16:00";17
"2018-12-15 03:16:06";17
"2018-12-15 03:26:00";15
"2018-12-15 03:36:00";15
"2018-12-15 03:36:07";15
"2018-12-15 03:46:00";15
"2018-12-15 03:46:08";15
"2018-12-15 03:56:00";17
"2018-12-15 04:06:00";17
"2018-12-15 04:06:10";17
"2018-12-15 04:16:00";17
"2018-12-15 04:16:06";17
"2018-12-15 04:26:00";15
"2018-12-15 04:36:00";15
"2018-12-15 04:36:06";15
"2018-12-15 04:46:00";15
"2018-12-15 04:46:05";15
"2018-12-15 04:56:00";15
"2018-12-15 05:06:00";15
"2018-12-15 05:06:05";15
"2018-12-15 05:16:00";15
"2018-12-15 05:16:05";15
"2018-12-15 05:26:00";17
"2018-12-15 05:36:00";17
"2018-12-15 05:36:06";17
"2018-12-15 05:46:00";17
"2018-12-15 05:46:05";17
"2018-12-15 05:56:00";15
"2018-12-15 06:06:00";15
"2018-12-15 06:06:05";15
"2018-12-15 06:16:00";16
"2018-12-15 06:16:07";16
"2018-12-15 06:26:00";16
"2018-12-15 06:36:00";16
"2018-12-15 06:36:05";16
"2018-12-15 06:46:00";16
"2018-12-15 06:46:06";16
"2018-12-15 06:56:00";15
"2018-12-15 07:06:00";15
"2018-12-15 07:06:06";15
"2018-12-15 07:16:00";15
"2018-12-15 07:16:05";15
"2018-12-15 07:26:00";15
"2018-12-15 07:36:00";15
"2018-12-15 07:36:05";15
"2018-12-15 07:46:00";15
"2018-12-15 07:46:05";15
"2018-12-15 07:56:00";16
"2018-12-15 08:06:00";16
"2018-12-15 08:06:06";16
"2018-12-15 08:16:00";16
"2018-12-15 08:16:05";16
"2018-12-15 08:26:00";15
"2018-12-15 08:36:00";15
"2018-12-15 08:36:05";15
"2018-12-15 08:46:00";15
"2018-12-15 08:46:06";15
"2018-12-15 08:56:00";15
"2018-12-15 09:06:00";15
"2018-12-15 09:06:07";15
"2018-12-15 09:16:00";15
"2018-12-15 09:16:06";15
"2018-12-15 09:26:00";17
"2018-12-15 09:36:00";17
"2018-12-15 09:36:06";17
"2018-12-15 09:46:00";17
"2018-12-15 09:46:05";17
"2018-12-15 09:56:00";17
"2018-12-15 10:06:00";17
"2018-12-15 10:06:05";17
"2018-12-15 10:16:00";17
"2018-12-15 10:16:06";17
"2018-12-15 10:26:00";18
"2018-12-15 10:36:00";18
"2018-12-15 10:36:06";18
"2018-12-15 10:46:00";18
"2018-12-15 10:46:06";18
"2018-12-15 10:56:00";18
"2018-12-15 11:06:00";14
"2018-12-15 11:06:05";14
"2018-12-15 11:16:00";14
"2018-12-15 11:16:06";14
"2018-12-15 11:26:00";13
"2018-12-15 11:36:00";13
"2018-12-15 11:36:06";13
"2018-12-15 11:46:00";13
"2018-12-15 11:46:05";13
"2018-12-15 11:56:00";12
"2018-12-15 12:06:00";12
"2018-12-15 12:06:06";12
"2018-12-15 12:16:00";10
"2018-12-15 12:16:06";10
"2018-12-15 12:26:00";10
"2018-12-15 12:36:00";10
"2018-12-15 12:36:06";10
"2018-12-15 12:46:00";10
"2018-12-15 12:46:06";10
"2018-12-15 12:56:00";10
"2018-12-15 13:06:00";10
"2018-12-15 13:06:06";10
"2018-12-15 13:16:00";8
"2018-12-15 13:16:06";8
"2018-12-15 13:26:00";8
"2018-12-15 13:36:00";8
"2018-12-15 13:36:05";8
"2018-12-15 13:46:00";8
"2018-12-15 13:46:07";8
"2018-12-15 13:56:00";12
"2018-12-15 14:06:00";12
"2018-12-15 14:06:05";12
"2018-12-15 14:16:00";12
"2018-12-15 14:16:06";12
"2018-12-15 14:26:00";14
"2018-12-15 14:36:00";14
"2018-12-15 14:36:06";14
"2018-12-15 14:46:00";14
"2018-12-15 14:46:06";14
"2018-12-15 14:56:00";16
"2018-12-15 15:06:00";16
"2018-12-15 15:06:05";16
"2018-12-15 15:16:00";16
"2018-12-15 15:16:06";16
"2018-12-15 15:26:00";16
"2018-12-15 15:36:00";16
"2018-12-15 15:36:06";16
"2018-12-15 15:46:00";16
"2018-12-15 15:46:06";16
"2018-12-15 15:56:00";17
"2018-12-15 16:06:00";17
"2018-12-15 16:06:05";17
"2018-12-15 16:16:00";17
"2018-12-15 16:16:06";17
"2018-12-15 16:26:00";17
"2018-12-15 16:36:00";17
"2018-12-15 16:36:06";17
"2018-12-15 16:46:00";17
"2018-12-15 16:46:05";17
"2018-12-15 16:56:00";16
"2018-12-15 17:06:00";16
"2018-12-15 17:06:06";16
"2018-12-15 17:16:00";16
"2018-12-15 17:16:06";16
"2018-12-15 17:26:00";17
"2018-12-15 17:36:00";17
"2018-12-15 17:36:06";17
"2018-12-15 17:46:00";17
"2018-12-15 17:46:06";17
"2018-12-15 17:56:00";18
"2018-12-15 18:06:00";18
"2018-12-15 18:06:06";18
"2018-12-15 18:16:00";18
"2018-12-15 18:16:06";18
"2018-12-15 18:26:00";17
"2018-12-15 18:36:00";17
"2018-12-15 18:36:06";17
"2018-12-15 18:46:00";17
"2018-12-15 18:46:06";17
"2018-12-15 18:56:00";17
"2018-12-15 19:06:00";17
"2018-12-15 19:06:07";17
"2018-12-15 19:16:00";17
"2018-12-15 19:16:06";17
"2018-12-15 19:26:00";18
"2018-12-15 19:36:00";18
"2018-12-15 19:36:06";18
"2018-12-15 19:46:00";18
"2018-12-15 19:46:07";18
"2018-12-15 19:56:00";17
"2018-12-15 20:06:00";17
"2018-12-15 20:06:06";17
"2018-12-15 20:16:00";17
"2018-12-15 20:16:06";17
"2018-12-15 20:26:00";17
"2018-12-15 20:36:00";17
"2018-12-15 20:36:06";17
"2018-12-15 20:46:00";17
"2018-12-15 20:46:06";17
"2018-12-15 20:56:00";16
"2018-12-15 21:06:00";16
"2018-12-15 21:06:06";16
"2018-12-15 21:16:00";16
"2018-12-15 21:16:06";16
"2018-12-15 21:26:00";18
"2018-12-15 21:36:00";18
"2018-12-15 21:36:06";18
"2018-12-15 21:46:00";18
"2018-12-15 21:46:06";18
"2018-12-15 21:56:00";17
"2018-12-15 22:06:00";17
"2018-12-15 22:06:08";17
"2018-12-15 22:16:00";17
"2018-12-15 22:16:07";17
"2018-12-15 22:26:00";18
"2018-12-15 22:36:00";18
"2018-12-15 22:36:11";18
"2018-12-15 22:46:00";17
"2018-12-15 22:46:10";17
"2018-12-15 22:56:00";17
"2018-12-15 23:06:00";17
"2018-12-15 23:06:11";17
"2018-12-15 23:16:00";17
"2018-12-15 23:16:11";17
"2018-12-15 23:26:00";17
"2018-12-15 23:26:09";17
"2018-12-16 00:46:00";16
"2018-12-16 00:46:12";16
"2018-12-16 00:56:00";17
"2018-12-16 01:06:00";17
"2018-12-16 01:06:11";17
"2018-12-16 01:16:00";18
"2018-12-16 01:16:12";18
"2018-12-16 01:26:00";18
"2018-12-16 01:36:00";18
"2018-12-16 01:36:08";18
"2018-12-16 01:46:00";18
"2018-12-16 01:46:08";18
"2018-12-16 01:56:00";18
"2018-12-16 02:06:00";18
"2018-12-16 02:06:09";18
"2018-12-16 02:16:00";18
"2018-12-16 02:16:12";18
"2018-12-16 02:26:00";17
"2018-12-16 02:36:00";17
"2018-12-16 02:36:07";17
"2018-12-16 02:46:00";17
"2018-12-16 02:46:08";17
"2018-12-16 02:56:00";17
"2018-12-16 03:06:00";17
"2018-12-16 03:06:07";17
"2018-12-16 03:16:00";17
"2018-12-16 03:16:07";17
"2018-12-16 03:26:00";19
"2018-12-16 03:36:00";19
"2018-12-16 03:36:07";19
"2018-12-16 03:46:00";17
"2018-12-16 03:46:08";17
"2018-12-16 03:56:00";17
"2018-12-16 04:06:00";17
"2018-12-16 04:06:15";17
"2018-12-16 04:16:00";17
"2018-12-16 04:16:06";17
"2018-12-16 04:26:00";17
"2018-12-16 04:36:00";17
"2018-12-16 04:36:06";17
"2018-12-16 04:46:00";17
"2018-12-16 04:46:06";17
"2018-12-16 04:56:00";18
"2018-12-16 05:06:00";18
"2018-12-16 05:06:05";18
"2018-12-16 05:16:00";18
"2018-12-16 05:16:05";18
"2018-12-16 05:26:00";18
"2018-12-16 05:36:00";16
"2018-12-16 05:36:05";16
"2018-12-16 05:46:00";16
"2018-12-16 05:46:06";16
"2018-12-16 05:56:00";16
"2018-12-16 06:06:00";16
"2018-12-16 06:06:07";16
"2018-12-16 06:16:00";16
"2018-12-16 06:16:06";16
"2018-12-16 06:26:00";18
"2018-12-16 06:36:00";18
"2018-12-16 06:36:05";18
"2018-12-16 06:46:00";18
"2018-12-16 06:46:05";18
"2018-12-16 06:56:00";18
"2018-12-16 07:06:00";18
"2018-12-16 07:06:06";18
"2018-12-16 07:16:00";18
"2018-12-16 07:16:05";18
"2018-12-16 07:26:00";17
"2018-12-16 07:36:00";17
"2018-12-16 07:36:05";17
"2018-12-16 07:46:00";17
"2018-12-16 07:46:06";17
"2018-12-16 07:56:00";18
"2018-12-16 08:06:00";18
"2018-12-16 08:06:06";18
"2018-12-16 08:16:00";17
"2018-12-16 08:16:05";17
"2018-12-16 08:26:00";17
"2018-12-16 08:36:00";17
"2018-12-16 08:36:06";17
"2018-12-16 08:46:00";17
"2018-12-16 08:46:06";17
"2018-12-16 08:56:00";19
"2018-12-16 09:06:00";19
"2018-12-16 09:06:06";19
"2018-12-16 09:16:00";19
"2018-12-16 09:16:05";19
"2018-12-16 09:26:00";17
"2018-12-16 09:36:00";17
"2018-12-16 09:36:06";17
"2018-12-16 09:46:00";17
"2018-12-16 09:46:06";17
"2018-12-16 09:56:00";19
"2018-12-16 10:06:00";19
"2018-12-16 10:06:05";19
"2018-12-16 10:16:00";19
"2018-12-16 10:16:05";19
"2018-12-16 10:26:00";19
"2018-12-16 10:36:00";19
"2018-12-16 10:36:06";19
"2018-12-16 10:46:00";19
"2018-12-16 10:46:06";19
"2018-12-16 10:56:00";19
"2018-12-16 11:06:00";18
"2018-12-16 11:06:06";18
"2018-12-16 11:16:00";18
"2018-12-16 11:16:05";18
"2018-12-16 11:26:00";18
"2018-12-16 11:36:00";18
"2018-12-16 11:36:07";18
"2018-12-16 11:46:00";18
"2018-12-16 11:46:06";18
"2018-12-16 11:56:00";15
"2018-12-16 12:06:00";15
"2018-12-16 12:06:05";15
"2018-12-16 12:16:00";15
"2018-12-16 12:16:06";15
"2018-12-16 12:26:00";14
"2018-12-16 12:36:00";14
"2018-12-16 12:36:08";14
"2018-12-16 12:46:00";14
"2018-12-16 12:46:06";14
"2018-12-16 12:56:00";14
"2018-12-16 13:06:00";14
"2018-12-16 13:06:06";14
"2018-12-16 13:16:00";14
"2018-12-16 13:16:08";14
"2018-12-16 13:26:00";16
"2018-12-16 13:36:00";16
"2018-12-16 13:36:05";16
"2018-12-16 13:46:00";16
"2018-12-16 13:46:05";16
"2018-12-16 13:56:00";17
"2018-12-16 14:06:00";17
"2018-12-16 14:06:06";17
"2018-12-16 14:16:00";17
"2018-12-16 14:16:06";17
"2018-12-16 14:26:00";16
"2018-12-16 14:36:00";16
"2018-12-16 14:36:05";16
"2018-12-16 14:46:00";16
"2018-12-16 14:46:06";16
"2018-12-16 14:56:00";18
"2018-12-16 15:06:00";18
"2018-12-16 15:06:06";18
"2018-12-16 15:16:00";18
"2018-12-16 15:16:06";18
"2018-12-16 15:26:00";18
"2018-12-16 15:36:00";18
"2018-12-16 15:36:06";18
"2018-12-16 15:46:00";18
"2018-12-16 15:46:06";18
"2018-12-16 15:56:00";18
"2018-12-16 16:06:00";18
"2018-12-16 16:06:06";18
"2018-12-16 16:16:00";19
"2018-12-16 16:16:06";19
"2018-12-16 16:26:00";19
"2018-12-16 16:36:00";19
"2018-12-16 16:36:06";19
"2018-12-16 16:46:00";17
"2018-12-16 16:46:06";17
"2018-12-16 16:56:00";17
"2018-12-16 17:06:00";17
"2018-12-16 17:06:06";17
"2018-12-16 17:16:00";17
"2018-12-16 17:16:06";17
"2018-12-16 17:26:00";16
"2018-12-16 17:36:00";16
"2018-12-16 17:36:06";16
"2018-12-16 17:46:00";16
"2018-12-16 17:46:06";16
"2018-12-16 17:56:00";16
"2018-12-16 18:06:00";16
"2018-12-16 18:06:06";16
"2018-12-16 18:16:00";16
"2018-12-16 18:16:27";16
"2018-12-16 18:26:00";18
"2018-12-16 18:36:00";18
"2018-12-16 18:36:06";18
"2018-12-16 18:46:00";18
"2018-12-16 18:46:06";18
"2018-12-16 18:56:00";18
"2018-12-16 19:06:00";18
"2018-12-16 19:06:06";18
"2018-12-16 19:16:00";18
"2018-12-16 19:16:06";18
"2018-12-16 19:26:00";18
"2018-12-16 19:36:00";18
"2018-12-16 19:36:06";18
"2018-12-16 19:46:00";17
"2018-12-16 19:46:06";17
"2018-12-16 19:56:00";17
"2018-12-16 20:06:00";17
"2018-12-16 20:06:06";17
"2018-12-16 20:16:00";17
"2018-12-16 20:16:12";17
"2018-12-16 20:26:00";18
"2018-12-16 20:36:00";18
"2018-12-16 20:36:06";18
"2018-12-16 20:46:00";18
"2018-12-16 20:46:06";18
"2018-12-16 20:56:00";17
"2018-12-16 21:06:00";17
"2018-12-16 21:06:08";17
"2018-12-16 21:16:00";18
"2018-12-16 21:16:06";18
"2018-12-16 21:26:00";18
"2018-12-16 21:36:00";18
"2018-12-16 21:36:07";18
"2018-12-16 21:46:00";18
"2018-12-16 21:46:06";18
"2018-12-16 21:56:00";17
"2018-12-16 22:06:00";17
"2018-12-16 22:06:10";17
"2018-12-16 22:16:00";17
"2018-12-16 22:16:09";17
"2018-12-16 22:26:00";17
"2018-12-16 22:36:00";17
"2018-12-16 22:36:09";17
"2018-12-16 22:46:00";17
"2018-12-16 22:46:09";17
"2018-12-16 22:56:00";16
"2018-12-16 23:06:00";16
"2018-12-16 23:06:06";16
"2018-12-16 23:16:00";17
"2018-12-16 23:16:08";17
"2018-12-16 23:26:00";17
"2018-12-16 23:36:00";17
"2018-12-16 23:36:12";17
"2018-12-16 23:46:00";17
"2018-12-16 23:46:15";17
"2018-12-16 23:56:00";17
"2018-12-17 00:06:00";17
"2018-12-17 00:06:11";17
"2018-12-17 00:16:00";17
"2018-12-17 00:16:15";17
"2018-12-17 00:26:00";15
"2018-12-17 00:36:00";15
"2018-12-17 00:36:10";15
"2018-12-17 00:46:00";15
"2018-12-17 00:46:09";15
"2018-12-17 00:56:00";18
"2018-12-17 01:06:00";18
"2018-12-17 01:06:11";18
"2018-12-17 01:16:00";18
"2018-12-17 01:16:10";18
"2018-12-17 01:26:00";16
"2018-12-17 01:36:00";16
"2018-12-17 01:36:08";16
"2018-12-17 01:46:00";16
"2018-12-17 01:46:07";16
"2018-12-17 01:56:00";17
"2018-12-17 02:06:00";17
"2018-12-17 02:06:08";17
"2018-12-17 02:16:00";17
"2018-12-17 02:16:08";17
"2018-12-17 02:26:00";15
"2018-12-17 02:36:00";15
"2018-12-17 02:36:07";15
"2018-12-17 02:46:00";15
"2018-12-17 02:46:09";15
"2018-12-17 02:56:00";16
"2018-12-17 03:06:00";16
"2018-12-17 03:06:07";16
"2018-12-17 03:16:00";16
"2018-12-17 03:16:08";16
"2018-12-17 03:26:00";17
"2018-12-17 03:36:00";17
"2018-12-17 03:36:12";17
"2018-12-17 03:46:00";17
"2018-12-17 03:46:15";17
"2018-12-17 03:56:00";16
"2018-12-17 04:06:00";16
"2018-12-17 04:06:12";16
"2018-12-17 04:16:00";16
"2018-12-17 04:16:11";16
"2018-12-17 04:26:00";17
"2018-12-17 04:36:06";17
"2018-12-17 04:46:00";17
"2018-12-17 04:46:05";17
"2018-12-17 04:56:00";16
"2018-12-17 05:06:00";16
"2018-12-17 05:06:05";16
"2018-12-17 05:16:00";16
"2018-12-17 05:16:05";16
"2018-12-17 05:26:00";15
"2018-12-17 05:36:00";15
"2018-12-17 05:36:06";15
"2018-12-17 05:46:00";15
"2018-12-17 05:46:06";15
"2018-12-17 05:56:00";15
"2018-12-17 06:06:00";15
"2018-12-17 06:06:05";15
"2018-12-17 06:16:00";15
"2018-12-17 06:16:05";15
"2018-12-17 06:26:00";15
"2018-12-17 06:36:00";15
"2018-12-17 06:36:05";15
"2018-12-17 06:46:00";15
"2018-12-17 06:46:06";15
"2018-12-17 06:56:00";15
"2018-12-17 07:06:00";15
"2018-12-17 07:06:05";15
"2018-12-17 07:16:00";15
"2018-12-17 07:16:05";15
"2018-12-17 07:26:00";15
"2018-12-17 07:36:00";15
"2018-12-17 07:36:05";15
"2018-12-17 07:46:00";15
"2018-12-17 07:46:05";15
"2018-12-17 07:56:00";15
"2018-12-17 08:06:00";15
"2018-12-17 08:06:06";15
"2018-12-17 08:16:00";15
"2018-12-17 08:16:06";15
"2018-12-17 08:26:00";16
"2018-12-17 08:36:00";16
"2018-12-17 08:36:10";16
"2018-12-17 08:46:00";16
"2018-12-17 08:46:05";16
"2018-12-17 08:56:00";16
"2018-12-17 09:06:00";16
"2018-12-17 09:06:06";16
"2018-12-17 09:16:00";16
"2018-12-17 09:16:05";16
"2018-12-17 09:26:00";16
"2018-12-17 09:36:00";16
"2018-12-17 09:36:06";16
"2018-12-17 09:46:00";16
"2018-12-17 09:46:06";16
"2018-12-17 09:56:00";16
"2018-12-17 10:06:00";16
"2018-12-17 10:06:06";16
"2018-12-17 10:16:00";17
"2018-12-17 10:16:05";17
"2018-12-17 10:26:00";17
"2018-12-17 10:36:00";17
"2018-12-17 10:36:06";17
"2018-12-17 10:46:00";17
"2018-12-17 10:46:06";17
"2018-12-17 10:56:00";16
"2018-12-17 11:06:00";16
"2018-12-17 11:06:05";16
"2018-12-17 11:16:00";16
"2018-12-17 11:16:06";16
"2018-12-17 11:26:00";14
"2018-12-17 11:36:00";14
"2018-12-17 11:36:06";14
"2018-12-17 11:46:00";14
"2018-12-17 11:46:05";14
"2018-12-17 11:56:00";13
"2018-12-17 12:06:00";13
"2018-12-17 12:06:06";13
"2018-12-17 12:16:00";11
"2018-12-17 12:16:08";11
"2018-12-17 12:26:00";11
"2018-12-17 12:36:00";11
"2018-12-17 12:36:06";11
"2018-12-17 12:46:00";11
"2018-12-17 12:46:06";11
"2018-12-17 12:56:00";12
"2018-12-17 13:06:00";12
"2018-12-17 13:06:06";12
"2018-12-17 13:16:00";12
"2018-12-17 13:16:06";12
"2018-12-17 13:26:00";12
"2018-12-17 13:36:00";10
"2018-12-17 13:36:05";10
"2018-12-17 13:46:00";10
"2018-12-17 13:46:06";10
"2018-12-17 13:56:00";14
"2018-12-17 14:06:00";14
"2018-12-17 14:06:06";14
"2018-12-17 14:16:00";14
"2018-12-17 14:16:05";14
"2018-12-17 14:26:00";13
"2018-12-17 14:36:00";13
"2018-12-17 14:36:06";13
"2018-12-17 14:46:00";13
"2018-12-17 14:46:06";13
"2018-12-17 14:56:00";16
"2018-12-17 15:06:00";16
"2018-12-17 15:06:07";16
"2018-12-17 15:16:00";18
"2018-12-17 15:16:05";18
"2018-12-17 15:26:00";18
"2018-12-17 15:36:00";18
"2018-12-17 15:36:05";18
"2018-12-17 15:46:00";18
"2018-12-17 15:46:06";18
"2018-12-17 15:56:00";17
"2018-12-17 16:06:00";17
"2018-12-17 16:06:05";17
"2018-12-17 16:16:00";17
"2018-12-17 16:16:06";17
"2018-12-17 16:26:00";18
"2018-12-17 16:36:00";18
"2018-12-17 16:36:05";18
"2018-12-17 16:46:00";18
"2018-12-17 16:46:06";18
"2018-12-17 16:56:00";16
"2018-12-17 17:06:00";16
"2018-12-17 17:06:05";16
"2018-12-17 17:16:00";17
"2018-12-17 17:16:06";17
"2018-12-17 17:26:00";17
"2018-12-17 17:36:00";17
"2018-12-17 17:36:06";17
"2018-12-17 17:46:00";17
"2018-12-17 17:46:06";17
"2018-12-17 17:56:00";16
"2018-12-17 18:06:00";16
"2018-12-17 18:06:06";16
"2018-12-17 18:16:00";16
"2018-12-17 18:16:06";16
"2018-12-17 18:26:00";16
"2018-12-17 18:36:00";16
"2018-12-17 18:36:06";16
"2018-12-17 18:46:00";18
"2018-12-17 18:46:07";18
"2018-12-17 18:56:00";17
"2018-12-17 19:06:00";17
"2018-12-17 19:06:06";17
"2018-12-17 19:16:00";17
"2018-12-17 19:16:06";17
"2018-12-17 19:26:00";18
"2018-12-17 19:36:00";18
"2018-12-17 19:36:06";18
"2018-12-17 19:46:00";18
"2018-12-17 19:46:07";18
"2018-12-17 19:56:00";16
"2018-12-17 20:06:00";16
"2018-12-17 20:06:06";16
"2018-12-17 20:16:00";16
"2018-12-17 20:16:06";16
"2018-12-17 20:26:00";16
"2018-12-17 20:36:00";16
"2018-12-17 20:36:06";16
"2018-12-17 20:46:00";16
"2018-12-17 20:46:06";16
"2018-12-17 20:56:00";16
"2018-12-17 21:06:00";16
"2018-12-17 21:06:09";16
"2018-12-17 21:16:00";16
"2018-12-17 21:16:08";16
"2018-12-17 21:26:00";18
"2018-12-17 21:36:00";18
"2018-12-17 21:36:06";18
"2018-12-17 21:46:00";18
"2018-12-17 21:46:06";18
"2018-12-17 21:56:00";16
"2018-12-17 22:06:00";16
"2018-12-17 22:06:15";16
"2018-12-17 22:16:00";16
"2018-12-17 22:16:10";16
"2018-12-17 22:26:00";18
"2018-12-17 22:36:00";18
"2018-12-17 22:36:10";18
"2018-12-17 22:46:00";18
"2018-12-17 22:46:09";18
"2018-12-17 22:56:00";16
"2018-12-17 23:06:00";16
"2018-12-17 23:06:07";16
"2018-12-17 23:16:00";16
"2018-12-17 23:16:07";16
"2018-12-17 23:26:00";16
"2018-12-17 23:36:00";16
"2018-12-17 23:36:10";16
"2018-12-17 23:46:00";16
"2018-12-17 23:46:25";16
"2018-12-17 23:56:00";16
"2018-12-18 00:06:00";16
"2018-12-18 00:06:13";16
"2018-12-18 00:16:00";16
"2018-12-18 00:16:12";16
"2018-12-18 00:26:00";16
"2018-12-18 00:36:00";16
"2018-12-18 00:36:12";16
"2018-12-18 00:46:00";16
"2018-12-18 00:46:14";16
"2018-12-18 00:56:00";15
"2018-12-18 01:06:00";15
"2018-12-18 01:06:10";15
"2018-12-18 01:16:00";15
"2018-12-18 01:16:17";15
"2018-12-18 01:26:00";17
"2018-12-18 01:36:00";17
"2018-12-18 01:36:10";17
"2018-12-18 01:46:00";17
"2018-12-18 01:46:10";17
"2018-12-18 01:56:00";15
"2018-12-18 02:06:00";15
"2018-12-18 02:06:07";15
"2018-12-18 02:16:00";15
"2018-12-18 02:16:08";15
"2018-12-18 02:26:00";15
"2018-12-18 02:36:00";15
"2018-12-18 02:36:08";15
"2018-12-18 02:46:00";15
"2018-12-18 02:46:09";15
"2018-12-18 02:56:00";17
"2018-12-18 03:06:00";17
"2018-12-18 03:06:11";17
"2018-12-18 03:16:00";17
"2018-12-18 03:16:06";17
"2018-12-18 03:26:00";16
"2018-12-18 03:36:00";16
"2018-12-18 03:36:06";16
"2018-12-18 03:46:00";15
"2018-12-18 03:46:09";15
"2018-12-18 03:56:00";15
"2018-12-18 04:06:00";15
"2018-12-18 04:06:15";15
"2018-12-18 04:16:00";15
"2018-12-18 04:16:07";15
"2018-12-18 04:26:00";16
"2018-12-18 04:36:00";16
"2018-12-18 04:36:05";16
"2018-12-18 04:46:00";16
"2018-12-18 04:46:06";16
"2018-12-18 04:56:00";14
"2018-12-18 05:06:00";14
"2018-12-18 05:06:05";14
"2018-12-18 05:16:00";15
"2018-12-18 05:16:05";15
"2018-12-18 05:26:00";15
"2018-12-18 05:36:00";15
"2018-12-18 05:36:05";15
"2018-12-18 05:46:00";15
"2018-12-18 05:46:07";15
"2018-12-18 05:56:00";16
"2018-12-18 06:06:00";16
"2018-12-18 06:06:05";16
"2018-12-18 06:16:00";16
"2018-12-18 06:16:06";16
"2018-12-18 06:26:00";15
"2018-12-18 06:36:00";15
"2018-12-18 06:36:06";15
"2018-12-18 06:46:00";15
"2018-12-18 06:46:06";15
"2018-12-18 06:56:00";15
"2018-12-18 07:06:00";15
"2018-12-18 07:06:06";15
"2018-12-18 07:16:00";15
"2018-12-18 07:16:06";15
"2018-12-18 07:26:00";15
"2018-12-18 07:36:00";15
"2018-12-18 07:36:05";15
"2018-12-18 07:46:00";15
"2018-12-18 07:46:05";15
"2018-12-18 07:56:00";15
"2018-12-18 08:06:00";15
"2018-12-18 08:06:05";15
"2018-12-18 08:16:00";15
"2018-12-18 08:16:06";15
"2018-12-18 08:26:00";16
"2018-12-18 08:36:00";16
"2018-12-18 08:36:06";16
"2018-12-18 08:46:00";16
"2018-12-18 08:46:08";16
"2018-12-18 08:56:00";16
"2018-12-18 09:06:00";16
"2018-12-18 09:06:06";16
"2018-12-18 09:16:00";15
"2018-12-18 09:16:05";15
"2018-12-18 09:26:00";16
"2018-12-18 09:36:00";16
"2018-12-18 09:36:05";16
"2018-12-18 09:46:00";15
"2018-12-18 09:46:06";15
"2018-12-18 09:56:00";15
"2018-12-18 10:06:00";15
"2018-12-18 10:06:06";15
"2018-12-18 10:16:00";15
"2018-12-18 10:16:05";15
"2018-12-18 10:26:00";16
"2018-12-18 10:36:00";16
"2018-12-18 10:36:06";16
"2018-12-18 10:46:00";16
"2018-12-18 10:46:06";16
"2018-12-18 10:56:00";15
"2018-12-18 11:06:00";15
"2018-12-18 11:06:06";15
"2018-12-18 11:16:00";15
"2018-12-18 11:16:06";15
"2018-12-18 11:26:00";13
"2018-12-18 11:36:00";13
"2018-12-18 11:36:06";13
"2018-12-18 11:46:00";13
"2018-12-18 11:46:06";13
"2018-12-18 11:56:00";10
"2018-12-18 12:06:00";10
"2018-12-18 12:06:06";10
"2018-12-18 12:16:00";11
"2018-12-18 12:16:06";11
"2018-12-18 12:26:00";11
"2018-12-18 12:36:00";11
"2018-12-18 12:36:06";11
"2018-12-18 12:46:00";11
"2018-12-18 12:46:07";11
"2018-12-18 12:56:00";11
"2018-12-18 13:06:00";11
"2018-12-18 13:06:05";11
"2018-12-18 13:16:00";11
"2018-12-18 13:16:06";11
"2018-12-18 13:26:00";8
"2018-12-18 13:36:00";8
"2018-12-18 13:36:05";8
"2018-12-18 13:46:00";8
"2018-12-18 13:46:06";8
"2018-12-18 13:56:00";11
"2018-12-18 14:06:00";11
"2018-12-18 14:06:06";11
"2018-12-18 14:16:00";11
"2018-12-18 14:16:05";11
"2018-12-18 14:26:00";13
"2018-12-18 14:36:00";13
"2018-12-18 14:36:06";13
"2018-12-18 14:46:00";13
"2018-12-18 14:46:06";13
"2018-12-18 14:56:00";15
"2018-12-18 15:06:00";15
"2018-12-18 15:06:06";15
"2018-12-18 15:16:00";15
"2018-12-18 15:16:06";15
"2018-12-18 15:26:00";16
"2018-12-18 15:36:00";16
"2018-12-18 15:36:06";16
"2018-12-18 15:46:00";16
"2018-12-18 15:46:06";16
"2018-12-18 15:56:00";15
"2018-12-18 16:06:00";15
"2018-12-18 16:06:05";15
"2018-12-18 16:16:00";15
"2018-12-18 16:16:06";15
"2018-12-18 16:26:00";15
"2018-12-18 16:36:00";15
"2018-12-18 16:36:06";15
"2018-12-18 16:46:00";15
"2018-12-18 16:46:05";15
"2018-12-18 16:56:00";14
"2018-12-18 17:06:00";14
"2018-12-18 17:06:06";14
"2018-12-18 17:16:00";14
"2018-12-18 17:16:05";14
"2018-12-18 17:26:00";16
"2018-12-18 17:36:00";16
"2018-12-18 17:36:05";16
"2018-12-18 17:46:00";16
"2018-12-18 17:46:06";16
"2018-12-18 17:56:00";15
"2018-12-18 18:06:00";15
"2018-12-18 18:06:06";15
"2018-12-18 18:16:00";15
"2018-12-18 18:16:06";15
"2018-12-18 18:26:00";15
"2018-12-18 18:36:00";15
"2018-12-18 18:36:06";15
"2018-12-18 18:46:00";15
"2018-12-18 18:46:07";15
"2018-12-18 18:56:00";16
"2018-12-18 19:06:00";16
"2018-12-18 19:06:07";16
"2018-12-18 19:16:00";16
"2018-12-18 19:16:06";16
"2018-12-18 19:26:00";16
"2018-12-18 19:36:00";16
"2018-12-18 19:36:05";16
"2018-12-18 19:46:00";16
"2018-12-18 19:46:06";16
"2018-12-18 19:56:00";15
"2018-12-18 20:06:00";15
"2018-12-18 20:06:09";15
"2018-12-18 20:16:00";15
"2018-12-18 20:16:06";15
"2018-12-18 20:26:00";16
"2018-12-18 20:36:00";16
"2018-12-18 20:36:06";16
"2018-12-18 20:46:00";16
"2018-12-18 20:46:06";16
"2018-12-18 20:56:00";15
"2018-12-18 21:06:00";15
"2018-12-18 21:06:06";15
"2018-12-18 21:16:00";15
"2018-12-18 21:16:06";15
"2018-12-18 21:26:00";15
"2018-12-18 21:36:00";15
"2018-12-18 21:36:06";15
"2018-12-18 21:46:00";15
"2018-12-18 21:46:06";15
"2018-12-18 21:56:00";15
"2018-12-18 22:06:00";15
"2018-12-18 22:06:10";15
"2018-12-18 22:16:00";15
"2018-12-18 22:16:10";15
"2018-12-18 22:26:00";15
"2018-12-18 22:36:00";15
"2018-12-18 22:36:10";15
"2018-12-18 22:46:00";15
"2018-12-18 22:46:13";15
"2018-12-18 22:56:00";16
"2018-12-18 23:06:00";16
"2018-12-18 23:06:07";16
"2018-12-18 23:16:00";16
"2018-12-18 23:16:08";16
"2018-12-18 23:26:00";15
"2018-12-18 23:36:00";15
"2018-12-18 23:36:09";15
"2018-12-18 23:46:00";15
"2018-12-18 23:56:00";17
"2018-12-18 23:56:10";17
"2018-12-19 00:06:00";17
"2018-12-19 00:06:08";17
"2018-12-19 00:16:00";17
"2018-12-19 00:16:13";17
"2018-12-19 00:26:00";15
"2018-12-19 00:26:12";15
"2018-12-19 00:36:00";15
"2018-12-19 00:46:00";15
"2018-12-19 00:46:12";15
"2018-12-19 00:56:00";16
"2018-12-19 00:56:14";16
"2018-12-19 01:06:00";16
"2018-12-19 01:16:00";16
"2018-12-19 01:16:07";16
"2018-12-19 01:26:00";16
"2018-12-19 01:26:08";16
"2018-12-19 01:36:00";16
"2018-12-19 01:46:00";16
"2018-12-19 01:46:06";16
"2018-12-19 01:56:00";16
"2018-12-19 01:56:06";16
"2018-12-19 02:06:00";16
"2018-12-19 02:16:00";16
"2018-12-19 02:16:07";16
"2018-12-19 02:26:00";15
"2018-12-19 02:26:09";15
"2018-12-19 02:36:00";15
"2018-12-19 02:46:00";15
"2018-12-19 02:46:06";15
"2018-12-19 02:56:00";16
"2018-12-19 02:56:06";16
"2018-12-19 03:06:00";16
"2018-12-19 03:16:00";16
"2018-12-19 03:16:06";16
"2018-12-19 03:26:00";16
"2018-12-19 03:26:06";16
"2018-12-19 03:36:00";16
"2018-12-19 03:46:00";16
"2018-12-19 03:46:08";16
"2018-12-19 03:56:00";16
"2018-12-19 03:56:06";16
"2018-12-19 04:06:00";14
"2018-12-19 04:16:00";14
"2018-12-19 04:16:06";14
"2018-12-19 04:26:00";15
"2018-12-19 04:26:05";15
"2018-12-19 04:36:00";15
"2018-12-19 04:46:00";15
"2018-12-19 04:46:06";15
"2018-12-19 04:56:00";15
"2018-12-19 04:56:05";15
"2018-12-19 05:06:00";15
"2018-12-19 05:16:00";15
"2018-12-19 05:16:06";15
"2018-12-19 05:26:00";15
"2018-12-19 05:26:06";15
"2018-12-19 05:36:00";15
"2018-12-19 05:46:00";17
"2018-12-19 05:46:06";17
"2018-12-19 05:56:00";17
"2018-12-19 06:06:00";15
"2018-12-19 06:06:05";15
"2018-12-19 06:16:00";15
"2018-12-19 06:16:06";15
"2018-12-19 06:26:00";15
"2018-12-19 06:26:06";15
"2018-12-19 06:36:00";15
"2018-12-19 06:36:05";15
"2018-12-19 06:46:00";16
"2018-12-19 06:56:00";16
"2018-12-19 06:56:06";16
"2018-12-19 07:06:00";15
"2018-12-19 07:06:05";15
"2018-12-19 07:16:00";15
"2018-12-19 07:26:00";15
"2018-12-19 07:26:05";15
"2018-12-19 07:36:00";15
"2018-12-19 07:36:06";15
"2018-12-19 07:46:00";15
"2018-12-19 07:56:00";15
"2018-12-19 07:56:06";15
"2018-12-19 08:06:00";16
"2018-12-19 08:06:05";16
"2018-12-19 08:16:00";16
"2018-12-19 08:26:00";16
"2018-12-19 08:26:05";16
"2018-12-19 08:36:00";16
"2018-12-19 08:46:00";16
"2018-12-19 08:46:05";16
"2018-12-19 08:56:00";16
"2018-12-19 08:56:05";16
"2018-12-19 09:06:00";15
"2018-12-19 09:06:06";15
"2018-12-19 09:16:00";15
"2018-12-19 09:26:00";15
"2018-12-19 09:26:06";15
"2018-12-19 09:36:00";16
"2018-12-19 09:36:06";16
"2018-12-19 09:46:00";16
"2018-12-19 09:56:00";16
"2018-12-19 09:56:05";16
"2018-12-19 10:06:00";17
"2018-12-19 10:06:05";17
"2018-12-19 10:16:00";17
"2018-12-19 10:26:00";17
"2018-12-19 10:26:07";17
"2018-12-19 10:36:00";17
"2018-12-19 10:36:05";17
"2018-12-19 10:46:00";16
"2018-12-19 10:56:00";16
"2018-12-19 10:56:06";16
"2018-12-19 11:06:00";16
"2018-12-19 11:06:06";16
"2018-12-19 11:16:00";16
"2018-12-19 11:26:00";16
"2018-12-19 11:26:06";16
"2018-12-19 11:36:00";16
"2018-12-19 11:36:06";16
"2018-12-19 11:46:00";16
"2018-12-19 11:56:00";15
"2018-12-19 11:56:05";15
"2018-12-19 12:06:00";15
"2018-12-19 12:06:06";15
"2018-12-19 12:16:00";15
"2018-12-19 12:26:00";15
"2018-12-19 12:26:05";15
"2018-12-19 12:36:00";15
"2018-12-19 12:36:06";15
"2018-12-19 12:46:00";15
"2018-12-19 12:56:00";15
"2018-12-19 12:56:06";15
"2018-12-19 13:06:00";15
"2018-12-19 13:06:06";15
"2018-12-19 13:16:00";15
"2018-12-19 13:26:00";15
"2018-12-19 13:26:06";15
"2018-12-19 13:36:00";15
"2018-12-19 13:36:06";15
"2018-12-19 13:46:00";15
"2018-12-19 13:56:00";16
"2018-12-19 13:56:05";16
"2018-12-19 14:06:00";16
"2018-12-19 14:06:06";16
"2018-12-19 14:16:00";16
"2018-12-19 14:26:00";16
"2018-12-19 14:26:06";16
"2018-12-19 14:36:00";16
"2018-12-19 14:36:06";16
"2018-12-19 14:46:00";16
"2018-12-19 14:56:00";16
"2018-12-19 14:56:08";16
"2018-12-19 15:06:00";16
"2018-12-19 15:06:05";16
"2018-12-19 15:16:00";16
"2018-12-19 15:26:00";14
"2018-12-19 15:26:06";14
"2018-12-19 15:36:00";14
"2018-12-19 15:36:06";14
"2018-12-19 15:46:00";14
"2018-12-19 15:56:00";16
"2018-12-19 15:56:06";16
"2018-12-19 16:06:00";16
"2018-12-19 16:06:06";16
"2018-12-19 16:16:00";15
"2018-12-19 16:26:00";15
"2018-12-19 16:26:06";15
"2018-12-19 16:36:00";15
"2018-12-19 16:36:05";15
"2018-12-19 16:46:00";15
"2018-12-19 16:56:00";16
"2018-12-19 16:56:05";16
"2018-12-19 17:06:00";16
"2018-12-19 17:06:05";16
"2018-12-19 17:16:00";16
"2018-12-19 17:26:00";16
"2018-12-19 17:26:06";16
"2018-12-19 17:36:00";16
"2018-12-19 17:36:06";16
"2018-12-19 17:46:00";16
"2018-12-19 17:56:00";16
"2018-12-19 17:56:06";16
"2018-12-19 18:06:00";16
"2018-12-19 18:06:07";16
"2018-12-19 18:16:00";16
"2018-12-19 18:26:00";14
"2018-12-19 18:26:06";14
"2018-12-19 18:36:00";14
"2018-12-19 18:36:06";14
"2018-12-19 18:46:00";14
"2018-12-19 18:56:00";16
"2018-12-19 18:56:06";16
"2018-12-19 19:06:00";16
"2018-12-19 19:06:06";16
"2018-12-19 19:16:00";15
"2018-12-19 19:26:00";15
"2018-12-19 19:26:06";15
"2018-12-19 19:36:00";15
"2018-12-19 19:36:06";15
"2018-12-19 19:46:00";15
"2018-12-19 19:56:00";15
"2018-12-19 19:56:05";15
"2018-12-19 20:06:00";15
"2018-12-19 20:06:08";15
"2018-12-19 20:16:00";15
"2018-12-19 20:26:00";17
"2018-12-19 20:26:05";17
"2018-12-19 20:36:00";17
"2018-12-19 20:36:05";17
"2018-12-19 20:46:00";17
"2018-12-19 20:56:00";16
"2018-12-19 20:56:06";16
"2018-12-19 21:06:00";16
"2018-12-19 21:06:07";16
"2018-12-19 21:16:00";16
"2018-12-19 21:26:00";17
"2018-12-19 21:26:06";17
"2018-12-19 21:36:00";17
"2018-12-19 21:36:06";17
"2018-12-19 21:46:00";17
"2018-12-19 21:56:00";17
"2018-12-19 21:56:06";17
"2018-12-19 22:06:00";17
"2018-12-19 22:06:17";17
"2018-12-19 22:16:00";17
"2018-12-19 22:26:00";16
"2018-12-19 22:26:10";16
"2018-12-19 22:36:00";16
"2018-12-19 22:36:12";16
"2018-12-19 22:46:00";16
"2018-12-19 22:56:00";15
"2018-12-19 22:56:11";15
"2018-12-19 23:06:00";15
"2018-12-19 23:06:14";15
"2018-12-19 23:16:00";15
"2018-12-19 23:26:00";15
"2018-12-19 23:26:06";15
"2018-12-19 23:36:00";15
"2018-12-19 23:36:12";15
"2018-12-19 23:46:00";15
"2018-12-19 23:56:00";17
"2018-12-19 23:56:13";17
"2018-12-20 00:06:00";17
"2018-12-20 00:06:15";17
"2018-12-20 00:16:00";17
"2018-12-20 00:16:19";17
"2018-12-20 00:26:00";17
"2018-12-20 00:36:00";17
"2018-12-20 00:36:12";17
"2018-12-20 00:46:00";17
"2018-12-20 00:46:22";17
"2018-12-20 00:56:00";17
"2018-12-20 00:56:14";17
"2018-12-20 01:06:00";17
"2018-12-20 01:16:00";17
"2018-12-20 01:16:13";17
"2018-12-20 01:26:00";15
"2018-12-20 01:26:08";15
"2018-12-20 01:36:00";15
"2018-12-20 01:46:00";15
"2018-12-20 01:46:09";15
"2018-12-20 01:56:00";15
"2018-12-20 01:56:06";15
"2018-12-20 02:06:00";15
"2018-12-20 02:16:00";15
"2018-12-20 02:16:06";15
"2018-12-20 02:26:00";15
"2018-12-20 02:26:07";15
"2018-12-20 02:36:00";15
"2018-12-20 02:46:00";15
"2018-12-20 02:46:08";15
"2018-12-20 02:56:00";15
"2018-12-20 02:56:08";15
"2018-12-20 03:06:00";15
"2018-12-20 03:16:00";15
"2018-12-20 03:16:06";15
"2018-12-20 03:26:00";16
"2018-12-20 03:26:06";16
"2018-12-20 03:36:00";16
"2018-12-20 03:46:00";16
"2018-12-20 03:46:07";16
"2018-12-20 03:56:00";16
"2018-12-20 03:56:06";16
"2018-12-20 04:06:00";16
"2018-12-20 04:16:00";16
"2018-12-20 04:16:07";16
"2018-12-20 04:26:00";16
"2018-12-20 04:26:06";16
"2018-12-20 04:36:00";16
"2018-12-20 04:46:00";16
"2018-12-20 04:46:05";16
"2018-12-20 04:56:00";16
"2018-12-20 04:56:05";16
"2018-12-20 05:06:00";16
"2018-12-20 05:16:00";16
"2018-12-20 05:16:06";16
"2018-12-20 05:26:00";17
"2018-12-20 05:26:06";17
"2018-12-20 05:36:00";17
"2018-12-20 05:46:00";17
"2018-12-20 05:46:06";17
"2018-12-20 05:56:00";17
"2018-12-20 05:56:06";17
"2018-12-20 06:06:00";17
"2018-12-20 06:16:00";17
"2018-12-20 06:16:05";17
"2018-12-20 06:26:00";17
"2018-12-20 06:26:05";17
"2018-12-20 06:36:00";17
"2018-12-20 06:46:00";15
"2018-12-20 06:46:06";15
"2018-12-20 06:56:00";15
"2018-12-20 06:56:06";15
"2018-12-20 07:06:00";15
"2018-12-20 07:16:00";15
"2018-12-20 07:16:06";15
"2018-12-20 07:26:00";16
"2018-12-20 07:26:06";16
"2018-12-20 07:36:00";16
"2018-12-20 07:46:00";16
"2018-12-20 07:46:06";16
"2018-12-20 07:56:00";16
"2018-12-20 07:56:06";16
"2018-12-20 08:06:00";16
"2018-12-20 08:16:00";16
"2018-12-20 08:16:06";16
"2018-12-20 08:26:00";15
"2018-12-20 08:26:05";15
"2018-12-20 08:36:00";15
"2018-12-20 08:46:00";15
"2018-12-20 08:46:05";15
"2018-12-20 08:56:00";15
"2018-12-20 08:56:05";15
"2018-12-20 09:06:00";15
"2018-12-20 09:16:00";15
"2018-12-20 09:16:06";15
"2018-12-20 09:26:00";15
"2018-12-20 09:26:06";15
"2018-12-20 09:36:00";15
"2018-12-20 09:46:00";15
"2018-12-20 09:46:07";15
"2018-12-20 09:56:00";14
"2018-12-20 09:56:06";14
"2018-12-20 10:06:00";14
"2018-12-20 10:16:00";14
"2018-12-20 10:16:05";14
"2018-12-20 10:26:00";15
"2018-12-20 10:26:05";15
"2018-12-20 10:36:00";15
"2018-12-20 10:46:00";15
"2018-12-20 10:46:06";15
"2018-12-20 10:56:00";14
"2018-12-20 10:56:05";14
"2018-12-20 11:06:00";14
"2018-12-20 11:16:00";14
"2018-12-20 11:16:06";14
"2018-12-20 11:26:00";15
"2018-12-20 11:26:05";15
"2018-12-20 11:36:00";15
"2018-12-20 11:46:00";15
"2018-12-20 11:46:05";15
"2018-12-20 11:56:00";15
"2018-12-20 11:56:05";15
"2018-12-20 12:06:00";15
"2018-12-20 12:16:00";15
"2018-12-20 12:16:06";15
"2018-12-20 12:26:00";15
"2018-12-20 12:26:05";15
"2018-12-20 12:36:00";15
"2018-12-20 12:46:00";15
"2018-12-20 12:46:06";15
"2018-12-20 12:56:00";13
"2018-12-20 12:56:06";13
"2018-12-20 13:06:00";13
"2018-12-20 13:16:00";13
"2018-12-20 13:16:06";13
"2018-12-20 13:26:00";15
"2018-12-20 13:26:06";15
"2018-12-20 13:36:00";15
"2018-12-20 13:46:00";15
"2018-12-20 13:46:06";15
"2018-12-20 13:56:00";14
"2018-12-20 13:56:05";14
"2018-12-20 14:06:00";14
"2018-12-20 14:16:00";14
"2018-12-20 14:16:05";14
"2018-12-20 14:26:00";16
"2018-12-20 14:26:06";16
"2018-12-20 14:36:00";16
"2018-12-20 14:46:00";16
"2018-12-20 14:46:07";16
"2018-12-20 14:56:00";14
"2018-12-20 14:56:05";14
"2018-12-20 15:06:00";14
"2018-12-20 15:16:00";14
"2018-12-20 15:16:05";14
"2018-12-20 15:26:00";14
"2018-12-20 15:26:06";14
"2018-12-20 15:36:00";14
"2018-12-20 15:46:00";14
"2018-12-20 15:46:06";14
"2018-12-20 15:56:00";14
"2018-12-20 15:56:06";14
"2018-12-20 16:06:00";14
"2018-12-20 16:16:00";14
"2018-12-20 16:16:07";14
"2018-12-20 16:26:00";14
"2018-12-20 16:26:06";14
"2018-12-20 16:36:00";14
"2018-12-20 16:46:00";14
"2018-12-20 16:46:08";14
"2018-12-20 16:56:00";15
"2018-12-20 16:56:05";15
"2018-12-20 17:06:00";15
"2018-12-20 17:16:00";15
"2018-12-20 17:16:06";15
"2018-12-20 17:26:00";16
"2018-12-20 17:26:06";16
"2018-12-20 17:36:00";16
"2018-12-20 17:46:00";16
"2018-12-20 17:46:06";16
"2018-12-20 17:56:00";15
"2018-12-20 17:56:06";15
"2018-12-20 18:06:00";15
"2018-12-20 18:16:00";15
"2018-12-20 18:16:06";15
"2018-12-20 18:26:00";16
"2018-12-20 18:26:06";16
"2018-12-20 18:36:00";16
"2018-12-20 18:46:00";16
"2018-12-20 18:46:06";16
"2018-12-20 18:56:00";15
"2018-12-20 18:56:06";15
"2018-12-20 19:06:00";15
"2018-12-20 19:16:00";15
"2018-12-20 19:16:06";15
"2018-12-20 19:26:00";15
"2018-12-20 19:26:06";15
"2018-12-20 19:36:00";15
"2018-12-20 19:46:00";15
"2018-12-20 19:46:07";15
"2018-12-20 19:56:00";15
"2018-12-20 19:56:06";15
"2018-12-20 20:06:00";15
"2018-12-20 20:16:00";15
"2018-12-20 20:16:06";15
"2018-12-20 20:26:00";16
"2018-12-20 20:26:06";16
"2018-12-20 20:36:00";16
"2018-12-20 20:46:00";16
"2018-12-20 20:46:06";16
"2018-12-20 20:56:00";14
"2018-12-20 20:56:06";14
"2018-12-20 21:06:00";14
"2018-12-20 21:16:00";14
"2018-12-20 21:16:06";14
"2018-12-20 21:26:00";15
"2018-12-20 21:26:06";15
"2018-12-20 21:36:00";15
"2018-12-20 21:46:00";15
"2018-12-20 21:46:06";15
"2018-12-20 21:56:00";15
"2018-12-20 21:56:06";15
"2018-12-20 22:06:00";15
"2018-12-20 22:16:00";15
"2018-12-20 22:16:09";15
"2018-12-20 22:26:00";16
"2018-12-20 22:26:09";16
"2018-12-20 22:36:00";16
"2018-12-20 22:46:00";16
"2018-12-20 22:46:08";16
"2018-12-20 22:56:00";14
"2018-12-20 22:56:08";14
"2018-12-20 23:06:00";14
"2018-12-20 23:16:00";14
"2018-12-20 23:16:06";14
"2018-12-20 23:26:00";14
"2018-12-20 23:26:06";14
"2018-12-20 23:36:00";14
"2018-12-20 23:36:11";14
"2018-12-20 23:46:00";14
"2018-12-20 23:46:18";14
"2018-12-20 23:56:00";15
"2018-12-21 00:06:00";15
"2018-12-21 00:06:45";15
"2018-12-21 00:16:00";15
"2018-12-21 00:16:10";15
"2018-12-21 00:26:00";15
"2018-12-21 00:36:00";15
"2018-12-21 00:36:11";15
"2018-12-21 00:46:00";15
"2018-12-21 00:46:12";15
"2018-12-21 00:56:00";14
"2018-12-21 01:06:00";14
"2018-12-21 01:06:12";14
"2018-12-21 01:16:00";14
"2018-12-21 01:16:09";14
"2018-12-21 01:26:00";14
"2018-12-21 01:36:00";14
"2018-12-21 01:36:07";14
"2018-12-21 01:46:00";14
"2018-12-21 01:46:07";14
"2018-12-21 01:56:00";17
"2018-12-21 02:06:00";17
"2018-12-21 02:06:09";17
"2018-12-21 02:16:00";17
"2018-12-21 02:16:07";17
"2018-12-21 02:26:00";17
"2018-12-21 02:36:00";14
"2018-12-21 02:36:05";14
"2018-12-21 02:46:00";14
"2018-12-21 02:46:06";14
"2018-12-21 02:56:00";15
"2018-12-21 03:06:00";15
"2018-12-21 03:06:05";15
"2018-12-21 03:16:00";15
"2018-12-21 03:16:06";15
"2018-12-21 03:26:00";14
"2018-12-21 03:36:00";14
"2018-12-21 03:36:06";14
"2018-12-21 03:46:00";14
"2018-12-21 03:46:07";14
"2018-12-21 03:56:00";14
"2018-12-21 04:06:00";14
"2018-12-21 04:06:08";14
"2018-12-21 04:16:00";14
"2018-12-21 04:16:05";14
"2018-12-21 04:26:00";15
"2018-12-21 04:36:00";15
"2018-12-21 04:36:06";15
"2018-12-21 04:46:00";15
"2018-12-21 04:46:06";15
"2018-12-21 04:56:00";13
"2018-12-21 05:06:00";13
"2018-12-21 05:06:05";13
"2018-12-21 05:16:00";13
"2018-12-21 05:16:05";13
"2018-12-21 05:26:00";13
"2018-12-21 05:36:00";14
"2018-12-21 05:36:05";14
"2018-12-21 05:46:00";14
"2018-12-21 05:46:06";14
"2018-12-21 05:56:00";14
"2018-12-21 06:06:00";14
"2018-12-21 06:06:05";14
"2018-12-21 06:16:00";14
"2018-12-21 06:16:05";14
"2018-12-21 06:26:00";15
"2018-12-21 06:36:00";15
"2018-12-21 06:36:05";15
"2018-12-21 06:46:00";15
"2018-12-21 06:46:06";15
"2018-12-21 06:56:00";14
"2018-12-21 07:06:00";14
"2018-12-21 07:06:05";14
"2018-12-21 07:16:00";14
"2018-12-21 07:16:05";14
"2018-12-21 07:26:00";15
"2018-12-21 07:36:00";15
"2018-12-21 07:36:05";15
"2018-12-21 07:46:00";15
"2018-12-21 07:46:06";15
"2018-12-21 07:56:00";15
"2018-12-21 08:06:00";14
"2018-12-21 08:06:06";14
"2018-12-21 08:16:00";14
"2018-12-21 08:16:05";14
"2018-12-21 08:26:00";14
"2018-12-21 08:36:00";14
"2018-12-21 08:36:06";14
"2018-12-21 08:46:00";14
"2018-12-21 08:46:06";14
"2018-12-21 08:56:00";14
"2018-12-21 09:06:00";15
"2018-12-21 09:06:07";15
"2018-12-21 09:16:00";15
"2018-12-21 09:16:06";15
"2018-12-21 09:26:00";15
"2018-12-21 09:36:00";15
"2018-12-21 09:36:05";15
"2018-12-21 09:46:00";15
"2018-12-21 09:46:06";15
"2018-12-21 09:56:00";15
"2018-12-21 10:06:00";15
"2018-12-21 10:06:05";15
"2018-12-21 10:16:00";15
"2018-12-21 10:16:06";15
"2018-12-21 10:26:00";16
"2018-12-21 10:36:00";16
"2018-12-21 10:36:07";16
"2018-12-21 10:46:00";16
"2018-12-21 10:46:06";16
"2018-12-21 10:56:00";16
"2018-12-21 11:06:00";16
"2018-12-21 11:06:06";16
"2018-12-21 11:16:00";16
"2018-12-21 11:16:06";16
"2018-12-21 11:26:00";13
"2018-12-21 11:36:00";13
"2018-12-21 11:36:06";13
"2018-12-21 11:46:00";13
"2018-12-21 11:46:06";13
"2018-12-21 11:56:00";12
"2018-12-21 12:06:00";12
"2018-12-21 12:06:06";12
"2018-12-21 12:16:00";12
"2018-12-21 12:16:05";12
"2018-12-21 12:26:00";15
"2018-12-21 12:36:00";15
"2018-12-21 12:36:06";15
"2018-12-21 12:46:00";15
"2018-12-21 12:46:06";15
"2018-12-21 12:56:00";12
"2018-12-21 13:06:00";12
"2018-12-21 13:06:05";12
"2018-12-21 13:16:00";12
"2018-12-21 13:16:05";12
"2018-12-21 13:26:00";10
"2018-12-21 13:36:00";10
"2018-12-21 13:36:06";10
"2018-12-21 13:46:00";10
"2018-12-21 13:46:06";10
"2018-12-21 13:56:00";11
"2018-12-21 14:06:00";11
"2018-12-21 14:06:06";11
"2018-12-21 14:16:00";13
"2018-12-21 14:16:06";13
"2018-12-21 14:26:00";13
"2018-12-21 14:36:00";13
"2018-12-21 14:36:05";13
"2018-12-21 14:46:00";13
"2018-12-21 14:46:06";13
"2018-12-21 14:56:00";14
"2018-12-21 15:06:00";14
"2018-12-21 15:06:05";14
"2018-12-21 15:16:00";14
"2018-12-21 15:16:05";14
"2018-12-21 15:26:00";15
"2018-12-21 15:36:00";15
"2018-12-21 15:36:06";15
"2018-12-21 15:46:00";15
"2018-12-21 15:46:05";15
"2018-12-21 15:56:00";16
"2018-12-21 16:06:00";16
"2018-12-21 16:06:05";16
"2018-12-21 16:16:00";16
"2018-12-21 16:16:06";16
"2018-12-21 16:26:00";14
"2018-12-21 16:36:00";14
"2018-12-21 16:36:06";14
"2018-12-21 16:46:00";14
"2018-12-21 16:46:06";14
"2018-12-21 16:56:00";15
"2018-12-21 17:06:00";15
"2018-12-21 17:06:06";15
"2018-12-21 17:16:00";15
"2018-12-21 17:16:06";15
"2018-12-21 17:26:00";14
"2018-12-21 17:36:00";14
"2018-12-21 17:36:06";14
"2018-12-21 17:46:00";14
"2018-12-21 17:46:06";14
"2018-12-21 17:56:00";16
"2018-12-21 18:06:00";16
"2018-12-21 18:06:06";16
"2018-12-21 18:16:00";16
"2018-12-21 18:16:06";16
"2018-12-21 18:26:00";15
"2018-12-21 18:36:00";15
"2018-12-21 18:36:06";15
"2018-12-21 18:46:00";15
"2018-12-21 18:46:12";15
"2018-12-21 18:56:00";14
"2018-12-21 19:06:00";14
"2018-12-21 19:06:06";14
"2018-12-21 19:16:00";14
"2018-12-21 19:16:06";14
"2018-12-21 19:26:00";16
"2018-12-21 19:36:00";16
"2018-12-21 19:36:06";16
"2018-12-21 19:46:00";16
"2018-12-21 19:46:06";16
"2018-12-21 19:56:00";16
"2018-12-21 20:06:00";16
"2018-12-21 20:06:06";16
"2018-12-21 20:16:00";16
"2018-12-21 20:16:14";16
"2018-12-21 20:26:00";16
"2018-12-21 20:36:00";16
"2018-12-21 20:36:05";16
"2018-12-21 20:46:00";16
"2018-12-21 20:46:07";16
"2018-12-21 20:56:00";17
"2018-12-21 21:06:00";17
"2018-12-21 21:06:07";17
"2018-12-21 21:16:00";17
"2018-12-21 21:16:06";17
"2018-12-21 21:26:00";17
"2018-12-21 21:36:00";17
"2018-12-21 21:36:06";17
"2018-12-21 21:46:00";17
"2018-12-21 21:46:06";17
"2018-12-21 21:56:00";16
"2018-12-21 22:06:00";16
"2018-12-21 22:06:13";16
"2018-12-21 22:16:00";16
"2018-12-21 22:16:09";16
"2018-12-21 22:26:00";16
"2018-12-21 22:36:00";16
"2018-12-21 22:36:10";16
"2018-12-21 22:46:00";16
"2018-12-21 22:46:10";16
"2018-12-21 22:56:00";16
"2018-12-21 23:06:00";16
"2018-12-21 23:06:07";16
"2018-12-21 23:16:00";16
"2018-12-21 23:16:07";16
"2018-12-21 23:26:00";15
"2018-12-21 23:36:00";15
"2018-12-21 23:36:10";15
"2018-12-21 23:46:00";15
"2018-12-21 23:46:20";15
"2018-12-21 23:56:00";16
"2018-12-22 00:06:00";16
"2018-12-22 00:06:09";16
"2018-12-22 00:16:00";16
"2018-12-22 00:16:08";16
"2018-12-22 00:26:00";17
"2018-12-22 00:36:00";17
"2018-12-22 00:36:10";17
"2018-12-22 00:46:00";17
"2018-12-22 00:46:10";17
"2018-12-22 00:56:00";14
"2018-12-22 01:06:00";14
"2018-12-22 01:06:07";14
"2018-12-22 01:16:00";14
"2018-12-22 01:16:08";14
"2018-12-22 01:26:00";17
"2018-12-22 01:36:00";17
"2018-12-22 01:36:07";17
"2018-12-22 01:46:00";17
"2018-12-22 01:46:09";17
"2018-12-22 01:56:00";17
"2018-12-22 02:06:00";16
"2018-12-22 02:06:09";16
"2018-12-22 02:16:00";16
"2018-12-22 02:16:09";16
"2018-12-22 02:26:00";14
"2018-12-22 02:36:00";14
"2018-12-22 02:36:06";14
"2018-12-22 02:46:00";14
"2018-12-22 02:46:06";14
"2018-12-22 02:56:00";14
"2018-12-22 03:06:00";16
"2018-12-22 03:06:06";16
"2018-12-22 03:16:00";16
"2018-12-22 03:16:06";16
"2018-12-22 03:26:00";16
"2018-12-22 03:36:00";14
"2018-12-22 03:36:06";14
"2018-12-22 03:46:00";14
"2018-12-22 03:46:08";14
"2018-12-22 03:56:00";14
"2018-12-22 04:06:00";14
"2018-12-22 04:06:06";14
"2018-12-22 04:16:00";14
"2018-12-22 04:16:06";14
"2018-12-22 04:26:00";15
"2018-12-22 04:36:00";15
"2018-12-22 04:36:07";15
"2018-12-22 04:46:00";15
"2018-12-22 04:46:06";15
"2018-12-22 04:56:00";15
"2018-12-22 05:06:00";15
"2018-12-22 05:06:06";15
"2018-12-22 05:16:00";14
"2018-12-22 05:16:06";14
"2018-12-22 05:26:00";14
"2018-12-22 05:36:00";15
"2018-12-22 05:36:05";15
"2018-12-22 05:46:00";15
"2018-12-22 05:46:05";15
"2018-12-22 05:56:00";15
"2018-12-22 06:06:00";15
"2018-12-22 06:06:05";15
"2018-12-22 06:16:00";15
"2018-12-22 06:16:06";15
"2018-12-22 06:26:00";17
"2018-12-22 06:36:00";17
"2018-12-22 06:36:05";17
"2018-12-22 06:46:00";17
"2018-12-22 06:46:05";17
"2018-12-22 06:56:00";14
"2018-12-22 07:06:00";14
"2018-12-22 07:06:05";14
"2018-12-22 07:16:00";14
"2018-12-22 07:16:06";14
"2018-12-22 07:26:00";15
"2018-12-22 07:36:00";15
"2018-12-22 07:36:05";15
"2018-12-22 07:46:00";15
"2018-12-22 07:46:06";15
"2018-12-22 07:56:00";15
"2018-12-22 08:06:00";15
"2018-12-22 08:06:06";15
"2018-12-22 08:16:00";15
"2018-12-22 08:16:05";15
"2018-12-22 08:26:00";16
"2018-12-22 08:36:00";16
"2018-12-22 08:36:06";16
"2018-12-22 08:46:00";16
"2018-12-22 08:46:08";16
"2018-12-22 08:56:00";13
"2018-12-22 09:06:00";13
"2018-12-22 09:06:06";13
"2018-12-22 09:16:00";13
"2018-12-22 09:16:05";13
"2018-12-22 09:26:00";16
"2018-12-22 09:36:00";16
"2018-12-22 09:36:05";16
"2018-12-22 09:46:00";16
"2018-12-22 09:46:06";16
"2018-12-22 09:56:00";15
"2018-12-22 10:06:00";15
"2018-12-22 10:06:06";15
"2018-12-22 10:16:00";15
"2018-12-22 10:16:06";15
"2018-12-22 10:26:00";17
"2018-12-22 10:36:00";17
"2018-12-22 10:36:05";17
"2018-12-22 10:46:00";17
"2018-12-22 10:46:06";17
"2018-12-22 10:56:00";16
"2018-12-22 11:06:00";16
"2018-12-22 11:06:05";16
"2018-12-22 11:16:00";16
"2018-12-22 11:16:06";16
"2018-12-22 11:26:00";14
"2018-12-22 11:36:00";14
"2018-12-22 11:36:06";14
"2018-12-22 11:46:00";14
"2018-12-22 11:46:05";14
"2018-12-22 11:56:00";13
"2018-12-22 12:06:00";13
"2018-12-22 12:06:05";13
"2018-12-22 12:16:00";13
"2018-12-22 12:16:06";13
"2018-12-22 12:26:00";14
"2018-12-22 12:36:00";14
"2018-12-22 12:36:06";14
"2018-12-22 12:46:00";14
"2018-12-22 12:46:06";14
"2018-12-22 12:56:00";12
"2018-12-22 13:06:00";12
"2018-12-22 13:06:05";12
"2018-12-22 13:16:00";12
"2018-12-22 13:16:06";12
"2018-12-22 13:26:00";10
"2018-12-22 13:36:00";10
"2018-12-22 13:36:05";10
"2018-12-22 13:46:00";10
"2018-12-22 13:46:06";10
"2018-12-22 13:56:00";13
"2018-12-22 14:06:00";13
"2018-12-22 14:06:05";13
"2018-12-22 14:16:00";13
"2018-12-22 14:16:06";13
"2018-12-22 14:26:00";15
"2018-12-22 14:36:00";15
"2018-12-22 14:36:06";15
"2018-12-22 14:46:00";15
"2018-12-22 14:46:06";15
"2018-12-22 14:56:00";18
"2018-12-22 15:06:00";18
"2018-12-22 15:06:06";18
"2018-12-22 15:16:00";18
"2018-12-22 15:16:06";18
"2018-12-22 15:26:00";16
"2018-12-22 15:36:00";16
"2018-12-22 15:36:05";16
"2018-12-22 15:46:00";16
"2018-12-22 15:46:06";16
"2018-12-22 15:56:00";16
"2018-12-22 16:06:00";16
"2018-12-22 16:06:06";16
"2018-12-22 16:16:00";16
"2018-12-22 16:16:05";16
"2018-12-22 16:26:00";16
"2018-12-22 16:36:00";16
"2018-12-22 16:36:05";16
"2018-12-22 16:46:00";16
"2018-12-22 16:46:06";16
"2018-12-22 16:56:00";17
"2018-12-22 17:06:00";17
"2018-12-22 17:06:06";17
"2018-12-22 17:16:00";17
"2018-12-22 17:16:06";17
"2018-12-22 17:26:00";15
"2018-12-22 17:36:00";15
"2018-12-22 17:36:06";15
"2018-12-22 17:46:00";15
"2018-12-22 17:46:08";15
"2018-12-22 17:56:00";17
"2018-12-22 18:06:00";17
"2018-12-22 18:06:36";17
"2018-12-22 18:16:00";17
"2018-12-22 18:16:07";17
"2018-12-22 18:26:00";16
"2018-12-22 18:36:00";16
"2018-12-22 18:36:09";16
"2018-12-22 18:46:00";16
"2018-12-22 18:46:06";16
"2018-12-22 18:56:00";16
"2018-12-22 19:06:00";16
"2018-12-22 19:06:05";16
"2018-12-22 19:16:00";16
"2018-12-22 19:16:06";16
"2018-12-22 19:26:00";18
"2018-12-22 19:36:00";18
"2018-12-22 19:36:06";18
"2018-12-22 19:46:00";18
"2018-12-22 19:46:06";18
"2018-12-22 19:56:00";15
"2018-12-22 20:06:00";15
"2018-12-22 20:06:06";15
"2018-12-22 20:16:00";15
"2018-12-22 20:16:07";15
"2018-12-22 20:26:00";17
"2018-12-22 20:36:00";17
"2018-12-22 20:36:06";17
"2018-12-22 20:46:00";17
"2018-12-22 20:46:06";17
"2018-12-22 20:56:00";19
"2018-12-22 21:06:00";19
"2018-12-22 21:06:07";19
"2018-12-22 21:16:00";19
"2018-12-22 21:16:08";19
"2018-12-22 21:26:00";17
"2018-12-22 21:36:00";17
"2018-12-22 21:36:05";17
"2018-12-22 21:46:00";17
"2018-12-22 21:46:06";17
"2018-12-22 21:56:00";19
"2018-12-22 22:06:00";19
"2018-12-22 22:06:09";19
"2018-12-22 22:16:00";19
"2018-12-22 22:16:08";19
"2018-12-22 22:26:00";17
"2018-12-22 22:36:00";17
"2018-12-22 22:36:10";17
"2018-12-22 22:46:00";17
"2018-12-22 22:46:09";17
"2018-12-22 22:56:00";16
"2018-12-22 23:06:00";16
"2018-12-22 23:06:06";16
"2018-12-22 23:16:00";16
"2018-12-22 23:16:06";16
"2018-12-22 23:26:00";17
"2018-12-22 23:26:05";17
"2018-12-23 00:46:00";16
"2018-12-23 00:46:11";16
"2018-12-23 00:56:00";17
"2018-12-23 01:06:00";17
"2018-12-23 01:06:07";17
"2018-12-23 01:16:00";17
"2018-12-23 01:16:09";17
"2018-12-23 01:26:00";14
"2018-12-23 01:36:00";14
"2018-12-23 01:36:14";14
"2018-12-23 01:46:00";14
"2018-12-23 01:46:09";14
"2018-12-23 01:56:00";15
"2018-12-23 02:06:00";15
"2018-12-23 02:06:08";15
"2018-12-23 02:16:00";15
"2018-12-23 02:16:06";15
"2018-12-23 02:26:00";14
"2018-12-23 02:36:00";14
"2018-12-23 02:36:06";14
"2018-12-23 02:46:00";14
"2018-12-23 02:46:05";14
"2018-12-23 02:56:00";15
"2018-12-23 03:06:00";15
"2018-12-23 03:06:06";15
"2018-12-23 03:16:00";15
"2018-12-23 03:16:06";15
"2018-12-23 03:26:00";17
"2018-12-23 03:36:00";17
"2018-12-23 03:36:06";17
"2018-12-23 03:46:00";17
"2018-12-23 03:46:08";17
"2018-12-23 03:56:00";16
"2018-12-23 04:06:00";16
"2018-12-23 04:06:07";16
"2018-12-23 04:16:00";16
"2018-12-23 04:16:05";16
"2018-12-23 04:26:00";17
"2018-12-23 04:36:00";17
"2018-12-23 04:36:06";17
"2018-12-23 04:46:00";17
"2018-12-23 04:46:06";17
"2018-12-23 04:56:00";16
"2018-12-23 05:06:00";16
"2018-12-23 05:06:05";16
"2018-12-23 05:16:00";16
"2018-12-23 05:16:05";16
"2018-12-23 05:26:00";15
"2018-12-23 05:36:00";15
"2018-12-23 05:36:05";15
"2018-12-23 05:46:00";15
"2018-12-23 05:46:05";15
"2018-12-23 05:56:00";14
"2018-12-23 06:06:00";14
"2018-12-23 06:06:06";14
"2018-12-23 06:16:00";14
"2018-12-23 06:16:05";14
"2018-12-23 06:26:00";15
"2018-12-23 06:36:00";15
"2018-12-23 06:36:05";15
"2018-12-23 06:46:00";15
"2018-12-23 06:46:06";15
"2018-12-23 06:56:00";15
"2018-12-23 07:06:00";15
"2018-12-23 07:06:05";15
"2018-12-23 07:16:00";15
"2018-12-23 07:16:06";15
"2018-12-23 07:26:00";17
"2018-12-23 07:36:00";17
"2018-12-23 07:36:05";17
"2018-12-23 07:46:00";17
"2018-12-23 07:46:06";17
"2018-12-23 07:56:00";16
"2018-12-23 08:06:00";16
"2018-12-23 08:06:05";16
"2018-12-23 08:16:00";16
"2018-12-23 08:16:05";16
"2018-12-23 08:26:00";16
"2018-12-23 08:36:00";16
"2018-12-23 08:36:06";16
"2018-12-23 08:46:00";16
"2018-12-23 08:46:05";16
"2018-12-23 08:56:00";16
"2018-12-23 09:06:00";16
"2018-12-23 09:06:05";16
"2018-12-23 09:16:00";16
"2018-12-23 09:16:06";16
"2018-12-23 09:26:00";17
"2018-12-23 09:36:00";17
"2018-12-23 09:36:05";17
"2018-12-23 09:46:00";17
"2018-12-23 09:46:06";17
"2018-12-23 09:56:00";16
"2018-12-23 10:06:00";16
"2018-12-23 10:06:06";16
"2018-12-23 10:16:00";16
"2018-12-23 10:16:06";16
"2018-12-23 10:26:00";16
"2018-12-23 10:36:00";16
"2018-12-23 10:36:06";16
"2018-12-23 10:46:00";16
"2018-12-23 10:46:06";16
"2018-12-23 10:56:00";16
"2018-12-23 11:06:00";16
"2018-12-23 11:06:05";16
"2018-12-23 11:16:00";16
"2018-12-23 11:16:05";16
"2018-12-23 11:26:00";12
"2018-12-23 11:36:00";12
"2018-12-23 11:36:06";12
"2018-12-23 11:46:00";12
"2018-12-23 11:46:05";12
"2018-12-23 11:56:00";11
"2018-12-23 12:06:00";11
"2018-12-23 12:06:05";11
"2018-12-23 12:16:00";11
"2018-12-23 12:16:05";11
"2018-12-23 12:26:00";11
"2018-12-23 12:36:00";11
"2018-12-23 12:36:06";11
"2018-12-23 12:46:00";11
"2018-12-23 12:46:07";11
"2018-12-23 12:56:00";11
"2018-12-23 13:06:00";11
"2018-12-23 13:06:06";11
"2018-12-23 13:16:00";11
"2018-12-23 13:16:07";11
"2018-12-23 13:26:00";9
"2018-12-23 13:36:00";9
"2018-12-23 13:36:05";9
"2018-12-23 13:46:00";9
"2018-12-23 13:46:06";9
"2018-12-23 13:56:00";10
"2018-12-23 14:06:00";10
"2018-12-23 14:06:05";10
"2018-12-23 14:16:00";10
"2018-12-23 14:16:05";10
"2018-12-23 14:26:00";12
"2018-12-23 14:36:00";12
"2018-12-23 14:36:05";12
"2018-12-23 14:46:00";12
"2018-12-23 14:46:06";12
"2018-12-23 14:56:00";14
"2018-12-23 15:06:00";14
"2018-12-23 15:06:05";14
"2018-12-23 15:16:00";14
"2018-12-23 15:16:06";14
"2018-12-23 15:26:00";14
"2018-12-23 15:36:00";14
"2018-12-23 15:36:05";14
"2018-12-23 15:46:00";14
"2018-12-23 15:46:06";14
"2018-12-23 15:56:00";15
"2018-12-23 16:06:00";15
"2018-12-23 16:06:06";15
"2018-12-23 16:16:00";15
"2018-12-23 16:16:07";15
"2018-12-23 16:26:00";15
"2018-12-23 16:36:00";15
"2018-12-23 16:36:07";15
"2018-12-23 16:46:00";15
"2018-12-23 16:46:06";15
"2018-12-23 16:56:00";16
"2018-12-23 17:06:00";16
"2018-12-23 17:06:06";16
"2018-12-23 17:16:00";16
"2018-12-23 17:16:06";16
"2018-12-23 17:26:00";15
"2018-12-23 17:36:00";15
"2018-12-23 17:36:06";15
"2018-12-23 17:46:00";15
"2018-12-23 17:46:06";15
"2018-12-23 17:56:00";16
"2018-12-23 18:06:00";16
"2018-12-23 18:06:08";16
"2018-12-23 18:16:00";16
"2018-12-23 18:16:06";16
"2018-12-23 18:26:00";15
"2018-12-23 18:36:00";15
"2018-12-23 18:36:06";15
"2018-12-23 18:46:00";15
"2018-12-23 18:46:08";15
"2018-12-23 18:56:00";15
"2018-12-23 19:06:00";15
"2018-12-23 19:06:06";15
"2018-12-23 19:16:00";15
"2018-12-23 19:16:06";15
"2018-12-23 19:26:00";16
"2018-12-23 19:36:00";16
"2018-12-23 19:36:06";16
"2018-12-23 19:46:00";16
"2018-12-23 19:46:06";16
"2018-12-23 19:56:00";15
"2018-12-23 20:06:00";15
"2018-12-23 20:06:06";15
"2018-12-23 20:16:00";17
"2018-12-23 20:16:07";17
"2018-12-23 20:26:00";17
"2018-12-23 20:36:00";17
"2018-12-23 20:36:06";17
"2018-12-23 20:46:00";17
"2018-12-23 20:46:06";17
"2018-12-23 20:56:00";16
"2018-12-23 21:06:00";16
"2018-12-23 21:06:06";16
"2018-12-23 21:16:00";16
"2018-12-23 21:16:06";16
"2018-12-23 21:26:00";15
"2018-12-23 21:36:00";15
"2018-12-23 21:36:05";15
"2018-12-23 21:46:00";15
"2018-12-23 21:46:06";15
"2018-12-23 21:56:00";16
"2018-12-23 22:06:00";16
"2018-12-23 22:06:08";16
"2018-12-23 22:16:00";16
"2018-12-23 22:16:09";16
"2018-12-23 22:26:00";18
"2018-12-23 22:36:00";18
"2018-12-23 22:36:08";18
"2018-12-23 22:46:00";18
"2018-12-23 22:46:09";18
"2018-12-23 22:56:00";17
"2018-12-23 23:06:00";17
"2018-12-23 23:06:07";17
"2018-12-23 23:16:00";17
"2018-12-23 23:16:07";17
"2018-12-23 23:26:00";18
"2018-12-23 23:36:00";18
"2018-12-23 23:36:12";18
"2018-12-23 23:46:00";18
"2018-12-23 23:46:12";18
"2018-12-23 23:56:00";17
"2018-12-24 00:06:00";17
"2018-12-24 00:06:10";17
"2018-12-24 00:16:00";17
"2018-12-24 00:16:11";17
"2018-12-24 00:26:00";15
"2018-12-24 00:36:00";15
"2018-12-24 00:36:09";15
"2018-12-24 00:46:00";15
"2018-12-24 00:46:08";15
"2018-12-24 00:56:00";16
"2018-12-24 01:06:00";16
"2018-12-24 01:06:06";16
"2018-12-24 01:16:00";16
"2018-12-24 01:16:07";16
"2018-12-24 01:26:00";16
"2018-12-24 01:36:00";16
"2018-12-24 01:36:07";16
"2018-12-24 01:46:00";16
"2018-12-24 01:46:07";16
"2018-12-24 01:56:00";17
"2018-12-24 02:06:00";17
"2018-12-24 02:06:08";17
"2018-12-24 02:16:00";17
"2018-12-24 02:16:08";17
"2018-12-24 02:26:00";18
"2018-12-24 02:36:00";18
"2018-12-24 02:36:07";18
"2018-12-24 02:46:00";18
"2018-12-24 02:46:07";18
"2018-12-24 02:56:00";16
"2018-12-24 03:06:00";16
"2018-12-24 03:06:07";16
"2018-12-24 03:16:00";16
"2018-12-24 03:16:08";16
"2018-12-24 03:26:00";17
"2018-12-24 03:36:00";17
"2018-12-24 03:36:10";17
"2018-12-24 03:46:00";17
"2018-12-24 03:46:08";17
"2018-12-24 03:56:00";16
"2018-12-24 04:06:00";16
"2018-12-24 04:06:06";16
"2018-12-24 04:16:00";16
"2018-12-24 04:16:06";16
"2018-12-24 04:26:00";18
"2018-12-24 04:36:00";18
"2018-12-24 04:36:05";18
"2018-12-24 04:46:00";18
"2018-12-24 04:46:06";18
"2018-12-24 04:56:00";18
"2018-12-24 05:06:00";18
"2018-12-24 05:06:06";18
"2018-12-24 05:16:00";18
"2018-12-24 05:16:05";18
"2018-12-24 05:26:00";17
"2018-12-24 05:36:00";17
"2018-12-24 05:36:05";17
"2018-12-24 05:46:00";17
"2018-12-24 05:46:05";17
"2018-12-24 05:56:00";18
"2018-12-24 06:06:00";18
"2018-12-24 06:06:05";18
"2018-12-24 06:16:00";18
"2018-12-24 06:16:06";18
"2018-12-24 06:26:00";19
"2018-12-24 06:36:00";19
"2018-12-24 06:36:06";19
"2018-12-24 06:46:00";19
"2018-12-24 06:46:05";19
"2018-12-24 06:56:00";24
"2018-12-24 07:06:00";24
"2018-12-24 07:06:05";24
"2018-12-24 07:16:00";24
"2018-12-24 07:16:05";24
"2018-12-24 07:26:00";20
"2018-12-24 07:36:00";20
"2018-12-24 07:36:06";20
"2018-12-24 07:46:00";20
"2018-12-24 07:46:06";20
"2018-12-24 07:56:00";16
"2018-12-24 08:06:00";16
"2018-12-24 08:06:05";16
"2018-12-24 08:16:00";16
"2018-12-24 08:16:05";16
"2018-12-24 08:26:00";17
"2018-12-24 08:36:00";17
"2018-12-24 08:36:09";17
"2018-12-24 08:46:00";17
"2018-12-24 08:46:06";17
"2018-12-24 08:56:00";16
"2018-12-24 09:06:00";16
"2018-12-24 09:06:06";16
"2018-12-24 09:16:00";16
"2018-12-24 09:16:05";16
"2018-12-24 09:26:00";18
"2018-12-24 09:36:00";18
"2018-12-24 09:36:06";18
"2018-12-24 09:46:00";18
"2018-12-24 09:46:06";18
"2018-12-24 09:56:00";19
"2018-12-24 10:06:00";19
"2018-12-24 10:06:06";19
"2018-12-24 10:16:00";19
"2018-12-24 10:16:07";19
"2018-12-24 10:26:00";20
"2018-12-24 10:36:00";20
"2018-12-24 10:36:05";20
"2018-12-24 10:46:00";20
"2018-12-24 10:46:06";20
"2018-12-24 10:56:00";20
"2018-12-24 11:06:00";20
"2018-12-24 11:06:05";20
"2018-12-24 11:16:00";20
"2018-12-24 11:16:06";20
"2018-12-24 11:26:00";19
"2018-12-24 11:36:00";19
"2018-12-24 11:36:05";19
"2018-12-24 11:46:00";19
"2018-12-24 11:46:05";19
"2018-12-24 11:56:00";20
"2018-12-24 12:06:00";20
"2018-12-24 12:06:05";20
"2018-12-24 12:16:00";20
"2018-12-24 12:16:06";20
"2018-12-24 12:26:00";20
"2018-12-24 12:36:00";20
"2018-12-24 12:36:06";20
"2018-12-24 12:46:00";20
"2018-12-24 12:46:06";20
"2018-12-24 12:56:00";20
"2018-12-24 13:06:00";20
"2018-12-24 13:06:05";20
"2018-12-24 13:16:00";20
"2018-12-24 13:16:05";20
"2018-12-24 13:26:00";21
"2018-12-24 13:36:00";21
"2018-12-24 13:36:06";21
"2018-12-24 13:46:00";21
"2018-12-24 13:46:06";21
"2018-12-24 13:56:00";20
"2018-12-24 14:06:00";20
"2018-12-24 14:06:05";20
"2018-12-24 14:16:00";20
"2018-12-24 14:16:05";20
"2018-12-24 14:26:00";22
"2018-12-24 14:36:00";22
"2018-12-24 14:36:06";22
"2018-12-24 14:46:00";22
"2018-12-24 14:46:07";22
"2018-12-24 14:56:00";20
"2018-12-24 15:06:00";20
"2018-12-24 15:06:06";20
"2018-12-24 15:16:00";20
"2018-12-24 15:16:05";20
"2018-12-24 15:26:00";22
"2018-12-24 15:36:00";22
"2018-12-24 15:36:06";22
"2018-12-24 15:46:00";22
"2018-12-24 15:46:06";22
"2018-12-24 15:56:00";22
"2018-12-24 16:06:00";22
"2018-12-24 16:06:05";22
"2018-12-24 16:16:00";22
"2018-12-24 16:16:06";22
"2018-12-24 16:26:00";22
"2018-12-24 16:36:00";22
"2018-12-24 16:36:05";22
"2018-12-24 16:46:00";22
"2018-12-24 16:46:06";22
"2018-12-24 16:56:00";22
"2018-12-24 17:06:00";22
"2018-12-24 17:06:05";22
"2018-12-24 17:16:00";22
"2018-12-24 17:16:05";22
"2018-12-24 17:26:00";22
"2018-12-24 17:36:00";22
"2018-12-24 17:36:05";22
"2018-12-24 17:46:00";22
"2018-12-24 17:46:06";22
"2018-12-24 17:56:00";20
"2018-12-24 18:06:00";20
"2018-12-24 18:06:06";20
"2018-12-24 18:16:00";22
"2018-12-24 18:16:06";22
"2018-12-24 18:26:00";22
"2018-12-24 18:36:00";22
"2018-12-24 18:36:06";22
"2018-12-24 18:46:00";22
"2018-12-24 18:46:08";22
"2018-12-24 18:56:00";22
"2018-12-24 19:06:00";20
"2018-12-24 19:06:06";20
"2018-12-24 19:16:00";20
"2018-12-24 19:16:05";20
"2018-12-24 19:26:00";21
"2018-12-24 19:36:00";21
"2018-12-24 19:36:06";21
"2018-12-24 19:46:00";21
"2018-12-24 19:46:05";21
"2018-12-24 19:56:00";21
"2018-12-24 20:06:00";21
"2018-12-24 20:06:07";21
"2018-12-24 20:16:00";21
"2018-12-24 20:16:06";21
"2018-12-24 20:26:00";22
"2018-12-24 20:36:00";22
"2018-12-24 20:36:06";22
"2018-12-24 20:46:00";22
"2018-12-24 20:46:07";22
"2018-12-24 20:56:00";23
"2018-12-24 21:06:00";23
"2018-12-24 21:06:07";23
"2018-12-24 21:16:00";23
"2018-12-24 21:16:06";23
"2018-12-24 21:26:00";24
"2018-12-24 21:36:00";24
"2018-12-24 21:36:06";24
"2018-12-24 21:46:00";24
"2018-12-24 21:46:07";24
"2018-12-24 21:56:00";21
"2018-12-24 22:06:00";21
"2018-12-24 22:06:28";21
"2018-12-24 22:16:00";21
"2018-12-24 22:16:10";21
"2018-12-24 22:26:00";21
"2018-12-24 22:36:00";19
"2018-12-24 22:36:10";19
"2018-12-24 22:46:00";19
"2018-12-24 22:46:09";19
"2018-12-24 22:56:00";20
"2018-12-24 23:06:00";20
"2018-12-24 23:06:06";20
"2018-12-24 23:16:00";20
"2018-12-24 23:16:06";20
"2018-12-24 23:26:00";22
"2018-12-24 23:36:00";22
"2018-12-24 23:36:10";22
"2018-12-24 23:46:00";22
"2018-12-24 23:46:13";22
"2018-12-24 23:56:00";21
"2018-12-25 00:06:00";21
"2018-12-25 00:06:08";21
"2018-12-25 00:16:00";21
"2018-12-25 00:16:08";21
"2018-12-25 00:26:00";20
"2018-12-25 00:36:00";20
"2018-12-25 00:36:07";20
"2018-12-25 00:46:00";20
"2018-12-25 00:46:09";20
"2018-12-25 00:56:00";19
"2018-12-25 01:06:00";19
"2018-12-25 01:06:06";19
"2018-12-25 01:16:00";19
"2018-12-25 01:16:09";19
"2018-12-25 01:26:00";18
"2018-12-25 01:36:00";18
"2018-12-25 01:36:06";18
"2018-12-25 01:46:00";18
"2018-12-25 01:46:06";18
"2018-12-25 01:56:00";18
"2018-12-25 02:06:00";18
"2018-12-25 02:06:06";18
"2018-12-25 02:16:00";19
"2018-12-25 02:16:05";19
"2018-12-25 02:26:00";19
"2018-12-25 02:36:00";19
"2018-12-25 02:36:06";19
"2018-12-25 02:46:00";19
"2018-12-25 02:46:05";19
"2018-12-25 02:56:00";17
"2018-12-25 03:06:00";17
"2018-12-25 03:06:05";17
"2018-12-25 03:16:00";17
"2018-12-25 03:16:06";17
"2018-12-25 03:26:00";19
"2018-12-25 03:36:00";19
"2018-12-25 03:36:06";19
"2018-12-25 03:46:00";19
"2018-12-25 03:46:07";19
"2018-12-25 03:56:00";18
"2018-12-25 04:06:00";18
"2018-12-25 04:06:05";18
"2018-12-25 04:16:00";18
"2018-12-25 04:16:06";18
"2018-12-25 04:26:00";20
"2018-12-25 04:36:00";20
"2018-12-25 04:36:05";20
"2018-12-25 04:46:00";20
"2018-12-25 04:46:05";20
"2018-12-25 04:56:00";18
"2018-12-25 05:06:00";18
"2018-12-25 05:06:05";18
"2018-12-25 05:16:00";18
"2018-12-25 05:16:05";18
"2018-12-25 05:26:00";19
"2018-12-25 05:36:00";19
"2018-12-25 05:36:05";19
"2018-12-25 05:46:00";19
"2018-12-25 05:46:05";19
"2018-12-25 05:56:00";19
"2018-12-25 06:06:00";19
"2018-12-25 06:06:06";19
"2018-12-25 06:16:00";19
"2018-12-25 06:16:06";19
"2018-12-25 06:26:00";18
"2018-12-25 06:36:00";18
"2018-12-25 06:36:05";18
"2018-12-25 06:46:00";18
"2018-12-25 06:46:06";18
"2018-12-25 06:56:00";18
"2018-12-25 07:06:00";18
"2018-12-25 07:06:06";18
"2018-12-25 07:16:00";18
"2018-12-25 07:16:06";18
"2018-12-25 07:26:00";18
"2018-12-25 07:36:00";18
"2018-12-25 07:36:05";18
"2018-12-25 07:46:00";18
"2018-12-25 07:46:06";18
"2018-12-25 07:56:00";19
"2018-12-25 08:06:00";19
"2018-12-25 08:06:06";19
"2018-12-25 08:16:00";19
"2018-12-25 08:16:05";19
"2018-12-25 08:26:00";19
"2018-12-25 08:36:00";19
"2018-12-25 08:36:05";19
"2018-12-25 08:46:00";19
"2018-12-25 08:46:06";19
"2018-12-25 08:56:00";17
"2018-12-25 09:06:00";17
"2018-12-25 09:06:06";17
"2018-12-25 09:16:00";17
"2018-12-25 09:16:05";17
"2018-12-25 09:26:00";17
"2018-12-25 09:36:00";17
"2018-12-25 09:36:05";17
"2018-12-25 09:46:00";17
"2018-12-25 09:46:05";17
"2018-12-25 09:56:00";17
"2018-12-25 10:06:00";19
"2018-12-25 10:06:05";19
"2018-12-25 10:16:00";19
"2018-12-25 10:16:06";19
"2018-12-25 10:26:00";19
"2018-12-25 10:36:00";19
"2018-12-25 10:36:06";19
"2018-12-25 10:46:00";19
"2018-12-25 10:46:06";19
"2018-12-25 10:56:00";18
"2018-12-25 11:06:00";18
"2018-12-25 11:06:06";18
"2018-12-25 11:16:00";18
"2018-12-25 11:16:06";18
"2018-12-25 11:26:00";16
"2018-12-25 11:36:00";16
"2018-12-25 11:36:06";16
"2018-12-25 11:46:00";16
"2018-12-25 11:46:05";16
"2018-12-25 11:56:00";16
"2018-12-25 12:06:00";16
"2018-12-25 12:06:05";16
"2018-12-25 12:16:00";16
"2018-12-25 12:16:05";16
"2018-12-25 12:26:00";15
"2018-12-25 12:36:00";15
"2018-12-25 12:36:06";15
"2018-12-25 12:46:00";15
"2018-12-25 12:46:06";15
"2018-12-25 12:56:00";15
"2018-12-25 13:06:00";15
"2018-12-25 13:06:07";15
"2018-12-25 13:16:00";15
"2018-12-25 13:16:05";15
"2018-12-25 13:26:00";13
"2018-12-25 13:36:00";13
"2018-12-25 13:36:05";13
"2018-12-25 13:46:00";13
"2018-12-25 13:46:06";13
"2018-12-25 13:56:00";12
"2018-12-25 14:06:00";12
"2018-12-25 14:06:05";12
"2018-12-25 14:16:00";12
"2018-12-25 14:16:05";12
"2018-12-25 14:26:00";15
"2018-12-25 14:36:00";15
"2018-12-25 14:36:06";15
"2018-12-25 14:46:00";15
"2018-12-25 14:46:06";15
"2018-12-25 14:56:00";15
"2018-12-25 15:06:00";16
"2018-12-25 15:06:06";16
"2018-12-25 15:16:00";16
"2018-12-25 15:16:06";16
"2018-12-25 15:26:00";18
"2018-12-25 15:36:00";18
"2018-12-25 15:36:05";18
"2018-12-25 15:46:00";18
"2018-12-25 15:46:06";18
"2018-12-25 15:56:00";18
"2018-12-25 16:06:00";17
"2018-12-25 16:06:06";17
"2018-12-25 16:16:00";17
"2018-12-25 16:16:06";17
"2018-12-25 16:26:00";17
"2018-12-25 16:36:00";17
"2018-12-25 16:36:06";17
"2018-12-25 16:46:00";17
"2018-12-25 16:46:07";17
"2018-12-25 16:56:00";17
"2018-12-25 17:06:00";15
"2018-12-25 17:06:05";15
"2018-12-25 17:16:00";15
"2018-12-25 17:16:06";15
"2018-12-25 17:26:00";15
"2018-12-25 17:36:00";17
"2018-12-25 17:36:05";17
"2018-12-25 17:46:00";17
"2018-12-25 17:46:05";17
"2018-12-25 17:56:00";16
"2018-12-25 18:06:00";16
"2018-12-25 18:06:06";16
"2018-12-25 18:16:00";16
"2018-12-25 18:16:06";16
"2018-12-25 18:26:00";16
"2018-12-25 18:36:00";16
"2018-12-25 18:36:06";16
"2018-12-25 18:46:00";16
"2018-12-25 18:46:06";16
"2018-12-25 18:56:00";15
"2018-12-25 19:06:00";15
"2018-12-25 19:06:05";15
"2018-12-25 19:16:00";15
"2018-12-25 19:16:08";15
"2018-12-25 19:26:00";17
"2018-12-25 19:36:00";17
"2018-12-25 19:36:09";17
"2018-12-25 19:46:00";17
"2018-12-25 19:46:06";17
"2018-12-25 19:56:00";18
"2018-12-25 20:06:00";18
"2018-12-25 20:06:07";18
"2018-12-25 20:16:00";18
"2018-12-25 20:16:06";18
"2018-12-25 20:26:00";15
"2018-12-25 20:36:00";15
"2018-12-25 20:36:06";15
"2018-12-25 20:46:00";15
"2018-12-25 20:46:06";15
"2018-12-25 20:56:00";15
"2018-12-25 21:06:00";17
"2018-12-25 21:06:06";17
"2018-12-25 21:16:00";17
"2018-12-25 21:16:06";17
"2018-12-25 21:26:00";17
"2018-12-25 21:36:00";17
"2018-12-25 21:36:06";17
"2018-12-25 21:46:00";17
"2018-12-25 21:46:06";17
"2018-12-25 21:56:00";17
"2018-12-25 21:56:05";17
"2018-12-25 22:06:00";17
"2018-12-25 22:06:08";17
"2018-12-25 22:16:00";17
"2018-12-25 22:16:08";17
"2018-12-25 22:26:00";17
"2018-12-25 22:36:00";17
"2018-12-25 22:36:09";17
"2018-12-25 22:46:00";17
"2018-12-25 22:46:09";17
"2018-12-25 22:56:00";17
"2018-12-25 23:06:00";17
"2018-12-25 23:06:06";17
"2018-12-25 23:16:00";17
"2018-12-25 23:16:06";17
"2018-12-25 23:26:00";18
"2018-12-25 23:36:00";18
"2018-12-25 23:36:08";18
"2018-12-25 23:46:00";18
"2018-12-25 23:46:09";18
"2018-12-25 23:56:00";18
"2018-12-26 00:06:00";18
"2018-12-26 00:06:09";18
"2018-12-26 00:16:00";18
"2018-12-26 00:16:10";18
"2018-12-26 00:26:00";18
"2018-12-26 00:36:00";17
"2018-12-26 00:36:08";17
"2018-12-26 00:46:00";17
"2018-12-26 00:46:07";17
"2018-12-26 00:56:00";17
"2018-12-26 01:06:00";16
"2018-12-26 01:06:06";16
"2018-12-26 01:16:00";16
"2018-12-26 01:16:09";16
"2018-12-26 01:26:00";16
"2018-12-26 01:36:00";16
"2018-12-26 01:36:07";16
"2018-12-26 01:46:00";17
"2018-12-26 01:46:06";17
"2018-12-26 01:56:00";17
"2018-12-26 02:06:00";17
"2018-12-26 02:06:06";17
"2018-12-26 02:16:00";18
"2018-12-26 02:16:06";18
"2018-12-26 02:26:00";18
"2018-12-26 02:36:00";18
"2018-12-26 02:36:05";18
"2018-12-26 02:46:00";18
"2018-12-26 02:46:05";18
"2018-12-26 02:56:00";18
"2018-12-26 03:06:00";17
"2018-12-26 03:06:05";17
"2018-12-26 03:16:00";17
"2018-12-26 03:16:05";17
"2018-12-26 03:26:00";17
"2018-12-26 03:36:00";16
"2018-12-26 03:36:06";16
"2018-12-26 03:46:00";16
"2018-12-26 03:46:07";16
"2018-12-26 03:56:00";16
"2018-12-26 04:06:00";18
"2018-12-26 04:06:09";18
"2018-12-26 04:16:00";18
"2018-12-26 04:16:05";18
"2018-12-26 04:26:00";18
"2018-12-26 04:36:00";18
"2018-12-26 04:36:05";18
"2018-12-26 04:46:00";16
"2018-12-26 04:46:06";16
"2018-12-26 04:56:00";16
"2018-12-26 05:06:00";16
"2018-12-26 05:06:05";16
"2018-12-26 05:16:00";16
"2018-12-26 05:16:06";16
"2018-12-26 05:26:00";16
"2018-12-26 05:36:00";16
"2018-12-26 05:36:05";16
"2018-12-26 05:46:00";16
"2018-12-26 05:46:06";16
"2018-12-26 05:56:00";16
"2018-12-26 06:06:00";16
"2018-12-26 06:06:06";16
"2018-12-26 06:16:00";16
"2018-12-26 06:16:05";16
"2018-12-26 06:26:00";16
"2018-12-26 06:36:00";17
"2018-12-26 06:36:05";17
"2018-12-26 06:46:00";17
"2018-12-26 06:46:05";17
"2018-12-26 06:56:00";17
"2018-12-26 07:06:00";15
"2018-12-26 07:06:06";15
"2018-12-26 07:16:00";15
"2018-12-26 07:16:05";15
"2018-12-26 07:26:00";15
"2018-12-26 07:36:00";15
"2018-12-26 07:36:05";15
"2018-12-26 07:46:00";16
"2018-12-26 07:46:06";16
"2018-12-26 07:56:00";16
"2018-12-26 08:06:00";16
"2018-12-26 08:06:06";16
"2018-12-26 08:16:00";16
"2018-12-26 08:16:05";16
"2018-12-26 08:26:00";16
"2018-12-26 08:36:00";17
"2018-12-26 08:36:07";17
"2018-12-26 08:46:00";17
"2018-12-26 08:46:06";17
"2018-12-26 08:56:00";16
"2018-12-26 09:06:00";16
"2018-12-26 09:06:06";16
"2018-12-26 09:16:00";16
"2018-12-26 09:16:05";16
"2018-12-26 09:26:00";15
"2018-12-26 09:36:00";15
"2018-12-26 09:36:05";15
"2018-12-26 09:46:00";15
"2018-12-26 09:46:06";15
"2018-12-26 09:56:00";17
"2018-12-26 10:06:00";17
"2018-12-26 10:06:05";17
"2018-12-26 10:16:00";17
"2018-12-26 10:16:05";17
"2018-12-26 10:26:00";16
"2018-12-26 10:36:00";16
"2018-12-26 10:36:05";16
"2018-12-26 10:46:00";18
"2018-12-26 10:46:06";18
"2018-12-26 10:56:00";18
"2018-12-26 11:06:00";18
"2018-12-26 11:06:06";18
"2018-12-26 11:16:00";18
"2018-12-26 11:16:06";18
"2018-12-26 11:26:00";15
"2018-12-26 11:36:00";15
"2018-12-26 11:36:05";15
"2018-12-26 11:46:00";15
"2018-12-26 11:46:05";15
"2018-12-26 11:56:00";12
"2018-12-26 12:06:00";12
"2018-12-26 12:06:06";12
"2018-12-26 12:16:00";12
"2018-12-26 12:16:06";12
"2018-12-26 12:26:00";11
"2018-12-26 12:36:00";11
"2018-12-26 12:36:06";11
"2018-12-26 12:46:00";12
"2018-12-26 12:46:05";12
"2018-12-26 12:56:00";12
"2018-12-26 13:06:00";12
"2018-12-26 13:06:06";12
"2018-12-26 13:16:00";11
"2018-12-26 13:16:05";11
"2018-12-26 13:26:00";11
"2018-12-26 13:36:00";11
"2018-12-26 13:36:05";11
"2018-12-26 13:46:00";11
"2018-12-26 13:46:06";11
"2018-12-26 13:56:00";11
"2018-12-26 14:06:00";11
"2018-12-26 14:06:06";11
"2018-12-26 14:16:00";13
"2018-12-26 14:16:06";13
"2018-12-26 14:26:00";13
"2018-12-26 14:36:00";13
"2018-12-26 14:36:05";13
"2018-12-26 14:46:00";13
"2018-12-26 14:46:07";13
"2018-12-26 14:56:00";12
"2018-12-26 15:06:00";12
"2018-12-26 15:06:06";12
"2018-12-26 15:16:00";12
"2018-12-26 15:16:05";12
"2018-12-26 15:26:00";14
"2018-12-26 15:36:00";14
"2018-12-26 15:36:05";14
"2018-12-26 15:46:00";14
"2018-12-26 15:46:05";14
"2018-12-26 15:56:00";16
"2018-12-26 16:06:00";16
"2018-12-26 16:06:05";16
"2018-12-26 16:16:00";16
"2018-12-26 16:16:06";16
"2018-12-26 16:26:00";14
"2018-12-26 16:36:00";14
"2018-12-26 16:36:06";14
"2018-12-26 16:46:00";14
"2018-12-26 16:46:06";14
"2018-12-26 16:56:00";14
"2018-12-26 17:06:00";14
"2018-12-26 17:06:05";14
"2018-12-26 17:16:00";14
"2018-12-26 17:16:06";14
"2018-12-26 17:26:00";17
"2018-12-26 17:36:00";17
"2018-12-26 17:36:06";17
"2018-12-26 17:46:00";17
"2018-12-26 17:46:06";17
"2018-12-26 17:56:00";16
"2018-12-26 18:06:00";16
"2018-12-26 18:06:07";16
"2018-12-26 18:16:00";16
"2018-12-26 18:16:05";16
"2018-12-26 18:26:00";16
"2018-12-26 18:36:00";16
"2018-12-26 18:36:06";16
"2018-12-26 18:46:00";16
"2018-12-26 18:46:07";16
"2018-12-26 18:56:00";15
"2018-12-26 19:06:00";15
"2018-12-26 19:06:05";15
"2018-12-26 19:16:00";15
"2018-12-26 19:16:06";15
"2018-12-26 19:26:00";15
"2018-12-26 19:36:00";16
"2018-12-26 19:36:06";16
"2018-12-26 19:46:00";16
"2018-12-26 19:46:06";16
"2018-12-26 19:56:00";16
"2018-12-26 20:06:00";16
"2018-12-26 20:06:07";16
"2018-12-26 20:16:00";18
"2018-12-26 20:16:05";18
"2018-12-26 20:26:00";18
"2018-12-26 20:36:00";18
"2018-12-26 20:36:06";18
"2018-12-26 20:46:00";18
"2018-12-26 20:46:06";18
"2018-12-26 20:56:00";16
"2018-12-26 21:06:00";16
"2018-12-26 21:06:06";16
"2018-12-26 21:16:00";16
"2018-12-26 21:16:06";16
"2018-12-26 21:26:00";16
"2018-12-26 21:36:00";16
"2018-12-26 21:36:06";16
"2018-12-26 21:46:00";16
"2018-12-26 21:46:05";16
"2018-12-26 21:56:00";16
"2018-12-26 22:06:00";16
"2018-12-26 22:06:09";16
"2018-12-26 22:16:00";16
"2018-12-26 22:16:08";16
"2018-12-26 22:26:00";16
"2018-12-26 22:36:00";16
"2018-12-26 22:36:08";16
"2018-12-26 22:46:00";16
"2018-12-26 22:46:09";16
"2018-12-26 22:56:00";17
"2018-12-26 23:06:00";17
"2018-12-26 23:06:06";17
"2018-12-26 23:16:00";17
"2018-12-26 23:16:06";17
"2018-12-26 23:26:00";15
"2018-12-26 23:36:00";15
"2018-12-26 23:36:08";15
"2018-12-26 23:46:00";15
"2018-12-26 23:46:09";15
"2018-12-26 23:56:00";16
"2018-12-27 00:06:00";16
"2018-12-27 00:06:08";16
"2018-12-27 00:16:00";16
"2018-12-27 00:16:09";16
"2018-12-27 00:26:00";16
"2018-12-27 00:36:00";16
"2018-12-27 00:36:09";16
"2018-12-27 00:46:00";16
"2018-12-27 00:46:09";16
"2018-12-27 00:56:00";16
"2018-12-27 01:06:00";16
"2018-12-27 01:06:09";16
"2018-12-27 01:16:00";16
"2018-12-27 01:16:10";16
"2018-12-27 01:26:00";16
"2018-12-27 01:36:00";17
"2018-12-27 01:36:06";17
"2018-12-27 01:46:00";15
"2018-12-27 01:46:06";15
"2018-12-27 01:56:00";15
"2018-12-27 02:06:00";15
"2018-12-27 02:06:05";15
"2018-12-27 02:16:00";14
"2018-12-27 02:16:06";14
"2018-12-27 02:26:00";14
"2018-12-27 02:36:00";14
"2018-12-27 02:36:06";14
"2018-12-27 02:46:00";14
"2018-12-27 02:46:06";14
"2018-12-27 02:56:00";16
"2018-12-27 03:06:00";16
"2018-12-27 03:06:05";16
"2018-12-27 03:16:00";16
"2018-12-27 03:16:05";16
"2018-12-27 03:26:00";16
"2018-12-27 03:36:00";16
"2018-12-27 03:36:05";16
"2018-12-27 03:46:00";16
"2018-12-27 03:46:07";16
"2018-12-27 03:56:00";17
"2018-12-27 04:06:00";17
"2018-12-27 04:06:09";17
"2018-12-27 04:16:00";16
"2018-12-27 04:16:06";16
"2018-12-27 04:26:00";16
"2018-12-27 04:36:00";16
"2018-12-27 04:36:05";16
"2018-12-27 04:46:00";16
"2018-12-27 04:46:05";16
"2018-12-27 04:56:00";16
"2018-12-27 05:06:00";16
"2018-12-27 05:06:06";16
"2018-12-27 05:16:00";16
"2018-12-27 05:16:05";16
"2018-12-27 05:26:00";16
"2018-12-27 05:36:00";16
"2018-12-27 05:36:05";16
"2018-12-27 05:46:00";16
"2018-12-27 05:46:05";16
"2018-12-27 05:56:00";15
"2018-12-27 06:06:00";15
"2018-12-27 06:06:06";15
"2018-12-27 06:16:00";15
"2018-12-27 06:16:05";15
"2018-12-27 06:26:00";16
"2018-12-27 06:36:00";16
"2018-12-27 06:36:05";16
"2018-12-27 06:46:00";16
"2018-12-27 06:46:07";16
"2018-12-27 06:56:00";16
"2018-12-27 07:06:00";16
"2018-12-27 07:06:05";16
"2018-12-27 07:16:00";16
"2018-12-27 07:16:05";16
"2018-12-27 07:26:00";16
"2018-12-27 07:36:00";16
"2018-12-27 07:36:06";16
"2018-12-27 07:46:00";16
"2018-12-27 07:46:06";16
"2018-12-27 07:56:00";15
"2018-12-27 08:06:00";15
"2018-12-27 08:06:06";15
"2018-12-27 08:16:00";16
"2018-12-27 08:16:07";16
"2018-12-27 08:26:00";16
"2018-12-27 08:36:00";16
"2018-12-27 08:36:06";16
"2018-12-27 08:46:00";16
"2018-12-27 08:46:06";16
"2018-12-27 08:56:00";16
"2018-12-27 09:06:00";16
"2018-12-27 09:06:05";16
"2018-12-27 09:16:00";16
"2018-12-27 09:16:05";16
"2018-12-27 09:26:00";16
"2018-12-27 09:36:00";16
"2018-12-27 09:36:05";16
"2018-12-27 09:46:00";16
"2018-12-27 09:46:06";16
"2018-12-27 09:56:00";17
"2018-12-27 10:06:00";17
"2018-12-27 10:06:05";17
"2018-12-27 10:16:00";17
"2018-12-27 10:16:06";17
"2018-12-27 10:26:00";17
"2018-12-27 10:36:00";17
"2018-12-27 10:36:06";17
"2018-12-27 10:46:00";17
"2018-12-27 10:46:05";17
"2018-12-27 10:56:00";17
"2018-12-27 11:06:00";17
"2018-12-27 11:06:08";17
"2018-12-27 11:16:00";17
"2018-12-27 11:16:06";17
"2018-12-27 11:26:00";15
"2018-12-27 11:36:00";15
"2018-12-27 11:36:06";15
"2018-12-27 11:46:00";15
"2018-12-27 11:46:06";15
"2018-12-27 11:56:00";15
"2018-12-27 12:06:00";12
"2018-12-27 12:06:06";12
"2018-12-27 12:16:00";12
"2018-12-27 12:16:06";12
"2018-12-27 12:26:00";10
"2018-12-27 12:36:00";10
"2018-12-27 12:36:05";10
"2018-12-27 12:46:00";10
"2018-12-27 12:46:06";10
"2018-12-27 12:56:00";13
"2018-12-27 13:06:00";13
"2018-12-27 13:06:05";13
"2018-12-27 13:16:00";13
"2018-12-27 13:16:05";13
"2018-12-27 13:26:00";13
"2018-12-27 13:36:00";13
"2018-12-27 13:36:06";13
"2018-12-27 13:46:00";13
"2018-12-27 13:46:06";13
"2018-12-27 13:56:00";12
"2018-12-27 14:06:00";12
"2018-12-27 14:06:06";12
"2018-12-27 14:16:00";12
"2018-12-27 14:16:06";12
"2018-12-27 14:26:00";13
"2018-12-27 14:36:00";13
"2018-12-27 14:36:05";13
"2018-12-27 14:46:00";13
"2018-12-27 14:46:06";13
"2018-12-27 14:56:00";14
"2018-12-27 15:06:00";14
"2018-12-27 15:06:05";14
"2018-12-27 15:16:00";14
"2018-12-27 15:16:06";14
"2018-12-27 15:26:00";13
"2018-12-27 15:36:00";13
"2018-12-27 15:36:06";13
"2018-12-27 15:46:00";13
"2018-12-27 15:46:05";13
"2018-12-27 15:56:00";13
"2018-12-27 16:06:00";14
"2018-12-27 16:06:06";14
"2018-12-27 16:16:00";14
"2018-12-27 16:16:06";14
"2018-12-27 16:26:00";15
"2018-12-27 16:36:00";15
"2018-12-27 16:36:06";15
"2018-12-27 16:46:00";15
"2018-12-27 16:46:05";15
"2018-12-27 16:56:00";15
"2018-12-27 17:06:00";15
"2018-12-27 17:06:06";15
"2018-12-27 17:16:00";15
"2018-12-27 17:16:05";15
"2018-12-27 17:26:00";16
"2018-12-27 17:36:00";16
"2018-12-27 17:36:05";16
"2018-12-27 17:46:00";16
"2018-12-27 17:46:06";16
"2018-12-27 17:56:00";16
"2018-12-27 18:06:00";16
"2018-12-27 18:06:06";16
"2018-12-27 18:16:00";16
"2018-12-27 18:16:06";16
"2018-12-27 18:26:00";16
"2018-12-27 18:36:00";16
"2018-12-27 18:36:06";16
"2018-12-27 18:46:00";16
"2018-12-27 18:46:06";16
"2018-12-27 18:56:00";16
"2018-12-27 19:06:00";16
"2018-12-27 19:06:05";16
"2018-12-27 19:16:00";16
"2018-12-27 19:16:05";16
"2018-12-27 19:26:00";15
"2018-12-27 19:36:00";15
"2018-12-27 19:36:06";15
"2018-12-27 19:46:00";15
"2018-12-27 19:46:06";15
"2018-12-27 19:56:00";17
"2018-12-27 20:06:00";17
"2018-12-27 20:06:07";17
"2018-12-27 20:16:00";17
"2018-12-27 20:16:07";17
"2018-12-27 20:26:00";14
"2018-12-27 20:36:00";14
"2018-12-27 20:36:06";14
"2018-12-27 20:46:00";14
"2018-12-27 20:46:11";14
"2018-12-27 20:56:00";16
"2018-12-27 21:06:00";16
"2018-12-27 21:06:06";16
"2018-12-27 21:16:00";16
"2018-12-27 21:16:07";16
"2018-12-27 21:26:00";15
"2018-12-27 21:36:00";15
"2018-12-27 21:36:06";15
"2018-12-27 21:46:00";15
"2018-12-27 21:46:06";15
"2018-12-27 21:56:00";15
"2018-12-27 22:06:00";15
"2018-12-27 22:06:10";15
"2018-12-27 22:16:00";15
"2018-12-27 22:16:09";15
"2018-12-27 22:26:00";16
"2018-12-27 22:26:09";16
"2018-12-27 22:36:00";16
"2018-12-27 22:36:08";16
"2018-12-27 22:46:00";16
"2018-12-27 22:56:00";16
"2018-12-27 22:56:06";16
"2018-12-27 23:06:00";16
"2018-12-27 23:06:06";16
"2018-12-27 23:16:00";16
"2018-12-27 23:26:00";17
"2018-12-27 23:26:06";17
"2018-12-27 23:36:00";17
"2018-12-27 23:36:10";17
"2018-12-27 23:46:00";17
"2018-12-27 23:56:00";16
"2018-12-27 23:56:08";16
"2018-12-28 00:06:00";16
"2018-12-28 00:06:08";16
"2018-12-28 00:16:00";16
"2018-12-28 00:26:00";14
"2018-12-28 00:26:08";14
"2018-12-28 00:36:00";14
"2018-12-28 00:36:07";14
"2018-12-28 00:46:00";14
"2018-12-28 00:56:00";15
"2018-12-28 00:56:08";15
"2018-12-28 01:06:00";15
"2018-12-28 01:06:08";15
"2018-12-28 01:16:00";15
"2018-12-28 01:26:00";15
"2018-12-28 01:26:08";15
"2018-12-28 01:36:00";17
"2018-12-28 01:36:10";17
"2018-12-28 01:46:00";17
"2018-12-28 01:56:00";16
"2018-12-28 01:56:05";16
"2018-12-28 02:06:00";16
"2018-12-28 02:06:06";16
"2018-12-28 02:16:00";16
"2018-12-28 02:26:00";15
"2018-12-28 02:26:05";15
"2018-12-28 02:36:00";15
"2018-12-28 02:36:05";15
"2018-12-28 02:46:00";15
"2018-12-28 02:56:00";16
"2018-12-28 02:56:06";16
"2018-12-28 03:06:00";16
"2018-12-28 03:06:06";16
"2018-12-28 03:16:00";16
"2018-12-28 03:26:00";16
"2018-12-28 03:26:05";16
"2018-12-28 03:36:00";16
"2018-12-28 03:36:06";16
"2018-12-28 03:46:00";16
"2018-12-28 03:56:00";14
"2018-12-28 03:56:06";14
"2018-12-28 04:06:00";14
"2018-12-28 04:06:06";14
"2018-12-28 04:16:00";14
"2018-12-28 04:26:00";16
"2018-12-28 04:26:05";16
"2018-12-28 04:36:00";16
"2018-12-28 04:36:05";16
"2018-12-28 04:46:00";16
"2018-12-28 04:56:00";16
"2018-12-28 04:56:05";16
"2018-12-28 05:06:00";16
"2018-12-28 05:06:06";16
"2018-12-28 05:16:00";16
"2018-12-28 05:26:00";15
"2018-12-28 05:26:05";15
"2018-12-28 05:36:00";15
"2018-12-28 05:36:05";15
"2018-12-28 05:46:00";15
"2018-12-28 05:56:00";16
"2018-12-28 05:56:05";16
"2018-12-28 06:06:00";16
"2018-12-28 06:06:05";16
"2018-12-28 06:16:00";16
"2018-12-28 06:26:00";16
"2018-12-28 06:26:05";16
"2018-12-28 06:36:00";16
"2018-12-28 06:36:05";16
"2018-12-28 06:46:00";16
"2018-12-28 06:56:00";15
"2018-12-28 06:56:05";15
"2018-12-28 07:06:00";15
"2018-12-28 07:06:05";15
"2018-12-28 07:16:00";15
"2018-12-28 07:26:00";17
"2018-12-28 07:26:05";17
"2018-12-28 07:36:00";17
"2018-12-28 07:36:05";17
"2018-12-28 07:46:00";17
"2018-12-28 07:56:00";18
"2018-12-28 07:56:05";18
"2018-12-28 08:06:00";18
"2018-12-28 08:06:06";18
"2018-12-28 08:16:00";18
"2018-12-28 08:26:00";15
"2018-12-28 08:26:05";15
"2018-12-28 08:36:00";15
"2018-12-28 08:36:07";15
"2018-12-28 08:46:00";15
"2018-12-28 08:56:00";16
"2018-12-28 08:56:05";16
"2018-12-28 09:06:00";16
"2018-12-28 09:06:05";16
"2018-12-28 09:16:00";16
"2018-12-28 09:26:00";15
"2018-12-28 09:26:06";15
"2018-12-28 09:36:00";15
"2018-12-28 09:36:06";15
"2018-12-28 09:46:00";15
"2018-12-28 09:56:00";17
"2018-12-28 09:56:06";17
"2018-12-28 10:06:00";17
"2018-12-28 10:06:06";17
"2018-12-28 10:16:00";17
"2018-12-28 10:26:00";17
"2018-12-28 10:26:06";17
"2018-12-28 10:36:00";17
"2018-12-28 10:36:06";17
"2018-12-28 10:46:00";17
"2018-12-28 10:56:00";16
"2018-12-28 10:56:05";16
"2018-12-28 11:06:00";16
"2018-12-28 11:06:05";16
"2018-12-28 11:16:00";16
"2018-12-28 11:26:00";17
"2018-12-28 11:26:05";17
"2018-12-28 11:36:00";17
"2018-12-28 11:36:06";17
"2018-12-28 11:46:00";17
"2018-12-28 11:56:00";16
"2018-12-28 11:56:06";16
"2018-12-28 12:06:00";16
"2018-12-28 12:06:06";16
"2018-12-28 12:16:00";16
"2018-12-28 12:26:00";17
"2018-12-28 12:26:05";17
"2018-12-28 12:36:00";17
"2018-12-28 12:36:06";17
"2018-12-28 12:46:00";17
"2018-12-28 12:56:00";16
"2018-12-28 12:56:06";16
"2018-12-28 13:06:00";16
"2018-12-28 13:06:05";16
"2018-12-28 13:16:00";16
"2018-12-28 13:26:00";16
"2018-12-28 13:26:06";16
"2018-12-28 13:36:00";16
"2018-12-28 13:36:05";16
"2018-12-28 13:46:00";16
"2018-12-28 13:56:00";16
"2018-12-28 13:56:05";16
"2018-12-28 14:06:00";16
"2018-12-28 14:06:05";16
"2018-12-28 14:16:00";16
"2018-12-28 14:26:00";16
"2018-12-28 14:26:06";16
"2018-12-28 14:36:00";15
"2018-12-28 14:36:06";15
"2018-12-28 14:46:00";15
"2018-12-28 14:56:00";16
"2018-12-28 14:56:05";16
"2018-12-28 15:06:00";16
"2018-12-28 15:06:05";16
"2018-12-28 15:16:00";16
"2018-12-28 15:26:00";15
"2018-12-28 15:26:06";15
"2018-12-28 15:36:00";15
"2018-12-28 15:36:05";15
"2018-12-28 15:46:00";15
"2018-12-28 15:56:00";16
"2018-12-28 15:56:06";16
"2018-12-28 16:06:00";16
"2018-12-28 16:06:06";16
"2018-12-28 16:16:00";16
"2018-12-28 16:26:00";16
"2018-12-28 16:26:05";16
"2018-12-28 16:36:00";16
"2018-12-28 16:36:05";16
"2018-12-28 16:46:00";16
"2018-12-28 16:56:00";15
"2018-12-28 16:56:06";15
"2018-12-28 17:06:00";15
"2018-12-28 17:06:06";15
"2018-12-28 17:16:00";15
"2018-12-28 17:26:00";14
"2018-12-28 17:26:05";14
"2018-12-28 17:36:00";14
"2018-12-28 17:36:05";14
"2018-12-28 17:46:00";14
"2018-12-28 17:56:00";15
"2018-12-28 17:56:06";15
"2018-12-28 18:06:00";15
"2018-12-28 18:16:00";15
"2018-12-28 18:16:06";15
"2018-12-28 18:26:00";15
"2018-12-28 18:26:07";15
"2018-12-28 18:36:00";15
"2018-12-28 18:36:06";15
"2018-12-28 18:46:00";15
"2018-12-28 18:46:06";15
"2018-12-28 18:56:00";15
"2018-12-28 19:06:00";16
"2018-12-28 19:06:06";16
"2018-12-28 19:16:00";16
"2018-12-28 19:16:06";16
"2018-12-28 19:26:00";16
"2018-12-28 19:36:00";15
"2018-12-28 19:36:06";15
"2018-12-28 19:46:00";15
"2018-12-28 19:46:06";15
"2018-12-28 19:56:00";16
"2018-12-28 20:06:00";16
"2018-12-28 20:06:06";16
"2018-12-28 20:16:00";16
"2018-12-28 20:16:06";16
"2018-12-28 20:26:00";16
"2018-12-28 20:36:00";16
"2018-12-28 20:36:06";16
"2018-12-28 20:46:00";16
"2018-12-28 20:46:06";16
"2018-12-28 20:56:00";16
"2018-12-28 21:06:00";16
"2018-12-28 21:06:07";16
"2018-12-28 21:16:00";16
"2018-12-28 21:16:06";16
"2018-12-28 21:26:00";16
"2018-12-28 21:36:00";17
"2018-12-28 21:36:06";17
"2018-12-28 21:46:00";17
"2018-12-28 21:46:06";17
"2018-12-28 21:56:00";17
"2018-12-28 22:06:00";16
"2018-12-28 22:06:06";16
"2018-12-28 22:16:00";16
"2018-12-28 22:16:17";16
"2018-12-28 22:26:00";16
"2018-12-28 22:36:00";16
"2018-12-28 22:36:08";16
"2018-12-28 22:46:00";16
"2018-12-28 22:46:08";16
"2018-12-28 22:56:00";16
"2018-12-28 23:06:00";16
"2018-12-28 23:06:05";16
"2018-12-28 23:16:00";16
"2018-12-28 23:16:06";16
"2018-12-28 23:26:00";16
"2018-12-28 23:36:00";16
"2018-12-28 23:36:08";16
"2018-12-28 23:46:00";16
"2018-12-28 23:46:09";16
"2018-12-28 23:56:00";16
"2018-12-29 00:06:00";16
"2018-12-29 00:06:09";16
"2018-12-29 00:16:00";16
"2018-12-29 00:16:09";16
"2018-12-29 00:26:00";15
"2018-12-29 00:36:00";15
"2018-12-29 00:36:07";15
"2018-12-29 00:46:00";15
"2018-12-29 00:46:07";15
"2018-12-29 00:56:00";15
"2018-12-29 01:06:00";16
"2018-12-29 01:06:06";16
"2018-12-29 01:16:00";16
"2018-12-29 01:16:07";16
"2018-12-29 01:26:00";16
"2018-12-29 01:36:00";16
"2018-12-29 01:36:07";16
"2018-12-29 01:46:00";15
"2018-12-29 01:46:06";15
"2018-12-29 01:56:00";15
"2018-12-29 02:06:00";15
"2018-12-29 02:06:05";15
"2018-12-29 02:16:00";15
"2018-12-29 02:16:05";15
"2018-12-29 02:26:00";16
"2018-12-29 02:36:00";16
"2018-12-29 02:36:05";16
"2018-12-29 02:46:00";16
"2018-12-29 02:46:06";16
"2018-12-29 02:56:00";16
"2018-12-29 02:56:05";16
"2018-12-29 03:06:00";16
"2018-12-29 03:16:00";16
"2018-12-29 03:16:05";16
"2018-12-29 03:26:00";16
"2018-12-29 03:36:00";16
"2018-12-29 03:36:06";16
"2018-12-29 03:46:00";16
"2018-12-29 03:46:08";16
"2018-12-29 03:56:00";15
"2018-12-29 03:56:05";15
"2018-12-29 04:06:00";15
"2018-12-29 04:16:00";15
"2018-12-29 04:16:06";15
"2018-12-29 04:26:00";15
"2018-12-29 04:26:05";15
"2018-12-29 04:36:00";15
"2018-12-29 04:46:00";15
"2018-12-29 04:46:06";15
"2018-12-29 04:56:00";16
"2018-12-29 04:56:05";16
"2018-12-29 05:06:00";16
"2018-12-29 05:16:00";16
"2018-12-29 05:16:05";16
"2018-12-29 05:26:00";15
"2018-12-29 05:26:05";15
"2018-12-29 05:36:00";15
"2018-12-29 05:46:00";15
"2018-12-29 05:46:06";15
"2018-12-29 05:56:00";15
"2018-12-29 05:56:05";15
"2018-12-29 06:06:00";15
"2018-12-29 06:16:00";15
"2018-12-29 06:16:05";15
"2018-12-29 06:26:00";16
"2018-12-29 06:36:00";16
"2018-12-29 06:36:05";16
"2018-12-29 06:46:00";16
"2018-12-29 06:46:06";16
"2018-12-29 06:56:00";15
"2018-12-29 07:06:00";15
"2018-12-29 07:06:05";15
"2018-12-29 07:16:00";15
"2018-12-29 07:16:06";15
"2018-12-29 07:26:00";15
"2018-12-29 07:26:06";15
"2018-12-29 07:36:00";15
"2018-12-29 07:46:00";15
"2018-12-29 07:46:05";15
"2018-12-29 07:56:00";15
"2018-12-29 07:56:05";15
"2018-12-29 08:06:00";15
"2018-12-29 08:16:00";15
"2018-12-29 08:16:05";15
"2018-12-29 08:26:00";15
"2018-12-29 08:26:05";15
"2018-12-29 08:36:00";15
"2018-12-29 08:46:00";15
"2018-12-29 08:46:05";15
"2018-12-29 08:56:00";15
"2018-12-29 08:56:05";15
"2018-12-29 09:06:00";15
"2018-12-29 09:16:00";15
"2018-12-29 09:16:05";15
"2018-12-29 09:26:00";14
"2018-12-29 09:26:05";14
"2018-12-29 09:36:00";14
"2018-12-29 09:46:00";14
"2018-12-29 09:46:05";14
"2018-12-29 09:56:00";15
"2018-12-29 09:56:05";15
"2018-12-29 10:06:00";15
"2018-12-29 10:16:00";15
"2018-12-29 10:16:05";15
"2018-12-29 10:26:00";16
"2018-12-29 10:26:05";16
"2018-12-29 10:36:00";16
"2018-12-29 10:46:00";16
"2018-12-29 10:46:06";16
"2018-12-29 10:56:00";16
"2018-12-29 10:56:05";16
"2018-12-29 11:06:00";16
"2018-12-29 11:16:00";16
"2018-12-29 11:16:05";16
"2018-12-29 11:26:00";15
"2018-12-29 11:26:05";15
"2018-12-29 11:36:00";15
"2018-12-29 11:46:00";15
"2018-12-29 11:46:05";15
"2018-12-29 11:56:00";12
"2018-12-29 11:56:06";12
"2018-12-29 12:06:00";12
"2018-12-29 12:16:00";12
"2018-12-29 12:16:05";12
"2018-12-29 12:26:00";13
"2018-12-29 12:26:05";13
"2018-12-29 12:36:00";13
"2018-12-29 12:46:00";13
"2018-12-29 12:46:05";13
"2018-12-29 12:56:00";13
"2018-12-29 12:56:05";13
"2018-12-29 13:06:00";13
"2018-12-29 13:16:00";13
"2018-12-29 13:16:05";13
"2018-12-29 13:26:00";12
"2018-12-29 13:26:06";12
"2018-12-29 13:36:00";12
"2018-12-29 13:46:00";12
"2018-12-29 13:46:06";12
"2018-12-29 13:56:00";10
"2018-12-29 13:56:06";10
"2018-12-29 14:06:00";10
"2018-12-29 14:16:00";10
"2018-12-29 14:16:06";10
"2018-12-29 14:26:00";12
"2018-12-29 14:26:05";12
"2018-12-29 14:36:00";12
"2018-12-29 14:46:00";12
"2018-12-29 14:46:06";12
"2018-12-29 14:56:00";15
"2018-12-29 14:56:05";15
"2018-12-29 15:06:00";15
"2018-12-29 15:16:00";15
"2018-12-29 15:16:06";15
"2018-12-29 15:26:00";15
"2018-12-29 15:26:05";15
"2018-12-29 15:36:00";15
"2018-12-29 15:46:00";15
"2018-12-29 15:46:06";15
"2018-12-29 15:56:00";15
"2018-12-29 15:56:06";15
"2018-12-29 16:06:00";15
"2018-12-29 16:16:00";15
"2018-12-29 16:16:06";15
"2018-12-29 16:26:00";14
"2018-12-29 16:26:05";14
"2018-12-29 16:36:00";14
"2018-12-29 16:46:00";14
"2018-12-29 16:46:06";14
"2018-12-29 16:56:00";14
"2018-12-29 16:56:06";14
"2018-12-29 17:06:00";14
"2018-12-29 17:16:00";14
"2018-12-29 17:16:06";14
"2018-12-29 17:26:00";13
"2018-12-29 17:26:05";13
"2018-12-29 17:36:00";13
"2018-12-29 17:46:00";13
"2018-12-29 17:46:06";13
"2018-12-29 17:56:00";14
"2018-12-29 17:56:06";14
"2018-12-29 18:06:00";14
"2018-12-29 18:16:00";14
"2018-12-29 18:16:07";14
"2018-12-29 18:26:00";14
"2018-12-29 18:26:06";14
"2018-12-29 18:36:00";14
"2018-12-29 18:46:00";14
"2018-12-29 18:46:06";14
"2018-12-29 18:56:00";15
"2018-12-29 19:06:00";15
"2018-12-29 19:06:05";15
"2018-12-29 19:16:00";15
"2018-12-29 19:16:06";15
"2018-12-29 19:26:00";15
"2018-12-29 19:26:06";15
"2018-12-29 19:36:00";15
"2018-12-29 19:36:05";15
"2018-12-29 19:46:00";15
"2018-12-29 19:56:00";13
"2018-12-29 19:56:05";13
"2018-12-29 20:06:00";13
"2018-12-29 20:06:06";13
"2018-12-29 20:16:00";13
"2018-12-29 20:16:07";13
"2018-12-29 20:26:00";15
"2018-12-29 20:36:00";15
"2018-12-29 20:36:06";15
"2018-12-29 20:46:00";15
"2018-12-29 20:46:06";15
"2018-12-29 20:56:00";16
"2018-12-29 21:06:00";16
"2018-12-29 21:06:06";16
"2018-12-29 21:16:00";16
"2018-12-29 21:16:07";16
"2018-12-29 21:26:00";15
"2018-12-29 21:36:00";15
"2018-12-29 21:36:06";15
"2018-12-29 21:46:00";15
"2018-12-29 21:46:06";15
"2018-12-29 21:56:00";15
"2018-12-29 22:06:00";15
"2018-12-29 22:06:09";15
"2018-12-29 22:16:00";15
"2018-12-29 22:16:09";15
"2018-12-29 22:26:00";15
"2018-12-29 22:36:00";15
"2018-12-29 22:36:09";15
"2018-12-29 22:46:00";15
"2018-12-29 22:46:09";15
"2018-12-29 22:56:00";15
"2018-12-29 23:06:00";15
"2018-12-29 23:06:07";15
"2018-12-29 23:16:00";15
"2018-12-29 23:16:06";15
"2018-12-29 23:26:00";16
"2018-12-30 00:46:00";15
"2018-12-30 00:46:10";15
"2018-12-30 00:56:00";15
"2018-12-30 00:56:07";15
"2018-12-30 01:06:00";15
"2018-12-30 01:16:00";15
"2018-12-30 01:16:09";15
"2018-12-30 01:26:00";15
"2018-12-30 01:26:07";15
"2018-12-30 01:36:00";15
"2018-12-30 01:46:00";15
"2018-12-30 01:46:06";15
"2018-12-30 01:56:00";15
"2018-12-30 01:56:05";15
"2018-12-30 02:06:00";15
"2018-12-30 02:16:00";16
"2018-12-30 02:16:07";16
"2018-12-30 02:26:00";16
"2018-12-30 02:26:05";16
"2018-12-30 02:36:00";16
"2018-12-30 02:46:00";16
"2018-12-30 02:46:05";16
"2018-12-30 02:56:00";13
"2018-12-30 02:56:05";13
"2018-12-30 03:06:00";13
"2018-12-30 03:06:06";13
"2018-12-30 03:16:00";13
"2018-12-30 03:16:05";13
"2018-12-30 03:26:00";17
"2018-12-30 03:36:00";17
"2018-12-30 03:36:07";17
"2018-12-30 03:46:00";17
"2018-12-30 03:46:07";17
"2018-12-30 03:56:00";15
"2018-12-30 04:06:00";15
"2018-12-30 04:06:06";15
"2018-12-30 04:16:00";15
"2018-12-30 04:16:05";15
"2018-12-30 04:26:00";14
"2018-12-30 04:36:00";14
"2018-12-30 04:36:05";14
"2018-12-30 04:46:00";14
"2018-12-30 04:56:00";16
"2018-12-30 04:56:05";16
"2018-12-30 05:06:00";16
"2018-12-30 05:06:05";16
"2018-12-30 05:16:00";16
"2018-12-30 05:16:05";16
"2018-12-30 05:26:00";16
"2018-12-30 05:36:00";17
"2018-12-30 05:36:05";17
"2018-12-30 05:46:00";14
"2018-12-30 05:56:00";14
"2018-12-30 05:56:06";14
"2018-12-30 06:06:00";14
"2018-12-30 06:06:05";14
"2018-12-30 06:16:00";14
"2018-12-30 06:26:00";16
"2018-12-30 06:26:05";16
"2018-12-30 06:36:00";16
"2018-12-30 06:36:05";16
"2018-12-30 06:46:00";15
"2018-12-30 06:46:05";15
"2018-12-30 06:56:00";15
"2018-12-30 07:06:00";15
"2018-12-30 07:06:05";15
"2018-12-30 07:16:00";15
"2018-12-30 07:16:05";15
"2018-12-30 07:26:00";17
"2018-12-30 07:36:00";17
"2018-12-30 07:36:05";17
"2018-12-30 07:46:00";17
"2018-12-30 07:46:06";17
"2018-12-30 07:56:00";14
"2018-12-30 08:06:00";14
"2018-12-30 08:06:05";14
"2018-12-30 08:16:00";14
"2018-12-30 08:16:06";14
"2018-12-30 08:26:00";18
"2018-12-30 08:36:00";18
"2018-12-30 08:36:06";18
"2018-12-30 08:46:00";19
"2018-12-30 08:46:06";19
"2018-12-30 08:56:00";19
"2018-12-30 09:06:00";19
"2018-12-30 09:06:07";19
"2018-12-30 09:16:00";19
"2018-12-30 09:16:06";19
"2018-12-30 09:26:00";18
"2018-12-30 09:36:00";18
"2018-12-30 09:36:05";18
"2018-12-30 09:46:00";18
"2018-12-30 09:46:06";18
"2018-12-30 09:56:00";17
"2018-12-30 10:06:00";17
"2018-12-30 10:06:05";17
"2018-12-30 10:16:00";17
"2018-12-30 10:16:07";17
"2018-12-30 10:26:00";17
"2018-12-30 10:36:00";17
"2018-12-30 10:36:05";17
"2018-12-30 10:46:00";17
"2018-12-30 10:46:06";17
"2018-12-30 10:56:00";16
"2018-12-30 11:06:00";16
"2018-12-30 11:06:05";16
"2018-12-30 11:16:00";13
"2018-12-30 11:26:00";13
"2018-12-30 11:26:08";13
"2018-12-30 11:36:00";13
"2018-12-30 11:36:05";13
"2018-12-30 11:46:00";13
"2018-12-30 11:46:05";13
"2018-12-30 11:56:00";13
"2018-12-30 12:06:00";13
"2018-12-30 12:06:05";13
"2018-12-30 12:16:00";11
"2018-12-30 12:16:05";11
"2018-12-30 12:26:00";11
"2018-12-30 12:36:00";11
"2018-12-30 12:36:06";11
"2018-12-30 12:46:00";11
"2018-12-30 12:46:06";11
"2018-12-30 12:56:00";8
"2018-12-30 13:06:00";8
"2018-12-30 13:06:06";8
"2018-12-30 13:16:00";11
"2018-12-30 13:26:00";11
"2018-12-30 13:26:05";11
"2018-12-30 13:36:00";11
"2018-12-30 13:36:06";11
"2018-12-30 13:46:00";11
"2018-12-30 13:46:06";11
"2018-12-30 13:56:00";9
"2018-12-30 14:06:00";9
"2018-12-30 14:06:05";9
"2018-12-30 14:16:00";9
"2018-12-30 14:16:06";9
"2018-12-30 14:26:00";11
"2018-12-30 14:36:00";11
"2018-12-30 14:36:06";11
"2018-12-30 14:46:00";11
"2018-12-30 14:46:05";11
"2018-12-30 14:56:00";11
"2018-12-30 15:06:00";11
"2018-12-30 15:06:06";11
"2018-12-30 15:16:00";11
"2018-12-30 15:16:06";11
"2018-12-30 15:26:00";12
"2018-12-30 15:36:00";12
"2018-12-30 15:36:05";12
"2018-12-30 15:46:00";12
"2018-12-30 15:46:06";12
"2018-12-30 15:56:00";12
"2018-12-30 16:06:00";12
"2018-12-30 16:06:05";12
"2018-12-30 16:16:00";12
"2018-12-30 16:16:06";12
"2018-12-30 16:26:00";13
"2018-12-30 16:36:00";13
"2018-12-30 16:36:05";13
"2018-12-30 16:46:00";13
"2018-12-30 16:46:06";13
"2018-12-30 16:56:00";12
"2018-12-30 17:06:00";12
"2018-12-30 17:06:05";12
"2018-12-30 17:16:00";12
"2018-12-30 17:16:06";12
"2018-12-30 17:26:00";14
"2018-12-30 17:36:00";14
"2018-12-30 17:36:06";14
"2018-12-30 17:46:00";14
"2018-12-30 17:46:05";14
"2018-12-30 17:56:00";13
"2018-12-30 18:06:00";13
"2018-12-30 18:06:05";13
"2018-12-30 18:16:00";13
"2018-12-30 18:16:05";13
"2018-12-30 18:26:00";15
"2018-12-30 18:36:00";15
"2018-12-30 18:36:06";15
"2018-12-30 18:46:00";15
"2018-12-30 18:46:06";15
"2018-12-30 18:56:00";14
"2018-12-30 19:06:00";14
"2018-12-30 19:06:05";14
"2018-12-30 19:16:00";14
"2018-12-30 19:16:06";14
"2018-12-30 19:26:00";13
"2018-12-30 19:36:00";13
"2018-12-30 19:36:06";13
"2018-12-30 19:46:00";13
"2018-12-30 19:46:25";13
"2018-12-30 19:56:00";15
"2018-12-30 20:06:00";15
"2018-12-30 20:06:06";15
"2018-12-30 20:16:00";15
"2018-12-30 20:16:05";15
"2018-12-30 20:26:00";14
"2018-12-30 20:36:00";14
"2018-12-30 20:36:06";14
"2018-12-30 20:46:00";14
"2018-12-30 20:46:06";14
"2018-12-30 20:56:00";14
"2018-12-30 21:06:00";14
"2018-12-30 21:06:06";14
"2018-12-30 21:16:00";14
"2018-12-30 21:16:06";14
"2018-12-30 21:26:00";15
"2018-12-30 21:36:00";15
"2018-12-30 21:36:06";15
"2018-12-30 21:46:00";15
"2018-12-30 21:46:06";15
"2018-12-30 21:56:00";15
"2018-12-30 22:06:00";15
"2018-12-30 22:06:10";15
"2018-12-30 22:16:00";15
"2018-12-30 22:16:09";15
"2018-12-30 22:26:00";15
"2018-12-30 22:36:00";15
"2018-12-30 22:36:08";15
"2018-12-30 22:46:00";15
"2018-12-30 22:56:00";14
"2018-12-30 22:56:06";14
"2018-12-30 23:06:00";14
"2018-12-30 23:06:07";14
"2018-12-30 23:16:00";15
"2018-12-30 23:16:06";15
"2018-12-30 23:26:00";15
"2018-12-30 23:36:00";15
"2018-12-30 23:36:09";15
"2018-12-30 23:46:00";15
"2018-12-30 23:46:09";15
"2018-12-30 23:56:00";13
"2018-12-31 00:06:00";13
"2018-12-31 00:06:08";13
"2018-12-31 00:16:00";13
"2018-12-31 00:16:09";13
"2018-12-31 00:26:00";14
"2018-12-31 00:36:00";14
"2018-12-31 00:36:07";14
"2018-12-31 00:46:00";14
"2018-12-31 00:46:08";14
"2018-12-31 00:56:00";15
"2018-12-31 01:06:00";15
"2018-12-31 01:06:08";15
"2018-12-31 01:16:00";15
"2018-12-31 01:16:08";15
"2018-12-31 01:26:00";15
"2018-12-31 01:36:00";15
"2018-12-31 01:36:21";15
"2018-12-31 01:46:00";15
"2018-12-31 01:46:11";15
"2018-12-31 01:56:00";13
"2018-12-31 02:06:00";13
"2018-12-31 02:06:06";13
"2018-12-31 02:16:00";13
"2018-12-31 02:16:06";13
"2018-12-31 02:26:00";14
"2018-12-31 02:36:00";14
"2018-12-31 02:36:08";14
"2018-12-31 02:46:00";14
"2018-12-31 02:46:05";14
"2018-12-31 02:56:00";16
"2018-12-31 03:06:00";16
"2018-12-31 03:06:06";16
"2018-12-31 03:16:00";16
"2018-12-31 03:16:05";16
"2018-12-31 03:26:00";14
"2018-12-31 03:36:00";14
"2018-12-31 03:36:07";14
"2018-12-31 03:46:00";14
"2018-12-31 03:46:07";14
"2018-12-31 03:56:00";14
"2018-12-31 04:06:00";14
"2018-12-31 04:06:06";14
"2018-12-31 04:16:00";14
"2018-12-31 04:16:06";14
"2018-12-31 04:26:00";12
"2018-12-31 04:36:00";12
"2018-12-31 04:36:05";12
"2018-12-31 04:46:00";12
"2018-12-31 04:46:06";12
"2018-12-31 04:56:00";14
"2018-12-31 05:06:00";14
"2018-12-31 05:06:05";14
"2018-12-31 05:16:00";14
"2018-12-31 05:16:05";14
"2018-12-31 05:26:00";14
"2018-12-31 05:36:00";14
"2018-12-31 05:36:05";14
"2018-12-31 05:46:00";14
"2018-12-31 05:46:06";14
"2018-12-31 05:56:00";14
"2018-12-31 06:06:00";14
"2018-12-31 06:06:05";14
"2018-12-31 06:16:00";14
"2018-12-31 06:16:06";14
"2018-12-31 06:26:00";14
"2018-12-31 06:36:00";14
"2018-12-31 06:36:05";14
"2018-12-31 06:46:00";14
"2018-12-31 06:46:05";14
"2018-12-31 06:56:00";14
"2018-12-31 07:06:00";14
"2018-12-31 07:06:05";14
"2018-12-31 07:16:00";15
"2018-12-31 07:16:05";15
"2018-12-31 07:26:00";15
"2018-12-31 07:26:05";15
"2018-12-31 07:36:00";15
"2018-12-31 07:36:05";15
"2018-12-31 07:46:00";14
"2018-12-31 07:46:06";14
"2018-12-31 07:56:00";14
"2018-12-31 08:06:00";14
"2018-12-31 08:06:06";14
"2018-12-31 08:16:00";14
"2018-12-31 08:16:07";14
"2018-12-31 08:26:00";14
"2018-12-31 08:36:00";14
"2018-12-31 08:36:05";14
"2018-12-31 08:46:00";14
"2018-12-31 08:46:05";14
"2018-12-31 08:56:00";14
"2018-12-31 09:06:00";14
"2018-12-31 09:06:06";14
"2018-12-31 09:16:00";14
"2018-12-31 09:16:06";14
"2018-12-31 09:26:00";16
"2018-12-31 09:36:00";16
"2018-12-31 09:36:05";16
"2018-12-31 09:46:00";16
"2018-12-31 09:46:07";16
"2018-12-31 09:56:00";16
"2018-12-31 10:06:00";15
"2018-12-31 10:06:07";15
"2018-12-31 10:16:00";15
"2018-12-31 10:16:07";15
"2018-12-31 10:26:00";18
"2018-12-31 10:36:00";18
"2018-12-31 10:36:06";18
"2018-12-31 10:46:00";18
"2018-12-31 10:46:06";18
"2018-12-31 10:56:00";15
"2018-12-31 11:06:00";15
"2018-12-31 11:06:05";15
"2018-12-31 11:16:00";15
"2018-12-31 11:16:06";15
"2018-12-31 11:26:00";14
"2018-12-31 11:36:00";14
"2018-12-31 11:36:08";14
"2018-12-31 11:46:00";14
"2018-12-31 11:46:06";14
"2018-12-31 11:56:00";13
"2018-12-31 12:06:00";13
"2018-12-31 12:06:05";13
"2018-12-31 12:16:00";13
"2018-12-31 12:16:06";13
"2018-12-31 12:26:00";9
"2018-12-31 12:36:00";9
"2018-12-31 12:36:05";9
"2018-12-31 12:46:00";10
"2018-12-31 12:46:07";10
"2018-12-31 12:56:00";10
"2018-12-31 13:06:00";10
"2018-12-31 13:06:05";10
"2018-12-31 13:16:00";10
"2018-12-31 13:16:06";10
"2018-12-31 13:26:00";11
"2018-12-31 13:36:00";11
"2018-12-31 13:36:05";11
"2018-12-31 13:46:00";9
"2018-12-31 13:46:06";9
"2018-12-31 13:56:00";9
"2018-12-31 14:06:00";9
"2018-12-31 14:06:05";9
"2018-12-31 14:16:00";9
"2018-12-31 14:16:06";9
"2018-12-31 14:26:00";11
"2018-12-31 14:36:00";11
"2018-12-31 14:36:05";11
"2018-12-31 14:46:00";11
"2018-12-31 14:46:07";11
"2018-12-31 14:56:00";12
"2018-12-31 15:06:00";12
"2018-12-31 15:06:06";12
"2018-12-31 15:16:00";12
"2018-12-31 15:16:07";12
"2018-12-31 15:26:00";12
"2018-12-31 15:36:00";12
"2018-12-31 15:36:05";12
"2018-12-31 15:46:00";12
"2018-12-31 15:46:05";12
"2018-12-31 15:56:00";13
"2018-12-31 16:06:00";13
"2018-12-31 16:06:05";13
"2018-12-31 16:16:00";13
"2018-12-31 16:16:07";13
"2018-12-31 16:26:00";12
"2018-12-31 16:36:00";12
"2018-12-31 16:36:06";12
"2018-12-31 16:46:00";12
"2018-12-31 16:46:06";12
"2018-12-31 16:56:00";13
"2018-12-31 17:06:00";13
"2018-12-31 17:06:06";13
"2018-12-31 17:16:00";13
"2018-12-31 17:16:06";13
"2018-12-31 17:26:00";14
"2018-12-31 17:36:00";14
"2018-12-31 17:36:06";14
"2018-12-31 17:46:00";14
"2018-12-31 17:46:06";14
"2018-12-31 17:56:00";13
"2018-12-31 18:06:00";13
"2018-12-31 18:06:06";13
"2018-12-31 18:16:00";13
"2018-12-31 18:16:06";13
"2018-12-31 18:26:00";12
"2018-12-31 18:36:00";12
"2018-12-31 18:36:06";12
"2018-12-31 18:46:00";12
"2018-12-31 18:46:05";12
"2018-12-31 18:56:00";13
"2018-12-31 19:06:00";13
"2018-12-31 19:06:05";13
"2018-12-31 19:16:00";13
"2018-12-31 19:16:05";13
"2018-12-31 19:26:00";12
"2018-12-31 19:36:00";12
"2018-12-31 19:36:06";12
"2018-12-31 19:46:00";12
"2018-12-31 19:46:05";12
"2018-12-31 19:56:00";13
"2018-12-31 20:06:00";13
"2018-12-31 20:06:07";13
"2018-12-31 20:16:00";13
"2018-12-31 20:16:09";13
"2018-12-31 20:26:00";15
"2018-12-31 20:36:00";15
"2018-12-31 20:36:06";15
"2018-12-31 20:46:00";15
"2018-12-31 20:46:06";15
"2018-12-31 20:56:00";16
"2018-12-31 21:06:00";16
"2018-12-31 21:06:06";16
"2018-12-31 21:16:00";16
"2018-12-31 21:26:00";15
"2018-12-31 21:26:05";15
"2018-12-31 21:36:00";15
"2018-12-31 21:36:05";15
"2018-12-31 21:46:00";15
"2018-12-31 21:46:06";15
"2018-12-31 21:56:00";15
"2018-12-31 22:06:00";15
"2018-12-31 22:06:07";15
"2018-12-31 22:16:00";15
"2018-12-31 22:16:08";15
"2018-12-31 22:26:00";14
"2018-12-31 22:36:00";14
"2018-12-31 22:36:08";14
"2018-12-31 22:46:00";14
"2018-12-31 22:46:09";14
"2018-12-31 22:56:00";15
"2018-12-31 23:06:00";15
"2018-12-31 23:06:06";15
"2018-12-31 23:16:00";15
"2018-12-31 23:16:05";15
"2018-12-31 23:26:00";15
"2018-12-31 23:36:00";15
"2018-12-31 23:36:09";15
"2018-12-31 23:46:00";15
"2018-12-31 23:46:10";15
"2018-12-31 23:56:00";15
"2019-01-01 00:06:00";15
"2019-01-01 00:06:09";15
"2019-01-01 00:16:00";15
"2019-01-01 00:16:09";15
"2019-01-01 00:26:00";15
"2019-01-01 00:36:00";15
"2019-01-01 00:36:06";15
"2019-01-01 00:46:00";15
"2019-01-01 00:46:08";15
"2019-01-01 00:56:00";13
"2019-01-01 01:06:00";13
"2019-01-01 01:06:07";13
"2019-01-01 01:16:00";13
"2019-01-01 01:26:00";14
"2019-01-01 01:26:08";14
"2019-01-01 01:36:00";14
"2019-01-01 01:36:08";14
"2019-01-01 01:46:00";14
"2019-01-01 01:46:06";14
"2019-01-01 01:56:00";14
"2019-01-01 02:06:00";14
"2019-01-01 02:06:05";14
"2019-01-01 02:16:00";14
"2019-01-01 02:16:07";14
"2019-01-01 02:26:00";14
"2019-01-01 02:36:00";14
"2019-01-01 02:36:05";14
"2019-01-01 02:46:00";14
"2019-01-01 02:46:06";14
"2019-01-01 02:56:00";13
"2019-01-01 03:06:00";13
"2019-01-01 03:06:06";13
"2019-01-01 03:16:00";13
"2019-01-01 03:16:05";13
"2019-01-01 03:26:00";14
"2019-01-01 03:36:00";14
"2019-01-01 03:36:06";14
"2019-01-01 03:46:00";14
"2019-01-01 03:46:07";14
"2019-01-01 03:56:00";14
"2019-01-01 04:06:00";14
"2019-01-01 04:06:06";14
"2019-01-01 04:16:00";14
"2019-01-01 04:16:05";14
"2019-01-01 04:26:00";13
"2019-01-01 04:36:00";13
"2019-01-01 04:36:05";13
"2019-01-01 04:46:00";13
"2019-01-01 04:46:05";13
"2019-01-01 04:56:00";14
"2019-01-01 05:06:00";14
"2019-01-01 05:06:05";14
"2019-01-01 05:16:00";14
"2019-01-01 05:16:05";14
"2019-01-01 05:26:00";15
"2019-01-01 05:36:00";15
"2019-01-01 05:36:05";15
"2019-01-01 05:46:00";15
"2019-01-01 05:46:05";15
"2019-01-01 05:56:00";13
"2019-01-01 06:06:00";13
"2019-01-01 06:06:05";13
"2019-01-01 06:16:00";13
"2019-01-01 06:16:05";13
"2019-01-01 06:26:00";14
"2019-01-01 06:36:00";14
"2019-01-01 06:36:06";14
"2019-01-01 06:46:00";14
"2019-01-01 06:46:06";14
"2019-01-01 06:56:00";15
"2019-01-01 07:06:00";15
"2019-01-01 07:06:06";15
"2019-01-01 07:16:00";15
"2019-01-01 07:16:05";15
"2019-01-01 07:26:00";13
"2019-01-01 07:36:00";13
"2019-01-01 07:36:05";13
"2019-01-01 07:46:00";13
"2019-01-01 07:46:06";13
"2019-01-01 07:56:00";14
"2019-01-01 08:06:00";14
"2019-01-01 08:06:05";14
"2019-01-01 08:16:00";14
"2019-01-01 08:16:08";14
"2019-01-01 08:26:00";13
"2019-01-01 08:36:00";13
"2019-01-01 08:36:06";13
"2019-01-01 08:46:00";13
"2019-01-01 08:46:05";13
"2019-01-01 08:56:00";13
"2019-01-01 09:06:00";13
"2019-01-01 09:06:05";13
"2019-01-01 09:16:00";13
"2019-01-01 09:16:06";13
"2019-01-01 09:26:00";13
"2019-01-01 09:36:00";13
"2019-01-01 09:36:05";13
"2019-01-01 09:46:00";13
"2019-01-01 09:46:06";13
"2019-01-01 09:56:00";15
"2019-01-01 10:06:00";15
"2019-01-01 10:06:05";15
"2019-01-01 10:16:00";15
"2019-01-01 10:16:06";15
"2019-01-01 10:26:00";15
"2019-01-01 10:36:00";15
"2019-01-01 10:36:05";15
"2019-01-01 10:46:00";15
"2019-01-01 10:46:06";15
"2019-01-01 10:56:00";14
"2019-01-01 11:06:00";14
"2019-01-01 11:06:06";14
"2019-01-01 11:16:00";14
"2019-01-01 11:16:06";14
"2019-01-01 11:26:00";12
"2019-01-01 11:36:00";12
"2019-01-01 11:36:05";12
"2019-01-01 11:46:00";12
"2019-01-01 11:46:06";12
"2019-01-01 11:56:00";10
"2019-01-01 12:06:00";10
"2019-01-01 12:06:05";10
"2019-01-01 12:16:00";10
"2019-01-01 12:16:06";10
"2019-01-01 12:26:00";11
"2019-01-01 12:36:00";11
"2019-01-01 12:36:06";11
"2019-01-01 12:46:00";11
"2019-01-01 12:46:06";11
"2019-01-01 12:56:00";9
"2019-01-01 13:06:00";9
"2019-01-01 13:06:05";9
"2019-01-01 13:16:00";9
"2019-01-01 13:16:06";9
"2019-01-01 13:26:00";9
"2019-01-01 13:36:00";9
"2019-01-01 13:36:05";9
"2019-01-01 13:46:00";9
"2019-01-01 13:46:06";9
"2019-01-01 13:56:00";10
"2019-01-01 14:06:00";10
"2019-01-01 14:06:05";10
"2019-01-01 14:16:00";10
"2019-01-01 14:16:06";10
"2019-01-01 14:26:00";13
"2019-01-01 14:36:00";13
"2019-01-01 14:36:05";13
"2019-01-01 14:46:00";13
"2019-01-01 14:46:06";13
"2019-01-01 14:56:00";13
"2019-01-01 15:06:00";13
"2019-01-01 15:06:06";13
"2019-01-01 15:16:00";13
"2019-01-01 15:16:05";13
"2019-01-01 15:26:00";12
"2019-01-01 15:36:00";12
"2019-01-01 15:36:06";12
"2019-01-01 15:46:00";12
"2019-01-01 15:46:25";12
"2019-01-01 15:56:00";12
"2019-01-01 16:06:00";12
"2019-01-01 16:06:06";12
"2019-01-01 16:16:00";12
"2019-01-01 16:16:06";12
"2019-01-01 16:26:00";14
"2019-01-01 16:36:00";14
"2019-01-01 16:36:05";14
"2019-01-01 16:46:00";14
"2019-01-01 16:46:06";14
"2019-01-01 16:56:00";14
"2019-01-01 17:06:00";14
"2019-01-01 17:06:05";14
"2019-01-01 17:16:00";14
"2019-01-01 17:16:06";14
"2019-01-01 17:26:00";13
"2019-01-01 17:36:00";13
"2019-01-01 17:36:05";13
"2019-01-01 17:46:00";14
"2019-01-01 17:46:06";14
"2019-01-01 17:56:00";14
"2019-01-01 18:06:00";14
"2019-01-01 18:06:05";14
"2019-01-01 18:16:00";14
"2019-01-01 18:16:06";14
"2019-01-01 18:26:00";15
"2019-01-01 18:36:00";15
"2019-01-01 18:36:06";15
"2019-01-01 18:46:00";15
"2019-01-01 18:46:06";15
"2019-01-01 18:56:00";13
"2019-01-01 19:06:00";13
"2019-01-01 19:06:06";13
"2019-01-01 19:16:00";13
"2019-01-01 19:16:06";13
"2019-01-01 19:26:00";15
"2019-01-01 19:36:00";15
"2019-01-01 19:36:07";15
"2019-01-01 19:46:00";15
"2019-01-01 19:46:06";15
"2019-01-01 19:56:00";15
"2019-01-01 20:06:00";15
"2019-01-01 20:06:07";15
"2019-01-01 20:16:00";15
"2019-01-01 20:16:06";15
"2019-01-01 20:26:00";15
"2019-01-01 20:36:00";15
"2019-01-01 20:36:06";15
"2019-01-01 20:46:00";15
"2019-01-01 20:46:06";15
"2019-01-01 20:56:00";15
"2019-01-01 20:56:05";15
"2019-01-01 21:06:00";13
"2019-01-01 21:06:06";13
"2019-01-01 21:16:00";13
"2019-01-01 21:26:00";13
"2019-01-01 21:26:06";13
"2019-01-01 21:36:00";14
"2019-01-01 21:36:06";14
"2019-01-01 21:46:00";14
"2019-01-01 21:56:00";13
"2019-01-01 21:56:06";13
"2019-01-01 22:06:00";13
"2019-01-01 22:06:08";13
"2019-01-01 22:16:00";13
"2019-01-01 22:26:00";13
"2019-01-01 22:26:09";13
"2019-01-01 22:36:00";13
"2019-01-01 22:36:09";13
"2019-01-01 22:46:00";13
"2019-01-01 22:56:00";13
"2019-01-01 22:56:08";13
"2019-01-01 23:06:00";12
"2019-01-01 23:06:06";12
"2019-01-01 23:16:00";12
"2019-01-01 23:26:00";13
"2019-01-01 23:26:06";13
"2019-01-01 23:36:00";13
"2019-01-01 23:36:10";13
"2019-01-01 23:46:00";13
"2019-01-01 23:56:00";13
"2019-01-01 23:56:10";13
"2019-01-02 00:06:00";14
"2019-01-02 00:16:00";14
"2019-01-02 00:16:09";14
"2019-01-02 00:26:00";17
"2019-01-02 00:26:07";17
"2019-01-02 00:36:00";17
"2019-01-02 00:36:07";17
"2019-01-02 00:46:00";17
"2019-01-02 00:56:00";13
"2019-01-02 00:56:06";13
"2019-01-02 01:06:00";13
"2019-01-02 01:06:06";13
"2019-01-02 01:16:00";13
"2019-01-02 01:26:00";16
"2019-01-02 01:26:08";16
"2019-01-02 01:36:00";16
"2019-01-02 01:36:07";16
"2019-01-02 01:46:00";16
"2019-01-02 01:56:00";13
"2019-01-02 01:56:05";13
"2019-01-02 02:06:00";13
"2019-01-02 02:06:06";13
"2019-01-02 02:16:00";13
"2019-01-02 02:26:00";13
"2019-01-02 02:26:05";13
"2019-01-02 02:36:00";13
"2019-01-02 02:36:06";13
"2019-01-02 02:46:00";13
"2019-01-02 02:56:00";14
"2019-01-02 02:56:05";14
"2019-01-02 03:06:00";14
"2019-01-02 03:06:05";14
"2019-01-02 03:16:00";15
"2019-01-02 03:26:00";15
"2019-01-02 03:26:05";15
"2019-01-02 03:36:00";15
"2019-01-02 03:36:06";15
"2019-01-02 03:46:00";15
"2019-01-02 03:56:00";14
"2019-01-02 03:56:06";14
"2019-01-02 04:06:00";14
"2019-01-02 04:16:00";14
"2019-01-02 04:16:05";14
"2019-01-02 04:26:00";17
"2019-01-02 04:26:06";17
"2019-01-02 04:36:00";17
"2019-01-02 04:36:05";17
"2019-01-02 04:46:00";17
"2019-01-02 04:56:00";13
"2019-01-02 04:56:06";13
"2019-01-02 05:06:00";13
"2019-01-02 05:06:05";13
"2019-01-02 05:16:00";13
"2019-01-02 05:26:00";18
"2019-01-02 05:26:05";18
"2019-01-02 05:36:00";18
"2019-01-02 05:36:05";18
"2019-01-02 05:46:00";18
"2019-01-02 05:56:00";18
"2019-01-02 05:56:06";18
"2019-01-02 06:06:00";14
"2019-01-02 06:06:05";14
"2019-01-02 06:16:00";14
"2019-01-02 06:26:00";13
"2019-01-02 06:26:05";13
"2019-01-02 06:36:00";13
"2019-01-02 06:36:05";13
"2019-01-02 06:46:00";13
"2019-01-02 06:56:00";16
"2019-01-02 06:56:05";16
"2019-01-02 07:06:00";16
"2019-01-02 07:06:05";16
"2019-01-02 07:16:00";16
"2019-01-02 07:26:00";14
"2019-01-02 07:26:05";14
"2019-01-02 07:36:00";14
"2019-01-02 07:36:05";14
"2019-01-02 07:46:00";14
"2019-01-02 07:56:00";14
"2019-01-02 07:56:05";14
"2019-01-02 08:06:00";14
"2019-01-02 08:06:06";14
"2019-01-02 08:16:00";14
"2019-01-02 08:26:00";13
"2019-01-02 08:26:05";13
"2019-01-02 08:36:00";13
"2019-01-02 08:36:05";13
"2019-01-02 08:46:00";13
"2019-01-02 08:56:00";16
"2019-01-02 09:06:00";16
"2019-01-02 09:16:00";16
"2019-01-02 09:26:00";14
"2019-01-02 09:36:00";14
"2019-01-02 09:46:00";14
"2019-01-02 09:56:00";14
"2019-01-02 10:06:00";14
"2019-01-02 10:16:00";14
"2019-01-02 10:26:00";14
"2019-01-02 10:36:00";14
"2019-01-02 10:46:00";14
"2019-01-02 10:56:00";14
"2019-01-02 10:56:05";14
"2019-01-02 11:06:00";14
"2019-01-02 11:06:06";14
"2019-01-02 11:16:00";14
"2019-01-02 11:26:00";11
"2019-01-02 11:26:06";11
"2019-01-02 11:36:00";11
"2019-01-02 11:36:06";11
"2019-01-02 11:46:00";11
"2019-01-02 11:56:00";10
"2019-01-02 11:56:05";10
"2019-01-02 12:06:00";10
"2019-01-02 12:06:07";10
"2019-01-02 12:16:00";10
"2019-01-02 12:26:00";7
"2019-01-02 12:26:06";7
"2019-01-02 12:36:00";7
"2019-01-02 12:36:05";7
"2019-01-02 12:46:00";10
"2019-01-02 12:56:00";10
"2019-01-02 12:56:06";10
"2019-01-02 13:06:00";10
"2019-01-02 13:06:06";10
"2019-01-02 13:16:00";10
"2019-01-02 13:26:00";10
"2019-01-02 13:26:06";10
"2019-01-02 13:36:00";10
"2019-01-02 13:36:05";10
"2019-01-02 13:46:00";12
"2019-01-02 13:56:00";12
"2019-01-02 13:56:05";12
"2019-01-02 14:06:00";12
"2019-01-02 14:06:05";12
"2019-01-02 14:16:00";12
"2019-01-02 14:26:00";12
"2019-01-02 14:26:05";12
"2019-01-02 14:36:00";12
"2019-01-02 14:36:06";12
"2019-01-02 14:46:00";12
"2019-01-02 14:56:00";14
"2019-01-02 14:56:06";14
"2019-01-02 15:16:00";14
"2019-01-02 15:26:00";14
"2019-01-02 15:26:05";14
"2019-01-02 15:36:00";14
"2019-01-02 15:36:06";14
"2019-01-02 15:46:00";14
"2019-01-02 15:56:00";15
"2019-01-02 15:56:05";15
"2019-01-02 16:06:00";15
"2019-01-02 16:06:06";15
"2019-01-02 16:16:00";15
"2019-01-02 16:26:00";15
"2019-01-02 16:26:05";15
"2019-01-02 16:36:00";12
"2019-01-02 16:36:06";12
"2019-01-02 16:46:00";12
"2019-01-02 16:56:00";13
"2019-01-02 16:56:06";13
"2019-01-02 17:06:00";13
"2019-01-02 17:06:06";13
"2019-01-02 17:16:00";13
"2019-01-02 17:26:00";12
"2019-01-02 17:26:06";12
"2019-01-02 17:36:00";12
"2019-01-02 17:36:06";12
"2019-01-02 17:46:00";12
"2019-01-02 17:56:00";16
"2019-01-02 17:56:05";16
"2019-01-02 18:06:00";16
"2019-01-02 18:06:06";16
"2019-01-02 18:16:00";16
"2019-01-02 18:26:00";11
"2019-01-02 18:26:06";11
"2019-01-02 18:36:00";11
"2019-01-02 18:36:06";11
"2019-01-02 18:46:00";11
"2019-01-02 18:56:00";12
"2019-01-02 18:56:06";12
"2019-01-02 19:06:00";12
"2019-01-02 19:06:06";12
"2019-01-02 19:16:00";12
"2019-01-02 19:26:00";13
"2019-01-02 19:26:06";13
"2019-01-02 19:36:00";13
"2019-01-02 19:36:05";13
"2019-01-02 19:46:00";13
"2019-01-02 19:56:00";12
"2019-01-02 19:56:05";12
"2019-01-02 20:06:00";12
"2019-01-02 20:06:06";12
"2019-01-02 20:16:00";12
"2019-01-02 20:26:00";13
"2019-01-02 20:26:07";13
"2019-01-02 20:36:00";13
"2019-01-02 20:36:06";13
"2019-01-02 20:46:00";13
"2019-01-02 20:56:00";12
"2019-01-02 20:56:06";12
"2019-01-02 21:06:00";12
"2019-01-02 21:06:05";12
"2019-01-02 21:16:00";12
"2019-01-02 21:26:00";10
"2019-01-02 21:26:06";10
"2019-01-02 21:36:00";10
"2019-01-02 21:36:06";10
"2019-01-02 21:46:00";10
"2019-01-02 21:56:00";10
"2019-01-02 21:56:06";10
"2019-01-02 22:06:00";10
"2019-01-02 22:06:07";10
"2019-01-02 22:16:00";10
"2019-01-02 22:26:00";11
"2019-01-02 22:26:08";11
"2019-01-02 22:36:00";11
"2019-01-02 22:36:09";11
"2019-01-02 22:46:00";11
"2019-01-02 22:56:00";11
"2019-01-02 22:56:05";11
"2019-01-02 23:06:00";11
"2019-01-02 23:06:06";11
"2019-01-02 23:16:00";11
"2019-01-02 23:26:00";13
"2019-01-02 23:26:08";13
"2019-01-02 23:36:00";13
"2019-01-02 23:36:08";13
"2019-01-02 23:46:00";13
"2019-01-02 23:56:00";11
"2019-01-02 23:56:08";11
"2019-01-03 00:06:00";11
"2019-01-03 00:06:08";11
"2019-01-03 00:16:00";11
"2019-01-03 00:26:00";11
"2019-01-03 00:26:07";11
"2019-01-03 00:36:00";11
"2019-01-03 00:36:06";11
"2019-01-03 00:46:00";11
"2019-01-03 00:56:00";12
"2019-01-03 00:56:06";12
"2019-01-03 01:06:00";12
"2019-01-03 01:06:08";12
"2019-01-03 01:16:00";12
"2019-01-03 01:26:00";11
"2019-01-03 01:26:07";11
"2019-01-03 01:36:00";11
"2019-01-03 01:36:07";11
"2019-01-03 01:46:00";11
"2019-01-03 01:56:00";12
"2019-01-03 01:56:06";12
"2019-01-03 02:06:00";12
"2019-01-03 02:06:05";12
"2019-01-03 02:16:00";12
"2019-01-03 02:26:00";12
"2019-01-03 02:26:05";12
"2019-01-03 02:36:00";12
"2019-01-03 02:36:05";12
"2019-01-03 02:46:00";12
"2019-01-03 02:56:00";12
"2019-01-03 02:56:05";12
"2019-01-03 03:06:00";12
"2019-01-03 03:06:07";12
"2019-01-03 03:16:00";10
"2019-01-03 03:26:00";10
"2019-01-03 03:26:05";10
"2019-01-03 03:36:00";10
"2019-01-03 03:36:06";10
"2019-01-03 03:46:00";10
"2019-01-03 03:56:00";11
"2019-01-03 03:56:06";11
"2019-01-03 04:06:00";11
"2019-01-03 04:06:05";11
"2019-01-03 04:16:00";11
"2019-01-03 04:26:00";10
"2019-01-03 04:26:05";10
"2019-01-03 04:36:00";10
"2019-01-03 04:36:05";10
"2019-01-03 04:46:00";10
"2019-01-03 04:56:00";11
"2019-01-03 04:56:05";11
"2019-01-03 05:06:00";11
"2019-01-03 05:06:06";11
"2019-01-03 05:16:00";11
"2019-01-03 05:26:00";10
"2019-01-03 05:26:05";10
"2019-01-03 05:36:00";10
"2019-01-03 05:36:05";10
"2019-01-03 05:46:00";10
"2019-01-03 05:56:00";11
"2019-01-03 05:56:05";11
"2019-01-03 06:06:00";11
"2019-01-03 06:06:05";11
"2019-01-03 06:16:00";11
"2019-01-03 06:26:00";11
"2019-01-03 06:26:05";11
"2019-01-03 06:36:00";11
"2019-01-03 06:36:06";11
"2019-01-03 06:46:00";11
"2019-01-03 06:56:00";9
"2019-01-03 06:56:05";9
"2019-01-03 07:06:00";9
"2019-01-03 07:06:05";9
"2019-01-03 07:16:00";9
"2019-01-03 07:26:00";9
"2019-01-03 07:26:06";9
"2019-01-03 07:36:00";9
"2019-01-03 07:36:05";9
"2019-01-03 07:46:00";9
"2019-01-03 07:56:00";10
"2019-01-03 07:56:06";10
"2019-01-03 08:06:00";10
"2019-01-03 08:06:05";10
"2019-01-03 08:16:00";10
"2019-01-03 08:26:00";10
"2019-01-03 08:26:05";10
"2019-01-03 08:36:00";10
"2019-01-03 08:36:06";10
"2019-01-03 08:46:00";10
"2019-01-03 08:56:00";9
"2019-01-03 08:56:06";9
"2019-01-03 09:06:00";9
"2019-01-03 09:06:06";9
"2019-01-03 09:16:00";9
"2019-01-03 09:26:00";11
"2019-01-03 09:26:06";11
"2019-01-03 09:36:00";11
"2019-01-03 09:36:05";11
"2019-01-03 09:46:00";11
"2019-01-03 09:56:00";9
"2019-01-03 09:56:06";9
"2019-01-03 10:06:00";9
"2019-01-03 10:06:06";9
"2019-01-03 10:16:00";9
"2019-01-03 10:26:00";11
"2019-01-03 10:26:05";11
"2019-01-03 10:36:00";11
"2019-01-03 10:36:05";11
"2019-01-03 10:46:00";11
"2019-01-03 10:56:00";11
"2019-01-03 10:56:06";11
"2019-01-03 11:06:00";11
"2019-01-03 11:06:05";11
"2019-01-03 11:16:00";11
"2019-01-03 11:26:00";8
"2019-01-03 11:26:06";8
"2019-01-03 11:36:00";8
"2019-01-03 11:36:07";8
"2019-01-03 11:46:00";8
"2019-01-03 11:56:00";5
"2019-01-03 11:56:05";5
"2019-01-03 12:06:00";5
"2019-01-03 12:06:06";5
"2019-01-03 12:16:00";6
"2019-01-03 12:26:00";6
"2019-01-03 12:26:05";6
"2019-01-03 12:36:00";6
"2019-01-03 12:36:05";6
"2019-01-03 12:46:00";6
"2019-01-03 12:56:00";4
"2019-01-03 12:56:05";4
"2019-01-03 13:06:00";4
"2019-01-03 13:06:05";4
"2019-01-03 13:16:00";4
"2019-01-03 13:26:00";2
"2019-01-03 13:26:06";2
"2019-01-03 13:36:00";2
"2019-01-03 13:36:05";2
"2019-01-03 13:46:00";2
"2019-01-03 13:56:00";3
"2019-01-03 13:56:06";3
"2019-01-03 14:06:00";3
"2019-01-03 14:06:06";3
"2019-01-03 14:16:00";8
"2019-01-03 14:26:00";8
"2019-01-03 14:26:05";8
"2019-01-03 14:36:00";8
"2019-01-03 14:36:06";8
"2019-01-03 14:46:00";8
"2019-01-03 14:56:00";9
"2019-01-03 14:56:06";9
"2019-01-03 15:06:00";9
"2019-01-03 15:06:06";9
"2019-01-03 15:16:00";9
"2019-01-03 15:26:00";9
"2019-01-03 15:26:05";9
"2019-01-03 15:36:00";9
"2019-01-03 15:36:05";9
"2019-01-03 15:46:00";9
"2019-01-03 15:56:00";9
"2019-01-03 15:56:06";9
"2019-01-03 16:06:00";9
"2019-01-03 16:06:05";9
"2019-01-03 16:16:00";9
"2019-01-03 16:26:00";11
"2019-01-03 16:26:05";11
"2019-01-03 16:36:00";11
"2019-01-03 16:36:05";11
"2019-01-03 16:46:00";11
"2019-01-03 16:56:00";11
"2019-01-03 16:56:06";11
"2019-01-03 17:06:00";11
"2019-01-03 17:06:05";11
"2019-01-03 17:16:00";10
"2019-01-03 17:26:00";10
"2019-01-03 17:26:05";10
"2019-01-03 17:36:00";10
"2019-01-03 17:36:06";10
"2019-01-03 17:46:00";10
"2019-01-03 17:56:00";11
"2019-01-03 17:56:05";11
"2019-01-03 18:06:00";11
"2019-01-03 18:06:06";11
"2019-01-03 18:16:00";11
"2019-01-03 18:26:00";11
"2019-01-03 18:26:06";11
"2019-01-03 18:36:00";11
"2019-01-03 18:36:05";11
"2019-01-03 18:46:00";11
"2019-01-03 18:56:00";11
"2019-01-03 18:56:06";11
"2019-01-03 19:06:00";11
"2019-01-03 19:06:06";11
"2019-01-03 19:16:00";11
"2019-01-03 19:26:00";12
"2019-01-03 19:26:06";12
"2019-01-03 19:36:00";12
"2019-01-03 19:36:06";12
"2019-01-03 19:46:00";14
"2019-01-03 19:56:00";14
"2019-01-03 19:56:06";14
"2019-01-03 20:06:00";14
"2019-01-03 20:06:07";14
"2019-01-03 20:16:00";14
"2019-01-03 20:26:00";12
"2019-01-03 20:26:06";12
"2019-01-03 20:36:00";12
"2019-01-03 20:36:05";12
"2019-01-03 20:46:00";12
"2019-01-03 20:56:00";12
"2019-01-03 20:56:06";12
"2019-01-03 21:06:00";12
"2019-01-03 21:06:06";12
"2019-01-03 21:16:00";12
"2019-01-03 21:26:00";12
"2019-01-03 21:26:06";12
"2019-01-03 21:36:00";12
"2019-01-03 21:36:06";12
"2019-01-03 21:46:00";12
"2019-01-03 21:56:00";11
"2019-01-03 21:56:06";11
"2019-01-03 22:06:00";11
"2019-01-03 22:06:08";11
"2019-01-03 22:16:00";11
"2019-01-03 22:26:00";11
"2019-01-03 22:26:13";11
"2019-01-03 22:36:00";11
"2019-01-03 22:36:09";11
"2019-01-03 22:46:00";11
"2019-01-03 22:56:00";12
"2019-01-03 22:56:06";12
"2019-01-03 23:06:00";12
"2019-01-03 23:06:06";12
"2019-01-03 23:16:00";12
"2019-01-03 23:26:00";11
"2019-01-03 23:26:05";11
"2019-01-03 23:36:00";11
"2019-01-03 23:36:09";11
"2019-01-03 23:46:00";13
"2019-01-03 23:56:00";13
"2019-01-03 23:56:07";13
"2019-01-04 00:06:00";13
"2019-01-04 00:06:10";13
"2019-01-04 00:16:00";13
"2019-01-04 00:26:00";11
"2019-01-04 00:26:07";11
"2019-01-04 00:36:00";11
"2019-01-04 00:36:06";11
"2019-01-04 00:46:00";11
"2019-01-04 00:56:00";11
"2019-01-04 00:56:07";11
"2019-01-04 01:06:00";11
"2019-01-04 01:06:07";11
"2019-01-04 01:16:00";11
"2019-01-04 01:26:00";12
"2019-01-04 01:26:07";12
"2019-01-04 01:36:00";12
"2019-01-04 01:36:13";12
"2019-01-04 01:46:00";12
"2019-01-04 01:56:00";12
"2019-01-04 01:56:05";12
"2019-01-04 02:06:00";12
"2019-01-04 02:06:05";12
"2019-01-04 02:16:00";12
"2019-01-04 02:26:00";12
"2019-01-04 02:26:05";12
"2019-01-04 02:36:00";12
"2019-01-04 02:36:05";12
"2019-01-04 02:46:00";12
"2019-01-04 02:56:00";11
"2019-01-04 02:56:06";11
"2019-01-04 03:06:00";11
"2019-01-04 03:06:05";11
"2019-01-04 03:16:00";11
"2019-01-04 03:26:00";11
"2019-01-04 03:26:05";11
"2019-01-04 03:36:00";11
"2019-01-04 03:36:06";11
"2019-01-04 03:46:00";10
"2019-01-04 03:56:00";10
"2019-01-04 03:56:06";10
"2019-01-04 04:06:00";10
"2019-01-04 04:06:06";10
"2019-01-04 04:16:00";10
"2019-01-04 04:26:00";10
"2019-01-04 04:26:05";10
"2019-01-04 04:36:00";10
"2019-01-04 04:36:05";10
"2019-01-04 04:46:00";10
"2019-01-04 04:56:00";10
"2019-01-04 04:56:05";10
"2019-01-04 05:06:00";10
"2019-01-04 05:06:05";10
"2019-01-04 05:16:00";10
"2019-01-04 05:26:00";10
"2019-01-04 05:26:05";10
"2019-01-04 05:36:00";10
"2019-01-04 05:36:06";10
"2019-01-04 05:46:00";10
"2019-01-04 05:56:00";10
"2019-01-04 05:56:05";10
"2019-01-04 06:06:00";10
"2019-01-04 06:06:05";10
"2019-01-04 06:16:00";10
"2019-01-04 06:26:00";9
"2019-01-04 06:26:06";9
"2019-01-04 06:36:00";9
"2019-01-04 06:36:06";9
"2019-01-04 06:46:00";9
"2019-01-04 06:56:00";11
"2019-01-04 06:56:05";11
"2019-01-04 07:06:00";11
"2019-01-04 07:06:05";11
"2019-01-04 07:16:00";10
"2019-01-04 07:26:00";10
"2019-01-04 07:26:05";10
"2019-01-04 07:36:00";10
"2019-01-04 07:36:05";10
"2019-01-04 07:46:00";10
"2019-01-04 07:56:00";11
"2019-01-04 07:56:05";11
"2019-01-04 08:06:00";11
"2019-01-04 08:06:05";11
"2019-01-04 08:16:00";11
"2019-01-04 08:26:00";11
"2019-01-04 08:26:05";11
"2019-01-04 08:36:00";11
"2019-01-04 08:36:05";11
"2019-01-04 08:46:00";11
"2019-01-04 08:56:00";11
"2019-01-04 08:56:05";11
"2019-01-04 09:06:00";11
"2019-01-04 09:06:06";11
"2019-01-04 09:16:00";10
"2019-01-04 09:26:00";10
"2019-01-04 09:26:05";10
"2019-01-04 09:36:00";10
"2019-01-04 09:36:06";10
"2019-01-04 09:46:00";10
"2019-01-04 09:56:00";12
"2019-01-04 09:56:06";12
"2019-01-04 10:06:00";12
"2019-01-04 10:06:06";12
"2019-01-04 10:16:00";11
"2019-01-04 10:26:00";11
"2019-01-04 10:26:05";11
"2019-01-04 10:36:00";11
"2019-01-04 10:36:05";11
"2019-01-04 10:46:00";11
"2019-01-04 10:56:00";10
"2019-01-04 10:56:05";10
"2019-01-04 11:06:00";10
"2019-01-04 11:06:06";10
"2019-01-04 11:16:00";10
"2019-01-04 11:26:00";7
"2019-01-04 11:26:05";7
"2019-01-04 11:36:00";7
"2019-01-04 11:36:06";7
"2019-01-04 11:46:00";7
"2019-01-04 11:56:00";7
"2019-01-04 11:56:06";7
"2019-01-04 12:06:00";7
"2019-01-04 12:06:06";7
"2019-01-04 12:16:00";7
"2019-01-04 12:26:00";5
"2019-01-04 12:26:05";5
"2019-01-04 12:36:00";5
"2019-01-04 12:36:05";5
"2019-01-04 12:46:00";5
"2019-01-04 12:56:00";5
"2019-01-04 12:56:06";5
"2019-01-04 13:06:00";5
"2019-01-04 13:06:05";5
"2019-01-04 13:16:00";5
"2019-01-04 13:26:00";6
"2019-01-04 13:26:06";6
"2019-01-04 13:36:00";6
"2019-01-04 13:36:06";6
"2019-01-04 13:46:00";6
"2019-01-04 13:56:00";5
"2019-01-04 13:56:06";5
"2019-01-04 14:06:00";5
"2019-01-04 14:06:06";5
"2019-01-04 14:16:00";5
"2019-01-04 14:26:00";7
"2019-01-04 14:26:05";7
"2019-01-04 14:36:00";7
"2019-01-04 14:36:05";7
"2019-01-04 14:46:00";7
"2019-01-04 14:56:00";10
"2019-01-04 14:56:06";10
"2019-01-04 15:06:00";10
"2019-01-04 15:06:05";10
"2019-01-04 15:16:00";10
"2019-01-04 15:26:00";8
"2019-01-04 15:26:05";8
"2019-01-04 15:36:00";8
"2019-01-04 15:36:05";8
"2019-01-04 15:46:00";8
"2019-01-04 15:56:00";10
"2019-01-04 15:56:05";10
"2019-01-04 16:06:00";10
"2019-01-04 16:06:05";10
"2019-01-04 16:16:00";11
"2019-01-04 16:26:00";11
"2019-01-04 16:26:06";11
"2019-01-04 16:36:00";11
"2019-01-04 16:36:05";11
"2019-01-04 16:46:00";11
"2019-01-04 16:56:00";10
"2019-01-04 16:56:05";10
"2019-01-04 17:06:00";10
"2019-01-04 17:06:05";10
"2019-01-04 17:16:00";10
"2019-01-04 17:26:00";12
"2019-01-04 17:26:05";12
"2019-01-04 17:36:00";12
"2019-01-04 17:36:05";12
"2019-01-04 17:46:00";12
"2019-01-04 17:56:00";12
"2019-01-04 17:56:06";12
"2019-01-04 18:06:00";12
"2019-01-04 18:06:06";12
"2019-01-04 18:16:00";12
"2019-01-04 18:26:00";12
"2019-01-04 18:26:06";12
"2019-01-04 18:36:00";12
"2019-01-04 18:36:06";12
"2019-01-04 18:46:00";12
"2019-01-04 18:56:00";11
"2019-01-04 18:56:05";11
"2019-01-04 19:06:00";11
"2019-01-04 19:06:05";11
"2019-01-04 19:16:00";11
"2019-01-04 19:26:00";14
"2019-01-04 19:26:05";14
"2019-01-04 19:36:00";14
"2019-01-04 19:36:06";14
"2019-01-04 19:46:00";12
"2019-01-04 19:56:00";12
"2019-01-04 19:56:05";12
"2019-01-04 20:06:00";12
"2019-01-04 20:06:05";12
"2019-01-04 20:16:00";12
"2019-01-04 20:26:00";13
"2019-01-04 20:26:05";13
"2019-01-04 20:36:00";13
"2019-01-04 20:36:06";13
"2019-01-04 20:46:00";13
"2019-01-04 20:56:00";13
"2019-01-04 20:56:06";13
"2019-01-04 21:06:00";13
"2019-01-04 21:06:06";13
"2019-01-04 21:16:00";13
"2019-01-04 21:26:00";14
"2019-01-04 21:26:05";14
"2019-01-04 21:36:00";14
"2019-01-04 21:36:06";14
"2019-01-04 21:46:00";14
"2019-01-04 21:56:00";12
"2019-01-04 21:56:05";12
"2019-01-04 22:06:00";12
"2019-01-04 22:06:09";12
"2019-01-04 22:16:00";12
"2019-01-04 22:26:00";12
"2019-01-04 22:26:07";12
"2019-01-04 22:36:00";12
"2019-01-04 22:36:08";12
"2019-01-04 22:46:00";12
"2019-01-04 22:56:00";12
"2019-01-04 22:56:06";12
"2019-01-04 23:06:00";12
"2019-01-04 23:06:08";12
"2019-01-04 23:16:00";12
"2019-01-04 23:26:00";12
"2019-01-04 23:26:06";12
"2019-01-04 23:36:00";12
"2019-01-04 23:36:09";12
"2019-01-04 23:46:00";12
"2019-01-04 23:56:00";13
"2019-01-04 23:56:08";13
"2019-01-05 00:06:00";13
"2019-01-05 00:06:10";13
"2019-01-05 00:16:00";13
"2019-01-05 00:26:00";12
"2019-01-05 00:26:11";12
"2019-01-05 00:36:00";12
"2019-01-05 00:36:09";12
"2019-01-05 00:46:00";12
"2019-01-05 00:56:00";13
"2019-01-05 00:56:08";13
"2019-01-05 01:06:00";13
"2019-01-05 01:06:06";13
"2019-01-05 01:16:00";13
"2019-01-05 01:26:00";12
"2019-01-05 01:26:07";12
"2019-01-05 01:36:00";12
"2019-01-05 01:36:07";12
"2019-01-05 01:46:00";12
"2019-01-05 01:56:00";11
"2019-01-05 01:56:06";11
"2019-01-05 02:06:00";11
"2019-01-05 02:06:06";11
"2019-01-05 02:16:00";11
"2019-01-05 02:26:00";12
"2019-01-05 02:26:05";12
"2019-01-05 02:36:00";12
"2019-01-05 02:36:05";12
"2019-01-05 02:46:00";12
"2019-01-05 02:56:00";11
"2019-01-05 02:56:05";11
"2019-01-05 03:06:00";11
"2019-01-05 03:06:06";11
"2019-01-05 03:16:00";11
"2019-01-05 03:26:00";11
"2019-01-05 03:26:05";11
"2019-01-05 03:36:00";11
"2019-01-05 03:36:06";11
"2019-01-05 03:46:00";11
"2019-01-05 03:56:00";12
"2019-01-05 03:56:05";12
"2019-01-05 04:06:00";12
"2019-01-05 04:06:07";12
"2019-01-05 04:16:00";12
"2019-01-05 04:26:00";12
"2019-01-05 04:26:05";12
"2019-01-05 04:36:00";12
"2019-01-05 04:36:06";12
"2019-01-05 04:46:00";12
"2019-01-05 04:56:00";12
"2019-01-05 04:56:05";12
"2019-01-05 05:06:00";12
"2019-01-05 05:06:06";12
"2019-01-05 05:16:00";12
"2019-01-05 05:26:00";11
"2019-01-05 05:26:05";11
"2019-01-05 05:36:00";11
"2019-01-05 05:36:05";11
"2019-01-05 05:46:00";13
"2019-01-05 05:56:00";13
"2019-01-05 05:56:05";13
"2019-01-05 06:06:00";13
"2019-01-05 06:06:05";13
"2019-01-05 06:16:00";13
"2019-01-05 06:26:00";12
"2019-01-05 06:26:05";12
"2019-01-05 06:36:00";12
"2019-01-05 06:36:05";12
"2019-01-05 06:46:00";11
"2019-01-05 06:56:00";11
"2019-01-05 06:56:06";11
"2019-01-05 07:06:00";11
"2019-01-05 07:06:05";11
"2019-01-05 07:16:00";11
"2019-01-05 07:26:00";11
"2019-01-05 07:26:05";11
"2019-01-05 07:36:00";11
"2019-01-05 07:36:05";11
"2019-01-05 07:46:00";11
"2019-01-05 07:56:00";10
"2019-01-05 07:56:06";10
"2019-01-05 08:06:00";10
"2019-01-05 08:06:05";10
"2019-01-05 08:16:00";10
"2019-01-05 08:26:00";12
"2019-01-05 08:26:05";12
"2019-01-05 08:36:00";12
"2019-01-05 08:36:06";12
"2019-01-05 08:46:00";12
"2019-01-05 08:56:00";13
"2019-01-05 08:56:05";13
"2019-01-05 09:06:00";13
"2019-01-05 09:06:07";13
"2019-01-05 09:16:00";13
"2019-01-05 09:26:00";13
"2019-01-05 09:26:05";13
"2019-01-05 09:36:00";13
"2019-01-05 09:36:05";13
"2019-01-05 09:46:00";13
"2019-01-05 09:56:00";12
"2019-01-05 09:56:05";12
"2019-01-05 10:06:00";12
"2019-01-05 10:06:05";12
"2019-01-05 10:16:00";12
"2019-01-05 10:26:00";13
"2019-01-05 10:26:05";13
"2019-01-05 10:36:00";13
"2019-01-05 10:36:05";13
"2019-01-05 10:46:00";13
"2019-01-05 10:56:00";12
"2019-01-05 10:56:05";12
"2019-01-05 11:06:00";12
"2019-01-05 11:06:06";12
"2019-01-05 11:16:00";9
"2019-01-05 11:26:00";9
"2019-01-05 11:26:06";9
"2019-01-05 11:36:00";9
"2019-01-05 11:36:05";9
"2019-01-05 11:46:00";9
"2019-01-05 11:56:00";11
"2019-01-05 11:56:05";11
"2019-01-05 12:06:00";11
"2019-01-05 12:06:05";11
"2019-01-05 12:16:00";11
"2019-01-05 12:26:00";11
"2019-01-05 12:26:05";11
"2019-01-05 12:36:00";11
"2019-01-05 12:36:05";11
"2019-01-05 12:46:00";11
"2019-01-05 12:56:00";10
"2019-01-05 12:56:19";10
"2019-01-05 13:06:00";10
"2019-01-05 13:06:05";10
"2019-01-05 13:16:00";10
"2019-01-05 13:26:00";7
"2019-01-05 13:26:05";7
"2019-01-05 13:36:00";7
"2019-01-05 13:36:05";7
"2019-01-05 13:46:00";7
"2019-01-05 13:56:00";4
"2019-01-05 13:56:05";4
"2019-01-05 14:06:00";4
"2019-01-05 14:06:06";4
"2019-01-05 14:16:00";4
"2019-01-05 14:26:00";9
"2019-01-05 14:26:06";9
"2019-01-05 14:36:00";9
"2019-01-05 14:36:06";9
"2019-01-05 14:46:00";9
"2019-01-05 14:56:00";11
"2019-01-05 14:56:06";11
"2019-01-05 15:06:00";11
"2019-01-05 15:06:06";11
"2019-01-05 15:16:00";11
"2019-01-05 15:26:00";11
"2019-01-05 15:26:05";11
"2019-01-05 15:36:00";11
"2019-01-05 15:36:05";11
"2019-01-05 15:46:00";11
"2019-01-05 15:56:00";12
"2019-01-05 15:56:05";12
"2019-01-05 16:06:00";12
"2019-01-05 16:06:06";12
"2019-01-05 16:16:00";12
"2019-01-05 16:26:00";10
"2019-01-05 16:26:05";10
"2019-01-05 16:36:00";10
"2019-01-05 16:36:06";10
"2019-01-05 16:46:00";10
"2019-01-05 16:56:00";13
"2019-01-05 16:56:05";13
"2019-01-05 17:06:00";13
"2019-01-05 17:06:05";13
"2019-01-05 17:16:00";13
"2019-01-05 17:26:00";12
"2019-01-05 17:26:06";12
"2019-01-05 17:36:00";12
"2019-01-05 17:36:05";12
"2019-01-05 17:46:00";12
"2019-01-05 17:56:00";11
"2019-01-05 17:56:05";11
"2019-01-05 18:06:00";11
"2019-01-05 18:06:06";11
"2019-01-05 18:16:00";11
"2019-01-05 18:26:00";13
"2019-01-05 18:26:06";13
"2019-01-05 18:36:00";13
"2019-01-05 18:36:06";13
"2019-01-05 18:46:00";13
"2019-01-05 18:56:00";13
"2019-01-05 18:56:06";13
"2019-01-05 19:06:00";13
"2019-01-05 19:06:06";13
"2019-01-05 19:16:00";13
"2019-01-05 19:26:00";13
"2019-01-05 19:26:05";13
"2019-01-05 19:36:00";13
"2019-01-05 19:36:05";13
"2019-01-05 19:46:00";13
"2019-01-05 19:56:00";13
"2019-01-05 19:56:05";13
"2019-01-05 20:06:00";13
"2019-01-05 20:06:07";13
"2019-01-05 20:16:00";13
"2019-01-05 20:26:00";13
"2019-01-05 20:26:06";13
"2019-01-05 20:36:00";13
"2019-01-05 20:36:06";13
"2019-01-05 20:46:00";13
"2019-01-05 20:56:00";12
"2019-01-05 20:56:06";12
"2019-01-05 21:06:00";12
"2019-01-05 21:06:06";12
"2019-01-05 21:16:00";12
"2019-01-05 21:26:00";12
"2019-01-05 21:26:05";12
"2019-01-05 21:36:00";12
"2019-01-05 21:36:05";12
"2019-01-05 21:46:00";12
"2019-01-05 21:56:00";12
"2019-01-05 21:56:06";12
"2019-01-05 22:06:00";12
"2019-01-05 22:06:09";12
"2019-01-05 22:16:00";12
"2019-01-05 22:26:00";12
"2019-01-05 22:26:08";12
"2019-01-05 22:36:00";12
"2019-01-05 22:36:08";12
"2019-01-05 22:46:00";13
"2019-01-05 22:56:00";13
"2019-01-05 22:56:05";13
"2019-01-05 23:06:00";13
"2019-01-05 23:06:06";13
"2019-01-05 23:16:00";13
"2019-01-05 23:26:00";15
"2019-01-05 23:26:06";15
"2019-01-06 00:46:00";12
"2019-01-06 00:56:00";13
"2019-01-06 00:56:07";13
"2019-01-06 01:06:00";13
"2019-01-06 01:06:06";13
"2019-01-06 01:16:00";13
"2019-01-06 01:26:00";14
"2019-01-06 01:26:08";14
"2019-01-06 01:36:00";14
"2019-01-06 01:36:09";14
"2019-01-06 01:46:00";14
"2019-01-06 01:56:00";13
"2019-01-06 01:56:06";13
"2019-01-06 02:06:00";13
"2019-01-06 02:06:05";13
"2019-01-06 02:16:00";13
"2019-01-06 02:26:00";13
"2019-01-06 02:26:06";13
"2019-01-06 02:36:00";13
"2019-01-06 02:36:05";13
"2019-01-06 02:46:00";13
"2019-01-06 02:56:00";15
"2019-01-06 02:56:05";15
"2019-01-06 03:06:00";15
"2019-01-06 03:06:05";15
"2019-01-06 03:16:00";15
"2019-01-06 03:26:00";13
"2019-01-06 03:26:05";13
"2019-01-06 03:36:00";13
"2019-01-06 03:36:06";13
"2019-01-06 03:46:00";13
"2019-01-06 03:56:00";14
"2019-01-06 03:56:05";14
"2019-01-06 04:06:00";14
"2019-01-06 04:06:06";14
"2019-01-06 04:16:00";14
"2019-01-06 04:26:00";12
"2019-01-06 04:26:05";12
"2019-01-06 04:36:00";12
"2019-01-06 04:36:05";12
"2019-01-06 04:46:00";12
"2019-01-06 04:56:00";13
"2019-01-06 04:56:06";13
"2019-01-06 05:06:00";13
"2019-01-06 05:06:05";13
"2019-01-06 05:16:00";13
"2019-01-06 05:26:00";11
"2019-01-06 05:26:05";11
"2019-01-06 05:36:00";11
"2019-01-06 05:36:05";11
"2019-01-06 05:46:00";11
"2019-01-06 05:56:00";11
"2019-01-06 05:56:06";11
"2019-01-06 06:06:00";11
"2019-01-06 06:06:05";11
"2019-01-06 06:16:00";11
"2019-01-06 06:26:00";10
"2019-01-06 06:26:12";10
"2019-01-06 06:36:00";10
"2019-01-06 06:36:05";10
"2019-01-06 06:46:00";10
"2019-01-06 06:56:00";10
"2019-01-06 06:56:05";10
"2019-01-06 07:06:00";10
"2019-01-06 07:06:05";10
"2019-01-06 07:16:00";10
"2019-01-06 07:26:00";13
"2019-01-06 07:26:05";13
"2019-01-06 07:36:00";13
"2019-01-06 07:36:05";13
"2019-01-06 07:46:00";13
"2019-01-06 07:56:00";10
"2019-01-06 07:56:05";10
"2019-01-06 08:06:00";10
"2019-01-06 08:06:05";10
"2019-01-06 08:16:00";10
"2019-01-06 08:26:00";11
"2019-01-06 08:26:05";11
"2019-01-06 08:36:00";11
"2019-01-06 08:36:05";11
"2019-01-06 08:46:00";12
"2019-01-06 08:56:00";12
"2019-01-06 08:56:05";12
"2019-01-06 09:06:00";12
"2019-01-06 09:06:05";12
"2019-01-06 09:16:00";12
"2019-01-06 09:26:00";12
"2019-01-06 09:26:05";12
"2019-01-06 09:36:00";12
"2019-01-06 09:36:05";12
"2019-01-06 09:46:00";12
"2019-01-06 09:56:00";12
"2019-01-06 09:56:04";12
"2019-01-06 10:06:00";12
"2019-01-06 10:06:05";12
"2019-01-06 10:16:00";13
"2019-01-06 10:26:00";13
"2019-01-06 10:26:05";13
"2019-01-06 10:36:00";13
"2019-01-06 10:36:06";13
"2019-01-06 10:46:00";13
"2019-01-06 10:56:00";13
"2019-01-06 10:56:05";13
"2019-01-06 11:06:00";13
"2019-01-06 11:06:06";13
"2019-01-06 11:16:00";13
"2019-01-06 11:26:00";10
"2019-01-06 11:26:05";10
"2019-01-06 11:36:00";10
"2019-01-06 11:36:05";10
"2019-01-06 11:46:00";10
"2019-01-06 11:56:00";9
"2019-01-06 11:56:05";9
"2019-01-06 12:06:00";9
"2019-01-06 12:06:05";9
"2019-01-06 12:16:00";9
"2019-01-06 12:26:00";7
"2019-01-06 12:26:05";7
"2019-01-06 12:36:00";7
"2019-01-06 12:36:05";7
"2019-01-06 12:46:00";7
"2019-01-06 12:56:00";6
"2019-01-06 12:56:06";6
"2019-01-06 13:06:00";6
"2019-01-06 13:06:05";6
"2019-01-06 13:16:00";5
"2019-01-06 13:26:00";5
"2019-01-06 13:26:05";5
"2019-01-06 13:36:00";5
"2019-01-06 13:36:06";5
"2019-01-06 13:46:00";5
"2019-01-06 13:56:00";6
"2019-01-06 13:56:06";6
"2019-01-06 14:06:00";6
"2019-01-06 14:06:05";6
"2019-01-06 14:16:00";8
"2019-01-06 14:26:00";8
"2019-01-06 14:26:05";8
"2019-01-06 14:36:00";8
"2019-01-06 14:36:05";8
"2019-01-06 14:46:00";8
"2019-01-06 14:56:00";9
"2019-01-06 14:56:05";9
"2019-01-06 15:06:00";9
"2019-01-06 15:06:05";9
"2019-01-06 15:16:00";9
"2019-01-06 15:26:00";9
"2019-01-06 15:26:06";9
"2019-01-06 15:36:00";9
"2019-01-06 15:36:05";9
"2019-01-06 15:46:00";9
"2019-01-06 15:56:00";10
"2019-01-06 15:56:05";10
"2019-01-06 16:06:00";10
"2019-01-06 16:06:05";10
"2019-01-06 16:16:00";12
"2019-01-06 16:26:00";12
"2019-01-06 16:26:05";12
"2019-01-06 16:36:00";12
"2019-01-06 16:36:06";12
"2019-01-06 16:46:00";12
"2019-01-06 16:56:00";11
"2019-01-06 16:56:05";11
"2019-01-06 17:06:00";11
"2019-01-06 17:06:05";11
"2019-01-06 17:16:00";11
"2019-01-06 17:26:00";13
"2019-01-06 17:26:05";13
"2019-01-06 17:36:00";13
"2019-01-06 17:36:05";13
"2019-01-06 17:46:00";13
"2019-01-06 17:56:00";13
"2019-01-06 17:56:05";13
"2019-01-06 18:06:00";13
"2019-01-06 18:06:05";13
"2019-01-06 18:16:00";10
"2019-01-06 18:26:00";10
"2019-01-06 18:26:06";10
"2019-01-06 18:36:00";10
"2019-01-06 18:36:05";10
"2019-01-06 18:46:00";10
"2019-01-06 18:56:00";12
"2019-01-06 18:56:05";12
"2019-01-06 19:06:00";12
"2019-01-06 19:06:05";12
"2019-01-06 19:16:00";12
"2019-01-06 19:26:00";12
"2019-01-06 19:26:06";12
"2019-01-06 19:36:00";12
"2019-01-06 19:36:05";12
"2019-01-06 19:46:00";12
"2019-01-06 19:56:00";12
"2019-01-06 19:56:05";12
"2019-01-06 20:06:00";12
"2019-01-06 20:06:05";12
"2019-01-06 20:16:00";12
"2019-01-06 20:26:00";11
"2019-01-06 20:26:05";11
"2019-01-06 20:36:00";11
"2019-01-06 20:36:05";11
"2019-01-06 20:46:00";11
"2019-01-06 20:56:00";12
"2019-01-06 20:56:06";12
"2019-01-06 21:06:00";12
"2019-01-06 21:06:05";12
"2019-01-06 21:16:00";12
"2019-01-06 21:26:00";13
"2019-01-06 21:26:05";13
"2019-01-06 21:36:00";13
"2019-01-06 21:36:05";13
"2019-01-06 21:46:00";13
"2019-01-06 21:56:00";12
"2019-01-06 21:56:06";12
"2019-01-06 22:06:00";12
"2019-01-06 22:06:06";12
"2019-01-06 22:16:00";12
"2019-01-06 22:26:00";12
"2019-01-06 22:26:07";12
"2019-01-06 22:36:00";12
"2019-01-06 22:36:06";12
"2019-01-06 22:46:00";12
"2019-01-06 22:56:00";12
"2019-01-06 22:56:05";12
"2019-01-06 23:06:00";12
"2019-01-06 23:06:05";12
"2019-01-06 23:16:00";12
"2019-01-06 23:26:00";12
"2019-01-06 23:26:05";12
"2019-01-06 23:36:00";12
"2019-01-06 23:36:07";12
"2019-01-06 23:46:00";12
"2019-01-06 23:56:00";11
"2019-01-06 23:56:07";11
"2019-01-07 00:06:00";11
"2019-01-07 00:06:05";11
"2019-01-07 00:16:00";11
"2019-01-07 00:26:00";12
"2019-01-07 00:26:05";12
"2019-01-07 00:36:00";12
"2019-01-07 00:36:07";12
"2019-01-07 00:46:00";12
"2019-01-07 00:56:00";11
"2019-01-07 00:56:05";11
"2019-01-07 01:06:00";11
"2019-01-07 01:06:06";11
"2019-01-07 01:16:00";11
"2019-01-07 01:26:00";11
"2019-01-07 01:26:08";11
"2019-01-07 01:36:00";11
"2019-01-07 01:36:08";11
"2019-01-07 01:46:00";11
"2019-01-07 01:56:00";12
"2019-01-07 01:56:05";12
"2019-01-07 02:06:00";12
"2019-01-07 02:06:06";12
"2019-01-07 02:16:00";12
"2019-01-07 02:26:00";11
"2019-01-07 02:26:05";11
"2019-01-07 02:36:00";11
"2019-01-07 02:36:05";11
"2019-01-07 02:46:00";11
"2019-01-07 02:56:00";11
"2019-01-07 02:56:05";11
"2019-01-07 03:06:00";11
"2019-01-07 03:06:05";11
"2019-01-07 03:16:00";11
"2019-01-07 03:26:00";10
"2019-01-07 03:26:05";10
"2019-01-07 03:36:00";10
"2019-01-07 03:36:05";10
"2019-01-07 03:46:00";10
"2019-01-07 03:56:00";12
"2019-01-07 03:56:05";12
"2019-01-07 04:06:00";12
"2019-01-07 04:06:06";12
"2019-01-07 04:16:00";12
"2019-01-07 04:26:00";11
"2019-01-07 04:26:05";11
"2019-01-07 04:36:00";11
"2019-01-07 04:36:05";11
"2019-01-07 04:46:00";11
"2019-01-07 04:56:00";11
"2019-01-07 04:56:05";11
"2019-01-07 05:06:00";11
"2019-01-07 05:16:00";11
"2019-01-07 05:16:05";11
"2019-01-07 05:26:00";10
"2019-01-07 05:26:05";10
"2019-01-07 05:36:00";10
"2019-01-07 05:36:05";10
"2019-01-07 05:46:00";10
"2019-01-07 05:56:00";11
"2019-01-07 05:56:05";11
"2019-01-07 06:06:00";11
"2019-01-07 06:06:05";11
"2019-01-07 06:16:00";11
"2019-01-07 06:26:00";10
"2019-01-07 06:26:05";10
"2019-01-07 06:36:00";10
"2019-01-07 06:36:05";10
"2019-01-07 06:46:00";10
"2019-01-07 06:56:00";11
"2019-01-07 06:56:05";11
"2019-01-07 07:06:00";11
"2019-01-07 07:06:05";11
"2019-01-07 07:16:00";10
"2019-01-07 07:26:00";10
"2019-01-07 07:26:04";10
"2019-01-07 07:36:00";10
"2019-01-07 07:36:05";10
"2019-01-07 07:46:00";10
"2019-01-07 07:56:00";12
"2019-01-07 07:56:05";12
"2019-01-07 08:06:00";12
"2019-01-07 08:06:05";12
"2019-01-07 08:16:00";12
"2019-01-07 08:26:00";11
"2019-01-07 08:26:05";11
"2019-01-07 08:36:00";11
"2019-01-07 08:36:05";11
"2019-01-07 08:46:00";11
"2019-01-07 08:56:00";12
"2019-01-07 08:56:05";12
"2019-01-07 09:06:00";12
"2019-01-07 09:06:05";12
"2019-01-07 09:16:00";12
"2019-01-07 09:26:00";11
"2019-01-07 09:26:05";11
"2019-01-07 09:36:00";11
"2019-01-07 09:36:05";11
"2019-01-07 09:46:00";11
"2019-01-07 09:56:00";10
"2019-01-07 09:56:05";10
"2019-01-07 10:06:00";10
"2019-01-07 10:06:05";10
"2019-01-07 10:16:00";12
"2019-01-07 10:26:00";12
"2019-01-07 10:26:05";12
"2019-01-07 10:36:00";12
"2019-01-07 10:36:05";12
"2019-01-07 10:46:00";13
"2019-01-07 10:56:00";13
"2019-01-07 10:56:05";13
"2019-01-07 11:06:00";13
"2019-01-07 11:06:05";13
"2019-01-07 11:16:00";13
"2019-01-07 11:26:00";7
"2019-01-07 11:26:05";7
"2019-01-07 11:36:00";7
"2019-01-07 11:36:05";7
"2019-01-07 11:46:00";7
"2019-01-07 11:56:00";5
"2019-01-07 11:56:06";5
"2019-01-07 12:06:00";5
"2019-01-07 12:06:05";5
"2019-01-07 12:16:00";5
"2019-01-07 12:26:00";5
"2019-01-07 12:26:05";5
"2019-01-07 12:36:00";5
"2019-01-07 12:36:05";5
"2019-01-07 12:46:00";3
"2019-01-07 12:56:00";3
"2019-01-07 12:56:05";3
"2019-01-07 13:06:00";3
"2019-01-07 13:06:05";3
"2019-01-07 13:16:00";3
"2019-01-07 13:26:00";3
"2019-01-07 13:26:05";3
"2019-01-07 13:36:00";3
"2019-01-07 13:36:05";3
"2019-01-07 13:46:00";4
"2019-01-07 13:56:00";4
"2019-01-07 13:56:06";4
"2019-01-07 14:06:00";4
"2019-01-07 14:06:05";4
"2019-01-07 14:16:00";4
"2019-01-07 14:26:00";8
"2019-01-07 14:26:06";8
"2019-01-07 14:36:00";8
"2019-01-07 14:36:05";8
"2019-01-07 14:46:00";9
"2019-01-07 14:56:00";9
"2019-01-07 14:56:05";9
"2019-01-07 15:06:00";9
"2019-01-07 15:06:05";9
"2019-01-07 15:16:00";9
"2019-01-07 15:26:00";10
"2019-01-07 15:26:05";10
"2019-01-07 15:36:00";10
"2019-01-07 15:36:05";10
"2019-01-07 15:46:00";10
"2019-01-07 15:56:00";10
"2019-01-07 15:56:05";10
"2019-01-07 16:06:00";10
"2019-01-07 16:06:06";10
"2019-01-07 16:16:00";10
"2019-01-07 16:26:00";10
"2019-01-07 16:26:05";10
"2019-01-07 16:36:00";10
"2019-01-07 16:36:05";10
"2019-01-07 16:46:00";10
"2019-01-07 16:56:00";9
"2019-01-07 16:56:06";9
"2019-01-07 17:06:00";9
"2019-01-07 17:06:05";9
"2019-01-07 17:16:00";9
"2019-01-07 17:26:00";11
"2019-01-07 17:26:05";11
"2019-01-07 17:36:00";11
"2019-01-07 17:36:05";11
"2019-01-07 17:46:00";11
"2019-01-07 17:56:00";10
"2019-01-07 17:56:06";10
"2019-01-07 18:06:00";10
"2019-01-07 18:06:05";10
"2019-01-07 18:16:00";10
"2019-01-07 18:26:00";12
"2019-01-07 18:26:06";12
"2019-01-07 18:36:00";12
"2019-01-07 18:36:05";12
"2019-01-07 18:46:00";11
"2019-01-07 18:56:00";11
"2019-01-07 18:56:05";11
"2019-01-07 19:06:00";11
"2019-01-07 19:06:05";11
"2019-01-07 19:16:00";11
"2019-01-07 19:26:00";10
"2019-01-07 19:26:05";10
"2019-01-07 19:36:00";10
"2019-01-07 19:36:05";10
"2019-01-07 19:46:00";11
"2019-01-07 19:56:00";11
"2019-01-07 19:56:06";11
"2019-01-07 20:06:00";11
"2019-01-07 20:06:05";11
"2019-01-07 20:16:00";11
"2019-01-07 20:26:00";12
"2019-01-07 20:26:06";12
"2019-01-07 20:36:00";12
"2019-01-07 20:36:05";12
"2019-01-07 20:46:00";12
"2019-01-07 20:56:00";13
"2019-01-07 20:56:06";13
"2019-01-07 21:06:00";13
"2019-01-07 21:06:05";13
"2019-01-07 21:16:00";12
"2019-01-07 21:26:00";12
"2019-01-07 21:26:05";12
"2019-01-07 21:36:00";12
"2019-01-07 21:36:06";12
"2019-01-07 21:46:00";12
"2019-01-07 21:56:00";11
"2019-01-07 21:56:05";11
"2019-01-07 22:06:00";11
"2019-01-07 22:06:07";11
"2019-01-07 22:16:00";11
"2019-01-07 22:26:00";12
"2019-01-07 22:26:06";12
"2019-01-07 22:36:00";12
"2019-01-07 22:36:27";12
"2019-01-07 22:46:00";11
"2019-01-07 22:56:00";11
"2019-01-07 22:56:05";11
"2019-01-07 23:06:00";11
"2019-01-07 23:06:05";11
"2019-01-07 23:16:00";11
"2019-01-07 23:26:00";12
"2019-01-07 23:26:05";12
"2019-01-07 23:36:00";12
"2019-01-07 23:36:06";12
"2019-01-07 23:46:00";12
"2019-01-07 23:56:00";10
"2019-01-07 23:56:07";10
"2019-01-08 00:06:00";10
"2019-01-08 00:06:07";10
"2019-01-08 00:16:00";10
"2019-01-08 00:26:00";10
"2019-01-08 00:26:05";10
"2019-01-08 00:36:00";10
"2019-01-08 00:36:07";10
"2019-01-08 00:46:00";10
"2019-01-08 00:56:00";11
"2019-01-08 00:56:09";11
"2019-01-08 01:06:00";11
"2019-01-08 01:06:07";11
"2019-01-08 01:16:00";11
"2019-01-08 01:26:00";9
"2019-01-08 01:26:05";9
"2019-01-08 01:36:00";9
"2019-01-08 01:36:05";9
"2019-01-08 01:46:00";9
"2019-01-08 01:56:00";11
"2019-01-08 01:56:05";11
"2019-01-08 02:06:00";11
"2019-01-08 02:06:05";11
"2019-01-08 02:16:00";11
"2019-01-08 02:26:00";10
"2019-01-08 02:26:04";10
"2019-01-08 02:36:00";10
"2019-01-08 02:36:06";10
"2019-01-08 02:46:00";10
"2019-01-08 02:56:00";12
"2019-01-08 02:56:06";12
"2019-01-08 03:06:00";12
"2019-01-08 03:06:05";12
"2019-01-08 03:16:00";12
"2019-01-08 03:26:00";9
"2019-01-08 03:26:05";9
"2019-01-08 03:36:00";9
"2019-01-08 03:36:06";9
"2019-01-08 03:46:00";9
"2019-01-08 03:56:00";12
"2019-01-08 03:56:06";12
"2019-01-08 04:06:00";12
"2019-01-08 04:06:06";12
"2019-01-08 04:16:00";12
"2019-01-08 04:26:00";10
"2019-01-08 04:26:05";10
"2019-01-08 04:36:00";10
"2019-01-08 04:36:05";10
"2019-01-08 04:46:00";10
"2019-01-08 04:56:00";11
"2019-01-08 04:56:05";11
"2019-01-08 05:06:00";11
"2019-01-08 05:06:05";11
"2019-01-08 05:16:00";11
"2019-01-08 05:26:00";11
"2019-01-08 05:26:05";11
"2019-01-08 05:36:00";11
"2019-01-08 05:36:05";11
"2019-01-08 05:46:00";11
"2019-01-08 05:56:00";11
"2019-01-08 05:56:05";11
"2019-01-08 06:06:00";11
"2019-01-08 06:06:05";11
"2019-01-08 06:16:00";11
"2019-01-08 06:26:00";10
"2019-01-08 06:26:05";10
"2019-01-08 06:36:00";10
"2019-01-08 06:36:05";10
"2019-01-08 06:46:00";10
"2019-01-08 06:56:00";11
"2019-01-08 06:56:05";11
"2019-01-08 07:06:00";11
"2019-01-08 07:06:05";11
"2019-01-08 07:16:00";11
"2019-01-08 07:26:00";11
"2019-01-08 07:26:05";11
"2019-01-08 07:36:00";11
"2019-01-08 07:36:05";11
"2019-01-08 07:46:00";11
"2019-01-08 07:56:00";11
"2019-01-08 07:56:05";11
"2019-01-08 08:06:00";11
"2019-01-08 08:06:05";11
"2019-01-08 08:16:00";11
"2019-01-08 08:26:00";11
"2019-01-08 08:26:05";11
"2019-01-08 08:36:00";11
"2019-01-08 08:36:05";11
"2019-01-08 08:46:00";12
"2019-01-08 08:56:00";12
"2019-01-08 08:56:05";12
"2019-01-08 09:06:00";12
"2019-01-08 09:06:05";12
"2019-01-08 09:16:00";12
"2019-01-08 09:26:00";11
"2019-01-08 09:26:05";11
"2019-01-08 09:36:00";11
"2019-01-08 09:36:04";11
"2019-01-08 09:46:00";11
"2019-01-08 09:56:00";11
"2019-01-08 09:56:05";11
"2019-01-08 10:06:00";11
"2019-01-08 10:06:05";11
"2019-01-08 10:16:00";11
"2019-01-08 10:26:00";12
"2019-01-08 10:26:05";12
"2019-01-08 10:36:00";12
"2019-01-08 10:36:05";12
"2019-01-08 10:46:00";12
"2019-01-08 10:56:00";12
"2019-01-08 10:56:05";12
"2019-01-08 11:06:00";12
"2019-01-08 11:06:05";12
"2019-01-08 11:16:00";10
"2019-01-08 11:26:00";10
"2019-01-08 11:26:05";10
"2019-01-08 11:36:00";10
"2019-01-08 11:36:06";10
"2019-01-08 11:46:00";12
"2019-01-08 11:56:00";12
"2019-01-08 11:56:05";12
"2019-01-08 12:06:00";12
"2019-01-08 12:06:06";12
"2019-01-08 12:16:00";12
"2019-01-08 12:26:00";10
"2019-01-08 12:26:05";10
"2019-01-08 12:36:00";10
"2019-01-08 12:36:05";10
"2019-01-08 12:46:00";10
"2019-01-08 12:56:00";6
"2019-01-08 12:56:05";6
"2019-01-08 13:06:00";6
"2019-01-08 13:06:05";6
"2019-01-08 13:16:00";6
"2019-01-08 13:26:00";7
"2019-01-08 13:26:05";7
"2019-01-08 13:36:00";7
"2019-01-08 13:36:06";7
"2019-01-08 13:46:00";7
"2019-01-08 13:56:00";9
"2019-01-08 13:56:05";9
"2019-01-08 14:06:00";9
"2019-01-08 14:06:05";9
"2019-01-08 14:16:00";9
"2019-01-08 14:26:00";11
"2019-01-08 14:26:05";11
"2019-01-08 14:36:00";11
"2019-01-08 14:36:05";11
"2019-01-08 14:46:00";11
"2019-01-08 14:56:00";11
"2019-01-08 14:56:05";11
"2019-01-08 15:06:00";11
"2019-01-08 15:06:05";11
"2019-01-08 15:16:00";10
"2019-01-08 15:26:00";10
"2019-01-08 15:26:05";10
"2019-01-08 15:36:00";10
"2019-01-08 15:36:06";10
"2019-01-08 15:46:00";10
"2019-01-08 15:56:00";10
"2019-01-08 15:56:06";10
"2019-01-08 16:06:00";10
"2019-01-08 16:06:05";10
"2019-01-08 16:16:00";10
"2019-01-08 16:26:00";10
"2019-01-08 16:26:05";10
"2019-01-08 16:36:00";10
"2019-01-08 16:36:06";10
"2019-01-08 16:46:00";10
"2019-01-08 16:56:00";10
"2019-01-08 16:56:05";10
"2019-01-08 17:06:00";10
"2019-01-08 17:06:05";10
"2019-01-08 17:16:00";11
"2019-01-08 17:26:00";11
"2019-01-08 17:26:05";11
"2019-01-08 17:36:00";11
"2019-01-08 17:36:06";11
"2019-01-08 17:46:00";11
"2019-01-08 17:56:00";11
"2019-01-08 17:56:05";11
"2019-01-08 18:06:00";11
"2019-01-08 18:06:05";11
"2019-01-08 18:16:00";14
"2019-01-08 18:26:00";14
"2019-01-08 18:26:05";14
"2019-01-08 18:36:00";14
"2019-01-08 18:36:05";14
"2019-01-08 18:46:00";14
"2019-01-08 18:56:00";11
"2019-01-08 18:56:05";11
"2019-01-08 19:06:00";11
"2019-01-08 19:06:05";11
"2019-01-08 19:16:00";11
"2019-01-08 19:16:05";11
"2019-01-08 19:26:00";12
"2019-01-08 19:36:00";12
"2019-01-08 19:36:05";12
"2019-01-08 19:46:00";12
"2019-01-08 19:46:06";12
"2019-01-08 19:56:00";11
"2019-01-08 20:06:00";11
"2019-01-08 20:06:06";11
"2019-01-08 20:16:00";11
"2019-01-08 20:16:05";11
"2019-01-08 20:26:00";11
"2019-01-08 20:36:00";11
"2019-01-08 20:36:05";11
"2019-01-08 20:46:00";11
"2019-01-08 20:46:05";11
"2019-01-08 20:56:00";10
"2019-01-08 21:06:00";10
"2019-01-08 21:06:05";10
"2019-01-08 21:16:00";10
"2019-01-08 21:16:06";10
"2019-01-08 21:26:00";12
"2019-01-08 21:36:00";12
"2019-01-08 21:36:05";12
"2019-01-08 21:46:00";12
"2019-01-08 21:46:06";12
"2019-01-08 21:56:00";11
"2019-01-08 22:06:00";11
"2019-01-08 22:06:06";11
"2019-01-08 22:16:00";11
"2019-01-08 22:16:07";11
"2019-01-08 22:26:00";11
"2019-01-08 22:36:00";11
"2019-01-08 22:36:07";11
"2019-01-08 22:46:00";11
"2019-01-08 22:46:06";11
"2019-01-08 22:56:00";11
"2019-01-08 23:06:00";11
"2019-01-08 23:06:06";11
"2019-01-08 23:16:00";11
"2019-01-08 23:16:06";11
"2019-01-08 23:26:00";11
"2019-01-08 23:36:00";11
"2019-01-08 23:36:06";11
"2019-01-08 23:46:00";11
"2019-01-08 23:46:11";11
"2019-01-08 23:56:00";11
"2019-01-09 00:06:00";11
"2019-01-09 00:06:07";11
"2019-01-09 00:16:00";11
"2019-01-09 00:16:07";11
"2019-01-09 00:26:00";10
"2019-01-09 00:36:00";10
"2019-01-09 00:36:06";10
"2019-01-09 00:46:00";10
"2019-01-09 00:46:07";10
"2019-01-09 00:56:00";11
"2019-01-09 01:06:00";11
"2019-01-09 01:06:06";11
"2019-01-09 01:16:00";11
"2019-01-09 01:16:05";11
"2019-01-09 01:26:00";11
"2019-01-09 01:36:00";11
"2019-01-09 01:36:05";11
"2019-01-09 01:46:00";11
"2019-01-09 01:46:05";11
"2019-01-09 01:56:00";10
"2019-01-09 02:06:00";10
"2019-01-09 02:06:06";10
"2019-01-09 02:16:00";11
"2019-01-09 02:16:05";11
"2019-01-09 02:26:00";11
"2019-01-09 02:36:00";11
"2019-01-09 02:36:05";11
"2019-01-09 02:46:00";11
"2019-01-09 02:46:05";11
"2019-01-09 02:56:00";9
"2019-01-09 03:06:00";9
"2019-01-09 03:06:05";9
"2019-01-09 03:16:00";10
"2019-01-09 03:16:05";10
"2019-01-09 03:26:00";10
"2019-01-09 03:36:00";10
"2019-01-09 03:36:05";10
"2019-01-09 03:46:00";10
"2019-01-09 03:46:05";10
"2019-01-09 03:56:00";10
"2019-01-09 04:06:00";10
"2019-01-09 04:06:05";10
"2019-01-09 04:16:00";10
"2019-01-09 04:16:05";10
"2019-01-09 04:26:00";10
"2019-01-09 04:36:00";10
"2019-01-09 04:36:05";10
"2019-01-09 04:46:00";10
"2019-01-09 04:46:05";10
"2019-01-09 04:56:00";11
"2019-01-09 05:06:00";11
"2019-01-09 05:06:05";11
"2019-01-09 05:16:00";11
"2019-01-09 05:16:05";11
"2019-01-09 05:26:00";10
"2019-01-09 05:36:00";10
"2019-01-09 05:36:05";10
"2019-01-09 05:46:00";10
"2019-01-09 05:46:05";10
"2019-01-09 05:56:00";11
"2019-01-09 06:06:00";11
"2019-01-09 06:06:04";11
"2019-01-09 06:16:00";11
"2019-01-09 06:16:05";11
"2019-01-09 06:26:00";11
"2019-01-09 06:36:00";11
"2019-01-09 06:36:05";11
"2019-01-09 06:46:00";11
"2019-01-09 06:46:05";11
"2019-01-09 06:56:00";12
"2019-01-09 07:06:00";12
"2019-01-09 07:06:05";12
"2019-01-09 07:16:00";12
"2019-01-09 07:16:05";12
"2019-01-09 07:26:00";12
"2019-01-09 07:36:00";10
"2019-01-09 07:36:05";10
"2019-01-09 07:46:00";10
"2019-01-09 07:46:05";10
"2019-01-09 07:56:00";10
"2019-01-09 08:06:00";10
"2019-01-09 08:06:05";10
"2019-01-09 08:16:00";10
"2019-01-09 08:16:05";10
"2019-01-09 08:26:00";10
"2019-01-09 08:36:00";10
"2019-01-09 08:36:05";10
"2019-01-09 08:46:00";11
"2019-01-09 08:46:05";11
"2019-01-09 08:56:00";11
"2019-01-09 09:06:00";11
"2019-01-09 09:06:05";11
"2019-01-09 09:16:00";11
"2019-01-09 09:16:06";11
"2019-01-09 09:26:00";10
"2019-01-09 09:36:00";10
"2019-01-09 09:36:05";10
"2019-01-09 09:46:00";10
"2019-01-09 09:46:06";10
"2019-01-09 09:56:00";10
"2019-01-09 10:06:00";10
"2019-01-09 10:06:05";10
"2019-01-09 10:16:00";11
"2019-01-09 10:16:06";11
"2019-01-09 10:26:00";11
"2019-01-09 10:36:00";11
"2019-01-09 10:36:05";11
"2019-01-09 10:46:00";10
"2019-01-09 10:46:05";10
"2019-01-09 10:56:00";10
"2019-01-09 11:06:00";10
"2019-01-09 11:06:05";10
"2019-01-09 11:16:00";10
"2019-01-09 11:16:05";10
"2019-01-09 11:26:00";9
"2019-01-09 11:36:00";9
"2019-01-09 11:36:05";9
"2019-01-09 11:46:00";9
"2019-01-09 11:46:06";9
"2019-01-09 11:56:00";9
"2019-01-09 12:06:00";9
"2019-01-09 12:06:06";9
"2019-01-09 12:16:00";7
"2019-01-09 12:16:05";7
"2019-01-09 12:26:00";7
"2019-01-09 12:36:00";7
"2019-01-09 12:36:05";7
"2019-01-09 12:46:00";7
"2019-01-09 12:46:05";7
"2019-01-09 12:56:00";7
"2019-01-09 13:06:00";7
"2019-01-09 13:06:05";7
"2019-01-09 13:16:00";7
"2019-01-09 13:16:05";7
"2019-01-09 13:26:00";6
"2019-01-09 13:36:00";6
"2019-01-09 13:36:05";6
"2019-01-09 13:46:00";6
"2019-01-09 13:46:05";6
"2019-01-09 13:56:00";8
"2019-01-09 14:06:00";8
"2019-01-09 14:06:05";8
"2019-01-09 14:16:00";8
"2019-01-09 14:16:05";8
"2019-01-09 14:26:00";8
"2019-01-09 14:36:00";8
"2019-01-09 14:36:06";8
"2019-01-09 14:46:00";8
"2019-01-09 14:46:06";8
"2019-01-09 14:56:00";10
"2019-01-09 15:06:00";10
"2019-01-09 15:06:05";10
"2019-01-09 15:16:00";10
"2019-01-09 15:16:08";10
"2019-01-09 15:26:00";10
"2019-01-09 15:36:00";10
"2019-01-09 15:36:05";10
"2019-01-09 15:46:00";10
"2019-01-09 15:46:05";10
"2019-01-09 15:56:00";10
"2019-01-09 16:06:00";10
"2019-01-09 16:06:05";10
"2019-01-09 16:16:00";11
"2019-01-09 16:16:06";11
"2019-01-09 16:26:00";11
"2019-01-09 16:36:00";9
"2019-01-09 16:36:05";9
"2019-01-09 16:46:00";9
"2019-01-09 16:46:05";9
"2019-01-09 16:56:00";11
"2019-01-09 17:06:00";11
"2019-01-09 17:06:06";11
"2019-01-09 17:16:00";11
"2019-01-09 17:16:05";11
"2019-01-09 17:26:00";10
"2019-01-09 17:36:00";10
"2019-01-09 17:36:05";10
"2019-01-09 17:46:00";10
"2019-01-09 17:46:05";10
"2019-01-09 17:56:00";8
"2019-01-09 18:06:00";8
"2019-01-09 18:06:06";8
"2019-01-09 18:16:00";10
"2019-01-09 18:16:06";10
"2019-01-09 18:26:00";10
"2019-01-09 18:36:00";10
"2019-01-09 18:36:05";10
"2019-01-09 18:46:00";10
"2019-01-09 18:46:06";10
"2019-01-09 18:56:00";9
"2019-01-09 19:06:00";9
"2019-01-09 19:06:06";9
"2019-01-09 19:16:00";9
"2019-01-09 19:16:05";9
"2019-01-09 19:26:00";10
"2019-01-09 19:26:05";10
"2019-01-09 19:36:00";10
"2019-01-09 19:46:00";10
"2019-01-09 19:46:05";10
"2019-01-09 19:56:00";10
"2019-01-09 19:56:05";10
"2019-01-09 20:06:00";10
"2019-01-09 20:06:06";10
"2019-01-09 20:16:00";10
"2019-01-09 20:26:00";10
"2019-01-09 20:26:06";10
"2019-01-09 20:36:00";10
"2019-01-09 20:36:05";10
"2019-01-09 20:46:00";10
"2019-01-09 20:56:00";9
"2019-01-09 20:56:05";9
"2019-01-09 21:06:00";9
"2019-01-09 21:06:05";9
"2019-01-09 21:16:00";9
"2019-01-09 21:26:00";10
"2019-01-09 21:26:06";10
"2019-01-09 21:36:00";10
"2019-01-09 21:36:06";10
"2019-01-09 21:46:00";10
"2019-01-09 21:56:00";9
"2019-01-09 21:56:05";9
"2019-01-09 22:06:00";9
"2019-01-09 22:06:09";9
"2019-01-09 22:16:00";9
"2019-01-09 22:26:00";9
"2019-01-09 22:26:06";9
"2019-01-09 22:36:00";9
"2019-01-09 22:36:06";9
"2019-01-09 22:46:00";9
"2019-01-09 22:56:00";9
"2019-01-09 22:56:06";9
"2019-01-09 23:06:00";9
"2019-01-09 23:06:05";9
"2019-01-09 23:16:00";9
"2019-01-09 23:26:00";9
"2019-01-09 23:26:06";9
"2019-01-09 23:36:00";9
"2019-01-09 23:36:06";9
"2019-01-09 23:46:00";9
"2019-01-09 23:56:00";10
"2019-01-09 23:56:08";10
"2019-01-10 00:06:00";10
"2019-01-10 00:06:08";10
"2019-01-10 00:16:00";10
"2019-01-10 00:26:00";8
"2019-01-10 00:26:05";8
"2019-01-10 00:36:00";8
"2019-01-10 00:36:06";8
"2019-01-10 00:46:00";8
"2019-01-10 00:56:00";9
"2019-01-10 00:56:05";9
"2019-01-10 01:06:00";9
"2019-01-10 01:06:05";9
"2019-01-10 01:16:00";9
"2019-01-10 01:26:00";8
"2019-01-10 01:26:05";8
"2019-01-10 01:36:00";8
"2019-01-10 01:36:05";8
"2019-01-10 01:46:00";8
"2019-01-10 01:56:00";9
"2019-01-10 01:56:06";9
"2019-01-10 02:06:00";9
"2019-01-10 02:06:06";9
"2019-01-10 02:16:00";9
"2019-01-10 02:26:00";9
"2019-01-10 02:26:05";9
"2019-01-10 02:36:00";9
"2019-01-10 02:36:04";9
"2019-01-10 02:46:00";9
"2019-01-10 02:56:00";9
"2019-01-10 02:56:05";9
"2019-01-10 03:06:00";9
"2019-01-10 03:06:05";9
"2019-01-10 03:16:00";9
"2019-01-10 03:26:00";10
"2019-01-10 03:26:05";10
"2019-01-10 03:36:00";10
"2019-01-10 03:36:05";10
"2019-01-10 03:46:00";10
"2019-01-10 03:56:00";9
"2019-01-10 03:56:05";9
"2019-01-10 04:06:00";9
"2019-01-10 04:06:05";9
"2019-01-10 04:16:00";9
"2019-01-10 04:26:00";8
"2019-01-10 04:26:05";8
"2019-01-10 04:36:00";8
"2019-01-10 04:36:06";8
"2019-01-10 04:46:00";8
"2019-01-10 04:56:00";8
"2019-01-10 04:56:05";8
"2019-01-10 05:06:00";8
"2019-01-10 05:06:05";8
"2019-01-10 05:16:00";8
"2019-01-10 05:26:00";8
"2019-01-10 05:26:05";8
"2019-01-10 05:36:00";7
"2019-01-10 05:36:05";7
"2019-01-10 05:46:00";7
"2019-01-10 05:56:00";8
"2019-01-10 05:56:05";8
"2019-01-10 06:06:00";8
"2019-01-10 06:06:05";8
"2019-01-10 06:16:00";8
"2019-01-10 06:26:00";8
"2019-01-10 06:26:05";8
"2019-01-10 06:36:00";8
"2019-01-10 06:36:04";8
"2019-01-10 06:46:00";8
"2019-01-10 06:56:00";9
"2019-01-10 06:56:05";9
"2019-01-10 07:06:00";9
"2019-01-10 07:06:05";9
"2019-01-10 07:16:00";9
"2019-01-10 07:26:00";7
"2019-01-10 07:26:05";7
"2019-01-10 07:36:00";7
"2019-01-10 07:36:05";7
"2019-01-10 07:46:00";7
"2019-01-10 07:56:00";8
"2019-01-10 07:56:05";8
"2019-01-10 08:06:00";8
"2019-01-10 08:06:05";8
"2019-01-10 08:16:00";8
"2019-01-10 08:26:00";7
"2019-01-10 08:26:05";7
"2019-01-10 08:36:00";7
"2019-01-10 08:36:05";7
"2019-01-10 08:46:00";7
"2019-01-10 08:56:00";8
"2019-01-10 08:56:05";8
"2019-01-10 09:06:00";8
"2019-01-10 09:06:05";8
"2019-01-10 09:16:00";8
"2019-01-10 09:26:00";10
"2019-01-10 09:26:05";10
"2019-01-10 09:36:00";10
"2019-01-10 09:36:05";10
"2019-01-10 09:46:00";8
"2019-01-10 09:56:00";8
"2019-01-10 09:56:05";8
"2019-01-10 10:06:00";8
"2019-01-10 10:06:05";8
"2019-01-10 10:16:00";9
"2019-01-10 10:26:00";9
"2019-01-10 10:26:05";9
"2019-01-10 10:36:00";9
"2019-01-10 10:36:05";9
"2019-01-10 10:46:00";7
"2019-01-10 10:56:00";7
"2019-01-10 10:56:05";7
"2019-01-10 11:06:00";7
"2019-01-10 11:06:05";7
"2019-01-10 11:16:00";7
"2019-01-10 11:26:00";6
"2019-01-10 11:26:06";6
"2019-01-10 11:36:00";6
"2019-01-10 11:36:05";6
"2019-01-10 11:46:00";6
"2019-01-10 11:56:00";3
"2019-01-10 11:56:05";3
"2019-01-10 12:06:00";3
"2019-01-10 12:06:05";3
"2019-01-10 12:16:00";3
"2019-01-10 12:26:00";3
"2019-01-10 12:26:05";3
"2019-01-10 12:36:00";3
"2019-01-10 12:36:05";3
"2019-01-10 12:46:00";3
"2019-01-10 12:56:00";5
"2019-01-10 12:56:05";5
"2019-01-10 13:06:00";5
"2019-01-10 13:06:04";5
"2019-01-10 13:16:00";5
"2019-01-10 13:26:00";3
"2019-01-10 13:26:05";3
"2019-01-10 13:36:00";3
"2019-01-10 13:36:05";3
"2019-01-10 13:46:00";3
"2019-01-10 13:56:00";6
"2019-01-10 13:56:05";6
"2019-01-10 14:06:00";6
"2019-01-10 14:06:05";6
"2019-01-10 14:16:00";6
"2019-01-10 14:26:00";8
"2019-01-10 14:26:05";8
"2019-01-10 14:36:00";8
"2019-01-10 14:36:05";8
"2019-01-10 14:46:00";8
"2019-01-10 14:56:00";7
"2019-01-10 14:56:05";7
"2019-01-10 15:06:00";7
"2019-01-10 15:06:07";7
"2019-01-10 15:16:00";7
"2019-01-10 15:26:00";6
"2019-01-10 15:26:05";6
"2019-01-10 15:36:00";6
"2019-01-10 15:36:05";6
"2019-01-10 15:46:00";6
"2019-01-10 15:56:00";6
"2019-01-10 15:56:05";6
"2019-01-10 16:06:00";6
"2019-01-10 16:06:05";6
"2019-01-10 16:16:00";6
"2019-01-10 16:26:00";6
"2019-01-10 16:26:05";6
"2019-01-10 16:36:00";6
"2019-01-10 16:36:05";6
"2019-01-10 16:46:00";6
"2019-01-10 16:56:00";8
"2019-01-10 16:56:05";8
"2019-01-10 17:06:00";8
"2019-01-10 17:06:05";8
"2019-01-10 17:16:00";8
"2019-01-10 17:26:00";7
"2019-01-10 17:26:05";7
"2019-01-10 17:36:00";7
"2019-01-10 17:36:07";7
"2019-01-10 17:46:00";7
"2019-01-10 17:56:00";7
"2019-01-10 17:56:05";7
"2019-01-10 18:06:00";7
"2019-01-10 18:06:05";7
"2019-01-10 18:16:00";7
"2019-01-10 18:26:00";9
"2019-01-10 18:26:06";9
"2019-01-10 18:36:00";9
"2019-01-10 18:36:06";9
"2019-01-10 18:46:00";9
"2019-01-10 18:56:00";8
"2019-01-10 18:56:05";8
"2019-01-10 19:06:00";8
"2019-01-10 19:06:05";8
"2019-01-10 19:16:00";8
"2019-01-10 19:26:00";9
"2019-01-10 19:26:05";9
"2019-01-10 19:36:00";9
"2019-01-10 19:36:05";9
"2019-01-10 19:46:00";9
"2019-01-10 19:56:00";9
"2019-01-10 19:56:05";9
"2019-01-10 20:06:00";9
"2019-01-10 20:06:05";9
"2019-01-10 20:16:00";9
"2019-01-10 20:26:00";9
"2019-01-10 20:26:05";9
"2019-01-10 20:36:00";9
"2019-01-10 20:36:05";9
"2019-01-10 20:46:00";9
"2019-01-10 20:56:00";9
"2019-01-10 20:56:05";9
"2019-01-10 21:06:00";9
"2019-01-10 21:06:05";9
"2019-01-10 21:16:00";9
"2019-01-10 21:26:00";9
"2019-01-10 21:26:05";9
"2019-01-10 21:36:00";9
"2019-01-10 21:36:05";9
"2019-01-10 21:46:00";9
"2019-01-10 21:56:00";9
"2019-01-10 21:56:05";9
"2019-01-10 22:06:00";9
"2019-01-10 22:06:07";9
"2019-01-10 22:16:00";9
"2019-01-10 22:26:00";9
"2019-01-10 22:26:07";9
"2019-01-10 22:36:00";9
"2019-01-10 22:36:06";9
"2019-01-10 22:46:00";9
"2019-01-10 22:56:00";8
"2019-01-10 22:56:06";8
"2019-01-10 23:06:00";8
"2019-01-10 23:06:06";8
"2019-01-10 23:16:00";8
"2019-01-10 23:26:00";8
"2019-01-10 23:26:05";8
"2019-01-10 23:36:00";8
"2019-01-10 23:36:06";8
"2019-01-10 23:46:00";8
"2019-01-10 23:56:00";8
"2019-01-10 23:56:07";8
"2019-01-11 00:06:00";8
"2019-01-11 00:06:06";8
"2019-01-11 00:16:00";8
"2019-01-11 00:26:00";8
"2019-01-11 00:26:05";8
"2019-01-11 00:36:00";8
"2019-01-11 00:36:06";8
"2019-01-11 00:46:00";8
"2019-01-11 00:56:00";8
"2019-01-11 00:56:06";8
"2019-01-11 01:06:00";8
"2019-01-11 01:06:05";8
"2019-01-11 01:16:00";8
"2019-01-11 01:26:00";8
"2019-01-11 01:26:05";8
"2019-01-11 01:36:00";8
"2019-01-11 01:36:05";8
"2019-01-11 01:46:00";8
"2019-01-11 01:56:00";7
"2019-01-11 01:56:05";7
"2019-01-11 02:06:00";7
"2019-01-11 02:06:05";7
"2019-01-11 02:16:00";7
"2019-01-11 02:26:00";8
"2019-01-11 02:26:05";8
"2019-01-11 02:36:00";8
"2019-01-11 02:36:05";8
"2019-01-11 02:46:00";8
"2019-01-11 02:56:00";7
"2019-01-11 02:56:05";7
"2019-01-11 03:06:00";7
"2019-01-11 03:06:05";7
"2019-01-11 03:16:00";7
"2019-01-11 03:26:00";6
"2019-01-11 03:26:05";6
"2019-01-11 03:36:00";6
"2019-01-11 03:36:05";6
"2019-01-11 03:46:00";6
"2019-01-11 03:56:00";7
"2019-01-11 03:56:06";7
"2019-01-11 04:06:00";7
"2019-01-11 04:06:07";7
"2019-01-11 04:16:00";7
"2019-01-11 04:26:00";7
"2019-01-11 04:26:05";7
"2019-01-11 04:36:00";7
"2019-01-11 04:36:05";7
"2019-01-11 04:46:00";7
"2019-01-11 04:56:00";7
"2019-01-11 04:56:05";7
"2019-01-11 05:06:00";7
"2019-01-11 05:06:05";7
"2019-01-11 05:16:00";7
"2019-01-11 05:26:00";7
"2019-01-11 05:26:05";7
"2019-01-11 05:36:00";7
"2019-01-11 05:36:05";7
"2019-01-11 05:46:00";7
"2019-01-11 05:56:00";6
"2019-01-11 05:56:05";6
"2019-01-11 06:06:00";6
"2019-01-11 06:06:06";6
"2019-01-11 06:16:00";6
"2019-01-11 06:26:00";7
"2019-01-11 06:26:05";7
"2019-01-11 06:36:00";7
"2019-01-11 06:36:05";7
"2019-01-11 06:46:00";6
"2019-01-11 06:56:00";6
"2019-01-11 06:56:05";6
"2019-01-11 07:06:00";6
"2019-01-11 07:06:06";6
"2019-01-11 07:16:00";6
"2019-01-11 07:26:00";6
"2019-01-11 07:26:05";6
"2019-01-11 07:36:00";6
"2019-01-11 07:36:05";6
"2019-01-11 07:46:00";6
"2019-01-11 07:56:00";5
"2019-01-11 07:56:05";5
"2019-01-11 08:06:00";5
"2019-01-11 08:06:05";5
"2019-01-11 08:16:00";5
"2019-01-11 08:26:00";5
"2019-01-11 08:26:05";5
"2019-01-11 08:36:00";5
"2019-01-11 08:36:05";5
"2019-01-11 08:46:00";5
"2019-01-11 08:56:00";5
"2019-01-11 08:56:05";5
"2019-01-11 09:06:00";5
"2019-01-11 09:06:06";5
"2019-01-11 09:16:00";5
"2019-01-11 09:26:00";6
"2019-01-11 09:26:05";6
"2019-01-11 09:36:00";6
"2019-01-11 09:36:05";6
"2019-01-11 09:46:00";6
"2019-01-11 09:56:00";5
"2019-01-11 09:56:05";5
"2019-01-11 10:06:00";5
"2019-01-11 10:06:05";5
"2019-01-11 10:16:00";5
"2019-01-11 10:26:00";5
"2019-01-11 10:26:05";5
"2019-01-11 10:36:00";8
"2019-01-11 10:36:05";8
"2019-01-11 10:46:00";8
"2019-01-11 10:56:00";6
"2019-01-11 10:56:05";6
"2019-01-11 11:06:00";6
"2019-01-11 11:06:06";6
"2019-01-11 11:16:00";6
"2019-01-11 11:26:00";6
"2019-01-11 11:26:05";6
"2019-01-11 11:36:00";3
"2019-01-11 11:36:06";3
"2019-01-11 11:46:00";3
"2019-01-11 11:56:00";4
"2019-01-11 11:56:06";4
"2019-01-11 12:06:00";4
"2019-01-11 12:06:05";4
"2019-01-11 12:16:00";4
"2019-01-11 12:26:00";4
"2019-01-11 12:26:06";4
"2019-01-11 12:36:00";4
"2019-01-11 12:36:05";4
"2019-01-11 12:46:00";4
"2019-01-11 12:56:00";4
"2019-01-11 12:56:05";4
"2019-01-11 13:06:00";4
"2019-01-11 13:06:05";4
"2019-01-11 13:16:00";4
"2019-01-11 13:26:00";6
"2019-01-11 13:26:05";6
"2019-01-11 13:36:00";6
"2019-01-11 13:36:05";6
"2019-01-11 13:46:00";6
"2019-01-11 13:56:00";6
"2019-01-11 13:56:05";6
"2019-01-11 14:06:00";6
"2019-01-11 14:06:05";6
"2019-01-11 14:16:00";6
"2019-01-11 14:26:00";6
"2019-01-11 14:26:06";6
"2019-01-11 14:36:00";6
"2019-01-11 14:36:05";6
"2019-01-11 14:46:00";7
"2019-01-11 14:56:00";7
"2019-01-11 14:56:06";7
"2019-01-11 15:06:00";7
"2019-01-11 15:06:05";7
"2019-01-11 15:16:00";7
"2019-01-11 15:26:00";6
"2019-01-11 15:26:05";6
"2019-01-11 15:36:00";6
"2019-01-11 15:36:05";6
"2019-01-11 15:46:00";6
"2019-01-11 15:56:00";6
"2019-01-11 15:56:05";6
"2019-01-11 16:06:00";6
"2019-01-11 16:06:05";6
"2019-01-11 16:16:00";6
"2019-01-11 16:26:00";8
"2019-01-11 16:26:06";8
"2019-01-11 16:36:00";8
"2019-01-11 16:36:05";8
"2019-01-11 16:46:00";8
"2019-01-11 16:56:00";8
"2019-01-11 16:56:05";8
"2019-01-11 17:06:00";8
"2019-01-11 17:06:05";8
"2019-01-11 17:16:00";8
"2019-01-11 17:26:00";8
"2019-01-11 17:26:05";8
"2019-01-11 17:36:00";8
"2019-01-11 17:36:05";8
"2019-01-11 17:46:00";8
"2019-01-11 17:56:00";10
"2019-01-11 17:56:05";10
"2019-01-11 18:06:00";10
"2019-01-11 18:06:06";10
"2019-01-11 18:16:00";10
"2019-01-11 18:26:00";11
"2019-01-11 18:26:05";11
"2019-01-11 18:36:00";11
"2019-01-11 18:36:05";11
"2019-01-11 18:46:00";11
"2019-01-11 18:56:00";11
"2019-01-11 18:56:06";11
"2019-01-11 19:06:00";11
"2019-01-11 19:06:05";11
"2019-01-11 19:16:00";11
"2019-01-11 19:26:00";12
"2019-01-11 19:26:05";12
"2019-01-11 19:36:00";12
"2019-01-11 19:36:05";12
"2019-01-11 19:46:00";12
"2019-01-11 19:56:00";11
"2019-01-11 19:56:05";11
"2019-01-11 20:06:00";11
"2019-01-11 20:06:05";11
"2019-01-11 20:16:00";11
"2019-01-11 20:26:00";11
"2019-01-11 20:26:06";11
"2019-01-11 20:36:00";11
"2019-01-11 20:36:05";11
"2019-01-11 20:46:00";11
"2019-01-11 20:56:00";10
"2019-01-11 20:56:05";10
"2019-01-11 21:06:00";10
"2019-01-11 21:06:05";10
"2019-01-11 21:16:00";10
"2019-01-11 21:26:00";11
"2019-01-11 21:26:06";11
"2019-01-11 21:36:00";11
"2019-01-11 21:36:05";11
"2019-01-11 21:46:00";11
"2019-01-11 21:56:00";10
"2019-01-11 21:56:05";10
"2019-01-11 22:06:00";10
"2019-01-11 22:06:09";10
"2019-01-11 22:16:00";10
"2019-01-11 22:26:00";10
"2019-01-11 22:26:07";10
"2019-01-11 22:36:00";10
"2019-01-11 22:36:07";10
"2019-01-11 22:46:00";10
"2019-01-11 22:56:00";10
"2019-01-11 22:56:07";10
"2019-01-11 23:06:00";10
"2019-01-11 23:06:05";10
"2019-01-11 23:16:00";10
"2019-01-11 23:26:00";11
"2019-01-11 23:26:05";11
"2019-01-11 23:36:00";11
"2019-01-11 23:36:06";11
"2019-01-11 23:46:00";11
"2019-01-11 23:56:00";9
"2019-01-11 23:56:08";9
"2019-01-12 00:06:00";9
"2019-01-12 00:06:07";9
"2019-01-12 00:16:00";9
"2019-01-12 00:26:00";9
"2019-01-12 00:26:05";9
"2019-01-12 00:36:00";9
"2019-01-12 00:36:05";9
"2019-01-12 00:46:00";9
"2019-01-12 00:56:00";10
"2019-01-12 00:56:08";10
"2019-01-12 01:06:00";10
"2019-01-12 01:06:05";10
"2019-01-12 01:16:00";10
"2019-01-12 01:26:00";10
"2019-01-12 01:26:05";10
"2019-01-12 01:36:00";10
"2019-01-12 01:36:05";10
"2019-01-12 01:46:00";10
"2019-01-12 01:56:00";10
"2019-01-12 01:56:05";10
"2019-01-12 02:06:00";10
"2019-01-12 02:06:05";10
"2019-01-12 02:16:00";10
"2019-01-12 02:26:00";11
"2019-01-12 02:26:05";11
"2019-01-12 02:36:00";11
"2019-01-12 02:36:05";11
"2019-01-12 02:46:00";11
"2019-01-12 02:56:00";8
"2019-01-12 02:56:05";8
"2019-01-12 03:06:00";8
"2019-01-12 03:06:05";8
"2019-01-12 03:16:00";8
"2019-01-12 03:26:00";8
"2019-01-12 03:26:05";8
"2019-01-12 03:36:00";8
"2019-01-12 03:36:06";8
"2019-01-12 03:46:00";8
"2019-01-12 03:56:00";9
"2019-01-12 03:56:05";9
"2019-01-12 04:06:00";9
"2019-01-12 04:06:07";9
"2019-01-12 04:16:00";9
"2019-01-12 04:26:00";8
"2019-01-12 04:26:05";8
"2019-01-12 04:36:00";8
"2019-01-12 04:36:05";8
"2019-01-12 04:46:00";8
"2019-01-12 04:56:00";9
"2019-01-12 04:56:05";9
"2019-01-12 05:06:00";9
"2019-01-12 05:06:05";9
"2019-01-12 05:16:00";9
"2019-01-12 05:26:00";9
"2019-01-12 05:26:05";9
"2019-01-12 05:36:00";9
"2019-01-12 05:36:05";9
"2019-01-12 05:46:00";9
"2019-01-12 05:56:00";9
"2019-01-12 05:56:05";9
"2019-01-12 06:06:00";9
"2019-01-12 06:06:05";9
"2019-01-12 06:16:00";9
"2019-01-12 06:26:00";8
"2019-01-12 06:26:06";8
"2019-01-12 06:36:00";8
"2019-01-12 06:36:05";8
"2019-01-12 06:46:00";8
"2019-01-12 06:56:00";10
"2019-01-12 06:56:05";10
"2019-01-12 07:06:00";10
"2019-01-12 07:06:05";10
"2019-01-12 07:16:00";10
"2019-01-12 07:26:00";9
"2019-01-12 07:26:05";9
"2019-01-12 07:36:00";9
"2019-01-12 07:36:05";9
"2019-01-12 07:46:00";9
"2019-01-12 07:56:00";9
"2019-01-12 07:56:05";9
"2019-01-12 08:06:00";9
"2019-01-12 08:06:04";9
"2019-01-12 08:16:00";9
"2019-01-12 08:26:00";9
"2019-01-12 08:26:04";9
"2019-01-12 08:36:00";9
"2019-01-12 08:36:05";9
"2019-01-12 08:46:00";9
"2019-01-12 08:56:00";9
"2019-01-12 08:56:05";9
"2019-01-12 09:06:00";9
"2019-01-12 09:06:05";9
"2019-01-12 09:16:00";9
"2019-01-12 09:26:00";10
"2019-01-12 09:26:05";10
"2019-01-12 09:36:00";10
"2019-01-12 09:36:05";10
"2019-01-12 09:46:00";10
"2019-01-12 09:56:00";9
"2019-01-12 09:56:05";9
"2019-01-12 10:06:00";9
"2019-01-12 10:06:05";9
"2019-01-12 10:16:00";9
"2019-01-12 10:26:00";9
"2019-01-12 10:26:06";9
"2019-01-12 10:36:00";9
"2019-01-12 10:36:05";9
"2019-01-12 10:46:00";10
"2019-01-12 10:56:00";10
"2019-01-12 10:56:05";10
"2019-01-12 11:06:00";10
"2019-01-12 11:06:05";10
"2019-01-12 11:16:00";10
"2019-01-12 11:26:00";10
"2019-01-12 11:26:05";10
"2019-01-12 11:36:00";9
"2019-01-12 11:36:05";9
"2019-01-12 11:46:00";9
"2019-01-12 11:56:00";10
"2019-01-12 11:56:05";10
"2019-01-12 12:06:00";10
"2019-01-12 12:06:06";10
"2019-01-12 12:16:00";10
"2019-01-12 12:26:00";6
"2019-01-12 12:26:05";6
"2019-01-12 12:36:00";6
"2019-01-12 12:36:05";6
"2019-01-12 12:46:00";6
"2019-01-12 12:56:00";4
"2019-01-12 12:56:06";4
"2019-01-12 13:06:00";4
"2019-01-12 13:06:05";4
"2019-01-12 13:16:00";4
"2019-01-12 13:26:00";2
"2019-01-12 13:26:05";2
"2019-01-12 13:36:00";2
"2019-01-12 13:36:05";2
"2019-01-12 13:46:00";2
"2019-01-12 13:56:00";3
"2019-01-12 13:56:05";3
"2019-01-12 14:06:00";3
"2019-01-12 14:06:05";3
"2019-01-12 14:16:00";3
"2019-01-12 14:26:00";6
"2019-01-12 14:26:05";6
"2019-01-12 14:36:00";6
"2019-01-12 14:36:06";6
"2019-01-12 14:46:00";6
"2019-01-12 14:56:00";8
"2019-01-12 14:56:06";8
"2019-01-12 15:06:00";8
"2019-01-12 15:06:05";8
"2019-01-12 15:16:00";8
"2019-01-12 15:26:00";9
"2019-01-12 15:26:05";9
"2019-01-12 15:36:00";9
"2019-01-12 15:36:05";9
"2019-01-12 15:46:00";9
"2019-01-12 15:56:00";10
"2019-01-12 15:56:05";10
"2019-01-12 16:06:00";10
"2019-01-12 16:06:05";10
"2019-01-12 16:16:00";10
"2019-01-12 16:26:00";11
"2019-01-12 16:26:05";11
"2019-01-12 16:36:00";11
"2019-01-12 16:36:05";11
"2019-01-12 16:46:00";11
"2019-01-12 16:56:00";11
"2019-01-12 16:56:05";11
"2019-01-12 17:06:00";11
"2019-01-12 17:06:05";11
"2019-01-12 17:16:00";11
"2019-01-12 17:26:00";10
"2019-01-12 17:26:05";10
"2019-01-12 17:36:00";10
"2019-01-12 17:36:05";10
"2019-01-12 17:46:00";10
"2019-01-12 17:56:00";10
"2019-01-12 17:56:05";10
"2019-01-12 18:06:00";10
"2019-01-12 18:06:05";10
"2019-01-12 18:16:00";10
"2019-01-12 18:26:00";12
"2019-01-12 18:26:05";12
"2019-01-12 18:36:00";12
"2019-01-12 18:36:06";12
"2019-01-12 18:46:00";12
"2019-01-12 18:56:00";12
"2019-01-12 18:56:06";12
"2019-01-12 19:06:00";12
"2019-01-12 19:06:05";12
"2019-01-12 19:16:00";12
"2019-01-12 19:26:00";11
"2019-01-12 19:26:05";11
"2019-01-12 19:36:00";11
"2019-01-12 19:36:05";11
"2019-01-12 19:46:00";11
"2019-01-12 19:56:00";12
"2019-01-12 19:56:05";12
"2019-01-12 20:06:00";12
"2019-01-12 20:06:05";12
"2019-01-12 20:16:00";12
"2019-01-12 20:26:00";10
"2019-01-12 20:26:05";10
"2019-01-12 20:36:00";10
"2019-01-12 20:36:06";10
"2019-01-12 20:46:00";10
"2019-01-12 20:56:00";11
"2019-01-12 20:56:05";11
"2019-01-12 21:06:00";11
"2019-01-12 21:06:05";11
"2019-01-12 21:16:00";11
"2019-01-12 21:26:00";10
"2019-01-12 21:26:06";10
"2019-01-12 21:36:00";10
"2019-01-12 21:36:06";10
"2019-01-12 21:46:00";10
"2019-01-12 21:56:00";11
"2019-01-12 21:56:05";11
"2019-01-12 22:06:00";11
"2019-01-12 22:06:07";11
"2019-01-12 22:16:00";11
"2019-01-12 22:26:00";10
"2019-01-12 22:26:07";10
"2019-01-12 22:36:00";10
"2019-01-12 22:36:06";10
"2019-01-12 22:46:00";10
"2019-01-12 22:56:00";10
"2019-01-12 22:56:06";10
"2019-01-12 23:06:00";10
"2019-01-12 23:06:05";10
"2019-01-12 23:16:00";10
"2019-01-12 23:26:00";9
"2019-01-12 23:26:05";9
"2019-01-13 00:46:00";10
"2019-01-13 00:46:08";10
"2019-01-13 00:56:00";10
"2019-01-13 00:56:05";10
"2019-01-13 01:06:00";10
"2019-01-13 01:06:05";10
"2019-01-13 01:16:00";10
"2019-01-13 01:26:00";11
"2019-01-13 01:26:05";11
"2019-01-13 01:36:00";11
"2019-01-13 01:36:05";11
"2019-01-13 01:46:00";11
"2019-01-13 01:56:00";9
"2019-01-13 01:56:05";9
"2019-01-13 02:06:00";9
"2019-01-13 02:06:06";9
"2019-01-13 02:16:00";9
"2019-01-13 02:26:00";10
"2019-01-13 02:26:04";10
"2019-01-13 02:36:00";10
"2019-01-13 02:36:05";10
"2019-01-13 02:46:00";9
"2019-01-13 02:56:00";9
"2019-01-13 02:56:05";9
"2019-01-13 03:06:00";9
"2019-01-13 03:06:07";9
"2019-01-13 03:16:00";9
"2019-01-13 03:26:00";11
"2019-01-13 03:26:05";11
"2019-01-13 03:36:00";11
"2019-01-13 03:36:05";11
"2019-01-13 03:46:00";11
"2019-01-13 03:56:00";8
"2019-01-13 03:56:05";8
"2019-01-13 04:06:00";8
"2019-01-13 04:06:05";8
"2019-01-13 04:16:00";8
"2019-01-13 04:26:00";10
"2019-01-13 04:26:06";10
"2019-01-13 04:36:00";10
"2019-01-13 04:36:05";10
"2019-01-13 04:46:00";10
"2019-01-13 04:56:00";11
"2019-01-13 04:56:05";11
"2019-01-13 05:06:00";11
"2019-01-13 05:06:05";11
"2019-01-13 05:16:00";11
"2019-01-13 05:26:00";11
"2019-01-13 05:26:04";11
"2019-01-13 05:36:00";11
"2019-01-13 05:36:05";11
"2019-01-13 05:46:00";11
"2019-01-13 05:56:00";8
"2019-01-13 05:56:05";8
"2019-01-13 06:06:00";8
"2019-01-13 06:06:06";8
"2019-01-13 06:16:00";8
"2019-01-13 06:26:00";12
"2019-01-13 06:26:05";12
"2019-01-13 06:36:00";12
"2019-01-13 06:36:05";12
"2019-01-13 06:46:00";12
"2019-01-13 06:56:00";11
"2019-01-13 06:56:05";11
"2019-01-13 07:06:00";11
"2019-01-13 07:06:05";11
"2019-01-13 07:16:00";11
"2019-01-13 07:16:05";11
"2019-01-13 07:26:00";10
"2019-01-13 07:26:06";10
"2019-01-13 07:36:00";10
"2019-01-13 07:36:05";10
"2019-01-13 07:46:00";10
"2019-01-13 07:46:06";10
"2019-01-13 07:56:00";11
"2019-01-13 08:06:00";11
"2019-01-13 08:06:05";11
"2019-01-13 08:16:00";11
"2019-01-13 08:16:05";11
"2019-01-13 08:26:00";9
"2019-01-13 08:26:06";9
"2019-01-13 08:36:00";9
"2019-01-13 08:36:05";9
"2019-01-13 08:46:00";9
"2019-01-13 08:46:05";9
"2019-01-13 08:56:00";10
"2019-01-13 09:06:00";10
"2019-01-13 09:06:05";10
"2019-01-13 09:16:00";10
"2019-01-13 09:16:05";10
"2019-01-13 09:26:00";9
"2019-01-13 09:26:05";9
"2019-01-13 09:36:00";9
"2019-01-13 09:36:06";9
"2019-01-13 09:46:00";9
"2019-01-13 09:46:05";9
"2019-01-13 09:56:00";10
"2019-01-13 09:56:05";10
"2019-01-13 10:06:00";10
"2019-01-13 10:16:00";10
"2019-01-13 10:16:05";10
"2019-01-13 10:26:00";10
"2019-01-13 10:36:00";10
"2019-01-13 10:36:06";10
"2019-01-13 10:46:00";10
"2019-01-13 10:46:06";10
"2019-01-13 10:56:00";9
"2019-01-13 10:56:05";9
"2019-01-13 11:06:00";9
"2019-01-13 11:16:00";9
"2019-01-13 11:16:05";9
"2019-01-13 11:26:00";8
"2019-01-13 11:36:00";8
"2019-01-13 11:36:05";8
"2019-01-13 11:46:00";8
"2019-01-13 11:46:06";8
"2019-01-13 11:56:00";8
"2019-01-13 11:56:05";8
"2019-01-13 12:06:00";8
"2019-01-13 12:06:05";8
"2019-01-13 12:16:00";8
"2019-01-13 12:16:05";8
"2019-01-13 12:26:00";2
"2019-01-13 12:26:05";2
"2019-01-13 12:36:00";2
"2019-01-13 12:36:05";2
"2019-01-13 12:46:00";5
"2019-01-13 12:46:05";5
"2019-01-13 12:56:00";5
"2019-01-13 13:06:00";5
"2019-01-13 13:06:05";5
"2019-01-13 13:16:00";5
"2019-01-13 13:16:05";5
"2019-01-13 13:26:00";4
"2019-01-13 13:26:05";4
"2019-01-13 13:36:00";4
"2019-01-13 13:36:05";4
"2019-01-13 13:46:00";4
"2019-01-13 13:56:00";9
"2019-01-13 13:56:06";9
"2019-01-13 14:06:00";9
"2019-01-13 14:06:05";9
"2019-01-13 14:16:00";9
"2019-01-13 14:26:00";10
"2019-01-13 14:26:05";10
"2019-01-13 14:36:00";10
"2019-01-13 14:36:05";10
"2019-01-13 14:46:00";10
"2019-01-13 14:56:00";7
"2019-01-13 14:56:05";7
"2019-01-13 15:06:00";7
"2019-01-13 15:06:05";7
"2019-01-13 15:16:00";7
"2019-01-13 15:26:00";8
"2019-01-13 15:26:05";8
"2019-01-13 15:36:00";8
"2019-01-13 15:36:06";8
"2019-01-13 15:46:00";8
"2019-01-13 15:56:00";9
"2019-01-13 15:56:05";9
"2019-01-13 16:06:00";9
"2019-01-13 16:06:05";9
"2019-01-13 16:16:00";9
"2019-01-13 16:26:00";8
"2019-01-13 16:26:05";8
"2019-01-13 16:36:00";8
"2019-01-13 16:36:05";8
"2019-01-13 16:46:00";8
"2019-01-13 16:56:00";7
"2019-01-13 16:56:05";7
"2019-01-13 17:06:00";7
"2019-01-13 17:06:05";7
"2019-01-13 17:16:00";7
"2019-01-13 17:26:00";10
"2019-01-13 17:26:07";10
"2019-01-13 17:36:00";10
"2019-01-13 17:36:05";10
"2019-01-13 17:46:00";10
"2019-01-13 17:56:00";7
"2019-01-13 17:56:06";7
"2019-01-13 18:06:00";7
"2019-01-13 18:06:05";7
"2019-01-13 18:16:00";7
"2019-01-13 18:26:00";8
"2019-01-13 18:26:05";8
"2019-01-13 18:36:00";8
"2019-01-13 18:36:05";8
"2019-01-13 18:46:00";8
"2019-01-13 18:56:00";10
"2019-01-13 18:56:05";10
"2019-01-13 19:06:00";10
"2019-01-13 19:06:05";10
"2019-01-13 19:16:00";10
"2019-01-13 19:26:00";11
"2019-01-13 19:26:05";11
"2019-01-13 19:36:00";11
"2019-01-13 19:36:05";11
"2019-01-13 19:46:00";11
"2019-01-13 19:56:00";12
"2019-01-13 19:56:05";12
"2019-01-13 20:06:00";12
"2019-01-13 20:06:06";12
"2019-01-13 20:16:00";12
"2019-01-13 20:26:00";10
"2019-01-13 20:26:05";10
"2019-01-13 20:36:00";10
"2019-01-13 20:36:06";10
"2019-01-13 20:46:00";10
"2019-01-13 20:56:00";11
"2019-01-13 20:56:06";11
"2019-01-13 21:06:00";11
"2019-01-13 21:06:05";11
"2019-01-13 21:16:00";11
"2019-01-13 21:26:00";11
"2019-01-13 21:26:05";11
"2019-01-13 21:36:00";11
"2019-01-13 21:36:05";11
"2019-01-13 21:46:00";11
"2019-01-13 21:56:00";12
"2019-01-13 21:56:05";12
"2019-01-13 22:06:00";12
"2019-01-13 22:06:08";12
"2019-01-13 22:16:00";12
"2019-01-13 22:26:00";14
"2019-01-13 22:26:06";14
"2019-01-13 22:36:00";14
"2019-01-13 22:36:07";14
"2019-01-13 22:46:00";14
"2019-01-13 22:56:00";10
"2019-01-13 22:56:06";10
"2019-01-13 23:06:00";10
"2019-01-13 23:06:05";10
"2019-01-13 23:16:00";10
"2019-01-13 23:26:00";8
"2019-01-13 23:26:05";8
"2019-01-13 23:36:00";8
"2019-01-13 23:36:07";8
"2019-01-13 23:46:00";8
"2019-01-13 23:56:00";7
"2019-01-13 23:56:06";7
"2019-01-14 00:06:00";7
"2019-01-14 00:06:05";7
"2019-01-14 00:16:00";7
"2019-01-14 00:26:00";13
"2019-01-14 00:26:06";13
"2019-01-14 00:36:00";13
"2019-01-14 00:36:07";13
"2019-01-14 00:46:00";13
"2019-01-14 00:56:00";11
"2019-01-14 00:56:06";11
"2019-01-14 01:06:00";11
"2019-01-14 01:06:05";11
"2019-01-14 01:16:00";11
"2019-01-14 01:26:00";11
"2019-01-14 01:26:07";11
"2019-01-14 01:36:00";11
"2019-01-14 01:36:05";11
"2019-01-14 01:46:00";11
"2019-01-14 01:56:00";10
"2019-01-14 01:56:05";10
"2019-01-14 02:06:00";10
"2019-01-14 02:06:06";10
"2019-01-14 02:16:00";10
"2019-01-14 02:26:00";11
"2019-01-14 02:26:05";11
"2019-01-14 02:36:00";11
"2019-01-14 02:36:05";11
"2019-01-14 02:46:00";11
"2019-01-14 02:56:00";11
"2019-01-14 02:56:05";11
"2019-01-14 03:06:00";11
"2019-01-14 03:06:05";11
"2019-01-14 03:16:00";11
"2019-01-14 03:26:00";11
"2019-01-14 03:26:05";11
"2019-01-14 03:36:00";11
"2019-01-14 03:36:07";11
"2019-01-14 03:46:00";11
"2019-01-14 03:56:00";11
"2019-01-14 03:56:06";11
"2019-01-14 04:06:00";11
"2019-01-14 04:06:05";11
"2019-01-14 04:16:00";11
"2019-01-14 04:26:00";10
"2019-01-14 04:26:05";10
"2019-01-14 04:36:00";10
"2019-01-14 04:36:06";10
"2019-01-14 04:46:00";10
"2019-01-14 04:56:00";11
"2019-01-14 04:56:05";11
"2019-01-14 05:06:00";11
"2019-01-14 05:06:05";11
"2019-01-14 05:16:00";11
"2019-01-14 05:26:00";13
"2019-01-14 05:26:05";13
"2019-01-14 05:36:00";13
"2019-01-14 05:36:05";13
"2019-01-14 05:46:00";13
"2019-01-14 05:56:00";11
"2019-01-14 05:56:05";11
"2019-01-14 06:06:00";11
"2019-01-14 06:06:05";11
"2019-01-14 06:16:00";11
"2019-01-14 06:26:00";9
"2019-01-14 06:26:05";9
"2019-01-14 06:36:00";9
"2019-01-14 06:46:00";9
"2019-01-14 06:46:05";9
"2019-01-14 06:56:00";12
"2019-01-14 07:06:00";12
"2019-01-14 07:06:05";12
"2019-01-14 07:16:00";12
"2019-01-14 07:26:00";10
"2019-01-14 07:26:05";10
"2019-01-14 07:36:00";10
"2019-01-14 07:46:00";10
"2019-01-14 07:46:06";10
"2019-01-14 07:56:00";11
"2019-01-14 07:56:06";11
"2019-01-14 08:06:00";11
"2019-01-14 08:16:00";11
"2019-01-14 08:16:05";11
"2019-01-14 08:26:00";12
"2019-01-14 08:26:05";12
"2019-01-14 08:36:00";12
"2019-01-14 08:46:00";12
"2019-01-14 08:46:06";12
"2019-01-14 08:56:00";11
"2019-01-14 08:56:05";11
"2019-01-14 09:06:00";11
"2019-01-14 09:16:00";11
"2019-01-14 09:16:06";11
"2019-01-14 09:26:00";10
"2019-01-14 09:26:05";10
"2019-01-14 09:36:00";10
"2019-01-14 09:46:00";10
"2019-01-14 09:46:06";10
"2019-01-14 09:56:00";13
"2019-01-14 09:56:05";13
"2019-01-14 10:06:00";13
"2019-01-14 10:16:00";13
"2019-01-14 10:16:06";13
"2019-01-14 10:26:00";11
"2019-01-14 10:26:05";11
"2019-01-14 10:36:00";11
"2019-01-14 10:46:00";11
"2019-01-14 10:46:06";11
"2019-01-14 10:56:00";11
"2019-01-14 10:56:05";11
"2019-01-14 11:06:00";11
"2019-01-14 11:16:00";11
"2019-01-14 11:16:05";11
"2019-01-14 11:26:00";7
"2019-01-14 11:26:05";7
"2019-01-14 11:36:00";7
"2019-01-14 11:46:00";7
"2019-01-14 11:46:05";7
"2019-01-14 11:56:00";7
"2019-01-14 11:56:05";7
"2019-01-14 12:06:00";8
"2019-01-14 12:16:00";8
"2019-01-14 12:16:05";8
"2019-01-14 12:26:00";8
"2019-01-14 12:26:05";8
"2019-01-14 12:36:00";6
"2019-01-14 12:46:00";6
"2019-01-14 12:46:05";6
"2019-01-14 12:56:00";6
"2019-01-14 12:56:05";6
"2019-01-14 13:06:00";6
"2019-01-14 13:16:00";6
"2019-01-14 13:16:05";6
"2019-01-14 13:26:00";5
"2019-01-14 13:26:05";5
"2019-01-14 13:36:00";5
"2019-01-14 13:46:00";5
"2019-01-14 13:46:05";5
"2019-01-14 13:56:00";4
"2019-01-14 13:56:05";4
"2019-01-14 14:06:00";4
"2019-01-14 14:16:00";4
"2019-01-14 14:16:05";4
"2019-01-14 14:26:00";7
"2019-01-14 14:26:07";7
"2019-01-14 14:36:00";7
"2019-01-14 14:46:00";7
"2019-01-14 14:46:06";7
"2019-01-14 14:56:00";11
"2019-01-14 14:56:05";11
"2019-01-14 15:06:00";11
"2019-01-14 15:16:00";11
"2019-01-14 15:16:06";11
"2019-01-14 15:26:00";12
"2019-01-14 15:26:05";12
"2019-01-14 15:36:00";12
"2019-01-14 15:46:00";12
"2019-01-14 15:46:05";12
"2019-01-14 15:56:00";10
"2019-01-14 15:56:05";10
"2019-01-14 16:06:00";10
"2019-01-14 16:16:00";13
"2019-01-14 16:16:05";13
"2019-01-14 16:26:00";13
"2019-01-14 16:26:05";13
"2019-01-14 16:36:00";13
"2019-01-14 16:46:00";13
"2019-01-14 16:46:05";13
"2019-01-14 16:56:00";5
"2019-01-14 16:56:05";5
"2019-01-14 17:06:00";5
"2019-01-14 17:16:00";5
"2019-01-14 17:16:05";5
"2019-01-14 17:26:00";9
"2019-01-14 17:26:06";9
"2019-01-14 17:36:00";9
"2019-01-14 17:46:00";9
"2019-01-14 17:46:05";9
"2019-01-14 17:56:00";8
"2019-01-14 17:56:06";8
"2019-01-14 18:06:00";8
"2019-01-14 18:16:00";8
"2019-01-14 18:16:06";8
"2019-01-14 18:26:00";8
"2019-01-14 18:26:06";8
"2019-01-14 18:36:00";8
"2019-01-14 18:46:00";8
"2019-01-14 18:46:05";8
"2019-01-14 18:56:00";7
"2019-01-14 18:56:05";7
"2019-01-14 19:06:00";7
"2019-01-14 19:16:00";7
"2019-01-14 19:16:05";7
"2019-01-14 19:26:00";9
"2019-01-14 19:26:05";9
"2019-01-14 19:36:00";9
"2019-01-14 19:46:00";9
"2019-01-14 19:46:05";9
"2019-01-14 19:56:00";9
"2019-01-14 19:56:05";9
"2019-01-14 20:06:00";9
"2019-01-14 20:16:00";9
"2019-01-14 20:16:05";9
"2019-01-14 20:26:00";6
"2019-01-14 20:26:06";6
"2019-01-14 20:36:00";6
"2019-01-14 20:46:00";6
"2019-01-14 20:46:05";6
"2019-01-14 20:56:00";10
"2019-01-14 20:56:05";10
"2019-01-14 21:06:00";10
"2019-01-14 21:16:00";10
"2019-01-14 21:16:05";10
"2019-01-14 21:26:00";10
"2019-01-14 21:26:05";10
"2019-01-14 21:36:00";10
"2019-01-14 21:46:00";10
"2019-01-14 21:46:06";10
"2019-01-14 21:56:00";13
"2019-01-14 21:56:05";13
"2019-01-14 22:06:00";13
"2019-01-14 22:16:00";13
"2019-01-14 22:16:08";13
"2019-01-14 22:26:00";7
"2019-01-14 22:26:06";7
"2019-01-14 22:36:00";7
"2019-01-14 22:46:00";7
"2019-01-14 22:46:05";7
"2019-01-14 22:56:00";8
"2019-01-14 22:56:05";8
"2019-01-14 23:06:00";8
"2019-01-14 23:16:00";8
"2019-01-14 23:16:06";8
"2019-01-14 23:26:00";10
"2019-01-14 23:26:06";10
"2019-01-14 23:36:00";10
"2019-01-14 23:46:00";10
"2019-01-14 23:46:08";10
"2019-01-14 23:56:00";7
"2019-01-14 23:56:07";7
"2019-01-15 00:06:00";7
"2019-01-15 00:16:00";7
"2019-01-15 00:16:06";7
"2019-01-15 00:26:00";10
"2019-01-15 00:26:06";10
"2019-01-15 00:36:00";10
"2019-01-15 00:46:00";10
"2019-01-15 00:46:06";10
"2019-01-15 00:56:00";9
"2019-01-15 00:56:07";9
"2019-01-15 01:06:00";9
"2019-01-15 01:16:00";9
"2019-01-15 01:16:05";9
"2019-01-15 01:26:00";8
"2019-01-15 01:26:05";8
"2019-01-15 01:36:00";8
"2019-01-15 01:46:00";8
"2019-01-15 01:46:06";8
"2019-01-15 01:56:00";9
"2019-01-15 01:56:05";9
"2019-01-15 02:06:00";9
"2019-01-15 02:16:00";9
"2019-01-15 02:16:06";9
"2019-01-15 02:26:00";10
"2019-01-15 02:26:05";10
"2019-01-15 02:36:00";10
"2019-01-15 02:46:00";10
"2019-01-15 02:46:05";10
"2019-01-15 02:56:00";9
"2019-01-15 02:56:06";9
"2019-01-15 03:06:00";9
"2019-01-15 03:16:00";9
"2019-01-15 03:16:06";9
"2019-01-15 03:26:00";8
"2019-01-15 03:26:05";8
"2019-01-15 03:36:00";8
"2019-01-15 03:46:00";8
"2019-01-15 03:46:05";8
"2019-01-15 03:56:00";9
"2019-01-15 03:56:06";9
"2019-01-15 04:06:00";9
"2019-01-15 04:16:00";9
"2019-01-15 04:16:06";9
"2019-01-15 04:26:00";8
"2019-01-15 04:26:05";8
"2019-01-15 04:36:00";8
"2019-01-15 04:46:00";8
"2019-01-15 04:46:05";8
"2019-01-15 04:56:00";9
"2019-01-15 04:56:05";9
"2019-01-15 05:06:00";9
"2019-01-15 05:16:00";9
"2019-01-15 05:16:05";9
"2019-01-15 05:26:00";9
"2019-01-15 05:26:05";9
"2019-01-15 05:36:00";8
"2019-01-15 05:46:00";8
"2019-01-15 05:46:06";8
"2019-01-15 05:56:00";8
"2019-01-15 05:56:05";8
"2019-01-15 06:06:00";8
"2019-01-15 06:16:00";8
"2019-01-15 06:16:06";8
"2019-01-15 06:26:00";7
"2019-01-15 06:26:05";7
"2019-01-15 06:36:00";7
"2019-01-15 06:46:00";7
"2019-01-15 06:46:05";7
"2019-01-15 06:56:00";8
"2019-01-15 06:56:05";8
"2019-01-15 07:06:00";8
"2019-01-15 07:16:00";8
"2019-01-15 07:16:06";8
"2019-01-15 07:26:00";8
"2019-01-15 07:26:05";8
"2019-01-15 07:36:00";8
"2019-01-15 07:46:00";8
"2019-01-15 07:46:05";8
"2019-01-15 07:56:00";8
"2019-01-15 07:56:05";8
"2019-01-15 08:06:00";8
"2019-01-15 08:16:00";8
"2019-01-15 08:16:05";8
"2019-01-15 08:26:00";9
"2019-01-15 08:26:06";9
"2019-01-15 08:36:00";9
"2019-01-15 08:46:00";9
"2019-01-15 08:46:05";9
"2019-01-15 08:56:00";8
"2019-01-15 08:56:06";8
"2019-01-15 09:06:00";8
"2019-01-15 09:16:00";8
"2019-01-15 09:16:05";8
"2019-01-15 09:26:00";9
"2019-01-15 09:26:05";9
"2019-01-15 09:36:00";9
"2019-01-15 09:36:05";9
"2019-01-15 09:46:00";9
"2019-01-15 09:56:00";9
"2019-01-15 09:56:06";9
"2019-01-15 10:06:00";9
"2019-01-15 10:06:05";9
"2019-01-15 10:16:00";9
"2019-01-15 10:26:00";9
"2019-01-15 10:26:05";9
"2019-01-15 10:36:00";9
"2019-01-15 10:36:05";9
"2019-01-15 10:46:00";9
"2019-01-15 10:56:00";9
"2019-01-15 10:56:05";9
"2019-01-15 11:06:00";9
"2019-01-15 11:06:05";9
"2019-01-15 11:16:00";9
"2019-01-15 11:26:00";6
"2019-01-15 11:26:05";6
"2019-01-15 11:36:00";6
"2019-01-15 11:36:05";6
"2019-01-15 11:46:00";6
"2019-01-15 11:56:00";6
"2019-01-15 11:56:06";6
"2019-01-15 12:06:00";6
"2019-01-15 12:06:05";6
"2019-01-15 12:16:00";6
"2019-01-15 12:26:00";6
"2019-01-15 12:26:06";6
"2019-01-15 12:36:00";6
"2019-01-15 12:36:05";6
"2019-01-15 12:46:00";6
"2019-01-15 12:56:00";4
"2019-01-15 12:56:05";4
"2019-01-15 13:06:00";4
"2019-01-15 13:06:06";4
"2019-01-15 13:16:00";4
"2019-01-15 13:26:00";3
"2019-01-15 13:26:06";3
"2019-01-15 13:36:00";3
"2019-01-15 13:36:05";3
"2019-01-15 13:46:00";3
"2019-01-15 13:56:00";1
"2019-01-15 13:56:05";1
"2019-01-15 14:06:00";1
"2019-01-15 14:06:06";1
"2019-01-15 14:16:00";1
"2019-01-15 14:26:00";5
"2019-01-15 14:26:05";5
"2019-01-15 14:36:00";5
"2019-01-15 14:36:05";5
"2019-01-15 14:46:00";5
"2019-01-15 14:56:00";5
"2019-01-15 14:56:06";5
"2019-01-15 15:06:00";5
"2019-01-15 15:06:05";5
"2019-01-15 15:16:00";5
"2019-01-15 15:16:07";5
"2019-01-15 15:26:00";8
"2019-01-15 15:36:00";8
"2019-01-15 15:36:05";8
"2019-01-15 15:46:00";8
"2019-01-15 15:46:05";8
"2019-01-15 15:56:00";8
"2019-01-15 16:06:00";8
"2019-01-15 16:06:05";8
"2019-01-15 16:16:00";8
"2019-01-15 16:16:05";8
"2019-01-15 16:26:00";8
"2019-01-15 16:36:00";8
"2019-01-15 16:36:05";8
"2019-01-15 16:46:00";8
"2019-01-15 16:46:05";8
"2019-01-15 16:56:00";8
"2019-01-15 17:06:00";8
"2019-01-15 17:06:05";8
"2019-01-15 17:16:00";8
"2019-01-15 17:16:05";8
"2019-01-15 17:26:00";9
"2019-01-15 17:36:00";9
"2019-01-15 17:36:05";9
"2019-01-15 17:46:00";9
"2019-01-15 17:46:05";9
"2019-01-15 17:56:00";8
"2019-01-15 18:06:00";8
"2019-01-15 18:06:05";8
"2019-01-15 18:16:00";9
"2019-01-15 18:16:05";9
"2019-01-15 18:26:00";9
"2019-01-15 18:36:00";9
"2019-01-15 18:36:05";9
"2019-01-15 18:46:00";9
"2019-01-15 18:46:05";9
"2019-01-15 18:56:00";9
"2019-01-15 19:06:00";9
"2019-01-15 19:06:05";9
"2019-01-15 19:16:00";9
"2019-01-15 19:16:05";9
"2019-01-15 19:26:00";9
"2019-01-15 19:36:00";9
"2019-01-15 19:36:05";9
"2019-01-15 19:46:00";9
"2019-01-15 19:46:06";9
"2019-01-15 19:56:00";7
"2019-01-15 20:06:00";7
"2019-01-15 20:06:07";7
"2019-01-15 20:16:00";7
"2019-01-15 20:16:05";7
"2019-01-15 20:26:00";9
"2019-01-15 20:36:00";9
"2019-01-15 20:36:06";9
"2019-01-15 20:46:00";9
"2019-01-15 20:46:05";9
"2019-01-15 20:56:00";9
"2019-01-15 21:06:00";9
"2019-01-15 21:06:05";9
"2019-01-15 21:16:00";9
"2019-01-15 21:16:06";9
"2019-01-15 21:26:00";9
"2019-01-15 21:36:00";9
"2019-01-15 21:36:05";9
"2019-01-15 21:46:00";9
"2019-01-15 21:46:05";9
"2019-01-15 21:56:00";8
"2019-01-15 22:06:00";8
"2019-01-15 22:06:07";8
"2019-01-15 22:16:00";8
"2019-01-15 22:16:07";8
"2019-01-15 22:26:00";7
"2019-01-15 22:36:00";7
"2019-01-15 22:36:06";7
"2019-01-15 22:46:00";7
"2019-01-15 22:46:05";7
"2019-01-15 22:56:00";10
"2019-01-15 23:06:00";10
"2019-01-15 23:06:05";10
"2019-01-15 23:16:00";10
"2019-01-15 23:16:06";10
"2019-01-15 23:26:00";8
"2019-01-15 23:36:00";8
"2019-01-15 23:36:06";8
"2019-01-15 23:46:00";8
"2019-01-15 23:46:08";8
"2019-01-15 23:56:00";8
"2019-01-16 00:06:00";8
"2019-01-16 00:06:07";8
"2019-01-16 00:16:00";8
"2019-01-16 00:16:13";8
"2019-01-16 00:26:00";8
"2019-01-16 00:36:00";8
"2019-01-16 00:36:05";8
"2019-01-16 00:46:00";8
"2019-01-16 00:46:07";8
"2019-01-16 00:56:00";8
"2019-01-16 01:06:00";8
"2019-01-16 01:06:05";8
"2019-01-16 01:16:00";8
"2019-01-16 01:16:05";8
"2019-01-16 01:26:00";8
"2019-01-16 01:36:00";8
"2019-01-16 01:36:04";8
"2019-01-16 01:46:00";8
"2019-01-16 01:46:06";8
"2019-01-16 01:56:00";9
"2019-01-16 02:06:00";9
"2019-01-16 02:06:05";9
"2019-01-16 02:16:00";9
"2019-01-16 02:16:05";9
"2019-01-16 02:26:00";8
"2019-01-16 02:36:00";8
"2019-01-16 02:36:05";8
"2019-01-16 02:46:00";8
"2019-01-16 02:46:05";8
"2019-01-16 02:56:00";9
"2019-01-16 03:06:00";9
"2019-01-16 03:06:05";9
"2019-01-16 03:16:00";9
"2019-01-16 03:16:05";9
"2019-01-16 03:26:00";7
"2019-01-16 03:36:00";7
"2019-01-16 03:36:06";7
"2019-01-16 03:46:00";7
"2019-01-16 03:46:05";7
"2019-01-16 03:56:00";8
"2019-01-16 04:06:00";8
"2019-01-16 04:06:08";8
"2019-01-16 04:16:00";8
"2019-01-16 04:16:05";8
"2019-01-16 04:26:00";8
"2019-01-16 04:36:00";8
"2019-01-16 04:36:05";8
"2019-01-16 04:46:00";8
"2019-01-16 04:46:05";8
"2019-01-16 04:56:00";8
"2019-01-16 05:06:00";8
"2019-01-16 05:06:04";8
"2019-01-16 05:16:00";8
"2019-01-16 05:16:05";8
"2019-01-16 05:26:00";8
"2019-01-16 05:36:00";8
"2019-01-16 05:36:05";8
"2019-01-16 05:46:00";8
"2019-01-16 05:46:05";8
"2019-01-16 05:56:00";8
"2019-01-16 06:06:00";8
"2019-01-16 06:06:04";8
"2019-01-16 06:16:00";8
"2019-01-16 06:16:05";8
"2019-01-16 06:26:00";7
"2019-01-16 06:36:00";7
"2019-01-16 06:36:05";7
"2019-01-16 06:46:00";7
"2019-01-16 06:46:05";7
"2019-01-16 06:56:00";8
"2019-01-16 07:06:00";8
"2019-01-16 07:06:05";8
"2019-01-16 07:16:00";8
"2019-01-16 07:16:05";8
"2019-01-16 07:26:00";8
"2019-01-16 07:36:00";8
"2019-01-16 07:36:05";8
"2019-01-16 07:46:00";8
"2019-01-16 07:46:06";8
"2019-01-16 07:56:00";8
"2019-01-16 08:06:00";8
"2019-01-16 08:06:05";8
"2019-01-16 08:16:00";8
"2019-01-16 08:16:05";8
"2019-01-16 08:26:00";8
"2019-01-16 08:36:00";8
"2019-01-16 08:36:05";8
"2019-01-16 08:46:00";8
"2019-01-16 08:46:05";8
"2019-01-16 08:56:00";8
"2019-01-16 09:06:00";8
"2019-01-16 09:06:05";8
"2019-01-16 09:16:00";8
"2019-01-16 09:16:06";8
"2019-01-16 09:26:00";7
"2019-01-16 09:36:00";7
"2019-01-16 09:36:05";7
"2019-01-16 09:46:00";7
"2019-01-16 09:46:05";7
"2019-01-16 09:56:00";9
"2019-01-16 10:06:00";9
"2019-01-16 10:06:05";9
"2019-01-16 10:16:00";9
"2019-01-16 10:16:05";9
"2019-01-16 10:26:00";9
"2019-01-16 10:36:00";9
"2019-01-16 10:36:05";9
"2019-01-16 10:46:00";9
"2019-01-16 10:46:07";9
"2019-01-16 10:56:00";8
"2019-01-16 11:06:00";8
"2019-01-16 11:06:05";8
"2019-01-16 11:16:00";8
"2019-01-16 11:16:05";8
"2019-01-16 11:26:00";8
"2019-01-16 11:36:00";8
"2019-01-16 11:36:06";8
"2019-01-16 11:46:00";8
"2019-01-16 11:46:06";8
"2019-01-16 11:56:00";6
"2019-01-16 12:06:00";6
"2019-01-16 12:06:06";6
"2019-01-16 12:16:00";6
"2019-01-16 12:16:06";6
"2019-01-16 12:26:00";3
"2019-01-16 12:36:00";3
"2019-01-16 12:36:06";3
"2019-01-16 12:46:00";3
"2019-01-16 12:46:05";3
"2019-01-16 12:56:00";3
"2019-01-16 13:06:00";3
"2019-01-16 13:06:05";3
"2019-01-16 13:16:00";3
"2019-01-16 13:16:05";3
"2019-01-16 13:26:00";1
"2019-01-16 13:36:00";1
"2019-01-16 13:36:05";1
"2019-01-16 13:46:00";1
"2019-01-16 13:46:05";1
"2019-01-16 13:56:00";3
"2019-01-16 14:06:00";3
"2019-01-16 14:06:06";3
"2019-01-16 14:16:00";3
"2019-01-16 14:16:06";3
"2019-01-16 14:26:00";3
"2019-01-16 14:36:00";9
"2019-01-16 14:36:05";9
"2019-01-16 14:46:00";9
"2019-01-16 14:46:05";9
"2019-01-16 14:56:00";9
"2019-01-16 15:06:00";9
"2019-01-16 15:06:05";9
"2019-01-16 15:16:00";9
"2019-01-16 15:16:05";9
"2019-01-16 15:26:00";7
"2019-01-16 15:36:00";7
"2019-01-16 15:36:05";7
"2019-01-16 15:46:00";7
"2019-01-16 15:46:06";7
"2019-01-16 15:56:00";7
"2019-01-16 16:06:00";7
"2019-01-16 16:06:06";7
"2019-01-16 16:16:00";7
"2019-01-16 16:16:05";7
"2019-01-16 16:26:00";7
"2019-01-16 16:36:00";7
"2019-01-16 16:36:06";7
"2019-01-16 16:46:00";7
"2019-01-16 16:46:05";7
"2019-01-16 16:56:00";7
"2019-01-16 17:06:00";7
"2019-01-16 17:06:05";7
"2019-01-16 17:16:00";7
"2019-01-16 17:16:06";7
"2019-01-16 17:26:00";7
"2019-01-16 17:36:00";7
"2019-01-16 17:36:06";7
"2019-01-16 17:46:00";7
"2019-01-16 17:46:05";7
"2019-01-16 17:56:00";9
"2019-01-16 18:06:00";9
"2019-01-16 18:06:05";9
"2019-01-16 18:16:00";9
"2019-01-16 18:16:05";9
"2019-01-16 18:26:00";7
"2019-01-16 18:36:00";7
"2019-01-16 18:36:05";7
"2019-01-16 18:46:00";7
"2019-01-16 18:46:06";7
"2019-01-16 18:56:00";9
"2019-01-16 19:06:00";9
"2019-01-16 19:06:07";9
"2019-01-16 19:16:00";9
"2019-01-16 19:16:05";9
"2019-01-16 19:26:00";8
"2019-01-16 19:36:00";8
"2019-01-16 19:36:05";8
"2019-01-16 19:46:00";8
"2019-01-16 19:46:06";8
"2019-01-16 19:56:00";8
"2019-01-16 20:06:00";9
"2019-01-16 20:06:06";9
"2019-01-16 20:16:00";9
"2019-01-16 20:16:06";9
"2019-01-16 20:26:00";8
"2019-01-16 20:36:00";8
"2019-01-16 20:36:05";8
"2019-01-16 20:46:00";8
"2019-01-16 20:46:05";8
"2019-01-16 20:56:00";9
"2019-01-16 21:06:00";9
"2019-01-16 21:06:05";9
"2019-01-16 21:16:00";9
"2019-01-16 21:16:05";9
"2019-01-16 21:26:00";9
"2019-01-16 21:36:00";9
"2019-01-16 21:36:05";9
"2019-01-16 21:46:00";9
"2019-01-16 21:46:06";9
"2019-01-16 21:56:00";8
"2019-01-16 22:06:00";8
"2019-01-16 22:06:08";8
"2019-01-16 22:16:00";8
"2019-01-16 22:16:08";8
"2019-01-16 22:26:00";8
"2019-01-16 22:36:00";8
"2019-01-16 22:36:07";8
"2019-01-16 22:46:00";8
"2019-01-16 22:46:05";8
"2019-01-16 22:56:00";9
"2019-01-16 23:06:00";9
"2019-01-16 23:06:06";9
"2019-01-16 23:16:00";9
"2019-01-16 23:16:05";9
"2019-01-16 23:26:00";9
"2019-01-16 23:36:00";9
"2019-01-16 23:36:07";9
"2019-01-16 23:46:00";9
"2019-01-16 23:46:08";9
"2019-01-16 23:56:00";9
"2019-01-17 00:06:00";9
"2019-01-17 00:06:07";9
"2019-01-17 00:16:00";8
"2019-01-17 00:16:07";8
"2019-01-17 00:26:00";8
"2019-01-17 00:36:00";8
"2019-01-17 00:36:06";8
"2019-01-17 00:46:00";8
"2019-01-17 00:46:07";8
"2019-01-17 00:56:00";9
"2019-01-17 01:06:00";9
"2019-01-17 01:06:06";9
"2019-01-17 01:16:00";9
"2019-01-17 01:16:05";9
"2019-01-17 01:26:00";9
"2019-01-17 01:36:00";9
"2019-01-17 01:36:05";9
"2019-01-17 01:46:00";9
"2019-01-17 01:46:06";9
"2019-01-17 01:56:00";8
"2019-01-17 02:06:00";8
"2019-01-17 02:06:04";8
"2019-01-17 02:16:00";8
"2019-01-17 02:16:07";8
"2019-01-17 02:26:00";8
"2019-01-17 02:36:00";8
"2019-01-17 02:36:05";8
"2019-01-17 02:46:00";8
"2019-01-17 02:46:05";8
"2019-01-17 02:56:00";8
"2019-01-17 03:06:00";8
"2019-01-17 03:06:06";8
"2019-01-17 03:16:00";8
"2019-01-17 03:16:05";8
"2019-01-17 03:26:00";8
"2019-01-17 03:36:00";8
"2019-01-17 03:36:06";8
"2019-01-17 03:46:00";8
"2019-01-17 03:46:06";8
"2019-01-17 03:56:00";9
"2019-01-17 04:06:00";9
"2019-01-17 04:06:05";9
"2019-01-17 04:16:00";9
"2019-01-17 04:16:06";9
"2019-01-17 04:26:00";9
"2019-01-17 04:36:00";9
"2019-01-17 04:36:05";9
"2019-01-17 04:46:00";9
"2019-01-17 04:46:05";9
"2019-01-17 04:56:00";8
"2019-01-17 05:06:00";8
"2019-01-17 05:06:05";8
"2019-01-17 05:16:00";8
"2019-01-17 05:16:05";8
"2019-01-17 05:26:00";9
"2019-01-17 05:36:00";9
"2019-01-17 05:36:06";9
"2019-01-17 05:46:00";9
"2019-01-17 05:46:05";9
"2019-01-17 05:56:00";8
"2019-01-17 06:06:00";8
"2019-01-17 06:06:05";8
"2019-01-17 06:16:00";8
"2019-01-17 06:16:05";8
"2019-01-17 06:26:00";10
"2019-01-17 06:36:00";10
"2019-01-17 06:36:05";10
"2019-01-17 06:46:00";10
"2019-01-17 06:46:05";10
"2019-01-17 06:56:00";9
"2019-01-17 07:06:00";9
"2019-01-17 07:06:05";9
"2019-01-17 07:16:00";9
"2019-01-17 07:16:09";9
"2019-01-17 07:26:00";8
"2019-01-17 07:36:00";8
"2019-01-17 07:36:06";8
"2019-01-17 07:46:00";8
"2019-01-17 07:46:05";8
"2019-01-17 07:56:00";8
"2019-01-17 08:06:00";8
"2019-01-17 08:06:05";8
"2019-01-17 08:16:00";8
"2019-01-17 08:16:05";8
"2019-01-17 08:26:00";8
"2019-01-17 08:36:00";8
"2019-01-17 08:36:05";8
"2019-01-17 08:46:00";8
"2019-01-17 08:46:05";8
"2019-01-17 08:56:00";8
"2019-01-17 09:06:00";8
"2019-01-17 09:06:05";8
"2019-01-17 09:16:00";8
"2019-01-17 09:16:05";8
"2019-01-17 09:26:00";8
"2019-01-17 09:36:00";8
"2019-01-17 09:36:05";8
"2019-01-17 09:46:00";8
"2019-01-17 09:46:05";8
"2019-01-17 09:56:00";9
"2019-01-17 10:06:00";9
"2019-01-17 10:06:05";9
"2019-01-17 10:16:00";9
"2019-01-17 10:16:05";9
"2019-01-17 10:26:00";11
"2019-01-17 10:36:00";11
"2019-01-17 10:36:05";11
"2019-01-17 10:46:00";11
"2019-01-17 10:46:07";11
"2019-01-17 10:56:00";7
"2019-01-17 11:06:00";7
"2019-01-17 11:06:05";7
"2019-01-17 11:16:00";7
"2019-01-17 11:16:07";7
"2019-01-17 11:26:00";6
"2019-01-17 11:36:00";6
"2019-01-17 11:36:05";6
"2019-01-17 11:46:00";6
"2019-01-17 11:46:05";6
"2019-01-17 11:56:00";5
"2019-01-17 12:06:00";5
"2019-01-17 12:06:05";5
"2019-01-17 12:16:00";5
"2019-01-17 12:16:05";5
"2019-01-17 12:26:00";5
"2019-01-17 12:26:05";5
"2019-01-17 12:36:00";5
"2019-01-17 12:46:00";5
"2019-01-17 12:46:06";5
"2019-01-17 12:56:00";4
"2019-01-17 12:56:05";4
"2019-01-17 13:06:00";4
"2019-01-17 13:16:00";4
"2019-01-17 13:16:05";4
"2019-01-17 13:26:00";6
"2019-01-17 13:36:00";6
"2019-01-17 13:36:05";6
"2019-01-17 13:46:00";6
"2019-01-17 13:46:05";6
"2019-01-17 13:56:00";8
"2019-01-17 14:06:00";8
"2019-01-17 14:06:05";8
"2019-01-17 14:16:00";8
"2019-01-17 14:16:06";8
"2019-01-17 14:26:00";8
"2019-01-17 14:36:00";8
"2019-01-17 14:36:05";8
"2019-01-17 14:46:00";8
"2019-01-17 14:46:06";8
"2019-01-17 14:56:00";8
"2019-01-17 15:06:00";8
"2019-01-17 15:06:05";8
"2019-01-17 15:16:00";8
"2019-01-17 15:16:07";8
"2019-01-17 15:26:00";9
"2019-01-17 15:36:00";9
"2019-01-17 15:36:05";9
"2019-01-17 15:46:00";9
"2019-01-17 15:46:06";9
"2019-01-17 15:56:00";10
"2019-01-17 16:06:00";10
"2019-01-17 16:06:05";10
"2019-01-17 16:16:00";10
"2019-01-17 16:16:05";10
"2019-01-17 16:26:00";10
"2019-01-17 16:26:06";10
"2019-01-17 16:36:00";10
"2019-01-17 16:46:00";10
"2019-01-17 16:46:06";10
"2019-01-17 16:56:00";10
"2019-01-17 17:06:00";10
"2019-01-17 17:06:06";10
"2019-01-17 17:16:00";10
"2019-01-17 17:16:07";10
"2019-01-17 17:26:00";10
"2019-01-17 17:36:00";10
"2019-01-17 17:36:05";10
"2019-01-17 17:46:00";10
"2019-01-17 17:46:06";10
"2019-01-17 17:56:00";10
"2019-01-17 18:06:00";10
"2019-01-17 18:06:06";10
"2019-01-17 18:16:00";10
"2019-01-17 18:16:05";10
"2019-01-17 18:26:00";9
"2019-01-17 18:36:00";9
"2019-01-17 18:36:05";9
"2019-01-17 18:46:00";9
"2019-01-17 18:46:07";9
"2019-01-17 18:56:00";10
"2019-01-17 19:06:00";10
"2019-01-17 19:06:05";10
"2019-01-17 19:16:00";10
"2019-01-17 19:16:05";10
"2019-01-17 19:26:00";10
"2019-01-17 19:36:00";10
"2019-01-17 19:36:05";10
"2019-01-17 19:46:00";10
"2019-01-17 19:46:05";10
"2019-01-17 19:56:00";10
"2019-01-17 20:06:00";10
"2019-01-17 20:06:06";10
"2019-01-17 20:16:00";10
"2019-01-17 20:16:06";10
"2019-01-17 20:26:00";8
"2019-01-17 20:36:00";8
"2019-01-17 20:36:05";8
"2019-01-17 20:46:00";8
"2019-01-17 20:46:05";8
"2019-01-17 20:56:00";9
"2019-01-17 21:06:00";9
"2019-01-17 21:06:06";9
"2019-01-17 21:16:00";9
"2019-01-17 21:16:05";9
"2019-01-17 21:26:00";8
"2019-01-17 21:36:00";8
"2019-01-17 21:36:05";8
"2019-01-17 21:46:00";8
"2019-01-17 21:46:05";8
"2019-01-17 21:56:00";8
"2019-01-17 22:06:00";8
"2019-01-17 22:06:07";8
"2019-01-17 22:16:00";8
"2019-01-17 22:16:08";8
"2019-01-17 22:26:00";8
"2019-01-17 22:36:00";8
"2019-01-17 22:36:06";8
"2019-01-17 22:46:00";8
"2019-01-17 22:46:06";8
"2019-01-17 22:56:00";7
"2019-01-17 23:06:00";7
"2019-01-17 23:06:05";7
"2019-01-17 23:16:00";7
"2019-01-17 23:16:05";7
"2019-01-17 23:26:00";9
"2019-01-17 23:36:00";9
"2019-01-17 23:36:06";9
"2019-01-17 23:46:00";9
"2019-01-17 23:46:08";9
"2019-01-17 23:56:00";8
"2019-01-18 00:06:00";8
"2019-01-18 00:06:07";8
"2019-01-18 00:16:00";8
"2019-01-18 00:16:06";8
"2019-01-18 00:26:00";9
"2019-01-18 00:36:00";9
"2019-01-18 00:36:07";9
"2019-01-18 00:46:00";9
"2019-01-18 00:46:07";9
"2019-01-18 00:56:00";9
"2019-01-18 01:06:00";9
"2019-01-18 01:06:05";9
"2019-01-18 01:16:00";9
"2019-01-18 01:16:05";9
"2019-01-18 01:26:00";7
"2019-01-18 01:36:00";7
"2019-01-18 01:36:05";7
"2019-01-18 01:46:00";7
"2019-01-18 01:46:05";7
"2019-01-18 01:56:00";8
"2019-01-18 02:06:00";8
"2019-01-18 02:06:05";8
"2019-01-18 02:16:00";8
"2019-01-18 02:16:06";8
"2019-01-18 02:26:00";8
"2019-01-18 02:36:00";8
"2019-01-18 02:36:05";8
"2019-01-18 02:46:00";8
"2019-01-18 02:46:05";8
"2019-01-18 02:56:00";8
"2019-01-18 03:06:00";8
"2019-01-18 03:06:05";8
"2019-01-18 03:16:00";8
"2019-01-18 03:16:05";8
"2019-01-18 03:26:00";8
"2019-01-18 03:36:00";8
"2019-01-18 03:36:06";8
"2019-01-18 03:46:00";8
"2019-01-18 03:46:05";8
"2019-01-18 03:56:00";7
"2019-01-18 04:06:00";7
"2019-01-18 04:06:06";7
"2019-01-18 04:16:00";7
"2019-01-18 04:16:05";7
"2019-01-18 04:26:00";7
"2019-01-18 04:36:00";7
"2019-01-18 04:36:05";7
"2019-01-18 04:46:00";7
"2019-01-18 04:46:05";7
"2019-01-18 04:56:00";9
"2019-01-18 05:06:00";9
"2019-01-18 05:06:05";9
"2019-01-18 05:16:00";9
"2019-01-18 05:16:05";9
"2019-01-18 05:26:00";9
"2019-01-18 05:36:00";7
"2019-01-18 05:36:05";7
"2019-01-18 05:46:00";7
"2019-01-18 05:46:05";7
"2019-01-18 05:56:00";7
"2019-01-18 06:06:00";7
"2019-01-18 06:06:05";7
"2019-01-18 06:16:00";7
"2019-01-18 06:16:05";7
"2019-01-18 06:26:00";7
"2019-01-18 06:36:00";7
"2019-01-18 06:36:05";7
"2019-01-18 06:46:00";7
"2019-01-18 06:46:06";7
"2019-01-18 06:56:00";7
"2019-01-18 07:06:00";7
"2019-01-18 07:06:05";7
"2019-01-18 07:16:00";7
"2019-01-18 07:16:05";7
"2019-01-18 07:26:00";7
"2019-01-18 07:36:00";7
"2019-01-18 07:36:06";7
"2019-01-18 07:46:00";7
"2019-01-18 07:46:06";7
"2019-01-18 07:56:00";7
"2019-01-18 08:06:00";7
"2019-01-18 08:06:05";7
"2019-01-18 08:16:00";7
"2019-01-18 08:16:05";7
"2019-01-18 08:26:00";7
"2019-01-18 08:36:00";7
"2019-01-18 08:36:05";7
"2019-01-18 08:46:00";7
"2019-01-18 08:46:06";7
"2019-01-18 08:56:00";7
"2019-01-18 09:06:00";7
"2019-01-18 09:06:06";7
"2019-01-18 09:16:00";7
"2019-01-18 09:16:06";7
"2019-01-18 09:26:00";7
"2019-01-18 09:36:00";7
"2019-01-18 09:36:05";7
"2019-01-18 09:46:00";7
"2019-01-18 09:46:05";7
"2019-01-18 09:56:00";8
"2019-01-18 10:06:00";8
"2019-01-18 10:06:06";8
"2019-01-18 10:16:00";8
"2019-01-18 10:16:05";8
"2019-01-18 10:26:00";10
"2019-01-18 10:36:00";10
"2019-01-18 10:36:05";10
"2019-01-18 10:46:00";10
"2019-01-18 10:46:06";10
"2019-01-18 10:56:00";10
"2019-01-18 11:06:00";6
"2019-01-18 11:06:06";6
"2019-01-18 11:16:00";6
"2019-01-18 11:16:05";6
"2019-01-18 11:26:00";6
"2019-01-18 11:36:00";3
"2019-01-18 11:36:06";3
"2019-01-18 11:46:00";3
"2019-01-18 11:46:06";3
"2019-01-18 11:56:00";1
"2019-01-18 12:06:00";1
"2019-01-18 12:06:06";1
"2019-01-18 12:16:00";1
"2019-01-18 12:16:05";1
"2019-01-18 12:26:00";1
"2019-01-18 12:36:00";1
"2019-01-18 12:36:06";1
"2019-01-18 12:46:00";1
"2019-01-18 12:46:05";1
"2019-01-18 12:56:00";2
"2019-01-18 13:06:00";2
"2019-01-18 13:06:05";2
"2019-01-18 13:16:00";1
"2019-01-18 13:16:05";1
"2019-01-18 13:26:00";1
"2019-01-18 13:36:00";1
"2019-01-18 13:36:05";1
"2019-01-18 13:46:00";1
"2019-01-18 13:46:06";1
"2019-01-18 13:56:00";2
"2019-01-18 14:06:00";2
"2019-01-18 14:06:05";2
"2019-01-18 14:16:00";2
"2019-01-18 14:16:05";2
"2019-01-18 14:26:00";4
"2019-01-18 14:36:00";4
"2019-01-18 14:36:05";4
"2019-01-18 14:46:00";4
"2019-01-18 14:46:05";4
"2019-01-18 15:06:00";5
"2019-01-18 15:06:05";5
"2019-01-18 15:16:00";5
"2019-01-18 15:16:05";5
"2019-01-18 15:26:00";6
"2019-01-18 15:36:00";6
"2019-01-18 15:36:06";6
"2019-01-18 15:46:00";6
"2019-01-18 15:46:06";6
"2019-01-18 15:56:00";6
"2019-01-18 16:06:00";6
"2019-01-18 16:06:05";6
"2019-01-18 16:16:00";6
"2019-01-18 16:16:05";6
"2019-01-18 16:26:00";6
"2019-01-18 16:36:00";6
"2019-01-18 16:36:05";6
"2019-01-18 16:46:00";6
"2019-01-18 16:46:05";6
"2019-01-18 16:56:00";6
"2019-01-18 17:06:00";6
"2019-01-18 17:06:05";6
"2019-01-18 17:16:00";6
"2019-01-18 17:16:05";6
"2019-01-18 17:26:00";6
"2019-01-18 17:36:00";6
"2019-01-18 17:36:05";6
"2019-01-18 17:46:00";6
"2019-01-18 17:46:05";6
"2019-01-18 17:56:00";6
"2019-01-18 18:06:00";6
"2019-01-18 18:06:06";6
"2019-01-18 18:16:00";6
"2019-01-18 18:16:06";6
"2019-01-18 18:26:00";8
"2019-01-18 18:36:00";8
"2019-01-18 18:36:05";8
"2019-01-18 18:46:00";8
"2019-01-18 18:46:05";8
"2019-01-18 18:56:00";8
"2019-01-18 19:06:00";8
"2019-01-18 19:06:06";8
"2019-01-18 19:16:00";8
"2019-01-18 19:16:05";8
"2019-01-18 19:26:00";9
"2019-01-18 19:36:00";9
"2019-01-18 19:36:05";9
"2019-01-18 19:46:00";9
"2019-01-18 19:46:05";9
"2019-01-18 19:56:00";8
"2019-01-18 20:06:00";8
"2019-01-18 20:06:05";8
"2019-01-18 20:16:00";8
"2019-01-18 20:16:06";8
"2019-01-18 20:26:00";9
"2019-01-18 20:36:00";9
"2019-01-18 20:36:05";9
"2019-01-18 20:46:00";9
"2019-01-18 20:46:06";9
"2019-01-18 20:56:00";8
"2019-01-18 21:06:00";8
"2019-01-18 21:06:06";8
"2019-01-18 21:16:00";8
"2019-01-18 21:16:05";8
"2019-01-18 21:26:00";9
"2019-01-18 21:36:00";9
"2019-01-18 21:36:05";9
"2019-01-18 21:46:00";9
"2019-01-18 21:46:06";9
"2019-01-18 21:56:00";9
"2019-01-18 22:06:00";8
"2019-01-18 22:06:09";8
"2019-01-18 22:16:00";8
"2019-01-18 22:16:10";8
"2019-01-18 22:26:00";8
"2019-01-18 22:36:00";8
"2019-01-18 22:36:07";8
"2019-01-18 22:46:00";8
"2019-01-18 22:46:06";8
"2019-01-18 22:56:00";9
"2019-01-18 23:06:00";9
"2019-01-18 23:06:05";9
"2019-01-18 23:16:00";9
"2019-01-18 23:16:05";9
"2019-01-18 23:26:00";8
"2019-01-18 23:36:00";8
"2019-01-18 23:36:07";8
"2019-01-18 23:46:00";8
"2019-01-18 23:46:07";8
"2019-01-18 23:56:00";8
"2019-01-19 00:06:00";8
"2019-01-19 00:06:08";8
"2019-01-19 00:16:00";8
"2019-01-19 00:16:07";8
"2019-01-19 00:26:00";7
"2019-01-19 00:36:00";7
"2019-01-19 00:36:06";7
"2019-01-19 00:46:00";7
"2019-01-19 00:46:07";7
"2019-01-19 00:56:00";8
"2019-01-19 01:06:00";8
"2019-01-19 01:06:05";8
"2019-01-19 01:16:00";8
"2019-01-19 01:16:05";8
"2019-01-19 01:26:00";8
"2019-01-19 01:36:00";8
"2019-01-19 01:36:05";8
"2019-01-19 01:46:00";8
"2019-01-19 01:46:06";8
"2019-01-19 01:56:00";9
"2019-01-19 02:06:00";9
"2019-01-19 02:06:05";9
"2019-01-19 02:16:00";9
"2019-01-19 02:16:05";9
"2019-01-19 02:26:00";9
"2019-01-19 02:36:00";9
"2019-01-19 02:36:05";9
"2019-01-19 02:46:00";9
"2019-01-19 02:46:05";9
"2019-01-19 02:56:00";8
"2019-01-19 03:06:00";8
"2019-01-19 03:06:05";8
"2019-01-19 03:16:00";8
"2019-01-19 03:16:05";8
"2019-01-19 03:26:00";8
"2019-01-19 03:36:00";8
"2019-01-19 03:36:05";8
"2019-01-19 03:46:00";8
"2019-01-19 03:46:05";8
"2019-01-19 03:56:00";7
"2019-01-19 04:06:00";7
"2019-01-19 04:06:06";7
"2019-01-19 04:16:00";7
"2019-01-19 04:16:06";7
"2019-01-19 04:26:00";7
"2019-01-19 04:36:00";7
"2019-01-19 04:36:05";7
"2019-01-19 04:46:00";7
"2019-01-19 04:46:05";7
"2019-01-19 04:56:00";8
"2019-01-19 05:06:00";8
"2019-01-19 05:06:05";8
"2019-01-19 05:16:00";8
"2019-01-19 05:16:05";8
"2019-01-19 05:26:00";8
"2019-01-19 05:36:00";8
"2019-01-19 05:36:05";8
"2019-01-19 05:46:00";8
"2019-01-19 05:46:05";8
"2019-01-19 05:56:00";8
"2019-01-19 06:06:00";8
"2019-01-19 06:06:05";8
"2019-01-19 06:16:00";8
"2019-01-19 06:16:05";8
"2019-01-19 06:26:00";8
"2019-01-19 06:36:00";8
"2019-01-19 06:36:07";8
"2019-01-19 06:46:00";8
"2019-01-19 06:46:05";8
"2019-01-19 06:56:00";7
"2019-01-19 07:06:00";7
"2019-01-19 07:06:06";7
"2019-01-19 07:16:00";7
"2019-01-19 07:16:05";7
"2019-01-19 07:26:00";8
"2019-01-19 07:36:00";8
"2019-01-19 07:36:05";8
"2019-01-19 07:46:00";8
"2019-01-19 07:46:05";8
"2019-01-19 07:56:00";9
"2019-01-19 08:06:00";9
"2019-01-19 08:06:07";9
"2019-01-19 08:16:00";9
"2019-01-19 08:16:05";9
"2019-01-19 08:26:00";8
"2019-01-19 08:36:00";8
"2019-01-19 08:36:05";8
"2019-01-19 08:46:00";8
"2019-01-19 08:46:05";8
"2019-01-19 08:56:00";7
"2019-01-19 09:06:00";7
"2019-01-19 09:06:06";7
"2019-01-19 09:16:00";7
"2019-01-19 09:16:05";7
"2019-01-19 09:26:00";8
"2019-01-19 09:36:00";8
"2019-01-19 09:36:06";8
"2019-01-19 09:46:00";8
"2019-01-19 09:46:06";8
"2019-01-19 09:56:00";8
"2019-01-19 10:06:00";8
"2019-01-19 10:06:06";8
"2019-01-19 10:16:00";8
"2019-01-19 10:16:05";8
"2019-01-19 10:26:00";8
"2019-01-19 10:36:00";8
"2019-01-19 10:36:05";8
"2019-01-19 10:46:00";8
"2019-01-19 10:46:05";8
"2019-01-19 10:56:00";9
"2019-01-19 11:06:00";9
"2019-01-19 11:06:06";9
"2019-01-19 11:16:00";9
"2019-01-19 11:16:05";9
"2019-01-19 11:26:00";8
"2019-01-19 11:36:00";8
"2019-01-19 11:36:05";8
"2019-01-19 11:46:00";8
"2019-01-19 11:46:05";8
"2019-01-19 11:56:00";8
"2019-01-19 12:06:00";8
"2019-01-19 12:06:05";8
"2019-01-19 12:16:00";8
"2019-01-19 12:16:06";8
"2019-01-19 12:26:00";8
"2019-01-19 12:36:00";9
"2019-01-19 12:36:06";9
"2019-01-19 12:46:00";9
"2019-01-19 12:46:06";9
"2019-01-19 12:56:00";7
"2019-01-19 13:06:00";7
"2019-01-19 13:06:05";7
"2019-01-19 13:16:00";7
"2019-01-19 13:16:06";7
"2019-01-19 13:26:00";8
"2019-01-19 13:36:00";8
"2019-01-19 13:36:05";8
"2019-01-19 13:46:00";8
"2019-01-19 13:46:06";8
"2019-01-19 13:56:00";7
"2019-01-19 14:06:00";7
"2019-01-19 14:06:06";7
"2019-01-19 14:16:00";7
"2019-01-19 14:16:05";7
"2019-01-19 14:26:00";9
"2019-01-19 14:36:00";9
"2019-01-19 14:36:06";9
"2019-01-19 14:46:00";9
"2019-01-19 14:46:05";9
"2019-01-19 14:56:00";9
"2019-01-19 15:06:00";9
"2019-01-19 15:06:05";9
"2019-01-19 15:16:00";9
"2019-01-19 15:16:06";9
"2019-01-19 15:26:00";9
"2019-01-19 15:36:00";9
"2019-01-19 15:36:05";9
"2019-01-19 15:46:00";9
"2019-01-19 15:46:07";9
"2019-01-19 15:56:00";8
"2019-01-19 16:06:00";8
"2019-01-19 16:06:05";8
"2019-01-19 16:16:00";8
"2019-01-19 16:16:05";8
"2019-01-19 16:26:00";9
"2019-01-19 16:36:00";9
"2019-01-19 16:36:05";9
"2019-01-19 16:46:00";9
"2019-01-19 16:46:05";9
"2019-01-19 16:56:00";9
"2019-01-19 17:06:00";9
"2019-01-19 17:06:05";9
"2019-01-19 17:16:00";9
"2019-01-19 17:16:06";9
"2019-01-19 17:26:00";9
"2019-01-19 17:36:00";9
"2019-01-19 17:36:05";9
"2019-01-19 17:46:00";9
"2019-01-19 17:46:06";9
"2019-01-19 17:56:00";9
"2019-01-19 18:06:00";9
"2019-01-19 18:06:05";9
"2019-01-19 18:16:00";9
"2019-01-19 18:16:05";9
"2019-01-19 18:26:00";9
"2019-01-19 18:36:00";9
"2019-01-19 18:36:05";9
"2019-01-19 18:46:00";9
"2019-01-19 18:46:06";9
"2019-01-19 18:56:00";8
"2019-01-19 19:06:00";8
"2019-01-19 19:06:05";8
"2019-01-19 19:16:00";8
"2019-01-19 19:16:05";8
"2019-01-19 19:26:00";8
"2019-01-19 19:36:00";8
"2019-01-19 19:36:06";8
"2019-01-19 19:46:00";8
"2019-01-19 19:46:05";8
"2019-01-19 19:56:00";7
"2019-01-19 20:06:00";7
"2019-01-19 20:06:05";7
"2019-01-19 20:16:00";7
"2019-01-19 20:16:06";7
"2019-01-19 20:26:00";8
"2019-01-19 20:36:00";8
"2019-01-19 20:36:05";8
"2019-01-19 20:46:00";8
"2019-01-19 20:46:05";8
"2019-01-19 20:56:00";7
"2019-01-19 21:06:00";7
"2019-01-19 21:06:06";7
"2019-01-19 21:16:00";7
"2019-01-19 21:16:05";7
"2019-01-19 21:26:00";8
"2019-01-19 21:36:00";8
"2019-01-19 21:36:05";8
"2019-01-19 21:46:00";8
"2019-01-19 21:46:06";8
"2019-01-19 21:56:00";8
"2019-01-19 22:06:00";8
"2019-01-19 22:06:07";8
"2019-01-19 22:16:00";8
"2019-01-19 22:16:08";8
"2019-01-19 22:26:00";8
"2019-01-19 22:36:00";8
"2019-01-19 22:36:07";8
"2019-01-19 22:46:00";8
"2019-01-19 22:46:06";8
"2019-01-19 22:56:00";8
"2019-01-19 23:06:00";7
"2019-01-19 23:06:07";7
"2019-01-19 23:16:00";7
"2019-01-19 23:16:06";7
"2019-01-19 23:26:00";7
"2019-01-20 01:36:00";8
"2019-01-20 01:36:05";8
"2019-01-20 01:46:00";8
"2019-01-20 01:46:05";8
"2019-01-20 01:56:00";8
"2019-01-20 02:06:00";8
"2019-01-20 02:06:06";8
"2019-01-20 02:16:00";6
"2019-01-20 02:16:06";6
"2019-01-20 02:26:00";6
"2019-01-20 02:36:00";6
"2019-01-20 02:36:05";6
"2019-01-20 02:46:00";6
"2019-01-20 02:46:05";6
"2019-01-20 02:56:00";6
"2019-01-20 03:06:00";6
"2019-01-20 03:06:06";6
"2019-01-20 03:16:00";6
"2019-01-20 03:16:05";6
"2019-01-20 03:26:00";7
"2019-01-20 03:36:00";7
"2019-01-20 03:36:05";7
"2019-01-20 03:46:00";7
"2019-01-20 03:46:06";7
"2019-01-20 03:56:00";6
"2019-01-20 04:06:00";6
"2019-01-20 04:06:05";6
"2019-01-20 04:16:00";6
"2019-01-20 04:16:05";6
"2019-01-20 04:26:00";6
"2019-01-20 04:36:00";6
"2019-01-20 04:36:05";6
"2019-01-20 04:46:00";6
"2019-01-20 04:46:05";6
"2019-01-20 04:56:00";6
"2019-01-20 05:06:00";6
"2019-01-20 05:06:05";6
"2019-01-20 05:16:00";6
"2019-01-20 05:16:05";6
"2019-01-20 05:26:00";6
"2019-01-20 05:36:00";6
"2019-01-20 05:36:05";6
"2019-01-20 05:46:00";6
"2019-01-20 05:46:05";6
"2019-01-20 05:56:00";5
"2019-01-20 06:06:00";5
"2019-01-20 06:06:05";5
"2019-01-20 06:16:00";5
"2019-01-20 06:16:05";5
"2019-01-20 06:26:00";5
"2019-01-20 06:36:00";5
"2019-01-20 06:36:04";5
"2019-01-20 06:46:00";5
"2019-01-20 06:46:05";5
"2019-01-20 06:56:00";6
"2019-01-20 07:06:00";6
"2019-01-20 07:06:05";6
"2019-01-20 07:16:00";6
"2019-01-20 07:16:05";6
"2019-01-20 07:26:00";6
"2019-01-20 07:36:00";6
"2019-01-20 07:36:04";6
"2019-01-20 07:46:00";6
"2019-01-20 07:46:06";6
"2019-01-20 07:56:00";7
"2019-01-20 08:06:00";7
"2019-01-20 08:06:05";7
"2019-01-20 08:16:00";7
"2019-01-20 08:16:05";7
"2019-01-20 08:26:00";5
"2019-01-20 08:36:00";5
"2019-01-20 08:36:05";5
"2019-01-20 08:46:00";5
"2019-01-20 08:46:05";5
"2019-01-20 08:56:00";5
"2019-01-20 09:06:00";5
"2019-01-20 09:06:05";5
"2019-01-20 09:16:00";5
"2019-01-20 09:16:05";5
"2019-01-20 09:26:00";5
"2019-01-20 09:36:00";6
"2019-01-20 09:36:05";6
"2019-01-20 09:46:00";6
"2019-01-20 09:46:07";6
"2019-01-20 09:56:00";6
"2019-01-20 10:06:00";6
"2019-01-20 10:06:06";6
"2019-01-20 10:16:00";6
"2019-01-20 10:16:05";6
"2019-01-20 10:26:00";6
"2019-01-20 10:36:00";6
"2019-01-20 10:36:05";6
"2019-01-20 10:46:00";6
"2019-01-20 10:46:05";6
"2019-01-20 10:56:00";6
"2019-01-20 11:06:00";6
"2019-01-20 11:06:05";6
"2019-01-20 11:16:00";4
"2019-01-20 11:16:05";4
"2019-01-20 11:26:00";2
"2019-01-20 11:36:00";2
"2019-01-20 11:36:06";2
"2019-01-20 11:46:00";2
"2019-01-20 11:46:05";2
"2019-01-20 11:56:00";1
"2019-01-20 12:06:00";1
"2019-01-20 12:06:05";1
"2019-01-20 12:16:00";1
"2019-01-20 12:16:06";1
"2019-01-20 12:26:00";0
"2019-01-20 12:36:00";0
"2019-01-20 12:36:05";0
"2019-01-20 12:46:00";0
"2019-01-20 12:46:05";0
"2019-01-20 12:56:00";1
"2019-01-20 13:06:00";1
"2019-01-20 13:06:05";1
"2019-01-20 13:16:00";1
"2019-01-20 13:16:05";1
"2019-01-20 13:26:00";-1
"2019-01-20 13:36:00";-1
"2019-01-20 13:36:05";-1
"2019-01-20 13:46:00";-1
"2019-01-20 13:46:06";-1
"2019-01-20 13:56:00";0
"2019-01-20 14:06:00";0
"2019-01-20 14:06:05";0
"2019-01-20 14:16:00";0
"2019-01-20 14:16:05";0
"2019-01-20 14:26:00";4
"2019-01-20 14:36:00";4
"2019-01-20 14:36:05";4
"2019-01-20 14:46:00";4
"2019-01-20 14:46:06";4
"2019-01-20 14:56:00";5
"2019-01-20 15:06:00";5
"2019-01-20 15:06:05";5
"2019-01-20 15:16:00";5
"2019-01-20 15:16:06";5
"2019-01-20 15:26:00";5
"2019-01-20 15:36:00";5
"2019-01-20 15:36:05";5
"2019-01-20 15:46:00";5
"2019-01-20 15:46:05";5
"2019-01-20 15:56:00";5
"2019-01-20 16:06:00";5
"2019-01-20 16:06:06";5
"2019-01-20 16:16:00";5
"2019-01-20 16:16:06";5
"2019-01-20 16:26:00";5
"2019-01-20 16:36:00";5
"2019-01-20 16:36:05";5
"2019-01-20 16:46:00";5
"2019-01-20 16:46:05";5
"2019-01-20 16:56:00";6
"2019-01-20 17:06:00";6
"2019-01-20 17:06:06";6
"2019-01-20 17:16:00";6
"2019-01-20 17:16:06";6
"2019-01-20 17:26:00";5
"2019-01-20 17:36:00";5
"2019-01-20 17:36:05";5
"2019-01-20 17:46:00";5
"2019-01-20 17:46:06";5
"2019-01-20 17:56:00";6
"2019-01-20 18:06:00";6
"2019-01-20 18:06:06";6
"2019-01-20 18:16:00";6
"2019-01-20 18:16:05";6
"2019-01-20 18:26:00";6
"2019-01-20 18:36:00";6
"2019-01-20 18:36:06";6
"2019-01-20 18:46:00";6
"2019-01-20 18:46:05";6
"2019-01-20 18:56:00";6
"2019-01-20 19:06:00";6
"2019-01-20 19:06:05";6
"2019-01-20 19:16:00";6
"2019-01-20 19:16:05";6
"2019-01-20 19:26:00";6
"2019-01-20 19:36:00";6
"2019-01-20 19:36:05";6
"2019-01-20 19:46:00";6
"2019-01-20 19:46:05";6
"2019-01-20 19:56:00";7
"2019-01-20 20:06:00";7
"2019-01-20 20:06:06";7
"2019-01-20 20:16:00";7
"2019-01-20 20:16:05";7
"2019-01-20 20:26:00";7
"2019-01-20 20:36:00";7
"2019-01-20 20:36:05";7
"2019-01-20 20:46:00";7
"2019-01-20 20:46:05";7
"2019-01-20 20:56:00";7
"2019-01-20 21:06:00";7
"2019-01-20 21:06:06";7
"2019-01-20 21:16:00";7
"2019-01-20 21:16:06";7
"2019-01-20 21:26:00";7
"2019-01-20 21:36:00";7
"2019-01-20 21:36:05";7
"2019-01-20 21:46:00";7
"2019-01-20 21:46:06";7
"2019-01-20 21:56:00";7
"2019-01-20 22:06:00";7
"2019-01-20 22:06:08";7
"2019-01-20 22:16:00";7
"2019-01-20 22:16:07";7
"2019-01-20 22:26:00";6
"2019-01-20 22:36:00";6
"2019-01-20 22:36:06";6
"2019-01-20 22:46:00";6
"2019-01-20 22:46:05";6
"2019-01-20 22:56:00";7
"2019-01-20 23:06:00";7
"2019-01-20 23:06:06";7
"2019-01-20 23:16:06";7
"2019-01-20 23:36:06";7
"2019-01-20 23:46:06";7
"2019-01-21 00:06:05";6
"2019-01-21 00:16:06";6
"2019-01-21 00:36:07";5
"2019-01-21 00:46:06";5
"2019-01-21 01:06:05";5
"2019-01-21 01:16:06";5
"2019-01-21 01:36:06";5
"2019-01-21 01:46:00";5
"2019-01-21 01:46:05";5
"2019-01-21 02:06:00";7
"2019-01-21 02:06:07";7
"2019-01-21 02:16:00";7
"2019-01-21 02:16:06";7
"2019-01-21 02:36:00";5
"2019-01-21 02:36:04";5
"2019-01-21 02:46:00";5
"2019-01-21 02:46:05";5
"2019-01-21 03:06:00";5
"2019-01-21 03:06:05";5
"2019-01-21 03:16:00";5
"2019-01-21 03:16:05";5
"2019-01-21 03:36:00";5
"2019-01-21 03:36:07";5
"2019-01-21 03:46:00";5
"2019-01-21 03:46:08";5
"2019-01-21 04:06:00";5
"2019-01-21 04:06:05";5
"2019-01-21 04:16:00";5
"2019-01-21 04:16:05";5
"2019-01-21 04:36:00";4
"2019-01-21 04:36:05";4
"2019-01-21 04:46:00";4
"2019-01-21 04:46:05";4
"2019-01-21 05:06:00";5
"2019-01-21 05:06:05";5
"2019-01-21 05:16:00";5
"2019-01-21 05:16:05";5
"2019-01-21 05:36:00";4
"2019-01-21 05:36:05";4
"2019-01-21 05:46:00";4
"2019-01-21 05:46:05";4
"2019-01-21 06:06:00";5
"2019-01-21 06:06:05";5
"2019-01-21 06:16:00";5
"2019-01-21 06:16:06";5
"2019-01-21 06:36:00";5
"2019-01-21 06:36:05";5
"2019-01-21 06:46:00";5
"2019-01-21 06:46:05";5
"2019-01-21 07:06:00";6
"2019-01-21 07:06:05";6
"2019-01-21 07:16:00";6
"2019-01-21 07:16:06";6
"2019-01-21 07:36:00";4
"2019-01-21 07:36:05";4
"2019-01-21 07:46:00";4
"2019-01-21 07:46:06";4
"2019-01-21 08:06:00";5
"2019-01-21 08:06:05";5
"2019-01-21 08:16:00";5
"2019-01-21 08:16:06";5
"2019-01-21 08:36:00";4
"2019-01-21 08:36:05";4
"2019-01-21 08:46:00";4
"2019-01-21 08:46:05";4
"2019-01-21 09:06:00";4
"2019-01-21 09:06:06";4
"2019-01-21 09:16:00";4
"2019-01-21 09:16:05";4
"2019-01-21 09:36:00";5
"2019-01-21 09:36:05";5
"2019-01-21 09:46:00";5
"2019-01-21 09:46:05";5
"2019-01-21 10:06:00";5
"2019-01-21 10:06:05";5
"2019-01-21 10:16:00";5
"2019-01-21 10:16:07";5
"2019-01-21 10:36:00";5
"2019-01-21 10:36:05";5
"2019-01-21 10:46:00";6
"2019-01-21 10:46:05";6
"2019-01-21 11:06:00";3
"2019-01-21 11:06:06";3
"2019-01-21 11:16:00";1
"2019-01-21 11:16:06";1
"2019-01-21 11:36:00";1
"2019-01-21 11:36:05";1
"2019-01-21 11:46:00";1
"2019-01-21 11:46:05";1
"2019-01-21 12:06:00";0
"2019-01-21 12:06:05";0
"2019-01-21 12:16:00";0
"2019-01-21 12:16:06";0
"2019-01-21 12:36:00";-1
"2019-01-21 12:36:05";-1
"2019-01-21 12:46:00";-1
"2019-01-21 12:46:05";-1
"2019-01-21 13:06:00";-3
"2019-01-21 13:06:05";-3
"2019-01-21 13:16:00";-3
"2019-01-21 13:16:05";-3
"2019-01-21 13:36:00";-4
"2019-01-21 13:36:06";-4
"2019-01-21 13:46:00";-4
"2019-01-21 13:46:05";-4
"2019-01-21 14:06:00";-2
"2019-01-21 14:06:05";-2
"2019-01-21 14:16:00";-2
"2019-01-21 14:16:06";-2
"2019-01-21 14:36:00";3
"2019-01-21 14:36:05";3
"2019-01-21 14:46:00";3
"2019-01-21 14:46:05";3
"2019-01-21 15:06:00";3
"2019-01-21 15:06:06";3
"2019-01-21 15:16:00";3
"2019-01-21 15:16:05";3
"2019-01-21 15:36:00";5
"2019-01-21 15:36:07";5
"2019-01-21 15:46:00";5
"2019-01-21 15:46:06";5
"2019-01-21 16:06:00";5
"2019-01-21 16:06:05";5
"2019-01-21 16:16:00";5
"2019-01-21 16:16:05";5
"2019-01-21 16:36:00";6
"2019-01-21 16:36:06";6
"2019-01-21 16:46:00";6
"2019-01-21 16:46:05";6
"2019-01-21 17:06:00";6
"2019-01-21 17:06:05";6
"2019-01-21 17:16:00";6
"2019-01-21 17:16:05";6
"2019-01-21 17:36:00";7
"2019-01-21 17:36:06";7
"2019-01-21 17:46:00";7
"2019-01-21 17:46:05";7
"2019-01-21 18:06:00";7
"2019-01-21 18:06:05";7
"2019-01-21 18:16:00";7
"2019-01-21 18:16:05";7
"2019-01-21 18:36:00";6
"2019-01-21 18:36:06";6
"2019-01-21 18:46:00";6
"2019-01-21 18:46:05";6
"2019-01-21 19:06:00";7
"2019-01-21 19:06:05";7
"2019-01-21 19:16:00";7
"2019-01-21 19:16:06";7
"2019-01-21 19:36:00";7
"2019-01-21 19:36:05";7
"2019-01-21 19:46:00";7
"2019-01-21 19:46:05";7
"2019-01-21 20:06:00";7
"2019-01-21 20:06:06";7
"2019-01-21 20:16:00";7
"2019-01-21 20:16:05";7
"2019-01-21 20:36:00";7
"2019-01-21 20:36:05";7
"2019-01-21 20:46:00";7
"2019-01-21 20:46:06";7
"2019-01-21 21:06:00";8
"2019-01-21 21:06:06";8
"2019-01-21 21:16:00";8
"2019-01-21 21:16:06";8
"2019-01-21 21:36:00";9
"2019-01-21 21:36:05";9
"2019-01-21 21:46:00";9
"2019-01-21 21:46:06";9
"2019-01-21 22:06:00";8
"2019-01-21 22:06:08";8
"2019-01-21 22:16:00";8
"2019-01-21 22:16:07";8
"2019-01-21 22:36:00";7
"2019-01-21 22:36:07";7
"2019-01-21 22:46:00";7
"2019-01-21 22:46:05";7
"2019-01-21 23:06:00";6
"2019-01-21 23:06:05";6
"2019-01-21 23:16:00";6
"2019-01-21 23:16:05";6
"2019-01-21 23:36:00";7
"2019-01-21 23:36:06";7
"2019-01-21 23:46:00";7
"2019-01-21 23:46:07";7
"2019-01-22 00:06:00";6
"2019-01-22 00:06:07";6
"2019-01-22 00:16:00";6
"2019-01-22 00:16:06";6
"2019-01-22 00:36:00";6
"2019-01-22 00:36:06";6
"2019-01-22 00:46:00";6
"2019-01-22 00:46:08";6
"2019-01-22 01:06:00";5
"2019-01-22 01:06:05";5
"2019-01-22 01:16:00";5
"2019-01-22 01:16:05";5
"2019-01-22 01:36:00";6
"2019-01-22 01:36:05";6
"2019-01-22 01:46:00";6
"2019-01-22 01:46:06";6
"2019-01-22 02:06:00";7
"2019-01-22 02:06:05";7
"2019-01-22 02:16:00";7
"2019-01-22 02:16:05";7
"2019-01-22 02:36:00";6
"2019-01-22 02:36:05";6
"2019-01-22 02:46:00";6
"2019-01-22 02:46:06";6
"2019-01-22 03:06:00";5
"2019-01-22 03:06:05";5
"2019-01-22 03:16:00";5
"2019-01-22 03:16:05";5
"2019-01-22 03:36:00";5
"2019-01-22 03:36:05";5
"2019-01-22 03:46:00";5
"2019-01-22 03:46:06";5
"2019-01-22 04:06:00";5
"2019-01-22 04:06:05";5
"2019-01-22 04:16:00";5
"2019-01-22 04:16:05";5
"2019-01-22 04:36:00";5
"2019-01-22 04:36:05";5
"2019-01-22 04:46:00";5
"2019-01-22 04:46:05";5
"2019-01-22 05:06:00";4
"2019-01-22 05:06:05";4
"2019-01-22 05:16:00";4
"2019-01-22 05:16:05";4
"2019-01-22 05:36:00";5
"2019-01-22 05:36:05";5
"2019-01-22 05:46:00";5
"2019-01-22 05:46:06";5
"2019-01-22 06:06:00";4
"2019-01-22 06:06:05";4
"2019-01-22 06:16:00";4
"2019-01-22 06:16:04";4
"2019-01-22 06:36:00";4
"2019-01-22 06:36:05";4
"2019-01-22 06:46:00";4
"2019-01-22 06:46:06";4
"2019-01-22 07:06:00";4
"2019-01-22 07:06:05";4
"2019-01-22 07:16:00";4
"2019-01-22 07:16:06";4
"2019-01-22 07:36:00";4
"2019-01-22 07:36:05";4
"2019-01-22 07:46:00";4
"2019-01-22 07:46:05";4
"2019-01-22 08:06:00";4
"2019-01-22 08:06:05";4
"2019-01-22 08:16:00";4
"2019-01-22 08:16:05";4
"2019-01-22 08:36:00";4
"2019-01-22 08:36:05";4
"2019-01-22 08:46:00";4
"2019-01-22 08:46:05";4
"2019-01-22 09:06:00";3
"2019-01-22 09:06:05";3
"2019-01-22 09:16:00";3
"2019-01-22 09:16:05";3
"2019-01-22 09:36:00";4
"2019-01-22 09:36:05";4
"2019-01-22 09:46:00";4
"2019-01-22 09:46:05";4
"2019-01-22 10:06:00";4
"2019-01-22 10:06:05";4
"2019-01-22 10:16:00";4
"2019-01-22 10:16:05";4
"2019-01-22 10:36:00";6
"2019-01-22 10:36:05";6
"2019-01-22 10:46:00";6
"2019-01-22 10:46:05";6
"2019-01-22 11:06:00";3
"2019-01-22 11:06:05";3
"2019-01-22 11:16:00";3
"2019-01-22 11:16:05";3
"2019-01-22 11:36:00";0
"2019-01-22 11:36:05";0
"2019-01-22 11:46:00";0
"2019-01-22 11:46:06";0
"2019-01-22 12:06:00";0
"2019-01-22 12:06:06";0
"2019-01-22 12:16:00";0
"2019-01-22 12:16:05";0
"2019-01-22 12:36:00";-2
"2019-01-22 12:36:06";-2
"2019-01-22 12:46:00";-2
"2019-01-22 12:46:06";-2
"2019-01-22 13:06:00";-1
"2019-01-22 13:06:05";-1
"2019-01-22 13:16:00";-1
"2019-01-22 13:16:05";-1
"2019-01-22 13:36:00";-1
"2019-01-22 13:36:04";-1
"2019-01-22 13:46:00";-1
"2019-01-22 13:46:05";-1
"2019-01-22 14:06:00";-1
"2019-01-22 14:06:05";-1
"2019-01-22 14:16:00";3
"2019-01-22 14:16:06";3
"2019-01-22 14:36:00";3
"2019-01-22 14:36:05";3
"2019-01-22 14:46:00";3
"2019-01-22 14:46:05";3
"2019-01-22 15:06:00";3
"2019-01-22 15:06:05";3
"2019-01-22 15:16:00";3
"2019-01-22 15:16:05";3
"2019-01-22 15:36:00";4
"2019-01-22 15:36:05";4
"2019-01-22 15:46:00";4
"2019-01-22 15:46:05";4
"2019-01-22 16:06:00";3
"2019-01-22 16:06:06";3
"2019-01-22 16:16:00";3
"2019-01-22 16:16:05";3
"2019-01-22 16:36:00";5
"2019-01-22 16:36:06";5
"2019-01-22 16:46:00";5
"2019-01-22 16:46:05";5
"2019-01-22 17:06:00";6
"2019-01-22 17:06:05";6
"2019-01-22 17:16:00";6
"2019-01-22 17:16:05";6
"2019-01-22 17:36:00";6
"2019-01-22 17:36:05";6
"2019-01-22 17:46:00";6
"2019-01-22 17:46:06";6
"2019-01-22 18:06:00";5
"2019-01-22 18:06:05";5
"2019-01-22 18:16:00";5
"2019-01-22 18:16:06";5
"2019-01-22 18:26:00";5
"2019-01-22 18:26:05";5
"2019-01-22 18:46:00";5
"2019-01-22 18:46:05";5
"2019-01-22 18:56:00";5
"2019-01-22 18:56:05";5
"2019-01-22 19:16:00";5
"2019-01-22 19:16:05";5
"2019-01-22 19:26:00";6
"2019-01-22 19:26:05";6
"2019-01-22 19:46:00";6
"2019-01-22 19:46:06";6
"2019-01-22 19:56:00";6
"2019-01-22 19:56:06";6
"2019-01-22 20:16:00";6
"2019-01-22 20:16:05";6
"2019-01-22 20:26:00";6
"2019-01-22 20:26:05";6
"2019-01-22 20:46:00";6
"2019-01-22 20:46:05";6
"2019-01-22 20:56:00";7
"2019-01-22 20:56:05";7
"2019-01-22 21:16:00";7
"2019-01-22 21:16:05";7
"2019-01-22 21:26:00";7
"2019-01-22 21:26:05";7
"2019-01-22 21:46:00";7
"2019-01-22 21:46:06";7
"2019-01-22 21:56:00";5
"2019-01-22 21:56:06";5
"2019-01-22 22:16:00";5
"2019-01-22 22:16:07";5
"2019-01-22 22:26:00";5
"2019-01-22 22:26:06";5
"2019-01-22 22:46:00";5
"2019-01-22 22:46:05";5
"2019-01-22 22:56:00";6
"2019-01-22 22:56:06";6
"2019-01-22 23:16:00";6
"2019-01-22 23:16:06";6
"2019-01-22 23:26:00";6
"2019-01-22 23:26:05";6
"2019-01-22 23:46:00";6
"2019-01-22 23:46:07";6
"2019-01-22 23:56:00";5
"2019-01-22 23:56:06";5
"2019-01-23 00:16:00";5
"2019-01-23 00:16:06";5
"2019-01-23 00:26:00";5
"2019-01-23 00:26:06";5
"2019-01-23 00:36:00";5
"2019-01-23 00:36:06";5
"2019-01-23 00:56:00";6
"2019-01-23 00:56:06";6
"2019-01-23 01:06:00";6
"2019-01-23 01:06:07";6
"2019-01-23 01:26:00";5
"2019-01-23 01:26:06";5
"2019-01-23 01:36:00";5
"2019-01-23 01:36:05";5
"2019-01-23 01:56:00";5
"2019-01-23 01:56:05";5
"2019-01-23 02:06:00";5
"2019-01-23 02:06:06";5
"2019-01-23 02:26:00";3
"2019-01-23 02:26:07";3
"2019-01-23 02:36:00";3
"2019-01-23 02:36:05";3
"2019-01-23 02:56:00";5
"2019-01-23 02:56:07";5
"2019-01-23 03:06:00";5
"2019-01-23 03:06:05";5
"2019-01-23 03:26:00";4
"2019-01-23 03:26:05";4
"2019-01-23 03:36:00";4
"2019-01-23 03:36:05";4
"2019-01-23 03:56:00";6
"2019-01-23 03:56:05";6
"2019-01-23 04:06:00";6
"2019-01-23 04:06:05";6
"2019-01-23 04:26:00";5
"2019-01-23 04:26:05";5
"2019-01-23 04:36:00";5
"2019-01-23 04:36:05";5
"2019-01-23 04:56:00";4
"2019-01-23 04:56:05";4
"2019-01-23 05:06:00";4
"2019-01-23 05:06:05";4
"2019-01-23 05:26:00";4
"2019-01-23 05:26:05";4
"2019-01-23 05:36:00";4
"2019-01-23 05:36:05";4
"2019-01-23 05:56:00";4
"2019-01-23 05:56:05";4
"2019-01-23 06:06:00";4
"2019-01-23 06:06:05";4
"2019-01-23 06:26:00";4
"2019-01-23 06:26:05";4
"2019-01-23 06:36:00";4
"2019-01-23 06:36:05";4
"2019-01-23 06:56:00";4
"2019-01-23 06:56:05";4
"2019-01-23 07:06:00";4
"2019-01-23 07:06:05";4
"2019-01-23 07:26:00";4
"2019-01-23 07:26:05";4
"2019-01-23 07:36:00";4
"2019-01-23 07:36:05";4
"2019-01-23 07:56:00";4
"2019-01-23 07:56:05";4
"2019-01-23 08:06:00";4
"2019-01-23 08:06:05";4
"2019-01-23 08:26:00";4
"2019-01-23 08:26:05";4
"2019-01-23 08:36:00";4
"2019-01-23 08:36:05";4
"2019-01-23 08:56:00";4
"2019-01-23 08:56:05";4
"2019-01-23 09:06:00";4
"2019-01-23 09:06:07";4
"2019-01-23 09:26:00";5
"2019-01-23 09:26:05";5
"2019-01-23 09:36:00";5
"2019-01-23 09:36:05";5
"2019-01-23 09:56:00";4
"2019-01-23 09:56:05";4
"2019-01-23 10:06:00";4
"2019-01-23 10:06:05";4
"2019-01-23 10:26:00";4
"2019-01-23 10:26:06";4
"2019-01-23 10:36:00";4
"2019-01-23 10:36:05";4
"2019-01-23 10:56:00";4
"2019-01-23 10:56:05";4
"2019-01-23 11:06:00";4
"2019-01-23 11:06:06";4
"2019-01-23 11:26:00";4
"2019-01-23 11:26:05";4
"2019-01-23 11:36:00";4
"2019-01-23 11:36:05";4
"2019-01-23 11:56:00";5
"2019-01-23 11:56:05";5
"2019-01-23 12:06:00";5
"2019-01-23 12:06:05";5
"2019-01-23 12:26:00";5
"2019-01-23 12:26:06";5
"2019-01-23 12:36:00";5
"2019-01-23 12:36:05";5
"2019-01-23 12:56:00";6
"2019-01-23 12:56:05";6
"2019-01-23 13:06:00";6
"2019-01-23 13:06:06";6
"2019-01-23 13:26:00";6
"2019-01-23 13:26:05";6
"2019-01-23 13:36:00";6
"2019-01-23 13:36:05";6
"2019-01-23 13:56:00";6
"2019-01-23 13:56:05";6
"2019-01-23 14:06:00";6
"2019-01-23 14:06:05";6
"2019-01-23 14:26:00";6
"2019-01-23 14:26:06";6
"2019-01-23 14:36:00";6
"2019-01-23 14:36:06";6
"2019-01-23 14:56:00";7
"2019-01-23 14:56:05";7
"2019-01-23 15:06:00";7
"2019-01-23 15:06:05";7
"2019-01-23 15:26:00";6
"2019-01-23 15:26:05";6
"2019-01-23 15:36:00";6
"2019-01-23 15:36:06";6
"2019-01-23 15:56:00";6
"2019-01-23 15:56:05";6
"2019-01-23 16:06:00";6
"2019-01-23 16:06:05";6
"2019-01-23 16:26:00";7
"2019-01-23 16:26:05";7
"2019-01-23 16:36:00";7
"2019-01-23 16:36:06";7
"2019-01-23 16:56:00";7
"2019-01-23 16:56:05";7
"2019-01-23 17:06:00";7
"2019-01-23 17:06:06";7
"2019-01-23 17:26:00";8
"2019-01-23 17:26:05";8
"2019-01-23 17:36:00";8
"2019-01-23 17:36:05";8
"2019-01-23 17:56:00";7
"2019-01-23 17:56:05";7
"2019-01-23 18:06:00";7
"2019-01-23 18:06:06";7
"2019-01-23 18:26:00";8
"2019-01-23 18:26:05";8
"2019-01-23 18:36:00";8
"2019-01-23 18:36:05";8
"2019-01-23 18:56:00";8
"2019-01-23 18:56:05";8
"2019-01-23 19:06:00";8
"2019-01-23 19:06:05";8
"2019-01-23 19:26:00";8
"2019-01-23 19:26:05";8
"2019-01-23 19:36:00";8
"2019-01-23 19:36:05";8
"2019-01-23 19:56:00";7
"2019-01-23 19:56:06";7
"2019-01-23 20:06:00";7
"2019-01-23 20:06:06";7
"2019-01-23 20:26:00";9
"2019-01-23 20:26:05";9
"2019-01-23 20:36:00";9
"2019-01-23 20:36:06";9
"2019-01-23 20:56:00";7
"2019-01-23 20:56:06";7
"2019-01-23 21:06:00";7
"2019-01-23 21:06:06";7
"2019-01-23 21:26:00";8
"2019-01-23 21:26:06";8
"2019-01-23 21:36:00";8
"2019-01-23 21:36:05";8
"2019-01-23 21:56:00";7
"2019-01-23 21:56:06";7
"2019-01-23 22:06:00";7
"2019-01-23 22:06:09";7
"2019-01-23 22:26:00";8
"2019-01-23 22:26:07";8
"2019-01-23 22:36:00";8
"2019-01-23 22:36:07";8
"2019-01-23 22:56:00";8
"2019-01-23 22:56:05";8
"2019-01-23 23:06:00";8
"2019-01-23 23:06:05";8
"2019-01-23 23:26:00";6
"2019-01-23 23:26:06";6
"2019-01-23 23:36:00";6
"2019-01-23 23:36:06";6
"2019-01-23 23:56:00";6
"2019-01-23 23:56:06";6
"2019-01-24 00:06:00";6
"2019-01-24 00:06:07";6
"2019-01-24 00:26:00";7
"2019-01-24 00:26:06";7
"2019-01-24 00:36:00";7
"2019-01-24 00:36:05";7
"2019-01-24 00:56:00";6
"2019-01-24 00:56:09";6
"2019-01-24 01:06:00";6
"2019-01-24 01:06:05";6
"2019-01-24 01:26:00";6
"2019-01-24 01:26:05";6
"2019-01-24 01:36:00";6
"2019-01-24 01:36:05";6
"2019-01-24 01:56:00";7
"2019-01-24 01:56:05";7
"2019-01-24 02:06:00";7
"2019-01-24 02:06:05";7
"2019-01-24 02:26:00";7
"2019-01-24 02:26:05";7
"2019-01-24 02:36:00";7
"2019-01-24 02:36:05";7
"2019-01-24 02:56:00";6
"2019-01-24 02:56:05";6
"2019-01-24 03:06:00";6
"2019-01-24 03:06:05";6
"2019-01-24 03:26:00";6
"2019-01-24 03:26:06";6
"2019-01-24 03:36:00";6
"2019-01-24 03:36:06";6
"2019-01-24 03:56:00";6
"2019-01-24 03:56:06";6
"2019-01-24 04:06:00";6
"2019-01-24 04:06:05";6
"2019-01-24 04:26:00";5
"2019-01-24 04:26:06";5
"2019-01-24 04:36:00";5
"2019-01-24 04:36:05";5
"2019-01-24 04:56:00";5
"2019-01-24 04:56:05";5
"2019-01-24 05:06:00";5
"2019-01-24 05:06:05";5
"2019-01-24 05:26:00";5
"2019-01-24 05:26:05";5
"2019-01-24 05:36:00";5
"2019-01-24 05:36:05";5
"2019-01-24 05:56:00";6
"2019-01-24 05:56:05";6
"2019-01-24 06:06:00";6
"2019-01-24 06:06:05";6
"2019-01-24 06:26:00";6
"2019-01-24 06:26:05";6
"2019-01-24 06:36:00";5
"2019-01-24 06:36:04";5
"2019-01-24 06:56:00";5
"2019-01-24 06:56:05";5
"2019-01-24 07:06:00";5
"2019-01-24 07:06:05";5
"2019-01-24 07:26:00";5
"2019-01-24 07:26:06";5
"2019-01-24 07:36:00";6
"2019-01-24 07:36:05";6
"2019-01-24 07:56:00";6
"2019-01-24 07:56:05";6
"2019-01-24 08:06:00";6
"2019-01-24 08:06:05";6
"2019-01-24 08:26:00";4
"2019-01-24 08:26:05";4
"2019-01-24 08:36:00";5
"2019-01-24 08:36:05";5
"2019-01-24 08:56:00";5
"2019-01-24 08:56:05";5
"2019-01-24 09:06:00";5
"2019-01-24 09:06:06";5
"2019-01-24 09:26:00";5
"2019-01-24 09:26:05";5
"2019-01-24 09:36:00";5
"2019-01-24 09:36:05";5
"2019-01-24 09:56:00";5
"2019-01-24 09:56:05";5
"2019-01-24 10:06:00";5
"2019-01-24 10:06:05";5
"2019-01-24 10:26:00";7
"2019-01-24 10:26:05";7
"2019-01-24 10:36:00";7
"2019-01-24 10:36:05";7
"2019-01-24 10:56:00";4
"2019-01-24 10:56:05";4
"2019-01-24 11:06:00";4
"2019-01-24 11:06:05";4
"2019-01-24 11:26:00";2
"2019-01-24 11:26:05";2
"2019-01-24 11:36:00";2
"2019-01-24 11:36:05";2
"2019-01-24 11:56:00";1
"2019-01-24 11:56:05";1
"2019-01-24 12:06:00";1
"2019-01-24 12:06:05";1
"2019-01-24 12:26:00";1
"2019-01-24 12:26:05";1
"2019-01-24 12:36:00";1
"2019-01-24 12:36:05";1
"2019-01-24 12:56:00";-1
"2019-01-24 12:56:05";-1
"2019-01-24 13:06:00";-1
"2019-01-24 13:06:05";-1
"2019-01-24 13:26:00";-3
"2019-01-24 13:26:05";-3
"2019-01-24 13:36:00";-3
"2019-01-24 13:36:05";-3
"2019-01-24 13:56:00";-2
"2019-01-24 13:56:05";-2
"2019-01-24 14:06:00";-2
"2019-01-24 14:06:06";-2
"2019-01-24 14:26:00";3
"2019-01-24 14:26:06";3
"2019-01-24 14:36:00";3
"2019-01-24 14:36:05";3
"2019-01-24 14:56:00";5
"2019-01-24 14:56:05";5
"2019-01-24 15:06:00";5
"2019-01-24 15:06:05";5
"2019-01-24 15:26:00";6
"2019-01-24 15:26:06";6
"2019-01-24 15:36:00";6
"2019-01-24 15:36:05";6
"2019-01-24 15:56:00";6
"2019-01-24 15:56:05";6
"2019-01-24 16:06:00";6
"2019-01-24 16:06:05";6
"2019-01-24 16:26:00";6
"2019-01-24 16:26:05";6
"2019-01-24 16:36:00";6
"2019-01-24 16:36:07";6
"2019-01-24 16:56:00";6
"2019-01-24 16:56:05";6
"2019-01-24 17:06:00";6
"2019-01-24 17:06:05";6
"2019-01-24 17:26:00";6
"2019-01-24 17:26:05";6
"2019-01-24 17:36:00";6
"2019-01-24 17:36:05";6
"2019-01-24 17:56:00";7
"2019-01-24 17:56:05";7
"2019-01-24 18:06:00";7
"2019-01-24 18:06:06";7
"2019-01-24 18:26:00";6
"2019-01-24 18:26:05";6
"2019-01-24 18:36:00";6
"2019-01-24 18:36:05";6
"2019-01-24 18:56:00";6
"2019-01-24 18:56:05";6
"2019-01-24 19:06:00";6
"2019-01-24 19:06:05";6
"2019-01-24 19:26:00";6
"2019-01-24 19:26:05";6
"2019-01-24 19:36:00";6
"2019-01-24 19:36:05";6
"2019-01-24 19:56:00";6
"2019-01-24 19:56:05";6
"2019-01-24 20:06:00";6
"2019-01-24 20:06:05";6
"2019-01-24 20:26:00";7
"2019-01-24 20:26:06";7
"2019-01-24 20:36:00";7
"2019-01-24 20:36:07";7
"2019-01-24 20:56:00";7
"2019-01-24 20:56:06";7
"2019-01-24 21:06:00";7
"2019-01-24 21:06:05";7
"2019-01-24 21:26:00";7
"2019-01-24 21:26:06";7
"2019-01-24 21:36:00";7
"2019-01-24 21:36:05";7
"2019-01-24 21:56:00";6
"2019-01-24 21:56:06";6
"2019-01-24 22:06:00";6
"2019-01-24 22:06:08";6
"2019-01-24 22:26:00";6
"2019-01-24 22:26:07";6
"2019-01-24 22:36:00";6
"2019-01-24 22:36:06";6
"2019-01-24 22:56:00";6
"2019-01-24 22:56:05";6
"2019-01-24 23:06:00";6
"2019-01-24 23:06:06";6
"2019-01-24 23:26:00";7
"2019-01-24 23:26:05";7
"2019-01-24 23:36:00";7
"2019-01-24 23:36:06";7
"2019-01-24 23:56:00";5
"2019-01-24 23:56:08";5
"2019-01-25 00:06:00";5
"2019-01-25 00:06:07";5
"2019-01-25 00:26:00";5
"2019-01-25 00:26:05";5
"2019-01-25 00:36:00";7
"2019-01-25 00:36:06";7
"2019-01-25 00:56:00";6
"2019-01-25 00:56:06";6
"2019-01-25 01:06:00";6
"2019-01-25 01:06:05";6
"2019-01-25 01:26:00";6
"2019-01-25 01:26:06";6
"2019-01-25 01:36:00";5
"2019-01-25 01:36:05";5
"2019-01-25 01:56:00";5
"2019-01-25 01:56:05";5
"2019-01-25 02:06:00";5
"2019-01-25 02:06:05";5
"2019-01-25 02:26:00";5
"2019-01-25 02:26:05";5
"2019-01-25 02:36:00";5
"2019-01-25 02:36:05";5
"2019-01-25 02:56:00";6
"2019-01-25 02:56:06";6
"2019-01-25 03:06:00";6
"2019-01-25 03:06:05";6
"2019-01-25 03:26:00";6
"2019-01-25 03:26:05";6
"2019-01-25 03:36:00";4
"2019-01-25 03:36:06";4
"2019-01-25 03:56:00";5
"2019-01-25 03:56:05";5
"2019-01-25 04:06:00";5
"2019-01-25 04:06:06";5
"2019-01-25 04:26:00";5
"2019-01-25 04:26:05";5
"2019-01-25 04:36:00";5
"2019-01-25 04:36:06";5
"2019-01-25 04:56:00";5
"2019-01-25 04:56:05";5
"2019-01-25 05:06:00";5
"2019-01-25 05:06:05";5
"2019-01-25 05:26:00";5
"2019-01-25 05:26:05";5
"2019-01-25 05:36:00";6
"2019-01-25 05:36:05";6
"2019-01-25 05:56:00";5
"2019-01-25 05:56:07";5
"2019-01-25 06:06:00";5
"2019-01-25 06:06:05";5
"2019-01-25 06:26:00";3
"2019-01-25 06:26:05";3
"2019-01-25 06:36:00";3
"2019-01-25 06:36:05";3
"2019-01-25 06:56:00";3
"2019-01-25 06:56:05";3
"2019-01-25 07:06:00";3
"2019-01-25 07:06:05";3
"2019-01-25 07:26:00";4
"2019-01-25 07:26:05";4
"2019-01-25 07:36:00";4
"2019-01-25 07:36:05";4
"2019-01-25 07:56:00";4
"2019-01-25 07:56:05";4
"2019-01-25 08:06:00";4
"2019-01-25 08:06:05";4
"2019-01-25 08:26:00";4
"2019-01-25 08:26:05";4
"2019-01-25 08:36:00";4
"2019-01-25 08:36:05";4
"2019-01-25 08:56:00";4
"2019-01-25 08:56:05";4
"2019-01-25 09:06:00";4
"2019-01-25 09:06:05";4
"2019-01-25 09:26:00";4
"2019-01-25 09:26:05";4
"2019-01-25 09:36:00";4
"2019-01-25 09:36:05";4
"2019-01-25 09:56:00";5
"2019-01-25 09:56:05";5
"2019-01-25 10:06:00";5
"2019-01-25 10:06:05";5
"2019-01-25 10:26:00";6
"2019-01-25 10:26:05";6
"2019-01-25 10:36:00";6
"2019-01-25 10:36:05";6
"2019-01-25 10:56:00";3
"2019-01-25 10:56:06";3
"2019-01-25 11:06:00";3
"2019-01-25 11:06:05";3
"2019-01-25 11:26:00";2
"2019-01-25 11:26:05";2
"2019-01-25 11:36:00";2
"2019-01-25 11:36:05";2
"2019-01-25 11:56:00";1
"2019-01-25 11:56:05";1
"2019-01-25 12:06:00";1
"2019-01-25 12:06:05";1
"2019-01-25 12:26:00";0
"2019-01-25 12:26:06";0
"2019-01-25 12:36:00";0
"2019-01-25 12:36:06";0
"2019-01-25 12:56:00";-2
"2019-01-25 12:56:05";-2
"2019-01-25 13:06:00";-2
"2019-01-25 13:06:05";-2
"2019-01-25 13:26:00";-5
"2019-01-25 13:26:05";-5
"2019-01-25 13:36:00";-5
"2019-01-25 13:36:05";-5
"2019-01-25 13:56:00";-5
"2019-01-25 13:56:05";-5
"2019-01-25 14:06:00";-5
"2019-01-25 14:06:06";-5
"2019-01-25 14:26:00";0
"2019-01-25 14:26:05";0
"2019-01-25 14:36:00";0
"2019-01-25 14:36:05";0
"2019-01-25 14:56:00";2
"2019-01-25 14:56:06";2
"2019-01-25 15:06:00";2
"2019-01-25 15:06:07";2
"2019-01-25 15:26:00";3
"2019-01-25 15:26:05";3
"2019-01-25 15:36:00";3
"2019-01-25 15:36:05";3
"2019-01-25 15:56:00";5
"2019-01-25 15:56:05";5
"2019-01-25 16:06:00";5
"2019-01-25 16:06:05";5
"2019-01-25 16:26:00";4
"2019-01-25 16:26:05";4
"2019-01-25 16:36:00";4
"2019-01-25 16:36:06";4
"2019-01-25 16:56:00";6
"2019-01-25 16:56:06";6
"2019-01-25 17:06:00";6
"2019-01-25 17:06:05";6
"2019-01-25 17:26:00";6
"2019-01-25 17:26:05";6
"2019-01-25 17:36:00";5
"2019-01-25 17:36:05";5
"2019-01-25 17:56:00";5
"2019-01-25 17:56:05";5
"2019-01-25 18:06:00";6
"2019-01-25 18:06:05";6
"2019-01-25 18:26:00";6
"2019-01-25 18:26:05";6
"2019-01-25 18:36:00";6
"2019-01-25 18:36:06";6
"2019-01-25 18:56:00";6
"2019-01-25 18:56:05";6
"2019-01-25 19:06:00";6
"2019-01-25 19:06:05";6
"2019-01-25 19:26:00";6
"2019-01-25 19:26:06";6
"2019-01-25 19:36:00";6
"2019-01-25 19:36:05";6
"2019-01-25 19:56:00";6
"2019-01-25 19:56:06";6
"2019-01-25 20:06:00";5
"2019-01-25 20:06:05";5
"2019-01-25 20:26:00";6
"2019-01-25 20:26:06";6
"2019-01-25 20:36:00";6
"2019-01-25 20:36:05";6
"2019-01-25 20:56:00";6
"2019-01-25 20:56:05";6
"2019-01-25 21:06:00";6
"2019-01-25 21:06:05";6
"2019-01-25 21:26:00";7
"2019-01-25 21:26:05";7
"2019-01-25 21:36:00";7
"2019-01-25 21:36:05";7
"2019-01-25 21:56:00";7
"2019-01-25 21:56:05";7
"2019-01-25 22:06:00";7
"2019-01-25 22:06:08";7
"2019-01-25 22:26:00";7
"2019-01-25 22:26:07";7
"2019-01-25 22:36:00";7
"2019-01-25 22:36:07";7
"2019-01-25 22:56:00";5
"2019-01-25 22:56:06";5
"2019-01-25 23:06:00";5
"2019-01-25 23:06:05";5
"2019-01-25 23:26:00";5
"2019-01-25 23:26:06";5
"2019-01-25 23:36:00";6
"2019-01-25 23:36:06";6
"2019-01-25 23:56:00";6
"2019-01-25 23:56:07";6
"2019-01-26 00:06:00";6
"2019-01-26 00:06:07";6
"2019-01-26 00:26:00";7
"2019-01-26 00:26:06";7
"2019-01-26 00:36:00";7
"2019-01-26 00:36:06";7
"2019-01-26 00:56:00";6
"2019-01-26 00:56:08";6
"2019-01-26 01:06:00";6
"2019-01-26 01:06:05";6
"2019-01-26 01:26:00";6
"2019-01-26 01:26:05";6
"2019-01-26 01:36:00";7
"2019-01-26 01:36:05";7
"2019-01-26 01:56:00";6
"2019-01-26 01:56:05";6
"2019-01-26 02:06:00";6
"2019-01-26 02:06:05";6
"2019-01-26 02:26:00";5
"2019-01-26 02:26:05";5
"2019-01-26 02:36:00";5
"2019-01-26 02:36:05";5
"2019-01-26 02:56:00";4
"2019-01-26 02:56:05";4
"2019-01-26 03:06:00";4
"2019-01-26 03:06:06";4
"2019-01-26 03:26:00";5
"2019-01-26 03:26:05";5
"2019-01-26 03:36:00";5
"2019-01-26 03:36:05";5
"2019-01-26 03:56:00";4
"2019-01-26 03:56:05";4
"2019-01-26 04:06:00";4
"2019-01-26 04:06:05";4
"2019-01-26 04:26:00";6
"2019-01-26 04:26:04";6
"2019-01-26 04:36:00";6
"2019-01-26 04:36:05";6
"2019-01-26 04:56:00";5
"2019-01-26 04:56:05";5
"2019-01-26 05:06:00";5
"2019-01-26 05:06:05";5
"2019-01-26 05:26:00";5
"2019-01-26 05:26:07";5
"2019-01-26 05:36:00";5
"2019-01-26 05:36:05";5
"2019-01-26 05:56:00";5
"2019-01-26 05:56:05";5
"2019-01-26 06:06:00";5
"2019-01-26 06:06:05";5
"2019-01-26 06:26:00";5
"2019-01-26 06:26:05";5
"2019-01-26 06:36:00";5
"2019-01-26 06:36:06";5
"2019-01-26 06:56:00";6
"2019-01-26 06:56:05";6
"2019-01-26 07:06:00";6
"2019-01-26 07:06:05";6
"2019-01-26 07:26:00";6
"2019-01-26 07:26:05";6
"2019-01-26 07:36:00";6
"2019-01-26 07:36:05";6
"2019-01-26 07:56:00";7
"2019-01-26 07:56:05";7
"2019-01-26 08:06:00";7
"2019-01-26 08:06:05";7
"2019-01-26 08:26:00";5
"2019-01-26 08:26:05";5
"2019-01-26 08:36:00";5
"2019-01-26 08:36:05";5
"2019-01-26 08:56:00";5
"2019-01-26 08:56:05";5
"2019-01-26 09:06:00";6
"2019-01-26 09:06:05";6
"2019-01-26 09:26:00";5
"2019-01-26 09:26:06";5
"2019-01-26 09:36:00";5
"2019-01-26 09:36:05";5
"2019-01-26 09:56:00";6
"2019-01-26 09:56:05";6
"2019-01-26 10:06:00";6
"2019-01-26 10:06:05";6
"2019-01-26 10:26:00";9
"2019-01-26 10:26:05";9
"2019-01-26 10:36:00";9
"2019-01-26 10:36:05";9
"2019-01-26 10:56:00";6
"2019-01-26 10:56:05";6
"2019-01-26 11:06:00";6
"2019-01-26 11:06:05";6
"2019-01-26 11:26:00";2
"2019-01-26 11:26:05";2
"2019-01-26 11:36:00";2
"2019-01-26 11:36:05";2
"2019-01-26 11:56:00";3
"2019-01-26 11:56:05";3
"2019-01-26 12:06:00";3
"2019-01-26 12:06:05";3
"2019-01-26 12:26:00";5
"2019-01-26 12:26:05";5
"2019-01-26 12:36:00";5
"2019-01-26 12:36:05";5
"2019-01-26 12:56:00";4
"2019-01-26 12:56:05";4
"2019-01-26 13:06:00";4
"2019-01-26 13:06:05";4
"2019-01-26 13:26:00";3
"2019-01-26 13:26:07";3
"2019-01-26 13:36:00";3
"2019-01-26 13:36:05";3
"2019-01-26 13:56:00";6
"2019-01-26 13:56:05";6
"2019-01-26 14:06:00";6
"2019-01-26 14:06:06";6
"2019-01-26 14:26:00";6
"2019-01-26 14:26:06";6
"2019-01-26 14:36:00";6
"2019-01-26 14:36:06";6
"2019-01-26 14:56:00";6
"2019-01-26 14:56:06";6
"2019-01-26 15:06:00";6
"2019-01-26 15:06:05";6
"2019-01-26 15:26:00";6
"2019-01-26 15:26:05";6
"2019-01-26 15:36:00";6
"2019-01-26 15:36:05";6
"2019-01-26 15:56:00";6
"2019-01-26 15:56:06";6
"2019-01-26 16:06:00";6
"2019-01-26 16:06:05";6
"2019-01-26 16:26:00";7
"2019-01-26 16:26:06";7
"2019-01-26 16:36:00";7
"2019-01-26 16:36:05";7
"2019-01-26 16:56:00";8
"2019-01-26 16:56:05";8
"2019-01-26 17:06:00";8
"2019-01-26 17:06:05";8
"2019-01-26 17:26:00";6
"2019-01-26 17:26:05";6
"2019-01-26 17:36:00";6
"2019-01-26 17:36:05";6
"2019-01-26 17:56:00";8
"2019-01-26 17:56:06";8
"2019-01-26 18:06:00";8
"2019-01-26 18:06:05";8
"2019-01-26 18:26:00";8
"2019-01-26 18:26:05";8
"2019-01-26 18:36:00";8
"2019-01-26 18:36:05";8
"2019-01-26 18:56:00";6
"2019-01-26 18:56:05";6
"2019-01-26 19:06:00";6
"2019-01-26 19:06:05";6
"2019-01-26 19:26:00";8
"2019-01-26 19:26:06";8
"2019-01-26 19:36:00";8
"2019-01-26 19:36:06";8
"2019-01-26 19:56:00";6
"2019-01-26 19:56:06";6
"2019-01-26 20:06:00";6
"2019-01-26 20:06:06";6
"2019-01-26 20:26:00";8
"2019-01-26 20:26:05";8
"2019-01-26 20:36:00";8
"2019-01-26 20:36:06";8
"2019-01-26 20:56:00";7
"2019-01-26 20:56:05";7
"2019-01-26 21:06:00";7
"2019-01-26 21:06:06";7
"2019-01-26 21:26:00";7
"2019-01-26 21:26:05";7
"2019-01-26 21:36:00";7
"2019-01-26 21:36:06";7
"2019-01-26 21:56:00";7
"2019-01-26 21:56:05";7
"2019-01-26 22:06:00";7
"2019-01-26 22:06:07";7
"2019-01-26 22:26:00";8
"2019-01-26 22:26:06";8
"2019-01-26 22:36:00";8
"2019-01-26 22:36:06";8
"2019-01-26 22:56:00";8
"2019-01-26 22:56:06";8
"2019-01-26 23:06:00";8
"2019-01-26 23:06:06";8
"2019-01-26 23:26:00";7
"2019-01-26 23:26:06";7
"2019-01-27 01:06:00";7
"2019-01-27 01:06:05";7
"2019-01-27 01:16:00";7
"2019-01-27 01:16:08";7
"2019-01-27 01:36:00";7
"2019-01-27 01:36:05";7
"2019-01-27 01:46:00";7
"2019-01-27 01:46:06";7
"2019-01-27 02:06:00";7
"2019-01-27 02:06:06";7
"2019-01-27 02:16:00";7
"2019-01-27 02:16:06";7
"2019-01-27 02:36:00";7
"2019-01-27 02:36:05";7
"2019-01-27 02:46:00";7
"2019-01-27 02:46:06";7
"2019-01-27 03:06:00";7
"2019-01-27 03:06:06";7
"2019-01-27 03:16:00";7
"2019-01-27 03:16:06";7
"2019-01-27 03:36:00";6
"2019-01-27 03:36:05";6
"2019-01-27 03:46:00";6
"2019-01-27 03:46:06";6
"2019-01-27 04:06:00";6
"2019-01-27 04:06:05";6
"2019-01-27 04:16:00";6
"2019-01-27 04:16:05";6
"2019-01-27 04:36:00";6
"2019-01-27 04:36:05";6
"2019-01-27 04:46:00";6
"2019-01-27 04:46:05";6
"2019-01-27 05:06:00";5
"2019-01-27 05:06:05";5
"2019-01-27 05:16:00";5
"2019-01-27 05:16:05";5
"2019-01-27 05:36:00";6
"2019-01-27 05:36:05";6
"2019-01-27 05:46:00";6
"2019-01-27 05:46:05";6
"2019-01-27 06:06:00";6
"2019-01-27 06:06:05";6
"2019-01-27 06:16:00";6
"2019-01-27 06:16:06";6
"2019-01-27 06:36:00";5
"2019-01-27 06:36:05";5
"2019-01-27 06:46:00";5
"2019-01-27 06:46:06";5
"2019-01-27 07:06:00";5
"2019-01-27 07:06:05";5
"2019-01-27 07:16:00";5
"2019-01-27 07:16:05";5
"2019-01-27 07:36:00";5
"2019-01-27 07:36:05";5
"2019-01-27 07:46:00";5
"2019-01-27 07:46:05";5
"2019-01-27 08:06:00";5
"2019-01-27 08:06:05";5
"2019-01-27 08:16:00";5
"2019-01-27 08:16:06";5
"2019-01-27 08:36:00";6
"2019-01-27 08:36:05";6
"2019-01-27 08:46:00";6
"2019-01-27 08:46:06";6
"2019-01-27 09:06:00";7
"2019-01-27 09:06:06";7
"2019-01-27 09:16:00";7
"2019-01-27 09:16:06";7
"2019-01-27 09:36:00";8
"2019-01-27 09:36:05";8
"2019-01-27 09:46:00";8
"2019-01-27 09:46:06";8
"2019-01-27 10:06:00";8
"2019-01-27 10:06:06";8
"2019-01-27 10:16:00";6
"2019-01-27 10:16:05";6
"2019-01-27 10:36:00";6
"2019-01-27 10:36:06";6
"2019-01-27 10:46:00";7
"2019-01-27 10:46:05";7
"2019-01-27 11:06:00";7
"2019-01-27 11:06:05";7
"2019-01-27 11:16:00";7
"2019-01-27 11:16:05";7
"2019-01-27 11:36:00";5
"2019-01-27 11:36:05";5
"2019-01-27 11:46:00";5
"2019-01-27 11:46:06";5
"2019-01-27 12:06:00";5
"2019-01-27 12:06:06";5
"2019-01-27 12:16:00";5
"2019-01-27 12:16:06";5
"2019-01-27 12:36:00";4
"2019-01-27 12:36:05";4
"2019-01-27 12:46:00";4
"2019-01-27 12:46:05";4
"2019-01-27 13:06:00";4
"2019-01-27 13:06:06";4
"2019-01-27 13:16:00";4
"2019-01-27 13:16:06";4
"2019-01-27 13:36:00";6
"2019-01-27 13:36:06";6
"2019-01-27 13:46:00";6
"2019-01-27 13:46:06";6
"2019-01-27 14:06:00";6
"2019-01-27 14:06:06";6
"2019-01-27 14:16:00";6
"2019-01-27 14:16:06";6
"2019-01-27 14:36:00";7
"2019-01-27 14:36:05";7
"2019-01-27 14:46:00";7
"2019-01-27 14:46:05";7
"2019-01-27 15:06:00";7
"2019-01-27 15:06:05";7
"2019-01-27 15:16:00";7
"2019-01-27 15:16:05";7
"2019-01-27 15:36:00";6
"2019-01-27 15:36:05";6
"2019-01-27 15:46:00";6
"2019-01-27 15:46:05";6
"2019-01-27 16:06:00";7
"2019-01-27 16:06:05";7
"2019-01-27 16:16:00";7
"2019-01-27 16:16:05";7
"2019-01-27 16:36:00";7
"2019-01-27 16:36:05";7
"2019-01-27 16:46:00";7
"2019-01-27 16:46:06";7
"2019-01-27 17:06:00";6
"2019-01-27 17:06:05";6
"2019-01-27 17:16:00";6
"2019-01-27 17:16:07";6
"2019-01-27 17:36:00";7
"2019-01-27 17:36:06";7
"2019-01-27 17:46:00";7
"2019-01-27 17:46:05";7
"2019-01-27 18:06:00";7
"2019-01-27 18:06:06";7
"2019-01-27 18:16:00";7
"2019-01-27 18:16:06";7
"2019-01-27 18:36:00";7
"2019-01-27 18:36:05";7
"2019-01-27 18:46:00";7
"2019-01-27 18:46:05";7
"2019-01-27 19:06:00";7
"2019-01-27 19:06:05";7
"2019-01-27 19:16:00";7
"2019-01-27 19:16:05";7
"2019-01-27 19:36:00";7
"2019-01-27 19:36:05";7
"2019-01-27 19:46:00";7
"2019-01-27 19:46:05";7
"2019-01-27 20:06:00";6
"2019-01-27 20:06:06";6
"2019-01-27 20:16:00";6
"2019-01-27 20:16:05";6
"2019-01-27 20:36:00";7
"2019-01-27 20:36:06";7
"2019-01-27 20:46:00";7
"2019-01-27 20:46:06";7
"2019-01-27 21:06:00";7
"2019-01-27 21:06:05";7
"2019-01-27 21:16:00";7
"2019-01-27 21:16:06";7
"2019-01-27 21:36:00";7
"2019-01-27 21:36:05";7
"2019-01-27 21:46:00";7
"2019-01-27 21:46:06";7
"2019-01-27 22:06:00";6
"2019-01-27 22:06:08";6
"2019-01-27 22:16:00";6
"2019-01-27 22:16:06";6
"2019-01-27 22:36:00";7
"2019-01-27 22:36:06";7
"2019-01-27 22:46:00";7
"2019-01-27 22:46:06";7
"2019-01-27 23:06:00";7
"2019-01-27 23:06:06";7
"2019-01-27 23:16:00";7
"2019-01-27 23:16:06";7
"2019-01-27 23:36:00";6
"2019-01-27 23:36:07";6
"2019-01-27 23:46:00";6
"2019-01-27 23:46:06";6
"2019-01-28 00:06:00";6
"2019-01-28 00:06:06";6
"2019-01-28 00:16:00";7
"2019-01-28 00:16:06";7
"2019-01-28 00:36:00";7
"2019-01-28 00:36:06";7
"2019-01-28 00:46:00";7
"2019-01-28 00:46:07";7
"2019-01-28 01:06:00";7
"2019-01-28 01:06:06";7
"2019-01-28 01:16:00";7
"2019-01-28 01:16:06";7
"2019-01-28 01:36:00";7
"2019-01-28 01:36:06";7
"2019-01-28 01:46:00";7
"2019-01-28 01:46:05";7
"2019-01-28 02:06:00";6
"2019-01-28 02:06:06";6
"2019-01-28 02:16:00";6
"2019-01-28 02:16:05";6
"2019-01-28 02:36:00";5
"2019-01-28 02:36:05";5
"2019-01-28 02:46:00";5
"2019-01-28 02:46:05";5
"2019-01-28 03:06:00";5
"2019-01-28 03:06:06";5
"2019-01-28 03:16:00";5
"2019-01-28 03:16:06";5
"2019-01-28 03:36:00";5
"2019-01-28 03:36:06";5
"2019-01-28 03:46:00";5
"2019-01-28 03:46:06";5
"2019-01-28 04:06:00";5
"2019-01-28 04:06:05";5
"2019-01-28 04:16:00";5
"2019-01-28 04:16:06";5
"2019-01-28 04:36:00";5
"2019-01-28 04:36:05";5
"2019-01-28 04:46:00";5
"2019-01-28 04:46:05";5
"2019-01-28 05:06:00";5
"2019-01-28 05:06:05";5
"2019-01-28 05:16:00";5
"2019-01-28 05:16:06";5
"2019-01-28 05:36:00";5
"2019-01-28 05:36:05";5
"2019-01-28 05:46:00";5
"2019-01-28 05:46:06";5
"2019-01-28 06:06:00";5
"2019-01-28 06:06:05";5
"2019-01-28 06:16:00";5
"2019-01-28 06:16:05";5
"2019-01-28 06:36:00";5
"2019-01-28 06:36:05";5
"2019-01-28 06:46:00";5
"2019-01-28 06:46:05";5
"2019-01-28 07:06:00";5
"2019-01-28 07:06:05";5
"2019-01-28 07:16:00";5
"2019-01-28 07:16:05";5
"2019-01-28 07:36:00";5
"2019-01-28 07:36:05";5
"2019-01-28 07:46:00";5
"2019-01-28 07:46:05";5
"2019-01-28 08:06:00";5
"2019-01-28 08:06:05";5
"2019-01-28 08:16:00";5
"2019-01-28 08:16:06";5
"2019-01-28 08:36:00";5
"2019-01-28 08:36:05";5
"2019-01-28 08:46:00";5
"2019-01-28 08:46:06";5
"2019-01-28 09:06:00";5
"2019-01-28 09:06:05";5
"2019-01-28 09:16:00";5
"2019-01-28 09:16:05";5
"2019-01-28 09:36:00";7
"2019-01-28 09:36:05";7
"2019-01-28 09:46:00";7
"2019-01-28 09:46:05";7
"2019-01-28 10:06:00";6
"2019-01-28 10:06:06";6
"2019-01-28 10:16:00";6
"2019-01-28 10:16:05";6
"2019-01-28 10:36:00";5
"2019-01-28 10:36:05";5
"2019-01-28 10:46:00";5
"2019-01-28 10:46:06";5
"2019-01-28 11:06:00";4
"2019-01-28 11:06:05";4
"2019-01-28 11:16:00";4
"2019-01-28 11:16:05";4
"2019-01-28 11:36:00";3
"2019-01-28 11:36:06";3
"2019-01-28 11:46:00";3
"2019-01-28 11:46:07";3
"2019-01-28 12:06:00";-1
"2019-01-28 12:06:05";-1
"2019-01-28 12:16:00";-1
"2019-01-28 12:16:05";-1
"2019-01-28 12:36:00";-1
"2019-01-28 12:36:06";-1
"2019-01-28 12:46:00";-1
"2019-01-28 12:46:06";-1
"2019-01-28 13:06:00";-2
"2019-01-28 13:06:05";-2
"2019-01-28 13:16:00";-2
"2019-01-28 13:16:06";-2
"2019-01-28 13:36:00";-2
"2019-01-28 13:36:06";-2
"2019-01-28 13:46:00";-2
"2019-01-28 13:46:06";-2
"2019-01-28 14:06:00";-3
"2019-01-28 14:06:05";-3
"2019-01-28 14:16:00";-3
"2019-01-28 14:16:07";-3
"2019-01-28 14:36:00";3
"2019-01-28 14:36:06";3
"2019-01-28 14:46:00";3
"2019-01-28 14:46:06";3
"2019-01-28 15:06:00";5
"2019-01-28 15:06:05";5
"2019-01-28 15:16:00";5
"2019-01-28 15:16:06";5
"2019-01-28 15:36:00";5
"2019-01-28 15:36:06";5
"2019-01-28 15:46:00";5
"2019-01-28 15:46:06";5
"2019-01-28 16:06:00";5
"2019-01-28 16:06:05";5
"2019-01-28 16:16:00";5
"2019-01-28 16:16:06";5
"2019-01-28 16:26:00";4
"2019-01-28 16:26:05";4
"2019-01-28 17:06:00";5
"2019-01-28 17:06:05";5
"2019-01-28 17:36:00";5
"2019-01-28 17:36:06";5
"2019-01-28 17:46:00";4
"2019-01-28 17:46:05";4
"2019-01-28 18:06:00";4
"2019-01-28 18:06:06";4
"2019-01-28 18:16:00";4
"2019-01-28 18:16:05";4
"2019-01-28 18:36:00";4
"2019-01-28 18:36:05";4
"2019-01-28 18:46:00";4
"2019-01-28 18:46:05";4
"2019-01-28 19:06:00";4
"2019-01-28 19:06:05";4
"2019-01-28 19:16:00";5
"2019-01-28 19:16:05";5
"2019-01-28 19:36:00";5
"2019-01-28 19:36:05";5
"2019-01-28 19:46:00";5
"2019-01-28 19:46:05";5
"2019-01-28 20:06:00";5
"2019-01-28 20:06:11";5
"2019-01-28 20:16:00";5
"2019-01-28 20:16:05";5
"2019-01-28 20:36:00";5
"2019-01-28 20:36:06";5
"2019-01-28 20:46:00";5
"2019-01-28 20:46:05";5
"2019-01-28 21:06:00";5
"2019-01-28 21:06:06";5
"2019-01-28 21:16:00";5
"2019-01-28 21:16:05";5
"2019-01-28 21:36:00";5
"2019-01-28 21:36:07";5
"2019-01-28 21:46:00";5
"2019-01-28 21:46:06";5
"2019-01-28 21:56:00";5
"2019-01-28 21:56:05";5
"2019-01-28 22:16:00";5
"2019-01-28 22:16:06";5
"2019-01-28 22:36:00";4
"2019-01-28 22:36:05";4
"2019-01-28 22:46:00";4
"2019-01-28 22:46:05";4
"2019-01-28 23:06:00";4
"2019-01-28 23:06:05";4
"2019-01-28 23:36:00";5
"2019-01-28 23:36:06";5
"2019-01-28 23:46:00";5
"2019-01-28 23:46:06";5
"2019-01-28 23:56:00";4
"2019-01-28 23:56:05";4
"2019-01-29 00:16:00";4
"2019-01-29 00:16:06";4
"2019-01-29 00:36:00";4
"2019-01-29 00:36:05";4
"2019-01-29 00:46:00";4
"2019-01-29 00:46:06";4
"2019-01-29 01:06:00";5
"2019-01-29 01:06:05";5
"2019-01-29 01:16:00";5
"2019-01-29 01:16:06";5
"2019-01-29 01:36:00";4
"2019-01-29 01:36:05";4
"2019-01-29 01:46:00";4
"2019-01-29 01:46:06";4
"2019-01-29 02:06:00";5
"2019-01-29 02:06:05";5
"2019-01-29 02:16:00";5
"2019-01-29 02:16:05";5
"2019-01-29 02:36:00";5
"2019-01-29 02:36:04";5
"2019-01-29 02:46:00";5
"2019-01-29 02:46:04";5
"2019-01-29 03:06:00";4
"2019-01-29 03:06:04";4
"2019-01-29 03:16:00";4
"2019-01-29 03:16:05";4
"2019-01-29 03:36:00";5
"2019-01-29 03:36:05";5
"2019-01-29 03:46:00";5
"2019-01-29 03:46:05";5
"2019-01-29 04:06:00";4
"2019-01-29 04:06:05";4
"2019-01-29 04:16:00";4
"2019-01-29 04:16:05";4
"2019-01-29 04:36:00";3
"2019-01-29 04:36:05";3
"2019-01-29 04:46:00";3
"2019-01-29 04:46:05";3
"2019-01-29 05:06:00";4
"2019-01-29 05:06:05";4
"2019-01-29 05:16:00";4
"2019-01-29 05:16:05";4
"2019-01-29 05:36:00";4
"2019-01-29 05:36:05";4
"2019-01-29 05:46:00";4
"2019-01-29 05:46:05";4
"2019-01-29 06:06:00";4
"2019-01-29 06:06:05";4
"2019-01-29 08:46:00";4
"2019-01-29 08:46:06";4
"2019-01-29 09:06:00";6
"2019-01-29 09:06:05";6
"2019-01-29 09:16:00";6
"2019-01-29 09:16:05";6
"2019-01-29 09:36:00";3
"2019-01-29 09:36:05";3
"2019-01-29 09:46:00";3
"2019-01-29 09:46:05";3
"2019-01-29 10:06:00";4
"2019-01-29 10:06:05";4
"2019-01-29 10:16:00";6
"2019-01-29 10:16:05";6
"2019-01-29 10:36:00";6
"2019-01-29 10:36:05";6
"2019-01-29 10:46:00";6
"2019-01-29 10:46:06";6
"2019-01-29 11:06:00";3
"2019-01-29 11:06:05";3
"2019-01-29 11:16:00";3
"2019-01-29 11:16:06";3
"2019-01-29 11:36:00";0
"2019-01-29 11:36:05";0
"2019-01-29 11:46:00";0
"2019-01-29 11:46:05";0
"2019-01-29 12:06:00";-2
"2019-01-29 12:06:05";-2
"2019-01-29 12:16:00";-2
"2019-01-29 12:16:05";-2
"2019-01-29 12:36:00";-2
"2019-01-29 12:36:05";-2
"2019-01-29 12:46:00";-2
"2019-01-29 12:46:05";-2
"2019-01-29 13:06:00";-2
"2019-01-29 13:06:05";-2
"2019-01-29 13:16:00";0
"2019-01-29 13:16:05";0
"2019-01-29 13:36:00";0
"2019-01-29 13:36:05";0
"2019-01-29 13:46:00";0
"2019-01-29 13:46:06";0
"2019-01-29 13:56:00";0
"2019-01-29 13:56:05";0
"2019-01-29 14:06:00";0
"2019-01-29 14:06:06";0
"2019-01-29 14:26:00";2
"2019-01-29 14:26:05";2
"2019-01-29 14:36:00";2
"2019-01-29 14:36:06";2
"2019-01-29 14:56:00";3
"2019-01-29 14:56:05";3
"2019-01-29 15:06:00";3
"2019-01-29 15:06:05";3
"2019-01-29 15:26:00";4
"2019-01-29 15:26:05";4
"2019-01-29 15:36:00";4
"2019-01-29 15:36:05";4
"2019-01-29 15:56:00";5
"2019-01-29 15:56:05";5
"2019-01-29 16:06:00";5
"2019-01-29 16:06:05";5
"2019-01-29 16:26:00";6
"2019-01-29 16:26:05";6
"2019-01-29 16:36:00";6
"2019-01-29 16:36:05";6
"2019-01-29 16:56:00";6
"2019-01-29 16:56:06";6
"2019-01-29 17:56:00";6
"2019-01-29 17:56:06";6
"2019-01-29 18:06:00";4
"2019-01-29 18:06:05";4
"2019-01-29 18:16:00";4
"2019-01-29 18:16:05";4
"2019-01-29 18:36:00";3
"2019-01-29 18:36:06";3
"2019-01-29 18:46:00";3
"2019-01-29 18:46:06";3
"2019-01-29 19:06:00";4
"2019-01-29 19:06:05";4
"2019-01-29 19:16:00";4
"2019-01-29 19:16:06";4
"2019-01-29 19:36:00";4
"2019-01-29 19:36:05";4
"2019-01-29 19:46:00";4
"2019-01-29 19:46:05";4
"2019-01-29 20:06:00";4
"2019-01-29 20:06:06";4
"2019-01-29 20:16:00";4
"2019-01-29 20:16:06";4
"2019-01-29 20:36:00";4
"2019-01-29 20:36:06";4
"2019-01-29 20:46:00";5
"2019-01-29 20:46:06";5
"2019-01-29 21:06:00";5
"2019-01-29 21:06:05";5
"2019-01-29 21:16:00";5
"2019-01-29 21:16:06";5
"2019-01-29 21:36:00";5
"2019-01-29 21:36:05";5
"2019-01-29 21:46:00";5
"2019-01-29 21:46:06";5
"2019-01-29 22:06:00";5
"2019-01-29 22:06:06";5
"2019-01-29 22:16:00";5
"2019-01-29 22:16:07";5
"2019-01-29 22:36:00";6
"2019-01-29 22:36:06";6
"2019-01-29 22:46:00";5
"2019-01-29 22:46:06";5
"2019-01-29 23:06:00";5
"2019-01-29 23:06:06";5
"2019-01-29 23:16:00";5
"2019-01-29 23:16:06";5
"2019-01-29 23:36:00";5
"2019-01-29 23:36:06";5
"2019-01-29 23:46:00";5
"2019-01-29 23:46:05";5
"2019-01-30 00:06:00";5
"2019-01-30 00:06:06";5
"2019-01-30 00:16:00";5
"2019-01-30 00:16:08";5
"2019-01-30 00:36:00";5
"2019-01-30 00:36:06";5
"2019-01-30 00:46:00";4
"2019-01-30 00:46:07";4
"2019-01-30 01:06:00";5
"2019-01-30 01:06:05";5
"2019-01-30 01:16:00";5
"2019-01-30 01:16:05";5
"2019-01-30 01:36:00";4
"2019-01-30 01:36:05";4
"2019-01-30 01:46:00";4
"2019-01-30 01:46:05";4
"2019-01-30 02:06:00";4
"2019-01-30 02:06:05";4
"2019-01-30 02:16:00";4
"2019-01-30 02:16:05";4
"2019-01-30 02:36:00";4
"2019-01-30 02:36:05";4
"2019-01-30 02:46:00";4
"2019-01-30 02:46:05";4
"2019-01-30 03:06:00";4
"2019-01-30 03:06:04";4
"2019-01-30 03:16:00";4
"2019-01-30 03:16:06";4
"2019-01-30 03:36:00";5
"2019-01-30 03:36:05";5
"2019-01-30 03:46:00";5
"2019-01-30 03:46:06";5
"2019-01-30 04:06:00";5
"2019-01-30 04:06:05";5
"2019-01-30 04:16:00";5
"2019-01-30 04:16:05";5
"2019-01-30 04:36:00";5
"2019-01-30 04:36:05";5
"2019-01-30 04:46:00";5
"2019-01-30 04:46:05";5
"2019-01-30 05:06:00";4
"2019-01-30 05:06:05";4
"2019-01-30 05:16:00";4
"2019-01-30 05:16:06";4
"2019-01-30 05:36:00";5
"2019-01-30 05:36:05";5
"2019-01-30 05:46:00";5
"2019-01-30 05:46:07";5
"2019-01-30 06:06:00";6
"2019-01-30 06:06:05";6
"2019-01-30 06:16:00";6
"2019-01-30 06:16:05";6
"2019-01-30 06:36:00";5
"2019-01-30 06:36:05";5
"2019-01-30 06:46:00";5
"2019-01-30 06:46:05";5
"2019-01-30 07:06:00";5
"2019-01-30 07:06:05";5
"2019-01-30 07:16:00";5
"2019-01-30 07:16:05";5
"2019-01-30 07:36:00";5
"2019-01-30 07:36:06";5
"2019-01-30 07:46:00";5
"2019-01-30 07:46:05";5
"2019-01-30 08:06:00";4
"2019-01-30 08:06:05";4
"2019-01-30 08:16:00";4
"2019-01-30 08:16:05";4
"2019-01-30 08:36:00";4
"2019-01-30 08:36:05";4
"2019-01-30 08:46:00";4
"2019-01-30 08:46:05";4
"2019-01-30 09:06:00";6
"2019-01-30 09:06:05";6
"2019-01-30 09:16:00";6
"2019-01-30 09:16:05";6
"2019-01-30 09:36:00";4
"2019-01-30 09:36:06";4
"2019-01-30 09:46:00";4
"2019-01-30 09:46:05";4
"2019-01-30 10:06:00";5
"2019-01-30 10:06:05";5
"2019-01-30 10:16:00";5
"2019-01-30 10:16:06";5
"2019-01-30 10:36:00";5
"2019-01-30 10:36:05";5
"2019-01-30 10:46:00";5
"2019-01-30 10:46:05";5
"2019-01-30 11:06:00";4
"2019-01-30 11:06:05";4
"2019-01-30 11:16:00";4
"2019-01-30 11:16:05";4
"2019-01-30 11:36:00";3
"2019-01-30 11:36:05";3
"2019-01-30 11:46:00";3
"2019-01-30 11:46:05";3
"2019-01-30 12:06:00";3
"2019-01-30 12:06:05";3
"2019-01-30 12:16:00";3
"2019-01-30 12:16:05";3
"2019-01-30 12:36:00";4
"2019-01-30 12:36:05";4
"2019-01-30 12:46:00";4
"2019-01-30 12:46:05";4
"2019-01-30 13:06:00";3
"2019-01-30 13:06:05";3
"2019-01-30 13:16:00";3
"2019-01-30 13:16:06";3
"2019-01-30 13:36:00";5
"2019-01-30 13:36:05";5
"2019-01-30 13:46:00";5
"2019-01-30 13:46:05";5
"2019-01-30 14:06:00";5
"2019-01-30 14:06:04";5
"2019-01-30 14:16:00";5
"2019-01-30 14:16:06";5
"2019-01-30 14:36:00";5
"2019-01-30 14:36:06";5
"2019-01-30 14:46:00";5
"2019-01-30 14:46:06";5
"2019-01-30 15:06:00";5
"2019-01-30 15:06:05";5
"2019-01-30 15:16:00";5
"2019-01-30 15:16:06";5
"2019-01-30 15:36:00";6
"2019-01-30 15:36:05";6
"2019-01-30 15:46:00";6
"2019-01-30 15:46:06";6
"2019-01-30 16:06:00";7
"2019-01-30 16:06:05";7
"2019-01-30 16:16:00";7
"2019-01-30 16:16:06";7
"2019-01-30 16:36:00";6
"2019-01-30 16:36:05";6
"2019-01-30 16:46:00";6
"2019-01-30 16:46:05";6
"2019-01-30 17:06:00";6
"2019-01-30 17:06:06";6
"2019-01-30 17:16:00";6
"2019-01-30 17:16:05";6
"2019-01-30 17:36:00";6
"2019-01-30 17:36:05";6
"2019-01-30 17:46:00";6
"2019-01-30 17:46:05";6
"2019-01-30 18:06:00";6
"2019-01-30 18:06:05";6
"2019-01-30 18:16:00";6
"2019-01-30 18:16:06";6
"2019-01-30 18:36:00";4
"2019-01-30 18:36:05";4
"2019-01-30 18:46:00";4
"2019-01-30 18:46:06";4
"2019-01-30 19:06:00";4
"2019-01-30 19:06:05";4
"2019-01-30 19:16:00";4
"2019-01-30 19:16:06";4
"2019-01-30 19:36:00";5
"2019-01-30 19:36:05";5
"2019-01-30 19:46:00";5
"2019-01-30 19:46:05";5
"2019-01-30 20:06:00";5
"2019-01-30 20:06:06";5
"2019-01-30 20:16:00";5
"2019-01-30 20:16:05";5
"2019-01-30 20:36:00";4
"2019-01-30 20:36:06";4
"2019-01-30 20:46:00";4
"2019-01-30 20:46:05";4
"2019-01-30 21:06:00";4
"2019-01-30 21:06:06";4
"2019-01-30 21:16:00";4
"2019-01-30 21:16:05";4
"2019-01-30 21:36:00";3
"2019-01-30 21:36:05";3
"2019-01-30 21:46:00";3
"2019-01-30 21:46:05";3
"2019-01-30 22:06:00";4
"2019-01-30 22:06:07";4
"2019-01-30 22:16:00";4
"2019-01-30 22:16:06";4
"2019-01-30 22:36:00";5
"2019-01-30 22:36:06";5
"2019-01-30 22:46:00";5
"2019-01-30 22:46:05";5
"2019-01-30 23:06:00";5
"2019-01-30 23:06:06";5
"2019-01-30 23:16:00";5
"2019-01-30 23:16:05";5
"2019-01-30 23:36:00";5
"2019-01-30 23:36:07";5
"2019-01-30 23:46:00";5
"2019-01-30 23:46:07";5
"2019-01-31 00:06:00";4
"2019-01-31 00:06:06";4
"2019-01-31 00:16:00";4
"2019-01-31 00:16:06";4
"2019-01-31 00:36:00";5
"2019-01-31 00:36:06";5
"2019-01-31 00:46:00";5
"2019-01-31 00:46:08";5
"2019-01-31 01:06:00";5
"2019-01-31 01:06:05";5
"2019-01-31 01:16:00";5
"2019-01-31 01:16:05";5
"2019-01-31 01:36:00";5
"2019-01-31 01:36:05";5
"2019-01-31 01:46:00";5
"2019-01-31 01:46:06";5
"2019-01-31 02:06:00";4
"2019-01-31 02:06:05";4
"2019-01-31 02:16:00";4
"2019-01-31 02:16:05";4
"2019-01-31 02:36:00";5
"2019-01-31 02:36:05";5
"2019-01-31 02:46:00";5
"2019-01-31 02:46:06";5
"2019-01-31 03:06:00";5
"2019-01-31 03:06:05";5
"2019-01-31 03:16:00";5
"2019-01-31 03:16:05";5
"2019-01-31 03:36:00";3
"2019-01-31 03:36:05";3
"2019-01-31 03:46:00";3
"2019-01-31 03:46:06";3
"2019-01-31 04:06:00";4
"2019-01-31 04:06:06";4
"2019-01-31 04:16:00";4
"2019-01-31 04:16:06";4
"2019-01-31 04:36:00";4
"2019-01-31 04:36:06";4
"2019-01-31 04:46:00";3
"2019-01-31 04:46:06";3
"2019-01-31 05:06:00";3
"2019-01-31 05:06:06";3
"2019-01-31 05:16:00";3
"2019-01-31 05:16:05";3
"2019-01-31 05:36:00";3
"2019-01-31 05:36:06";3
"2019-01-31 05:46:00";3
"2019-01-31 05:46:06";3
"2019-01-31 06:06:00";4
"2019-01-31 06:06:05";4
"2019-01-31 06:16:00";4
"2019-01-31 06:16:05";4
"2019-01-31 06:36:00";4
"2019-01-31 06:36:06";4
"2019-01-31 06:46:00";4
"2019-01-31 06:46:05";4
"2019-01-31 07:06:00";3
"2019-01-31 07:06:05";3
"2019-01-31 09:16:00";4
"2019-01-31 09:16:07";4
"2019-01-31 09:26:00";4
"2019-01-31 09:26:05";4
"2019-01-31 09:46:00";4
"2019-01-31 09:46:05";4
"2019-01-31 09:56:00";3
"2019-01-31 09:56:05";3
"2019-01-31 10:16:00";3
"2019-01-31 10:16:05";3
"2019-01-31 10:26:00";4
"2019-01-31 10:26:05";4
"2019-01-31 10:46:00";4
"2019-01-31 10:46:06";4
"2019-01-31 10:56:00";4
"2019-01-31 10:56:05";4
"2019-01-31 11:16:00";3
"2019-01-31 11:16:05";3
"2019-01-31 11:26:00";4
"2019-01-31 11:26:05";4
"2019-01-31 11:46:00";4
"2019-01-31 11:46:05";4
"2019-01-31 11:56:00";4
"2019-01-31 11:56:05";4
"2019-01-31 12:06:00";4
"2019-01-31 12:06:05";4
"2019-01-31 12:26:00";6
"2019-01-31 12:26:06";6
"2019-01-31 12:36:00";6
"2019-01-31 12:36:05";6
"2019-01-31 12:56:00";5
"2019-01-31 12:56:05";5
"2019-01-31 13:06:00";5
"2019-01-31 13:06:06";5
"2019-01-31 13:26:00";4
"2019-01-31 13:26:06";4
"2019-01-31 13:36:00";4
"2019-01-31 13:36:06";4
"2019-01-31 13:56:00";5
"2019-01-31 13:56:05";5
"2019-01-31 14:06:00";5
"2019-01-31 14:06:06";5
"2019-01-31 14:26:00";5
"2019-01-31 14:26:05";5
"2019-01-31 14:36:00";5
"2019-01-31 14:36:06";5
"2019-01-31 14:56:00";4
"2019-01-31 14:56:05";4
"2019-01-31 15:06:00";4
"2019-01-31 15:06:05";4
"2019-01-31 15:26:00";4
"2019-01-31 15:26:05";4
"2019-01-31 15:36:00";4
"2019-01-31 15:36:05";4
"2019-01-31 15:56:00";6
"2019-01-31 15:56:05";6
"2019-01-31 16:06:00";6
"2019-01-31 16:06:06";6
"2019-01-31 16:26:00";5
"2019-01-31 16:26:05";5
"2019-01-31 16:36:00";5
"2019-01-31 16:36:05";5
"2019-01-31 16:56:00";5
"2019-01-31 16:56:05";5
"2019-01-31 17:06:00";5
"2019-01-31 17:06:05";5
"2019-01-31 17:26:00";6
"2019-01-31 17:26:05";6
"2019-01-31 17:36:00";6
"2019-01-31 17:36:05";6
"2019-01-31 17:56:00";6
"2019-01-31 17:56:06";6
"2019-01-31 18:06:00";5
"2019-01-31 18:06:05";5
"2019-01-31 18:26:00";6
"2019-01-31 18:26:05";6
"2019-01-31 18:36:00";6
"2019-01-31 18:36:05";6
"2019-01-31 18:56:00";6
"2019-01-31 18:56:06";6
"2019-01-31 19:06:00";6
"2019-01-31 19:06:05";6
"2019-01-31 19:26:00";6
"2019-01-31 19:26:06";6
"2019-01-31 19:36:00";6
"2019-01-31 19:36:06";6
"2019-01-31 19:56:00";5
"2019-01-31 19:56:05";5
"2019-01-31 20:06:00";5
"2019-01-31 20:06:06";5
"2019-01-31 20:26:00";5
"2019-01-31 20:26:06";5
"2019-01-31 20:36:00";5
"2019-01-31 20:36:06";5
"2019-01-31 20:56:00";4
"2019-01-31 20:56:05";4
"2019-01-31 21:06:00";4
"2019-01-31 21:06:05";4
"2019-01-31 21:26:00";4
"2019-01-31 21:26:05";4
"2019-01-31 21:36:00";4
"2019-01-31 21:36:05";4
"2019-01-31 21:56:00";4
"2019-01-31 21:56:05";4
"2019-01-31 22:06:00";4
"2019-01-31 22:06:07";4
"2019-01-31 22:26:00";5
"2019-01-31 22:26:06";5
"2019-01-31 22:36:00";5
"2019-01-31 22:36:06";5
"2019-01-31 22:56:00";6
"2019-01-31 22:56:05";6
"2019-01-31 23:06:00";6
"2019-01-31 23:06:06";6
"2019-01-31 23:26:00";5
"2019-01-31 23:26:05";5
"2019-01-31 23:36:00";5
"2019-01-31 23:36:06";5
"2019-01-31 23:56:00";5
"2019-01-31 23:56:07";5
"2019-02-01 00:06:00";5
"2019-02-01 00:06:06";5
"2019-02-01 00:26:00";4
"2019-02-01 00:26:06";4
"2019-02-01 00:36:00";4
"2019-02-01 00:36:06";4
"2019-02-01 00:56:00";5
"2019-02-01 00:56:07";5
"2019-02-01 01:06:00";5
"2019-02-01 01:06:05";5
"2019-02-01 01:26:00";5
"2019-02-01 01:26:05";5
"2019-02-01 01:36:00";5
"2019-02-01 01:36:05";5
"2019-02-01 01:56:00";5
"2019-02-01 01:56:06";5
"2019-02-01 02:06:00";6
"2019-02-01 02:06:05";6
"2019-02-01 02:26:00";5
"2019-02-01 02:26:06";5
"2019-02-01 02:36:00";5
"2019-02-01 02:36:06";5
"2019-02-01 02:56:00";5
"2019-02-01 02:56:05";5
"2019-02-01 03:06:00";5
"2019-02-01 03:06:05";5
"2019-02-01 03:16:00";5
"2019-02-01 03:16:05";5
"2019-02-01 03:36:00";4
"2019-02-01 03:36:05";4
"2019-02-01 03:46:00";4
"2019-02-01 03:46:06";4
"2019-02-01 04:06:00";5
"2019-02-01 04:06:06";5
"2019-02-01 04:16:00";5
"2019-02-01 04:16:05";5
"2019-02-01 04:36:00";4
"2019-02-01 04:36:06";4
"2019-02-01 04:46:00";4
"2019-02-01 04:46:06";4
"2019-02-01 05:06:00";5
"2019-02-01 05:06:05";5
"2019-02-01 05:16:00";5
"2019-02-01 05:16:06";5
"2019-02-01 05:36:00";4
"2019-02-01 05:36:05";4
"2019-02-01 05:46:00";4
"2019-02-01 05:46:06";4
"2019-02-01 06:06:00";4
"2019-02-01 06:06:05";4
"2019-02-01 06:16:00";4
"2019-02-01 06:16:06";4
"2019-02-01 06:36:00";5
"2019-02-01 06:36:05";5
"2019-02-01 06:46:00";5
"2019-02-01 06:46:05";5
"2019-02-01 07:06:00";5
"2019-02-01 07:06:05";5
"2019-02-01 07:16:00";5
"2019-02-01 07:16:06";5
"2019-02-01 07:36:00";5
"2019-02-01 07:36:05";5
"2019-02-01 07:46:00";5
"2019-02-01 07:46:05";5
"2019-02-01 08:06:00";5
"2019-02-01 08:06:05";5
"2019-02-01 08:16:00";5
"2019-02-01 08:16:05";5
"2019-02-01 08:36:00";4
"2019-02-01 08:36:05";4
"2019-02-01 10:46:00";5
"2019-02-01 10:46:06";5
"2019-02-01 11:06:00";5
"2019-02-01 11:06:05";5
"2019-02-01 11:16:00";5
"2019-02-01 11:16:05";5
"2019-02-01 11:36:00";4
"2019-02-01 11:36:06";4
"2019-02-01 11:46:00";4
"2019-02-01 11:46:06";4
"2019-02-01 12:06:00";5
"2019-02-01 12:06:05";5
"2019-02-01 12:16:00";5
"2019-02-01 12:16:06";5
"2019-02-01 12:36:00";6
"2019-02-01 12:36:05";6
"2019-02-01 12:46:00";6
"2019-02-01 12:46:06";6
"2019-02-01 13:06:00";6
"2019-02-01 13:06:05";6
"2019-02-01 13:16:00";6
"2019-02-01 13:16:05";6
"2019-02-01 13:36:00";5
"2019-02-01 13:36:05";5
"2019-02-01 13:46:00";5
"2019-02-01 13:46:06";5
"2019-02-01 14:06:00";5
"2019-02-01 14:06:05";5
"2019-02-01 14:16:00";5
"2019-02-01 14:16:05";5
"2019-02-01 14:36:00";6
"2019-02-01 14:36:05";6
"2019-02-01 14:46:00";6
"2019-02-01 14:46:06";6
"2019-02-01 15:06:00";6
"2019-02-01 15:06:05";6
"2019-02-01 15:16:00";6
"2019-02-01 15:16:05";6
"2019-02-01 15:36:00";5
"2019-02-01 15:36:05";5
"2019-02-01 15:46:00";5
"2019-02-01 15:46:05";5
"2019-02-01 16:06:00";6
"2019-02-01 16:06:05";6
"2019-02-01 16:16:00";6
"2019-02-01 16:16:05";6
"2019-02-01 18:26:00";5
"2019-02-01 18:26:06";5
"2019-02-01 18:46:00";5
"2019-02-01 18:46:06";5
"2019-02-01 18:56:00";5
"2019-02-01 18:56:05";5
"2019-02-01 19:16:00";6
"2019-02-01 19:16:05";6
"2019-02-01 19:26:00";5
"2019-02-01 19:26:06";5
"2019-02-01 19:46:00";5
"2019-02-01 19:46:06";5
"2019-02-01 19:56:00";7
"2019-02-01 19:56:05";7
"2019-02-01 20:16:00";7
"2019-02-01 20:16:05";7
"2019-02-01 20:26:00";6
"2019-02-01 20:26:05";6
"2019-02-01 20:46:00";6
"2019-02-01 20:46:06";6
"2019-02-01 20:56:00";6
"2019-02-01 20:56:06";6
"2019-02-01 21:16:00";6
"2019-02-01 21:16:06";6
"2019-02-01 21:26:00";5
"2019-02-01 21:26:05";5
"2019-02-01 21:46:00";5
"2019-02-01 21:46:07";5
"2019-02-01 21:56:00";7
"2019-02-01 21:56:05";7
"2019-02-01 22:16:00";7
"2019-02-01 22:16:06";7
"2019-02-01 22:26:00";6
"2019-02-01 22:26:06";6
"2019-02-01 22:46:00";6
"2019-02-01 22:46:06";6
"2019-02-01 22:56:00";6
"2019-02-01 22:56:06";6
"2019-02-01 23:16:00";6
"2019-02-01 23:16:06";6
"2019-02-01 23:26:00";6
"2019-02-01 23:26:06";6
"2019-02-01 23:46:00";6
"2019-02-01 23:46:07";6
"2019-02-01 23:56:00";5
"2019-02-01 23:56:06";5
"2019-02-02 00:16:00";5
"2019-02-02 00:16:06";5
"2019-02-02 00:26:00";6
"2019-02-02 00:26:06";6
"2019-02-02 00:46:00";6
"2019-02-02 00:46:06";6
"2019-02-02 00:56:00";5
"2019-02-02 00:56:06";5
"2019-02-02 01:16:00";5
"2019-02-02 01:16:05";5
"2019-02-02 01:26:00";6
"2019-02-02 01:26:05";6
"2019-02-02 01:46:00";6
"2019-02-02 01:46:05";6
"2019-02-02 01:56:00";6
"2019-02-02 01:56:05";6
"2019-02-02 02:16:00";6
"2019-02-02 02:16:06";6
"2019-02-02 02:26:00";5
"2019-02-02 02:26:05";5
"2019-02-02 02:46:00";5
"2019-02-02 02:46:05";5
"2019-02-02 02:56:00";5
"2019-02-02 02:56:06";5
"2019-02-02 03:06:00";6
"2019-02-02 03:06:05";6
"2019-02-02 03:26:00";6
"2019-02-02 03:26:06";6
"2019-02-02 03:36:00";6
"2019-02-02 03:36:05";6
"2019-02-02 03:56:00";7
"2019-02-02 03:56:05";7
"2019-02-02 04:06:00";7
"2019-02-02 04:06:09";7
"2019-02-02 04:26:00";6
"2019-02-02 04:26:05";6
"2019-02-02 04:36:00";6
"2019-02-02 04:36:05";6
"2019-02-02 04:56:00";6
"2019-02-02 04:56:05";6
"2019-02-02 05:06:00";6
"2019-02-02 05:06:06";6
"2019-02-02 05:26:00";6
"2019-02-02 05:26:05";6
"2019-02-02 05:36:00";7
"2019-02-02 05:36:05";7
"2019-02-02 05:56:00";6
"2019-02-02 05:56:06";6
"2019-02-02 06:06:00";6
"2019-02-02 06:06:05";6
"2019-02-02 06:26:00";5
"2019-02-02 06:26:06";5
"2019-02-02 06:36:00";5
"2019-02-02 06:36:05";5
"2019-02-02 06:56:00";6
"2019-02-02 06:56:05";6
"2019-02-02 07:06:00";6
"2019-02-02 07:06:05";6
"2019-02-02 07:26:00";6
"2019-02-02 07:26:06";6
"2019-02-02 07:36:00";6
"2019-02-02 07:36:05";6
"2019-02-02 07:56:00";5
"2019-02-02 07:56:05";5
"2019-02-02 08:06:00";5
"2019-02-02 08:06:05";5
"2019-02-02 08:26:00";5
"2019-02-02 08:26:05";5
"2019-02-02 08:36:00";6
"2019-02-02 08:36:05";6
"2019-02-02 08:56:00";6
"2019-02-02 08:56:05";6
"2019-02-02 09:06:00";6
"2019-02-02 09:06:05";6
"2019-02-02 09:26:00";5
"2019-02-02 09:26:05";5
"2019-02-02 09:36:00";5
"2019-02-02 09:36:05";5
"2019-02-02 09:56:00";4
"2019-02-02 09:56:05";4
"2019-02-02 10:06:00";4
"2019-02-02 10:06:05";4
"2019-02-02 10:26:00";6
"2019-02-02 10:26:04";6
"2019-02-02 10:36:00";6
"2019-02-02 10:36:05";6
"2019-02-02 10:56:00";5
"2019-02-02 10:56:05";5
"2019-02-02 11:06:00";5
"2019-02-02 11:06:05";5
"2019-02-02 11:26:00";3
"2019-02-02 11:26:05";3
"2019-02-02 11:36:00";3
"2019-02-02 11:36:05";3
"2019-02-02 11:56:00";4
"2019-02-02 11:56:05";4
"2019-02-02 12:06:00";4
"2019-02-02 12:06:04";4
"2019-02-02 12:26:00";5
"2019-02-02 12:26:05";5
"2019-02-02 12:36:00";5
"2019-02-02 12:36:06";5
"2019-02-02 12:56:00";7
"2019-02-02 12:56:05";7
"2019-02-02 13:06:00";7
"2019-02-02 13:06:05";7
"2019-02-02 13:26:00";6
"2019-02-02 13:26:05";6
"2019-02-02 13:36:00";6
"2019-02-02 13:36:05";6
"2019-02-02 13:56:00";6
"2019-02-02 13:56:05";6
"2019-02-02 14:06:00";6
"2019-02-02 14:06:05";6
"2019-02-02 14:26:00";6
"2019-02-02 14:26:05";6
"2019-02-02 14:36:00";7
"2019-02-02 14:36:05";7
"2019-02-02 14:56:00";6
"2019-02-02 14:56:05";6
"2019-02-02 15:06:00";6
"2019-02-02 15:06:04";6
"2019-02-02 15:26:00";5
"2019-02-02 15:26:05";5
"2019-02-02 15:36:00";5
"2019-02-02 15:36:05";5
"2019-02-02 15:56:00";5
"2019-02-02 15:56:05";5
"2019-02-02 16:06:00";5
"2019-02-02 16:06:05";5
"2019-02-02 16:26:00";6
"2019-02-02 16:26:05";6
"2019-02-02 16:36:00";6
"2019-02-02 16:36:06";6
"2019-02-02 16:56:00";5
"2019-02-02 16:56:05";5
"2019-02-02 17:06:00";5
"2019-02-02 17:06:05";5
"2019-02-02 17:26:00";5
"2019-02-02 17:26:06";5
"2019-02-02 17:36:00";5
"2019-02-02 17:36:05";5
"2019-02-02 17:56:00";6
"2019-02-02 17:56:05";6
"2019-02-02 18:06:00";6
"2019-02-02 18:06:06";6
"2019-02-02 18:26:00";5
"2019-02-02 18:26:05";5
"2019-02-02 18:36:00";5
"2019-02-02 18:36:05";5
"2019-02-02 18:56:00";6
"2019-02-02 18:56:05";6
"2019-02-02 19:06:00";6
"2019-02-02 19:06:05";6
"2019-02-02 19:26:00";5
"2019-02-02 19:26:05";5
"2019-02-02 19:36:00";5
"2019-02-02 19:36:05";5
"2019-02-02 19:56:00";6
"2019-02-02 19:56:05";6
"2019-02-02 20:06:00";6
"2019-02-02 20:06:06";6
"2019-02-02 20:26:00";5
"2019-02-02 20:26:05";5
"2019-02-02 20:36:00";5
"2019-02-02 20:36:05";5
"2019-02-02 20:56:00";5
"2019-02-02 20:56:06";5
"2019-02-02 21:06:00";5
"2019-02-02 21:06:05";5
"2019-02-02 21:26:00";6
"2019-02-02 21:26:05";6
"2019-02-02 21:36:00";6
"2019-02-02 21:36:05";6
"2019-02-02 21:56:00";6
"2019-02-02 21:56:05";6
"2019-02-02 22:06:00";6
"2019-02-02 22:06:07";6
"2019-02-02 22:26:00";6
"2019-02-02 22:26:05";6
"2019-02-02 22:36:00";6
"2019-02-02 22:36:06";6
"2019-02-02 22:56:00";5
"2019-02-02 22:56:06";5
"2019-02-02 23:06:00";5
"2019-02-02 23:06:06";5
"2019-02-02 23:26:00";7
"2019-02-02 23:26:06";7
"2019-02-03 00:56:00";6
"2019-02-03 00:56:06";6
"2019-02-03 01:06:00";6
"2019-02-03 01:06:05";6
"2019-02-03 01:26:00";7
"2019-02-03 01:26:05";7
"2019-02-03 01:36:00";7
"2019-02-03 01:36:05";7
"2019-02-03 01:56:00";6
"2019-02-03 01:56:06";6
"2019-02-03 02:06:00";6
"2019-02-03 02:06:05";6
"2019-02-03 02:26:00";5
"2019-02-03 02:26:06";5
"2019-02-03 02:36:00";5
"2019-02-03 02:36:06";5
"2019-02-03 02:56:00";7
"2019-02-03 02:56:06";7
"2019-02-03 03:06:00";7
"2019-02-03 03:06:06";7
"2019-02-03 03:26:00";7
"2019-02-03 03:26:06";7
"2019-02-03 03:36:00";7
"2019-02-03 03:36:06";7
"2019-02-03 03:56:00";5
"2019-02-03 03:56:06";5
"2019-02-03 04:06:00";5
"2019-02-03 04:06:06";5
"2019-02-03 04:26:00";7
"2019-02-03 04:26:05";7
"2019-02-03 04:36:00";7
"2019-02-03 04:36:06";7
"2019-02-03 04:56:00";6
"2019-02-03 04:56:06";6
"2019-02-03 05:06:00";6
"2019-02-03 05:06:05";6
"2019-02-03 05:26:00";6
"2019-02-03 05:26:06";6
"2019-02-03 05:36:00";6
"2019-02-03 05:36:05";6
"2019-02-03 05:56:00";7
"2019-02-03 05:56:06";7
"2019-02-03 06:06:00";7
"2019-02-03 06:06:06";7
"2019-02-03 06:26:00";5
"2019-02-03 06:26:06";5
"2019-02-03 06:36:00";5
"2019-02-03 06:36:05";5
"2019-02-03 06:56:00";7
"2019-02-03 06:56:05";7
"2019-02-03 07:06:00";7
"2019-02-03 07:06:05";7
"2019-02-03 07:26:00";5
"2019-02-03 07:26:05";5
"2019-02-03 07:36:00";5
"2019-02-03 07:36:05";5
"2019-02-03 07:56:00";6
"2019-02-03 07:56:05";6
"2019-02-03 08:06:00";6
"2019-02-03 08:06:06";6
"2019-02-03 08:26:00";6
"2019-02-03 08:26:06";6
"2019-02-03 08:36:00";6
"2019-02-03 08:36:06";6
"2019-02-03 08:56:00";6
"2019-02-03 08:56:05";6
"2019-02-03 09:06:00";6
"2019-02-03 09:06:06";6
"2019-02-03 09:26:00";5
"2019-02-03 09:26:05";5
"2019-02-03 09:36:00";5
"2019-02-03 09:36:07";5
"2019-02-03 09:56:00";6
"2019-02-03 09:56:05";6
"2019-02-03 10:06:00";6
"2019-02-03 10:06:05";6
"2019-02-03 10:26:00";5
"2019-02-03 10:26:06";5
"2019-02-03 10:36:00";5
"2019-02-03 10:36:05";5
"2019-02-03 10:56:00";5
"2019-02-03 10:56:06";5
"2019-02-03 11:06:00";7
"2019-02-03 11:06:06";7
"2019-02-03 11:26:00";7
"2019-02-03 11:26:06";7
"2019-02-03 11:36:00";7
"2019-02-03 11:36:06";7
"2019-02-03 11:56:00";6
"2019-02-03 11:56:06";6
"2019-02-03 12:06:00";6
"2019-02-03 12:06:06";6
"2019-02-03 12:26:00";7
"2019-02-03 12:26:05";7
"2019-02-03 12:36:00";7
"2019-02-03 12:36:06";7
"2019-02-03 12:56:00";5
"2019-02-03 12:56:08";5
"2019-02-03 13:06:00";5
"2019-02-03 13:06:06";5
"2019-02-03 13:26:00";4
"2019-02-03 13:26:05";4
"2019-02-03 13:36:00";4
"2019-02-03 13:36:06";4
"2019-02-03 13:56:00";6
"2019-02-03 13:56:06";6
"2019-02-03 14:06:00";6
"2019-02-03 14:06:05";6
"2019-02-03 14:26:00";5
"2019-02-03 14:26:05";5
"2019-02-03 14:36:00";5
"2019-02-03 14:36:05";5
"2019-02-03 14:56:00";6
"2019-02-03 14:56:06";6
"2019-02-03 15:06:00";6
"2019-02-03 15:06:06";6
"2019-02-03 15:26:00";6
"2019-02-03 15:26:06";6
"2019-02-03 15:36:00";6
"2019-02-03 15:36:05";6
"2019-02-03 15:56:00";5
"2019-02-03 15:56:05";5
"2019-02-03 16:06:00";5
"2019-02-03 16:06:05";5
"2019-02-03 16:26:00";6
"2019-02-03 16:26:05";6
"2019-02-03 16:36:00";6
"2019-02-03 16:36:05";6
"2019-02-03 16:56:00";6
"2019-02-03 16:56:05";6
"2019-02-03 17:06:00";6
"2019-02-03 17:06:05";6
"2019-02-03 17:26:00";5
"2019-02-03 17:26:05";5
"2019-02-03 17:36:00";5
"2019-02-03 17:36:05";5
"2019-02-03 17:56:00";4
"2019-02-03 17:56:06";4
"2019-02-03 18:06:00";4
"2019-02-03 18:06:05";4
"2019-02-03 18:26:00";6
"2019-02-03 18:26:05";6
"2019-02-03 18:36:00";6
"2019-02-03 18:36:05";6
"2019-02-03 18:56:00";5
"2019-02-03 18:56:06";5
"2019-02-03 19:06:00";5
"2019-02-03 19:06:06";5
"2019-02-03 19:26:00";6
"2019-02-03 19:26:05";6
"2019-02-03 19:36:00";6
"2019-02-03 19:36:06";6
"2019-02-03 19:56:00";6
"2019-02-03 19:56:05";6
"2019-02-03 20:06:00";6
"2019-02-03 20:06:05";6
"2019-02-03 20:26:00";5
"2019-02-03 20:26:05";5
"2019-02-03 20:36:00";5
"2019-02-03 20:36:05";5
"2019-02-03 20:56:00";5
"2019-02-03 20:56:06";5
"2019-02-03 21:06:00";5
"2019-02-03 21:06:06";5
"2019-02-03 21:26:00";5
"2019-02-03 21:26:05";5
"2019-02-03 21:36:00";5
"2019-02-03 21:36:05";5
"2019-02-03 21:56:00";5
"2019-02-03 21:56:06";5
"2019-02-03 22:06:00";5
"2019-02-03 22:06:06";5
"2019-02-03 22:26:00";5
"2019-02-03 22:26:06";5
"2019-02-03 22:36:00";5
"2019-02-03 22:36:07";5
"2019-02-03 22:56:00";5
"2019-02-03 22:56:05";5
"2019-02-03 23:06:00";5
"2019-02-03 23:06:06";5
"2019-02-03 23:26:00";5
"2019-02-03 23:26:05";5
"2019-02-03 23:36:00";5
"2019-02-03 23:36:07";5
"2019-02-03 23:56:00";4
"2019-02-03 23:56:06";4
"2019-02-04 00:06:00";4
"2019-02-04 00:06:05";4
"2019-02-04 00:26:00";5
"2019-02-04 00:26:05";5
"2019-02-04 00:36:00";5
"2019-02-04 00:36:07";5
"2019-02-04 00:56:00";5
"2019-02-04 00:56:07";5
"2019-02-04 01:06:00";5
"2019-02-04 01:06:06";5
"2019-02-04 01:26:00";5
"2019-02-04 01:26:05";5
"2019-02-04 01:36:00";5
"2019-02-04 01:36:06";5
"2019-02-04 01:56:00";5
"2019-02-04 01:56:05";5
"2019-02-04 02:06:00";5
"2019-02-04 02:06:05";5
"2019-02-04 02:26:00";5
"2019-02-04 02:26:05";5
"2019-02-04 02:36:00";5
"2019-02-04 02:36:06";5
"2019-02-04 02:56:00";6
"2019-02-04 02:56:05";6
"2019-02-04 03:06:00";5
"2019-02-04 03:06:06";5
"2019-02-04 03:26:00";6
"2019-02-04 03:26:05";6
"2019-02-04 03:36:00";6
"2019-02-04 03:36:06";6
"2019-02-04 03:56:00";6
"2019-02-04 03:56:06";6
"2019-02-04 04:06:00";5
"2019-02-04 04:06:06";5
"2019-02-04 04:26:00";5
"2019-02-04 04:26:05";5
"2019-02-04 04:36:00";5
"2019-02-04 04:36:05";5
"2019-02-04 04:56:00";5
"2019-02-04 04:56:05";5
"2019-02-04 05:06:00";5
"2019-02-04 05:06:05";5
"2019-02-04 05:26:00";5
"2019-02-04 05:26:05";5
"2019-02-04 05:36:00";5
"2019-02-04 05:36:05";5
"2019-02-04 05:56:00";4
"2019-02-04 05:56:05";4
"2019-02-04 06:06:00";4
"2019-02-04 06:06:05";4
"2019-02-04 06:26:00";3
"2019-02-04 06:26:05";3
"2019-02-04 06:36:00";3
"2019-02-04 06:36:05";3
"2019-02-04 06:56:00";6
"2019-02-04 06:56:05";6
"2019-02-04 07:06:00";6
"2019-02-04 07:06:06";6
"2019-02-04 07:26:00";4
"2019-02-04 07:26:05";4
"2019-02-04 07:36:00";4
"2019-02-04 07:36:05";4
"2019-02-04 07:56:00";5
"2019-02-04 07:56:05";5
"2019-02-04 08:06:00";5
"2019-02-04 08:06:05";5
"2019-02-04 08:26:00";5
"2019-02-04 08:26:05";5
"2019-02-04 08:36:00";5
"2019-02-04 08:36:04";5
"2019-02-04 08:56:00";5
"2019-02-04 08:56:05";5
"2019-02-04 09:06:00";5
"2019-02-04 09:06:05";5
"2019-02-04 09:26:00";5
"2019-02-04 09:26:06";5
"2019-02-04 09:36:00";5
"2019-02-04 09:36:05";5
"2019-02-04 09:56:00";5
"2019-02-04 09:56:05";5
"2019-02-04 10:06:00";4
"2019-02-04 10:06:05";4
"2019-02-04 10:26:00";4
"2019-02-04 10:26:05";4
"2019-02-04 10:36:00";4
"2019-02-04 10:36:05";4
"2019-02-04 10:46:00";4
"2019-02-04 10:46:05";4
"2019-02-04 11:06:00";2
"2019-02-04 11:06:05";2
"2019-02-04 11:16:00";2
"2019-02-04 11:16:05";2
"2019-02-04 11:36:00";2
"2019-02-04 11:36:05";2
"2019-02-04 11:46:00";2
"2019-02-04 11:46:05";2
"2019-02-04 12:06:00";-1
"2019-02-04 12:06:05";-1
"2019-02-04 12:16:00";-1
"2019-02-04 12:16:05";-1
"2019-02-04 12:36:00";-2
"2019-02-04 12:36:05";-2
"2019-02-04 12:46:00";-2
"2019-02-04 12:46:05";-2
"2019-02-04 13:06:00";-2
"2019-02-04 13:06:05";-2
"2019-02-04 13:16:00";-4
"2019-02-04 13:16:05";-4
"2019-02-04 13:36:00";-3
"2019-02-04 13:36:05";-3
"2019-02-04 13:46:00";-3
"2019-02-04 13:46:05";-3
"2019-02-04 14:06:00";-4
"2019-02-04 14:06:05";-4
"2019-02-04 14:16:00";-4
"2019-02-04 14:16:05";-4
"2019-02-04 14:36:00";-5
"2019-02-04 14:36:06";-5
"2019-02-04 14:46:00";-5
"2019-02-04 14:46:06";-5
"2019-02-04 15:06:00";3
"2019-02-04 15:06:05";3
"2019-02-04 15:16:00";3
"2019-02-04 15:16:06";3
"2019-02-04 15:36:00";4
"2019-02-04 15:36:05";4
"2019-02-04 15:46:00";4
"2019-02-04 15:46:05";4
"2019-02-04 16:06:00";3
"2019-02-04 16:06:05";3
"2019-02-04 16:16:00";4
"2019-02-04 16:16:05";4
"2019-02-04 16:36:00";4
"2019-02-04 16:36:05";4
"2019-02-04 16:46:00";4
"2019-02-04 16:46:05";4
"2019-02-04 17:06:00";4
"2019-02-04 17:06:05";4
"2019-02-04 17:16:00";4
"2019-02-04 17:16:06";4
"2019-02-04 17:36:00";5
"2019-02-04 17:36:05";5
"2019-02-04 17:46:00";5
"2019-02-04 17:46:05";5
"2019-02-04 18:06:00";4
"2019-02-04 18:06:05";4
"2019-02-04 18:16:00";4
"2019-02-04 18:16:06";4
"2019-02-04 18:36:00";5
"2019-02-04 18:36:05";5
"2019-02-04 18:46:00";5
"2019-02-04 18:46:06";5
"2019-02-04 19:06:00";5
"2019-02-04 19:06:05";5
"2019-02-04 19:16:00";5
"2019-02-04 19:16:06";5
"2019-02-04 19:36:00";4
"2019-02-04 19:36:06";4
"2019-02-04 19:46:00";4
"2019-02-04 19:46:05";4
"2019-02-04 20:06:00";3
"2019-02-04 20:06:05";3
"2019-02-04 20:16:00";3
"2019-02-04 20:16:07";3
"2019-02-04 20:36:00";5
"2019-02-04 20:36:05";5
"2019-02-04 20:46:00";5
"2019-02-04 20:46:06";5
"2019-02-04 21:06:00";4
"2019-02-04 21:06:05";4
"2019-02-04 21:16:00";4
"2019-02-04 21:16:06";4
"2019-02-04 21:36:00";6
"2019-02-04 21:36:05";6
"2019-02-04 21:46:00";6
"2019-02-04 21:46:05";6
"2019-02-04 22:06:00";5
"2019-02-04 22:06:07";5
"2019-02-04 22:16:00";5
"2019-02-04 22:16:07";5
"2019-02-04 22:36:00";5
"2019-02-04 22:36:07";5
"2019-02-04 22:46:00";5
"2019-02-04 22:46:05";5
"2019-02-04 23:06:00";4
"2019-02-04 23:06:06";4
"2019-02-04 23:16:06";4
"2019-02-04 23:36:00";6
"2019-02-04 23:36:07";6
"2019-02-04 23:46:00";6
"2019-02-04 23:46:07";6
"2019-02-05 00:06:00";6
"2019-02-05 00:06:07";6
"2019-02-05 00:16:00";6
"2019-02-05 00:16:06";6
"2019-02-05 00:36:00";4
"2019-02-05 00:36:06";4
"2019-02-05 00:46:00";4
"2019-02-05 00:46:06";4
"2019-02-05 01:06:00";5
"2019-02-05 01:06:06";5
"2019-02-05 01:16:00";5
"2019-02-05 01:16:06";5
"2019-02-05 01:36:00";4
"2019-02-05 01:36:05";4
"2019-02-05 01:46:00";4
"2019-02-05 01:46:06";4
"2019-02-05 02:06:00";4
"2019-02-05 02:06:05";4
"2019-02-05 02:16:00";4
"2019-02-05 02:16:05";4
"2019-02-05 02:36:00";4
"2019-02-05 02:36:05";4
"2019-02-05 02:46:00";4
"2019-02-05 02:46:05";4
"2019-02-05 03:06:00";5
"2019-02-05 03:06:05";5
"2019-02-05 03:16:00";5
"2019-02-05 03:16:06";5
"2019-02-05 03:36:00";4
"2019-02-05 03:36:07";4
"2019-02-05 03:46:00";4
"2019-02-05 03:46:06";4
"2019-02-05 04:06:00";4
"2019-02-05 04:06:07";4
"2019-02-05 04:16:00";4
"2019-02-05 04:16:05";4
"2019-02-05 04:36:00";4
"2019-02-05 04:36:06";4
"2019-02-05 04:46:00";4
"2019-02-05 04:46:05";4
"2019-02-05 05:06:00";5
"2019-02-05 05:06:05";5
"2019-02-05 05:16:00";5
"2019-02-05 05:16:06";5
"2019-02-05 05:36:00";5
"2019-02-05 05:36:05";5
"2019-02-05 05:46:00";5
"2019-02-05 05:46:05";5
"2019-02-05 06:06:00";4
"2019-02-05 06:06:05";4
"2019-02-05 06:16:00";4
"2019-02-05 06:16:06";4
"2019-02-05 06:36:00";3
"2019-02-05 06:36:05";3
"2019-02-05 06:46:00";3
"2019-02-05 06:46:07";3
"2019-02-05 07:06:00";4
"2019-02-05 07:06:05";4
"2019-02-05 07:16:00";4
"2019-02-05 07:16:05";4
"2019-02-05 07:36:00";5
"2019-02-05 07:36:05";5
"2019-02-05 07:46:00";5
"2019-02-05 07:46:05";5
"2019-02-05 08:06:00";3
"2019-02-05 08:06:05";3
"2019-02-05 08:16:00";3
"2019-02-05 08:16:05";3
"2019-02-05 08:36:00";3
"2019-02-05 08:36:05";3
"2019-02-05 08:46:00";3
"2019-02-05 08:46:05";3
"2019-02-05 09:06:00";5
"2019-02-05 09:06:05";5
"2019-02-05 09:16:00";5
"2019-02-05 09:16:05";5
"2019-02-05 09:36:00";3
"2019-02-05 09:36:05";3
"2019-02-05 09:46:00";3
"2019-02-05 09:46:06";3
"2019-02-05 10:06:00";4
"2019-02-05 10:06:05";4
"2019-02-05 10:16:00";4
"2019-02-05 10:16:05";4
"2019-02-05 10:36:00";5
"2019-02-05 10:36:05";5
"2019-02-05 10:46:00";5
"2019-02-05 10:46:05";5
"2019-02-05 11:06:00";1
"2019-02-05 11:06:05";1
"2019-02-05 11:16:00";1
"2019-02-05 11:16:05";1
"2019-02-05 11:36:00";1
"2019-02-05 11:36:05";1
"2019-02-05 11:46:00";1
"2019-02-05 11:46:05";1
"2019-02-05 12:06:00";-1
"2019-02-05 12:06:05";-1
"2019-02-05 12:16:00";-1
"2019-02-05 12:16:06";-1
"2019-02-05 12:36:00";-1
"2019-02-05 12:36:05";-1
"2019-02-05 12:46:00";-1
"2019-02-05 12:46:06";-1
"2019-02-05 13:06:00";-2
"2019-02-05 13:06:05";-2
"2019-02-05 13:16:00";-2
"2019-02-05 13:16:05";-2
"2019-02-05 13:36:00";-3
"2019-02-05 13:36:05";-3
"2019-02-05 13:46:00";-3
"2019-02-05 13:46:05";-3
"2019-02-05 14:06:00";-2
"2019-02-05 14:06:05";-2
"2019-02-05 14:16:00";-2
"2019-02-05 14:16:06";-2
"2019-02-05 14:26:00";-4
"2019-02-05 14:26:05";-4
"2019-02-05 14:46:00";-4
"2019-02-05 14:46:05";-4
"2019-02-05 14:56:00";2
"2019-02-05 14:56:05";2
"2019-02-05 15:16:00";2
"2019-02-05 15:16:05";2
"2019-02-05 15:26:00";2
"2019-02-05 15:26:05";2
"2019-02-05 15:46:00";2
"2019-02-05 15:46:05";2
"2019-02-05 15:56:00";3
"2019-02-05 15:56:05";3
"2019-02-05 16:16:00";3
"2019-02-05 16:16:06";3
"2019-02-05 16:26:00";5
"2019-02-05 16:26:05";5
"2019-02-05 16:46:00";5
"2019-02-05 16:46:06";5
"2019-02-05 16:56:00";6
"2019-02-05 16:56:06";6
"2019-02-05 17:16:00";6
"2019-02-05 17:16:05";6
"2019-02-05 17:26:00";6
"2019-02-05 17:26:06";6
"2019-02-05 17:46:00";6
"2019-02-05 17:46:06";6
"2019-02-05 17:56:00";6
"2019-02-05 17:56:05";6
"2019-02-05 18:16:00";5
"2019-02-05 18:16:05";5
"2019-02-05 18:26:00";3
"2019-02-05 18:26:05";3
"2019-02-05 18:46:00";3
"2019-02-05 18:46:06";3
"2019-02-05 18:56:00";4
"2019-02-05 18:56:06";4
"2019-02-05 19:16:00";4
"2019-02-05 19:16:07";4
"2019-02-05 19:26:00";5
"2019-02-05 19:26:05";5
"2019-02-05 19:46:00";5
"2019-02-05 19:46:05";5
"2019-02-05 19:56:00";5
"2019-02-05 19:56:05";5
"2019-02-05 20:16:00";5
"2019-02-05 20:16:06";5
"2019-02-05 20:26:00";5
"2019-02-05 20:26:06";5
"2019-02-05 20:46:00";5
"2019-02-05 20:46:05";5
"2019-02-05 20:56:00";5
"2019-02-05 20:56:05";5
"2019-02-05 21:16:00";5
"2019-02-05 21:16:05";5
"2019-02-05 21:26:00";6
"2019-02-05 21:26:05";6
"2019-02-05 21:46:00";6
"2019-02-05 21:46:06";6
"2019-02-05 21:56:00";7
"2019-02-05 21:56:05";7
"2019-02-05 22:16:00";7
"2019-02-05 22:16:07";7
"2019-02-05 22:26:00";5
"2019-02-05 22:26:07";5
"2019-02-05 22:46:00";5
"2019-02-05 22:46:06";5
"2019-02-05 22:56:00";5
"2019-02-05 22:56:06";5
"2019-02-05 23:16:00";5
"2019-02-05 23:16:06";5
"2019-02-05 23:26:00";5
"2019-02-05 23:26:05";5
"2019-02-05 23:46:00";6
"2019-02-05 23:46:06";6
"2019-02-05 23:56:00";6
"2019-02-05 23:56:07";6
"2019-02-06 00:16:00";6
"2019-02-06 00:16:06";6
"2019-02-06 00:26:00";5
"2019-02-06 00:26:06";5
"2019-02-06 00:46:00";5
"2019-02-06 00:46:06";5
"2019-02-06 00:56:00";5
"2019-02-06 00:56:07";5
"2019-02-06 01:16:00";5
"2019-02-06 01:16:05";5
"2019-02-06 01:26:00";5
"2019-02-06 01:26:06";5
"2019-02-06 01:46:00";5
"2019-02-06 01:46:06";5
"2019-02-06 01:56:00";5
"2019-02-06 01:56:06";5
"2019-02-06 02:16:00";5
"2019-02-06 02:16:05";5
"2019-02-06 02:26:00";5
"2019-02-06 02:26:05";5
"2019-02-06 02:46:00";5
"2019-02-06 02:46:06";5
"2019-02-06 02:56:00";6
"2019-02-06 02:56:05";6
"2019-02-06 03:16:00";6
"2019-02-06 03:16:05";6
"2019-02-06 03:26:00";5
"2019-02-06 03:26:06";5
"2019-02-06 03:46:00";5
"2019-02-06 03:46:06";5
"2019-02-06 03:56:00";4
"2019-02-06 03:56:07";4
"2019-02-06 04:16:00";4
"2019-02-06 04:16:06";4
"2019-02-06 04:26:00";5
"2019-02-06 04:26:05";5
"2019-02-06 04:46:00";5
"2019-02-06 04:46:05";5
"2019-02-06 04:56:00";5
"2019-02-06 04:56:06";5
"2019-02-06 05:16:00";5
"2019-02-06 05:16:06";5
"2019-02-06 05:26:00";5
"2019-02-06 05:26:05";5
"2019-02-06 05:46:00";5
"2019-02-06 05:46:06";5
"2019-02-06 05:56:00";4
"2019-02-06 05:56:06";4
"2019-02-06 06:16:00";4
"2019-02-06 06:16:06";4
"2019-02-06 06:26:00";4
"2019-02-06 06:26:06";4
"2019-02-06 06:46:00";4
"2019-02-06 06:46:05";4
"2019-02-06 06:56:00";4
"2019-02-06 06:56:05";4
"2019-02-06 07:16:00";6
"2019-02-06 07:16:06";6
"2019-02-06 07:36:00";5
"2019-02-06 07:36:05";5
"2019-02-06 07:46:00";5
"2019-02-06 07:46:05";5
"2019-02-06 07:56:00";5
"2019-02-06 07:56:05";5
"2019-02-06 08:06:00";5
"2019-02-06 08:06:06";5
"2019-02-06 08:26:00";5
"2019-02-06 08:26:04";5
"2019-02-06 08:36:00";5
"2019-02-06 08:36:05";5
"2019-02-06 08:46:00";5
"2019-02-06 08:46:05";5
"2019-02-06 09:06:00";5
"2019-02-06 09:06:06";5
"2019-02-06 09:16:00";5
"2019-02-06 09:16:05";5
"2019-02-06 09:36:00";5
"2019-02-06 09:36:05";5
"2019-02-06 09:46:00";5
"2019-02-06 09:46:06";5
"2019-02-06 10:06:00";4
"2019-02-06 10:06:05";4
"2019-02-06 10:16:00";4
"2019-02-06 10:16:05";4
"2019-02-06 10:36:00";6
"2019-02-06 10:36:05";6
"2019-02-06 10:46:00";6
"2019-02-06 10:46:05";6
"2019-02-06 11:06:00";3
"2019-02-06 11:06:05";3
"2019-02-06 11:16:00";3
"2019-02-06 11:16:05";3
"2019-02-06 11:36:00";2
"2019-02-06 11:36:05";2
"2019-02-06 11:46:00";2
"2019-02-06 11:46:05";2
"2019-02-06 12:06:00";0
"2019-02-06 12:06:05";0
"2019-02-06 12:16:00";0
"2019-02-06 12:16:05";0
"2019-02-06 12:36:00";0
"2019-02-06 12:36:06";0
"2019-02-06 12:46:00";0
"2019-02-06 12:46:05";0
"2019-02-06 13:06:00";-3
"2019-02-06 13:06:05";-3
"2019-02-06 13:16:00";-3
"2019-02-06 13:16:05";-3
"2019-02-06 13:36:00";-5
"2019-02-06 13:36:05";-5
"2019-02-06 13:46:00";-6
"2019-02-06 13:46:05";-6
"2019-02-06 14:06:00";-6
"2019-02-06 14:06:05";-6
"2019-02-06 14:16:00";-6
"2019-02-06 14:16:05";-6
"2019-02-06 14:36:00";-5
"2019-02-06 14:36:06";-5
"2019-02-06 14:46:00";-5
"2019-02-06 14:46:06";-5
"2019-02-06 15:06:00";0
"2019-02-06 15:06:05";0
"2019-02-06 15:16:00";0
"2019-02-06 15:16:05";0
"2019-02-06 15:36:00";1
"2019-02-06 15:36:06";1
"2019-02-06 15:46:00";1
"2019-02-06 15:46:05";1
"2019-02-06 16:06:00";4
"2019-02-06 16:06:05";4
"2019-02-06 16:16:00";4
"2019-02-06 16:16:06";4
"2019-02-06 16:36:00";3
"2019-02-06 16:36:05";3
"2019-02-06 16:46:00";3
"2019-02-06 16:46:06";3
"2019-02-06 17:06:00";6
"2019-02-06 17:06:05";6
"2019-02-06 17:16:00";6
"2019-02-06 17:16:05";6
"2019-02-06 17:36:00";4
"2019-02-06 17:36:05";4
"2019-02-06 17:46:00";4
"2019-02-06 17:46:06";4
"2019-02-06 18:06:00";6
"2019-02-06 18:06:06";6
"2019-02-06 18:16:00";6
"2019-02-06 18:16:05";6
"2019-02-06 18:36:00";4
"2019-02-06 18:36:07";4
"2019-02-06 18:46:00";4
"2019-02-06 18:46:05";4
"2019-02-06 19:06:00";5
"2019-02-06 19:06:05";5
"2019-02-06 19:16:00";5
"2019-02-06 19:16:05";5
"2019-02-06 19:36:00";6
"2019-02-06 19:36:06";6
"2019-02-06 19:46:00";6
"2019-02-06 19:46:06";6
"2019-02-06 20:06:00";6
"2019-02-06 20:06:06";6
"2019-02-06 20:16:00";6
"2019-02-06 20:16:06";6
"2019-02-06 20:36:00";5
"2019-02-06 20:36:06";5
"2019-02-06 20:46:00";5
"2019-02-06 20:46:05";5
"2019-02-06 21:06:00";6
"2019-02-06 21:06:07";6
"2019-02-06 21:16:00";6
"2019-02-06 21:16:05";6
"2019-02-06 21:36:00";5
"2019-02-06 21:36:06";5
"2019-02-06 21:46:00";5
"2019-02-06 21:46:06";5
"2019-02-06 22:06:00";6
"2019-02-06 22:06:07";6
"2019-02-06 22:16:00";6
"2019-02-06 22:16:07";6
"2019-02-06 22:36:00";5
"2019-02-06 22:36:06";5
"2019-02-06 22:46:00";5
"2019-02-06 22:46:05";5
"2019-02-06 23:06:00";6
"2019-02-06 23:06:05";6
"2019-02-06 23:16:00";6
"2019-02-06 23:16:06";6
"2019-02-06 23:36:00";6
"2019-02-06 23:36:06";6
"2019-02-06 23:46:00";6
"2019-02-06 23:46:07";6
"2019-02-07 00:06:00";5
"2019-02-07 00:06:07";5
"2019-02-07 00:16:00";5
"2019-02-07 00:16:07";5
"2019-02-07 00:36:00";6
"2019-02-07 00:36:07";6
"2019-02-07 00:46:00";6
"2019-02-07 00:46:06";6
"2019-02-07 01:06:00";6
"2019-02-07 01:06:05";6
"2019-02-07 01:16:00";6
"2019-02-07 01:16:05";6
"2019-02-07 01:36:00";5
"2019-02-07 01:36:06";5
"2019-02-07 01:46:00";5
"2019-02-07 01:46:05";5
"2019-02-07 02:06:00";4
"2019-02-07 02:06:05";4
"2019-02-07 02:16:00";4
"2019-02-07 02:16:05";4
"2019-02-07 02:36:00";6
"2019-02-07 02:36:05";6
"2019-02-07 02:46:00";6
"2019-02-07 02:46:05";6
"2019-02-07 03:06:00";6
"2019-02-07 03:06:05";6
"2019-02-07 03:16:00";6
"2019-02-07 03:16:05";6
"2019-02-07 03:36:00";5
"2019-02-07 03:36:06";5
"2019-02-07 03:46:00";5
"2019-02-07 03:46:06";5
"2019-02-07 04:06:00";6
"2019-02-07 04:06:06";6
"2019-02-07 04:16:00";6
"2019-02-07 04:16:06";6
"2019-02-07 04:36:00";4
"2019-02-07 04:36:06";4
"2019-02-07 04:46:00";4
"2019-02-07 04:46:05";4
"2019-02-07 05:06:00";5
"2019-02-07 05:06:05";5
"2019-02-07 05:16:00";5
"2019-02-07 05:16:05";5
"2019-02-07 05:36:00";4
"2019-02-07 05:36:05";4
"2019-02-07 05:46:00";4
"2019-02-07 05:46:06";4
"2019-02-07 06:06:00";5
"2019-02-07 06:06:05";5
"2019-02-07 06:16:00";5
"2019-02-07 06:16:05";5
"2019-02-07 06:36:00";5
"2019-02-07 06:36:06";5
"2019-02-07 06:46:00";5
"2019-02-07 06:46:06";5
"2019-02-07 07:06:00";6
"2019-02-07 07:06:05";6
"2019-02-07 07:16:00";6
"2019-02-07 07:16:05";6
"2019-02-07 07:36:00";5
"2019-02-07 07:36:05";5
"2019-02-07 07:46:00";5
"2019-02-07 07:46:06";5
"2019-02-07 08:06:00";5
"2019-02-07 08:06:05";5
"2019-02-07 08:16:00";5
"2019-02-07 08:16:05";5
"2019-02-07 08:36:00";5
"2019-02-07 08:36:05";5
"2019-02-07 08:46:00";5
"2019-02-07 08:46:07";5
"2019-02-07 09:06:00";6
"2019-02-07 09:06:05";6
"2019-02-07 09:16:00";6
"2019-02-07 09:16:05";6
"2019-02-07 09:36:00";6
"2019-02-07 09:36:05";6
"2019-02-07 09:46:00";6
"2019-02-07 09:46:05";6
"2019-02-07 10:06:00";6
"2019-02-07 10:06:05";6
"2019-02-07 10:16:00";6
"2019-02-07 10:16:05";6
"2019-02-07 10:36:00";6
"2019-02-07 10:36:05";6
"2019-02-07 10:46:00";6
"2019-02-07 10:46:05";6
"2019-02-07 11:06:00";7
"2019-02-07 11:06:05";7
"2019-02-07 11:16:00";7
"2019-02-07 11:16:05";7
"2019-02-07 11:36:00";6
"2019-02-07 11:36:05";6
"2019-02-07 11:46:00";6
"2019-02-07 11:46:06";6
"2019-02-07 12:06:00";6
"2019-02-07 12:06:05";6
"2019-02-07 12:16:00";6
"2019-02-07 12:16:05";6
"2019-02-07 12:36:00";7
"2019-02-07 12:36:05";7
"2019-02-07 12:46:00";7
"2019-02-07 12:46:06";7
"2019-02-07 13:06:00";6
"2019-02-07 13:06:05";6
"2019-02-07 13:16:00";6
"2019-02-07 13:16:06";6
"2019-02-07 13:36:00";4
"2019-02-07 13:36:07";4
"2019-02-07 13:46:00";4
"2019-02-07 13:46:06";4
"2019-02-07 14:06:00";3
"2019-02-07 14:06:05";3
"2019-02-07 14:16:00";3
"2019-02-07 14:16:05";3
"2019-02-07 14:36:00";4
"2019-02-07 14:36:06";4
"2019-02-07 14:46:00";4
"2019-02-07 14:46:05";4
"2019-02-07 15:06:00";4
"2019-02-07 15:06:06";4
"2019-02-07 15:16:00";4
"2019-02-07 15:16:05";4
"2019-02-07 15:36:00";5
"2019-02-07 15:36:05";5
"2019-02-07 15:46:00";5
"2019-02-07 15:46:05";5
"2019-02-07 16:06:00";4
"2019-02-07 16:06:05";4
"2019-02-07 16:16:00";4
"2019-02-07 16:16:06";4
"2019-02-07 16:36:00";3
"2019-02-07 16:36:05";3
"2019-02-07 16:46:00";3
"2019-02-07 16:46:05";3
"2019-02-07 17:06:00";5
"2019-02-07 17:06:05";5
"2019-02-07 17:16:00";5
"2019-02-07 17:16:05";5
"2019-02-07 17:36:00";6
"2019-02-07 17:36:05";6
"2019-02-07 17:46:00";6
"2019-02-07 17:46:05";6
"2019-02-07 18:06:00";5
"2019-02-07 18:06:05";5
"2019-02-07 18:16:00";5
"2019-02-07 18:16:05";5
"2019-02-07 18:36:00";5
"2019-02-07 18:36:05";5
"2019-02-07 18:46:00";5
"2019-02-07 18:46:06";5
"2019-02-07 19:06:00";6
"2019-02-07 19:06:05";6
"2019-02-07 19:16:00";6
"2019-02-07 19:16:05";6
"2019-02-07 19:36:00";6
"2019-02-07 19:36:05";6
"2019-02-07 19:46:00";6
"2019-02-07 19:46:05";6
"2019-02-07 20:06:00";5
"2019-02-07 20:06:06";5
"2019-02-07 20:16:00";5
"2019-02-07 20:16:05";5
"2019-02-07 20:36:00";4
"2019-02-07 20:36:05";4
"2019-02-07 20:46:00";4
"2019-02-07 20:46:06";4
"2019-02-07 21:06:00";5
"2019-02-07 21:06:06";5
"2019-02-07 21:16:00";5
"2019-02-07 21:16:06";5
"2019-02-07 21:36:00";5
"2019-02-07 21:36:07";5
"2019-02-07 21:46:00";5
"2019-02-07 21:46:06";5
"2019-02-07 22:06:00";6
"2019-02-07 22:06:07";6
"2019-02-07 22:16:00";6
"2019-02-07 22:16:06";6
"2019-02-07 22:36:00";5
"2019-02-07 22:36:06";5
"2019-02-07 22:46:00";5
"2019-02-07 22:46:05";5
"2019-02-07 23:06:00";6
"2019-02-07 23:06:05";6
"2019-02-07 23:16:00";6
"2019-02-07 23:16:06";6
"2019-02-07 23:36:00";6
"2019-02-07 23:36:06";6
"2019-02-07 23:46:00";6
"2019-02-07 23:46:07";6
"2019-02-08 00:06:00";5
"2019-02-08 00:06:06";5
"2019-02-08 00:16:00";5
"2019-02-08 00:16:06";5
"2019-02-08 00:36:00";5
"2019-02-08 00:36:05";5
"2019-02-08 00:46:00";5
"2019-02-08 00:46:07";5
"2019-02-08 01:06:00";5
"2019-02-08 01:06:05";5
"2019-02-08 01:16:00";5
"2019-02-08 01:16:05";5
"2019-02-08 01:36:00";5
"2019-02-08 01:36:05";5
"2019-02-08 01:46:00";5
"2019-02-08 01:46:05";5
"2019-02-08 02:06:00";6
"2019-02-08 02:06:05";6
"2019-02-08 02:16:00";6
"2019-02-08 02:16:06";6
"2019-02-08 02:36:00";4
"2019-02-08 02:36:05";4
"2019-02-08 02:46:00";4
"2019-02-08 02:46:05";4
"2019-02-08 03:06:00";4
"2019-02-08 03:06:05";4
"2019-02-08 03:16:00";4
"2019-02-08 03:16:05";4
"2019-02-08 03:36:00";5
"2019-02-08 03:36:04";5
"2019-02-08 03:46:00";5
"2019-02-08 03:46:05";5
"2019-02-08 04:06:00";5
"2019-02-08 04:06:06";5
"2019-02-08 04:16:00";5
"2019-02-08 04:16:06";5
"2019-02-08 04:36:00";4
"2019-02-08 04:36:05";4
"2019-02-08 04:46:00";4
"2019-02-08 04:46:05";4
"2019-02-08 05:06:00";5
"2019-02-08 05:06:05";5
"2019-02-08 05:16:00";5
"2019-02-08 05:16:05";5
"2019-02-08 05:36:00";4
"2019-02-08 05:36:05";4
"2019-02-08 05:46:00";4
"2019-02-08 05:46:05";4
"2019-02-08 06:06:00";5
"2019-02-08 06:06:05";5
"2019-02-08 06:16:00";5
"2019-02-08 06:16:05";5
"2019-02-08 06:36:00";7
"2019-02-08 06:36:05";7
"2019-02-08 06:46:00";7
"2019-02-08 06:46:05";7
"2019-02-08 07:06:00";5
"2019-02-08 07:06:05";5
"2019-02-08 07:16:00";5
"2019-02-08 07:16:05";5
"2019-02-08 07:36:00";5
"2019-02-08 07:36:05";5
"2019-02-08 07:46:00";5
"2019-02-08 07:46:06";5
"2019-02-08 08:06:00";5
"2019-02-08 08:06:05";5
"2019-02-08 08:16:00";5
"2019-02-08 08:16:07";5
"2019-02-08 08:36:00";5
"2019-02-08 08:36:05";5
"2019-02-08 08:46:00";5
"2019-02-08 08:46:05";5
"2019-02-08 09:06:00";5
"2019-02-08 09:06:06";5
"2019-02-08 09:16:00";5
"2019-02-08 09:16:06";5
"2019-02-08 09:36:00";5
"2019-02-08 09:36:05";5
"2019-02-08 09:46:00";5
"2019-02-08 09:46:05";5
"2019-02-08 10:06:00";5
"2019-02-08 10:06:05";5
"2019-02-08 10:16:00";5
"2019-02-08 10:16:05";5
"2019-02-08 10:36:00";6
"2019-02-08 10:36:05";6
"2019-02-08 10:46:00";6
"2019-02-08 10:46:05";6
"2019-02-08 11:06:00";3
"2019-02-08 11:06:05";3
"2019-02-08 11:16:00";3
"2019-02-08 11:16:05";3
"2019-02-08 11:36:00";1
"2019-02-08 11:36:05";1
"2019-02-08 11:46:00";1
"2019-02-08 11:46:05";1
"2019-02-08 12:06:00";-1
"2019-02-08 12:06:05";-1
"2019-02-08 12:16:00";-1
"2019-02-08 12:16:06";-1
"2019-02-08 12:36:00";-2
"2019-02-08 12:36:06";-2
"2019-02-08 12:46:00";-2
"2019-02-08 12:46:05";-2
"2019-02-08 13:06:00";-1
"2019-02-08 13:06:06";-1
"2019-02-08 13:16:00";-1
"2019-02-08 13:16:05";-1
"2019-02-08 13:36:00";2
"2019-02-08 13:36:05";2
"2019-02-08 13:46:00";2
"2019-02-08 13:46:05";2
"2019-02-08 14:06:00";2
"2019-02-08 14:06:05";2
"2019-02-08 14:16:00";2
"2019-02-08 14:16:06";2
"2019-02-08 14:36:00";0
"2019-02-08 14:36:05";0
"2019-02-08 14:46:00";0
"2019-02-08 14:46:05";0
"2019-02-08 15:06:00";0
"2019-02-08 15:06:05";0
"2019-02-08 15:16:00";0
"2019-02-08 15:16:05";0
"2019-02-08 15:36:00";2
"2019-02-08 15:36:05";2
"2019-02-08 15:46:00";2
"2019-02-08 15:46:05";2
"2019-02-08 16:06:00";3
"2019-02-08 16:06:05";3
"2019-02-08 16:16:00";3
"2019-02-08 16:16:05";3
"2019-02-08 16:36:00";3
"2019-02-08 16:36:05";3
"2019-02-08 16:46:00";3
"2019-02-08 16:46:05";3
"2019-02-08 17:06:00";4
"2019-02-08 17:06:05";4
"2019-02-08 17:16:00";4
"2019-02-08 17:16:05";4
"2019-02-08 17:36:00";5
"2019-02-08 17:36:05";5
"2019-02-08 17:46:00";5
"2019-02-08 17:46:07";5
"2019-02-08 18:06:00";4
"2019-02-08 18:06:05";4
"2019-02-08 18:16:00";4
"2019-02-08 18:16:05";4
"2019-02-08 18:36:00";4
"2019-02-08 18:36:05";4
"2019-02-08 18:46:00";4
"2019-02-08 18:46:06";4
"2019-02-08 19:06:00";4
"2019-02-08 19:06:05";4
"2019-02-08 19:16:00";4
"2019-02-08 19:16:05";4
"2019-02-08 19:36:00";5
"2019-02-08 19:36:05";5
"2019-02-08 19:46:00";5
"2019-02-08 19:46:05";5
"2019-02-08 20:06:00";4
"2019-02-08 20:06:05";4
"2019-02-08 20:16:00";4
"2019-02-08 20:16:05";4
"2019-02-08 20:36:00";5
"2019-02-08 20:36:05";5
"2019-02-08 20:46:00";5
"2019-02-08 20:46:05";5
"2019-02-08 21:06:00";6
"2019-02-08 21:06:06";6
"2019-02-08 21:16:00";6
"2019-02-08 21:16:05";6
"2019-02-08 21:36:00";6
"2019-02-08 21:36:05";6
"2019-02-08 21:46:00";6
"2019-02-08 21:46:05";6
"2019-02-08 22:06:00";5
"2019-02-08 22:06:06";5
"2019-02-08 22:16:00";5
"2019-02-08 22:16:06";5
"2019-02-08 22:36:00";4
"2019-02-08 22:36:06";4
"2019-02-08 22:46:00";4
"2019-02-08 22:46:05";4
"2019-02-08 23:06:00";4
"2019-02-08 23:06:05";4
"2019-02-08 23:16:00";4
"2019-02-08 23:16:05";4
"2019-02-08 23:36:00";6
"2019-02-08 23:36:06";6
"2019-02-08 23:46:00";6
"2019-02-08 23:46:07";6
"2019-02-09 00:06:00";4
"2019-02-09 00:06:07";4
"2019-02-09 00:16:00";4
"2019-02-09 00:16:06";4
"2019-02-09 00:36:00";5
"2019-02-09 00:36:06";5
"2019-02-09 00:46:00";5
"2019-02-09 00:46:06";5
"2019-02-09 01:06:00";5
"2019-02-09 01:06:06";5
"2019-02-09 01:16:00";5
"2019-02-09 01:16:06";5
"2019-02-09 01:36:00";6
"2019-02-09 01:36:05";6
"2019-02-09 01:46:00";6
"2019-02-09 01:46:05";6
"2019-02-09 02:06:00";5
"2019-02-09 02:06:05";5
"2019-02-09 02:16:00";5
"2019-02-09 02:16:06";5
"2019-02-09 02:36:00";5
"2019-02-09 02:36:05";5
"2019-02-09 02:46:00";5
"2019-02-09 02:46:05";5
"2019-02-09 03:06:00";5
"2019-02-09 03:06:05";5
"2019-02-09 03:16:00";5
"2019-02-09 03:16:05";5
"2019-02-09 03:36:00";5
"2019-02-09 03:36:05";5
"2019-02-09 03:46:00";4
"2019-02-09 03:46:05";4
"2019-02-09 04:06:00";4
"2019-02-09 04:06:05";4
"2019-02-09 04:16:00";4
"2019-02-09 04:16:05";4
"2019-02-09 04:36:00";4
"2019-02-09 04:36:05";4
"2019-02-09 04:46:00";4
"2019-02-09 04:46:06";4
"2019-02-09 05:06:00";5
"2019-02-09 05:06:05";5
"2019-02-09 05:16:00";5
"2019-02-09 05:16:05";5
"2019-02-09 05:36:00";5
"2019-02-09 05:36:05";5
"2019-02-09 05:46:00";5
"2019-02-09 05:46:05";5
"2019-02-09 06:06:00";5
"2019-02-09 06:06:05";5
"2019-02-09 06:16:00";5
"2019-02-09 06:16:05";5
"2019-02-09 06:36:00";5
"2019-02-09 06:36:04";5
"2019-02-09 06:46:00";5
"2019-02-09 06:46:06";5
"2019-02-09 07:06:00";4
"2019-02-09 07:06:04";4
"2019-02-09 07:16:00";4
"2019-02-09 07:16:06";4
"2019-02-09 07:36:00";5
"2019-02-09 07:36:04";5
"2019-02-09 07:46:00";5
"2019-02-09 07:46:05";5
"2019-02-09 08:06:00";6
"2019-02-09 08:06:05";6
"2019-02-09 08:16:00";6
"2019-02-09 08:16:05";6
"2019-02-09 08:36:00";5
"2019-02-09 08:36:05";5
"2019-02-09 08:46:00";5
"2019-02-09 08:46:05";5
"2019-02-09 09:06:00";6
"2019-02-09 09:06:06";6
"2019-02-09 09:16:00";6
"2019-02-09 09:16:05";6
"2019-02-09 09:36:00";6
"2019-02-09 09:36:05";6
"2019-02-09 09:46:00";6
"2019-02-09 09:46:06";6
"2019-02-09 10:06:00";6
"2019-02-09 10:06:05";6
"2019-02-09 10:26:00";5
"2019-02-09 10:26:05";5
"2019-02-09 10:36:00";5
"2019-02-09 10:36:05";5
"2019-02-09 10:46:00";5
"2019-02-09 10:46:06";5
"2019-02-09 11:06:00";3
"2019-02-09 11:06:05";3
"2019-02-09 11:16:00";3
"2019-02-09 11:16:05";3
"2019-02-09 11:36:00";2
"2019-02-09 11:36:05";2
"2019-02-09 11:46:00";2
"2019-02-09 11:46:05";2
"2019-02-09 12:06:00";0
"2019-02-09 12:06:05";0
"2019-02-09 12:16:00";0
"2019-02-09 12:16:05";0
"2019-02-09 12:36:00";-1
"2019-02-09 12:36:05";-1
"2019-02-09 12:46:00";-1
"2019-02-09 12:46:05";-1
"2019-02-09 13:06:00";1
"2019-02-09 13:06:05";1
"2019-02-09 13:16:00";1
"2019-02-09 13:16:05";1
"2019-02-09 13:36:00";0
"2019-02-09 13:36:05";0
"2019-02-09 13:46:00";0
"2019-02-09 13:46:06";0
"2019-02-09 14:06:00";1
"2019-02-09 14:06:05";1
"2019-02-09 14:16:00";1
"2019-02-09 14:16:05";1
"2019-02-09 14:36:00";0
"2019-02-09 14:36:06";0
"2019-02-09 14:46:00";0
"2019-02-09 14:46:05";0
"2019-02-09 15:06:00";1
"2019-02-09 15:06:05";1
"2019-02-09 15:16:00";1
"2019-02-09 15:16:05";1
"2019-02-09 15:36:00";4
"2019-02-09 15:36:06";4
"2019-02-09 15:46:00";4
"2019-02-09 15:46:06";4
"2019-02-09 16:06:00";4
"2019-02-09 16:06:05";4
"2019-02-09 16:16:00";4
"2019-02-09 16:16:05";4
"2019-02-09 16:36:00";3
"2019-02-09 16:36:05";3
"2019-02-09 16:46:00";3
"2019-02-09 16:46:06";3
"2019-02-09 17:06:00";2
"2019-02-09 17:06:05";2
"2019-02-09 17:16:00";2
"2019-02-09 17:16:05";2
"2019-02-09 17:36:00";4
"2019-02-09 17:36:05";4
"2019-02-09 17:46:00";4
"2019-02-09 17:46:06";4
"2019-02-09 18:06:00";4
"2019-02-09 18:06:05";4
"2019-02-09 18:16:00";4
"2019-02-09 18:16:06";4
"2019-02-09 18:36:00";3
"2019-02-09 18:36:05";3
"2019-02-09 18:46:00";3
"2019-02-09 18:46:06";3
"2019-02-09 19:06:00";4
"2019-02-09 19:06:05";4
"2019-02-09 19:16:00";4
"2019-02-09 19:16:05";4
"2019-02-09 19:36:00";5
"2019-02-09 19:36:05";5
"2019-02-09 19:46:00";5
"2019-02-09 19:46:05";5
"2019-02-09 20:06:00";5
"2019-02-09 20:06:05";5
"2019-02-09 20:16:00";5
"2019-02-09 20:16:05";5
"2019-02-09 20:36:00";5
"2019-02-09 20:36:05";5
"2019-02-09 20:46:00";5
"2019-02-09 20:46:05";5
"2019-02-09 21:06:00";5
"2019-02-09 21:06:05";5
"2019-02-09 21:16:00";5
"2019-02-09 21:16:06";5
"2019-02-09 21:36:00";5
"2019-02-09 21:36:05";5
"2019-02-09 21:46:00";5
"2019-02-09 21:46:05";5
"2019-02-09 22:06:00";6
"2019-02-09 22:06:06";6
"2019-02-09 22:16:00";6
"2019-02-09 22:16:07";6
"2019-02-09 22:36:00";5
"2019-02-09 22:36:06";5
"2019-02-09 22:46:00";5
"2019-02-09 22:46:05";5
"2019-02-09 23:06:00";4
"2019-02-09 23:06:05";4
"2019-02-09 23:16:00";4
"2019-02-09 23:16:05";4
"2019-02-09 23:26:00";5
"2019-02-09 23:26:05";5
"2019-02-10 00:46:00";6
"2019-02-10 00:46:06";6
"2019-02-10 01:06:00";5
"2019-02-10 01:06:05";5
"2019-02-10 01:16:00";5
"2019-02-10 01:16:06";5
"2019-02-10 01:36:00";6
"2019-02-10 01:36:05";6
"2019-02-10 01:46:00";6
"2019-02-10 01:46:05";6
"2019-02-10 02:06:00";5
"2019-02-10 02:06:05";5
"2019-02-10 02:16:00";5
"2019-02-10 02:16:05";5
"2019-02-10 02:36:00";4
"2019-02-10 02:36:05";4
"2019-02-10 02:46:00";4
"2019-02-10 02:46:05";4
"2019-02-10 03:06:00";5
"2019-02-10 03:06:06";5
"2019-02-10 03:16:00";5
"2019-02-10 03:16:05";5
"2019-02-10 03:36:00";4
"2019-02-10 03:36:05";4
"2019-02-10 03:46:00";4
"2019-02-10 03:46:06";4
"2019-02-10 04:06:00";5
"2019-02-10 04:06:06";5
"2019-02-10 04:16:00";5
"2019-02-10 04:16:06";5
"2019-02-10 04:36:00";6
"2019-02-10 04:36:06";6
"2019-02-10 04:46:00";6
"2019-02-10 04:46:05";6
"2019-02-10 05:06:00";4
"2019-02-10 05:06:06";4
"2019-02-10 05:16:00";4
"2019-02-10 05:16:06";4
"2019-02-10 05:36:00";4
"2019-02-10 05:36:05";4
"2019-02-10 05:46:00";4
"2019-02-10 05:46:05";4
"2019-02-10 06:06:00";5
"2019-02-10 06:06:05";5
"2019-02-10 06:16:00";5
"2019-02-10 06:16:05";5
"2019-02-10 06:36:00";4
"2019-02-10 06:36:04";4
"2019-02-10 06:46:00";4
"2019-02-10 06:46:05";4
"2019-02-10 07:06:00";5
"2019-02-10 07:06:05";5
"2019-02-10 07:16:00";5
"2019-02-10 07:16:05";5
"2019-02-10 07:36:00";6
"2019-02-10 07:36:04";6
"2019-02-10 07:46:00";6
"2019-02-10 07:46:05";6
"2019-02-10 08:06:00";6
"2019-02-10 08:06:05";6
"2019-02-10 08:16:00";6
"2019-02-10 08:16:05";6
"2019-02-10 08:36:00";6
"2019-02-10 08:36:05";6
"2019-02-10 08:46:00";6
"2019-02-10 08:46:06";6
"2019-02-10 09:06:00";5
"2019-02-10 09:06:05";5
"2019-02-10 09:16:00";5
"2019-02-10 09:16:06";5
"2019-02-10 09:36:00";6
"2019-02-10 09:36:07";6
"2019-02-10 09:46:00";6
"2019-02-10 09:46:05";6
"2019-02-10 10:06:00";6
"2019-02-10 10:06:06";6
"2019-02-10 10:16:00";6
"2019-02-10 10:16:05";6
"2019-02-10 10:36:00";6
"2019-02-10 10:36:06";6
"2019-02-10 10:46:00";6
"2019-02-10 10:46:05";6
"2019-02-10 11:06:00";5
"2019-02-10 11:06:05";5
"2019-02-10 11:16:00";5
"2019-02-10 11:16:05";5
"2019-02-10 11:36:00";5
"2019-02-10 11:36:05";5
"2019-02-10 11:46:00";5
"2019-02-10 11:46:05";5
"2019-02-10 12:06:00";3
"2019-02-10 12:06:06";3
"2019-02-10 12:16:00";3
"2019-02-10 12:16:05";3
"2019-02-10 12:36:00";3
"2019-02-10 12:36:06";3
"2019-02-10 12:46:00";3
"2019-02-10 12:46:05";3
"2019-02-10 13:06:00";4
"2019-02-10 13:06:05";4
"2019-02-10 13:16:00";4
"2019-02-10 13:16:05";4
"2019-02-10 13:36:00";5
"2019-02-10 13:36:05";5
"2019-02-10 13:46:00";5
"2019-02-10 13:46:06";5
"2019-02-10 14:06:00";5
"2019-02-10 14:06:05";5
"2019-02-10 14:16:00";5
"2019-02-10 14:16:06";5
"2019-02-10 14:36:00";5
"2019-02-10 14:36:05";5
"2019-02-10 14:46:00";5
"2019-02-10 14:46:06";5
"2019-02-10 15:06:00";5
"2019-02-10 15:06:04";5
"2019-02-10 15:16:00";5
"2019-02-10 15:16:06";5
"2019-02-10 15:36:00";6
"2019-02-10 15:36:05";6
"2019-02-10 15:46:00";6
"2019-02-10 15:46:07";6
"2019-02-10 16:06:00";6
"2019-02-10 16:06:05";6
"2019-02-10 16:16:00";6
"2019-02-10 16:16:05";6
"2019-02-10 16:36:00";5
"2019-02-10 16:36:06";5
"2019-02-10 16:46:00";5
"2019-02-10 16:46:05";5
"2019-02-10 17:06:00";4
"2019-02-10 17:06:07";4
"2019-02-10 17:16:00";4
"2019-02-10 17:16:05";4
"2019-02-10 17:36:00";5
"2019-02-10 17:36:05";5
"2019-02-10 17:46:00";5
"2019-02-10 17:46:05";5
"2019-02-10 18:06:00";6
"2019-02-10 18:06:05";6
"2019-02-10 18:16:00";6
"2019-02-10 18:16:05";6
"2019-02-10 18:36:00";4
"2019-02-10 18:36:05";4
"2019-02-10 18:46:00";4
"2019-02-10 18:46:05";4
"2019-02-10 19:06:00";5
"2019-02-10 19:06:05";5
"2019-02-10 19:16:00";5
"2019-02-10 19:16:05";5
"2019-02-10 19:36:00";5
"2019-02-10 19:36:05";5
"2019-02-10 19:46:00";5
"2019-02-10 19:46:06";5
"2019-02-10 20:06:00";4
"2019-02-10 20:06:05";4
"2019-02-10 20:16:00";4
"2019-02-10 20:16:05";4
"2019-02-10 20:36:00";5
"2019-02-10 20:36:05";5
"2019-02-10 20:46:00";5
"2019-02-10 20:46:05";5
"2019-02-10 21:06:00";6
"2019-02-10 21:06:05";6
"2019-02-10 21:16:00";6
"2019-02-10 21:16:06";6
"2019-02-10 21:36:00";6
"2019-02-10 21:36:05";6
"2019-02-10 21:46:00";6
"2019-02-10 21:46:06";6
"2019-02-10 22:06:00";6
"2019-02-10 22:06:06";6
"2019-02-10 22:16:00";6
"2019-02-10 22:16:06";6
"2019-02-10 22:36:00";5
"2019-02-10 22:36:06";5
"2019-02-10 22:46:00";5
"2019-02-10 22:46:05";5
"2019-02-10 23:06:00";6
"2019-02-10 23:06:05";6
"2019-02-10 23:16:00";6
"2019-02-10 23:16:06";6
"2019-02-10 23:36:00";6
"2019-02-10 23:36:07";6
"2019-02-10 23:46:00";6
"2019-02-10 23:46:06";6
"2019-02-11 00:06:00";6
"2019-02-11 00:06:05";6
"2019-02-11 00:16:00";6
"2019-02-11 00:16:06";6
"2019-02-11 00:36:00";6
"2019-02-11 00:36:06";6
"2019-02-11 00:46:00";6
"2019-02-11 00:46:06";6
"2019-02-11 01:06:00";5
"2019-02-11 01:06:05";5
"2019-02-11 01:16:00";5
"2019-02-11 01:16:08";5
"2019-02-11 01:36:00";5
"2019-02-11 01:36:05";5
"2019-02-11 01:46:00";5
"2019-02-11 01:46:05";5
"2019-02-11 02:06:00";5
"2019-02-11 02:06:06";5
"2019-02-11 02:16:00";6
"2019-02-11 02:16:05";6
"2019-02-11 02:36:00";6
"2019-02-11 02:36:05";6
"2019-02-11 02:46:00";6
"2019-02-11 02:46:05";6
"2019-02-11 03:06:00";7
"2019-02-11 03:06:05";7
"2019-02-11 03:16:00";7
"2019-02-11 03:16:05";7
"2019-02-11 03:36:00";6
"2019-02-11 03:36:05";6
"2019-02-11 03:46:00";6
"2019-02-11 03:46:05";6
"2019-02-11 04:06:00";5
"2019-02-11 04:06:05";5
"2019-02-11 04:16:00";5
"2019-02-11 04:16:05";5
"2019-02-11 04:36:00";6
"2019-02-11 04:36:05";6
"2019-02-11 04:46:00";6
"2019-02-11 04:46:05";6
"2019-02-11 05:06:00";5
"2019-02-11 05:06:05";5
"2019-02-11 05:16:00";5
"2019-02-11 05:16:05";5
"2019-02-11 05:36:00";5
"2019-02-11 05:36:05";5
"2019-02-11 05:46:00";5
"2019-02-11 05:46:05";5
"2019-02-11 06:06:00";5
"2019-02-11 06:06:05";5
"2019-02-11 06:16:00";5
"2019-02-11 06:16:05";5
"2019-02-11 06:36:00";4
"2019-02-11 06:36:05";4
"2019-02-11 06:46:00";4
"2019-02-11 06:46:05";4
"2019-02-11 07:06:00";4
"2019-02-11 07:06:06";4
"2019-02-11 07:16:00";4
"2019-02-11 07:16:05";4
"2019-02-11 07:36:00";5
"2019-02-11 07:36:05";5
"2019-02-11 07:46:00";5
"2019-02-11 07:46:05";5
"2019-02-11 08:06:00";5
"2019-02-11 08:06:05";5
"2019-02-11 08:16:00";5
"2019-02-11 08:16:05";5
"2019-02-11 08:36:00";5
"2019-02-11 08:36:04";5
"2019-02-11 08:46:00";5
"2019-02-11 08:46:05";5
"2019-02-11 09:06:00";6
"2019-02-11 09:06:06";6
"2019-02-11 09:16:00";6
"2019-02-11 09:16:05";6
"2019-02-11 09:36:00";6
"2019-02-11 09:36:05";6
"2019-02-11 09:46:00";6
"2019-02-11 09:46:06";6
"2019-02-11 10:06:00";5
"2019-02-11 10:06:05";5
"2019-02-11 10:16:00";5
"2019-02-11 10:16:05";5
"2019-02-11 10:36:00";4
"2019-02-11 10:36:06";4
"2019-02-11 10:46:00";4
"2019-02-11 10:46:05";4
"2019-02-11 11:06:00";2
"2019-02-11 11:06:05";2
"2019-02-11 11:16:00";2
"2019-02-11 11:16:05";2
"2019-02-11 11:36:00";1
"2019-02-11 11:36:05";1
"2019-02-11 11:46:00";1
"2019-02-11 11:46:05";1
"2019-02-11 12:06:00";0
"2019-02-11 12:06:05";0
"2019-02-11 12:16:00";0
"2019-02-11 12:16:06";0
"2019-02-11 12:36:00";1
"2019-02-11 12:36:05";1
"2019-02-11 12:46:00";1
"2019-02-11 12:46:05";1
"2019-02-11 13:06:00";0
"2019-02-11 13:06:05";0
"2019-02-11 13:16:00";0
"2019-02-11 13:16:05";0
"2019-02-11 13:36:00";-2
"2019-02-11 13:36:05";-2
"2019-02-11 13:46:00";-2
"2019-02-11 13:46:05";-2
"2019-02-11 14:06:00";1
"2019-02-11 14:06:05";1
"2019-02-11 14:16:00";1
"2019-02-11 14:16:05";1
"2019-02-11 14:36:00";-2
"2019-02-11 14:36:05";-2
"2019-02-11 14:46:00";-2
"2019-02-11 14:46:05";-2
"2019-02-11 15:06:00";-1
"2019-02-11 15:06:05";-1
"2019-02-11 15:16:00";-1
"2019-02-11 15:16:06";-1
"2019-02-11 15:36:00";0
"2019-02-11 15:36:05";0
"2019-02-11 15:46:00";0
"2019-02-11 15:46:06";0
"2019-02-11 16:06:00";3
"2019-02-11 16:06:05";3
"2019-02-11 16:16:00";3
"2019-02-11 16:16:05";3
"2019-02-11 16:36:00";3
"2019-02-11 16:36:06";3
"2019-02-11 16:46:00";3
"2019-02-11 16:46:06";3
"2019-02-11 17:06:00";3
"2019-02-11 17:06:05";3
"2019-02-11 17:16:00";3
"2019-02-11 17:16:05";3
"2019-02-11 17:36:00";4
"2019-02-11 17:36:05";4
"2019-02-11 17:46:00";4
"2019-02-11 17:46:06";4
"2019-02-11 18:06:00";3
"2019-02-11 18:06:05";3
"2019-02-11 18:16:00";3
"2019-02-11 18:16:05";3
"2019-02-11 18:36:00";4
"2019-02-11 18:36:05";4
"2019-02-11 18:46:00";4
"2019-02-11 18:46:05";4
"2019-02-11 19:06:00";3
"2019-02-11 19:06:06";3
"2019-02-11 19:16:00";3
"2019-02-11 19:16:06";3
"2019-02-11 19:36:00";4
"2019-02-11 19:36:05";4
"2019-02-11 19:46:00";4
"2019-02-11 19:46:07";4
"2019-02-11 20:06:00";4
"2019-02-11 20:06:06";4
"2019-02-11 20:16:00";4
"2019-02-11 20:16:06";4
"2019-02-11 20:36:00";3
"2019-02-11 20:36:05";3
"2019-02-11 20:46:00";3
"2019-02-11 20:46:06";3
"2019-02-11 21:06:00";4
"2019-02-11 21:06:05";4
"2019-02-11 21:16:00";4
"2019-02-11 21:16:06";4
"2019-02-11 21:36:00";4
"2019-02-11 21:36:05";4
"2019-02-11 21:46:00";4
"2019-02-11 21:46:05";4
"2019-02-11 22:06:00";4
"2019-02-11 22:06:06";4
"2019-02-11 22:16:00";4
"2019-02-11 22:16:07";4
"2019-02-11 22:36:00";4
"2019-02-11 22:36:06";4
"2019-02-11 22:46:00";4
"2019-02-11 22:46:05";4
"2019-02-11 23:06:00";4
"2019-02-11 23:06:06";4
"2019-02-11 23:16:00";4
"2019-02-11 23:16:05";4
"2019-02-11 23:36:00";5
"2019-02-11 23:36:06";5
"2019-02-11 23:46:00";5
"2019-02-11 23:46:06";5
"2019-02-12 00:06:00";3
"2019-02-12 00:06:06";3
"2019-02-12 00:16:00";3
"2019-02-12 00:16:06";3
"2019-02-12 00:36:00";3
"2019-02-12 00:36:05";3
"2019-02-12 00:46:00";3
"2019-02-12 00:46:07";3
"2019-02-12 00:56:06";3
"2019-02-12 01:16:05";3
"2019-02-12 01:26:05";5
"2019-02-12 01:36:05";5
"2019-02-12 01:56:00";5
"2019-02-12 01:56:05";5
"2019-02-12 02:06:00";5
"2019-02-12 02:06:05";5
"2019-02-12 02:26:00";2
"2019-02-12 02:26:05";2
"2019-02-12 02:36:00";2
"2019-02-12 02:36:05";2
"2019-02-12 02:56:00";3
"2019-02-12 02:56:05";3
"2019-02-12 03:06:00";3
"2019-02-12 03:06:05";3
"2019-02-12 03:26:00";4
"2019-02-12 03:26:05";4
"2019-02-12 03:36:00";4
"2019-02-12 03:36:05";4
"2019-02-12 03:56:00";4
"2019-02-12 03:56:05";4
"2019-02-12 04:06:00";4
"2019-02-12 04:06:05";4
"2019-02-12 04:26:00";4
"2019-02-12 04:26:05";4
"2019-02-12 04:36:00";4
"2019-02-12 04:36:05";4
"2019-02-12 04:56:00";4
"2019-02-12 04:56:05";4
"2019-02-12 05:06:00";4
"2019-02-12 05:06:05";4
"2019-02-12 05:26:00";4
"2019-02-12 05:26:05";4
"2019-02-12 05:36:00";4
"2019-02-12 05:36:05";4
"2019-02-12 05:56:00";4
"2019-02-12 05:56:05";4
"2019-02-12 06:06:00";4
"2019-02-12 06:06:05";4
"2019-02-12 06:26:00";3
"2019-02-12 06:26:05";3
"2019-02-12 06:36:00";3
"2019-02-12 06:36:05";3
"2019-02-12 06:56:00";4
"2019-02-12 06:56:05";4
"2019-02-12 07:06:00";4
"2019-02-12 07:06:05";4
"2019-02-12 07:26:00";4
"2019-02-12 07:26:05";4
"2019-02-12 07:36:00";4
"2019-02-12 07:36:04";4
"2019-02-12 07:56:00";5
"2019-02-12 07:56:05";5
"2019-02-12 08:06:00";5
"2019-02-12 08:06:05";5
"2019-02-12 08:26:00";4
"2019-02-12 08:26:05";4
"2019-02-12 08:36:00";4
"2019-02-12 08:36:05";4
"2019-02-12 08:56:00";4
"2019-02-12 08:56:05";4
"2019-02-12 09:06:00";4
"2019-02-12 09:06:05";4
"2019-02-12 09:26:00";4
"2019-02-12 09:26:05";4
"2019-02-12 09:36:00";4
"2019-02-12 09:36:04";4
"2019-02-12 09:56:00";5
"2019-02-12 09:56:05";5
"2019-02-12 10:06:00";5
"2019-02-12 10:06:05";5
"2019-02-12 10:26:00";5
"2019-02-12 10:26:05";5
"2019-02-12 10:36:00";5
"2019-02-12 10:36:05";5
"2019-02-12 10:56:00";0
"2019-02-12 10:56:05";0
"2019-02-12 11:06:00";0
"2019-02-12 11:06:05";0
"2019-02-12 11:26:00";-2
"2019-02-12 11:26:06";-2
"2019-02-12 11:36:00";-2
"2019-02-12 11:36:05";-2
"2019-02-12 11:56:00";-2
"2019-02-12 11:56:06";-2
"2019-02-12 12:06:00";-2
"2019-02-12 12:06:05";-2
"2019-02-12 12:26:00";-2
"2019-02-12 12:26:05";-2
"2019-02-12 12:36:00";-2
"2019-02-12 12:36:05";-2
"2019-02-12 12:56:00";-1
"2019-02-12 12:56:05";-1
"2019-02-12 13:06:00";-1
"2019-02-12 13:06:05";-1
"2019-02-12 13:26:00";-3
"2019-02-12 13:26:05";-3
"2019-02-12 13:36:00";-3
"2019-02-12 13:36:05";-3
"2019-02-12 13:56:00";-4
"2019-02-12 13:56:05";-4
"2019-02-12 14:06:00";-4
"2019-02-12 14:06:07";-4
"2019-02-12 14:56:00";1
"2019-02-12 14:56:07";1
"2019-02-12 15:16:00";1
"2019-02-12 15:16:05";1
"2019-02-12 15:26:00";1
"2019-02-12 15:26:05";1
"2019-02-12 15:46:00";2
"2019-02-12 15:46:06";2
"2019-02-12 15:56:00";2
"2019-02-12 15:56:06";2
"2019-02-12 16:16:00";2
"2019-02-12 16:16:05";2
"2019-02-12 16:26:00";3
"2019-02-12 16:26:05";3
"2019-02-12 16:46:00";3
"2019-02-12 16:46:05";3
"2019-02-12 16:56:00";4
"2019-02-12 16:56:05";4
"2019-02-12 17:16:00";4
"2019-02-12 17:16:05";4
"2019-02-12 17:26:00";4
"2019-02-12 17:26:05";4
"2019-02-12 17:46:00";4
"2019-02-12 17:46:05";4
"2019-02-12 17:56:00";4
"2019-02-12 17:56:05";4
"2019-02-12 18:16:00";4
"2019-02-12 18:16:06";4
"2019-02-12 18:26:00";3
"2019-02-12 18:26:05";3
"2019-02-12 18:46:00";3
"2019-02-12 18:46:05";3
"2019-02-12 18:56:00";4
"2019-02-12 18:56:05";4
"2019-02-12 19:16:00";4
"2019-02-12 19:16:05";4
"2019-02-12 19:26:00";3
"2019-02-12 19:26:05";3
"2019-02-12 19:46:00";3
"2019-02-12 19:46:05";3
"2019-02-12 19:56:00";5
"2019-02-12 19:56:05";5
"2019-02-12 20:16:00";5
"2019-02-12 20:16:05";5
"2019-02-12 20:26:00";4
"2019-02-12 20:26:05";4
"2019-02-12 20:46:00";4
"2019-02-12 20:46:05";4
"2019-02-12 20:56:00";4
"2019-02-12 20:56:05";4
"2019-02-12 21:16:00";4
"2019-02-12 21:16:05";4
"2019-02-12 21:26:00";4
"2019-02-12 21:26:05";4
"2019-02-12 21:46:00";4
"2019-02-12 21:46:05";4
"2019-02-12 21:56:00";5
"2019-02-12 21:56:05";5
"2019-02-12 22:16:00";5
"2019-02-12 22:16:06";5
"2019-02-12 22:26:00";4
"2019-02-12 22:26:06";4
"2019-02-12 22:46:00";4
"2019-02-12 22:46:05";4
"2019-02-12 22:56:00";4
"2019-02-12 22:56:05";4
"2019-02-12 23:16:00";4
"2019-02-12 23:16:06";4
"2019-02-12 23:26:00";4
"2019-02-12 23:26:05";4
"2019-02-12 23:46:00";4
"2019-02-12 23:46:06";4
"2019-02-12 23:56:00";5
"2019-02-12 23:56:06";5
"2019-02-13 00:16:00";5
"2019-02-13 00:16:06";5
"2019-02-13 00:26:00";3
"2019-02-13 00:26:05";3
"2019-02-13 00:46:00";3
"2019-02-13 00:46:07";3
"2019-02-13 00:56:00";4
"2019-02-13 00:56:06";4
"2019-02-13 01:16:00";4
"2019-02-13 01:16:05";4
"2019-02-13 01:26:00";4
"2019-02-13 01:26:05";4
"2019-02-13 01:36:00";4
"2019-02-13 01:36:05";4
"2019-02-13 01:46:00";4
"2019-02-13 01:46:06";4
"2019-02-13 02:06:00";3
"2019-02-13 02:06:05";3
"2019-02-13 02:16:00";3
"2019-02-13 02:16:05";3
"2019-02-13 02:26:00";3
"2019-02-13 02:26:05";3
"2019-02-13 02:36:00";3
"2019-02-13 02:36:08";3
"2019-02-13 02:56:00";4
"2019-02-13 02:56:06";4
"2019-02-13 03:06:00";4
"2019-02-13 03:06:05";4
"2019-02-13 03:16:00";4
"2019-02-13 03:16:05";4
"2019-02-13 03:26:00";4
"2019-02-13 03:26:05";4
"2019-02-13 03:46:00";4
"2019-02-13 03:46:06";4
"2019-02-13 03:56:00";4
"2019-02-13 03:56:05";4
"2019-02-13 04:16:00";4
"2019-02-13 04:16:06";4
"2019-02-13 04:26:00";3
"2019-02-13 04:26:05";3
"2019-02-13 04:46:00";3
"2019-02-13 04:46:05";3
"2019-02-13 04:56:00";4
"2019-02-13 04:56:05";4
"2019-02-13 05:16:00";4
"2019-02-13 05:16:05";4
"2019-02-13 05:26:00";4
"2019-02-13 05:26:05";4
"2019-02-13 05:46:00";4
"2019-02-13 05:46:05";4
"2019-02-13 05:56:00";4
"2019-02-13 05:56:05";4
"2019-02-13 06:16:00";4
"2019-02-13 06:16:07";4
"2019-02-13 06:26:00";3
"2019-02-13 06:26:05";3
"2019-02-13 06:46:00";3
"2019-02-13 06:46:06";3
"2019-02-13 06:56:00";4
"2019-02-13 06:56:05";4
"2019-02-13 07:16:00";4
"2019-02-13 07:16:05";4
"2019-02-13 07:26:00";4
"2019-02-13 07:26:05";4
"2019-02-13 07:46:00";4
"2019-02-13 07:46:05";4
"2019-02-13 07:56:00";5
"2019-02-13 07:56:05";5
"2019-02-13 08:16:00";4
"2019-02-13 08:16:05";4
"2019-02-13 08:26:00";4
"2019-02-13 08:26:05";4
"2019-02-13 08:46:00";4
"2019-02-13 08:46:05";4
"2019-02-13 08:56:00";3
"2019-02-13 08:56:05";3
"2019-02-13 09:16:00";5
"2019-02-13 09:16:05";5
"2019-02-13 09:26:00";5
"2019-02-13 09:26:05";5
"2019-02-13 09:46:00";5
"2019-02-13 09:46:06";5
"2019-02-13 09:56:00";6
"2019-02-13 09:56:06";6
"2019-02-13 10:16:00";6
"2019-02-13 10:16:05";6
"2019-02-13 10:26:00";4
"2019-02-13 10:26:07";4
"2019-02-13 10:46:00";4
"2019-02-13 10:46:05";4
"2019-02-13 10:56:00";2
"2019-02-13 10:56:05";2
"2019-02-13 11:16:00";2
"2019-02-13 11:16:05";2
"2019-02-13 11:26:00";0
"2019-02-13 11:26:05";0
"2019-02-13 11:46:00";0
"2019-02-13 11:46:05";0
"2019-02-13 11:56:00";-1
"2019-02-13 11:56:06";-1
"2019-02-13 12:16:00";-1
"2019-02-13 12:16:05";-1
"2019-02-13 12:26:00";-2
"2019-02-13 12:26:06";-2
"2019-02-13 12:46:00";-2
"2019-02-13 12:46:06";-2
"2019-02-13 12:56:00";0
"2019-02-13 12:56:06";0
"2019-02-13 13:16:00";0
"2019-02-13 13:16:05";0
"2019-02-13 13:26:00";2
"2019-02-13 13:26:05";2
"2019-02-13 13:46:00";2
"2019-02-13 13:46:06";2
"2019-02-13 13:56:00";0
"2019-02-13 13:56:05";0
"2019-02-13 14:16:00";0
"2019-02-13 14:16:05";0
"2019-02-13 14:26:00";0
"2019-02-13 14:26:05";0
"2019-02-13 14:46:00";0
"2019-02-13 14:46:05";0
"2019-02-13 14:56:00";2
"2019-02-13 14:56:05";2
"2019-02-13 15:16:00";2
"2019-02-13 15:16:05";2
"2019-02-13 15:26:00";4
"2019-02-13 15:26:05";4
"2019-02-13 15:46:00";4
"2019-02-13 15:46:05";4
"2019-02-13 15:56:00";2
"2019-02-13 15:56:05";2
"2019-02-13 16:16:00";2
"2019-02-13 16:16:05";2
"2019-02-13 16:26:00";2
"2019-02-13 16:26:05";2
"2019-02-13 16:46:00";2
"2019-02-13 16:46:05";2
"2019-02-13 16:56:00";4
"2019-02-13 16:56:06";4
"2019-02-13 17:16:00";4
"2019-02-13 17:16:05";4
"2019-02-13 17:26:00";3
"2019-02-13 17:26:05";3
"2019-02-13 17:46:00";3
"2019-02-13 17:46:06";3
"2019-02-13 17:56:00";4
"2019-02-13 17:56:05";4
"2019-02-13 18:16:00";4
"2019-02-13 18:16:05";4
"2019-02-13 18:26:00";2
"2019-02-13 18:26:05";2
"2019-02-13 18:46:00";2
"2019-02-13 18:46:06";2
"2019-02-13 18:56:00";4
"2019-02-13 18:56:05";4
"2019-02-13 19:16:00";4
"2019-02-13 19:16:05";4
"2019-02-13 19:26:00";3
"2019-02-13 19:26:04";3
"2019-02-13 19:46:00";3
"2019-02-13 19:46:05";3
"2019-02-13 19:56:00";4
"2019-02-13 19:56:05";4
"2019-02-13 20:16:00";4
"2019-02-13 20:16:05";4
"2019-02-13 20:26:00";3
"2019-02-13 20:26:06";3
"2019-02-13 20:46:00";3
"2019-02-13 20:46:05";3
"2019-02-13 20:56:00";4
"2019-02-13 20:56:05";4
"2019-02-13 21:16:00";4
"2019-02-13 21:16:06";4
"2019-02-13 21:26:00";4
"2019-02-13 21:26:05";4
"2019-02-13 21:46:00";4
"2019-02-13 21:46:05";4
"2019-02-13 21:56:00";4
"2019-02-13 21:56:05";4
"2019-02-13 22:16:00";4
"2019-02-13 22:16:06";4
"2019-02-13 22:26:00";4
"2019-02-13 22:26:07";4
"2019-02-13 22:46:00";4
"2019-02-13 22:46:06";4
"2019-02-13 22:56:00";5
"2019-02-13 22:56:05";5
"2019-02-13 23:16:00";5
"2019-02-13 23:16:06";5
"2019-02-13 23:26:00";4
"2019-02-13 23:26:05";4
"2019-02-13 23:46:00";4
"2019-02-13 23:46:08";4
"2019-02-13 23:56:00";5
"2019-02-13 23:56:06";5
"2019-02-14 00:16:00";5
"2019-02-14 00:16:06";5
"2019-02-14 00:26:00";4
"2019-02-14 00:26:05";4
"2019-02-14 00:46:00";4
"2019-02-14 00:46:07";4
"2019-02-14 00:56:00";4
"2019-02-14 00:56:05";4
"2019-02-14 01:16:00";4
"2019-02-14 01:16:05";4
"2019-02-14 01:26:00";4
"2019-02-14 01:26:05";4
"2019-02-14 01:46:00";4
"2019-02-14 01:46:05";4
"2019-02-14 01:56:00";4
"2019-02-14 01:56:05";4
"2019-02-14 02:16:00";4
"2019-02-14 02:16:05";4
"2019-02-14 02:26:00";5
"2019-02-14 02:26:05";5
"2019-02-14 02:46:00";5
"2019-02-14 02:46:05";5
"2019-02-14 02:56:00";5
"2019-02-14 02:56:05";5
"2019-02-14 03:16:00";5
"2019-02-14 03:16:05";5
"2019-02-14 03:26:00";5
"2019-02-14 03:26:05";5
"2019-02-14 03:46:00";5
"2019-02-14 03:46:06";5
"2019-02-14 03:56:00";5
"2019-02-14 03:56:06";5
"2019-02-14 04:16:00";5
"2019-02-14 04:16:06";5
"2019-02-14 04:26:00";5
"2019-02-14 04:26:05";5
"2019-02-14 04:46:00";5
"2019-02-14 04:46:05";5
"2019-02-14 04:56:00";6
"2019-02-14 04:56:05";6
"2019-02-14 05:16:00";6
"2019-02-14 05:16:07";6
"2019-02-14 05:26:00";4
"2019-02-14 05:26:05";4
"2019-02-14 05:46:00";4
"2019-02-14 05:46:05";4
"2019-02-14 05:56:00";4
"2019-02-14 05:56:05";4
"2019-02-14 06:16:00";4
"2019-02-14 06:16:05";4
"2019-02-14 06:26:00";5
"2019-02-14 06:26:05";5
"2019-02-14 06:46:00";4
"2019-02-14 06:46:05";4
"2019-02-14 06:56:00";4
"2019-02-14 06:56:05";4
"2019-02-14 07:16:00";4
"2019-02-14 07:16:05";4
"2019-02-14 07:26:00";5
"2019-02-14 07:26:05";5
"2019-02-14 07:46:00";5
"2019-02-14 07:46:05";5
"2019-02-14 07:56:00";5
"2019-02-14 07:56:05";5
"2019-02-14 08:16:00";5
"2019-02-14 08:16:04";5
"2019-02-14 08:26:00";4
"2019-02-14 08:26:04";4
"2019-02-14 08:46:00";5
"2019-02-14 08:46:05";5
"2019-02-14 08:56:00";5
"2019-02-14 08:56:05";5
"2019-02-14 09:16:00";5
"2019-02-14 09:16:05";5
"2019-02-14 09:26:00";4
"2019-02-14 09:26:04";4
"2019-02-14 09:46:00";4
"2019-02-14 09:46:05";4
"2019-02-14 09:56:00";7
"2019-02-14 09:56:04";7
"2019-02-14 10:16:00";7
"2019-02-14 10:16:05";7
"2019-02-14 10:26:00";5
"2019-02-14 10:26:05";5
"2019-02-14 10:46:00";5
"2019-02-14 10:46:05";5
"2019-02-14 10:56:00";4
"2019-02-14 10:56:05";4
"2019-02-14 11:16:00";4
"2019-02-14 11:16:06";4
"2019-02-14 11:26:00";3
"2019-02-14 11:26:04";3
"2019-02-14 11:46:00";3
"2019-02-14 11:46:07";3
"2019-02-14 11:56:00";0
"2019-02-14 11:56:06";0
"2019-02-14 12:16:00";0
"2019-02-14 12:16:07";0
"2019-02-14 12:26:00";-2
"2019-02-14 12:26:05";-2
"2019-02-14 12:46:00";-2
"2019-02-14 12:46:05";-2
"2019-02-14 12:56:00";1
"2019-02-14 12:56:05";1
"2019-02-14 13:16:00";1
"2019-02-14 13:16:05";1
"2019-02-14 13:26:00";1
"2019-02-14 13:26:06";1
"2019-02-14 13:46:00";1
"2019-02-14 13:46:05";1
"2019-02-14 13:56:00";-3
"2019-02-14 13:56:05";-3
"2019-02-14 14:16:00";-3
"2019-02-14 14:16:06";-3
"2019-02-14 14:26:00";-4
"2019-02-14 14:26:05";-4
"2019-02-14 14:46:00";-4
"2019-02-14 14:46:06";-4
"2019-02-14 14:56:00";-4
"2019-02-14 14:56:05";-4
"2019-02-14 15:16:00";-4
"2019-02-14 15:16:07";-4
"2019-02-14 15:26:00";-1
"2019-02-14 15:26:05";-1
"2019-02-14 15:46:00";-1
"2019-02-14 15:46:05";-1
"2019-02-14 15:56:00";2
"2019-02-14 15:56:05";2
"2019-02-14 16:16:00";2
"2019-02-14 16:16:05";2
"2019-02-14 16:26:00";3
"2019-02-14 16:26:05";3
"2019-02-14 16:46:00";3
"2019-02-14 16:46:06";3
"2019-02-14 16:56:00";2
"2019-02-14 16:56:05";2
"2019-02-14 17:16:00";2
"2019-02-14 17:16:05";2
"2019-02-14 17:26:00";3
"2019-02-14 17:26:05";3
"2019-02-14 17:46:00";3
"2019-02-14 17:46:06";3
"2019-02-14 17:56:00";3
"2019-02-14 17:56:05";3
"2019-02-14 18:16:00";3
"2019-02-14 18:16:05";3
"2019-02-14 18:26:00";3
"2019-02-14 18:26:05";3
"2019-02-14 18:46:00";3
"2019-02-14 18:46:06";3
"2019-02-14 18:56:00";4
"2019-02-14 18:56:06";4
"2019-02-14 19:16:00";4
"2019-02-14 19:16:06";4
"2019-02-14 19:26:00";5
"2019-02-14 19:26:05";5
"2019-02-14 19:46:00";5
"2019-02-14 19:46:06";5
"2019-02-14 19:56:00";5
"2019-02-14 19:56:05";5
"2019-02-14 20:16:00";5
"2019-02-14 20:16:05";5
"2019-02-14 20:26:00";5
"2019-02-14 20:26:07";5
"2019-02-14 20:46:00";5
"2019-02-14 20:46:05";5
"2019-02-14 20:56:00";6
"2019-02-14 20:56:06";6
"2019-02-14 21:16:00";5
"2019-02-14 21:16:08";5
"2019-02-14 21:26:00";5
"2019-02-14 21:26:05";5
"2019-02-14 21:46:00";5
"2019-02-14 21:46:05";5
"2019-02-14 21:56:00";5
"2019-02-14 21:56:05";5
"2019-02-14 22:16:00";5
"2019-02-14 22:16:06";5
"2019-02-14 22:26:00";6
"2019-02-14 22:26:06";6
"2019-02-14 22:46:00";6
"2019-02-14 22:46:06";6
"2019-02-14 22:56:00";5
"2019-02-14 22:56:05";5
"2019-02-14 23:16:00";5
"2019-02-14 23:16:05";5
"2019-02-14 23:26:00";5
"2019-02-14 23:26:05";5
"2019-02-14 23:46:00";5
"2019-02-14 23:46:07";5
"2019-02-14 23:56:00";5
"2019-02-14 23:56:06";5
"2019-02-15 00:16:00";5
"2019-02-15 00:16:06";5
"2019-02-15 00:26:00";5
"2019-02-15 00:26:06";5
"2019-02-15 00:46:00";5
"2019-02-15 00:46:06";5
"2019-02-15 00:56:00";5
"2019-02-15 00:56:06";5
"2019-02-15 01:16:00";5
"2019-02-15 01:16:05";5
"2019-02-15 01:26:00";4
"2019-02-15 01:26:05";4
"2019-02-15 01:46:00";4
"2019-02-15 01:46:05";4
"2019-02-15 01:56:00";6
"2019-02-15 01:56:05";6
"2019-02-15 02:16:00";6
"2019-02-15 02:16:05";6
"2019-02-15 02:26:00";5
"2019-02-15 02:26:05";5
"2019-02-15 02:46:00";5
"2019-02-15 02:46:05";5
"2019-02-15 02:56:00";6
"2019-02-15 02:56:05";6
"2019-02-15 03:16:00";6
"2019-02-15 03:16:05";6
"2019-02-15 03:26:00";6
"2019-02-15 03:26:05";6
"2019-02-15 03:46:00";6
"2019-02-15 03:46:06";6
"2019-02-15 03:56:00";6
"2019-02-15 03:56:06";6
"2019-02-15 04:16:00";6
"2019-02-15 04:16:05";6
"2019-02-15 04:26:00";4
"2019-02-15 04:26:05";4
"2019-02-15 04:46:00";4
"2019-02-15 04:46:05";4
"2019-02-15 04:56:00";5
"2019-02-15 04:56:05";5
"2019-02-15 05:16:00";5
"2019-02-15 05:16:05";5
"2019-02-15 05:26:00";5
"2019-02-15 05:26:05";5
"2019-02-15 05:46:00";5
"2019-02-15 05:46:06";5
"2019-02-15 05:56:00";6
"2019-02-15 05:56:05";6
"2019-02-15 06:16:00";6
"2019-02-15 06:16:05";6
"2019-02-15 06:26:00";5
"2019-02-15 06:26:05";5
"2019-02-15 06:46:00";5
"2019-02-15 06:46:05";5
"2019-02-15 06:56:00";4
"2019-02-15 06:56:05";4
"2019-02-15 07:16:00";4
"2019-02-15 07:16:05";4
"2019-02-15 07:26:00";5
"2019-02-15 07:26:05";5
"2019-02-15 07:46:00";5
"2019-02-15 07:46:05";5
"2019-02-15 07:56:00";7
"2019-02-15 07:56:05";7
"2019-02-15 08:16:00";7
"2019-02-15 08:16:05";7
"2019-02-15 08:26:00";6
"2019-02-15 08:26:05";6
"2019-02-15 08:46:00";6
"2019-02-15 08:46:05";6
"2019-02-15 08:56:00";6
"2019-02-15 08:56:05";6
"2019-02-15 09:16:00";6
"2019-02-15 09:16:05";6
"2019-02-15 09:26:00";5
"2019-02-15 09:26:05";5
"2019-02-15 09:46:00";5
"2019-02-15 09:46:05";5
"2019-02-15 09:56:00";6
"2019-02-15 09:56:05";6
"2019-02-15 10:16:00";6
"2019-02-15 10:16:05";6
"2019-02-15 10:26:00";7
"2019-02-15 10:26:05";7
"2019-02-15 10:46:00";7
"2019-02-15 10:46:05";7
"2019-02-15 10:56:00";2
"2019-02-15 10:56:05";2
"2019-02-15 11:16:00";2
"2019-02-15 11:16:05";2
"2019-02-15 11:26:00";2
"2019-02-15 11:26:05";2
"2019-02-15 11:46:00";2
"2019-02-15 11:46:05";2
"2019-02-15 11:56:00";1
"2019-02-15 11:56:05";1
"2019-02-15 12:16:00";1
"2019-02-15 12:16:04";1
"2019-02-15 12:26:00";1
"2019-02-15 12:26:05";1
"2019-02-15 12:46:00";1
"2019-02-15 12:46:05";1
"2019-02-15 12:56:00";0
"2019-02-15 12:56:05";0
"2019-02-15 13:16:00";0
"2019-02-15 13:16:05";0
"2019-02-15 13:26:00";1
"2019-02-15 13:26:06";1
"2019-02-15 13:46:00";1
"2019-02-15 13:46:05";1
"2019-02-15 13:56:00";-1
"2019-02-15 13:56:06";-1
"2019-02-15 14:16:00";-1
"2019-02-15 14:16:05";-1
"2019-02-15 14:26:00";-2
"2019-02-15 14:26:05";-2
"2019-02-15 14:46:00";-2
"2019-02-15 14:46:05";-2
"2019-02-15 14:56:00";-3
"2019-02-15 14:56:05";-3
"2019-02-15 15:16:00";-3
"2019-02-15 15:16:05";-3
"2019-02-15 15:26:00";-1
"2019-02-15 15:26:05";-1
"2019-02-15 15:46:00";-1
"2019-02-15 15:46:06";-1
"2019-02-15 15:56:00";-1
"2019-02-15 15:56:05";-1
"2019-02-15 16:16:00";1
"2019-02-15 16:16:05";1
"2019-02-15 16:26:00";2
"2019-02-15 16:26:06";2
"2019-02-15 16:46:00";2
"2019-02-15 16:46:05";2
"2019-02-15 16:56:00";4
"2019-02-15 16:56:05";4
"2019-02-15 17:16:00";4
"2019-02-15 17:16:05";4
"2019-02-15 17:26:00";4
"2019-02-15 17:26:04";4
"2019-02-15 17:46:00";3
"2019-02-15 17:46:06";3
"2019-02-15 17:56:00";5
"2019-02-15 17:56:05";5
"2019-02-15 18:16:00";5
"2019-02-15 18:16:05";5
"2019-02-15 18:26:00";5
"2019-02-15 18:26:05";5
"2019-02-15 18:46:00";5
"2019-02-15 18:46:05";5
"2019-02-15 18:56:00";5
"2019-02-15 18:56:05";5
"2019-02-15 19:16:00";5
"2019-02-15 19:16:05";5
"2019-02-15 19:26:00";5
"2019-02-15 19:26:05";5
"2019-02-15 19:46:00";5
"2019-02-15 19:46:05";5
"2019-02-15 19:56:00";4
"2019-02-15 19:56:05";4
"2019-02-15 20:16:00";4
"2019-02-15 20:16:05";4
"2019-02-15 20:26:00";4
"2019-02-15 20:26:05";4
"2019-02-15 20:46:00";4
"2019-02-15 20:46:06";4
"2019-02-15 20:56:00";5
"2019-02-15 20:56:05";5
"2019-02-15 21:16:00";5
"2019-02-15 21:16:06";5
"2019-02-15 21:26:00";5
"2019-02-15 21:26:06";5
"2019-02-15 21:46:00";5
"2019-02-15 21:46:06";5
"2019-02-15 21:56:00";6
"2019-02-15 21:56:05";6
"2019-02-15 22:16:00";6
"2019-02-15 22:16:06";6
"2019-02-15 22:26:00";6
"2019-02-15 22:26:06";6
"2019-02-15 22:46:00";6
"2019-02-15 22:46:05";6
"2019-02-15 22:56:00";5
"2019-02-15 22:56:05";5
"2019-02-15 23:16:00";5
"2019-02-15 23:16:06";5
"2019-02-15 23:26:00";5
"2019-02-15 23:26:05";5
"2019-02-15 23:46:00";5
"2019-02-15 23:46:07";5
"2019-02-15 23:56:00";6
"2019-02-15 23:56:06";6
"2019-02-16 00:16:00";6
"2019-02-16 00:16:07";6
"2019-02-16 00:26:00";6
"2019-02-16 00:26:05";6
"2019-02-16 00:46:00";6
"2019-02-16 00:46:06";6
"2019-02-16 00:56:00";5
"2019-02-16 00:56:06";5
"2019-02-16 01:16:00";5
"2019-02-16 01:16:05";5
"2019-02-16 01:26:00";6
"2019-02-16 01:26:05";6
"2019-02-16 01:46:00";6
"2019-02-16 01:46:06";6
"2019-02-16 01:56:00";7
"2019-02-16 01:56:05";7
"2019-02-16 02:16:00";7
"2019-02-16 02:16:04";7
"2019-02-16 02:26:00";5
"2019-02-16 02:26:05";5
"2019-02-16 02:46:00";5
"2019-02-16 02:46:05";5
"2019-02-16 02:56:00";5
"2019-02-16 02:56:05";5
"2019-02-16 03:16:00";5
"2019-02-16 03:16:04";5
"2019-02-16 03:26:00";6
"2019-02-16 03:26:05";6
"2019-02-16 03:46:00";6
"2019-02-16 03:46:05";6
"2019-02-16 03:56:00";5
"2019-02-16 03:56:06";5
"2019-02-16 04:16:00";5
"2019-02-16 04:16:05";5
"2019-02-16 04:26:00";6
"2019-02-16 04:26:05";6
"2019-02-16 04:46:00";6
"2019-02-16 04:46:05";6
"2019-02-16 04:56:00";6
"2019-02-16 04:56:05";6
"2019-02-16 05:16:00";6
"2019-02-16 05:16:05";6
"2019-02-16 05:26:00";5
"2019-02-16 05:26:06";5
"2019-02-16 05:46:00";5
"2019-02-16 05:46:06";5
"2019-02-16 05:56:00";6
"2019-02-16 05:56:05";6
"2019-02-16 06:16:00";6
"2019-02-16 06:16:06";6
"2019-02-16 06:26:00";6
"2019-02-16 06:26:05";6
"2019-02-16 06:46:00";6
"2019-02-16 06:46:05";6
"2019-02-16 06:56:00";7
"2019-02-16 06:56:05";7
"2019-02-16 07:16:00";7
"2019-02-16 07:16:05";7
"2019-02-16 07:26:00";6
"2019-02-16 07:26:05";6
"2019-02-16 07:46:00";6
"2019-02-16 07:46:06";6
"2019-02-16 07:56:00";6
"2019-02-16 07:56:05";6
"2019-02-16 08:16:00";6
"2019-02-16 08:16:05";6
"2019-02-16 08:26:00";7
"2019-02-16 08:26:05";7
"2019-02-16 08:46:00";7
"2019-02-16 08:46:05";7
"2019-02-16 08:56:00";5
"2019-02-16 08:56:05";5
"2019-02-16 09:16:00";5
"2019-02-16 09:16:05";5
"2019-02-16 09:26:00";6
"2019-02-16 09:26:04";6
"2019-02-16 09:46:00";6
"2019-02-16 09:46:05";6
"2019-02-16 09:56:00";8
"2019-02-16 09:56:05";8
"2019-02-16 10:16:00";8
"2019-02-16 10:16:05";8
"2019-02-16 10:26:00";6
"2019-02-16 10:26:05";6
"2019-02-16 10:46:00";6
"2019-02-16 10:46:05";6
"2019-02-16 10:56:00";5
"2019-02-16 10:56:05";5
"2019-02-16 11:16:00";5
"2019-02-16 11:16:05";5
"2019-02-16 11:26:00";2
"2019-02-16 11:26:05";2
"2019-02-16 11:46:00";2
"2019-02-16 11:46:05";2
"2019-02-16 11:56:00";-1
"2019-02-16 11:56:06";-1
"2019-02-16 12:16:00";-1
"2019-02-16 12:16:05";-1
"2019-02-16 12:26:00";2
"2019-02-16 12:26:05";2
"2019-02-16 12:46:00";2
"2019-02-16 12:46:06";2
"2019-02-16 12:56:00";4
"2019-02-16 12:56:05";4
"2019-02-16 13:16:00";4
"2019-02-16 13:16:05";4
"2019-02-16 13:26:00";2
"2019-02-16 13:26:05";2
"2019-02-16 13:46:00";3
"2019-02-16 13:46:05";3
"2019-02-16 13:56:00";3
"2019-02-16 13:56:05";3
"2019-02-16 14:16:00";3
"2019-02-16 14:16:05";3
"2019-02-16 14:26:00";0
"2019-02-16 14:26:06";0
"2019-02-16 14:46:00";0
"2019-02-16 14:46:05";0
"2019-02-16 14:56:00";-2
"2019-02-16 14:56:05";-2
"2019-02-16 15:16:00";-2
"2019-02-16 15:16:05";-2
"2019-02-16 15:26:00";2
"2019-02-16 15:26:05";2
"2019-02-16 15:46:00";2
"2019-02-16 15:46:05";2
"2019-02-16 15:56:00";4
"2019-02-16 15:56:05";4
"2019-02-16 16:16:00";4
"2019-02-16 16:16:06";4
"2019-02-16 16:26:00";3
"2019-02-16 16:26:05";3
"2019-02-16 16:46:00";3
"2019-02-16 16:46:07";3
"2019-02-16 16:56:00";4
"2019-02-16 16:56:05";4
"2019-02-16 17:16:00";4
"2019-02-16 17:16:05";4
"2019-02-16 17:26:00";4
"2019-02-16 17:26:05";4
"2019-02-16 17:46:00";4
"2019-02-16 17:46:05";4
"2019-02-16 17:56:00";5
"2019-02-16 17:56:05";5
"2019-02-16 18:16:00";5
"2019-02-16 18:16:05";5
"2019-02-16 18:26:00";4
"2019-02-16 18:26:05";4
"2019-02-16 18:46:00";4
"2019-02-16 18:46:05";4
"2019-02-16 18:56:00";5
"2019-02-16 18:56:05";5
"2019-02-16 19:16:00";5
"2019-02-16 19:16:05";5
"2019-02-16 19:26:00";5
"2019-02-16 19:26:05";5
"2019-02-16 19:46:00";5
"2019-02-16 19:46:06";5
"2019-02-16 19:56:00";6
"2019-02-16 19:56:05";6
"2019-02-16 20:06:00";6
"2019-02-16 20:06:05";6
"2019-02-16 20:26:00";5
"2019-02-16 20:26:05";5
"2019-02-16 20:36:00";5
"2019-02-16 20:36:06";5
"2019-02-16 20:56:00";6
"2019-02-16 20:56:06";6
"2019-02-16 21:06:00";6
"2019-02-16 21:06:05";6
"2019-02-16 21:26:00";7
"2019-02-16 21:26:05";7
"2019-02-16 21:36:00";7
"2019-02-16 21:36:06";7
"2019-02-16 21:56:00";7
"2019-02-16 21:56:05";7
"2019-02-16 22:06:00";7
"2019-02-16 22:06:06";7
"2019-02-16 22:26:00";6
"2019-02-16 22:26:06";6
"2019-02-16 22:36:00";6
"2019-02-16 22:36:06";6
"2019-02-16 22:56:00";6
"2019-02-16 22:56:05";6
"2019-02-16 23:06:00";6
"2019-02-16 23:06:05";6
"2019-02-16 23:26:00";6
"2019-02-16 23:26:05";6
"2019-02-17 00:56:00";6
"2019-02-17 00:56:06";6
"2019-02-17 01:06:00";6
"2019-02-17 01:06:05";6
"2019-02-17 01:26:00";6
"2019-02-17 01:26:05";6
"2019-02-17 01:36:00";6
"2019-02-17 01:36:05";6
"2019-02-17 01:56:00";7
"2019-02-17 01:56:05";7
"2019-02-17 02:06:00";7
"2019-02-17 02:06:05";7
"2019-02-17 02:26:00";7
"2019-02-17 02:26:05";7
"2019-02-17 02:36:00";7
"2019-02-17 02:36:06";7
"2019-02-17 02:56:00";6
"2019-02-17 02:56:06";6
"2019-02-17 03:06:00";6
"2019-02-17 03:06:06";6
"2019-02-17 03:26:00";5
"2019-02-17 03:26:05";5
"2019-02-17 03:36:00";5
"2019-02-17 03:36:05";5
"2019-02-17 03:56:00";6
"2019-02-17 03:56:06";6
"2019-02-17 04:06:00";6
"2019-02-17 04:06:05";6
"2019-02-17 04:26:00";7
"2019-02-17 04:26:05";7
"2019-02-17 04:36:00";7
"2019-02-17 04:36:05";7
"2019-02-17 04:56:00";6
"2019-02-17 04:56:05";6
"2019-02-17 05:06:00";6
"2019-02-17 05:06:05";6
"2019-02-17 05:26:00";6
"2019-02-17 05:26:06";6
"2019-02-17 05:36:00";6
"2019-02-17 05:36:06";6
"2019-02-17 05:56:00";5
"2019-02-17 05:56:05";5
"2019-02-17 06:06:00";5
"2019-02-17 06:06:05";5
"2019-02-17 06:26:00";6
"2019-02-17 06:26:05";6
"2019-02-17 06:36:00";6
"2019-02-17 06:36:07";6
"2019-02-17 06:56:00";5
"2019-02-17 06:56:05";5
"2019-02-17 07:06:00";5
"2019-02-17 07:06:05";5
"2019-02-17 07:26:00";7
"2019-02-17 07:26:05";7
"2019-02-17 07:36:00";7
"2019-02-17 07:36:05";7
"2019-02-17 07:56:00";6
"2019-02-17 07:56:05";6
"2019-02-17 08:06:00";6
"2019-02-17 08:06:05";6
"2019-02-17 08:26:00";5
"2019-02-17 08:26:05";5
"2019-02-17 08:36:00";5
"2019-02-17 08:36:06";5
"2019-02-17 08:56:00";8
"2019-02-17 08:56:06";8
"2019-02-17 09:06:00";8
"2019-02-17 09:06:05";8
"2019-02-17 09:26:00";6
"2019-02-17 09:26:05";6
"2019-02-17 09:36:00";6
"2019-02-17 09:36:05";6
"2019-02-17 09:56:00";8
"2019-02-17 09:56:06";8
"2019-02-17 10:06:00";8
"2019-02-17 10:06:05";8
"2019-02-17 10:26:00";6
"2019-02-17 10:26:06";6
"2019-02-17 10:36:00";6
"2019-02-17 10:36:05";6
"2019-02-17 10:56:00";3
"2019-02-17 10:56:05";3
"2019-02-17 11:06:00";3
"2019-02-17 11:06:05";3
"2019-02-17 11:26:00";2
"2019-02-17 11:26:05";2
"2019-02-17 11:36:00";2
"2019-02-17 11:36:06";2
"2019-02-17 11:56:00";0
"2019-02-17 11:56:05";0
"2019-02-17 12:06:00";0
"2019-02-17 12:06:06";0
"2019-02-17 12:26:00";2
"2019-02-17 12:26:05";2
"2019-02-17 12:36:00";2
"2019-02-17 12:36:06";2
"2019-02-17 12:56:00";2
"2019-02-17 12:56:05";2
"2019-02-17 13:06:00";2
"2019-02-17 13:06:05";2
"2019-02-17 13:26:00";2
"2019-02-17 13:26:05";2
"2019-02-17 13:36:00";2
"2019-02-17 13:36:06";2
"2019-02-17 13:56:00";2
"2019-02-17 13:56:05";2
"2019-02-17 14:06:00";2
"2019-02-17 14:06:06";2
"2019-02-17 14:26:00";0
"2019-02-17 14:26:05";0
"2019-02-17 14:36:00";0
"2019-02-17 14:36:05";0
"2019-02-17 14:56:00";3
"2019-02-17 14:56:06";3
"2019-02-17 15:06:00";3
"2019-02-17 15:06:05";3
"2019-02-17 15:26:00";3
"2019-02-17 15:26:05";3
"2019-02-17 15:36:00";3
"2019-02-17 15:36:05";3
"2019-02-17 15:56:00";3
"2019-02-17 15:56:05";3
"2019-02-17 16:06:00";3
"2019-02-17 16:06:05";3
"2019-02-17 16:26:00";4
"2019-02-17 16:26:05";4
"2019-02-17 16:36:00";4
"2019-02-17 16:36:05";4
"2019-02-17 16:56:00";5
"2019-02-17 16:56:05";5
"2019-02-17 17:06:00";5
"2019-02-17 17:06:05";5
"2019-02-17 17:26:00";4
"2019-02-17 17:26:05";4
"2019-02-17 17:36:00";4
"2019-02-17 17:36:05";4
"2019-02-17 17:56:00";5
"2019-02-17 17:56:05";5
"2019-02-17 18:06:00";5
"2019-02-17 18:06:05";5
"2019-02-17 18:26:00";5
"2019-02-17 18:26:05";5
"2019-02-17 18:36:00";5
"2019-02-17 18:36:07";5
"2019-02-17 18:56:00";5
"2019-02-17 18:56:05";5
"2019-02-17 19:06:00";5
"2019-02-17 19:06:05";5
"2019-02-17 19:26:00";6
"2019-02-17 19:26:05";6
"2019-02-17 19:36:00";6
"2019-02-17 19:36:05";6
"2019-02-17 19:56:00";5
"2019-02-17 19:56:05";5
"2019-02-17 20:06:00";5
"2019-02-17 20:06:05";5
"2019-02-17 20:26:00";6
"2019-02-17 20:26:06";6
"2019-02-17 20:36:00";6
"2019-02-17 20:36:05";6
"2019-02-17 20:56:00";5
"2019-02-17 20:56:05";5
"2019-02-17 21:06:00";5
"2019-02-17 21:06:05";5
"2019-02-17 21:26:00";6
"2019-02-17 21:26:05";6
"2019-02-17 21:36:00";6
"2019-02-17 21:36:06";6
"2019-02-17 21:46:00";6
"2019-02-17 21:46:05";6
"2019-02-17 22:06:00";7
"2019-02-17 22:06:07";7
"2019-02-17 22:16:00";7
"2019-02-17 22:16:05";7
"2019-02-17 22:36:00";7
"2019-02-17 22:36:06";7
"2019-02-17 22:46:00";7
"2019-02-17 22:46:05";7
"2019-02-17 23:06:00";6
"2019-02-17 23:06:06";6
"2019-02-17 23:16:00";6
"2019-02-17 23:16:05";6
"2019-02-17 23:36:00";6
"2019-02-17 23:36:06";6
"2019-02-17 23:46:00";6
"2019-02-17 23:46:06";6
"2019-02-18 00:06:00";7
"2019-02-18 00:06:06";7
"2019-02-18 00:16:00";7
"2019-02-18 00:16:06";7
"2019-02-18 00:36:00";7
"2019-02-18 00:36:06";7
"2019-02-18 00:46:00";7
"2019-02-18 00:46:06";7
"2019-02-18 01:06:00";6
"2019-02-18 01:06:05";6
"2019-02-18 01:16:00";6
"2019-02-18 01:16:05";6
"2019-02-18 01:36:00";7
"2019-02-18 01:36:06";7
"2019-02-18 01:46:00";7
"2019-02-18 01:46:05";7
"2019-02-18 02:06:00";7
"2019-02-18 02:06:05";7
"2019-02-18 02:16:00";7
"2019-02-18 02:16:05";7
"2019-02-18 02:36:00";6
"2019-02-18 02:36:05";6
"2019-02-18 02:46:00";6
"2019-02-18 02:46:05";6
"2019-02-18 03:06:00";5
"2019-02-18 03:06:05";5
"2019-02-18 03:16:00";7
"2019-02-18 03:16:04";7
"2019-02-18 03:36:00";7
"2019-02-18 03:36:06";7
"2019-02-18 03:46:00";7
"2019-02-18 03:46:05";7
"2019-02-18 04:06:00";7
"2019-02-18 04:06:06";7
"2019-02-18 04:16:00";7
"2019-02-18 04:16:06";7
"2019-02-18 04:36:00";6
"2019-02-18 04:36:05";6
"2019-02-18 04:46:00";6
"2019-02-18 04:46:06";6
"2019-02-18 05:06:00";7
"2019-02-18 05:06:05";7
"2019-02-18 05:16:00";7
"2019-02-18 05:16:05";7
"2019-02-18 05:36:00";8
"2019-02-18 05:36:05";8
"2019-02-18 05:46:00";8
"2019-02-18 05:46:05";8
"2019-02-18 06:06:00";7
"2019-02-18 06:06:05";7
"2019-02-18 06:16:00";6
"2019-02-18 06:16:05";6
"2019-02-18 06:36:00";6
"2019-02-18 06:36:05";6
"2019-02-18 06:46:00";6
"2019-02-18 06:46:05";6
"2019-02-18 07:06:00";7
"2019-02-18 07:06:05";7
"2019-02-18 07:16:00";7
"2019-02-18 07:16:05";7
"2019-02-18 07:36:00";8
"2019-02-18 07:36:05";8
"2019-02-18 07:46:00";8
"2019-02-18 07:46:04";8
"2019-02-18 08:06:00";7
"2019-02-18 08:06:04";7
"2019-02-18 08:16:00";6
"2019-02-18 08:16:05";6
"2019-02-18 08:36:00";6
"2019-02-18 08:36:05";6
"2019-02-18 08:46:00";6
"2019-02-18 08:46:05";6
"2019-02-18 09:06:00";7
"2019-02-18 09:06:04";7
"2019-02-18 09:16:00";7
"2019-02-18 09:16:05";7
"2019-02-18 09:36:00";6
"2019-02-18 09:36:04";6
"2019-02-18 09:46:00";6
"2019-02-18 09:46:06";6
"2019-02-18 10:06:00";9
"2019-02-18 10:06:05";9
"2019-02-18 10:16:00";9
"2019-02-18 10:16:05";9
"2019-02-18 10:36:00";8
"2019-02-18 10:36:05";8
"2019-02-18 10:46:00";8
"2019-02-18 10:46:05";8
"2019-02-18 11:06:00";5
"2019-02-18 11:06:05";5
"2019-02-18 11:16:00";5
"2019-02-18 11:16:05";5
"2019-02-18 11:36:00";2
"2019-02-18 11:36:05";2
"2019-02-18 11:46:00";2
"2019-02-18 11:46:05";2
"2019-02-18 12:06:00";0
"2019-02-18 12:06:05";0
"2019-02-18 12:16:00";0
"2019-02-18 12:16:05";0
"2019-02-18 12:36:00";3
"2019-02-18 12:36:05";3
"2019-02-18 12:46:00";3
"2019-02-18 12:46:06";3
"2019-02-18 13:06:00";3
"2019-02-18 13:06:05";3
"2019-02-18 13:16:00";3
"2019-02-18 13:16:05";3
"2019-02-18 13:36:00";5
"2019-02-18 13:36:05";5
"2019-02-18 13:46:00";5
"2019-02-18 13:46:06";5
"2019-02-18 14:06:00";5
"2019-02-18 14:06:05";5
"2019-02-18 14:16:00";4
"2019-02-18 14:16:05";4
"2019-02-18 14:36:00";5
"2019-02-18 14:36:05";5
"2019-02-18 14:46:00";5
"2019-02-18 14:46:05";5
"2019-02-18 15:06:00";4
"2019-02-18 15:06:05";4
"2019-02-18 15:16:00";4
"2019-02-18 15:16:05";4
"2019-02-18 15:36:00";8
"2019-02-18 15:36:05";8
"2019-02-18 15:46:00";8
"2019-02-18 15:46:05";8
"2019-02-18 16:06:00";6
"2019-02-18 16:06:05";6
"2019-02-18 16:16:00";6
"2019-02-18 16:16:05";6
"2019-02-18 16:36:00";5
"2019-02-18 16:36:05";5
"2019-02-18 16:56:00";6
"2019-02-18 16:56:06";6
"2019-02-18 17:06:00";6
"2019-02-18 17:06:06";6
"2019-02-18 17:16:00";6
"2019-02-18 17:16:05";6
"2019-02-18 17:36:00";5
"2019-02-18 17:36:06";5
"2019-02-18 17:46:00";5
"2019-02-18 17:46:05";5
"2019-02-18 18:06:00";5
"2019-02-18 18:06:05";5
"2019-02-18 18:16:00";5
"2019-02-18 18:16:05";5
"2019-02-18 18:26:00";6
"2019-02-18 18:26:05";6
"2019-02-18 18:46:00";6
"2019-02-18 18:46:05";6
"2019-02-18 19:06:00";6
"2019-02-18 19:06:05";6
"2019-02-18 19:16:00";6
"2019-02-18 19:16:05";6
"2019-02-18 19:26:00";6
"2019-02-18 19:26:06";6
"2019-02-18 19:46:00";6
"2019-02-18 19:46:05";6
"2019-02-18 20:06:00";6
"2019-02-18 20:06:05";6
"2019-02-18 20:16:00";6
"2019-02-18 20:16:05";6
"2019-02-18 20:36:00";5
"2019-02-18 20:36:06";5
"2019-02-18 20:46:00";5
"2019-02-18 20:46:06";5
"2019-02-18 20:56:00";5
"2019-02-18 20:56:05";5
"2019-02-18 21:16:00";5
"2019-02-18 21:16:06";5
"2019-02-18 21:26:00";6
"2019-02-18 21:26:05";6
"2019-02-18 21:46:00";6
"2019-02-18 21:46:05";6
"2019-02-18 21:56:00";6
"2019-02-18 21:56:05";6
"2019-02-18 22:16:00";6
"2019-02-18 22:16:05";6
"2019-02-18 22:26:00";7
"2019-02-18 22:26:06";7
"2019-02-18 22:46:00";7
"2019-02-18 22:46:05";7
"2019-02-18 22:56:00";7
"2019-02-18 22:56:05";7
"2019-02-18 23:16:00";7
"2019-02-18 23:16:05";7
"2019-02-18 23:26:00";6
"2019-02-18 23:26:05";6
"2019-02-18 23:46:00";6
"2019-02-18 23:46:06";6
"2019-02-18 23:56:00";7
"2019-02-18 23:56:06";7
"2019-02-19 00:16:00";7
"2019-02-19 00:16:06";7
"2019-02-19 00:26:00";7
"2019-02-19 00:26:06";7
"2019-02-19 00:46:00";7
"2019-02-19 00:46:06";7
"2019-02-19 00:56:00";8
"2019-02-19 00:56:06";8
"2019-02-19 01:16:00";8
"2019-02-19 01:16:05";8
"2019-02-19 01:26:00";7
"2019-02-19 01:26:05";7
"2019-02-19 01:46:00";7
"2019-02-19 01:46:06";7
"2019-02-19 01:56:00";8
"2019-02-19 01:56:05";8
"2019-02-19 02:16:00";8
"2019-02-19 02:16:05";8
"2019-02-19 02:26:00";7
"2019-02-19 02:26:05";7
"2019-02-19 02:46:00";7
"2019-02-19 02:46:05";7
"2019-02-19 02:56:00";8
"2019-02-19 02:56:05";8
"2019-02-19 03:16:00";8
"2019-02-19 03:16:04";8
"2019-02-19 03:26:00";8
"2019-02-19 03:26:05";8
"2019-02-19 03:46:00";8
"2019-02-19 03:46:06";8
"2019-02-19 03:56:00";7
"2019-02-19 03:56:05";7
"2019-02-19 04:16:00";7
"2019-02-19 04:16:06";7
"2019-02-19 04:26:00";7
"2019-02-19 04:26:05";7
"2019-02-19 04:46:00";7
"2019-02-19 04:46:05";7
"2019-02-19 04:56:00";8
"2019-02-19 04:56:05";8
"2019-02-19 05:16:00";8
"2019-02-19 05:16:05";8
"2019-02-19 05:26:00";6
"2019-02-19 05:26:05";6
"2019-02-19 05:46:00";6
"2019-02-19 05:46:05";6
"2019-02-19 05:56:00";8
"2019-02-19 05:56:05";8
"2019-02-19 06:16:00";8
"2019-02-19 06:16:05";8
"2019-02-19 06:26:00";6
"2019-02-19 06:26:05";6
"2019-02-19 06:46:00";6
"2019-02-19 06:46:06";6
"2019-02-19 07:06:00";7
"2019-02-19 07:06:04";7
"2019-02-19 07:16:00";7
"2019-02-19 07:16:07";7
"2019-02-19 07:36:00";7
"2019-02-19 07:36:05";7
"2019-02-19 07:46:00";7
"2019-02-19 07:46:05";7
"2019-02-19 07:56:00";7
"2019-02-19 07:56:05";7
"2019-02-19 08:16:00";7
"2019-02-19 08:16:05";7
"2019-02-19 08:26:00";7
"2019-02-19 08:26:05";7
"2019-02-19 08:46:00";7
"2019-02-19 08:46:06";7
"2019-02-19 08:56:00";8
"2019-02-19 08:56:05";8
"2019-02-19 09:16:00";8
"2019-02-19 09:16:05";8
"2019-02-19 09:26:00";7
"2019-02-19 09:26:06";7
"2019-02-19 09:46:00";7
"2019-02-19 09:46:05";7
"2019-02-19 09:56:00";9
"2019-02-19 09:56:05";9
"2019-02-19 10:06:00";9
"2019-02-19 10:06:05";9
"2019-02-19 10:26:00";6
"2019-02-19 10:26:05";6
"2019-02-19 10:36:00";6
"2019-02-19 10:36:05";6
"2019-02-19 10:56:00";4
"2019-02-19 10:56:05";4
"2019-02-19 11:06:00";4
"2019-02-19 11:06:05";4
"2019-02-19 11:26:00";3
"2019-02-19 11:26:05";3
"2019-02-19 11:36:00";3
"2019-02-19 11:36:05";3
"2019-02-19 11:56:00";4
"2019-02-19 11:56:05";4
"2019-02-19 12:06:00";4
"2019-02-19 12:06:05";4
"2019-02-19 12:26:00";4
"2019-02-19 12:26:05";4
"2019-02-19 12:46:00";4
"2019-02-19 12:46:06";4
"2019-02-19 12:56:00";4
"2019-02-19 12:56:05";4
"2019-02-19 13:06:00";4
"2019-02-19 13:06:05";4
"2019-02-19 13:26:00";4
"2019-02-19 13:26:05";4
"2019-02-19 13:36:00";4
"2019-02-19 13:36:05";4
"2019-02-19 13:56:00";5
"2019-02-19 13:56:05";5
"2019-02-19 14:06:00";5
"2019-02-19 14:06:05";5
"2019-02-19 14:26:00";6
"2019-02-19 14:26:05";6
"2019-02-19 14:36:00";6
"2019-02-19 14:36:05";6
"2019-02-19 14:46:00";6
"2019-02-19 14:46:05";6
"2019-02-19 14:56:00";5
"2019-02-19 14:56:05";5
"2019-02-19 15:16:00";5
"2019-02-19 15:16:05";5
"2019-02-19 15:26:00";7
"2019-02-19 15:26:06";7
"2019-02-19 15:46:00";7
"2019-02-19 15:46:05";7
"2019-02-19 15:56:00";7
"2019-02-19 15:56:05";7
"2019-02-19 16:16:00";7
"2019-02-19 16:16:05";7
"2019-02-19 16:26:00";7
"2019-02-19 16:26:05";7
"2019-02-19 16:46:00";6
"2019-02-19 16:46:05";6
"2019-02-19 16:56:00";5
"2019-02-19 16:56:05";5
"2019-02-19 17:16:00";5
"2019-02-19 17:16:06";5
"2019-02-19 17:26:00";6
"2019-02-19 17:26:05";6
"2019-02-19 17:46:00";6
"2019-02-19 17:46:05";6
"2019-02-19 17:56:00";5
"2019-02-19 17:56:05";5
"2019-02-19 18:16:00";5
"2019-02-19 18:16:05";5
"2019-02-19 18:26:00";6
"2019-02-19 18:26:05";6
"2019-02-19 18:46:00";6
"2019-02-19 18:46:06";6
"2019-02-19 18:56:00";6
"2019-02-19 18:56:06";6
"2019-02-19 19:16:00";6
"2019-02-19 19:16:05";6
"2019-02-19 19:36:00";7
"2019-02-19 19:36:05";7
"2019-02-19 19:46:00";7
"2019-02-19 19:46:05";7
"2019-02-19 19:56:00";6
"2019-02-19 19:56:05";6
"2019-02-19 20:16:00";6
"2019-02-19 20:16:05";6
"2019-02-19 20:26:00";7
"2019-02-19 20:26:06";7
"2019-02-19 20:46:00";7
"2019-02-19 20:46:06";7
"2019-02-19 20:56:00";7
"2019-02-19 20:56:05";7
"2019-02-19 21:16:00";7
"2019-02-19 21:16:05";7
"2019-02-19 21:26:00";6
"2019-02-19 21:26:05";6
"2019-02-19 21:46:00";6
"2019-02-19 21:46:05";6
"2019-02-19 21:56:00";6
"2019-02-19 21:56:05";6
"2019-02-19 22:16:00";6
"2019-02-19 22:16:06";6
"2019-02-19 22:26:00";8
"2019-02-19 22:26:06";8
"2019-02-19 22:46:00";8
"2019-02-19 22:46:07";8
"2019-02-19 22:56:00";7
"2019-02-19 22:56:05";7
"2019-02-19 23:16:00";7
"2019-02-19 23:16:06";7
"2019-02-19 23:26:00";6
"2019-02-19 23:26:05";6
"2019-02-19 23:46:00";7
"2019-02-19 23:46:06";7
"2019-02-19 23:56:00";7
"2019-02-19 23:56:06";7
"2019-02-20 00:16:00";7
"2019-02-20 00:16:05";7
"2019-02-20 00:26:00";7
"2019-02-20 00:26:05";7
"2019-02-20 00:46:00";7
"2019-02-20 00:46:07";7
"2019-02-20 00:56:00";7
"2019-02-20 00:56:06";7
"2019-02-20 01:16:00";7
"2019-02-20 01:16:07";7
"2019-02-20 01:26:00";8
"2019-02-20 01:26:05";8
"2019-02-20 01:46:00";8
"2019-02-20 01:46:05";8
"2019-02-20 01:56:00";7
"2019-02-20 01:56:05";7
"2019-02-20 02:16:00";7
"2019-02-20 02:16:05";7
"2019-02-20 02:26:00";7
"2019-02-20 02:26:04";7
"2019-02-20 02:46:00";7
"2019-02-20 02:46:05";7
"2019-02-20 02:56:00";7
"2019-02-20 02:56:05";7
"2019-02-20 03:16:00";7
"2019-02-20 03:16:05";7
"2019-02-20 03:26:00";7
"2019-02-20 03:26:05";7
"2019-02-20 03:46:00";7
"2019-02-20 03:46:06";7
"2019-02-20 03:56:00";7
"2019-02-20 03:56:06";7
"2019-02-20 04:16:00";7
"2019-02-20 04:16:05";7
"2019-02-20 04:26:00";7
"2019-02-20 04:26:05";7
"2019-02-20 04:46:00";7
"2019-02-20 04:46:05";7
"2019-02-20 04:56:00";8
"2019-02-20 04:56:05";8
"2019-02-20 05:16:00";8
"2019-02-20 05:16:05";8
"2019-02-20 05:26:00";7
"2019-02-20 05:26:06";7
"2019-02-20 05:46:00";7
"2019-02-20 05:46:05";7
"2019-02-20 05:56:00";8
"2019-02-20 05:56:05";8
"2019-02-20 06:16:00";8
"2019-02-20 06:16:05";8
"2019-02-20 06:26:00";7
"2019-02-20 06:26:05";7
"2019-02-20 06:46:00";7
"2019-02-20 06:46:05";7
"2019-02-20 06:56:00";7
"2019-02-20 06:56:05";7
"2019-02-20 07:16:00";7
"2019-02-20 07:16:05";7
"2019-02-20 07:26:00";7
"2019-02-20 07:26:05";7
"2019-02-20 07:46:00";7
"2019-02-20 07:46:05";7
"2019-02-20 07:56:00";7
"2019-02-20 07:56:06";7
"2019-02-20 08:16:00";7
"2019-02-20 08:16:06";7
"2019-02-20 08:26:00";7
"2019-02-20 08:26:05";7
"2019-02-20 08:46:00";7
"2019-02-20 08:46:05";7
"2019-02-20 08:56:00";8
"2019-02-20 08:56:05";8
"2019-02-20 09:16:00";8
"2019-02-20 09:16:05";8
"2019-02-20 09:26:00";7
"2019-02-20 09:26:05";7
"2019-02-20 09:46:00";7
"2019-02-20 09:46:05";7
"2019-02-20 09:56:00";9
"2019-02-20 09:56:05";9
"2019-02-20 10:16:00";9
"2019-02-20 10:16:05";9
"2019-02-20 10:26:00";8
"2019-02-20 10:26:05";8
"2019-02-20 10:46:00";4
"2019-02-20 10:46:05";4
"2019-02-20 10:56:00";4
"2019-02-20 10:56:05";4
"2019-02-20 11:16:00";4
"2019-02-20 11:16:05";4
"2019-02-20 11:26:00";4
"2019-02-20 11:26:05";4
"2019-02-20 11:46:00";4
"2019-02-20 11:46:05";4
"2019-02-20 11:56:00";4
"2019-02-20 11:56:06";4
"2019-02-20 12:16:00";4
"2019-02-20 12:16:05";4
"2019-02-20 12:26:00";5
"2019-02-20 12:26:05";5
"2019-02-20 12:46:00";5
"2019-02-20 12:46:05";5
"2019-02-20 12:56:00";6
"2019-02-20 12:56:05";6
"2019-02-20 13:16:00";6
"2019-02-20 13:16:05";6
"2019-02-20 13:26:00";5
"2019-02-20 13:26:05";5
"2019-02-20 13:46:00";5
"2019-02-20 13:46:05";5
"2019-02-20 13:56:05";5
"2019-02-20 14:06:00";5
"2019-02-20 14:06:05";5
"2019-02-20 14:26:00";6
"2019-02-20 14:26:05";6
"2019-02-20 14:36:00";6
"2019-02-20 14:36:05";6
"2019-02-20 14:56:00";5
"2019-02-20 14:56:05";5
"2019-02-20 15:06:00";5
"2019-02-20 15:06:05";5
"2019-02-20 15:26:00";3
"2019-02-20 15:26:05";3
"2019-02-20 15:36:00";3
"2019-02-20 15:36:05";3
"2019-02-20 15:56:00";8
"2019-02-20 15:56:06";8
"2019-02-20 16:06:00";8
"2019-02-20 16:06:05";8
"2019-02-20 16:26:00";6
"2019-02-20 16:26:05";6
"2019-02-20 16:36:00";6
"2019-02-20 16:36:05";6
"2019-02-20 16:56:00";5
"2019-02-20 16:56:05";5
"2019-02-20 17:06:00";5
"2019-02-20 17:06:05";5
"2019-02-20 17:26:00";6
"2019-02-20 17:26:05";6
"2019-02-20 17:36:00";6
"2019-02-20 17:36:05";6
"2019-02-20 17:56:00";6
"2019-02-20 17:56:05";6
"2019-02-20 18:06:00";6
"2019-02-20 18:06:06";6
"2019-02-20 18:26:00";7
"2019-02-20 18:26:05";7
"2019-02-20 18:36:00";7
"2019-02-20 18:36:05";7
"2019-02-20 18:56:00";6
"2019-02-20 18:56:05";6
"2019-02-20 19:06:00";6
"2019-02-20 19:06:06";6
"2019-02-20 19:26:00";7
"2019-02-20 19:26:05";7
"2019-02-20 19:36:00";7
"2019-02-20 19:36:05";7
"2019-02-20 19:56:00";7
"2019-02-20 19:56:05";7
"2019-02-20 20:06:00";7
"2019-02-20 20:06:06";7
"2019-02-20 20:26:00";8
"2019-02-20 20:26:06";8
"2019-02-20 20:36:00";8
"2019-02-20 20:36:05";8
"2019-02-20 20:56:00";8
"2019-02-20 20:56:05";8
"2019-02-20 21:06:00";8
"2019-02-20 21:06:06";8
"2019-02-20 21:26:00";8
"2019-02-20 21:26:05";8
"2019-02-20 21:36:00";8
"2019-02-20 21:36:06";8
"2019-02-20 21:56:00";6
"2019-02-20 21:56:05";6
"2019-02-20 22:06:00";6
"2019-02-20 22:06:06";6
"2019-02-20 22:26:00";7
"2019-02-20 22:26:05";7
"2019-02-20 22:36:00";7
"2019-02-20 22:36:06";7
"2019-02-20 22:56:00";8
"2019-02-20 22:56:06";8
"2019-02-20 23:06:00";8
"2019-02-20 23:06:06";8
"2019-02-20 23:26:00";7
"2019-02-20 23:26:05";7
"2019-02-20 23:36:00";7
"2019-02-20 23:36:06";7
"2019-02-20 23:56:00";8
"2019-02-20 23:56:07";8
"2019-02-21 00:06:00";8
"2019-02-21 00:06:06";8
"2019-02-21 00:26:00";7
"2019-02-21 00:26:07";7
"2019-02-21 00:36:00";7
"2019-02-21 00:36:05";7
"2019-02-21 00:56:00";8
"2019-02-21 00:56:05";8
"2019-02-21 01:06:00";8
"2019-02-21 01:06:05";8
"2019-02-21 01:26:00";8
"2019-02-21 01:26:05";8
"2019-02-21 01:36:00";8
"2019-02-21 01:36:04";8
"2019-02-21 01:56:00";8
"2019-02-21 01:56:04";8
"2019-02-21 02:06:00";8
"2019-02-21 02:06:04";8
"2019-02-21 02:26:00";7
"2019-02-21 02:26:05";7
"2019-02-21 02:36:00";7
"2019-02-21 02:36:05";7
"2019-02-21 02:56:00";9
"2019-02-21 02:56:05";9
"2019-02-21 03:06:00";9
"2019-02-21 03:06:05";9
"2019-02-21 03:26:00";8
"2019-02-21 03:26:05";8
"2019-02-21 03:36:00";8
"2019-02-21 03:36:05";8
"2019-02-21 03:56:00";7
"2019-02-21 03:56:05";7
"2019-02-21 04:06:00";7
"2019-02-21 04:06:05";7
"2019-02-21 04:26:00";8
"2019-02-21 04:26:06";8
"2019-02-21 04:36:00";8
"2019-02-21 04:36:05";8
"2019-02-21 04:56:00";7
"2019-02-21 04:56:05";7
"2019-02-21 05:06:00";7
"2019-02-21 05:06:06";7
"2019-02-21 05:26:00";9
"2019-02-21 05:26:05";9
"2019-02-21 05:36:00";9
"2019-02-21 05:36:05";9
"2019-02-21 05:56:00";8
"2019-02-21 05:56:07";8
"2019-02-21 06:06:00";8
"2019-02-21 06:06:05";8
"2019-02-21 06:26:00";9
"2019-02-21 06:26:05";9
"2019-02-21 06:36:00";9
"2019-02-21 06:36:05";9
"2019-02-21 06:56:00";8
"2019-02-21 06:56:05";8
"2019-02-21 07:06:00";8
"2019-02-21 07:06:05";8
"2019-02-21 07:26:00";7
"2019-02-21 07:26:05";7
"2019-02-21 07:36:00";7
"2019-02-21 07:36:05";7
"2019-02-21 07:56:00";8
"2019-02-21 07:56:05";8
"2019-02-21 08:06:00";8
"2019-02-21 08:06:05";8
"2019-02-21 08:26:00";7
"2019-02-21 08:26:05";7
"2019-02-21 08:36:00";7
"2019-02-21 08:36:05";7
"2019-02-21 08:56:00";8
"2019-02-21 08:56:05";8
"2019-02-21 09:06:00";8
"2019-02-21 09:06:05";8
"2019-02-21 09:26:00";7
"2019-02-21 09:26:06";7
"2019-02-21 09:36:00";7
"2019-02-21 09:36:05";7
"2019-02-21 09:56:00";10
"2019-02-21 09:56:05";10
"2019-02-21 10:06:00";10
"2019-02-21 10:06:05";10
"2019-02-21 10:26:00";8
"2019-02-21 10:26:06";8
"2019-02-21 10:36:00";8
"2019-02-21 10:36:05";8
"2019-02-21 10:56:00";5
"2019-02-21 10:56:05";5
"2019-02-21 11:06:00";5
"2019-02-21 11:06:05";5
"2019-02-21 11:26:00";4
"2019-02-21 11:26:05";4
"2019-02-21 11:36:00";4
"2019-02-21 11:36:04";4
"2019-02-21 11:56:00";2
"2019-02-21 11:56:05";2
"2019-02-21 12:06:00";2
"2019-02-21 12:06:05";2
"2019-02-21 12:26:00";5
"2019-02-21 12:26:05";5
"2019-02-21 12:36:00";5
"2019-02-21 12:36:05";5
"2019-02-21 12:56:00";5
"2019-02-21 12:56:05";5
"2019-02-21 13:06:00";5
"2019-02-21 13:06:05";5
"2019-02-21 13:26:00";6
"2019-02-21 13:26:05";6
"2019-02-21 13:36:00";6
"2019-02-21 13:36:05";6
"2019-02-21 13:56:00";6
"2019-02-21 13:56:06";6
"2019-02-21 14:06:00";6
"2019-02-21 14:06:05";6
"2019-02-21 14:26:00";7
"2019-02-21 14:26:06";7
"2019-02-21 14:36:00";7
"2019-02-21 14:36:04";7
"2019-02-21 14:56:00";6
"2019-02-21 14:56:05";6
"2019-02-21 15:06:00";6
"2019-02-21 15:06:05";6
"2019-02-21 15:26:00";7
"2019-02-21 15:26:05";7
"2019-02-21 15:36:00";7
"2019-02-21 15:36:06";7
"2019-02-21 15:56:00";7
"2019-02-21 15:56:05";7
"2019-02-21 16:06:00";7
"2019-02-21 16:06:05";7
"2019-02-21 16:26:00";6
"2019-02-21 16:26:05";6
"2019-02-21 16:36:00";6
"2019-02-21 16:36:05";6
"2019-02-21 16:56:00";6
"2019-02-21 16:56:05";6
"2019-02-21 17:06:00";6
"2019-02-21 17:06:05";6
"2019-02-21 17:26:00";6
"2019-02-21 17:26:06";6
"2019-02-21 17:36:00";6
"2019-02-21 17:36:05";6
"2019-02-21 17:56:00";5
"2019-02-21 17:56:05";5
"2019-02-21 18:06:00";5
"2019-02-21 18:06:05";5
"2019-02-21 18:26:00";7
"2019-02-21 18:26:05";7
"2019-02-21 18:36:00";7
"2019-02-21 18:36:05";7
"2019-02-21 18:56:00";8
"2019-02-21 18:56:06";8
"2019-02-21 19:06:00";8
"2019-02-21 19:06:05";8
"2019-02-21 19:26:00";6
"2019-02-21 19:26:05";6
"2019-02-21 19:36:00";6
"2019-02-21 19:36:05";6
"2019-02-21 19:56:00";7
"2019-02-21 19:56:05";7
"2019-02-21 20:06:00";7
"2019-02-21 20:06:06";7
"2019-02-21 20:26:00";7
"2019-02-21 20:26:05";7
"2019-02-21 20:36:00";7
"2019-02-21 20:36:06";7
"2019-02-21 20:56:00";6
"2019-02-21 20:56:05";6
"2019-02-21 21:06:00";6
"2019-02-21 21:06:05";6
"2019-02-21 21:26:00";8
"2019-02-21 21:26:05";8
"2019-02-21 21:36:00";8
"2019-02-21 21:36:06";8
"2019-02-21 21:56:00";8
"2019-02-21 21:56:06";8
"2019-02-21 22:06:00";8
"2019-02-21 22:06:06";8
"2019-02-21 22:26:00";8
"2019-02-21 22:26:06";8
"2019-02-21 22:36:00";8
"2019-02-21 22:36:06";8
"2019-02-21 22:56:00";9
"2019-02-21 22:56:06";9
"2019-02-21 23:06:00";9
"2019-02-21 23:06:05";9
"2019-02-21 23:26:00";8
"2019-02-21 23:26:05";8
"2019-02-21 23:36:00";8
"2019-02-21 23:36:06";8
"2019-02-21 23:56:00";8
"2019-02-21 23:56:06";8
"2019-02-22 00:06:00";8
"2019-02-22 00:06:06";8
"2019-02-22 00:26:00";9
"2019-02-22 00:26:06";9
"2019-02-22 00:36:00";9
"2019-02-22 00:36:06";9
"2019-02-22 00:56:00";10
"2019-02-22 00:56:06";10
"2019-02-22 01:06:00";10
"2019-02-22 01:06:05";10
"2019-02-22 01:26:00";8
"2019-02-22 01:26:05";8
"2019-02-22 01:36:00";8
"2019-02-22 01:36:05";8
"2019-02-22 01:56:00";9
"2019-02-22 01:56:05";9
"2019-02-22 02:06:00";9
"2019-02-22 02:06:06";9
"2019-02-22 02:26:00";8
"2019-02-22 02:26:04";8
"2019-02-22 02:36:00";8
"2019-02-22 02:36:05";8
"2019-02-22 02:46:00";8
"2019-02-22 02:46:05";8
"2019-02-22 03:06:00";8
"2019-02-22 03:06:05";8
"2019-02-22 03:16:00";8
"2019-02-22 03:16:05";8
"2019-02-22 03:36:00";9
"2019-02-22 03:36:05";9
"2019-02-22 03:46:00";9
"2019-02-22 03:46:06";9
"2019-02-22 04:06:00";8
"2019-02-22 04:06:05";8
"2019-02-22 04:16:00";8
"2019-02-22 04:16:06";8
"2019-02-22 04:36:00";10
"2019-02-22 04:36:05";10
"2019-02-22 04:46:00";7
"2019-02-22 04:46:05";7
"2019-02-22 05:06:00";7
"2019-02-22 05:06:04";7
"2019-02-22 05:16:00";7
"2019-02-22 05:16:05";7
"2019-02-22 05:36:00";7
"2019-02-22 05:36:05";7
"2019-02-22 05:46:00";9
"2019-02-22 05:46:06";9
"2019-02-22 06:06:00";9
"2019-02-22 06:06:05";9
"2019-02-22 06:16:00";9
"2019-02-22 06:16:05";9
"2019-02-22 06:36:00";9
"2019-02-22 06:36:05";9
"2019-02-22 06:46:00";9
"2019-02-22 06:46:05";9
"2019-02-22 07:06:00";8
"2019-02-22 07:06:05";8
"2019-02-22 07:16:00";8
"2019-02-22 07:16:05";8
"2019-02-22 07:36:00";9
"2019-02-22 07:36:06";9
"2019-02-22 07:46:00";9
"2019-02-22 07:46:05";9
"2019-02-22 08:06:00";8
"2019-02-22 08:06:05";8
"2019-02-22 08:16:00";8
"2019-02-22 08:16:05";8
"2019-02-22 08:36:00";9
"2019-02-22 08:36:05";9
"2019-02-22 08:46:00";9
"2019-02-22 08:46:05";9
"2019-02-22 09:06:00";8
"2019-02-22 09:06:06";8
"2019-02-22 09:16:00";7
"2019-02-22 09:16:05";7
"2019-02-22 09:36:00";7
"2019-02-22 09:36:05";7
"2019-02-22 09:46:00";12
"2019-02-22 09:46:05";12
"2019-02-22 10:06:00";12
"2019-02-22 10:06:05";12
"2019-02-22 10:16:00";10
"2019-02-22 10:16:05";10
"2019-02-22 10:36:00";10
"2019-02-22 10:36:05";10
"2019-02-22 10:46:00";10
"2019-02-22 10:46:05";10
"2019-02-22 11:06:00";5
"2019-02-22 11:06:05";5
"2019-02-22 11:16:00";5
"2019-02-22 11:16:05";5
"2019-02-22 11:36:00";7
"2019-02-22 11:36:05";7
"2019-02-22 11:46:00";7
"2019-02-22 11:46:06";7
"2019-02-22 12:06:00";5
"2019-02-22 12:06:05";5
"2019-02-22 12:16:00";5
"2019-02-22 12:16:05";5
"2019-02-22 12:36:00";6
"2019-02-22 12:36:05";6
"2019-02-22 12:46:00";1
"2019-02-22 12:46:05";1
"2019-02-22 13:06:00";1
"2019-02-22 13:06:05";1
"2019-02-22 13:16:00";1
"2019-02-22 13:16:05";1
"2019-02-22 13:36:00";2
"2019-02-22 13:36:05";2
"2019-02-22 13:46:00";2
"2019-02-22 13:46:06";2
"2019-02-22 14:06:00";5
"2019-02-22 14:06:05";5
"2019-02-22 14:16:00";5
"2019-02-22 14:16:05";5
"2019-02-22 14:36:00";5
"2019-02-22 14:36:05";5
"2019-02-22 14:46:00";5
"2019-02-22 14:46:05";5
"2019-02-22 15:06:00";6
"2019-02-22 15:06:05";6
"2019-02-22 15:16:00";6
"2019-02-22 15:16:06";6
"2019-02-22 15:36:00";5
"2019-02-22 15:36:05";5
"2019-02-22 15:46:00";5
"2019-02-22 15:46:05";5
"2019-02-22 16:06:00";5
"2019-02-22 16:06:05";5
"2019-02-22 16:16:00";5
"2019-02-22 16:16:05";5
"2019-02-22 16:36:00";6
"2019-02-22 16:36:05";6
"2019-02-22 16:46:00";6
"2019-02-22 16:46:06";6
"2019-02-22 17:06:00";7
"2019-02-22 17:06:06";7
"2019-02-22 17:16:00";7
"2019-02-22 17:16:05";7
"2019-02-22 17:36:00";8
"2019-02-22 17:36:06";8
"2019-02-22 17:46:00";8
"2019-02-22 17:46:05";8
"2019-02-22 18:06:00";7
"2019-02-22 18:06:05";7
"2019-02-22 18:16:00";7
"2019-02-22 18:16:05";7
"2019-02-22 18:36:00";7
"2019-02-22 18:36:05";7
"2019-02-22 18:46:00";7
"2019-02-22 18:46:06";7
"2019-02-22 19:06:00";8
"2019-02-22 19:06:05";8
"2019-02-22 19:16:00";8
"2019-02-22 19:16:05";8
"2019-02-22 19:36:00";8
"2019-02-22 19:36:05";8
"2019-02-22 19:46:00";8
"2019-02-22 19:46:05";8
"2019-02-22 20:06:00";8
"2019-02-22 20:06:05";8
"2019-02-22 20:16:00";8
"2019-02-22 20:16:06";8
"2019-02-22 20:36:00";8
"2019-02-22 20:36:05";8
"2019-02-22 20:46:00";8
"2019-02-22 20:46:05";8
"2019-02-22 21:06:00";9
"2019-02-22 21:06:05";9
"2019-02-22 21:16:00";9
"2019-02-22 21:16:05";9
"2019-02-22 21:36:00";9
"2019-02-22 21:36:05";9
"2019-02-22 21:46:00";9
"2019-02-22 21:46:05";9
"2019-02-22 22:06:00";9
"2019-02-22 22:06:07";9
"2019-02-22 22:16:00";9
"2019-02-22 22:16:08";9
"2019-02-22 22:36:06";10
"2019-02-22 22:46:00";10
"2019-02-22 22:46:06";10
"2019-02-22 23:06:00";9
"2019-02-22 23:06:06";9
"2019-02-22 23:16:00";9
"2019-02-22 23:16:05";9
"2019-02-22 23:36:00";9
"2019-02-22 23:36:06";9
"2019-02-22 23:46:00";9
"2019-02-22 23:46:06";9
"2019-02-23 00:06:00";10
"2019-02-23 00:06:07";10
"2019-02-23 00:16:00";10
"2019-02-23 00:16:06";10
"2019-02-23 00:36:00";11
"2019-02-23 00:36:06";11
"2019-02-23 00:46:00";11
"2019-02-23 00:46:07";11
"2019-02-23 01:06:00";9
"2019-02-23 01:06:05";9
"2019-02-23 01:16:00";9
"2019-02-23 01:16:05";9
"2019-02-23 01:36:00";8
"2019-02-23 01:36:05";8
"2019-02-23 01:46:00";8
"2019-02-23 01:46:06";8
"2019-02-23 02:06:00";9
"2019-02-23 02:06:04";9
"2019-02-23 02:26:00";10
"2019-02-23 02:26:05";10
"2019-02-23 02:36:00";10
"2019-02-23 02:36:05";10
"2019-02-23 02:46:00";10
"2019-02-23 02:46:05";10
"2019-02-23 03:06:00";9
"2019-02-23 03:06:04";9
"2019-02-23 03:16:00";9
"2019-02-23 03:16:05";9
"2019-02-23 03:36:00";10
"2019-02-23 03:36:05";10
"2019-02-23 03:46:00";10
"2019-02-23 03:46:06";10
"2019-02-23 04:06:00";10
"2019-02-23 04:06:06";10
"2019-02-23 04:16:00";10
"2019-02-23 04:16:05";10
"2019-02-23 04:36:00";10
"2019-02-23 04:36:05";10
"2019-02-23 04:46:00";10
"2019-02-23 04:46:05";10
"2019-02-23 05:06:00";9
"2019-02-23 05:06:05";9
"2019-02-23 05:16:00";9
"2019-02-23 05:16:05";9
"2019-02-23 05:36:00";10
"2019-02-23 05:36:04";10
"2019-02-23 05:46:00";10
"2019-02-23 05:46:05";10
"2019-02-23 06:06:00";11
"2019-02-23 06:06:05";11
"2019-02-23 06:16:00";11
"2019-02-23 06:16:05";11
"2019-02-23 06:36:00";8
"2019-02-23 06:36:06";8
"2019-02-23 06:46:00";8
"2019-02-23 06:46:05";8
"2019-02-23 07:06:00";10
"2019-02-23 07:06:05";10
"2019-02-23 07:16:00";10
"2019-02-23 07:16:05";10
"2019-02-23 07:36:00";8
"2019-02-23 07:36:05";8
"2019-02-23 07:46:00";8
"2019-02-23 07:46:05";8
"2019-02-23 08:06:00";9
"2019-02-23 08:06:05";9
"2019-02-23 08:16:00";9
"2019-02-23 08:16:05";9
"2019-02-23 08:36:00";9
"2019-02-23 08:36:05";9
"2019-02-23 08:46:00";9
"2019-02-23 08:46:06";9
"2019-02-23 09:06:00";12
"2019-02-23 09:06:05";12
"2019-02-23 09:16:00";12
"2019-02-23 09:16:06";12
"2019-02-23 09:36:00";9
"2019-02-23 09:36:06";9
"2019-02-23 09:46:00";9
"2019-02-23 09:46:06";9
"2019-02-23 10:06:00";11
"2019-02-23 10:06:05";11
"2019-02-23 10:16:00";11
"2019-02-23 10:16:05";11
"2019-02-23 10:36:00";10
"2019-02-23 10:36:05";10
"2019-02-23 10:46:00";10
"2019-02-23 10:46:05";10
"2019-02-23 11:06:00";8
"2019-02-23 11:06:05";8
"2019-02-23 11:16:00";8
"2019-02-23 11:16:05";8
"2019-02-23 11:36:00";8
"2019-02-23 11:36:05";8
"2019-02-23 11:46:00";8
"2019-02-23 11:46:05";8
"2019-02-23 12:06:00";8
"2019-02-23 12:06:05";8
"2019-02-23 12:16:00";8
"2019-02-23 12:16:05";8
"2019-02-23 12:36:00";9
"2019-02-23 12:36:05";9
"2019-02-23 12:46:00";9
"2019-02-23 12:46:05";9
"2019-02-23 13:06:00";8
"2019-02-23 13:06:05";8
"2019-02-23 13:16:00";8
"2019-02-23 13:16:06";8
"2019-02-23 13:36:00";7
"2019-02-23 13:36:05";7
"2019-02-23 13:46:00";7
"2019-02-23 13:46:05";7
"2019-02-23 14:06:00";8
"2019-02-23 14:06:05";8
"2019-02-23 14:16:00";8
"2019-02-23 14:16:06";8
"2019-02-23 14:36:00";7
"2019-02-23 14:36:05";7
"2019-02-23 14:46:00";7
"2019-02-23 14:46:05";7
"2019-02-23 15:06:00";6
"2019-02-23 15:06:05";6
"2019-02-23 15:16:00";6
"2019-02-23 15:16:06";6
"2019-02-23 15:36:00";10
"2019-02-23 15:36:05";10
"2019-02-23 15:46:00";10
"2019-02-23 15:46:05";10
"2019-02-23 16:06:00";11
"2019-02-23 16:06:05";11
"2019-02-23 16:16:00";11
"2019-02-23 16:16:07";11
"2019-02-23 16:36:00";9
"2019-02-23 16:36:05";9
"2019-02-23 16:46:00";9
"2019-02-23 16:46:05";9
"2019-02-23 17:06:00";11
"2019-02-23 17:06:05";11
"2019-02-23 17:16:00";11
"2019-02-23 17:16:05";11
"2019-02-23 17:36:00";10
"2019-02-23 17:36:06";10
"2019-02-23 17:46:00";10
"2019-02-23 17:46:05";10
"2019-02-23 18:06:00";10
"2019-02-23 18:06:05";10
"2019-02-23 18:16:00";10
"2019-02-23 18:16:05";10
"2019-02-23 18:36:00";11
"2019-02-23 18:36:05";11
"2019-02-23 18:46:00";11
"2019-02-23 18:46:05";11
"2019-02-23 19:06:00";11
"2019-02-23 19:06:05";11
"2019-02-23 19:16:00";11
"2019-02-23 19:16:06";11
"2019-02-23 19:36:00";10
"2019-02-23 19:36:05";10
"2019-02-23 19:46:00";10
"2019-02-23 19:46:06";10
"2019-02-23 20:06:00";9
"2019-02-23 20:06:06";9
"2019-02-23 20:16:00";9
"2019-02-23 20:16:05";9
"2019-02-23 20:36:00";11
"2019-02-23 20:36:05";11
"2019-02-23 20:46:00";11
"2019-02-23 20:46:05";11
"2019-02-23 21:06:00";11
"2019-02-23 21:06:05";11
"2019-02-23 21:16:00";11
"2019-02-23 21:16:06";11
"2019-02-23 21:36:00";10
"2019-02-23 21:36:05";10
"2019-02-23 21:46:00";10
"2019-02-23 21:46:06";10
"2019-02-23 22:06:00";10
"2019-02-23 22:06:06";10
"2019-02-23 22:16:00";10
"2019-02-23 22:16:06";10
"2019-02-23 22:36:00";11
"2019-02-23 22:36:06";11
"2019-02-23 22:46:00";11
"2019-02-23 22:46:06";11
"2019-02-23 23:06:00";11
"2019-02-23 23:06:05";11
"2019-02-23 23:16:00";11
"2019-02-23 23:16:05";11
"2019-02-23 23:26:00";9
"2019-02-23 23:26:05";9
"2019-02-24 01:06:00";11
"2019-02-24 01:06:05";11
"2019-02-24 01:16:00";11
"2019-02-24 01:16:06";11
"2019-02-24 01:36:00";10
"2019-02-24 01:36:06";10
"2019-02-24 01:46:00";10
"2019-02-24 01:46:05";10
"2019-02-24 02:06:00";11
"2019-02-24 02:06:05";11
"2019-02-24 02:16:00";11
"2019-02-24 02:16:05";11
"2019-02-24 02:36:00";9
"2019-02-24 02:36:05";9
"2019-02-24 02:46:00";9
"2019-02-24 02:46:05";9
"2019-02-24 03:06:00";10
"2019-02-24 03:06:05";10
"2019-02-24 03:16:00";10
"2019-02-24 03:16:05";10
"2019-02-24 03:36:00";10
"2019-02-24 03:36:05";10
"2019-02-24 03:46:00";10
"2019-02-24 03:46:06";10
"2019-02-24 04:06:00";11
"2019-02-24 04:06:06";11
"2019-02-24 04:16:00";11
"2019-02-24 04:16:06";11
"2019-02-24 04:36:00";12
"2019-02-24 04:36:06";12
"2019-02-24 04:46:00";12
"2019-02-24 04:46:06";12
"2019-02-24 05:06:00";11
"2019-02-24 05:06:06";11
"2019-02-24 05:16:00";11
"2019-02-24 05:16:05";11
"2019-02-24 05:36:00";10
"2019-02-24 05:36:05";10
"2019-02-24 05:46:00";10
"2019-02-24 05:46:06";10
"2019-02-24 06:06:00";10
"2019-02-24 06:06:06";10
"2019-02-24 06:16:00";10
"2019-02-24 06:16:05";10
"2019-02-24 06:36:00";10
"2019-02-24 06:36:05";10
"2019-02-24 06:46:00";10
"2019-02-24 06:46:05";10
"2019-02-24 07:06:00";10
"2019-02-24 07:06:05";10
"2019-02-24 07:16:00";10
"2019-02-24 07:16:05";10
"2019-02-24 07:36:00";9
"2019-02-24 07:36:05";9
"2019-02-24 07:46:00";9
"2019-02-24 07:46:05";9
"2019-02-24 08:06:00";10
"2019-02-24 08:06:05";10
"2019-02-24 08:16:00";10
"2019-02-24 08:16:05";10
"2019-02-24 08:36:00";11
"2019-02-24 08:36:05";11
"2019-02-24 08:46:00";11
"2019-02-24 08:46:06";11
"2019-02-24 08:56:00";10
"2019-02-24 08:56:05";10
"2019-02-24 09:16:00";10
"2019-02-24 09:16:05";10
"2019-02-24 09:26:00";11
"2019-02-24 09:26:05";11
"2019-02-24 09:46:00";11
"2019-02-24 09:46:05";11
"2019-02-24 09:56:00";12
"2019-02-24 09:56:05";12
"2019-02-24 10:16:00";12
"2019-02-24 10:16:06";12
"2019-02-24 10:26:00";10
"2019-02-24 10:26:05";10
"2019-02-24 10:46:00";10
"2019-02-24 10:46:06";10
"2019-02-24 10:56:00";9
"2019-02-24 10:56:05";9
"2019-02-24 11:16:00";9
"2019-02-24 11:16:05";9
"2019-02-24 11:26:00";6
"2019-02-24 11:26:05";6
"2019-02-24 11:46:00";6
"2019-02-24 11:46:06";6
"2019-02-24 11:56:00";8
"2019-02-24 11:56:06";8
"2019-02-24 12:16:00";8
"2019-02-24 12:16:05";8
"2019-02-24 12:26:00";9
"2019-02-24 12:26:05";9
"2019-02-24 12:46:00";9
"2019-02-24 12:46:05";9
"2019-02-24 12:56:00";8
"2019-02-24 12:56:07";8
"2019-02-24 13:16:00";8
"2019-02-24 13:16:05";8
"2019-02-24 13:26:00";8
"2019-02-24 13:26:05";8
"2019-02-24 13:46:00";8
"2019-02-24 13:46:07";8
"2019-02-24 13:56:00";8
"2019-02-24 13:56:05";8
"2019-02-24 14:16:00";8
"2019-02-24 14:16:05";8
"2019-02-24 14:26:00";8
"2019-02-24 14:26:05";8
"2019-02-24 14:46:00";8
"2019-02-24 14:46:06";8
"2019-02-24 14:56:00";9
"2019-02-24 14:56:06";9
"2019-02-24 15:16:00";9
"2019-02-24 15:16:05";9
"2019-02-24 15:26:00";11
"2019-02-24 15:26:05";11
"2019-02-24 15:46:00";11
"2019-02-24 15:46:05";11
"2019-02-24 15:56:00";11
"2019-02-24 15:56:05";11
"2019-02-24 16:16:00";11
"2019-02-24 16:16:05";11
"2019-02-24 16:26:00";10
"2019-02-24 16:26:05";10
"2019-02-24 16:46:00";10
"2019-02-24 16:46:05";10
"2019-02-24 16:56:00";11
"2019-02-24 16:56:05";11
"2019-02-24 17:16:00";11
"2019-02-24 17:16:05";11
"2019-02-24 17:26:00";11
"2019-02-24 17:26:05";11
"2019-02-24 17:46:00";11
"2019-02-24 17:46:06";11
"2019-02-24 17:56:00";12
"2019-02-24 17:56:05";12
"2019-02-24 18:16:00";12
"2019-02-24 18:16:05";12
"2019-02-24 18:26:00";9
"2019-02-24 18:26:05";9
"2019-02-24 18:46:00";9
"2019-02-24 18:46:05";9
"2019-02-24 18:56:00";9
"2019-02-24 18:56:06";9
"2019-02-24 19:06:00";9
"2019-02-24 19:06:05";9
"2019-02-24 19:26:00";9
"2019-02-24 19:26:05";9
"2019-02-24 19:36:00";9
"2019-02-24 19:36:05";9
"2019-02-24 19:56:00";10
"2019-02-24 19:56:06";10
"2019-02-24 20:06:00";10
"2019-02-24 20:06:06";10
"2019-02-24 20:16:00";10
"2019-02-24 20:16:06";10
"2019-02-24 20:36:00";10
"2019-02-24 20:36:06";10
"2019-02-24 20:46:00";10
"2019-02-24 20:46:05";10
"2019-02-24 21:06:00";10
"2019-02-24 21:06:06";10
"2019-02-24 21:16:00";10
"2019-02-24 21:16:06";10
"2019-02-24 21:36:00";10
"2019-02-24 21:36:05";10
"2019-02-24 21:46:00";10
"2019-02-24 21:46:05";10
"2019-02-24 22:06:00";10
"2019-02-24 22:06:06";10
"2019-02-24 22:16:00";10
"2019-02-24 22:16:06";10
"2019-02-24 22:36:00";11
"2019-02-24 22:36:05";11
"2019-02-24 22:46:00";11
"2019-02-24 22:46:05";11
"2019-02-24 23:06:00";12
"2019-02-24 23:06:06";12
"2019-02-24 23:16:00";12
"2019-02-24 23:16:06";12
"2019-02-24 23:36:00";12
"2019-02-24 23:36:06";12
"2019-02-24 23:46:00";12
"2019-02-24 23:46:06";12
"2019-02-25 00:06:00";11
"2019-02-25 00:06:06";11
"2019-02-25 00:16:00";11
"2019-02-25 00:16:05";11
"2019-02-25 00:36:00";10
"2019-02-25 00:36:07";10
"2019-02-25 00:46:00";10
"2019-02-25 00:46:06";10
"2019-02-25 01:06:00";10
"2019-02-25 01:06:06";10
"2019-02-25 01:16:00";10
"2019-02-25 01:16:06";10
"2019-02-25 01:36:00";12
"2019-02-25 01:36:06";12
"2019-02-25 01:46:00";12
"2019-02-25 01:46:05";12
"2019-02-25 02:06:00";11
"2019-02-25 02:06:05";11
"2019-02-25 02:16:00";11
"2019-02-25 02:16:05";11
"2019-02-25 02:36:00";13
"2019-02-25 02:36:05";13
"2019-02-25 02:46:00";13
"2019-02-25 02:46:05";13
"2019-02-25 03:06:00";12
"2019-02-25 03:06:06";12
"2019-02-25 03:16:00";12
"2019-02-25 03:16:05";12
"2019-02-25 03:36:00";10
"2019-02-25 03:36:05";10
"2019-02-25 03:46:00";10
"2019-02-25 03:46:08";10
"2019-02-25 04:06:00";10
"2019-02-25 04:06:06";10
"2019-02-25 04:16:00";10
"2019-02-25 04:16:05";10
"2019-02-25 04:36:00";11
"2019-02-25 04:36:05";11
"2019-02-25 04:46:00";11
"2019-02-25 04:46:05";11
"2019-02-25 05:06:00";12
"2019-02-25 05:06:05";12
"2019-02-25 05:16:00";12
"2019-02-25 05:16:05";12
"2019-02-25 05:36:00";12
"2019-02-25 05:36:05";12
"2019-02-25 05:46:00";12
"2019-02-25 05:46:06";12
"2019-02-25 06:06:00";13
"2019-02-25 06:06:05";13
"2019-02-25 06:16:00";13
"2019-02-25 06:16:05";13
"2019-02-25 06:36:00";12
"2019-02-25 06:36:05";12
"2019-02-25 06:46:00";12
"2019-02-25 06:46:05";12
"2019-02-25 07:06:00";11
"2019-02-25 07:06:05";11
"2019-02-25 07:16:00";11
"2019-02-25 07:16:05";11
"2019-02-25 07:36:00";12
"2019-02-25 07:36:05";12
"2019-02-25 07:46:00";12
"2019-02-25 07:46:05";12
"2019-02-25 08:06:00";12
"2019-02-25 08:06:05";12
"2019-02-25 08:16:00";12
"2019-02-25 08:16:05";12
"2019-02-25 08:36:00";13
"2019-02-25 08:36:05";13
"2019-02-25 08:46:00";13
"2019-02-25 08:46:05";13
"2019-02-25 09:06:00";12
"2019-02-25 09:06:05";12
"2019-02-25 09:16:00";12
"2019-02-25 09:16:05";12
"2019-02-25 09:36:00";12
"2019-02-25 09:36:05";12
"2019-02-25 09:46:00";12
"2019-02-25 09:46:05";12
"2019-02-25 10:06:00";13
"2019-02-25 10:06:05";13
"2019-02-25 10:16:00";13
"2019-02-25 10:16:05";13
"2019-02-25 10:36:00";13
"2019-02-25 10:36:05";13
"2019-02-25 10:46:00";13
"2019-02-25 10:46:05";13
"2019-02-25 11:06:00";9
"2019-02-25 11:06:05";9
"2019-02-25 11:16:00";9
"2019-02-25 11:16:05";9
"2019-02-25 11:36:00";9
"2019-02-25 11:36:06";9
"2019-02-25 11:46:00";9
"2019-02-25 11:46:05";9
"2019-02-25 12:06:00";9
"2019-02-25 12:06:05";9
"2019-02-25 12:16:00";9
"2019-02-25 12:16:05";9
"2019-02-25 12:36:00";9
"2019-02-25 12:36:05";9
"2019-02-25 12:46:00";9
"2019-02-25 12:46:06";9
"2019-02-25 13:06:00";9
"2019-02-25 13:06:05";9
"2019-02-25 13:16:00";8
"2019-02-25 13:16:05";8
"2019-02-25 13:36:00";8
"2019-02-25 13:36:05";8
"2019-02-25 13:46:00";8
"2019-02-25 13:46:05";8
"2019-02-25 14:06:00";10
"2019-02-25 14:06:05";10
"2019-02-25 14:16:00";10
"2019-02-25 14:16:05";10
"2019-02-25 14:36:00";9
"2019-02-25 14:36:05";9
"2019-02-25 14:46:00";9
"2019-02-25 14:46:06";9
"2019-02-25 15:06:00";9
"2019-02-25 15:06:05";9
"2019-02-25 15:16:00";9
"2019-02-25 15:16:05";9
"2019-02-25 15:36:00";11
"2019-02-25 15:36:07";11
"2019-02-25 15:46:00";11
"2019-02-25 15:46:05";11
"2019-02-25 16:06:00";10
"2019-02-25 16:06:05";10
"2019-02-25 16:16:00";10
"2019-02-25 16:16:05";10
"2019-02-25 16:36:00";9
"2019-02-25 16:36:05";9
"2019-02-25 16:46:00";9
"2019-02-25 16:46:05";9
"2019-02-25 17:06:00";10
"2019-02-25 17:06:05";10
"2019-02-25 17:16:00";10
"2019-02-25 17:16:05";10
"2019-02-25 17:36:00";11
"2019-02-25 17:36:06";11
"2019-02-25 17:46:00";11
"2019-02-25 17:46:06";11
"2019-02-25 18:06:00";11
"2019-02-25 18:06:05";11
"2019-02-25 18:16:00";11
"2019-02-25 18:16:05";11
"2019-02-25 18:36:00";11
"2019-02-25 18:36:06";11
"2019-02-25 18:46:00";11
"2019-02-25 18:46:05";11
"2019-02-25 19:06:00";11
"2019-02-25 19:06:05";11
"2019-02-25 19:16:00";11
"2019-02-25 19:16:05";11
"2019-02-25 19:36:00";12
"2019-02-25 19:36:05";12
"2019-02-25 19:46:00";12
"2019-02-25 19:46:05";12
"2019-02-25 20:06:00";11
"2019-02-25 20:06:06";11
"2019-02-25 20:16:00";11
"2019-02-25 20:16:06";11
"2019-02-25 20:36:00";13
"2019-02-25 20:36:06";13
"2019-02-25 20:46:00";13
"2019-02-25 20:46:05";13
"2019-02-25 20:56:00";12
"2019-02-25 20:56:06";12
"2019-02-25 21:16:00";12
"2019-02-25 21:16:05";12
"2019-02-25 21:26:00";11
"2019-02-25 21:26:06";11
"2019-02-25 21:46:00";11
"2019-02-25 21:46:05";11
"2019-02-25 21:56:00";11
"2019-02-25 21:56:06";11
"2019-02-25 22:16:00";15
"2019-02-25 22:16:06";15
"2019-02-25 22:26:00";13
"2019-02-25 22:26:06";13
"2019-02-25 22:46:00";13
"2019-02-25 22:46:06";13
"2019-02-25 22:56:00";13
"2019-02-25 22:56:05";13
"2019-02-25 23:16:00";13
"2019-02-25 23:16:05";13
"2019-02-25 23:26:00";13
"2019-02-25 23:26:05";13
"2019-02-25 23:46:00";13
"2019-02-25 23:46:07";13
"2019-02-25 23:56:00";13
"2019-02-25 23:56:07";13
"2019-02-26 00:16:00";14
"2019-02-26 00:16:06";14
"2019-02-26 00:26:00";15
"2019-02-26 00:26:05";15
"2019-02-26 00:46:00";15
"2019-02-26 00:46:06";15
"2019-02-26 00:56:00";15
"2019-02-26 00:56:06";15
"2019-02-26 01:16:00";14
"2019-02-26 01:16:05";14
"2019-02-26 01:26:00";14
"2019-02-26 01:26:05";14
"2019-02-26 01:46:00";14
"2019-02-26 01:46:05";14
"2019-02-26 01:56:00";14
"2019-02-26 01:56:05";14
"2019-02-26 02:16:00";14
"2019-02-26 02:16:05";14
"2019-02-26 02:26:00";14
"2019-02-26 02:26:05";14
"2019-02-26 02:46:00";14
"2019-02-26 02:46:05";14
"2019-02-26 02:56:00";14
"2019-02-26 02:56:05";14
"2019-02-26 03:16:00";16
"2019-02-26 03:16:05";16
"2019-02-26 03:26:00";13
"2019-02-26 03:26:05";13
"2019-02-26 03:46:00";13
"2019-02-26 03:46:05";13
"2019-02-26 03:56:00";15
"2019-02-26 03:56:05";15
"2019-02-26 04:16:00";15
"2019-02-26 04:16:05";15
"2019-02-26 04:26:00";15
"2019-02-26 04:26:05";15
"2019-02-26 04:46:00";15
"2019-02-26 04:46:05";15
"2019-02-26 04:56:00";16
"2019-02-26 04:56:05";16
"2019-02-26 05:16:00";16
"2019-02-26 05:16:05";16
"2019-02-26 05:26:00";16
"2019-02-26 05:26:05";16
"2019-02-26 05:36:00";16
"2019-02-26 05:36:05";16
"2019-02-26 05:46:00";16
"2019-02-26 05:46:07";16
"2019-02-26 06:06:00";14
"2019-02-26 06:06:05";14
"2019-02-26 06:16:00";14
"2019-02-26 06:16:05";14
"2019-02-26 08:36:00";13
"2019-02-26 08:36:05";13
"2019-02-26 08:46:00";13
"2019-02-26 08:46:05";13
"2019-02-26 09:06:00";14
"2019-02-26 09:06:05";14
"2019-02-26 09:16:00";14
"2019-02-26 09:16:05";14
"2019-02-26 09:36:00";15
"2019-02-26 09:36:07";15
"2019-02-26 09:46:00";15
"2019-02-26 09:46:06";15
"2019-02-26 10:06:00";17
"2019-02-26 10:06:05";17
"2019-02-26 10:16:00";17
"2019-02-26 10:16:05";17
"2019-02-26 10:36:00";15
"2019-02-26 10:36:05";15
"2019-02-26 10:46:00";15
"2019-02-26 10:46:05";15
"2019-02-26 11:06:00";11
"2019-02-26 11:06:05";11
"2019-02-26 11:16:00";11
"2019-02-26 11:16:05";11
"2019-02-26 11:36:00";10
"2019-02-26 11:36:07";10
"2019-02-26 11:46:00";10
"2019-02-26 11:46:05";10
"2019-02-26 12:06:00";9
"2019-02-26 12:06:05";9
"2019-02-26 12:16:00";9
"2019-02-26 12:16:05";9
"2019-02-26 12:36:00";8
"2019-02-26 12:36:05";8
"2019-02-26 12:46:00";8
"2019-02-26 12:46:05";8
"2019-02-26 13:06:00";5
"2019-02-26 13:06:05";5
"2019-02-26 13:16:00";6
"2019-02-26 13:16:05";6
"2019-02-26 13:36:00";6
"2019-02-26 13:36:05";6
"2019-02-26 13:46:00";6
"2019-02-26 13:46:06";6
"2019-02-26 14:06:00";7
"2019-02-26 14:06:06";7
"2019-02-26 14:16:00";7
"2019-02-26 14:16:06";7
"2019-02-26 14:36:00";9
"2019-02-26 14:36:05";9
"2019-02-26 14:46:00";9
"2019-02-26 14:46:05";9
"2019-02-26 15:06:00";13
"2019-02-26 15:06:05";13
"2019-02-26 15:16:00";13
"2019-02-26 15:16:05";13
"2019-02-26 15:36:00";14
"2019-02-26 15:36:06";14
"2019-02-26 15:46:00";14
"2019-02-26 15:46:05";14
"2019-02-26 16:06:00";11
"2019-02-26 16:06:05";11
"2019-02-26 16:16:00";11
"2019-02-26 16:16:05";11
"2019-02-26 16:36:00";11
"2019-02-26 16:36:05";11
"2019-02-26 16:46:00";11
"2019-02-26 16:46:06";11
"2019-02-26 17:06:00";11
"2019-02-26 17:06:05";11
"2019-02-26 17:16:00";11
"2019-02-26 17:16:05";11
"2019-02-26 17:36:00";11
"2019-02-26 17:36:05";11
"2019-02-26 17:46:00";11
"2019-02-26 17:46:05";11
"2019-02-26 18:06:00";13
"2019-02-26 18:06:05";13
"2019-02-26 18:16:00";13
"2019-02-26 18:16:07";13
"2019-02-26 18:36:00";13
"2019-02-26 18:36:05";13
"2019-02-26 18:46:00";13
"2019-02-26 18:46:05";13
"2019-02-26 19:06:00";14
"2019-02-26 19:06:05";14
"2019-02-26 19:16:00";14
"2019-02-26 19:16:05";14
"2019-02-26 19:36:00";14
"2019-02-26 19:36:05";14
"2019-02-26 19:46:00";14
"2019-02-26 19:46:05";14
"2019-02-26 20:06:00";15
"2019-02-26 20:06:06";15
"2019-02-26 20:16:00";15
"2019-02-26 20:16:06";15
"2019-02-26 20:36:00";15
"2019-02-26 20:36:05";15
"2019-02-26 20:46:00";15
"2019-02-26 20:46:05";15
"2019-02-26 21:06:00";14
"2019-02-26 21:06:06";14
"2019-02-26 21:16:00";14
"2019-02-26 21:16:05";14
"2019-02-26 21:36:00";15
"2019-02-26 21:36:05";15
"2019-02-26 21:46:00";15
"2019-02-26 21:46:06";15
"2019-02-26 22:06:00";15
"2019-02-26 22:06:07";15
"2019-02-26 22:16:00";15
"2019-02-26 22:16:06";15
"2019-02-26 22:36:00";15
"2019-02-26 22:36:06";15
"2019-02-26 22:46:00";15
"2019-02-26 22:46:05";15
"2019-02-26 23:06:00";15
"2019-02-26 23:06:05";15
"2019-02-26 23:16:00";15
"2019-02-26 23:16:06";15
"2019-02-26 23:36:00";16
"2019-02-26 23:36:06";16
"2019-02-26 23:46:00";16
"2019-02-26 23:46:07";16
"2019-02-27 00:06:00";17
"2019-02-27 00:06:06";17
"2019-02-27 00:16:00";15
"2019-02-27 00:16:06";15
"2019-02-27 00:36:00";15
"2019-02-27 00:36:05";15
"2019-02-27 00:46:00";15
"2019-02-27 00:46:06";15
"2019-02-27 01:06:00";15
"2019-02-27 01:06:04";15
"2019-02-27 01:16:00";15
"2019-02-27 01:16:05";15
"2019-02-27 01:36:00";17
"2019-02-27 01:36:05";17
"2019-02-27 01:46:00";17
"2019-02-27 01:46:05";17
"2019-02-27 02:06:00";16
"2019-02-27 02:06:04";16
"2019-02-27 02:16:00";16
"2019-02-27 02:16:05";16
"2019-02-27 02:36:00";17
"2019-02-27 02:36:05";17
"2019-02-27 02:46:00";15
"2019-02-27 02:46:05";15
"2019-02-27 03:06:00";15
"2019-02-27 03:06:05";15
"2019-02-27 03:16:00";15
"2019-02-27 03:16:05";15
"2019-02-27 03:36:00";14
"2019-02-27 03:36:05";14
"2019-02-27 03:46:00";14
"2019-02-27 03:46:05";14
"2019-02-27 04:06:00";16
"2019-02-27 04:06:05";16
"2019-02-27 04:16:00";16
"2019-02-27 04:16:05";16
"2019-02-27 04:36:00";17
"2019-02-27 04:36:06";17
"2019-02-27 04:46:00";17
"2019-02-27 04:46:05";17
"2019-02-27 05:06:00";14
"2019-02-27 05:06:05";14
"2019-02-27 05:16:00";17
"2019-02-27 05:16:05";17
"2019-02-27 05:36:00";17
"2019-02-27 05:36:05";17
"2019-02-27 05:46:00";17
"2019-02-27 05:46:05";17
"2019-02-27 06:06:00";16
"2019-02-27 06:06:05";16
"2019-02-27 06:16:00";16
"2019-02-27 06:16:06";16
"2019-02-27 06:36:00";16
"2019-02-27 06:36:05";16
"2019-02-27 06:46:00";16
"2019-02-27 06:46:05";16
"2019-02-27 07:06:00";16
"2019-02-27 07:06:05";16
"2019-02-27 07:16:00";16
"2019-02-27 07:16:05";16
"2019-02-27 07:36:00";16
"2019-02-27 07:36:05";16
"2019-02-27 07:46:00";16
"2019-02-27 07:46:05";16
"2019-02-27 08:06:00";16
"2019-02-27 08:06:05";16
"2019-02-27 08:16:00";16
"2019-02-27 08:16:05";16
"2019-02-27 08:36:00";15
"2019-02-27 08:36:05";15
"2019-02-27 08:46:00";15
"2019-02-27 08:46:05";15
"2019-02-27 09:06:00";16
"2019-02-27 09:06:05";16
"2019-02-27 09:16:00";16
"2019-02-27 09:16:05";16
"2019-02-27 09:36:00";16
"2019-02-27 09:36:05";16
"2019-02-27 09:46:00";16
"2019-02-27 09:46:05";16
"2019-02-27 10:06:00";18
"2019-02-27 10:06:05";18
"2019-02-27 10:16:00";18
"2019-02-27 10:16:06";18
"2019-02-27 10:36:00";16
"2019-02-27 10:36:05";16
"2019-02-27 10:46:00";16
"2019-02-27 10:46:05";16
"2019-02-27 11:06:00";11
"2019-02-27 11:06:05";11
"2019-02-27 11:16:00";11
"2019-02-27 11:16:05";11
"2019-02-27 11:36:00";12
"2019-02-27 11:36:05";12
"2019-02-27 11:46:00";12
"2019-02-27 11:46:05";12
"2019-02-27 12:06:00";14
"2019-02-27 12:06:04";14
"2019-02-27 12:16:00";14
"2019-02-27 12:16:05";14
"2019-02-27 12:36:00";13
"2019-02-27 12:36:05";13
"2019-02-27 12:46:00";13
"2019-02-27 12:46:05";13
"2019-02-27 13:06:00";14
"2019-02-27 13:06:05";14
"2019-02-27 13:16:00";14
"2019-02-27 13:16:05";14
"2019-02-27 13:36:00";14
"2019-02-27 13:36:05";14
"2019-02-27 13:46:00";14
"2019-02-27 13:46:05";14
"2019-02-27 14:06:00";14
"2019-02-27 14:06:05";14
"2019-02-27 14:16:00";14
"2019-02-27 14:16:06";14
"2019-02-27 14:36:00";13
"2019-02-27 14:36:05";13
"2019-02-27 14:46:00";13
"2019-02-27 14:46:05";13
"2019-02-27 15:06:00";13
"2019-02-27 15:06:05";13
"2019-02-27 15:16:00";13
"2019-02-27 15:16:05";13
"2019-02-27 15:36:00";15
"2019-02-27 15:36:05";15
"2019-02-27 15:46:00";15
"2019-02-27 15:46:05";15
"2019-02-27 16:06:00";14
"2019-02-27 16:06:05";14
"2019-02-27 16:16:00";14
"2019-02-27 16:16:06";14
"2019-02-27 16:36:00";12
"2019-02-27 16:36:06";12
"2019-02-27 16:46:00";12
"2019-02-27 16:46:05";12
"2019-02-27 17:06:00";14
"2019-02-27 17:06:05";14
"2019-02-27 17:16:00";14
"2019-02-27 17:16:05";14
"2019-02-27 17:36:00";13
"2019-02-27 17:36:05";13
"2019-02-27 17:46:00";13
"2019-02-27 17:46:06";13
"2019-02-27 18:06:00";13
"2019-02-27 18:06:05";13
"2019-02-27 18:16:00";13
"2019-02-27 18:16:06";13
"2019-02-27 18:36:00";14
"2019-02-27 18:36:06";14
"2019-02-27 18:46:00";14
"2019-02-27 18:46:05";14
"2019-02-27 19:06:00";13
"2019-02-27 19:06:05";13
"2019-02-27 19:16:00";13
"2019-02-27 19:16:05";13
"2019-02-27 19:36:00";15
"2019-02-27 19:36:06";15
"2019-02-27 19:46:00";15
"2019-02-27 19:46:05";15
"2019-02-27 20:06:00";16
"2019-02-27 20:06:06";16
"2019-02-27 20:16:00";16
"2019-02-27 20:16:05";16
"2019-02-27 20:36:00";16
"2019-02-27 20:36:06";16
"2019-02-27 20:46:00";16
"2019-02-27 20:46:06";16
"2019-02-27 21:06:00";16
"2019-02-27 21:06:06";16
"2019-02-27 21:16:00";16
"2019-02-27 21:16:06";16
"2019-02-27 21:36:00";16
"2019-02-27 21:36:05";16
"2019-02-27 21:46:00";16
"2019-02-27 21:46:05";16
"2019-02-27 22:06:00";17
"2019-02-27 22:06:06";17
"2019-02-27 22:16:00";17
"2019-02-27 22:16:06";17
"2019-02-27 22:36:00";18
"2019-02-27 22:36:06";18
"2019-02-27 22:46:00";18
"2019-02-27 22:46:06";18
"2019-02-27 23:06:00";17
"2019-02-27 23:06:05";17
"2019-02-27 23:16:00";17
"2019-02-27 23:16:05";17
"2019-02-27 23:36:00";17
"2019-02-27 23:36:05";17
"2019-02-27 23:46:00";17
"2019-02-27 23:46:06";17
"2019-02-28 00:06:00";17
"2019-02-28 00:06:07";17
"2019-02-28 00:16:00";17
"2019-02-28 00:16:07";17
"2019-02-28 00:36:00";18
"2019-02-28 00:36:06";18
"2019-02-28 00:46:00";18
"2019-02-28 00:46:06";18
"2019-02-28 00:56:00";18
"2019-02-28 00:56:06";18
"2019-02-28 01:16:00";18
"2019-02-28 01:16:06";18
"2019-02-28 01:26:00";15
"2019-02-28 01:26:05";15
"2019-02-28 01:46:00";15
"2019-02-28 01:46:06";15
"2019-02-28 01:56:00";18
"2019-02-28 01:56:05";18
"2019-02-28 02:16:00";18
"2019-02-28 02:16:05";18
"2019-02-28 02:26:00";19
"2019-02-28 02:26:05";19
"2019-02-28 02:46:00";19
"2019-02-28 02:46:05";19
"2019-02-28 02:56:00";18
"2019-02-28 02:56:05";18
"2019-02-28 03:16:00";18
"2019-02-28 03:16:05";18
"2019-02-28 03:26:00";18
"2019-02-28 03:26:05";18
"2019-02-28 03:46:00";18
"2019-02-28 03:46:06";18
"2019-02-28 03:56:00";19
"2019-02-28 03:56:05";19
"2019-02-28 04:16:00";19
"2019-02-28 04:16:06";19
"2019-02-28 04:26:00";19
"2019-02-28 04:26:05";19
"2019-02-28 04:46:00";19
"2019-02-28 04:46:05";19
"2019-02-28 04:56:00";19
"2019-02-28 04:56:05";19
"2019-02-28 05:16:00";19
"2019-02-28 05:16:05";19
"2019-02-28 05:26:00";19
"2019-02-28 05:26:05";19
"2019-02-28 05:46:00";19
"2019-02-28 05:46:05";19
"2019-02-28 05:56:00";19
"2019-02-28 05:56:05";19
"2019-02-28 06:16:00";19
"2019-02-28 06:16:05";19
"2019-02-28 06:26:00";19
"2019-02-28 06:26:05";19
"2019-02-28 06:46:00";19
"2019-02-28 06:46:05";19
"2019-02-28 06:56:00";17
"2019-02-28 06:56:05";17
"2019-02-28 07:16:00";17
"2019-02-28 07:16:05";17
"2019-02-28 07:26:00";17
"2019-02-28 07:26:05";17
"2019-02-28 07:46:00";19
"2019-02-28 07:46:05";19
"2019-02-28 07:56:00";17
"2019-02-28 07:56:04";17
"2019-02-28 10:16:00";21
"2019-02-28 10:16:05";21
"2019-02-28 10:36:00";21
"2019-02-28 10:36:05";21
"2019-02-28 10:46:00";18
"2019-02-28 10:46:05";18
"2019-02-28 11:06:00";16
"2019-02-28 11:06:05";16
"2019-02-28 11:16:00";16
"2019-02-28 11:16:05";16
"2019-02-28 11:36:00";15
"2019-02-28 11:36:05";15
"2019-02-28 11:46:00";15
"2019-02-28 11:46:05";15
"2019-02-28 12:06:00";14
"2019-02-28 12:06:05";14
"2019-02-28 12:16:00";16
"2019-02-28 12:16:05";16
"2019-02-28 12:36:00";16
"2019-02-28 12:36:05";16
"2019-02-28 12:46:00";16
"2019-02-28 12:46:06";16
"2019-02-28 13:06:00";15
"2019-02-28 13:06:05";15
"2019-02-28 13:16:00";16
"2019-02-28 13:16:05";16
"2019-02-28 13:36:00";16
"2019-02-28 13:36:05";16
"2019-02-28 13:46:00";16
"2019-02-28 13:46:05";16
"2019-02-28 14:06:00";12
"2019-02-28 14:06:05";12
"2019-02-28 14:16:00";12
"2019-02-28 14:16:05";12
"2019-02-28 14:36:00";15
"2019-02-28 14:36:05";15
"2019-02-28 14:46:00";15
"2019-02-28 14:46:05";15
"2019-02-28 15:06:00";16
"2019-02-28 15:06:05";16
"2019-02-28 15:16:00";16
"2019-02-28 15:16:05";16
"2019-02-28 15:36:00";15
"2019-02-28 15:36:05";15
"2019-02-28 15:46:00";15
"2019-02-28 15:46:05";15
"2019-02-28 16:06:00";18
"2019-02-28 16:06:06";18
"2019-02-28 16:16:00";18
"2019-02-28 16:16:06";18
"2019-02-28 16:26:00";15
"2019-02-28 16:26:05";15
"2019-02-28 16:36:00";15
"2019-02-28 16:36:05";15
"2019-02-28 16:56:00";15
"2019-02-28 16:56:05";15
"2019-02-28 17:06:00";15
"2019-02-28 17:06:06";15
"2019-02-28 17:26:00";17
"2019-02-28 17:26:05";17
"2019-02-28 17:36:00";17
"2019-02-28 17:36:06";17
"2019-02-28 17:56:00";16
"2019-02-28 17:56:05";16
"2019-02-28 18:06:00";16
"2019-02-28 18:06:05";16
"2019-02-28 18:26:00";17
"2019-02-28 18:26:05";17
"2019-02-28 18:36:00";17
"2019-02-28 18:36:05";17
"2019-02-28 18:56:00";16
"2019-02-28 18:56:05";16
"2019-02-28 19:06:00";16
"2019-02-28 19:06:05";16
"2019-02-28 19:26:00";17
"2019-02-28 19:26:06";17
"2019-02-28 19:36:00";17
"2019-02-28 19:36:06";17
"2019-02-28 19:56:00";18
"2019-02-28 19:56:05";18
"2019-02-28 20:06:00";18
"2019-02-28 20:06:06";18
"2019-02-28 20:26:00";17
"2019-02-28 20:26:05";17
"2019-02-28 20:36:00";17
"2019-02-28 20:36:05";17
"2019-02-28 20:56:00";17
"2019-02-28 20:56:05";17
"2019-02-28 21:06:00";17
"2019-02-28 21:06:05";17
"2019-02-28 21:26:00";18
"2019-02-28 21:26:05";18
"2019-02-28 21:36:00";18
"2019-02-28 21:36:05";18
"2019-02-28 21:56:00";17
"2019-02-28 21:56:05";17
"2019-02-28 22:06:00";17
"2019-02-28 22:06:07";17
"2019-02-28 22:26:00";19
"2019-02-28 22:26:06";19
"2019-02-28 22:36:00";19
"2019-02-28 22:36:05";19
"2019-02-28 22:56:00";19
"2019-02-28 22:56:05";19
"2019-02-28 23:06:00";19
"2019-02-28 23:06:06";19
"2019-02-28 23:26:00";21
"2019-02-28 23:26:05";21
"2019-02-28 23:36:00";21
"2019-02-28 23:36:06";21
"2019-02-28 23:56:00";18
"2019-02-28 23:56:06";18
"2019-03-01 00:06:00";18
"2019-03-01 00:06:07";18
"2019-03-01 00:26:00";19
"2019-03-01 00:26:06";19
"2019-03-01 00:36:00";19
"2019-03-01 00:36:06";19
"2019-03-01 00:56:00";20
"2019-03-01 00:56:06";20
"2019-03-01 01:06:00";20
"2019-03-01 01:06:05";20
"2019-03-01 01:26:00";20
"2019-03-01 01:26:05";20
"2019-03-01 01:36:00";19
"2019-03-01 01:36:05";19
"2019-03-01 01:56:00";20
"2019-03-01 01:56:05";20
"2019-03-01 02:06:00";20
"2019-03-01 02:06:05";20
"2019-03-01 02:26:00";19
"2019-03-01 02:26:04";19
"2019-03-01 02:36:00";19
"2019-03-01 02:36:05";19
"2019-03-01 02:56:00";20
"2019-03-01 02:56:05";20
"2019-03-01 03:06:00";20
"2019-03-01 03:06:05";20
"2019-03-01 03:26:00";20
"2019-03-01 03:26:05";20
"2019-03-01 03:36:00";20
"2019-03-01 03:36:05";20
"2019-03-01 03:56:00";20
"2019-03-01 03:56:06";20
"2019-03-01 04:06:00";20
"2019-03-01 04:06:06";20
"2019-03-01 04:26:00";19
"2019-03-01 04:26:05";19
"2019-03-01 04:36:00";19
"2019-03-01 04:36:06";19
"2019-03-01 04:56:00";18
"2019-03-01 04:56:05";18
"2019-03-01 05:06:00";18
"2019-03-01 05:06:05";18
"2019-03-01 05:26:00";18
"2019-03-01 05:26:05";18
"2019-03-01 05:36:00";18
"2019-03-01 05:36:04";18
"2019-03-01 05:56:00";20
"2019-03-01 05:56:05";20
"2019-03-01 06:06:00";20
"2019-03-01 06:06:05";20
"2019-03-01 06:26:00";20
"2019-03-01 06:26:05";20
"2019-03-01 06:36:00";20
"2019-03-01 06:36:05";20
"2019-03-01 06:56:00";19
"2019-03-01 06:56:05";19
"2019-03-01 07:06:00";19
"2019-03-01 07:06:05";19
"2019-03-01 07:26:00";19
"2019-03-01 07:26:05";19
"2019-03-01 07:36:00";19
"2019-03-01 07:36:05";19
"2019-03-01 07:56:00";18
"2019-03-01 07:56:05";18
"2019-03-01 08:06:00";18
"2019-03-01 08:06:05";18
"2019-03-01 08:26:00";21
"2019-03-01 08:26:05";21
"2019-03-01 08:36:00";21
"2019-03-01 08:36:05";21
"2019-03-01 08:56:00";20
"2019-03-01 08:56:05";20
"2019-03-01 09:06:00";20
"2019-03-01 09:06:04";20
"2019-03-01 09:26:00";19
"2019-03-01 09:26:05";19
"2019-03-01 09:36:00";19
"2019-03-01 09:36:05";19
"2019-03-01 09:56:00";20
"2019-03-01 09:56:05";20
"2019-03-01 10:06:00";20
"2019-03-01 10:06:05";20
"2019-03-01 10:26:00";20
"2019-03-01 10:26:04";20
"2019-03-01 10:36:00";20
"2019-03-01 10:36:05";20
"2019-03-01 10:56:00";18
"2019-03-01 10:56:05";18
"2019-03-01 11:06:00";18
"2019-03-01 11:06:05";18
"2019-03-01 11:26:00";16
"2019-03-01 11:26:04";16
"2019-03-01 11:36:00";16
"2019-03-01 11:36:05";16
"2019-03-01 11:56:00";18
"2019-03-01 11:56:05";18
"2019-03-01 12:06:00";18
"2019-03-01 12:06:05";18
"2019-03-01 12:26:00";19
"2019-03-01 12:26:05";19
"2019-03-01 12:36:00";19
"2019-03-01 12:36:05";19
"2019-03-01 12:56:00";19
"2019-03-01 12:56:05";19
"2019-03-01 13:06:00";19
"2019-03-01 13:06:05";19
"2019-03-01 13:26:00";18
"2019-03-01 13:26:05";18
"2019-03-01 13:36:00";18
"2019-03-01 13:36:05";18
"2019-03-01 13:56:00";15
"2019-03-01 13:56:06";15
"2019-03-01 14:06:00";15
"2019-03-01 14:06:05";15
"2019-03-01 14:26:00";16
"2019-03-01 14:26:05";16
"2019-03-01 14:36:00";16
"2019-03-01 14:36:05";16
"2019-03-01 14:56:00";16
"2019-03-01 14:56:05";16
"2019-03-01 15:06:00";16
"2019-03-01 15:06:05";16
"2019-03-01 15:26:00";17
"2019-03-01 15:26:05";17
"2019-03-01 15:36:00";17
"2019-03-01 15:36:05";17
"2019-03-01 15:56:00";18
"2019-03-01 15:56:05";18
"2019-03-01 16:06:00";18
"2019-03-01 16:06:05";18
"2019-03-01 16:26:00";17
"2019-03-01 16:26:05";17
"2019-03-01 16:36:00";17
"2019-03-01 16:36:05";17
"2019-03-01 16:56:00";17
"2019-03-01 16:56:05";17
"2019-03-01 17:06:00";17
"2019-03-01 17:06:04";17
"2019-03-01 17:26:00";18
"2019-03-01 17:26:05";18
"2019-03-01 17:36:00";18
"2019-03-01 17:36:05";18
"2019-03-01 17:56:00";14
"2019-03-01 17:56:06";14
"2019-03-01 18:06:00";14
"2019-03-01 18:06:05";14
"2019-03-01 18:26:00";16
"2019-03-01 18:26:06";16
"2019-03-01 18:36:00";16
"2019-03-01 18:36:05";16
"2019-03-01 18:56:00";16
"2019-03-01 18:56:06";16
"2019-03-01 19:06:00";16
"2019-03-01 19:06:05";16
"2019-03-01 19:26:00";17
"2019-03-01 19:26:05";17
"2019-03-01 19:36:00";17
"2019-03-01 19:36:05";17
"2019-03-01 19:56:00";17
"2019-03-01 19:56:05";17
"2019-03-01 20:06:00";17
"2019-03-01 20:06:06";17
"2019-03-01 20:26:00";17
"2019-03-01 20:26:05";17
"2019-03-01 20:36:00";17
"2019-03-01 20:36:05";17
"2019-03-01 20:56:00";17
"2019-03-01 20:56:05";17
"2019-03-01 21:06:00";17
"2019-03-01 21:06:05";17
"2019-03-01 21:26:00";16
"2019-03-01 21:26:05";16
"2019-03-01 21:36:00";16
"2019-03-01 21:36:06";16
"2019-03-01 21:56:00";15
"2019-03-01 21:56:05";15
"2019-03-01 22:06:00";15
"2019-03-01 22:06:06";15
"2019-03-01 22:26:00";14
"2019-03-01 22:26:05";14
"2019-03-01 22:36:00";14
"2019-03-01 22:36:05";14
"2019-03-01 22:56:00";18
"2019-03-01 22:56:06";18
"2019-03-01 23:06:00";18
"2019-03-01 23:06:06";18
"2019-03-01 23:26:00";17
"2019-03-01 23:26:05";17
"2019-03-01 23:36:00";17
"2019-03-01 23:36:06";17
"2019-03-01 23:56:00";16
"2019-03-01 23:56:06";16
"2019-03-02 00:06:00";16
"2019-03-02 00:06:07";16
"2019-03-02 00:26:00";15
"2019-03-02 00:26:06";15
"2019-03-02 00:36:00";15
"2019-03-02 00:36:06";15
"2019-03-02 00:56:00";17
"2019-03-02 00:56:06";17
"2019-03-02 01:06:00";17
"2019-03-02 01:06:05";17
"2019-03-02 01:26:00";17
"2019-03-02 01:26:05";17
"2019-03-02 01:36:00";17
"2019-03-02 01:36:04";17
"2019-03-02 01:56:00";17
"2019-03-02 01:56:05";17
"2019-03-02 02:06:00";17
"2019-03-02 02:06:05";17
"2019-03-02 02:26:00";17
"2019-03-02 02:26:05";17
"2019-03-02 02:36:00";17
"2019-03-02 02:36:04";17
"2019-03-02 02:56:00";17
"2019-03-02 02:56:05";17
"2019-03-02 03:06:00";17
"2019-03-02 03:06:05";17
"2019-03-02 03:26:00";17
"2019-03-02 03:26:06";17
"2019-03-02 03:36:00";17
"2019-03-02 03:36:06";17
"2019-03-02 03:56:00";16
"2019-03-02 03:56:06";16
"2019-03-02 04:06:00";16
"2019-03-02 04:06:07";16
"2019-03-02 04:26:00";16
"2019-03-02 04:26:06";16
"2019-03-02 04:36:00";16
"2019-03-02 04:36:05";16
"2019-03-02 04:56:00";16
"2019-03-02 04:56:05";16
"2019-03-02 05:06:00";16
"2019-03-02 05:06:05";16
"2019-03-02 05:26:00";17
"2019-03-02 05:26:04";17
"2019-03-02 05:36:00";17
"2019-03-02 05:36:05";17
"2019-03-02 05:56:00";15
"2019-03-02 05:56:05";15
"2019-03-02 06:06:00";15
"2019-03-02 06:06:05";15
"2019-03-02 06:26:00";15
"2019-03-02 06:26:05";15
"2019-03-02 06:36:00";15
"2019-03-02 06:36:05";15
"2019-03-02 06:56:00";15
"2019-03-02 06:56:05";15
"2019-03-02 07:06:00";15
"2019-03-02 07:06:05";15
"2019-03-02 07:26:00";14
"2019-03-02 07:26:06";14
"2019-03-02 07:36:00";14
"2019-03-02 07:36:05";14
"2019-03-02 07:56:00";14
"2019-03-02 07:56:05";14
"2019-03-02 08:06:00";16
"2019-03-02 08:06:05";16
"2019-03-02 08:26:00";16
"2019-03-02 08:26:05";16
"2019-03-02 08:36:00";16
"2019-03-02 08:36:05";16
"2019-03-02 08:56:00";16
"2019-03-02 08:56:05";16
"2019-03-02 09:06:00";18
"2019-03-02 09:06:05";18
"2019-03-02 09:26:00";17
"2019-03-02 09:26:05";17
"2019-03-02 09:36:00";17
"2019-03-02 09:36:05";17
"2019-03-02 09:56:00";17
"2019-03-02 09:56:05";17
"2019-03-02 10:06:00";17
"2019-03-02 10:06:05";17
"2019-03-02 10:26:00";17
"2019-03-02 10:26:04";17
"2019-03-02 10:36:00";17
"2019-03-02 10:36:05";17
"2019-03-02 10:56:00";17
"2019-03-02 10:56:05";17
"2019-03-02 11:06:00";17
"2019-03-02 11:06:05";17
"2019-03-02 11:26:00";15
"2019-03-02 11:26:06";15
"2019-03-02 11:36:00";15
"2019-03-02 11:36:05";15
"2019-03-02 11:56:00";16
"2019-03-02 11:56:05";16
"2019-03-02 12:06:00";16
"2019-03-02 12:06:05";16
"2019-03-02 12:26:00";15
"2019-03-02 12:26:05";15
"2019-03-02 12:36:00";15
"2019-03-02 12:36:06";15
"2019-03-02 12:56:00";15
"2019-03-02 12:56:05";15
"2019-03-02 13:06:00";15
"2019-03-02 13:06:05";15
"2019-03-02 13:26:00";16
"2019-03-02 13:26:05";16
"2019-03-02 13:36:00";16
"2019-03-02 13:36:05";16
"2019-03-02 13:56:00";15
"2019-03-02 13:56:05";15
"2019-03-02 14:06:00";15
"2019-03-02 14:06:06";15
"2019-03-02 14:26:00";16
"2019-03-02 14:26:05";16
"2019-03-02 14:36:00";16
"2019-03-02 14:36:05";16
"2019-03-02 14:56:00";16
"2019-03-02 14:56:05";16
"2019-03-02 15:06:00";16
"2019-03-02 15:06:06";16
"2019-03-02 15:26:00";16
"2019-03-02 15:26:05";16
"2019-03-02 15:36:00";16
"2019-03-02 15:36:05";16
"2019-03-02 15:56:00";16
"2019-03-02 15:56:05";16
"2019-03-02 16:06:00";16
"2019-03-02 16:06:05";16
"2019-03-02 16:26:00";16
"2019-03-02 16:26:05";16
"2019-03-02 16:36:00";16
"2019-03-02 16:36:05";16
"2019-03-02 16:56:00";16
"2019-03-02 16:56:06";16
"2019-03-02 17:06:00";16
"2019-03-02 17:06:05";16
"2019-03-02 17:26:00";16
"2019-03-02 17:26:05";16
"2019-03-02 17:36:00";16
"2019-03-02 17:36:05";16
"2019-03-02 17:56:00";13
"2019-03-02 17:56:05";13
"2019-03-02 18:06:00";13
"2019-03-02 18:06:06";13
"2019-03-02 18:26:00";13
"2019-03-02 18:26:05";13
"2019-03-02 18:36:00";13
"2019-03-02 18:36:06";13
"2019-03-02 18:56:00";13
"2019-03-02 18:56:05";13
"2019-03-02 19:06:00";13
"2019-03-02 19:06:05";13
"2019-03-02 19:26:00";13
"2019-03-02 19:26:05";13
"2019-03-02 19:36:00";13
"2019-03-02 19:36:05";13
"2019-03-02 19:56:00";15
"2019-03-02 19:56:05";15
"2019-03-02 20:06:00";15
"2019-03-02 20:06:06";15
"2019-03-02 20:26:00";14
"2019-03-02 20:26:05";14
"2019-03-02 20:36:00";14
"2019-03-02 20:36:05";14
"2019-03-02 20:56:00";15
"2019-03-02 20:56:05";15
"2019-03-02 21:06:00";15
"2019-03-02 21:06:06";15
"2019-03-02 21:26:00";15
"2019-03-02 21:26:06";15
"2019-03-02 21:36:00";14
"2019-03-02 21:36:06";14
"2019-03-02 21:56:00";14
"2019-03-02 21:56:05";14
"2019-03-02 22:06:00";13
"2019-03-02 22:06:06";13
"2019-03-02 22:26:00";13
"2019-03-02 22:26:06";13
"2019-03-02 22:36:00";15
"2019-03-02 22:36:05";15
"2019-03-02 22:56:00";14
"2019-03-02 22:56:06";14
"2019-03-02 23:06:00";14
"2019-03-02 23:06:05";14
"2019-03-02 23:26:00";14
"2019-03-02 23:26:05";14
"2019-03-03 00:56:00";15
"2019-03-03 00:56:05";15
"2019-03-03 01:06:00";14
"2019-03-03 01:06:05";14
"2019-03-03 01:26:00";14
"2019-03-03 01:26:05";14
"2019-03-03 01:36:00";14
"2019-03-03 01:36:05";14
"2019-03-03 01:56:00";14
"2019-03-03 01:56:05";14
"2019-03-03 02:06:00";14
"2019-03-03 02:06:05";14
"2019-03-03 02:26:00";14
"2019-03-03 02:26:05";14
"2019-03-03 02:36:00";14
"2019-03-03 02:36:04";14
"2019-03-03 02:56:00";13
"2019-03-03 02:56:05";13
"2019-03-03 03:06:00";13
"2019-03-03 03:06:07";13
"2019-03-03 03:26:00";13
"2019-03-03 03:26:06";13
"2019-03-03 03:36:00";14
"2019-03-03 03:36:05";14
"2019-03-03 03:56:00";13
"2019-03-03 03:56:06";13
"2019-03-03 04:06:00";13
"2019-03-03 04:06:05";13
"2019-03-03 04:26:00";13
"2019-03-03 04:26:05";13
"2019-03-03 04:36:00";14
"2019-03-03 04:36:06";14
"2019-03-03 04:56:00";14
"2019-03-03 04:56:06";14
"2019-03-03 05:06:00";12
"2019-03-03 05:06:05";12
"2019-03-03 05:26:00";12
"2019-03-03 05:26:05";12
"2019-03-03 05:36:00";12
"2019-03-03 05:36:05";12
"2019-03-03 05:56:00";13
"2019-03-03 05:56:05";13
"2019-03-03 06:06:00";13
"2019-03-03 06:06:05";13
"2019-03-03 06:26:00";13
"2019-03-03 06:26:05";13
"2019-03-03 06:36:00";13
"2019-03-03 06:36:05";13
"2019-03-03 06:56:00";13
"2019-03-03 06:56:05";13
"2019-03-03 07:06:00";13
"2019-03-03 07:06:05";13
"2019-03-03 07:26:00";14
"2019-03-03 07:26:05";14
"2019-03-03 07:36:00";14
"2019-03-03 07:36:05";14
"2019-03-03 07:56:00";14
"2019-03-03 07:56:05";14
"2019-03-03 08:06:00";13
"2019-03-03 08:06:05";13
"2019-03-03 08:26:00";15
"2019-03-03 08:26:05";15
"2019-03-03 08:36:00";15
"2019-03-03 08:36:05";15
"2019-03-03 08:56:00";14
"2019-03-03 08:56:05";14
"2019-03-03 09:06:00";14
"2019-03-03 09:06:05";14
"2019-03-03 09:26:00";14
"2019-03-03 09:26:05";14
"2019-03-03 09:36:00";14
"2019-03-03 09:36:05";14
"2019-03-03 09:56:00";14
"2019-03-03 09:56:05";14
"2019-03-03 10:06:00";15
"2019-03-03 10:06:05";15
"2019-03-03 10:26:00";15
"2019-03-03 10:26:05";15
"2019-03-03 10:36:00";15
"2019-03-03 10:36:05";15
"2019-03-03 10:56:00";15
"2019-03-03 10:56:05";15
"2019-03-03 11:06:00";12
"2019-03-03 11:06:05";12
"2019-03-03 11:26:00";10
"2019-03-03 11:26:06";10
"2019-03-03 11:36:00";10
"2019-03-03 11:36:05";10
"2019-03-03 11:46:00";10
"2019-03-03 11:46:05";10
"2019-03-03 12:06:00";11
"2019-03-03 12:06:05";11
"2019-03-03 12:16:00";11
"2019-03-03 12:16:05";11
"2019-03-03 12:36:00";12
"2019-03-03 12:36:06";12
"2019-03-03 12:46:00";12
"2019-03-03 12:46:06";12
"2019-03-03 13:06:00";12
"2019-03-03 13:06:05";12
"2019-03-03 13:16:00";12
"2019-03-03 13:16:05";12
"2019-03-03 13:36:00";12
"2019-03-03 13:36:05";12
"2019-03-03 13:46:00";12
"2019-03-03 13:46:06";12
"2019-03-03 14:06:00";13
"2019-03-03 14:06:05";13
"2019-03-03 14:16:00";13
"2019-03-03 14:16:05";13
"2019-03-03 14:36:00";14
"2019-03-03 14:36:05";14
"2019-03-03 14:46:00";14
"2019-03-03 14:46:06";14
"2019-03-03 15:06:00";13
"2019-03-03 15:06:05";13
"2019-03-03 15:16:00";13
"2019-03-03 15:16:05";13
"2019-03-03 15:36:00";14
"2019-03-03 15:36:05";14
"2019-03-03 15:46:00";14
"2019-03-03 15:46:05";14
"2019-03-03 16:06:00";15
"2019-03-03 16:06:05";15
"2019-03-03 16:16:00";15
"2019-03-03 16:16:05";15
"2019-03-03 16:36:00";14
"2019-03-03 16:36:05";14
"2019-03-03 16:46:00";14
"2019-03-03 16:46:05";14
"2019-03-03 17:06:00";13
"2019-03-03 17:06:05";13
"2019-03-03 17:16:00";13
"2019-03-03 17:16:05";13
"2019-03-03 17:36:00";14
"2019-03-03 17:36:05";14
"2019-03-03 17:46:00";14
"2019-03-03 17:46:05";14
"2019-03-03 18:06:00";13
"2019-03-03 18:06:05";13
"2019-03-03 18:16:00";13
"2019-03-03 18:16:05";13
"2019-03-03 18:36:00";12
"2019-03-03 18:36:05";12
"2019-03-03 18:46:00";12
"2019-03-03 18:46:06";12
"2019-03-03 19:06:00";11
"2019-03-03 19:06:05";11
"2019-03-03 19:16:00";11
"2019-03-03 19:16:05";11
"2019-03-03 19:36:00";12
"2019-03-03 19:36:06";12
"2019-03-03 19:46:00";12
"2019-03-03 19:46:06";12
"2019-03-03 20:06:00";11
"2019-03-03 20:06:05";11
"2019-03-03 20:16:00";11
"2019-03-03 20:16:06";11
"2019-03-03 20:36:00";12
"2019-03-03 20:36:05";12
"2019-03-03 20:46:00";13
"2019-03-03 20:46:05";13
"2019-03-03 21:06:00";13
"2019-03-03 21:06:05";13
"2019-03-03 21:16:00";13
"2019-03-03 21:16:05";13
"2019-03-03 21:36:00";14
"2019-03-03 21:36:05";14
"2019-03-03 21:46:00";14
"2019-03-03 21:46:06";14
"2019-03-03 22:06:00";13
"2019-03-03 22:06:06";13
"2019-03-03 22:16:00";13
"2019-03-03 22:16:07";13
"2019-03-03 22:36:00";14
"2019-03-03 22:36:05";14
"2019-03-03 22:46:00";14
"2019-03-03 22:46:06";14
"2019-03-03 23:06:00";13
"2019-03-03 23:06:05";13
"2019-03-03 23:16:00";13
"2019-03-03 23:16:05";13
"2019-03-03 23:36:00";12
"2019-03-03 23:36:07";12
"2019-03-03 23:46:00";12
"2019-03-03 23:46:06";12
"2019-03-04 00:06:00";15
"2019-03-04 00:06:06";15
"2019-03-04 00:16:00";14
"2019-03-04 00:16:06";14
"2019-03-04 00:36:00";14
"2019-03-04 00:36:06";14
"2019-03-04 00:46:00";15
"2019-03-04 00:46:06";15
"2019-03-04 01:06:00";15
"2019-03-04 01:06:05";15
"2019-03-04 01:16:00";15
"2019-03-04 01:16:05";15
"2019-03-04 01:36:00";14
"2019-03-04 01:36:05";14
"2019-03-04 01:46:00";14
"2019-03-04 01:46:06";14
"2019-03-04 02:06:00";13
"2019-03-04 02:06:05";13
"2019-03-04 02:16:00";13
"2019-03-04 02:16:05";13
"2019-03-04 02:36:00";13
"2019-03-04 02:36:05";13
"2019-03-04 02:46:00";13
"2019-03-04 02:46:05";13
"2019-03-04 03:06:00";13
"2019-03-04 03:06:07";13
"2019-03-04 03:16:00";13
"2019-03-04 03:16:05";13
"2019-03-04 03:36:00";15
"2019-03-04 03:36:05";15
"2019-03-04 03:46:00";12
"2019-03-04 03:46:06";12
"2019-03-04 04:06:00";12
"2019-03-04 04:06:06";12
"2019-03-04 04:16:00";12
"2019-03-04 04:16:05";12
"2019-03-04 04:36:00";14
"2019-03-04 04:36:05";14
"2019-03-04 04:46:00";14
"2019-03-04 04:46:05";14
"2019-03-04 05:06:00";13
"2019-03-04 05:06:05";13
"2019-03-04 05:16:00";13
"2019-03-04 05:16:05";13
"2019-03-04 05:36:00";14
"2019-03-04 05:36:05";14
"2019-03-04 05:46:00";14
"2019-03-04 05:46:05";14
"2019-03-04 06:06:00";14
"2019-03-04 06:06:05";14
"2019-03-04 06:16:00";14
"2019-03-04 06:16:05";14
"2019-03-04 06:36:00";13
"2019-03-04 06:36:05";13
"2019-03-04 06:46:00";13
"2019-03-04 06:46:05";13
"2019-03-04 07:06:00";13
"2019-03-04 07:06:05";13
"2019-03-04 07:16:00";13
"2019-03-04 07:16:05";13
"2019-03-04 07:36:00";13
"2019-03-04 07:36:05";13
"2019-03-04 07:46:00";13
"2019-03-04 07:46:05";13
"2019-03-04 08:06:00";14
"2019-03-04 08:06:05";14
"2019-03-04 08:16:00";14
"2019-03-04 08:16:05";14
"2019-03-04 08:36:00";16
"2019-03-04 08:36:04";16
"2019-03-04 08:46:00";16
"2019-03-04 08:46:05";16
"2019-03-04 09:06:00";16
"2019-03-04 09:06:05";16
"2019-03-04 09:16:00";16
"2019-03-04 09:16:05";16
"2019-03-04 09:36:00";16
"2019-03-04 09:36:05";16
"2019-03-04 09:46:00";16
"2019-03-04 09:46:05";16
"2019-03-04 10:06:00";15
"2019-03-04 10:06:05";15
"2019-03-04 10:16:00";15
"2019-03-04 10:16:05";15
"2019-03-04 10:36:00";13
"2019-03-04 10:36:05";13
"2019-03-04 10:46:00";13
"2019-03-04 10:46:05";13
"2019-03-04 11:06:00";14
"2019-03-04 11:06:05";14
"2019-03-04 11:16:00";14
"2019-03-04 11:16:05";14
"2019-03-04 11:36:00";14
"2019-03-04 11:36:05";14
"2019-03-04 11:46:00";14
"2019-03-04 11:46:05";14
"2019-03-04 12:06:00";14
"2019-03-04 12:06:05";14
"2019-03-04 12:16:00";14
"2019-03-04 12:16:05";14
"2019-03-04 12:36:00";15
"2019-03-04 12:36:05";15
"2019-03-04 12:46:00";15
"2019-03-04 12:46:05";15
"2019-03-04 13:06:00";13
"2019-03-04 13:06:05";13
"2019-03-04 13:16:00";13
"2019-03-04 13:16:05";13
"2019-03-04 13:36:00";14
"2019-03-04 13:36:05";14
"2019-03-04 13:46:00";14
"2019-03-04 13:46:05";14
"2019-03-04 14:06:00";14
"2019-03-04 14:06:05";14
"2019-03-04 14:16:00";14
"2019-03-04 14:16:05";14
"2019-03-04 14:26:00";14
"2019-03-04 14:26:05";14
"2019-03-04 14:46:00";14
"2019-03-04 14:46:05";14
"2019-03-04 14:56:00";14
"2019-03-04 14:56:05";14
"2019-03-04 15:16:00";14
"2019-03-04 15:16:05";14
"2019-03-04 15:26:00";15
"2019-03-04 15:26:05";15
"2019-03-04 15:36:00";15
"2019-03-04 15:36:05";15
"2019-03-04 15:46:00";15
"2019-03-04 15:46:05";15
"2019-03-04 15:56:05";15
"2019-03-04 16:06:00";15
"2019-03-04 16:06:05";15
"2019-03-04 16:16:00";15
"2019-03-04 16:16:05";15
"2019-03-04 16:26:00";14
"2019-03-04 16:26:05";14
"2019-03-04 16:36:00";14
"2019-03-04 16:36:08";14
"2019-03-04 16:56:00";16
"2019-03-04 16:56:05";16
"2019-03-04 17:06:00";16
"2019-03-04 17:06:06";16
"2019-03-04 17:26:00";14
"2019-03-04 17:26:05";14
"2019-03-04 17:36:00";14
"2019-03-04 17:36:05";14
"2019-03-04 17:56:00";15
"2019-03-04 17:56:05";15
"2019-03-04 18:06:00";15
"2019-03-04 18:06:05";15
"2019-03-04 18:26:00";15
"2019-03-04 18:26:05";15
"2019-03-04 18:36:00";15
"2019-03-04 18:36:05";15
"2019-03-04 18:46:00";15
"2019-03-04 18:46:05";15
"2019-03-04 19:06:00";14
"2019-03-04 19:06:05";14
"2019-03-04 19:16:00";14
"2019-03-04 19:16:05";14
"2019-03-04 19:36:00";11
"2019-03-04 19:36:05";11
"2019-03-04 19:46:00";11
"2019-03-04 19:46:06";11
"2019-03-04 20:06:00";13
"2019-03-04 20:06:06";13
"2019-03-04 20:16:00";13
"2019-03-04 20:16:06";13
"2019-03-04 20:36:00";13
"2019-03-04 20:36:05";13
"2019-03-04 20:46:00";13
"2019-03-04 20:46:06";13
"2019-03-04 21:06:00";12
"2019-03-04 21:06:06";12
"2019-03-04 21:16:00";13
"2019-03-04 21:16:05";13
"2019-03-04 21:36:00";13
"2019-03-04 21:36:05";13
"2019-03-04 21:46:00";13
"2019-03-04 21:46:06";13
"2019-03-04 22:06:00";13
"2019-03-04 22:06:07";13
"2019-03-04 22:16:00";13
"2019-03-04 22:16:06";13
"2019-03-04 22:36:00";11
"2019-03-04 22:36:05";11
"2019-03-04 22:46:00";11
"2019-03-04 22:46:05";11
"2019-03-04 23:06:00";13
"2019-03-04 23:06:05";13
"2019-03-04 23:16:00";13
"2019-03-04 23:16:06";13
"2019-03-04 23:26:00";13
"2019-03-04 23:26:05";13
"2019-03-04 23:36:00";13
"2019-03-04 23:36:05";13
"2019-03-04 23:56:00";14
"2019-03-04 23:56:06";14
"2019-03-05 00:06:00";14
"2019-03-05 00:06:06";14
"2019-03-05 00:26:00";12
"2019-03-05 00:26:05";12
"2019-03-05 00:36:00";12
"2019-03-05 00:36:06";12
"2019-03-05 00:56:00";14
"2019-03-05 00:56:06";14
"2019-03-05 01:06:00";14
"2019-03-05 01:06:05";14
"2019-03-05 01:26:00";13
"2019-03-05 01:26:05";13
"2019-03-05 01:36:00";13
"2019-03-05 01:36:05";13
"2019-03-05 01:56:00";11
"2019-03-05 01:56:05";11
"2019-03-05 02:06:00";11
"2019-03-05 02:06:05";11
"2019-03-05 02:16:00";12
"2019-03-05 02:16:05";12
"2019-03-05 02:36:00";12
"2019-03-05 02:36:05";12
"2019-03-05 02:46:00";12
"2019-03-05 02:46:05";12
"2019-03-05 03:06:00";11
"2019-03-05 03:06:05";11
"2019-03-05 03:16:00";11
"2019-03-05 03:16:05";11
"2019-03-05 03:36:00";12
"2019-03-05 03:36:05";12
"2019-03-05 03:46:00";12
"2019-03-05 03:46:05";12
"2019-03-05 04:06:00";11
"2019-03-05 04:06:06";11
"2019-03-05 04:16:00";11
"2019-03-05 04:16:06";11
"2019-03-05 04:36:00";12
"2019-03-05 04:36:05";12
"2019-03-05 04:46:00";12
"2019-03-05 04:46:06";12
"2019-03-05 05:06:00";13
"2019-03-05 05:06:05";13
"2019-03-05 05:16:00";13
"2019-03-05 05:16:05";13
"2019-03-05 05:36:00";13
"2019-03-05 05:36:05";13
"2019-03-05 05:46:00";13
"2019-03-05 05:46:05";13
"2019-03-05 06:06:00";11
"2019-03-05 06:06:05";11
"2019-03-05 06:16:00";11
"2019-03-05 06:16:05";11
"2019-03-05 06:36:00";11
"2019-03-05 06:36:05";11
"2019-03-05 06:46:00";11
"2019-03-05 06:46:05";11
"2019-03-05 07:06:00";13
"2019-03-05 07:06:05";13
"2019-03-05 07:16:00";13
"2019-03-05 07:16:05";13
"2019-03-05 07:36:00";10
"2019-03-05 07:36:05";10
"2019-03-05 07:46:00";10
"2019-03-05 07:46:05";10
"2019-03-05 08:06:00";11
"2019-03-05 08:06:05";11
"2019-03-05 08:16:00";11
"2019-03-05 08:16:05";11
"2019-03-05 08:26:00";12
"2019-03-05 08:26:05";12
"2019-03-05 08:46:00";13
"2019-03-05 08:46:05";13
"2019-03-05 08:56:00";13
"2019-03-05 08:56:05";13
"2019-03-05 09:06:00";13
"2019-03-05 09:06:05";13
"2019-03-05 09:16:00";12
"2019-03-05 09:16:05";12
"2019-03-05 09:36:00";12
"2019-03-05 09:36:05";12
"2019-03-05 09:46:00";12
"2019-03-05 09:46:06";12
"2019-03-05 10:06:00";14
"2019-03-05 10:06:05";14
"2019-03-05 10:26:00";13
"2019-03-05 10:26:05";13
"2019-03-05 10:36:00";13
"2019-03-05 10:36:05";13
"2019-03-05 10:56:00";9
"2019-03-05 10:56:05";9
"2019-03-05 11:06:00";9
"2019-03-05 11:06:05";9
"2019-03-05 11:26:00";8
"2019-03-05 11:26:06";8
"2019-03-05 11:36:00";8
"2019-03-05 11:36:06";8
"2019-03-05 11:56:00";9
"2019-03-05 11:56:05";9
"2019-03-05 12:06:00";9
"2019-03-05 12:06:05";9
"2019-03-05 12:26:00";8
"2019-03-05 12:26:05";8
"2019-03-05 12:36:00";8
"2019-03-05 12:36:05";8
"2019-03-05 12:56:00";7
"2019-03-05 12:56:05";7
"2019-03-05 13:06:00";7
"2019-03-05 13:06:05";7
"2019-03-05 13:26:00";7
"2019-03-05 13:26:06";7
"2019-03-05 13:36:00";7
"2019-03-05 13:36:05";7
"2019-03-05 13:56:00";8
"2019-03-05 13:56:05";8
"2019-03-05 14:06:00";8
"2019-03-05 14:06:05";8
"2019-03-05 14:26:00";7
"2019-03-05 14:26:05";7
"2019-03-05 14:36:00";7
"2019-03-05 14:36:05";7
"2019-03-05 14:56:00";7
"2019-03-05 14:56:06";7
"2019-03-05 15:06:00";7
"2019-03-05 15:06:05";7
"2019-03-05 15:26:00";10
"2019-03-05 15:26:05";10
"2019-03-05 15:36:00";10
"2019-03-05 15:36:05";10
"2019-03-05 15:56:00";12
"2019-03-05 15:56:05";12
"2019-03-05 16:06:00";12
"2019-03-05 16:06:05";12
"2019-03-05 16:26:00";10
"2019-03-05 16:26:05";10
"2019-03-05 16:36:00";10
"2019-03-05 16:36:05";10
"2019-03-05 16:46:00";10
"2019-03-05 16:46:05";10
"2019-03-05 16:56:00";10
"2019-03-05 16:56:06";10
"2019-03-05 17:06:00";10
"2019-03-05 17:06:05";10
"2019-03-05 17:16:00";10
"2019-03-05 17:16:05";10
"2019-03-05 17:26:00";11
"2019-03-05 17:26:05";11
"2019-03-05 17:36:00";11
"2019-03-05 17:36:05";11
"2019-03-05 17:46:00";11
"2019-03-05 17:46:06";11
"2019-03-05 17:56:00";11
"2019-03-05 17:56:05";11
"2019-03-05 18:06:00";11
"2019-03-05 18:06:07";11
"2019-03-05 18:16:00";11
"2019-03-05 18:16:06";11
"2019-03-05 18:26:00";11
"2019-03-05 18:26:05";11
"2019-03-05 18:36:00";11
"2019-03-05 18:36:05";11
"2019-03-05 18:46:00";11
"2019-03-05 18:46:06";11
"2019-03-05 18:56:00";11
"2019-03-05 18:56:06";11
"2019-03-05 19:06:00";11
"2019-03-05 19:06:05";11
"2019-03-05 19:16:00";11
"2019-03-05 19:16:05";11
"2019-03-05 19:26:00";11
"2019-03-05 19:26:05";11
"2019-03-05 19:36:00";11
"2019-03-05 19:36:06";11
"2019-03-05 19:46:00";11
"2019-03-05 19:46:05";11
"2019-03-05 19:56:00";11
"2019-03-05 19:56:05";11
"2019-03-05 20:06:00";11
"2019-03-05 20:06:06";11
"2019-03-05 20:16:00";11
"2019-03-05 20:16:06";11
"2019-03-05 20:26:00";12
"2019-03-05 20:26:05";12
"2019-03-05 20:36:00";12
"2019-03-05 20:36:05";12
"2019-03-05 20:46:00";12
"2019-03-05 20:46:05";12
"2019-03-05 20:56:00";11
"2019-03-05 20:56:06";11
"2019-03-05 21:06:00";11
"2019-03-05 21:06:06";11
"2019-03-05 21:16:00";11
"2019-03-05 21:16:05";11
"2019-03-05 21:26:00";12
"2019-03-05 21:26:05";12
"2019-03-05 21:36:00";12
"2019-03-05 21:36:05";12
"2019-03-05 21:46:00";12
"2019-03-05 21:46:06";12
"2019-03-05 21:56:00";12
"2019-03-05 21:56:05";12
"2019-03-05 22:06:00";12
"2019-03-05 22:06:06";12
"2019-03-05 22:16:00";12
"2019-03-05 22:16:05";12
"2019-03-05 22:26:00";11
"2019-03-05 22:26:06";11
"2019-03-05 22:36:00";11
"2019-03-05 22:36:05";11
"2019-03-05 22:46:00";12
"2019-03-05 22:46:06";12
"2019-03-05 22:56:00";12
"2019-03-05 22:56:05";12
"2019-03-05 23:06:00";12
"2019-03-05 23:06:06";12
"2019-03-05 23:16:00";12
"2019-03-05 23:16:05";12
"2019-03-05 23:26:00";11
"2019-03-05 23:26:05";11
"2019-03-05 23:36:00";11
"2019-03-05 23:36:07";11
"2019-03-05 23:46:00";11
"2019-03-05 23:46:06";11
"2019-03-05 23:56:00";12
"2019-03-05 23:56:07";12
"2019-03-06 00:06:00";12
"2019-03-06 00:06:06";12
"2019-03-06 00:16:00";12
"2019-03-06 00:16:06";12
"2019-03-06 00:26:00";14
"2019-03-06 00:26:05";14
"2019-03-06 00:36:00";14
"2019-03-06 00:36:06";14
"2019-03-06 00:46:00";14
"2019-03-06 00:46:07";14
"2019-03-06 00:56:00";10
"2019-03-06 00:56:07";10
"2019-03-06 01:06:00";10
"2019-03-06 01:06:05";10
"2019-03-06 01:16:00";11
"2019-03-06 01:16:07";11
"2019-03-06 01:26:00";11
"2019-03-06 01:26:05";11
"2019-03-06 01:36:00";11
"2019-03-06 01:36:05";11
"2019-03-06 01:46:00";11
"2019-03-06 01:46:05";11
"2019-03-06 01:56:00";11
"2019-03-06 01:56:05";11
"2019-03-06 02:06:00";11
"2019-03-06 02:06:05";11
"2019-03-06 02:16:00";11
"2019-03-06 02:16:05";11
"2019-03-06 02:26:00";11
"2019-03-06 02:26:05";11
"2019-03-06 02:36:00";11
"2019-03-06 02:36:05";11
"2019-03-06 02:46:00";11
"2019-03-06 02:46:05";11
"2019-03-06 02:56:00";11
"2019-03-06 02:56:05";11
"2019-03-06 03:06:00";11
"2019-03-06 03:06:05";11
"2019-03-06 03:16:00";11
"2019-03-06 03:16:06";11
"2019-03-06 03:26:00";10
"2019-03-06 03:26:05";10
"2019-03-06 03:36:00";10
"2019-03-06 03:36:05";10
"2019-03-06 03:46:00";10
"2019-03-06 03:46:05";10
"2019-03-06 03:56:00";11
"2019-03-06 03:56:05";11
"2019-03-06 04:06:00";11
"2019-03-06 04:06:06";11
"2019-03-06 04:16:00";11
"2019-03-06 04:16:06";11
"2019-03-06 04:26:00";11
"2019-03-06 04:26:05";11
"2019-03-06 04:36:00";11
"2019-03-06 04:36:05";11
"2019-03-06 04:46:00";11
"2019-03-06 04:46:06";11
"2019-03-06 04:56:00";12
"2019-03-06 04:56:05";12
"2019-03-06 05:06:00";12
"2019-03-06 05:06:05";12
"2019-03-06 05:16:00";12
"2019-03-06 05:16:05";12
"2019-03-06 05:26:00";11
"2019-03-06 05:26:04";11
"2019-03-06 05:36:00";11
"2019-03-06 05:36:07";11
"2019-03-06 05:46:00";11
"2019-03-06 05:46:05";11
"2019-03-06 05:56:00";11
"2019-03-06 05:56:05";11
"2019-03-06 06:06:00";11
"2019-03-06 06:06:05";11
"2019-03-06 06:16:00";10
"2019-03-06 06:16:08";10
"2019-03-06 06:26:00";10
"2019-03-06 06:26:05";10
"2019-03-06 06:36:00";10
"2019-03-06 06:36:05";10
"2019-03-06 06:46:00";10
"2019-03-06 06:46:05";10
"2019-03-06 06:56:00";10
"2019-03-06 06:56:05";10
"2019-03-06 07:06:00";10
"2019-03-06 07:06:05";10
"2019-03-06 07:16:00";10
"2019-03-06 07:16:05";10
"2019-03-06 07:26:00";11
"2019-03-06 07:26:05";11
"2019-03-06 07:36:00";11
"2019-03-06 07:36:05";11
"2019-03-06 07:46:00";11
"2019-03-06 07:46:05";11
"2019-03-06 07:56:00";11
"2019-03-06 07:56:05";11
"2019-03-06 08:06:00";11
"2019-03-06 08:06:05";11
"2019-03-06 08:16:00";11
"2019-03-06 08:16:05";11
"2019-03-06 08:26:00";12
"2019-03-06 08:26:05";12
"2019-03-06 08:36:00";12
"2019-03-06 08:36:05";12
"2019-03-06 08:46:00";12
"2019-03-06 08:46:05";12
"2019-03-06 08:56:00";12
"2019-03-06 08:56:05";12
"2019-03-06 09:06:00";12
"2019-03-06 09:06:05";12
"2019-03-06 09:16:00";12
"2019-03-06 09:16:05";12
"2019-03-06 09:26:00";12
"2019-03-06 09:26:05";12
"2019-03-06 09:36:00";12
"2019-03-06 09:36:05";12
"2019-03-06 09:46:00";12
"2019-03-06 09:46:05";12
"2019-03-06 09:56:00";13
"2019-03-06 09:56:05";13
"2019-03-06 10:06:00";13
"2019-03-06 10:06:05";13
"2019-03-06 10:16:00";12
"2019-03-06 10:16:05";12
"2019-03-06 10:26:00";12
"2019-03-06 10:26:05";12
"2019-03-06 10:36:00";12
"2019-03-06 10:36:05";12
"2019-03-06 10:46:00";12
"2019-03-06 10:46:06";12
"2019-03-06 10:56:00";10
"2019-03-06 10:56:05";10
"2019-03-06 11:06:00";10
"2019-03-06 11:06:05";10
"2019-03-06 11:16:00";10
"2019-03-06 11:16:06";10
"2019-03-06 11:26:00";11
"2019-03-06 11:26:04";11
"2019-03-06 11:36:00";11
"2019-03-06 11:36:05";11
"2019-03-06 11:46:00";11
"2019-03-06 11:46:05";11
"2019-03-06 11:56:00";12
"2019-03-06 11:56:05";12
"2019-03-06 12:06:00";12
"2019-03-06 12:06:05";12
"2019-03-06 12:16:00";12
"2019-03-06 12:16:05";12
"2019-03-06 12:26:00";12
"2019-03-06 12:26:05";12
"2019-03-06 12:36:00";12
"2019-03-06 12:36:05";12
"2019-03-06 12:46:00";12
"2019-03-06 12:46:05";12
"2019-03-06 12:56:00";10
"2019-03-06 12:56:05";10
"2019-03-06 13:06:00";10
"2019-03-06 13:06:04";10
"2019-03-06 13:16:00";10
"2019-03-06 13:16:05";10
"2019-03-06 13:26:00";12
"2019-03-06 13:26:05";12
"2019-03-06 13:36:00";12
"2019-03-06 13:36:05";12
"2019-03-06 13:46:00";12
"2019-03-06 13:46:05";12
"2019-03-06 13:56:00";12
"2019-03-06 13:56:05";12
"2019-03-06 14:06:00";12
"2019-03-06 14:06:06";12
"2019-03-06 14:16:00";12
"2019-03-06 14:16:05";12
"2019-03-06 14:26:00";11
"2019-03-06 14:26:05";11
"2019-03-06 14:36:00";11
"2019-03-06 14:36:06";11
"2019-03-06 14:46:00";11
"2019-03-06 14:46:06";11
"2019-03-06 14:56:00";12
"2019-03-06 14:56:05";12
"2019-03-06 15:06:00";12
"2019-03-06 15:06:05";12
"2019-03-06 15:16:00";12
"2019-03-06 15:16:05";12
"2019-03-06 15:26:00";12
"2019-03-06 15:26:05";12
"2019-03-06 15:36:00";12
"2019-03-06 15:36:06";12
"2019-03-06 15:46:00";12
"2019-03-06 15:46:05";12
"2019-03-06 15:56:00";12
"2019-03-06 15:56:05";12
"2019-03-06 16:06:00";12
"2019-03-06 16:06:06";12
"2019-03-06 16:16:00";12
"2019-03-06 16:16:06";12
"2019-03-06 16:26:00";12
"2019-03-06 16:26:05";12
"2019-03-06 16:36:00";12
"2019-03-06 16:36:05";12
"2019-03-06 16:46:00";12
"2019-03-06 16:46:06";12
"2019-03-06 16:56:00";13
"2019-03-06 16:56:05";13
"2019-03-06 17:06:00";13
"2019-03-06 17:06:05";13
"2019-03-06 17:16:00";13
"2019-03-06 17:16:06";13
"2019-03-06 17:26:00";12
"2019-03-06 17:26:05";12
"2019-03-06 17:36:00";12
"2019-03-06 17:36:05";12
"2019-03-06 17:46:00";12
"2019-03-06 17:46:05";12
"2019-03-06 17:56:00";13
"2019-03-06 17:56:05";13
"2019-03-06 18:06:00";13
"2019-03-06 18:06:05";13
"2019-03-06 18:16:00";13
"2019-03-06 18:16:05";13
"2019-03-06 18:26:00";13
"2019-03-06 18:26:05";13
"2019-03-06 18:36:00";13
"2019-03-06 18:36:06";13
"2019-03-06 18:46:00";13
"2019-03-06 18:46:06";13
"2019-03-06 18:56:00";13
"2019-03-06 18:56:05";13
"2019-03-06 19:06:00";13
"2019-03-06 19:06:05";13
"2019-03-06 19:16:00";13
"2019-03-06 19:16:05";13
"2019-03-06 19:26:00";12
"2019-03-06 19:26:05";12
"2019-03-06 19:36:00";12
"2019-03-06 19:36:05";12
"2019-03-06 19:46:00";12
"2019-03-06 19:46:06";12
"2019-03-06 19:56:00";13
"2019-03-06 19:56:05";13
"2019-03-06 20:06:00";13
"2019-03-06 20:06:05";13
"2019-03-06 20:16:00";13
"2019-03-06 20:16:06";13
"2019-03-06 20:26:00";12
"2019-03-06 20:26:05";12
"2019-03-06 20:36:00";12
"2019-03-06 20:36:05";12
"2019-03-06 20:46:00";12
"2019-03-06 20:46:05";12
"2019-03-06 20:56:00";13
"2019-03-06 20:56:05";13
"2019-03-06 21:06:00";13
"2019-03-06 21:06:05";13
"2019-03-06 21:16:00";13
"2019-03-06 21:16:05";13
"2019-03-06 21:26:00";12
"2019-03-06 21:26:06";12
"2019-03-06 21:36:00";12
"2019-03-06 21:36:05";12
"2019-03-06 21:46:00";12
"2019-03-06 21:46:06";12
"2019-03-06 21:56:00";12
"2019-03-06 21:56:05";12
"2019-03-06 22:06:00";12
"2019-03-06 22:06:07";12
"2019-03-06 22:16:00";12
"2019-03-06 22:16:06";12
"2019-03-06 22:26:00";13
"2019-03-06 22:26:06";13
"2019-03-06 22:36:00";13
"2019-03-06 22:36:05";13
"2019-03-06 22:46:00";13
"2019-03-06 22:46:06";13
"2019-03-06 22:56:00";12
"2019-03-06 22:56:06";12
"2019-03-06 23:06:00";12
"2019-03-06 23:06:06";12
"2019-03-06 23:16:00";12
"2019-03-06 23:16:05";12
"2019-03-06 23:26:00";13
"2019-03-06 23:26:05";13
"2019-03-06 23:36:00";13
"2019-03-06 23:36:06";13
"2019-03-06 23:46:00";13
"2019-03-06 23:46:06";13
"2019-03-06 23:56:00";13
"2019-03-06 23:56:06";13
"2019-03-07 00:06:00";13
"2019-03-07 00:06:07";13
"2019-03-07 00:16:00";13
"2019-03-07 00:16:06";13
"2019-03-07 00:26:00";13
"2019-03-07 00:26:05";13
"2019-03-07 00:36:00";13
"2019-03-07 00:36:06";13
"2019-03-07 00:46:00";13
"2019-03-07 00:46:06";13
"2019-03-07 00:56:00";12
"2019-03-07 00:56:06";12
"2019-03-07 01:06:00";12
"2019-03-07 01:06:05";12
"2019-03-07 01:16:00";12
"2019-03-07 01:16:05";12
"2019-03-07 01:26:00";12
"2019-03-07 01:26:08";12
"2019-03-07 01:36:00";12
"2019-03-07 01:36:05";12
"2019-03-07 01:46:00";12
"2019-03-07 01:46:06";12
"2019-03-07 01:56:00";13
"2019-03-07 01:56:05";13
"2019-03-07 02:06:00";13
"2019-03-07 02:06:05";13
"2019-03-07 02:16:00";12
"2019-03-07 02:16:06";12
"2019-03-07 02:26:00";12
"2019-03-07 02:26:05";12
"2019-03-07 02:36:00";12
"2019-03-07 02:36:04";12
"2019-03-07 02:46:00";12
"2019-03-07 02:46:05";12
"2019-03-07 02:56:00";13
"2019-03-07 02:56:06";13
"2019-03-07 03:06:00";13
"2019-03-07 03:06:05";13
"2019-03-07 03:16:00";11
"2019-03-07 03:16:05";11
"2019-03-07 03:26:00";11
"2019-03-07 03:26:05";11
"2019-03-07 03:36:00";11
"2019-03-07 03:36:05";11
"2019-03-07 03:46:00";11
"2019-03-07 03:46:06";11
"2019-03-07 03:56:00";12
"2019-03-07 03:56:05";12
"2019-03-07 04:06:00";12
"2019-03-07 04:06:05";12
"2019-03-07 04:16:00";12
"2019-03-07 04:16:06";12
"2019-03-07 04:26:00";11
"2019-03-07 04:26:05";11
"2019-03-07 04:36:00";11
"2019-03-07 04:36:05";11
"2019-03-07 04:46:00";11
"2019-03-07 04:46:05";11
"2019-03-07 04:56:00";12
"2019-03-07 04:56:05";12
"2019-03-07 05:06:00";12
"2019-03-07 05:06:05";12
"2019-03-07 05:16:00";12
"2019-03-07 05:16:05";12
"2019-03-07 05:26:00";11
"2019-03-07 05:26:05";11
"2019-03-07 05:36:00";11
"2019-03-07 05:36:05";11
"2019-03-07 05:46:00";11
"2019-03-07 05:46:06";11
"2019-03-07 05:56:00";11
"2019-03-07 05:56:05";11
"2019-03-07 06:06:00";13
"2019-03-07 06:06:05";13
"2019-03-07 06:16:05";13
"2019-03-07 06:26:00";13
"2019-03-07 06:26:05";13
"2019-03-07 08:26:00";14
"2019-03-07 08:26:05";14
"2019-03-07 08:36:00";14
"2019-03-07 08:36:05";14
"2019-03-07 08:46:00";14
"2019-03-07 08:46:05";14
"2019-03-07 08:56:00";13
"2019-03-07 08:56:05";13
"2019-03-07 09:06:00";13
"2019-03-07 09:06:05";13
"2019-03-07 09:16:00";13
"2019-03-07 09:16:05";13
"2019-03-07 09:26:00";14
"2019-03-07 09:26:05";14
"2019-03-07 09:36:00";14
"2019-03-07 09:36:05";14
"2019-03-07 09:46:00";14
"2019-03-07 09:46:05";14
"2019-03-07 09:56:00";14
"2019-03-07 09:56:05";14
"2019-03-07 10:06:00";14
"2019-03-07 10:06:05";14
"2019-03-07 10:16:00";14
"2019-03-07 10:16:05";14
"2019-03-07 10:26:00";14
"2019-03-07 10:26:05";14
"2019-03-07 10:36:00";14
"2019-03-07 10:36:05";14
"2019-03-07 10:46:00";14
"2019-03-07 10:46:05";14
"2019-03-07 10:56:00";15
"2019-03-07 10:56:05";15
"2019-03-07 11:06:00";15
"2019-03-07 11:06:05";15
"2019-03-07 11:16:00";15
"2019-03-07 11:16:05";15
"2019-03-07 11:26:00";14
"2019-03-07 11:26:07";14
"2019-03-07 11:36:00";14
"2019-03-07 11:36:04";14
"2019-03-07 11:46:00";14
"2019-03-07 11:46:05";14
"2019-03-07 11:56:00";14
"2019-03-07 11:56:05";14
"2019-03-07 12:06:00";14
"2019-03-07 12:06:05";14
"2019-03-07 12:16:00";14
"2019-03-07 12:16:05";14
"2019-03-07 12:26:00";14
"2019-03-07 12:26:05";14
"2019-03-07 12:36:00";14
"2019-03-07 12:36:06";14
"2019-03-07 12:46:00";14
"2019-03-07 12:46:05";14
"2019-03-07 12:56:00";13
"2019-03-07 12:56:05";13
"2019-03-07 13:06:00";13
"2019-03-07 13:06:05";13
"2019-03-07 13:16:00";13
"2019-03-07 13:16:05";13
"2019-03-07 13:26:00";12
"2019-03-07 13:26:05";12
"2019-03-07 13:36:00";12
"2019-03-07 13:36:05";12
"2019-03-07 13:46:00";12
"2019-03-07 13:46:05";12
"2019-03-07 13:56:00";10
"2019-03-07 13:56:05";10
"2019-03-07 14:06:00";10
"2019-03-07 14:06:06";10
"2019-03-07 14:16:00";10
"2019-03-07 14:16:05";10
"2019-03-07 14:26:00";9
"2019-03-07 14:26:05";9
"2019-03-07 14:36:00";9
"2019-03-07 14:36:05";9
"2019-03-07 14:46:00";9
"2019-03-07 14:46:05";9
"2019-03-07 14:56:00";9
"2019-03-07 14:56:05";9
"2019-03-07 15:06:00";9
"2019-03-07 15:06:05";9
"2019-03-07 15:16:00";9
"2019-03-07 15:16:05";9
"2019-03-07 15:26:00";11
"2019-03-07 15:26:05";11
"2019-03-07 15:36:00";11
"2019-03-07 15:36:06";11
"2019-03-07 15:46:00";11
"2019-03-07 15:46:05";11
"2019-03-07 15:56:00";13
"2019-03-07 15:56:05";13
"2019-03-07 16:06:00";13
"2019-03-07 16:06:05";13
"2019-03-07 16:16:00";13
"2019-03-07 16:16:05";13
"2019-03-07 16:26:00";13
"2019-03-07 16:26:05";13
"2019-03-07 16:36:00";13
"2019-03-07 16:36:05";13
"2019-03-07 16:46:00";13
"2019-03-07 16:46:06";13
"2019-03-07 16:56:00";13
"2019-03-07 16:56:05";13
"2019-03-07 17:06:00";13
"2019-03-07 17:06:05";13
"2019-03-07 17:16:00";13
"2019-03-07 17:16:06";13
"2019-03-07 17:26:00";13
"2019-03-07 17:26:05";13
"2019-03-07 17:36:00";13
"2019-03-07 17:36:06";13
"2019-03-07 17:46:00";13
"2019-03-07 17:46:05";13
"2019-03-07 17:56:00";15
"2019-03-07 17:56:05";15
"2019-03-07 18:06:00";15
"2019-03-07 18:06:06";15
"2019-03-07 18:16:00";15
"2019-03-07 18:16:05";15
"2019-03-07 18:26:00";14
"2019-03-07 18:26:05";14
"2019-03-07 18:36:00";14
"2019-03-07 18:36:05";14
"2019-03-07 18:46:00";14
"2019-03-07 18:46:05";14
"2019-03-07 18:56:00";14
"2019-03-07 18:56:05";14
"2019-03-07 19:06:00";14
"2019-03-07 19:06:05";14
"2019-03-07 19:16:00";14
"2019-03-07 19:16:06";14
"2019-03-07 19:26:00";14
"2019-03-07 19:26:06";14
"2019-03-07 19:36:00";14
"2019-03-07 19:36:05";14
"2019-03-07 19:46:00";14
"2019-03-07 19:46:06";14
"2019-03-07 19:56:00";15
"2019-03-07 19:56:05";15
"2019-03-07 20:06:00";15
"2019-03-07 20:06:05";15
"2019-03-07 20:16:00";15
"2019-03-07 20:16:06";15
"2019-03-07 20:26:00";14
"2019-03-07 20:26:05";14
"2019-03-07 20:36:00";14
"2019-03-07 20:36:05";14
"2019-03-07 20:46:00";14
"2019-03-07 20:46:06";14
"2019-03-07 20:56:00";15
"2019-03-07 20:56:05";15
"2019-03-07 21:06:00";15
"2019-03-07 21:06:08";15
"2019-03-07 21:16:00";15
"2019-03-07 21:16:05";15
"2019-03-07 21:26:00";14
"2019-03-07 21:26:05";14
"2019-03-07 21:36:00";14
"2019-03-07 21:36:06";14
"2019-03-07 21:46:00";14
"2019-03-07 21:46:05";14
"2019-03-07 21:56:00";15
"2019-03-07 21:56:06";15
"2019-03-07 22:06:00";15
"2019-03-07 22:06:06";15
"2019-03-07 22:16:00";14
"2019-03-07 22:16:06";14
"2019-03-07 22:26:00";14
"2019-03-07 22:26:06";14
"2019-03-07 22:36:00";14
"2019-03-07 22:36:06";14
"2019-03-07 22:46:00";14
"2019-03-07 22:46:08";14
"2019-03-07 22:56:00";14
"2019-03-07 22:56:05";14
"2019-03-07 23:06:00";14
"2019-03-07 23:06:05";14
"2019-03-07 23:16:00";15
"2019-03-07 23:16:06";15
"2019-03-07 23:26:00";15
"2019-03-07 23:26:05";15
"2019-03-07 23:36:00";15
"2019-03-07 23:36:06";15
"2019-03-07 23:46:00";15
"2019-03-07 23:46:06";15
"2019-03-07 23:56:00";12
"2019-03-07 23:56:06";12
"2019-03-08 00:06:00";12
"2019-03-08 00:06:07";12
"2019-03-08 00:16:00";12
"2019-03-08 00:16:06";12
"2019-03-08 00:26:00";14
"2019-03-08 00:26:05";14
"2019-03-08 00:36:00";14
"2019-03-08 00:36:06";14
"2019-03-08 00:46:00";14
"2019-03-08 00:46:08";14
"2019-03-08 00:56:00";14
"2019-03-08 00:56:07";14
"2019-03-08 01:06:00";14
"2019-03-08 01:06:05";14
"2019-03-08 01:16:00";14
"2019-03-08 01:16:06";14
"2019-03-08 01:26:00";14
"2019-03-08 01:26:05";14
"2019-03-08 01:36:00";14
"2019-03-08 01:36:05";14
"2019-03-08 01:46:00";14
"2019-03-08 01:46:05";14
"2019-03-08 01:56:00";12
"2019-03-08 01:56:05";12
"2019-03-08 02:06:00";12
"2019-03-08 02:06:05";12
"2019-03-08 02:16:00";12
"2019-03-08 02:16:05";12
"2019-03-08 02:26:00";13
"2019-03-08 02:26:05";13
"2019-03-08 02:36:00";13
"2019-03-08 02:36:05";13
"2019-03-08 02:46:00";13
"2019-03-08 02:46:05";13
"2019-03-08 02:56:00";10
"2019-03-08 02:56:05";10
"2019-03-08 03:06:00";10
"2019-03-08 03:06:05";10
"2019-03-08 03:16:00";10
"2019-03-08 03:16:05";10
"2019-03-08 03:26:00";13
"2019-03-08 03:26:05";13
"2019-03-08 03:36:00";13
"2019-03-08 03:36:05";13
"2019-03-08 03:46:00";13
"2019-03-08 03:46:05";13
"2019-03-08 03:56:00";13
"2019-03-08 03:56:06";13
"2019-03-08 04:06:00";13
"2019-03-08 04:06:05";13
"2019-03-08 04:16:00";13
"2019-03-08 04:16:05";13
"2019-03-08 04:26:00";13
"2019-03-08 04:26:05";13
"2019-03-08 04:36:00";11
"2019-03-08 04:36:05";11
"2019-03-08 04:46:00";11
"2019-03-08 04:46:05";11
"2019-03-08 04:56:00";11
"2019-03-08 04:56:05";11
"2019-03-08 05:06:00";11
"2019-03-08 05:06:05";11
"2019-03-08 05:16:00";11
"2019-03-08 05:16:04";11
"2019-03-08 05:26:00";12
"2019-03-08 05:26:05";12
"2019-03-08 05:36:00";12
"2019-03-08 05:36:05";12
"2019-03-08 05:46:00";12
"2019-03-08 05:46:08";12
"2019-03-08 05:56:00";12
"2019-03-08 05:56:05";12
"2019-03-08 06:06:00";12
"2019-03-08 06:06:05";12
"2019-03-08 06:16:00";12
"2019-03-08 06:16:05";12
"2019-03-08 06:26:00";12
"2019-03-08 06:26:05";12
"2019-03-08 06:36:00";12
"2019-03-08 06:36:05";12
"2019-03-08 06:46:00";12
"2019-03-08 06:46:05";12
"2019-03-08 06:56:00";11
"2019-03-08 06:56:05";11
"2019-03-08 07:06:00";11
"2019-03-08 07:06:04";11
"2019-03-08 07:16:00";13
"2019-03-08 07:16:06";13
"2019-03-08 07:26:00";13
"2019-03-08 07:26:05";13
"2019-03-08 07:36:00";13
"2019-03-08 07:36:06";13
"2019-03-08 07:46:00";13
"2019-03-08 07:46:05";13
"2019-03-08 07:56:00";12
"2019-03-08 07:56:06";12
"2019-03-08 08:06:00";12
"2019-03-08 08:06:05";12
"2019-03-08 08:16:00";12
"2019-03-08 08:16:05";12
"2019-03-08 08:26:00";12
"2019-03-08 08:26:05";12
"2019-03-08 08:36:00";12
"2019-03-08 08:36:05";12
"2019-03-08 08:46:00";12
"2019-03-08 08:46:06";12
"2019-03-08 08:56:00";12
"2019-03-08 08:56:05";12
"2019-03-08 09:06:00";12
"2019-03-08 09:06:05";12
"2019-03-08 09:16:00";12
"2019-03-08 09:16:05";12
"2019-03-08 09:26:00";12
"2019-03-08 09:26:05";12
"2019-03-08 09:36:00";12
"2019-03-08 09:36:07";12
"2019-03-08 09:46:00";12
"2019-03-08 09:46:05";12
"2019-03-08 09:56:00";13
"2019-03-08 09:56:05";13
"2019-03-08 10:06:00";13
"2019-03-08 10:06:04";13
"2019-03-08 10:16:00";13
"2019-03-08 10:16:05";13
"2019-03-08 10:26:00";11
"2019-03-08 10:26:05";11
"2019-03-08 10:36:00";11
"2019-03-08 10:36:05";11
"2019-03-08 10:46:00";11
"2019-03-08 10:46:06";11
"2019-03-08 10:56:00";10
"2019-03-08 10:56:05";10
"2019-03-08 11:06:00";10
"2019-03-08 11:06:05";10
"2019-03-08 11:16:00";10
"2019-03-08 11:16:05";10
"2019-03-08 11:26:00";9
"2019-03-08 11:26:05";9
"2019-03-08 11:36:00";9
"2019-03-08 11:36:05";9
"2019-03-08 11:46:00";9
"2019-03-08 11:46:06";9
"2019-03-08 11:56:00";10
"2019-03-08 11:56:06";10
"2019-03-08 12:06:00";10
"2019-03-08 12:06:05";10
"2019-03-08 12:16:00";11
"2019-03-08 12:16:05";11
"2019-03-08 12:26:00";11
"2019-03-08 12:26:05";11
"2019-03-08 12:36:00";11
"2019-03-08 12:36:05";11
"2019-03-08 12:46:00";11
"2019-03-08 12:46:05";11
"2019-03-08 12:56:00";10
"2019-03-08 12:56:06";10
"2019-03-08 13:06:00";10
"2019-03-08 13:06:05";10
"2019-03-08 13:16:00";10
"2019-03-08 13:16:06";10
"2019-03-08 13:26:00";10
"2019-03-08 13:26:05";10
"2019-03-08 13:36:00";10
"2019-03-08 13:36:05";10
"2019-03-08 13:46:00";10
"2019-03-08 13:46:05";10
"2019-03-08 13:56:00";10
"2019-03-08 13:56:05";10
"2019-03-08 14:06:00";10
"2019-03-08 14:06:04";10
"2019-03-08 14:16:00";10
"2019-03-08 14:16:05";10
"2019-03-08 14:26:00";11
"2019-03-08 14:26:05";11
"2019-03-08 14:36:00";11
"2019-03-08 14:36:05";11
"2019-03-08 14:46:00";11
"2019-03-08 14:46:05";11
"2019-03-08 14:56:00";11
"2019-03-08 14:56:05";11
"2019-03-08 15:06:00";11
"2019-03-08 15:06:05";11
"2019-03-08 15:16:00";11
"2019-03-08 15:16:05";11
"2019-03-08 15:26:00";12
"2019-03-08 15:26:05";12
"2019-03-08 15:36:00";12
"2019-03-08 15:36:05";12
"2019-03-08 15:46:00";12
"2019-03-08 15:46:05";12
"2019-03-08 15:56:00";12
"2019-03-08 15:56:05";12
"2019-03-08 16:06:00";12
"2019-03-08 16:06:05";12
"2019-03-08 16:16:00";12
"2019-03-08 16:16:05";12
"2019-03-08 16:26:00";13
"2019-03-08 16:26:05";13
"2019-03-08 16:36:00";13
"2019-03-08 16:36:05";13
"2019-03-08 16:46:00";13
"2019-03-08 16:46:05";13
"2019-03-08 16:56:00";14
"2019-03-08 16:56:05";14
"2019-03-08 17:06:00";14
"2019-03-08 17:06:05";14
"2019-03-08 17:16:00";14
"2019-03-08 17:16:05";14
"2019-03-08 17:26:00";13
"2019-03-08 17:26:05";13
"2019-03-08 17:36:00";13
"2019-03-08 17:36:05";13
"2019-03-08 17:46:00";13
"2019-03-08 17:46:06";13
"2019-03-08 17:56:00";15
"2019-03-08 17:56:05";15
"2019-03-08 18:06:00";15
"2019-03-08 18:06:05";15
"2019-03-08 18:16:00";15
"2019-03-08 18:16:06";15
"2019-03-08 18:26:00";14
"2019-03-08 18:26:05";14
"2019-03-08 18:36:00";14
"2019-03-08 18:36:06";14
"2019-03-08 18:46:00";14
"2019-03-08 18:46:05";14
"2019-03-08 18:56:00";14
"2019-03-08 18:56:05";14
"2019-03-08 19:06:00";14
"2019-03-08 19:06:05";14
"2019-03-08 19:16:00";14
"2019-03-08 19:16:05";14
"2019-03-08 19:26:00";12
"2019-03-08 19:26:06";12
"2019-03-08 19:36:00";12
"2019-03-08 19:36:05";12
"2019-03-08 19:46:00";12
"2019-03-08 19:46:06";12
"2019-03-08 19:56:00";13
"2019-03-08 19:56:05";13
"2019-03-08 20:06:00";13
"2019-03-08 20:06:05";13
"2019-03-08 20:16:00";13
"2019-03-08 20:16:06";13
"2019-03-08 20:26:00";13
"2019-03-08 20:26:05";12
"2019-03-08 20:36:00";13
"2019-03-08 20:36:05";12
"2019-03-08 20:46:00";13
"2019-03-08 20:46:05";12
"2019-03-08 20:56:00";14
"2019-03-08 20:56:05";13
"2019-03-08 21:06:00";13
"2019-03-08 21:06:06";13
"2019-03-08 21:16:00";14
"2019-03-08 21:26:00";15
"2019-03-08 21:36:00";15
"2019-03-08 21:46:00";15
"2019-03-08 21:56:00";14
"2019-03-08 22:56:00";14
"2019-03-08 23:16:00";14
"2019-03-08 23:16:05";14
"2019-03-08 23:26:00";13
"2019-03-08 23:26:05";13
"2019-03-08 23:36:00";13
"2019-03-08 23:36:06";13
"2019-03-08 23:46:00";13
"2019-03-08 23:46:07";13
"2019-03-08 23:56:00";13
"2019-03-08 23:56:07";13
"2019-03-09 00:06:00";13
"2019-03-09 00:06:06";13
"2019-03-09 00:16:00";13
"2019-03-09 00:16:06";13
"2019-03-09 00:26:00";11
"2019-03-09 00:26:06";11
"2019-03-09 00:36:00";11
"2019-03-09 00:36:05";11
"2019-03-09 00:46:00";11
"2019-03-09 00:46:06";11
"2019-03-09 00:56:00";12
"2019-03-09 00:56:06";12
"2019-03-09 01:06:00";12
"2019-03-09 01:06:05";12
"2019-03-09 01:16:00";12
"2019-03-09 01:16:05";12
"2019-03-09 01:26:00";11
"2019-03-09 01:26:05";11
"2019-03-09 01:36:00";11
"2019-03-09 01:36:05";11
"2019-03-09 01:46:00";11
"2019-03-09 01:46:05";11
"2019-03-09 01:56:00";13
"2019-03-09 01:56:05";13
"2019-03-09 02:06:00";13
"2019-03-09 02:06:05";13
"2019-03-09 02:16:00";13
"2019-03-09 02:16:05";13
"2019-03-09 02:26:00";12
"2019-03-09 02:26:05";12
"2019-03-09 02:36:00";12
"2019-03-09 02:36:05";12
"2019-03-09 02:46:00";12
"2019-03-09 02:46:05";12
"2019-03-09 02:56:00";12
"2019-03-09 02:56:05";12
"2019-03-09 03:06:00";12
"2019-03-09 03:06:04";12
"2019-03-09 03:16:00";12
"2019-03-09 03:16:05";12
"2019-03-09 03:26:00";13
"2019-03-09 03:26:05";13
"2019-03-09 03:36:00";13
"2019-03-09 03:36:05";13
"2019-03-09 03:46:00";13
"2019-03-09 03:46:05";13
"2019-03-09 03:56:00";12
"2019-03-09 03:56:05";12
"2019-03-09 04:06:00";12
"2019-03-09 04:06:05";12
"2019-03-09 04:16:00";12
"2019-03-09 04:16:05";12
"2019-03-09 04:26:00";10
"2019-03-09 04:26:05";10
"2019-03-09 04:36:00";10
"2019-03-09 04:36:06";10
"2019-03-09 04:46:00";10
"2019-03-09 04:46:05";10
"2019-03-09 04:56:00";12
"2019-03-09 04:56:05";12
"2019-03-09 05:06:00";12
"2019-03-09 05:06:05";12
"2019-03-09 05:16:00";12
"2019-03-09 05:16:05";12
"2019-03-09 05:26:00";13
"2019-03-09 05:26:05";13
"2019-03-09 05:36:00";13
"2019-03-09 05:36:05";13
"2019-03-09 05:46:00";13
"2019-03-09 05:46:05";13
"2019-03-09 05:56:00";12
"2019-03-09 05:56:05";12
"2019-03-09 06:06:00";12
"2019-03-09 06:06:05";12
"2019-03-09 06:16:00";12
"2019-03-09 06:16:05";12
"2019-03-09 06:26:00";12
"2019-03-09 06:26:05";12
"2019-03-09 06:36:00";12
"2019-03-09 06:36:05";12
"2019-03-09 06:46:00";12
"2019-03-09 06:46:05";12
"2019-03-09 06:56:00";11
"2019-03-09 06:56:05";11
"2019-03-09 07:06:00";11
"2019-03-09 07:06:05";11
"2019-03-09 07:16:00";11
"2019-03-09 07:16:05";11
"2019-03-09 07:26:00";12
"2019-03-09 07:26:05";12
"2019-03-09 07:36:00";12
"2019-03-09 07:36:05";12
"2019-03-09 07:46:00";12
"2019-03-09 07:46:05";12
"2019-03-09 07:56:00";14
"2019-03-09 07:56:05";14
"2019-03-09 08:06:00";14
"2019-03-09 08:06:05";14
"2019-03-09 08:16:00";14
"2019-03-09 08:16:05";14
"2019-03-09 08:26:00";13
"2019-03-09 08:26:05";13
"2019-03-09 08:36:00";13
"2019-03-09 08:36:05";13
"2019-03-09 08:46:00";13
"2019-03-09 08:46:06";13
"2019-03-09 08:56:00";12
"2019-03-09 08:56:05";12
"2019-03-09 09:06:00";12
"2019-03-09 09:06:05";12
"2019-03-09 09:16:00";13
"2019-03-09 09:16:05";13
"2019-03-09 09:26:00";13
"2019-03-09 09:26:05";13
"2019-03-09 09:36:00";13
"2019-03-09 09:36:05";13
"2019-03-09 09:46:00";13
"2019-03-09 09:46:05";13
"2019-03-09 09:56:00";13
"2019-03-09 09:56:05";13
"2019-03-09 10:06:00";13
"2019-03-09 10:06:05";13
"2019-03-09 10:16:00";13
"2019-03-09 10:16:05";13
"2019-03-09 10:26:00";12
"2019-03-09 10:26:05";12
"2019-03-09 10:36:00";12
"2019-03-09 10:36:05";12
"2019-03-09 10:46:00";12
"2019-03-09 10:46:05";12
"2019-03-09 10:56:00";11
"2019-03-09 10:56:05";11
"2019-03-09 11:06:00";11
"2019-03-09 11:06:05";11
"2019-03-09 11:16:00";11
"2019-03-09 11:16:05";11
"2019-03-09 11:26:00";9
"2019-03-09 11:26:05";9
"2019-03-09 11:36:00";9
"2019-03-09 11:36:05";9
"2019-03-09 11:46:00";9
"2019-03-09 11:46:05";9
"2019-03-09 11:56:00";10
"2019-03-09 11:56:05";10
"2019-03-09 12:06:00";10
"2019-03-09 12:06:06";10
"2019-03-09 12:16:00";10
"2019-03-09 12:16:05";10
"2019-03-09 12:26:00";10
"2019-03-09 12:26:04";10
"2019-03-09 12:36:00";10
"2019-03-09 12:36:05";10
"2019-03-09 12:46:00";10
"2019-03-09 12:46:05";10
"2019-03-09 12:56:00";10
"2019-03-09 12:56:05";10
"2019-03-09 13:06:00";10
"2019-03-09 13:06:05";10
"2019-03-09 13:16:00";10
"2019-03-09 13:16:05";10
"2019-03-09 13:26:00";11
"2019-03-09 13:26:05";11
"2019-03-09 13:36:00";11
"2019-03-09 13:36:05";11
"2019-03-09 13:46:00";11
"2019-03-09 13:46:05";11
"2019-03-09 13:56:00";11
"2019-03-09 13:56:05";11
"2019-03-09 14:06:00";11
"2019-03-09 14:06:05";11
"2019-03-09 14:16:00";11
"2019-03-09 14:16:05";11
"2019-03-09 14:26:00";10
"2019-03-09 14:26:05";10
"2019-03-09 14:36:00";10
"2019-03-09 14:36:05";10
"2019-03-09 14:46:00";10
"2019-03-09 14:46:06";10
"2019-03-09 14:56:00";11
"2019-03-09 14:56:05";11
"2019-03-09 15:06:00";11
"2019-03-09 15:06:05";11
"2019-03-09 15:16:00";11
"2019-03-09 15:16:05";11
"2019-03-09 15:26:00";12
"2019-03-09 15:26:05";12
"2019-03-09 15:36:00";12
"2019-03-09 15:36:05";12
"2019-03-09 15:46:00";12
"2019-03-09 15:46:05";12
"2019-03-09 15:56:00";13
"2019-03-09 15:56:05";13
"2019-03-09 16:06:00";13
"2019-03-09 16:06:05";13
"2019-03-09 16:16:00";13
"2019-03-09 16:16:05";13
"2019-03-09 16:26:00";13
"2019-03-09 16:26:05";13
"2019-03-09 16:36:00";13
"2019-03-09 16:36:05";13
"2019-03-09 16:46:00";13
"2019-03-09 16:46:06";13
"2019-03-09 16:56:00";12
"2019-03-09 16:56:05";12
"2019-03-09 17:06:00";12
"2019-03-09 17:06:05";12
"2019-03-09 17:16:00";12
"2019-03-09 17:16:05";12
"2019-03-09 17:26:00";11
"2019-03-09 17:26:06";11
"2019-03-09 17:36:00";11
"2019-03-09 17:36:05";11
"2019-03-09 17:46:00";11
"2019-03-09 17:46:05";11
"2019-03-09 17:56:00";11
"2019-03-09 17:56:05";11
"2019-03-09 18:06:00";11
"2019-03-09 18:06:05";11
"2019-03-09 18:16:00";11
"2019-03-09 18:16:05";11
"2019-03-09 18:26:00";11
"2019-03-09 18:26:05";11
"2019-03-09 18:36:00";11
"2019-03-09 18:36:05";11
"2019-03-09 18:46:00";11
"2019-03-09 18:46:06";11
"2019-03-09 18:56:00";12
"2019-03-09 18:56:05";12
"2019-03-09 19:06:00";12
"2019-03-09 19:06:05";12
"2019-03-09 19:16:00";12
"2019-03-09 19:16:06";12
"2019-03-09 19:26:00";11
"2019-03-09 19:26:05";11
"2019-03-09 19:36:00";11
"2019-03-09 19:36:05";11
"2019-03-09 19:46:00";11
"2019-03-09 19:46:06";11
"2019-03-09 19:56:00";13
"2019-03-09 19:56:05";13
"2019-03-09 20:06:00";13
"2019-03-09 20:06:05";13
"2019-03-09 20:16:05";13
"2019-03-09 20:26:05";12
"2019-03-09 20:36:06";12
"2019-03-10 10:56:00";11
"2019-03-10 10:56:05";11
"2019-03-10 11:06:00";11
"2019-03-10 11:06:05";11
"2019-03-10 11:16:00";11
"2019-03-10 11:16:05";11
"2019-03-10 11:26:00";11
"2019-03-10 11:26:05";11
"2019-03-10 11:36:00";11
"2019-03-10 11:36:06";11
"2019-03-10 11:46:00";11
"2019-03-10 11:46:06";11
"2019-03-10 11:56:00";11
"2019-03-10 11:56:05";11
"2019-03-10 12:06:00";11
"2019-03-10 12:06:05";11
"2019-03-10 12:16:00";11
"2019-03-10 12:16:05";11
"2019-03-10 12:26:00";12
"2019-03-10 12:26:05";12
"2019-03-10 12:36:00";12
"2019-03-10 12:36:05";12
"2019-03-10 12:46:00";11
"2019-03-10 12:46:06";11
"2019-03-10 12:56:00";11
"2019-03-10 12:56:05";11
"2019-03-10 13:06:00";11
"2019-03-10 13:06:05";11
"2019-03-10 13:16:00";11
"2019-03-10 13:16:06";11
"2019-03-10 13:26:00";11
"2019-03-10 13:26:05";11
"2019-03-10 13:36:00";11
"2019-03-10 13:36:05";11
"2019-03-10 13:46:00";11
"2019-03-10 13:46:06";11
"2019-03-10 13:56:00";12
"2019-03-10 13:56:05";12
"2019-03-10 14:06:00";12
"2019-03-10 14:06:05";12
"2019-03-10 14:16:00";12
"2019-03-10 14:16:06";12
"2019-03-10 14:26:00";11
"2019-03-10 14:26:06";11
"2019-03-10 14:36:00";11
"2019-03-10 14:36:06";11
"2019-03-10 14:46:00";11
"2019-03-10 14:46:06";11
"2019-03-10 14:56:00";12
"2019-03-10 14:56:05";12
"2019-03-10 15:06:00";12
"2019-03-10 15:06:05";12
"2019-03-10 15:16:00";12
"2019-03-10 15:16:05";12
"2019-03-10 15:26:00";12
"2019-03-10 15:26:05";12
"2019-03-10 15:36:00";12
"2019-03-10 15:36:05";12
"2019-03-10 15:46:00";12
"2019-03-10 15:46:06";12
"2019-03-10 15:56:00";14
"2019-03-10 15:56:05";14
"2019-03-10 16:06:00";14
"2019-03-10 16:06:05";14
"2019-03-10 16:16:00";14
"2019-03-10 16:16:05";14
"2019-03-10 16:26:00";13
"2019-03-10 16:26:05";13
"2019-03-10 16:36:00";13
"2019-03-10 16:36:06";13
"2019-03-10 16:46:00";13
"2019-03-10 16:46:05";13
"2019-03-10 16:56:00";13
"2019-03-10 16:56:05";13
"2019-03-10 17:06:00";13
"2019-03-10 17:06:05";13
"2019-03-10 17:16:00";13
"2019-03-10 17:16:05";13
"2019-03-10 17:26:00";13
"2019-03-10 17:26:05";13
"2019-03-10 17:36:00";13
"2019-03-10 17:36:05";13
"2019-03-10 17:46:00";13
"2019-03-10 17:46:05";13
"2019-03-10 17:56:00";12
"2019-03-10 17:56:05";12
"2019-03-10 18:06:00";12
"2019-03-10 18:06:05";12
"2019-03-10 18:16:00";12
"2019-03-10 18:16:06";12
"2019-03-10 18:26:00";13
"2019-03-10 18:26:05";13
"2019-03-10 18:36:00";13
"2019-03-10 18:36:05";13
"2019-03-10 18:46:00";13
"2019-03-10 18:46:06";13
"2019-03-10 18:56:00";11
"2019-03-10 18:56:06";11
"2019-03-10 19:06:00";11
"2019-03-10 19:06:05";11
"2019-03-10 19:16:00";11
"2019-03-10 19:16:06";11
"2019-03-10 19:26:00";12
"2019-03-10 19:26:05";12
"2019-03-10 19:36:00";12
"2019-03-10 19:36:05";12
"2019-03-10 19:46:00";12
"2019-03-10 19:46:06";12
"2019-03-10 19:56:00";12
"2019-03-10 19:56:05";12
"2019-03-10 20:06:00";13
"2019-03-10 20:06:06";13
"2019-03-10 20:16:00";13
"2019-03-10 20:16:05";13
"2019-03-10 20:26:00";13
"2019-03-10 20:26:05";13
"2019-03-10 20:36:00";13
"2019-03-10 20:36:06";13
"2019-03-10 20:46:00";13
"2019-03-10 20:46:06";13
"2019-03-10 20:56:00";13
"2019-03-10 20:56:06";13
"2019-03-10 21:06:00";13
"2019-03-10 21:06:05";13
"2019-03-10 21:16:00";13
"2019-03-10 21:16:05";13
"2019-03-10 21:26:00";15
"2019-03-10 21:26:05";15
"2019-03-10 21:36:00";15
"2019-03-10 21:36:05";15
"2019-03-10 21:46:00";15
"2019-03-10 21:46:06";15
"2019-03-10 21:56:00";15
"2019-03-10 21:56:05";15
"2019-03-10 22:06:00";15
"2019-03-10 22:06:06";15
"2019-03-10 22:16:00";15
"2019-03-10 22:16:07";15
"2019-03-10 22:26:00";14
"2019-03-10 22:26:06";14
"2019-03-10 22:36:00";14
"2019-03-10 22:36:06";14
"2019-03-10 22:46:00";14
"2019-03-10 22:46:05";14
"2019-03-10 22:56:00";15
"2019-03-10 22:56:05";15
"2019-03-10 23:06:00";15
"2019-03-10 23:06:05";15
"2019-03-10 23:16:00";14
"2019-03-10 23:16:05";14
"2019-03-10 23:26:00";14
"2019-03-10 23:26:05";14
"2019-03-10 23:36:00";14
"2019-03-10 23:36:07";14
"2019-03-10 23:46:00";14
"2019-03-10 23:46:06";14
"2019-03-10 23:56:00";13
"2019-03-10 23:56:06";13
"2019-03-11 00:06:00";13
"2019-03-11 00:06:06";13
"2019-03-11 00:16:00";13
"2019-03-11 00:16:06";13
"2019-03-11 00:26:00";13
"2019-03-11 00:26:06";13
"2019-03-11 00:36:00";13
"2019-03-11 00:36:07";13
"2019-03-11 00:46:00";13
"2019-03-11 00:46:06";13
"2019-03-11 00:56:00";14
"2019-03-11 00:56:05";14
"2019-03-11 01:06:00";14
"2019-03-11 01:06:05";14
"2019-03-11 01:16:00";14
"2019-03-11 01:16:06";14
"2019-03-11 01:26:00";13
"2019-03-11 01:26:06";13
"2019-03-11 01:36:00";13
"2019-03-11 01:36:06";13
"2019-03-11 01:46:00";13
"2019-03-11 01:46:06";13
"2019-03-11 01:56:00";12
"2019-03-11 01:56:05";12
"2019-03-11 02:06:00";12
"2019-03-11 02:06:05";12
"2019-03-11 02:16:00";12
"2019-03-11 02:16:05";12
"2019-03-11 02:26:00";14
"2019-03-11 02:26:05";14
"2019-03-11 02:36:00";14
"2019-03-11 02:36:05";14
"2019-03-11 02:46:00";14
"2019-03-11 02:46:06";14
"2019-03-11 02:56:00";14
"2019-03-11 02:56:05";14
"2019-03-11 03:06:00";14
"2019-03-11 03:06:05";14
"2019-03-11 03:16:00";14
"2019-03-11 03:16:04";14
"2019-03-11 03:26:00";13
"2019-03-11 03:26:05";13
"2019-03-11 03:36:00";13
"2019-03-11 03:36:06";13
"2019-03-11 03:46:00";13
"2019-03-11 03:46:05";13
"2019-03-11 03:56:00";13
"2019-03-11 03:56:05";13
"2019-03-11 04:06:00";13
"2019-03-11 04:06:06";13
"2019-03-11 04:16:00";13
"2019-03-11 04:16:05";13
"2019-03-11 04:26:00";12
"2019-03-11 04:26:05";12
"2019-03-11 04:36:00";12
"2019-03-11 04:36:06";12
"2019-03-11 04:46:00";12
"2019-03-11 04:46:06";12
"2019-03-11 04:56:00";12
"2019-03-11 04:56:06";12
"2019-03-11 05:06:00";12
"2019-03-11 05:06:05";12
"2019-03-11 05:16:00";12
"2019-03-11 05:16:05";12
"2019-03-11 05:26:00";12
"2019-03-11 05:26:05";12
"2019-03-11 05:36:00";12
"2019-03-11 05:36:04";12
"2019-03-11 05:46:00";12
"2019-03-11 05:46:05";12
"2019-03-11 05:56:00";14
"2019-03-11 05:56:05";14
"2019-03-11 06:06:00";14
"2019-03-11 06:06:05";14
"2019-03-11 06:16:00";14
"2019-03-11 06:16:06";14
"2019-03-11 06:26:00";13
"2019-03-11 06:26:06";13
"2019-03-11 06:36:00";13
"2019-03-11 06:36:05";13
"2019-03-11 06:46:00";13
"2019-03-11 06:46:05";13
"2019-03-11 06:56:00";13
"2019-03-11 06:56:05";13
"2019-03-11 07:06:00";13
"2019-03-11 07:06:05";13
"2019-03-11 07:16:00";13
"2019-03-11 07:16:05";13
"2019-03-11 07:26:00";14
"2019-03-11 07:26:05";14
"2019-03-11 07:36:00";14
"2019-03-11 07:36:05";14
"2019-03-11 07:46:00";14
"2019-03-11 07:46:05";14
"2019-03-11 07:56:00";12
"2019-03-11 07:56:05";12
"2019-03-11 08:06:00";12
"2019-03-11 08:06:05";12
"2019-03-11 08:16:00";12
"2019-03-11 08:16:05";12
"2019-03-11 08:26:00";13
"2019-03-11 08:26:05";13
"2019-03-11 08:36:00";13
"2019-03-11 08:36:05";13
"2019-03-11 08:46:00";13
"2019-03-11 08:46:05";13
"2019-03-11 08:56:00";14
"2019-03-11 08:56:05";14
"2019-03-11 09:06:00";14
"2019-03-11 09:06:05";14
"2019-03-11 09:16:00";14
"2019-03-11 09:16:05";14
"2019-03-11 09:26:00";15
"2019-03-11 09:26:05";15
"2019-03-11 09:36:00";15
"2019-03-11 09:36:05";15
"2019-03-11 09:46:00";15
"2019-03-11 09:46:05";15
"2019-03-11 09:56:00";14
"2019-03-11 09:56:05";14
"2019-03-11 10:06:00";14
"2019-03-11 10:06:06";14
"2019-03-11 10:16:00";14
"2019-03-11 10:16:05";14
"2019-03-11 10:26:00";14
"2019-03-11 10:26:05";14
"2019-03-11 10:36:00";14
"2019-03-11 10:36:05";14
"2019-03-11 10:46:00";14
"2019-03-11 10:46:05";14
"2019-03-11 10:56:00";11
"2019-03-11 10:56:06";11
"2019-03-11 11:06:00";11
"2019-03-11 11:06:05";11
"2019-03-11 11:16:00";11
"2019-03-11 11:16:06";11
"2019-03-11 11:26:00";10
"2019-03-11 11:26:05";10
"2019-03-11 11:36:00";10
"2019-03-11 11:36:05";10
"2019-03-11 11:46:00";11
"2019-03-11 11:46:05";11
"2019-03-11 11:56:00";11
"2019-03-11 11:56:05";11
"2019-03-11 12:06:00";11
"2019-03-11 12:06:05";11
"2019-03-11 12:16:00";11
"2019-03-11 12:16:06";11
"2019-03-11 12:26:00";10
"2019-03-11 12:26:05";10
"2019-03-11 12:36:00";10
"2019-03-11 12:36:05";10
"2019-03-11 12:46:00";10
"2019-03-11 12:46:05";10
"2019-03-11 12:56:00";10
"2019-03-11 12:56:05";10
"2019-03-11 13:06:00";10
"2019-03-11 13:06:05";10
"2019-03-11 13:16:00";10
"2019-03-11 13:16:05";10
"2019-03-11 13:26:00";10
"2019-03-11 13:26:05";10
"2019-03-11 13:36:00";10
"2019-03-11 13:36:05";10
"2019-03-11 13:46:00";10
"2019-03-11 13:46:05";10
"2019-03-11 13:56:00";11
"2019-03-11 13:56:05";11
"2019-03-11 14:06:00";11
"2019-03-11 14:06:05";11
"2019-03-11 14:16:00";11
"2019-03-11 14:16:05";11
"2019-03-11 14:26:00";11
"2019-03-11 14:26:05";11
"2019-03-11 14:36:00";11
"2019-03-11 14:36:05";11
"2019-03-11 14:46:00";11
"2019-03-11 14:46:05";11
"2019-03-11 14:56:00";11
"2019-03-11 14:56:05";11
"2019-03-11 15:06:00";11
"2019-03-11 15:06:06";11
"2019-03-11 15:16:00";11
"2019-03-11 15:16:05";11
"2019-03-11 15:26:00";10
"2019-03-11 15:26:05";10
"2019-03-11 15:36:00";10
"2019-03-11 15:36:05";10
"2019-03-11 15:46:00";10
"2019-03-11 15:46:05";10
"2019-03-11 15:56:00";12
"2019-03-11 15:56:05";12
"2019-03-11 16:06:00";12
"2019-03-11 16:06:05";12
"2019-03-11 16:16:00";12
"2019-03-11 16:16:05";12
"2019-03-11 16:26:00";13
"2019-03-11 16:26:05";13
"2019-03-11 16:36:00";13
"2019-03-11 16:36:05";13
"2019-03-11 16:46:00";13
"2019-03-11 16:46:07";13
"2019-03-11 16:56:00";11
"2019-03-11 16:56:06";11
"2019-03-11 17:06:00";11
"2019-03-11 17:06:06";11
"2019-03-11 17:16:00";11
"2019-03-11 17:16:05";11
"2019-03-11 17:26:00";12
"2019-03-11 17:26:05";12
"2019-03-11 17:36:00";12
"2019-03-11 17:36:05";12
"2019-03-11 17:46:00";12
"2019-03-11 17:46:05";12
"2019-03-11 17:56:00";12
"2019-03-11 17:56:05";12
"2019-03-11 18:06:00";12
"2019-03-11 18:06:06";12
"2019-03-11 18:16:00";11
"2019-03-11 18:16:06";11
"2019-03-11 18:26:00";13
"2019-03-11 18:26:05";13
"2019-03-11 18:36:00";13
"2019-03-11 18:36:05";13
"2019-03-11 18:46:00";13
"2019-03-11 18:46:05";13
"2019-03-11 18:56:00";12
"2019-03-11 18:56:07";12
"2019-03-11 19:06:00";12
"2019-03-11 19:06:05";12
"2019-03-11 19:16:00";12
"2019-03-11 19:16:06";12
"2019-03-11 19:26:00";10
"2019-03-11 19:26:05";10
"2019-03-11 19:36:00";10
"2019-03-11 19:36:05";10
"2019-03-11 19:46:00";10
"2019-03-11 19:46:05";10
"2019-03-11 19:56:00";12
"2019-03-11 19:56:05";12
"2019-03-11 20:06:00";12
"2019-03-11 20:06:07";12
"2019-03-11 20:16:00";12
"2019-03-11 20:16:05";12
"2019-03-11 20:26:00";11
"2019-03-11 20:26:05";11
"2019-03-11 20:36:00";11
"2019-03-11 20:36:05";11
"2019-03-11 20:46:00";11
"2019-03-11 20:46:06";11
"2019-03-11 20:56:00";12
"2019-03-11 20:56:05";12
"2019-03-11 21:06:00";12
"2019-03-11 21:06:05";12
"2019-03-11 21:16:00";12
"2019-03-11 21:16:05";12
"2019-03-11 21:26:00";12
"2019-03-11 21:26:06";12
"2019-03-11 21:36:00";12
"2019-03-11 21:36:05";12
"2019-03-11 21:46:00";12
"2019-03-11 21:46:05";12
"2019-03-11 21:56:00";10
"2019-03-11 21:56:05";10
"2019-03-11 22:06:00";10
"2019-03-11 22:06:06";10
"2019-03-11 22:16:00";10
"2019-03-11 22:16:06";10
"2019-03-11 22:26:00";11
"2019-03-11 22:26:06";11
"2019-03-11 22:36:00";11
"2019-03-11 22:36:06";11
"2019-03-11 22:46:00";10
"2019-03-11 22:46:06";10
"2019-03-11 22:56:00";10
"2019-03-11 22:56:05";10
"2019-03-11 23:06:00";10
"2019-03-11 23:06:06";10
"2019-03-11 23:16:00";10
"2019-03-11 23:16:05";10
"2019-03-11 23:26:00";11
"2019-03-11 23:26:06";11
"2019-03-11 23:36:00";11
"2019-03-11 23:36:06";11
"2019-03-11 23:46:00";11
"2019-03-11 23:46:06";11
"2019-03-11 23:56:00";10
"2019-03-11 23:56:06";10
"2019-03-12 00:06:00";10
"2019-03-12 00:06:06";10
"2019-03-12 00:16:00";10
"2019-03-12 00:16:06";10
"2019-03-12 00:26:00";10
"2019-03-12 00:26:07";10
"2019-03-12 00:36:00";10
"2019-03-12 00:36:05";10
"2019-03-12 00:46:00";10
"2019-03-12 00:46:06";10
"2019-03-12 00:56:00";9
"2019-03-12 00:56:06";9
"2019-03-12 01:06:00";9
"2019-03-12 01:06:05";9
"2019-03-12 01:16:00";9
"2019-03-12 01:16:05";9
"2019-03-12 01:26:00";9
"2019-03-12 01:26:05";9
"2019-03-12 01:36:00";9
"2019-03-12 01:36:05";9
"2019-03-12 01:46:00";9
"2019-03-12 01:46:05";9
"2019-03-12 01:56:00";11
"2019-03-12 01:56:05";11
"2019-03-12 02:06:00";11
"2019-03-12 02:06:05";11
"2019-03-12 02:16:00";11
"2019-03-12 02:16:05";11
"2019-03-12 02:26:00";10
"2019-03-12 02:26:05";10
"2019-03-12 02:36:00";10
"2019-03-12 02:36:05";10
"2019-03-12 02:46:00";10
"2019-03-12 02:46:05";10
"2019-03-12 02:56:00";9
"2019-03-12 02:56:05";9
"2019-03-12 03:06:00";9
"2019-03-12 03:06:05";9
"2019-03-12 03:16:00";9
"2019-03-12 03:16:05";9
"2019-03-12 03:26:00";10
"2019-03-12 03:26:05";10
"2019-03-12 03:36:00";10
"2019-03-12 03:36:05";10
"2019-03-12 03:46:00";10
"2019-03-12 03:46:05";10
"2019-03-12 03:56:00";11
"2019-03-12 03:56:05";11
"2019-03-12 04:06:00";11
"2019-03-12 04:06:05";11
"2019-03-12 04:16:00";11
"2019-03-12 04:16:06";11
"2019-03-12 04:26:00";10
"2019-03-12 04:26:05";10
"2019-03-12 04:36:00";10
"2019-03-12 04:36:05";10
"2019-03-12 04:46:00";10
"2019-03-12 04:46:05";10
"2019-03-12 04:56:00";11
"2019-03-12 04:56:05";11
"2019-03-12 05:06:00";11
"2019-03-12 05:06:05";11
"2019-03-12 05:16:00";11
"2019-03-12 05:16:05";11
"2019-03-12 05:26:00";10
"2019-03-12 05:26:05";10
"2019-03-12 05:36:00";10
"2019-03-12 05:36:05";10
"2019-03-12 05:46:00";10
"2019-03-12 05:46:05";10
"2019-03-12 05:56:00";10
"2019-03-12 05:56:05";10
"2019-03-12 06:06:00";10
"2019-03-12 06:06:05";10
"2019-03-12 06:16:00";10
"2019-03-12 06:16:05";10
"2019-03-12 06:26:00";12
"2019-03-12 06:26:05";12
"2019-03-12 06:36:00";12
"2019-03-12 06:36:05";12
"2019-03-12 06:46:00";12
"2019-03-12 06:46:05";12
"2019-03-12 06:56:00";9
"2019-03-12 06:56:05";9
"2019-03-12 07:06:00";9
"2019-03-12 07:06:05";9
"2019-03-12 07:16:00";9
"2019-03-12 07:16:05";9
"2019-03-12 07:26:00";9
"2019-03-12 07:26:05";9
"2019-03-12 07:36:00";9
"2019-03-12 07:36:05";9
"2019-03-12 07:46:00";9
"2019-03-12 07:46:06";9
"2019-03-12 07:56:00";10
"2019-03-12 07:56:05";10
"2019-03-12 08:06:00";10
"2019-03-12 08:06:05";10
"2019-03-12 08:16:00";10
"2019-03-12 08:16:05";10
"2019-03-12 08:26:00";9
"2019-03-12 08:26:06";9
"2019-03-12 08:36:00";9
"2019-03-12 08:36:05";9
"2019-03-12 08:46:00";9
"2019-03-12 08:46:05";9
"2019-03-12 08:56:00";9
"2019-03-12 08:56:06";9
"2019-03-12 09:06:00";9
"2019-03-12 09:06:05";9
"2019-03-12 09:16:00";9
"2019-03-12 09:16:05";9
"2019-03-12 09:26:00";11
"2019-03-12 09:26:05";11
"2019-03-12 09:36:00";11
"2019-03-12 09:36:05";11
"2019-03-12 09:46:00";11
"2019-03-12 09:46:06";11
"2019-03-12 09:56:00";10
"2019-03-12 09:56:05";10
"2019-03-12 10:06:00";10
"2019-03-12 10:06:05";10
"2019-03-12 10:16:00";10
"2019-03-12 10:16:05";10
"2019-03-12 10:26:00";8
"2019-03-12 10:26:05";8
"2019-03-12 10:36:00";8
"2019-03-12 10:36:04";8
"2019-03-12 10:46:00";8
"2019-03-12 10:46:05";8
"2019-03-12 10:56:00";6
"2019-03-12 10:56:05";6
"2019-03-12 11:06:00";6
"2019-03-12 11:06:05";6
"2019-03-12 11:16:00";6
"2019-03-12 11:16:06";6
"2019-03-12 11:26:00";4
"2019-03-12 11:26:05";4
"2019-03-12 11:36:00";4
"2019-03-12 11:36:05";4
"2019-03-12 11:46:00";4
"2019-03-12 11:46:05";4
"2019-03-12 11:56:00";7
"2019-03-12 11:56:06";7
"2019-03-12 12:06:00";7
"2019-03-12 12:06:06";7
"2019-03-12 12:16:00";7
"2019-03-12 12:16:05";7
"2019-03-12 12:26:00";7
"2019-03-12 12:26:05";7
"2019-03-12 12:36:00";7
"2019-03-12 12:36:05";7
"2019-03-12 12:46:00";7
"2019-03-12 12:46:06";7
"2019-03-12 12:56:00";7
"2019-03-12 12:56:05";7
"2019-03-12 13:06:00";7
"2019-03-12 13:06:05";7
"2019-03-12 13:16:00";7
"2019-03-12 13:16:05";7
"2019-03-12 13:26:00";7
"2019-03-12 13:26:05";7
"2019-03-12 13:36:00";7
"2019-03-12 13:36:05";7
"2019-03-12 13:46:00";7
"2019-03-12 13:46:05";7
"2019-03-12 13:56:00";6
"2019-03-12 13:56:05";6
"2019-03-12 14:06:00";6
"2019-03-12 14:06:07";6
"2019-03-12 14:16:00";6
"2019-03-12 14:16:05";6
"2019-03-12 14:26:00";6
"2019-03-12 14:26:06";6
"2019-03-12 14:36:00";6
"2019-03-12 14:36:07";6
"2019-03-12 14:46:00";6
"2019-03-12 14:46:05";6
"2019-03-12 14:56:00";7
"2019-03-12 14:56:07";7
"2019-03-12 15:06:00";7
"2019-03-12 15:06:05";7
"2019-03-12 15:16:00";7
"2019-03-12 15:16:05";7
"2019-03-12 15:26:00";8
"2019-03-12 15:26:05";8
"2019-03-12 15:36:00";8
"2019-03-12 15:36:06";8
"2019-03-12 16:06:00";9
"2019-03-12 16:06:06";9
"2019-03-12 16:16:00";9
"2019-03-12 16:16:05";9
"2019-03-12 16:26:00";10
"2019-03-12 16:26:05";10
"2019-03-12 16:36:00";10
"2019-03-12 16:36:05";10
"2019-03-12 16:46:00";10
"2019-03-12 16:46:05";10
"2019-03-12 16:56:00";10
"2019-03-12 16:56:05";10
"2019-03-12 17:06:00";10
"2019-03-12 17:06:05";10
"2019-03-12 17:16:00";10
"2019-03-12 17:16:06";10
"2019-03-12 17:26:00";9
"2019-03-12 17:26:05";9
"2019-03-12 17:36:00";9
"2019-03-12 17:36:06";9
"2019-03-12 17:46:00";9
"2019-03-12 17:46:06";9
"2019-03-12 17:56:00";10
"2019-03-12 17:56:05";10
"2019-03-12 18:06:00";10
"2019-03-12 18:06:06";10
"2019-03-12 18:16:00";10
"2019-03-12 18:16:05";10
"2019-03-12 18:26:00";9
"2019-03-12 18:26:06";9
"2019-03-12 18:36:00";9
"2019-03-12 18:36:05";9
"2019-03-12 18:46:00";9
"2019-03-12 18:46:05";9
"2019-03-12 18:56:00";10
"2019-03-12 18:56:05";10
"2019-03-12 19:06:00";10
"2019-03-12 19:06:05";10
"2019-03-12 19:16:00";10
"2019-03-12 19:16:05";10
"2019-03-12 19:26:00";10
"2019-03-12 19:26:05";10
"2019-03-12 19:36:00";10
"2019-03-12 19:36:05";10
"2019-03-12 19:46:00";10
"2019-03-12 19:46:05";10
"2019-03-12 19:56:00";11
"2019-03-12 19:56:05";11
"2019-03-12 20:06:00";11
"2019-03-12 20:06:06";11
"2019-03-12 20:16:00";11
"2019-03-12 20:16:05";11
"2019-03-12 20:26:00";11
"2019-03-12 20:26:06";11
"2019-03-12 20:36:00";11
"2019-03-12 20:36:05";11
"2019-03-12 20:46:00";11
"2019-03-12 20:46:05";11
"2019-03-12 20:56:00";12
"2019-03-12 20:56:06";12
"2019-03-12 21:06:00";12
"2019-03-12 21:06:06";12
"2019-03-12 21:16:00";12
"2019-03-12 21:16:05";12
"2019-03-12 21:26:00";12
"2019-03-12 21:26:05";12
"2019-03-12 21:36:00";12
"2019-03-12 21:36:05";12
"2019-03-12 21:46:00";12
"2019-03-12 21:46:05";12
"2019-03-12 21:56:00";12
"2019-03-12 21:56:05";12
"2019-03-12 22:06:00";12
"2019-03-12 22:06:07";12
"2019-03-12 22:16:00";12
"2019-03-12 22:16:06";12
"2019-03-12 22:26:00";11
"2019-03-12 22:26:08";11
"2019-03-12 22:36:00";11
"2019-03-12 22:36:06";11
"2019-03-12 22:46:00";11
"2019-03-12 22:46:07";11
"2019-03-12 22:56:00";11
"2019-03-12 22:56:06";11
"2019-03-12 23:06:00";11
"2019-03-12 23:06:05";11
"2019-03-12 23:16:00";11
"2019-03-12 23:16:05";11
"2019-03-12 23:26:00";11
"2019-03-12 23:26:05";11
"2019-03-12 23:36:00";11
"2019-03-12 23:36:06";11
"2019-03-12 23:46:00";11
"2019-03-12 23:46:06";11
"2019-03-12 23:56:00";10
"2019-03-12 23:56:06";10
"2019-03-13 00:06:00";10
"2019-03-13 00:06:05";10
"2019-03-13 00:16:00";10
"2019-03-13 00:16:06";10
"2019-03-13 00:26:00";10
"2019-03-13 00:26:05";10
"2019-03-13 00:36:00";10
"2019-03-13 00:36:06";10
"2019-03-13 00:46:00";10
"2019-03-13 00:46:08";10
"2019-03-13 00:56:00";10
"2019-03-13 00:56:06";10
"2019-03-13 01:06:00";10
"2019-03-13 01:06:05";10
"2019-03-13 01:16:00";10
"2019-03-13 01:16:05";10
"2019-03-13 01:26:00";10
"2019-03-13 01:26:06";10
"2019-03-13 01:36:00";10
"2019-03-13 01:36:05";10
"2019-03-13 01:46:00";10
"2019-03-13 01:46:05";10
"2019-03-13 01:56:00";9
"2019-03-13 01:56:05";9
"2019-03-13 02:06:00";9
"2019-03-13 02:06:05";9
"2019-03-13 02:16:00";9
"2019-03-13 02:16:05";9
"2019-03-13 02:26:00";9
"2019-03-13 02:26:04";9
"2019-03-13 02:36:00";9
"2019-03-13 02:36:04";9
"2019-03-13 02:46:00";9
"2019-03-13 02:46:06";9
"2019-03-13 02:56:00";10
"2019-03-13 02:56:06";10
"2019-03-13 03:06:00";10
"2019-03-13 03:06:05";10
"2019-03-13 03:16:00";10
"2019-03-13 03:16:05";10
"2019-03-13 03:26:00";10
"2019-03-13 03:26:05";10
"2019-03-13 03:36:00";10
"2019-03-13 03:36:05";10
"2019-03-13 03:46:00";10
"2019-03-13 03:46:06";10
"2019-03-13 03:56:00";10
"2019-03-13 03:56:06";10
"2019-03-13 04:06:00";10
"2019-03-13 04:06:06";10
"2019-03-13 04:16:00";10
"2019-03-13 04:16:06";10
"2019-03-13 04:26:00";10
"2019-03-13 04:26:05";10
"2019-03-13 04:36:00";10
"2019-03-13 04:36:05";10
"2019-03-13 04:46:00";10
"2019-03-13 04:46:06";10
"2019-03-13 04:56:00";9
"2019-03-13 04:56:05";9
"2019-03-13 05:06:00";9
"2019-03-13 05:06:05";9
"2019-03-13 05:16:00";9
"2019-03-13 05:16:05";9
"2019-03-13 05:26:00";9
"2019-03-13 05:26:05";9
"2019-03-13 05:36:00";9
"2019-03-13 05:36:05";9
"2019-03-13 05:46:00";9
"2019-03-13 05:46:05";9
"2019-03-13 05:56:00";11
"2019-03-13 05:56:05";11
"2019-03-13 06:06:00";11
"2019-03-13 06:06:05";11
"2019-03-13 06:16:00";11
"2019-03-13 06:16:05";11
"2019-03-13 06:26:00";10
"2019-03-13 06:26:05";10
"2019-03-13 06:36:00";10
"2019-03-13 06:36:05";10
"2019-03-13 06:46:00";10
"2019-03-13 06:46:05";10
"2019-03-13 06:56:00";10
"2019-03-13 06:56:05";10
"2019-03-13 07:06:00";10
"2019-03-13 07:06:05";10
"2019-03-13 07:16:00";10
"2019-03-13 07:16:06";10
"2019-03-13 07:26:00";11
"2019-03-13 07:26:05";11
"2019-03-13 07:36:00";11
"2019-03-13 07:36:05";11
"2019-03-13 07:46:00";11
"2019-03-13 07:46:05";11
"2019-03-13 07:56:00";9
"2019-03-13 07:56:05";9
"2019-03-13 08:06:00";9
"2019-03-13 08:06:05";9
"2019-03-13 08:16:00";9
"2019-03-13 08:16:04";9
"2019-03-13 08:26:00";11
"2019-03-13 08:26:05";11
"2019-03-13 08:36:00";11
"2019-03-13 08:36:04";11
"2019-03-13 08:46:00";11
"2019-03-13 08:46:05";11
"2019-03-13 08:56:00";10
"2019-03-13 08:56:05";10
"2019-03-13 09:06:00";10
"2019-03-13 09:06:05";10
"2019-03-13 09:16:00";10
"2019-03-13 09:16:05";10
"2019-03-13 09:26:00";11
"2019-03-13 09:26:05";11
"2019-03-13 09:36:00";11
"2019-03-13 09:36:05";11
"2019-03-13 09:46:00";11
"2019-03-13 09:46:05";11
"2019-03-13 09:56:00";12
"2019-03-13 09:56:05";12
"2019-03-13 10:06:00";12
"2019-03-13 10:06:05";12
"2019-03-13 10:16:00";12
"2019-03-13 10:16:05";12
"2019-03-13 10:26:00";8
"2019-03-13 10:26:06";8
"2019-03-13 10:36:00";8
"2019-03-13 10:36:05";8
"2019-03-13 10:46:00";8
"2019-03-13 10:46:05";8
"2019-03-13 10:56:00";10
"2019-03-13 10:56:05";10
"2019-03-13 11:06:00";10
"2019-03-13 11:06:06";10
"2019-03-13 11:16:00";10
"2019-03-13 11:16:06";10
"2019-03-13 11:26:00";7
"2019-03-13 11:26:05";7
"2019-03-13 11:36:00";7
"2019-03-13 11:36:05";7
"2019-03-13 11:46:00";7
"2019-03-13 11:46:06";7
"2019-03-13 11:56:00";9
"2019-03-13 11:56:05";9
"2019-03-13 12:06:00";9
"2019-03-13 12:06:05";9
"2019-03-13 12:16:00";9
"2019-03-13 12:16:05";9
"2019-03-13 12:26:00";7
"2019-03-13 12:26:05";7
"2019-03-13 12:36:00";7
"2019-03-13 12:36:05";7
"2019-03-13 12:46:00";7
"2019-03-13 12:46:05";7
"2019-03-13 12:56:00";6
"2019-03-13 12:56:05";6
"2019-03-13 13:06:00";6
"2019-03-13 13:06:05";6
"2019-03-13 13:16:00";6
"2019-03-13 13:16:05";6
"2019-03-13 13:26:00";7
"2019-03-13 13:26:05";7
"2019-03-13 13:36:00";7
"2019-03-13 13:36:05";7
"2019-03-13 13:46:00";7
"2019-03-13 13:46:06";7
"2019-03-13 13:56:00";7
"2019-03-13 13:56:05";7
"2019-03-13 14:06:00";7
"2019-03-13 14:06:05";7
"2019-03-13 14:16:00";7
"2019-03-13 14:16:05";7
"2019-03-13 14:26:00";8
"2019-03-13 14:26:05";8
"2019-03-13 14:36:00";8
"2019-03-13 14:36:05";8
"2019-03-13 14:46:00";8
"2019-03-13 14:46:05";8
"2019-03-13 14:56:00";7
"2019-03-13 14:56:05";7
"2019-03-13 15:06:00";7
"2019-03-13 15:06:05";7
"2019-03-13 15:16:00";7
"2019-03-13 15:16:06";7
"2019-03-13 15:26:00";8
"2019-03-13 15:26:05";8
"2019-03-13 15:36:00";8
"2019-03-13 15:36:05";8
"2019-03-13 15:46:00";8
"2019-03-13 15:46:05";8
"2019-03-13 15:56:00";8
"2019-03-13 15:56:05";8
"2019-03-13 16:06:00";8
"2019-03-13 16:06:05";8
"2019-03-13 16:16:00";8
"2019-03-13 16:16:05";8
"2019-03-13 16:26:00";8
"2019-03-13 16:26:05";8
"2019-03-13 16:36:00";8
"2019-03-13 16:36:06";8
"2019-03-13 16:46:00";8
"2019-03-13 16:46:05";8
"2019-03-13 16:56:00";10
"2019-03-13 16:56:05";10
"2019-03-13 17:06:00";10
"2019-03-13 17:06:05";10
"2019-03-13 17:16:00";11
"2019-03-13 17:16:06";11
"2019-03-13 17:26:00";11
"2019-03-13 17:26:05";11
"2019-03-13 17:36:00";11
"2019-03-13 17:36:05";11
"2019-03-13 17:46:00";11
"2019-03-13 17:46:05";11
"2019-03-13 17:56:00";9
"2019-03-13 17:56:05";9
"2019-03-13 18:06:00";9
"2019-03-13 18:06:05";9
"2019-03-13 18:16:00";9
"2019-03-13 18:16:05";9
"2019-03-13 18:26:00";8
"2019-03-13 18:26:05";8
"2019-03-13 18:36:00";8
"2019-03-13 18:36:05";8
"2019-03-13 18:46:00";8
"2019-03-13 18:46:06";8
"2019-03-13 18:56:00";9
"2019-03-13 18:56:05";9
"2019-03-13 19:06:00";9
"2019-03-13 19:06:06";9
"2019-03-13 19:16:00";9
"2019-03-13 19:16:05";9
"2019-03-13 19:26:00";8
"2019-03-13 19:26:05";8
"2019-03-13 19:36:00";8
"2019-03-13 19:36:05";8
"2019-03-13 19:46:00";8
"2019-03-13 19:46:05";8
"2019-03-13 19:56:00";9
"2019-03-13 19:56:05";9
"2019-03-13 20:06:00";9
"2019-03-13 20:06:06";9
"2019-03-13 20:16:00";9
"2019-03-13 20:16:06";9
"2019-03-13 20:26:00";9
"2019-03-13 20:26:05";9
"2019-03-13 20:36:00";9
"2019-03-13 20:36:05";9
"2019-03-13 20:46:00";9
"2019-03-13 20:46:06";9
"2019-03-13 20:56:00";9
"2019-03-13 20:56:05";9
"2019-03-13 21:06:00";9
"2019-03-13 21:06:05";9
"2019-03-13 21:16:00";9
"2019-03-13 21:16:06";9
"2019-03-13 21:26:00";9
"2019-03-13 21:26:06";9
"2019-03-13 21:36:00";9
"2019-03-13 21:36:05";9
"2019-03-13 21:46:00";9
"2019-03-13 21:46:06";9
"2019-03-13 21:56:00";10
"2019-03-13 21:56:05";10
"2019-03-13 22:06:00";10
"2019-03-13 22:06:07";10
"2019-03-13 22:16:00";10
"2019-03-13 22:16:06";10
"2019-03-13 22:26:00";10
"2019-03-13 22:26:06";10
"2019-03-13 22:36:00";10
"2019-03-13 22:36:06";10
"2019-03-13 22:46:00";10
"2019-03-13 22:46:06";10
"2019-03-13 22:56:00";9
"2019-03-13 22:56:05";9
"2019-03-13 23:06:00";9
"2019-03-13 23:06:05";9
"2019-03-13 23:16:00";9
"2019-03-13 23:16:06";9
"2019-03-13 23:26:00";9
"2019-03-13 23:26:05";9
"2019-03-13 23:36:00";9
"2019-03-13 23:36:07";9
"2019-03-13 23:46:00";9
"2019-03-13 23:46:06";9
"2019-03-13 23:56:00";9
"2019-03-13 23:56:06";9
"2019-03-14 00:06:00";9
"2019-03-14 00:06:07";9
"2019-03-14 00:16:00";9
"2019-03-14 00:16:06";9
"2019-03-14 00:26:00";10
"2019-03-14 00:26:05";10
"2019-03-14 00:36:00";10
"2019-03-14 00:36:05";10
"2019-03-14 00:46:00";10
"2019-03-14 00:46:07";10
"2019-03-14 00:56:00";10
"2019-03-14 00:56:06";10
"2019-03-14 01:06:00";10
"2019-03-14 01:06:05";10
"2019-03-14 01:16:00";10
"2019-03-14 01:16:05";10
"2019-03-14 01:26:00";11
"2019-03-14 01:26:05";11
"2019-03-14 01:36:00";11
"2019-03-14 01:36:05";11
"2019-03-14 01:46:00";11
"2019-03-14 01:46:05";11
"2019-03-14 01:56:00";10
"2019-03-14 01:56:06";10
"2019-03-14 02:06:00";10
"2019-03-14 02:06:05";10
"2019-03-14 02:16:00";10
"2019-03-14 02:16:05";10
"2019-03-14 02:26:00";11
"2019-03-14 02:26:05";11
"2019-03-14 02:36:00";11
"2019-03-14 02:36:04";11
"2019-03-14 02:46:00";11
"2019-03-14 02:46:05";11
"2019-03-14 02:56:00";11
"2019-03-14 02:56:05";11
"2019-03-14 03:06:00";11
"2019-03-14 03:06:05";11
"2019-03-14 03:16:00";11
"2019-03-14 03:16:05";11
"2019-03-14 03:26:00";10
"2019-03-14 03:26:05";10
"2019-03-14 03:36:00";10
"2019-03-14 03:36:06";10
"2019-03-14 03:46:00";10
"2019-03-14 03:46:05";10
"2019-03-14 03:56:00";10
"2019-03-14 03:56:05";10
"2019-03-14 04:06:00";10
"2019-03-14 04:06:06";10
"2019-03-14 04:16:00";10
"2019-03-14 04:16:05";10
"2019-03-14 04:26:00";8
"2019-03-14 04:26:05";8
"2019-03-14 04:36:00";8
"2019-03-14 04:36:05";8
"2019-03-14 04:46:00";8
"2019-03-14 04:46:05";8
"2019-03-14 04:56:00";10
"2019-03-14 04:56:05";10
"2019-03-14 05:06:00";10
"2019-03-14 05:06:05";10
"2019-03-14 05:16:00";10
"2019-03-14 05:16:05";10
"2019-03-14 05:26:00";9
"2019-03-14 05:26:04";9
"2019-03-14 05:36:00";9
"2019-03-14 05:36:05";9
"2019-03-14 05:46:00";9
"2019-03-14 05:46:05";9
"2019-03-14 05:56:00";10
"2019-03-14 05:56:05";10
"2019-03-14 06:06:00";10
"2019-03-14 06:06:05";10
"2019-03-14 06:16:00";10
"2019-03-14 06:16:05";10
"2019-03-14 06:26:00";10
"2019-03-14 06:26:07";10
"2019-03-14 06:36:00";9
"2019-03-14 06:36:05";9
"2019-03-14 06:46:00";9
"2019-03-14 06:46:05";9
"2019-03-14 06:56:00";9
"2019-03-14 06:56:05";9
"2019-03-14 07:06:00";9
"2019-03-14 07:06:05";9
"2019-03-14 07:16:00";9
"2019-03-14 07:16:05";9
"2019-03-14 07:26:00";9
"2019-03-14 07:26:05";9
"2019-03-14 07:36:00";8
"2019-03-14 07:36:05";8
"2019-03-14 07:46:00";8
"2019-03-14 07:46:05";8
"2019-03-14 07:56:00";8
"2019-03-14 07:56:05";8
"2019-03-14 08:06:00";9
"2019-03-14 08:06:05";9
"2019-03-14 08:16:00";9
"2019-03-14 08:16:07";9
"2019-03-14 08:26:00";9
"2019-03-14 08:26:05";9
"2019-03-14 08:36:00";8
"2019-03-14 08:36:05";8
"2019-03-14 08:46:00";8
"2019-03-14 08:46:05";8
"2019-03-14 08:56:00";10
"2019-03-14 08:56:05";10
"2019-03-14 09:06:00";10
"2019-03-14 09:06:05";10
"2019-03-14 09:16:00";10
"2019-03-14 09:16:06";10
"2019-03-14 09:26:00";11
"2019-03-14 09:26:05";11
"2019-03-14 09:36:00";11
"2019-03-14 09:36:06";11
"2019-03-14 09:46:00";11
"2019-03-14 09:46:07";11
"2019-03-14 09:56:00";11
"2019-03-14 09:56:05";11
"2019-03-14 10:06:00";11
"2019-03-14 10:06:05";11
"2019-03-14 10:16:00";11
"2019-03-14 10:16:05";11
"2019-03-14 10:26:00";10
"2019-03-14 10:26:04";10
"2019-03-14 10:36:00";10
"2019-03-14 10:36:05";10
"2019-03-14 10:46:00";10
"2019-03-14 10:46:05";10
"2019-03-14 10:56:00";7
"2019-03-14 10:56:05";7
"2019-03-14 11:06:00";7
"2019-03-14 11:06:05";7
"2019-03-14 11:16:00";7
"2019-03-14 11:16:05";7
"2019-03-14 11:26:00";8
"2019-03-14 11:26:05";8
"2019-03-14 11:36:00";8
"2019-03-14 11:36:05";8
"2019-03-14 11:46:00";8
"2019-03-14 11:46:05";8
"2019-03-14 11:56:00";10
"2019-03-14 11:56:05";10
"2019-03-14 12:06:00";10
"2019-03-14 12:06:05";10
"2019-03-14 12:16:00";10
"2019-03-14 12:16:05";10
"2019-03-14 12:26:00";8
"2019-03-14 12:26:05";8
"2019-03-14 12:36:00";8
"2019-03-14 12:36:05";8
"2019-03-14 12:46:00";8
"2019-03-14 12:46:05";8
"2019-03-14 12:56:00";8
"2019-03-14 12:56:05";8
"2019-03-14 13:06:00";8
"2019-03-14 13:06:05";8
"2019-03-14 13:16:00";8
"2019-03-14 13:16:06";8
"2019-03-14 13:26:00";9
"2019-03-14 13:26:05";9
"2019-03-14 13:36:00";9
"2019-03-14 13:36:05";9
"2019-03-14 13:46:00";9
"2019-03-14 13:46:05";9
"2019-03-14 13:56:00";9
"2019-03-14 13:56:05";9
"2019-03-14 14:06:00";9
"2019-03-14 14:06:04";9
"2019-03-14 14:16:00";9
"2019-03-14 14:16:05";9
"2019-03-14 14:26:00";9
"2019-03-14 14:26:05";9
"2019-03-14 14:36:00";9
"2019-03-14 14:36:05";9
"2019-03-14 14:46:00";9
"2019-03-14 14:46:05";9
"2019-03-14 14:56:00";9
"2019-03-14 14:56:05";9
"2019-03-14 15:06:00";9
"2019-03-14 15:06:05";9
"2019-03-14 15:16:00";9
"2019-03-14 15:16:05";9
"2019-03-14 15:26:00";9
"2019-03-14 15:26:05";9
"2019-03-14 15:36:00";9
"2019-03-14 15:36:05";9
"2019-03-14 15:46:00";9
"2019-03-14 15:46:05";9
"2019-03-14 15:56:00";10
"2019-03-14 15:56:05";10
"2019-03-14 16:06:00";10
"2019-03-14 16:06:06";10
"2019-03-14 16:16:00";10
"2019-03-14 16:16:05";10
"2019-03-14 16:26:00";10
"2019-03-14 16:26:05";10
"2019-03-14 16:36:00";10
"2019-03-14 16:36:05";10
"2019-03-14 16:46:00";10
"2019-03-14 16:46:06";10
"2019-03-14 16:56:00";10
"2019-03-14 16:56:05";10
"2019-03-14 17:06:00";10
"2019-03-14 17:06:05";10
"2019-03-14 17:16:00";10
"2019-03-14 17:16:07";10
"2019-03-14 17:26:00";10
"2019-03-14 17:26:05";10
"2019-03-14 17:36:00";10
"2019-03-14 17:36:05";10
"2019-03-14 17:46:00";10
"2019-03-14 17:46:05";10
"2019-03-14 17:56:00";10
"2019-03-14 17:56:05";10
"2019-03-14 18:06:00";10
"2019-03-14 18:06:05";10
"2019-03-14 18:16:00";10
"2019-03-14 18:16:07";10
"2019-03-14 18:26:00";10
"2019-03-14 18:26:05";10
"2019-03-14 18:36:00";10
"2019-03-14 18:36:05";10
"2019-03-14 18:46:00";10
"2019-03-14 18:46:06";10
"2019-03-14 18:56:00";10
"2019-03-14 18:56:05";10
"2019-03-14 19:06:00";10
"2019-03-14 19:06:05";10
"2019-03-14 19:16:00";10
"2019-03-14 19:16:05";10
"2019-03-14 19:26:00";10
"2019-03-14 19:26:05";10
"2019-03-14 19:36:00";10
"2019-03-14 19:36:06";10
"2019-03-14 19:46:00";10
"2019-03-14 19:46:06";10
"2019-03-14 19:56:00";10
"2019-03-14 19:56:05";10
"2019-03-14 20:06:00";10
"2019-03-14 20:06:06";10
"2019-03-14 20:16:00";10
"2019-03-14 20:16:06";10
"2019-03-14 20:26:00";10
"2019-03-14 20:26:06";10
"2019-03-14 20:36:00";10
"2019-03-14 20:36:05";10
"2019-03-14 20:46:00";10
"2019-03-14 20:46:06";10
"2019-03-14 20:56:00";10
"2019-03-14 20:56:05";10
"2019-03-14 21:06:00";10
"2019-03-14 21:06:05";10
"2019-03-14 21:16:00";10
"2019-03-14 21:16:05";10
"2019-03-14 21:26:00";11
"2019-03-14 21:26:05";11
"2019-03-14 21:36:00";11
"2019-03-14 21:36:05";11
"2019-03-14 21:46:00";11
"2019-03-14 21:46:05";11
"2019-03-14 21:56:00";11
"2019-03-14 21:56:06";11
"2019-03-14 22:06:00";11
"2019-03-14 22:06:06";11
"2019-03-14 22:16:00";11
"2019-03-14 22:16:06";11
"2019-03-14 22:26:00";11
"2019-03-14 22:26:05";11
"2019-03-14 22:36:00";11
"2019-03-14 22:36:06";11
"2019-03-14 22:46:00";11
"2019-03-14 22:46:07";11
"2019-03-14 22:56:00";11
"2019-03-14 22:56:05";11
"2019-03-14 23:06:00";11
"2019-03-14 23:06:06";11
"2019-03-14 23:16:00";11
"2019-03-14 23:16:06";11
"2019-03-14 23:26:00";11
"2019-03-14 23:26:05";11
"2019-03-14 23:36:00";11
"2019-03-14 23:36:07";11
"2019-03-14 23:46:00";11
"2019-03-14 23:46:06";11
"2019-03-14 23:56:00";11
"2019-03-14 23:56:06";11
"2019-03-15 00:06:00";11
"2019-03-15 00:06:07";11
"2019-03-15 00:16:00";11
"2019-03-15 00:16:05";11
"2019-03-15 00:26:00";12
"2019-03-15 00:26:06";12
"2019-03-15 00:36:00";12
"2019-03-15 00:36:06";12
"2019-03-15 00:46:00";12
"2019-03-15 00:46:06";12
"2019-03-15 00:56:00";12
"2019-03-15 00:56:06";12
"2019-03-15 01:06:00";12
"2019-03-15 01:06:06";12
"2019-03-15 01:16:00";12
"2019-03-15 01:16:05";12
"2019-03-15 01:26:00";11
"2019-03-15 01:26:05";11
"2019-03-15 01:36:00";11
"2019-03-15 01:36:05";11
"2019-03-15 01:46:00";11
"2019-03-15 01:46:05";11
"2019-03-15 01:56:00";12
"2019-03-15 01:56:05";12
"2019-03-15 02:06:00";12
"2019-03-15 02:06:05";12
"2019-03-15 02:16:00";12
"2019-03-15 02:16:05";12
"2019-03-15 02:26:00";11
"2019-03-15 02:26:05";11
"2019-03-15 02:36:00";11
"2019-03-15 02:36:05";11
"2019-03-15 02:46:00";11
"2019-03-15 02:46:06";11
"2019-03-15 02:56:00";12
"2019-03-15 02:56:05";12
"2019-03-15 03:06:00";12
"2019-03-15 03:06:05";12
"2019-03-15 03:16:00";12
"2019-03-15 03:16:05";12
"2019-03-15 03:26:00";12
"2019-03-15 03:26:05";12
"2019-03-15 03:36:00";12
"2019-03-15 03:36:04";12
"2019-03-15 03:46:00";13
"2019-03-15 03:46:06";13
"2019-03-15 03:56:00";13
"2019-03-15 03:56:09";13
"2019-03-15 04:06:00";13
"2019-03-15 04:06:06";13
"2019-03-15 04:16:00";13
"2019-03-15 04:16:05";13
"2019-03-15 04:26:00";12
"2019-03-15 04:26:05";12
"2019-03-15 04:36:00";12
"2019-03-15 04:36:05";12
"2019-03-15 04:46:00";12
"2019-03-15 04:46:06";12
"2019-03-15 04:56:00";12
"2019-03-15 04:56:05";12
"2019-03-15 05:06:00";12
"2019-03-15 05:06:05";12
"2019-03-15 05:16:00";12
"2019-03-15 05:16:04";12
"2019-03-15 05:26:00";11
"2019-03-15 05:26:05";11
"2019-03-15 05:36:00";11
"2019-03-15 05:36:05";11
"2019-03-15 05:46:00";11
"2019-03-15 05:46:05";11
"2019-03-15 05:56:00";12
"2019-03-15 05:56:05";12
"2019-03-15 06:06:00";12
"2019-03-15 06:06:04";12
"2019-03-15 06:16:00";12
"2019-03-15 06:16:05";12
"2019-03-15 06:26:00";15
"2019-03-15 06:26:05";15
"2019-03-15 06:36:00";15
"2019-03-15 06:36:05";15
"2019-03-15 06:46:00";15
"2019-03-15 06:46:06";15
"2019-03-15 06:56:00";10
"2019-03-15 06:56:05";10
"2019-03-15 07:06:00";10
"2019-03-15 07:06:05";10
"2019-03-15 07:16:00";10
"2019-03-15 07:16:05";10
"2019-03-15 07:26:00";12
"2019-03-15 07:26:05";12
"2019-03-15 07:36:00";12
"2019-03-15 07:36:05";12
"2019-03-15 07:46:00";12
"2019-03-15 07:46:05";12
"2019-03-15 07:56:00";11
"2019-03-15 07:56:05";11
"2019-03-15 08:06:00";11
"2019-03-15 08:06:05";11
"2019-03-15 08:16:00";11
"2019-03-15 08:16:05";11
"2019-03-15 08:26:00";12
"2019-03-15 08:26:05";12
"2019-03-15 08:36:00";12
"2019-03-15 08:36:05";12
"2019-03-15 08:46:00";12
"2019-03-15 08:46:05";12
"2019-03-15 08:56:00";11
"2019-03-15 08:56:05";11
"2019-03-15 09:06:00";11
"2019-03-15 09:06:05";11
"2019-03-15 09:16:00";11
"2019-03-15 09:16:06";11
"2019-03-15 09:26:00";13
"2019-03-15 09:26:05";13
"2019-03-15 09:36:00";13
"2019-03-15 09:36:05";13
"2019-03-15 09:46:00";13
"2019-03-15 09:46:05";13
"2019-03-15 09:56:00";13
"2019-03-15 09:56:05";13
"2019-03-15 10:06:00";13
"2019-03-15 10:06:05";13
"2019-03-15 10:16:00";13
"2019-03-15 10:16:05";13
"2019-03-15 10:26:00";9
"2019-03-15 10:26:05";9
"2019-03-15 10:36:00";9
"2019-03-15 10:36:05";9
"2019-03-15 10:46:00";9
"2019-03-15 10:46:08";9
"2019-03-15 10:56:00";10
"2019-03-15 10:56:05";10
"2019-03-15 11:06:00";10
"2019-03-15 11:06:05";10
"2019-03-15 11:16:00";10
"2019-03-15 11:16:05";10
"2019-03-15 11:26:00";9
"2019-03-15 11:26:05";9
"2019-03-15 11:36:00";9
"2019-03-15 11:36:05";9
"2019-03-15 11:46:00";9
"2019-03-15 11:46:06";9
"2019-03-15 11:56:00";10
"2019-03-15 11:56:05";10
"2019-03-15 12:06:00";10
"2019-03-15 12:06:05";10
"2019-03-15 12:16:00";10
"2019-03-15 12:16:05";10
"2019-03-15 12:26:00";12
"2019-03-15 12:26:05";12
"2019-03-15 12:36:00";12
"2019-03-15 12:36:05";12
"2019-03-15 12:46:00";12
"2019-03-15 12:46:06";12
"2019-03-15 12:56:00";10
"2019-03-15 12:56:05";10
"2019-03-15 13:06:00";10
"2019-03-15 13:06:05";10
"2019-03-15 13:16:00";10
"2019-03-15 13:16:05";10
"2019-03-15 13:26:00";10
"2019-03-15 13:26:05";10
"2019-03-15 13:36:00";10
"2019-03-15 13:36:05";10
"2019-03-15 13:46:00";10
"2019-03-15 13:46:05";10
"2019-03-15 13:56:00";9
"2019-03-15 13:56:05";9
"2019-03-15 14:06:00";9
"2019-03-15 14:06:05";9
"2019-03-15 14:16:00";9
"2019-03-15 14:16:06";9
"2019-03-15 14:26:00";9
"2019-03-15 14:26:05";9
"2019-03-15 14:36:00";9
"2019-03-15 14:36:06";9
"2019-03-15 14:46:00";9
"2019-03-15 14:46:05";9
"2019-03-15 14:56:00";10
"2019-03-15 14:56:05";10
"2019-03-15 15:06:00";10
"2019-03-15 15:06:05";10
"2019-03-15 15:16:00";10
"2019-03-15 15:16:05";10
"2019-03-15 15:26:00";11
"2019-03-15 15:26:06";11
"2019-03-15 15:36:00";11
"2019-03-15 15:36:05";11
"2019-03-15 15:46:00";11
"2019-03-15 15:46:05";11
"2019-03-15 15:56:00";11
"2019-03-15 15:56:05";11
"2019-03-15 16:06:00";11
"2019-03-15 16:06:05";11
"2019-03-15 16:16:00";13
"2019-03-15 16:16:05";13
"2019-03-15 16:26:00";12
"2019-03-15 16:26:05";12
"2019-03-15 16:36:00";12
"2019-03-15 16:36:05";12
"2019-03-15 16:46:00";12
"2019-03-15 16:46:06";12
"2019-03-15 16:56:00";12
"2019-03-15 16:56:05";12
"2019-03-15 17:06:00";12
"2019-03-15 17:06:05";12
"2019-03-15 17:16:00";12
"2019-03-15 17:16:05";12
"2019-03-15 17:26:00";12
"2019-03-15 17:26:05";12
"2019-03-15 17:36:00";12
"2019-03-15 17:36:05";12
"2019-03-15 17:46:00";12
"2019-03-15 17:46:06";12
"2019-03-15 17:56:00";11
"2019-03-15 17:56:05";11
"2019-03-15 18:06:00";11
"2019-03-15 18:06:06";11
"2019-03-15 18:16:00";11
"2019-03-15 18:16:05";11
"2019-03-15 18:26:00";12
"2019-03-15 18:26:05";12
"2019-03-15 18:36:00";12
"2019-03-15 18:36:05";12
"2019-03-15 18:46:00";12
"2019-03-15 18:46:05";12
"2019-03-15 18:56:00";12
"2019-03-15 18:56:05";12
"2019-03-15 19:06:00";12
"2019-03-15 19:06:05";12
"2019-03-15 19:16:00";12
"2019-03-15 19:16:05";12
"2019-03-15 19:26:00";12
"2019-03-15 19:26:05";12
"2019-03-15 19:36:00";12
"2019-03-15 19:36:05";12
"2019-03-15 19:46:00";12
"2019-03-15 19:46:06";12
"2019-03-15 19:56:00";13
"2019-03-15 19:56:06";13
"2019-03-15 20:06:00";13
"2019-03-15 20:06:06";13
"2019-03-15 20:16:00";13
"2019-03-15 20:16:06";13
"2019-03-15 20:26:00";13
"2019-03-15 20:26:05";13
"2019-03-15 20:36:00";13
"2019-03-15 20:36:06";13
"2019-03-15 20:46:00";13
"2019-03-15 20:46:06";13
"2019-03-15 20:56:00";13
"2019-03-15 20:56:05";13
"2019-03-15 21:06:00";13
"2019-03-15 21:06:05";13
"2019-03-15 21:16:00";13
"2019-03-15 21:16:05";13
"2019-03-15 21:26:00";13
"2019-03-15 21:26:04";13
"2019-03-15 21:36:00";13
"2019-03-15 21:36:06";13
"2019-03-15 21:46:00";13
"2019-03-15 21:46:05";13
"2019-03-15 21:56:00";14
"2019-03-15 21:56:05";14
"2019-03-15 22:06:00";14
"2019-03-15 22:06:07";14
"2019-03-15 22:16:00";14
"2019-03-15 22:16:06";14
"2019-03-15 22:26:00";14
"2019-03-15 22:26:06";14
"2019-03-15 22:36:00";14
"2019-03-15 22:36:06";14
"2019-03-15 22:46:00";14
"2019-03-15 22:46:05";14
"2019-03-15 22:56:00";15
"2019-03-15 22:56:05";15
"2019-03-15 23:06:00";15
"2019-03-15 23:06:06";15
"2019-03-15 23:16:00";15
"2019-03-15 23:16:06";15
"2019-03-15 23:26:00";16
"2019-03-15 23:26:05";16
"2019-03-15 23:36:00";16
"2019-03-15 23:36:06";16
"2019-03-15 23:46:00";16
"2019-03-15 23:46:06";16
"2019-03-15 23:56:00";14
"2019-03-15 23:56:06";14
"2019-03-16 00:06:00";14
"2019-03-16 00:06:06";14
"2019-03-16 00:16:00";14
"2019-03-16 00:16:06";14
"2019-03-16 00:26:00";14
"2019-03-16 00:26:06";14
"2019-03-16 00:36:00";14
"2019-03-16 00:36:06";14
"2019-03-16 00:46:00";14
"2019-03-16 00:46:07";14
"2019-03-16 00:56:00";14
"2019-03-16 00:56:06";14
"2019-03-16 01:06:00";14
"2019-03-16 01:06:05";14
"2019-03-16 01:16:00";14
"2019-03-16 01:16:06";14
"2019-03-16 01:26:00";15
"2019-03-16 01:26:07";15
"2019-03-16 01:36:00";15
"2019-03-16 01:36:05";15
"2019-03-16 01:46:00";15
"2019-03-16 01:46:05";15
"2019-03-16 01:56:00";14
"2019-03-16 01:56:05";14
"2019-03-16 02:06:00";14
"2019-03-16 02:06:05";14
"2019-03-16 02:16:00";14
"2019-03-16 02:16:05";14
"2019-03-16 02:26:00";15
"2019-03-16 02:26:05";15
"2019-03-16 02:36:00";15
"2019-03-16 02:36:05";15
"2019-03-16 02:46:00";15
"2019-03-16 02:46:05";15
"2019-03-16 02:56:00";13
"2019-03-16 02:56:05";13
"2019-03-16 03:06:00";13
"2019-03-16 03:06:05";13
"2019-03-16 03:16:00";13
"2019-03-16 03:16:05";13
"2019-03-16 03:26:00";14
"2019-03-16 03:26:05";14
"2019-03-16 03:36:00";14
"2019-03-16 03:36:05";14
"2019-03-16 03:46:00";14
"2019-03-16 03:46:05";14
"2019-03-16 03:56:00";14
"2019-03-16 03:56:05";14
"2019-03-16 04:06:00";14
"2019-03-16 04:06:05";14
"2019-03-16 04:16:00";14
"2019-03-16 04:16:05";14
"2019-03-16 04:26:00";12
"2019-03-16 04:26:05";12
"2019-03-16 04:36:00";12
"2019-03-16 04:36:06";12
"2019-03-16 04:46:00";12
"2019-03-16 04:46:06";12
"2019-03-16 04:56:00";14
"2019-03-16 04:56:05";14
"2019-03-16 05:06:00";14
"2019-03-16 05:06:05";14
"2019-03-16 05:16:00";14
"2019-03-16 05:16:05";14
"2019-03-16 05:26:00";14
"2019-03-16 05:26:05";14
"2019-03-16 05:36:00";14
"2019-03-16 05:36:07";14
"2019-03-16 05:46:00";12
"2019-03-16 05:46:05";12
"2019-03-16 05:56:00";12
"2019-03-16 05:56:05";12
"2019-03-16 06:06:00";12
"2019-03-16 06:06:05";12
"2019-03-16 06:16:00";12
"2019-03-16 06:16:05";12
"2019-03-16 06:26:00";13
"2019-03-16 06:26:05";13
"2019-03-16 06:36:00";13
"2019-03-16 06:36:05";13
"2019-03-16 06:46:00";13
"2019-03-16 06:46:05";13
"2019-03-16 06:56:00";14
"2019-03-16 06:56:05";14
"2019-03-16 07:06:00";14
"2019-03-16 07:06:04";14
"2019-03-16 07:16:00";14
"2019-03-16 07:16:05";14
"2019-03-16 07:26:00";12
"2019-03-16 07:26:05";12
"2019-03-16 07:36:00";12
"2019-03-16 07:36:05";12
"2019-03-16 07:46:00";12
"2019-03-16 07:46:05";12
"2019-03-16 07:56:00";13
"2019-03-16 07:56:05";13
"2019-03-16 08:06:00";13
"2019-03-16 08:06:05";13
"2019-03-16 08:16:00";13
"2019-03-16 08:16:05";13
"2019-03-16 08:26:00";13
"2019-03-16 08:26:07";13
"2019-03-16 08:36:00";13
"2019-03-16 08:36:05";13
"2019-03-16 08:46:00";13
"2019-03-16 08:46:05";13
"2019-03-16 08:56:00";15
"2019-03-16 08:56:05";15
"2019-03-16 09:06:00";15
"2019-03-16 09:06:05";15
"2019-03-16 09:16:00";15
"2019-03-16 09:16:05";15
"2019-03-16 09:26:00";16
"2019-03-16 09:26:05";16
"2019-03-16 09:36:00";16
"2019-03-16 09:36:05";16
"2019-03-16 09:46:00";16
"2019-03-16 09:46:05";16
"2019-03-16 09:56:00";15
"2019-03-16 09:56:05";15
"2019-03-16 10:06:00";15
"2019-03-16 10:06:05";15
"2019-03-16 10:16:00";15
"2019-03-16 10:16:05";15
"2019-03-16 10:26:00";14
"2019-03-16 10:26:05";14
"2019-03-16 10:36:00";14
"2019-03-16 10:36:05";14
"2019-03-16 10:46:00";14
"2019-03-16 10:46:05";14
"2019-03-16 10:56:00";11
"2019-03-16 10:56:05";11
"2019-03-16 11:06:00";11
"2019-03-16 11:06:05";11
"2019-03-16 11:16:00";11
"2019-03-16 11:16:06";11
"2019-03-16 11:26:00";13
"2019-03-16 11:26:05";13
"2019-03-16 11:36:00";13
"2019-03-16 11:36:05";13
"2019-03-16 11:46:00";13
"2019-03-16 11:46:06";13
"2019-03-16 11:56:00";11
"2019-03-16 11:56:05";11
"2019-03-16 12:06:00";11
"2019-03-16 12:06:05";11
"2019-03-16 12:16:00";11
"2019-03-16 12:16:05";11
"2019-03-16 12:26:00";12
"2019-03-16 12:26:05";12
"2019-03-16 12:36:00";12
"2019-03-16 12:36:05";12
"2019-03-16 12:46:00";12
"2019-03-16 12:46:05";12
"2019-03-16 12:56:00";14
"2019-03-16 12:56:05";14
"2019-03-16 13:06:00";14
"2019-03-16 13:06:05";14
"2019-03-16 13:16:00";14
"2019-03-16 13:16:05";14
"2019-03-16 13:26:00";11
"2019-03-16 13:26:05";11
"2019-03-16 13:36:00";11
"2019-03-16 13:36:05";11
"2019-03-16 13:46:00";11
"2019-03-16 13:46:05";11
"2019-03-16 13:56:00";12
"2019-03-16 13:56:05";12
"2019-03-16 14:06:00";12
"2019-03-16 14:06:05";12
"2019-03-16 14:16:00";12
"2019-03-16 14:16:05";12
"2019-03-16 14:26:00";11
"2019-03-16 14:26:05";11
"2019-03-16 14:36:00";11
"2019-03-16 14:36:05";11
"2019-03-16 14:46:00";11
"2019-03-16 14:46:06";11
"2019-03-16 14:56:00";10
"2019-03-16 14:56:05";10
"2019-03-16 15:06:00";10
"2019-03-16 15:06:05";10
"2019-03-16 15:16:00";10
"2019-03-16 15:16:06";10
"2019-03-16 15:26:00";12
"2019-03-16 15:26:05";12
"2019-03-16 15:36:00";12
"2019-03-16 15:36:05";12
"2019-03-16 15:46:00";12
"2019-03-16 15:46:05";12
"2019-03-16 15:56:00";13
"2019-03-16 15:56:05";13
"2019-03-16 16:06:00";13
"2019-03-16 16:06:05";13
"2019-03-16 16:16:00";13
"2019-03-16 16:16:06";13
"2019-03-16 16:26:00";11
"2019-03-16 16:26:05";11
"2019-03-16 16:36:00";11
"2019-03-16 16:36:06";11
"2019-03-16 16:46:00";11
"2019-03-16 16:46:05";11
"2019-03-16 16:56:00";11
"2019-03-16 16:56:05";11
"2019-03-16 17:06:00";11
"2019-03-16 17:06:05";11
"2019-03-16 17:16:00";11
"2019-03-16 17:16:05";11
"2019-03-16 17:26:00";11
"2019-03-16 17:26:05";11
"2019-03-16 17:36:00";11
"2019-03-16 17:36:05";11
"2019-03-16 17:46:00";11
"2019-03-16 17:46:05";11
"2019-03-16 17:56:00";11
"2019-03-16 17:56:05";11
"2019-03-16 18:06:00";11
"2019-03-16 18:06:05";11
"2019-03-16 18:16:00";11
"2019-03-16 18:16:05";11
"2019-03-16 18:26:00";11
"2019-03-16 18:26:06";11
"2019-03-16 18:36:00";11
"2019-03-16 18:36:05";11
"2019-03-16 18:46:00";11
"2019-03-16 18:46:06";11
"2019-03-16 18:56:00";10
"2019-03-16 18:56:05";10
"2019-03-16 19:06:00";10
"2019-03-16 19:06:05";10
"2019-03-16 19:16:00";10
"2019-03-16 19:16:05";10
"2019-03-16 19:26:00";11
"2019-03-16 19:26:05";11
"2019-03-16 19:36:00";11
"2019-03-16 19:36:05";11
"2019-03-16 19:46:00";11
"2019-03-16 19:46:05";11
"2019-03-16 19:56:00";11
"2019-03-16 19:56:05";11
"2019-03-16 20:06:00";11
"2019-03-16 20:06:05";11
"2019-03-16 20:16:00";11
"2019-03-16 20:16:05";11
"2019-03-16 20:26:00";11
"2019-03-16 20:26:06";11
"2019-03-16 20:36:00";11
"2019-03-16 20:36:05";11
"2019-03-16 20:46:00";11
"2019-03-16 20:46:07";11
"2019-03-16 20:56:00";13
"2019-03-16 20:56:05";13
"2019-03-16 21:06:00";13
"2019-03-16 21:06:05";13
"2019-03-16 21:16:00";13
"2019-03-16 21:16:06";13
"2019-03-16 21:26:00";12
"2019-03-16 21:26:05";12
"2019-03-16 21:36:00";12
"2019-03-16 21:36:06";12
"2019-03-16 21:46:00";12
"2019-03-16 21:46:06";12
"2019-03-16 21:56:00";13
"2019-03-16 21:56:05";13
"2019-03-16 22:06:00";13
"2019-03-16 22:06:06";13
"2019-03-16 22:16:00";13
"2019-03-16 22:16:06";13
"2019-03-16 22:26:00";13
"2019-03-16 22:26:06";13
"2019-03-16 22:36:00";13
"2019-03-16 22:36:06";13
"2019-03-16 22:46:00";13
"2019-03-16 22:46:06";13
"2019-03-16 22:56:00";13
"2019-03-16 22:56:06";13
"2019-03-16 23:06:00";13
"2019-03-16 23:06:05";13
"2019-03-16 23:16:00";13
"2019-03-16 23:16:06";13
"2019-03-16 23:26:00";13
"2019-03-16 23:26:06";13
"2019-03-17 00:46:00";12
"2019-03-17 00:46:06";12
"2019-03-17 00:56:00";13
"2019-03-17 00:56:06";13
"2019-03-17 01:06:00";13
"2019-03-17 01:06:05";13
"2019-03-17 01:16:00";12
"2019-03-17 01:16:05";12
"2019-03-17 01:26:00";12
"2019-03-17 01:26:05";12
"2019-03-17 01:36:00";12
"2019-03-17 01:36:05";12
"2019-03-17 01:46:00";12
"2019-03-17 01:46:06";12
"2019-03-17 01:56:00";11
"2019-03-17 01:56:06";11
"2019-03-17 02:06:00";11
"2019-03-17 02:06:06";11
"2019-03-17 02:16:00";11
"2019-03-17 02:16:04";11
"2019-03-17 02:26:00";13
"2019-03-17 02:26:05";13
"2019-03-17 02:36:00";13
"2019-03-17 02:36:05";13
"2019-03-17 02:46:00";13
"2019-03-17 02:46:05";13
"2019-03-17 02:56:00";13
"2019-03-17 02:56:05";13
"2019-03-17 03:06:00";13
"2019-03-17 03:06:06";13
"2019-03-17 03:16:00";13
"2019-03-17 03:16:06";13
"2019-03-17 03:26:00";13
"2019-03-17 03:26:05";13
"2019-03-17 03:36:00";13
"2019-03-17 03:36:05";13
"2019-03-17 03:46:00";13
"2019-03-17 03:46:06";13
"2019-03-17 03:56:00";14
"2019-03-17 03:56:06";14
"2019-03-17 04:06:00";14
"2019-03-17 04:06:06";14
"2019-03-17 04:16:00";14
"2019-03-17 04:16:05";14
"2019-03-17 04:26:00";11
"2019-03-17 04:26:08";11
"2019-03-17 04:36:00";11
"2019-03-17 04:36:05";11
"2019-03-17 04:46:00";11
"2019-03-17 04:46:06";11
"2019-03-17 04:56:00";12
"2019-03-17 04:56:05";12
"2019-03-17 05:06:00";12
"2019-03-17 05:06:05";12
"2019-03-17 05:16:00";12
"2019-03-17 05:16:06";12
"2019-03-17 05:26:00";13
"2019-03-17 05:26:05";13
"2019-03-17 05:36:00";13
"2019-03-17 05:36:05";13
"2019-03-17 05:46:00";13
"2019-03-17 05:46:05";13
"2019-03-17 05:56:00";12
"2019-03-17 05:56:05";12
"2019-03-17 06:06:00";12
"2019-03-17 06:06:05";12
"2019-03-17 06:16:00";12
"2019-03-17 06:16:07";12
"2019-03-17 06:26:00";12
"2019-03-17 06:26:05";12
"2019-03-17 06:36:00";12
"2019-03-17 06:36:05";12
"2019-03-17 06:46:00";12
"2019-03-17 06:46:06";12
"2019-03-17 06:56:00";13
"2019-03-17 06:56:05";13
"2019-03-17 07:06:00";13
"2019-03-17 07:06:05";13
"2019-03-17 07:16:00";13
"2019-03-17 07:16:05";13
"2019-03-17 07:26:00";12
"2019-03-17 07:26:05";12
"2019-03-17 07:36:00";12
"2019-03-17 07:36:06";12
"2019-03-17 07:46:00";12
"2019-03-17 07:46:06";12
"2019-03-17 07:56:00";14
"2019-03-17 07:56:05";14
"2019-03-17 08:06:00";14
"2019-03-17 08:06:06";14
"2019-03-17 08:16:00";14
"2019-03-17 08:16:05";14
"2019-03-17 08:26:00";12
"2019-03-17 08:26:05";12
"2019-03-17 08:36:00";12
"2019-03-17 08:36:05";12
"2019-03-17 08:46:00";12
"2019-03-17 08:46:05";12
"2019-03-17 08:56:00";15
"2019-03-17 08:56:05";15
"2019-03-17 09:06:00";15
"2019-03-17 09:06:06";15
"2019-03-17 09:16:00";15
"2019-03-17 09:16:05";15
"2019-03-17 09:26:00";14
"2019-03-17 09:26:06";14
"2019-03-17 09:36:00";14
"2019-03-17 09:36:05";14
"2019-03-17 09:46:00";14
"2019-03-17 09:46:06";14
"2019-03-17 09:56:00";15
"2019-03-17 09:56:05";15
"2019-03-17 10:06:00";15
"2019-03-17 10:06:05";15
"2019-03-17 10:16:00";15
"2019-03-17 10:16:06";15
"2019-03-17 10:26:00";14
"2019-03-17 10:26:05";14
"2019-03-17 10:36:00";14
"2019-03-17 10:36:05";14
"2019-03-17 10:46:00";14
"2019-03-17 10:46:05";14
"2019-03-17 10:56:00";13
"2019-03-17 10:56:05";13
"2019-03-17 11:06:00";13
"2019-03-17 11:06:05";13
"2019-03-17 11:16:00";13
"2019-03-17 11:16:05";13
"2019-03-17 11:26:00";13
"2019-03-17 11:26:05";13
"2019-03-17 11:36:00";13
"2019-03-17 11:36:06";13
"2019-03-17 11:46:00";13
"2019-03-17 11:46:06";13
"2019-03-17 11:56:00";13
"2019-03-17 11:56:05";13
"2019-03-17 12:06:00";13
"2019-03-17 12:06:05";13
"2019-03-17 12:16:00";13
"2019-03-17 12:16:05";13
"2019-03-17 12:26:00";14
"2019-03-17 12:26:05";14
"2019-03-17 12:36:00";14
"2019-03-17 12:36:05";14
"2019-03-17 12:46:00";14
"2019-03-17 12:46:06";14
"2019-03-17 12:56:00";14
"2019-03-17 12:56:05";14
"2019-03-17 13:06:00";14
"2019-03-17 13:06:05";14
"2019-03-17 13:16:00";14
"2019-03-17 13:16:05";14
"2019-03-17 13:26:00";14
"2019-03-17 13:26:05";14
"2019-03-17 13:36:00";14
"2019-03-17 13:36:05";14
"2019-03-17 13:46:00";14
"2019-03-17 13:46:05";14
"2019-03-17 13:56:00";13
"2019-03-17 13:56:06";13
"2019-03-17 14:06:00";13
"2019-03-17 14:06:05";13
"2019-03-17 14:16:00";13
"2019-03-17 14:16:06";13
"2019-03-17 14:26:00";13
"2019-03-17 14:26:05";13
"2019-03-17 14:36:00";13
"2019-03-17 14:36:05";13
"2019-03-17 14:46:00";13
"2019-03-17 14:46:05";13
"2019-03-17 14:56:00";13
"2019-03-17 14:56:05";13
"2019-03-17 15:06:00";13
"2019-03-17 15:06:05";13
"2019-03-17 15:16:00";13
"2019-03-17 15:16:06";13
"2019-03-17 15:26:00";13
"2019-03-17 15:26:06";13
"2019-03-17 15:36:00";13
"2019-03-17 15:36:05";13
"2019-03-17 15:46:00";13
"2019-03-17 15:46:06";13
"2019-03-17 15:56:00";14
"2019-03-17 15:56:05";14
"2019-03-17 16:06:00";14
"2019-03-17 16:06:05";14
"2019-03-17 16:16:00";14
"2019-03-17 16:16:06";14
"2019-03-17 16:26:00";13
"2019-03-17 16:26:05";13
"2019-03-17 16:36:00";13
"2019-03-17 16:36:05";13
"2019-03-17 16:46:00";13
"2019-03-17 16:46:06";13
"2019-03-17 16:56:00";13
"2019-03-17 16:56:05";13
"2019-03-17 17:06:00";13
"2019-03-17 17:06:05";13
"2019-03-17 17:16:00";13
"2019-03-17 17:16:05";13
"2019-03-17 17:26:00";13
"2019-03-17 17:26:05";13
"2019-03-17 17:36:00";13
"2019-03-17 17:36:05";13
"2019-03-17 17:46:00";13
"2019-03-17 17:46:05";13
"2019-03-17 17:56:00";14
"2019-03-17 17:56:05";14
"2019-03-17 18:06:00";14
"2019-03-17 18:06:05";14
"2019-03-17 18:16:00";14
"2019-03-17 18:16:06";14
"2019-03-17 18:26:00";13
"2019-03-17 18:26:05";13
"2019-03-17 18:36:00";13
"2019-03-17 18:36:05";13
"2019-03-17 18:46:00";13
"2019-03-17 18:46:05";13
"2019-03-17 18:56:00";14
"2019-03-17 18:56:05";14
"2019-03-17 19:06:00";14
"2019-03-17 19:06:06";14
"2019-03-17 19:16:00";14
"2019-03-17 19:16:06";14
"2019-03-17 19:26:00";13
"2019-03-17 19:26:05";13
"2019-03-17 19:36:00";13
"2019-03-17 19:36:05";13
"2019-03-17 19:46:00";13
"2019-03-17 19:46:05";13
"2019-03-17 19:56:00";13
"2019-03-17 19:56:05";13
"2019-03-17 20:06:00";13
"2019-03-17 20:06:06";13
"2019-03-17 20:16:00";13
"2019-03-17 20:16:06";13
"2019-03-17 20:26:00";14
"2019-03-17 20:26:05";14
"2019-03-17 20:36:00";14
"2019-03-17 20:36:05";14
"2019-03-17 20:46:00";14
"2019-03-17 20:46:06";14
"2019-03-17 20:56:00";13
"2019-03-17 20:56:05";13
"2019-03-17 21:06:00";13
"2019-03-17 21:06:05";13
"2019-03-17 21:16:00";13
"2019-03-17 21:16:06";13
"2019-03-17 21:26:00";13
"2019-03-17 21:26:05";13
"2019-03-17 21:36:00";13
"2019-03-17 21:36:05";13
"2019-03-17 21:46:00";13
"2019-03-17 21:46:05";13
"2019-03-17 21:56:00";13
"2019-03-17 21:56:05";13
"2019-03-17 22:06:00";13
"2019-03-17 22:06:06";13
"2019-03-17 22:16:00";13
"2019-03-17 22:16:06";13
"2019-03-17 22:26:00";13
"2019-03-17 22:26:06";13
"2019-03-17 22:36:00";13
"2019-03-17 22:36:06";13
"2019-03-17 22:46:00";13
"2019-03-17 22:46:05";13
"2019-03-17 22:56:00";13
"2019-03-17 22:56:05";13
"2019-03-17 23:06:00";13
"2019-03-17 23:06:06";13
"2019-03-17 23:16:00";13
"2019-03-17 23:16:05";13
"2019-03-17 23:26:00";14
"2019-03-17 23:26:05";14
"2019-03-17 23:36:00";14
"2019-03-17 23:36:08";14
"2019-03-17 23:46:00";14
"2019-03-17 23:46:07";14
"2019-03-17 23:56:00";14
"2019-03-17 23:56:05";14
"2019-03-18 00:06:00";14
"2019-03-18 00:06:05";14
"2019-03-18 00:16:00";14
"2019-03-18 00:16:07";14
"2019-03-18 00:26:00";14
"2019-03-18 00:26:07";14
"2019-03-18 00:36:00";14
"2019-03-18 00:36:06";14
"2019-03-18 00:46:00";14
"2019-03-18 00:46:07";14
"2019-03-18 00:56:00";13
"2019-03-18 00:56:05";13
"2019-03-18 01:06:00";13
"2019-03-18 01:06:05";13
"2019-03-18 01:16:00";13
"2019-03-18 01:16:06";13
"2019-03-18 01:26:00";13
"2019-03-18 01:26:06";13
"2019-03-18 01:36:00";13
"2019-03-18 01:36:06";13
"2019-03-18 01:46:00";13
"2019-03-18 01:46:06";13
"2019-03-18 01:56:00";14
"2019-03-18 01:56:05";14
"2019-03-18 02:06:00";14
"2019-03-18 02:06:05";14
"2019-03-18 02:16:00";14
"2019-03-18 02:16:05";14
"2019-03-18 02:26:00";12
"2019-03-18 02:26:04";12
"2019-03-18 02:36:00";12
"2019-03-18 02:36:05";12
"2019-03-18 02:46:00";12
"2019-03-18 02:46:05";12
"2019-03-18 02:56:00";12
"2019-03-18 02:56:05";12
"2019-03-18 03:06:00";12
"2019-03-18 03:06:05";12
"2019-03-18 03:16:00";12
"2019-03-18 03:16:05";12
"2019-03-18 03:26:00";12
"2019-03-18 03:26:05";12
"2019-03-18 03:36:00";12
"2019-03-18 03:36:05";12
"2019-03-18 03:46:00";12
"2019-03-18 03:46:05";12
"2019-03-18 03:56:00";12
"2019-03-18 03:56:05";12
"2019-03-18 04:06:00";12
"2019-03-18 04:06:05";12
"2019-03-18 04:16:00";12
"2019-03-18 04:16:05";12
"2019-03-18 04:26:00";12
"2019-03-18 04:26:05";12
"2019-03-18 04:36:00";12
"2019-03-18 04:36:05";12
"2019-03-18 04:46:00";12
"2019-03-18 04:46:05";12
"2019-03-18 04:56:00";13
"2019-03-18 04:56:05";13
"2019-03-18 05:06:00";13
"2019-03-18 05:06:04";13
"2019-03-18 05:16:00";13
"2019-03-18 05:16:05";13
"2019-03-18 05:26:00";12
"2019-03-18 05:26:05";12
"2019-03-18 05:36:00";12
"2019-03-18 05:36:05";12
"2019-03-18 05:46:00";12
"2019-03-18 05:46:05";12
"2019-03-18 05:56:00";12
"2019-03-18 05:56:05";12
"2019-03-18 06:06:00";12
"2019-03-18 06:06:05";12
"2019-03-18 06:16:00";12
"2019-03-18 06:16:05";12
"2019-03-18 06:26:00";12
"2019-03-18 06:26:05";12
"2019-03-18 06:36:00";12
"2019-03-18 06:36:05";12
"2019-03-18 06:46:00";12
"2019-03-18 06:46:05";12
"2019-03-18 06:56:00";12
"2019-03-18 06:56:05";12
"2019-03-18 07:06:00";11
"2019-03-18 07:06:05";11
"2019-03-18 07:16:00";11
"2019-03-18 07:16:05";11
"2019-03-18 07:26:00";12
"2019-03-18 07:26:05";12
"2019-03-18 07:36:00";12
"2019-03-18 07:36:05";12
"2019-03-18 07:46:00";12
"2019-03-18 07:46:05";12
"2019-03-18 07:56:00";12
"2019-03-18 07:56:05";12
"2019-03-18 08:06:00";12
"2019-03-18 08:06:05";12
"2019-03-18 08:16:00";12
"2019-03-18 08:16:05";12
"2019-03-18 08:26:00";11
"2019-03-18 08:26:05";11
"2019-03-18 08:36:00";11
"2019-03-18 08:36:05";11
"2019-03-18 08:46:00";11
"2019-03-18 08:46:06";11
"2019-03-18 08:56:00";10
"2019-03-18 08:56:05";10
"2019-03-18 09:06:00";10
"2019-03-18 09:06:05";10
"2019-03-18 09:16:00";10
"2019-03-18 09:16:05";10
"2019-03-18 09:26:00";12
"2019-03-18 09:26:05";12
"2019-03-18 09:36:00";12
"2019-03-18 09:36:05";12
"2019-03-18 09:46:00";12
"2019-03-18 09:46:08";12
"2019-03-18 09:56:00";13
"2019-03-18 09:56:05";13
"2019-03-18 10:06:00";13
"2019-03-18 10:06:05";13
"2019-03-18 10:16:00";13
"2019-03-18 10:16:05";13
"2019-03-18 10:26:00";10
"2019-03-18 10:26:08";10
"2019-03-18 10:36:00";10
"2019-03-18 10:36:05";10
"2019-03-18 10:46:00";10
"2019-03-18 10:46:05";10
"2019-03-18 10:56:00";8
"2019-03-18 10:56:05";8
"2019-03-18 11:06:00";8
"2019-03-18 11:06:05";8
"2019-03-18 11:16:00";8
"2019-03-18 11:16:06";8
"2019-03-18 11:26:00";8
"2019-03-18 11:26:07";8
"2019-03-18 11:36:00";8
"2019-03-18 11:36:05";8
"2019-03-18 11:46:00";8
"2019-03-18 11:46:06";8
"2019-03-18 11:56:00";9
"2019-03-18 11:56:09";9
"2019-03-18 12:06:00";9
"2019-03-18 12:06:05";9
"2019-03-18 12:16:00";9
"2019-03-18 12:16:05";9
"2019-03-18 12:26:00";7
"2019-03-18 12:26:05";7
"2019-03-18 12:36:00";7
"2019-03-18 12:36:05";7
"2019-03-18 12:46:00";7
"2019-03-18 12:46:06";7
"2019-03-18 12:56:00";7
"2019-03-18 12:56:06";7
"2019-03-18 13:06:00";7
"2019-03-18 13:06:05";7
"2019-03-18 13:16:00";7
"2019-03-18 13:16:05";7
"2019-03-18 13:26:00";8
"2019-03-18 13:26:05";8
"2019-03-18 13:36:00";8
"2019-03-18 13:36:05";8
"2019-03-18 13:46:00";8
"2019-03-18 13:46:06";8
"2019-03-18 13:56:00";9
"2019-03-18 13:56:05";9
"2019-03-18 14:06:00";9
"2019-03-18 14:06:05";9
"2019-03-18 14:16:00";9
"2019-03-18 14:16:05";9
"2019-03-18 14:26:00";8
"2019-03-18 14:26:05";8
"2019-03-18 14:36:00";8
"2019-03-18 14:36:05";8
"2019-03-18 14:46:00";8
"2019-03-18 14:46:06";8
"2019-03-18 14:56:00";8
"2019-03-18 14:56:05";8
"2019-03-18 15:06:00";8
"2019-03-18 15:06:06";8
"2019-03-18 15:16:00";8
"2019-03-18 15:16:06";8
"2019-03-18 15:26:00";7
"2019-03-18 15:26:05";7
"2019-03-18 15:36:00";7
"2019-03-18 15:36:05";7
"2019-03-18 15:46:00";7
"2019-03-18 15:46:05";7
"2019-03-18 15:56:00";11
"2019-03-18 15:56:05";11
"2019-03-18 16:06:00";11
"2019-03-18 16:06:05";11
"2019-03-18 16:16:00";11
"2019-03-18 16:16:05";11
"2019-03-18 16:26:00";11
"2019-03-18 16:26:05";11
"2019-03-18 16:36:00";10
"2019-03-18 16:36:05";10
"2019-03-18 16:46:00";10
"2019-03-18 16:46:05";10
"2019-03-18 16:56:00";11
"2019-03-18 16:56:05";11
"2019-03-18 17:06:00";11
"2019-03-18 17:06:05";11
"2019-03-18 17:16:00";11
"2019-03-18 17:16:07";11
"2019-03-18 17:56:00";12
"2019-03-18 17:56:05";12
"2019-03-18 18:06:00";12
"2019-03-18 18:06:05";12
"2019-03-18 18:16:00";12
"2019-03-18 18:16:05";12
"2019-03-18 18:26:00";11
"2019-03-18 18:26:05";11
"2019-03-18 18:36:00";11
"2019-03-18 18:36:05";11
"2019-03-18 18:46:00";11
"2019-03-18 18:46:06";11
"2019-03-18 18:56:00";11
"2019-03-18 18:56:05";11
"2019-03-18 19:06:00";11
"2019-03-18 19:06:05";11
"2019-03-18 19:16:00";11
"2019-03-18 19:16:05";11
"2019-03-18 19:26:00";8
"2019-03-18 19:26:05";8
"2019-03-18 19:36:00";8
"2019-03-18 19:36:05";8
"2019-03-18 19:46:00";8
"2019-03-18 19:46:05";8
"2019-03-18 19:56:00";10
"2019-03-18 19:56:05";10
"2019-03-18 20:06:00";10
"2019-03-18 20:06:08";10
"2019-03-18 20:16:00";10
"2019-03-18 20:16:05";10
"2019-03-18 20:26:00";10
"2019-03-18 20:26:05";10
"2019-03-18 20:36:00";10
"2019-03-18 20:36:05";10
"2019-03-18 21:26:00";10
"2019-03-18 21:26:06";10
"2019-03-18 21:56:00";11
"2019-03-18 21:56:05";11
"2019-03-18 22:06:00";11
"2019-03-18 22:06:06";11
"2019-03-18 22:16:00";11
"2019-03-18 22:16:06";11
"2019-03-18 22:26:00";10
"2019-03-18 22:26:05";10
"2019-03-18 22:36:00";10
"2019-03-18 22:36:06";10
"2019-03-18 22:46:00";10
"2019-03-18 22:46:05";10
"2019-03-18 22:56:00";11
"2019-03-18 22:56:05";11
"2019-03-18 23:06:00";11
"2019-03-18 23:06:05";11
"2019-03-18 23:16:00";11
"2019-03-18 23:16:06";11
"2019-03-18 23:26:00";10
"2019-03-18 23:26:05";10
"2019-03-18 23:36:00";10
"2019-03-18 23:36:06";10
"2019-03-18 23:46:00";10
"2019-03-18 23:46:07";10
"2019-03-18 23:56:00";9
"2019-03-18 23:56:06";9
"2019-03-19 00:06:00";9
"2019-03-19 00:06:06";9
"2019-03-19 00:16:00";9
"2019-03-19 00:16:06";9
"2019-03-19 00:26:00";11
"2019-03-19 00:26:06";11
"2019-03-19 00:36:00";11
"2019-03-19 00:36:06";11
"2019-03-19 00:46:00";11
"2019-03-19 00:46:07";11
"2019-03-19 00:56:00";10
"2019-03-19 00:56:07";10
"2019-03-19 01:06:00";10
"2019-03-19 01:06:05";10
"2019-03-19 01:16:00";10
"2019-03-19 01:16:05";10
"2019-03-19 01:26:00";10
"2019-03-19 01:26:05";10
"2019-03-19 01:36:00";10
"2019-03-19 01:36:05";10
"2019-03-19 01:46:00";10
"2019-03-19 01:46:05";10
"2019-03-19 01:56:00";10
"2019-03-19 01:56:05";10
"2019-03-19 02:06:00";10
"2019-03-19 02:06:04";10
"2019-03-19 02:16:00";10
"2019-03-19 02:16:05";10
"2019-03-19 02:26:00";10
"2019-03-19 02:26:05";10
"2019-03-19 02:36:05";10
"2019-03-19 02:46:00";10
"2019-03-19 02:46:05";10
"2019-03-19 02:56:00";10
"2019-03-19 02:56:05";10
"2019-03-19 03:06:00";10
"2019-03-19 03:06:05";10
"2019-03-19 03:16:00";10
"2019-03-19 03:16:05";10
"2019-03-19 03:26:00";10
"2019-03-19 03:26:05";10
"2019-03-19 03:36:00";10
"2019-03-19 03:36:05";10
"2019-03-19 03:46:00";10
"2019-03-19 03:46:06";10
"2019-03-19 03:56:00";10
"2019-03-19 03:56:06";10
"2019-03-19 04:06:00";10
"2019-03-19 04:06:06";10
"2019-03-19 04:16:00";10
"2019-03-19 04:16:05";10
"2019-03-19 04:26:00";9
"2019-03-19 04:26:05";9
"2019-03-19 04:36:00";9
"2019-03-19 04:36:06";9
"2019-03-19 04:46:00";9
"2019-03-19 04:46:05";9
"2019-03-19 04:56:00";11
"2019-03-19 04:56:05";11
"2019-03-19 05:06:00";11
"2019-03-19 05:06:05";11
"2019-03-19 05:16:00";11
"2019-03-19 05:16:05";11
"2019-03-19 05:26:00";9
"2019-03-19 05:26:05";9
"2019-03-19 05:36:00";9
"2019-03-19 05:36:05";9
"2019-03-19 05:46:00";9
"2019-03-19 05:46:06";9
"2019-03-19 05:56:00";11
"2019-03-19 05:56:05";11
"2019-03-19 06:06:00";11
"2019-03-19 06:06:05";11
"2019-03-19 06:16:00";11
"2019-03-19 06:16:05";11
"2019-03-19 06:26:00";9
"2019-03-19 06:26:05";9
"2019-03-19 06:36:00";9
"2019-03-19 06:36:04";9
"2019-03-19 06:46:00";9
"2019-03-19 06:46:06";9
"2019-03-19 06:56:00";9
"2019-03-19 06:56:05";9
"2019-03-19 07:06:00";9
"2019-03-19 07:06:05";9
"2019-03-19 07:16:00";9
"2019-03-19 07:16:05";9
"2019-03-19 07:26:00";10
"2019-03-19 07:26:05";10
"2019-03-19 07:36:00";10
"2019-03-19 07:36:05";10
"2019-03-19 07:46:00";10
"2019-03-19 07:46:06";10
"2019-03-19 07:56:00";10
"2019-03-19 07:56:05";10
"2019-03-19 08:06:00";10
"2019-03-19 08:06:04";10
"2019-03-19 08:16:00";10
"2019-03-19 08:16:05";10
"2019-03-19 08:26:00";10
"2019-03-19 08:26:05";10
"2019-03-19 08:36:00";10
"2019-03-19 08:36:06";10
"2019-03-19 08:46:00";10
"2019-03-19 08:46:06";10
"2019-03-19 08:56:00";10
"2019-03-19 08:56:05";10
"2019-03-19 09:06:00";10
"2019-03-19 09:06:04";10
"2019-03-19 09:16:00";10
"2019-03-19 09:16:05";10
"2019-03-19 09:26:00";11
"2019-03-19 09:26:05";11
"2019-03-19 09:36:00";11
"2019-03-19 09:36:05";11
"2019-03-19 09:46:00";11
"2019-03-19 09:46:05";11
"2019-03-19 09:56:00";11
"2019-03-19 09:56:05";11
"2019-03-19 10:06:00";11
"2019-03-19 10:06:05";11
"2019-03-19 10:16:00";11
"2019-03-19 10:16:05";11
"2019-03-19 10:26:00";8
"2019-03-19 10:26:05";8
"2019-03-19 10:36:00";8
"2019-03-19 10:36:05";8
"2019-03-19 10:46:00";8
"2019-03-19 10:46:06";8
"2019-03-19 10:56:00";7
"2019-03-19 10:56:05";7
"2019-03-19 11:06:00";7
"2019-03-19 11:06:05";7
"2019-03-19 11:16:00";7
"2019-03-19 11:16:05";7
"2019-03-19 11:26:00";9
"2019-03-19 11:26:06";9
"2019-03-19 11:36:00";9
"2019-03-19 11:36:05";9
"2019-03-19 11:46:00";9
"2019-03-19 11:46:06";9
"2019-03-19 11:56:00";8
"2019-03-19 11:56:06";8
"2019-03-19 12:06:00";8
"2019-03-19 12:06:06";8
"2019-03-19 12:16:00";8
"2019-03-19 12:16:05";8
"2019-03-19 12:26:00";9
"2019-03-19 12:26:05";9
"2019-03-19 12:36:00";9
"2019-03-19 12:36:06";9
"2019-03-19 12:46:00";9
"2019-03-19 12:46:05";9
"2019-03-19 12:56:00";8
"2019-03-19 12:56:06";8
"2019-03-19 13:06:00";8
"2019-03-19 13:06:05";8
"2019-03-19 13:16:00";8
"2019-03-19 13:16:05";8
"2019-03-19 13:26:00";7
"2019-03-19 13:26:05";7
"2019-03-19 13:36:00";7
"2019-03-19 13:36:05";7
"2019-03-19 13:46:00";7
"2019-03-19 13:46:05";7
"2019-03-19 13:56:00";7
"2019-03-19 13:56:06";7
"2019-03-19 14:06:00";8
"2019-03-19 14:06:05";8
"2019-03-19 14:16:00";8
"2019-03-19 14:16:06";8
"2019-03-19 14:26:00";8
"2019-03-19 14:26:05";8
"2019-03-19 14:36:00";8
"2019-03-19 14:36:05";8
"2019-03-19 14:46:00";8
"2019-03-19 14:46:05";8
"2019-03-19 14:56:00";8
"2019-03-19 14:56:05";8
"2019-03-19 15:06:00";8
"2019-03-19 15:06:05";8
"2019-03-19 15:16:00";8
"2019-03-19 15:16:05";8
"2019-03-19 15:26:00";8
"2019-03-19 15:26:05";8
"2019-03-19 15:36:00";8
"2019-03-19 15:36:05";8
"2019-03-19 15:46:00";8
"2019-03-19 15:46:05";8
"2019-03-19 15:56:00";10
"2019-03-19 15:56:05";10
"2019-03-19 16:06:00";10
"2019-03-19 16:06:05";10
"2019-03-19 16:16:00";10
"2019-03-19 16:16:05";10
"2019-03-19 16:26:00";10
"2019-03-19 16:26:06";10
"2019-03-19 16:36:00";10
"2019-03-19 16:36:05";10
"2019-03-19 16:46:00";10
"2019-03-19 16:46:05";10
"2019-03-19 16:56:00";11
"2019-03-19 16:56:05";11
"2019-03-19 17:06:00";11
"2019-03-19 17:06:05";11
"2019-03-19 17:16:00";11
"2019-03-19 17:16:05";11
"2019-03-19 17:26:00";11
"2019-03-19 17:26:05";11
"2019-03-19 17:36:00";11
"2019-03-19 17:36:05";11
"2019-03-19 17:46:00";11
"2019-03-19 17:46:05";11
"2019-03-19 17:56:00";10
"2019-03-19 17:56:05";10
"2019-03-19 18:06:00";10
"2019-03-19 18:06:05";10
"2019-03-19 18:16:00";10
"2019-03-19 18:16:05";10
"2019-03-19 18:26:00";11
"2019-03-19 18:26:06";11
"2019-03-19 18:36:00";11
"2019-03-19 18:36:05";11
"2019-03-19 18:46:00";11
"2019-03-19 18:46:06";11
"2019-03-19 18:56:00";10
"2019-03-19 18:56:05";10
"2019-03-19 19:06:00";10
"2019-03-19 19:06:05";10
"2019-03-19 19:16:00";10
"2019-03-19 19:16:05";10
"2019-03-19 19:26:00";9
"2019-03-19 19:26:05";9
"2019-03-19 19:36:00";9
"2019-03-19 19:36:05";9
"2019-03-19 19:46:00";9
"2019-03-19 19:46:06";9
"2019-03-19 19:56:00";9
"2019-03-19 19:56:05";9
"2019-03-19 20:06:00";9
"2019-03-19 20:06:05";9
"2019-03-19 20:16:00";9
"2019-03-19 20:16:05";9
"2019-03-19 20:26:00";10
"2019-03-19 20:26:05";10
"2019-03-19 20:36:00";10
"2019-03-19 20:36:05";10
"2019-03-19 20:46:00";10
"2019-03-19 20:46:05";10
"2019-03-19 20:56:00";8
"2019-03-19 20:56:05";8
"2019-03-19 21:06:00";8
"2019-03-19 21:06:05";8
"2019-03-19 21:16:00";8
"2019-03-19 21:16:08";8
"2019-03-19 21:26:00";9
"2019-03-19 21:26:06";9
"2019-03-19 21:36:00";9
"2019-03-19 21:36:05";9
"2019-03-19 21:46:00";9
"2019-03-19 21:46:06";9
"2019-03-19 21:56:00";10
"2019-03-19 21:56:06";10
"2019-03-19 22:06:00";10
"2019-03-19 22:06:08";10
"2019-03-19 22:16:00";10
"2019-03-19 22:16:06";10
"2019-03-19 22:26:00";11
"2019-03-19 22:26:06";11
"2019-03-19 22:36:00";11
"2019-03-19 22:36:05";11
"2019-03-19 22:46:00";11
"2019-03-19 22:46:05";11
"2019-03-19 22:56:00";9
"2019-03-19 22:56:05";9
"2019-03-19 23:06:00";9
"2019-03-19 23:06:05";9
"2019-03-19 23:16:00";9
"2019-03-19 23:16:05";9
"2019-03-19 23:26:00";9
"2019-03-19 23:26:05";9
"2019-03-19 23:36:00";9
"2019-03-19 23:36:05";9
"2019-03-19 23:46:00";9
"2019-03-19 23:46:05";9
"2019-03-19 23:56:00";10
"2019-03-19 23:56:06";10
"2019-03-20 00:06:00";10
"2019-03-20 00:06:06";10
"2019-03-20 00:16:00";10
"2019-03-20 00:16:05";10
"2019-03-20 00:26:00";10
"2019-03-20 00:26:07";10
"2019-03-20 00:36:00";10
"2019-03-20 00:36:05";10
"2019-03-20 00:46:00";10
"2019-03-20 00:46:06";10
"2019-03-20 00:56:00";10
"2019-03-20 00:56:06";10
"2019-03-20 01:06:00";10
"2019-03-20 01:06:06";10
"2019-03-20 01:16:00";9
"2019-03-20 01:16:05";9
"2019-03-20 01:26:00";9
"2019-03-20 01:26:05";9
"2019-03-20 01:36:00";9
"2019-03-20 01:36:05";9
"2019-03-20 01:46:00";9
"2019-03-20 01:46:05";9
"2019-03-20 01:56:00";9
"2019-03-20 01:56:06";9
"2019-03-20 02:06:00";9
"2019-03-20 02:06:06";9
"2019-03-20 02:16:00";9
"2019-03-20 02:16:05";9
"2019-03-20 02:26:00";10
"2019-03-20 02:26:04";10
"2019-03-20 02:36:00";10
"2019-03-20 02:36:05";10
"2019-03-20 02:46:00";10
"2019-03-20 02:46:05";10
"2019-03-20 02:56:00";9
"2019-03-20 02:56:06";9
"2019-03-20 03:06:00";9
"2019-03-20 03:06:05";9
"2019-03-20 03:16:00";9
"2019-03-20 03:16:05";9
"2019-03-20 03:26:00";10
"2019-03-20 03:26:05";10
"2019-03-20 03:36:00";10
"2019-03-20 03:36:05";10
"2019-03-20 03:46:00";10
"2019-03-20 03:46:05";10
"2019-03-20 03:56:00";11
"2019-03-20 03:56:06";11
"2019-03-20 04:06:00";11
"2019-03-20 04:06:06";11
"2019-03-20 04:16:00";11
"2019-03-20 04:16:06";11
"2019-03-20 04:26:00";10
"2019-03-20 04:26:05";10
"2019-03-20 04:36:00";10
"2019-03-20 04:36:05";10
"2019-03-20 04:46:00";9
"2019-03-20 04:46:05";9
"2019-03-20 04:56:00";9
"2019-03-20 04:56:05";9
"2019-03-20 05:06:00";9
"2019-03-20 05:06:05";9
"2019-03-20 05:16:00";9
"2019-03-20 05:16:05";9
"2019-03-20 05:26:00";10
"2019-03-20 05:26:05";10
"2019-03-20 05:36:00";10
"2019-03-20 05:36:05";10
"2019-03-20 05:46:00";10
"2019-03-20 05:46:05";10
"2019-03-20 05:56:00";8
"2019-03-20 05:56:05";8
"2019-03-20 06:06:00";8
"2019-03-20 06:06:04";8
"2019-03-20 06:16:00";8
"2019-03-20 06:16:05";8
"2019-03-20 06:26:00";9
"2019-03-20 06:26:05";9
"2019-03-20 06:36:00";9
"2019-03-20 06:36:05";9
"2019-03-20 06:46:00";9
"2019-03-20 06:46:05";9
"2019-03-20 06:56:00";10
"2019-03-20 06:56:05";10
"2019-03-20 07:06:00";10
"2019-03-20 07:06:05";10
"2019-03-20 07:16:00";10
"2019-03-20 07:16:05";10
"2019-03-20 07:26:00";10
"2019-03-20 07:26:05";10
"2019-03-20 07:36:00";10
"2019-03-20 07:36:05";10
"2019-03-20 07:46:00";10
"2019-03-20 07:46:05";10
"2019-03-20 07:56:00";10
"2019-03-20 07:56:06";10
"2019-03-20 08:06:00";10
"2019-03-20 08:06:05";10
"2019-03-20 08:16:00";10
"2019-03-20 08:16:05";10
"2019-03-20 08:26:00";9
"2019-03-20 08:26:05";9
"2019-03-20 08:36:00";9
"2019-03-20 08:36:05";9
"2019-03-20 08:46:00";9
"2019-03-20 08:46:06";9
"2019-03-20 08:56:00";9
"2019-03-20 08:56:05";9
"2019-03-20 09:06:00";9
"2019-03-20 09:06:05";9
"2019-03-20 09:16:00";11
"2019-03-20 09:16:05";11
"2019-03-20 09:26:00";11
"2019-03-20 09:26:05";11
"2019-03-20 09:36:00";11
"2019-03-20 09:36:05";11
"2019-03-20 09:46:00";11
"2019-03-20 09:46:06";11
"2019-03-20 09:56:00";11
"2019-03-20 09:56:05";11
"2019-03-20 10:06:00";11
"2019-03-20 10:06:05";11
"2019-03-20 10:16:00";11
"2019-03-20 10:16:05";11
"2019-03-20 10:26:00";9
"2019-03-20 10:26:05";9
"2019-03-20 10:36:00";9
"2019-03-20 10:36:05";9
"2019-03-20 10:46:00";9
"2019-03-20 10:46:06";9
"2019-03-20 10:56:00";6
"2019-03-20 10:56:06";6
"2019-03-20 11:06:00";6
"2019-03-20 11:06:05";6
"2019-03-20 11:16:00";6
"2019-03-20 11:16:06";6
"2019-03-20 11:26:00";6
"2019-03-20 11:26:06";6
"2019-03-20 11:36:00";6
"2019-03-20 11:36:05";6
"2019-03-20 11:46:00";6
"2019-03-20 11:46:05";6
"2019-03-20 11:56:00";6
"2019-03-20 11:56:06";6
"2019-03-20 12:06:00";7
"2019-03-20 12:06:06";7
"2019-03-20 12:16:00";7
"2019-03-20 12:16:05";7
"2019-03-20 12:26:00";8
"2019-03-20 12:26:05";8
"2019-03-20 12:36:00";8
"2019-03-20 12:36:05";8
"2019-03-20 12:46:00";8
"2019-03-20 12:46:05";8
"2019-03-20 12:56:00";7
"2019-03-20 12:56:05";7
"2019-03-20 13:06:00";7
"2019-03-20 13:06:05";7
"2019-03-20 13:16:00";7
"2019-03-20 13:16:05";7
"2019-03-20 13:26:00";8
"2019-03-20 13:26:05";8
"2019-03-20 13:36:00";8
"2019-03-20 13:36:05";8
"2019-03-20 13:46:00";8
"2019-03-20 13:46:05";8
"2019-03-20 13:56:00";8
"2019-03-20 13:56:05";8
"2019-03-20 14:06:00";8
"2019-03-20 14:06:05";8
"2019-03-20 14:16:00";8
"2019-03-20 14:16:05";8
"2019-03-20 14:26:00";8
"2019-03-20 14:26:05";8
"2019-03-20 14:36:00";8
"2019-03-20 14:36:05";8
"2019-03-20 14:46:00";8
"2019-03-20 14:46:05";8
"2019-03-20 14:56:00";8
"2019-03-20 14:56:05";8
"2019-03-20 15:06:00";8
"2019-03-20 15:06:05";8
"2019-03-20 15:16:00";8
"2019-03-20 15:16:05";8
"2019-03-20 15:26:00";8
"2019-03-20 15:26:06";8
"2019-03-20 15:36:00";8
"2019-03-20 15:36:05";8
"2019-03-20 15:46:00";8
"2019-03-20 15:46:06";8
"2019-03-20 15:56:00";10
"2019-03-20 15:56:05";10
"2019-03-20 16:06:00";10
"2019-03-20 16:06:05";10
"2019-03-20 16:16:00";10
"2019-03-20 16:16:05";10
"2019-03-20 16:26:00";11
"2019-03-20 16:26:06";11
"2019-03-20 16:36:00";11
"2019-03-20 16:36:05";11
"2019-03-20 16:46:00";11
"2019-03-20 16:46:05";11
"2019-03-20 16:56:00";12
"2019-03-20 16:56:05";12
"2019-03-20 17:06:00";12
"2019-03-20 17:06:05";12
"2019-03-20 17:16:00";12
"2019-03-20 17:16:05";12
"2019-03-20 17:26:00";11
"2019-03-20 17:26:05";11
"2019-03-20 17:36:00";11
"2019-03-20 17:36:06";11
"2019-03-20 17:46:00";11
"2019-03-20 17:46:06";11
"2019-03-20 17:56:00";13
"2019-03-20 17:56:04";13
"2019-03-20 18:06:00";13
"2019-03-20 18:06:07";13
"2019-03-20 18:16:00";13
"2019-03-20 18:16:05";13
"2019-03-20 18:26:00";11
"2019-03-20 18:26:05";11
"2019-03-20 18:36:00";11
"2019-03-20 18:36:05";11
"2019-03-20 18:46:00";11
"2019-03-20 18:46:05";11
"2019-03-20 18:56:00";10
"2019-03-20 18:56:05";10
"2019-03-20 19:06:00";10
"2019-03-20 19:06:06";10
"2019-03-20 19:16:00";10
"2019-03-20 19:16:05";10
"2019-03-20 19:26:00";10
"2019-03-20 19:26:05";10
"2019-03-20 19:36:00";10
"2019-03-20 19:36:06";10
"2019-03-20 19:46:00";10
"2019-03-20 19:46:05";10
"2019-03-20 19:56:00";9
"2019-03-20 19:56:05";9
"2019-03-20 20:06:00";9
"2019-03-20 20:06:06";9
"2019-03-20 20:16:00";9
"2019-03-20 20:16:05";9
"2019-03-20 20:26:00";10
"2019-03-20 20:26:05";10
"2019-03-20 20:36:00";10
"2019-03-20 20:36:06";10
"2019-03-20 20:46:00";10
"2019-03-20 20:46:05";10
"2019-03-20 20:56:00";9
"2019-03-20 20:56:05";9
"2019-03-20 21:06:00";9
"2019-03-20 21:06:06";9
"2019-03-20 21:16:00";9
"2019-03-20 21:16:05";9
"2019-03-20 21:26:00";10
"2019-03-20 21:26:05";10
"2019-03-20 21:36:00";10
"2019-03-20 21:36:05";10
"2019-03-20 21:46:00";10
"2019-03-20 21:46:06";10
"2019-03-20 21:56:00";10
"2019-03-20 21:56:05";10
"2019-03-20 22:06:00";10
"2019-03-20 22:06:07";10
"2019-03-20 22:16:00";10
"2019-03-20 22:16:06";10
"2019-03-20 22:26:00";10
"2019-03-20 22:26:06";10
"2019-03-20 22:36:00";10
"2019-03-20 22:36:06";10
"2019-03-20 22:46:00";10
"2019-03-20 22:46:06";10
"2019-03-20 22:56:00";10
"2019-03-20 22:56:05";10
"2019-03-20 23:06:00";10
"2019-03-20 23:06:05";10
"2019-03-20 23:16:00";10
"2019-03-20 23:16:05";10
"2019-03-20 23:26:00";10
"2019-03-20 23:26:05";10
"2019-03-20 23:36:00";10
"2019-03-20 23:36:06";10
"2019-03-20 23:46:00";10
"2019-03-20 23:46:06";10
"2019-03-20 23:56:00";9
"2019-03-20 23:56:06";9
"2019-03-21 00:06:00";9
"2019-03-21 00:06:06";9
"2019-03-21 00:16:00";9
"2019-03-21 00:16:06";9
"2019-03-21 00:26:00";10
"2019-03-21 00:26:06";10
"2019-03-21 00:36:00";10
"2019-03-21 00:36:06";10
"2019-03-21 00:46:00";10
"2019-03-21 00:46:06";10
"2019-03-21 00:56:00";10
"2019-03-21 00:56:06";10
"2019-03-21 01:06:00";10
"2019-03-21 01:06:05";10
"2019-03-21 01:16:00";10
"2019-03-21 01:16:08";10
"2019-03-21 01:26:00";8
"2019-03-21 01:26:05";8
"2019-03-21 01:36:00";8
"2019-03-21 01:36:05";8
"2019-03-21 01:46:00";8
"2019-03-21 01:46:07";8
"2019-03-21 01:56:00";12
"2019-03-21 01:56:06";12
"2019-03-21 02:06:00";12
"2019-03-21 02:06:05";12
"2019-03-21 02:16:00";12
"2019-03-21 02:16:05";12
"2019-03-21 02:26:00";10
"2019-03-21 02:26:05";10
"2019-03-21 02:36:00";10
"2019-03-21 02:36:05";10
"2019-03-21 02:46:00";10
"2019-03-21 02:46:05";10
"2019-03-21 02:56:00";9
"2019-03-21 02:56:05";9
"2019-03-21 03:06:00";9
"2019-03-21 03:06:05";9
"2019-03-21 03:16:00";9
"2019-03-21 03:16:05";9
"2019-03-21 03:26:00";10
"2019-03-21 03:26:05";10
"2019-03-21 03:36:00";10
"2019-03-21 03:36:05";10
"2019-03-21 03:46:00";10
"2019-03-21 03:46:05";10
"2019-03-21 03:56:00";9
"2019-03-21 03:56:06";9
"2019-03-21 04:06:00";9
"2019-03-21 04:06:06";9
"2019-03-21 04:16:00";9
"2019-03-21 04:16:05";9
"2019-03-21 04:26:00";10
"2019-03-21 04:26:05";10
"2019-03-21 04:36:00";10
"2019-03-21 04:36:05";10
"2019-03-21 04:46:00";10
"2019-03-21 04:46:06";10
"2019-03-21 04:56:00";9
"2019-03-21 04:56:05";9
"2019-03-21 05:06:00";9
"2019-03-21 05:06:05";9
"2019-03-21 05:16:00";9
"2019-03-21 05:16:05";9
"2019-03-21 05:26:00";9
"2019-03-21 05:26:05";9
"2019-03-21 05:36:00";9
"2019-03-21 05:36:05";9
"2019-03-21 05:46:00";9
"2019-03-21 05:46:05";9
"2019-03-21 05:56:00";9
"2019-03-21 05:56:04";9
"2019-03-21 06:06:00";9
"2019-03-21 06:06:05";9
"2019-03-21 06:16:00";10
"2019-03-21 06:16:05";10
"2019-03-21 06:26:00";10
"2019-03-21 06:26:05";10
"2019-03-21 06:36:00";10
"2019-03-21 06:36:05";10
"2019-03-21 06:46:00";10
"2019-03-21 06:46:06";10
"2019-03-21 06:56:00";10
"2019-03-21 06:56:05";10
"2019-03-21 07:06:00";10
"2019-03-21 07:06:05";10
"2019-03-21 07:16:00";10
"2019-03-21 07:16:05";10
"2019-03-21 07:26:00";9
"2019-03-21 07:26:05";9
"2019-03-21 07:36:00";9
"2019-03-21 07:36:05";9
"2019-03-21 07:46:00";9
"2019-03-21 07:46:05";9
"2019-03-21 07:56:00";9
"2019-03-21 07:56:05";9
"2019-03-21 08:06:00";9
"2019-03-21 08:06:07";9
"2019-03-21 08:16:00";9
"2019-03-21 08:16:05";9
"2019-03-21 08:26:00";9
"2019-03-21 08:26:05";9
"2019-03-21 08:36:00";9
"2019-03-21 08:36:05";9
"2019-03-21 08:46:00";9
"2019-03-21 08:46:05";9
"2019-03-21 08:56:00";11
"2019-03-21 08:56:05";11
"2019-03-21 09:06:00";11
"2019-03-21 09:06:05";11
"2019-03-21 09:16:00";11
"2019-03-21 09:16:05";11
"2019-03-21 09:26:00";12
"2019-03-21 09:26:05";12
"2019-03-21 09:36:00";12
"2019-03-21 09:36:05";12
"2019-03-21 09:46:00";12
"2019-03-21 09:46:05";12
"2019-03-21 09:56:00";12
"2019-03-21 09:56:05";12
"2019-03-21 10:06:00";12
"2019-03-21 10:06:05";12
"2019-03-21 10:16:00";12
"2019-03-21 10:16:05";12
"2019-03-21 10:26:00";8
"2019-03-21 10:26:05";8
"2019-03-21 10:36:00";8
"2019-03-21 10:36:06";8
"2019-03-21 10:46:00";8
"2019-03-21 10:46:06";8
"2019-03-21 10:56:00";6
"2019-03-21 10:56:05";6
"2019-03-21 11:06:00";6
"2019-03-21 11:06:06";6
"2019-03-21 11:16:00";6
"2019-03-21 11:16:06";6
"2019-03-21 11:26:00";5
"2019-03-21 11:26:06";5
"2019-03-21 11:36:00";5
"2019-03-21 11:36:05";5
"2019-03-21 11:46:00";5
"2019-03-21 11:46:06";5
"2019-03-21 11:56:00";8
"2019-03-21 11:56:06";8
"2019-03-21 12:06:00";8
"2019-03-21 12:06:05";8
"2019-03-21 12:16:00";8
"2019-03-21 12:16:07";8
"2019-03-21 12:26:00";8
"2019-03-21 12:26:05";8
"2019-03-21 12:36:00";8
"2019-03-21 12:36:05";8
"2019-03-21 12:46:00";8
"2019-03-21 12:46:05";8
"2019-03-21 12:56:00";8
"2019-03-21 12:56:05";8
"2019-03-21 13:06:00";8
"2019-03-21 13:06:05";8
"2019-03-21 13:16:00";8
"2019-03-21 13:16:06";8
"2019-03-21 13:26:00";7
"2019-03-21 13:26:05";7
"2019-03-21 13:36:00";7
"2019-03-21 13:36:05";7
"2019-03-21 13:46:00";7
"2019-03-21 13:46:05";7
"2019-03-21 13:56:00";10
"2019-03-21 13:56:05";10
"2019-03-21 14:06:00";10
"2019-03-21 14:06:05";10
"2019-03-21 14:16:00";10
"2019-03-21 14:16:05";10
"2019-03-21 14:26:00";8
"2019-03-21 14:26:05";8
"2019-03-21 14:36:00";8
"2019-03-21 14:36:05";8
"2019-03-21 14:46:00";8
"2019-03-21 14:46:07";8
"2019-03-21 14:56:00";9
"2019-03-21 14:56:05";9
"2019-03-21 15:06:00";9
"2019-03-21 15:06:06";9
"2019-03-21 15:16:00";9
"2019-03-21 15:16:05";9
"2019-03-21 15:26:00";8
"2019-03-21 15:26:05";8
"2019-03-21 15:36:00";8
"2019-03-21 15:36:05";8
"2019-03-21 15:46:00";8
"2019-03-21 15:46:07";8
"2019-03-21 15:56:00";12
"2019-03-21 15:56:05";12
"2019-03-21 16:06:00";12
"2019-03-21 16:06:05";12
"2019-03-21 16:16:00";12
"2019-03-21 16:16:06";12
"2019-03-21 16:26:00";12
"2019-03-21 16:26:05";12
"2019-03-21 16:36:00";12
"2019-03-21 16:36:06";12
"2019-03-21 16:46:00";12
"2019-03-21 16:46:05";12
"2019-03-21 16:56:00";11
"2019-03-21 16:56:05";11
"2019-03-21 17:06:00";11
"2019-03-21 17:06:07";11
"2019-03-21 17:16:00";11
"2019-03-21 17:16:05";11
"2019-03-21 17:26:00";13
"2019-03-21 17:26:05";13
"2019-03-21 17:36:00";13
"2019-03-21 17:36:05";13
"2019-03-21 17:46:00";13
"2019-03-21 17:46:06";13
"2019-03-21 17:56:00";11
"2019-03-21 17:56:05";11
"2019-03-21 18:06:00";11
"2019-03-21 18:06:05";11
"2019-03-21 18:16:00";11
"2019-03-21 18:16:06";11
"2019-03-21 18:26:00";10
"2019-03-21 18:26:05";10
"2019-03-21 18:36:00";10
"2019-03-21 18:36:05";10
"2019-03-21 18:46:00";10
"2019-03-21 18:46:05";10
"2019-03-21 18:56:00";10
"2019-03-21 18:56:05";10
"2019-03-21 19:06:00";10
"2019-03-21 19:06:05";10
"2019-03-21 19:16:00";10
"2019-03-21 19:16:06";10
"2019-03-21 19:26:00";9
"2019-03-21 19:26:05";9
"2019-03-21 19:36:00";9
"2019-03-21 19:36:06";9
"2019-03-21 19:46:00";9
"2019-03-21 19:46:05";9
"2019-03-21 19:56:00";10
"2019-03-21 19:56:06";10
"2019-03-21 20:06:00";10
"2019-03-21 20:06:06";10
"2019-03-21 20:16:00";10
"2019-03-21 20:16:05";10
"2019-03-21 20:26:00";9
"2019-03-21 20:26:05";9
"2019-03-21 20:36:00";9
"2019-03-21 20:36:06";9
"2019-03-21 20:46:00";9
"2019-03-21 20:46:06";9
"2019-03-21 20:56:00";10
"2019-03-21 20:56:06";10
"2019-03-21 21:06:00";10
"2019-03-21 21:06:06";10
"2019-03-21 21:16:00";10
"2019-03-21 21:16:05";10
"2019-03-21 21:26:00";10
"2019-03-21 21:26:05";10
"2019-03-21 21:36:00";10
"2019-03-21 21:36:05";10
"2019-03-21 21:46:00";10
"2019-03-21 21:46:06";10
"2019-03-21 21:56:00";11
"2019-03-21 21:56:05";11
"2019-03-21 22:06:00";11
"2019-03-21 22:06:06";11
"2019-03-21 22:16:00";11
"2019-03-21 22:16:06";11
"2019-03-21 22:26:00";11
"2019-03-21 22:26:06";11
"2019-03-21 22:36:00";11
"2019-03-21 22:36:09";11
"2019-03-21 22:46:00";11
"2019-03-21 22:46:05";11
"2019-03-21 22:56:00";11
"2019-03-21 22:56:05";11
"2019-03-21 23:06:00";11
"2019-03-21 23:06:05";11
"2019-03-21 23:16:00";11
"2019-03-21 23:16:06";11
"2019-03-21 23:26:00";11
"2019-03-21 23:26:05";11
"2019-03-21 23:36:00";11
"2019-03-21 23:36:06";11
"2019-03-21 23:46:00";11
"2019-03-21 23:46:05";11
"2019-03-21 23:56:00";11
"2019-03-21 23:56:06";11
"2019-03-22 00:06:00";11
"2019-03-22 00:06:06";11
"2019-03-22 00:16:00";11
"2019-03-22 00:16:08";11
"2019-03-22 00:26:00";10
"2019-03-22 00:26:06";10
"2019-03-22 00:36:00";10
"2019-03-22 00:36:07";10
"2019-03-22 00:46:00";11
"2019-03-22 00:46:07";11
"2019-03-22 00:56:00";11
"2019-03-22 00:56:06";11
"2019-03-22 01:06:00";11
"2019-03-22 01:06:06";11
"2019-03-22 01:16:00";11
"2019-03-22 01:16:05";11
"2019-03-22 01:26:00";12
"2019-03-22 01:26:05";12
"2019-03-22 01:36:00";12
"2019-03-22 01:36:05";12
"2019-03-22 01:46:00";12
"2019-03-22 01:46:05";12
"2019-03-22 01:56:00";11
"2019-03-22 01:56:05";11
"2019-03-22 02:06:00";11
"2019-03-22 02:06:05";11
"2019-03-22 02:16:00";11
"2019-03-22 02:16:05";11
"2019-03-22 02:26:00";10
"2019-03-22 02:26:05";10
"2019-03-22 02:36:00";10
"2019-03-22 02:36:05";10
"2019-03-22 02:46:00";10
"2019-03-22 02:46:05";10
"2019-03-22 02:56:00";10
"2019-03-22 02:56:05";10
"2019-03-22 03:06:00";10
"2019-03-22 03:06:05";10
"2019-03-22 03:16:00";10
"2019-03-22 03:16:05";10
"2019-03-22 03:26:00";11
"2019-03-22 03:26:05";11
"2019-03-22 03:36:00";11
"2019-03-22 03:36:05";11
"2019-03-22 03:46:00";11
"2019-03-22 03:46:06";11
"2019-03-22 03:56:00";11
"2019-03-22 03:56:05";11
"2019-03-22 04:06:00";11
"2019-03-22 04:06:06";11
"2019-03-22 04:16:00";11
"2019-03-22 04:16:05";11
"2019-03-22 04:26:00";11
"2019-03-22 04:26:05";11
"2019-03-22 04:36:00";11
"2019-03-22 04:36:05";11
"2019-03-22 04:46:00";11
"2019-03-22 04:46:05";11
"2019-03-22 04:56:00";11
"2019-03-22 04:56:05";11
"2019-03-22 05:06:00";11
"2019-03-22 05:06:05";11
"2019-03-22 05:16:00";11
"2019-03-22 05:16:05";11
"2019-03-22 05:26:00";11
"2019-03-22 05:26:05";11
"2019-03-22 05:36:00";11
"2019-03-22 05:36:05";11
"2019-03-22 05:46:00";11
"2019-03-22 05:46:06";11
"2019-03-22 05:56:00";10
"2019-03-22 05:56:04";10
"2019-03-22 06:06:00";10
"2019-03-22 06:06:05";10
"2019-03-22 06:16:00";10
"2019-03-22 06:16:06";10
"2019-03-22 06:26:00";9
"2019-03-22 06:26:05";9
"2019-03-22 06:36:00";9
"2019-03-22 06:36:05";9
"2019-03-22 06:46:00";9
"2019-03-22 06:46:05";9
"2019-03-22 06:56:00";10
"2019-03-22 06:56:05";10
"2019-03-22 07:06:00";10
"2019-03-22 07:06:05";10
"2019-03-22 07:16:00";10
"2019-03-22 07:16:05";10
"2019-03-22 07:26:00";10
"2019-03-22 07:26:05";10
"2019-03-22 07:36:00";10
"2019-03-22 07:36:04";10
"2019-03-22 07:46:00";10
"2019-03-22 07:46:05";10
"2019-03-22 07:56:00";10
"2019-03-22 07:56:06";10
"2019-03-22 08:06:00";10
"2019-03-22 08:06:05";10
"2019-03-22 08:16:00";10
"2019-03-22 08:16:05";10
"2019-03-22 08:26:00";11
"2019-03-22 08:26:04";11
"2019-03-22 08:36:00";11
"2019-03-22 08:36:05";11
"2019-03-22 08:46:00";11
"2019-03-22 08:46:05";11
"2019-03-22 08:56:00";11
"2019-03-22 08:56:05";11
"2019-03-22 09:06:00";11
"2019-03-22 09:06:05";11
"2019-03-22 09:16:00";11
"2019-03-22 09:16:05";11
"2019-03-22 09:26:00";13
"2019-03-22 09:26:05";13
"2019-03-22 09:36:00";13
"2019-03-22 09:36:04";13
"2019-03-22 09:46:00";13
"2019-03-22 09:46:05";13
"2019-03-22 09:56:00";13
"2019-03-22 09:56:06";13
"2019-03-22 10:06:00";13
"2019-03-22 10:06:05";13
"2019-03-22 10:16:00";13
"2019-03-22 10:16:05";13
"2019-03-22 10:26:00";10
"2019-03-22 10:26:05";10
"2019-03-22 10:36:00";10
"2019-03-22 10:36:05";10
"2019-03-22 10:46:00";10
"2019-03-22 10:46:06";10
"2019-03-22 10:56:00";8
"2019-03-22 10:56:05";8
"2019-03-22 11:06:00";8
"2019-03-22 11:06:05";8
"2019-03-22 11:16:00";8
"2019-03-22 11:16:05";8
"2019-03-22 11:26:00";8
"2019-03-22 11:26:05";8
"2019-03-22 11:36:00";8
"2019-03-22 11:36:05";8
"2019-03-22 11:46:00";8
"2019-03-22 11:46:06";8
"2019-03-22 11:56:00";10
"2019-03-22 11:56:06";10
"2019-03-22 12:06:00";10
"2019-03-22 12:06:05";10
"2019-03-22 12:16:00";10
"2019-03-22 12:16:05";10
"2019-03-22 12:26:00";9
"2019-03-22 12:26:05";9
"2019-03-22 12:36:00";9
"2019-03-22 12:36:05";9
"2019-03-22 12:46:00";9
"2019-03-22 12:46:05";9
"2019-03-22 12:56:00";9
"2019-03-22 12:56:05";9
"2019-03-22 13:06:00";9
"2019-03-22 13:06:05";9
"2019-03-22 13:16:00";9
"2019-03-22 13:16:05";9
"2019-03-22 13:26:00";9
"2019-03-22 13:26:05";9
"2019-03-22 13:36:00";9
"2019-03-22 13:36:04";9
"2019-03-22 13:46:00";9
"2019-03-22 13:46:05";9
"2019-03-22 13:56:00";9
"2019-03-22 13:56:05";9
"2019-03-22 14:06:00";9
"2019-03-22 14:06:05";9
"2019-03-22 14:16:00";9
"2019-03-22 14:16:05";9
"2019-03-22 14:26:00";10
"2019-03-22 14:26:05";10
"2019-03-22 14:36:00";10
"2019-03-22 14:36:05";10
"2019-03-22 14:46:00";10
"2019-03-22 14:46:06";10
"2019-03-22 14:56:00";10
"2019-03-22 14:56:05";10
"2019-03-22 15:06:00";10
"2019-03-22 15:06:05";10
"2019-03-22 15:16:00";10
"2019-03-22 15:16:05";10
"2019-03-22 15:26:00";11
"2019-03-22 15:26:05";11
"2019-03-22 15:36:00";11
"2019-03-22 15:36:07";11
"2019-03-22 15:46:00";11
"2019-03-22 15:46:07";11
"2019-03-22 15:56:00";11
"2019-03-22 15:56:05";11
"2019-03-22 16:06:00";11
"2019-03-22 16:06:05";11
"2019-03-22 16:16:00";11
"2019-03-22 16:16:05";11
"2019-03-22 16:26:00";12
"2019-03-22 16:26:05";12
"2019-03-22 16:36:00";12
"2019-03-22 16:36:05";12
"2019-03-22 16:46:00";12
"2019-03-22 16:46:05";12
"2019-03-22 16:56:00";9
"2019-03-22 16:56:05";9
"2019-03-22 17:06:00";9
"2019-03-22 17:06:05";9
"2019-03-22 17:16:00";9
"2019-03-22 17:16:05";9
"2019-03-22 17:26:00";10
"2019-03-22 17:26:05";10
"2019-03-22 17:36:00";10
"2019-03-22 17:36:05";10
"2019-03-22 17:46:00";10
"2019-03-22 17:46:05";10
"2019-03-22 17:56:00";10
"2019-03-22 17:56:05";10
"2019-03-22 18:06:00";10
"2019-03-22 18:06:06";10
"2019-03-22 18:16:00";10
"2019-03-22 18:16:05";10
"2019-03-22 18:26:00";10
"2019-03-22 18:26:05";10
"2019-03-22 18:36:00";10
"2019-03-22 18:36:06";10
"2019-03-22 18:46:00";10
"2019-03-22 18:46:05";10
"2019-03-22 18:56:00";9
"2019-03-22 18:56:05";9
"2019-03-22 19:06:00";9
"2019-03-22 19:06:05";9
"2019-03-22 19:16:00";9
"2019-03-22 19:16:05";9
"2019-03-22 19:26:00";11
"2019-03-22 19:26:05";11
"2019-03-22 19:36:00";11
"2019-03-22 19:36:05";11
"2019-03-22 19:46:00";11
"2019-03-22 19:46:06";11
"2019-03-22 19:56:00";11
"2019-03-22 19:56:05";11
"2019-03-22 20:06:00";10
"2019-03-22 20:06:06";10
"2019-03-22 20:16:00";10
"2019-03-22 20:16:06";10
"2019-03-22 20:26:00";11
"2019-03-22 20:26:06";11
"2019-03-22 20:36:00";11
"2019-03-22 20:36:06";11
"2019-03-22 20:46:00";11
"2019-03-22 20:46:05";11
"2019-03-22 20:56:00";12
"2019-03-22 20:56:05";12
"2019-03-22 21:06:00";12
"2019-03-22 21:06:06";12
"2019-03-22 21:16:00";12
"2019-03-22 21:16:06";12
"2019-03-22 21:26:00";11
"2019-03-22 21:26:05";11
"2019-03-22 21:36:00";11
"2019-03-22 21:36:06";11
"2019-03-22 21:46:00";11
"2019-03-22 21:46:06";11
"2019-03-22 21:56:00";12
"2019-03-22 21:56:06";12
"2019-03-22 22:06:00";12
"2019-03-22 22:06:07";12
"2019-03-22 22:16:00";12
"2019-03-22 22:16:06";12
"2019-03-22 22:26:00";13
"2019-03-22 22:26:06";13
"2019-03-22 22:36:00";13
"2019-03-22 22:36:06";13
"2019-03-22 22:46:00";13
"2019-03-22 22:46:06";13
"2019-03-22 22:56:00";13
"2019-03-22 22:56:05";13
"2019-03-22 23:06:00";13
"2019-03-22 23:06:06";13
"2019-03-22 23:16:00";13
"2019-03-22 23:16:06";13
"2019-03-22 23:26:00";12
"2019-03-22 23:26:05";12
"2019-03-22 23:36:00";12
"2019-03-22 23:36:05";12
"2019-03-22 23:46:00";12
"2019-03-22 23:46:06";12
"2019-03-22 23:56:00";12
"2019-03-22 23:56:06";12
"2019-03-23 00:06:00";12
"2019-03-23 00:06:06";12
"2019-03-23 00:16:00";12
"2019-03-23 00:16:05";12
"2019-03-23 00:26:00";12
"2019-03-23 00:26:07";12
"2019-03-23 00:36:00";12
"2019-03-23 00:36:05";12
"2019-03-23 00:46:00";12
"2019-03-23 00:46:06";12
"2019-03-23 00:56:00";12
"2019-03-23 00:56:06";12
"2019-03-23 01:06:00";12
"2019-03-23 01:06:06";12
"2019-03-23 01:16:00";12
"2019-03-23 01:16:05";12
"2019-03-23 01:26:00";13
"2019-03-23 01:26:05";13
"2019-03-23 01:36:00";13
"2019-03-23 01:36:07";13
"2019-03-23 01:46:00";13
"2019-03-23 01:46:06";13
"2019-03-23 01:56:00";12
"2019-03-23 01:56:05";12
"2019-03-23 02:06:00";12
"2019-03-23 02:06:05";12
"2019-03-23 02:16:00";12
"2019-03-23 02:16:05";12
"2019-03-23 02:26:00";12
"2019-03-23 02:26:05";12
"2019-03-23 02:36:00";12
"2019-03-23 02:36:04";12
"2019-03-23 02:46:00";12
"2019-03-23 02:46:05";12
"2019-03-23 02:56:00";13
"2019-03-23 02:56:05";13
"2019-03-23 03:06:00";13
"2019-03-23 03:06:05";13
"2019-03-23 03:16:00";13
"2019-03-23 03:16:05";13
"2019-03-23 03:26:00";12
"2019-03-23 03:26:05";12
"2019-03-23 03:36:00";12
"2019-03-23 03:36:05";12
"2019-03-23 03:46:00";12
"2019-03-23 03:46:06";12
"2019-03-23 03:56:00";12
"2019-03-23 03:56:05";12
"2019-03-23 04:06:00";12
"2019-03-23 04:06:05";12
"2019-03-23 04:16:00";12
"2019-03-23 04:16:06";12
"2019-03-23 04:26:00";12
"2019-03-23 04:26:05";12
"2019-03-23 04:36:00";12
"2019-03-23 04:36:05";12
"2019-03-23 04:46:00";12
"2019-03-23 04:46:05";12
"2019-03-23 04:56:00";12
"2019-03-23 04:56:05";12
"2019-03-23 05:06:00";12
"2019-03-23 05:06:05";12
"2019-03-23 05:16:00";12
"2019-03-23 05:16:05";12
"2019-03-23 05:26:00";12
"2019-03-23 05:26:05";12
"2019-03-23 05:36:00";12
"2019-03-23 05:36:05";12
"2019-03-23 05:46:00";12
"2019-03-23 05:46:06";12
"2019-03-23 05:56:00";13
"2019-03-23 05:56:05";13
"2019-03-23 06:06:00";13
"2019-03-23 06:06:05";13
"2019-03-23 06:16:00";13
"2019-03-23 06:16:05";13
"2019-03-23 06:26:00";13
"2019-03-23 06:26:05";13
"2019-03-23 06:36:00";13
"2019-03-23 06:36:05";13
"2019-03-23 06:46:00";13
"2019-03-23 06:46:05";13
"2019-03-23 06:56:00";12
"2019-03-23 06:56:05";12
"2019-03-23 07:06:00";12
"2019-03-23 07:06:05";12
"2019-03-23 07:16:00";12
"2019-03-23 07:16:05";12
"2019-03-23 07:26:00";13
"2019-03-23 07:26:05";13
"2019-03-23 07:36:00";13
"2019-03-23 07:36:05";13
"2019-03-23 07:46:00";13
"2019-03-23 07:46:06";13
"2019-03-23 07:56:00";12
"2019-03-23 07:56:06";12
"2019-03-23 08:06:00";12
"2019-03-23 08:06:05";12
"2019-03-23 08:16:00";12
"2019-03-23 08:16:05";12
"2019-03-23 08:26:00";12
"2019-03-23 08:26:05";12
"2019-03-23 08:36:00";12
"2019-03-23 08:36:05";12
"2019-03-23 08:46:00";12
"2019-03-23 08:46:06";12
"2019-03-23 08:56:00";13
"2019-03-23 08:56:05";13
"2019-03-23 09:06:00";13
"2019-03-23 09:06:05";13
"2019-03-23 09:16:00";13
"2019-03-23 09:16:05";13
"2019-03-23 09:26:00";15
"2019-03-23 09:26:05";15
"2019-03-23 09:36:00";15
"2019-03-23 09:36:05";15
"2019-03-23 09:46:00";15
"2019-03-23 09:46:05";15
"2019-03-23 09:56:00";14
"2019-03-23 09:56:05";14
"2019-03-23 10:06:00";14
"2019-03-23 10:06:05";14
"2019-03-23 10:16:00";14
"2019-03-23 10:16:05";14
"2019-03-23 10:26:00";12
"2019-03-23 10:26:05";12
"2019-03-23 10:36:00";12
"2019-03-23 10:36:05";12
"2019-03-23 10:46:00";12
"2019-03-23 10:46:05";12
"2019-03-23 10:56:00";15
"2019-03-23 10:56:05";15
"2019-03-23 11:06:00";15
"2019-03-23 11:06:05";15
"2019-03-23 11:16:00";15
"2019-03-23 11:16:05";15
"2019-03-23 11:26:00";17
"2019-03-23 11:26:04";17
"2019-03-23 11:36:00";17
"2019-03-23 11:36:06";17
"2019-03-23 11:46:00";17
"2019-03-23 11:46:05";17
"2019-03-23 11:56:00";16
"2019-03-23 11:56:05";16
"2019-03-23 12:06:00";16
"2019-03-23 12:06:05";16
"2019-03-23 12:16:00";16
"2019-03-23 12:16:05";16
"2019-03-23 12:26:00";16
"2019-03-23 12:26:06";16
"2019-03-23 12:36:00";16
"2019-03-23 12:36:05";16
"2019-03-23 12:46:00";16
"2019-03-23 12:46:05";16
"2019-03-23 12:56:00";17
"2019-03-23 12:56:06";17
"2019-03-23 13:06:00";17
"2019-03-23 13:06:05";17
"2019-03-23 13:16:00";17
"2019-03-23 13:16:05";17
"2019-03-23 13:26:00";18
"2019-03-23 13:26:05";18
"2019-03-23 13:36:00";18
"2019-03-23 13:36:05";18
"2019-03-23 13:46:00";18
"2019-03-23 13:46:05";18
"2019-03-23 13:56:00";17
"2019-03-23 13:56:05";17
"2019-03-23 14:06:00";17
"2019-03-23 14:06:05";17
"2019-03-23 14:16:00";17
"2019-03-23 14:16:05";17
"2019-03-23 14:26:00";17
"2019-03-23 14:26:06";17
"2019-03-23 14:36:00";17
"2019-03-23 14:36:05";17
"2019-03-23 14:46:00";17
"2019-03-23 14:46:07";17
"2019-03-23 14:56:00";17
"2019-03-23 14:56:05";17
"2019-03-23 15:06:00";17
"2019-03-23 15:06:05";17
"2019-03-23 15:16:00";17
"2019-03-23 15:16:06";17
"2019-03-23 15:26:00";16
"2019-03-23 15:26:05";16
"2019-03-23 15:36:00";16
"2019-03-23 15:36:05";16
"2019-03-23 15:46:00";16
"2019-03-23 15:46:05";16
"2019-03-23 15:56:00";19
"2019-03-23 15:56:05";19
"2019-03-23 16:06:00";19
"2019-03-23 16:06:05";19
"2019-03-23 16:16:00";19
"2019-03-23 16:16:05";19
"2019-03-23 16:26:00";20
"2019-03-23 16:26:04";20
"2019-03-23 16:36:00";20
"2019-03-23 16:36:05";20
"2019-03-23 16:46:00";20
"2019-03-23 16:46:06";20
"2019-03-23 16:56:00";19
"2019-03-23 16:56:06";19
"2019-03-23 17:06:00";19
"2019-03-23 17:06:05";19
"2019-03-23 17:16:00";19
"2019-03-23 17:16:06";19
"2019-03-23 17:26:00";18
"2019-03-23 17:26:06";18
"2019-03-23 17:36:00";18
"2019-03-23 17:36:05";18
"2019-03-23 17:46:00";18
"2019-03-23 17:46:05";18
"2019-03-23 17:56:00";17
"2019-03-23 17:56:05";17
"2019-03-23 18:06:00";17
"2019-03-23 18:06:06";17
"2019-03-23 18:16:00";17
"2019-03-23 18:16:05";17
"2019-03-23 18:26:00";16
"2019-03-23 18:26:05";16
"2019-03-23 18:36:00";16
"2019-03-23 18:36:06";16
"2019-03-23 18:46:00";16
"2019-03-23 18:46:06";16
"2019-03-23 18:56:00";16
"2019-03-23 18:56:05";16
"2019-03-23 19:06:00";16
"2019-03-23 19:06:05";16
"2019-03-23 19:16:00";16
"2019-03-23 19:16:05";16
"2019-03-23 19:26:00";17
"2019-03-23 19:26:06";17
"2019-03-23 19:36:00";17
"2019-03-23 19:36:06";17
"2019-03-23 19:46:00";17
"2019-03-23 19:46:06";17
"2019-03-23 19:56:00";17
"2019-03-23 19:56:05";17
"2019-03-23 20:06:00";17
"2019-03-23 20:06:05";17
"2019-03-23 20:16:00";17
"2019-03-23 20:16:05";17
"2019-03-23 20:26:00";18
"2019-03-23 20:26:05";18
"2019-03-23 20:36:00";18
"2019-03-23 20:36:05";18
"2019-03-23 20:46:00";18
"2019-03-23 20:46:05";18
"2019-03-23 20:56:00";19
"2019-03-23 20:56:05";19
"2019-03-23 21:06:00";19
"2019-03-23 21:06:06";19
"2019-03-23 21:16:00";19
"2019-03-23 21:16:05";19
"2019-03-23 21:26:00";19
"2019-03-23 21:26:05";19
"2019-03-23 21:36:00";19
"2019-03-23 21:36:05";19
"2019-03-23 21:46:00";19
"2019-03-23 21:46:05";19
"2019-03-23 21:56:00";19
"2019-03-23 21:56:05";19
"2019-03-23 22:06:00";19
"2019-03-23 22:06:06";19
"2019-03-23 22:16:00";19
"2019-03-23 22:16:06";19
"2019-03-23 22:26:00";19
"2019-03-23 22:26:06";19
"2019-03-23 22:36:00";19
"2019-03-23 22:36:07";19
"2019-03-23 22:46:00";19
"2019-03-23 22:46:05";19
"2019-03-23 22:56:00";19
"2019-03-23 22:56:05";19
"2019-03-23 23:06:00";19
"2019-03-23 23:06:05";19
"2019-03-23 23:16:00";19
"2019-03-23 23:16:06";19
"2019-03-23 23:26:00";21
"2019-03-23 23:26:05";21
"2019-03-24 00:46:00";21
"2019-03-24 00:46:07";21
"2019-03-24 00:56:00";20
"2019-03-24 00:56:06";20
"2019-03-24 01:06:00";20
"2019-03-24 01:06:06";20
"2019-03-24 01:16:00";20
"2019-03-24 01:16:06";20
"2019-03-24 01:26:00";21
"2019-03-24 01:26:06";21
"2019-03-24 01:36:00";21
"2019-03-24 01:36:05";21
"2019-03-24 01:46:00";21
"2019-03-24 01:46:05";21
"2019-03-24 01:56:00";22
"2019-03-24 01:56:05";22
"2019-03-24 02:06:00";22
"2019-03-24 02:06:05";22
"2019-03-24 02:16:00";22
"2019-03-24 02:16:05";22
"2019-03-24 02:26:00";22
"2019-03-24 02:26:05";22
"2019-03-24 02:36:00";22
"2019-03-24 02:36:06";22
"2019-03-24 02:46:00";22
"2019-03-24 02:46:05";22
"2019-03-24 02:56:00";21
"2019-03-24 02:56:06";21
"2019-03-24 03:06:00";21
"2019-03-24 03:06:05";21
"2019-03-24 03:16:00";21
"2019-03-24 03:16:05";21
"2019-03-24 03:26:00";21
"2019-03-24 03:26:07";21
"2019-03-24 03:36:00";21
"2019-03-24 03:36:06";21
"2019-03-24 03:46:00";21
"2019-03-24 03:46:06";21
"2019-03-24 03:56:00";22
"2019-03-24 03:56:06";22
"2019-03-24 04:06:00";22
"2019-03-24 04:06:05";22
"2019-03-24 04:16:00";22
"2019-03-24 04:16:05";22
"2019-03-24 04:26:00";21
"2019-03-24 04:26:05";21
"2019-03-24 04:36:00";21
"2019-03-24 04:36:05";21
"2019-03-24 04:46:00";22
"2019-03-24 04:46:06";22
"2019-03-24 04:56:00";22
"2019-03-24 04:56:06";22
"2019-03-24 05:06:00";22
"2019-03-24 05:06:05";22
"2019-03-24 05:16:00";22
"2019-03-24 05:16:05";22
"2019-03-24 05:26:00";21
"2019-03-24 05:26:05";21
"2019-03-24 05:36:00";21
"2019-03-24 05:36:05";21
"2019-03-24 05:46:00";21
"2019-03-24 05:46:06";21
"2019-03-24 05:56:00";21
"2019-03-24 05:56:05";21
"2019-03-24 06:06:00";21
"2019-03-24 06:06:05";21
"2019-03-24 06:16:00";21
"2019-03-24 06:16:05";21
"2019-03-24 06:26:00";21
"2019-03-24 06:26:05";21
"2019-03-24 06:36:00";21
"2019-03-24 06:36:05";21
"2019-03-24 06:46:00";21
"2019-03-24 06:46:05";21
"2019-03-24 06:56:00";21
"2019-03-24 06:56:05";21
"2019-03-24 07:06:00";21
"2019-03-24 07:06:05";21
"2019-03-24 07:16:00";21
"2019-03-24 07:16:05";21
"2019-03-24 07:26:00";21
"2019-03-24 07:26:05";21
"2019-03-24 07:36:00";21
"2019-03-24 07:36:05";21
"2019-03-24 07:46:00";21
"2019-03-24 07:46:05";21
"2019-03-24 07:56:00";21
"2019-03-24 07:56:05";21
"2019-03-24 08:06:00";21
"2019-03-24 08:06:05";21
"2019-03-24 08:16:00";21
"2019-03-24 08:16:05";21
"2019-03-24 08:26:00";21
"2019-03-24 08:26:05";21
"2019-03-24 08:36:00";21
"2019-03-24 08:36:05";21
"2019-03-24 08:46:00";21
"2019-03-24 08:46:05";21
"2019-03-24 08:56:00";21
"2019-03-24 08:56:05";21
"2019-03-24 09:06:00";21
"2019-03-24 09:06:05";21
"2019-03-24 09:16:00";21
"2019-03-24 09:16:06";21
"2019-03-24 09:26:00";23
"2019-03-24 09:26:05";23
"2019-03-24 09:36:00";23
"2019-03-24 09:36:05";23
"2019-03-24 09:46:00";23
"2019-03-24 09:46:05";23
"2019-03-24 09:56:00";22
"2019-03-24 09:56:05";22
"2019-03-24 10:06:00";22
"2019-03-24 10:06:05";22
"2019-03-24 10:16:00";22
"2019-03-24 10:16:05";22
"2019-03-24 10:26:00";20
"2019-03-24 10:26:05";20
"2019-03-24 10:36:00";20
"2019-03-24 10:36:05";20
"2019-03-24 10:46:00";20
"2019-03-24 10:46:05";20
"2019-03-24 10:56:00";16
"2019-03-24 10:56:05";16
"2019-03-24 11:06:00";16
"2019-03-24 11:06:05";16
"2019-03-24 11:16:00";16
"2019-03-24 11:16:05";16
"2019-03-24 11:26:00";20
"2019-03-24 11:26:05";20
"2019-03-24 11:36:00";20
"2019-03-24 11:36:05";20
"2019-03-24 11:46:00";20
"2019-03-24 11:46:05";20
"2019-03-24 11:56:00";21
"2019-03-24 11:56:05";21
"2019-03-24 12:06:00";21
"2019-03-24 12:06:05";21
"2019-03-24 12:16:00";21
"2019-03-24 12:16:06";21
"2019-03-24 12:26:00";20
"2019-03-24 12:26:05";20
"2019-03-24 12:36:00";20
"2019-03-24 12:36:05";20
"2019-03-24 12:46:00";20
"2019-03-24 12:46:05";20
"2019-03-24 12:56:00";21
"2019-03-24 12:56:05";21
"2019-03-24 13:06:00";21
"2019-03-24 13:06:06";21
"2019-03-24 13:16:00";21
"2019-03-24 13:16:05";21
"2019-03-24 13:26:00";19
"2019-03-24 13:26:04";19
"2019-03-24 13:36:00";19
"2019-03-24 13:36:05";19
"2019-03-24 13:46:00";19
"2019-03-24 13:46:05";19
"2019-03-24 13:56:00";22
"2019-03-24 13:56:05";22
"2019-03-24 14:06:00";22
"2019-03-24 14:06:05";22
"2019-03-24 14:16:00";22
"2019-03-24 14:16:05";22
"2019-03-24 14:26:00";22
"2019-03-24 14:26:05";22
"2019-03-24 14:36:00";22
"2019-03-24 14:36:05";22
"2019-03-24 14:46:00";22
"2019-03-24 14:46:05";22
"2019-03-24 14:56:00";22
"2019-03-24 14:56:05";22
"2019-03-24 15:06:00";22
"2019-03-24 15:06:05";22
"2019-03-24 15:16:00";22
"2019-03-24 15:16:05";22
"2019-03-24 15:26:00";22
"2019-03-24 15:26:07";22
"2019-03-24 15:36:00";22
"2019-03-24 15:36:06";22
"2019-03-24 15:46:00";22
"2019-03-24 15:46:05";22
"2019-03-24 15:56:00";22
"2019-03-24 15:56:05";22
"2019-03-24 16:06:00";22
"2019-03-24 16:06:05";22
"2019-03-24 16:16:00";22
"2019-03-24 16:16:05";22
"2019-03-24 16:26:00";22
"2019-03-24 16:26:05";22
"2019-03-24 16:36:00";22
"2019-03-24 16:36:05";22
"2019-03-24 16:46:00";22
"2019-03-24 16:46:05";22
"2019-03-24 16:56:00";22
"2019-03-24 16:56:05";22
"2019-03-24 17:06:00";22
"2019-03-24 17:06:05";22
"2019-03-24 17:16:00";22
"2019-03-24 17:16:05";22
"2019-03-24 17:26:00";21
"2019-03-24 17:26:05";21
"2019-03-24 17:36:00";21
"2019-03-24 17:36:05";21
"2019-03-24 17:46:00";21
"2019-03-24 17:46:05";21
"2019-03-24 17:56:00";19
"2019-03-24 17:56:05";19
"2019-03-24 18:06:00";19
"2019-03-24 18:06:05";19
"2019-03-24 18:16:00";19
"2019-03-24 18:16:05";19
"2019-03-24 18:26:00";21
"2019-03-24 18:26:05";21
"2019-03-24 18:36:00";21
"2019-03-24 18:36:05";21
"2019-03-24 18:46:00";21
"2019-03-24 18:46:06";21
"2019-03-24 18:56:00";21
"2019-03-24 18:56:06";21
"2019-03-24 19:06:00";21
"2019-03-24 19:06:05";21
"2019-03-24 19:16:00";21
"2019-03-24 19:16:05";21
"2019-03-24 19:26:00";21
"2019-03-24 19:26:05";21
"2019-03-24 19:36:00";21
"2019-03-24 19:36:05";21
"2019-03-24 19:46:00";21
"2019-03-24 19:46:06";21
"2019-03-24 19:56:00";22
"2019-03-24 19:56:05";22
"2019-03-24 20:06:00";22
"2019-03-24 20:06:06";22
"2019-03-24 20:16:00";22
"2019-03-24 20:16:05";22
"2019-03-24 20:26:00";22
"2019-03-24 20:26:05";22
"2019-03-24 20:36:00";22
"2019-03-24 20:36:06";22
"2019-03-24 20:46:00";22
"2019-03-24 20:46:06";22
"2019-03-24 20:56:00";22
"2019-03-24 20:56:05";22
"2019-03-24 21:06:00";22
"2019-03-24 21:06:05";22
"2019-03-24 21:16:00";22
"2019-03-24 21:16:06";22
"2019-03-24 21:26:00";21
"2019-03-24 21:26:05";21
"2019-03-24 21:36:00";21
"2019-03-24 21:36:05";21
"2019-03-24 21:46:00";21
"2019-03-24 21:46:06";21
"2019-03-24 21:56:00";24
"2019-03-24 21:56:05";24
"2019-03-24 22:06:00";24
"2019-03-24 22:06:06";24
"2019-03-24 22:16:00";24
"2019-03-24 22:16:06";24
"2019-03-24 22:26:00";24
"2019-03-24 22:26:06";24
"2019-03-24 22:36:00";24
"2019-03-24 22:36:06";24
"2019-03-24 22:46:00";24
"2019-03-24 22:46:05";24
"2019-03-24 22:56:00";25
"2019-03-24 22:56:05";25
"2019-03-24 23:06:00";25
"2019-03-24 23:06:05";25
"2019-03-24 23:16:00";25
"2019-03-24 23:16:05";25
"2019-03-24 23:26:00";24
"2019-03-24 23:26:05";24
"2019-03-24 23:36:00";24
"2019-03-24 23:36:07";24
"2019-03-24 23:46:00";24
"2019-03-24 23:46:07";24
"2019-03-24 23:56:00";24
"2019-03-24 23:56:05";24
"2019-03-25 00:06:00";24
"2019-03-25 00:06:06";24
"2019-03-25 00:16:00";24
"2019-03-25 00:16:07";24
"2019-03-25 00:26:00";25
"2019-03-25 00:26:06";25
"2019-03-25 00:36:00";25
"2019-03-25 00:36:06";25
"2019-03-25 00:46:00";25
"2019-03-25 00:46:10";25
"2019-03-25 00:56:00";25
"2019-03-25 00:56:06";25
"2019-03-25 01:06:00";25
"2019-03-25 01:06:05";25
"2019-03-25 01:16:00";25
"2019-03-25 01:16:05";25
"2019-03-25 01:26:00";25
"2019-03-25 01:26:07";25
"2019-03-25 01:36:00";25
"2019-03-25 01:36:06";25
"2019-03-25 01:46:00";25
"2019-03-25 01:46:07";25
"2019-03-25 01:56:00";23
"2019-03-25 01:56:05";23
"2019-03-25 02:06:00";23
"2019-03-25 02:06:05";23
"2019-03-25 02:16:00";23
"2019-03-25 02:16:05";23
"2019-03-25 02:26:00";25
"2019-03-25 02:26:05";25
"2019-03-25 02:36:00";25
"2019-03-25 02:36:05";25
"2019-03-25 02:46:00";25
"2019-03-25 02:46:05";25
"2019-03-25 02:56:00";26
"2019-03-25 02:56:06";26
"2019-03-25 03:06:00";26
"2019-03-25 03:06:06";26
"2019-03-25 03:16:00";26
"2019-03-25 03:16:05";26
"2019-03-25 03:26:00";25
"2019-03-25 03:26:05";25
"2019-03-25 03:36:00";25
"2019-03-25 03:36:05";25
"2019-03-25 03:46:00";25
"2019-03-25 03:46:06";25
"2019-03-25 03:56:00";25
"2019-03-25 03:56:06";25
"2019-03-25 04:06:00";25
"2019-03-25 04:06:06";25
"2019-03-25 04:16:00";25
"2019-03-25 04:16:06";25
"2019-03-25 04:26:00";25
"2019-03-25 04:26:05";25
"2019-03-25 04:36:00";25
"2019-03-25 04:36:05";25
"2019-03-25 04:46:00";25
"2019-03-25 04:46:06";25
"2019-03-25 04:56:00";25
"2019-03-25 04:56:05";25
"2019-03-25 05:06:00";25
"2019-03-25 05:06:05";25
"2019-03-25 05:16:00";25
"2019-03-25 05:16:05";25
"2019-03-25 05:26:00";25
"2019-03-25 05:26:05";25
"2019-03-25 05:36:00";25
"2019-03-25 05:36:05";25
"2019-03-25 05:46:00";25
"2019-03-25 05:46:05";25
"2019-03-25 05:56:00";26
"2019-03-25 05:56:05";26
"2019-03-25 06:06:00";26
"2019-03-25 06:06:05";26
"2019-03-25 06:16:00";26
"2019-03-25 06:16:05";26
"2019-03-25 06:26:00";26
"2019-03-25 06:26:05";26
"2019-03-25 06:36:00";26
"2019-03-25 06:36:04";26
"2019-03-25 06:46:00";24
"2019-03-25 06:46:05";24
"2019-03-25 06:56:00";24
"2019-03-25 06:56:05";24
"2019-03-25 07:06:00";24
"2019-03-25 07:06:05";24
"2019-03-25 07:16:00";24
"2019-03-25 07:16:05";24
"2019-03-25 07:26:00";25
"2019-03-25 07:26:05";25
"2019-03-25 07:36:00";25
"2019-03-25 07:36:04";25
"2019-03-25 07:46:00";25
"2019-03-25 07:46:05";25
"2019-03-25 07:56:00";24
"2019-03-25 07:56:05";24
"2019-03-25 08:06:00";24
"2019-03-25 08:06:05";24
"2019-03-25 08:16:00";24
"2019-03-25 08:16:04";24
"2019-03-25 08:26:00";24
"2019-03-25 08:26:05";24
"2019-03-25 08:36:00";24
"2019-03-25 08:36:05";24
"2019-03-25 08:46:00";24
"2019-03-25 08:46:05";24
"2019-03-25 08:56:00";25
"2019-03-25 08:56:05";25
"2019-03-25 09:06:00";25
"2019-03-25 09:06:05";25
"2019-03-25 09:16:00";25
"2019-03-25 09:16:05";25
"2019-03-25 09:26:00";26
"2019-03-25 09:26:05";26
"2019-03-25 09:36:00";26
"2019-03-25 09:36:05";26
"2019-03-25 09:46:00";26
"2019-03-25 09:46:06";26
"2019-03-25 09:56:00";27
"2019-03-25 09:56:05";27
"2019-03-25 10:06:00";27
"2019-03-25 10:06:06";27
"2019-03-25 10:16:00";27
"2019-03-25 10:16:05";27
"2019-03-25 10:26:00";23
"2019-03-25 10:26:05";23
"2019-03-25 10:36:00";23
"2019-03-25 10:36:05";23
"2019-03-25 10:46:00";23
"2019-03-25 10:46:05";23
"2019-03-25 10:56:00";24
"2019-03-25 10:56:05";24
"2019-03-25 11:06:00";24
"2019-03-25 11:06:06";24
"2019-03-25 11:16:00";24
"2019-03-25 11:16:05";24
"2019-03-25 11:26:00";24
"2019-03-25 11:26:05";24
"2019-03-25 11:36:00";24
"2019-03-25 11:36:05";24
"2019-03-25 11:46:00";24
"2019-03-25 11:46:05";24
"2019-03-25 11:56:00";23
"2019-03-25 11:56:05";23
"2019-03-25 12:06:00";23
"2019-03-25 12:06:05";23
"2019-03-25 12:16:00";23
"2019-03-25 12:16:05";23
"2019-03-25 12:26:00";23
"2019-03-25 12:26:05";23
"2019-03-25 12:36:00";23
"2019-03-25 12:36:05";23
"2019-03-25 12:46:00";23
"2019-03-25 12:46:05";23
"2019-03-25 12:56:00";24
"2019-03-25 12:56:05";24
"2019-03-25 13:06:00";24
"2019-03-25 13:06:06";24
"2019-03-25 13:16:00";24
"2019-03-25 13:16:05";24
"2019-03-25 13:26:00";23
"2019-03-25 13:26:05";23
"2019-03-25 13:36:00";23
"2019-03-25 13:36:05";23
"2019-03-25 13:46:00";23
"2019-03-25 13:46:05";23
"2019-03-25 13:56:00";22
"2019-03-25 13:56:05";22
"2019-03-25 14:06:00";22
"2019-03-25 14:06:05";22
"2019-03-25 14:16:00";22
"2019-03-25 14:16:05";22
"2019-03-25 14:26:00";20
"2019-03-25 14:26:06";20
"2019-03-25 14:36:00";20
"2019-03-25 14:36:05";20
"2019-03-25 14:46:00";20
"2019-03-25 14:46:05";20
"2019-03-25 14:56:00";20
"2019-03-25 14:56:06";20
"2019-03-25 15:06:00";24
"2019-03-25 15:06:05";24
"2019-03-25 15:16:00";24
"2019-03-25 15:16:05";24
"2019-03-25 15:26:00";22
"2019-03-25 15:26:06";22
"2019-03-25 15:36:00";22
"2019-03-25 15:36:07";22
"2019-03-25 15:46:00";22
"2019-03-25 15:46:05";22
"2019-03-25 15:56:00";23
"2019-03-25 15:56:05";23
"2019-03-25 16:06:00";23
"2019-03-25 16:06:05";23
"2019-03-25 16:16:00";23
"2019-03-25 16:16:05";23
"2019-03-25 16:26:00";24
"2019-03-25 16:26:06";24
"2019-03-25 16:36:00";24
"2019-03-25 16:36:05";24
"2019-03-25 16:46:00";24
"2019-03-25 16:46:10";24
"2019-03-25 16:56:00";25
"2019-03-25 16:56:05";25
"2019-03-25 17:06:00";25
"2019-03-25 17:06:05";25
"2019-03-25 17:16:00";25
"2019-03-25 17:16:05";25
"2019-03-25 17:26:00";23
"2019-03-25 17:26:05";23
"2019-03-25 17:36:00";23
"2019-03-25 17:36:05";23
"2019-03-25 17:46:00";23
"2019-03-25 17:46:05";23
"2019-03-25 17:56:00";24
"2019-03-25 17:56:05";24
"2019-03-25 18:06:00";24
"2019-03-25 18:06:05";24
"2019-03-25 18:16:00";24
"2019-03-25 18:16:06";24
"2019-03-25 18:26:00";24
"2019-03-25 18:26:05";24
"2019-03-25 18:36:00";24
"2019-03-25 18:36:04";24
"2019-03-25 18:46:00";24
"2019-03-25 18:46:05";24
"2019-03-25 18:56:00";23
"2019-03-25 18:56:05";23
"2019-03-25 19:06:00";23
"2019-03-25 19:06:05";23
"2019-03-25 19:16:00";23
"2019-03-25 19:16:05";23
"2019-03-25 19:26:00";23
"2019-03-25 19:26:05";23
"2019-03-25 19:36:00";23
"2019-03-25 19:36:05";23
"2019-03-25 19:46:00";23
"2019-03-25 19:46:06";23
"2019-03-25 19:56:00";24
"2019-03-25 19:56:06";24
"2019-03-25 20:06:00";24
"2019-03-25 20:06:06";24
"2019-03-25 20:16:00";24
"2019-03-25 20:16:06";24
"2019-03-25 20:26:00";24
"2019-03-25 20:26:05";24
"2019-03-25 20:36:00";24
"2019-03-25 20:36:05";24
"2019-03-25 20:46:00";24
"2019-03-25 20:46:06";24
"2019-03-25 20:56:00";25
"2019-03-25 20:56:05";25
"2019-03-25 21:06:00";25
"2019-03-25 21:06:05";25
"2019-03-25 21:16:00";25
"2019-03-25 21:16:06";25
"2019-03-25 21:26:00";23
"2019-03-25 21:26:05";23
"2019-03-25 21:36:00";23
"2019-03-25 21:36:06";23
"2019-03-25 21:46:00";23
"2019-03-25 21:46:06";23
"2019-03-25 21:56:00";24
"2019-03-25 21:56:05";24
"2019-03-25 22:06:00";24
"2019-03-25 22:06:06";24
"2019-03-25 22:16:00";24
"2019-03-25 22:16:06";24
"2019-03-25 22:26:00";24
"2019-03-25 22:26:06";24
"2019-03-25 22:36:00";24
"2019-03-25 22:36:06";24
"2019-03-25 22:46:00";24
"2019-03-25 22:46:05";24
"2019-03-25 22:56:00";24
"2019-03-25 22:56:05";24
"2019-03-25 23:06:00";24
"2019-03-25 23:06:06";24
"2019-03-25 23:16:00";24
"2019-03-25 23:16:05";24
"2019-03-25 23:26:00";26
"2019-03-25 23:26:06";26
"2019-03-25 23:36:00";26
"2019-03-25 23:36:05";26
"2019-03-25 23:46:00";26
"2019-03-25 23:46:07";26
"2019-03-25 23:56:00";27
"2019-03-25 23:56:06";27
"2019-03-26 00:06:00";27
"2019-03-26 00:06:06";27
"2019-03-26 00:16:00";27
"2019-03-26 00:16:10";27
"2019-03-26 00:26:00";25
"2019-03-26 00:26:05";25
"2019-03-26 00:36:00";25
"2019-03-26 00:36:05";25
"2019-03-26 00:46:00";25
"2019-03-26 00:46:07";25
"2019-03-26 00:56:00";24
"2019-03-26 00:56:06";24
"2019-03-26 01:06:00";24
"2019-03-26 01:06:09";24
"2019-03-26 01:16:00";24
"2019-03-26 01:16:06";24
"2019-03-26 01:26:00";24
"2019-03-26 01:26:05";24
"2019-03-26 01:36:00";24
"2019-03-26 01:36:05";24
"2019-03-26 01:46:00";24
"2019-03-26 01:46:05";24
"2019-03-26 01:56:00";24
"2019-03-26 01:56:07";24
"2019-03-26 02:06:00";26
"2019-03-26 02:06:07";26
"2019-03-26 02:16:00";26
"2019-03-26 02:16:05";26
"2019-03-26 02:26:00";25
"2019-03-26 02:26:05";25
"2019-03-26 02:36:00";25
"2019-03-26 02:36:04";25
"2019-03-26 02:46:00";25
"2019-03-26 02:46:05";25
"2019-03-26 02:56:00";23
"2019-03-26 02:56:05";23
"2019-03-26 03:06:00";23
"2019-03-26 03:06:06";23
"2019-03-26 03:16:00";23
"2019-03-26 03:16:05";23
"2019-03-26 03:26:00";21
"2019-03-26 03:26:07";21
"2019-03-26 03:36:00";21
"2019-03-26 03:36:04";21
"2019-03-26 03:46:00";21
"2019-03-26 03:46:06";21
"2019-03-26 03:56:00";26
"2019-03-26 03:56:06";26
"2019-03-26 04:06:00";26
"2019-03-26 04:06:06";26
"2019-03-26 04:16:00";26
"2019-03-26 04:16:06";26
"2019-03-26 04:26:00";25
"2019-03-26 04:26:07";25
"2019-03-26 04:36:00";25
"2019-03-26 04:36:05";25
"2019-03-26 04:46:00";25
"2019-03-26 04:46:06";25
"2019-03-26 04:56:00";25
"2019-03-26 04:56:05";25
"2019-03-26 05:06:00";25
"2019-03-26 05:06:05";25
"2019-03-26 05:16:00";25
"2019-03-26 05:16:05";25
"2019-03-26 05:26:00";24
"2019-03-26 05:26:04";24
"2019-03-26 05:36:00";24
"2019-03-26 05:36:05";24
"2019-03-26 05:46:00";24
"2019-03-26 05:46:05";24
"2019-03-26 05:56:00";23
"2019-03-26 05:56:05";23
"2019-03-26 06:06:00";23
"2019-03-26 06:06:04";23
"2019-03-26 06:16:00";23
"2019-03-26 06:16:05";23
"2019-03-26 06:26:00";22
"2019-03-26 06:26:05";22
"2019-03-26 06:36:00";22
"2019-03-26 06:36:05";22
"2019-03-26 06:46:00";22
"2019-03-26 06:46:05";22
"2019-03-26 06:56:00";23
"2019-03-26 06:56:04";23
"2019-03-26 07:06:00";23
"2019-03-26 07:06:05";23
"2019-03-26 07:16:00";23
"2019-03-26 07:16:05";23
"2019-03-26 07:26:00";25
"2019-03-26 07:26:05";25
"2019-03-26 07:36:00";25
"2019-03-26 07:36:05";25
"2019-03-26 07:46:00";25
"2019-03-26 07:46:06";25
"2019-03-26 07:56:00";24
"2019-03-26 07:56:05";24
"2019-03-26 08:06:00";24
"2019-03-26 08:06:05";24
"2019-03-26 08:16:00";24
"2019-03-26 08:16:05";24
"2019-03-26 08:26:00";24
"2019-03-26 08:26:05";24
"2019-03-26 08:36:00";24
"2019-03-26 08:36:05";24
"2019-03-26 08:46:00";26
"2019-03-26 08:46:05";26
"2019-03-26 08:56:00";26
"2019-03-26 08:56:06";26
"2019-03-26 09:06:00";26
"2019-03-26 09:06:05";26
"2019-03-26 09:16:00";26
"2019-03-26 09:16:06";26
"2019-03-26 09:26:00";25
"2019-03-26 09:26:05";25
"2019-03-26 09:36:00";25
"2019-03-26 09:36:05";25
"2019-03-26 09:46:00";25
"2019-03-26 09:46:05";25
"2019-03-26 09:56:00";25
"2019-03-26 09:56:05";25
"2019-03-26 10:06:00";25
"2019-03-26 10:06:05";25
"2019-03-26 10:16:00";25
"2019-03-26 10:16:05";25
"2019-03-26 10:26:00";22
"2019-03-26 10:26:05";22
"2019-03-26 10:36:00";22
"2019-03-26 10:36:05";22
"2019-03-26 10:46:00";22
"2019-03-26 10:46:06";22
"2019-03-26 10:56:00";22
"2019-03-26 10:56:07";22
"2019-03-26 11:06:00";22
"2019-03-26 11:06:05";22
"2019-03-26 11:16:00";21
"2019-03-26 11:16:05";21
"2019-03-26 11:26:00";21
"2019-03-26 11:26:05";21
"2019-03-26 11:36:00";21
"2019-03-26 11:36:06";21
"2019-03-26 11:46:00";21
"2019-03-26 11:46:06";21
"2019-03-26 11:56:00";23
"2019-03-26 11:56:05";23
"2019-03-26 12:06:00";23
"2019-03-26 12:06:06";23
"2019-03-26 12:16:00";23
"2019-03-26 12:16:05";23
"2019-03-26 12:26:00";21
"2019-03-26 12:26:05";21
"2019-03-26 12:36:00";21
"2019-03-26 12:36:05";21
"2019-03-26 12:46:00";21
"2019-03-26 12:46:05";21
"2019-03-26 12:56:00";21
"2019-03-26 12:56:05";21
"2019-03-26 13:06:00";21
"2019-03-26 13:06:05";21
"2019-03-26 13:16:00";21
"2019-03-26 13:16:05";21
"2019-03-26 13:26:00";23
"2019-03-26 13:26:05";23
"2019-03-26 13:36:00";23
"2019-03-26 13:36:06";23
"2019-03-26 13:46:00";23
"2019-03-26 13:46:06";23
"2019-03-26 13:56:00";19
"2019-03-26 13:56:05";19
"2019-03-26 14:06:00";19
"2019-03-26 14:06:06";19
"2019-03-26 14:16:00";19
"2019-03-26 14:16:05";19
"2019-03-26 14:26:00";20
"2019-03-26 14:26:06";20
"2019-03-26 14:36:00";20
"2019-03-26 14:36:05";20
"2019-03-26 14:46:00";20
"2019-03-26 14:46:05";20
"2019-03-26 14:56:00";19
"2019-03-26 14:56:05";19
"2019-03-26 15:06:00";19
"2019-03-26 15:06:05";19
"2019-03-26 15:16:00";19
"2019-03-26 15:16:05";19
"2019-03-26 15:26:00";22
"2019-03-26 15:26:06";22
"2019-03-26 15:36:06";22
"2019-03-26 15:46:06";22
"2019-03-26 15:56:00";22
"2019-03-26 15:56:05";22
"2019-03-26 16:06:00";22
"2019-03-26 16:06:05";22
"2019-03-26 16:16:00";22
"2019-03-26 16:16:05";22
"2019-03-26 16:26:00";23
"2019-03-26 16:26:05";23
"2019-03-26 16:36:00";23
"2019-03-26 16:36:05";23
"2019-03-26 16:46:00";23
"2019-03-26 16:46:06";23
"2019-03-26 17:16:00";23
"2019-03-26 17:16:06";23
"2019-03-26 17:26:00";24
"2019-03-26 17:26:05";24
"2019-03-26 17:36:00";24
"2019-03-26 17:36:05";24
"2019-03-26 17:46:00";24
"2019-03-26 17:46:06";24
"2019-03-26 17:56:00";22
"2019-03-26 17:56:05";22
"2019-03-26 18:06:00";22
"2019-03-26 18:06:06";22
"2019-03-26 18:16:00";22
"2019-03-26 18:16:05";22
"2019-03-26 18:26:00";22
"2019-03-26 18:26:05";22
"2019-03-26 18:36:00";22
"2019-03-26 18:36:05";22
"2019-03-26 18:46:00";22
"2019-03-26 18:46:05";22
"2019-03-26 18:56:00";23
"2019-03-26 18:56:05";23
"2019-03-26 19:06:00";23
"2019-03-26 19:06:05";23
"2019-03-26 19:16:00";23
"2019-03-26 19:16:05";23
"2019-03-26 19:26:00";24
"2019-03-26 19:26:05";24
"2019-03-26 19:36:00";24
"2019-03-26 19:36:06";24
"2019-03-26 19:46:00";24
"2019-03-26 19:46:06";24
"2019-03-26 19:56:00";24
"2019-03-26 19:56:05";24
"2019-03-26 20:06:00";24
"2019-03-26 20:06:05";24
"2019-03-26 20:16:00";24
"2019-03-26 20:16:06";24
"2019-03-26 20:26:00";21
"2019-03-26 20:26:05";21
"2019-03-26 20:36:00";21
"2019-03-26 20:36:05";21
"2019-03-26 20:46:00";21
"2019-03-26 20:46:05";21
"2019-03-26 20:56:00";24
"2019-03-26 20:56:05";24
"2019-03-26 21:06:00";24
"2019-03-26 21:06:05";24
"2019-03-26 21:16:00";24
"2019-03-26 21:16:06";24
"2019-03-26 21:26:00";23
"2019-03-26 21:26:05";23
"2019-03-26 21:36:00";23
"2019-03-26 21:36:04";23
"2019-03-26 21:46:00";23
"2019-03-26 21:46:06";23
"2019-03-26 21:56:00";22
"2019-03-26 21:56:06";22
"2019-03-26 22:06:00";22
"2019-03-26 22:06:06";22
"2019-03-26 22:16:00";22
"2019-03-26 22:16:07";22
"2019-03-26 22:26:00";23
"2019-03-26 22:26:06";23
"2019-03-26 22:36:00";23
"2019-03-26 22:36:06";23
"2019-03-26 22:46:00";23
"2019-03-26 22:46:05";23
"2019-03-26 22:56:00";24
"2019-03-26 22:56:05";24
"2019-03-26 23:06:00";24
"2019-03-26 23:06:05";24
"2019-03-26 23:16:00";24
"2019-03-26 23:16:06";24
"2019-03-26 23:26:00";22
"2019-03-26 23:26:05";22
"2019-03-26 23:36:00";22
"2019-03-26 23:36:06";22
"2019-03-26 23:46:00";22
"2019-03-26 23:46:06";22
"2019-03-26 23:56:00";21
"2019-03-26 23:56:06";21
"2019-03-27 00:06:00";21
"2019-03-27 00:06:09";21
"2019-03-27 00:16:00";21
"2019-03-27 00:16:05";21
"2019-03-27 00:26:00";21
"2019-03-27 00:26:05";21
"2019-03-27 00:36:00";21
"2019-03-27 00:36:05";21
"2019-03-27 00:46:00";21
"2019-03-27 00:46:06";21
"2019-03-27 00:56:00";22
"2019-03-27 00:56:08";22
"2019-03-27 01:06:00";22
"2019-03-27 01:06:06";22
"2019-03-27 01:16:00";22
"2019-03-27 01:16:09";22
"2019-03-27 01:26:00";21
"2019-03-27 01:26:05";21
"2019-03-27 01:36:00";21
"2019-03-27 01:36:05";21
"2019-03-27 01:46:00";21
"2019-03-27 01:46:05";21
"2019-03-27 01:56:00";21
"2019-03-27 01:56:09";21
"2019-03-27 02:06:00";21
"2019-03-27 02:06:05";21
"2019-03-27 02:16:00";21
"2019-03-27 02:16:05";21
"2019-03-27 02:26:00";22
"2019-03-27 02:26:05";22
"2019-03-27 02:36:00";22
"2019-03-27 02:36:05";22
"2019-03-27 02:46:00";22
"2019-03-27 02:46:07";22
"2019-03-27 02:56:00";20
"2019-03-27 02:56:08";20
"2019-03-27 03:06:00";20
"2019-03-27 03:06:05";20
"2019-03-27 03:16:00";20
"2019-03-27 03:16:05";20
"2019-03-27 03:26:00";22
"2019-03-27 03:26:05";22
"2019-03-27 03:36:00";22
"2019-03-27 03:36:06";22
"2019-03-27 03:46:00";22
"2019-03-27 03:46:07";22
"2019-03-27 03:56:00";21
"2019-03-27 03:56:05";21
"2019-03-27 04:06:00";21
"2019-03-27 04:06:22";21
"2019-03-27 04:16:00";21
"2019-03-27 04:16:08";21
"2019-03-27 04:26:00";21
"2019-03-27 04:26:07";21
"2019-03-27 04:36:00";21
"2019-03-27 04:36:06";21
"2019-03-27 04:46:00";21
"2019-03-27 04:46:06";21
"2019-03-27 04:56:00";20
"2019-03-27 04:56:05";20
"2019-03-27 05:06:00";20
"2019-03-27 05:06:05";20
"2019-03-27 05:16:00";20
"2019-03-27 05:16:05";20
"2019-03-27 05:26:00";20
"2019-03-27 05:26:04";20
"2019-03-27 05:36:00";20
"2019-03-27 05:36:05";20
"2019-03-27 05:46:00";20
"2019-03-27 05:46:05";20
"2019-03-27 05:56:00";20
"2019-03-27 05:56:05";20
"2019-03-27 06:06:00";20
"2019-03-27 06:06:05";20
"2019-03-27 06:16:00";20
"2019-03-27 06:16:05";20
"2019-03-27 06:26:00";22
"2019-03-27 06:26:05";22
"2019-03-27 06:36:00";22
"2019-03-27 06:36:05";22
"2019-03-27 06:46:00";22
"2019-03-27 06:46:05";22
"2019-03-27 06:56:00";21
"2019-03-27 06:56:05";21
"2019-03-27 07:06:00";21
"2019-03-27 07:06:05";21
"2019-03-27 07:16:00";21
"2019-03-27 07:16:05";21
"2019-03-27 07:26:00";21
"2019-03-27 07:26:05";21
"2019-03-27 07:36:00";21
"2019-03-27 07:36:05";21
"2019-03-27 07:46:00";21
"2019-03-27 07:46:06";21
"2019-03-27 07:56:00";21
"2019-03-27 07:56:05";21
"2019-03-27 08:06:00";21
"2019-03-27 08:06:05";21
"2019-03-27 08:16:00";21
"2019-03-27 08:16:05";21
"2019-03-27 08:26:00";21
"2019-03-27 08:26:05";21
"2019-03-27 08:36:00";21
"2019-03-27 08:36:05";21
"2019-03-27 08:46:00";21
"2019-03-27 08:46:05";21
"2019-03-27 08:56:00";21
"2019-03-27 08:56:05";21
"2019-03-27 09:06:00";21
"2019-03-27 09:06:05";21
"2019-03-27 09:16:00";21
"2019-03-27 09:16:05";21
"2019-03-27 09:26:00";22
"2019-03-27 09:26:05";22
"2019-03-27 09:36:00";22
"2019-03-27 09:36:04";22
"2019-03-27 09:46:00";22
"2019-03-27 09:46:05";22
"2019-03-27 09:56:00";22
"2019-03-27 09:56:05";22
"2019-03-27 10:06:00";22
"2019-03-27 10:06:05";22
"2019-03-27 10:16:00";22
"2019-03-27 10:16:06";22
"2019-03-27 10:26:00";19
"2019-03-27 10:26:05";19
"2019-03-27 10:36:00";19
"2019-03-27 10:36:05";19
"2019-03-27 10:46:00";19
"2019-03-27 10:46:05";19
"2019-03-27 10:56:00";19
"2019-03-27 10:56:05";19
"2019-03-27 11:06:00";20
"2019-03-27 11:06:05";20
"2019-03-27 11:16:00";20
"2019-03-27 11:16:05";20
"2019-03-27 11:26:00";19
"2019-03-27 11:26:06";19
"2019-03-27 11:36:00";19
"2019-03-27 11:36:05";19
"2019-03-27 11:46:00";19
"2019-03-27 11:46:05";19
"2019-03-27 11:56:00";20
"2019-03-27 11:56:05";20
"2019-03-27 12:06:00";20
"2019-03-27 12:06:06";20
"2019-03-27 12:16:00";20
"2019-03-27 12:16:05";20
"2019-03-27 12:26:00";20
"2019-03-27 12:26:05";20
"2019-03-27 12:36:00";20
"2019-03-27 12:36:05";20
"2019-03-27 12:46:00";20
"2019-03-27 12:46:06";20
"2019-03-27 12:56:00";20
"2019-03-27 12:56:05";20
"2019-03-27 13:06:00";20
"2019-03-27 13:06:07";20
"2019-03-27 13:16:00";20
"2019-03-27 13:16:06";20
"2019-03-27 13:26:00";20
"2019-03-27 13:26:05";20
"2019-03-27 13:36:00";21
"2019-03-27 13:36:05";21
"2019-03-27 13:46:00";21
"2019-03-27 13:46:05";21
"2019-03-27 13:56:00";21
"2019-03-27 13:56:05";21
"2019-03-27 14:06:00";21
"2019-03-27 14:06:05";21
"2019-03-27 14:16:00";21
"2019-03-27 14:16:05";21
"2019-03-27 14:26:00";22
"2019-03-27 14:26:05";22
"2019-03-27 14:36:00";22
"2019-03-27 14:36:05";22
"2019-03-27 14:46:00";22
"2019-03-27 14:46:06";22
"2019-03-27 14:56:00";20
"2019-03-27 14:56:05";20
"2019-03-27 15:06:00";20
"2019-03-27 15:06:05";20
"2019-03-27 15:16:00";20
"2019-03-27 15:16:06";20
"2019-03-27 15:26:00";22
"2019-03-27 15:26:05";22
"2019-03-27 15:36:00";22
"2019-03-27 15:36:05";22
"2019-03-27 15:46:00";22
"2019-03-27 15:46:05";22
"2019-03-27 15:56:00";23
"2019-03-27 15:56:05";23
"2019-03-27 16:06:00";23
"2019-03-27 16:06:05";23
"2019-03-27 16:16:00";23
"2019-03-27 16:16:05";23
"2019-03-27 16:26:00";23
"2019-03-27 16:26:05";23
"2019-03-27 16:36:00";23
"2019-03-27 16:36:05";23
"2019-03-27 16:46:00";23
"2019-03-27 16:46:05";23
"2019-03-27 16:56:00";23
"2019-03-27 16:56:06";23
"2019-03-27 17:06:00";23
"2019-03-27 17:06:05";23
"2019-03-27 17:16:00";23
"2019-03-27 17:16:05";23
"2019-03-27 17:26:00";23
"2019-03-27 17:26:05";23
"2019-03-27 17:36:00";23
"2019-03-27 17:36:05";23
"2019-03-27 17:46:00";23
"2019-03-27 17:46:05";23
"2019-03-27 17:56:00";23
"2019-03-27 17:56:05";23
"2019-03-27 18:06:00";23
"2019-03-27 18:06:05";23
"2019-03-27 18:16:00";23
"2019-03-27 18:16:06";23
"2019-03-27 18:26:00";23
"2019-03-27 18:26:06";23
"2019-03-27 18:36:00";23
"2019-03-27 18:36:05";23
"2019-03-27 18:46:00";23
"2019-03-27 18:46:06";23
"2019-03-27 18:56:00";22
"2019-03-27 18:56:06";22
"2019-03-27 19:06:00";22
"2019-03-27 19:06:05";22
"2019-03-27 19:16:00";22
"2019-03-27 19:16:05";22
"2019-03-27 19:26:00";21
"2019-03-27 19:26:05";21
"2019-03-27 19:36:00";21
"2019-03-27 19:36:06";21
"2019-03-27 19:46:00";21
"2019-03-27 19:46:06";21
"2019-03-27 19:56:00";21
"2019-03-27 19:56:05";21
"2019-03-27 20:06:00";21
"2019-03-27 20:06:06";21
"2019-03-27 20:16:00";21
"2019-03-27 20:16:05";21
"2019-03-27 20:26:00";22
"2019-03-27 20:26:05";22
"2019-03-27 20:36:00";22
"2019-03-27 20:36:05";22
"2019-03-27 20:46:00";22
"2019-03-27 20:46:06";22
"2019-03-27 20:56:00";21
"2019-03-27 20:56:05";21
"2019-03-27 21:06:00";21
"2019-03-27 21:06:05";21
"2019-03-27 21:16:00";21
"2019-03-27 21:16:05";21
"2019-03-27 21:26:00";21
"2019-03-27 21:26:05";21
"2019-03-27 21:36:00";21
"2019-03-27 21:36:05";21
"2019-03-27 21:46:00";21
"2019-03-27 21:46:06";21
"2019-03-27 21:56:00";21
"2019-03-27 21:56:05";21
"2019-03-27 22:06:00";21
"2019-03-27 22:06:06";21
"2019-03-27 22:16:00";21
"2019-03-27 22:16:06";21
"2019-03-27 22:26:00";21
"2019-03-27 22:26:06";21
"2019-03-27 22:36:00";21
"2019-03-27 22:36:06";21
"2019-03-27 22:46:00";21
"2019-03-27 22:46:07";21
"2019-03-27 22:56:00";22
"2019-03-27 22:56:05";22
"2019-03-27 23:06:00";22
"2019-03-27 23:06:05";22
"2019-03-27 23:16:00";22
"2019-03-27 23:16:07";22
"2019-03-27 23:26:00";21
"2019-03-27 23:26:07";21
"2019-03-27 23:36:00";21
"2019-03-27 23:36:06";21
"2019-03-27 23:46:00";21
"2019-03-27 23:46:05";21
"2019-03-27 23:56:00";21
"2019-03-27 23:56:07";21
"2019-03-28 00:06:00";21
"2019-03-28 00:06:06";21
"2019-03-28 00:16:00";21
"2019-03-28 00:16:06";21
"2019-03-28 00:26:00";21
"2019-03-28 00:26:05";21
"2019-03-28 00:36:00";21
"2019-03-28 00:36:05";21
"2019-03-28 00:46:00";21
"2019-03-28 00:46:05";21
"2019-03-28 00:56:00";21
"2019-03-28 00:56:07";21
"2019-03-28 01:06:00";21
"2019-03-28 01:06:05";21
"2019-03-28 01:16:00";21
"2019-03-28 01:16:07";21
"2019-03-28 01:26:00";19
"2019-03-28 01:26:08";19
"2019-03-28 01:36:00";19
"2019-03-28 01:36:05";19
"2019-03-28 01:46:00";19
"2019-03-28 01:46:07";19
"2019-03-28 01:56:00";21
"2019-03-28 01:56:06";21
"2019-03-28 02:06:00";21
"2019-03-28 02:06:05";21
"2019-03-28 02:16:00";21
"2019-03-28 02:16:06";21
"2019-03-28 02:26:00";20
"2019-03-28 02:26:05";20
"2019-03-28 02:36:00";20
"2019-03-28 02:36:06";20
"2019-03-28 02:46:00";20
"2019-03-28 02:46:05";20
"2019-03-28 02:56:00";21
"2019-03-28 02:56:05";21
"2019-03-28 03:06:00";21
"2019-03-28 03:06:06";21
"2019-03-28 03:16:00";21
"2019-03-28 03:16:06";21
"2019-03-28 03:26:00";22
"2019-03-28 03:26:05";22
"2019-03-28 03:36:00";22
"2019-03-28 03:36:05";22
"2019-03-28 03:46:00";22
"2019-03-28 03:46:09";22
"2019-03-28 03:56:00";20
"2019-03-28 03:56:05";20
"2019-03-28 04:06:00";20
"2019-03-28 04:06:09";20
"2019-03-28 04:16:00";20
"2019-03-28 04:16:09";20
"2019-03-28 04:26:00";20
"2019-03-28 04:26:06";20
"2019-03-28 04:36:00";20
"2019-03-28 04:36:05";20
"2019-03-28 04:46:00";20
"2019-03-28 04:46:06";20
"2019-03-28 04:56:00";21
"2019-03-28 04:56:05";21
"2019-03-28 05:06:00";21
"2019-03-28 05:06:05";21
"2019-03-28 05:16:00";21
"2019-03-28 05:16:05";21
"2019-03-28 05:26:00";19
"2019-03-28 05:26:05";19
"2019-03-28 05:36:00";19
"2019-03-28 05:36:05";19
"2019-03-28 05:46:00";19
"2019-03-28 05:46:06";19
"2019-03-28 05:56:00";21
"2019-03-28 05:56:05";21
"2019-03-28 06:06:00";21
"2019-03-28 06:06:05";21
"2019-03-28 06:16:00";21
"2019-03-28 06:16:05";21
"2019-03-28 06:26:00";21
"2019-03-28 06:26:05";21
"2019-03-28 06:36:00";21
"2019-03-28 06:36:05";21
"2019-03-28 06:46:00";21
"2019-03-28 06:46:05";21
"2019-03-28 06:56:00";20
"2019-03-28 06:56:05";20
"2019-03-28 07:06:00";20
"2019-03-28 07:06:05";20
"2019-03-28 07:16:00";20
"2019-03-28 07:16:05";20
"2019-03-28 07:26:00";21
"2019-03-28 07:26:05";21
"2019-03-28 07:36:00";21
"2019-03-28 07:36:05";21
"2019-03-28 07:46:00";21
"2019-03-28 07:46:05";21
"2019-03-28 07:56:00";22
"2019-03-28 07:56:05";22
"2019-03-28 08:06:00";22
"2019-03-28 08:06:05";22
"2019-03-28 08:16:00";22
"2019-03-28 08:16:05";22
"2019-03-28 08:26:00";20
"2019-03-28 08:26:06";20
"2019-03-28 08:36:00";20
"2019-03-28 08:36:05";20
"2019-03-28 08:46:00";20
"2019-03-28 08:46:05";20
"2019-03-28 08:56:00";22
"2019-03-28 08:56:05";22
"2019-03-28 09:06:00";22
"2019-03-28 09:06:05";22
"2019-03-28 09:16:00";22
"2019-03-28 09:16:05";22
"2019-03-28 09:26:00";22
"2019-03-28 09:26:06";22
"2019-03-28 09:36:00";22
"2019-03-28 09:36:05";22
"2019-03-28 09:46:00";22
"2019-03-28 09:46:05";22
"2019-03-28 09:56:00";22
"2019-03-28 09:56:05";22
"2019-03-28 10:06:00";22
"2019-03-28 10:06:05";22
"2019-03-28 10:16:00";22
"2019-03-28 10:16:06";22
"2019-03-28 10:26:00";20
"2019-03-28 10:26:05";20
"2019-03-28 10:36:00";20
"2019-03-28 10:36:05";20
"2019-03-28 10:46:00";20
"2019-03-28 10:46:05";20
"2019-03-28 10:56:00";20
"2019-03-28 10:56:05";20
"2019-03-28 11:06:00";20
"2019-03-28 11:06:05";20
"2019-03-28 11:16:00";20
"2019-03-28 11:16:05";20
"2019-03-28 11:26:00";20
"2019-03-28 11:26:05";20
"2019-03-28 11:36:00";20
"2019-03-28 11:36:05";20
"2019-03-28 11:46:00";20
"2019-03-28 11:46:06";20
"2019-03-28 11:56:00";19
"2019-03-28 11:56:05";19
"2019-03-28 12:06:00";19
"2019-03-28 12:06:05";19
"2019-03-28 12:16:00";19
"2019-03-28 12:16:05";19
"2019-03-28 12:26:00";19
"2019-03-28 12:26:05";19
"2019-03-28 12:36:00";19
"2019-03-28 12:36:05";19
"2019-03-28 12:46:00";19
"2019-03-28 12:46:05";19
"2019-03-28 12:56:00";21
"2019-03-28 12:56:05";21
"2019-03-28 13:06:00";21
"2019-03-28 13:06:05";21
"2019-03-28 13:16:00";21
"2019-03-28 13:16:05";21
"2019-03-28 13:26:00";19
"2019-03-28 13:26:05";19
"2019-03-28 13:36:00";19
"2019-03-28 13:36:05";19
"2019-03-28 13:46:00";19
"2019-03-28 13:46:05";19
"2019-03-28 13:56:00";20
"2019-03-28 13:56:05";20
"2019-03-28 14:06:00";20
"2019-03-28 14:06:05";20
"2019-03-28 14:16:00";20
"2019-03-28 14:16:05";20
"2019-03-28 14:26:00";18
"2019-03-28 14:26:05";18
"2019-03-28 14:36:00";18
"2019-03-28 14:36:05";18
"2019-03-28 14:46:00";18
"2019-03-28 14:46:05";18
"2019-03-28 14:56:00";19
"2019-03-28 14:56:06";19
"2019-03-28 15:06:00";19
"2019-03-28 15:06:05";19
"2019-03-28 15:16:00";19
"2019-03-28 15:16:06";19
"2019-03-28 15:26:00";19
"2019-03-28 15:26:05";19
"2019-03-28 15:36:00";19
"2019-03-28 15:36:05";19
"2019-03-28 15:46:00";19
"2019-03-28 15:46:06";19
"2019-03-28 15:56:00";21
"2019-03-28 15:56:05";21
"2019-03-28 16:06:00";21
"2019-03-28 16:06:05";21
"2019-03-28 16:16:00";21
"2019-03-28 16:16:05";21
"2019-03-28 16:26:00";21
"2019-03-28 16:26:05";21
"2019-03-28 16:36:00";21
"2019-03-28 16:36:05";21
"2019-03-28 16:46:00";21
"2019-03-28 16:46:06";21
"2019-03-28 16:56:00";21
"2019-03-28 16:56:05";21
"2019-03-28 17:06:00";21
"2019-03-28 17:06:06";21
"2019-03-28 17:16:00";21
"2019-03-28 17:16:05";21
"2019-03-28 17:26:00";22
"2019-03-28 17:26:05";22
"2019-03-28 17:36:00";22
"2019-03-28 17:36:05";22
"2019-03-28 17:46:00";22
"2019-03-28 17:46:05";22
"2019-03-28 17:56:00";23
"2019-03-28 17:56:05";23
"2019-03-28 18:06:00";23
"2019-03-28 18:06:05";23
"2019-03-28 18:16:00";23
"2019-03-28 18:16:06";23
"2019-03-28 18:26:00";23
"2019-03-28 18:26:05";23
"2019-03-28 18:36:00";23
"2019-03-28 18:36:06";23
"2019-03-28 18:46:00";23
"2019-03-28 18:46:05";23
"2019-03-28 18:56:00";21
"2019-03-28 18:56:05";21
"2019-03-28 19:06:00";21
"2019-03-28 19:06:05";21
"2019-03-28 19:16:00";21
"2019-03-28 19:16:05";21
"2019-03-28 19:26:00";20
"2019-03-28 19:26:05";20
"2019-03-28 19:36:00";20
"2019-03-28 19:36:05";20
"2019-03-28 19:46:00";20
"2019-03-28 19:46:07";20
"2019-03-28 19:56:00";21
"2019-03-28 19:56:06";21
"2019-03-28 20:06:00";21
"2019-03-28 20:06:06";21
"2019-03-28 20:16:00";21
"2019-03-28 20:16:05";21
"2019-03-28 20:26:00";21
"2019-03-28 20:26:05";21
"2019-03-28 20:36:00";21
"2019-03-28 20:36:05";21
"2019-03-28 20:46:00";21
"2019-03-28 20:46:05";21
"2019-03-28 20:56:00";22
"2019-03-28 20:56:06";22
"2019-03-28 21:06:00";22
"2019-03-28 21:06:06";22
"2019-03-28 21:16:00";22
"2019-03-28 21:16:09";22
"2019-03-28 21:26:00";23
"2019-03-28 21:26:05";23
"2019-03-28 21:36:00";23
"2019-03-28 21:36:05";23
"2019-03-28 21:46:00";23
"2019-03-28 21:46:05";23
"2019-03-28 21:56:00";21
"2019-03-28 21:56:05";21
"2019-03-28 22:06:00";21
"2019-03-28 22:06:07";21
"2019-03-28 22:16:00";21
"2019-03-28 22:16:09";21
"2019-03-28 22:26:00";22
"2019-03-28 22:26:08";22
"2019-03-28 22:36:00";22
"2019-03-28 22:36:06";22
"2019-03-28 22:46:00";22
"2019-03-28 22:46:07";22
"2019-03-28 22:56:00";22
"2019-03-28 22:56:06";22
"2019-03-28 23:06:05";22
"2019-03-28 23:16:00";22
"2019-03-28 23:16:10";22
"2019-03-28 23:26:06";22
"2019-03-28 23:36:00";22
"2019-03-28 23:36:06";22
"2019-03-28 23:46:00";22
"2019-03-28 23:46:08";22
"2019-03-28 23:56:00";22
"2019-03-28 23:56:08";22
"2019-03-29 00:06:00";22
"2019-03-29 00:06:06";22
"2019-03-29 00:16:00";22
"2019-03-29 00:16:06";22
"2019-03-29 00:26:00";22
"2019-03-29 00:26:05";22
"2019-03-29 00:36:00";22
"2019-03-29 00:36:06";22
"2019-03-29 00:46:00";22
"2019-03-29 00:46:06";22
"2019-03-29 00:56:00";21
"2019-03-29 00:56:07";21
"2019-03-29 01:06:00";21
"2019-03-29 01:06:05";21
"2019-03-29 01:16:00";21
"2019-03-29 01:16:08";21
"2019-03-29 01:26:00";21
"2019-03-29 01:26:06";21
"2019-03-29 01:36:00";21
"2019-03-29 01:36:08";21
"2019-03-29 01:46:00";21
"2019-03-29 01:46:09";21
"2019-03-29 01:56:00";21
"2019-03-29 01:56:06";21
"2019-03-29 02:06:00";21
"2019-03-29 02:06:06";21
"2019-03-29 02:16:00";21
"2019-03-29 02:16:05";21
"2019-03-29 02:26:00";22
"2019-03-29 02:26:05";22
"2019-03-29 02:36:00";22
"2019-03-29 02:36:06";22
"2019-03-29 02:46:00";22
"2019-03-29 02:46:08";22
"2019-03-29 02:56:00";23
"2019-03-29 02:56:05";23
"2019-03-29 03:06:00";23
"2019-03-29 03:06:06";23
"2019-03-29 03:16:00";23
"2019-03-29 03:16:06";23
"2019-03-29 03:26:00";21
"2019-03-29 03:26:06";21
"2019-03-29 03:36:00";21
"2019-03-29 03:36:07";21
"2019-03-29 03:46:00";21
"2019-03-29 03:46:08";21
"2019-03-29 03:56:00";21
"2019-03-29 03:56:07";21
"2019-03-29 04:06:00";21
"2019-03-29 04:06:05";21
"2019-03-29 04:16:00";21
"2019-03-29 04:16:05";21
"2019-03-29 04:26:00";21
"2019-03-29 04:26:05";21
"2019-03-29 04:36:00";21
"2019-03-29 04:36:05";21
"2019-03-29 04:46:00";21
"2019-03-29 04:46:07";21
"2019-03-29 04:56:00";22
"2019-03-29 04:56:05";22
"2019-03-29 05:06:00";22
"2019-03-29 05:06:05";22
"2019-03-29 05:16:00";22
"2019-03-29 05:16:05";22
"2019-03-29 05:26:00";23
"2019-03-29 05:26:05";23
"2019-03-29 05:36:00";23
"2019-03-29 05:36:05";23
"2019-03-29 05:46:00";23
"2019-03-29 05:46:06";23
"2019-03-29 05:56:00";22
"2019-03-29 05:56:05";22
"2019-03-29 06:06:00";22
"2019-03-29 06:06:05";22
"2019-03-29 06:16:00";22
"2019-03-29 06:16:05";22
"2019-03-29 06:26:00";22
"2019-03-29 06:26:05";22
"2019-03-29 06:36:00";22
"2019-03-29 06:36:05";22
"2019-03-29 06:46:00";22
"2019-03-29 06:46:05";22
"2019-03-29 06:56:00";22
"2019-03-29 06:56:05";22
"2019-03-29 07:06:00";22
"2019-03-29 07:06:05";22
"2019-03-29 07:16:00";22
"2019-03-29 07:16:05";22
"2019-03-29 07:26:00";21
"2019-03-29 07:26:05";21
"2019-03-29 07:36:00";21
"2019-03-29 07:36:05";21
"2019-03-29 07:46:00";21
"2019-03-29 07:46:05";21
"2019-03-29 07:56:00";22
"2019-03-29 07:56:05";22
"2019-03-29 08:06:00";22
"2019-03-29 08:06:05";22
"2019-03-29 08:16:00";22
"2019-03-29 08:16:05";22
"2019-03-29 08:26:00";22
"2019-03-29 08:26:05";22
"2019-03-29 08:36:00";22
"2019-03-29 08:36:05";22
"2019-03-29 08:46:00";22
"2019-03-29 08:46:05";22
"2019-03-29 08:56:00";24
"2019-03-29 08:56:05";24
"2019-03-29 09:06:00";24
"2019-03-29 09:06:05";24
"2019-03-29 09:16:00";24
"2019-03-29 09:16:05";24
"2019-03-29 09:26:00";22
"2019-03-29 09:26:05";22
"2019-03-29 09:36:00";22
"2019-03-29 09:36:05";22
"2019-03-29 09:46:00";22
"2019-03-29 09:46:06";22
"2019-03-29 09:56:00";23
"2019-03-29 09:56:05";23
"2019-03-29 10:06:00";23
"2019-03-29 10:06:05";23
"2019-03-29 10:16:05";20
"2019-03-29 10:26:05";20
"2019-03-29 10:36:05";20
"2019-03-29 10:46:05";20
"2019-03-29 10:56:05";20
"2019-03-29 11:06:05";20
"2019-03-29 11:16:06";20
"2019-03-29 11:26:05";21
"2019-03-29 11:36:05";21
"2019-03-29 11:46:05";21
"2019-03-29 11:56:05";20
"2019-03-29 12:06:05";20
"2019-03-29 12:16:05";20
"2019-03-29 12:26:05";22
"2019-03-29 12:36:06";22
"2019-03-29 12:46:05";22
"2019-03-29 12:56:06";19
"2019-03-29 13:06:05";19
"2019-03-29 13:16:05";19
"2019-03-29 13:26:05";21
"2019-03-29 13:36:06";21
"2019-03-29 13:46:06";21
"2019-03-29 13:56:05";21
"2019-03-29 14:06:05";21
"2019-03-29 14:16:05";21
"2019-03-29 14:26:06";19
"2019-03-29 14:36:05";19
"2019-03-29 14:46:05";19
"2019-03-29 14:56:05";19
"2019-03-29 15:06:05";21
"2019-03-29 15:16:05";21
"2019-03-29 15:26:05";21
"2019-03-29 15:36:05";21
"2019-03-29 15:46:05";21
"2019-03-29 15:56:05";23
"2019-03-29 16:06:05";23
"2019-03-29 16:16:05";23
"2019-03-29 16:26:05";22
"2019-03-29 16:36:05";22
"2019-03-29 16:46:06";22
"2019-03-29 16:56:05";23
"2019-03-29 17:06:06";23
"2019-03-29 17:16:05";23
"2019-03-29 17:26:05";22
"2019-03-29 17:36:05";22
"2019-03-29 17:46:05";22
"2019-03-29 17:56:05";23
"2019-03-29 18:06:05";23
"2019-03-29 18:16:06";23
"2019-03-29 18:26:05";21
"2019-03-29 18:36:05";21
"2019-03-29 18:46:06";21
"2019-03-29 18:56:05";21
"2019-03-29 19:06:05";21
"2019-03-29 19:16:06";21
"2019-03-29 19:26:06";20
"2019-03-29 19:36:05";20
"2019-03-29 19:46:05";20
"2019-03-29 19:56:06";22
"2019-03-29 20:06:05";22
"2019-03-29 20:16:06";22
"2019-03-29 20:26:06";19
"2019-03-29 20:36:05";19
"2019-03-29 20:46:05";19
"2019-03-29 20:56:05";23
"2019-03-29 21:06:06";23
"2019-03-29 21:16:05";23
"2019-03-29 21:26:05";22
"2019-03-29 21:36:05";22
"2019-03-29 21:46:05";22
"2019-03-29 21:56:05";22
"2019-03-29 22:06:06";22
"2019-03-29 22:16:06";22
"2019-03-29 22:26:06";22
"2019-03-29 22:36:06";22
"2019-03-29 22:46:05";22
"2019-03-29 22:56:05";24
"2019-03-29 23:06:05";24
"2019-03-29 23:16:05";24
"2019-03-29 23:26:05";22
"2019-03-29 23:36:06";22
"2019-03-29 23:46:05";22
"2019-03-29 23:56:06";21
"2019-03-30 00:06:07";21
"2019-03-30 00:16:05";21
"2019-03-30 00:26:07";22
"2019-03-30 00:36:06";22
"2019-03-30 00:46:06";22
"2019-03-30 00:56:06";22
"2019-03-30 01:06:05";22
"2019-03-30 01:16:05";22
"2019-03-30 01:26:05";20
"2019-03-30 01:36:06";20
"2019-03-30 01:46:06";20
"2019-03-30 01:56:05";22
"2019-03-30 02:06:05";22
"2019-03-30 02:16:05";22
"2019-03-30 02:26:05";22
"2019-03-30 02:36:05";22
"2019-03-30 02:46:05";22
"2019-03-30 02:56:05";21
"2019-03-30 03:06:05";21
"2019-03-30 03:16:05";21
"2019-03-30 03:26:05";20
"2019-03-30 03:36:05";20
"2019-03-30 03:46:05";20
"2019-03-30 03:56:05";21
"2019-03-30 04:06:05";21
"2019-03-30 04:16:05";21
"2019-03-30 04:26:05";21
"2019-03-30 04:36:05";21
"2019-03-30 04:46:05";21
"2019-03-30 04:56:05";21
"2019-03-30 05:06:05";21
"2019-03-30 05:16:05";21
"2019-03-30 05:26:05";22
"2019-03-30 05:36:06";22
"2019-03-30 05:46:05";22
"2019-03-30 05:56:05";22
"2019-03-30 06:06:05";22
"2019-03-30 06:16:05";22
"2019-03-30 06:26:05";22
"2019-03-30 06:36:04";22
"2019-03-30 06:46:05";22
"2019-03-30 06:56:05";21
"2019-03-30 07:06:05";21
"2019-03-30 07:16:06";21
"2019-03-30 07:26:05";21
"2019-03-30 07:36:05";21
"2019-03-30 07:46:05";21
"2019-03-30 07:56:05";21
"2019-03-30 08:06:05";21
"2019-03-30 08:16:05";21
"2019-03-30 08:26:05";22
"2019-03-30 08:36:05";22
"2019-03-30 08:46:05";22
"2019-03-30 08:56:05";22
"2019-03-30 09:06:05";22
"2019-03-30 09:16:07";22
"2019-03-30 09:26:05";23
"2019-03-30 09:36:05";23
"2019-03-30 09:46:05";23
"2019-03-30 09:56:05";23
"2019-03-30 10:06:05";23
"2019-03-30 10:16:05";23
"2019-03-30 10:26:05";19
"2019-03-30 10:36:05";19
"2019-03-30 10:46:05";19
"2019-03-30 10:56:05";18
"2019-03-30 11:06:05";18
"2019-03-30 11:16:05";18
"2019-03-30 11:26:05";20
"2019-03-30 11:36:05";20
"2019-03-30 11:46:06";20
"2019-03-30 11:56:05";21
"2019-03-30 12:06:05";21
"2019-03-30 12:16:05";21
"2019-03-30 12:26:05";20
"2019-03-30 12:36:05";20
"2019-03-30 12:46:05";20
"2019-03-30 12:56:05";21
"2019-03-30 13:06:05";21
"2019-03-30 13:16:05";21
"2019-03-30 13:26:05";21
"2019-03-30 13:36:05";21
"2019-03-30 13:46:05";21
"2019-03-30 13:56:05";20
"2019-03-30 14:06:05";20
"2019-03-30 14:16:05";20
"2019-03-30 14:26:05";21
"2019-03-30 14:36:05";21
"2019-03-30 14:46:05";21
"2019-03-30 14:56:05";21
"2019-03-30 15:06:05";21
"2019-03-30 15:16:05";21
"2019-03-30 15:26:05";22
"2019-03-30 15:36:05";22
"2019-03-30 15:46:05";22
"2019-03-30 15:56:05";24
"2019-03-30 16:06:05";24
"2019-03-30 16:16:05";24
"2019-03-30 16:26:05";22
"2019-03-30 16:36:05";22
"2019-03-30 16:46:05";22
"2019-03-30 16:56:05";23
"2019-03-30 17:06:06";23
"2019-03-30 17:16:05";23
"2019-03-30 17:26:05";23
"2019-03-30 17:36:05";23
"2019-03-30 17:46:05";23
"2019-03-30 17:56:05";22
"2019-03-30 18:06:05";22
"2019-03-30 18:16:05";22
"2019-03-30 18:26:05";23
"2019-03-30 18:36:05";23
"2019-03-30 18:46:05";23
"2019-03-30 18:56:05";21
"2019-03-30 19:06:05";21
"2019-03-30 19:16:05";21
"2019-03-30 19:26:05";21
"2019-03-30 19:36:05";21
"2019-03-30 19:46:05";21
"2019-03-30 19:56:05";22
"2019-03-30 20:06:05";22
"2019-03-30 20:16:05";22
"2019-03-30 20:26:06";22
"2019-03-30 20:36:07";22
"2019-03-30 20:46:06";22
"2019-03-30 20:56:05";22
"2019-03-30 21:06:06";22
"2019-03-30 21:16:05";22
"2019-03-30 21:26:05";23
"2019-03-30 21:36:07";23
"2019-03-30 21:46:06";23
"2019-03-30 21:56:05";23
"2019-03-30 22:06:06";23
"2019-03-30 22:16:06";23
"2019-03-30 22:26:06";24
"2019-03-30 22:36:05";24
"2019-03-30 22:46:06";24
"2019-03-30 22:56:06";23
"2019-03-30 23:06:05";23
"2019-03-30 23:16:07";23
"2019-03-31 00:56:06";24
"2019-03-31 01:06:05";24
"2019-03-31 01:16:05";25
"2019-03-31 01:26:05";25
"2019-03-31 01:36:04";25
"2019-03-31 01:46:05";25
"2019-03-31 01:56:05";25
"2019-03-31 03:06:05";25
"2019-03-31 03:16:05";25
"2019-03-31 03:26:05";24
"2019-03-31 03:36:05";24
"2019-03-31 03:46:07";24
"2019-03-31 03:56:06";24
"2019-03-31 05:06:05";24
"2019-03-31 05:06:06";24
"2019-03-31 05:16:05";23
"2019-03-31 05:16:06";24
"2019-03-31 05:26:05";24
"2019-03-31 05:26:06";23
"2019-03-31 05:36:05";24
"2019-03-31 05:46:06";24
"2019-03-31 05:56:05";24
"2019-03-31 06:06:05";25
"2019-03-31 06:16:05";25
"2019-03-31 06:26:06";22
"2019-03-31 06:36:05";22
"2019-03-31 06:46:05";22
"2019-03-31 06:56:05";24
"2019-03-31 07:06:05";24
"2019-03-31 07:16:05";24
"2019-03-31 07:26:05";23
"2019-03-31 07:36:05";23
"2019-03-31 07:46:05";23
"2019-03-31 07:56:05";23
"2019-03-31 08:06:05";23
"2019-03-31 08:16:05";23
"2019-03-31 08:26:05";23
"2019-03-31 08:36:05";23
"2019-03-31 08:46:06";23
"2019-03-31 08:56:05";25
"2019-03-31 09:06:05";25
"2019-03-31 09:16:05";25
"2019-03-31 09:26:05";24
"2019-03-31 09:36:05";24
"2019-03-31 09:46:05";24
"2019-03-31 09:56:05";26
"2019-03-31 10:06:07";26
"2019-03-31 10:16:06";26
"2019-03-31 10:26:05";25
"2019-03-31 10:36:05";25
"2019-03-31 10:46:05";25
"2019-03-31 10:56:05";25
"2019-03-31 11:06:05";25
"2019-03-31 11:16:06";25
"2019-03-31 11:26:05";21
"2019-03-31 11:36:05";21
"2019-03-31 11:46:05";21
"2019-03-31 11:56:06";20
"2019-03-31 12:06:05";20
"2019-03-31 12:16:05";20
"2019-03-31 12:26:05";21
"2019-03-31 12:36:06";21
"2019-03-31 12:46:05";21
"2019-03-31 12:56:05";21
"2019-03-31 13:06:05";21
"2019-03-31 13:16:06";21
"2019-03-31 13:26:05";22
"2019-03-31 13:36:05";22
"2019-03-31 13:46:05";22
"2019-03-31 13:56:05";22
"2019-03-31 14:06:05";22
"2019-03-31 14:16:05";22
"2019-03-31 14:26:05";22
"2019-03-31 14:36:06";22
"2019-03-31 14:46:06";22
"2019-03-31 14:56:05";21
"2019-03-31 15:06:05";21
"2019-03-31 15:16:05";21
"2019-03-31 15:26:05";23
"2019-03-31 15:36:05";23
"2019-03-31 15:46:06";23
"2019-03-31 15:56:05";22
"2019-03-31 16:06:05";22
"2019-03-31 16:16:07";22
"2019-03-31 16:26:05";22
"2019-03-31 16:36:05";22
"2019-03-31 16:46:05";22
"2019-03-31 16:56:05";24
"2019-03-31 17:06:05";24
"2019-03-31 17:16:06";24
"2019-03-31 17:26:06";25
"2019-03-31 17:36:05";25
"2019-03-31 17:46:07";25
"2019-03-31 17:56:05";23
"2019-03-31 18:06:06";23
"2019-03-31 18:16:05";23
"2019-03-31 18:26:05";25
"2019-03-31 18:36:05";25
"2019-03-31 18:46:05";25
"2019-03-31 18:56:05";24
"2019-03-31 19:06:05";24
"2019-03-31 19:16:05";24
"2019-03-31 19:26:05";21
"2019-03-31 19:36:05";21
"2019-03-31 19:46:05";21
"2019-03-31 19:56:06";23
"2019-03-31 20:06:05";23
"2019-03-31 20:16:05";23
"2019-03-31 20:26:05";23
"2019-03-31 20:36:05";23
"2019-03-31 20:46:05";23
"2019-03-31 20:56:05";24
"2019-03-31 21:06:05";24
"2019-03-31 21:16:05";24
"2019-03-31 21:26:05";24
"2019-03-31 21:36:05";24
"2019-03-31 21:46:06";24
"2019-03-31 21:56:05";23
"2019-03-31 22:06:06";23
"2019-03-31 22:16:06";23
"2019-03-31 22:26:06";25
"2019-03-31 22:36:05";25
"2019-03-31 22:46:05";25
"2019-03-31 22:56:05";24
"2019-03-31 23:06:05";24
"2019-03-31 23:16:06";24
"2019-03-31 23:26:05";22
"2019-03-31 23:36:05";22
"2019-03-31 23:46:06";22
"2019-03-31 23:56:05";26
"2019-04-01 00:06:06";26
"2019-04-01 00:16:06";26
"2019-04-01 00:26:06";25
"2019-04-01 00:36:06";25
"2019-04-01 00:46:06";25
"2019-04-01 00:56:05";24
"2019-04-01 01:06:05";24
"2019-04-01 01:16:06";24
"2019-04-01 01:26:06";25
"2019-04-01 01:36:06";25
"2019-04-01 01:46:06";25
"2019-04-01 01:56:06";25
"2019-04-01 02:06:05";25
"2019-04-01 02:16:05";25
"2019-04-01 02:26:05";26
"2019-04-01 02:36:07";26
"2019-04-01 02:46:05";26
"2019-04-01 02:56:05";25
"2019-04-01 03:06:05";25
"2019-04-01 03:16:05";25
"2019-04-01 03:26:05";25
"2019-04-01 03:36:05";25
"2019-04-01 03:46:05";25
"2019-04-01 03:56:06";26
"2019-04-01 04:06:05";26
"2019-04-01 04:16:06";26
"2019-04-01 04:26:05";26
"2019-04-01 04:36:05";26
"2019-04-01 04:46:05";26
"2019-04-01 04:56:05";27
"2019-04-01 05:06:06";27
"2019-04-01 05:16:05";27
"2019-04-01 05:26:05";25
"2019-04-01 05:36:05";25
"2019-04-01 05:46:05";25
"2019-04-01 05:56:05";25
"2019-04-01 06:06:05";25
"2019-04-01 06:16:05";25
"2019-04-01 06:26:05";26
"2019-04-01 06:36:05";26
"2019-04-01 06:46:05";26
"2019-04-01 06:56:05";26
"2019-04-01 07:06:05";26
"2019-04-01 07:16:05";26
"2019-04-01 07:26:05";25
"2019-04-01 07:36:05";25
"2019-04-01 07:46:05";25
"2019-04-01 07:56:05";26
"2019-04-01 08:06:05";26
"2019-04-01 08:16:05";26
"2019-04-01 08:26:05";25
"2019-04-01 08:36:05";25
"2019-04-01 08:46:05";25
"2019-04-01 08:56:05";27
"2019-04-01 09:06:05";27
"2019-04-01 09:16:05";27
"2019-04-01 09:26:05";25
"2019-04-01 09:36:05";25
"2019-04-01 09:46:05";25
"2019-04-01 09:56:05";26
"2019-04-01 10:06:05";26
"2019-04-01 10:16:06";26
"2019-04-01 10:26:05";26
"2019-04-01 10:36:05";26
"2019-04-01 10:46:05";26
"2019-04-01 10:56:05";26
"2019-04-01 11:06:05";26
"2019-04-01 11:16:05";26
"2019-04-01 11:26:05";24
"2019-04-01 11:36:05";24
"2019-04-01 11:46:05";24
"2019-04-01 11:56:05";25
"2019-04-01 12:06:05";25
"2019-04-01 12:16:05";25
"2019-04-01 12:26:05";24
"2019-04-01 12:36:05";24
"2019-04-01 12:46:06";24
"2019-04-01 12:56:05";25
"2019-04-01 13:06:05";25
"2019-04-01 13:16:05";25
"2019-04-01 13:26:05";24
"2019-04-01 13:36:05";24
"2019-04-01 13:46:05";24
"2019-04-01 13:56:05";24
"2019-04-01 14:06:05";24
"2019-04-01 14:16:05";24
"2019-04-01 14:26:05";24
"2019-04-01 14:36:05";24
"2019-04-01 14:46:05";24
"2019-04-01 14:56:05";24
"2019-04-01 15:06:05";24
"2019-04-01 15:16:05";24
"2019-04-01 15:26:05";25
"2019-04-01 15:36:05";25
"2019-04-01 15:46:05";25
"2019-04-01 15:56:05";25
"2019-04-01 16:06:05";25
"2019-04-01 16:16:05";25
"2019-04-01 16:26:05";25
"2019-04-01 16:36:05";25
"2019-04-01 16:46:05";25
"2019-04-01 16:56:05";26
"2019-04-01 17:06:05";26
"2019-04-01 17:16:05";26
"2019-04-01 17:26:05";25
"2019-04-01 17:36:05";25
"2019-04-01 17:46:05";25
"2019-04-01 17:56:05";27
"2019-04-01 18:06:05";27
"2019-04-01 18:16:05";27
"2019-04-01 18:26:05";27
"2019-04-01 18:36:05";27
"2019-04-01 18:46:05";27
"2019-04-01 18:56:05";27
"2019-04-01 19:06:05";27
"2019-04-01 19:16:05";27
"2019-04-01 19:26:07";26
"2019-04-01 19:36:05";26
"2019-04-01 19:46:05";26
"2019-04-01 19:56:05";24
"2019-04-01 20:06:05";24
"2019-04-01 20:16:05";24
"2019-04-01 20:26:05";24
"2019-04-01 20:36:05";24
"2019-04-01 20:46:05";24
"2019-04-01 20:56:05";24
"2019-04-01 21:06:05";24
"2019-04-01 21:16:05";24
"2019-04-01 21:26:05";25
"2019-04-01 21:36:07";25
"2019-04-01 21:46:05";25
"2019-04-01 21:56:05";24
"2019-04-01 22:06:06";24
"2019-04-01 22:16:08";24
"2019-04-01 22:26:05";25
"2019-04-01 22:36:05";25
"2019-04-01 22:46:05";25
"2019-04-01 22:56:05";25
"2019-04-01 23:06:05";25
"2019-04-01 23:16:06";25
"2019-04-01 23:26:05";25
"2019-04-01 23:36:05";25
"2019-04-01 23:46:07";25
"2019-04-01 23:56:06";26
"2019-04-02 00:06:06";26
"2019-04-02 00:16:05";26
"2019-04-02 00:26:06";25
"2019-04-02 00:36:06";25
"2019-04-02 00:46:06";25
"2019-04-02 00:56:05";25
"2019-04-02 01:06:06";25
"2019-04-02 01:16:06";25
"2019-04-02 01:26:06";25
"2019-04-02 01:36:06";25
"2019-04-02 01:46:06";25
"2019-04-02 01:56:06";26
"2019-04-02 02:06:05";26
"2019-04-02 02:16:06";26
"2019-04-02 02:26:05";26
"2019-04-02 02:36:05";26
"2019-04-02 02:46:05";26
"2019-04-02 02:56:06";26
"2019-04-02 03:06:05";26
"2019-04-02 03:16:05";26
"2019-04-02 03:26:05";26
"2019-04-02 03:36:04";26
"2019-04-02 03:46:05";26
"2019-04-02 03:56:05";26
"2019-04-02 04:06:05";26
"2019-04-02 04:16:05";26
"2019-04-02 04:26:05";26
"2019-04-02 04:36:05";26
"2019-04-02 04:46:05";26
"2019-04-02 04:56:05";26
"2019-04-02 05:06:05";26
"2019-04-02 05:16:05";26
"2019-04-02 05:26:05";25
"2019-04-02 05:36:04";25
"2019-04-02 05:46:05";25
"2019-04-02 05:56:05";24
"2019-04-02 06:06:05";24
"2019-04-02 06:16:05";24
"2019-04-02 06:26:05";24
"2019-04-02 06:36:05";24
"2019-04-02 06:46:06";24
"2019-04-02 06:56:05";25
"2019-04-02 07:06:05";25
"2019-04-02 07:16:05";25
"2019-04-02 07:26:05";25
"2019-04-02 07:36:05";25
"2019-04-02 07:46:05";25
"2019-04-02 07:56:05";24
"2019-04-02 08:06:05";24
"2019-04-02 08:16:05";24
"2019-04-02 08:26:05";25
"2019-04-02 08:36:05";25
"2019-04-02 08:46:05";25
"2019-04-02 08:56:05";26
"2019-04-02 09:06:06";26
"2019-04-02 09:16:05";26
"2019-04-02 09:26:05";27
"2019-04-02 09:36:05";27
"2019-04-02 09:46:05";27
"2019-04-02 09:56:05";29
"2019-04-02 10:06:05";29
"2019-04-02 10:16:05";29
"2019-04-02 10:26:05";29
"2019-04-02 10:36:05";29
"2019-04-02 10:46:05";29
"2019-04-02 10:56:05";26
"2019-04-02 11:06:05";26
"2019-04-02 11:16:05";26
"2019-04-02 11:26:05";25
"2019-04-02 11:36:04";25
"2019-04-02 11:46:05";25
"2019-04-02 12:06:05";25
"2019-04-02 12:16:05";25
"2019-04-02 12:26:05";27
"2019-04-02 12:36:05";27
"2019-04-02 12:46:05";27
"2019-04-02 12:56:05";27
"2019-04-02 13:06:05";27
"2019-04-02 13:16:05";27
"2019-04-02 13:26:05";27
"2019-04-02 13:36:05";27
"2019-04-02 13:46:05";27
"2019-04-02 13:56:05";26
"2019-04-02 14:06:05";26
"2019-04-02 14:16:06";26
"2019-04-02 14:26:05";26
"2019-04-02 14:36:05";26
"2019-04-02 14:46:05";26
"2019-04-02 14:56:05";26
"2019-04-02 15:06:05";26
"2019-04-02 15:16:05";26
"2019-04-02 15:26:05";25
"2019-04-02 15:36:05";25
"2019-04-02 15:46:05";25
"2019-04-02 15:56:05";27
"2019-04-02 16:06:05";27
"2019-04-02 16:16:05";27
"2019-04-02 16:26:05";26
"2019-04-02 16:36:06";26
"2019-04-02 16:46:05";26
"2019-04-02 16:56:05";26
"2019-04-02 17:06:05";26
"2019-04-02 17:16:06";26
"2019-04-02 17:26:05";27
"2019-04-02 17:36:05";27
"2019-04-02 17:46:05";27
"2019-04-02 17:56:05";26
"2019-04-02 18:06:05";26
"2019-04-02 18:16:05";26
"2019-04-02 18:26:05";26
"2019-04-02 18:36:06";26
"2019-04-02 18:46:05";26
"2019-04-02 18:56:06";26
"2019-04-02 19:06:05";26
"2019-04-02 19:16:05";26
"2019-04-02 19:26:05";26
"2019-04-02 19:36:05";26
"2019-04-02 19:46:05";26
"2019-04-02 19:56:05";26
"2019-04-02 20:06:06";26
"2019-04-02 20:16:05";26
"2019-04-02 20:26:05";25
"2019-04-02 20:36:05";25
"2019-04-02 20:46:06";25
"2019-04-02 20:56:05";25
"2019-04-02 21:06:06";25
"2019-04-02 21:16:05";25
"2019-04-02 21:26:06";24
"2019-04-02 21:36:05";24
"2019-04-02 21:46:06";24
"2019-04-02 21:56:06";26
"2019-04-02 22:06:06";26
"2019-04-02 22:16:07";26
"2019-04-02 22:26:05";26
"2019-04-02 22:36:06";26
"2019-04-02 22:46:06";26
"2019-04-02 22:56:05";27
"2019-04-02 23:06:06";27
"2019-04-02 23:16:05";27
"2019-04-02 23:26:05";26
"2019-04-02 23:36:06";26
"2019-04-02 23:46:07";26
"2019-04-02 23:56:06";25
"2019-04-03 00:06:06";25
"2019-04-03 00:16:06";26
"2019-04-03 00:26:05";26
"2019-04-03 00:36:05";26
"2019-04-03 00:46:06";26
"2019-04-03 00:56:06";27
"2019-04-03 01:06:06";27
"2019-04-03 01:16:06";27
"2019-04-03 01:26:06";27
"2019-04-03 01:36:06";27
"2019-04-03 01:46:06";27
"2019-04-03 01:56:06";26
"2019-04-03 02:06:05";26
"2019-04-03 02:16:05";26
"2019-04-03 02:26:07";27
"2019-04-03 02:36:05";27
"2019-04-03 02:46:06";27
"2019-04-03 02:56:05";27
"2019-04-03 03:06:05";27
"2019-04-03 03:16:05";27
"2019-04-03 03:26:05";27
"2019-04-03 03:36:05";27
"2019-04-03 03:46:05";27
"2019-04-03 03:56:05";27
"2019-04-03 04:06:05";27
"2019-04-03 04:16:05";27
"2019-04-03 04:26:05";27
"2019-04-03 04:36:05";27
"2019-04-03 04:46:05";27
"2019-04-03 04:56:04";27
"2019-04-03 05:06:06";27
"2019-04-03 05:16:05";27
"2019-04-03 05:26:05";27
"2019-04-03 05:36:05";27
"2019-04-03 05:46:05";27
"2019-04-03 05:56:05";28
"2019-04-03 06:06:05";28
"2019-04-03 06:16:05";28
"2019-04-03 06:26:05";28
"2019-04-03 06:36:05";28
"2019-04-03 06:46:05";28
"2019-04-03 06:56:05";28
"2019-04-03 07:06:05";28
"2019-04-03 07:16:05";28
"2019-04-03 07:26:05";28
"2019-04-03 07:36:05";28
"2019-04-03 07:46:04";28
"2019-04-03 07:56:05";28
"2019-04-03 08:06:06";28
"2019-04-03 08:16:05";28
"2019-04-03 08:26:05";28
"2019-04-03 08:36:04";28
"2019-04-03 08:46:05";28
"2019-04-03 08:56:05";27
"2019-04-03 09:06:05";27
"2019-04-03 09:16:05";27
"2019-04-03 09:26:05";27
"2019-04-03 09:36:05";28
"2019-04-03 09:46:05";28
"2019-04-03 09:56:05";28
"2019-04-03 10:06:05";28
"2019-04-03 10:16:05";28
"2019-04-03 10:26:05";28
"2019-04-03 10:36:05";28
"2019-04-03 10:46:05";28
"2019-04-03 10:56:05";28
"2019-04-03 11:06:05";28
"2019-04-03 11:16:05";28
"2019-04-03 11:26:06";28
"2019-04-03 11:36:05";28
"2019-04-03 11:46:05";28
"2019-04-03 11:56:05";28
"2019-04-03 12:06:05";28
"2019-04-03 12:16:06";28
"2019-04-03 12:26:05";28
"2019-04-03 12:36:05";28
"2019-04-03 12:46:05";28
"2019-04-03 12:56:06";26
"2019-04-03 13:06:05";26
"2019-04-03 13:16:05";26
"2019-04-03 13:26:05";28
"2019-04-03 13:36:05";28
"2019-04-03 13:46:05";28
"2019-04-03 13:56:05";28
"2019-04-03 14:06:05";28
"2019-04-03 14:16:05";28
"2019-04-03 14:26:05";28
"2019-04-03 14:36:05";28
"2019-04-03 14:46:05";28
"2019-04-03 14:56:05";27
"2019-04-03 15:06:05";27
"2019-04-03 15:16:05";27
"2019-04-03 15:26:05";27
"2019-04-03 15:36:05";27
"2019-04-03 15:46:07";27
"2019-04-03 15:56:05";26
"2019-04-03 16:06:05";26
"2019-04-03 16:16:05";26
"2019-04-03 16:26:05";27
"2019-04-03 16:36:05";27
"2019-04-03 16:46:06";27
"2019-04-03 16:56:06";26
"2019-04-03 17:06:06";26
"2019-04-03 17:16:05";26
"2019-04-03 17:26:06";28
"2019-04-03 17:36:06";28
"2019-04-03 17:46:07";28
"2019-04-03 17:56:05";28
"2019-04-03 18:06:05";28
"2019-04-03 18:16:05";28
"2019-04-03 18:26:05";27
"2019-04-03 18:36:05";27
"2019-04-03 18:46:06";27
"2019-04-03 18:56:05";28
"2019-04-03 19:06:05";28
"2019-04-03 19:16:05";28
"2019-04-03 19:26:05";30
"2019-04-03 19:36:05";30
"2019-04-03 19:46:05";30
"2019-04-03 19:56:05";29
"2019-04-03 20:06:05";29
"2019-04-03 20:16:06";29
"2019-04-03 20:26:06";31
"2019-04-03 20:36:05";31
"2019-04-03 20:46:06";31
"2019-04-03 20:56:05";31
"2019-04-03 21:06:05";31
"2019-04-03 21:16:05";31
"2019-04-03 21:26:06";31
"2019-04-03 21:36:05";31
"2019-04-03 21:46:06";31
"2019-04-03 21:56:05";31
"2019-04-03 22:06:07";32
"2019-04-03 22:16:06";32
"2019-04-03 22:26:06";31
"2019-04-03 22:36:05";31
"2019-04-03 22:46:06";31
"2019-04-03 22:56:06";32
"2019-04-03 23:06:05";32
"2019-04-03 23:16:06";32
"2019-04-03 23:26:06";34
"2019-04-03 23:36:05";34
"2019-04-03 23:46:06";34
"2019-04-03 23:56:05";34
"2019-04-04 00:06:06";34
"2019-04-04 00:16:06";34
"2019-04-04 00:26:05";35
"2019-04-04 00:36:05";35
"2019-04-04 00:46:07";35
"2019-04-04 00:56:06";34
"2019-04-04 01:06:06";34
"2019-04-04 01:16:05";34
"2019-04-04 01:26:06";32
"2019-04-04 01:36:06";32
"2019-04-04 01:46:06";32
"2019-04-04 01:56:05";31
"2019-04-04 02:06:05";31
"2019-04-04 02:16:05";31
"2019-04-04 02:26:06";32
"2019-04-04 02:36:05";32
"2019-04-04 02:46:05";32
"2019-04-04 02:56:05";33
"2019-04-04 03:06:05";33
"2019-04-04 03:16:07";33
"2019-04-04 03:26:05";32
"2019-04-04 03:36:05";32
"2019-04-04 03:46:06";32
"2019-04-04 03:56:05";32
"2019-04-04 04:06:06";32
"2019-04-04 04:16:05";32
"2019-04-04 04:26:05";32
"2019-04-04 04:36:05";32
"2019-04-04 04:46:06";32
"2019-04-04 04:56:05";32
"2019-04-04 05:06:05";32
"2019-04-04 05:16:05";32
"2019-04-04 05:26:05";32
"2019-04-04 05:36:06";32
"2019-04-04 05:46:05";32
"2019-04-04 05:56:05";37
"2019-04-04 06:06:05";37
"2019-04-04 06:16:05";37
"2019-04-04 06:26:04";39
"2019-04-04 06:36:04";39
"2019-04-04 06:46:05";39
"2019-04-04 06:56:05";43
"2019-04-04 07:06:05";43
"2019-04-04 07:16:05";43
"2019-04-04 07:26:05";43
"2019-04-04 07:36:05";43
"2019-04-04 07:46:05";43
"2019-04-04 07:56:05";42
"2019-04-04 08:06:05";42
"2019-04-04 08:16:05";42
"2019-04-04 08:26:04";43
"2019-04-04 08:36:05";43
"2019-04-04 08:46:05";43
"2019-04-04 08:56:05";39
"2019-04-04 09:06:05";39
"2019-04-04 09:16:06";39
"2019-04-04 09:26:06";39
"2019-04-04 09:36:04";39
"2019-04-04 09:46:05";39
"2019-04-04 09:56:05";35
"2019-04-04 10:06:05";35
"2019-04-04 10:16:06";35
"2019-04-04 10:26:05";37
"2019-04-04 10:36:05";37
"2019-04-04 10:46:05";37
"2019-04-04 10:56:05";34
"2019-04-04 11:06:06";34
"2019-04-04 11:16:05";34
"2019-04-04 11:26:05";33
"2019-04-04 11:36:05";33
"2019-04-04 11:46:05";33
"2019-04-04 11:56:05";34
"2019-04-04 12:06:05";34
"2019-04-04 12:16:05";34
"2019-04-04 12:26:05";34
"2019-04-04 12:36:05";34
"2019-04-04 12:46:06";34
"2019-04-04 12:56:05";37
"2019-04-04 13:06:05";37
"2019-04-04 13:16:05";37
"2019-04-04 13:26:05";36
"2019-04-04 13:36:05";36
"2019-04-04 13:46:05";36
"2019-04-04 13:56:05";36
"2019-04-04 14:06:05";36
"2019-04-04 14:16:05";36
"2019-04-04 14:26:06";37
"2019-04-04 14:36:05";37
"2019-04-04 14:46:06";37
"2019-04-04 14:56:05";37
"2019-04-04 15:06:05";37
"2019-04-04 15:16:05";37
"2019-04-04 15:26:05";35
"2019-04-04 15:36:05";35
"2019-04-04 15:46:06";35
"2019-04-04 15:56:05";34
"2019-04-04 16:06:05";34
"2019-04-04 16:16:06";34
"2019-04-04 16:26:05";38
"2019-04-04 16:36:05";38
"2019-04-04 16:46:05";38
"2019-04-04 16:56:06";38
"2019-04-04 17:06:05";34
"2019-04-04 17:16:05";34
"2019-04-04 17:26:06";31
"2019-04-04 17:36:05";31
"2019-04-04 17:46:06";31
"2019-04-04 17:56:05";31
"2019-04-04 18:06:05";31
"2019-04-04 18:16:05";29
"2019-04-04 18:26:05";29
"2019-04-04 18:36:05";29
"2019-04-04 18:46:05";29
"2019-04-04 18:56:05";30
"2019-04-04 19:06:05";30
"2019-04-04 19:16:06";30
"2019-04-04 19:26:05";33
"2019-04-04 19:36:06";33
"2019-04-04 19:46:06";33
"2019-04-04 19:56:05";34
"2019-04-04 20:06:05";34
"2019-04-04 20:16:05";34
"2019-04-04 20:26:05";33
"2019-04-04 20:36:05";33
"2019-04-04 20:46:07";33
"2019-04-04 20:56:05";33
"2019-04-04 21:06:05";33
"2019-04-04 21:16:05";33
"2019-04-04 21:26:05";33
"2019-04-04 21:36:06";33
"2019-04-04 21:46:06";33
"2019-04-04 21:56:05";32
"2019-04-04 22:06:06";32
"2019-04-04 22:16:09";32
"2019-04-04 22:26:05";35
"2019-04-04 22:36:06";35
"2019-04-04 22:46:06";35
"2019-04-04 22:56:05";36
"2019-04-04 23:06:07";36
"2019-04-04 23:16:05";36
"2019-04-04 23:26:05";34
"2019-04-04 23:36:06";34
"2019-04-04 23:46:06";34
"2019-04-04 23:56:05";34
"2019-04-05 00:06:07";34
"2019-04-05 00:16:06";34
"2019-04-05 00:26:06";32
"2019-04-05 00:36:05";32
"2019-04-05 00:46:06";32
"2019-04-05 00:56:06";33
"2019-04-05 01:06:06";33
"2019-04-05 01:16:06";33
"2019-04-05 01:26:05";32
"2019-04-05 01:36:05";32
"2019-04-05 01:46:06";32
"2019-04-05 01:56:06";32
"2019-04-05 02:06:05";32
"2019-04-05 02:16:05";32
"2019-04-05 02:26:06";33
"2019-04-05 02:36:05";33
"2019-04-05 02:46:05";33
"2019-04-05 02:56:05";32
"2019-04-05 03:06:05";32
"2019-04-05 03:16:05";32
"2019-04-05 03:26:04";31
"2019-04-05 03:36:05";31
"2019-04-05 03:46:05";31
"2019-04-05 03:56:05";31
"2019-04-05 04:06:05";31
"2019-04-05 04:16:05";31
"2019-04-05 04:26:05";30
"2019-04-05 04:36:05";30
"2019-04-05 04:46:05";30
"2019-04-05 04:56:05";30
"2019-04-05 05:06:05";30
"2019-04-05 05:16:06";30
"2019-04-05 05:26:05";32
"2019-04-05 05:36:05";32
"2019-04-05 05:46:05";32
"2019-04-05 05:56:05";30
"2019-04-05 06:06:07";30
"2019-04-05 06:16:05";30
"2019-04-05 06:26:05";29
"2019-04-05 06:36:05";29
"2019-04-05 06:46:06";29
"2019-04-05 06:56:05";31
"2019-04-05 07:06:05";31
"2019-04-05 07:16:05";31
"2019-04-05 07:26:05";27
"2019-04-05 07:36:05";27
"2019-04-05 07:46:06";27
"2019-04-05 07:56:05";29
"2019-04-05 08:06:05";29
"2019-04-05 08:16:05";29
"2019-04-05 08:26:05";29
"2019-04-05 08:36:06";29
"2019-04-05 08:46:05";29
"2019-04-05 08:56:05";27
"2019-04-05 09:06:05";27
"2019-04-05 09:16:06";27
"2019-04-05 09:26:05";27
"2019-04-05 09:36:05";27
"2019-04-05 09:46:05";27
"2019-04-05 09:56:05";29
"2019-04-05 10:06:05";29
"2019-04-05 10:16:05";29
"2019-04-05 10:26:05";29
"2019-04-05 10:36:05";29
"2019-04-05 10:46:05";29
"2019-04-05 10:56:05";28
"2019-04-05 11:06:05";28
"2019-04-05 11:16:06";28
"2019-04-05 11:26:06";24
"2019-04-05 11:36:05";24
"2019-04-05 11:46:05";24
"2019-04-05 11:56:05";24
"2019-04-05 12:06:05";23
"2019-04-05 12:16:05";23
"2019-04-05 12:26:05";23
"2019-04-05 12:36:05";23
"2019-04-05 12:46:05";23
"2019-04-05 12:56:05";22
"2019-04-05 13:06:05";22
"2019-04-05 13:16:05";22
"2019-04-05 13:26:05";22
"2019-04-05 13:36:06";22
"2019-04-05 13:46:05";22
"2019-04-05 13:56:06";23
"2019-04-05 14:06:05";23
"2019-04-05 14:16:05";23
"2019-04-05 14:26:06";25
"2019-04-05 14:36:05";25
"2019-04-05 14:46:06";25
"2019-04-05 14:56:05";25
"2019-04-05 15:06:05";28
"2019-04-05 15:16:05";28
"2019-04-05 15:26:05";29
"2019-04-05 15:36:06";29
"2019-04-05 15:46:05";29
"2019-04-05 15:56:05";30
"2019-04-05 16:06:06";30
"2019-04-05 16:16:06";30
"2019-04-05 16:26:05";30
"2019-04-05 16:36:05";30
"2019-04-05 16:46:05";30
"2019-04-05 16:56:05";31
"2019-04-05 17:06:05";31
"2019-04-05 17:16:05";31
"2019-04-05 17:26:05";33
"2019-04-05 17:36:05";33
"2019-04-05 17:46:06";33
"2019-04-05 17:56:05";32
"2019-04-05 18:06:05";32
"2019-04-05 18:16:05";32
"2019-04-05 18:26:05";31
"2019-04-05 18:36:05";31
"2019-04-05 18:46:05";31
"2019-04-05 18:56:05";32
"2019-04-05 19:06:05";32
"2019-04-05 19:16:06";32
"2019-04-05 19:26:05";32
"2019-04-05 19:36:05";32
"2019-04-05 19:46:05";32
"2019-04-05 19:56:05";34
"2019-04-05 20:06:05";34
"2019-04-05 20:16:05";34
"2019-04-05 20:26:05";36
"2019-04-05 20:36:06";36
"2019-04-05 20:46:06";36
"2019-04-05 20:56:05";36
"2019-04-05 21:06:06";36
"2019-04-05 21:16:05";36
"2019-04-05 21:26:06";36
"2019-04-05 21:36:05";36
"2019-04-05 21:46:06";36
"2019-04-05 21:56:06";36
"2019-04-05 22:06:06";36
"2019-04-05 22:16:06";35
"2019-04-05 22:26:06";35
"2019-04-05 22:36:06";35
"2019-04-05 22:46:06";35
"2019-04-05 22:56:05";35
"2019-04-05 23:06:05";35
"2019-04-05 23:16:05";35
"2019-04-05 23:26:05";36
"2019-04-05 23:36:06";36
"2019-04-05 23:46:07";36
"2019-04-05 23:56:06";36
"2019-04-06 00:06:06";36
"2019-04-06 00:16:06";36
"2019-04-06 00:26:06";36
"2019-04-06 00:36:06";36
"2019-04-06 00:46:06";36
"2019-04-06 00:56:05";35
"2019-04-06 01:06:06";35
"2019-04-06 01:16:06";35
"2019-04-06 01:26:05";35
"2019-04-06 01:36:05";35
"2019-04-06 01:46:06";35
"2019-04-06 01:56:06";36
"2019-04-06 02:06:05";36
"2019-04-06 02:16:05";36
"2019-04-06 02:26:05";32
"2019-04-06 02:36:05";32
"2019-04-06 02:46:05";32
"2019-04-06 02:56:06";35
"2019-04-06 03:06:05";35
"2019-04-06 03:16:05";35
"2019-04-06 03:26:05";34
"2019-04-06 03:36:04";34
"2019-04-06 03:46:05";34
"2019-04-06 03:56:06";34
"2019-04-06 04:06:06";34
"2019-04-06 04:16:05";34
"2019-04-06 04:26:05";33
"2019-04-06 04:36:05";33
"2019-04-06 04:46:05";33
"2019-04-06 04:56:04";34
"2019-04-06 05:06:05";34
"2019-04-06 05:16:05";34
"2019-04-06 05:26:05";33
"2019-04-06 05:36:06";33
"2019-04-06 05:46:06";33
"2019-04-06 05:56:05";34
"2019-04-06 06:06:04";34
"2019-04-06 06:16:05";34
"2019-04-06 06:26:05";32
"2019-04-06 06:36:05";32
"2019-04-06 06:46:05";32
"2019-04-06 06:56:05";32
"2019-04-06 07:06:05";32
"2019-04-06 07:16:05";32
"2019-04-06 07:26:05";32
"2019-04-06 07:36:05";32
"2019-04-06 07:46:05";32
"2019-04-06 07:56:05";31
"2019-04-06 08:06:05";31
"2019-04-06 08:16:05";31
"2019-04-06 08:26:05";31
"2019-04-06 08:36:04";31
"2019-04-06 08:46:05";31
"2019-04-06 08:56:05";32
"2019-04-06 09:06:05";32
"2019-04-06 09:16:05";32
"2019-04-06 09:26:05";32
"2019-04-06 09:36:05";32
"2019-04-06 09:46:05";32
"2019-04-06 09:56:05";32
"2019-04-06 10:06:05";32
"2019-04-06 10:16:06";32
"2019-04-06 10:26:05";32
"2019-04-06 10:36:05";32
"2019-04-06 10:46:05";32
"2019-04-06 10:56:05";31
"2019-04-06 11:06:05";31
"2019-04-06 11:16:05";31
"2019-04-06 11:26:05";30
"2019-04-06 11:36:05";30
"2019-04-06 11:46:05";30
"2019-04-06 11:56:05";31
"2019-04-06 12:06:05";31
"2019-04-06 12:16:05";31
"2019-04-06 12:26:05";31
"2019-04-06 12:36:05";32
"2019-04-06 12:46:06";32
"2019-04-06 12:56:05";31
"2019-04-06 13:06:05";31
"2019-04-06 13:16:05";31
"2019-04-06 13:26:06";30
"2019-04-06 13:36:05";30
"2019-04-06 13:46:06";30
"2019-04-06 13:56:05";30
"2019-04-06 14:06:05";30
"2019-04-06 14:16:05";30
"2019-04-06 14:26:05";29
"2019-04-06 14:36:06";29
"2019-04-06 14:46:06";29
"2019-04-06 14:56:05";32
"2019-04-06 15:06:05";32
"2019-04-06 15:16:05";32
"2019-04-06 15:26:05";33
"2019-04-06 15:36:05";33
"2019-04-06 15:46:05";33
"2019-04-06 15:56:06";33
"2019-04-06 16:06:05";33
"2019-04-06 16:16:05";33
"2019-04-06 16:26:05";34
"2019-04-06 16:36:05";34
"2019-04-06 16:46:05";34
"2019-04-06 16:56:06";33
"2019-04-06 17:06:05";33
"2019-04-06 17:16:06";33
"2019-04-06 17:26:06";34
"2019-04-06 17:36:05";34
"2019-04-06 17:46:06";34
"2019-04-06 17:56:05";34
"2019-04-06 18:06:05";34
"2019-04-06 18:16:07";34
"2019-04-06 18:26:05";36
"2019-04-06 18:36:05";36
"2019-04-06 18:46:05";36
"2019-04-06 18:56:05";35
"2019-04-06 19:06:05";35
"2019-04-06 19:16:06";35
"2019-04-06 19:26:05";34
"2019-04-06 19:36:05";34
"2019-04-06 19:46:06";34
"2019-04-06 19:56:06";36
"2019-04-06 20:06:05";36
"2019-04-06 20:16:06";36
"2019-04-06 20:26:06";35
"2019-04-06 20:36:05";35
"2019-04-06 20:46:06";35
"2019-04-06 20:56:05";35
"2019-04-06 21:06:06";35
"2019-04-06 21:16:05";35
"2019-04-06 21:26:05";34
"2019-04-06 21:36:06";34
"2019-04-06 21:46:06";34
"2019-04-06 21:56:05";36
"2019-04-06 22:06:05";36
"2019-04-06 22:16:06";36
"2019-04-06 22:26:06";35
"2019-04-06 22:36:05";35
"2019-04-06 22:46:05";35
"2019-04-06 22:56:05";34
"2019-04-06 23:06:05";34
"2019-04-06 23:16:05";34
"2019-04-07 00:46:06";33
"2019-04-07 00:56:06";35
"2019-04-07 01:06:06";35
"2019-04-07 01:16:07";35
"2019-04-07 01:26:05";34
"2019-04-07 01:36:07";34
"2019-04-07 01:46:06";34
"2019-04-07 01:56:05";36
"2019-04-07 02:06:05";36
"2019-04-07 02:16:05";36
"2019-04-07 02:26:05";36
"2019-04-07 02:36:05";36
"2019-04-07 02:46:06";36
"2019-04-07 02:56:05";36
"2019-04-07 03:06:06";36
"2019-04-07 03:16:05";36
"2019-04-07 03:26:05";36
"2019-04-07 03:36:05";36
"2019-04-07 03:46:05";36
"2019-04-07 03:56:06";35
"2019-04-07 04:06:07";35
"2019-04-07 04:16:05";35
"2019-04-07 04:26:05";37
"2019-04-07 04:36:05";37
"2019-04-07 04:46:05";37
"2019-04-07 04:56:06";36
"2019-04-07 05:06:05";36
"2019-04-07 05:16:05";36
"2019-04-07 05:26:05";37
"2019-04-07 05:36:06";37
"2019-04-07 05:46:07";37
"2019-04-07 05:56:05";37
"2019-04-07 06:06:05";37
"2019-04-07 06:16:05";37
"2019-04-07 06:26:05";38
"2019-04-07 06:36:05";38
"2019-04-07 06:46:05";38
"2019-04-07 06:56:05";38
"2019-04-07 07:06:06";38
"2019-04-07 07:16:05";38
"2019-04-07 07:26:06";36
"2019-04-07 07:36:05";36
"2019-04-07 07:46:06";36
"2019-04-07 07:56:05";39
"2019-04-07 08:06:06";39
"2019-04-07 08:16:05";39
"2019-04-07 08:26:06";39
"2019-04-07 08:36:05";39
"2019-04-07 08:46:06";39
"2019-04-07 08:56:05";37
"2019-04-07 09:06:05";37
"2019-04-07 09:16:05";37
"2019-04-07 09:26:05";39
"2019-04-07 09:36:05";39
"2019-04-07 09:46:05";39
"2019-04-07 09:56:05";38
"2019-04-07 10:06:06";38
"2019-04-07 10:16:05";38
"2019-04-07 10:26:05";38
"2019-04-07 10:36:06";38
"2019-04-07 10:46:08";36
"2019-04-07 10:56:06";36
"2019-04-07 11:06:05";36
"2019-04-07 11:16:05";36
"2019-04-07 11:26:05";38
"2019-04-07 11:36:06";38
"2019-04-07 11:46:07";38
"2019-04-07 11:56:05";38
"2019-04-07 12:06:06";36
"2019-04-07 12:16:06";36
"2019-04-07 12:26:05";38
"2019-04-07 12:36:06";38
"2019-04-07 12:46:05";38
"2019-04-07 12:56:05";36
"2019-04-07 13:06:05";36
"2019-04-07 13:16:05";36
"2019-04-07 13:26:05";37
"2019-04-07 13:36:05";37
"2019-04-07 13:46:06";37
"2019-04-07 13:56:05";37
"2019-04-07 14:06:05";37
"2019-04-07 14:16:06";37
"2019-04-07 14:26:06";38
"2019-04-07 14:36:05";38
"2019-04-07 14:46:05";38
"2019-04-07 14:56:05";38
"2019-04-07 15:06:05";39
"2019-04-07 15:16:05";39
"2019-04-07 15:26:05";38
"2019-04-07 15:36:05";38
"2019-04-07 15:46:05";38
"2019-04-07 15:56:05";38
"2019-04-07 16:06:05";38
"2019-04-07 16:16:07";38
"2019-04-07 16:26:05";39
"2019-04-07 16:36:05";39
"2019-04-07 16:46:05";39
"2019-04-07 16:56:05";38
"2019-04-07 17:06:05";38
"2019-04-07 17:16:05";38
"2019-04-07 17:26:05";37
"2019-04-07 17:36:05";37
"2019-04-07 17:46:06";37
"2019-04-07 17:56:05";38
"2019-04-07 18:06:06";38
"2019-04-07 18:16:05";38
"2019-04-07 18:26:05";38
"2019-04-07 18:36:05";38
"2019-04-07 18:46:06";38
"2019-04-07 18:56:05";37
"2019-04-07 19:06:05";37
"2019-04-07 19:16:05";37
"2019-04-07 19:26:06";38
"2019-04-07 19:36:05";38
"2019-04-07 19:46:06";38
"2019-04-07 19:56:05";39
"2019-04-07 20:06:06";39
"2019-04-07 20:16:05";39
"2019-04-07 20:26:05";39
"2019-04-07 20:36:05";39
"2019-04-07 20:46:06";39
"2019-04-07 20:56:06";37
"2019-04-07 21:06:05";37
"2019-04-07 21:16:05";37
"2019-04-07 21:26:05";38
"2019-04-07 21:36:06";38
"2019-04-07 21:46:06";38
"2019-04-07 21:56:05";38
"2019-04-07 22:06:05";38
"2019-04-07 22:16:06";38
"2019-04-07 22:26:06";36
"2019-04-07 22:36:05";36
"2019-04-07 22:46:05";36
"2019-04-07 22:56:05";38
"2019-04-07 23:06:06";38
"2019-04-07 23:16:06";38
"2019-04-07 23:26:06";38
"2019-04-07 23:36:06";38
"2019-04-07 23:46:06";38
"2019-04-07 23:56:05";39
"2019-04-08 00:06:05";39
"2019-04-08 00:16:05";39
"2019-04-08 00:26:06";36
"2019-04-08 00:36:05";36
"2019-04-08 00:46:06";36
"2019-04-08 00:56:06";37
"2019-04-08 01:06:06";37
"2019-04-08 01:16:06";37
"2019-04-08 01:26:06";37
"2019-04-08 01:36:06";37
"2019-04-08 01:46:06";37
"2019-04-08 01:56:06";36
"2019-04-08 02:06:05";36
"2019-04-08 02:16:07";37
"2019-04-08 02:26:05";37
"2019-04-08 02:36:05";37
"2019-04-08 02:46:05";37
"2019-04-08 02:56:05";36
"2019-04-08 03:06:05";36
"2019-04-08 03:16:05";36
"2019-04-08 03:26:05";37
"2019-04-08 03:36:05";37
"2019-04-08 03:46:05";37
"2019-04-08 03:56:06";36
"2019-04-08 04:06:06";36
"2019-04-08 04:16:06";36
"2019-04-08 04:26:06";37
"2019-04-08 04:36:05";37
"2019-04-08 04:46:05";37
"2019-04-08 04:56:05";35
"2019-04-08 05:06:05";35
"2019-04-08 05:16:05";35
"2019-04-08 05:26:05";34
"2019-04-08 05:36:05";34
"2019-04-08 05:46:05";34
"2019-04-08 05:56:05";34
"2019-04-08 06:06:05";34
"2019-04-08 06:16:05";34
"2019-04-08 06:26:05";34
"2019-04-08 06:36:05";34
"2019-04-08 06:46:05";34
"2019-04-08 06:56:05";34
"2019-04-08 07:06:05";34
"2019-04-08 07:16:05";34
"2019-04-08 07:26:05";36
"2019-04-08 07:36:05";36
"2019-04-08 07:46:05";35
"2019-04-08 07:56:05";35
"2019-04-08 08:06:05";35
"2019-04-08 08:16:05";35
"2019-04-08 08:26:05";34
"2019-04-08 08:36:05";34
"2019-04-08 08:46:05";34
"2019-04-08 08:56:07";34
"2019-04-08 09:06:05";34
"2019-04-08 09:16:05";34
"2019-04-08 09:26:05";33
"2019-04-08 09:36:05";33
"2019-04-08 09:46:05";33
"2019-04-08 09:56:06";34
"2019-04-08 10:06:05";34
"2019-04-08 10:16:05";34
"2019-04-08 10:26:05";35
"2019-04-08 10:36:05";35
"2019-04-08 10:46:05";35
"2019-04-08 10:56:05";32
"2019-04-08 11:06:05";32
"2019-04-08 11:16:05";32
"2019-04-08 11:26:05";31
"2019-04-08 11:36:05";31
"2019-04-08 11:46:05";31
"2019-04-08 11:56:05";27
"2019-04-08 12:06:05";27
"2019-04-08 12:16:05";27
"2019-04-08 12:26:05";29
"2019-04-08 12:36:06";29
"2019-04-08 12:46:07";29
"2019-04-08 12:56:05";29
"2019-04-08 13:06:05";29
"2019-04-08 13:16:06";29
"2019-04-08 13:26:05";29
"2019-04-08 13:36:05";30
"2019-04-08 13:46:06";30
"2019-04-08 13:56:05";30
"2019-04-08 14:06:06";30
"2019-04-08 14:16:06";30
"2019-04-08 14:26:05";30
"2019-04-08 14:36:05";30
"2019-04-08 14:46:06";30
"2019-04-08 14:56:05";29
"2019-04-08 15:06:06";29
"2019-04-08 15:16:05";29
"2019-04-08 15:26:05";30
"2019-04-08 15:36:05";30
"2019-04-08 15:46:05";30
"2019-04-08 15:56:06";32
"2019-04-08 16:06:05";32
"2019-04-08 16:16:05";32
"2019-04-08 16:26:05";31
"2019-04-08 16:36:05";31
"2019-04-08 16:46:05";31
"2019-04-08 16:56:05";36
"2019-04-08 17:06:05";36
"2019-04-08 17:16:06";36
"2019-04-08 17:26:05";40
"2019-04-08 17:36:06";40
"2019-04-08 17:46:06";40
"2019-04-08 17:56:05";40
"2019-04-08 18:06:05";40
"2019-04-08 18:16:05";40
"2019-04-08 18:26:05";42
"2019-04-08 18:36:05";42
"2019-04-08 18:46:05";42
"2019-04-08 18:56:06";45
"2019-04-08 19:06:05";45
"2019-04-08 19:16:05";45
"2019-04-08 19:26:05";46
"2019-04-08 19:36:05";46
"2019-04-08 19:46:05";46
"2019-04-08 19:56:05";45
"2019-04-08 20:06:05";45
"2019-04-08 20:16:06";45
"2019-04-08 20:26:05";46
"2019-04-08 20:36:05";46
"2019-04-08 20:46:05";46
"2019-04-08 20:56:05";47
"2019-04-08 21:06:05";47
"2019-04-08 21:16:05";47
"2019-04-08 21:26:06";47
"2019-04-08 21:36:05";47
"2019-04-08 21:46:06";47
"2019-04-08 21:56:05";45
"2019-04-08 22:06:06";45
"2019-04-08 22:16:06";45
"2019-04-08 22:26:06";46
"2019-04-08 22:36:06";46
"2019-04-08 22:46:05";46
"2019-04-08 22:56:05";46
"2019-04-08 23:06:05";46
"2019-04-08 23:16:05";46
"2019-04-08 23:26:05";46
"2019-04-08 23:36:06";44
"2019-04-08 23:46:07";44
"2019-04-08 23:56:06";43
"2019-04-09 00:06:06";43
"2019-04-09 00:16:05";43
"2019-04-09 00:26:05";44
"2019-04-09 00:36:05";44
"2019-04-09 00:46:06";44
"2019-04-09 00:56:05";44
"2019-04-09 01:06:05";44
"2019-04-09 01:16:06";44
"2019-04-09 01:26:05";43
"2019-04-09 01:36:07";43
"2019-04-09 01:46:05";43
"2019-04-09 01:56:05";41
"2019-04-09 02:06:05";41
"2019-04-09 02:16:05";41
"2019-04-09 02:26:05";43
"2019-04-09 02:36:05";43
"2019-04-09 02:46:05";43
"2019-04-09 02:56:05";43
"2019-04-09 03:06:05";43
"2019-04-09 03:16:05";43
"2019-04-09 03:26:05";43
"2019-04-09 03:36:05";43
"2019-04-09 03:46:05";43
"2019-04-09 03:56:05";43
"2019-04-09 04:06:05";41
"2019-04-09 04:16:05";41
"2019-04-09 04:26:05";41
"2019-04-09 04:36:05";41
"2019-04-09 04:46:05";41
"2019-04-09 04:56:05";41
"2019-04-09 05:06:05";41
"2019-04-09 05:16:07";41
"2019-04-09 05:26:05";41
"2019-04-09 05:36:05";41
"2019-04-09 05:46:05";41
"2019-04-09 05:56:05";40
"2019-04-09 06:06:05";40
"2019-04-09 06:16:05";40
"2019-04-09 06:26:05";39
"2019-04-09 06:36:04";39
"2019-04-09 06:46:05";39
"2019-04-09 06:56:05";39
"2019-04-09 07:06:04";39
"2019-04-09 07:16:05";39
"2019-04-09 07:26:05";39
"2019-04-09 07:36:05";39
"2019-04-09 07:46:05";39
"2019-04-09 07:56:05";38
"2019-04-09 08:06:05";38
"2019-04-09 08:16:05";38
"2019-04-09 08:26:05";40
"2019-04-09 08:36:04";40
"2019-04-09 08:46:05";40
"2019-04-09 08:56:05";40
"2019-04-09 09:06:05";40
"2019-04-09 09:16:05";40
"2019-04-09 09:26:05";39
"2019-04-09 09:36:05";39
"2019-04-09 09:46:05";39
"2019-04-09 09:56:05";41
"2019-04-09 10:06:06";41
"2019-04-09 10:16:05";38
"2019-04-09 10:26:05";38
"2019-04-09 10:36:05";38
"2019-04-09 10:46:05";38
"2019-04-09 10:56:04";37
"2019-04-09 11:06:05";37
"2019-04-09 11:16:05";37
"2019-04-09 11:26:05";35
"2019-04-09 11:36:04";35
"2019-04-09 11:46:05";35
"2019-04-09 11:56:05";35
"2019-04-09 12:06:05";35
"2019-04-09 12:16:05";35
"2019-04-09 12:26:05";34
"2019-04-09 12:36:05";34
"2019-04-09 12:46:05";34
"2019-04-09 12:56:05";33
"2019-04-09 13:06:05";33
"2019-04-09 13:16:05";33
"2019-04-09 13:26:05";32
"2019-04-09 13:36:05";32
"2019-04-09 13:46:06";32
"2019-04-09 13:56:05";37
"2019-04-09 14:06:05";37
"2019-04-09 14:16:05";37
"2019-04-09 14:26:05";36
"2019-04-09 14:36:05";36
"2019-04-09 14:46:05";36
"2019-04-09 14:56:05";38
"2019-04-09 15:06:05";38
"2019-04-09 15:16:05";38
"2019-04-09 15:26:05";38
"2019-04-09 15:36:05";38
"2019-04-09 15:46:05";38
"2019-04-09 15:56:05";39
"2019-04-09 16:06:05";39
"2019-04-09 16:16:05";39
"2019-04-09 16:26:05";38
"2019-04-09 16:36:05";38
"2019-04-09 16:46:05";38
"2019-04-09 16:56:05";39
"2019-04-09 17:06:05";39
"2019-04-09 17:16:05";39
"2019-04-09 17:26:05";39
"2019-04-09 17:36:05";39
"2019-04-09 17:46:05";39
"2019-04-09 17:56:05";41
"2019-04-09 18:06:05";41
"2019-04-09 18:16:06";41
"2019-04-09 18:26:05";43
"2019-04-09 18:36:05";43
"2019-04-09 18:46:05";43
"2019-04-09 18:56:05";41
"2019-04-09 19:06:05";41
"2019-04-09 19:16:05";41
"2019-04-09 19:26:05";42
"2019-04-09 19:36:05";42
"2019-04-09 19:46:05";42
"2019-04-09 19:56:05";43
"2019-04-09 20:06:05";43
"2019-04-09 20:16:05";43
"2019-04-09 20:26:06";43
"2019-04-09 20:36:05";43
"2019-04-09 20:46:07";43
"2019-04-09 20:56:05";44
"2019-04-09 21:06:06";44
"2019-04-09 21:16:06";44
"2019-04-09 21:26:06";45
"2019-04-09 21:36:06";45
"2019-04-09 21:46:05";45
"2019-04-09 21:56:05";45
"2019-04-09 22:06:06";45
"2019-04-09 22:16:07";45
"2019-04-09 22:26:06";45
"2019-04-09 22:36:05";45
"2019-04-09 22:46:06";45
"2019-04-09 22:56:05";45
"2019-04-09 23:06:05";45
"2019-04-09 23:16:06";45
"2019-04-09 23:26:05";44
"2019-04-09 23:36:05";44
"2019-04-09 23:46:06";44
"2019-04-09 23:56:06";44
"2019-04-10 00:06:06";44
"2019-04-10 00:16:05";44
"2019-04-10 00:26:06";43
"2019-04-10 00:36:06";43
"2019-04-10 00:46:06";43
"2019-04-10 00:56:05";43
"2019-04-10 01:06:05";43
"2019-04-10 01:16:06";43
"2019-04-10 01:26:06";44
"2019-04-10 01:36:05";44
"2019-04-10 01:46:06";44
"2019-04-10 01:56:06";42
"2019-04-10 02:06:05";42
"2019-04-10 02:16:05";42
"2019-04-10 02:26:05";42
"2019-04-10 02:36:05";42
"2019-04-10 02:46:05";42
"2019-04-10 02:56:06";44
"2019-04-10 03:06:05";44
"2019-04-10 03:16:05";44
"2019-04-10 03:36:05";43
"2019-04-10 03:46:05";43
"2019-04-10 03:56:05";42
"2019-04-10 04:06:05";42
"2019-04-10 04:16:05";42
"2019-04-10 04:26:05";43
"2019-04-10 04:36:05";43
"2019-04-10 04:46:05";43
"2019-04-10 04:56:05";41
"2019-04-10 05:06:06";41
"2019-04-10 05:16:05";41
"2019-04-10 05:26:05";41
"2019-04-10 05:36:06";41
"2019-04-10 05:46:05";41
"2019-04-10 05:56:05";40
"2019-04-10 06:06:05";40
"2019-04-10 06:16:05";40
"2019-04-10 06:26:05";41
"2019-04-10 06:36:05";41
"2019-04-10 06:46:05";41
"2019-04-10 06:56:05";40
"2019-04-10 07:06:04";40
"2019-04-10 07:16:05";41
"2019-04-10 07:26:05";41
"2019-04-10 07:36:05";41
"2019-04-10 07:46:06";41
"2019-04-10 07:56:05";38
"2019-04-10 08:06:04";38
"2019-04-10 08:16:07";38
"2019-04-10 08:26:04";41
"2019-04-10 08:36:05";41
"2019-04-10 08:46:05";41
"2019-04-10 08:56:06";41
"2019-04-10 09:06:05";41
"2019-04-10 09:16:05";39
"2019-04-10 09:26:05";39
"2019-04-10 09:36:04";39
"2019-04-10 09:46:05";39
"2019-04-10 09:56:05";39
"2019-04-10 10:06:05";40
"2019-04-10 10:16:05";40
"2019-04-10 10:26:05";40
"2019-04-10 10:36:04";41
"2019-04-10 10:46:05";41
"2019-04-10 10:56:05";41
"2019-04-10 11:06:05";39
"2019-04-10 11:16:06";39
"2019-04-10 11:26:05";38
"2019-04-10 11:36:05";38
"2019-04-10 11:46:05";38
"2019-04-10 11:56:05";39
"2019-04-10 12:06:05";39
"2019-04-10 12:16:05";39
"2019-04-10 12:26:05";38
"2019-04-10 12:36:05";38
"2019-04-10 12:46:06";38
"2019-04-10 12:56:05";39
"2019-04-10 13:06:05";39
"2019-04-10 13:16:05";39
"2019-04-10 13:26:05";39
"2019-04-10 13:36:05";39
"2019-04-10 13:46:04";39
"2019-04-10 13:56:05";38
"2019-04-10 14:06:05";38
"2019-04-10 14:16:05";38
"2019-04-10 14:26:04";37
"2019-04-10 14:36:05";37
"2019-04-10 14:46:05";37
"2019-04-10 14:56:05";39
"2019-04-10 15:06:05";39
"2019-04-10 15:16:05";39
"2019-04-10 15:26:05";39
"2019-04-10 15:36:05";39
"2019-04-10 15:46:05";39
"2019-04-10 15:56:05";40
"2019-04-10 16:06:05";40
"2019-04-10 16:16:05";40
"2019-04-10 16:26:05";37
"2019-04-10 16:36:05";37
"2019-04-10 16:46:05";40
"2019-04-10 16:56:05";40
"2019-04-10 17:06:05";40
"2019-04-10 17:16:05";40
"2019-04-10 17:26:05";39
"2019-04-10 17:36:05";39
"2019-04-10 17:46:05";39
"2019-04-10 17:56:05";41
"2019-04-10 18:06:06";41
"2019-04-10 18:16:05";41
"2019-04-10 18:26:05";37
"2019-04-10 18:36:05";37
"2019-04-10 18:46:06";37
"2019-04-10 18:56:05";39
"2019-04-10 19:06:05";39
"2019-04-10 19:16:05";39
"2019-04-10 19:26:05";40
"2019-04-10 19:36:05";40
"2019-04-10 19:46:06";40
"2019-04-10 19:56:05";41
"2019-04-10 20:06:05";41
"2019-04-10 20:16:05";41
"2019-04-10 20:26:06";41
"2019-04-10 20:36:07";41
"2019-04-10 20:46:06";41
"2019-04-10 20:56:05";41
"2019-04-10 21:06:05";41
"2019-04-10 21:16:05";41
"2019-04-10 21:26:06";43
"2019-04-10 21:36:05";43
"2019-04-10 21:46:06";43
"2019-04-10 21:56:05";43
"2019-04-10 22:06:06";43
"2019-04-10 22:16:06";43
"2019-04-10 22:26:05";43
"2019-04-10 22:36:06";43
"2019-04-10 22:46:05";43
"2019-04-10 22:56:05";41
"2019-04-10 23:06:05";41
"2019-04-10 23:16:05";41
"2019-04-10 23:26:06";44
"2019-04-10 23:36:06";44
"2019-04-10 23:46:06";44
"2019-04-10 23:56:07";43
"2019-04-11 00:06:05";43
"2019-04-11 00:16:06";43
"2019-04-11 00:26:06";42
"2019-04-11 00:36:05";42
"2019-04-11 00:46:06";42
"2019-04-11 00:56:06";43
"2019-04-11 01:06:06";43
"2019-04-11 01:16:06";43
"2019-04-11 01:26:05";41
"2019-04-11 01:36:05";41
"2019-04-11 01:46:05";41
"2019-04-11 01:56:05";41
"2019-04-11 02:06:05";41
"2019-04-11 02:16:05";41
"2019-04-11 02:26:05";43
"2019-04-11 02:36:05";43
"2019-04-11 02:46:06";43
"2019-04-11 02:56:05";41
"2019-04-11 03:06:05";41
"2019-04-11 03:16:05";41
"2019-04-11 03:26:05";42
"2019-04-11 03:36:05";42
"2019-04-11 03:46:05";42
"2019-04-11 03:56:05";42
"2019-04-11 04:06:05";42
"2019-04-11 04:16:05";42
"2019-04-11 04:26:05";41
"2019-04-11 04:36:05";41
"2019-04-11 04:46:05";41
"2019-04-11 04:56:05";42
"2019-04-11 05:06:05";42
"2019-04-11 05:16:05";42
"2019-04-11 05:26:05";41
"2019-04-11 05:36:07";41
"2019-04-11 05:46:05";41
"2019-04-11 05:56:05";40
"2019-04-11 06:06:05";40
"2019-04-11 06:16:05";40
"2019-04-11 06:26:05";41
"2019-04-11 06:36:05";41
"2019-04-11 06:46:05";41
"2019-04-11 06:56:04";43
"2019-04-11 07:06:05";43
"2019-04-11 07:16:05";43
"2019-04-11 07:26:05";41
"2019-04-11 07:36:05";41
"2019-04-11 07:46:05";41
"2019-04-11 07:56:05";38
"2019-04-11 08:06:05";38
"2019-04-11 08:16:05";38
"2019-04-11 08:26:07";42
"2019-04-11 08:36:05";42
"2019-04-11 08:46:05";42
"2019-04-11 08:56:05";40
"2019-04-11 09:06:05";40
"2019-04-11 09:16:07";40
"2019-04-11 09:26:05";42
"2019-04-11 09:36:05";42
"2019-04-11 09:46:06";42
"2019-04-11 09:56:05";42
"2019-04-11 10:06:05";42
"2019-04-11 10:16:05";42
"2019-04-11 10:26:05";40
"2019-04-11 10:36:05";40
"2019-04-11 10:46:06";40
"2019-04-11 10:56:05";42
"2019-04-11 11:06:05";42
"2019-04-11 11:16:05";42
"2019-04-11 11:26:05";40
"2019-04-11 11:36:04";40
"2019-04-11 11:46:05";40
"2019-04-11 11:56:05";40
"2019-04-11 12:06:05";40
"2019-04-11 12:16:05";40
"2019-04-11 12:26:05";38
"2019-04-11 12:36:04";38
"2019-04-11 12:46:05";38
"2019-04-11 12:56:05";40
"2019-04-11 13:06:05";40
"2019-04-11 13:16:05";40
"2019-04-11 13:26:05";40
"2019-04-11 13:36:05";40
"2019-04-11 13:46:05";40
"2019-04-11 13:56:05";40
"2019-04-11 14:06:05";40
"2019-04-11 14:16:05";40
"2019-04-11 14:26:05";39
"2019-04-11 14:36:05";39
"2019-04-11 14:46:06";39
"2019-04-11 14:56:05";41
"2019-04-11 15:06:05";41
"2019-04-11 15:16:05";41
"2019-04-11 15:26:05";40
"2019-04-11 15:36:04";40
"2019-04-11 15:46:05";40
"2019-04-11 15:56:05";40
"2019-04-11 16:06:05";40
"2019-04-11 16:16:05";40
"2019-04-11 16:26:06";40
"2019-04-11 16:36:05";40
"2019-04-11 16:46:06";40
"2019-04-11 16:56:05";41
"2019-04-11 17:06:05";41
"2019-04-11 17:16:05";41
"2019-04-11 17:26:05";41
"2019-04-11 17:36:05";41
"2019-04-11 17:46:05";41
"2019-04-11 17:56:05";42
"2019-04-11 18:06:05";42
"2019-04-11 18:16:05";42
"2019-04-11 18:26:05";41
"2019-04-11 18:36:05";41
"2019-04-11 18:46:06";41
"2019-04-11 18:56:06";41
"2019-04-11 19:06:05";41
"2019-04-11 19:16:05";41
"2019-04-11 19:26:05";42
"2019-04-11 19:36:05";42
"2019-04-11 19:46:05";42
"2019-04-11 19:56:05";42
"2019-04-11 20:06:06";42
"2019-04-11 20:16:06";42
"2019-04-11 20:26:05";42
"2019-04-11 20:36:05";42
"2019-04-11 20:46:05";42
"2019-04-11 20:56:05";42
"2019-04-11 21:06:05";42
"2019-04-11 21:16:05";42
"2019-04-11 21:26:06";41
"2019-04-11 21:36:05";41
"2019-04-11 21:46:05";41
"2019-04-11 21:56:05";43
"2019-04-11 22:06:07";43
"2019-04-11 22:16:06";43
"2019-04-11 22:26:06";42
"2019-04-11 22:36:06";42
"2019-04-11 22:46:06";42
"2019-04-11 22:56:06";43
"2019-04-11 23:06:05";43
"2019-04-11 23:16:05";43
"2019-04-11 23:26:05";41
"2019-04-11 23:36:05";41
"2019-04-11 23:46:06";41
"2019-04-11 23:56:06";44
"2019-04-12 00:06:06";44
"2019-04-12 00:16:05";44
"2019-04-12 00:26:06";42
"2019-04-12 00:36:05";42
"2019-04-12 00:46:06";42
"2019-04-12 00:56:06";41
"2019-04-12 01:06:05";41
"2019-04-12 01:16:05";41
"2019-04-12 01:26:05";41
"2019-04-12 01:36:06";41
"2019-04-12 01:46:06";41
"2019-04-12 01:56:06";42
"2019-04-12 02:06:05";42
"2019-04-12 02:16:05";42
"2019-04-12 02:26:05";43
"2019-04-12 02:36:05";43
"2019-04-12 02:46:05";43
"2019-04-12 02:56:06";41
"2019-04-12 03:06:05";41
"2019-04-12 03:16:05";41
"2019-04-12 03:26:05";41
"2019-04-12 03:36:05";41
"2019-04-12 03:46:05";41
"2019-04-12 03:56:06";40
"2019-04-12 04:06:05";40
"2019-04-12 04:16:05";40
"2019-04-12 04:26:05";41
"2019-04-12 04:36:05";41
"2019-04-12 04:46:06";41
"2019-04-12 04:56:07";44
"2019-04-12 05:06:06";44
"2019-04-12 05:16:06";44
"2019-04-12 05:26:05";41
"2019-04-12 05:36:05";41
"2019-04-12 05:46:05";41
"2019-04-12 05:56:05";41
"2019-04-12 06:06:05";41
"2019-04-12 06:16:05";41
"2019-04-12 06:26:06";42
"2019-04-12 06:36:05";42
"2019-04-12 06:46:05";42
"2019-04-12 06:56:05";41
"2019-04-12 07:06:05";41
"2019-04-12 07:16:05";41
"2019-04-12 07:26:05";41
"2019-04-12 07:36:05";41
"2019-04-12 07:46:05";41
"2019-04-12 07:56:07";42
"2019-04-12 08:06:05";42
"2019-04-12 08:16:05";42
"2019-04-12 08:26:05";42
"2019-04-12 08:36:05";42
"2019-04-12 08:46:06";42
"2019-04-12 08:56:05";41
"2019-04-12 09:06:05";41
"2019-04-12 09:16:06";41
"2019-04-12 09:26:05";41
"2019-04-12 09:36:04";41
"2019-04-12 09:46:06";41
"2019-04-12 09:56:05";41
"2019-04-12 10:06:05";41
"2019-04-12 10:16:06";41
"2019-04-12 10:26:05";41
"2019-04-12 10:36:05";41
"2019-04-12 10:46:05";41
"2019-04-12 10:56:05";41
"2019-04-12 11:06:05";41
"2019-04-12 11:16:05";41
"2019-04-12 11:26:05";41
"2019-04-12 11:36:04";41
"2019-04-12 11:46:06";41
"2019-04-12 11:56:05";41
"2019-04-12 12:06:05";40
"2019-04-12 12:16:05";40
"2019-04-12 12:26:06";41
"2019-04-12 12:36:05";41
"2019-04-12 12:46:05";41
"2019-04-12 12:56:05";39
"2019-04-12 13:06:05";39
"2019-04-12 13:16:06";39
"2019-04-12 13:26:05";40
"2019-04-12 13:36:05";40
"2019-04-12 13:46:05";40
"2019-04-12 13:56:05";38
"2019-04-12 14:06:05";38
"2019-04-12 14:16:05";38
"2019-04-12 14:26:06";38
"2019-04-12 14:36:05";38
"2019-04-12 14:46:05";38
"2019-04-12 14:56:05";37
"2019-04-12 15:06:05";37
"2019-04-12 15:16:06";37
"2019-04-12 15:26:05";39
"2019-04-12 15:36:05";39
"2019-04-12 15:46:05";39
"2019-04-12 15:56:05";40
"2019-04-12 16:06:05";40
"2019-04-12 16:16:05";40
"2019-04-12 16:26:06";40
"2019-04-12 16:36:05";40
"2019-04-12 16:46:06";40
"2019-04-12 16:56:06";40
"2019-04-12 17:06:05";40
"2019-04-12 17:16:06";40
"2019-04-12 17:26:05";40
"2019-04-12 17:36:06";41
"2019-04-12 17:46:05";41
"2019-04-12 17:56:05";41
"2019-04-12 18:06:05";42
"2019-04-12 18:16:07";42
"2019-04-12 18:26:05";44
"2019-04-12 18:36:05";44
"2019-04-12 18:46:05";46
"2019-04-12 18:56:05";46
"2019-04-12 19:06:05";46
"2019-04-12 19:16:06";46
"2019-04-12 19:26:05";47
"2019-04-12 19:36:05";47
"2019-04-12 19:46:06";47
"2019-04-12 19:56:05";46
"2019-04-12 20:06:05";46
"2019-04-12 20:16:05";46
"2019-04-12 20:26:05";46
"2019-04-12 20:36:06";46
"2019-04-12 20:46:06";46
"2019-04-12 20:56:06";46
"2019-04-12 21:06:05";46
"2019-04-12 21:16:08";46
"2019-04-12 21:26:05";48
"2019-04-12 21:36:06";48
"2019-04-12 21:46:06";48
"2019-04-12 21:56:06";46
"2019-04-12 22:06:06";46
"2019-04-12 22:16:06";46
"2019-04-12 22:26:06";49
"2019-04-12 22:36:06";49
"2019-04-12 22:46:06";49
"2019-04-12 22:56:05";49
"2019-04-12 23:06:05";49
"2019-04-12 23:16:07";49
"2019-04-12 23:26:06";50
"2019-04-12 23:36:06";50
"2019-04-12 23:46:06";50
"2019-04-12 23:56:06";49
"2019-04-13 00:06:06";49
"2019-04-13 00:16:06";49
"2019-04-13 00:26:05";46
"2019-04-13 00:36:06";46
"2019-04-13 00:46:07";46
"2019-04-13 00:56:05";48
"2019-04-13 01:06:05";48
"2019-04-13 01:16:05";48
"2019-04-13 01:26:09";48
"2019-04-13 01:36:05";48
"2019-04-13 01:46:07";48
"2019-04-13 01:56:05";47
"2019-04-13 02:06:05";47
"2019-04-13 02:16:05";46
"2019-04-13 02:26:05";46
"2019-04-13 02:36:05";46
"2019-04-13 02:46:07";46
"2019-04-13 02:56:06";47
"2019-04-13 03:06:06";47
"2019-04-13 03:16:05";47
"2019-04-13 03:26:04";46
"2019-04-13 03:36:05";46
"2019-04-13 03:46:05";45
"2019-04-13 03:56:05";45
"2019-04-13 04:06:05";45
"2019-04-13 04:16:08";45
"2019-04-13 04:26:05";45
"2019-04-13 04:36:05";45
"2019-04-13 04:46:05";45
"2019-04-13 04:56:05";46
"2019-04-13 05:06:05";46
"2019-04-13 05:16:05";46
"2019-04-13 05:26:05";44
"2019-04-13 05:36:05";44
"2019-04-13 05:46:05";44
"2019-04-13 05:56:05";46
"2019-04-13 06:06:05";46
"2019-04-13 06:16:06";46
"2019-04-13 06:26:05";47
"2019-04-13 06:36:05";47
"2019-04-13 06:46:05";47
"2019-04-13 06:56:05";44
"2019-04-13 07:06:05";44
"2019-04-13 07:16:05";44
"2019-04-13 07:26:05";46
"2019-04-13 07:36:05";46
"2019-04-13 07:46:05";46
"2019-04-13 07:56:05";45
"2019-04-13 08:06:05";45
"2019-04-13 08:16:05";45
"2019-04-13 08:26:05";46
"2019-04-13 08:36:04";46
"2019-04-13 08:46:07";46
"2019-04-13 08:56:05";44
"2019-04-13 09:06:05";44
"2019-04-13 09:16:05";44
"2019-04-13 09:26:05";45
"2019-04-13 09:36:05";45
"2019-04-13 09:46:05";45
"2019-04-13 09:56:05";43
"2019-04-13 10:06:05";43
"2019-04-13 10:16:05";43
"2019-04-13 10:26:05";44
"2019-04-13 10:36:04";44
"2019-04-13 10:46:05";44
"2019-04-13 10:56:05";45
"2019-04-13 11:06:05";45
"2019-04-13 11:16:05";45
"2019-04-13 11:26:05";45
"2019-04-13 11:36:05";45
"2019-04-13 11:46:05";45
"2019-04-13 11:56:05";45
"2019-04-13 12:06:06";45
"2019-04-13 12:16:05";42
"2019-04-13 12:26:05";41
"2019-04-13 12:36:05";41
"2019-04-13 12:46:05";41
"2019-04-13 12:56:05";42
"2019-04-13 13:06:05";42
"2019-04-13 13:16:05";42
"2019-04-13 13:26:05";43
"2019-04-13 13:36:05";43
"2019-04-13 13:46:05";43
"2019-04-13 13:56:05";42
"2019-04-13 14:06:05";42
"2019-04-13 14:16:06";42
"2019-04-13 14:26:05";43
"2019-04-13 14:36:05";43
"2019-04-13 14:46:05";43
"2019-04-13 14:56:05";42
"2019-04-13 15:06:05";42
"2019-04-13 15:16:05";42
"2019-04-13 15:26:05";43
"2019-04-13 15:36:05";43
"2019-04-13 15:46:05";43
"2019-04-13 15:56:06";45
"2019-04-13 16:06:05";45
"2019-04-13 16:16:05";45
"2019-04-13 16:26:05";44
"2019-04-13 16:36:05";44
"2019-04-13 16:46:06";44
"2019-04-13 16:56:05";45
"2019-04-13 17:06:05";45
"2019-04-13 17:16:05";45
"2019-04-13 17:26:06";43
"2019-04-13 17:36:06";43
"2019-04-13 17:46:05";43
"2019-04-13 17:56:05";44
"2019-04-13 18:06:06";44
"2019-04-13 18:16:05";44
"2019-04-13 18:26:05";44
"2019-04-13 18:36:05";44
"2019-04-13 18:46:05";44
"2019-04-13 18:56:05";43
"2019-04-13 19:06:05";43
"2019-04-13 19:16:06";43
"2019-04-13 19:26:05";43
"2019-04-13 19:36:05";43
"2019-04-13 19:46:05";43
"2019-04-13 19:56:05";44
"2019-04-13 20:06:05";44
"2019-04-13 20:16:06";44
"2019-04-13 20:26:05";42
"2019-04-13 20:36:05";42
"2019-04-13 20:46:05";42
"2019-04-13 20:56:05";43
"2019-04-13 21:06:05";43
"2019-04-13 21:16:05";43
"2019-04-13 21:26:06";44
"2019-04-13 21:36:06";44
"2019-04-13 21:46:06";44
"2019-04-13 21:56:05";46
"2019-04-13 22:06:06";46
"2019-04-13 22:16:05";46
"2019-04-13 22:26:05";46
"2019-04-13 22:36:05";46
"2019-04-13 22:46:06";46
"2019-04-13 22:56:05";46
"2019-04-13 23:06:05";46
"2019-04-13 23:16:06";46
"2019-04-14 00:46:06";44
"2019-04-14 00:56:06";45
"2019-04-14 01:06:06";45
"2019-04-14 01:16:06";45
"2019-04-14 01:26:06";45
"2019-04-14 01:36:06";45
"2019-04-14 01:46:06";45
"2019-04-14 01:56:05";44
"2019-04-14 02:06:05";44
"2019-04-14 02:16:05";44
"2019-04-14 02:26:05";42
"2019-04-14 02:36:05";42
"2019-04-14 02:46:07";42
"2019-04-14 02:56:06";43
"2019-04-14 03:06:06";43
"2019-04-14 03:16:06";43
"2019-04-14 03:26:05";43
"2019-04-14 03:36:05";43
"2019-04-14 03:46:06";43
"2019-04-14 03:56:05";44
"2019-04-14 04:06:05";44
"2019-04-14 04:16:05";44
"2019-04-14 04:36:05";41
"2019-04-14 04:46:05";41
"2019-04-14 04:56:05";43
"2019-04-14 05:06:05";43
"2019-04-14 05:16:05";43
"2019-04-14 05:26:05";44
"2019-04-14 05:36:06";44
"2019-04-14 05:46:05";44
"2019-04-14 05:56:05";42
"2019-04-14 06:06:05";42
"2019-04-14 06:16:05";42
"2019-04-14 06:26:07";41
"2019-04-14 06:36:05";41
"2019-04-14 06:46:05";41
"2019-04-14 06:56:05";42
"2019-04-14 07:06:05";42
"2019-04-14 07:16:05";42
"2019-04-14 07:26:05";41
"2019-04-14 07:36:05";41
"2019-04-14 07:46:06";41
"2019-04-14 07:56:05";43
"2019-04-14 08:06:06";43
"2019-04-14 08:16:05";43
"2019-04-14 08:26:06";42
"2019-04-14 08:36:05";42
"2019-04-14 08:46:06";42
"2019-04-14 08:56:05";42
"2019-04-14 09:06:05";42
"2019-04-14 09:16:05";42
"2019-04-14 09:26:05";40
"2019-04-14 09:36:05";40
"2019-04-14 09:46:05";40
"2019-04-14 09:56:05";42
"2019-04-14 10:06:05";42
"2019-04-14 10:16:06";42
"2019-04-14 10:26:05";40
"2019-04-14 10:36:05";40
"2019-04-14 10:46:06";40
"2019-04-14 10:56:05";40
"2019-04-14 11:06:05";40
"2019-04-14 11:16:06";40
"2019-04-14 11:26:05";38
"2019-04-14 11:36:05";38
"2019-04-14 11:46:06";38
"2019-04-14 11:56:05";40
"2019-04-14 12:06:05";40
"2019-04-14 12:16:06";40
"2019-04-14 12:26:05";40
"2019-04-14 12:36:05";40
"2019-04-14 12:46:06";37
"2019-04-14 12:56:05";37
"2019-04-14 13:06:05";37
"2019-04-14 13:16:06";37
"2019-04-14 13:26:05";40
"2019-04-14 13:36:05";40
"2019-04-14 13:46:06";40
"2019-04-14 13:56:06";40
"2019-04-14 14:06:05";40
"2019-04-14 14:16:06";40
"2019-04-14 14:26:06";39
"2019-04-14 14:36:05";39
"2019-04-14 14:46:06";39
"2019-04-14 14:56:06";40
"2019-04-14 15:06:05";40
"2019-04-14 15:16:05";40
"2019-04-14 15:26:06";40
"2019-04-14 15:36:05";40
"2019-04-14 15:46:06";40
"2019-04-14 15:56:05";40
"2019-04-14 16:06:05";40
"2019-04-14 16:16:05";40
"2019-04-14 16:26:05";40
"2019-04-14 16:36:05";40
"2019-04-14 16:46:05";40
"2019-04-14 16:56:05";40
"2019-04-14 17:06:05";40
"2019-04-14 17:16:06";40
"2019-04-14 17:26:05";41
"2019-04-14 17:36:05";41
"2019-04-14 17:46:05";41
"2019-04-14 17:56:05";41
"2019-04-14 18:06:05";41
"2019-04-14 18:16:05";41
"2019-04-14 18:26:05";40
"2019-04-14 18:36:05";40
"2019-04-14 18:46:06";40
"2019-04-14 18:56:05";41
"2019-04-14 19:06:06";41
"2019-04-14 19:16:06";41
"2019-04-14 19:26:06";40
"2019-04-14 19:36:05";40
"2019-04-14 19:46:06";40
"2019-04-14 19:56:05";42
"2019-04-14 20:06:05";42
"2019-04-14 20:16:05";42
"2019-04-14 20:26:06";41
"2019-04-14 20:36:05";41
"2019-04-14 20:46:05";41
"2019-04-14 20:56:05";41
"2019-04-14 21:06:05";41
"2019-04-14 21:16:05";41
"2019-04-14 21:26:06";41
"2019-04-14 21:36:05";41
"2019-04-14 21:46:05";41
"2019-04-14 21:56:05";41
"2019-04-14 22:06:06";41
"2019-04-14 22:16:06";41
"2019-04-14 22:26:07";41
"2019-04-14 22:36:06";41
"2019-04-14 22:46:06";41
"2019-04-14 22:56:05";40
"2019-04-14 23:06:05";40
"2019-04-14 23:16:05";40
"2019-04-14 23:26:05";41
"2019-04-14 23:36:06";41
"2019-04-14 23:46:07";41
"2019-04-14 23:56:05";40
"2019-04-15 00:06:05";40
"2019-04-15 00:16:06";40
"2019-04-15 00:26:06";40
"2019-04-15 00:36:05";40
"2019-04-15 00:46:06";40
"2019-04-15 00:56:05";41
"2019-04-15 01:06:06";41
"2019-04-15 01:16:06";41
"2019-04-15 01:26:06";40
"2019-04-15 01:36:06";40
"2019-04-15 01:46:06";40
"2019-04-15 01:56:05";42
"2019-04-15 02:06:05";42
"2019-04-15 02:16:05";42
"2019-04-15 02:26:05";40
"2019-04-15 02:36:05";40
"2019-04-15 02:46:05";40
"2019-04-15 02:56:06";41
"2019-04-15 03:06:05";41
"2019-04-15 03:16:05";41
"2019-04-15 03:26:05";41
"2019-04-15 03:36:05";41
"2019-04-15 03:46:05";41
"2019-04-15 03:56:06";40
"2019-04-15 04:06:05";40
"2019-04-15 04:16:05";40
"2019-04-15 04:26:05";40
"2019-04-15 04:36:05";40
"2019-04-15 04:46:05";40
"2019-04-15 04:56:05";40
"2019-04-15 05:06:05";40
"2019-04-15 05:16:05";40
"2019-04-15 05:26:05";39
"2019-04-15 05:36:05";39
"2019-04-15 05:46:05";39
"2019-04-15 05:56:05";41
"2019-04-15 06:06:04";41
"2019-04-15 06:16:05";41
"2019-04-15 06:26:05";40
"2019-04-15 06:36:05";40
"2019-04-15 06:46:05";40
"2019-04-15 06:56:05";40
"2019-04-15 07:06:05";40
"2019-04-15 07:16:05";40
"2019-04-15 07:26:05";40
"2019-04-15 07:36:05";40
"2019-04-15 07:46:05";40
"2019-04-15 07:56:05";39
"2019-04-15 08:06:04";39
"2019-04-15 08:16:05";39
"2019-04-15 08:26:05";41
"2019-04-15 08:36:05";41
"2019-04-15 08:46:05";41
"2019-04-15 08:56:05";40
"2019-04-15 09:06:05";40
"2019-04-15 09:16:05";40
"2019-04-15 09:26:05";40
"2019-04-15 09:36:06";40
"2019-04-15 09:46:05";40
"2019-04-15 09:56:05";40
"2019-04-15 10:06:05";40
"2019-04-15 10:16:05";40
"2019-04-15 10:26:05";40
"2019-04-15 10:36:05";40
"2019-04-15 10:46:05";40
"2019-04-15 10:56:05";37
"2019-04-15 11:06:05";37
"2019-04-15 11:16:05";38
"2019-04-15 11:26:05";38
"2019-04-15 11:36:05";38
"2019-04-15 11:46:05";38
"2019-04-15 11:56:05";35
"2019-04-15 12:06:05";35
"2019-04-15 12:16:05";35
"2019-04-15 12:26:05";38
"2019-04-15 12:36:05";38
"2019-04-15 12:46:06";38
"2019-04-15 12:56:05";38
"2019-04-15 13:06:06";37
"2019-04-15 13:16:06";37
"2019-04-15 13:26:05";38
"2019-04-15 13:36:05";38
"2019-04-15 13:46:06";39
"2019-04-15 13:56:06";39
"2019-04-15 14:06:05";39
"2019-04-15 14:16:05";39
"2019-04-15 14:26:05";39
"2019-04-15 14:36:05";39
"2019-04-15 14:46:07";39
"2019-04-15 14:56:05";38
"2019-04-15 15:06:06";38
"2019-04-15 15:16:05";38
"2019-04-15 15:26:05";38
"2019-04-15 15:36:05";39
"2019-04-15 15:46:05";39
"2019-04-15 15:56:05";39
"2019-04-15 16:06:05";39
"2019-04-15 16:16:05";39
"2019-04-15 16:26:06";38
"2019-04-15 16:36:05";38
"2019-04-15 16:46:05";38
"2019-04-15 16:56:05";38
"2019-04-15 17:06:06";38
"2019-04-15 17:16:05";38
"2019-04-15 17:26:06";36
"2019-04-15 17:36:06";36
"2019-04-15 17:46:05";36
"2019-04-15 17:56:05";38
"2019-04-15 18:06:05";38
"2019-04-15 18:16:06";38
"2019-04-15 18:26:05";38
"2019-04-15 18:36:05";38
"2019-04-15 18:46:05";38
"2019-04-15 18:56:05";36
"2019-04-15 19:06:06";36
"2019-04-15 19:16:06";36
"2019-04-15 19:26:06";36
"2019-04-15 19:36:05";36
"2019-04-15 19:46:05";36
"2019-04-15 19:56:05";36
"2019-04-15 20:06:05";37
"2019-04-15 20:16:05";37
"2019-04-15 20:26:06";37
"2019-04-15 20:36:05";37
"2019-04-15 20:46:06";37
"2019-04-15 20:56:05";37
"2019-04-15 21:06:05";37
"2019-04-15 21:16:05";37
"2019-04-15 21:26:06";37
"2019-04-15 21:36:06";37
"2019-04-15 21:46:05";37
"2019-04-15 21:56:05";36
"2019-04-15 22:06:06";36
"2019-04-15 22:16:06";36
"2019-04-15 22:26:06";37
"2019-04-15 22:36:05";37
"2019-04-15 22:46:05";37
"2019-04-15 22:56:06";37
"2019-04-15 23:06:05";37
"2019-04-15 23:16:07";37
"2019-04-15 23:26:05";37
"2019-04-15 23:36:05";37
"2019-04-15 23:46:06";37
"2019-04-15 23:56:06";37
"2019-04-16 00:06:06";37
"2019-04-16 00:16:06";37
"2019-04-16 00:26:06";37
"2019-04-16 00:36:06";37
"2019-04-16 00:46:07";37
"2019-04-16 00:56:05";37
"2019-04-16 01:06:05";37
"2019-04-16 01:16:05";37
"2019-04-16 01:26:05";36
"2019-04-16 01:36:05";36
"2019-04-16 01:46:06";36
"2019-04-16 01:56:06";38
"2019-04-16 02:06:05";38
"2019-04-16 02:16:05";38
"2019-04-16 02:26:05";37
"2019-04-16 02:36:05";37
"2019-04-16 02:46:06";37
"2019-04-16 02:56:05";37
"2019-04-16 03:06:04";37
"2019-04-16 03:16:05";37
"2019-04-16 03:26:05";35
"2019-04-16 03:36:05";35
"2019-04-16 03:46:05";35
"2019-04-16 03:56:05";39
"2019-04-16 04:06:05";39
"2019-04-16 04:16:05";39
"2019-04-16 04:26:04";37
"2019-04-16 04:36:04";37
"2019-04-16 04:46:06";37
"2019-04-16 04:56:05";37
"2019-04-16 05:06:06";37
"2019-04-16 05:16:05";37
"2019-04-16 05:26:05";37
"2019-04-16 05:36:05";37
"2019-04-16 05:46:05";37
"2019-04-16 05:56:05";37
"2019-04-16 06:06:05";37
"2019-04-16 06:16:05";37
"2019-04-16 06:26:05";37
"2019-04-16 06:36:05";37
"2019-04-16 06:46:05";36
"2019-04-16 06:56:05";36
"2019-04-16 07:06:05";36
"2019-04-16 07:16:05";36
"2019-04-16 07:26:05";36
"2019-04-16 07:36:05";36
"2019-04-16 07:46:05";36
"2019-04-16 07:56:05";35
"2019-04-16 08:06:05";35
"2019-04-16 08:16:05";35
"2019-04-16 08:26:05";37
"2019-04-16 08:36:05";37
"2019-04-16 08:46:05";37
"2019-04-16 08:56:05";36
"2019-04-16 09:06:05";36
"2019-04-16 09:16:05";36
"2019-04-16 09:26:05";37
"2019-04-16 09:36:05";37
"2019-04-16 09:46:05";37
"2019-04-16 09:56:05";37
"2019-04-16 10:06:05";37
"2019-04-16 10:16:06";37
"2019-04-16 10:26:05";37
"2019-04-16 10:36:05";37
"2019-04-16 10:46:05";37
"2019-04-16 10:56:05";37
"2019-04-16 11:06:05";37
"2019-04-16 11:16:05";37
"2019-04-16 11:26:05";37
"2019-04-16 11:36:05";37
"2019-04-16 11:46:05";37
"2019-04-16 11:56:05";36
"2019-04-16 12:06:05";36
"2019-04-16 12:16:05";36
"2019-04-16 12:26:05";35
"2019-04-16 12:36:05";35
"2019-04-16 12:46:05";35
"2019-04-16 12:56:05";33
"2019-04-16 13:06:05";33
"2019-04-16 13:16:05";33
"2019-04-16 13:26:05";33
"2019-04-16 13:36:05";33
"2019-04-16 13:46:06";33
"2019-04-16 13:56:05";34
"2019-04-16 14:06:05";34
"2019-04-16 14:16:05";34
"2019-04-16 14:26:05";32
"2019-04-16 14:36:05";32
"2019-04-16 14:46:05";32
"2019-04-16 14:56:05";34
"2019-04-16 15:06:05";34
"2019-04-16 15:16:05";34
"2019-04-16 15:26:06";34
"2019-04-16 15:36:06";34
"2019-04-16 15:46:05";34
"2019-04-16 15:56:05";36
"2019-04-16 16:06:04";36
"2019-04-16 16:16:05";36
"2019-04-16 16:26:06";36
"2019-04-16 16:36:05";36
"2019-04-16 16:46:05";36
"2019-04-16 16:56:06";36
"2019-04-16 17:06:05";36
"2019-04-16 17:16:05";36
"2019-04-16 17:26:05";36
"2019-04-16 17:36:06";36
"2019-04-16 17:46:05";36
"2019-04-16 17:56:05";36
"2019-04-16 18:06:05";36
"2019-04-16 18:16:05";36
"2019-04-16 18:26:06";35
"2019-04-16 18:36:07";35
"2019-04-16 18:46:05";35
"2019-04-16 18:56:05";37
"2019-04-16 19:06:06";37
"2019-04-16 19:16:05";37
"2019-04-16 19:26:05";36
"2019-04-16 19:36:05";36
"2019-04-16 19:46:06";36
"2019-04-16 19:56:05";35
"2019-04-16 20:06:05";35
"2019-04-16 20:16:06";35
"2019-04-16 20:26:06";35
"2019-04-16 20:36:05";35
"2019-04-16 20:46:06";35
"2019-04-16 20:56:05";35
"2019-04-16 21:06:08";35
"2019-04-16 21:16:05";35
"2019-04-16 21:26:06";35
"2019-04-16 21:36:05";35
"2019-04-16 21:46:06";35
"2019-04-16 21:56:06";36
"2019-04-16 22:06:06";36
"2019-04-16 22:16:06";36
"2019-04-16 22:26:06";34
"2019-04-16 22:36:06";34
"2019-04-16 22:46:06";35
"2019-04-16 22:56:05";35
"2019-04-16 23:06:05";35
"2019-04-16 23:16:05";35
"2019-04-16 23:26:05";36
"2019-04-16 23:36:05";36
"2019-04-16 23:46:06";36
"2019-04-16 23:56:06";36
"2019-04-17 00:06:06";36
"2019-04-17 00:16:06";36
"2019-04-17 00:26:05";34
"2019-04-17 00:36:05";34
"2019-04-17 00:46:06";35
"2019-04-17 00:56:06";35
"2019-04-17 01:06:05";35
"2019-04-17 01:16:05";35
"2019-04-17 01:26:05";33
"2019-04-17 01:36:05";33
"2019-04-17 01:46:06";33
"2019-04-17 01:56:06";35
"2019-04-17 02:06:04";35
"2019-04-17 02:16:05";35
"2019-04-17 02:26:05";35
"2019-04-17 02:36:05";35
"2019-04-17 02:46:05";35
"2019-04-17 02:56:05";35
"2019-04-17 03:06:04";35
"2019-04-17 03:16:05";35
"2019-04-17 03:26:05";35
"2019-04-17 03:36:04";35
"2019-04-17 03:46:05";35
"2019-04-17 03:56:05";35
"2019-04-17 04:06:05";35
"2019-04-17 04:16:05";35
"2019-04-17 04:26:04";35
"2019-04-17 04:36:05";35
"2019-04-17 04:46:06";35
"2019-04-17 04:56:05";33
"2019-04-17 05:06:05";33
"2019-04-17 05:16:05";33
"2019-04-17 05:26:05";35
"2019-04-17 05:36:05";35
"2019-04-17 05:46:05";35
"2019-04-17 05:56:05";33
"2019-04-17 06:06:05";33
"2019-04-17 06:16:05";33
"2019-04-17 06:26:05";34
"2019-04-17 06:36:05";34
"2019-04-17 06:46:05";34
"2019-04-17 06:56:05";34
"2019-04-17 07:06:05";34
"2019-04-17 07:16:05";34
"2019-04-17 07:26:05";34
"2019-04-17 07:36:05";34
"2019-04-17 07:46:05";34
"2019-04-17 07:56:05";35
"2019-04-17 08:06:05";35
"2019-04-17 08:16:05";35
"2019-04-17 08:26:05";34
"2019-04-17 08:36:05";34
"2019-04-17 08:46:05";34
"2019-04-17 08:56:06";34
"2019-04-17 09:06:05";34
"2019-04-17 09:16:05";34
"2019-04-17 09:26:05";36
"2019-04-17 09:36:05";36
"2019-04-17 09:46:05";35
"2019-04-17 09:56:05";35
"2019-04-17 10:06:05";35
"2019-04-17 10:16:05";35
"2019-04-17 10:26:05";36
"2019-04-17 10:36:05";36
"2019-04-17 10:46:05";36
"2019-04-17 10:56:05";34
"2019-04-17 11:06:05";34
"2019-04-17 11:16:05";34
"2019-04-17 11:26:05";34
"2019-04-17 11:36:05";34
"2019-04-17 11:46:05";34
"2019-04-17 11:56:05";33
"2019-04-17 12:06:05";33
"2019-04-17 12:16:05";33
"2019-04-17 12:26:05";32
"2019-04-17 12:36:05";32
"2019-04-17 12:46:05";31
"2019-04-17 12:56:06";31
"2019-04-17 13:06:06";31
"2019-04-17 13:16:05";31
"2019-04-17 13:26:05";34
"2019-04-17 13:36:05";34
"2019-04-17 13:46:05";34
"2019-04-17 13:56:06";35
"2019-04-17 14:06:04";35
"2019-04-17 14:16:05";35
"2019-04-17 14:26:05";34
"2019-04-17 14:36:05";34
"2019-04-17 14:46:05";34
"2019-04-17 14:56:05";35
"2019-04-17 15:06:05";35
"2019-04-17 15:16:05";35
"2019-04-17 15:26:05";33
"2019-04-17 15:36:05";33
"2019-04-17 15:46:06";33
"2019-04-17 15:56:06";35
"2019-04-17 16:06:05";35
"2019-04-17 16:16:05";35
"2019-04-17 16:26:06";35
"2019-04-17 16:36:05";35
"2019-04-17 16:46:05";35
"2019-04-17 16:56:05";35
"2019-04-17 17:06:05";35
"2019-04-17 17:16:05";35
"2019-04-17 17:26:06";36
"2019-04-17 17:36:05";36
"2019-04-17 17:46:05";36
"2019-04-17 17:56:05";35
"2019-04-17 18:06:05";35
"2019-04-17 18:16:05";35
"2019-04-17 18:26:05";36
"2019-04-17 18:36:05";36
"2019-04-17 18:46:06";36
"2019-04-17 18:56:05";36
"2019-04-17 19:06:05";36
"2019-04-17 19:16:05";36
"2019-04-17 19:26:05";35
"2019-04-17 19:36:05";35
"2019-04-17 19:46:05";35
"2019-04-17 19:56:05";35
"2019-04-17 20:06:05";35
"2019-04-17 20:16:05";35
"2019-04-17 20:26:05";35
"2019-04-17 20:36:05";35
"2019-04-17 20:46:05";35
"2019-04-17 20:56:05";35
"2019-04-17 21:06:06";35
"2019-04-17 21:16:05";35
"2019-04-17 21:26:05";35
"2019-04-17 21:36:05";35
"2019-04-17 21:46:05";35
"2019-04-17 21:56:05";36
"2019-04-17 22:06:06";36
"2019-04-17 22:16:06";36
"2019-04-17 22:26:05";37
"2019-04-17 22:36:06";37
"2019-04-17 22:46:05";37
"2019-04-17 22:56:05";36
"2019-04-17 23:06:05";36
"2019-04-17 23:16:06";36
"2019-04-17 23:26:06";37
"2019-04-17 23:36:06";37
"2019-04-17 23:46:05";37
"2019-04-17 23:56:06";37
"2019-04-18 00:06:07";37
"2019-04-18 00:16:06";37
"2019-04-18 00:26:05";36
"2019-04-18 00:36:05";36
"2019-04-18 00:46:06";36
"2019-04-18 00:56:05";37
"2019-04-18 01:06:05";37
"2019-04-18 01:16:06";37
"2019-04-18 01:26:05";38
"2019-04-18 01:36:05";38
"2019-04-18 01:46:05";38
"2019-04-18 01:56:05";37
"2019-04-18 02:06:05";37
"2019-04-18 02:16:05";37
"2019-04-18 02:26:05";38
"2019-04-18 02:36:05";38
"2019-04-18 02:46:06";38
"2019-04-18 02:56:05";36
"2019-04-18 03:06:05";36
"2019-04-18 03:16:05";36
"2019-04-18 03:26:05";36
"2019-04-18 03:36:05";36
"2019-04-18 03:46:05";36
"2019-04-18 03:56:05";37
"2019-04-18 04:06:06";37
"2019-04-18 04:16:05";37
"2019-04-18 04:26:05";37
"2019-04-18 04:36:05";37
"2019-04-18 04:46:06";36
"2019-04-18 04:56:05";36
"2019-04-18 05:06:05";36
"2019-04-18 05:16:05";36
"2019-04-18 05:26:05";37
"2019-04-18 05:36:05";37
"2019-04-18 05:46:05";37
"2019-04-18 05:56:05";36
"2019-04-18 06:06:05";36
"2019-04-18 06:16:05";36
"2019-04-18 06:26:05";35
"2019-04-18 06:36:05";35
"2019-04-18 06:46:05";35
"2019-04-18 06:56:05";35
"2019-04-18 07:06:05";35
"2019-04-18 07:16:05";35
"2019-04-18 07:26:05";36
"2019-04-18 07:36:05";36
"2019-04-18 07:46:05";36
"2019-04-18 07:56:05";37
"2019-04-18 08:06:05";37
"2019-04-18 08:16:05";37
"2019-04-18 08:26:05";37
"2019-04-18 08:36:05";37
"2019-04-18 08:46:06";37
"2019-04-18 08:56:06";37
"2019-04-18 09:06:05";37
"2019-04-18 09:16:05";37
"2019-04-18 09:26:05";38
"2019-04-18 09:36:05";38
"2019-04-18 09:46:05";38
"2019-04-18 09:56:05";38
"2019-04-18 10:06:05";38
"2019-04-18 10:16:05";38
"2019-04-18 10:26:05";37
"2019-04-18 10:36:05";37
"2019-04-18 10:46:05";38
"2019-04-18 10:56:05";38
"2019-04-18 11:06:05";38
"2019-04-18 11:16:06";38
"2019-04-18 11:26:05";35
"2019-04-18 11:36:05";35
"2019-04-18 11:46:05";35
"2019-04-18 11:56:05";35
"2019-04-18 12:06:05";35
"2019-04-18 12:16:06";35
"2019-04-18 12:26:06";36
"2019-04-18 12:36:05";36
"2019-04-18 12:46:05";36
"2019-04-18 12:56:05";36
"2019-04-18 13:06:05";36
"2019-04-18 13:16:05";36
"2019-04-18 13:26:05";36
"2019-04-18 13:36:05";36
"2019-04-18 13:46:05";36
"2019-04-18 13:56:05";36
"2019-04-18 14:06:05";36
"2019-04-18 14:16:05";36
"2019-04-18 14:26:05";37
"2019-04-18 14:36:06";37
"2019-04-18 14:46:05";37
"2019-04-18 14:56:05";37
"2019-04-18 15:06:05";37
"2019-04-18 15:16:05";37
"2019-04-18 15:26:05";37
"2019-04-18 15:36:05";37
"2019-04-18 15:46:05";37
"2019-04-18 15:56:05";37
"2019-04-18 16:06:05";37
"2019-04-18 16:16:05";37
"2019-04-18 16:26:05";37
"2019-04-18 16:36:05";37
"2019-04-18 16:46:06";37
"2019-04-18 16:56:06";37
"2019-04-18 17:06:06";37
"2019-04-18 17:16:05";37
"2019-04-18 17:26:05";36
"2019-04-18 17:36:05";36
"2019-04-18 17:46:05";36
"2019-04-18 17:56:05";36
"2019-04-18 18:06:05";36
"2019-04-18 18:16:05";36
"2019-04-18 18:26:05";37
"2019-04-18 18:36:05";37
"2019-04-18 18:46:05";37
"2019-04-18 18:56:05";35
"2019-04-18 19:06:05";35
"2019-04-18 19:16:05";35
"2019-04-18 19:26:05";36
"2019-04-18 19:36:05";36
"2019-04-18 19:46:06";36
"2019-04-18 19:56:05";37
"2019-04-18 20:06:05";37
"2019-04-18 20:16:06";37
"2019-04-18 20:26:05";37
"2019-04-18 20:36:06";37
"2019-04-18 20:46:05";36
"2019-04-18 20:56:05";36
"2019-04-18 21:06:05";36
"2019-04-18 21:16:05";36
"2019-04-18 21:26:05";37
"2019-04-18 21:36:05";37
"2019-04-18 21:46:05";37
"2019-04-18 21:56:05";37
"2019-04-18 22:06:06";37
"2019-04-18 22:16:06";37
"2019-04-18 22:26:06";38
"2019-04-18 22:36:06";38
"2019-04-18 22:46:05";37
"2019-04-18 22:56:05";37
"2019-04-18 23:06:05";37
"2019-04-18 23:16:05";37
"2019-04-18 23:26:05";37
"2019-04-18 23:36:06";37
"2019-04-18 23:46:07";37
"2019-04-18 23:56:06";38
"2019-04-19 00:06:07";38
"2019-04-19 00:16:06";38
"2019-04-19 00:26:06";37
"2019-04-19 00:36:05";37
"2019-04-19 00:46:06";37
"2019-04-19 00:56:05";37
"2019-04-19 01:06:06";37
"2019-04-19 01:16:05";37
"2019-04-19 01:26:06";39
"2019-04-19 01:36:05";39
"2019-04-19 01:46:06";39
"2019-04-19 01:56:05";39
"2019-04-19 02:06:05";39
"2019-04-19 02:16:05";39
"2019-04-19 02:26:05";37
"2019-04-19 02:36:05";37
"2019-04-19 02:46:06";37
"2019-04-19 02:56:06";37
"2019-04-19 03:06:05";37
"2019-04-19 03:16:05";37
"2019-04-19 03:26:05";38
"2019-04-19 03:36:05";38
"2019-04-19 03:46:05";38
"2019-04-19 03:56:05";37
"2019-04-19 04:06:05";37
"2019-04-19 04:16:05";37
"2019-04-19 04:26:05";38
"2019-04-19 04:36:04";38
"2019-04-19 04:46:06";38
"2019-04-19 04:56:05";37
"2019-04-19 05:06:05";37
"2019-04-19 05:16:06";39
"2019-04-19 05:26:05";39
"2019-04-19 05:36:05";39
"2019-04-19 05:46:05";39
"2019-04-19 05:56:05";37
"2019-04-19 06:06:05";37
"2019-04-19 06:16:05";37
"2019-04-19 06:26:05";37
"2019-04-19 06:36:05";37
"2019-04-19 06:46:05";37
"2019-04-19 06:56:05";37
"2019-04-19 07:06:05";37
"2019-04-19 07:16:05";37
"2019-04-19 07:26:05";37
"2019-04-19 07:36:05";37
"2019-04-19 07:46:05";37
"2019-04-19 07:56:05";37
"2019-04-19 08:06:05";37
"2019-04-19 08:16:06";37
"2019-04-19 08:26:05";38
"2019-04-19 08:36:04";38
"2019-04-19 08:46:05";38
"2019-04-19 08:56:05";38
"2019-04-19 09:06:05";38
"2019-04-19 09:16:05";38
"2019-04-19 09:26:05";38
"2019-04-19 09:36:05";38
"2019-04-19 09:46:05";38
"2019-04-19 09:56:05";39
"2019-04-19 10:06:05";39
"2019-04-19 10:16:05";40
"2019-04-19 10:26:05";40
"2019-04-19 10:36:05";40
"2019-04-19 10:46:05";40
"2019-04-19 10:56:05";37
"2019-04-19 11:06:06";37
"2019-04-19 11:16:05";37
"2019-04-19 11:26:05";38
"2019-04-19 11:36:05";38
"2019-04-19 11:46:05";38
"2019-04-19 11:56:05";38
"2019-04-19 12:06:05";38
"2019-04-19 12:16:05";38
"2019-04-19 12:26:05";37
"2019-04-19 12:36:05";37
"2019-04-19 12:46:05";37
"2019-04-19 12:56:06";36
"2019-04-19 13:06:05";36
"2019-04-19 13:16:06";36
"2019-04-19 13:26:05";37
"2019-04-19 13:36:05";37
"2019-04-19 13:46:06";37
"2019-04-19 13:56:05";36
"2019-04-19 14:06:05";36
"2019-04-19 14:16:05";36
"2019-04-19 14:26:05";37
"2019-04-19 14:36:05";37
"2019-04-19 14:46:05";37
"2019-04-19 14:56:06";37
"2019-04-19 15:06:05";37
"2019-04-19 15:16:05";37
"2019-04-19 15:26:05";36
"2019-04-19 15:36:05";36
"2019-04-19 15:46:05";36
"2019-04-19 15:56:05";39
"2019-04-19 16:06:05";39
"2019-04-19 16:16:05";39
"2019-04-19 16:26:05";38
"2019-04-19 16:36:06";38
"2019-04-19 16:46:05";38
"2019-04-19 16:56:05";38
"2019-04-19 17:06:05";38
"2019-04-19 17:16:05";38
"2019-04-19 17:26:06";37
"2019-04-19 17:36:05";37
"2019-04-19 17:46:05";37
"2019-04-19 17:56:05";38
"2019-04-19 18:06:05";38
"2019-04-19 18:16:05";38
"2019-04-19 18:26:06";37
"2019-04-19 18:36:05";37
"2019-04-19 18:46:05";37
"2019-04-19 18:56:05";37
"2019-04-19 19:06:05";37
"2019-04-19 19:16:05";37
"2019-04-19 19:26:05";38
"2019-04-19 19:36:05";38
"2019-04-19 19:46:05";38
"2019-04-19 19:56:05";38
"2019-04-19 20:06:05";38
"2019-04-19 20:16:06";38
"2019-04-19 20:26:05";36
"2019-04-19 20:36:05";36
"2019-04-19 20:46:05";36
"2019-04-19 20:56:05";39
"2019-04-19 21:06:06";39
"2019-04-19 21:16:05";39
"2019-04-19 21:26:05";38
"2019-04-19 21:36:05";38
"2019-04-19 21:46:06";38
"2019-04-19 21:56:05";38
"2019-04-19 22:06:06";38
"2019-04-19 22:16:06";38
"2019-04-19 22:26:05";40
"2019-04-19 22:36:06";40
"2019-04-19 22:46:06";40
"2019-04-19 22:56:05";39
"2019-04-19 23:06:05";39
"2019-04-19 23:16:05";39
"2019-04-19 23:26:05";40
"2019-04-19 23:36:05";40
"2019-04-19 23:46:06";40
"2019-04-19 23:56:06";41
"2019-04-20 00:06:07";41
"2019-04-20 00:16:06";41
"2019-04-20 00:26:05";39
"2019-04-20 00:36:05";39
"2019-04-20 00:46:06";39
"2019-04-20 00:56:06";39
"2019-04-20 01:06:05";39
"2019-04-20 01:16:05";39
"2019-04-20 01:26:05";39
"2019-04-20 01:36:05";39
"2019-04-20 01:46:08";39
"2019-04-20 01:56:06";39
"2019-04-20 02:06:05";39
"2019-04-20 02:16:06";39
"2019-04-20 02:26:05";39
"2019-04-20 02:36:05";39
"2019-04-20 02:46:05";39
"2019-04-20 02:56:06";40
"2019-04-20 03:06:05";40
"2019-04-20 03:16:05";40
"2019-04-20 03:26:04";39
"2019-04-20 03:36:05";39
"2019-04-20 03:46:05";39
"2019-04-20 03:56:05";39
"2019-04-20 04:06:05";39
"2019-04-20 04:16:05";39
"2019-04-20 04:26:05";38
"2019-04-20 04:36:05";38
"2019-04-20 04:46:05";38
"2019-04-20 04:56:05";38
"2019-04-20 05:06:05";38
"2019-04-20 05:16:05";38
"2019-04-20 05:26:05";40
"2019-04-20 05:36:05";40
"2019-04-20 05:46:05";40
"2019-04-20 05:56:05";38
"2019-04-20 06:06:05";38
"2019-04-20 06:16:05";38
"2019-04-20 06:26:05";40
"2019-04-20 06:36:05";40
"2019-04-20 06:46:05";40
"2019-04-20 06:56:05";39
"2019-04-20 07:06:06";39
"2019-04-20 07:16:05";39
"2019-04-20 07:26:05";39
"2019-04-20 07:36:05";39
"2019-04-20 07:46:05";39
"2019-04-20 07:56:05";39
"2019-04-20 08:06:05";39
"2019-04-20 08:16:05";39
"2019-04-20 08:26:05";38
"2019-04-20 08:36:05";38
"2019-04-20 08:46:05";37
"2019-04-20 08:56:05";37
"2019-04-20 09:06:05";37
"2019-04-20 09:16:05";41
"2019-04-20 09:26:05";41
"2019-04-20 09:36:05";41
"2019-04-20 09:46:05";41
"2019-04-20 09:56:05";39
"2019-04-20 10:06:05";39
"2019-04-20 10:16:06";39
"2019-04-20 10:26:05";39
"2019-04-20 10:36:05";39
"2019-04-20 10:46:06";36
"2019-04-20 10:56:05";36
"2019-04-20 11:06:05";36
"2019-04-20 11:16:05";36
"2019-04-20 11:26:06";37
"2019-04-20 11:36:05";37
"2019-04-20 11:46:05";37
"2019-04-20 11:56:05";38
"2019-04-20 12:06:05";38
"2019-04-20 12:16:05";38
"2019-04-20 12:26:05";38
"2019-04-20 12:36:05";38
"2019-04-20 12:46:05";38
"2019-04-20 12:56:05";36
"2019-04-20 13:06:05";36
"2019-04-20 13:16:05";36
"2019-04-20 13:26:05";36
"2019-04-20 13:36:05";36
"2019-04-20 13:46:05";36
"2019-04-20 13:56:05";37
"2019-04-20 14:06:05";37
"2019-04-20 14:16:05";37
"2019-04-20 14:26:05";38
"2019-04-20 14:36:06";38
"2019-04-20 14:46:05";38
"2019-04-20 14:56:05";37
"2019-04-20 15:06:05";37
"2019-04-20 15:16:05";37
"2019-04-20 15:26:06";37
"2019-04-20 15:36:05";37
"2019-04-20 15:46:06";37
"2019-04-20 15:56:05";37
"2019-04-20 16:06:06";37
"2019-04-20 16:16:05";37
"2019-04-20 16:26:05";35
"2019-04-20 16:36:05";35
"2019-04-20 16:46:05";35
"2019-04-20 16:56:05";39
"2019-04-20 17:06:05";39
"2019-04-20 17:16:05";39
"2019-04-20 17:26:06";38
"2019-04-20 17:36:05";38
"2019-04-20 17:46:05";38
"2019-04-20 17:56:05";39
"2019-04-20 18:06:06";39
"2019-04-20 18:16:05";39
"2019-04-20 18:26:06";39
"2019-04-20 18:36:06";39
"2019-04-20 18:46:06";42
"2019-04-20 18:56:05";42
"2019-04-20 19:06:05";42
"2019-04-20 19:16:05";42
"2019-04-20 19:26:05";39
"2019-04-20 19:36:07";39
"2019-04-20 19:46:05";39
"2019-04-20 19:56:05";41
"2019-04-20 20:06:05";41
"2019-04-20 20:16:05";41
"2019-04-20 20:26:05";40
"2019-04-20 20:36:05";40
"2019-04-20 20:46:05";40
"2019-04-20 20:56:05";41
"2019-04-20 21:06:05";41
"2019-04-20 21:16:06";41
"2019-04-20 21:26:05";41
"2019-04-20 21:36:05";41
"2019-04-20 21:46:06";41
"2019-04-20 21:56:06";43
"2019-04-20 22:06:06";43
"2019-04-20 22:16:06";43
"2019-04-20 22:26:06";41
"2019-04-20 22:36:06";41
"2019-04-20 22:46:06";41
"2019-04-20 22:56:05";42
"2019-04-20 23:06:05";42
"2019-04-20 23:16:05";42
"2019-04-21 00:46:07";42
"2019-04-21 00:56:05";43
"2019-04-21 01:06:05";43
"2019-04-21 01:16:06";43
"2019-04-21 01:26:06";42
"2019-04-21 01:36:05";42
"2019-04-21 01:46:06";42
"2019-04-21 01:56:05";42
"2019-04-21 02:06:06";42
"2019-04-21 02:16:05";42
"2019-04-21 02:26:05";42
"2019-04-21 02:36:05";42
"2019-04-21 02:46:06";42
"2019-04-21 02:56:06";41
"2019-04-21 03:06:05";41
"2019-04-21 03:16:05";41
"2019-04-21 03:26:05";42
"2019-04-21 03:36:05";42
"2019-04-21 03:46:06";42
"2019-04-21 03:56:06";43
"2019-04-21 04:06:05";43
"2019-04-21 04:16:05";43
"2019-04-21 04:26:05";43
"2019-04-21 04:36:05";43
"2019-04-21 04:46:06";43
"2019-04-21 04:56:06";42
"2019-04-21 05:06:05";42
"2019-04-21 05:16:05";42
"2019-04-21 05:26:05";41
"2019-04-21 05:36:05";41
"2019-04-21 05:46:05";41
"2019-04-21 05:56:05";41
"2019-04-21 06:06:05";41
"2019-04-21 06:16:05";41
"2019-04-21 06:26:05";41
"2019-04-21 06:36:05";41
"2019-04-21 06:46:05";41
"2019-04-21 06:56:05";41
"2019-04-21 07:06:05";41
"2019-04-21 07:16:05";41
"2019-04-21 07:26:06";42
"2019-04-21 07:36:05";42
"2019-04-21 07:46:06";42
"2019-04-21 07:56:05";42
"2019-04-21 08:06:05";42
"2019-04-21 08:16:05";42
"2019-04-21 08:26:05";41
"2019-04-21 08:36:05";41
"2019-04-21 08:46:05";41
"2019-04-21 08:56:05";41
"2019-04-21 09:06:05";41
"2019-04-21 09:16:06";41
"2019-04-21 09:26:05";41
"2019-04-21 09:36:05";41
"2019-04-21 09:46:05";41
"2019-04-21 09:56:05";42
"2019-04-21 10:06:05";42
"2019-04-21 10:16:05";43
"2019-04-21 10:26:05";43
"2019-04-21 10:36:06";43
"2019-04-21 10:46:05";43
"2019-04-21 10:56:05";41
"2019-04-21 11:06:05";41
"2019-04-21 11:16:05";41
"2019-04-21 11:26:05";40
"2019-04-21 11:36:05";40
"2019-04-21 11:46:05";40
"2019-04-21 11:56:05";38
"2019-04-21 12:06:05";38
"2019-04-21 12:16:07";38
"2019-04-21 12:26:06";38
"2019-04-21 12:36:07";38
"2019-04-21 12:46:05";38
"2019-04-21 12:56:06";40
"2019-04-21 13:06:05";40
"2019-04-21 13:16:05";40
"2019-04-21 13:26:05";39
"2019-04-21 13:36:05";39
"2019-04-21 13:46:05";38
"2019-04-21 13:56:05";38
"2019-04-21 14:06:05";38
"2019-04-21 14:16:05";38
"2019-04-21 14:26:05";40
"2019-04-21 14:36:05";40
"2019-04-21 14:46:06";40
"2019-04-21 14:56:05";38
"2019-04-21 15:06:05";38
"2019-04-21 15:16:05";38
"2019-04-21 15:26:06";39
"2019-04-21 15:36:05";39
"2019-04-21 15:46:06";39
"2019-04-21 15:56:05";40
"2019-04-21 16:06:05";40
"2019-04-21 16:16:06";40
"2019-04-21 16:26:05";40
"2019-04-21 16:36:05";42
"2019-04-21 16:46:05";42
"2019-04-21 16:56:05";40
"2019-04-21 17:06:06";40
"2019-04-21 17:16:05";40
"2019-04-21 17:26:06";40
"2019-04-21 17:36:05";40
"2019-04-21 17:46:06";40
"2019-04-21 17:56:05";41
"2019-04-21 18:06:05";41
"2019-04-21 18:16:06";41
"2019-04-21 18:26:06";41
"2019-04-21 18:36:05";41
"2019-04-21 18:46:06";41
"2019-04-21 18:56:06";38
"2019-04-21 19:06:05";38
"2019-04-21 19:16:05";38
"2019-04-21 19:26:05";41
"2019-04-21 19:36:05";41
"2019-04-21 19:46:05";41
"2019-04-21 19:56:05";42
"2019-04-21 20:06:05";42
"2019-04-21 20:16:06";42
"2019-04-21 20:26:05";42
"2019-04-21 20:36:05";42
"2019-04-21 20:46:06";42
"2019-04-21 20:56:05";41
"2019-04-21 21:06:06";41
"2019-04-21 21:16:06";41
"2019-04-21 21:26:05";41
"2019-04-21 21:36:05";41
"2019-04-21 21:46:05";41
"2019-04-21 21:56:05";41
"2019-04-21 22:06:05";41
"2019-04-21 22:16:06";41
"2019-04-21 22:26:06";42
"2019-04-21 22:36:05";42
"2019-04-21 22:46:06";42
"2019-04-21 22:56:05";44
"2019-04-21 23:06:06";44
"2019-04-21 23:16:05";44
"2019-04-21 23:26:05";41
"2019-04-21 23:36:05";41
"2019-04-21 23:46:06";41
"2019-04-21 23:56:06";44
"2019-04-22 00:06:06";44
"2019-04-22 00:16:05";44
"2019-04-22 00:26:06";43
"2019-04-22 00:36:07";43
"2019-04-22 00:46:05";43
"2019-04-22 00:56:06";43
"2019-04-22 01:06:05";43
"2019-04-22 01:16:05";43
"2019-04-22 01:26:06";44
"2019-04-22 01:36:05";44
"2019-04-22 01:46:06";44
"2019-04-22 01:56:05";42
"2019-04-22 02:06:05";42
"2019-04-22 02:16:05";42
"2019-04-22 02:26:05";42
"2019-04-22 02:36:05";42
"2019-04-22 02:46:06";43
"2019-04-22 02:56:05";43
"2019-04-22 03:06:05";43
"2019-04-22 03:16:05";43
"2019-04-22 03:26:05";44
"2019-04-22 03:36:05";44
"2019-04-22 03:46:05";44
"2019-04-22 03:56:05";44
"2019-04-22 04:06:05";44
"2019-04-22 04:16:05";44
"2019-04-22 04:26:05";42
"2019-04-22 04:36:06";42
"2019-04-22 04:46:05";42
"2019-04-22 04:56:05";43
"2019-04-22 05:06:06";43
"2019-04-22 05:16:05";43
"2019-04-22 05:26:05";42
"2019-04-22 05:36:05";42
"2019-04-22 05:46:05";42
"2019-04-22 05:56:05";42
"2019-04-22 06:06:05";42
"2019-04-22 06:16:05";42
"2019-04-22 06:26:05";43
"2019-04-22 06:36:05";43
"2019-04-22 06:46:05";43
"2019-04-22 06:56:05";44
"2019-04-22 07:06:04";44
"2019-04-22 07:16:05";44
"2019-04-22 07:26:05";44
"2019-04-22 07:36:05";44
"2019-04-22 07:46:05";44
"2019-04-22 07:56:06";43
"2019-04-22 08:06:05";43
"2019-04-22 08:16:05";43
"2019-04-22 08:26:05";43
"2019-04-22 08:36:05";43
"2019-04-22 08:46:05";43
"2019-04-22 08:56:05";44
"2019-04-22 09:06:05";44
"2019-04-22 09:16:05";44
"2019-04-22 09:26:05";44
"2019-04-22 09:36:05";44
"2019-04-22 09:46:05";42
"2019-04-22 09:56:05";42
"2019-04-22 10:06:05";42
"2019-04-22 10:16:05";42
"2019-04-22 10:26:05";41
"2019-04-22 10:36:05";41
"2019-04-22 10:46:05";41
"2019-04-22 10:56:05";43
"2019-04-22 11:06:05";43
"2019-04-22 11:16:05";43
"2019-04-22 11:26:05";42
"2019-04-22 11:36:05";42
"2019-04-22 11:46:05";42
"2019-04-22 11:56:05";42
"2019-04-22 12:06:05";42
"2019-04-22 12:16:05";42
"2019-04-22 12:26:06";42
"2019-04-22 12:36:05";42
"2019-04-22 12:46:05";42
"2019-04-22 12:56:05";40
"2019-04-22 13:06:05";40
"2019-04-22 13:16:06";40
"2019-04-22 13:26:05";42
"2019-04-22 13:36:05";42
"2019-04-22 13:46:05";42
"2019-04-22 13:56:05";42
"2019-04-22 14:06:05";42
"2019-04-22 14:16:05";42
"2019-04-22 14:26:05";42
"2019-04-22 14:36:05";42
"2019-04-22 14:46:06";42
"2019-04-22 14:56:05";42
"2019-04-22 15:06:05";42
"2019-04-22 15:16:05";42
"2019-04-22 15:26:06";42
"2019-04-22 15:36:05";42
"2019-04-22 15:46:05";42
"2019-04-22 15:56:05";42
"2019-04-22 16:06:05";42
"2019-04-22 16:16:05";42
"2019-04-22 16:26:06";42
"2019-04-22 16:36:05";42
"2019-04-22 16:46:06";42
"2019-04-22 16:56:05";42
"2019-04-22 17:06:05";42
"2019-04-22 17:16:06";42
"2019-04-22 17:26:05";41
"2019-04-22 17:36:05";41
"2019-04-22 17:46:05";41
"2019-04-22 17:56:06";42
"2019-04-22 18:06:05";42
"2019-04-22 18:16:05";42
"2019-04-22 18:26:06";42
"2019-04-22 18:36:05";42
"2019-04-22 18:46:06";42
"2019-04-22 18:56:06";43
"2019-04-22 19:06:05";43
"2019-04-22 19:16:06";43
"2019-04-22 19:26:05";42
"2019-04-22 19:36:05";42
"2019-04-22 19:46:05";42
"2019-04-22 19:56:06";43
"2019-04-22 20:06:05";43
"2019-04-22 20:16:05";43
"2019-04-22 20:26:05";42
"2019-04-22 20:36:05";42
"2019-04-22 20:46:07";42
"2019-04-22 20:56:05";43
"2019-04-22 21:06:05";43
"2019-04-22 21:16:05";43
"2019-04-22 21:26:06";41
"2019-04-22 21:36:06";41
"2019-04-22 21:46:06";42
"2019-04-22 21:56:05";42
"2019-04-22 22:06:06";42
"2019-04-22 22:16:06";42
"2019-04-22 22:26:05";40
"2019-04-22 22:36:05";40
"2019-04-22 22:46:05";40
"2019-04-22 22:56:05";43
"2019-04-22 23:06:06";43
"2019-04-22 23:16:05";43
"2019-04-22 23:26:05";41
"2019-04-22 23:36:06";41
"2019-04-22 23:46:06";41
"2019-04-22 23:56:06";44
"2019-04-23 00:06:07";44
"2019-04-23 00:16:06";44
"2019-04-23 00:26:06";44
"2019-04-23 00:36:06";44
"2019-04-23 00:46:06";44
"2019-04-23 00:56:05";44
"2019-04-23 01:06:05";44
"2019-04-23 01:16:05";44
"2019-04-23 01:26:06";43
"2019-04-23 01:36:05";43
"2019-04-23 01:46:06";43
"2019-04-23 01:56:06";44
"2019-04-23 02:06:05";44
"2019-04-23 02:16:05";42
"2019-04-23 02:26:05";42
"2019-04-23 02:36:05";42
"2019-04-23 02:46:06";42
"2019-04-23 02:56:05";44
"2019-04-23 03:06:05";44
"2019-04-23 03:16:05";44
"2019-04-23 03:26:05";45
"2019-04-23 03:36:05";45
"2019-04-23 03:46:05";45
"2019-04-23 03:56:05";45
"2019-04-23 04:06:05";45
"2019-04-23 04:16:05";45
"2019-04-23 04:26:05";43
"2019-04-23 04:36:05";43
"2019-04-23 04:46:05";42
"2019-04-23 04:56:07";42
"2019-04-23 05:06:05";42
"2019-04-23 05:16:04";42
"2019-04-23 05:26:05";44
"2019-04-23 05:36:05";44
"2019-04-23 05:46:05";44
"2019-04-23 05:56:05";45
"2019-04-23 06:06:05";45
"2019-04-23 06:16:05";45
"2019-04-23 06:26:05";45
"2019-04-23 06:36:05";45
"2019-04-23 06:46:05";45
"2019-04-23 06:56:05";45
"2019-04-23 07:06:05";45
"2019-04-23 07:16:05";45
"2019-04-23 07:26:05";48
"2019-04-23 07:36:05";48
"2019-04-23 07:46:06";48
"2019-04-23 07:56:05";48
"2019-04-23 08:06:05";48
"2019-04-23 08:16:05";48
"2019-04-23 08:26:05";49
"2019-04-23 08:36:05";49
"2019-04-23 08:46:06";49
"2019-04-23 08:56:05";51
"2019-04-23 09:06:05";51
"2019-04-23 09:16:05";51
"2019-04-23 09:26:05";52
"2019-04-23 09:36:05";52
"2019-04-23 09:46:05";52
"2019-04-23 09:56:05";53
"2019-04-23 10:06:05";53
"2019-04-23 10:16:05";53
"2019-04-23 10:26:05";57
"2019-04-23 10:36:05";57
"2019-04-23 10:46:06";57
"2019-04-23 10:56:05";57
"2019-04-23 11:06:05";57
"2019-04-23 11:16:05";57
"2019-04-23 11:26:05";58
"2019-04-23 11:36:04";58
"2019-04-23 11:46:06";58
"2019-04-23 11:56:05";58
"2019-04-23 12:06:05";58
"2019-04-23 12:16:06";58
"2019-04-23 12:26:05";56
"2019-04-23 12:36:05";56
"2019-04-23 12:46:05";56
"2019-04-23 12:56:06";60
"2019-04-23 13:06:05";60
"2019-04-23 13:16:05";60
"2019-04-23 13:26:05";62
"2019-04-23 13:36:05";62
"2019-04-23 13:46:06";62
"2019-04-23 13:56:05";64
"2019-04-23 14:06:05";64
"2019-04-23 14:16:06";64
"2019-04-23 14:26:05";67
"2019-04-23 14:36:05";67
"2019-04-23 14:46:06";67
"2019-04-23 14:56:06";69
"2019-04-23 15:06:05";69
"2019-04-23 15:16:06";69
"2019-04-23 15:26:06";70
"2019-04-23 15:36:05";70
"2019-04-23 15:46:05";70
"2019-04-23 15:56:06";70
"2019-04-23 16:06:05";70
"2019-04-23 16:16:05";70
"2019-04-23 16:26:05";71
"2019-04-23 16:36:05";71
"2019-04-23 16:46:05";71
"2019-04-23 16:56:05";73
"2019-04-23 17:06:05";73
"2019-04-23 17:16:05";73
"2019-04-23 17:26:06";75
"2019-04-23 17:36:05";75
"2019-04-23 17:46:05";75
"2019-04-23 17:56:05";77
"2019-04-23 18:06:06";77
"2019-04-23 18:16:06";77
"2019-04-23 18:26:05";78
"2019-04-23 18:36:06";78
"2019-04-23 18:46:06";78
"2019-04-23 18:56:05";79
"2019-04-23 19:06:05";79
"2019-04-23 19:16:05";79
"2019-04-23 19:26:05";82
"2019-04-23 19:36:05";82
"2019-04-23 19:46:05";82
"2019-04-23 19:56:05";81
"2019-04-23 20:06:05";81
"2019-04-23 20:16:06";81
"2019-04-23 20:26:07";84
"2019-04-23 20:36:05";84
"2019-04-23 20:46:06";84
"2019-04-23 20:56:05";84
"2019-04-23 21:06:05";84
"2019-04-23 21:16:06";84
"2019-04-23 21:26:05";84
"2019-04-23 21:36:05";84
"2019-04-23 21:46:05";84
"2019-04-23 21:56:06";84
"2019-04-23 22:06:06";84
"2019-04-23 22:16:06";84
"2019-04-23 22:26:06";84
"2019-04-23 22:36:05";84
"2019-04-23 22:46:05";84
"2019-04-23 22:56:06";81
"2019-04-23 23:06:05";81
"2019-04-23 23:16:05";81
"2019-04-23 23:26:06";84
"2019-04-23 23:36:05";84
"2019-04-23 23:46:06";84
"2019-04-23 23:56:05";82
"2019-04-24 00:06:06";82
"2019-04-24 00:16:06";82
"2019-04-24 00:26:05";84
"2019-04-24 00:36:05";84
"2019-04-24 00:46:06";84
"2019-04-24 00:56:05";87
"2019-04-24 01:06:06";87
"2019-04-24 01:16:05";87
"2019-04-24 01:26:05";84
"2019-04-24 01:36:07";84
"2019-04-24 01:46:06";84
"2019-04-24 01:56:06";86
"2019-04-24 02:06:05";86
"2019-04-24 02:16:05";86
"2019-04-24 02:26:05";89
"2019-04-24 02:36:05";89
"2019-04-24 02:46:05";89
"2019-04-24 02:56:05";90
"2019-04-24 03:06:04";90
"2019-04-24 03:16:05";90
"2019-04-24 03:26:05";90
"2019-04-24 03:36:05";90
"2019-04-24 03:46:05";90
"2019-04-24 03:56:05";91
"2019-04-24 04:06:05";91
"2019-04-24 04:16:05";91
"2019-04-24 04:26:06";91
"2019-04-24 04:36:04";91
"2019-04-24 04:46:06";91
"2019-04-24 04:56:05";92
"2019-04-24 05:06:05";92
"2019-04-24 05:16:05";92
"2019-04-24 05:26:05";94
"2019-04-24 05:36:05";94
"2019-04-24 05:46:05";94
"2019-04-24 05:56:05";93
"2019-04-24 06:06:05";93
"2019-04-24 06:16:05";93
"2019-04-24 06:26:05";91
"2019-04-24 06:36:04";91
"2019-04-24 06:46:05";91
"2019-04-24 06:56:05";92
"2019-04-24 07:06:05";92
"2019-04-24 07:16:05";92
"2019-04-24 07:26:05";93
"2019-04-24 07:36:05";93
"2019-04-24 07:46:05";93
"2019-04-24 07:56:05";91
"2019-04-24 08:06:05";91
"2019-04-24 08:16:05";91
"2019-04-24 08:26:05";90
"2019-04-24 08:36:04";90
"2019-04-24 08:46:06";90
"2019-04-24 08:56:05";90
"2019-04-24 09:06:05";90
"2019-04-24 09:16:05";90
"2019-04-24 09:26:05";88
"2019-04-24 09:36:05";88
"2019-04-24 09:46:05";88
"2019-04-24 09:56:05";85
"2019-04-24 10:06:05";85
"2019-04-24 10:16:05";85
"2019-04-24 10:26:05";86
"2019-04-24 10:36:05";86
"2019-04-24 10:46:06";86
"2019-04-24 10:56:05";86
"2019-04-24 11:06:05";86
"2019-04-24 11:16:06";86
"2019-04-24 11:26:05";84
"2019-04-24 11:36:05";84
"2019-04-24 11:46:06";84
"2019-04-24 11:56:05";84
"2019-04-24 12:06:05";85
"2019-04-24 12:16:07";85
"2019-04-24 12:26:05";86
"2019-04-24 12:36:05";86
"2019-04-24 12:46:05";86
"2019-04-24 12:56:05";86
"2019-04-24 13:06:05";86
"2019-04-24 13:16:07";86
"2019-04-24 13:26:05";89
"2019-04-24 13:36:06";89
"2019-04-24 13:46:05";89
"2019-04-24 13:56:05";92
"2019-04-24 14:06:05";92
"2019-04-24 14:16:05";92
"2019-04-24 14:26:05";96
"2019-04-24 14:36:05";96
"2019-04-24 14:46:05";96
"2019-04-24 14:56:06";107
"2019-04-24 15:06:05";107
"2019-04-24 15:16:06";107
"2019-04-24 15:26:05";111
"2019-04-24 15:36:05";111
"2019-04-24 15:46:05";111
"2019-04-24 15:56:05";114
"2019-04-24 16:06:05";114
"2019-04-24 16:16:06";114
"2019-04-24 16:26:05";115
"2019-04-24 16:36:05";115
"2019-04-24 16:46:06";115
"2019-04-24 16:56:05";117
"2019-04-24 17:06:05";117
"2019-04-24 17:16:05";117
"2019-04-24 17:26:05";118
"2019-04-24 17:36:05";118
"2019-04-24 17:46:06";118
"2019-04-24 17:56:05";118
"2019-04-24 18:06:05";118
"2019-04-24 18:16:05";118
"2019-04-24 18:26:05";118
"2019-04-24 18:36:05";118
"2019-04-24 18:46:05";118
"2019-04-24 18:56:05";113
"2019-04-24 19:06:06";113
"2019-04-24 19:16:06";113
"2019-04-24 19:26:05";120
"2019-04-24 19:36:05";120
"2019-04-24 19:46:05";120
"2019-04-24 19:56:05";118
"2019-04-24 20:06:06";118
"2019-04-24 20:16:05";118
"2019-04-24 20:26:05";116
"2019-04-24 20:36:05";116
"2019-04-24 20:46:07";116
"2019-04-24 20:56:05";116
"2019-04-24 21:06:05";116
"2019-04-24 21:16:06";116
"2019-04-24 21:26:07";121
"2019-04-24 21:36:06";121
"2019-04-24 21:46:06";121
"2019-04-24 21:56:06";119
"2019-04-24 22:06:06";119
"2019-04-24 22:16:06";119
"2019-04-24 22:26:06";111
"2019-04-24 22:36:06";111
"2019-04-24 22:46:05";111
"2019-04-24 22:56:07";116
"2019-04-24 23:06:05";116
"2019-04-24 23:16:05";116
"2019-04-24 23:26:06";117
"2019-04-24 23:36:06";117
"2019-04-24 23:46:07";117
"2019-04-24 23:56:06";117
"2019-04-25 00:06:06";116
"2019-04-25 00:16:06";116
"2019-04-25 00:26:06";116
"2019-04-25 00:36:05";113
"2019-04-25 00:46:06";113
"2019-04-25 00:56:05";113
"2019-04-25 01:06:06";113
"2019-04-25 01:16:06";113
"2019-04-25 01:26:06";107
"2019-04-25 01:36:05";107
"2019-04-25 01:46:05";107
"2019-04-25 01:56:06";108
"2019-04-25 02:06:05";108
"2019-04-25 02:16:05";108
"2019-04-25 02:26:05";108
"2019-04-25 02:36:05";108
"2019-04-25 02:46:05";108
"2019-04-25 02:56:05";102
"2019-04-25 03:06:04";102
"2019-04-25 03:16:05";102
"2019-04-25 03:26:05";104
"2019-04-25 03:36:04";104
"2019-04-25 03:46:05";104
"2019-04-25 03:56:05";101
"2019-04-25 04:06:05";101
"2019-04-25 04:16:07";101
"2019-04-25 04:26:05";104
"2019-04-25 04:36:05";104
"2019-04-25 04:46:05";104
"2019-04-25 04:56:05";100
"2019-04-25 05:06:05";100
"2019-04-25 05:16:05";100
"2019-04-25 05:26:05";97
"2019-04-25 05:36:05";97
"2019-04-25 05:46:05";97
"2019-04-25 05:56:05";99
"2019-04-25 06:06:05";99
"2019-04-25 06:16:05";99
"2019-04-25 06:26:04";96
"2019-04-25 06:36:05";96
"2019-04-25 06:46:05";96
"2019-04-25 06:56:05";94
"2019-04-25 07:06:06";94
"2019-04-25 07:16:05";94
"2019-04-25 07:26:05";94
"2019-04-25 07:36:05";93
"2019-04-25 07:46:05";93
"2019-04-25 07:56:06";95
"2019-04-25 08:06:05";95
"2019-04-25 08:16:05";95
"2019-04-25 08:26:05";92
"2019-04-25 08:36:05";92
"2019-04-25 08:46:05";92
"2019-04-25 08:56:06";92
"2019-04-25 09:06:05";92
"2019-04-25 09:16:05";92
"2019-04-25 09:26:05";90
"2019-04-25 09:36:05";90
"2019-04-25 09:46:06";90
"2019-04-25 09:56:05";90
"2019-04-25 10:06:05";89
"2019-04-25 10:16:05";89
"2019-04-25 10:26:05";87
"2019-04-25 10:36:05";87
"2019-04-25 10:46:05";87
"2019-04-25 10:56:05";87
"2019-04-25 11:06:05";90
"2019-04-25 11:16:05";90
"2019-04-25 11:26:05";89
"2019-04-25 11:36:05";89
"2019-04-25 11:46:05";89
"2019-04-25 11:56:05";87
"2019-04-25 12:06:05";87
"2019-04-25 12:16:05";87
"2019-04-25 12:26:05";87
"2019-04-25 12:36:05";87
"2019-04-25 12:46:05";87
"2019-04-25 12:56:05";87
"2019-04-25 13:06:05";87
"2019-04-25 13:16:05";87
"2019-04-25 13:26:05";87
"2019-04-25 13:36:05";87
"2019-04-25 13:46:05";84
"2019-04-25 13:56:05";84
"2019-04-25 14:06:05";84
"2019-04-25 14:16:06";84
"2019-04-25 14:26:05";84
"2019-04-25 14:36:05";84
"2019-04-25 14:46:06";84
"2019-04-25 14:56:05";84
"2019-04-25 15:06:05";84
"2019-04-25 15:16:05";84
"2019-04-25 15:26:05";83
"2019-04-25 15:36:04";83
"2019-04-25 15:46:06";83
"2019-04-25 15:56:06";83
"2019-04-25 16:06:05";83
"2019-04-25 16:16:05";83
"2019-04-25 16:26:05";84
"2019-04-25 16:36:05";84
"2019-04-25 16:46:05";84
"2019-04-25 16:56:05";82
"2019-04-25 17:06:05";82
"2019-04-25 17:16:05";82
"2019-04-25 17:26:06";81
"2019-04-25 17:36:05";81
"2019-04-25 17:46:06";81
"2019-04-25 17:56:05";79
"2019-04-25 18:06:05";79
"2019-04-25 18:16:05";79
"2019-04-25 18:26:05";83
"2019-04-25 18:36:05";83
"2019-04-25 18:46:06";83
"2019-04-25 18:56:05";79
"2019-04-25 19:06:05";79
"2019-04-25 19:16:05";79
"2019-04-25 19:26:05";81
"2019-04-25 19:36:05";81
"2019-04-25 19:46:05";81
"2019-04-25 19:56:05";82
"2019-04-25 20:06:05";82
"2019-04-25 20:16:06";82
"2019-04-25 20:26:05";83
"2019-04-25 20:36:05";83
"2019-04-25 20:46:06";83
"2019-04-25 20:56:05";80
"2019-04-25 21:06:05";80
"2019-04-25 21:16:06";80
"2019-04-25 21:26:05";81
"2019-04-25 21:36:05";81
"2019-04-25 21:46:05";81
"2019-04-25 21:56:05";83
"2019-04-25 22:06:07";83
"2019-04-25 22:16:06";83
"2019-04-25 22:26:06";84
"2019-04-25 22:36:05";84
"2019-04-25 22:46:06";84
"2019-04-25 22:56:06";82
"2019-04-25 23:06:05";82
"2019-04-25 23:16:05";82
"2019-04-25 23:26:05";81
"2019-04-25 23:36:05";81
"2019-04-25 23:46:07";81
"2019-04-25 23:56:06";83
"2019-04-26 00:06:06";83
"2019-04-26 00:16:07";87
"2019-04-26 00:26:05";87
"2019-04-26 00:36:05";87
"2019-04-26 00:46:07";87
"2019-04-26 00:56:06";87
"2019-04-26 01:06:06";87
"2019-04-26 01:16:05";87
"2019-04-26 01:26:06";88
"2019-04-26 01:36:07";88
"2019-04-26 01:46:07";88
"2019-04-26 01:56:06";88
"2019-04-26 02:06:05";88
"2019-04-26 02:16:10";88
"2019-04-26 02:26:05";86
"2019-04-26 02:36:05";86
"2019-04-26 02:46:05";86
"2019-04-26 02:56:06";87
"2019-04-26 03:06:05";87
"2019-04-26 03:16:05";87
"2019-04-26 03:26:05";90
"2019-04-26 03:36:04";90
"2019-04-26 03:46:05";90
"2019-04-26 03:56:06";93
"2019-04-26 04:06:05";93
"2019-04-26 04:16:05";93
"2019-04-26 04:26:05";101
"2019-04-26 04:36:05";101
"2019-04-26 04:46:05";101
"2019-04-26 04:56:05";101
"2019-04-26 05:06:05";101
"2019-04-26 05:16:05";105
"2019-04-26 05:26:05";105
"2019-04-26 05:36:05";105
"2019-04-26 05:46:05";109
"2019-04-26 05:56:05";109
"2019-04-26 06:06:04";109
"2019-04-26 06:16:05";109
"2019-04-26 06:26:05";115
"2019-04-26 06:36:04";115
"2019-04-26 06:46:05";115
"2019-04-26 06:56:05";124
"2019-04-26 07:06:04";124
"2019-04-26 07:16:05";124
"2019-04-26 07:26:05";130
"2019-04-26 07:36:05";130
"2019-04-26 07:46:05";130
"2019-04-26 07:56:05";124
"2019-04-26 08:06:05";124
"2019-04-26 08:16:05";124
"2019-04-26 08:26:05";131
"2019-04-26 08:36:05";131
"2019-04-26 08:46:05";131
"2019-04-26 08:56:05";129
"2019-04-26 09:06:05";129
"2019-04-26 09:16:06";129
"2019-04-26 09:26:05";132
"2019-04-26 09:36:05";132
"2019-04-26 09:46:05";132
"2019-04-26 09:56:05";133
"2019-04-26 10:06:05";133
"2019-04-26 10:16:05";133
"2019-04-26 10:26:05";125
"2019-04-26 10:36:05";125
"2019-04-26 10:46:05";125
"2019-04-26 10:56:05";126
"2019-04-26 11:06:05";126
"2019-04-26 11:16:06";126
"2019-04-26 11:26:05";129
"2019-04-26 11:36:05";129
"2019-04-26 11:46:05";129
"2019-04-26 11:56:05";128
"2019-04-26 12:06:05";128
"2019-04-26 12:16:06";128
"2019-04-26 12:26:05";122
"2019-04-26 12:36:05";122
"2019-04-26 12:46:06";122
"2019-04-26 12:56:06";124
"2019-04-26 13:06:05";124
"2019-04-26 13:16:05";124
"2019-04-26 13:26:05";123
"2019-04-26 13:36:05";123
"2019-04-26 13:46:05";123
"2019-04-26 13:56:05";117
"2019-04-26 14:06:05";117
"2019-04-26 14:16:06";117
"2019-04-26 14:26:05";113
"2019-04-26 14:36:05";113
"2019-04-26 14:46:05";113
"2019-04-26 14:56:05";113
"2019-04-26 15:06:05";113
"2019-04-26 15:16:05";113
"2019-04-26 15:26:06";108
"2019-04-26 15:36:06";108
"2019-04-26 15:46:05";108
"2019-04-26 15:56:05";108
"2019-04-26 16:06:05";109
"2019-04-26 16:16:06";109
"2019-04-26 16:26:06";107
"2019-04-26 16:36:05";107
"2019-04-26 16:46:06";107
"2019-04-26 16:56:06";107
"2019-04-26 17:06:05";109
"2019-04-26 17:16:05";109
"2019-04-26 17:26:05";107
"2019-04-26 17:36:05";107
"2019-04-26 17:46:06";107
"2019-04-26 17:56:06";108
"2019-04-26 18:06:05";108
"2019-04-26 18:16:05";108
"2019-04-26 18:26:05";105
"2019-04-26 18:36:06";105
"2019-04-26 18:46:05";105
"2019-04-26 18:56:05";109
"2019-04-26 19:06:05";109
"2019-04-26 19:16:06";109
"2019-04-26 19:26:06";101
"2019-04-26 19:36:05";101
"2019-04-26 19:46:05";101
"2019-04-26 19:56:05";104
"2019-04-26 20:06:05";104
"2019-04-26 20:16:05";104
"2019-04-26 20:26:05";101
"2019-04-26 20:36:05";101
"2019-04-26 20:46:06";101
"2019-04-26 20:56:05";101
"2019-04-26 21:06:07";101
"2019-04-26 21:16:05";101
"2019-04-26 21:26:06";100
"2019-04-26 21:36:05";100
"2019-04-26 21:46:05";100
"2019-04-26 21:56:05";100
"2019-04-26 22:06:06";100
"2019-04-26 22:16:06";100
"2019-04-26 22:26:06";100
"2019-04-26 22:36:06";100
"2019-04-26 22:46:06";100
"2019-04-26 22:56:06";98
"2019-04-26 23:06:05";98
"2019-04-26 23:16:05";98
"2019-04-26 23:26:05";97
"2019-04-26 23:36:05";97
"2019-04-26 23:46:07";97
"2019-04-26 23:56:07";97
"2019-04-27 00:06:06";97
"2019-04-27 00:16:06";97
"2019-04-27 00:26:05";97
"2019-04-27 00:36:06";97
"2019-04-27 00:46:07";97
"2019-04-27 00:56:05";96
"2019-04-27 01:06:05";96
"2019-04-27 01:16:06";96
"2019-04-27 01:26:05";93
"2019-04-27 01:36:05";93
"2019-04-27 01:46:06";93
"2019-04-27 01:56:05";94
"2019-04-27 02:06:05";94
"2019-04-27 02:16:05";94
"2019-04-27 02:26:05";94
"2019-04-27 02:36:05";94
"2019-04-27 02:46:05";93
"2019-04-27 02:56:06";91
"2019-04-27 03:06:05";91
"2019-04-27 03:16:05";91
"2019-04-27 03:26:05";91
"2019-04-27 03:36:04";91
"2019-04-27 03:46:05";91
"2019-04-27 03:56:05";93
"2019-04-27 04:06:05";93
"2019-04-27 04:16:05";93
"2019-04-27 04:26:05";89
"2019-04-27 04:36:04";89
"2019-04-27 04:46:05";89
"2019-04-27 04:56:05";89
"2019-04-27 05:06:06";90
"2019-04-27 05:16:06";90
"2019-04-27 05:26:05";88
"2019-04-27 05:36:06";88
"2019-04-27 05:46:05";88
"2019-04-27 05:56:06";89
"2019-04-27 06:06:05";89
"2019-04-27 06:16:05";89
"2019-04-27 06:26:04";87
"2019-04-27 06:36:05";87
"2019-04-27 06:46:05";87
"2019-04-27 06:56:05";86
"2019-04-27 07:06:05";86
"2019-04-27 07:16:05";86
"2019-04-27 07:26:05";86
"2019-04-27 07:36:05";86
"2019-04-27 07:46:06";86
"2019-04-27 07:56:05";86
"2019-04-27 08:06:05";86
"2019-04-27 08:16:05";87
"2019-04-27 08:26:05";84
"2019-04-27 08:36:05";84
"2019-04-27 08:46:05";84
"2019-04-27 08:56:05";84
"2019-04-27 09:06:04";84
"2019-04-27 09:16:05";84
"2019-04-27 09:26:05";85
"2019-04-27 09:36:05";85
"2019-04-27 09:46:05";85
"2019-04-27 09:56:05";85
"2019-04-27 10:06:06";85
"2019-04-27 10:16:05";85
"2019-04-27 10:26:06";85
"2019-04-27 10:36:05";86
"2019-04-27 10:46:05";86
"2019-04-27 10:56:05";86
"2019-04-27 11:06:05";82
"2019-04-27 11:16:05";82
"2019-04-27 11:26:06";82
"2019-04-27 11:36:05";82
"2019-04-27 11:46:05";79
"2019-04-27 11:56:05";79
"2019-04-27 12:06:05";79
"2019-04-27 12:16:05";79
"2019-04-27 12:26:05";78
"2019-04-27 12:36:05";78
"2019-04-27 12:46:05";78
"2019-04-27 12:56:05";77
"2019-04-27 13:06:05";77
"2019-04-27 13:16:05";77
"2019-04-27 13:26:05";80
"2019-04-27 13:36:05";80
"2019-04-27 13:46:05";80
"2019-04-27 13:56:05";80
"2019-04-27 14:06:05";80
"2019-04-27 14:16:05";80
"2019-04-27 14:26:05";79
"2019-04-27 14:36:05";79
"2019-04-27 14:46:05";79
"2019-04-27 14:56:05";78
"2019-04-27 15:06:05";78
"2019-04-27 15:16:05";78
"2019-04-27 15:26:05";79
"2019-04-27 15:36:04";79
"2019-04-27 15:46:05";79
"2019-04-27 15:56:05";80
"2019-04-27 16:06:05";80
"2019-04-27 16:16:05";80
"2019-04-27 16:26:05";80
"2019-04-27 16:36:05";80
"2019-04-27 16:46:05";80
"2019-04-27 16:56:05";80
"2019-04-27 17:06:05";79
"2019-04-27 17:16:05";79
"2019-04-27 17:26:05";79
"2019-04-27 17:36:05";79
"2019-04-27 17:46:06";79
"2019-04-27 17:56:05";77
"2019-04-27 18:06:05";77
"2019-04-27 18:16:05";77
"2019-04-27 18:26:05";79
"2019-04-27 18:36:05";79
"2019-04-27 18:46:06";79
"2019-04-27 18:56:05";78
"2019-04-27 19:06:05";78
"2019-04-27 19:16:05";78
"2019-04-27 19:26:05";80
"2019-04-27 19:36:05";80
"2019-04-27 19:46:05";80
"2019-04-27 19:56:05";80
"2019-04-27 20:06:05";80
"2019-04-27 20:16:05";80
"2019-04-27 20:26:05";75
"2019-04-27 20:36:05";75
"2019-04-27 20:46:06";76
"2019-04-27 20:56:05";76
"2019-04-27 21:06:05";76
"2019-04-27 21:16:05";76
"2019-04-27 21:26:05";79
"2019-04-27 21:36:05";79
"2019-04-27 21:46:06";79
"2019-04-27 21:56:05";77
"2019-04-27 22:06:06";77
"2019-04-27 22:16:05";77
"2019-04-27 22:26:05";78
"2019-04-27 22:36:05";78
"2019-04-27 22:46:05";78
"2019-04-27 22:56:05";77
"2019-04-27 23:06:05";77
"2019-04-27 23:16:05";77
"2019-04-28 00:56:05";79
"2019-04-28 01:06:06";79
"2019-04-28 01:16:06";79
"2019-04-28 01:26:05";76
"2019-04-28 01:36:06";76
"2019-04-28 01:46:06";76
"2019-04-28 01:56:06";75
"2019-04-28 02:06:05";75
"2019-04-28 02:16:05";75
"2019-04-28 02:26:06";75
"2019-04-28 02:36:05";75
"2019-04-28 02:46:05";75
"2019-04-28 02:56:05";73
"2019-04-28 03:06:07";73
"2019-04-28 03:16:05";73
"2019-04-28 03:26:05";77
"2019-04-28 03:36:05";77
"2019-04-28 03:46:06";77
"2019-04-28 03:56:06";74
"2019-04-28 04:06:05";74
"2019-04-28 04:16:05";74
"2019-04-28 04:26:06";76
"2019-04-28 04:36:05";76
"2019-04-28 04:46:06";76
"2019-04-28 04:56:05";73
"2019-04-28 05:06:05";73
"2019-04-28 05:16:06";73
"2019-04-28 05:26:05";74
"2019-04-28 05:36:06";74
"2019-04-28 05:46:06";74
"2019-04-28 05:56:05";72
"2019-04-28 06:06:05";72
"2019-04-28 06:16:05";72
"2019-04-28 06:26:05";72
"2019-04-28 06:36:05";72
"2019-04-28 06:46:05";72
"2019-04-28 06:56:05";73
"2019-04-28 07:06:05";73
"2019-04-28 07:16:05";73
"2019-04-28 07:26:05";69
"2019-04-28 07:36:05";69
"2019-04-28 07:46:05";69
"2019-04-28 07:56:05";72
"2019-04-28 08:06:05";72
"2019-04-28 08:16:05";72
"2019-04-28 08:26:05";73
"2019-04-28 08:36:05";73
"2019-04-28 08:46:06";73
"2019-04-28 08:56:05";73
"2019-04-28 09:06:05";71
"2019-04-28 09:16:05";71
"2019-04-28 09:26:05";70
"2019-04-28 09:36:06";70
"2019-04-28 09:46:05";70
"2019-04-28 09:56:05";71
"2019-04-28 10:06:05";71
"2019-04-28 10:16:05";71
"2019-04-28 10:26:05";71
"2019-04-28 10:36:05";71
"2019-04-28 10:46:05";67
"2019-04-28 10:56:05";67
"2019-04-28 11:06:05";67
"2019-04-28 11:16:05";67
"2019-04-28 11:26:05";61
"2019-04-28 11:36:05";61
"2019-04-28 11:46:05";61
"2019-04-28 11:56:05";61
"2019-04-28 12:06:05";61
"2019-04-28 12:16:05";67
"2019-04-28 12:26:05";69
"2019-04-28 12:36:05";69
"2019-04-28 12:46:05";69
"2019-04-28 12:56:05";71
"2019-04-28 13:06:05";71
"2019-04-28 13:16:05";71
"2019-04-28 13:26:05";68
"2019-04-28 13:36:05";68
"2019-04-28 13:46:05";68
"2019-04-28 13:56:05";68
"2019-04-28 14:06:05";66
"2019-04-28 14:16:05";66
"2019-04-28 14:26:05";68
"2019-04-28 14:36:05";68
"2019-04-28 14:46:06";63
"2019-04-28 14:56:05";63
"2019-04-28 15:06:06";63
"2019-04-28 15:16:05";63
"2019-04-28 15:26:05";67
"2019-04-28 15:36:05";67
"2019-04-28 15:46:05";67
"2019-04-28 15:56:05";66
"2019-04-28 16:06:05";66
"2019-04-28 16:16:05";66
"2019-04-28 16:26:05";65
"2019-04-28 16:36:05";65
"2019-04-28 16:46:05";65
"2019-04-28 16:56:06";65
"2019-04-28 17:06:05";65
"2019-04-28 17:16:05";65
"2019-04-28 17:26:05";68
"2019-04-28 17:36:05";68
"2019-04-28 17:46:06";68
"2019-04-28 17:56:05";66
"2019-04-28 18:06:05";66
"2019-04-28 18:16:05";66
"2019-04-28 18:26:05";64
"2019-04-28 18:36:06";64
"2019-04-28 18:46:07";64
"2019-04-28 18:56:05";66
"2019-04-28 19:06:05";66
"2019-04-28 19:16:05";66
"2019-04-28 19:26:05";66
"2019-04-28 19:36:05";66
"2019-04-28 19:46:05";66
"2019-04-28 19:56:05";65
"2019-04-28 20:06:05";65
"2019-04-28 20:16:05";65
"2019-04-28 20:26:06";63
"2019-04-28 20:36:06";63
"2019-04-28 20:46:05";63
"2019-04-28 20:56:05";63
"2019-04-28 21:06:05";63
"2019-04-28 21:16:05";63
"2019-04-28 21:26:05";65
"2019-04-28 21:36:05";65
"2019-04-28 21:46:06";65
"2019-04-28 21:56:05";65
"2019-04-28 22:06:07";65
"2019-04-28 22:16:09";65
"2019-04-28 22:26:05";64
"2019-04-28 22:36:05";64
"2019-04-28 22:46:06";64
"2019-04-28 22:56:05";66
"2019-04-28 23:06:05";66
"2019-04-28 23:16:05";66
"2019-04-28 23:26:06";63
"2019-04-28 23:36:06";63
"2019-04-28 23:46:07";63
"2019-04-28 23:56:05";62
"2019-04-29 00:06:06";62
"2019-04-29 00:16:06";62
"2019-04-29 00:26:06";64
"2019-04-29 00:36:06";64
"2019-04-29 00:46:06";64
"2019-04-29 00:56:06";65
"2019-04-29 01:06:06";65
"2019-04-29 01:16:05";65
"2019-04-29 01:26:07";65
"2019-04-29 01:36:05";65
"2019-04-29 01:46:06";65
"2019-04-29 01:56:05";65
"2019-04-29 02:06:04";65
"2019-04-29 02:16:06";65
"2019-04-29 02:26:05";64
"2019-04-29 02:36:05";64
"2019-04-29 02:46:05";64
"2019-04-29 02:56:05";65
"2019-04-29 03:06:05";65
"2019-04-29 03:16:05";65
"2019-04-29 03:26:04";61
"2019-04-29 03:36:04";61
"2019-04-29 03:46:05";61
"2019-04-29 03:56:05";63
"2019-04-29 04:06:05";63
"2019-04-29 04:16:06";63
"2019-04-29 04:26:05";63
"2019-04-29 04:36:05";63
"2019-04-29 04:46:06";64
"2019-04-29 04:56:05";64
"2019-04-29 05:06:05";64
"2019-04-29 05:16:05";64
"2019-04-29 05:26:05";63
"2019-04-29 05:36:07";63
"2019-04-29 05:46:05";63
"2019-04-29 05:56:05";61
"2019-04-29 06:06:05";61
"2019-04-29 06:16:05";61
"2019-04-29 06:26:05";60
"2019-04-29 06:36:05";60
"2019-04-29 06:46:05";61
"2019-04-29 06:56:05";61
"2019-04-29 07:06:05";61
"2019-04-29 07:16:04";63
"2019-04-29 07:26:05";63
"2019-04-29 07:36:05";63
"2019-04-29 07:46:05";63
"2019-04-29 07:56:05";61
"2019-04-29 08:06:07";61
"2019-04-29 08:16:05";61
"2019-04-29 08:26:05";63
"2019-04-29 08:36:04";63
"2019-04-29 08:46:05";63
"2019-04-29 08:56:05";61
"2019-04-29 09:06:04";61
"2019-04-29 09:16:05";61
"2019-04-29 09:26:05";62
"2019-04-29 09:36:05";62
"2019-04-29 09:46:05";62
"2019-04-29 09:56:05";60
"2019-04-29 10:06:05";60
"2019-04-29 10:16:05";60
"2019-04-29 10:26:05";60
"2019-04-29 10:36:05";60
"2019-04-29 10:46:05";60
"2019-04-29 10:56:05";58
"2019-04-29 11:06:05";58
"2019-04-29 11:16:05";58
"2019-04-29 11:26:05";57
"2019-04-29 11:36:05";57
"2019-04-29 11:46:05";57
"2019-04-29 11:56:06";57
"2019-04-29 12:06:05";57
"2019-04-29 12:16:05";57
"2019-04-29 12:26:05";55
"2019-04-29 12:36:05";55
"2019-04-29 12:46:05";55
"2019-04-29 12:56:06";57
"2019-04-29 13:06:05";57
"2019-04-29 13:16:05";56
"2019-04-29 13:26:06";56
"2019-04-29 13:36:05";56
"2019-04-29 13:46:06";56
"2019-04-29 13:56:05";55
"2019-04-29 14:06:05";55
"2019-04-29 14:16:05";55
"2019-04-29 14:26:05";57
"2019-04-29 14:36:05";57
"2019-04-29 14:46:05";57
"2019-04-29 14:56:05";58
"2019-04-29 15:06:05";58
"2019-04-29 15:16:06";58
"2019-04-29 15:26:05";56
"2019-04-29 15:36:05";56
"2019-04-29 15:46:05";56
"2019-04-29 15:56:06";57
"2019-04-29 16:06:05";57
"2019-04-29 16:16:05";57
"2019-04-29 16:26:05";57
"2019-04-29 16:36:05";57
"2019-04-29 16:46:05";57
"2019-04-29 16:56:05";58
"2019-04-29 17:06:05";58
"2019-04-29 17:16:05";58
"2019-04-29 17:26:05";59
"2019-04-29 17:36:05";59
"2019-04-29 17:46:06";59
"2019-04-29 17:56:05";60
"2019-04-29 18:06:05";60
"2019-04-29 18:16:05";60
"2019-04-29 18:26:06";59
"2019-04-29 18:36:06";59
"2019-04-29 18:46:06";59
"2019-04-29 18:56:05";59
"2019-04-29 19:06:05";59
"2019-04-29 19:16:07";59
"2019-04-29 19:26:05";59
"2019-04-29 19:36:05";59
"2019-04-29 19:46:05";59
"2019-04-29 19:56:05";59
"2019-04-29 20:06:05";59
"2019-04-29 20:16:06";59
"2019-04-29 20:26:06";59
"2019-04-29 20:36:05";59
"2019-04-29 20:46:06";59
"2019-04-29 20:56:05";59
"2019-04-29 21:06:05";59
"2019-04-29 21:16:06";58
"2019-04-29 21:26:06";58
"2019-04-29 21:36:06";58
"2019-04-29 21:46:06";61
"2019-04-29 21:56:05";61
"2019-04-29 22:06:06";61
"2019-04-29 22:16:07";61
"2019-04-29 22:26:07";59
"2019-04-29 22:36:06";59
"2019-04-29 22:46:05";59
"2019-04-29 22:56:06";59
"2019-04-29 23:06:06";59
"2019-04-29 23:16:06";59
"2019-04-29 23:26:05";62
"2019-04-29 23:36:06";62
"2019-04-29 23:46:07";62
"2019-04-29 23:56:05";60
"2019-04-30 00:06:06";60
"2019-04-30 00:16:07";60
"2019-04-30 00:26:06";59
"2019-04-30 00:36:06";59
"2019-04-30 00:46:06";59
"2019-04-30 00:56:06";61
"2019-04-30 01:06:05";61
"2019-04-30 01:16:06";61
"2019-04-30 01:26:06";60
"2019-04-30 01:36:06";60
"2019-04-30 01:46:06";60
"2019-04-30 01:56:05";58
"2019-04-30 02:06:05";58
"2019-04-30 02:16:06";58
"2019-04-30 02:26:05";60
"2019-04-30 02:36:05";60
"2019-04-30 02:46:06";60
"2019-04-30 02:56:05";60
"2019-04-30 03:06:05";59
"2019-04-30 03:16:05";59
"2019-04-30 03:26:05";58
"2019-04-30 03:36:05";58
"2019-04-30 03:46:05";58
"2019-04-30 03:56:05";58
"2019-04-30 04:06:04";58
"2019-04-30 04:16:05";58
"2019-04-30 04:26:05";58
"2019-04-30 04:36:05";58
"2019-04-30 04:46:05";58
"2019-04-30 04:56:05";59
"2019-04-30 05:06:05";59
"2019-04-30 05:16:05";59
"2019-04-30 05:26:05";58
"2019-04-30 05:36:05";58
"2019-04-30 05:46:05";58
"2019-04-30 05:56:05";59
"2019-04-30 06:06:04";59
"2019-04-30 06:16:05";59
"2019-04-30 06:26:05";56
"2019-04-30 06:36:05";56
"2019-04-30 06:46:06";56
"2019-04-30 06:56:05";57
"2019-04-30 07:06:05";57
"2019-04-30 07:16:05";57
"2019-04-30 07:26:05";59
"2019-04-30 07:36:05";59
"2019-04-30 07:46:05";59
"2019-04-30 07:56:05";57
"2019-04-30 08:06:05";57
"2019-04-30 08:16:05";57
"2019-04-30 08:36:07";57
"2019-04-30 08:46:05";57
"2019-04-30 08:56:05";58
"2019-04-30 09:06:05";58
"2019-04-30 09:16:05";58
"2019-04-30 09:26:05";59
"2019-04-30 09:36:05";59
"2019-04-30 09:46:05";59
"2019-04-30 09:56:05";60
"2019-04-30 10:06:05";60
"2019-04-30 10:16:06";60
"2019-04-30 10:26:05";56
"2019-04-30 10:36:05";56
"2019-04-30 10:46:05";56
"2019-04-30 10:56:05";57
"2019-04-30 11:06:05";57
"2019-04-30 11:16:05";57
"2019-04-30 11:26:05";55
"2019-04-30 11:36:05";55
"2019-04-30 11:46:05";55
"2019-04-30 11:56:05";55
"2019-04-30 12:06:05";55
"2019-04-30 12:16:05";55
"2019-04-30 12:26:05";54
"2019-04-30 12:36:05";54
"2019-04-30 12:46:06";54
"2019-04-30 12:56:05";57
"2019-04-30 13:06:05";57
"2019-04-30 13:16:05";54
"2019-04-30 13:26:05";54
"2019-04-30 13:36:05";54
"2019-04-30 13:46:05";54
"2019-04-30 13:56:05";55
"2019-04-30 14:06:05";55
"2019-04-30 14:16:06";55
"2019-04-30 14:26:05";53
"2019-04-30 14:36:05";53
"2019-04-30 14:46:05";53
"2019-04-30 14:56:05";55
"2019-04-30 15:06:05";55
"2019-04-30 15:16:05";55
"2019-04-30 15:26:05";54
"2019-04-30 15:36:05";54
"2019-04-30 15:46:05";54
"2019-04-30 15:56:05";55
"2019-04-30 16:06:07";55
"2019-04-30 16:16:05";55
"2019-04-30 16:26:06";55
"2019-04-30 16:36:05";55
"2019-04-30 16:46:07";55
"2019-04-30 16:56:06";55
"2019-04-30 17:06:05";55
"2019-04-30 17:16:05";55
"2019-04-30 17:26:05";57
"2019-04-30 17:36:05";57
"2019-04-30 17:46:05";57
"2019-04-30 17:56:05";58
"2019-04-30 18:06:05";58
"2019-04-30 18:16:07";58
"2019-04-30 18:26:05";58
"2019-04-30 18:36:05";58
"2019-04-30 18:46:06";58
"2019-04-30 18:56:05";61
"2019-04-30 19:06:06";61
"2019-04-30 19:16:06";61
"2019-04-30 19:26:06";59
"2019-04-30 19:36:05";59
"2019-04-30 19:46:05";59
"2019-04-30 19:56:05";59
"2019-04-30 20:06:05";59
"2019-04-30 20:16:06";59
"2019-04-30 20:26:05";60
"2019-04-30 20:36:05";60
"2019-04-30 20:46:05";60
"2019-04-30 20:56:06";58
"2019-04-30 21:06:06";58
"2019-04-30 21:16:06";58
"2019-04-30 21:26:05";59
"2019-04-30 21:36:05";59
"2019-04-30 21:46:06";59
"2019-04-30 21:56:06";61
"2019-04-30 22:06:06";61
"2019-04-30 22:16:15";61
"2019-04-30 22:26:06";61
"2019-04-30 22:36:06";61
"2019-04-30 22:46:05";61
"2019-04-30 22:56:06";62
"2019-04-30 23:06:06";62
"2019-04-30 23:16:06";62
"2019-04-30 23:26:06";62
"2019-04-30 23:36:06";62
"2019-04-30 23:46:07";62
"2019-04-30 23:56:06";62
"2019-05-01 00:06:06";63
"2019-05-01 00:16:07";63
"2019-05-01 00:26:06";64
"2019-05-01 00:36:06";64
"2019-05-01 00:46:06";64
"2019-05-01 00:56:06";62
"2019-05-01 01:06:06";62
"2019-05-01 01:16:06";62
"2019-05-01 01:26:06";60
"2019-05-01 01:36:05";60
"2019-05-01 01:46:05";60
"2019-05-01 01:56:06";62
"2019-05-01 02:06:05";62
"2019-05-01 02:16:05";62
"2019-05-01 02:26:05";63
"2019-05-01 02:36:05";63
"2019-05-01 02:46:07";63
"2019-05-01 02:56:05";60
"2019-05-01 03:06:05";60
"2019-05-01 03:16:05";60
"2019-05-01 03:26:05";61
"2019-05-01 03:36:05";61
"2019-05-01 03:46:05";61
"2019-05-01 03:56:05";61
"2019-05-01 04:06:05";61
"2019-05-01 04:16:05";61
"2019-05-01 04:26:05";61
"2019-05-01 04:36:05";61
"2019-05-01 04:46:05";61
"2019-05-01 04:56:05";63
"2019-05-01 05:06:05";63
"2019-05-01 05:16:05";63
"2019-05-01 05:26:05";61
"2019-05-01 05:36:05";61
"2019-05-01 05:46:06";61
"2019-05-01 05:56:05";60
"2019-05-01 06:06:04";60
"2019-05-01 06:16:06";60
"2019-05-01 06:26:05";59
"2019-05-01 06:36:05";59
"2019-05-01 06:46:05";59
"2019-05-01 06:56:05";61
"2019-05-01 07:06:05";61
"2019-05-01 07:16:05";61
"2019-05-01 07:26:05";62
"2019-05-01 07:36:05";62
"2019-05-01 07:46:05";62
"2019-05-01 07:56:05";58
"2019-05-01 08:06:05";58
"2019-05-01 08:16:05";58
"2019-05-01 08:26:05";60
"2019-05-01 08:36:05";60
"2019-05-01 08:46:05";60
"2019-05-01 08:56:05";59
"2019-05-01 09:06:05";59
"2019-05-01 09:16:05";59
"2019-05-01 09:26:05";63
"2019-05-01 09:36:05";63
"2019-05-01 09:46:05";63
"2019-05-01 09:56:05";61
"2019-05-01 10:06:05";61
"2019-05-01 10:16:05";61
"2019-05-01 10:26:05";63
"2019-05-01 10:36:05";63
"2019-05-01 10:46:05";63
"2019-05-01 10:56:05";58
"2019-05-01 11:06:05";58
"2019-05-01 11:16:05";58
"2019-05-01 11:26:05";58
"2019-05-01 11:36:05";58
"2019-05-01 11:46:05";58
"2019-05-01 11:56:05";58
"2019-05-01 12:06:05";57
"2019-05-01 12:16:06";57
"2019-05-01 12:26:05";57
"2019-05-01 12:36:05";57
"2019-05-01 12:46:05";57
"2019-05-01 12:56:05";58
"2019-05-01 13:06:05";58
"2019-05-01 13:16:05";58
"2019-05-01 13:26:05";56
"2019-05-01 13:36:05";56
"2019-05-01 13:46:05";56
"2019-05-01 13:56:05";56
"2019-05-01 14:06:05";56
"2019-05-01 14:16:05";56
"2019-05-01 14:26:05";55
"2019-05-01 14:36:05";55
"2019-05-01 14:46:05";55
"2019-05-01 14:56:06";58
"2019-05-01 15:06:05";58
"2019-05-01 15:16:05";58
"2019-05-01 15:26:05";56
"2019-05-01 15:36:05";56
"2019-05-01 15:46:06";56
"2019-05-01 15:56:05";57
"2019-05-01 16:06:05";57
"2019-05-01 16:16:05";57
"2019-05-01 16:26:05";59
"2019-05-01 16:36:06";59
"2019-05-01 16:46:05";59
"2019-05-01 16:56:05";59
"2019-05-01 17:06:05";59
"2019-05-01 17:16:05";59
"2019-05-01 17:26:05";62
"2019-05-01 17:36:05";62
"2019-05-01 17:46:06";62
"2019-05-01 17:56:05";60
"2019-05-01 18:06:05";60
"2019-05-01 18:16:06";60
"2019-05-01 18:26:05";60
"2019-05-01 18:36:06";60
"2019-05-01 18:46:05";60
"2019-05-01 18:56:05";60
"2019-05-01 19:06:05";60
"2019-05-01 19:16:05";60
"2019-05-01 19:26:05";63
"2019-05-01 19:36:06";63
"2019-05-01 19:46:06";63
"2019-05-01 19:56:05";62
"2019-05-01 20:06:06";62
"2019-05-01 20:16:05";62
"2019-05-01 20:26:05";64
"2019-05-01 20:36:05";64
"2019-05-01 20:46:06";64
"2019-05-01 20:56:06";63
"2019-05-01 21:06:06";63
"2019-05-01 21:16:06";63
"2019-05-01 21:26:06";65
"2019-05-01 21:36:06";65
"2019-05-01 21:46:08";65
"2019-05-01 21:56:05";66
"2019-05-01 22:06:07";66
"2019-05-01 22:16:07";66
"2019-05-01 22:26:06";63
"2019-05-01 22:36:05";63
"2019-05-01 22:46:06";63
"2019-05-01 22:56:05";64
"2019-05-01 23:06:05";64
"2019-05-01 23:16:06";64
"2019-05-01 23:26:05";66
"2019-05-01 23:36:06";66
"2019-05-01 23:46:06";66
"2019-05-01 23:56:06";68
"2019-05-02 00:06:06";68
"2019-05-02 00:16:08";68
"2019-05-02 00:36:06";68
"2019-05-02 00:46:05";68
"2019-05-02 00:56:05";67
"2019-05-02 01:06:06";67
"2019-05-02 01:16:06";65
"2019-05-02 01:26:05";65
"2019-05-02 01:36:05";65
"2019-05-02 01:46:06";65
"2019-05-02 01:56:05";68
"2019-05-02 02:06:05";68
"2019-05-02 02:16:06";69
"2019-05-02 02:26:05";69
"2019-05-02 02:36:05";69
"2019-05-02 02:46:05";66
"2019-05-02 02:56:06";66
"2019-05-02 03:06:05";66
"2019-05-02 03:16:05";66
"2019-05-02 03:26:05";68
"2019-05-02 03:36:04";68
"2019-05-02 03:46:05";67
"2019-05-02 03:56:05";67
"2019-05-02 04:06:04";67
"2019-05-02 04:16:05";67
"2019-05-02 04:26:05";65
"2019-05-02 04:36:05";65
"2019-05-02 04:46:05";65
"2019-05-02 04:56:05";66
"2019-05-02 05:06:05";66
"2019-05-02 05:16:05";66
"2019-05-02 05:26:05";67
"2019-05-02 05:36:05";67
"2019-05-02 05:46:05";67
"2019-05-02 05:56:05";66
"2019-05-02 06:06:05";66
"2019-05-02 06:16:05";66
"2019-05-02 06:36:05";65
"2019-05-02 06:46:05";65
"2019-05-02 06:56:05";66
"2019-05-02 07:06:06";66
"2019-05-02 07:16:05";66
"2019-05-02 07:26:05";65
"2019-05-02 07:36:06";65
"2019-05-02 07:46:05";65
"2019-05-02 07:56:05";65
"2019-05-02 08:06:05";65
"2019-05-02 08:16:06";65
"2019-05-02 08:26:05";66
"2019-05-02 08:36:05";66
"2019-05-02 08:46:06";66
"2019-05-02 08:56:05";65
"2019-05-02 09:06:04";65
"2019-05-02 09:16:05";65
"2019-05-02 09:26:06";66
"2019-05-02 09:36:05";66
"2019-05-02 09:46:06";63
"2019-05-02 09:56:05";63
"2019-05-02 10:06:05";63
"2019-05-02 10:16:05";63
"2019-05-02 10:26:05";63
"2019-05-02 10:36:05";63
"2019-05-02 10:46:05";63
"2019-05-02 10:56:05";63
"2019-05-02 11:06:05";63
"2019-05-02 11:16:05";63
"2019-05-02 11:26:05";63
"2019-05-02 11:36:06";63
"2019-05-02 11:46:06";62
"2019-05-02 11:56:05";62
"2019-05-02 12:06:05";62
"2019-05-02 12:16:05";62
"2019-05-02 12:26:05";63
"2019-05-02 12:36:05";63
"2019-05-02 12:46:05";63
"2019-05-02 12:56:05";60
"2019-05-02 13:06:05";60
"2019-05-02 13:16:05";65
"2019-05-02 13:26:05";65
"2019-05-02 13:36:05";65
"2019-05-02 13:46:06";65
"2019-05-02 13:56:05";63
"2019-05-02 14:06:05";63
"2019-05-02 14:16:05";63
"2019-05-02 14:26:06";62
"2019-05-02 14:36:05";62
"2019-05-02 14:46:05";62
"2019-05-02 14:56:05";60
"2019-05-02 15:06:06";60
"2019-05-02 15:16:06";60
"2019-05-02 15:26:05";62
"2019-05-02 15:36:05";62
"2019-05-02 15:46:05";62
"2019-05-02 15:56:05";61
"2019-05-02 16:06:05";61
"2019-05-02 16:16:05";61
"2019-05-02 16:26:05";61
"2019-05-02 16:36:05";61
"2019-05-02 16:46:05";61
"2019-05-02 16:56:05";65
"2019-05-02 17:06:05";65
"2019-05-02 17:16:07";65
"2019-05-02 17:26:05";64
"2019-05-02 17:36:05";64
"2019-05-02 17:46:05";64
"2019-05-02 17:56:06";64
"2019-05-02 18:06:06";64
"2019-05-02 18:16:07";64
"2019-05-02 18:26:05";64
"2019-05-02 18:36:05";64
"2019-05-02 18:46:05";64
"2019-05-02 18:56:05";64
"2019-05-02 19:06:05";63
"2019-05-02 19:16:05";63
"2019-05-02 19:26:05";66
"2019-05-02 19:36:06";66
"2019-05-02 19:46:05";66
"2019-05-02 19:56:05";66
"2019-05-02 20:06:06";66
"2019-05-02 20:16:05";66
"2019-05-02 20:26:05";65
"2019-05-02 20:36:06";65
"2019-05-02 20:46:05";65
"2019-05-02 20:56:06";66
"2019-05-02 21:06:07";66
"2019-05-02 21:16:06";66
"2019-05-02 21:26:06";66
"2019-05-02 21:36:06";66
"2019-05-02 21:46:06";66
"2019-05-02 21:56:06";67
"2019-05-02 22:06:05";67
"2019-05-02 22:16:07";67
"2019-05-02 22:26:06";67
"2019-05-02 22:36:07";67
"2019-05-02 22:46:06";67
"2019-05-02 22:56:06";65
"2019-05-02 23:06:06";65
"2019-05-02 23:16:06";65
"2019-05-02 23:26:06";65
"2019-05-02 23:36:06";65
"2019-05-02 23:46:06";65
"2019-05-02 23:56:06";66
"2019-05-03 00:06:06";66
"2019-05-03 00:16:07";66
"2019-05-03 00:26:05";66
"2019-05-03 00:36:06";66
"2019-05-03 00:46:05";66
"2019-05-03 00:56:06";67
"2019-05-03 01:06:06";67
"2019-05-03 01:16:06";67
"2019-05-03 01:26:06";66
"2019-05-03 01:36:05";66
"2019-05-03 01:46:06";66
"2019-05-03 01:56:05";66
"2019-05-03 02:06:04";66
"2019-05-03 02:16:05";66
"2019-05-03 02:26:05";66
"2019-05-03 02:36:05";66
"2019-05-03 02:46:05";66
"2019-05-03 02:56:05";66
"2019-05-03 03:06:05";66
"2019-05-03 03:16:05";66
"2019-05-03 03:26:04";66
"2019-05-03 03:36:05";66
"2019-05-03 03:46:05";66
"2019-05-03 03:56:05";68
"2019-05-03 04:06:04";68
"2019-05-03 04:16:05";68
"2019-05-03 04:26:05";62
"2019-05-03 04:36:04";62
"2019-05-03 04:46:04";62
"2019-05-03 04:56:05";66
"2019-05-03 05:06:05";66
"2019-05-03 05:16:05";66
"2019-05-03 05:26:05";65
"2019-05-03 05:36:05";65
"2019-05-03 05:46:06";65
"2019-05-03 05:56:05";64
"2019-05-03 06:06:05";64
"2019-05-03 06:16:05";64
"2019-05-03 06:26:05";63
"2019-05-03 06:36:05";63
"2019-05-03 06:46:05";63
"2019-05-03 06:56:06";64
"2019-05-03 07:06:05";64
"2019-05-03 07:16:05";65
"2019-05-03 07:26:05";65
"2019-05-03 07:36:05";65
"2019-05-03 07:46:07";65
"2019-05-03 07:56:06";64
"2019-05-03 08:06:05";64
"2019-05-03 08:16:05";64
"2019-05-03 08:26:05";62
"2019-05-03 08:36:06";62
"2019-05-03 08:46:05";62
"2019-05-03 08:56:05";63
"2019-05-03 09:06:05";63
"2019-05-03 09:16:05";63
"2019-05-03 09:26:05";64
"2019-05-03 09:36:05";64
"2019-05-03 09:46:05";64
"2019-05-03 09:56:05";64
"2019-05-03 10:06:05";64
"2019-05-03 10:16:05";64
"2019-05-03 10:26:06";61
"2019-05-03 10:36:06";61
"2019-05-03 10:46:05";61
"2019-05-03 10:56:05";62
"2019-05-03 11:06:05";62
"2019-05-03 11:16:05";62
"2019-05-03 11:26:05";61
"2019-05-03 11:36:05";61
"2019-05-03 11:46:05";61
"2019-05-03 11:56:05";62
"2019-05-03 12:06:05";62
"2019-05-03 12:16:05";62
"2019-05-03 12:26:05";58
"2019-05-03 12:36:05";58
"2019-05-03 12:46:05";58
"2019-05-03 12:56:05";63
"2019-05-03 13:06:05";63
"2019-05-03 13:16:05";63
"2019-05-03 13:26:05";65
"2019-05-03 13:36:05";65
"2019-05-03 13:46:05";65
"2019-05-03 13:56:05";62
"2019-05-03 14:06:05";62
"2019-05-03 14:16:06";62
"2019-05-03 14:26:05";63
"2019-05-03 14:36:05";63
"2019-05-03 14:46:05";63
"2019-05-03 14:56:05";60
"2019-05-03 15:06:05";60
"2019-05-03 15:16:06";60
"2019-05-03 15:26:05";58
"2019-05-03 15:36:05";58
"2019-05-03 15:46:05";58
"2019-05-03 15:56:05";58
"2019-05-03 16:06:05";58
"2019-05-03 16:16:06";58
"2019-05-03 16:26:05";60
"2019-05-03 16:36:05";60
"2019-05-03 16:46:05";60
"2019-05-03 16:56:05";57
"2019-05-03 17:06:06";57
"2019-05-03 17:16:05";57
"2019-05-03 17:26:06";60
"2019-05-03 17:36:05";60
"2019-05-03 17:46:05";60
"2019-05-03 17:56:05";59
"2019-05-03 18:06:05";59
"2019-05-03 18:16:06";59
"2019-05-03 18:26:05";58
"2019-05-03 18:36:06";58
"2019-05-03 18:46:05";58
"2019-05-03 18:56:05";61
"2019-05-03 19:06:05";61
"2019-05-03 19:16:06";61
"2019-05-03 19:26:05";59
"2019-05-03 19:36:05";59
"2019-05-03 19:46:06";59
"2019-05-03 19:56:05";60
"2019-05-03 20:06:06";60
"2019-05-03 20:16:05";60
"2019-05-03 20:26:06";59
"2019-05-03 20:36:05";59
"2019-05-03 20:46:06";59
"2019-05-03 20:56:05";61
"2019-05-03 21:06:05";61
"2019-05-03 21:16:07";61
"2019-05-03 21:26:06";62
"2019-05-03 21:36:06";62
"2019-05-03 21:46:05";62
"2019-05-03 21:56:05";62
"2019-05-03 22:06:07";62
"2019-05-03 22:16:08";62
"2019-05-03 22:26:06";62
"2019-05-03 22:36:06";62
"2019-05-03 22:46:06";62
"2019-05-03 22:56:05";61
"2019-05-03 23:06:05";61
"2019-05-03 23:16:05";61
"2019-05-03 23:26:05";61
"2019-05-03 23:36:06";59
"2019-05-03 23:46:06";59
"2019-05-03 23:56:07";60
"2019-05-04 00:06:07";60
"2019-05-04 00:16:06";60
"2019-05-04 00:26:06";59
"2019-05-04 00:36:06";59
"2019-05-04 00:46:05";59
"2019-05-04 02:26:05";60
"2019-05-04 02:36:05";60
"2019-05-04 02:46:06";60
"2019-05-04 02:56:05";60
"2019-05-04 03:06:04";60
"2019-05-04 03:16:05";60
"2019-05-04 03:26:05";62
"2019-05-04 03:36:04";62
"2019-05-04 03:46:05";62
"2019-05-04 03:56:04";60
"2019-05-04 04:06:05";60
"2019-05-04 04:16:04";60
"2019-05-04 04:26:05";59
"2019-05-04 04:36:05";59
"2019-05-04 04:46:05";59
"2019-05-04 04:56:05";60
"2019-05-04 05:06:06";60
"2019-05-04 05:16:05";60
"2019-05-04 05:26:05";60
"2019-05-04 05:36:05";60
"2019-05-04 05:46:05";60
"2019-05-04 05:56:05";59
"2019-05-04 06:06:04";59
"2019-05-04 06:16:05";59
"2019-05-04 06:26:05";62
"2019-05-04 06:36:05";62
"2019-05-04 06:46:05";62
"2019-05-04 06:56:05";59
"2019-05-04 07:06:05";59
"2019-05-04 07:16:05";59
"2019-05-04 07:26:05";60
"2019-05-04 07:36:04";60
"2019-05-04 07:46:05";59
"2019-05-04 07:56:05";59
"2019-05-04 08:06:04";59
"2019-05-04 08:16:05";59
"2019-05-04 08:26:05";59
"2019-05-04 08:36:04";59
"2019-05-04 08:46:05";59
"2019-05-04 08:56:05";59
"2019-05-04 09:06:05";59
"2019-05-04 09:16:05";59
"2019-05-04 09:26:05";59
"2019-05-04 09:36:05";59
"2019-05-04 09:46:05";59
"2019-05-04 09:56:05";59
"2019-05-04 10:06:05";59
"2019-05-04 10:16:05";59
"2019-05-04 10:26:05";60
"2019-05-04 10:36:05";60
"2019-05-04 10:46:05";60
"2019-05-04 10:56:05";57
"2019-05-04 11:06:05";57
"2019-05-04 11:16:05";57
"2019-05-04 11:26:05";56
"2019-05-04 11:36:05";56
"2019-05-04 11:46:05";56
"2019-05-04 11:56:05";58
"2019-05-04 12:06:05";58
"2019-05-04 12:16:05";58
"2019-05-04 12:26:05";61
"2019-05-04 12:36:05";61
"2019-05-04 12:46:05";61
"2019-05-04 12:56:05";57
"2019-05-04 13:06:05";57
"2019-05-04 13:16:05";57
"2019-05-04 13:26:05";59
"2019-05-04 13:36:05";59
"2019-05-04 13:46:06";59
"2019-05-04 13:56:05";58
"2019-05-04 14:06:05";58
"2019-05-04 14:16:06";58
"2019-05-04 14:26:05";60
"2019-05-04 14:36:05";60
"2019-05-04 14:46:06";60
"2019-05-04 14:56:05";56
"2019-05-04 15:06:05";56
"2019-05-04 15:16:05";56
"2019-05-04 15:26:05";55
"2019-05-04 15:36:05";55
"2019-05-04 15:46:06";55
"2019-05-04 15:56:05";55
"2019-05-04 16:06:05";55
"2019-05-04 16:16:06";55
"2019-05-04 16:26:05";55
"2019-05-04 16:36:05";55
"2019-05-04 16:46:05";55
"2019-05-04 16:56:05";56
"2019-05-04 17:06:05";56
"2019-05-04 17:16:05";56
"2019-05-04 17:26:05";58
"2019-05-04 17:36:05";58
"2019-05-04 17:46:05";58
"2019-05-04 17:56:05";56
"2019-05-04 18:06:05";56
"2019-05-04 18:16:06";56
"2019-05-04 18:26:06";58
"2019-05-04 18:36:05";58
"2019-05-04 18:46:05";58
"2019-05-04 18:56:06";57
"2019-05-04 19:06:06";57
"2019-05-04 19:16:06";57
"2019-05-04 19:26:05";57
"2019-05-04 19:36:05";57
"2019-05-04 19:46:07";57
"2019-05-04 19:56:05";59
"2019-05-04 20:06:06";59
"2019-05-04 20:16:05";59
"2019-05-04 20:26:05";58
"2019-05-04 20:36:05";58
"2019-05-04 20:46:06";58
"2019-05-04 20:56:06";55
"2019-05-04 21:06:05";55
"2019-05-04 21:16:06";55
"2019-05-04 21:26:06";58
"2019-05-04 21:36:06";58
"2019-05-04 21:46:06";58
"2019-05-04 21:56:06";57
"2019-05-04 22:06:06";57
"2019-05-04 22:16:07";57
"2019-05-04 22:26:06";58
"2019-05-04 22:36:06";58
"2019-05-04 22:46:06";58
"2019-05-04 22:56:06";59
"2019-05-04 23:06:06";59
"2019-05-04 23:16:06";59
"2019-05-04 23:26:05";58
"2019-05-04 23:36:05";58
"2019-05-04 23:46:06";58
"2019-05-04 23:56:06";58
"2019-05-05 00:06:06";58
"2019-05-05 00:16:06";58
"2019-05-05 00:26:06";58
"2019-05-05 00:36:06";58
"2019-05-05 00:46:07";58
"2019-05-05 00:56:06";59
"2019-05-05 01:06:06";59
"2019-05-05 01:16:05";59
"2019-05-05 01:26:05";57
"2019-05-05 01:36:05";57
"2019-05-05 01:46:06";57
"2019-05-05 01:56:06";59
"2019-05-05 02:06:05";59
"2019-05-05 02:16:05";59
"2019-05-05 02:26:06";57
"2019-05-05 02:36:05";57
"2019-05-05 02:46:06";57
"2019-05-05 02:56:07";58
"2019-05-05 03:06:05";58
"2019-05-05 03:16:06";58
"2019-05-05 03:26:05";57
"2019-05-05 03:36:04";57
"2019-05-05 03:46:05";58
"2019-05-05 03:56:05";58
"2019-05-05 04:06:05";58
"2019-05-05 04:16:05";58
"2019-05-05 04:26:05";57
"2019-05-05 04:36:05";57
"2019-05-05 04:46:05";57
"2019-05-05 04:56:05";57
"2019-05-05 05:06:06";57
"2019-05-05 05:16:05";57
"2019-05-05 05:26:05";58
"2019-05-05 05:36:05";58
"2019-05-05 05:46:05";58
"2019-05-05 05:56:05";58
"2019-05-05 06:06:05";58
"2019-05-05 06:16:05";58
"2019-05-05 06:26:05";56
"2019-05-05 06:36:05";56
"2019-05-05 06:46:06";56
"2019-05-05 06:56:05";56
"2019-05-05 07:06:04";56
"2019-05-05 07:16:05";56
"2019-05-05 07:26:05";56
"2019-05-05 07:36:05";56
"2019-05-05 07:46:05";56
"2019-05-05 07:56:05";54
"2019-05-05 08:06:06";54
"2019-05-05 08:16:05";54
"2019-05-05 08:26:05";57
"2019-05-05 08:36:05";57
"2019-05-05 08:46:06";57
"2019-05-05 08:56:06";55
"2019-05-05 09:06:05";55
"2019-05-05 09:16:05";55
"2019-05-05 09:26:05";54
"2019-05-05 09:36:05";54
"2019-05-05 09:46:05";54
"2019-05-05 09:56:05";54
"2019-05-05 10:06:05";54
"2019-05-05 10:16:05";54
"2019-05-05 10:26:05";53
"2019-05-05 10:36:05";53
"2019-05-05 10:46:06";53
"2019-05-05 10:56:05";55
"2019-05-05 11:06:05";55
"2019-05-05 11:16:06";55
"2019-05-05 11:26:05";51
"2019-05-05 11:36:05";51
"2019-05-05 11:46:05";51
"2019-05-05 11:56:05";53
"2019-05-05 12:06:05";53
"2019-05-05 12:16:05";53
"2019-05-05 12:26:06";52
"2019-05-05 12:36:05";52
"2019-05-05 12:46:06";52
"2019-05-05 12:56:05";53
"2019-05-05 13:06:05";53
"2019-05-05 13:16:05";53
"2019-05-05 13:26:05";54
"2019-05-05 13:36:05";54
"2019-05-05 13:46:05";54
"2019-05-05 13:56:05";54
"2019-05-05 14:06:05";54
"2019-05-05 14:16:05";54
"2019-05-05 14:26:05";54
"2019-05-05 14:36:05";52
"2019-05-05 14:46:05";52
"2019-05-05 14:56:05";52
"2019-05-05 15:06:05";51
"2019-05-05 15:16:06";51
"2019-05-05 15:26:05";52
"2019-05-05 15:36:05";52
"2019-05-05 15:46:05";52
"2019-05-05 15:56:06";50
"2019-05-05 16:06:05";50
"2019-05-05 16:16:05";50
"2019-05-05 16:26:05";52
"2019-05-05 16:36:05";52
"2019-05-05 16:46:06";52
"2019-05-05 16:56:05";50
"2019-05-05 17:06:05";50
"2019-05-05 17:16:05";50
"2019-05-05 17:26:05";50
"2019-05-05 17:36:05";53
"2019-05-05 17:46:05";53
"2019-05-05 17:56:05";52
"2019-05-05 18:06:05";52
"2019-05-05 18:16:05";52
"2019-05-05 18:26:05";52
"2019-05-05 18:36:06";51
"2019-05-05 18:46:05";51
"2019-05-05 18:56:05";51
"2019-05-05 19:06:05";52
"2019-05-05 19:16:05";52
"2019-05-05 19:26:05";50
"2019-05-05 19:36:05";50
"2019-05-05 19:46:05";50
"2019-05-05 19:56:07";51
"2019-05-05 20:06:05";51
"2019-05-05 20:16:06";51
"2019-05-05 20:26:06";50
"2019-05-05 20:36:06";50
"2019-05-05 20:46:06";50
"2019-05-05 20:56:06";50
"2019-05-05 21:06:07";50
"2019-05-05 21:16:06";50
"2019-05-05 21:26:06";52
"2019-05-05 21:36:05";52
"2019-05-05 21:46:06";52
"2019-05-05 21:56:06";50
"2019-05-05 22:06:07";50
"2019-05-05 22:16:06";50
"2019-05-05 22:26:06";50
"2019-05-05 22:36:06";51
"2019-05-05 22:46:06";51
"2019-05-05 22:56:06";51
"2019-05-05 23:06:06";51
"2019-05-05 23:16:06";51
"2019-05-05 23:26:06";51
"2019-05-05 23:36:06";51
"2019-05-05 23:46:07";51
"2019-05-05 23:56:06";50
"2019-05-06 00:06:05";50
"2019-05-06 00:16:06";50
"2019-05-06 00:26:06";49
"2019-05-06 00:36:06";49
"2019-05-06 00:46:07";49
"2019-05-06 00:56:05";51
"2019-05-06 01:06:05";51
"2019-05-06 01:16:06";51
"2019-05-06 01:26:06";50
"2019-05-06 01:36:06";50
"2019-05-06 01:46:05";50
"2019-05-06 01:56:05";50
"2019-05-06 02:06:05";50
"2019-05-06 02:16:05";50
"2019-05-06 02:26:05";48
"2019-05-06 02:36:05";48
"2019-05-06 02:46:06";48
"2019-05-06 02:56:05";51
"2019-05-06 03:06:05";51
"2019-05-06 03:16:06";51
"2019-05-06 03:26:05";51
"2019-05-06 03:36:05";51
"2019-05-06 03:46:05";51
"2019-05-06 03:56:05";49
"2019-05-06 04:06:05";49
"2019-05-06 04:16:05";49
"2019-05-06 04:26:05";49
"2019-05-06 04:36:05";49
"2019-05-06 04:46:05";49
"2019-05-06 04:56:05";50
"2019-05-06 05:06:05";50
"2019-05-06 05:16:05";50
"2019-05-06 05:26:05";49
"2019-05-06 05:36:05";49
"2019-05-06 05:46:05";49
"2019-05-06 05:56:05";48
"2019-05-06 06:06:05";48
"2019-05-06 06:16:05";48
"2019-05-06 06:26:04";50
"2019-05-06 06:36:05";50
"2019-05-06 06:46:05";50
"2019-05-06 06:56:05";51
"2019-05-06 07:06:05";51
"2019-05-06 07:16:06";51
"2019-05-06 07:26:05";48
"2019-05-06 07:36:05";48
"2019-05-06 07:46:05";48
"2019-05-06 07:56:05";48
"2019-05-06 08:06:05";49
"2019-05-06 08:16:05";49
"2019-05-06 08:26:05";49
"2019-05-06 08:36:05";49
"2019-05-06 08:46:06";49
"2019-05-06 08:56:05";49
"2019-05-06 09:06:04";49
"2019-05-06 09:16:05";49
"2019-05-06 09:26:05";50
"2019-05-06 09:36:05";50
"2019-05-06 09:46:05";50
"2019-05-06 09:56:05";52
"2019-05-06 10:06:05";52
"2019-05-06 10:16:04";52
"2019-05-06 10:26:05";52
"2019-05-06 10:36:05";52
"2019-05-06 10:46:05";52
"2019-05-06 10:56:05";52
"2019-05-06 11:06:05";49
"2019-05-06 11:16:05";49
"2019-05-06 11:26:05";47
"2019-05-06 11:36:05";47
"2019-05-06 11:46:05";47
"2019-05-06 11:56:05";48
"2019-05-06 12:06:05";48
"2019-05-06 12:16:05";48
"2019-05-06 12:26:05";48
"2019-05-06 12:36:05";48
"2019-05-06 12:46:05";48
"2019-05-06 12:56:05";48
"2019-05-06 13:06:05";48
"2019-05-06 13:16:05";48
"2019-05-06 13:26:05";46
"2019-05-06 13:36:05";46
"2019-05-06 13:46:06";46
"2019-05-06 13:56:05";46
"2019-05-06 14:06:05";46
"2019-05-06 14:16:05";46
"2019-05-06 14:26:05";48
"2019-05-06 14:36:06";48
"2019-05-06 14:46:06";48
"2019-05-06 14:56:05";46
"2019-05-06 15:06:05";46
"2019-05-06 15:16:06";46
"2019-05-06 15:26:06";47
"2019-05-06 15:36:06";47
"2019-05-06 15:46:06";47
"2019-05-06 15:56:05";47
"2019-05-06 16:06:05";47
"2019-05-06 16:16:06";47
"2019-05-06 16:26:05";45
"2019-05-06 16:36:05";45
"2019-05-06 17:46:05";49
"2019-05-06 17:56:05";48
"2019-05-06 18:06:05";48
"2019-05-06 18:16:06";48
"2019-05-06 18:26:05";48
"2019-05-06 18:36:05";49
"2019-05-06 18:46:05";49
"2019-05-06 18:56:05";49
"2019-05-06 19:06:05";49
"2019-05-06 19:16:05";49
"2019-05-06 19:26:05";51
"2019-05-06 19:36:05";51
"2019-05-06 19:46:05";51
"2019-05-06 19:56:05";49
"2019-05-06 20:06:06";49
"2019-05-06 20:16:06";49
"2019-05-06 20:26:05";48
"2019-05-06 20:36:06";48
"2019-05-06 20:46:06";48
"2019-05-06 20:56:06";48
"2019-05-06 21:06:05";48
"2019-05-06 21:16:07";48
"2019-05-06 21:26:06";48
"2019-05-06 21:36:05";48
"2019-05-06 21:46:05";48
"2019-05-06 21:56:06";48
"2019-05-06 22:06:06";48
"2019-05-06 22:16:07";48
"2019-05-06 22:26:06";49
"2019-05-06 22:36:06";49
"2019-05-06 22:46:06";49
"2019-05-06 22:56:06";49
"2019-05-06 23:06:05";49
"2019-05-06 23:16:05";49
"2019-05-06 23:26:06";49
"2019-05-06 23:36:06";49
"2019-05-06 23:46:06";49
"2019-05-06 23:56:06";50
"2019-05-07 00:06:06";50
"2019-05-07 00:16:10";50
"2019-05-07 00:26:07";50
"2019-05-07 00:36:05";50
"2019-05-07 00:46:06";50
"2019-05-07 00:56:06";50
"2019-05-07 01:06:05";49
"2019-05-07 01:16:06";49
"2019-05-07 01:26:06";49
"2019-05-07 01:36:05";49
"2019-05-07 01:46:05";49
"2019-05-07 01:56:05";50
"2019-05-07 02:06:04";50
"2019-05-07 02:26:05";48
"2019-05-07 02:36:05";48
"2019-05-07 02:46:05";48
"2019-05-07 02:56:05";50
"2019-05-07 03:06:05";50
"2019-05-07 03:16:05";50
"2019-05-07 03:26:04";51
"2019-05-07 03:36:05";51
"2019-05-07 03:46:05";51
"2019-05-07 03:56:05";49
"2019-05-07 04:06:05";49
"2019-05-07 04:16:05";49
"2019-05-07 04:26:05";49
"2019-05-07 04:36:04";48
"2019-05-07 04:46:04";48
"2019-05-07 04:56:05";50
"2019-05-07 05:06:05";50
"2019-05-07 05:16:04";50
"2019-05-07 05:26:05";50
"2019-05-07 05:36:05";50
"2019-05-07 05:46:05";50
"2019-05-07 05:56:05";48
"2019-05-07 06:06:05";48
"2019-05-07 06:16:05";48
"2019-05-07 06:26:05";50
"2019-05-07 06:36:04";50
"2019-05-07 06:46:05";50
"2019-05-07 06:56:05";49
"2019-05-07 07:06:05";49
"2019-05-07 07:16:05";49
"2019-05-07 07:26:05";51
"2019-05-07 07:36:05";51
"2019-05-07 07:46:05";51
"2019-05-07 07:56:05";49
"2019-05-07 08:06:05";49
"2019-05-07 08:16:05";49
"2019-05-07 08:26:05";51
"2019-05-07 08:36:05";51
"2019-05-07 08:46:05";51
"2019-05-07 08:56:05";51
"2019-05-07 09:06:05";51
"2019-05-07 09:16:05";51
"2019-05-07 09:26:05";50
"2019-05-07 09:36:05";50
"2019-05-07 09:46:05";50
"2019-05-07 09:56:05";51
"2019-05-07 10:06:05";51
"2019-05-07 10:16:05";51
"2019-05-07 10:26:05";49
"2019-05-07 10:36:05";49
"2019-05-07 10:46:05";49
"2019-05-07 10:56:05";48
"2019-05-07 11:06:05";48
"2019-05-07 11:16:05";48
"2019-05-07 11:26:05";50
"2019-05-07 11:36:05";50
"2019-05-07 11:46:05";50
"2019-05-07 11:56:05";50
"2019-05-07 12:06:05";47
"2019-05-07 12:16:05";47
"2019-05-07 12:26:05";43
"2019-05-07 12:36:05";43
"2019-05-07 12:46:06";43
"2019-05-07 12:56:05";47
"2019-05-07 13:06:05";47
"2019-05-07 13:16:05";47
"2019-05-07 13:26:05";49
"2019-05-07 13:36:06";49
"2019-05-07 13:46:05";49
"2019-05-07 13:56:05";49
"2019-05-07 14:06:05";49
"2019-05-07 14:16:05";49
"2019-05-07 14:26:05";47
"2019-05-07 14:36:05";47
"2019-05-07 14:46:06";47
"2019-05-07 14:56:05";46
"2019-05-07 15:06:05";46
"2019-05-07 15:16:05";46
"2019-05-07 15:26:05";47
"2019-05-07 15:36:05";47
"2019-05-07 15:46:06";47
"2019-05-07 15:56:05";49
"2019-05-07 16:06:05";49
"2019-05-07 16:16:05";49
"2019-05-07 16:26:05";48
"2019-05-07 16:36:05";48
"2019-05-07 16:46:05";48
"2019-05-07 16:56:05";49
"2019-05-07 17:06:05";49
"2019-05-07 17:16:05";49
"2019-05-07 17:26:05";50
"2019-05-07 17:36:05";50
"2019-05-07 17:46:06";50
"2019-05-07 17:56:05";50
"2019-05-07 18:06:05";49
"2019-05-07 18:16:05";49
"2019-05-07 18:26:05";49
"2019-05-07 18:36:05";49
"2019-05-07 18:46:05";49
"2019-05-07 18:56:05";50
"2019-05-07 19:06:05";50
"2019-05-07 19:16:05";50
"2019-05-07 19:26:06";49
"2019-05-07 19:36:05";49
"2019-05-07 19:46:06";49
"2019-05-07 19:56:05";50
"2019-05-07 20:06:06";50
"2019-05-07 20:16:05";50
"2019-05-07 20:26:05";49
"2019-05-07 20:36:05";49
"2019-05-07 20:46:06";49
"2019-05-07 20:56:05";51
"2019-05-07 21:06:06";51
"2019-05-07 21:16:06";51
"2019-05-07 21:26:06";49
"2019-05-07 21:36:06";49
"2019-05-07 21:46:06";49
"2019-05-07 21:56:05";50
"2019-05-07 22:06:06";50
"2019-05-07 22:16:14";50
"2019-05-07 22:26:06";49
"2019-05-07 22:36:06";49
"2019-05-07 22:46:06";49
"2019-05-07 22:56:06";50
"2019-05-07 23:06:06";50
"2019-05-07 23:16:06";50
"2019-05-07 23:26:05";50
"2019-05-07 23:36:06";50
"2019-05-07 23:46:07";50
"2019-05-07 23:56:06";50
"2019-05-08 00:06:06";49
"2019-05-08 00:16:07";49
"2019-05-08 00:26:06";49
"2019-05-08 00:36:06";49
"2019-05-08 00:46:06";49
"2019-05-08 00:56:06";49
"2019-05-08 01:06:05";49
"2019-05-08 01:16:06";49
"2019-05-08 01:26:06";50
"2019-05-08 01:36:06";50
"2019-05-08 01:46:06";50
"2019-05-08 01:56:05";50
"2019-05-08 02:06:05";50
"2019-05-08 02:16:05";50
"2019-05-08 02:26:05";50
"2019-05-08 02:36:05";50
"2019-05-08 02:46:06";50
"2019-05-08 02:56:06";50
"2019-05-08 03:06:05";50
"2019-05-08 03:16:05";50
"2019-05-08 03:26:05";50
"2019-05-08 03:36:04";50
"2019-05-08 03:46:05";50
"2019-05-08 03:56:06";49
"2019-05-08 04:06:08";49
"2019-05-08 04:16:04";50
"2019-05-08 04:26:05";50
"2019-05-08 04:36:04";50
"2019-05-08 04:46:04";50
"2019-05-08 04:56:05";49
"2019-05-08 05:06:05";49
"2019-05-08 05:16:05";49
"2019-05-08 05:26:05";50
"2019-05-08 05:36:05";50
"2019-05-08 05:46:05";50
"2019-05-08 05:56:05";49
"2019-05-08 06:06:05";49
"2019-05-08 06:16:05";49
"2019-05-08 06:26:05";50
"2019-05-08 06:36:05";50
"2019-05-08 06:46:05";50
"2019-05-08 06:56:06";49
"2019-05-08 07:06:05";49
"2019-05-08 07:16:05";49
"2019-05-08 07:26:05";51
"2019-05-08 07:36:05";51
"2019-05-08 07:46:07";51
"2019-05-08 07:56:05";49
"2019-05-08 08:06:05";49
"2019-05-08 08:16:05";49
"2019-05-08 08:26:05";50
"2019-05-08 08:36:05";50
"2019-05-08 08:46:06";50
"2019-05-08 08:56:05";50
"2019-05-08 09:06:05";50
"2019-05-08 09:16:05";50
"2019-05-08 09:26:05";51
"2019-05-08 09:36:05";51
"2019-05-08 09:46:06";51
"2019-05-08 09:56:05";50
"2019-05-08 10:06:05";50
"2019-05-08 10:16:05";50
"2019-05-08 10:26:05";48
"2019-05-08 10:36:06";48
"2019-05-08 10:46:05";48
"2019-05-08 10:56:05";50
"2019-05-08 11:06:05";50
"2019-05-08 11:16:05";50
"2019-05-08 11:26:05";51
"2019-05-08 11:36:05";51
"2019-05-08 11:46:05";51
"2019-05-08 11:56:05";51
"2019-05-08 12:06:07";51
"2019-05-08 12:16:05";51
"2019-05-08 12:26:05";51
"2019-05-08 12:36:05";51
"2019-05-08 12:46:05";51
"2019-05-08 12:56:05";51
"2019-05-08 13:06:05";51
"2019-05-08 13:16:05";51
"2019-05-08 13:26:05";50
"2019-05-08 13:36:05";50
"2019-05-08 13:46:05";50
"2019-05-08 13:56:05";51
"2019-05-08 14:06:05";51
"2019-05-08 14:16:06";51
"2019-05-08 14:26:05";51
"2019-05-08 14:36:05";51
"2019-05-08 14:46:06";51
"2019-05-08 14:56:05";49
"2019-05-08 15:06:05";49
"2019-05-08 15:16:06";49
"2019-05-08 15:26:05";52
"2019-05-08 15:36:05";52
"2019-05-08 15:46:06";52
"2019-05-08 15:56:05";52
"2019-05-08 16:06:05";52
"2019-05-08 16:16:05";52
"2019-05-08 16:26:06";51
"2019-05-08 16:36:06";51
"2019-05-08 16:46:06";51
"2019-05-08 16:56:05";51
"2019-05-08 17:06:05";51
"2019-05-08 17:16:05";51
"2019-05-08 17:26:07";50
"2019-05-08 17:36:06";50
"2019-05-08 17:46:06";50
"2019-05-08 17:56:06";53
"2019-05-08 18:06:05";53
"2019-05-08 18:16:06";53
"2019-05-08 18:26:05";52
"2019-05-08 18:36:06";52
"2019-05-08 18:46:06";52
"2019-05-08 18:56:05";53
"2019-05-08 19:06:05";53
"2019-05-08 19:16:06";53
"2019-05-08 19:26:05";52
"2019-05-08 19:36:05";52
"2019-05-08 19:46:05";52
"2019-05-08 19:56:05";50
"2019-05-08 20:06:06";50
"2019-05-08 20:16:06";50
"2019-05-08 20:26:05";48
"2019-05-08 20:36:05";48
"2019-05-08 20:46:06";48
"2019-05-08 20:56:05";48
"2019-05-08 21:06:05";51
"2019-05-08 21:16:06";51
"2019-05-08 21:26:06";51
"2019-05-08 21:36:08";51
"2019-05-08 21:46:06";51
"2019-05-08 21:56:06";51
"2019-05-08 22:06:06";51
"2019-05-08 22:16:07";51
"2019-05-08 22:26:06";51
"2019-05-08 22:36:06";51
"2019-05-08 22:46:06";51
"2019-05-08 22:56:05";53
"2019-05-08 23:06:06";53
"2019-05-08 23:16:05";53
"2019-05-08 23:26:05";53
"2019-05-08 23:36:09";51
"2019-05-08 23:46:06";51
"2019-05-08 23:56:06";51
"2019-05-09 00:06:07";52
"2019-05-09 00:16:07";52
"2019-05-09 00:26:06";52
"2019-05-09 00:36:06";52
"2019-05-09 00:46:06";52
"2019-05-09 00:56:07";52
"2019-05-09 01:06:06";49
"2019-05-09 01:16:06";49
"2019-05-09 01:26:06";51
"2019-05-09 01:36:06";51
"2019-05-09 01:46:05";51
"2019-05-09 01:56:06";51
"2019-05-09 02:06:05";51
"2019-05-09 02:16:05";51
"2019-05-09 02:26:06";53
"2019-05-09 02:36:05";53
"2019-05-09 02:46:05";53
"2019-05-09 02:56:06";51
"2019-05-09 03:06:05";51
"2019-05-09 03:16:05";51
"2019-05-09 03:26:04";51
"2019-05-09 03:36:04";51
"2019-05-09 03:46:05";51
"2019-05-09 03:56:05";50
"2019-05-09 04:06:05";50
"2019-05-09 04:16:05";50
"2019-05-09 04:26:05";48
"2019-05-09 04:36:05";48
"2019-05-09 04:46:05";48
"2019-05-09 04:56:05";49
"2019-05-09 05:06:05";49
"2019-05-09 05:16:05";49
"2019-05-09 05:26:05";49
"2019-05-09 05:36:05";49
"2019-05-09 05:46:05";49
"2019-05-09 05:56:05";50
"2019-05-09 06:06:05";50
"2019-05-09 06:16:05";50
"2019-05-09 06:26:04";51
"2019-05-09 06:36:05";51
"2019-05-09 06:46:05";51
"2019-05-09 06:56:05";49
"2019-05-09 07:06:05";49
"2019-05-09 07:16:05";49
"2019-05-09 07:26:05";49
"2019-05-09 07:36:05";49
"2019-05-09 07:46:05";49
"2019-05-09 07:56:05";49
"2019-05-09 08:06:05";48
"2019-05-09 08:16:05";48
"2019-05-09 08:26:05";51
"2019-05-09 08:36:05";51
"2019-05-09 08:46:05";51
"2019-05-09 08:56:05";50
"2019-05-09 09:06:05";50
"2019-05-09 09:16:05";50
"2019-05-09 09:26:05";48
"2019-05-09 09:36:05";48
"2019-05-09 09:46:06";48
"2019-05-09 09:56:05";48
"2019-05-09 10:06:05";48
"2019-05-09 10:16:05";48
"2019-05-09 10:26:07";48
"2019-05-09 10:36:07";48
"2019-05-09 10:46:05";48
"2019-05-09 10:56:05";47
"2019-05-09 11:06:05";47
"2019-05-09 11:16:05";47
"2019-05-09 11:26:05";46
"2019-05-09 11:36:06";46
"2019-05-09 11:46:06";46
"2019-05-09 11:56:05";46
"2019-05-09 12:06:08";46
"2019-05-09 12:16:05";46
"2019-05-09 12:26:06";45
"2019-05-09 12:36:09";45
"2019-05-09 12:46:06";45
"2019-05-09 12:56:05";47
"2019-05-09 13:06:05";47
"2019-05-09 13:16:05";47
"2019-05-09 13:26:05";45
"2019-05-09 13:36:05";45
"2019-05-09 13:46:06";45
"2019-05-09 13:56:06";49
"2019-05-09 14:06:05";49
"2019-05-09 14:16:06";49
"2019-05-09 14:26:06";47
"2019-05-09 14:36:05";47
"2019-05-09 14:46:05";47
"2019-05-09 14:56:05";47
"2019-05-09 15:06:05";48
"2019-05-09 15:16:05";48
"2019-05-09 15:26:06";47
"2019-05-09 15:36:05";47
"2019-05-09 15:46:05";47
"2019-05-09 15:56:05";47
"2019-05-09 16:06:05";47
"2019-05-09 16:16:05";47
"2019-05-09 16:26:06";48
"2019-05-09 16:36:05";48
"2019-05-09 16:46:05";48
"2019-05-09 16:56:05";48
"2019-05-09 17:06:06";48
"2019-05-09 17:16:05";48
"2019-05-09 17:26:05";50
"2019-05-09 17:36:05";50
"2019-05-09 17:46:06";50
"2019-05-09 17:56:05";51
"2019-05-09 18:06:05";51
"2019-05-09 18:16:05";51
"2019-05-09 18:26:06";50
"2019-05-09 18:36:05";50
"2019-05-09 18:46:05";50
"2019-05-09 18:56:05";50
"2019-05-09 19:06:05";50
"2019-05-09 19:16:05";50
"2019-05-09 19:26:05";50
"2019-05-09 19:36:05";50
"2019-05-09 19:46:06";50
"2019-05-09 19:56:06";47
"2019-05-09 20:06:05";47
"2019-05-09 20:16:05";47
"2019-05-09 20:26:05";50
"2019-05-09 20:36:06";50
"2019-05-09 20:46:06";50
"2019-05-09 20:56:05";50
"2019-05-09 21:06:06";50
"2019-05-09 21:16:06";50
"2019-05-09 21:26:06";49
"2019-05-09 21:36:05";49
"2019-05-09 21:46:06";49
"2019-05-09 21:56:05";50
"2019-05-09 22:06:07";50
"2019-05-09 22:16:07";50
"2019-05-09 22:26:07";49
"2019-05-09 22:36:05";49
"2019-05-09 22:46:06";49
"2019-05-09 22:56:05";50
"2019-05-09 23:06:06";50
"2019-05-09 23:16:06";50
"2019-05-09 23:26:06";51
"2019-05-09 23:36:06";51
"2019-05-09 23:46:07";51
"2019-05-09 23:56:06";51
"2019-05-10 00:06:06";51
"2019-05-10 00:16:06";51
"2019-05-10 00:26:06";50
"2019-05-10 00:36:05";50
"2019-05-10 00:46:07";50
"2019-05-10 00:56:06";49
"2019-05-10 01:06:07";49
"2019-05-10 01:16:06";49
"2019-05-10 01:26:06";51
"2019-05-10 01:36:06";51
"2019-05-10 01:46:06";51
"2019-05-10 01:56:06";51
"2019-05-10 02:06:05";51
"2019-05-10 02:16:05";51
"2019-05-10 02:26:05";50
"2019-05-10 02:36:05";50
"2019-05-10 02:46:05";50
"2019-05-10 02:56:05";50
"2019-05-10 03:06:05";50
"2019-05-10 03:16:05";50
"2019-05-10 03:26:05";49
"2019-05-10 03:36:05";49
"2019-05-10 03:46:07";49
"2019-05-10 03:56:05";50
"2019-05-10 04:06:05";50
"2019-05-10 04:16:05";50
"2019-05-10 04:26:05";50
"2019-05-10 04:36:04";50
"2019-05-10 04:46:05";50
"2019-05-10 04:56:05";50
"2019-05-10 05:06:05";50
"2019-05-10 05:16:05";50
"2019-05-10 05:26:05";50
"2019-05-10 05:36:05";50
"2019-05-10 05:46:06";50
"2019-05-10 05:56:05";51
"2019-05-10 06:06:05";51
"2019-05-10 06:16:05";51
"2019-05-10 06:26:05";50
"2019-05-10 06:36:05";50
"2019-05-10 06:46:05";50
"2019-05-10 06:56:05";50
"2019-05-10 07:06:05";50
"2019-05-10 07:16:05";50
"2019-05-10 07:26:06";47
"2019-05-10 07:36:05";47
"2019-05-10 07:46:06";47
"2019-05-10 07:56:05";50
"2019-05-10 08:06:05";50
"2019-05-10 08:16:05";50
"2019-05-10 08:26:05";48
"2019-05-10 08:36:06";48
"2019-05-10 08:46:06";48
"2019-05-10 08:56:05";50
"2019-05-10 09:06:05";50
"2019-05-10 09:16:05";50
"2019-05-10 09:26:05";49
"2019-05-10 09:36:05";49
"2019-05-10 09:46:06";49
"2019-05-10 09:56:05";52
"2019-05-10 10:06:06";52
"2019-05-10 10:16:05";52
"2019-05-10 10:26:05";53
"2019-05-10 10:36:05";53
"2019-05-10 10:46:05";53
"2019-05-10 10:56:06";51
"2019-05-10 11:06:05";51
"2019-05-10 11:16:05";51
"2019-05-10 11:26:05";47
"2019-05-10 11:36:05";47
"2019-05-10 11:46:05";47
"2019-05-10 11:56:05";47
"2019-05-10 12:06:05";47
"2019-05-10 12:16:05";47
"2019-05-10 12:26:05";48
"2019-05-10 12:36:05";48
"2019-05-10 12:46:05";48
"2019-05-10 12:56:05";51
"2019-05-10 13:06:05";51
"2019-05-10 13:16:05";51
"2019-05-10 13:26:05";49
"2019-05-10 13:36:05";49
"2019-05-10 13:46:06";49
"2019-05-10 13:56:05";49
"2019-05-10 14:06:05";49
"2019-05-10 14:16:05";49
"2019-05-10 14:26:05";50
"2019-05-10 14:36:05";50
"2019-05-10 14:46:05";50
"2019-05-10 14:56:05";48
"2019-05-10 15:06:05";48
"2019-05-10 15:16:05";48
"2019-05-10 15:26:05";49
"2019-05-10 15:36:05";49
"2019-05-10 15:46:05";49
"2019-05-10 15:56:05";49
"2019-05-10 16:06:05";48
"2019-05-10 16:16:05";48
"2019-05-10 16:26:05";49
"2019-05-10 16:36:05";49
"2019-05-10 16:46:06";49
"2019-05-10 16:56:05";48
"2019-05-10 17:06:05";48
"2019-05-10 17:16:05";48
"2019-05-10 17:26:05";48
"2019-05-10 17:36:05";48
"2019-05-10 17:46:05";48
"2019-05-10 17:56:05";48
"2019-05-10 18:06:05";48
"2019-05-10 18:16:05";48
"2019-05-10 18:26:05";48
"2019-05-10 18:36:06";49
"2019-05-10 18:46:06";49
"2019-05-10 18:56:05";49
"2019-05-10 19:06:05";49
"2019-05-10 19:16:05";49
"2019-05-10 19:26:06";48
"2019-05-10 19:36:06";48
"2019-05-10 19:46:05";48
"2019-05-10 19:56:05";47
"2019-05-10 20:06:05";47
"2019-05-10 20:16:06";47
"2019-05-10 20:26:05";51
"2019-05-10 20:36:05";51
"2019-05-10 20:46:06";51
"2019-05-10 20:56:05";49
"2019-05-10 21:06:06";49
"2019-05-10 21:16:06";49
"2019-05-10 21:26:06";51
"2019-05-10 21:36:06";51
"2019-05-10 21:46:06";51
"2019-05-10 21:56:06";52
"2019-05-10 22:06:06";52
"2019-05-10 22:16:07";52
"2019-05-10 22:26:06";53
"2019-05-10 22:36:06";53
"2019-05-10 22:46:06";53
"2019-05-10 22:56:06";53
"2019-05-10 23:06:05";53
"2019-05-10 23:16:06";53
"2019-05-10 23:26:06";53
"2019-05-10 23:36:05";52
"2019-05-10 23:46:07";52
"2019-05-10 23:56:06";54
"2019-05-11 00:06:06";54
"2019-05-11 00:16:06";54
"2019-05-11 00:26:06";54
"2019-05-11 00:36:05";54
"2019-05-11 00:46:07";54
"2019-05-11 02:16:05";53
"2019-05-11 02:26:05";54
"2019-05-11 02:36:05";54
"2019-05-11 02:46:05";54
"2019-05-11 02:56:05";56
"2019-05-11 03:06:05";56
"2019-05-11 03:16:07";56
"2019-05-11 03:26:05";55
"2019-05-11 03:36:04";55
"2019-05-11 03:46:05";55
"2019-05-11 03:56:05";54
"2019-05-11 04:06:05";54
"2019-05-11 04:16:04";54
"2019-05-11 04:26:05";55
"2019-05-11 04:36:04";55
"2019-05-11 04:46:05";55
"2019-05-11 04:56:06";55
"2019-05-11 05:06:05";55
"2019-05-11 05:16:05";55
"2019-05-11 05:26:05";54
"2019-05-11 05:36:05";54
"2019-05-11 05:46:05";54
"2019-05-11 05:56:05";55
"2019-05-11 06:06:05";55
"2019-05-11 06:16:05";55
"2019-05-11 06:26:05";54
"2019-05-11 06:36:05";54
"2019-05-11 06:46:05";54
"2019-05-11 06:56:05";55
"2019-05-11 07:06:05";55
"2019-05-11 07:16:05";55
"2019-05-11 07:26:05";55
"2019-05-11 07:36:05";55
"2019-05-11 07:46:06";55
"2019-05-11 07:56:05";54
"2019-05-11 08:06:05";54
"2019-05-11 08:16:05";54
"2019-05-11 08:26:05";57
"2019-05-11 08:36:05";57
"2019-05-11 08:46:05";57
"2019-05-11 08:56:05";54
"2019-05-11 09:06:05";54
"2019-05-11 09:16:05";54
"2019-05-11 09:26:05";54
"2019-05-11 09:36:07";54
"2019-05-11 09:46:05";54
"2019-05-11 09:56:05";51
"2019-05-11 10:06:05";51
"2019-05-11 10:16:05";51
"2019-05-11 10:26:05";53
"2019-05-11 10:36:05";53
"2019-05-11 10:46:05";53
"2019-05-11 10:56:05";55
"2019-05-11 11:06:05";55
"2019-05-11 11:16:05";55
"2019-05-11 11:26:05";53
"2019-05-11 11:36:04";53
"2019-05-11 11:46:05";53
"2019-05-11 11:56:05";54
"2019-05-11 12:06:05";54
"2019-05-11 12:16:05";54
"2019-05-11 12:26:05";53
"2019-05-11 12:36:06";53
"2019-05-11 12:46:05";53
"2019-05-11 12:56:05";53
"2019-05-11 13:06:05";53
"2019-05-11 13:16:06";53
"2019-05-11 13:26:05";52
"2019-05-11 13:36:05";52
"2019-05-11 13:46:05";52
"2019-05-11 13:56:05";52
"2019-05-11 14:06:05";52
"2019-05-11 14:16:05";52
"2019-05-11 14:26:05";54
"2019-05-11 14:36:05";54
"2019-05-11 14:46:05";54
"2019-05-11 14:56:05";54
"2019-05-11 15:06:05";54
"2019-05-11 15:16:05";54
"2019-05-11 15:26:05";53
"2019-05-11 15:36:06";53
"2019-05-11 15:46:05";53
"2019-05-11 15:56:05";53
"2019-05-11 16:06:05";53
"2019-05-11 16:16:06";53
"2019-05-11 16:26:05";54
"2019-05-11 16:36:05";54
"2019-05-11 16:46:05";54
"2019-05-11 16:56:05";55
"2019-05-11 17:06:05";55
"2019-05-11 17:16:05";55
"2019-05-11 17:26:05";55
"2019-05-11 17:36:05";55
"2019-05-11 17:46:06";55
"2019-05-11 17:56:05";54
"2019-05-11 18:06:06";54
"2019-05-11 18:16:05";54
"2019-05-11 18:26:05";57
"2019-05-11 18:36:06";57
"2019-05-11 18:46:05";57
"2019-05-11 18:56:05";57
"2019-05-11 19:06:05";57
"2019-05-11 19:16:05";57
"2019-05-11 19:26:05";56
"2019-05-11 19:36:05";56
"2019-05-11 19:46:06";56
"2019-05-11 19:56:06";59
"2019-05-11 20:06:05";59
"2019-05-11 20:16:06";59
"2019-05-11 20:26:06";58
"2019-05-11 20:36:05";58
"2019-05-11 20:46:06";58
"2019-05-11 20:56:05";59
"2019-05-11 21:06:05";59
"2019-05-11 21:16:07";59
"2019-05-11 21:26:06";59
"2019-05-11 21:36:05";59
"2019-05-11 21:46:06";59
"2019-05-11 21:56:06";58
"2019-05-11 22:06:07";58
"2019-05-11 22:16:06";58
"2019-05-11 22:26:06";62
"2019-05-11 22:36:06";62
"2019-05-11 22:46:06";62
"2019-05-11 22:56:05";61
"2019-05-11 23:06:06";61
"2019-05-11 23:16:06";61
"2019-05-11 23:26:05";62
"2019-05-11 23:36:05";62
"2019-05-11 23:46:07";62
"2019-05-11 23:56:06";61
"2019-05-12 00:06:06";61
"2019-05-12 00:16:06";61
"2019-05-12 00:26:06";63
"2019-05-12 00:36:05";63
"2019-05-12 00:46:06";63
"2019-05-12 00:56:06";62
"2019-05-12 01:06:06";62
"2019-05-12 01:16:06";62
"2019-05-12 01:26:06";62
"2019-05-12 01:36:05";62
"2019-05-12 01:46:06";62
"2019-05-12 01:56:05";62
"2019-05-12 02:06:05";62
"2019-05-12 02:16:05";62
"2019-05-12 02:26:05";60
"2019-05-12 02:36:05";60
"2019-05-12 02:46:05";60
"2019-05-12 02:56:07";63
"2019-05-12 03:06:05";63
"2019-05-12 03:16:06";63
"2019-05-12 03:26:05";59
"2019-05-12 03:36:05";59
"2019-05-12 03:46:05";59
"2019-05-12 03:56:05";62
"2019-05-12 04:06:04";62
"2019-05-12 04:16:04";62
"2019-05-12 04:26:05";61
"2019-05-12 04:36:05";61
"2019-05-12 04:46:04";61
"2019-05-12 04:56:07";62
"2019-05-12 05:06:05";62
"2019-05-12 05:16:05";62
"2019-05-12 05:26:05";59
"2019-05-12 05:36:05";59
"2019-05-12 05:46:05";59
"2019-05-12 05:56:05";58
"2019-05-12 06:06:05";58
"2019-05-12 06:16:05";58
"2019-05-12 06:26:05";58
"2019-05-12 06:36:05";58
"2019-05-12 06:46:05";58
"2019-05-12 06:56:05";58
"2019-05-12 07:06:05";58
"2019-05-12 07:16:05";58
"2019-05-12 07:26:05";60
"2019-05-12 07:36:04";60
"2019-05-12 07:46:06";60
"2019-05-12 07:56:05";58
"2019-05-12 08:06:05";58
"2019-05-12 08:16:05";58
"2019-05-12 08:26:05";59
"2019-05-12 08:36:04";59
"2019-05-12 08:46:06";59
"2019-05-12 08:56:06";58
"2019-05-12 09:06:05";58
"2019-05-12 09:16:05";58
"2019-05-12 09:26:05";57
"2019-05-12 09:36:05";57
"2019-05-12 09:46:05";57
"2019-05-12 09:56:05";59
"2019-05-12 10:06:05";59
"2019-05-12 10:16:05";59
"2019-05-12 10:26:05";58
"2019-05-12 10:36:05";58
"2019-05-12 10:46:05";58
"2019-05-12 10:56:05";56
"2019-05-12 11:06:05";56
"2019-05-12 11:16:05";56
"2019-05-12 11:26:05";55
"2019-05-12 11:36:05";55
"2019-05-12 11:46:05";55
"2019-05-12 11:56:05";56
"2019-05-12 12:06:05";56
"2019-05-12 12:16:06";56
"2019-05-12 12:26:06";54
"2019-05-12 12:36:05";54
"2019-05-12 12:46:05";54
"2019-05-12 12:56:05";51
"2019-05-12 13:06:05";51
"2019-05-12 13:16:05";51
"2019-05-12 13:26:05";54
"2019-05-12 13:36:05";54
"2019-05-12 13:46:07";54
"2019-05-12 13:56:05";54
"2019-05-12 14:06:05";54
"2019-05-12 14:16:05";54
"2019-05-12 14:26:05";55
"2019-05-12 14:36:05";55
"2019-05-12 14:46:05";55
"2019-05-12 14:56:05";55
"2019-05-12 15:06:05";55
"2019-05-12 15:16:05";55
"2019-05-12 15:26:05";51
"2019-05-12 15:36:05";51
"2019-05-12 15:46:05";51
"2019-05-12 15:56:05";55
"2019-05-12 16:06:05";55
"2019-05-12 16:16:06";55
"2019-05-12 16:26:06";52
"2019-05-12 16:36:05";52
"2019-05-12 16:46:06";52
"2019-05-12 16:56:05";53
"2019-05-12 17:06:05";53
"2019-05-12 17:16:05";53
"2019-05-12 17:26:05";53
"2019-05-12 17:36:05";53
"2019-05-12 17:46:06";53
"2019-05-12 17:56:05";54
"2019-05-12 18:06:06";54
"2019-05-12 18:16:05";54
"2019-05-12 18:26:06";56
"2019-05-12 18:36:06";56
"2019-05-12 18:46:06";56
"2019-05-12 18:56:05";53
"2019-05-12 19:06:06";53
"2019-05-12 19:16:05";53
"2019-05-12 19:26:05";53
"2019-05-12 19:36:05";53
"2019-05-12 19:46:05";53
"2019-05-12 19:56:05";52
"2019-05-12 20:06:05";52
"2019-05-12 20:16:06";52
"2019-05-12 20:26:05";51
"2019-05-12 20:36:06";51
"2019-05-12 20:46:05";51
"2019-05-12 20:56:05";54
"2019-05-12 21:06:06";54
"2019-05-12 21:16:06";54
"2019-05-12 21:26:05";54
"2019-05-12 21:36:05";54
"2019-05-12 21:46:06";54
"2019-05-12 21:56:06";55
"2019-05-12 22:06:07";55
"2019-05-12 22:16:06";55
"2019-05-12 22:26:06";54
"2019-05-12 22:36:06";54
"2019-05-12 22:46:06";54
"2019-05-12 22:56:05";53
"2019-05-12 23:06:06";53
"2019-05-12 23:16:06";53
"2019-05-12 23:26:06";53
"2019-05-12 23:36:06";53
"2019-05-12 23:46:07";53
"2019-05-12 23:56:06";55
"2019-05-13 00:06:06";55
"2019-05-13 00:16:06";55
"2019-05-13 00:26:05";55
"2019-05-13 00:36:06";55
"2019-05-13 00:46:06";55
"2019-05-13 00:56:06";54
"2019-05-13 01:06:05";54
"2019-05-13 01:16:06";54
"2019-05-13 01:26:06";54
"2019-05-13 01:36:06";55
"2019-05-13 01:46:06";55
"2019-05-13 01:56:05";56
"2019-05-13 02:06:05";56
"2019-05-13 02:16:06";56
"2019-05-13 02:26:05";55
"2019-05-13 02:36:05";55
"2019-05-13 02:46:06";55
"2019-05-13 02:56:05";55
"2019-05-13 03:06:05";55
"2019-05-13 03:16:05";55
"2019-05-13 03:26:04";54
"2019-05-13 03:36:05";54
"2019-05-13 03:46:05";54
"2019-05-13 03:56:05";55
"2019-05-13 04:06:05";55
"2019-05-13 04:16:04";55
"2019-05-13 04:26:04";53
"2019-05-13 04:36:04";53
"2019-05-13 04:46:05";53
"2019-05-13 04:56:04";55
"2019-05-13 05:06:06";55
"2019-05-13 05:16:05";55
"2019-05-13 05:26:05";53
"2019-05-13 05:36:05";53
"2019-05-13 05:46:05";53
"2019-05-13 05:56:05";55
"2019-05-13 06:06:05";55
"2019-05-13 06:16:05";55
"2019-05-13 06:26:05";54
"2019-05-13 06:36:04";54
"2019-05-13 06:46:06";54
"2019-05-13 06:56:05";52
"2019-05-13 07:06:05";52
"2019-05-13 07:16:05";52
"2019-05-13 07:26:05";53
"2019-05-13 07:36:05";53
"2019-05-13 07:46:05";53
"2019-05-13 07:56:06";56
"2019-05-13 08:06:05";56
"2019-05-13 08:16:05";56
"2019-05-13 08:26:05";53
"2019-05-13 08:36:05";53
"2019-05-13 08:46:05";53
"2019-05-13 08:56:05";54
"2019-05-13 09:06:05";54
"2019-05-13 09:16:05";54
"2019-05-13 09:26:05";54
"2019-05-13 09:36:05";54
"2019-05-13 09:46:06";54
"2019-05-13 09:56:05";53
"2019-05-13 10:06:05";53
"2019-05-13 10:16:05";53
"2019-05-13 10:26:05";53
"2019-05-13 10:36:05";53
"2019-05-13 10:46:05";53
"2019-05-13 10:56:05";51
"2019-05-13 11:06:05";51
"2019-05-13 11:16:05";51
"2019-05-13 11:26:05";50
"2019-05-13 11:36:05";50
"2019-05-13 11:46:06";50
"2019-05-13 11:56:05";50
"2019-05-13 12:06:05";51
"2019-05-13 12:16:06";51
"2019-05-13 12:26:05";50
"2019-05-13 12:36:06";50
"2019-05-13 12:46:05";50
"2019-05-13 12:56:05";50
"2019-05-13 13:06:05";50
"2019-05-13 13:16:05";50
"2019-05-13 13:26:05";52
"2019-05-13 13:36:05";52
"2019-05-13 13:46:05";52
"2019-05-13 13:56:05";51
"2019-05-13 14:06:06";51
"2019-05-13 14:16:05";51
"2019-05-13 14:26:05";51
"2019-05-13 14:36:06";51
"2019-05-13 14:46:05";51
"2019-05-13 14:56:05";49
"2019-05-13 15:06:05";49
"2019-05-13 15:16:05";49
"2019-05-13 15:26:05";50
"2019-05-13 15:36:05";50
"2019-05-13 15:46:05";50
"2019-05-13 15:56:06";51
"2019-05-13 16:06:05";51
"2019-05-13 16:16:05";51
"2019-05-13 16:26:05";51
"2019-05-13 16:36:05";51
"2019-05-13 16:46:05";51
"2019-05-13 16:56:05";50
"2019-05-13 17:06:05";50
"2019-05-13 17:16:05";50
"2019-05-13 17:26:05";53
"2019-05-13 17:36:05";53
"2019-05-13 17:46:05";53
"2019-05-13 17:56:05";52
"2019-05-13 18:06:05";52
"2019-05-13 18:16:05";52
"2019-05-13 18:26:05";53
"2019-05-13 18:36:05";53
"2019-05-13 18:46:05";53
"2019-05-13 18:56:05";55
"2019-05-13 19:06:05";55
"2019-05-13 19:16:05";55
"2019-05-13 19:26:05";55
"2019-05-13 19:36:05";55
"2019-05-13 19:46:05";55
"2019-05-13 19:56:05";57
"2019-05-13 20:06:05";57
"2019-05-13 20:16:05";57
"2019-05-13 20:26:05";56
"2019-05-13 20:36:06";56
"2019-05-13 20:46:05";56
"2019-05-13 20:56:06";56
"2019-05-13 21:06:05";56
"2019-05-13 21:16:06";56
"2019-05-13 21:26:06";57
"2019-05-13 21:36:05";57
"2019-05-13 21:46:06";57
"2019-05-13 21:56:05";57
"2019-05-13 22:06:06";57
"2019-05-13 22:16:11";57
"2019-05-13 22:26:06";59
"2019-05-13 22:36:06";59
"2019-05-13 22:46:08";59
"2019-05-13 22:56:06";58
"2019-05-13 23:06:05";58
"2019-05-13 23:16:05";58
"2019-05-13 23:26:05";60
"2019-05-13 23:36:05";60
"2019-05-13 23:46:06";60
"2019-05-13 23:56:06";61
"2019-05-14 00:06:06";61
"2019-05-14 00:16:08";61
"2019-05-14 00:26:05";61
"2019-05-14 00:36:06";61
"2019-05-14 00:46:06";61
"2019-05-14 00:56:07";61
"2019-05-14 01:06:06";62
"2019-05-14 01:16:05";62
"2019-05-14 01:26:06";62
"2019-05-14 01:36:06";63
"2019-05-14 01:46:05";63
"2019-05-14 01:56:05";61
"2019-05-14 02:16:05";61
"2019-05-14 02:26:05";63
"2019-05-14 02:36:05";63
"2019-05-14 02:46:05";63
"2019-05-14 02:56:06";63
"2019-05-14 03:06:05";63
"2019-05-14 03:16:05";63
"2019-05-14 03:26:05";62
"2019-05-14 03:36:05";62
"2019-05-14 03:46:05";62
"2019-05-14 03:56:05";60
"2019-05-14 04:06:04";60
"2019-05-14 04:16:04";60
"2019-05-14 04:26:04";64
"2019-05-14 04:36:05";64
"2019-05-14 04:46:04";64
"2019-05-14 04:56:05";63
"2019-05-14 05:06:06";63
"2019-05-14 05:16:05";63
"2019-05-14 05:26:05";63
"2019-05-14 05:36:05";63
"2019-05-14 05:46:05";63
"2019-05-14 05:56:05";59
"2019-05-14 06:06:05";59
"2019-05-14 06:16:05";59
"2019-05-14 06:26:05";60
"2019-05-14 06:36:05";60
"2019-05-14 06:46:05";60
"2019-05-14 06:56:05";60
"2019-05-14 07:06:05";60
"2019-05-14 07:16:05";60
"2019-05-14 07:26:05";61
"2019-05-14 07:36:05";61
"2019-05-14 07:46:05";61
"2019-05-14 07:56:05";61
"2019-05-14 08:06:05";58
"2019-05-14 08:16:05";58
"2019-05-14 08:26:05";59
"2019-05-14 08:36:05";59
"2019-05-14 08:46:05";59
"2019-05-14 08:56:05";62
"2019-05-14 09:06:05";62
"2019-05-14 09:16:05";62
"2019-05-14 09:26:05";62
"2019-05-14 09:36:05";62
"2019-05-14 09:46:05";62
"2019-05-14 09:56:05";63
"2019-05-14 10:06:05";63
"2019-05-14 10:16:05";63
"2019-05-14 10:26:05";59
"2019-05-14 10:36:05";59
"2019-05-14 10:46:06";59
"2019-05-14 10:56:05";57
"2019-05-14 11:06:05";57
"2019-05-14 11:16:05";57
"2019-05-14 11:26:05";56
"2019-05-14 11:36:06";56
"2019-05-14 11:46:05";56
"2019-05-14 11:56:05";57
"2019-05-14 12:06:05";57
"2019-05-14 12:16:05";58
"2019-05-14 12:26:05";58
"2019-05-14 12:36:05";58
"2019-05-14 12:46:06";58
"2019-05-14 12:56:06";58
"2019-05-14 13:06:07";58
"2019-05-14 13:16:05";57
"2019-05-14 13:26:05";57
"2019-05-14 13:36:05";57
"2019-05-14 13:46:05";57
"2019-05-14 13:56:05";57
"2019-05-14 14:06:05";57
"2019-05-14 14:16:05";57
"2019-05-14 14:26:05";57
"2019-05-14 14:36:05";57
"2019-05-14 14:46:05";57
"2019-05-14 14:56:05";58
"2019-05-14 15:06:05";58
"2019-05-14 15:16:05";58
"2019-05-14 15:26:05";55
"2019-05-14 15:36:05";55
"2019-05-14 15:46:06";55
"2019-05-14 15:56:05";55
"2019-05-14 16:06:05";55
"2019-05-14 16:16:05";55
"2019-05-14 16:26:06";58
"2019-05-14 16:36:05";58
"2019-05-14 16:46:05";58
"2019-05-14 16:56:05";57
"2019-05-14 17:06:05";57
"2019-05-14 17:16:05";57
"2019-05-14 17:26:05";56
"2019-05-14 17:36:06";56
"2019-05-14 17:46:06";56
"2019-05-14 17:56:05";58
"2019-05-14 18:06:05";58
"2019-05-14 18:16:05";58
"2019-05-14 18:26:05";59
"2019-05-14 18:36:05";59
"2019-05-14 18:46:05";59
"2019-05-14 18:56:05";60
"2019-05-14 19:06:05";60
"2019-05-14 19:16:05";60
"2019-05-14 19:26:05";60
"2019-05-14 19:36:05";60
"2019-05-14 19:46:06";63
"2019-05-14 19:56:05";63
"2019-05-14 20:06:05";63
"2019-05-14 20:16:06";63
"2019-05-14 20:26:05";62
"2019-05-14 20:36:06";62
"2019-05-14 20:46:06";62
"2019-05-14 20:56:06";65
"2019-05-14 21:06:05";65
"2019-05-14 21:16:06";65
"2019-05-14 21:26:05";63
"2019-05-14 21:36:06";63
"2019-05-14 21:46:06";63
"2019-05-14 21:56:06";64
"2019-05-14 22:06:07";64
"2019-05-14 22:16:08";64
"2019-05-14 22:26:06";64
"2019-05-14 22:36:06";67
"2019-05-14 22:46:06";67
"2019-05-14 22:56:06";67
"2019-05-14 23:06:06";67
"2019-05-14 23:16:06";67
"2019-05-14 23:26:05";67
"2019-05-14 23:36:06";67
"2019-05-14 23:46:07";67
"2019-05-14 23:56:06";67
"2019-05-15 00:06:06";66
"2019-05-15 00:16:06";66
"2019-05-15 00:26:06";68
"2019-05-15 00:36:06";68
"2019-05-15 00:46:05";68
"2019-05-15 00:56:06";67
"2019-05-15 01:06:07";67
"2019-05-15 01:16:06";67
"2019-05-15 01:26:06";67
"2019-05-15 01:36:05";67
"2019-05-15 01:46:06";67
"2019-05-15 02:06:04";69
"2019-05-15 02:16:05";69
"2019-05-15 02:26:05";67
"2019-05-15 02:36:05";67
"2019-05-15 02:46:06";67
"2019-05-15 02:56:05";67
"2019-05-15 03:06:05";67
"2019-05-15 03:16:05";67
"2019-05-15 03:26:05";67
"2019-05-15 03:36:04";67
"2019-05-15 03:46:06";67
"2019-05-15 03:56:05";68
"2019-05-15 04:06:05";68
"2019-05-15 04:16:05";68
"2019-05-15 04:26:05";68
"2019-05-15 04:36:05";68
"2019-05-15 04:46:05";68
"2019-05-15 04:56:05";67
"2019-05-15 05:06:06";67
"2019-05-15 05:16:05";67
"2019-05-15 05:26:05";66
"2019-05-15 05:36:05";66
"2019-05-15 05:46:05";66
"2019-05-15 05:56:05";65
"2019-05-15 06:06:05";65
"2019-05-15 06:16:05";65
"2019-05-15 06:26:05";62
"2019-05-15 06:36:05";62
"2019-05-15 06:46:05";62
"2019-05-15 06:56:05";66
"2019-05-15 07:06:05";66
"2019-05-15 07:16:05";66
"2019-05-15 07:26:05";64
"2019-05-15 07:36:05";64
"2019-05-15 07:46:05";64
"2019-05-15 07:56:05";65
"2019-05-15 08:06:05";65
"2019-05-15 08:16:05";65
"2019-05-15 08:26:05";64
"2019-05-15 08:36:05";64
"2019-05-15 08:46:05";64
"2019-05-15 08:56:05";63
"2019-05-15 09:06:06";63
"2019-05-15 09:16:07";63
"2019-05-15 09:26:06";64
"2019-05-15 09:36:06";64
"2019-05-15 09:46:06";64
"2019-05-15 09:56:07";63
"2019-05-15 10:06:06";63
"2019-05-15 10:16:09";63
"2019-05-15 10:26:06";63
"2019-05-15 10:36:05";63
"2019-05-15 10:46:05";63
"2019-05-15 10:56:05";60
"2019-05-15 11:06:05";60
"2019-05-15 11:16:06";60
"2019-05-15 11:26:08";60
"2019-05-15 11:36:06";60
"2019-05-15 11:46:05";60
"2019-05-15 11:56:05";62
"2019-05-15 12:06:06";62
"2019-05-15 12:16:05";61
"2019-05-15 12:26:05";61
"2019-05-15 12:36:05";61
"2019-05-15 12:46:05";61
"2019-05-15 12:56:05";60
"2019-05-15 13:06:05";60
"2019-05-15 13:16:07";60
"2019-05-15 13:26:06";61
"2019-05-15 13:36:05";61
"2019-05-15 13:46:06";61
"2019-05-15 13:56:05";58
"2019-05-15 14:06:05";58
"2019-05-15 14:16:05";58
"2019-05-15 14:26:05";60
"2019-05-15 14:36:05";60
"2019-05-15 14:46:05";60
"2019-05-15 14:56:06";62
"2019-05-15 15:06:05";62
"2019-05-15 15:16:05";62
"2019-05-15 15:26:05";58
"2019-05-15 15:36:05";58
"2019-05-15 15:46:05";60
"2019-05-15 15:56:06";60
"2019-05-15 16:06:05";60
"2019-05-15 16:16:05";60
"2019-05-15 16:26:06";61
"2019-05-15 16:36:05";61
"2019-05-15 16:46:06";61
"2019-05-15 16:56:05";60
"2019-05-15 17:06:06";60
"2019-05-15 17:16:05";60
"2019-05-15 17:26:05";60
"2019-05-15 17:36:05";60
"2019-05-15 17:46:06";60
"2019-05-15 17:56:05";59
"2019-05-15 18:06:05";59
"2019-05-15 18:16:05";59
"2019-05-15 18:26:05";61
"2019-05-15 18:36:05";61
"2019-05-15 18:46:06";61
"2019-05-15 18:56:05";62
"2019-05-15 19:06:05";62
"2019-05-15 19:16:05";62
"2019-05-15 19:26:06";60
"2019-05-15 19:46:05";60
"2019-05-15 19:56:05";62
"2019-05-15 20:06:06";62
"2019-05-15 20:16:05";62
"2019-05-15 20:26:06";61
"2019-05-15 20:36:05";61
"2019-05-15 20:46:06";61
"2019-05-15 20:56:06";60
"2019-05-15 21:06:05";60
"2019-05-15 21:16:06";60
"2019-05-15 21:26:06";63
"2019-05-15 21:36:06";63
"2019-05-15 21:46:06";63
"2019-05-15 21:56:07";62
"2019-05-15 22:06:09";62
"2019-05-15 22:16:07";62
"2019-05-15 22:26:06";63
"2019-05-15 22:36:06";63
"2019-05-15 22:46:09";63
"2019-05-15 22:56:06";64
"2019-05-15 23:06:06";64
"2019-05-15 23:16:06";64
"2019-05-15 23:26:06";64
"2019-05-15 23:36:06";64
"2019-05-15 23:46:06";64
"2019-05-15 23:56:06";63
"2019-05-16 00:06:06";63
"2019-05-16 00:16:06";63
"2019-05-16 00:26:07";62
"2019-05-16 00:36:06";62
"2019-05-16 00:46:06";62
"2019-05-16 00:56:05";62
"2019-05-16 01:06:06";62
"2019-05-16 01:16:06";62
"2019-05-16 01:26:07";61
"2019-05-16 01:36:06";61
"2019-05-16 01:46:06";61
"2019-05-16 01:56:06";61
"2019-05-16 02:06:05";61
"2019-05-16 02:16:05";61
"2019-05-16 02:26:05";62
"2019-05-16 02:36:05";62
"2019-05-16 02:46:05";62
"2019-05-16 02:56:05";62
"2019-05-16 03:06:05";62
"2019-05-16 03:16:05";62
"2019-05-16 03:26:04";63
"2019-05-16 03:36:05";63
"2019-05-16 03:46:06";63
"2019-05-16 03:56:04";62
"2019-05-16 04:06:05";62
"2019-05-16 04:16:06";62
"2019-05-16 04:26:05";63
"2019-05-16 04:36:05";63
"2019-05-16 04:46:04";63
"2019-05-16 04:56:05";60
"2019-05-16 05:06:06";60
"2019-05-16 05:16:05";60
"2019-05-16 05:26:05";63
"2019-05-16 05:36:05";63
"2019-05-16 05:46:06";63
"2019-05-16 05:56:05";61
"2019-05-16 06:06:05";61
"2019-05-16 06:16:05";61
"2019-05-16 06:26:05";61
"2019-05-16 06:36:05";61
"2019-05-16 06:46:05";61
"2019-05-16 06:56:05";61
"2019-05-16 07:06:05";61
"2019-05-16 07:16:05";61
"2019-05-16 07:26:05";61
"2019-05-16 07:36:05";61
"2019-05-16 07:46:06";61
"2019-05-16 07:56:05";62
"2019-05-16 08:06:05";62
"2019-05-16 08:16:05";62
"2019-05-16 08:26:05";59
"2019-05-16 08:36:05";59
"2019-05-16 08:46:05";59
"2019-05-16 08:56:05";61
"2019-05-16 09:06:05";61
"2019-05-16 09:16:04";61
"2019-05-16 09:26:05";59
"2019-05-16 09:36:05";59
"2019-05-16 09:46:07";62
"2019-05-16 09:56:05";62
"2019-05-16 10:06:05";62
"2019-05-16 10:16:05";62
"2019-05-16 10:26:05";59
"2019-05-16 10:36:05";59
"2019-05-16 10:46:06";59
"2019-05-16 10:56:05";59
"2019-05-16 11:06:05";59
"2019-05-16 11:16:05";59
"2019-05-16 11:26:07";58
"2019-05-16 11:36:05";58
"2019-05-16 11:46:05";58
"2019-05-16 11:56:05";61
"2019-05-16 12:06:05";61
"2019-05-16 12:16:05";61
"2019-05-16 12:26:05";58
"2019-05-16 12:36:05";58
"2019-05-16 12:46:05";58
"2019-05-16 12:56:05";59
"2019-05-16 13:06:05";59
"2019-05-16 13:16:05";59
"2019-05-16 13:26:06";61
"2019-05-16 13:36:05";61
"2019-05-16 13:46:05";61
"2019-05-16 13:56:05";58
"2019-05-16 14:06:05";58
"2019-05-16 14:16:05";58
"2019-05-16 14:26:05";58
"2019-05-16 14:36:05";58
"2019-05-16 14:46:05";58
"2019-05-16 14:56:05";57
"2019-05-16 15:06:05";57
"2019-05-16 15:16:05";57
"2019-05-16 15:26:06";58
"2019-05-16 15:36:05";58
"2019-05-16 15:46:06";58
"2019-05-16 15:56:06";59
"2019-05-16 16:06:05";59
"2019-05-16 16:16:05";59
"2019-05-16 16:36:05";59
"2019-05-16 16:46:05";59
"2019-05-16 16:56:05";56
"2019-05-16 17:06:05";56
"2019-05-16 17:16:07";56
"2019-05-16 17:26:05";57
"2019-05-16 17:36:05";57
"2019-05-16 17:46:05";57
"2019-05-16 17:56:05";57
"2019-05-16 18:06:05";57
"2019-05-16 18:16:05";57
"2019-05-16 18:26:06";59
"2019-05-16 18:36:05";59
"2019-05-16 18:46:05";59
"2019-05-16 18:56:05";60
"2019-05-16 19:06:05";60
"2019-05-16 19:16:05";60
"2019-05-16 19:26:05";58
"2019-05-16 19:36:05";58
"2019-05-16 19:46:05";58
"2019-05-16 19:56:05";58
"2019-05-16 20:06:05";58
"2019-05-16 20:16:05";58
"2019-05-16 20:26:05";58
"2019-05-16 20:36:06";58
"2019-05-16 20:46:06";58
"2019-05-16 20:56:05";59
"2019-05-16 21:46:06";59
"2019-05-16 21:56:05";58
"2019-05-16 22:06:07";58
"2019-05-16 22:16:07";58
"2019-05-16 22:26:07";60
"2019-05-16 22:36:06";60
"2019-05-16 22:46:06";60
"2019-05-16 22:56:06";60
"2019-05-16 23:06:05";60
"2019-05-16 23:16:06";60
"2019-05-16 23:26:05";59
"2019-05-16 23:36:06";59
"2019-05-16 23:46:06";59
"2019-05-16 23:56:07";60
"2019-05-17 00:06:06";60
"2019-05-17 00:16:07";60
"2019-05-17 00:26:06";60
"2019-05-17 00:36:05";60
"2019-05-17 00:46:06";60
"2019-05-17 00:56:06";61
"2019-05-17 01:06:07";61
"2019-05-17 01:16:06";61
"2019-05-17 01:26:07";59
"2019-05-17 01:36:06";59
"2019-05-17 01:46:06";59
"2019-05-17 01:56:06";59
"2019-05-17 02:06:05";59
"2019-05-17 02:16:05";59
"2019-05-17 02:26:05";59
"2019-05-17 02:36:05";59
"2019-05-17 02:46:05";58
"2019-05-17 02:56:06";58
"2019-05-17 03:06:05";58
"2019-05-17 03:16:05";58
"2019-05-17 03:26:05";59
"2019-05-17 03:36:05";59
"2019-05-17 03:46:05";59
"2019-05-17 03:56:05";58
"2019-05-17 04:06:04";58
"2019-05-17 04:16:04";58
"2019-05-17 07:26:05";58
"2019-05-17 07:36:05";58
"2019-05-17 07:46:05";58
"2019-05-17 07:56:06";57
"2019-05-17 08:06:05";57
"2019-05-17 08:16:05";57
"2019-05-17 08:36:05";58
"2019-05-17 08:46:05";58
"2019-05-17 08:56:05";58
"2019-05-17 09:06:05";58
"2019-05-17 09:16:05";56
"2019-05-17 09:26:05";56
"2019-05-17 09:36:05";56
"2019-05-17 09:46:05";56
"2019-05-17 09:56:05";57
"2019-05-17 10:06:05";57
"2019-05-17 10:16:05";57
"2019-05-17 10:26:05";58
"2019-05-17 10:36:05";58
"2019-05-17 10:46:06";58
"2019-05-17 10:56:06";57
"2019-05-17 11:06:05";57
"2019-05-17 11:16:06";57
"2019-05-17 11:26:05";56
"2019-05-17 11:36:05";56
"2019-05-17 11:46:05";56
"2019-05-17 11:56:05";56
"2019-05-17 12:06:05";56
"2019-05-17 12:16:06";56
"2019-05-17 12:26:05";55
"2019-05-17 12:36:05";55
"2019-05-17 12:46:05";55
"2019-05-17 12:56:05";58
"2019-05-17 13:06:05";58
"2019-05-17 13:16:05";58
"2019-05-17 13:26:06";56
"2019-05-17 13:36:05";56
"2019-05-17 13:46:06";56
"2019-05-17 13:56:05";57
"2019-05-17 14:06:05";57
"2019-05-17 14:16:07";57
"2019-05-17 14:26:05";58
"2019-05-17 14:36:05";58
"2019-05-17 14:46:06";58
"2019-05-17 14:56:05";57
"2019-05-17 15:06:05";57
"2019-05-17 15:16:05";57
"2019-05-17 15:26:05";59
"2019-05-17 15:36:05";59
"2019-05-17 15:46:06";59
"2019-05-17 15:56:06";54
"2019-05-17 16:06:06";54
"2019-05-17 16:16:05";58
"2019-05-17 16:26:05";58
"2019-05-17 16:36:05";58
"2019-05-17 16:46:07";58
"2019-05-17 16:56:05";60
"2019-05-17 17:06:05";60
"2019-05-17 17:16:05";60
"2019-05-17 17:26:05";58
"2019-05-17 17:36:06";58
"2019-05-17 17:46:06";58
"2019-05-17 17:56:05";58
"2019-05-17 18:06:07";58
"2019-05-17 18:16:05";58
"2019-05-17 18:26:05";58
"2019-05-17 18:36:05";58
"2019-05-17 18:46:06";58
"2019-05-17 18:56:06";59
"2019-05-17 19:06:07";59
"2019-05-17 19:16:05";59
"2019-05-17 19:26:05";58
"2019-05-17 19:36:06";58
"2019-05-17 19:46:05";58
"2019-05-17 19:56:05";59
"2019-05-17 20:06:05";59
"2019-05-17 20:16:06";59
"2019-05-17 20:26:06";58
"2019-05-17 20:36:08";58
"2019-05-17 20:46:05";58
"2019-05-17 20:56:05";57
"2019-05-17 21:06:06";57
"2019-05-17 21:16:05";57
"2019-05-17 21:26:06";56
"2019-05-17 21:36:06";56
"2019-05-17 21:46:06";56
"2019-05-17 21:56:06";60
"2019-05-17 22:06:06";60
"2019-05-17 22:16:06";60
"2019-05-17 22:26:06";58
"2019-05-17 22:36:07";58
"2019-05-17 22:46:06";58
"2019-05-17 22:56:06";58
"2019-05-17 23:06:05";58
"2019-05-17 23:16:06";58
"2019-05-17 23:26:05";60
"2019-05-17 23:36:06";60
"2019-05-17 23:46:06";60
"2019-05-17 23:56:05";59
"2019-05-18 00:06:06";59
"2019-05-18 00:16:07";59
"2019-05-18 00:26:05";60
"2019-05-18 00:36:06";60
"2019-05-18 00:46:06";60
"2019-05-18 02:16:06";60
"2019-05-18 02:26:05";62
"2019-05-18 02:36:05";62
"2019-05-18 02:46:06";62
"2019-05-18 02:56:06";60
"2019-05-18 03:06:05";60
"2019-05-18 03:16:05";60
"2019-05-18 03:26:05";62
"2019-05-18 03:36:05";62
"2019-05-18 03:46:05";62
"2019-05-18 03:56:05";62
"2019-05-18 04:06:04";62
"2019-05-18 04:16:07";62
"2019-05-18 04:26:05";57
"2019-05-18 04:36:04";57
"2019-05-18 04:46:05";57
"2019-05-18 04:56:05";61
"2019-05-18 05:06:05";61
"2019-05-18 05:16:05";61
"2019-05-18 05:26:05";60
"2019-05-18 05:36:05";60
"2019-05-18 05:46:05";60
"2019-05-18 05:56:05";61
"2019-05-18 06:06:05";61
"2019-05-18 06:16:05";61
"2019-05-18 06:26:05";58
"2019-05-18 06:36:05";58
"2019-05-18 06:46:05";58
"2019-05-18 06:56:05";60
"2019-05-18 07:06:05";60
"2019-05-18 07:16:05";60
"2019-05-18 07:26:05";59
"2019-05-18 07:36:05";59
"2019-05-18 07:46:05";59
"2019-05-18 07:56:06";58
"2019-05-18 08:06:05";58
"2019-05-18 08:16:06";58
"2019-05-18 08:26:05";59
"2019-05-18 08:36:05";59
"2019-05-18 08:46:06";59
"2019-05-18 08:56:05";60
"2019-05-18 09:06:05";60
"2019-05-18 09:16:05";60
"2019-05-18 09:26:05";58
"2019-05-18 09:36:05";58
"2019-05-18 09:46:05";58
"2019-05-18 09:56:05";60
"2019-05-18 10:06:05";60
"2019-05-18 10:16:05";60
"2019-05-18 10:26:05";57
"2019-05-18 10:36:05";57
"2019-05-18 10:46:05";57
"2019-05-18 10:56:05";61
"2019-05-18 11:06:05";61
"2019-05-18 11:16:05";61
"2019-05-18 11:26:05";58
"2019-05-18 11:36:05";58
"2019-05-18 11:46:05";58
"2019-05-18 11:56:05";58
"2019-05-18 12:06:05";58
"2019-05-18 12:16:05";58
"2019-05-18 12:26:06";59
"2019-05-18 12:36:05";59
"2019-05-18 12:46:05";59
"2019-05-18 12:56:05";59
"2019-05-18 13:06:05";59
"2019-05-18 13:16:05";59
"2019-05-18 13:26:05";60
"2019-05-18 13:36:05";60
"2019-05-18 13:46:06";60
"2019-05-18 13:56:05";60
"2019-05-18 14:06:05";61
"2019-05-18 14:16:05";61
"2019-05-18 14:26:05";61
"2019-05-18 14:36:05";58
"2019-05-18 14:46:07";58
"2019-05-18 14:56:05";60
"2019-05-18 15:06:05";60
"2019-05-18 15:16:05";60
"2019-05-18 15:26:06";60
"2019-05-18 15:36:05";60
"2019-05-18 15:46:06";60
"2019-05-18 15:56:05";60
"2019-05-18 16:06:05";59
"2019-05-18 16:16:06";59
"2019-05-18 16:26:05";59
"2019-05-18 16:36:06";59
"2019-05-18 16:46:05";58
"2019-05-18 16:56:05";59
"2019-05-18 17:06:06";59
"2019-05-18 17:16:07";59
"2019-05-18 17:26:05";59
"2019-05-18 17:36:06";59
"2019-05-18 17:46:05";60
"2019-05-18 17:56:05";60
"2019-05-18 18:06:05";61
"2019-05-18 18:16:05";61
"2019-05-18 18:26:05";61
"2019-05-18 18:36:05";61
"2019-05-18 18:46:06";59
"2019-05-18 18:56:05";59
"2019-05-18 19:06:05";62
"2019-05-18 19:16:06";62
"2019-05-18 19:26:05";62
"2019-05-18 19:36:05";59
"2019-05-18 19:46:05";59
"2019-05-18 19:56:05";59
"2019-05-18 20:06:06";59
"2019-05-18 20:16:05";61
"2019-05-18 20:26:06";61
"2019-05-18 20:36:06";61
"2019-05-18 20:46:05";62
"2019-05-18 20:56:05";62
"2019-05-18 21:06:06";62
"2019-05-18 21:16:06";62
"2019-05-18 21:26:06";62
"2019-05-18 21:36:05";60
"2019-05-18 21:46:06";60
"2019-05-18 21:56:06";60
"2019-05-18 22:06:06";61
"2019-05-18 22:16:07";61
"2019-05-18 22:26:06";60
"2019-05-18 22:36:07";60
"2019-05-18 22:46:06";60
"2019-05-18 22:56:06";60
"2019-05-18 23:06:05";60
"2019-05-18 23:16:06";59
"2019-05-18 23:26:06";61
"2019-05-18 23:36:07";61
"2019-05-18 23:46:06";61
"2019-05-18 23:56:07";60
"2019-05-19 00:06:07";60
"2019-05-19 00:16:06";60
"2019-05-19 00:26:05";61
"2019-05-19 00:36:06";61
"2019-05-19 00:46:07";61
"2019-05-19 00:56:06";60
"2019-05-19 01:06:06";60
"2019-05-19 01:16:07";60
"2019-05-19 01:26:06";60
"2019-05-19 01:36:06";59
"2019-05-19 01:46:06";59
"2019-05-19 01:56:05";59
"2019-05-19 02:06:05";59
"2019-05-19 02:16:05";59
"2019-05-19 02:26:05";58
"2019-05-19 02:36:05";58
"2019-05-19 16:16:06";62
"2019-05-19 16:26:05";63
"2019-05-19 16:36:05";63
"2019-05-19 16:46:05";63
"2019-05-19 16:56:05";61
"2019-05-19 17:06:05";61
"2019-05-19 17:16:06";61
"2019-05-19 17:26:05";65
"2019-05-19 17:36:05";65
"2019-05-19 17:46:06";65
"2019-05-19 17:56:05";63
"2019-05-19 18:06:06";63
"2019-05-19 18:16:05";63
"2019-05-19 18:26:06";64
"2019-05-19 18:36:05";64
"2019-05-19 18:46:07";64
"2019-05-19 18:56:05";63
"2019-05-19 19:06:05";63
"2019-05-19 19:16:06";63
"2019-05-19 19:26:05";63
"2019-05-19 19:36:05";63
"2019-05-19 19:46:06";63
"2019-05-19 19:56:06";63
"2019-05-19 20:06:06";63
"2019-05-19 20:16:05";63
"2019-05-19 20:26:05";65
"2019-05-19 20:36:06";65
"2019-05-19 20:46:06";65
"2019-05-19 20:56:05";65
"2019-05-19 21:06:05";65
"2019-05-19 21:16:06";65
"2019-05-19 21:26:07";64
"2019-05-19 21:36:05";64
"2019-05-19 21:46:06";64
"2019-05-19 21:56:06";67
"2019-05-19 22:06:09";67
"2019-05-19 22:16:06";67
"2019-05-19 22:26:06";66
"2019-05-19 22:36:07";66
"2019-05-19 22:46:06";66
"2019-05-19 22:56:05";64
"2019-05-19 23:06:05";64
"2019-05-19 23:16:06";64
"2019-05-19 23:26:05";65
"2019-05-19 23:36:06";65
"2019-05-19 23:46:07";65
"2019-05-19 23:56:06";66
"2019-05-20 00:06:06";66
"2019-05-20 00:16:06";66
"2019-05-20 00:26:06";65
"2019-05-20 00:36:06";65
"2019-05-20 00:46:07";65
"2019-05-20 00:56:06";67
"2019-05-20 01:06:06";67
"2019-05-20 01:16:06";67
"2019-05-20 01:26:05";66
"2019-05-20 01:36:06";66
"2019-05-20 01:46:08";66
"2019-05-20 01:56:06";65
"2019-05-20 02:06:05";65
"2019-05-20 02:16:05";65
"2019-05-20 02:26:05";67
"2019-05-20 02:36:05";67
"2019-05-20 02:46:06";67
"2019-05-20 02:56:05";65
"2019-05-20 03:06:05";65
"2019-05-20 03:16:05";65
"2019-05-20 03:26:05";65
"2019-05-20 03:36:04";65
"2019-05-20 03:46:05";65
"2019-05-20 03:56:05";65
"2019-05-20 04:06:05";65
"2019-05-20 04:16:05";65
"2019-05-20 04:26:05";64
"2019-05-20 04:36:05";64
"2019-05-20 04:46:04";64
"2019-05-20 04:56:05";67
"2019-05-20 05:06:05";67
"2019-05-20 05:16:05";67
"2019-05-20 05:26:05";63
"2019-05-20 05:36:05";63
"2019-05-20 05:46:05";63
"2019-05-20 05:56:05";65
"2019-05-20 06:06:05";65
"2019-05-20 06:16:04";65
"2019-05-20 06:26:05";65
"2019-05-20 06:36:05";65
"2019-05-20 06:46:06";62
"2019-05-20 06:56:05";62
"2019-05-20 07:06:05";62
"2019-05-20 07:16:05";62
"2019-05-20 07:26:05";62
"2019-05-20 07:36:05";62
"2019-05-20 07:46:05";62
"2019-05-20 07:56:05";65
"2019-05-20 08:06:05";65
"2019-05-20 08:16:05";65
"2019-05-20 08:26:05";64
"2019-05-20 08:36:05";64
"2019-05-20 08:46:05";64
"2019-05-20 08:56:05";64
"2019-05-20 09:06:05";62
"2019-05-20 09:16:05";62
"2019-05-20 09:26:05";62
"2019-05-20 09:36:05";65
"2019-05-20 09:46:05";65
"2019-05-20 09:56:06";65
"2019-05-20 10:06:05";63
"2019-05-20 10:16:05";63
"2019-05-20 10:26:05";63
"2019-05-20 10:36:05";66
"2019-05-20 10:46:05";66
"2019-05-20 10:56:05";66
"2019-05-20 11:06:05";63
"2019-05-20 11:16:05";63
"2019-05-20 11:26:05";64
"2019-05-20 11:36:05";64
"2019-05-20 11:46:05";64
"2019-05-20 11:56:06";64
"2019-05-20 12:06:05";64
"2019-05-20 12:16:05";64
"2019-05-20 12:26:05";63
"2019-05-20 12:36:05";63
"2019-05-20 12:46:05";63
"2019-05-20 12:56:05";63
"2019-05-20 13:06:05";63
"2019-05-20 13:16:05";63
"2019-05-20 13:26:05";62
"2019-05-20 13:36:05";62
"2019-05-20 13:46:06";62
"2019-05-20 13:56:06";62
"2019-05-20 14:06:04";62
"2019-05-20 14:16:05";62
"2019-05-20 14:26:06";61
"2019-05-20 14:36:06";61
"2019-05-20 14:46:06";61
"2019-05-20 14:56:05";62
"2019-05-20 15:06:05";62
"2019-05-20 15:16:06";62
"2019-05-20 15:26:04";60
"2019-05-20 15:36:05";60
"2019-05-20 15:46:06";60
"2019-05-20 15:56:05";64
"2019-05-20 16:06:05";64
"2019-05-20 16:16:05";64
"2019-05-20 16:26:05";60
"2019-05-20 16:36:05";60
"2019-05-20 16:46:06";60
"2019-05-20 16:56:05";60
"2019-05-20 17:06:05";63
"2019-05-20 17:16:06";63
"2019-05-20 17:26:05";64
"2019-05-20 17:36:05";64
"2019-05-20 17:46:05";64
"2019-05-20 17:56:05";64
"2019-05-20 18:06:05";64
"2019-05-20 18:16:05";64
"2019-05-20 18:26:05";63
"2019-05-20 18:36:05";63
"2019-05-20 18:46:05";63
"2019-05-20 18:56:05";64
"2019-05-20 19:06:05";64
"2019-05-20 19:16:06";64
"2019-05-20 19:26:05";65
"2019-05-20 19:36:05";65
"2019-05-20 19:46:06";65
"2019-05-20 19:56:05";65
"2019-05-20 20:06:06";65
"2019-05-20 20:16:06";65
"2019-05-20 20:26:06";65
"2019-05-20 20:36:05";63
"2019-05-20 20:46:06";63
"2019-05-20 20:56:07";65
"2019-05-20 21:06:06";65
"2019-05-20 21:16:06";65
"2019-05-20 21:26:06";64
"2019-05-20 21:36:05";64
"2019-05-20 21:46:06";64
"2019-05-20 21:56:06";66
"2019-05-20 22:06:07";66
"2019-05-20 22:16:06";66
"2019-05-20 22:26:06";65
"2019-05-20 22:36:06";65
"2019-05-20 22:46:07";65
"2019-05-20 22:56:05";65
"2019-05-20 23:06:06";65
"2019-05-20 23:16:06";65
"2019-05-20 23:26:06";65
"2019-05-20 23:36:06";65
"2019-05-20 23:46:07";65
"2019-05-20 23:56:06";66
"2019-05-21 00:16:07";66
"2019-05-21 00:26:06";66
"2019-05-21 00:36:06";66
"2019-05-21 00:46:06";66
"2019-05-21 00:56:07";66
"2019-05-21 01:06:07";66
"2019-05-21 01:16:06";66
"2019-05-21 01:26:06";65
"2019-05-21 01:36:05";65
"2019-05-21 01:46:07";65
"2019-05-21 01:56:06";65
"2019-05-21 02:06:04";65
"2019-05-21 02:16:05";66
"2019-05-21 02:26:05";66
"2019-05-21 02:36:05";66
"2019-05-21 02:46:06";66
"2019-05-21 02:56:05";67
"2019-05-21 03:06:05";67
"2019-05-21 03:16:05";67
"2019-05-21 03:26:05";67
"2019-05-21 03:36:05";67
"2019-05-21 03:46:05";67
"2019-05-21 03:56:05";65
"2019-05-21 04:06:05";65
"2019-05-21 04:16:05";65
"2019-05-21 04:26:04";64
"2019-05-21 04:36:05";64
"2019-05-21 04:46:05";64
"2019-05-21 04:56:05";67
"2019-05-21 05:06:05";67
"2019-05-21 05:16:05";67
"2019-05-21 05:26:05";64
"2019-05-21 05:36:05";64
"2019-05-21 05:46:05";64
"2019-05-21 05:56:06";64
"2019-05-21 06:06:05";64
"2019-05-21 06:16:05";64
"2019-05-21 06:26:05";64
"2019-05-21 06:36:04";64
"2019-05-21 06:46:04";63
"2019-05-21 06:56:05";63
"2019-05-21 07:06:05";63
"2019-05-21 07:16:05";63
"2019-05-21 07:26:05";65
"2019-05-21 07:36:05";65
"2019-05-21 07:46:05";65
"2019-05-21 07:56:06";65
"2019-05-21 08:06:05";63
"2019-05-21 08:16:05";63
"2019-05-21 08:26:05";65
"2019-05-21 08:36:05";65
"2019-05-21 08:46:05";65
"2019-05-21 08:56:05";65
"2019-05-21 09:06:05";63
"2019-05-21 09:16:05";63
"2019-05-21 09:26:05";63
"2019-05-21 09:36:05";64
"2019-05-21 09:46:06";64
"2019-05-21 09:56:05";64
"2019-05-21 10:06:05";63
"2019-05-21 10:16:05";63
"2019-05-21 10:26:05";63
"2019-05-21 10:36:05";62
"2019-05-21 10:46:05";62
"2019-05-21 10:56:05";65
"2019-05-21 11:06:05";65
"2019-05-21 11:16:05";65
"2019-05-21 11:26:05";61
"2019-05-21 11:36:05";61
"2019-05-21 11:46:05";61
"2019-05-21 11:56:05";62
"2019-05-21 12:06:05";62
"2019-05-21 12:16:05";62
"2019-05-21 12:26:05";63
"2019-05-21 12:36:05";63
"2019-05-21 12:46:06";63
"2019-05-21 12:56:05";62
"2019-05-21 13:06:05";62
"2019-05-21 13:16:05";62
"2019-05-21 13:26:05";63
"2019-05-21 13:36:05";63
"2019-05-21 13:46:06";63
"2019-05-21 13:56:05";59
"2019-05-21 14:06:05";59
"2019-05-21 14:16:05";59
"2019-05-21 14:26:05";60
"2019-05-21 14:36:05";60
"2019-05-21 14:46:06";60
"2019-05-21 14:56:05";62
"2019-05-21 15:06:06";62
"2019-05-21 15:16:05";62
"2019-05-21 15:26:05";60
"2019-05-21 15:36:05";60
"2019-05-21 15:46:05";60
"2019-05-21 15:56:05";63
"2019-05-21 16:06:05";63
"2019-05-21 16:16:05";63
"2019-05-21 16:26:05";62
"2019-05-21 16:36:05";62
"2019-05-21 16:46:06";62
"2019-05-21 16:56:05";63
"2019-05-21 17:06:05";63
"2019-05-21 18:36:05";60
"2019-05-21 18:46:05";60
"2019-05-21 18:56:05";60
"2019-05-21 19:06:05";62
"2019-05-21 19:16:05";62
"2019-05-21 19:26:05";62
"2019-05-21 19:36:05";62
"2019-05-21 19:46:06";62
"2019-05-21 19:56:05";64
"2019-05-21 20:06:05";64
"2019-05-21 20:16:05";64
"2019-05-21 20:26:05";63
"2019-05-21 20:36:05";63
"2019-05-21 20:46:06";63
"2019-05-21 20:56:06";63
"2019-05-21 21:06:06";63
"2019-05-21 21:16:06";63
"2019-05-21 21:26:06";63
"2019-05-21 21:36:05";63
"2019-05-21 21:46:06";63
"2019-05-21 21:56:06";64
"2019-05-21 22:06:05";64
"2019-05-21 22:16:06";64
"2019-05-21 22:26:06";66
"2019-05-21 22:36:06";66
"2019-05-21 22:46:06";66
"2019-05-21 22:56:06";66
"2019-05-21 23:06:06";66
"2019-05-21 23:16:06";66
"2019-05-21 23:26:05";68
"2019-05-21 23:36:06";68
"2019-05-21 23:46:07";68
"2019-05-21 23:56:07";66
"2019-05-22 00:06:06";66
"2019-05-22 00:16:08";68
"2019-05-22 00:26:06";68
"2019-05-22 00:36:06";68
"2019-05-22 00:46:06";68
"2019-05-22 00:56:08";69
"2019-05-22 01:06:07";69
"2019-05-22 01:16:06";69
"2019-05-22 01:26:05";68
"2019-05-22 01:36:06";68
"2019-05-22 01:46:07";68
"2019-05-22 01:56:06";67
"2019-05-22 02:06:05";67
"2019-05-22 02:16:05";67
"2019-05-22 02:26:05";68
"2019-05-22 02:36:05";68
"2019-05-22 02:46:06";68
"2019-05-22 02:56:05";69
"2019-05-22 03:06:05";69
"2019-05-22 03:16:05";69
"2019-05-22 03:26:05";67
"2019-05-22 03:36:05";67
"2019-05-22 03:46:05";68
"2019-05-22 03:56:05";68
"2019-05-22 04:06:05";68
"2019-05-22 04:16:04";68
"2019-05-22 04:26:04";70
"2019-05-22 04:36:04";70
"2019-05-22 04:46:05";70
"2019-05-22 04:56:05";67
"2019-05-22 05:06:05";67
"2019-05-22 05:16:06";67
"2019-05-22 05:26:05";69
"2019-05-22 05:36:05";69
"2019-05-22 05:46:05";69
"2019-05-22 05:56:05";68
"2019-05-22 06:06:05";68
"2019-05-22 06:16:05";68
"2019-05-22 06:26:05";68
"2019-05-22 06:36:05";68
"2019-05-22 06:46:05";68
"2019-05-22 06:56:05";68
"2019-05-22 07:06:05";68
"2019-05-22 07:16:05";68
"2019-05-22 07:26:05";66
"2019-05-22 07:36:05";66
"2019-05-22 07:46:05";68
"2019-05-22 07:56:05";68
"2019-05-22 08:06:05";68
"2019-05-22 08:16:05";65
"2019-05-22 08:26:05";65
"2019-05-22 08:36:05";65
"2019-05-22 08:46:06";65
"2019-05-22 08:56:05";66
"2019-05-22 09:06:05";66
"2019-05-22 09:16:07";66
"2019-05-22 09:26:05";68
"2019-05-22 09:36:05";68
"2019-05-22 09:46:05";68
"2019-05-22 09:56:05";68
"2019-05-22 10:06:05";68
"2019-05-22 10:16:05";68
"2019-05-22 10:26:05";68
"2019-05-22 10:36:05";67
"2019-05-22 10:46:05";67
"2019-05-22 10:56:05";64
"2019-05-22 11:06:05";64
"2019-05-22 11:16:06";64
"2019-05-22 11:26:05";64
"2019-05-22 11:36:05";64
"2019-05-22 11:46:05";64
"2019-05-22 11:56:05";66
"2019-05-22 12:06:05";66
"2019-05-22 12:16:05";66
"2019-05-22 12:26:05";63
"2019-05-22 12:36:05";63
"2019-05-22 12:46:06";63
"2019-05-22 12:56:05";64
"2019-05-22 13:06:05";64
"2019-05-22 13:16:05";64
"2019-05-22 13:26:05";65
"2019-05-22 13:36:05";65
"2019-05-22 13:46:05";65
"2019-05-22 13:56:06";62
"2019-05-22 14:06:05";62
"2019-05-22 14:16:05";62
"2019-05-22 14:26:05";62
"2019-05-22 14:36:05";62
"2019-05-22 14:46:05";62
"2019-05-22 14:56:05";63
"2019-05-22 15:06:05";63
"2019-05-22 15:16:05";63
"2019-05-22 15:26:05";63
"2019-05-22 15:36:05";63
"2019-05-22 15:46:05";63
"2019-05-22 15:56:05";62
"2019-05-22 16:06:05";62
"2019-05-22 16:16:05";62
"2019-05-22 16:26:05";64
"2019-05-22 16:36:05";64
"2019-05-22 16:46:06";64
"2019-05-22 16:56:05";66
"2019-05-22 17:06:05";66
"2019-05-22 17:16:05";66
"2019-05-22 17:26:05";64
"2019-05-22 17:36:05";64
"2019-05-22 17:46:07";64
"2019-05-22 17:56:05";65
"2019-05-22 18:06:05";65
"2019-05-22 18:16:06";65
"2019-05-22 18:26:05";67
"2019-05-22 18:36:05";67
"2019-05-22 18:46:05";67
"2019-05-22 18:56:06";65
"2019-05-22 19:06:05";65
"2019-05-22 19:16:05";65
"2019-05-22 19:26:05";66
"2019-05-22 19:36:05";66
"2019-05-22 19:46:06";66
"2019-05-22 19:56:05";67
"2019-05-22 20:06:06";67
"2019-05-22 20:16:06";67
"2019-05-22 20:26:05";69
"2019-05-22 20:36:05";69
"2019-05-22 20:46:06";69
"2019-05-22 20:56:05";69
"2019-05-22 21:06:06";69
"2019-05-22 21:16:06";69
"2019-05-22 21:26:06";69
"2019-05-22 21:36:07";69
"2019-05-22 21:46:06";69
"2019-05-22 21:56:06";69
"2019-05-22 22:06:06";69
"2019-05-22 22:16:11";69
"2019-05-22 22:26:07";71
"2019-05-22 22:36:06";71
"2019-05-22 22:46:06";71
"2019-05-22 22:56:06";70
"2019-05-22 23:06:06";70
"2019-05-22 23:16:05";70
"2019-05-22 23:26:05";72
"2019-05-22 23:36:07";72
"2019-05-22 23:46:07";72
"2019-05-22 23:56:06";72
"2019-05-23 00:06:07";72
"2019-05-23 00:16:07";72
"2019-05-23 00:26:06";71
"2019-05-23 00:36:06";71
"2019-05-23 00:46:06";71
"2019-05-23 00:56:07";73
"2019-05-23 01:06:06";73
"2019-05-23 01:16:06";73
"2019-05-23 01:26:05";74
"2019-05-23 01:36:06";74
"2019-05-23 01:46:06";74
"2019-05-23 01:56:06";72
"2019-05-23 02:06:05";72
"2019-05-23 02:16:05";72
"2019-05-23 02:26:05";73
"2019-05-23 02:36:05";73
"2019-05-23 02:46:05";72
"2019-05-23 02:56:06";72
"2019-05-23 03:06:05";72
"2019-05-23 03:16:05";72
"2019-05-23 03:26:05";72
"2019-05-23 03:36:05";72
"2019-05-23 03:46:04";72
"2019-05-23 03:56:05";70
"2019-05-23 04:06:05";70
"2019-05-23 04:16:05";70
"2019-05-23 04:26:04";72
"2019-05-23 04:36:05";72
"2019-05-23 04:46:05";72
"2019-05-23 04:56:05";69
"2019-05-23 05:06:05";69
"2019-05-23 05:16:05";69
"2019-05-23 05:26:05";70
"2019-05-23 05:36:05";70
"2019-05-23 05:46:05";70
"2019-05-23 05:56:05";68
"2019-05-23 06:06:05";68
"2019-05-23 06:16:04";68
"2019-05-23 06:26:05";69
"2019-05-23 06:36:05";69
"2019-05-23 06:46:05";69
"2019-05-23 06:56:05";71
"2019-05-23 07:06:05";71
"2019-05-23 07:16:05";71
"2019-05-23 07:26:05";73
"2019-05-23 07:36:05";73
"2019-05-23 07:46:05";73
"2019-05-23 07:56:05";72
"2019-05-23 08:06:05";72
"2019-05-23 08:16:05";72
"2019-05-23 08:26:05";70
"2019-05-23 08:36:05";70
"2019-05-23 08:46:05";70
"2019-05-23 08:56:05";72
"2019-05-23 09:06:05";72
"2019-05-23 09:16:04";72
"2019-05-23 09:26:05";71
"2019-05-23 09:36:05";71
"2019-05-23 09:46:05";71
"2019-05-23 09:56:05";73
"2019-05-23 10:06:05";73
"2019-05-23 10:16:05";73
"2019-05-23 10:26:05";69
"2019-05-23 10:36:05";69
"2019-05-23 10:46:05";69
"2019-05-23 10:56:05";70
"2019-05-23 11:06:05";70
"2019-05-23 11:16:05";70
"2019-05-23 11:26:05";68
"2019-05-23 11:36:05";68
"2019-05-23 11:46:05";68
"2019-05-23 11:56:05";69
"2019-05-23 12:06:05";69
"2019-05-23 12:16:05";69
"2019-05-23 12:26:05";71
"2019-05-23 12:36:05";71
"2019-05-23 12:46:05";71
"2019-05-23 12:56:05";67
"2019-05-23 13:06:05";67
"2019-05-23 13:16:05";67
"2019-05-23 13:26:05";69
"2019-05-23 13:36:05";69
"2019-05-23 13:46:05";69
"2019-05-23 13:56:05";69
"2019-05-23 14:06:05";69
"2019-05-23 14:16:06";69
"2019-05-23 14:26:05";68
"2019-05-23 14:36:05";68
"2019-05-23 14:46:05";68
"2019-05-23 14:56:07";67
"2019-05-23 15:06:07";67
"2019-05-23 15:16:07";67
"2019-05-23 15:26:06";68
"2019-05-23 15:36:06";68
"2019-05-23 15:46:05";68
"2019-05-23 15:56:06";64
"2019-05-23 16:06:06";64
"2019-05-23 16:16:08";67
"2019-05-23 16:26:06";67
"2019-05-23 16:36:07";67
"2019-05-23 16:46:05";67
"2019-05-23 16:56:06";68
"2019-05-23 17:06:06";68
"2019-05-23 17:16:05";68
"2019-05-23 17:26:06";71
"2019-05-23 17:36:06";71
"2019-05-23 17:46:05";71
"2019-05-23 17:56:06";71
"2019-05-23 18:06:07";71
"2019-05-23 18:16:05";71
"2019-05-23 18:26:07";75
"2019-05-23 18:36:06";75
"2019-05-23 18:46:07";75
"2019-05-23 18:56:07";74
"2019-05-23 19:06:06";74
"2019-05-23 19:16:07";74
"2019-05-23 19:26:05";74
"2019-05-23 19:36:05";74
"2019-05-23 19:46:06";74
"2019-05-23 19:56:07";71
"2019-05-23 20:06:06";71
"2019-05-23 20:16:08";71
"2019-05-23 20:26:06";74
"2019-05-23 20:36:06";74
"2019-05-23 20:46:05";74
"2019-05-23 20:56:05";77
"2019-05-23 21:06:06";77
"2019-05-23 21:16:07";77
"2019-05-23 21:26:08";75
"2019-05-23 21:36:08";75
"2019-05-23 21:46:08";75
"2019-05-23 21:56:06";79
"2019-05-23 22:06:06";79
"2019-05-23 22:16:06";79
"2019-05-23 22:26:06";77
"2019-05-23 22:36:07";77
"2019-05-23 22:46:07";77
"2019-05-23 22:56:06";79
"2019-05-23 23:06:05";79
"2019-05-23 23:16:06";79
"2019-05-23 23:26:05";81
"2019-05-23 23:36:08";81
"2019-05-23 23:46:07";81
"2019-05-23 23:56:06";81
"2019-05-24 00:06:06";81
"2019-05-24 00:16:07";81
"2019-05-24 00:26:06";81
"2019-05-24 00:36:06";81
"2019-05-24 00:46:06";81
"2019-05-24 00:56:08";83
"2019-05-24 01:06:06";83
"2019-05-24 01:16:06";83
"2019-05-24 01:26:07";80
"2019-05-24 01:36:08";80
"2019-05-24 01:46:08";80
"2019-05-24 01:56:05";82
"2019-05-24 02:06:06";82
"2019-05-24 02:16:07";82
"2019-05-24 02:26:06";80
"2019-05-24 02:36:07";80
"2019-05-24 02:46:07";80
"2019-05-24 02:56:05";82
"2019-05-24 03:06:06";82
"2019-05-24 03:16:06";82
"2019-05-24 03:26:06";82
"2019-05-24 03:36:07";82
"2019-05-24 03:46:06";82
"2019-05-24 03:56:06";79
"2019-05-24 04:06:09";79
"2019-05-24 04:16:06";79
"2019-05-24 04:26:06";80
"2019-05-24 04:36:06";80
"2019-05-24 04:46:07";80
"2019-05-24 04:56:06";80
"2019-05-24 05:06:07";80
"2019-05-24 05:16:05";82
"2019-05-24 05:26:05";82
"2019-05-24 05:36:05";82
"2019-05-24 05:46:07";82
"2019-05-24 05:56:06";79
"2019-05-24 06:06:05";79
"2019-05-24 06:16:05";79
"2019-05-24 06:26:05";79
"2019-05-24 06:36:07";79
"2019-05-24 06:46:06";79
"2019-05-24 06:56:06";81
"2019-05-24 07:06:06";81
"2019-05-24 07:16:07";81
"2019-05-24 07:26:07";79
"2019-05-24 07:36:05";79
"2019-05-24 07:46:06";79
"2019-05-24 07:56:07";79
"2019-05-24 08:06:05";79
"2019-05-24 08:16:05";79
"2019-05-24 08:26:05";77
"2019-05-24 08:36:05";77
"2019-05-24 08:46:05";77
"2019-05-24 08:56:06";77
"2019-05-24 09:06:05";77
"2019-05-24 09:16:05";77
"2019-05-24 09:26:05";76
"2019-05-24 09:36:05";76
"2019-05-24 09:46:05";76
"2019-05-24 09:56:05";76
"2019-05-24 10:06:07";76
"2019-05-24 10:16:05";76
"2019-05-24 10:26:06";78
"2019-05-24 10:36:05";78
"2019-05-24 10:46:05";78
"2019-05-24 10:56:06";78
"2019-05-24 11:06:05";78
"2019-05-24 11:16:06";78
"2019-05-24 11:26:05";74
"2019-05-24 11:36:05";74
"2019-05-24 11:46:05";74
"2019-05-24 11:56:05";75
"2019-05-24 12:06:07";75
"2019-05-24 12:16:07";75
"2019-05-24 12:26:06";76
"2019-05-24 12:36:04";76
"2019-05-24 12:46:05";76
"2019-05-24 12:56:06";75
"2019-05-24 13:06:05";75
"2019-05-24 13:16:08";75
"2019-05-24 13:26:05";73
"2019-05-24 13:36:05";73
"2019-05-24 13:46:06";73
"2019-05-24 13:56:05";73
"2019-05-24 14:06:05";73
"2019-05-24 14:16:06";73
"2019-05-24 14:26:05";74
"2019-05-24 14:36:05";74
"2019-05-24 14:46:07";74
"2019-05-24 14:56:05";75
"2019-05-24 15:06:05";75
"2019-05-24 15:16:06";75
"2019-05-24 15:26:06";74
"2019-05-24 15:36:05";74
"2019-05-24 15:46:05";74
"2019-05-24 15:56:07";74
"2019-05-24 16:06:05";74
"2019-05-24 16:16:07";73
"2019-05-24 16:26:05";73
"2019-05-24 16:36:05";73
"2019-05-24 16:46:06";73
"2019-05-24 16:56:07";71
"2019-05-24 17:06:05";71
"2019-05-24 17:16:05";75
"2019-05-24 17:26:05";75
"2019-05-24 17:36:05";75
"2019-05-24 17:46:06";75
"2019-05-24 17:56:06";75
"2019-05-24 18:06:06";75
"2019-05-24 18:16:05";75
"2019-05-24 18:26:06";75
"2019-05-24 18:36:07";75
"2019-05-24 18:46:06";75
"2019-05-24 18:56:07";75
"2019-05-24 19:06:05";75
"2019-05-24 19:16:06";75
"2019-05-24 19:26:05";78
"2019-05-24 19:36:05";78
"2019-05-24 19:46:05";78
"2019-05-24 19:56:05";73
"2019-05-24 20:06:08";73
"2019-05-24 20:16:08";73
"2019-05-24 20:26:06";75
"2019-05-24 20:36:06";75
"2019-05-24 20:46:07";75
"2019-05-24 20:56:05";76
"2019-05-24 21:06:06";76
"2019-05-24 21:16:07";77
"2019-05-24 21:26:06";77
"2019-05-24 21:36:06";77
"2019-05-24 21:46:08";77
"2019-05-24 21:56:06";78
"2019-05-24 22:06:10";78
"2019-05-24 22:16:15";78
"2019-05-24 22:26:07";77
"2019-05-24 22:36:06";77
"2019-05-24 22:46:06";77
"2019-05-24 22:56:06";77
"2019-05-24 23:06:06";77
"2019-05-24 23:16:06";77
"2019-05-24 23:26:06";79
"2019-05-24 23:36:06";79
"2019-05-24 23:46:10";79
"2019-05-24 23:56:06";79
"2019-05-25 00:06:09";79
"2019-05-25 00:16:07";79
"2019-05-25 00:26:08";81
"2019-05-25 00:36:05";81
"2019-05-25 00:46:09";81
"2019-05-25 02:16:06";81
"2019-05-25 02:26:07";81
"2019-05-25 02:36:05";81
"2019-05-25 02:46:08";81
"2019-05-25 02:56:08";79
"2019-05-25 03:06:06";79
"2019-05-25 03:16:08";79
"2019-05-25 03:26:05";79
"2019-05-25 03:36:06";79
"2019-05-25 03:46:10";79
"2019-05-25 03:56:06";80
"2019-05-25 04:06:07";80
"2019-05-25 04:16:04";80
"2019-05-25 04:26:05";81
"2019-05-25 04:36:07";81
"2019-05-25 04:46:07";81
"2019-05-25 04:56:05";81
"2019-05-25 05:06:06";81
"2019-05-25 05:16:05";81
"2019-05-25 05:26:06";81
"2019-05-25 05:36:05";81
"2019-05-25 05:46:06";80
"2019-05-25 05:56:05";80
"2019-05-25 06:06:06";80
"2019-05-25 06:16:08";80
"2019-05-25 06:26:05";79
"2019-05-25 06:36:04";79
"2019-05-25 06:46:06";79
"2019-05-25 06:56:07";81
"2019-05-25 07:06:06";81
"2019-05-25 07:16:06";81
"2019-05-25 07:26:05";77
"2019-05-25 07:36:05";77
"2019-05-25 07:46:05";77
"2019-05-25 07:56:07";79
"2019-05-25 08:06:07";79
"2019-05-25 08:16:06";79
"2019-05-25 08:26:05";78
"2019-05-25 08:36:05";78
"2019-05-25 08:46:05";78
"2019-05-25 08:56:07";76
"2019-05-25 09:06:05";76
"2019-05-25 09:16:05";76
"2019-05-25 09:26:05";80
"2019-05-25 09:36:05";80
"2019-05-25 09:46:05";80
"2019-05-25 09:56:05";79
"2019-05-25 10:06:07";79
"2019-05-25 10:16:06";79
"2019-05-25 10:26:05";77
"2019-05-25 10:36:05";77
"2019-05-25 10:46:06";77
"2019-05-25 10:56:06";76
"2019-05-25 11:06:05";76
"2019-05-25 11:16:05";76
"2019-05-25 11:26:05";74
"2019-05-25 11:36:05";74
"2019-05-25 11:46:05";74
"2019-05-25 11:56:07";76
"2019-05-25 12:06:06";76
"2019-05-25 12:16:05";75
"2019-05-25 12:26:05";75
"2019-05-25 12:36:06";75
"2019-05-25 12:46:05";75
"2019-05-25 12:56:06";77
"2019-05-25 13:06:06";77
"2019-05-25 13:16:07";74
"2019-05-25 13:26:05";74
"2019-05-25 13:36:07";74
"2019-05-25 13:46:06";74
"2019-05-25 13:56:07";74
"2019-05-25 14:06:05";74
"2019-05-25 14:16:05";74
"2019-05-25 14:26:05";76
"2019-05-25 14:36:06";76
"2019-05-25 14:46:05";76
"2019-05-25 14:56:06";75
"2019-05-25 15:06:05";75
"2019-05-25 15:16:05";75
"2019-05-25 15:26:06";75
"2019-05-25 15:36:05";75
"2019-05-25 15:46:05";75
"2019-05-25 15:56:07";76
"2019-05-25 16:06:05";76
"2019-05-25 16:16:06";76
"2019-05-25 16:26:05";75
"2019-05-25 16:36:05";75
"2019-05-25 16:46:06";76
"2019-05-25 16:56:06";76
"2019-05-25 17:06:05";76
"2019-05-25 17:16:05";75
"2019-05-25 17:26:05";75
"2019-05-25 17:36:05";75
"2019-05-25 17:46:05";75
"2019-05-25 17:56:06";77
"2019-05-25 18:06:05";77
"2019-05-25 18:16:05";77
"2019-05-25 18:26:06";79
"2019-05-25 18:36:05";79
"2019-05-25 18:46:05";79
"2019-05-25 18:56:05";75
"2019-05-25 19:06:06";75
"2019-05-25 19:16:06";75
"2019-05-25 19:26:06";77
"2019-05-25 19:36:05";77
"2019-05-25 19:46:06";77
"2019-05-25 19:56:05";80
"2019-05-25 20:06:08";80
"2019-05-25 20:16:05";80
"2019-05-25 20:26:08";81
"2019-05-25 20:36:05";81
"2019-05-25 20:46:08";81
"2019-05-25 20:56:05";81
"2019-05-25 21:06:05";81
"2019-05-25 21:16:07";81
"2019-05-25 21:26:06";81
"2019-05-25 21:36:06";81
"2019-05-25 21:46:07";81
"2019-05-25 21:56:05";84
"2019-05-25 22:06:09";84
"2019-05-25 22:16:06";84
"2019-05-25 22:26:07";84
"2019-05-25 22:36:06";84
"2019-05-25 22:46:06";84
"2019-05-25 22:56:05";84
"2019-05-25 23:06:05";84
"2019-05-25 23:16:08";84
"2019-05-25 23:26:05";84
"2019-05-25 23:36:07";84
"2019-05-25 23:46:06";84
"2019-05-25 23:56:06";82
"2019-05-26 00:06:06";82
"2019-05-26 00:16:10";85
"2019-05-26 00:26:06";85
"2019-05-26 00:36:06";85
"2019-05-26 00:46:07";85
"2019-05-26 00:56:09";84
"2019-05-26 01:06:06";84
"2019-05-26 01:16:07";84
"2019-05-26 01:26:08";86
"2019-05-26 01:36:07";86
"2019-05-26 01:46:10";86
"2019-05-26 01:56:05";82
"2019-05-26 02:06:07";82
"2019-05-26 02:16:05";82
"2019-05-26 02:26:05";82
"2019-05-26 02:36:06";82
"2019-05-26 02:46:07";82
"2019-05-26 02:56:07";86
"2019-05-26 03:06:06";86
"2019-05-26 03:16:07";86
"2019-05-26 03:26:06";83
"2019-05-26 03:36:05";83
"2019-05-26 03:46:07";83
"2019-05-26 03:56:05";85
"2019-05-26 04:06:06";85
"2019-05-26 04:16:06";85
"2019-05-26 04:26:05";83
"2019-05-26 04:36:06";83
"2019-05-26 04:46:06";83
"2019-05-26 04:56:06";84
"2019-05-26 05:06:05";84
"2019-05-26 05:16:05";84
"2019-05-26 05:26:05";86
"2019-05-26 05:36:05";86
"2019-05-26 05:46:05";86
"2019-05-26 05:56:05";84
"2019-05-26 06:06:05";84
"2019-05-26 06:16:06";84
"2019-05-26 06:26:06";84
"2019-05-26 06:36:05";84
"2019-05-26 06:46:05";84
"2019-05-26 06:56:06";83
"2019-05-26 07:06:05";83
"2019-05-26 07:16:06";83
"2019-05-26 07:26:05";81
"2019-05-26 07:36:05";81
"2019-05-26 07:46:05";81
"2019-05-26 07:56:05";84
"2019-05-26 08:06:05";84
"2019-05-26 08:16:05";84
"2019-05-26 08:26:05";82
"2019-05-26 08:36:05";82
"2019-05-26 08:46:05";82
"2019-05-26 08:56:05";82
"2019-05-26 09:06:04";82
"2019-05-26 09:16:07";82
"2019-05-26 09:26:05";84
"2019-05-26 09:36:06";84
"2019-05-26 09:46:05";84
"2019-05-26 09:56:06";82
"2019-05-26 10:06:05";82
"2019-05-26 10:16:05";82
"2019-05-26 10:26:05";82
"2019-05-26 10:36:05";82
"2019-05-26 10:46:05";82
"2019-05-26 10:56:05";81
"2019-05-26 11:06:05";81
"2019-05-26 11:16:06";81
"2019-05-26 11:26:05";81
"2019-05-26 11:36:05";81
"2019-05-26 11:46:06";81
"2019-05-26 11:56:05";79
"2019-05-26 12:06:05";79
"2019-05-26 12:16:05";79
"2019-05-26 12:26:05";79
"2019-05-26 12:36:05";79
"2019-05-26 12:46:06";79
"2019-05-26 12:56:07";79
"2019-05-26 13:06:06";79
"2019-05-26 13:16:08";79
"2019-05-26 13:26:05";80
"2019-05-26 13:36:05";80
"2019-05-26 13:46:06";80
"2019-05-26 13:56:05";77
"2019-05-26 14:06:05";77
"2019-05-26 14:16:07";77
"2019-05-26 14:26:05";81
"2019-05-26 14:36:05";81
"2019-05-26 14:46:05";81
"2019-05-26 14:56:06";80
"2019-05-26 15:06:06";80
"2019-05-26 15:16:07";80
"2019-05-26 15:26:06";79
"2019-05-26 15:36:05";79
"2019-05-26 15:46:05";79
"2019-05-26 15:56:06";75
"2019-05-26 16:06:05";75
"2019-05-26 16:16:05";75
"2019-05-26 16:26:05";76
"2019-05-26 16:36:05";76
"2019-05-26 16:46:05";76
"2019-05-26 16:56:05";77
"2019-05-26 17:06:05";77
"2019-05-26 17:16:06";77
"2019-05-26 17:26:05";78
"2019-05-26 17:36:07";78
"2019-05-26 17:46:06";78
"2019-05-26 17:56:06";76
"2019-05-26 18:06:05";76
"2019-05-26 18:16:05";76
"2019-05-26 18:26:05";76
"2019-05-26 18:36:05";76
"2019-05-26 18:46:05";76
"2019-05-26 18:56:06";76
"2019-05-26 19:06:06";76
"2019-05-26 19:16:05";76
"2019-05-26 19:26:05";77
"2019-05-26 19:36:07";77
"2019-05-26 19:46:07";77
"2019-05-26 19:56:05";78
"2019-05-26 20:06:05";78
"2019-05-26 20:16:06";78
"2019-05-26 20:26:08";79
"2019-05-26 20:36:05";79
"2019-05-26 20:46:08";79
"2019-05-26 20:56:07";79
"2019-05-26 21:06:07";79
"2019-05-26 21:16:06";79
"2019-05-26 21:26:07";78
"2019-05-26 21:36:05";78
"2019-05-26 21:46:07";78
"2019-05-26 21:56:06";80
"2019-05-26 22:06:06";80
"2019-05-26 22:16:06";80
"2019-05-26 22:26:08";81
"2019-05-26 22:36:07";81
"2019-05-26 22:46:07";81
"2019-05-26 22:56:05";81
"2019-05-26 23:06:06";81
"2019-05-26 23:16:07";81
"2019-05-26 23:26:06";82
"2019-05-26 23:36:06";82
"2019-05-26 23:46:07";82
"2019-05-26 23:56:06";81
"2019-05-27 00:06:06";81
"2019-05-27 00:16:06";81
"2019-05-27 00:26:05";83
"2019-05-27 00:36:06";83
"2019-05-27 00:46:06";83
"2019-05-27 00:56:06";82
"2019-05-27 01:06:07";82
"2019-05-27 01:16:06";83
"2019-05-27 01:26:06";83
"2019-05-27 01:36:06";83
"2019-05-27 01:46:07";83
"2019-05-27 01:56:07";83
"2019-05-27 02:06:07";83
"2019-05-27 02:16:09";83
"2019-05-27 02:26:08";81
"2019-05-27 02:36:07";81
"2019-05-27 02:46:08";81
"2019-05-27 02:56:08";80
"2019-05-27 03:06:05";80
"2019-05-27 03:16:07";78
"2019-05-27 03:26:06";78
"2019-05-27 03:36:07";78
"2019-05-27 03:46:08";81
"2019-05-27 03:56:08";81
"2019-05-27 04:06:05";81
"2019-05-27 04:16:04";81
"2019-05-27 04:26:05";81
"2019-05-27 04:36:05";81
"2019-05-27 04:46:07";81
"2019-05-27 04:56:05";81
"2019-05-27 05:06:05";81
"2019-05-27 05:16:05";81
"2019-05-27 05:26:04";79
"2019-05-27 05:36:05";79
"2019-05-27 05:46:05";79
"2019-05-27 05:56:05";81
"2019-05-27 06:06:06";81
"2019-05-27 06:16:05";81
"2019-05-27 06:26:07";80
"2019-05-27 06:36:05";80
"2019-05-27 06:46:05";80
"2019-05-27 06:56:07";80
"2019-05-27 07:06:05";80
"2019-05-27 07:16:05";78
"2019-05-27 07:26:06";78
"2019-05-27 07:36:04";78
"2019-05-27 07:46:05";78
"2019-05-27 07:56:06";78
"2019-05-27 08:06:07";78
"2019-05-27 08:16:05";78
"2019-05-27 08:26:05";80
"2019-05-27 08:36:05";80
"2019-05-27 08:46:05";80
"2019-05-27 08:56:07";80
"2019-05-27 09:06:05";80
"2019-05-27 09:16:07";80
"2019-05-27 09:26:05";79
"2019-05-27 09:36:06";79
"2019-05-27 09:46:05";78
"2019-05-27 09:56:07";78
"2019-05-27 10:06:05";78
"2019-05-27 10:16:05";78
"2019-05-27 10:26:06";77
"2019-05-27 10:36:05";77
"2019-05-27 10:46:06";77
"2019-05-27 10:56:05";78
"2019-05-27 11:06:05";78
"2019-05-27 11:16:06";78
"2019-05-27 11:26:05";74
"2019-05-27 11:36:08";74
"2019-05-27 11:46:08";74
"2019-05-27 11:56:07";74
"2019-05-27 12:06:06";74
"2019-05-27 12:16:07";74
"2019-05-27 12:26:05";74
"2019-05-27 12:36:05";74
"2019-05-27 12:46:05";74
"2019-05-27 12:56:08";77
"2019-05-27 13:06:06";77
"2019-05-27 13:16:06";77
"2019-05-27 13:26:05";77
"2019-05-27 13:36:05";77
"2019-05-27 13:46:06";77
"2019-05-27 13:56:05";78
"2019-05-27 14:06:06";78
"2019-05-27 14:16:07";78
"2019-05-27 14:26:06";75
"2019-05-27 14:36:05";75
"2019-05-27 14:46:05";75
"2019-05-27 14:56:06";74
"2019-05-27 15:06:06";74
"2019-05-27 15:16:05";74
"2019-05-27 15:26:05";75
"2019-05-27 15:36:05";75
"2019-05-27 15:46:05";75
"2019-05-27 15:56:06";74
"2019-05-27 16:06:05";74
"2019-05-27 16:16:07";74
"2019-05-27 16:26:05";75
"2019-05-27 16:36:05";75
"2019-05-27 16:46:05";75
"2019-05-27 16:56:07";75
"2019-05-27 17:06:05";75
"2019-05-27 17:16:05";75
"2019-05-27 17:26:05";75
"2019-05-27 17:36:05";75
"2019-05-27 17:46:06";75
"2019-05-27 17:56:05";73
"2019-05-27 18:06:05";73
"2019-05-27 18:16:05";73
"2019-05-27 18:26:06";75
"2019-05-27 18:36:05";75
"2019-05-27 18:46:06";75
"2019-05-27 18:56:06";74
"2019-05-27 19:06:06";74
"2019-05-27 19:16:06";75
"2019-05-27 19:26:05";75
"2019-05-27 19:36:05";75
"2019-05-27 19:46:06";75
"2019-05-27 19:56:06";73
"2019-05-27 20:06:06";73
"2019-05-27 20:16:07";73
"2019-05-27 20:26:08";74
"2019-05-27 20:36:05";74
"2019-05-27 20:46:06";74
"2019-05-27 20:56:07";76
"2019-05-27 21:06:06";76
"2019-05-27 21:16:06";76
"2019-05-27 21:26:05";76
"2019-05-27 21:36:05";76
"2019-05-27 21:46:06";76
"2019-05-27 21:56:06";75
"2019-05-27 22:06:07";75
"2019-05-27 22:16:13";75
"2019-05-27 22:26:07";74
"2019-05-27 22:36:07";74
"2019-05-27 22:46:08";74
"2019-05-27 22:56:06";76
"2019-05-27 23:06:05";76
"2019-05-27 23:16:06";76
"2019-05-27 23:26:06";78
"2019-05-27 23:36:06";78
"2019-05-27 23:46:06";78
"2019-05-27 23:56:06";76
"2019-05-28 00:06:06";76
"2019-05-28 00:16:08";76
"2019-05-28 00:26:06";78
"2019-05-28 00:36:06";78
"2019-05-28 00:46:06";78
"2019-05-28 00:56:05";76
"2019-05-28 01:06:07";76
"2019-05-28 01:16:07";76
"2019-05-28 01:26:08";81
"2019-05-28 01:36:06";81
"2019-05-28 01:46:07";81
"2019-05-28 01:56:07";77
"2019-05-28 02:06:06";77
"2019-05-28 02:16:08";79
"2019-05-28 02:26:06";79
"2019-05-28 02:36:07";79
"2019-05-28 02:46:07";79
"2019-05-28 02:56:05";80
"2019-05-28 03:06:07";80
"2019-05-28 03:16:05";80
"2019-05-28 03:26:07";80
"2019-05-28 03:36:05";80
"2019-05-28 03:46:08";80
"2019-05-28 03:56:05";77
"2019-05-28 04:06:06";77
"2019-05-28 04:16:05";77
"2019-05-28 04:26:05";79
"2019-05-28 04:36:07";79
"2019-05-28 04:46:07";79
"2019-05-28 04:56:07";82
"2019-05-28 05:06:09";82
"2019-05-28 05:16:07";82
"2019-05-28 05:26:05";80
"2019-05-28 05:36:05";80
"2019-05-28 05:46:05";80
"2019-05-28 05:56:06";79
"2019-05-28 06:06:05";79
"2019-05-28 06:16:05";79
"2019-05-28 06:26:05";82
"2019-05-28 06:36:07";82
"2019-05-28 06:46:07";82
"2019-05-28 06:56:05";81
"2019-05-28 07:06:06";81
"2019-05-28 07:16:07";81
"2019-05-28 07:26:05";79
"2019-05-28 07:36:04";79
"2019-05-28 07:46:06";79
"2019-05-28 07:56:06";81
"2019-05-28 08:06:05";81
"2019-05-28 08:16:06";81
"2019-05-28 08:26:05";81
"2019-05-28 08:36:06";81
"2019-05-28 08:46:05";81
"2019-05-28 08:56:08";81
"2019-05-28 09:06:06";81
"2019-05-28 09:16:05";81
"2019-05-28 09:26:05";81
"2019-05-28 09:36:05";81
"2019-05-28 09:46:06";81
"2019-05-28 09:56:05";81
"2019-05-28 10:06:07";80
"2019-05-28 10:16:07";80
"2019-05-28 10:26:07";78
"2019-05-28 10:36:06";78
"2019-05-28 10:46:05";78
"2019-05-28 10:56:07";78
"2019-05-28 11:06:05";78
"2019-05-28 11:16:05";78
"2019-05-28 11:26:06";82
"2019-05-28 11:36:07";82
"2019-05-28 11:46:06";82
"2019-05-28 11:56:06";78
"2019-05-28 12:06:08";78
"2019-05-28 12:16:05";78
"2019-05-28 12:26:06";77
"2019-05-28 12:36:05";77
"2019-05-28 12:46:06";77
"2019-05-28 12:56:07";78
"2019-05-28 13:06:06";78
"2019-05-28 13:16:05";78
"2019-05-28 13:26:05";78
"2019-05-28 13:36:05";78
"2019-05-28 13:46:05";78
"2019-05-28 13:56:06";76
"2019-05-28 14:06:07";76
"2019-05-28 14:16:07";76
"2019-05-28 14:26:07";79
"2019-05-28 14:36:06";79
"2019-05-28 14:46:07";79
"2019-05-28 14:56:07";79
"2019-05-28 15:06:05";79
"2019-05-28 15:16:05";79
"2019-05-28 15:26:05";78
"2019-05-28 15:36:06";78
"2019-05-28 15:46:06";77
"2019-05-28 15:56:06";77
"2019-05-28 16:06:07";77
"2019-05-28 16:16:06";77
"2019-05-28 16:26:05";73
"2019-05-28 16:36:06";73
"2019-05-28 16:46:07";73
"2019-05-28 16:56:05";86
"2019-05-28 17:06:05";86
"2019-05-28 17:16:06";86
"2019-05-28 17:26:05";83
"2019-05-28 17:36:05";83
"2019-05-28 17:46:06";83
"2019-05-28 17:56:05";83
"2019-05-28 18:06:07";83
"2019-05-28 18:16:07";83
"2019-05-28 18:26:07";80
"2019-05-28 18:36:07";80
"2019-05-28 18:46:05";80
"2019-05-28 18:56:07";80
"2019-05-28 19:06:05";80
"2019-05-28 19:16:07";80
"2019-05-28 19:26:06";78
"2019-05-28 19:36:07";78
"2019-05-28 19:46:06";78
"2019-05-28 19:56:07";82
"2019-05-28 20:06:06";82
"2019-05-28 20:16:05";82
"2019-05-28 20:26:05";80
"2019-05-28 20:36:07";80
"2019-05-28 20:46:08";80
"2019-05-28 20:56:05";85
"2019-05-28 21:06:07";85
"2019-05-28 21:16:06";83
"2019-05-28 21:26:06";83
"2019-05-28 21:36:06";83
"2019-05-28 21:46:06";83
"2019-05-28 21:56:06";84
"2019-05-28 22:06:06";84
"2019-05-28 22:16:08";84
"2019-05-28 22:26:08";82
"2019-05-28 22:36:07";82
"2019-05-28 22:46:07";82
"2019-05-28 22:56:06";82
"2019-05-28 23:06:07";82
"2019-05-28 23:16:06";82
"2019-05-28 23:26:06";80
"2019-05-28 23:36:07";80
"2019-05-28 23:46:06";80
"2019-05-28 23:56:07";81
"2019-05-29 00:06:06";81
"2019-05-29 00:16:07";81
"2019-05-29 00:26:08";80
"2019-05-29 00:36:06";80
"2019-05-29 00:46:07";80
"2019-05-29 00:56:06";80
"2019-05-29 01:06:11";81
"2019-05-29 01:16:07";81
"2019-05-29 01:26:08";82
"2019-05-29 01:36:07";82
"2019-05-29 01:46:07";82
"2019-05-29 01:56:07";80
"2019-05-29 02:06:05";80
"2019-05-29 02:16:08";80
"2019-05-29 02:26:06";78
"2019-05-29 02:36:06";78
"2019-05-29 02:46:06";78
"2019-05-29 02:56:06";79
"2019-05-29 03:06:06";79
"2019-05-29 03:16:06";79
"2019-05-29 03:26:05";83
"2019-05-29 03:36:05";83
"2019-05-29 03:46:06";83
"2019-05-29 03:56:08";79
"2019-05-29 04:06:05";79
"2019-05-29 04:16:05";79
"2019-05-29 04:26:04";79
"2019-05-29 04:36:05";79
"2019-05-29 04:46:07";79
"2019-05-29 04:56:05";78
"2019-05-29 05:06:11";78
"2019-05-29 05:16:05";81
"2019-05-29 05:26:05";81
"2019-05-29 05:36:05";81
"2019-05-29 05:46:06";81
"2019-05-29 05:56:06";78
"2019-05-29 06:06:06";78
"2019-05-29 06:16:05";78
"2019-05-29 06:26:05";78
"2019-05-29 06:36:08";78
"2019-05-29 06:46:05";78
"2019-05-29 06:56:07";78
"2019-05-29 07:06:06";78
"2019-05-29 07:16:05";78
"2019-05-29 07:26:06";79
"2019-05-29 07:36:07";79
"2019-05-29 07:46:06";79
"2019-05-29 07:56:05";76
"2019-05-29 08:06:06";76
"2019-05-29 08:16:06";76
"2019-05-29 08:26:07";76
"2019-05-29 08:36:05";76
"2019-05-29 08:46:05";76
"2019-05-29 08:56:05";82
"2019-05-29 09:06:05";82
"2019-05-29 09:16:08";82
"2019-05-29 09:26:05";78
"2019-05-29 09:36:07";78
"2019-05-29 09:46:05";78
"2019-05-29 09:56:07";81
"2019-05-29 10:06:05";81
"2019-05-29 10:16:07";81
"2019-05-29 10:26:06";77
"2019-05-29 10:36:05";77
"2019-05-29 10:46:07";77
"2019-05-29 10:56:05";74
"2019-05-29 11:06:05";74
"2019-05-29 11:16:07";74
"2019-05-29 11:26:05";76
"2019-05-29 11:36:05";76
"2019-05-29 11:46:08";76
"2019-05-29 11:56:07";76
"2019-05-29 12:06:06";75
"2019-05-29 12:16:08";75
"2019-05-29 12:26:07";73
"2019-05-29 12:36:07";73
"2019-05-29 12:46:06";73
"2019-05-29 12:56:05";73
"2019-05-29 13:06:06";73
"2019-05-29 13:16:06";74
"2019-05-29 13:26:05";75
"2019-05-29 13:36:05";75
"2019-05-29 13:46:08";75
"2019-05-29 13:56:06";73
"2019-05-29 14:06:05";73
"2019-05-29 14:16:06";73
"2019-05-29 14:26:05";71
"2019-05-29 14:36:05";71
"2019-05-29 14:46:05";71
"2019-05-29 14:56:06";72
"2019-05-29 15:06:05";72
"2019-05-29 15:16:07";72
"2019-05-29 15:26:06";71
"2019-05-29 15:36:06";71
"2019-05-29 15:46:07";71
"2019-05-29 15:56:07";71
"2019-05-29 16:06:06";70
"2019-05-29 16:16:06";70
"2019-05-29 16:26:06";69
"2019-05-29 16:36:06";69
"2019-05-29 16:46:06";69
"2019-05-29 16:56:06";70
"2019-05-29 17:06:05";70
"2019-05-29 17:16:07";70
"2019-05-29 17:26:05";71
"2019-05-29 17:36:06";71
"2019-05-29 17:46:06";71
"2019-05-29 17:56:05";71
"2019-05-29 18:06:08";71
"2019-05-29 18:16:08";71
"2019-05-29 18:26:05";74
"2019-05-29 18:36:07";74
"2019-05-29 18:46:06";74
"2019-05-29 18:56:08";74
"2019-05-29 19:06:05";74
"2019-05-29 19:16:05";74
"2019-05-29 19:26:07";71
"2019-05-29 19:36:05";71
"2019-05-29 19:46:05";71
"2019-05-29 19:56:05";76
"2019-05-29 20:06:05";76
"2019-05-29 20:16:08";76
"2019-05-29 20:26:08";74
"2019-05-29 20:36:07";74
"2019-05-29 20:46:06";74
"2019-05-29 20:56:05";75
"2019-05-29 21:06:05";75
"2019-05-29 21:16:06";75
"2019-05-29 21:26:05";75
"2019-05-29 21:36:06";75
"2019-05-29 21:46:06";75
"2019-05-29 21:56:07";74
"2019-05-29 22:06:13";74
"2019-05-29 22:16:12";74
"2019-05-29 22:26:06";73
"2019-05-29 22:36:06";73
"2019-05-29 22:46:07";73
"2019-05-29 22:56:06";72
"2019-05-29 23:06:06";72
"2019-05-29 23:16:06";72
"2019-05-29 23:26:06";74
"2019-05-29 23:36:06";74
"2019-05-29 23:46:06";74
"2019-05-29 23:56:09";76
"2019-05-30 00:06:06";76
"2019-05-30 00:16:08";76
"2019-05-30 00:26:07";76
"2019-05-30 00:36:06";75
"2019-05-30 00:46:07";75
"2019-05-30 00:56:05";74
"2019-05-30 01:06:07";74
"2019-05-30 01:16:08";74
"2019-05-30 01:26:06";74
"2019-05-30 01:36:07";74
"2019-05-30 01:46:07";74
"2019-05-30 01:56:07";76
"2019-05-30 02:06:06";76
"2019-05-30 02:16:08";76
"2019-05-30 02:26:06";74
"2019-05-30 02:36:07";74
"2019-05-30 02:46:06";74
"2019-05-30 02:56:07";74
"2019-05-30 03:06:08";74
"2019-05-30 03:16:06";74
"2019-05-30 03:26:08";74
"2019-05-30 03:36:07";74
"2019-05-30 03:46:09";74
"2019-05-30 03:56:06";74
"2019-05-30 04:06:05";74
"2019-05-30 04:16:07";74
"2019-05-30 04:26:06";73
"2019-05-30 04:36:06";73
"2019-05-30 04:46:06";73
"2019-05-30 04:56:05";73
"2019-05-30 05:06:08";73
"2019-05-30 05:16:05";73
"2019-05-30 05:26:05";72
"2019-05-30 05:36:05";72
"2019-05-30 05:46:07";72
"2019-05-30 05:56:08";71
"2019-05-30 06:06:06";71
"2019-05-30 06:16:05";71
"2019-05-30 06:26:06";72
"2019-05-30 06:36:05";72
"2019-05-30 06:46:06";72
"2019-05-30 06:56:07";74
"2019-05-30 07:06:07";74
"2019-05-30 07:16:05";74
"2019-05-30 07:26:05";73
"2019-05-30 07:36:07";73
"2019-05-30 07:46:05";73
"2019-05-30 07:56:06";71
"2019-05-30 08:06:05";71
"2019-05-30 08:16:05";71
"2019-05-30 08:26:06";72
"2019-05-30 08:36:06";72
"2019-05-30 08:46:05";72
"2019-05-30 08:56:05";72
"2019-05-30 09:06:07";72
"2019-05-30 09:16:07";74
"2019-05-30 09:26:05";74
"2019-05-30 09:36:05";74
"2019-05-30 09:46:07";74
"2019-05-30 09:56:05";74
"2019-05-30 10:06:07";74
"2019-05-30 10:16:06";76
"2019-05-30 10:26:06";70
"2019-05-30 10:36:05";70
"2019-05-30 10:46:05";70
"2019-05-30 10:56:07";72
"2019-05-30 11:06:05";72
"2019-05-30 11:16:05";72
"2019-05-30 11:26:07";70
"2019-05-30 11:36:05";70
"2019-05-30 11:46:05";70
"2019-05-30 11:56:05";68
"2019-05-30 12:06:05";68
"2019-05-30 12:16:07";68
"2019-05-30 12:26:06";66
"2019-05-30 12:36:05";66
"2019-05-30 12:46:05";66
"2019-05-30 12:56:06";69
"2019-05-30 13:06:07";69
"2019-05-30 13:16:05";69
"2019-05-30 13:26:05";69
"2019-05-30 13:36:07";69
"2019-05-30 13:46:05";69
"2019-05-30 13:56:05";70
"2019-05-30 14:06:05";70
"2019-05-30 14:16:06";70
"2019-05-30 14:26:05";67
"2019-05-30 14:36:05";67
"2019-05-30 14:46:06";69
"2019-05-30 14:56:07";69
"2019-05-30 15:06:05";69
"2019-05-30 15:16:06";69
"2019-05-30 15:26:05";66
"2019-05-30 15:36:05";66
"2019-05-30 15:46:07";70
"2019-05-30 15:56:05";70
"2019-05-30 16:06:05";70
"2019-05-30 16:16:06";70
"2019-05-30 16:26:05";70
"2019-05-30 16:36:04";67
"2019-05-30 16:46:07";67
"2019-05-30 16:56:05";67
"2019-05-30 17:06:07";67
"2019-05-30 17:16:05";67
"2019-05-30 17:26:06";67
"2019-05-30 17:36:05";67
"2019-05-30 17:46:06";67
"2019-05-30 17:56:06";70
"2019-05-30 18:06:06";70
"2019-05-30 18:16:06";70
"2019-05-30 18:26:06";70
"2019-05-30 18:36:07";70
"2019-05-30 18:46:05";72
"2019-05-30 18:56:07";72
"2019-05-30 19:06:08";72
"2019-05-30 19:16:06";71
"2019-05-30 19:26:05";71
"2019-05-30 19:36:06";71
"2019-05-30 19:46:06";71
"2019-05-30 19:56:06";69
"2019-05-30 20:06:05";69
"2019-05-30 20:16:06";69
"2019-05-30 20:26:05";72
"2019-05-30 20:36:05";72
"2019-05-30 20:46:06";72
"2019-05-30 20:56:05";74
"2019-05-30 21:06:05";74
"2019-05-30 21:16:06";74
"2019-05-30 21:26:06";76
"2019-05-30 21:36:05";76
"2019-05-30 21:46:06";76
"2019-05-30 21:56:05";75
"2019-05-30 22:06:07";75
"2019-05-30 22:16:13";75
"2019-05-30 22:26:06";75
"2019-05-30 22:36:07";75
"2019-05-30 22:46:06";75
"2019-05-30 22:56:07";78
"2019-05-30 23:06:06";78
"2019-05-30 23:16:06";78
"2019-05-30 23:26:06";77
"2019-05-30 23:36:08";77
"2019-05-30 23:46:06";77
"2019-05-30 23:56:06";77
"2019-05-31 00:06:08";80
"2019-05-31 00:16:10";80
"2019-05-31 00:26:07";74
"2019-05-31 00:36:06";74
"2019-05-31 00:46:06";74
"2019-05-31 00:56:05";80
"2019-05-31 01:06:07";80
"2019-05-31 01:16:07";80
"2019-05-31 01:26:06";80
"2019-05-31 01:36:07";80
"2019-05-31 01:46:08";80
"2019-05-31 01:56:07";78
"2019-05-31 02:06:05";78
"2019-05-31 02:16:07";77
"2019-05-31 02:26:05";77
"2019-05-31 02:36:06";77
"2019-05-31 02:46:09";77
"2019-05-31 02:56:06";77
"2019-05-31 03:06:05";77
"2019-05-31 03:16:05";77
"2019-05-31 03:26:08";80
"2019-05-31 03:36:07";80
"2019-05-31 03:46:08";80
"2019-05-31 03:56:06";77
"2019-05-31 04:06:06";77
"2019-05-31 04:16:05";77
"2019-05-31 04:26:05";80
"2019-05-31 04:36:07";80
"2019-05-31 04:46:07";80
"2019-05-31 04:56:06";77
"2019-05-31 05:06:06";77
"2019-05-31 05:16:06";77
"2019-05-31 05:26:05";76
"2019-05-31 05:36:07";76
"2019-05-31 05:46:07";76
"2019-05-31 05:56:07";80
"2019-05-31 06:06:06";80
"2019-05-31 06:16:08";80
"2019-05-31 06:26:05";76
"2019-05-31 06:36:05";76
"2019-05-31 06:46:07";76
"2019-05-31 06:56:07";76
"2019-05-31 07:06:05";76
"2019-05-31 07:16:08";76
"2019-05-31 07:26:05";78
"2019-05-31 07:36:06";78
"2019-05-31 07:46:06";78
"2019-05-31 07:56:06";75
"2019-05-31 08:06:06";75
"2019-05-31 08:16:05";75
"2019-05-31 08:26:05";75
"2019-05-31 08:36:06";75
"2019-05-31 08:46:06";75
"2019-05-31 08:56:05";76
"2019-05-31 09:06:07";76
"2019-05-31 09:16:06";76
"2019-05-31 09:26:08";76
"2019-05-31 09:36:07";76
"2019-05-31 09:46:07";76
"2019-05-31 09:56:05";77
"2019-05-31 10:06:06";77
"2019-05-31 10:16:07";77
"2019-05-31 10:26:06";75
"2019-05-31 10:36:07";75
"2019-05-31 10:46:07";75
"2019-05-31 10:56:07";72
"2019-05-31 11:06:05";72
"2019-05-31 11:16:07";72
"2019-05-31 11:26:06";74
"2019-05-31 11:36:07";74
"2019-05-31 11:46:06";74
"2019-05-31 11:56:07";76
"2019-05-31 12:06:06";76
"2019-05-31 12:16:06";76
"2019-05-31 12:26:05";71
"2019-05-31 12:36:05";71
"2019-05-31 12:46:06";71
"2019-05-31 12:56:06";74
"2019-05-31 13:06:05";74
"2019-05-31 13:16:06";74
"2019-05-31 13:26:07";73
"2019-05-31 13:36:05";73
"2019-05-31 13:46:06";73
"2019-05-31 13:56:06";74
"2019-05-31 14:06:05";74
"2019-05-31 14:16:06";74
"2019-05-31 14:26:05";72
"2019-05-31 14:36:05";72
"2019-05-31 14:46:05";72
"2019-05-31 14:56:07";73
"2019-05-31 15:06:06";73
"2019-05-31 15:16:05";73
"2019-05-31 15:26:06";73
"2019-05-31 15:36:05";73
"2019-05-31 15:46:08";73
"2019-05-31 15:56:07";72
"2019-05-31 16:06:05";72
"2019-05-31 16:16:08";72
"2019-05-31 16:26:06";72
"2019-05-31 16:36:05";72
"2019-05-31 16:46:05";72
"2019-05-31 16:56:06";72
"2019-05-31 17:06:05";72
"2019-05-31 17:16:05";72
"2019-05-31 17:26:05";73
"2019-05-31 17:36:06";73
"2019-05-31 17:46:06";73
"2019-05-31 17:56:07";77
"2019-05-31 18:06:07";77
"2019-05-31 18:16:06";77
"2019-05-31 18:26:06";76
"2019-05-31 18:36:05";76
"2019-05-31 18:46:07";76
"2019-05-31 18:56:07";77
"2019-05-31 19:06:08";77
"2019-05-31 19:16:07";77
"2019-05-31 19:26:06";80
"2019-05-31 19:36:05";80
"2019-05-31 19:46:06";80
"2019-05-31 19:56:06";80
"2019-05-31 20:06:05";80
"2019-05-31 20:16:05";80
"2019-05-31 20:26:06";81
"2019-05-31 20:36:06";81
"2019-05-31 20:46:07";81
"2019-05-31 20:56:06";80
"2019-05-31 21:06:05";80
"2019-05-31 21:16:07";80
"2019-05-31 21:26:06";81
"2019-05-31 21:36:06";81
"2019-05-31 21:46:08";81
"2019-05-31 21:56:06";82
"2019-05-31 22:06:09";82
"2019-05-31 22:16:08";82
"2019-05-31 22:26:06";83
"2019-05-31 22:36:07";83
"2019-05-31 22:46:06";83
"2019-05-31 22:56:06";86
"2019-05-31 23:06:06";86
"2019-05-31 23:16:08";86
"2019-05-31 23:26:05";86
"2019-05-31 23:36:06";86
"2019-05-31 23:46:07";86
"2019-05-31 23:56:06";87
"2019-06-01 00:06:06";87
"2019-06-01 00:16:08";87
"2019-06-01 00:26:07";84
"2019-06-01 00:36:06";84
"2019-06-01 00:46:06";84
"2019-06-01 02:16:06";84
"2019-06-01 02:26:09";84
"2019-06-01 02:36:06";84
"2019-06-01 02:46:06";84
"2019-06-01 02:56:08";87
"2019-06-01 03:06:06";87
"2019-06-01 03:16:08";86
"2019-06-01 03:26:06";86
"2019-06-01 03:36:08";86
"2019-06-01 03:46:06";86
"2019-06-01 03:56:06";83
"2019-06-01 04:06:07";83
"2019-06-01 04:16:06";83
"2019-06-01 04:26:06";84
"2019-06-01 04:36:07";84
"2019-06-01 04:46:07";84
"2019-06-01 04:56:07";87
"2019-06-01 05:06:06";87
"2019-06-01 05:16:07";87
"2019-06-01 05:26:06";86
"2019-06-01 05:36:08";86
"2019-06-01 05:46:07";84
"2019-06-01 05:56:06";84
"2019-06-01 06:06:08";84
"2019-06-01 06:16:08";84
"2019-06-01 06:26:07";83
"2019-06-01 06:36:05";83
"2019-06-01 06:46:05";85
"2019-06-01 06:56:06";85
"2019-06-01 07:06:05";85
"2019-06-01 07:16:05";85
"2019-06-01 07:26:06";84
"2019-06-01 07:36:07";84
"2019-06-01 07:46:05";84
"2019-06-01 07:56:06";84
"2019-06-01 08:06:05";84
"2019-06-01 08:16:06";84
"2019-06-01 08:26:05";84
"2019-06-01 08:36:06";84
"2019-06-01 08:46:07";84
"2019-06-01 08:56:06";82
"2019-06-01 09:06:05";82
"2019-06-01 09:16:06";82
"2019-06-01 09:26:06";86
"2019-06-01 09:36:06";86
"2019-06-01 09:46:06";86
"2019-06-01 09:56:07";86
"2019-06-01 10:06:05";86
"2019-06-01 10:16:06";86
"2019-06-01 10:26:07";84
"2019-06-01 10:36:05";84
"2019-06-01 10:46:05";84
"2019-06-01 10:56:05";81
"2019-06-01 11:06:05";81
"2019-06-01 11:16:05";81
"2019-06-01 11:26:05";80
"2019-06-01 11:36:05";80
"2019-06-01 11:46:06";80
"2019-06-01 11:56:05";78
"2019-06-01 12:06:06";78
"2019-06-01 12:16:06";78
"2019-06-01 12:26:06";82
"2019-06-01 12:36:04";82
"2019-06-01 12:46:05";82
"2019-06-01 12:56:07";82
"2019-06-01 13:06:05";82
"2019-06-01 13:16:07";82
"2019-06-01 13:26:05";81
"2019-06-01 13:36:06";81
"2019-06-01 13:46:05";81
"2019-06-01 13:56:06";82
"2019-06-01 14:06:05";82
"2019-06-01 14:16:06";82
"2019-06-01 14:26:05";78
"2019-06-01 14:36:06";78
"2019-06-01 14:46:05";78
"2019-06-01 14:56:05";80
"2019-06-01 15:06:07";80
"2019-06-01 15:16:05";80
"2019-06-01 15:26:06";80
"2019-06-01 15:36:05";80
"2019-06-01 15:46:07";80
"2019-06-01 15:56:07";82
"2019-06-01 16:06:04";82
"2019-06-01 16:16:05";82
"2019-06-01 16:26:05";79
"2019-06-01 16:36:05";79
"2019-06-01 16:46:07";79
"2019-06-01 16:56:05";84
"2019-06-01 17:06:05";84
"2019-06-01 17:16:05";84
"2019-06-01 17:26:06";84
"2019-06-01 17:36:05";84
"2019-06-01 17:46:07";84
"2019-06-01 17:56:05";87
"2019-06-01 18:06:05";87
"2019-06-01 18:16:06";87
"2019-06-01 18:26:06";86
"2019-06-01 18:36:05";86
"2019-06-01 18:46:06";86
"2019-06-01 18:56:05";89
"2019-06-01 19:06:05";89
"2019-06-01 19:16:06";89
"2019-06-01 19:26:07";87
"2019-06-01 19:36:07";87
"2019-06-01 19:46:05";87
"2019-06-01 19:56:07";90
"2019-06-01 20:06:07";90
"2019-06-01 20:16:07";90
"2019-06-01 20:26:06";88
"2019-06-01 20:36:07";88
"2019-06-01 20:46:06";88
"2019-06-01 20:56:05";95
"2019-06-01 21:06:06";95
"2019-06-01 21:16:06";95
"2019-06-01 21:26:06";94
"2019-06-01 21:36:07";94
"2019-06-01 21:46:06";94
"2019-06-01 21:56:06";96
"2019-06-01 22:06:07";96
"2019-06-01 22:16:07";96
"2019-06-01 22:26:08";97
"2019-06-01 22:36:07";97
"2019-06-01 22:46:07";97
"2019-06-01 22:56:06";99
"2019-06-01 23:06:06";99
"2019-06-01 23:16:06";99
"2019-06-01 23:26:06";96
"2019-06-01 23:36:06";96
"2019-06-01 23:46:07";96
"2019-06-01 23:56:06";98
"2019-06-02 00:06:07";98
"2019-06-02 00:16:08";98
"2019-06-02 00:26:06";97
"2019-06-02 00:36:06";97
"2019-06-02 00:46:07";97
"2019-06-02 00:56:06";97
"2019-06-02 01:06:07";97
"2019-06-02 01:16:07";97
"2019-06-02 01:26:07";94
"2019-06-02 01:36:07";94
"2019-06-02 01:46:07";94
"2019-06-02 01:56:07";98
"2019-06-02 02:06:06";98
"2019-06-02 02:16:06";95
"2019-06-02 02:26:07";95
"2019-06-02 02:36:05";95
"2019-06-02 02:46:06";95
"2019-06-02 02:56:06";93
"2019-06-02 03:06:06";93
"2019-06-02 03:16:07";95
"2019-06-02 03:26:06";95
"2019-06-02 03:36:05";95
"2019-06-02 03:46:06";95
"2019-06-02 03:56:05";93
"2019-06-02 04:06:06";93
"2019-06-02 04:16:05";93
"2019-06-02 04:26:05";97
"2019-06-02 04:36:05";97
"2019-06-02 04:46:05";97
"2019-06-02 04:56:05";96
"2019-06-02 05:06:06";96
"2019-06-02 05:16:05";96
"2019-06-02 05:26:04";94
"2019-06-02 05:36:05";94
"2019-06-02 05:46:05";94
"2019-06-02 05:56:05";92
"2019-06-02 06:06:05";92
"2019-06-02 06:16:07";92
"2019-06-02 06:26:05";93
"2019-06-02 06:36:07";93
"2019-06-02 06:46:06";93
"2019-06-02 06:56:06";95
"2019-06-02 07:06:05";95
"2019-06-02 07:16:05";95
"2019-06-02 07:26:05";90
"2019-06-02 07:36:05";90
"2019-06-02 07:46:07";90
"2019-06-02 07:56:07";90
"2019-06-02 08:06:05";90
"2019-06-02 08:16:06";91
"2019-06-02 08:26:05";91
"2019-06-02 08:36:06";91
"2019-06-02 08:46:05";91
"2019-06-02 08:56:07";89
"2019-06-02 09:06:06";89
"2019-06-02 09:16:07";89
"2019-06-02 09:26:06";92
"2019-06-02 09:36:05";92
"2019-06-02 09:46:05";92
"2019-06-02 09:56:06";92
"2019-06-02 10:06:07";92
"2019-06-02 10:16:05";92
"2019-06-02 10:26:06";87
"2019-06-02 10:36:06";87
"2019-06-02 10:46:06";87
"2019-06-02 10:56:05";87
"2019-06-02 11:06:05";87
"2019-06-02 11:16:05";89
"2019-06-02 11:26:05";89
"2019-06-02 11:36:05";89
"2019-06-02 11:46:06";89
"2019-06-02 11:56:06";88
"2019-06-02 12:06:07";88
"2019-06-02 12:16:05";88
"2019-06-02 12:26:05";85
"2019-06-02 12:36:05";85
"2019-06-02 12:46:06";85
"2019-06-02 12:56:05";89
"2019-06-02 13:06:07";89
"2019-06-02 13:16:07";89
"2019-06-02 13:26:05";84
"2019-06-02 13:36:07";84
"2019-06-02 13:46:06";84
"2019-06-02 13:56:06";89
"2019-06-02 14:06:07";89
"2019-06-02 14:16:05";89
"2019-06-02 14:26:05";88
"2019-06-02 14:36:05";88
"2019-06-02 14:46:05";88
"2019-06-02 14:56:05";89
"2019-06-02 15:06:05";89
"2019-06-02 15:16:05";89
"2019-06-02 15:26:07";89
"2019-06-02 15:36:05";89
"2019-06-02 15:46:06";89
"2019-06-02 15:56:06";90
"2019-06-02 16:06:06";90
"2019-06-02 16:16:05";90
"2019-06-02 16:26:06";89
"2019-06-02 16:36:06";89
"2019-06-02 16:46:06";89
"2019-06-02 16:56:06";92
"2019-06-02 17:06:06";92
"2019-06-02 17:16:07";92
"2019-06-02 17:26:07";92
"2019-06-02 17:36:05";92
"2019-06-02 17:46:07";92
"2019-06-02 17:56:05";97
"2019-06-02 18:06:06";97
"2019-06-02 18:16:05";97
"2019-06-02 18:26:07";97
"2019-06-02 18:36:05";97
"2019-06-02 18:46:07";97
"2019-06-02 18:56:06";97
"2019-06-02 19:06:07";97
"2019-06-02 19:16:08";97
"2019-06-02 19:26:06";97
"2019-06-02 19:36:05";97
"2019-06-02 19:46:07";97
"2019-06-02 19:56:06";100
"2019-06-02 20:06:07";100
"2019-06-02 20:16:06";100
"2019-06-02 20:26:06";101
"2019-06-02 20:36:05";101
"2019-06-02 20:46:06";101
"2019-06-02 20:56:07";104
"2019-06-02 21:06:06";104
"2019-06-02 21:16:06";104
"2019-06-02 21:26:06";104
"2019-06-02 21:36:06";104
"2019-06-02 21:46:06";104
"2019-06-02 21:56:05";104
"2019-06-02 22:06:08";104
"2019-06-02 22:16:07";104
"2019-06-02 22:26:07";106
"2019-06-02 22:36:07";106
"2019-06-02 22:46:08";106
"2019-06-02 22:56:06";105
"2019-06-02 23:06:07";105
"2019-06-02 23:16:06";105
"2019-06-02 23:26:06";105
"2019-06-02 23:36:07";105
"2019-06-02 23:46:07";105
"2019-06-02 23:56:06";105
"2019-06-03 00:06:06";105
"2019-06-03 00:16:08";107
"2019-06-03 00:26:05";107
"2019-06-03 00:36:08";107
"2019-06-03 00:46:07";107
"2019-06-03 00:56:06";103
"2019-06-03 01:06:07";103
"2019-06-03 01:16:07";103
"2019-06-03 01:26:06";105
"2019-06-03 01:36:07";105
"2019-06-03 01:46:06";105
"2019-06-03 01:56:05";101
"2019-06-03 02:06:06";101
"2019-06-03 02:16:06";101
"2019-06-03 02:26:05";100
"2019-06-03 02:36:04";100
"2019-06-03 02:46:06";100
"2019-06-03 02:56:07";103
"2019-06-03 03:06:07";103
"2019-06-03 03:16:05";103
"2019-06-03 03:26:05";103
"2019-06-03 03:36:06";103
"2019-06-03 03:46:08";103
"2019-06-03 03:56:07";103
"2019-06-03 04:06:06";103
"2019-06-03 04:16:06";103
"2019-06-03 04:26:06";101
"2019-06-03 04:36:05";101
"2019-06-03 04:46:07";101
"2019-06-03 04:56:06";98
"2019-06-03 05:06:10";98
"2019-06-03 05:16:05";98
"2019-06-03 05:26:05";100
"2019-06-03 05:36:06";100
"2019-06-03 05:46:05";100
"2019-06-03 05:56:07";98
"2019-06-03 06:06:06";98
"2019-06-03 06:16:07";98
"2019-06-03 06:26:07";99
"2019-06-03 06:36:05";99
"2019-06-03 06:46:07";99
"2019-06-03 06:56:06";96
"2019-06-03 07:06:04";96
"2019-06-03 07:16:06";96
"2019-06-03 07:26:06";96
"2019-06-03 07:36:06";96
"2019-06-03 07:46:07";96
"2019-06-03 07:56:07";96
"2019-06-03 08:06:05";96
"2019-06-03 08:16:06";96
"2019-06-03 08:26:06";96
"2019-06-03 08:36:05";96
"2019-06-03 08:46:06";96
"2019-06-03 08:56:07";94
"2019-06-03 09:06:06";94
"2019-06-03 09:16:07";99
"2019-06-03 09:26:07";99
"2019-06-03 09:36:06";99
"2019-06-03 09:46:07";99
"2019-06-03 09:56:07";95
"2019-06-03 10:06:05";95
"2019-06-03 10:16:05";95
"2019-06-03 10:26:08";94
"2019-06-03 10:36:05";94
"2019-06-03 10:46:07";94
"2019-06-03 10:56:08";92
"2019-06-03 11:06:05";92
"2019-06-03 11:16:05";92
"2019-06-03 11:26:06";90
"2019-06-03 11:36:06";90
"2019-06-03 11:46:06";90
"2019-06-03 11:56:07";90
"2019-06-03 12:06:07";90
"2019-06-03 12:16:05";90
"2019-06-03 12:26:06";93
"2019-06-03 12:36:05";93
"2019-06-03 12:46:05";93
"2019-06-03 12:56:06";92
"2019-06-03 13:06:05";92
"2019-06-03 13:16:06";92
"2019-06-03 13:26:05";93
"2019-06-03 13:36:07";93
"2019-06-03 13:46:08";93
"2019-06-03 13:56:07";91
"2019-06-03 14:06:07";91
"2019-06-03 14:16:05";91
"2019-06-03 14:26:06";92
"2019-06-03 14:36:06";92
"2019-06-03 14:46:06";92
"2019-06-03 14:56:05";94
"2019-06-03 15:06:06";94
"2019-06-03 15:16:06";94
"2019-06-03 15:26:06";89
"2019-06-03 15:36:06";89
"2019-06-03 15:46:06";89
"2019-06-03 15:56:06";95
"2019-06-03 16:06:06";95
"2019-06-03 16:16:06";95
"2019-06-03 16:26:06";92
"2019-06-03 16:36:06";92
"2019-06-03 16:46:06";92
"2019-06-03 16:56:05";92
"2019-06-03 17:06:05";92
"2019-06-03 17:16:06";92
"2019-06-03 17:26:05";99
"2019-06-03 17:36:05";99
"2019-06-03 17:46:05";99
"2019-06-03 17:56:05";100
"2019-06-03 18:06:08";100
"2019-06-03 18:16:07";100
"2019-06-03 18:26:06";101
"2019-06-03 18:36:05";101
"2019-06-03 18:46:06";101
"2019-06-03 18:56:05";102
"2019-06-03 19:06:07";102
"2019-06-03 19:16:07";102
"2019-06-03 19:26:07";101
"2019-06-03 19:36:05";101
"2019-06-03 19:46:07";101
"2019-06-03 19:56:07";107
"2019-06-03 20:06:05";107
"2019-06-03 20:16:09";107
"2019-06-03 20:26:07";106
"2019-06-03 20:36:06";106
"2019-06-03 20:46:06";106
"2019-06-03 20:56:06";109
"2019-06-03 21:06:06";109
"2019-06-03 21:16:06";109
"2019-06-03 21:26:07";107
"2019-06-03 21:36:06";107
"2019-06-03 21:46:06";107
"2019-06-03 21:56:05";110
"2019-06-03 22:06:07";110
"2019-06-03 22:16:12";110
"2019-06-03 22:26:06";110
"2019-06-03 22:36:06";110
"2019-06-03 22:46:07";110
"2019-06-03 22:56:06";106
"2019-06-03 23:06:06";106
"2019-06-03 23:16:06";106
"2019-06-03 23:26:06";102
"2019-06-03 23:36:08";102
"2019-06-03 23:46:07";102
"2019-06-03 23:56:06";112
"2019-06-04 00:06:06";112
"2019-06-04 00:16:07";112
"2019-06-04 00:26:07";110
"2019-06-04 00:36:06";110
"2019-06-04 00:46:06";110
"2019-06-04 00:56:05";111
"2019-06-04 01:06:06";111
"2019-06-04 01:16:06";111
"2019-06-04 01:26:06";109
"2019-06-04 01:36:06";109
"2019-06-04 01:46:06";109
"2019-06-04 01:56:06";106
"2019-06-04 02:06:05";106
"2019-06-04 02:16:07";106
"2019-06-04 02:26:05";102
"2019-06-04 02:36:05";102
"2019-06-04 02:46:06";102
"2019-06-04 02:56:06";107
"2019-06-04 03:06:07";107
"2019-06-04 03:16:05";107
"2019-06-04 03:26:06";105
"2019-06-04 03:36:05";105
"2019-06-04 03:46:05";105
"2019-06-04 03:56:05";106
"2019-06-04 04:06:08";106
"2019-06-04 04:16:08";107
"2019-06-04 04:26:07";107
"2019-06-04 04:36:05";107
"2019-06-04 04:46:05";107
"2019-06-04 04:56:05";104
"2019-06-04 05:06:08";104
"2019-06-04 05:16:06";104
"2019-06-04 05:26:05";104
"2019-06-04 05:36:06";104
"2019-06-04 05:46:06";104
"2019-06-04 05:56:05";106
"2019-06-04 06:06:07";106
"2019-06-04 06:16:06";106
"2019-06-04 06:26:05";103
"2019-06-04 06:36:05";103
"2019-06-04 06:46:05";103
"2019-06-04 06:56:06";103
"2019-06-04 07:06:07";103
"2019-06-04 07:16:05";103
"2019-06-04 07:26:07";104
"2019-06-04 07:36:05";104
"2019-06-04 07:46:07";104
"2019-06-04 07:56:07";102
"2019-06-04 08:06:05";102
"2019-06-04 08:16:05";102
"2019-06-04 08:26:06";103
"2019-06-04 08:36:06";103
"2019-06-04 08:46:08";103
"2019-06-04 08:56:06";100
"2019-06-04 09:06:06";100
"2019-06-04 09:16:08";102
"2019-06-04 09:26:06";102
"2019-06-04 09:36:05";102
"2019-06-04 09:46:09";102
"2019-06-04 09:56:05";100
"2019-06-04 10:06:05";100
"2019-06-04 10:16:06";100
"2019-06-04 10:26:07";100
"2019-06-04 10:36:05";100
"2019-06-04 10:46:08";100
"2019-06-04 10:56:07";96
"2019-06-04 11:06:07";96
"2019-06-04 11:16:07";96
"2019-06-04 11:26:06";99
"2019-06-04 11:36:06";99
"2019-06-04 11:46:07";99
"2019-06-04 11:56:07";96
"2019-06-04 12:06:07";96
"2019-06-04 12:16:07";98
"2019-06-04 12:26:07";98
"2019-06-04 12:36:06";98
"2019-06-04 12:46:08";98
"2019-06-04 12:56:06";97
"2019-06-04 13:06:05";97
"2019-06-04 13:16:05";97
"2019-06-04 13:26:05";95
"2019-06-04 13:36:07";95
"2019-06-04 13:46:05";95
"2019-06-04 13:56:07";97
"2019-06-04 14:06:05";97
"2019-06-04 14:16:06";97
"2019-06-04 14:26:05";95
"2019-06-04 14:36:06";95
"2019-06-04 14:46:06";95
"2019-06-04 14:56:06";95
"2019-06-04 15:06:06";95
"2019-06-04 15:16:07";95
"2019-06-04 15:26:06";95
"2019-06-04 15:36:06";95
"2019-06-04 15:46:06";95
"2019-06-04 15:56:06";97
"2019-06-04 16:06:09";97
"2019-06-04 16:16:08";97
"2019-06-04 16:26:05";95
"2019-06-04 16:36:07";95
"2019-06-04 16:46:07";95
"2019-06-04 16:56:06";93
"2019-06-04 17:06:06";93
"2019-06-04 17:16:05";93
"2019-06-04 17:26:05";97
"2019-06-04 17:36:05";97
"2019-06-04 17:46:07";97
"2019-06-04 17:56:07";101
"2019-06-04 18:06:06";101
"2019-06-04 18:16:06";101
"2019-06-04 18:26:06";104
"2019-06-04 18:36:05";104
"2019-06-04 18:46:05";104
"2019-06-04 18:56:07";104
"2019-06-04 19:06:05";104
"2019-06-04 19:16:05";104
"2019-06-04 19:26:06";107
"2019-06-04 19:36:06";107
"2019-06-04 19:46:07";107
"2019-06-04 19:56:05";107
"2019-06-04 20:06:05";107
"2019-06-04 20:16:06";107
"2019-06-04 20:26:06";106
"2019-06-04 20:36:05";106
"2019-06-04 20:46:06";106
"2019-06-04 20:56:06";105
"2019-06-04 21:06:06";105
"2019-06-04 21:16:06";105
"2019-06-04 21:26:05";106
"2019-06-04 21:36:06";106
"2019-06-04 21:46:07";106
"2019-06-04 21:56:06";106
"2019-06-04 22:06:06";106
"2019-06-04 22:16:13";106
"2019-06-04 22:26:09";110
"2019-06-04 22:36:07";110
"2019-06-04 22:46:07";110
"2019-06-04 22:56:06";108
"2019-06-04 23:06:06";108
"2019-06-04 23:16:06";108
"2019-06-04 23:26:07";107
"2019-06-04 23:36:08";107
"2019-06-04 23:46:07";107
"2019-06-04 23:56:07";107
"2019-06-05 00:06:06";107
"2019-06-05 00:16:09";107
"2019-06-05 00:26:07";108
"2019-06-05 00:36:07";108
"2019-06-05 00:46:07";108
"2019-06-05 00:56:08";107
"2019-06-05 01:06:10";107
"2019-06-05 01:16:07";107
"2019-06-05 01:26:08";105
"2019-06-05 01:36:07";105
"2019-06-05 01:46:09";105
"2019-06-05 01:56:07";103
"2019-06-05 02:06:06";103
"2019-06-05 02:16:06";103
"2019-06-05 02:26:06";108
"2019-06-05 02:36:05";108
"2019-06-05 02:46:06";108
"2019-06-05 02:56:09";105
"2019-06-05 03:06:06";105
"2019-06-05 03:16:06";105
"2019-06-05 03:26:08";106
"2019-06-05 03:36:06";106
"2019-06-05 03:46:07";106
"2019-06-05 03:56:06";103
"2019-06-05 04:06:05";103
"2019-06-05 04:16:05";103
"2019-06-05 04:26:06";104
"2019-06-05 04:36:08";104
"2019-06-05 04:46:06";104
"2019-06-05 04:56:05";104
"2019-06-05 05:06:05";104
"2019-06-05 05:16:05";104
"2019-06-05 05:26:06";101
"2019-06-05 05:36:05";101
"2019-06-05 05:46:06";101
"2019-06-05 05:56:06";102
"2019-06-05 06:06:06";102
"2019-06-05 06:16:06";102
"2019-06-05 06:26:05";98
"2019-06-05 06:36:05";98
"2019-06-05 06:46:06";98
"2019-06-05 06:56:05";103
"2019-06-05 07:06:07";103
"2019-06-05 07:16:06";103
"2019-06-05 07:26:05";99
"2019-06-05 07:36:05";99
"2019-06-05 07:46:05";99
"2019-06-05 07:56:05";97
"2019-06-05 08:06:05";97
"2019-06-05 08:16:05";97
"2019-06-05 08:26:05";98
"2019-06-05 08:36:05";98
"2019-06-05 08:46:05";98
"2019-06-05 08:56:06";97
"2019-06-05 09:06:06";97
"2019-06-05 09:16:05";97
"2019-06-05 09:26:05";98
"2019-06-05 09:36:05";98
"2019-06-05 09:46:05";98
"2019-06-05 09:56:05";97
"2019-06-05 10:06:05";97
"2019-06-05 10:16:05";97
"2019-06-05 10:26:05";95
"2019-06-05 10:36:06";95
"2019-06-05 10:46:08";95
"2019-06-05 10:56:06";93
"2019-06-05 11:06:05";93
"2019-06-05 11:16:05";93
"2019-06-05 11:26:05";89
"2019-06-05 11:36:05";89
"2019-06-05 11:46:05";89
"2019-06-05 11:56:05";90
"2019-06-05 12:06:05";90
"2019-06-05 12:16:05";90
"2019-06-05 12:26:06";94
"2019-06-05 12:36:06";94
"2019-06-05 12:46:05";94
"2019-06-05 12:56:05";93
"2019-06-05 13:06:06";93
"2019-06-05 13:16:07";93
"2019-06-05 13:26:05";93
"2019-06-05 13:36:06";93
"2019-06-05 13:46:05";93
"2019-06-05 13:56:07";94
"2019-06-05 14:06:06";94
"2019-06-05 14:16:06";94
"2019-06-05 14:36:06";90
"2019-06-05 14:46:05";90
"2019-06-05 14:56:05";92
"2019-06-05 15:06:05";92
"2019-06-05 15:16:05";92
"2019-06-05 15:26:05";93
"2019-06-05 15:36:06";93
"2019-06-05 15:46:06";93
"2019-06-05 15:56:05";89
"2019-06-05 16:06:05";89
"2019-06-05 16:16:06";89
"2019-06-05 16:26:05";94
"2019-06-05 16:36:06";94
"2019-06-05 16:46:05";94
"2019-06-05 16:56:05";93
"2019-06-05 17:06:07";93
"2019-06-05 17:16:06";93
"2019-06-05 17:26:06";90
"2019-06-05 17:36:06";90
"2019-06-05 17:46:05";90
"2019-06-05 17:56:05";94
"2019-06-05 18:06:06";94
"2019-06-05 18:16:06";94
"2019-06-05 18:26:07";95
"2019-06-05 18:36:05";95
"2019-06-05 18:46:05";95
"2019-06-05 18:56:05";94
"2019-06-05 19:06:05";94
"2019-06-05 19:16:07";94
"2019-06-05 19:26:05";97
"2019-06-05 19:36:06";97
"2019-06-05 19:46:06";97
"2019-06-05 19:56:06";105
"2019-06-05 20:06:06";105
"2019-06-05 20:16:09";105
"2019-06-05 20:26:07";103
"2019-06-05 20:36:08";103
"2019-06-05 20:46:08";103
"2019-06-05 20:56:07";106
"2019-06-05 21:06:06";106
"2019-06-05 21:16:07";106
"2019-06-05 21:26:07";105
"2019-06-05 21:36:05";105
"2019-06-05 21:46:06";105
"2019-06-05 21:56:06";107
"2019-06-05 22:06:07";107
"2019-06-05 22:16:07";107
"2019-06-05 22:26:07";107
"2019-06-05 22:36:10";107
"2019-06-05 22:46:07";107
"2019-06-05 22:56:06";106
"2019-06-05 23:06:05";106
"2019-06-05 23:16:06";106
"2019-06-05 23:26:06";111
"2019-06-05 23:36:06";111
"2019-06-05 23:46:10";111
"2019-06-05 23:56:06";111
"2019-06-06 00:06:06";111
"2019-06-06 00:16:07";111
"2019-06-06 00:26:06";110
"2019-06-06 00:36:06";110
"2019-06-06 00:46:07";110
"2019-06-06 00:56:07";111
"2019-06-06 01:06:07";111
"2019-06-06 01:16:07";111
"2019-06-06 01:26:08";107
"2019-06-06 01:36:07";107
"2019-06-06 01:46:09";107
"2019-06-06 01:56:07";108
"2019-06-06 02:06:06";108
"2019-06-06 02:16:06";108
"2019-06-06 02:26:07";105
"2019-06-06 02:36:07";105
"2019-06-06 02:46:08";105
"2019-06-06 02:56:06";106
"2019-06-06 03:06:06";106
"2019-06-06 03:16:06";106
"2019-06-06 03:26:06";104
"2019-06-06 03:36:05";104
"2019-06-06 03:46:06";104
"2019-06-06 03:56:06";105
"2019-06-06 04:06:05";105
"2019-06-06 04:16:06";105
"2019-06-06 04:26:05";108
"2019-06-06 04:36:06";108
"2019-06-06 04:46:06";108
"2019-06-06 04:56:08";104
"2019-06-06 05:06:09";104
"2019-06-06 05:16:07";102
"2019-06-06 05:26:05";102
"2019-06-06 05:36:06";102
"2019-06-06 05:46:05";102
"2019-06-06 05:56:05";102
"2019-06-06 06:06:07";102
"2019-06-06 06:16:06";102
"2019-06-06 06:26:06";102
"2019-06-06 06:36:08";102
"2019-06-06 06:46:05";102
"2019-06-06 06:56:06";100
"2019-06-06 07:06:06";100
"2019-06-06 07:16:06";100
"2019-06-06 07:26:06";100
"2019-06-06 07:36:05";100
"2019-06-06 07:46:05";100
"2019-06-06 07:56:07";98
"2019-06-06 08:06:06";98
"2019-06-06 08:16:05";98
"2019-06-06 08:26:05";98
"2019-06-06 08:36:07";98
"2019-06-06 08:46:05";98
"2019-06-06 08:56:07";97
"2019-06-06 09:06:05";97
"2019-06-06 09:16:07";97
"2019-06-06 09:26:07";98
"2019-06-06 09:36:05";98
"2019-06-06 09:46:06";98
"2019-06-06 09:56:08";94
"2019-06-06 10:06:06";94
"2019-06-06 10:16:05";94
"2019-06-06 10:26:06";97
"2019-06-06 10:36:05";97
"2019-06-06 10:46:07";97
"2019-06-06 10:56:07";95
"2019-06-06 11:06:05";95
"2019-06-06 11:16:05";95
"2019-06-06 11:26:05";97
"2019-06-06 11:36:05";97
"2019-06-06 11:46:05";97
"2019-06-06 11:56:05";92
"2019-06-06 12:06:05";92
"2019-06-06 12:16:05";92
"2019-06-06 12:26:06";94
"2019-06-06 12:36:05";94
"2019-06-06 12:46:05";94
"2019-06-06 12:56:05";95
"2019-06-06 13:06:07";95
"2019-06-06 13:16:05";95
"2019-06-06 13:26:07";95
"2019-06-06 13:36:06";95
"2019-06-06 13:46:06";95
"2019-06-06 13:56:05";88
"2019-06-06 14:06:06";88
"2019-06-06 14:16:06";88
"2019-06-06 14:26:05";90
"2019-06-06 14:36:05";90
"2019-06-06 14:46:06";90
"2019-06-06 14:56:06";90
"2019-06-06 15:06:05";90
"2019-06-06 15:16:07";90
"2019-06-06 15:26:07";87
"2019-06-06 15:36:06";87
"2019-06-06 15:46:07";87
"2019-06-06 15:56:07";91
"2019-06-06 16:06:06";91
"2019-06-06 16:16:06";91
"2019-06-06 16:26:05";92
"2019-06-06 16:36:05";92
"2019-06-06 16:46:07";92
"2019-06-06 16:56:05";87
"2019-06-06 17:06:05";87
"2019-06-06 17:16:07";87
"2019-06-06 17:26:06";89
"2019-06-06 17:36:05";89
"2019-06-06 17:46:05";89
"2019-06-06 17:56:07";91
"2019-06-06 18:06:06";91
"2019-06-06 18:16:07";91
"2019-06-06 18:26:05";91
"2019-06-06 18:36:07";89
"2019-06-06 18:46:05";89
"2019-06-06 18:56:05";88
"2019-06-06 19:06:06";88
"2019-06-06 19:16:07";88
"2019-06-06 19:26:05";86
"2019-06-06 19:36:05";86
"2019-06-06 19:46:06";86
"2019-06-06 19:56:05";86
"2019-06-06 20:06:05";86
"2019-06-06 20:16:07";86
"2019-06-06 20:26:05";87
"2019-06-06 20:36:07";87
"2019-06-06 20:46:06";87
"2019-06-06 20:56:05";87
"2019-06-06 21:06:06";87
"2019-06-06 21:16:07";87
"2019-06-06 21:26:06";87
"2019-06-06 21:36:05";87
"2019-06-06 21:46:10";87
"2019-06-06 21:56:06";88
"2019-06-06 22:06:07";88
"2019-06-06 22:16:11";88
"2019-06-06 22:26:09";85
"2019-06-06 22:36:07";85
"2019-06-06 22:46:10";85
"2019-06-06 22:56:05";87
"2019-06-06 23:06:06";87
"2019-06-06 23:16:06";87
"2019-06-06 23:26:05";84
"2019-06-06 23:36:06";84
"2019-06-06 23:46:06";84
"2019-06-06 23:56:06";84
"2019-06-07 00:06:07";87
"2019-06-07 00:16:09";87
"2019-06-07 00:26:08";84
"2019-06-07 00:36:09";84
"2019-06-07 00:46:07";84
"2019-06-07 00:56:07";86
"2019-06-07 01:06:09";86
"2019-06-07 01:16:07";86
"2019-06-07 01:26:07";87
"2019-06-07 01:36:07";87
"2019-06-07 01:46:09";87
"2019-06-07 01:56:07";83
"2019-06-07 02:06:06";83
"2019-06-07 02:16:08";83
"2019-06-07 02:26:06";85
"2019-06-07 02:36:06";85
"2019-06-07 02:46:06";85
"2019-06-07 02:56:06";86
"2019-06-07 03:06:07";86
"2019-06-07 03:16:05";86
"2019-06-07 03:26:06";84
"2019-06-07 03:36:06";84
"2019-06-07 03:46:06";84
"2019-06-07 03:56:06";84
"2019-06-07 04:06:07";84
"2019-06-07 04:16:06";84
"2019-06-07 04:26:06";85
"2019-06-07 04:36:06";85
"2019-06-07 04:46:06";85
"2019-06-07 04:56:06";84
"2019-06-07 05:06:08";84
"2019-06-07 05:16:07";84
"2019-06-07 05:26:07";84
"2019-06-07 05:36:06";83
"2019-06-07 05:46:06";83
"2019-06-07 05:56:07";84
"2019-06-07 06:06:05";84
"2019-06-07 06:16:07";84
"2019-06-07 06:26:06";82
"2019-06-07 06:36:06";82
"2019-06-07 06:46:06";83
"2019-06-07 06:56:05";83
"2019-06-07 07:06:05";83
"2019-06-07 07:16:08";83
"2019-06-07 07:26:06";84
"2019-06-07 07:36:06";84
"2019-06-07 07:46:06";84
"2019-06-07 07:56:07";83
"2019-06-07 08:06:05";83
"2019-06-07 08:16:07";83
"2019-06-07 08:26:05";82
"2019-06-07 08:36:05";82
"2019-06-07 08:46:07";82
"2019-06-07 08:56:07";81
"2019-06-07 09:06:05";81
"2019-06-07 09:16:07";81
"2019-06-07 09:26:06";81
"2019-06-07 09:36:05";81
"2019-06-07 09:46:07";81
"2019-06-07 09:56:07";82
"2019-06-07 10:06:05";82
"2019-06-07 10:16:06";82
"2019-06-07 10:26:06";81
"2019-06-07 10:36:06";81
"2019-06-07 10:46:06";81
"2019-06-07 10:56:07";82
"2019-06-07 11:06:06";82
"2019-06-07 11:16:05";82
"2019-06-07 11:26:05";84
"2019-06-07 11:36:07";84
"2019-06-07 11:46:06";84
"2019-06-07 11:56:09";83
"2019-06-07 12:06:05";83
"2019-06-07 12:16:05";83
"2019-06-07 12:26:05";82
"2019-06-07 12:36:05";82
"2019-06-07 12:46:06";82
"2019-06-07 12:56:06";79
"2019-06-07 13:06:06";79
"2019-06-07 13:16:05";82
"2019-06-07 13:26:06";82
"2019-06-07 13:36:07";82
"2019-06-07 13:46:06";82
"2019-06-07 13:56:06";80
"2019-06-07 14:06:06";80
"2019-06-07 14:16:08";80
"2019-06-07 14:26:07";80
"2019-06-07 14:36:08";79
"2019-06-07 14:46:07";79
"2019-06-07 14:56:06";78
"2019-06-07 15:06:06";78
"2019-06-07 15:16:05";78
"2019-06-07 15:26:06";81
"2019-06-07 15:36:05";81
"2019-06-07 15:46:07";81
"2019-06-07 15:56:06";81
"2019-06-07 16:06:06";80
"2019-06-07 16:16:07";80
"2019-06-07 16:26:06";79
"2019-06-07 16:36:05";79
"2019-06-07 16:46:05";79
"2019-06-07 16:56:05";79
"2019-06-07 17:06:06";79
"2019-06-07 17:16:06";79
"2019-06-07 17:26:07";79
"2019-06-07 17:36:06";79
"2019-06-07 17:46:06";79
"2019-06-07 17:56:08";79
"2019-06-07 18:06:06";79
"2019-06-07 18:16:05";79
"2019-06-07 18:26:05";80
"2019-06-07 18:36:05";80
"2019-06-07 18:46:07";80
"2019-06-07 18:56:07";83
"2019-06-07 19:06:07";83
"2019-06-07 19:16:09";83
"2019-06-07 19:26:07";83
"2019-06-07 19:36:06";83
"2019-06-07 19:46:05";83
"2019-06-07 19:56:07";82
"2019-06-07 20:06:05";82
"2019-06-07 20:16:08";82
"2019-06-07 20:26:05";81
"2019-06-07 20:36:06";81
"2019-06-07 20:46:06";81
"2019-06-07 20:56:06";80
"2019-06-07 21:06:06";80
"2019-06-07 21:16:07";80
"2019-06-07 21:26:06";84
"2019-06-07 21:36:05";84
"2019-06-07 21:46:06";84
"2019-06-07 21:56:06";83
"2019-06-07 22:06:07";83
"2019-06-07 22:16:09";83
"2019-06-07 22:26:09";83
"2019-06-07 22:36:07";83
"2019-06-07 22:46:07";83
"2019-06-07 22:56:06";85
"2019-06-07 23:06:06";85
"2019-06-07 23:16:07";85
"2019-06-07 23:26:05";84
"2019-06-07 23:36:07";84
"2019-06-07 23:46:07";84
"2019-06-07 23:56:06";84
"2019-06-08 00:06:07";84
"2019-06-08 00:16:08";84
"2019-06-08 00:26:07";86
"2019-06-08 00:36:07";86
"2019-06-08 00:46:08";86
"2019-06-08 00:56:07";85
"2019-06-08 02:26:07";86
"2019-06-08 02:36:07";86
"2019-06-08 02:46:06";86
"2019-06-08 02:56:06";84
"2019-06-08 03:06:06";84
"2019-06-08 03:16:08";84
"2019-06-08 03:26:06";86
"2019-06-08 03:36:07";86
"2019-06-08 03:46:07";88
"2019-06-08 03:56:06";88
"2019-06-08 04:06:09";88
"2019-06-08 04:16:05";88
"2019-06-08 04:26:06";83
"2019-06-08 04:36:06";83
"2019-06-08 04:46:06";83
"2019-06-08 04:56:05";83
"2019-06-08 05:06:06";83
"2019-06-08 05:16:06";83
"2019-06-08 05:26:08";87
"2019-06-08 05:36:06";87
"2019-06-08 05:46:07";87
"2019-06-08 05:56:06";85
"2019-06-08 06:06:06";85
"2019-06-08 06:16:06";85
"2019-06-08 06:26:06";86
"2019-06-08 06:36:05";86
"2019-06-08 06:46:05";86
"2019-06-08 06:56:05";87
"2019-06-08 07:06:06";87
"2019-06-08 07:16:06";87
"2019-06-08 07:26:06";84
"2019-06-08 07:36:05";84
"2019-06-08 07:46:05";84
"2019-06-08 07:56:05";84
"2019-06-08 08:06:05";84
"2019-06-08 08:16:05";84
"2019-06-08 08:26:05";83
"2019-06-08 08:36:05";83
"2019-06-08 08:46:05";84
"2019-06-08 08:56:05";84
"2019-06-08 09:06:05";84
"2019-06-08 09:16:06";84
"2019-06-08 09:26:05";86
"2019-06-08 09:36:05";86
"2019-06-08 09:46:06";86
"2019-06-08 09:56:06";85
"2019-06-08 10:06:05";85
"2019-06-08 10:16:07";83
"2019-06-08 10:26:05";83
"2019-06-08 10:36:05";83
"2019-06-08 10:46:05";83
"2019-06-08 10:56:06";82
"2019-06-08 11:06:05";82
"2019-06-08 11:16:06";82
"2019-06-08 11:26:05";82
"2019-06-08 11:36:05";82
"2019-06-08 11:46:05";84
"2019-06-08 11:56:06";84
"2019-06-08 12:06:05";84
"2019-06-08 12:16:05";84
"2019-06-08 12:26:05";83
"2019-06-08 12:36:05";83
"2019-06-08 12:46:05";83
"2019-06-08 12:56:07";85
"2019-06-08 13:06:05";85
"2019-06-08 13:16:05";85
"2019-06-08 13:26:05";84
"2019-06-08 13:36:05";84
"2019-06-08 13:46:06";84
"2019-06-08 13:56:06";81
"2019-06-08 14:06:05";81
"2019-06-08 14:16:05";81
"2019-06-08 14:26:05";83
"2019-06-08 14:36:05";83
"2019-06-08 14:46:06";83
"2019-06-08 14:56:06";84
"2019-06-08 15:06:05";84
"2019-06-08 15:16:05";84
"2019-06-08 15:26:06";85
"2019-06-08 15:36:05";85
"2019-06-08 15:46:06";85
"2019-06-08 15:56:05";84
"2019-06-08 16:06:05";84
"2019-06-08 16:16:05";84
"2019-06-08 16:26:06";85
"2019-06-08 16:36:05";85
"2019-06-08 16:46:05";85
"2019-06-08 16:56:07";87
"2019-06-08 17:06:06";87
"2019-06-08 17:16:05";87
"2019-06-08 17:26:05";86
"2019-06-08 17:36:06";86
"2019-06-08 17:46:05";86
"2019-06-08 17:56:05";88
"2019-06-08 18:06:05";88
"2019-06-08 18:16:06";88
"2019-06-08 18:26:06";90
"2019-06-08 18:36:06";90
"2019-06-08 18:46:05";90
"2019-06-08 18:56:05";90
"2019-06-08 19:06:06";90
"2019-06-08 19:16:06";90
"2019-06-08 19:26:06";92
"2019-06-08 19:36:05";92
"2019-06-08 19:46:05";92
"2019-06-08 19:56:07";92
"2019-06-08 20:06:07";92
"2019-06-08 20:16:07";92
"2019-06-08 20:26:05";93
"2019-06-08 20:36:07";93
"2019-06-08 20:46:06";93
"2019-06-08 20:56:06";93
"2019-06-08 21:06:05";93
"2019-06-08 21:16:06";93
"2019-06-08 21:26:06";96
"2019-06-08 21:36:07";96
"2019-06-08 21:46:06";96
"2019-06-08 21:56:06";91
"2019-06-08 22:06:07";91
"2019-06-08 22:16:07";96
"2019-06-08 22:26:07";96
"2019-06-08 22:36:08";96
"2019-06-08 22:46:09";96
"2019-06-08 22:56:06";95
"2019-06-08 23:06:06";95
"2019-06-08 23:16:06";98
"2019-06-08 23:26:06";98
"2019-06-08 23:36:07";98
"2019-06-08 23:46:07";98
"2019-06-08 23:56:06";96
"2019-06-09 00:06:10";96
"2019-06-09 00:16:09";96
"2019-06-09 00:26:08";97
"2019-06-09 00:36:08";97
"2019-06-09 00:46:08";97
"2019-06-09 00:56:07";98
"2019-06-09 01:06:07";98
"2019-06-09 01:16:08";98
"2019-06-09 01:26:08";97
"2019-06-09 01:36:08";97
"2019-06-09 01:46:10";97
"2019-06-09 01:56:08";96
"2019-06-09 02:06:06";96
"2019-06-09 02:16:06";96
"2019-06-09 02:26:06";95
"2019-06-09 02:36:05";95
"2019-06-09 02:46:06";95
"2019-06-09 02:56:06";93
"2019-06-09 03:06:06";93
"2019-06-09 03:16:05";94
"2019-06-09 03:26:08";94
"2019-06-09 03:36:05";94
"2019-06-09 03:46:07";94
"2019-06-09 03:56:07";95
"2019-06-09 04:06:09";95
"2019-06-09 04:16:06";95
"2019-06-09 04:26:06";92
"2019-06-09 04:36:06";92
"2019-06-09 04:46:05";92
"2019-06-09 04:56:06";90
"2019-06-09 05:06:06";90
"2019-06-09 05:16:05";90
"2019-06-09 05:26:06";90
"2019-06-09 05:36:05";90
"2019-06-09 05:46:06";90
"2019-06-09 05:56:06";90
"2019-06-09 06:06:05";90
"2019-06-09 06:16:05";90
"2019-06-09 06:26:07";92
"2019-06-09 06:36:05";92
"2019-06-09 06:46:06";89
"2019-06-09 06:56:06";89
"2019-06-09 07:06:05";89
"2019-06-09 07:16:05";89
"2019-06-09 07:26:05";87
"2019-06-09 07:36:05";87
"2019-06-09 07:46:06";87
"2019-06-09 07:56:06";91
"2019-06-09 08:06:05";91
"2019-06-09 08:16:05";91
"2019-06-09 08:26:05";90
"2019-06-09 08:36:04";90
"2019-06-09 08:46:05";90
"2019-06-09 08:56:07";90
"2019-06-09 09:06:05";90
"2019-06-09 09:16:06";90
"2019-06-09 09:26:06";88
"2019-06-09 09:36:06";88
"2019-06-09 09:46:05";89
"2019-06-09 09:56:05";89
"2019-06-09 10:06:05";89
"2019-06-09 10:16:06";89
"2019-06-09 10:26:06";87
"2019-06-09 10:36:05";87
"2019-06-09 10:46:06";87
"2019-06-09 10:56:07";87
"2019-06-09 11:06:05";87
"2019-06-09 11:16:05";87
"2019-06-09 11:26:05";86
"2019-06-09 11:36:05";86
"2019-06-09 11:46:06";86
"2019-06-09 11:56:05";86
"2019-06-09 12:06:07";86
"2019-06-09 12:16:05";86
"2019-06-09 12:26:07";87
"2019-06-09 12:36:05";87
"2019-06-09 12:46:06";87
"2019-06-09 12:56:05";86
"2019-06-09 13:06:09";86
"2019-06-09 13:16:09";84
"2019-06-09 13:26:06";84
"2019-06-09 13:36:06";84
"2019-06-09 13:46:06";84
"2019-06-09 13:56:07";85
"2019-06-09 14:06:07";85
"2019-06-09 14:16:05";85
"2019-06-09 14:26:06";85
"2019-06-09 14:36:05";85
"2019-06-09 14:46:06";85
"2019-06-09 14:56:06";85
"2019-06-09 15:06:05";85
"2019-06-09 15:16:05";85
"2019-06-09 15:26:05";83
"2019-06-09 15:36:05";83
"2019-06-09 15:46:05";83
"2019-06-09 15:56:06";82
"2019-06-09 16:06:05";82
"2019-06-09 16:16:05";82
"2019-06-09 16:26:06";84
"2019-06-09 16:36:06";84
"2019-06-09 16:46:06";84
"2019-06-09 16:56:05";84
"2019-06-09 17:06:06";84
"2019-06-09 17:16:06";84
"2019-06-09 17:26:06";83
"2019-06-09 17:36:07";83
"2019-06-09 17:46:06";83
"2019-06-09 17:56:07";83
"2019-06-09 18:06:06";83
"2019-06-09 18:16:05";83
"2019-06-09 18:26:05";84
"2019-06-09 18:36:05";84
"2019-06-09 18:46:06";84
"2019-06-09 18:56:07";84
"2019-06-09 19:06:07";84
"2019-06-09 19:16:08";84
"2019-06-09 19:26:07";84
"2019-06-09 19:36:06";84
"2019-06-09 19:46:06";84
"2019-06-09 19:56:05";87
"2019-06-09 20:06:05";87
"2019-06-09 20:16:09";87
"2019-06-09 20:26:08";86
"2019-06-09 20:36:06";86
"2019-06-09 20:46:06";86
"2019-06-09 20:56:06";83
"2019-06-09 21:06:06";83
"2019-06-09 21:16:06";83
"2019-06-09 21:26:06";87
"2019-06-09 21:36:06";87
"2019-06-09 21:46:09";87
"2019-06-09 21:56:06";86
"2019-06-09 22:06:06";86
"2019-06-09 22:16:07";86
"2019-06-09 22:26:07";87
"2019-06-09 22:36:07";87
"2019-06-09 22:46:07";87
"2019-06-09 22:56:06";89
"2019-06-09 23:06:05";89
"2019-06-09 23:16:06";89
"2019-06-09 23:26:05";92
"2019-06-09 23:36:08";92
"2019-06-09 23:46:08";92
"2019-06-09 23:56:08";88
"2019-06-10 00:06:08";88
"2019-06-10 00:16:07";87
"2019-06-10 00:26:07";87
"2019-06-10 00:36:08";87
"2019-06-10 00:46:06";87
"2019-06-10 00:56:07";87
"2019-06-10 01:06:07";87
"2019-06-10 01:16:08";87
"2019-06-10 01:26:10";90
"2019-06-10 01:36:08";90
"2019-06-10 01:46:08";90
"2019-06-10 01:56:07";91
"2019-06-10 02:06:06";91
"2019-06-10 02:16:06";91
"2019-06-10 02:26:05";90
"2019-06-10 02:36:06";90
"2019-06-10 02:46:07";90
"2019-06-10 02:56:07";89
"2019-06-10 03:06:05";89
"2019-06-10 03:16:05";89
"2019-06-10 03:26:06";90
"2019-06-10 03:36:05";90
"2019-06-10 03:46:06";90
"2019-06-10 03:56:06";89
"2019-06-10 04:06:05";89
"2019-06-10 04:16:06";89
"2019-06-10 04:26:06";89
"2019-06-10 04:36:07";89
"2019-06-10 04:46:06";89
"2019-06-10 04:56:07";89
"2019-06-10 05:06:06";89
"2019-06-10 05:16:06";89
"2019-06-10 05:26:07";89
"2019-06-10 05:36:05";89
"2019-06-10 05:46:10";91
"2019-06-10 05:56:07";91
"2019-06-10 06:06:05";91
"2019-06-10 06:16:07";91
"2019-06-10 06:26:05";89
"2019-06-10 06:36:05";89
"2019-06-10 06:46:06";89
"2019-06-10 06:56:08";91
"2019-06-10 07:06:05";91
"2019-06-10 07:16:06";91
"2019-06-10 07:26:05";91
"2019-06-10 07:36:06";91
"2019-06-10 07:46:06";91
"2019-06-10 07:56:06";90
"2019-06-10 08:06:06";90
"2019-06-10 08:16:06";90
"2019-06-10 08:26:05";90
"2019-06-10 08:36:05";90
"2019-06-10 08:46:05";90
"2019-06-10 08:56:05";90
"2019-06-10 09:06:05";90
"2019-06-10 09:16:05";90
"2019-06-10 09:26:05";88
"2019-06-10 09:36:06";88
"2019-06-10 09:46:05";88
"2019-06-10 09:56:05";89
"2019-06-10 10:06:05";89
"2019-06-10 10:16:07";89
"2019-06-10 10:26:06";91
"2019-06-10 10:36:05";91
"2019-06-10 10:46:07";91
"2019-06-10 10:56:06";90
"2019-06-10 11:06:06";90
"2019-06-10 11:16:06";90
"2019-06-10 11:26:05";88
"2019-06-10 11:36:05";88
"2019-06-10 11:46:05";88
"2019-06-10 11:56:07";88
"2019-06-10 12:06:05";88
"2019-06-10 12:16:05";88
"2019-06-10 12:26:06";87
"2019-06-10 12:36:05";87
"2019-06-10 12:46:05";87
"2019-06-10 12:56:06";91
"2019-06-10 13:06:05";91
"2019-06-10 13:16:05";91
"2019-06-10 13:26:04";87
"2019-06-10 13:36:07";87
"2019-06-10 13:46:05";87
"2019-06-10 13:56:05";89
"2019-06-10 14:06:05";89
"2019-06-10 14:16:05";89
"2019-06-10 14:26:05";89
"2019-06-10 14:36:06";89
"2019-06-10 14:46:05";89
"2019-06-10 14:56:06";95
"2019-06-10 15:06:06";95
"2019-06-10 15:16:06";95
"2019-06-10 15:46:06";99
"2019-06-10 15:56:07";106
"2019-06-10 16:06:06";106
"2019-06-10 16:16:05";106
"2019-06-10 16:26:05";105
"2019-06-10 16:36:05";105
"2019-06-10 16:46:05";105
"2019-06-10 16:56:06";107
"2019-06-10 17:06:05";107
"2019-06-10 17:16:06";107
"2019-06-10 17:26:05";108
"2019-06-10 17:36:05";108
"2019-06-10 17:46:06";108
"2019-06-10 17:56:05";109
"2019-06-10 18:06:07";109
"2019-06-10 18:16:07";109
"2019-06-10 18:26:07";108
"2019-06-10 18:36:05";108
"2019-06-10 18:46:06";108
"2019-06-10 18:56:07";109
"2019-06-10 19:06:05";109
"2019-06-10 19:16:06";109
"2019-06-10 19:26:05";112
"2019-06-10 19:36:05";112
"2019-06-10 19:46:06";112
"2019-06-10 19:56:06";110
"2019-06-10 20:06:08";110
"2019-06-10 20:16:06";110
"2019-06-10 20:26:06";114
"2019-06-10 20:36:06";114
"2019-06-10 20:46:06";114
"2019-06-10 20:56:05";114
"2019-06-10 21:06:06";114
"2019-06-10 21:16:06";114
"2019-06-10 21:26:06";109
"2019-06-10 21:36:05";109
"2019-06-10 21:46:06";109
"2019-06-10 21:56:06";113
"2019-06-10 22:06:07";113
"2019-06-10 22:16:07";113
"2019-06-10 22:26:06";117
"2019-06-10 22:36:08";117
"2019-06-10 22:46:09";117
"2019-06-10 22:56:05";111
"2019-06-10 23:06:08";111
"2019-06-10 23:16:06";111
"2019-06-10 23:26:05";111
"2019-06-10 23:36:07";111
"2019-06-10 23:46:07";111
"2019-06-10 23:56:06";109
"2019-06-11 00:06:07";109
"2019-06-11 00:16:10";109
"2019-06-11 00:26:08";113
"2019-06-11 00:36:06";113
"2019-06-11 00:46:07";113
"2019-06-11 00:56:08";113
"2019-06-11 01:06:07";113
"2019-06-11 01:16:07";113
"2019-06-11 01:26:08";120
"2019-06-11 01:36:07";120
"2019-06-11 01:46:07";120
"2019-06-11 01:56:07";117
"2019-06-11 02:06:06";117
"2019-06-11 02:16:06";123
"2019-06-11 02:26:06";123
"2019-06-11 02:36:05";123
"2019-06-11 02:46:06";123
"2019-06-11 02:56:06";123
"2019-06-11 03:06:06";123
"2019-06-11 03:16:05";123
"2019-06-11 03:26:05";117
"2019-06-11 03:36:05";117
"2019-06-11 03:46:06";117
"2019-06-11 03:56:07";125
"2019-06-11 04:06:06";125
"2019-06-11 04:16:06";125
"2019-06-11 04:26:06";123
"2019-06-11 04:36:05";123
"2019-06-11 04:46:06";123
"2019-06-11 04:56:07";124
"2019-06-11 05:06:06";124
"2019-06-11 05:16:05";124
"2019-06-11 05:26:07";125
"2019-06-11 05:36:05";125
"2019-06-11 05:46:07";121
"2019-06-11 05:56:07";121
"2019-06-11 06:06:05";121
"2019-06-11 06:16:05";121
"2019-06-11 06:26:05";121
"2019-06-11 06:36:06";121
"2019-06-11 06:46:05";121
"2019-06-11 06:56:06";117
"2019-06-11 07:06:05";117
"2019-06-11 07:16:05";117
"2019-06-11 07:26:07";119
"2019-06-11 07:36:05";119
"2019-06-11 07:46:05";119
"2019-06-11 07:56:05";113
"2019-06-11 08:06:05";113
"2019-06-11 08:16:05";113
"2019-06-11 08:26:06";113
"2019-06-11 08:36:05";113
"2019-06-11 08:46:06";113
"2019-06-11 08:56:07";119
"2019-06-11 09:06:07";119
"2019-06-11 09:16:06";119
"2019-06-11 09:26:05";114
"2019-06-11 09:36:07";114
"2019-06-11 09:46:05";116
"2019-06-11 09:56:07";116
"2019-06-11 10:06:07";116
"2019-06-11 10:16:06";116
"2019-06-11 10:26:07";117
"2019-06-11 10:36:07";117
"2019-06-11 10:46:07";117
"2019-06-11 10:56:07";117
"2019-06-11 11:06:06";111
"2019-06-11 11:16:05";111
"2019-06-11 11:26:05";111
"2019-06-11 11:36:05";111
"2019-06-11 11:46:06";111
"2019-06-11 11:56:05";115
"2019-06-11 12:06:06";115
"2019-06-11 12:16:06";115
"2019-06-11 12:26:06";121
"2019-06-11 12:36:05";121
"2019-06-11 12:46:05";121
"2019-06-11 12:56:05";114
"2019-06-11 13:06:05";114
"2019-06-11 13:16:05";114
"2019-06-11 13:26:07";112
"2019-06-11 13:36:07";112
"2019-06-11 13:46:06";112
"2019-06-11 13:56:05";111
"2019-06-11 14:06:05";111
"2019-06-11 14:16:07";111
"2019-06-11 14:26:05";114
"2019-06-11 14:36:06";114
"2019-06-11 14:46:05";114
"2019-06-11 14:56:05";111
"2019-06-11 15:06:05";111
"2019-06-11 15:16:06";111
"2019-06-11 15:26:05";114
"2019-06-11 15:36:05";114
"2019-06-11 15:46:07";114
"2019-06-11 15:56:05";109
"2019-06-11 16:06:05";109
"2019-06-11 16:16:06";109
"2019-06-11 16:26:05";104
"2019-06-11 16:36:05";104
"2019-06-11 16:46:07";104
"2019-06-11 16:56:06";109
"2019-06-11 17:06:09";109
"2019-06-11 17:16:05";109
"2019-06-11 17:26:05";109
"2019-06-11 17:36:06";107
"2019-06-11 17:46:05";107
"2019-06-11 17:56:05";105
"2019-06-11 18:06:05";105
"2019-06-11 18:16:05";105
"2019-06-11 18:26:05";105
"2019-06-11 18:36:07";105
"2019-06-11 18:46:05";105
"2019-06-11 18:56:05";105
"2019-06-11 19:06:05";105
"2019-06-11 19:16:05";105
"2019-06-11 19:26:05";107
"2019-06-11 19:36:06";107
"2019-06-11 19:46:06";105
"2019-06-11 19:56:06";105
"2019-06-11 20:06:06";105
"2019-06-11 20:16:06";105
"2019-06-11 20:26:05";107
"2019-06-11 20:36:05";107
"2019-06-11 20:46:06";107
"2019-06-11 20:56:06";106
"2019-06-11 21:06:07";106
"2019-06-11 21:16:09";106
"2019-06-11 21:26:06";105
"2019-06-11 21:36:06";105
"2019-06-11 21:46:06";105
"2019-06-11 21:56:06";106
"2019-06-11 22:06:07";106
"2019-06-11 22:16:08";106
"2019-06-11 22:26:07";103
"2019-06-11 22:36:07";103
"2019-06-11 22:46:09";103
"2019-06-11 22:56:06";104
"2019-06-11 23:06:06";104
"2019-06-11 23:16:06";104
"2019-06-11 23:26:06";102
"2019-06-11 23:36:06";102
"2019-06-11 23:46:07";102
"2019-06-11 23:56:07";104
"2019-06-12 00:06:08";104
"2019-06-12 00:16:09";104
"2019-06-12 00:26:06";104
"2019-06-12 00:36:07";104
"2019-06-12 00:46:07";104
"2019-06-12 00:56:07";101
"2019-06-12 01:06:06";101
"2019-06-12 01:16:07";105
"2019-06-12 01:26:10";105
"2019-06-12 01:36:06";105
"2019-06-12 01:46:07";105
"2019-06-12 01:56:07";101
"2019-06-12 02:06:06";101
"2019-06-12 02:16:05";101
"2019-06-12 02:26:06";101
"2019-06-12 02:36:05";101
"2019-06-12 02:46:09";101
"2019-06-12 02:56:06";103
"2019-06-12 03:06:06";103
"2019-06-12 03:16:08";103
"2019-06-12 03:26:05";100
"2019-06-12 03:36:05";100
"2019-06-12 03:46:06";100
"2019-06-12 03:56:06";101
"2019-06-12 04:06:06";101
"2019-06-12 04:16:05";101
"2019-06-12 04:26:06";100
"2019-06-12 04:36:08";100
"2019-06-12 04:46:06";100
"2019-06-12 04:56:06";98
"2019-06-12 05:06:10";98
"2019-06-12 05:16:06";98
"2019-06-12 05:26:06";97
"2019-06-12 05:36:05";97
"2019-06-12 05:46:06";97
"2019-06-12 05:56:07";96
"2019-06-12 06:06:06";96
"2019-06-12 06:16:06";96
"2019-06-12 06:26:05";98
"2019-06-12 06:36:05";98
"2019-06-12 06:46:07";98
"2019-06-12 06:56:06";97
"2019-06-12 07:06:05";97
"2019-06-12 07:16:05";97
"2019-06-12 07:26:05";98
"2019-06-12 07:36:07";98
"2019-06-12 07:46:07";98
"2019-06-12 07:56:06";96
"2019-06-12 08:06:06";96
"2019-06-12 08:16:05";96
"2019-06-12 08:26:06";94
"2019-06-12 08:36:06";94
"2019-06-12 08:46:06";94
"2019-06-12 08:56:06";98
"2019-06-12 09:06:06";98
"2019-06-12 09:16:08";98
"2019-06-12 09:26:05";96
"2019-06-12 09:36:05";96
"2019-06-12 09:46:05";96
"2019-06-12 09:56:05";93
"2019-06-12 10:06:06";93
"2019-06-12 10:16:07";93
"2019-06-12 10:26:07";94
"2019-06-12 10:36:06";94
"2019-06-12 10:46:07";94
"2019-06-12 10:56:06";91
"2019-06-12 11:06:07";91
"2019-06-12 11:16:07";91
"2019-06-12 11:26:06";92
"2019-06-12 11:36:05";92
"2019-06-12 11:46:05";92
"2019-06-12 11:56:06";93
"2019-06-12 12:06:05";93
"2019-06-12 12:16:05";93
"2019-06-12 12:26:06";91
"2019-06-12 12:36:07";91
"2019-06-12 12:46:08";91
"2019-06-12 12:56:05";92
"2019-06-12 13:06:07";92
"2019-06-12 13:16:05";92
"2019-06-12 13:26:05";89
"2019-06-12 13:36:05";89
"2019-06-12 13:46:06";89
"2019-06-12 13:56:07";88
"2019-06-12 14:06:05";88
"2019-06-12 14:16:07";88
"2019-06-12 14:26:06";90
"2019-06-12 14:36:05";90
"2019-06-12 14:46:07";90
"2019-06-12 14:56:07";91
"2019-06-12 15:06:05";91
"2019-06-12 15:16:07";91
"2019-06-12 15:26:06";89
"2019-06-12 15:36:05";89
"2019-06-12 15:46:05";89
"2019-06-12 15:56:08";89
"2019-06-12 16:06:05";89
"2019-06-12 16:16:06";89
"2019-06-12 16:26:07";90
"2019-06-12 16:36:05";90
"2019-06-12 16:46:06";90
"2019-06-12 16:56:07";91
"2019-06-12 17:06:06";91
"2019-06-12 17:16:05";91
"2019-06-12 17:26:06";93
"2019-06-12 17:36:07";93
"2019-06-12 17:46:07";93
"2019-06-12 17:56:08";88
"2019-06-12 18:06:05";88
"2019-06-12 18:16:06";88
"2019-06-12 18:26:05";93
"2019-06-12 18:36:05";93
"2019-06-12 18:46:05";93
"2019-06-12 18:56:07";89
"2019-06-12 19:06:05";89
"2019-06-12 19:16:07";89
"2019-06-12 19:26:05";92
"2019-06-12 19:36:06";92
"2019-06-12 19:46:06";92
"2019-06-12 19:56:07";95
"2019-06-12 20:06:05";95
"2019-06-12 20:16:06";95
"2019-06-12 20:26:06";93
"2019-06-12 20:36:08";93
"2019-06-12 20:46:05";93
"2019-06-12 20:56:06";96
"2019-06-12 21:06:08";96
"2019-06-12 21:16:05";96
"2019-06-12 21:26:06";99
"2019-06-12 21:36:06";99
"2019-06-12 21:46:06";99
"2019-06-12 21:56:06";98
"2019-06-12 22:06:07";98
"2019-06-12 22:16:10";98
"2019-06-12 22:26:07";99
"2019-06-12 22:36:06";99
"2019-06-12 22:46:08";99
"2019-06-12 22:56:06";100
"2019-06-12 23:06:06";100
"2019-06-12 23:16:06";100
"2019-06-12 23:26:06";96
"2019-06-12 23:36:10";96
"2019-06-12 23:46:07";96
"2019-06-12 23:56:07";97
"2019-06-13 00:06:07";97
"2019-06-13 00:16:07";97
"2019-06-13 00:26:06";96
"2019-06-13 00:36:06";96
"2019-06-13 00:46:07";96
"2019-06-13 00:56:08";96
"2019-06-13 01:06:06";96
"2019-06-13 01:16:08";96
"2019-06-13 01:26:07";96
"2019-06-13 01:36:07";96
"2019-06-13 01:46:08";96
"2019-06-13 01:56:07";95
"2019-06-13 02:06:06";95
"2019-06-13 02:16:05";94
"2019-06-13 02:26:07";94
"2019-06-13 02:36:05";94
"2019-06-13 02:46:06";94
"2019-06-13 02:56:11";96
"2019-06-13 03:06:06";96
"2019-06-13 03:16:06";96
"2019-06-13 03:26:06";95
"2019-06-13 03:36:05";95
"2019-06-13 03:46:06";95
"2019-06-13 03:56:06";97
"2019-06-13 04:06:06";97
"2019-06-13 04:16:06";97
"2019-06-13 04:26:06";93
"2019-06-13 04:36:06";93
"2019-06-13 04:46:06";93
"2019-06-13 04:56:05";92
"2019-06-13 05:06:06";92
"2019-06-13 05:16:05";92
"2019-06-13 05:26:06";93
"2019-06-13 05:36:10";93
"2019-06-13 05:46:10";91
"2019-06-13 05:56:10";91
"2019-06-13 06:06:08";91
"2019-06-13 06:16:09";91
"2019-06-13 06:26:08";91
"2019-06-13 06:36:07";91
"2019-06-13 06:46:09";91
"2019-06-13 06:56:07";92
"2019-06-13 07:06:08";92
"2019-06-13 07:16:08";92
"2019-06-13 07:26:08";91
"2019-06-13 07:36:08";91
"2019-06-13 07:46:09";91
"2019-06-13 07:56:08";91
"2019-06-13 08:06:07";91
"2019-06-13 08:16:09";89
"2019-06-13 08:26:08";89
"2019-06-13 08:36:08";89
"2019-06-13 08:46:10";89
"2019-06-13 08:56:08";90
"2019-06-13 09:06:08";90
"2019-06-13 09:16:09";90
"2019-06-13 09:26:08";90
"2019-06-13 09:36:09";90
"2019-06-13 09:46:08";90
"2019-06-13 09:56:09";92
"2019-06-13 10:06:09";92
"2019-06-13 10:16:09";92
"2019-06-13 10:26:08";88
"2019-06-13 10:36:10";88
"2019-06-13 10:46:09";88
"2019-06-13 10:56:09";86
"2019-06-13 11:06:09";86
"2019-06-13 11:16:08";86
"2019-06-13 11:26:09";88
"2019-06-13 11:36:09";88
"2019-06-13 11:46:09";88
"2019-06-13 11:56:10";89
"2019-06-13 12:06:08";89
"2019-06-13 12:16:10";89
"2019-06-13 12:26:08";86
"2019-06-13 12:36:08";86
"2019-06-13 12:46:09";86
"2019-06-13 12:56:08";87
"2019-06-13 13:06:07";87
"2019-06-13 13:16:08";87
"2019-06-13 13:26:08";86
"2019-06-13 13:36:08";86
"2019-06-13 13:46:10";86
"2019-06-13 13:56:08";86
"2019-06-13 14:06:08";87
"2019-06-13 14:16:10";87
"2019-06-13 14:46:06";86
"2019-06-13 14:56:05";85
"2019-06-13 15:06:05";85
"2019-06-13 15:16:07";85
"2019-06-13 15:26:05";84
"2019-06-13 15:36:05";84
"2019-06-13 15:46:05";84
"2019-06-13 15:56:05";86
"2019-06-13 16:06:05";86
"2019-06-13 16:16:07";86
"2019-06-13 16:26:05";86
"2019-06-13 16:36:05";86
"2019-06-13 16:46:07";86
"2019-06-13 16:56:05";85
"2019-06-13 17:06:06";85
"2019-06-13 17:16:06";85
"2019-06-13 17:26:05";87
"2019-06-13 17:36:05";87
"2019-06-13 17:46:05";87
"2019-06-13 17:56:05";86
"2019-06-13 18:06:05";86
"2019-06-13 18:16:05";86
"2019-06-13 18:26:05";89
"2019-06-13 18:36:05";89
"2019-06-13 18:46:05";89
"2019-06-13 18:56:06";88
"2019-06-13 19:06:05";88
"2019-06-13 19:16:07";91
"2019-06-13 19:26:05";91
"2019-06-13 19:36:05";91
"2019-06-13 19:46:05";91
"2019-06-13 19:56:06";86
"2019-06-13 20:06:05";86
"2019-06-13 20:16:05";86
"2019-06-13 20:26:06";89
"2019-06-13 20:36:06";89
"2019-06-13 20:46:05";89
"2019-06-13 20:56:05";88
"2019-06-13 21:06:06";88
"2019-06-13 21:16:06";88
"2019-06-13 21:26:09";86
"2019-06-13 21:36:06";86
"2019-06-13 21:46:06";89
"2019-06-13 21:56:06";89
"2019-06-13 22:06:08";89
"2019-06-13 22:16:12";89
"2019-06-13 22:26:07";87
"2019-06-13 22:36:06";87
"2019-06-13 22:46:06";87
"2019-06-13 22:56:06";91
"2019-06-13 23:06:06";91
"2019-06-13 23:16:06";91
"2019-06-13 23:26:06";89
"2019-06-13 23:36:06";89
"2019-06-13 23:46:06";89
"2019-06-13 23:56:06";87
"2019-06-14 00:06:06";87
"2019-06-14 00:16:07";87
"2019-06-14 00:26:06";93
"2019-06-14 00:36:06";93
"2019-06-14 00:46:06";93
"2019-06-14 00:56:06";93
"2019-06-14 01:06:07";91
"2019-06-14 01:16:08";91
"2019-06-14 01:26:07";90
"2019-06-14 01:36:06";90
"2019-06-14 01:46:07";90
"2019-06-14 01:56:06";92
"2019-06-14 02:06:05";92
"2019-06-14 02:16:05";92
"2019-06-14 02:26:05";89
"2019-06-14 02:36:06";89
"2019-06-14 02:46:06";89
"2019-06-14 02:56:06";88
"2019-06-14 03:06:05";88
"2019-06-14 03:16:06";88
"2019-06-14 03:26:06";89
"2019-06-14 03:36:05";89
"2019-06-14 03:46:06";89
"2019-06-14 03:56:05";90
"2019-06-14 04:06:05";90
"2019-06-14 04:16:05";90
"2019-06-14 04:26:05";87
"2019-06-14 04:36:06";87
"2019-06-14 04:46:05";87
"2019-06-14 04:56:05";88
"2019-06-14 05:06:06";88
"2019-06-14 05:16:05";88
"2019-06-14 05:26:05";91
"2019-06-14 05:36:05";91
"2019-06-14 05:46:05";91
"2019-06-14 05:56:05";89
"2019-06-14 06:06:05";89
"2019-06-14 06:16:05";89
"2019-06-14 06:26:05";87
"2019-06-14 06:36:05";87
"2019-06-14 06:46:05";87
"2019-06-14 06:56:05";90
"2019-06-14 07:06:05";90
"2019-06-14 07:16:05";90
"2019-06-14 07:26:05";89
"2019-06-14 07:36:05";89
"2019-06-14 07:46:05";89
"2019-06-14 07:56:05";87
"2019-06-14 08:06:05";87
"2019-06-14 08:16:05";87
"2019-06-14 08:26:05";87
"2019-06-14 08:36:05";87
"2019-06-14 08:46:05";87
"2019-06-14 08:56:05";87
"2019-06-14 09:06:05";87
"2019-06-14 09:16:05";87
"2019-06-14 09:26:05";88
"2019-06-14 09:36:05";88
"2019-06-14 09:46:05";88
"2019-06-14 09:56:05";87
"2019-06-14 10:06:05";87
"2019-06-14 10:16:05";87
"2019-06-14 10:26:05";87
"2019-06-14 10:36:05";87
"2019-06-14 10:46:05";87
"2019-06-14 10:56:05";84
"2019-06-14 11:06:05";84
"2019-06-14 11:16:05";84
"2019-06-14 11:26:05";81
"2019-06-14 11:36:04";81
"2019-06-14 11:46:05";81
"2019-06-14 11:56:05";84
"2019-06-14 12:06:05";84
"2019-06-14 12:16:06";83
"2019-06-14 12:26:05";83
"2019-06-14 12:36:05";83
"2019-06-14 12:46:05";83
"2019-06-14 12:56:05";85
"2019-06-14 13:06:05";85
"2019-06-14 13:16:05";85
"2019-06-14 13:26:05";84
"2019-06-14 13:36:05";84
"2019-06-14 13:46:05";84
"2019-06-14 13:56:06";86
"2019-06-14 14:06:05";86
"2019-06-14 14:16:06";86
"2019-06-14 14:26:06";82
"2019-06-14 14:36:05";82
"2019-06-14 14:46:05";82
"2019-06-14 14:56:05";85
"2019-06-14 15:06:05";85
"2019-06-14 15:16:05";85
"2019-06-14 15:26:06";85
"2019-06-14 15:36:05";85
"2019-06-14 15:46:05";85
"2019-06-14 15:56:05";83
"2019-06-14 16:06:05";83
"2019-06-14 16:16:05";83
"2019-06-14 16:26:05";84
"2019-06-14 16:36:07";84
"2019-06-14 16:46:06";84
"2019-06-14 16:56:05";86
"2019-06-14 17:06:05";86
"2019-06-14 17:16:05";86
"2019-06-14 17:26:05";81
"2019-06-14 17:36:05";81
"2019-06-14 17:46:05";81
"2019-06-14 17:56:05";85
"2019-06-14 18:06:05";85
"2019-06-14 18:16:05";83
"2019-06-14 18:26:06";83
"2019-06-14 18:36:05";83
"2019-06-14 18:46:05";83
"2019-06-14 18:56:05";84
"2019-06-14 19:06:05";84
"2019-06-14 19:16:05";84
"2019-06-14 19:26:05";86
"2019-06-14 19:36:05";86
"2019-06-14 19:46:06";86
"2019-06-14 19:56:05";87
"2019-06-14 20:06:06";87
"2019-06-14 20:16:05";87
"2019-06-14 20:26:05";89
"2019-06-14 20:36:06";89
"2019-06-14 20:46:06";89
"2019-06-14 20:56:05";91
"2019-06-14 21:06:05";91
"2019-06-14 21:16:07";91
"2019-06-14 21:26:06";91
"2019-06-14 21:36:06";91
"2019-06-14 21:46:06";91
"2019-06-14 21:56:05";94
"2019-06-14 22:06:07";94
"2019-06-14 22:16:08";94
"2019-06-14 22:26:07";93
"2019-06-14 22:36:06";93
"2019-06-14 22:46:07";93
"2019-06-14 22:56:06";96
"2019-06-14 23:06:06";96
"2019-06-14 23:16:06";96
"2019-06-14 23:26:06";93
"2019-06-14 23:36:06";93
"2019-06-14 23:46:07";93
"2019-06-14 23:56:06";96
"2019-06-15 00:06:07";96
"2019-06-15 00:16:07";96
"2019-06-15 00:26:06";97
"2019-06-15 00:36:06";97
"2019-06-15 00:46:06";97
"2019-06-15 02:36:05";95
"2019-06-15 02:46:06";95
"2019-06-15 02:56:06";95
"2019-06-15 03:06:06";95
"2019-06-15 03:16:05";95
"2019-06-15 03:26:05";95
"2019-06-15 03:36:05";95
"2019-06-15 03:46:06";95
"2019-06-15 03:56:05";96
"2019-06-15 04:06:04";96
"2019-06-15 04:16:05";96
"2019-06-15 04:26:04";96
"2019-06-15 04:36:04";96
"2019-06-15 04:46:04";96
"2019-06-15 04:56:05";97
"2019-06-15 05:06:06";97
"2019-06-15 05:16:05";97
"2019-06-15 05:26:05";98
"2019-06-15 05:36:05";98
"2019-06-15 05:46:05";98
"2019-06-15 05:56:05";95
"2019-06-15 06:06:05";95
"2019-06-15 06:16:05";96
"2019-06-15 06:26:05";96
"2019-06-15 06:36:05";96
"2019-06-15 06:46:07";96
"2019-06-15 06:56:05";98
"2019-06-15 07:06:05";98
"2019-06-15 07:16:05";98
"2019-06-15 07:26:06";96
"2019-06-15 07:36:05";96
"2019-06-15 07:46:06";96
"2019-06-15 07:56:05";99
"2019-06-15 08:06:05";99
"2019-06-15 08:16:05";99
"2019-06-15 08:26:05";97
"2019-06-15 08:36:05";97
"2019-06-15 08:46:05";97
"2019-06-15 08:56:05";98
"2019-06-15 09:06:05";98
"2019-06-15 09:16:05";98
"2019-06-15 09:26:05";98
"2019-06-15 09:36:05";98
"2019-06-15 09:46:05";96
"2019-06-15 09:56:05";96
"2019-06-15 10:06:05";96
"2019-06-15 10:16:05";96
"2019-06-15 10:26:05";94
"2019-06-15 10:36:05";94
"2019-06-15 10:46:06";94
"2019-06-15 10:56:05";93
"2019-06-15 11:06:05";93
"2019-06-15 11:16:05";93
"2019-06-15 11:26:05";93
"2019-06-15 11:36:05";93
"2019-06-15 11:46:05";93
"2019-06-15 11:56:05";96
"2019-06-15 12:06:05";96
"2019-06-15 12:16:05";96
"2019-06-15 12:26:05";92
"2019-06-15 12:36:05";92
"2019-06-15 12:46:05";92
"2019-06-15 12:56:05";94
"2019-06-15 13:06:05";94
"2019-06-15 13:16:05";94
"2019-06-15 13:26:05";96
"2019-06-15 13:36:05";96
"2019-06-15 13:46:06";96
"2019-06-15 13:56:05";94
"2019-06-15 14:06:05";94
"2019-06-15 14:16:06";94
"2019-06-15 14:26:05";93
"2019-06-15 14:36:05";93
"2019-06-15 14:46:05";93
"2019-06-15 14:56:05";94
"2019-06-15 15:06:06";94
"2019-06-15 15:16:05";94
"2019-06-15 15:26:05";94
"2019-06-15 15:36:05";94
"2019-06-15 15:46:05";94
"2019-06-15 15:56:05";97
"2019-06-15 16:06:05";97
"2019-06-15 16:16:05";97
"2019-06-15 16:26:05";97
"2019-06-15 16:36:06";97
"2019-06-15 16:46:06";97
"2019-06-15 16:56:06";99
"2019-06-15 17:06:05";99
"2019-06-15 17:16:05";99
"2019-06-15 17:26:05";96
"2019-06-15 17:36:05";96
"2019-06-15 17:46:06";96
"2019-06-15 17:56:05";97
"2019-06-15 18:06:06";97
"2019-06-15 18:16:05";97
"2019-06-15 18:26:05";97
"2019-06-15 18:36:05";97
"2019-06-15 18:46:06";97
"2019-06-15 18:56:05";99
"2019-06-15 19:06:05";99
"2019-06-15 19:16:05";99
"2019-06-15 19:26:05";101
"2019-06-15 19:36:05";101
"2019-06-15 19:46:06";101
"2019-06-15 19:56:06";100
"2019-06-15 20:06:05";100
"2019-06-15 20:16:06";100
"2019-06-15 20:26:05";105
"2019-06-15 20:36:05";105
"2019-06-15 20:46:06";105
"2019-06-15 20:56:06";102
"2019-06-15 21:06:05";102
"2019-06-15 21:16:07";102
"2019-06-15 21:26:06";104
"2019-06-15 21:46:06";104
"2019-06-15 21:56:05";106
"2019-06-15 22:06:07";106
"2019-06-15 22:16:07";104
"2019-06-15 22:26:07";104
"2019-06-15 22:36:06";104
"2019-06-15 22:46:06";104
"2019-06-15 22:56:06";104
"2019-06-15 23:06:06";104
"2019-06-15 23:16:06";105
"2019-06-15 23:26:06";105
"2019-06-15 23:36:05";105
"2019-06-15 23:46:07";105
"2019-06-15 23:56:06";105
"2019-06-16 00:06:07";105
"2019-06-16 00:16:07";105
"2019-06-16 00:26:06";106
"2019-06-16 00:36:06";106
"2019-06-16 00:46:06";106
"2019-06-16 00:56:06";103
"2019-06-16 01:06:09";103
"2019-06-16 01:16:07";103
"2019-06-16 01:26:06";101
"2019-06-16 01:36:06";101
"2019-06-16 01:46:07";101
"2019-06-16 01:56:06";100
"2019-06-16 02:06:06";100
"2019-06-16 02:16:06";100
"2019-06-16 02:26:06";101
"2019-06-16 02:36:05";101
"2019-06-16 02:46:06";101
"2019-06-16 02:56:06";102
"2019-06-16 03:06:05";102
"2019-06-16 03:16:05";102
"2019-06-16 03:26:04";100
"2019-06-16 03:36:04";100
"2019-06-16 03:46:05";100
"2019-06-16 03:56:07";100
"2019-06-16 04:06:05";100
"2019-06-16 04:16:05";100
"2019-06-16 04:26:05";98
"2019-06-16 04:36:04";98
"2019-06-16 04:46:05";98
"2019-06-16 04:56:05";99
"2019-06-16 05:06:06";99
"2019-06-16 05:16:05";99
"2019-06-16 05:26:05";98
"2019-06-16 05:36:05";98
"2019-06-16 05:46:05";98
"2019-06-16 05:56:05";95
"2019-06-16 06:06:05";95
"2019-06-16 06:16:05";95
"2019-06-16 06:26:06";95
"2019-06-16 06:36:05";95
"2019-06-16 06:46:05";95
"2019-06-16 06:56:06";94
"2019-06-16 07:06:05";94
"2019-06-16 07:16:05";94
"2019-06-16 07:26:05";95
"2019-06-16 07:36:05";95
"2019-06-16 07:46:05";95
"2019-06-16 07:56:05";94
"2019-06-16 08:06:05";94
"2019-06-16 08:16:05";94
"2019-06-16 08:26:05";94
"2019-06-16 08:36:05";94
"2019-06-16 08:46:06";94
"2019-06-16 08:56:06";94
"2019-06-16 09:06:05";94
"2019-06-16 09:16:05";94
"2019-06-16 09:26:05";94
"2019-06-16 09:36:05";94
"2019-06-16 09:46:06";94
"2019-06-16 09:56:05";94
"2019-06-16 10:06:06";94
"2019-06-16 10:16:05";94
"2019-06-16 10:26:05";93
"2019-06-16 10:36:05";93
"2019-06-16 10:46:05";93
"2019-06-16 10:56:05";87
"2019-06-16 11:06:05";87
"2019-06-16 11:16:06";87
"2019-06-16 11:26:05";86
"2019-06-16 11:36:05";86
"2019-06-16 11:46:06";86
"2019-06-16 11:56:05";90
"2019-06-16 12:06:05";90
"2019-06-16 12:16:05";90
"2019-06-16 12:26:05";89
"2019-06-16 12:36:05";89
"2019-06-16 12:46:05";90
"2019-06-16 12:56:05";90
"2019-06-16 13:06:05";90
"2019-06-16 13:16:05";90
"2019-06-16 13:26:05";91
"2019-06-16 13:36:05";91
"2019-06-16 13:46:05";91
"2019-06-16 13:56:05";88
"2019-06-16 14:06:05";88
"2019-06-16 14:16:05";88
"2019-06-16 14:26:06";88
"2019-06-16 14:36:06";88
"2019-06-16 14:46:05";88
"2019-06-16 14:56:05";90
"2019-06-16 15:06:05";90
"2019-06-16 15:16:05";90
"2019-06-16 15:26:06";90
"2019-06-16 15:36:05";87
"2019-06-16 15:46:05";87
"2019-06-16 15:56:05";89
"2019-06-16 16:06:05";89
"2019-06-16 16:16:05";89
"2019-06-16 16:26:05";88
"2019-06-16 16:36:05";88
"2019-06-16 16:46:06";88
"2019-06-16 16:56:05";90
"2019-06-16 17:06:05";90
"2019-06-16 17:16:06";90
"2019-06-16 17:26:05";92
"2019-06-16 17:36:05";92
"2019-06-16 17:46:05";92
"2019-06-16 17:56:05";92
"2019-06-16 18:06:06";92
"2019-06-16 18:16:06";92
"2019-06-16 18:26:05";92
"2019-06-16 18:36:05";92
"2019-06-16 18:46:05";92
"2019-06-16 18:56:05";90
"2019-06-16 19:06:05";90
"2019-06-16 19:16:06";90
"2019-06-16 19:26:06";92
"2019-06-16 19:36:05";92
"2019-06-16 19:46:06";92
"2019-06-16 19:56:05";92
"2019-06-16 20:06:05";95
"2019-06-16 20:16:06";95
"2019-06-16 20:26:05";95
"2019-06-16 20:36:05";95
"2019-06-16 20:46:06";95
"2019-06-16 20:56:05";95
"2019-06-16 21:06:05";95
"2019-06-16 21:16:06";95
"2019-06-16 21:26:06";98
"2019-06-16 21:36:06";98
"2019-06-16 21:46:05";98
"2019-06-16 21:56:05";96
"2019-06-16 22:06:07";96
"2019-06-16 22:16:06";96
"2019-06-16 22:26:06";98
"2019-06-16 22:36:06";98
"2019-06-16 22:46:06";98
"2019-06-16 22:56:06";98
"2019-06-16 23:06:06";98
"2019-06-16 23:16:05";98
"2019-06-16 23:26:06";97
"2019-06-16 23:36:06";97
"2019-06-16 23:46:07";97
"2019-06-16 23:56:06";98
"2019-06-17 00:06:06";98
"2019-06-17 00:16:06";98
"2019-06-17 00:26:06";95
"2019-06-17 00:36:06";95
"2019-06-17 00:46:07";95
"2019-06-17 00:56:06";98
"2019-06-17 01:06:06";98
"2019-06-17 01:16:09";98
"2019-06-17 01:26:06";97
"2019-06-17 01:36:06";97
"2019-06-17 01:46:07";97
"2019-06-17 01:56:08";96
"2019-06-17 02:06:05";96
"2019-06-17 02:16:06";95
"2019-06-17 02:26:05";95
"2019-06-17 02:36:05";95
"2019-06-17 02:46:08";95
"2019-06-17 02:56:06";94
"2019-06-17 03:06:05";94
"2019-06-17 03:16:06";94
"2019-06-17 03:26:06";96
"2019-06-17 03:36:05";96
"2019-06-17 03:46:05";96
"2019-06-17 03:56:05";92
"2019-06-17 04:06:05";92
"2019-06-17 04:16:05";92
"2019-06-17 04:26:05";92
"2019-06-17 04:36:04";92
"2019-06-17 04:46:05";92
"2019-06-17 04:56:05";93
"2019-06-17 05:06:14";93
"2019-06-17 05:16:04";93
"2019-06-17 05:26:05";91
"2019-06-17 05:36:06";91
"2019-06-17 05:46:05";91
"2019-06-17 05:56:05";91
"2019-06-17 06:06:04";91
"2019-06-17 06:16:05";91
"2019-06-17 06:26:04";91
"2019-06-17 06:36:05";91
"2019-06-17 06:46:05";91
"2019-06-17 06:56:05";92
"2019-06-17 07:06:05";92
"2019-06-17 07:16:05";92
"2019-06-17 07:26:05";90
"2019-06-17 07:36:05";90
"2019-06-17 07:46:05";90
"2019-06-17 07:56:05";91
"2019-06-17 08:06:05";91
"2019-06-17 08:16:05";91
"2019-06-17 08:26:05";91
"2019-06-17 08:36:05";91
"2019-06-17 08:46:05";90
"2019-06-17 08:56:05";90
"2019-06-17 09:06:05";90
"2019-06-17 09:16:05";90
"2019-06-17 09:26:05";92
"2019-06-17 09:36:04";92
"2019-06-17 09:46:05";92
"2019-06-17 09:56:05";91
"2019-06-17 10:06:05";91
"2019-06-17 10:16:05";91
"2019-06-17 10:26:05";90
"2019-06-17 10:36:05";90
"2019-06-17 10:46:05";90
"2019-06-17 10:56:05";86
"2019-06-17 11:06:05";86
"2019-06-17 11:16:05";86
"2019-06-17 11:26:05";88
"2019-06-20 00:06:06";98
"2019-06-20 00:16:10";98
"2019-06-20 00:26:06";97
"2019-06-20 00:36:06";97
"2019-06-20 00:46:06";97
"2019-06-20 00:56:06";100
"2019-06-20 01:06:07";100
"2019-06-20 01:16:07";100
"2019-06-20 01:26:07";96
"2019-06-20 01:36:06";96
"2019-06-20 01:46:08";96
"2019-06-20 01:56:07";96
"2019-06-20 02:06:05";96
"2019-06-20 02:16:05";97
"2019-06-20 02:26:05";97
"2019-06-20 02:36:05";97
"2019-06-20 02:46:06";97
"2019-06-20 02:56:05";97
"2019-06-20 03:06:05";97
"2019-06-20 03:16:05";94
"2019-06-20 03:26:04";94
"2019-06-20 03:36:05";94
"2019-06-20 03:46:05";94
"2019-06-20 04:06:05";93
"2019-06-20 04:16:04";92
"2019-06-20 04:26:05";92
"2019-06-20 04:36:04";92
"2019-06-20 04:46:05";93
"2019-06-20 04:56:07";93
"2019-06-20 05:06:05";93
"2019-06-20 05:16:05";93
"2019-06-20 05:26:05";93
"2019-06-20 05:36:05";93
"2019-06-20 05:46:05";93
"2019-06-20 05:56:05";92
"2019-06-20 06:06:05";92
"2019-06-20 06:16:07";92
"2019-06-20 06:26:05";93
"2019-06-20 06:36:05";93
"2019-06-20 06:46:07";93
"2019-06-20 06:56:05";93
"2019-06-20 07:06:05";93
"2019-06-20 07:16:05";92
"2019-06-20 07:26:05";92
"2019-06-20 07:36:05";92
"2019-06-20 07:46:06";92
"2019-06-20 07:56:05";90
"2019-06-20 08:06:05";90
"2019-06-20 08:16:05";90
"2019-06-20 08:26:05";90
"2019-06-20 08:36:05";90
"2019-06-20 08:46:05";90
"2019-06-20 08:56:05";90
"2019-06-20 09:06:05";90
"2019-06-20 09:16:05";90
"2019-06-20 09:26:05";90
"2019-06-20 09:36:05";90
"2019-06-20 09:46:06";90
"2019-06-20 09:56:05";91
"2019-06-20 10:06:05";91
"2019-06-20 10:16:05";91
"2019-06-20 10:26:05";87
"2019-06-20 10:36:05";87
"2019-06-20 10:46:05";87
"2019-06-20 10:56:05";86
"2019-06-20 11:06:06";86
"2019-06-20 11:16:05";86
"2019-06-20 11:26:05";89
"2019-06-20 11:36:05";89
"2019-06-20 11:46:05";89
"2019-06-20 11:56:05";88
"2019-06-20 12:06:05";88
"2019-06-20 12:16:05";88
"2019-06-20 12:26:06";87
"2019-06-20 12:36:05";87
"2019-06-20 12:46:05";86
"2019-06-20 12:56:05";86
"2019-06-20 13:06:05";86
"2019-06-20 13:16:06";86
"2019-06-20 13:26:05";89
"2019-06-20 13:36:05";89
"2019-06-20 13:46:06";89
"2019-06-20 13:56:06";82
"2019-06-20 14:06:05";82
"2019-06-20 14:16:05";82
"2019-06-20 14:26:05";88
"2019-06-20 14:36:05";88
"2019-06-20 14:46:05";88
"2019-06-20 14:56:05";86
"2019-06-20 15:06:04";86
"2019-06-20 15:16:05";86
"2019-06-20 15:26:07";87
"2019-06-20 15:36:05";87
"2019-06-20 15:46:05";87
"2019-06-20 15:56:05";81
"2019-06-20 16:06:06";81
"2019-06-20 16:16:05";81
"2019-06-20 16:26:06";89
"2019-06-20 16:36:05";89
"2019-06-20 16:46:05";89
"2019-06-20 16:56:05";90
"2019-06-20 17:06:05";90
"2019-06-20 17:16:05";90
"2019-06-20 17:26:06";87
"2019-06-20 17:36:05";87
"2019-06-20 17:46:05";87
"2019-06-20 17:56:05";88
"2019-06-20 18:06:05";88
"2019-06-20 18:16:05";88
"2019-06-20 18:26:05";91
"2019-06-20 18:36:05";91
"2019-06-20 18:46:06";89
"2019-06-20 18:56:05";89
"2019-06-20 19:06:06";89
"2019-06-20 19:16:05";89
"2019-06-20 19:26:07";92
"2019-06-20 19:36:05";92
"2019-06-20 19:46:05";92
"2019-06-20 19:56:05";89
"2019-06-20 20:06:06";89
"2019-06-20 20:16:05";89
"2019-06-20 20:26:05";89
"2019-06-20 20:36:05";89
"2019-06-20 20:46:06";89
"2019-06-20 20:56:05";93
"2019-06-20 21:06:06";93
"2019-06-20 21:16:06";93
"2019-06-20 21:26:06";90
"2019-06-20 21:36:06";90
"2019-06-20 21:46:06";90
"2019-06-20 21:56:05";92
"2019-06-20 22:06:07";92
"2019-06-20 22:16:07";92
"2019-06-20 22:26:07";94
"2019-06-20 22:36:07";94
"2019-06-20 22:46:07";94
"2019-06-20 22:56:06";92
"2019-06-20 23:06:06";92
"2019-06-20 23:16:06";92
"2019-06-20 23:26:06";92
"2019-06-20 23:36:06";92
"2019-06-20 23:46:07";92
"2019-06-20 23:56:07";91
"2019-06-21 00:06:07";91
"2019-06-21 00:16:10";91
"2019-06-21 00:26:06";92
"2019-06-21 00:36:06";92
"2019-06-21 00:46:07";92
"2019-06-21 00:56:07";91
"2019-06-21 01:06:06";91
"2019-06-21 01:16:08";91
"2019-06-21 01:26:07";92
"2019-06-21 01:36:07";92
"2019-06-21 01:46:06";92
"2019-06-21 01:56:06";89
"2019-06-21 02:06:05";89
"2019-06-21 02:16:05";90
"2019-06-21 02:26:05";90
"2019-06-21 02:36:06";90
"2019-06-21 02:46:06";90
"2019-06-21 02:56:06";90
"2019-06-21 03:06:05";90
"2019-06-21 03:16:04";90
"2019-06-21 03:26:05";90
"2019-06-21 03:36:05";90
"2019-06-21 03:46:05";90
"2019-06-21 04:06:04";89
"2019-06-21 04:16:05";89
"2019-06-21 04:26:05";89
"2019-06-21 04:36:05";89
"2019-06-21 04:46:05";89
"2019-06-21 04:56:05";88
"2019-06-21 05:06:06";88
"2019-06-21 05:16:05";88
"2019-06-21 05:26:05";89
"2019-06-21 05:36:06";89
"2019-06-21 05:46:05";89
"2019-06-21 05:56:05";89
"2019-06-21 06:06:05";89
"2019-06-21 06:16:05";89
"2019-06-21 06:26:05";87
"2019-06-21 06:36:05";87
"2019-06-21 06:46:05";87
"2019-06-21 06:56:05";88
"2019-06-21 07:06:05";88
"2019-06-21 07:16:05";88
"2019-06-21 07:26:05";84
"2019-06-21 07:36:05";84
"2019-06-21 07:46:05";84
"2019-06-21 07:56:05";89
"2019-06-21 08:06:05";89
"2019-06-21 08:16:05";89
"2019-06-21 08:26:05";86
"2019-06-21 08:36:05";86
"2019-06-21 08:46:05";86
"2019-06-21 08:56:05";84
"2019-06-21 09:06:05";84
"2019-06-21 09:16:05";84
"2019-06-21 09:26:05";84
"2019-06-21 09:36:05";84
"2019-06-21 09:46:05";86
"2019-06-21 09:56:05";86
"2019-06-21 10:06:04";86
"2019-06-21 10:16:05";86
"2019-06-21 10:26:05";84
"2019-06-21 10:36:05";84
"2019-06-21 10:46:06";84
"2019-06-21 10:56:05";81
"2019-06-21 11:06:05";81
"2019-06-21 11:16:05";81
"2019-06-21 11:26:05";77
"2019-06-21 11:36:05";77
"2019-06-21 11:46:05";77
"2019-06-21 11:56:05";82
"2019-06-21 12:06:05";82
"2019-06-21 12:16:05";80
"2019-06-21 12:26:05";80
"2019-06-21 12:36:04";80
"2019-06-21 12:46:05";80
"2019-06-21 12:56:05";81
"2019-06-21 13:06:05";81
"2019-06-21 13:16:05";81
"2019-06-21 13:26:05";83
"2019-06-21 13:36:05";83
"2019-06-21 13:46:06";82
"2019-06-21 13:56:05";82
"2019-06-21 14:06:05";82
"2019-06-21 14:16:06";82
"2019-06-21 14:26:05";81
"2019-06-21 14:36:05";81
"2019-06-21 14:46:06";81
"2019-06-21 14:56:05";80
"2019-06-21 15:06:05";80
"2019-06-21 15:16:05";80
"2019-06-21 15:26:05";81
"2019-06-21 15:36:05";81
"2019-06-21 15:46:06";81
"2019-06-21 15:56:05";81
"2019-06-21 16:06:06";80
"2019-06-21 16:16:05";80
"2019-06-21 16:26:06";80
"2019-06-21 16:36:05";80
"2019-06-21 16:46:05";80
"2019-06-21 16:56:05";82
"2019-06-21 17:06:06";82
"2019-06-21 17:16:05";82
"2019-06-21 17:26:06";77
"2019-06-21 17:36:05";77
"2019-06-21 17:46:05";77
"2019-06-21 17:56:05";79
"2019-06-21 18:06:05";79
"2019-06-21 18:16:06";79
"2019-06-21 18:26:05";80
"2019-06-21 18:36:06";80
"2019-06-21 18:46:05";80
"2019-06-21 18:56:05";86
"2019-06-21 19:06:05";86
"2019-06-21 19:16:06";86
"2019-06-21 19:26:05";84
"2019-06-21 19:36:05";84
"2019-06-21 19:46:06";84
"2019-06-21 19:56:05";85
"2019-06-21 20:06:05";85
"2019-06-21 20:16:05";85
"2019-06-21 20:26:06";86
"2019-06-21 20:36:06";86
"2019-06-21 20:46:06";86
"2019-06-21 20:56:06";87
"2019-06-21 21:06:05";87
"2019-06-21 21:16:06";87
"2019-06-21 21:26:06";91
"2019-06-21 21:36:06";91
"2019-06-21 21:46:06";91
"2019-06-21 21:56:06";94
"2019-06-21 22:06:06";94
"2019-06-21 22:16:16";93
"2019-06-21 22:26:06";93
"2019-06-21 22:36:07";93
"2019-06-21 22:46:06";93
"2019-06-21 22:56:06";93
"2019-06-21 23:06:06";93
"2019-06-21 23:16:06";93
"2019-06-21 23:26:06";94
"2019-06-21 23:36:06";94
"2019-06-21 23:46:06";94
"2019-06-21 23:56:07";91
"2019-06-22 00:06:06";91
"2019-06-22 00:16:07";91
"2019-06-22 00:26:06";95
"2019-06-22 00:36:06";95
"2019-06-22 00:46:06";95
"2019-06-22 02:26:05";91
"2019-06-22 02:36:05";91
"2019-06-22 02:46:06";92
"2019-06-22 02:56:05";92
"2019-06-22 03:06:05";92
"2019-06-22 03:26:04";92
"2019-06-22 03:36:04";92
"2019-06-22 03:46:06";92
"2019-06-22 04:06:05";93
"2019-06-22 04:16:05";93
"2019-06-22 04:26:05";94
"2019-06-22 04:36:05";94
"2019-06-22 04:46:05";94
"2019-06-22 04:56:05";93
"2019-06-22 05:06:06";93
"2019-06-22 05:16:05";93
"2019-06-22 05:26:05";95
"2019-06-22 05:36:05";95
"2019-06-22 05:46:05";94
"2019-06-22 05:56:06";94
"2019-06-22 06:06:05";94
"2019-06-22 06:16:05";94
"2019-06-22 06:26:05";96
"2019-06-22 06:36:05";96
"2019-06-22 06:46:05";96
"2019-06-22 06:56:05";97
"2019-06-22 07:06:05";97
"2019-06-22 07:16:05";97
"2019-06-22 07:26:05";95
"2019-06-22 07:36:05";95
"2019-06-22 07:46:05";95
"2019-06-22 07:56:05";97
"2019-06-22 08:06:05";97
"2019-06-22 08:16:05";97
"2019-06-22 08:26:05";101
"2019-06-22 08:36:05";101
"2019-06-22 08:46:05";101
"2019-06-22 08:56:07";99
"2019-06-22 09:06:05";99
"2019-06-22 09:16:05";99
"2019-06-22 09:26:06";96
"2019-06-22 09:36:05";96
"2019-06-22 09:46:05";96
"2019-06-22 09:56:05";94
"2019-06-22 10:06:05";94
"2019-06-22 10:16:05";94
"2019-06-22 10:26:05";96
"2019-06-22 10:36:05";96
"2019-06-22 10:46:05";97
"2019-06-22 10:56:05";97
"2019-06-22 11:06:05";97
"2019-06-22 11:16:05";97
"2019-06-22 11:26:05";93
"2019-06-22 11:36:05";93
"2019-06-22 11:46:05";96
"2019-06-22 11:56:05";96
"2019-06-22 12:06:05";96
"2019-06-22 12:16:05";96
"2019-06-22 12:26:06";94
"2019-06-22 12:36:05";94
"2019-06-22 12:46:06";94
"2019-06-22 12:56:05";95
"2019-06-22 13:06:05";95
"2019-06-22 13:16:05";95
"2019-06-22 13:26:05";92
"2019-06-22 13:36:05";92
"2019-06-22 13:46:05";92
"2019-06-22 13:56:05";93
"2019-06-22 14:06:05";93
"2019-06-22 14:16:05";93
"2019-06-22 14:26:05";91
"2019-06-22 14:36:05";91
"2019-06-22 14:46:05";91
"2019-06-22 14:56:06";94
"2019-06-22 15:06:05";94
"2019-06-22 15:16:05";94
"2019-06-22 15:26:05";90
"2019-06-22 15:36:05";90
"2019-06-22 15:46:05";90
"2019-06-22 15:56:05";91
"2019-06-22 16:06:06";91
"2019-06-22 16:16:06";91
"2019-06-22 16:26:05";91
"2019-06-22 16:36:05";88
"2019-06-22 16:46:05";88
"2019-06-22 16:56:06";91
"2019-06-22 17:06:05";91
"2019-06-22 17:16:05";91
"2019-06-22 17:26:06";90
"2019-06-22 17:36:05";90
"2019-06-22 17:46:06";90
"2019-06-22 17:56:06";95
"2019-06-22 18:06:05";95
"2019-06-22 18:16:05";95
"2019-06-22 18:26:05";98
"2019-06-22 18:36:05";98
"2019-06-22 18:46:06";98
"2019-06-22 18:56:05";95
"2019-06-22 19:06:05";95
"2019-06-22 19:16:05";95
"2019-06-22 19:26:05";95
"2019-06-22 19:36:05";95
"2019-06-22 19:46:06";95
"2019-06-22 19:56:05";95
"2019-06-22 20:06:05";95
"2019-06-22 20:16:06";95
"2019-06-22 20:26:06";96
"2019-06-22 20:36:06";96
"2019-06-22 20:46:06";96
"2019-06-22 20:56:06";97
"2019-06-22 21:06:06";97
"2019-06-22 21:16:07";92
"2019-06-22 21:26:06";92
"2019-06-22 21:36:05";92
"2019-06-22 21:46:05";95
"2019-06-22 21:56:06";95
"2019-06-22 22:06:06";95
"2019-06-22 22:16:07";95
"2019-06-22 22:26:06";95
"2019-06-22 22:36:09";95
"2019-06-22 22:46:06";95
"2019-06-22 22:56:06";97
"2019-06-22 23:06:05";97
"2019-06-22 23:16:09";97
"2019-06-22 23:26:06";98
"2019-06-22 23:36:06";98
"2019-06-22 23:46:07";96
"2019-06-22 23:56:06";96
"2019-06-23 00:06:07";96
"2019-06-23 00:16:07";96
"2019-06-23 00:26:06";96
"2019-06-23 00:36:05";96
"2019-06-23 00:46:06";96
"2019-06-23 00:56:06";95
"2019-06-23 01:06:06";95
"2019-06-23 01:16:06";95
"2019-06-23 01:26:06";95
"2019-06-23 01:36:07";95
"2019-06-23 01:46:06";95
"2019-06-23 01:56:06";93
"2019-06-23 02:06:05";93
"2019-06-23 02:16:05";93
"2019-06-23 02:26:06";93
"2019-06-23 02:36:05";93
"2019-06-23 02:46:05";93
"2019-06-23 02:56:06";94
"2019-06-23 03:06:05";94
"2019-06-23 03:16:05";94
"2019-06-23 03:26:04";91
"2019-06-23 03:36:05";91
"2019-06-23 03:46:05";91
"2019-06-23 04:06:05";91
"2019-06-23 04:16:05";91
"2019-06-23 04:26:04";91
"2019-06-23 04:36:04";91
"2019-06-23 04:46:05";91
"2019-06-23 04:56:05";92
"2019-06-23 05:06:06";92
"2019-06-23 05:16:05";92
"2019-06-23 05:26:05";89
"2019-06-23 05:36:05";89
"2019-06-23 05:46:05";87
"2019-06-23 05:56:05";87
"2019-06-23 06:06:05";87
"2019-06-23 06:16:05";90
"2019-06-23 06:26:05";90
"2019-06-23 06:36:05";90
"2019-06-23 06:46:05";90
"2019-06-23 06:56:05";89
"2019-06-23 07:06:05";89
"2019-06-23 07:16:05";89
"2019-06-23 07:26:05";90
"2019-06-23 07:36:05";90
"2019-06-23 07:46:05";90
"2019-06-23 07:56:05";89
"2019-06-23 08:06:05";89
"2019-06-23 08:16:05";87
"2019-06-23 08:26:05";87
"2019-06-23 08:36:05";87
"2019-06-23 08:46:05";87
"2019-06-23 08:56:05";89
"2019-06-23 09:06:05";89
"2019-06-23 09:16:05";89
"2019-06-23 09:26:05";90
"2019-06-23 09:36:07";90
"2019-06-23 09:46:07";90
"2019-06-23 09:56:05";90
"2019-06-23 10:06:05";90
"2019-06-23 10:16:06";90
"2019-06-23 10:26:06";85
"2019-06-23 10:36:05";85
"2019-06-23 10:46:06";85
"2019-06-23 10:56:05";84
"2019-06-23 11:06:05";84
"2019-06-23 11:16:05";84
"2019-06-23 11:26:05";82
"2019-06-23 11:36:05";82
"2019-06-23 11:46:05";82
"2019-06-23 11:56:05";81
"2019-06-23 12:06:05";81
"2019-06-23 12:16:05";81
"2019-06-23 12:26:06";84
"2019-06-23 12:36:05";84
"2019-06-23 12:46:05";84
"2019-06-23 12:56:05";84
"2019-06-23 13:06:05";84
"2019-06-23 13:16:05";84
"2019-06-23 13:26:05";85
"2019-06-23 13:36:05";85
"2019-06-23 13:46:06";85
"2019-06-23 13:56:05";85
"2019-06-23 14:06:05";85
"2019-06-23 14:16:05";85
"2019-06-23 14:26:05";83
"2019-06-23 14:36:05";83
"2019-06-23 14:46:06";83
"2019-06-23 14:56:05";83
"2019-06-23 15:06:05";83
"2019-06-23 15:16:05";83
"2019-06-23 15:26:05";84
"2019-06-23 15:36:05";84
"2019-06-23 15:46:06";84
"2019-06-23 15:56:05";84
"2019-06-23 16:06:05";85
"2019-06-23 16:16:05";85
"2019-06-23 16:26:06";85
"2019-06-23 16:36:06";85
"2019-06-23 16:46:05";85
"2019-06-23 16:56:05";88
"2019-06-23 17:06:05";88
"2019-06-23 17:16:05";88
"2019-06-23 17:26:05";89
"2019-06-23 17:36:05";89
"2019-06-23 17:46:05";89
"2019-06-23 17:56:06";91
"2019-06-23 18:06:05";91
"2019-06-23 18:16:06";91
"2019-06-23 18:26:05";90
"2019-06-23 18:36:05";90
"2019-06-23 18:46:06";90
"2019-06-23 18:56:05";87
"2019-06-23 19:06:06";87
"2019-06-23 19:16:05";87
"2019-06-23 19:26:05";89
"2019-06-23 19:36:05";89
"2019-06-23 19:46:06";89
"2019-06-23 19:56:05";91
"2019-06-23 20:06:06";91
"2019-06-23 20:16:05";91
"2019-06-23 20:26:06";92
"2019-06-23 20:36:05";92
"2019-06-23 20:46:06";92
"2019-06-23 20:56:06";93
"2019-06-23 21:06:06";93
"2019-06-23 21:16:06";93
"2019-06-23 21:26:06";92
"2019-06-23 21:36:06";92
"2019-06-23 21:46:06";92
"2019-06-23 21:56:05";93
"2019-06-23 22:06:06";93
"2019-06-23 22:16:06";95
"2019-06-23 22:26:06";95
"2019-06-23 22:36:06";95
"2019-06-23 22:46:06";95
"2019-06-23 22:56:05";95
"2019-06-23 23:06:06";95
"2019-06-23 23:16:06";95
"2019-06-23 23:26:06";95
"2019-06-23 23:36:06";95
"2019-06-23 23:46:07";95
"2019-06-23 23:56:06";93
"2019-06-24 00:06:05";93
"2019-06-24 00:16:06";93
"2019-06-24 00:26:05";95
"2019-06-24 00:36:06";95
"2019-06-24 00:46:07";95
"2019-06-24 00:56:06";92
"2019-06-24 01:06:07";92
"2019-06-24 01:16:06";92
"2019-06-24 01:26:06";94
"2019-06-24 01:36:06";94
"2019-06-24 01:46:06";94
"2019-06-24 01:56:05";92
"2019-06-24 02:06:05";92
"2019-06-24 02:16:05";92
"2019-06-24 02:26:05";92
"2019-06-24 02:36:05";92
"2019-06-24 02:46:06";92
"2019-06-24 02:56:06";91
"2019-06-24 03:06:05";91
"2019-06-24 03:16:05";91
"2019-06-24 03:26:04";92
"2019-06-24 03:36:05";92
"2019-06-24 03:46:05";92
"2019-06-24 04:06:04";91
"2019-06-24 04:16:04";91
"2019-06-24 04:26:05";92
"2019-06-24 04:36:05";92
"2019-06-24 04:46:05";92
"2019-06-24 04:56:04";91
"2019-06-24 05:06:05";91
"2019-06-24 05:16:05";91
"2019-06-24 05:26:05";89
"2019-06-24 05:36:05";89
"2019-06-24 05:46:05";89
"2019-06-24 05:56:05";89
"2019-06-24 06:06:05";89
"2019-06-24 06:16:05";89
"2019-06-24 06:26:05";89
"2019-06-24 06:36:05";89
"2019-06-24 06:46:05";89
"2019-06-24 06:56:05";89
"2019-06-24 07:06:05";89
"2019-06-24 07:16:05";89
"2019-06-24 07:26:05";88
"2019-06-24 07:36:05";88
"2019-06-24 07:46:05";88
"2019-06-24 07:56:06";88
"2019-06-24 08:06:04";88
"2019-06-24 08:16:07";88
"2019-06-24 08:26:05";89
"2019-06-24 08:36:05";89
"2019-06-24 08:46:05";89
"2019-06-24 08:56:05";87
"2019-06-24 09:06:05";87
"2019-06-24 09:16:05";87
"2019-06-24 09:26:05";87
"2019-06-24 09:36:05";87
"2019-06-24 09:46:05";87
"2019-06-24 09:56:05";89
"2019-06-24 10:06:05";89
"2019-06-24 10:16:05";89
"2019-06-24 10:26:06";87
"2019-06-24 10:36:05";87
"2019-06-24 10:46:05";87
"2019-06-24 10:56:05";82
"2019-06-24 11:06:04";82
"2019-06-24 11:16:05";82
"2019-06-24 11:26:06";85
"2019-06-24 11:36:05";85
"2019-06-24 11:46:05";85
"2019-06-24 11:56:06";86
"2019-06-24 12:06:05";86
"2019-06-24 12:16:05";84
"2019-06-24 12:26:05";84
"2019-06-24 12:36:05";84
"2019-06-24 12:46:05";84
"2019-06-24 12:56:05";86
"2019-06-24 13:06:05";86
"2019-06-24 13:16:06";86
"2019-06-24 13:26:06";87
"2019-06-24 13:36:05";87
"2019-06-24 13:46:05";87
"2019-06-24 13:56:05";83
"2019-06-24 14:06:05";83
"2019-06-24 14:16:06";83
"2019-06-24 14:26:05";86
"2019-06-24 14:36:05";86
"2019-06-24 14:46:05";86
"2019-06-24 14:56:05";87
"2019-06-24 15:06:04";87
"2019-06-24 15:16:05";87
"2019-06-24 15:26:05";87
"2019-06-24 15:36:05";86
"2019-06-24 15:46:06";86
"2019-06-24 15:56:05";86
"2019-06-24 16:06:05";88
"2019-06-24 16:16:05";88
"2019-06-24 16:26:05";86
"2019-06-24 16:36:05";86
"2019-06-24 16:46:05";86
"2019-06-24 16:56:05";89
"2019-06-24 17:06:05";89
"2019-06-24 17:16:06";89
"2019-06-24 17:26:06";93
"2019-06-24 17:36:05";93
"2019-06-24 17:46:05";93
"2019-06-24 17:56:06";94
"2019-06-24 18:06:05";94
"2019-06-24 18:16:05";94
"2019-06-24 18:26:05";99
"2019-06-24 18:36:05";99
"2019-06-24 18:46:05";99
"2019-06-24 18:56:05";101
"2019-06-24 19:06:05";101
"2019-06-24 19:16:05";101
"2019-06-24 19:26:05";101
"2019-06-24 19:36:05";101
"2019-06-24 19:46:07";101
"2019-06-24 19:56:05";98
"2019-06-24 20:06:05";98
"2019-06-24 20:16:05";98
"2019-06-24 20:26:06";97
"2019-06-24 20:36:07";97
"2019-06-24 20:46:05";97
"2019-06-24 20:56:06";102
"2019-06-24 21:06:05";102
"2019-06-24 21:16:06";102
"2019-06-24 21:26:05";102
"2019-06-24 21:36:06";102
"2019-06-24 21:46:06";102
"2019-06-24 21:56:06";101
"2019-06-24 22:06:07";101
"2019-06-24 22:16:07";101
"2019-06-24 22:26:06";105
"2019-06-24 22:36:06";105
"2019-06-24 22:46:06";105
"2019-06-24 22:56:06";103
"2019-06-24 23:06:06";103
"2019-06-24 23:16:06";103
"2019-06-24 23:26:06";102
"2019-06-24 23:36:06";102
"2019-06-24 23:46:07";102
"2019-06-24 23:56:07";100
"2019-06-25 00:06:07";100
"2019-06-25 00:16:09";100
"2019-06-25 00:26:06";104
"2019-06-25 00:36:06";104
"2019-06-25 00:46:06";104
"2019-06-25 00:56:07";100
"2019-06-25 01:06:06";100
"2019-06-25 01:16:06";100
"2019-06-25 01:26:06";99
"2019-06-25 01:36:06";99
"2019-06-25 01:46:06";99
"2019-06-25 01:56:06";102
"2019-06-25 02:06:05";102
"2019-06-25 02:16:05";98
"2019-06-25 02:26:06";98
"2019-06-25 02:36:05";98
"2019-06-25 02:46:05";98
"2019-06-25 02:56:05";96
"2019-06-25 03:06:05";96
"2019-06-25 03:16:05";96
"2019-06-25 03:26:04";96
"2019-06-25 03:36:05";96
"2019-06-25 03:46:05";96
"2019-06-25 04:06:05";99
"2019-06-25 04:16:05";98
"2019-06-25 04:26:05";98
"2019-06-25 04:36:04";98
"2019-06-25 04:46:05";98
"2019-06-25 04:56:05";97
"2019-06-25 05:06:05";97
"2019-06-25 05:16:05";97
"2019-06-25 05:26:05";97
"2019-06-25 05:36:05";97
"2019-06-25 05:46:05";97
"2019-06-25 05:56:05";96
"2019-06-25 06:06:05";96
"2019-06-25 06:16:05";96
"2019-06-25 06:26:05";95
"2019-06-25 06:36:04";95
"2019-06-25 06:46:05";95
"2019-06-25 06:56:05";92
"2019-06-25 07:06:05";92
"2019-06-25 07:16:05";92
"2019-06-25 07:26:05";94
"2019-06-25 07:36:05";94
"2019-06-25 07:46:06";94
"2019-06-25 07:56:06";89
"2019-06-25 08:06:05";89
"2019-06-25 08:16:05";89
"2019-06-25 08:26:05";93
"2019-06-25 08:36:05";93
"2019-06-25 08:46:06";93
"2019-06-25 08:56:05";91
"2019-06-25 09:06:05";91
"2019-06-25 09:16:05";91
"2019-06-25 09:26:05";92
"2019-06-25 09:36:05";92
"2019-06-25 09:46:05";92
"2019-06-25 09:56:05";92
"2019-06-25 10:06:05";92
"2019-06-25 10:16:06";90
"2019-06-25 10:26:05";90
"2019-06-25 10:36:05";90
"2019-06-25 10:46:05";90
"2019-06-25 10:56:05";87
"2019-06-25 11:06:06";87
"2019-06-25 11:16:05";87
"2019-06-25 11:26:05";91
"2019-06-25 11:36:05";91
"2019-06-25 11:46:06";91
"2019-06-25 11:56:05";89
"2019-06-25 12:06:05";89
"2019-06-25 12:16:05";89
"2019-06-25 12:26:06";90
"2019-06-25 12:36:05";90
"2019-06-25 12:46:05";90
"2019-06-25 12:56:05";92
"2019-06-25 13:06:05";92
"2019-06-25 13:16:05";92
"2019-06-25 13:26:05";90
"2019-06-25 13:36:05";90
"2019-06-25 13:46:06";90
"2019-06-25 13:56:05";90
"2019-06-25 14:06:05";90
"2019-06-25 14:16:05";90
"2019-06-25 14:26:05";91
"2019-06-25 14:36:06";91
"2019-06-25 14:46:05";91
"2019-06-25 14:56:06";91
"2019-06-25 15:06:05";91
"2019-06-25 15:16:06";91
"2019-06-25 15:26:06";95
"2019-06-25 15:36:05";95
"2019-06-25 15:46:05";95
"2019-06-25 15:56:05";94
"2019-06-25 16:06:05";94
"2019-06-25 16:16:05";94
"2019-06-25 16:26:05";97
"2019-06-25 16:36:05";97
"2019-06-25 16:46:05";97
"2019-06-25 16:56:05";96
"2019-06-25 17:06:05";96
"2019-06-25 17:16:05";96
"2019-06-25 17:26:05";100
"2019-06-25 17:36:05";100
"2019-06-25 17:46:05";100
"2019-06-25 17:56:05";102
"2019-06-25 18:06:05";102
"2019-06-25 18:16:05";102
"2019-06-25 18:36:05";101
"2019-06-25 18:46:05";101
"2019-06-25 18:56:05";99
"2019-06-25 19:06:05";99
"2019-06-25 19:16:06";99
"2019-06-25 19:26:05";106
"2019-06-25 19:36:05";106
"2019-06-25 19:46:05";106
"2019-06-25 19:56:05";106
"2019-06-25 20:06:05";106
"2019-06-25 20:16:06";106
"2019-06-25 20:26:06";104
"2019-06-25 20:36:06";104
"2019-06-25 20:46:06";104
"2019-06-25 20:56:06";103
"2019-06-25 21:06:06";103
"2019-06-25 21:16:06";103
"2019-06-25 21:26:05";108
"2019-06-25 21:36:06";108
"2019-06-25 21:46:06";108
"2019-06-25 21:56:06";108
"2019-06-25 22:06:07";108
"2019-06-25 22:16:11";108
"2019-06-25 22:26:07";107
"2019-06-25 22:36:06";107
"2019-06-25 22:46:07";107
"2019-06-25 22:56:06";107
"2019-06-25 23:06:06";107
"2019-06-25 23:16:06";107
"2019-06-25 23:26:05";105
"2019-06-25 23:36:07";105
"2019-06-25 23:46:07";105
"2019-06-25 23:56:06";108
"2019-06-26 00:06:06";108
"2019-06-26 00:16:08";108
"2019-06-26 00:26:06";103
"2019-06-26 00:36:06";103
"2019-06-26 00:46:06";102
"2019-06-26 00:56:07";102
"2019-06-26 01:06:08";102
"2019-06-26 01:16:06";102
"2019-06-26 01:26:06";105
"2019-06-26 01:36:06";105
"2019-06-26 01:46:06";105
"2019-06-26 01:56:06";103
"2019-06-26 02:06:05";103
"2019-06-26 02:16:05";103
"2019-06-26 02:26:05";102
"2019-06-26 02:36:05";102
"2019-06-26 02:46:06";102
"2019-06-26 02:56:05";100
"2019-06-26 03:06:05";100
"2019-06-26 03:16:05";101
"2019-06-26 03:26:05";101
"2019-06-26 03:36:05";101
"2019-06-26 03:46:05";101
"2019-06-26 04:06:04";99
"2019-06-26 04:16:04";99
"2019-06-26 04:26:05";96
"2019-06-26 04:36:05";96
"2019-06-26 04:46:05";96
"2019-06-26 04:56:05";100
"2019-06-26 05:06:05";100
"2019-06-26 05:16:05";100
"2019-06-26 05:26:05";100
"2019-06-26 05:36:05";100
"2019-06-26 05:46:05";100
"2019-06-26 05:56:05";100
"2019-06-26 06:06:05";100
"2019-06-26 06:16:05";100
"2019-06-26 06:26:05";95
"2019-06-26 06:36:05";95
"2019-06-26 06:46:05";95
"2019-06-26 06:56:05";97
"2019-06-26 07:06:04";97
"2019-06-26 07:16:04";97
"2019-06-26 07:26:05";94
"2019-06-26 07:36:05";94
"2019-06-26 07:46:05";94
"2019-06-26 07:56:05";95
"2019-06-26 08:06:05";95
"2019-06-26 08:16:06";95
"2019-06-26 08:26:06";95
"2019-06-26 08:36:05";95
"2019-06-26 08:46:05";95
"2019-06-26 08:56:05";93
"2019-06-26 09:06:05";93
"2019-06-26 09:16:05";93
"2019-06-26 09:26:05";90
"2019-06-26 09:36:05";90
"2019-06-26 09:46:05";90
"2019-06-26 09:56:05";93
"2019-06-26 10:06:05";93
"2019-06-26 10:16:05";92
"2019-06-26 10:26:05";92
"2019-06-26 10:36:05";92
"2019-06-26 10:46:05";92
"2019-06-26 10:56:05";86
"2019-06-26 11:06:04";86
"2019-06-26 11:16:05";86
"2019-06-26 11:26:05";87
"2019-06-26 11:36:06";87
"2019-06-26 11:46:06";87
"2019-06-26 11:56:05";91
"2019-06-26 12:06:05";91
"2019-06-26 12:16:05";91
"2019-06-26 12:26:06";89
"2019-06-26 12:36:05";89
"2019-06-26 12:46:06";89
"2019-06-26 12:56:05";91
"2019-06-26 13:06:05";91
"2019-06-26 13:16:05";91
"2019-06-26 13:26:05";90
"2019-06-26 13:36:04";90
"2019-06-26 13:46:04";90
"2019-06-26 13:56:05";89
"2019-06-26 14:06:04";89
"2019-06-26 14:16:05";89
"2019-06-26 14:26:05";95
"2019-06-26 14:36:04";95
"2019-06-26 14:46:05";95
"2019-06-26 14:56:05";92
"2019-06-26 15:06:04";92
"2019-06-26 15:16:05";92
"2019-06-26 15:26:05";95
"2019-06-26 15:36:05";95
"2019-06-26 15:46:05";95
"2019-06-26 15:56:05";95
"2019-06-26 16:06:04";95
"2019-06-26 16:16:05";95
"2019-06-26 16:26:05";99
"2019-06-26 16:36:05";99
"2019-06-26 16:46:05";97
"2019-06-26 16:56:05";97
"2019-06-26 17:06:05";97
"2019-06-26 17:16:05";97
"2019-06-26 17:26:04";103
"2019-06-26 17:36:05";103
"2019-06-26 17:46:05";103
"2019-06-26 17:56:05";104
"2019-06-26 18:06:05";104
"2019-06-26 18:16:05";104
"2019-06-26 18:26:05";104
"2019-06-26 18:36:05";104
"2019-06-26 18:46:05";104
"2019-06-26 18:56:05";105
"2019-06-26 19:06:05";105
"2019-06-26 19:16:05";105
"2019-06-26 19:26:05";103
"2019-06-26 19:36:05";103
"2019-06-26 19:46:05";103
"2019-06-26 19:56:05";101
"2019-06-26 20:06:05";101
"2019-06-26 20:16:05";106
"2019-06-26 20:26:05";106
"2019-06-26 20:36:04";106
"2019-06-26 20:46:05";106
"2019-06-26 20:56:05";107
"2019-06-26 21:06:05";107
"2019-06-26 21:16:06";108
"2019-06-26 21:26:05";108
"2019-06-26 21:36:05";108
"2019-06-26 21:46:06";108
"2019-06-26 21:56:06";106
"2019-06-26 22:06:07";106
"2019-06-26 22:16:07";106
"2019-06-26 22:26:05";106
"2019-06-26 22:36:06";106
"2019-06-26 22:46:06";106
"2019-06-26 22:56:05";106
"2019-06-26 23:06:05";106
"2019-06-26 23:16:06";106
"2019-06-26 23:26:05";106
"2019-06-26 23:36:06";106
"2019-06-26 23:46:07";106
"2019-06-26 23:56:05";107
"2019-06-27 00:06:06";107
"2019-06-27 00:16:06";107
"2019-06-27 00:26:05";105
"2019-06-27 00:36:05";105
"2019-06-27 00:46:05";105
"2019-06-27 00:56:05";104
"2019-06-27 01:06:05";104
"2019-06-27 01:16:05";104
"2019-06-27 01:26:05";107
"2019-06-27 01:36:06";107
"2019-06-27 01:46:06";107
"2019-06-27 01:56:05";102
"2019-06-27 02:06:05";102
"2019-06-27 02:16:05";102
"2019-06-27 02:26:05";101
"2019-06-27 02:36:04";101
"2019-06-27 02:46:05";101
"2019-06-27 02:56:05";103
"2019-06-27 03:06:05";103
"2019-06-27 03:16:05";101
"2019-06-27 03:26:05";101
"2019-06-27 03:36:05";101
"2019-06-27 03:46:05";101
"2019-06-27 04:06:04";99
"2019-06-27 04:16:05";99
"2019-06-27 04:26:05";103
"2019-06-27 04:36:05";103
"2019-06-27 04:46:05";99
"2019-06-27 04:56:04";99
"2019-06-27 05:06:05";99
"2019-06-27 05:16:04";99
"2019-06-27 05:26:04";100
"2019-06-27 05:36:05";100
"2019-06-27 05:46:05";100
"2019-06-27 05:56:05";97
"2019-06-27 06:06:04";97
"2019-06-27 06:16:04";97
"2019-06-27 06:26:05";97
"2019-06-27 06:36:04";97
"2019-06-27 06:46:04";97
"2019-06-27 06:56:05";96
"2019-06-27 07:06:04";96
"2019-06-27 07:16:05";96
"2019-06-27 07:26:05";96
"2019-06-27 07:36:05";96
"2019-06-27 07:46:05";96
"2019-06-27 07:56:05";96
"2019-06-27 08:06:05";96
"2019-06-27 08:16:05";94
"2019-06-27 08:26:05";94
"2019-06-27 08:36:05";94
"2019-06-27 08:46:05";96
"2019-06-27 08:56:05";96
"2019-06-27 09:06:05";96
"2019-06-27 09:16:05";96
"2019-06-27 09:26:05";99
"2019-06-27 09:36:04";99
"2019-06-27 09:46:04";99
"2019-06-27 09:56:04";95
"2019-06-27 10:06:05";95
"2019-06-27 10:16:05";95
"2019-06-27 10:26:05";91
"2019-06-27 10:36:05";91
"2019-06-27 10:46:05";91
"2019-06-27 10:56:04";90
"2019-06-27 11:06:05";90
"2019-06-27 11:16:05";90
"2019-06-27 11:26:04";87
"2019-06-27 11:36:04";87
"2019-06-27 11:46:05";87
"2019-06-27 11:56:05";89
"2019-06-27 12:06:04";89
"2019-06-27 12:16:05";89
"2019-06-27 12:26:04";86
"2019-06-27 12:36:05";86
"2019-06-27 12:46:05";86
"2019-06-27 12:56:04";87
"2019-06-27 13:06:05";87
"2019-06-27 13:16:04";87
"2019-06-27 13:26:05";88
"2019-06-27 13:36:05";88
"2019-06-27 13:46:05";88
"2019-06-27 13:56:05";87
"2019-06-27 14:06:05";87
"2019-06-27 14:16:05";87
"2019-06-27 14:26:05";87
"2019-06-27 14:36:05";87
"2019-06-27 14:46:04";87
"2019-06-27 14:56:05";91
"2019-06-27 15:06:05";91
"2019-06-27 15:16:05";91
"2019-06-27 15:26:05";90
"2019-06-27 15:36:05";90
"2019-06-27 15:46:05";90
"2019-06-27 15:56:05";92
"2019-06-27 16:06:05";92
"2019-06-27 16:16:05";92
"2019-06-27 16:26:05";92
"2019-06-27 16:36:05";92
"2019-06-27 16:46:05";92
"2019-06-27 16:56:05";92
"2019-06-27 17:06:05";92
"2019-06-27 17:16:05";92
"2019-06-27 17:26:05";94
"2019-06-27 17:36:05";94
"2019-06-27 17:46:05";94
"2019-06-27 17:56:05";98
"2019-06-27 18:06:05";98
"2019-06-27 18:16:05";98
"2019-06-27 18:36:05";96
"2019-06-27 18:46:05";96
"2019-06-27 18:56:05";98
"2019-06-27 19:06:04";98
"2019-06-27 19:16:05";98
"2019-06-27 19:26:05";98
"2019-06-27 19:36:05";98
"2019-06-27 19:46:05";98
"2019-06-27 19:56:05";98
"2019-06-27 20:06:05";98
"2019-06-27 20:16:05";98
"2019-06-27 20:26:05";98
"2019-06-27 20:36:05";98
"2019-06-27 20:46:05";98
"2019-06-27 20:56:05";99
"2019-06-27 21:06:05";99
"2019-06-27 21:16:05";99
"2019-06-27 21:26:05";101
"2019-06-27 21:36:05";101
"2019-06-27 21:46:05";101
"2019-06-27 21:56:05";99
"2019-06-27 22:06:05";99
"2019-06-27 22:16:07";99
"2019-06-27 22:26:06";97
"2019-06-27 22:36:06";97
"2019-06-27 22:46:05";97
"2019-06-27 22:56:06";100
"2019-06-27 23:06:05";100
"2019-06-27 23:16:05";100
"2019-06-27 23:26:05";101
"2019-06-27 23:36:06";101
"2019-06-27 23:46:06";101
"2019-06-27 23:56:06";101
"2019-06-28 00:06:06";101
"2019-06-28 00:16:07";101
"2019-06-28 00:26:05";102
"2019-06-28 00:36:05";102
"2019-06-28 00:46:06";102
"2019-06-28 00:56:05";96
"2019-06-28 01:06:05";96
"2019-06-28 01:16:05";96
"2019-06-28 01:26:05";96
"2019-06-28 01:36:05";96
"2019-06-28 01:46:05";96
"2019-06-28 01:56:05";100
"2019-06-28 02:06:05";100
"2019-06-28 02:16:05";93
"2019-06-28 02:26:04";93
"2019-06-28 02:36:05";93
"2019-06-28 02:46:07";93
"2019-06-28 02:56:05";94
"2019-06-28 03:06:05";94
"2019-06-28 03:16:05";94
"2019-06-28 03:26:05";91
"2019-06-28 03:36:04";91
"2019-06-28 03:46:05";91
"2019-06-28 04:06:04";92
"2019-06-28 04:16:05";92
"2019-06-28 04:26:05";93
"2019-06-28 04:36:05";93
"2019-06-28 04:46:05";93
"2019-06-28 04:56:05";90
"2019-06-28 05:06:05";90
"2019-06-28 05:16:05";90
"2019-06-28 05:26:05";90
"2019-06-28 05:36:05";90
"2019-06-28 05:46:05";89
"2019-06-28 05:56:05";89
"2019-06-28 06:06:04";89
"2019-06-28 06:16:05";89
"2019-06-28 06:26:04";93
"2019-06-28 06:36:04";93
"2019-06-28 06:46:05";93
"2019-06-28 06:56:05";88
"2019-06-28 07:06:05";88
"2019-06-28 07:16:05";88
"2019-06-28 07:26:05";85
"2019-06-28 07:36:05";85
"2019-06-28 07:46:05";85
"2019-06-28 07:56:04";87
"2019-06-28 08:06:05";87
"2019-06-28 08:16:05";87
"2019-06-28 08:26:04";86
"2019-06-28 08:36:05";86
"2019-06-28 08:46:05";86
"2019-06-28 08:56:05";87
"2019-06-28 09:06:05";87
"2019-06-28 09:16:04";88
"2019-06-28 09:26:05";88
"2019-06-28 09:36:04";88
"2019-06-28 09:46:05";88
"2019-06-28 09:56:05";86
"2019-06-28 10:06:04";86
"2019-06-28 10:16:05";86
"2019-06-28 10:26:05";89
"2019-06-28 10:36:04";89
"2019-06-28 10:46:04";89
"2019-06-28 10:56:05";84
"2019-06-28 11:06:04";84
"2019-06-28 11:16:04";84
"2019-06-28 11:26:05";84
"2019-06-28 11:36:04";84
"2019-06-28 11:46:05";84
"2019-06-28 11:56:05";79
"2019-06-28 12:06:04";79
"2019-06-28 12:16:05";79
"2019-06-28 12:26:04";83
"2019-06-28 12:36:05";83
"2019-06-28 12:46:04";83
"2019-06-28 12:56:05";82
"2019-06-28 13:06:05";82
"2019-06-28 13:16:04";82
"2019-06-28 13:26:05";86
"2019-06-28 13:36:05";86
"2019-06-28 13:46:04";86
"2019-06-28 13:56:05";86
"2019-06-28 14:06:04";86
"2019-06-28 14:16:05";86
"2019-06-28 14:26:04";88
"2019-06-28 14:36:04";88
"2019-06-28 14:46:05";88
"2019-06-28 14:56:05";89
"2019-06-28 15:06:04";89
"2019-06-28 15:16:05";89
"2019-06-28 15:26:05";90
"2019-06-28 15:36:05";90
"2019-06-28 15:46:05";90
"2019-06-28 15:56:05";90
"2019-06-28 16:06:05";90
"2019-06-28 16:16:05";90
"2019-06-28 16:26:05";91
"2019-06-28 16:36:05";91
"2019-06-28 16:46:05";91
"2019-06-28 16:56:05";94
"2019-06-28 17:06:05";94
"2019-06-28 17:16:05";95
"2019-06-28 17:26:04";95
"2019-06-28 17:36:05";95
"2019-06-28 17:46:05";95
"2019-06-28 17:56:05";95
"2019-06-28 18:06:05";95
"2019-06-28 18:16:05";96
"2019-06-28 18:26:05";96
"2019-06-28 18:36:05";96
"2019-06-28 18:46:05";96
"2019-06-28 18:56:05";98
"2019-06-28 19:06:04";98
"2019-06-28 19:16:05";98
"2019-06-28 19:26:04";94
"2019-06-28 19:36:04";94
"2019-06-28 19:46:05";94
"2019-06-28 19:56:05";97
"2019-06-28 20:06:05";97
"2019-06-28 20:16:05";97
"2019-06-28 20:26:04";92
"2019-06-28 20:36:05";92
"2019-06-28 20:46:05";92
"2019-06-28 20:56:05";100
"2019-06-28 21:06:05";100
"2019-06-28 21:16:05";100
"2019-06-28 21:26:05";98
"2019-06-28 21:36:06";98
"2019-06-28 21:46:05";98
"2019-06-28 21:56:05";95
"2019-06-28 22:06:06";95
"2019-06-28 22:16:06";95
"2019-06-28 22:26:06";100
"2019-06-28 22:36:06";100
"2019-06-28 22:46:05";100
"2019-06-28 22:56:05";96
"2019-06-28 23:06:05";96
"2019-06-28 23:16:06";96
"2019-06-28 23:26:05";96
"2019-06-28 23:36:06";96
"2019-06-28 23:46:06";96
"2019-06-28 23:56:06";95
"2019-06-29 00:06:07";95
"2019-06-29 00:16:06";95
"2019-06-29 00:26:05";94
"2019-06-29 00:36:05";94
"2019-06-29 00:46:06";94
"2019-06-29 00:56:06";93
"2019-06-29 02:26:05";97
"2019-06-29 02:36:05";97
"2019-06-29 02:46:05";97
"2019-06-29 02:56:05";92
"2019-06-29 03:06:05";92
"2019-06-29 03:16:05";94
"2019-06-29 03:26:04";94
"2019-06-29 03:36:05";94
"2019-06-29 03:46:05";90
"2019-06-29 04:06:04";90
"2019-06-29 04:16:05";90
"2019-06-29 04:26:04";92
"2019-06-29 04:36:05";92
"2019-06-29 04:46:04";92
"2019-06-29 04:56:05";91
"2019-06-29 05:06:05";91
"2019-06-29 05:16:05";89
"2019-06-29 05:26:04";89
"2019-06-29 05:36:05";89
"2019-06-29 05:46:05";89
"2019-06-29 05:56:05";91
"2019-06-29 06:06:05";91
"2019-06-29 06:16:05";91
"2019-06-29 06:26:05";91
"2019-06-29 06:36:04";91
"2019-06-29 06:46:04";91
"2019-06-29 06:56:04";87
"2019-06-29 07:06:05";87
"2019-06-29 07:16:05";87
"2019-06-29 07:26:05";89
"2019-06-29 07:36:04";89
"2019-06-29 07:46:05";89
"2019-06-29 07:56:05";87
"2019-06-29 08:06:04";87
"2019-06-29 08:16:04";87
"2019-06-29 08:26:05";87
"2019-06-29 08:36:04";87
"2019-06-29 08:46:05";87
"2019-06-29 08:56:05";87
"2019-06-29 09:06:04";87
"2019-06-29 09:16:04";87
"2019-06-29 09:26:04";85
"2019-06-29 09:36:05";85
"2019-06-29 09:46:05";89
"2019-06-29 09:56:05";89
"2019-06-29 10:06:04";89
"2019-06-29 10:16:05";89
"2019-06-29 10:26:04";89
"2019-06-29 10:36:04";89
"2019-06-29 10:46:05";89
"2019-06-29 10:56:05";83
"2019-06-29 11:06:04";83
"2019-06-29 11:16:05";83
"2019-06-29 11:26:05";88
"2019-06-29 11:36:04";88
"2019-06-29 11:46:05";88
"2019-06-29 11:56:05";84
"2019-06-29 12:06:05";84
"2019-06-29 12:16:05";84
"2019-06-29 12:26:04";83
"2019-06-29 12:36:05";83
"2019-06-29 12:46:05";83
"2019-06-29 12:56:05";84
"2019-06-29 13:06:05";84
"2019-06-29 13:16:05";84
"2019-06-29 13:26:05";87
"2019-06-29 13:36:05";87
"2019-06-29 13:46:05";87
"2019-06-29 13:56:05";87
"2019-06-29 14:06:05";87
"2019-06-29 14:16:05";87
"2019-06-29 14:26:05";89
"2019-06-29 14:36:05";89
"2019-06-29 14:46:05";89
"2019-06-29 14:56:05";86
"2019-06-29 15:06:05";86
"2019-06-29 15:16:04";86
"2019-06-29 15:26:05";86
"2019-06-29 15:36:05";86
"2019-06-29 15:46:05";86
"2019-06-29 15:56:05";88
"2019-06-29 16:06:05";88
"2019-06-29 16:16:05";88
"2019-06-29 16:26:05";88
"2019-06-29 16:36:05";88
"2019-06-29 16:46:05";88
"2019-06-29 16:56:05";91
"2019-06-29 17:06:05";91
"2019-06-29 17:16:05";91
"2019-06-29 17:26:05";93
"2019-06-29 17:36:05";93
"2019-06-29 17:46:04";92
"2019-06-29 17:56:05";92
"2019-06-29 18:06:05";92
"2019-06-29 18:16:05";92
"2019-06-29 18:26:05";94
"2019-06-29 18:36:05";94
"2019-06-29 18:46:05";94
"2019-06-29 19:06:04";95
"2019-06-29 19:16:05";95
"2019-06-29 19:26:05";91
"2019-06-29 19:36:05";91
"2019-06-29 19:46:05";91
"2019-06-29 19:56:05";92
"2019-06-29 20:06:05";92
"2019-06-29 20:16:05";92
"2019-06-29 20:26:05";93
"2019-06-29 20:36:05";93
"2019-06-29 20:46:05";93
"2019-06-29 20:56:05";94
"2019-06-29 21:06:05";94
"2019-06-29 21:16:06";94
"2019-06-29 21:26:05";91
"2019-06-29 21:36:05";91
"2019-06-29 21:46:05";91
"2019-06-29 21:56:06";92
"2019-06-29 22:06:06";92
"2019-06-29 22:16:06";92
"2019-06-29 22:26:06";92
"2019-06-29 22:36:05";92
"2019-06-29 22:46:06";92
"2019-06-29 22:56:06";93
"2019-06-29 23:06:05";93
"2019-06-29 23:16:05";93
"2019-06-29 23:26:05";93
"2019-06-29 23:36:06";93
"2019-06-29 23:46:06";93
"2019-06-29 23:56:06";93
"2019-06-30 00:06:06";93
"2019-06-30 00:16:05";93
"2019-06-30 00:26:06";93
"2019-06-30 00:36:06";93
"2019-06-30 00:46:05";93
"2019-06-30 00:56:06";92
"2019-06-30 01:06:06";92
"2019-06-30 01:16:06";92
"2019-06-30 01:26:05";93
"2019-06-30 01:36:05";93
"2019-06-30 01:46:06";93
"2019-06-30 01:56:05";91
"2019-06-30 02:06:04";91
"2019-06-30 02:16:05";91
"2019-06-30 02:26:05";91
"2019-06-30 02:36:05";91
"2019-06-30 02:46:07";90
"2019-06-30 02:56:05";90
"2019-06-30 03:06:05";90
"2019-06-30 03:16:05";90
"2019-06-30 03:26:05";90
"2019-06-30 03:36:05";90
"2019-06-30 03:46:05";90
"2019-06-30 04:06:04";89
"2019-06-30 04:16:05";89
"2019-06-30 04:26:05";91
"2019-06-30 04:36:05";91
"2019-06-30 04:46:05";91
"2019-06-30 04:56:04";88
"2019-06-30 05:06:05";88
"2019-06-30 05:16:05";88
"2019-06-30 05:26:05";84
"2019-06-30 05:36:05";84
"2019-06-30 05:46:05";87
"2019-06-30 05:56:05";87
"2019-06-30 06:06:04";87
"2019-06-30 06:16:04";87
"2019-06-30 06:26:04";86
"2019-06-30 06:36:04";86
"2019-06-30 06:46:05";86
"2019-06-30 06:56:05";85
"2019-06-30 07:06:04";85
"2019-06-30 07:16:05";85
"2019-06-30 07:26:05";85
"2019-06-30 07:36:04";85
"2019-06-30 07:46:05";85
"2019-06-30 07:56:05";85
"2019-06-30 08:06:05";85
"2019-06-30 08:16:04";85
"2019-06-30 08:26:04";83
"2019-06-30 08:36:05";83
"2019-06-30 08:46:05";83
"2019-06-30 08:56:05";84
"2019-06-30 09:06:04";84
"2019-06-30 09:16:05";84
"2019-06-30 09:26:05";83
"2019-06-30 09:36:05";83
"2019-06-30 09:46:05";83
"2019-06-30 09:56:05";82
"2019-06-30 10:06:05";82
"2019-06-30 10:16:04";82
"2019-06-30 10:26:05";82
"2019-06-30 10:36:04";82
"2019-06-30 10:46:04";81
"2019-06-30 10:56:05";81
"2019-06-30 11:06:04";81
"2019-06-30 11:16:05";85
"2019-06-30 11:26:05";85
"2019-06-30 11:36:05";85
"2019-06-30 11:46:05";85
"2019-06-30 11:56:05";82
"2019-06-30 12:06:05";82
"2019-06-30 12:16:05";82
"2019-06-30 12:26:05";83
"2019-06-30 12:36:04";83
"2019-06-30 12:46:05";83
"2019-06-30 12:56:05";82
"2019-06-30 13:06:05";82
"2019-06-30 13:16:05";82
"2019-06-30 13:26:04";82
"2019-06-30 13:36:05";82
"2019-06-30 13:46:05";82
"2019-06-30 13:56:05";82
"2019-06-30 14:06:05";82
"2019-06-30 14:16:04";82
"2019-06-30 14:26:05";83
"2019-06-30 14:36:05";83
"2019-06-30 14:46:04";83
"2019-06-30 14:56:05";83
"2019-06-30 15:06:04";83
"2019-06-30 15:16:05";83
"2019-06-30 15:26:05";84
"2019-06-30 15:36:05";84
"2019-06-30 15:46:05";84
"2019-06-30 15:56:07";86
"2019-06-30 16:06:04";86
"2019-06-30 16:16:05";86
"2019-06-30 16:26:05";86
"2019-06-30 16:36:05";86
"2019-06-30 16:46:05";86
"2019-06-30 16:56:05";89
"2019-06-30 17:06:05";89
"2019-06-30 17:16:04";89
"2019-06-30 17:26:05";93
"2019-06-30 17:36:04";93
"2019-06-30 17:46:05";93
"2019-06-30 17:56:05";94
"2019-06-30 18:06:05";94
"2019-06-30 18:16:05";94
"2019-06-30 18:26:05";91
"2019-06-30 18:36:05";91
"2019-06-30 18:46:05";91
"2019-06-30 18:56:05";91
"2019-06-30 19:06:04";91
"2019-06-30 19:16:05";91
"2019-06-30 19:26:05";91
"2019-06-30 19:36:05";91
"2019-06-30 19:46:05";91
"2019-06-30 19:56:05";89
"2019-06-30 20:06:06";89
"2019-06-30 20:16:05";89
"2019-06-30 20:26:05";89
"2019-06-30 20:36:05";89
"2019-06-30 20:46:05";89
"2019-06-30 20:56:05";90
"2019-06-30 21:06:06";90
"2019-06-30 21:16:06";90
"2019-06-30 21:26:05";89
"2019-06-30 21:36:05";89
"2019-06-30 21:46:05";89
"2019-06-30 21:56:05";89
"2019-06-30 22:06:06";89
"2019-06-30 22:16:06";89
"2019-06-30 22:26:06";87
"2019-06-30 22:36:06";87
"2019-06-30 22:46:06";87
"2019-06-30 22:56:05";87
"2019-06-30 23:06:05";87
"2019-06-30 23:16:06";87
"2019-06-30 23:26:05";89
"2019-06-30 23:36:06";89
"2019-06-30 23:46:07";89
"2019-06-30 23:56:06";89
"2019-07-01 00:06:06";89
"2019-07-01 00:16:06";89
"2019-07-01 00:26:06";88
"2019-07-01 00:36:05";88
"2019-07-01 00:46:06";88
"2019-07-01 00:56:07";88
"2019-07-01 01:06:06";88
"2019-07-01 01:16:06";90
"2019-07-01 01:26:06";90
"2019-07-01 01:36:05";90
"2019-07-01 01:46:07";90
"2019-07-01 01:56:06";87
"2019-07-01 02:06:05";87
"2019-07-01 02:16:05";86
"2019-07-01 02:26:05";86
"2019-07-01 02:36:04";86
"2019-07-01 02:46:06";86
"2019-07-01 02:56:05";86
"2019-07-01 03:06:05";86
"2019-07-01 03:16:05";86
"2019-07-01 03:26:05";87
"2019-07-01 03:36:05";87
"2019-07-01 03:46:05";87
"2019-07-01 04:06:05";86
"2019-07-01 04:16:05";86
"2019-07-01 04:26:05";85
"2019-07-01 04:36:05";85
"2019-07-01 04:46:05";85
"2019-07-01 04:56:04";84
"2019-07-01 05:06:16";84
"2019-07-01 05:16:05";86
"2019-07-01 05:26:05";86
"2019-07-01 05:36:05";86
"2019-07-01 05:46:04";86
"2019-07-01 05:56:05";82
"2019-07-01 06:06:05";82
"2019-07-01 06:16:05";82
"2019-07-01 06:26:05";82
"2019-07-01 06:36:05";82
"2019-07-01 06:46:05";82
"2019-07-01 06:56:05";83
"2019-07-01 07:06:04";83
"2019-07-01 07:16:05";83
"2019-07-01 07:26:05";83
"2019-07-01 07:36:05";83
"2019-07-01 07:46:05";83
"2019-07-01 07:56:05";82
"2019-07-01 08:06:05";82
"2019-07-01 08:16:05";82
"2019-07-01 08:26:05";83
"2019-07-01 08:36:05";83
"2019-07-01 08:46:05";83
"2019-07-01 08:56:05";81
"2019-07-01 09:06:05";81
"2019-07-01 09:16:04";81
"2019-07-01 09:26:04";83
"2019-07-01 09:36:04";83
"2019-07-01 09:46:04";83
"2019-07-01 09:56:05";82
"2019-07-01 10:06:04";82
"2019-07-01 10:16:05";82
"2019-07-01 10:26:05";83
"2019-07-01 10:36:04";83
"2019-07-01 10:46:05";83
"2019-07-01 10:56:05";82
"2019-07-01 11:06:05";82
"2019-07-01 11:16:05";82
"2019-07-01 11:26:05";80
"2019-07-01 11:36:04";80
"2019-07-01 11:46:05";80
"2019-07-01 11:56:05";81
"2019-07-01 12:06:05";81
"2019-07-01 12:36:04";75
"2019-07-01 12:56:05";82
"2019-07-01 13:06:05";82
"2019-07-01 13:16:04";82
"2019-07-01 13:26:05";77
"2019-07-01 13:36:05";77
"2019-07-01 13:46:05";77
"2019-07-01 13:56:05";82
"2019-07-01 14:16:04";82
"2019-07-01 14:26:05";82
"2019-07-01 14:46:05";82
"2019-07-01 14:56:05";80
"2019-07-01 15:06:05";80
"2019-07-01 15:16:05";80
"2019-07-01 15:26:04";80
"2019-07-01 15:36:05";80
"2019-07-01 15:46:05";80
"2019-07-01 15:56:05";83
"2019-07-01 16:06:05";83
"2019-07-02 02:00:00";90
"2019-07-02 03:00:00";89
"2019-07-02 03:30:00";90
"2019-07-02 04:00:00";91
"2019-07-02 04:30:00";93
"2019-07-02 05:00:00";96
"2019-07-02 05:30:00";93
"2019-07-02 06:00:00";92
"2019-07-02 06:30:00";90
"2019-07-02 07:00:00";91
"2019-07-02 07:30:00";92
"2019-07-02 08:00:00";88
"2019-07-02 08:30:00";89
"2019-07-02 09:00:00";88
"2019-07-02 09:30:00";89
"2019-07-02 10:00:00";90
"2019-07-02 10:30:00";87
"2019-07-02 11:00:00";85
"2019-07-02 11:30:00";85
"2019-07-02 12:00:00";81
"2019-07-02 12:30:00";83
"2019-07-02 13:00:00";84
"2019-07-02 13:30:00";82
"2019-07-02 14:00:00";82
"2019-07-02 14:30:00";82
"2019-07-02 15:00:00";84
"2019-07-02 15:30:00";83
"2019-07-02 16:00:00";81
"2019-07-02 16:30:00";83
"2019-07-02 17:00:00";87
"2019-07-02 17:30:00";92
"2019-07-02 18:00:00";89
"2019-07-02 18:30:00";88
"2019-07-02 19:00:00";89
"2019-07-02 19:30:00";89
"2019-07-02 20:00:00";87
"2019-07-02 20:30:00";89
"2019-07-02 21:00:00";88
"2019-07-02 21:30:00";90
"2019-07-02 22:00:00";89
"2019-07-02 22:30:00";90
"2019-07-02 23:00:00";89
"2019-07-02 23:30:00";88
"2019-07-03 00:00:00";91
"2019-07-03 00:30:00";86
"2019-07-03 01:00:00";87
"2019-07-03 02:00:00";88
"2019-07-03 02:30:00";88
"2019-07-03 03:00:00";90
"2019-07-03 03:30:00";84
"2019-07-03 04:00:00";86
"2019-07-03 04:30:00";84
"2019-07-03 05:00:00";84
"2019-07-03 05:30:00";84
"2019-07-03 06:00:00";84
"2019-07-03 06:30:00";82
"2019-07-03 07:00:00";81
"2019-07-03 07:30:00";82
"2019-07-03 08:00:00";79
"2019-07-03 09:00:00";83
"2019-07-03 09:30:00";80
"2019-07-03 10:00:00";83
"2019-07-03 10:30:00";79
"2019-07-03 11:00:00";79
"2019-07-03 11:30:00";74
"2019-07-03 12:00:00";78
"2019-07-03 12:30:00";75
"2019-07-03 13:00:00";77
"2019-07-03 13:30:00";79
"2019-07-03 14:00:00";78
"2019-07-03 14:30:00";76
"2019-07-03 15:30:00";76
"2019-07-03 16:00:00";78
"2019-07-03 17:00:00";78
"2019-07-03 17:30:00";80
"2019-07-03 18:00:00";77
"2019-07-03 18:30:00";79
"2019-07-03 19:00:00";81
"2019-07-03 19:30:00";82
"2019-07-03 20:00:00";80
"2019-07-03 20:30:00";82
"2019-07-03 21:00:00";79
"2019-07-03 21:30:00";82
"2019-07-03 22:00:00";84
"2019-07-03 22:30:00";82
"2019-07-03 23:00:00";84
"2019-07-03 23:30:00";82
"2019-07-04 00:00:00";83
"2019-07-04 00:30:00";83
"2019-07-04 01:00:00";81
"2019-07-04 02:00:00";81
"2019-07-04 02:30:00";76
"2019-07-04 03:00:00";80
"2019-07-04 03:30:00";77
"2019-07-04 04:00:00";77
"2019-07-04 04:30:00";81
"2019-07-04 05:00:00";79
"2019-07-04 05:30:00";77
"2019-07-04 06:00:00";76
"2019-07-04 06:30:00";75
"2019-07-04 07:00:00";75
"2019-07-04 07:30:00";76
"2019-07-04 08:00:00";74
"2019-07-04 08:30:00";74
"2019-07-04 09:00:00";77
"2019-07-04 09:30:00";77
"2019-07-04 10:00:00";73
"2019-07-04 10:30:00";71
"2019-07-04 11:00:00";72
"2019-07-04 11:30:00";70
"2019-07-04 12:30:00";72
"2019-07-04 13:00:00";72
"2019-07-04 13:30:00";72
"2019-07-04 14:00:00";67
"2019-07-04 14:30:00";71
"2019-07-04 15:00:00";72
"2019-07-04 15:30:00";74
"2019-07-04 16:00:00";71
"2019-07-04 16:30:00";74
"2019-07-04 17:00:00";76
"2019-07-04 17:30:00";78
"2019-07-04 18:00:00";76
"2019-07-04 18:30:00";77
"2019-07-04 19:00:00";77
"2019-07-04 19:30:00";74
"2019-07-04 20:00:00";77
"2019-07-04 20:30:00";77
"2019-07-04 21:00:00";75
"2019-07-04 21:30:00";77
"2019-07-04 22:00:00";75
"2019-07-04 22:30:00";79
"2019-07-04 23:00:00";74
"2019-07-04 23:30:00";76
"2019-07-05 00:00:00";76
"2019-07-05 01:00:00";76
"2019-07-05 02:00:00";75
"2019-07-05 02:30:00";74
"2019-07-05 03:00:00";76
"2019-07-05 03:30:00";75
"2019-07-05 04:00:00";75
"2019-07-05 04:30:00";74
"2019-07-05 05:00:00";74
"2019-07-05 05:30:00";72
"2019-07-05 06:00:00";72
"2019-07-05 06:30:00";73
"2019-07-05 07:00:00";75
"2019-07-05 07:30:00";69
"2019-07-05 08:00:00";72
"2019-07-05 08:30:00";73
"2019-07-05 09:00:00";71
"2019-07-05 09:30:00";74
"2019-07-05 10:00:00";72
"2019-07-05 10:30:00";73
"2019-07-05 11:00:00";68
"2019-07-05 12:00:00";67
"2019-07-05 12:30:00";69
"2019-07-05 13:00:00";69
"2019-07-05 13:30:00";71
"2019-07-05 14:00:00";69
"2019-07-05 14:30:00";70
"2019-07-05 15:00:00";73
"2019-07-05 15:30:00";72
"2019-07-05 16:00:00";72
"2019-07-05 16:30:00";73
"2019-07-05 17:00:00";74
"2019-07-05 17:30:00";74
"2019-07-05 18:00:00";75
"2019-07-05 18:30:00";76
"2019-07-05 19:00:00";75
"2019-07-05 19:30:00";78
"2019-07-05 20:00:00";79
"2019-07-05 20:30:00";78
"2019-07-05 21:00:00";77
"2019-07-05 21:30:00";80
"2019-07-05 22:00:00";77
"2019-07-05 22:30:00";79
"2019-07-05 23:30:00";79
"2019-07-06 00:00:00";77
"2019-07-06 02:00:00";77
"2019-07-06 02:30:00";73
"2019-07-06 03:00:00";77
"2019-07-06 03:30:00";75
"2019-07-06 04:00:00";76
"2019-07-06 04:30:00";74
"2019-07-06 05:00:00";73
"2019-07-06 05:30:00";73
"2019-07-06 06:00:00";72
"2019-07-06 06:30:00";73
"2019-07-06 07:00:00";71
"2019-07-06 07:30:00";72
"2019-07-06 08:00:00";73
"2019-07-06 08:30:00";72
"2019-07-06 09:00:00";72
"2019-07-06 09:30:00";72
"2019-07-06 10:00:00";72
"2019-07-06 10:30:00";68
"2019-07-06 11:00:00";67
"2019-07-06 11:30:00";69
"2019-07-06 12:00:00";69
"2019-07-06 12:30:00";69
"2019-07-06 13:00:00";68
"2019-07-06 13:30:00";68
"2019-07-06 14:00:00";70
"2019-07-06 14:30:00";68
"2019-07-06 15:00:00";70
"2019-07-06 15:30:00";71
"2019-07-06 16:00:00";69
"2019-07-06 16:30:00";73
"2019-07-06 17:00:00";75
"2019-07-06 17:30:00";74
"2019-07-06 18:00:00";74
"2019-07-06 18:30:00";75
"2019-07-06 19:00:00";77
"2019-07-06 19:30:00";76
"2019-07-06 20:00:00";74
"2019-07-06 20:30:00";72
"2019-07-06 21:00:00";65
"2019-07-06 21:30:00";73
"2019-07-06 22:00:00";78
"2019-07-06 22:30:00";76
"2019-07-06 23:00:00";75
"2019-07-06 23:30:00";76
"2019-07-07 00:00:00";73
"2019-07-07 00:30:00";73
"2019-07-07 01:00:00";76
"2019-07-07 02:00:00";76
"2019-07-07 02:30:00";74
"2019-07-07 03:00:00";72
"2019-07-07 03:30:00";75
"2019-07-07 04:00:00";71
"2019-07-07 04:30:00";73
"2019-07-07 05:00:00";71
"2019-07-07 05:30:00";74
"2019-07-07 06:00:00";71
"2019-07-07 06:30:00";72
"2019-07-07 07:00:00";69
"2019-07-07 07:30:00";72
"2019-07-07 08:00:00";70
"2019-07-07 08:30:00";69
"2019-07-07 09:00:00";71
"2019-07-07 09:30:00";70
"2019-07-07 10:00:00";69
"2019-07-07 10:30:00";70
"2019-07-07 11:00:00";68
"2019-07-07 11:30:00";67
"2019-07-07 12:00:00";64
"2019-07-07 12:30:00";68
"2019-07-07 13:00:00";67
"2019-07-07 13:30:00";67
"2019-07-07 14:00:00";66
"2019-07-07 14:30:00";67
"2019-07-07 15:00:00";65
"2019-07-07 15:30:00";67
"2019-07-07 16:00:00";64
"2019-07-07 16:30:00";68
"2019-07-07 17:00:00";67
"2019-07-07 17:30:00";70
"2019-07-07 18:00:00";74
"2019-07-07 18:30:00";71
"2019-07-07 19:00:00";74
"2019-07-07 19:30:00";73
"2019-07-07 20:00:00";73
"2019-07-07 20:30:00";74
"2019-07-07 21:00:00";74
"2019-07-07 21:30:00";72
"2019-07-07 22:00:00";72
"2019-07-07 22:30:00";72
"2019-07-07 23:00:00";71
"2019-07-07 23:30:00";71
"2019-07-08 00:00:00";70
"2019-07-08 00:30:00";71
"2019-07-08 01:00:00";70
"2019-07-08 02:00:00";69
"2019-07-08 02:30:00";68
"2019-07-08 03:00:00";70
"2019-07-08 03:30:00";67
"2019-07-08 04:00:00";69
"2019-07-08 04:30:00";68
"2019-07-08 05:00:00";67
"2019-07-08 05:30:00";68
"2019-07-08 06:00:00";67
"2019-07-08 06:30:00";65
"2019-07-08 07:00:00";64
"2019-07-08 07:30:00";66
"2019-07-08 08:00:00";65
"2019-07-08 08:30:00";64
"2019-07-08 09:00:00";66
"2019-07-08 09:30:00";65
"2019-07-08 10:00:00";64
"2019-07-08 10:30:00";62
"2019-07-08 11:00:00";60
"2019-07-08 11:30:00";60
"2019-07-08 12:00:00";62
"2019-07-08 12:30:00";58
"2019-07-08 13:00:00";64
"2019-07-08 13:30:00";62
"2019-07-08 14:00:00";61
"2019-07-08 14:30:00";62
"2019-07-08 15:00:00";61
"2019-07-08 15:30:00";62
"2019-07-08 16:00:00";62
"2019-07-08 16:30:00";64
"2019-07-08 17:00:00";62
"2019-07-08 17:30:00";63
"2019-07-08 18:00:00";65
"2019-07-08 18:30:00";63
"2019-07-08 19:00:00";66
"2019-07-08 19:30:00";68
"2019-07-08 20:00:00";66
"2019-07-08 20:30:00";70
"2019-07-08 21:00:00";68
"2019-07-08 21:30:00";68
"2019-07-08 22:00:00";71
"2019-07-08 22:30:00";70
"2019-07-08 23:00:00";66
"2019-07-08 23:30:00";67
"2019-07-09 00:00:00";68
"2019-07-09 00:30:00";68
"2019-07-09 01:00:00";68
"2019-07-09 02:00:00";66
"2019-07-09 02:30:00";66
"2019-07-09 03:00:00";65
"2019-07-09 03:30:00";64
"2019-07-09 04:00:00";65
"2019-07-09 04:30:00";63
"2019-07-09 05:00:00";65
"2019-07-09 05:30:00";62
"2019-07-09 06:00:00";63
"2019-07-09 06:30:00";63
"2019-07-09 07:00:00";61
"2019-07-09 07:30:00";62
"2019-07-09 08:00:00";63
"2019-07-09 08:30:00";62
"2019-07-09 09:00:00";62
"2019-07-09 09:30:00";63
"2019-07-09 10:00:00";65
"2019-07-09 10:30:00";61
"2019-07-09 11:00:00";58
"2019-07-09 11:30:00";59
"2019-07-09 12:00:00";59
"2019-07-09 12:30:00";60
"2019-07-09 13:00:00";59
"2019-07-09 13:30:00";60
"2019-07-09 14:00:00";60
"2019-07-09 15:00:00";61
"2019-07-09 15:30:00";61
"2019-07-09 16:00:00";62
"2019-07-09 16:30:00";63
"2019-07-09 17:00:00";63
"2019-07-09 17:30:00";64
"2019-07-09 18:00:00";66
"2019-07-09 18:30:00";68
"2019-07-09 19:00:00";69
"2019-07-09 19:30:00";67
"2019-07-09 20:00:00";67
"2019-07-09 20:30:00";68
"2019-07-09 21:00:00";68
"2019-07-09 21:30:00";67
"2019-07-09 22:00:00";66
"2019-07-09 22:30:00";67
"2019-07-09 23:00:00";67
"2019-07-09 23:30:00";66
"2019-07-10 00:00:00";67
"2019-07-10 00:30:00";67
"2019-07-10 01:00:00";67
"2019-07-10 02:00:00";67
"2019-07-10 02:30:00";65
"2019-07-10 03:00:00";64
"2019-07-10 03:30:00";63
"2019-07-10 04:00:00";65
"2019-07-10 04:30:00";63
"2019-07-10 05:00:00";65
"2019-07-10 05:30:00";64
"2019-07-10 06:00:00";62
"2019-07-10 06:30:00";62
"2019-07-10 07:00:00";62
"2019-07-10 07:30:00";63
"2019-07-10 08:00:00";62
"2019-07-10 08:30:00";60
"2019-07-10 09:00:00";59
"2019-07-10 09:30:00";60
"2019-07-10 10:00:00";61
"2019-07-10 10:30:00";59
"2019-07-10 11:30:00";58
"2019-07-10 12:00:00";59
"2019-07-10 12:30:00";58
"2019-07-10 13:00:00";60
"2019-07-10 14:00:00";58
"2019-07-10 14:30:00";57
"2019-07-10 15:00:00";59
"2019-07-10 15:30:00";59
"2019-07-10 16:00:00";58
"2019-07-10 16:30:00";60
"2019-07-10 17:00:00";58
"2019-07-10 17:30:00";60
"2019-07-10 18:00:00";61
"2019-07-10 18:30:00";59
"2019-07-10 19:00:00";60
"2019-07-10 19:30:00";63
"2019-07-10 20:00:00";63
"2019-07-10 20:30:00";61
"2019-07-10 21:00:00";63
"2019-07-10 21:30:00";60
"2019-07-10 22:00:00";61
"2019-07-10 22:30:00";64
"2019-07-10 23:00:00";60
"2019-07-10 23:30:00";62
"2019-07-11 00:00:00";64
"2019-07-11 01:00:00";63
"2019-07-11 02:00:00";61
"2019-07-11 02:30:00";60
"2019-07-11 03:00:00";61
"2019-07-11 03:30:00";60
"2019-07-11 04:00:00";61
"2019-07-11 04:30:00";59
"2019-07-11 05:00:00";57
"2019-07-11 05:30:00";58
"2019-07-11 06:00:00";58
"2019-07-11 06:30:00";57
"2019-07-11 07:00:00";57
"2019-07-11 07:30:00";58
"2019-07-11 08:00:00";59
"2019-07-11 08:30:00";59
"2019-07-11 09:00:00";57
"2019-07-11 09:30:00";58
"2019-07-11 10:00:00";57
"2019-07-11 10:30:00";57
"2019-07-11 11:00:00";57
"2019-07-11 11:30:00";56
"2019-07-11 12:00:00";55
"2019-07-11 12:30:00";57
"2019-07-11 13:00:00";54
"2019-07-11 13:30:00";54
"2019-07-11 14:00:00";54
"2019-07-11 15:00:00";54
"2019-07-11 15:30:00";55
"2019-07-11 16:00:00";54
"2019-07-11 16:30:00";56
"2019-07-11 17:00:00";55
"2019-07-11 17:30:00";57
"2019-07-11 18:00:00";58
"2019-07-11 18:30:00";58
"2019-07-11 19:00:00";59
"2019-07-11 19:30:00";59
"2019-07-11 20:00:00";58
"2019-07-11 20:30:00";56
"2019-07-11 21:00:00";57
"2019-07-11 21:30:00";57
"2019-07-11 22:00:00";55
"2019-07-11 22:30:00";56
"2019-07-11 23:00:00";57
"2019-07-11 23:30:00";56
"2019-07-12 00:00:00";55
"2019-07-12 00:30:00";54
"2019-07-12 01:00:00";54
"2019-07-12 02:00:00";56
"2019-07-12 02:30:00";54
"2019-07-12 03:00:00";56
"2019-07-12 03:30:00";54
"2019-07-12 04:00:00";54
"2019-07-12 04:30:00";54
"2019-07-12 05:00:00";52
"2019-07-12 05:30:00";54
"2019-07-12 06:00:00";54
"2019-07-12 06:30:00";53
"2019-07-12 07:00:00";52
"2019-07-12 07:30:00";53
"2019-07-12 08:00:00";54
"2019-07-12 08:30:00";53
"2019-07-12 09:00:00";54
"2019-07-12 09:30:00";55
"2019-07-12 10:00:00";54
"2019-07-12 10:30:00";54
"2019-07-12 11:00:00";53
"2019-07-12 11:30:00";52
"2019-07-12 12:00:00";52
"2019-07-12 12:30:00";52
"2019-07-12 13:00:00";52
"2019-07-12 13:30:00";52
"2019-07-12 14:00:00";52
"2019-07-12 14:30:00";53
"2019-07-12 15:00:00";51
"2019-07-12 15:30:00";54
"2019-07-12 16:00:00";53
"2019-07-12 16:30:00";53
"2019-07-12 17:00:00";55
"2019-07-12 17:30:00";55
"2019-07-12 18:00:00";55
"2019-07-12 18:30:00";58
"2019-07-12 19:00:00";56
"2019-07-12 19:30:00";59
"2019-07-12 20:00:00";59
"2019-07-12 20:30:00";56
"2019-07-12 21:00:00";56
"2019-07-12 21:30:00";56
"2019-07-12 22:00:00";58
"2019-07-12 22:30:00";56
"2019-07-12 23:00:00";56
"2019-07-12 23:30:00";56
"2019-07-13 00:00:00";57
"2019-07-13 02:00:00";53
"2019-07-13 02:30:00";54
"2019-07-13 03:00:00";54
"2019-07-13 03:30:00";53
"2019-07-13 04:00:00";53
"2019-07-13 04:30:00";54
"2019-07-13 05:00:00";54
"2019-07-13 05:30:00";52
"2019-07-13 06:00:00";52
"2019-07-13 06:30:00";51
"2019-07-13 07:00:00";55
"2019-07-13 07:30:00";53
"2019-07-13 08:00:00";51
"2019-07-13 08:30:00";51
"2019-07-13 09:00:00";55
"2019-07-13 09:30:00";55
"2019-07-13 10:00:00";51
"2019-07-13 10:30:00";52
"2019-07-13 11:00:00";50
"2019-07-13 11:30:00";49
"2019-07-13 12:00:00";49
"2019-07-13 12:30:00";50
"2019-07-13 13:00:00";51
"2019-07-13 13:30:00";49
"2019-07-13 14:00:00";50
"2019-07-13 14:30:00";50
"2019-07-13 15:00:00";50
"2019-07-13 15:30:00";51
"2019-07-13 16:00:00";50
"2019-07-13 16:30:00";52
"2019-07-13 17:00:00";53
"2019-07-13 17:30:00";54
"2019-07-13 18:00:00";53
"2019-07-13 18:30:00";55
"2019-07-13 19:00:00";55
"2019-07-13 19:30:00";56
"2019-07-13 20:00:00";54
"2019-07-13 20:30:00";54
"2019-07-13 21:00:00";56
"2019-07-13 21:30:00";55
"2019-07-13 22:00:00";56
"2019-07-13 22:30:00";56
"2019-07-13 23:00:00";57
"2019-07-13 23:30:00";56
"2019-07-14 00:00:00";56
"2019-07-14 00:30:00";56
"2019-07-14 01:00:00";54
"2019-07-14 02:00:00";52
"2019-07-14 02:30:00";53
"2019-07-14 03:00:00";54
"2019-07-14 03:30:00";55
"2019-07-14 04:00:00";52
"2019-07-14 04:30:00";54
"2019-07-14 05:00:00";50
"2019-07-14 05:30:00";53
"2019-07-14 06:00:00";52
"2019-07-14 06:30:00";52
"2019-07-14 07:00:00";52
"2019-07-14 07:30:00";52
"2019-07-14 08:00:00";52
"2019-07-14 08:30:00";51
"2019-07-14 09:00:00";54
"2019-07-14 09:30:00";51
"2019-07-14 10:00:00";51
"2019-07-14 10:30:00";50
"2019-07-14 11:00:00";51
"2019-07-14 11:30:00";49
"2019-07-14 12:00:00";49
"2019-07-14 12:30:00";49
"2019-07-14 13:00:00";48
"2019-07-14 13:30:00";50
"2019-07-14 14:00:00";48
"2019-07-14 14:30:00";49
"2019-07-14 15:00:00";51
"2019-07-14 15:30:00";49
"2019-07-14 16:00:00";49
"2019-07-14 16:30:00";49
"2019-07-14 17:00:00";52
"2019-07-14 17:30:00";50
"2019-07-14 18:00:00";51
"2019-07-14 18:30:00";48
"2019-07-14 19:00:00";49
"2019-07-14 19:30:00";51
"2019-07-14 20:00:00";48
"2019-07-14 20:30:00";51
"2019-07-14 21:00:00";51
"2019-07-14 21:30:00";53
"2019-07-14 22:00:00";53
"2019-07-14 22:30:00";53
"2019-07-14 23:00:00";52
"2019-07-14 23:30:00";52
"2019-07-15 00:00:00";53
"2019-07-15 00:30:00";50
"2019-07-15 01:00:00";52
"2019-07-15 02:00:00";50
"2019-07-15 02:30:00";50
"2019-07-15 03:00:00";52
"2019-07-15 03:30:00";51
"2019-07-15 04:00:00";51
"2019-07-15 05:00:00";52
"2019-07-15 05:30:00";51
"2019-07-15 06:00:00";54
"2019-07-15 06:30:00";53
"2019-07-15 07:00:00";58
"2019-07-15 07:30:00";62
"2019-07-15 08:00:00";63
"2019-07-15 08:30:00";63
"2019-07-15 09:00:00";68
"2019-07-15 10:00:00";66
"2019-07-15 10:30:00";68
"2019-07-15 11:00:00";70
"2019-07-15 11:30:00";65
"2019-07-15 12:30:00";69
"2019-07-15 13:00:00";69
"2019-07-15 13:30:00";70
"2019-07-15 14:30:00";70
"2019-07-15 15:00:00";67
"2019-07-15 15:30:00";67
"2019-07-15 16:00:00";67
"2019-07-15 16:30:00";66
"2019-07-15 17:00:00";67
"2019-07-15 17:30:00";67
"2019-07-15 18:00:00";66
"2019-07-15 18:30:00";66
"2019-07-15 19:00:00";64
"2019-07-15 19:30:00";64
"2019-07-15 20:00:00";64
"2019-07-15 20:30:00";62
"2019-07-15 21:00:00";62
"2019-07-15 21:30:00";64
"2019-07-15 22:00:00";65
"2019-07-15 22:30:00";63
"2019-07-15 23:00:00";61
"2019-07-15 23:30:00";61
"2019-07-16 00:00:00";59
"2019-07-16 00:30:00";62
"2019-07-16 01:00:00";59
"2019-07-16 02:00:00";59
"2019-07-16 02:30:00";58
"2019-07-16 03:00:00";58
"2019-07-16 03:30:00";57
"2019-07-16 04:00:00";57
"2019-07-16 04:30:00";56
"2019-07-16 05:00:00";56
"2019-07-16 05:30:00";55
"2019-07-16 06:00:00";56
"2019-07-16 06:30:00";56
"2019-07-16 07:00:00";55
"2019-07-16 07:30:00";55
"2019-07-16 08:00:00";55
"2019-07-16 08:30:00";55
"2019-07-16 09:00:00";55
"2019-07-16 09:30:00";56
"2019-07-16 10:00:00";54
"2019-07-16 10:30:00";52
"2019-07-16 11:00:00";52
"2019-07-16 11:30:00";52
"2019-07-16 12:00:00";52
"2019-07-16 12:30:00";53
"2019-07-16 13:00:00";52
"2019-07-16 13:30:00";51
"2019-07-16 14:00:00";51
"2019-07-16 15:00:00";48
"2019-07-16 15:30:00";51
"2019-07-16 16:00:00";51
"2019-07-16 16:30:00";49
"2019-07-16 17:00:00";51
"2019-07-16 17:30:00";52
"2019-07-16 18:00:00";52
"2019-07-16 18:30:00";53
"2019-07-16 19:00:00";50
"2019-07-16 19:30:00";50
"2019-07-16 20:00:00";51
"2019-07-16 20:30:00";51
"2019-07-16 21:00:00";51
"2019-07-16 21:30:00";52
"2019-07-16 22:00:00";52
"2019-07-16 22:30:00";51
"2019-07-16 23:00:00";52
"2019-07-16 23:30:00";51
"2019-07-17 00:00:00";51
"2019-07-17 00:30:00";51
"2019-07-17 01:00:00";52
"2019-07-17 02:00:00";51
"2019-07-17 02:30:00";50
"2019-07-17 03:00:00";51
"2019-07-17 03:30:00";50
"2019-07-17 04:00:00";50
"2019-07-17 04:30:00";51
"2019-07-17 05:00:00";50
"2019-07-17 05:30:00";50
"2019-07-17 06:00:00";49
"2019-07-17 06:30:00";50
"2019-07-17 07:00:00";50
"2019-07-17 07:30:00";50
"2019-07-17 08:00:00";50
"2019-07-17 08:30:00";51
"2019-07-17 09:00:00";50
"2019-07-17 09:30:00";52
"2019-07-17 10:00:00";51
"2019-07-17 10:30:00";49
"2019-07-17 11:00:00";49
"2019-07-17 11:30:00";49
"2019-07-17 12:00:00";48
"2019-07-17 12:30:00";48
"2019-07-17 13:00:00";49
"2019-07-17 13:30:00";48
"2019-07-17 14:00:00";48
"2019-07-17 14:30:00";48
"2019-07-17 15:30:00";50
"2019-07-17 16:00:00";50
"2019-07-17 17:00:00";47
"2019-07-17 17:30:00";49
"2019-07-17 18:00:00";50
"2019-07-17 18:30:00";47
"2019-07-17 19:30:00";49
"2019-07-17 20:00:00";49
"2019-07-17 20:30:00";51
"2019-07-17 21:00:00";50
"2019-07-17 21:30:00";51
"2019-07-17 22:00:00";51
"2019-07-17 22:30:00";52
"2019-07-17 23:00:00";51
"2019-07-17 23:30:00";53
"2019-07-18 00:00:00";51
"2019-07-18 00:30:00";50
"2019-07-18 01:00:00";50
"2019-07-18 02:00:00";50
"2019-07-18 02:30:00";50
"2019-07-18 03:00:00";50
"2019-07-18 03:30:00";51
"2019-07-18 04:00:00";48
"2019-07-18 04:30:00";52
"2019-07-18 05:00:00";51
"2019-07-18 05:30:00";50
"2019-07-18 06:00:00";50
"2019-07-18 06:30:00";51
"2019-07-18 07:00:00";49
"2019-07-18 07:30:00";50
"2019-07-18 08:00:00";50
"2019-07-18 08:30:00";49
"2019-07-18 09:00:00";49
"2019-07-18 09:30:00";51
"2019-07-18 10:30:00";49
"2019-07-18 11:00:00";48
"2019-07-18 11:30:00";50
"2019-07-18 12:00:00";48
"2019-07-18 12:30:00";49
"2019-07-18 13:00:00";48
"2019-07-18 13:30:00";47
"2019-07-18 14:00:00";48
"2019-07-18 14:30:00";47
"2019-07-18 15:00:00";46
"2019-07-18 15:30:00";49
"2019-07-18 16:00:00";47
"2019-07-18 16:30:00";47
"2019-07-18 17:00:00";47
"2019-07-18 17:30:00";46
"2019-07-18 18:00:00";47
"2019-07-18 18:30:00";46
"2019-07-18 19:00:00";47
"2019-07-18 19:30:00";46
"2019-07-18 20:00:00";48
"2019-07-18 20:30:00";49
"2019-07-18 21:00:00";46
"2019-07-18 21:30:00";48
"2019-07-18 22:00:00";49
"2019-07-18 22:30:00";49
"2019-07-18 23:00:00";49
"2019-07-18 23:30:00";49
"2019-07-19 00:00:00";50
"2019-07-19 00:30:00";49
"2019-07-19 01:00:00";50
"2019-07-19 02:00:00";49
"2019-07-19 02:30:00";47
"2019-07-19 03:00:00";49
"2019-07-19 03:30:00";48
"2019-07-19 04:00:00";48
"2019-07-19 04:30:00";47
"2019-07-19 05:00:00";48
"2019-07-19 05:30:00";47
"2019-07-19 06:00:00";48
"2019-07-19 06:30:00";48
"2019-07-19 07:00:00";49
"2019-07-19 07:30:00";48
"2019-07-19 08:00:00";46
"2019-07-19 08:30:00";47
"2019-07-19 09:00:00";48
"2019-07-19 09:30:00";47
"2019-07-19 10:00:00";47
"2019-07-19 10:30:00";46
"2019-07-19 11:00:00";47
"2019-07-19 11:30:00";47
"2019-07-19 12:00:00";46
"2019-07-19 12:30:00";46
"2019-07-19 13:00:00";46
"2019-07-19 13:30:00";46
"2019-07-19 14:30:00";46
"2019-07-19 15:00:00";47
"2019-07-19 15:30:00";48
"2019-07-19 16:00:00";46
"2019-07-19 17:00:00";46
"2019-07-19 17:30:00";48
"2019-07-19 18:30:00";46
"2019-07-19 19:00:00";46
"2019-07-19 19:30:00";46
"2019-07-19 20:30:00";46
"2019-07-19 21:00:00";48
"2019-07-19 21:30:00";48
"2019-07-19 22:00:00";46
"2019-07-19 22:30:00";49
"2019-07-19 23:00:00";50
"2019-07-19 23:30:00";50
"2019-07-20 00:00:00";48
"2019-07-20 02:00:00";49
"2019-07-20 02:30:00";51
"2019-07-20 03:00:00";50
"2019-07-20 03:30:00";49
"2019-07-20 04:00:00";47
"2019-07-20 04:30:00";49
"2019-07-20 05:00:00";48
"2019-07-20 05:30:00";50
"2019-07-20 06:00:00";48
"2019-07-20 06:30:00";48
"2019-07-20 07:00:00";48
"2019-07-20 07:30:00";48
"2019-07-20 08:00:00";47
"2019-07-20 08:30:00";48
"2019-07-20 09:00:00";48
"2019-07-20 09:30:00";48
"2019-07-20 10:00:00";48
"2019-07-20 10:30:00";46
"2019-07-20 11:00:00";47
"2019-07-20 11:30:00";46
"2019-07-20 12:00:00";48
"2019-07-20 12:30:00";47
"2019-07-20 13:00:00";47
"2019-07-20 13:30:00";47
"2019-07-20 14:00:00";46
"2019-07-20 14:30:00";46
"2019-07-20 15:00:00";47
"2019-07-20 15:30:00";46
"2019-07-20 16:00:00";45
"2019-07-20 16:30:00";49
"2019-07-20 17:00:00";49
"2019-07-20 17:30:00";47
"2019-07-20 18:00:00";49
"2019-07-20 18:30:00";48
"2019-07-20 19:00:00";49
"2019-07-20 19:30:00";50
"2019-07-20 20:00:00";49
"2019-07-20 20:30:00";47
"2019-07-20 21:00:00";48
"2019-07-20 21:30:00";49
"2019-07-20 22:00:00";48
"2019-07-20 22:30:00";51
"2019-07-20 23:00:00";50
"2019-07-20 23:30:00";51
"2019-07-21 00:00:00";50
"2019-07-21 00:30:00";51
"2019-07-21 01:00:00";52
"2019-07-21 02:00:00";50
"2019-07-21 02:30:00";50
"2019-07-21 03:00:00";50
"2019-07-21 03:30:00";49
"2019-07-21 04:00:00";47
"2019-07-21 04:30:00";49
"2019-07-21 05:00:00";49
"2019-07-21 05:30:00";50
"2019-07-21 06:00:00";49
"2019-07-21 06:30:00";49
"2019-07-21 07:00:00";49
"2019-07-21 07:30:00";50
"2019-07-21 08:00:00";51
"2019-07-21 08:30:00";49
"2019-07-21 09:00:00";50
"2019-07-21 09:30:00";52
"2019-07-21 10:00:00";51
"2019-07-21 10:30:00";48
"2019-07-21 11:00:00";49
"2019-07-21 11:30:00";46
"2019-07-21 12:00:00";47
"2019-07-21 12:30:00";46
"2019-07-21 13:00:00";48
"2019-07-21 13:30:00";47
"2019-07-21 14:00:00";49
"2019-07-21 14:30:00";49
"2019-07-21 15:00:00";50
"2019-07-21 15:30:00";51
"2019-07-21 16:30:00";51
"2019-07-21 17:00:00";53
"2019-07-21 17:30:00";53
"2019-07-21 18:00:00";54
"2019-07-21 18:30:00";55
"2019-07-21 19:00:00";53
"2019-07-21 19:30:00";53
"2019-07-21 20:00:00";55
"2019-07-21 20:30:00";55
"2019-07-21 21:00:00";54
"2019-07-21 21:30:00";58
"2019-07-21 22:00:00";56
"2019-07-21 22:30:00";55
"2019-07-21 23:00:00";57
"2019-07-21 23:30:00";54
"2019-07-22 00:00:00";57
"2019-07-22 00:30:00";57
"2019-07-22 01:00:00";55
"2019-07-22 02:00:00";56
"2019-07-22 02:30:00";55
"2019-07-22 03:00:00";54
"2019-07-22 03:30:00";55
"2019-07-22 04:00:00";53
"2019-07-22 04:30:00";52
"2019-07-22 05:00:00";52
"2019-07-22 05:30:00";53
"2019-07-22 06:00:00";52
"2019-07-22 06:30:00";51
"2019-07-22 07:00:00";53
"2019-07-22 07:30:00";51
"2019-07-22 08:00:00";49
"2019-07-22 08:30:00";50
"2019-07-22 09:00:00";51
"2019-07-22 09:30:00";50
"2019-07-22 10:00:00";51
"2019-07-22 10:30:00";51
"2019-07-22 11:00:00";47
"2019-07-22 11:30:00";49
"2019-07-22 12:00:00";50
"2019-07-22 12:30:00";49
"2019-07-22 13:00:00";49
"2019-07-22 13:30:00";47
"2019-07-22 14:00:00";48
"2019-07-22 14:30:00";50
"2019-07-22 15:30:00";49
"2019-07-22 16:00:00";53
"2019-07-22 16:30:00";52
"2019-07-22 17:00:00";53
"2019-07-22 18:00:00";56
"2019-07-22 18:30:00";59
"2019-07-22 19:30:00";56
"2019-07-22 20:00:00";57
"2019-07-22 20:30:00";59
"2019-07-22 21:00:00";58
"2019-07-22 21:30:00";59
"2019-07-22 22:00:00";60
"2019-07-22 23:00:00";59
"2019-07-22 23:30:00";56
"2019-07-23 00:00:00";58
"2019-07-23 00:30:00";57
"2019-07-23 01:00:00";56
"2019-07-23 02:00:00";56
"2019-07-23 02:30:00";57
"2019-07-23 03:00:00";55
"2019-07-23 03:30:00";55
"2019-07-23 04:00:00";54
"2019-07-23 04:30:00";56
"2019-07-23 05:00:00";55
"2019-07-23 05:30:00";55
"2019-07-23 06:00:00";54
"2019-07-23 06:30:00";52
"2019-07-23 07:00:00";53
"2019-07-23 07:30:00";53
"2019-07-23 08:00:00";53
"2019-07-23 08:30:00";52
"2019-07-23 09:00:00";53
"2019-07-23 09:30:00";52
"2019-07-23 10:00:00";52
"2019-07-23 10:30:00";51
"2019-07-23 11:00:00";47
"2019-07-23 11:30:00";50
"2019-07-23 12:00:00";48
"2019-07-23 12:30:00";51
"2019-07-23 13:00:00";51
"2019-07-23 13:30:00";51
"2019-07-23 14:00:00";51
"2019-07-23 14:30:00";53
"2019-07-23 15:00:00";53
"2019-07-23 15:30:00";55
"2019-07-23 16:00:00";56
"2019-07-23 16:30:00";56
"2019-07-23 17:00:00";55
"2019-07-23 17:30:00";57
"2019-07-23 18:00:00";57
"2019-07-23 18:30:00";59
"2019-07-23 19:00:00";61
"2019-07-23 19:30:00";59
"2019-07-23 20:00:00";59
"2019-07-23 20:30:00";59
"2019-07-23 21:30:00";59
"2019-07-23 22:00:00";60
"2019-07-23 22:30:00";61
"2019-07-23 23:00:00";59
"2019-07-23 23:30:00";59
"2019-07-24 00:00:00";59
"2019-07-24 00:30:00";58
"2019-07-24 01:00:00";59
"2019-07-24 02:00:00";57
"2019-07-24 02:30:00";57
"2019-07-24 03:00:00";56
"2019-07-24 03:30:00";56
"2019-07-24 04:00:00";54
"2019-07-24 04:30:00";55
"2019-07-24 05:00:00";55
"2019-07-24 05:30:00";54
"2019-07-24 06:00:00";55
"2019-07-24 06:30:00";52
"2019-07-24 07:00:00";53
"2019-07-24 07:30:00";54
"2019-07-24 08:00:00";53
"2019-07-24 08:30:00";53
"2019-07-24 09:00:00";54
"2019-07-24 09:30:00";54
"2019-07-24 10:00:00";53
"2019-07-24 10:30:00";50
"2019-07-24 11:00:00";49
"2019-07-24 11:30:00";51
"2019-07-24 12:00:00";53
"2019-07-24 12:30:00";52
"2019-07-24 13:00:00";53
"2019-07-24 13:30:00";53
"2019-07-24 14:30:00";55
"2019-07-24 15:00:00";56
"2019-07-24 15:30:00";56
"2019-07-24 16:00:00";58
"2019-07-24 16:30:00";59
"2019-07-24 17:00:00";57
"2019-07-24 17:30:00";61
"2019-07-24 18:00:00";60
"2019-07-24 18:30:00";62
"2019-07-24 19:00:00";61
"2019-07-24 19:30:00";60
"2019-07-24 20:00:00";61
"2019-07-24 20:30:00";60
"2019-07-24 21:00:00";60
"2019-07-24 21:30:00";58
"2019-07-24 22:00:00";58
"2019-07-24 22:30:00";58
"2019-07-24 23:00:00";57
"2019-07-24 23:30:00";57
"2019-07-25 00:00:00";56
"2019-07-25 00:30:00";58
"2019-07-25 01:00:00";58
"2019-07-25 02:00:00";57
"2019-07-25 02:30:00";56
"2019-07-25 03:00:00";55
"2019-07-25 03:30:00";54
"2019-07-25 04:00:00";54
"2019-07-25 04:30:00";52
"2019-07-25 05:00:00";55
"2019-07-25 05:30:00";53
"2019-07-25 06:00:00";52
"2019-07-25 06:30:00";52
"2019-07-25 07:00:00";54
"2019-07-25 07:30:00";51
"2019-07-25 08:00:00";53
"2019-07-25 08:30:00";51
"2019-07-25 09:00:00";53
"2019-07-25 09:30:00";51
"2019-07-25 10:00:00";52
"2019-07-25 10:30:00";50
"2019-07-25 11:00:00";50
"2019-07-25 11:30:00";51
"2019-07-25 12:00:00";51
"2019-07-25 12:30:00";51
"2019-07-25 13:00:00";52
"2019-07-25 13:30:00";52
"2019-07-25 14:00:00";54
"2019-07-25 14:30:00";54
"2019-07-25 15:00:00";54
"2019-07-25 16:00:00";54
"2019-07-25 16:30:00";58
"2019-07-25 17:00:00";57
"2019-07-25 17:30:00";56
"2019-07-25 18:00:00";64
"2019-07-25 18:30:00";70
"2019-07-25 19:00:00";69
"2019-07-25 19:30:00";69
"2019-07-25 20:00:00";69
"2019-07-25 20:30:00";65
"2019-07-25 21:00:00";64
"2019-07-25 21:30:00";61
"2019-07-25 22:00:00";63
"2019-07-25 22:30:00";60
"2019-07-25 23:00:00";60
"2019-07-25 23:30:00";60
"2019-07-26 00:00:00";60
"2019-07-26 00:30:00";59
"2019-07-26 01:00:00";63
"2019-07-26 02:00:00";61
"2019-07-26 02:30:00";60
"2019-07-26 03:00:00";60
"2019-07-26 03:30:00";57
"2019-07-26 04:00:00";59
"2019-07-26 04:30:00";55
"2019-07-26 05:00:00";56
"2019-07-26 05:30:00";55
"2019-07-26 06:00:00";55
"2019-07-26 06:30:00";56
"2019-07-26 07:00:00";55
"2019-07-26 07:30:00";55
"2019-07-26 08:00:00";54
"2019-07-26 08:30:00";55
"2019-07-26 09:00:00";54
"2019-07-26 09:30:00";54
"2019-07-26 10:00:00";53
"2019-07-26 10:30:00";51
"2019-07-26 11:00:00";50
"2019-07-26 11:30:00";52
"2019-07-26 12:00:00";51
"2019-07-26 12:30:00";52
"2019-07-26 13:00:00";51
"2019-07-26 13:30:00";52
"2019-07-26 14:00:00";53
"2019-07-26 14:30:00";54
"2019-07-26 15:00:00";56
"2019-07-26 15:30:00";58
"2019-07-26 16:00:00";57
"2019-07-26 16:30:00";57
"2019-07-26 17:00:00";58
"2019-07-26 17:30:00";55
"2019-07-26 18:00:00";59
"2019-07-26 18:30:00";59
"2019-07-26 19:00:00";59
"2019-07-26 19:30:00";58
"2019-07-26 20:00:00";60
"2019-07-26 20:30:00";59
"2019-07-26 21:00:00";62
"2019-07-26 21:30:00";63
"2019-07-26 22:00:00";76
"2019-07-26 22:30:00";73
"2019-07-26 23:00:00";70
"2019-07-26 23:30:00";68
"2019-07-27 00:00:00";68
"2019-07-27 02:00:00";67
"2019-07-27 02:30:00";68
"2019-07-27 03:00:00";68
"2019-07-27 03:30:00";73
"2019-07-27 04:00:00";74
"2019-07-27 04:30:00";71
"2019-07-27 05:00:00";72
"2019-07-27 05:30:00";72
"2019-07-27 06:00:00";74
"2019-07-27 06:30:00";72
"2019-07-27 07:00:00";73
"2019-07-27 07:30:00";72
"2019-07-27 08:00:00";72
"2019-07-27 08:30:00";69
"2019-07-27 09:00:00";67
"2019-07-27 09:30:00";68
"2019-07-27 10:00:00";66
"2019-07-27 10:30:00";62
"2019-07-27 11:00:00";61
"2019-07-27 11:30:00";59
"2019-07-27 12:00:00";57
"2019-07-27 12:30:00";61
"2019-07-27 13:00:00";59
"2019-07-27 13:30:00";61
"2019-07-27 14:00:00";61
"2019-07-27 14:30:00";62
"2019-07-27 15:00:00";62
"2019-07-27 15:30:00";82
"2019-07-27 16:00:00";80
"2019-07-27 17:00:00";89
"2019-07-27 17:30:00";90
"2019-07-27 18:00:00";88
"2019-07-27 18:30:00";86
"2019-07-27 19:00:00";84
"2019-07-27 19:30:00";83
"2019-07-27 20:00:00";84
"2019-07-27 20:30:00";81
"2019-07-27 21:00:00";76
"2019-07-27 21:30:00";78
"2019-07-27 22:00:00";76
"2019-07-27 22:30:00";73
"2019-07-27 23:00:00";75
"2019-07-27 23:30:00";74
"2019-07-28 00:00:00";71
"2019-07-28 00:30:00";68
"2019-07-28 01:00:00";71
"2019-07-28 02:00:00";69
"2019-07-28 02:30:00";69
"2019-07-28 03:00:00";66
"2019-07-28 03:30:00";67
"2019-07-28 04:00:00";66
"2019-07-28 04:30:00";64
"2019-07-28 05:00:00";63
"2019-07-28 05:30:00";65
"2019-07-28 06:00:00";64
"2019-07-28 06:30:00";64
"2019-07-28 07:00:00";64
"2019-07-28 07:30:00";64
"2019-07-28 08:00:00";63
"2019-07-28 08:30:00";64
"2019-07-28 09:00:00";64
"2019-07-28 09:30:00";65
"2019-07-28 10:00:00";61
"2019-07-28 10:30:00";60
"2019-07-28 11:00:00";62
"2019-07-28 11:30:00";59
"2019-07-28 12:00:00";60
"2019-07-28 12:30:00";58
"2019-07-28 13:00:00";59
"2019-07-28 13:30:00";59
"2019-07-28 14:00:00";56
"2019-07-28 15:00:00";56
"2019-07-28 15:30:00";56
"2019-07-28 16:00:00";59
"2019-07-28 16:30:00";57
"2019-07-28 17:00:00";56
"2019-07-28 17:30:00";56
"2019-07-28 18:00:00";57
"2019-07-28 18:30:00";60
"2019-07-28 19:00:00";58
"2019-07-28 19:30:00";57
"2019-07-28 20:00:00";57
"2019-07-28 20:30:00";60
"2019-07-28 21:00:00";56
"2019-07-28 21:30:00";59
"2019-07-28 22:00:00";58
"2019-07-28 22:30:00";58
"2019-07-28 23:00:00";60
"2019-07-28 23:30:00";57
"2019-07-29 00:00:00";58
"2019-07-29 00:30:00";55
"2019-07-29 01:00:00";55
"2019-07-29 02:00:00";56
"2019-07-29 02:30:00";55
"2019-07-29 03:00:00";55
"2019-07-29 03:30:00";54
"2019-07-29 04:00:00";54
"2019-07-29 04:30:00";55
"2019-07-29 05:00:00";53
"2019-07-29 05:30:00";54
"2019-07-29 06:00:00";55
"2019-07-29 06:30:00";52
"2019-07-29 07:00:00";52
"2019-07-29 07:30:00";52
"2019-07-29 08:00:00";53
"2019-07-29 08:30:00";52
"2019-07-29 09:00:00";52
"2019-07-29 09:30:00";52
"2019-07-29 10:00:00";55
"2019-07-29 10:30:00";50
"2019-07-29 11:00:00";51
"2019-07-29 11:30:00";49
"2019-07-29 12:00:00";51
"2019-07-29 12:30:00";51
"2019-07-29 13:30:00";50
"2019-07-29 14:00:00";52
"2019-07-29 14:30:00";50
"2019-07-29 15:00:00";50
"2019-07-29 15:30:00";52
"2019-07-29 16:00:00";52
"2019-07-29 16:30:00";53
"2019-07-29 17:00:00";56
"2019-07-29 17:30:00";54
"2019-07-29 18:00:00";54
"2019-07-29 18:30:00";54
"2019-07-29 19:00:00";54
"2019-07-29 19:30:00";56
"2019-07-29 20:00:00";56
"2019-07-29 20:30:00";55
"2019-07-29 21:00:00";56
"2019-07-29 21:30:00";56
"2019-07-29 22:00:00";54
"2019-07-29 22:30:00";56
"2019-07-29 23:00:00";56
"2019-07-29 23:30:00";54
"2019-07-30 00:00:00";57
"2019-07-30 00:30:00";56
"2019-07-30 01:00:00";54
"2019-07-30 02:00:00";54
"2019-07-30 02:30:00";54
"2019-07-30 03:00:00";53
"2019-07-30 03:30:00";53
"2019-07-30 04:00:00";53
"2019-07-30 04:30:00";53
"2019-07-30 05:00:00";52
"2019-07-30 05:30:00";52
"2019-07-30 06:00:00";52
"2019-07-30 06:30:00";51
"2019-07-30 07:00:00";49
"2019-07-30 07:30:00";51
"2019-07-30 08:00:00";50
"2019-07-30 08:30:00";51
"2019-07-30 09:00:00";52
"2019-07-30 09:30:00";52
"2019-07-30 10:00:00";53
"2019-07-30 10:30:00";49
"2019-07-30 11:00:00";48
"2019-07-30 11:30:00";49
"2019-07-30 12:00:00";49
"2019-07-30 12:30:00";47
"2019-07-30 13:00:00";50
"2019-07-30 13:30:00";50
"2019-07-30 14:30:00";49
"2019-07-30 15:00:00";52
"2019-07-30 15:30:00";51
"2019-07-30 16:00:00";50
"2019-07-30 16:30:00";51
"2019-07-30 17:00:00";52
"2019-07-30 17:30:00";53
"2019-07-30 18:00:00";51
"2019-07-30 18:30:00";52
"2019-07-30 19:00:00";50
"2019-07-30 19:30:00";50
"2019-07-30 20:00:00";50
"2019-07-30 20:30:00";51
"2019-07-30 21:00:00";52
"2019-07-30 21:30:00";53
"2019-07-30 22:00:00";51
"2019-07-30 22:30:00";53
"2019-07-30 23:00:00";54
"2019-07-30 23:30:00";53
"2019-07-31 00:00:00";51
"2019-07-31 00:30:00";52
"2019-07-31 01:00:00";52
"2019-07-31 02:00:00";53
"2019-07-31 02:30:00";49
"2019-07-31 03:00:00";51
"2019-07-31 03:30:00";50
"2019-07-31 04:00:00";51
"2019-07-31 04:30:00";51
"2019-07-31 05:00:00";49
"2019-07-31 05:30:00";50
"2019-07-31 06:00:00";50
"2019-07-31 06:30:00";49
"2019-07-31 07:00:00";49
"2019-07-31 07:30:00";49
"2019-07-31 08:00:00";49
"2019-07-31 08:30:00";49
"2019-07-31 09:00:00";51
"2019-07-31 09:30:00";50
"2019-07-31 10:00:00";48
"2019-07-31 10:30:00";50
"2019-07-31 11:00:00";47
"2019-07-31 11:30:00";49
"2019-07-31 12:00:00";48
"2019-07-31 12:30:00";47
"2019-07-31 13:00:00";46
"2019-07-31 13:30:00";46
"2019-07-31 14:00:00";47
"2019-07-31 14:30:00";47
"2019-07-31 15:00:00";47
"2019-07-31 15:30:00";48
"2019-07-31 16:00:00";46
"2019-07-31 16:30:00";49
"2019-07-31 17:00:00";48
"2019-07-31 17:30:00";49
"2019-07-31 18:00:00";50
"2019-07-31 18:30:00";49
"2019-07-31 19:00:00";50
"2019-07-31 19:30:00";50
"2019-07-31 20:00:00";51
"2019-07-31 20:30:00";50
"2019-07-31 21:00:00";51
"2019-07-31 21:30:00";51
"2019-07-31 22:00:00";51
"2019-07-31 22:30:00";51
"2019-07-31 23:00:00";51
"2019-07-31 23:30:00";50
"2019-08-01 00:00:00";50
"2019-08-01 00:30:00";51
"2019-08-01 01:00:00";52
"2019-08-01 02:00:00";50
"2019-08-01 02:30:00";51
"2019-08-01 03:00:00";49
"2019-08-01 03:30:00";50
"2019-08-01 04:00:00";49
"2019-08-01 04:30:00";47
"2019-08-01 05:00:00";48
"2019-08-01 05:30:00";48
"2019-08-01 06:00:00";46
"2019-08-01 06:30:00";47
"2019-08-01 07:00:00";48
"2019-08-01 07:30:00";47
"2019-08-01 08:00:00";47
"2019-08-01 08:30:00";47
"2019-08-01 09:00:00";47
"2019-08-01 09:30:00";45
"2019-08-01 10:00:00";47
"2019-08-01 10:30:00";46
"2019-08-01 11:00:00";39
"2019-08-01 11:30:00";40
"2019-08-01 12:00:00";46
"2019-08-01 12:30:00";48
"2019-08-01 13:00:00";46
"2019-08-01 13:30:00";45
"2019-08-01 14:00:00";45
"2019-08-01 14:30:00";47
"2019-08-01 15:00:00";45
"2019-08-01 15:30:00";44
"2019-08-01 16:00:00";46
"2019-08-01 16:30:00";46
"2019-08-01 17:00:00";49
"2019-08-01 17:30:00";48
"2019-08-01 18:00:00";48
"2019-08-01 18:30:00";48
"2019-08-01 19:00:00";47
"2019-08-01 19:30:00";48
"2019-08-01 20:00:00";49
"2019-08-01 20:30:00";51
"2019-08-01 21:00:00";49
"2019-08-01 21:30:00";49
"2019-08-01 22:00:00";51
"2019-08-01 22:30:00";52
"2019-08-01 23:00:00";50
"2019-08-01 23:30:00";51
"2019-08-02 00:00:00";50
"2019-08-02 00:30:00";50
"2019-08-02 01:00:00";52
"2019-08-02 02:00:00";50
"2019-08-02 02:30:00";52
"2019-08-02 03:00:00";51
"2019-08-02 03:30:00";52
"2019-08-02 04:00:00";49
"2019-08-02 04:30:00";54
"2019-08-02 05:00:00";57
"2019-08-02 05:30:00";55
"2019-08-02 06:00:00";55
"2019-08-02 06:30:00";51
"2019-08-02 07:00:00";53
"2019-08-02 07:30:00";51
"2019-08-02 08:00:00";52
"2019-08-02 08:30:00";51
"2019-08-02 09:00:00";52
"2019-08-02 09:30:00";50
"2019-08-02 10:00:00";50
"2019-08-02 10:30:00";49
"2019-08-02 11:00:00";49
"2019-08-02 11:30:00";47
"2019-08-02 12:00:00";49
"2019-08-02 12:30:00";48
"2019-08-02 13:00:00";48
"2019-08-02 13:30:00";49
"2019-08-02 14:00:00";45
"2019-08-02 14:30:00";48
"2019-08-02 15:00:00";45
"2019-08-02 15:30:00";48
"2019-08-02 16:00:00";52
"2019-08-02 16:30:00";53
"2019-08-02 17:00:00";53
"2019-08-02 17:30:00";50
"2019-08-02 18:00:00";51
"2019-08-02 18:30:00";49
"2019-08-02 19:00:00";51
"2019-08-02 19:30:00";49
"2019-08-02 20:00:00";48
"2019-08-02 20:30:00";48
"2019-08-02 21:00:00";48
"2019-08-02 21:30:00";48
"2019-08-02 22:00:00";48
"2019-08-02 22:30:00";47
"2019-08-02 23:00:00";46
"2019-08-02 23:30:00";47
"2019-08-03 00:00:00";45
"2019-08-03 02:00:00";45
"2019-08-03 02:30:00";46
"2019-08-03 03:00:00";44
"2019-08-03 03:30:00";45
"2019-08-03 04:00:00";44
"2019-08-03 04:30:00";45
"2019-08-03 05:00:00";44
"2019-08-03 05:30:00";43
"2019-08-03 06:00:00";44
"2019-08-03 06:30:00";42
"2019-08-03 07:00:00";40
"2019-08-03 07:30:00";42
"2019-08-03 08:00:00";42
"2019-08-03 08:30:00";41
"2019-08-03 09:00:00";44
"2019-08-03 09:30:00";44
"2019-08-03 10:00:00";44
"2019-08-03 10:30:00";39
"2019-08-03 11:00:00";37
"2019-08-03 11:30:00";36
"2019-08-03 12:00:00";39
"2019-08-03 12:30:00";40
"2019-08-03 13:00:00";38
"2019-08-03 13:30:00";39
"2019-08-03 14:00:00";40
"2019-08-03 14:30:00";40
"2019-08-03 15:00:00";41
"2019-08-03 15:30:00";41
"2019-08-03 16:00:00";41
"2019-08-03 16:30:00";43
"2019-08-03 17:00:00";44
"2019-08-03 17:30:00";45
"2019-08-03 18:00:00";48
"2019-08-03 18:30:00";48
"2019-08-03 19:00:00";46
"2019-08-03 19:30:00";48
"2019-08-03 20:00:00";48
"2019-08-03 20:30:00";49
"2019-08-03 21:00:00";49
"2019-08-03 21:30:00";49
"2019-08-03 22:00:00";48
"2019-08-03 22:30:00";49
"2019-08-03 23:00:00";49
"2019-08-03 23:30:00";48
"2019-08-04 00:00:00";49
"2019-08-04 00:30:00";49
"2019-08-04 01:00:00";47
"2019-08-04 02:00:00";47
"2019-08-04 02:30:00";47
"2019-08-04 03:00:00";45
"2019-08-04 03:30:00";44
"2019-08-04 04:00:00";45
"2019-08-04 04:30:00";45
"2019-08-04 05:00:00";45
"2019-08-04 05:30:00";44
"2019-08-04 06:00:00";44
"2019-08-04 06:30:00";43
"2019-08-04 07:00:00";43
"2019-08-04 07:30:00";44
"2019-08-04 08:00:00";43
"2019-08-04 08:30:00";44
"2019-08-04 09:00:00";44
"2019-08-04 09:30:00";44
"2019-08-04 10:00:00";42
"2019-08-04 10:30:00";40
"2019-08-04 11:00:00";38
"2019-08-04 11:30:00";40
"2019-08-04 12:00:00";40
"2019-08-04 12:30:00";39
"2019-08-04 13:00:00";40
"2019-08-04 13:30:00";38
"2019-08-04 14:00:00";40
"2019-08-04 14:30:00";39
"2019-08-04 15:00:00";40
"2019-08-04 15:30:00";40
"2019-08-04 16:00:00";40
"2019-08-04 16:30:00";41
"2019-08-04 17:00:00";44
"2019-08-04 17:30:00";45
"2019-08-04 18:00:00";47
"2019-08-04 18:30:00";47
"2019-08-04 19:00:00";45
"2019-08-04 19:30:00";46
"2019-08-04 20:00:00";49
"2019-08-04 20:30:00";46
"2019-08-04 21:00:00";48
"2019-08-04 21:30:00";47
"2019-08-04 22:00:00";48
"2019-08-04 22:30:00";50
"2019-08-04 23:00:00";47
"2019-08-04 23:30:00";47
"2019-08-05 00:00:00";49
"2019-08-05 00:30:00";47
"2019-08-05 01:00:00";48
"2019-08-05 02:00:00";47
"2019-08-05 02:30:00";46
"2019-08-05 03:00:00";45
"2019-08-05 03:30:00";46
"2019-08-05 04:00:00";45
"2019-08-05 04:30:00";43
"2019-08-05 05:00:00";41
"2019-08-05 05:30:00";45
"2019-08-05 06:00:00";44
"2019-08-05 06:30:00";43
"2019-08-05 07:00:00";45
"2019-08-05 07:30:00";43
"2019-08-05 08:00:00";42
"2019-08-05 08:30:00";41
"2019-08-05 09:00:00";44
"2019-08-05 09:30:00";43
"2019-08-05 10:00:00";42
"2019-08-05 10:30:00";40
"2019-08-05 11:00:00";40
"2019-08-05 11:30:00";41
"2019-08-05 12:00:00";39
"2019-08-05 12:30:00";40
"2019-08-05 13:00:00";40
"2019-08-05 13:30:00";39
"2019-08-05 14:00:00";41
"2019-08-05 14:30:00";41
"2019-08-05 15:00:00";41
"2019-08-05 15:30:00";41
"2019-08-05 16:00:00";43
"2019-08-05 16:30:00";43
"2019-08-05 17:00:00";44
"2019-08-05 17:30:00";45
"2019-08-05 18:00:00";44
"2019-08-05 18:30:00";45
"2019-08-05 19:00:00";45
"2019-08-05 19:30:00";45
"2019-08-05 20:00:00";44
"2019-08-05 20:30:00";41
"2019-08-05 21:00:00";44
"2019-08-05 21:30:00";44
"2019-08-05 22:00:00";44
"2019-08-05 22:30:00";45
"2019-08-05 23:00:00";44
"2019-08-05 23:30:00";45
"2019-08-06 00:00:00";45
"2019-08-06 00:30:00";46
"2019-08-06 01:00:00";44
"2019-08-06 02:00:00";42
"2019-08-06 02:30:00";43
"2019-08-06 03:00:00";44
"2019-08-06 03:30:00";43
"2019-08-06 04:00:00";41
"2019-08-06 04:30:00";43
"2019-08-06 05:00:00";41
"2019-08-06 05:30:00";41
"2019-08-06 06:00:00";41
"2019-08-06 06:30:00";42
"2019-08-06 07:00:00";41
"2019-08-06 07:30:00";41
"2019-08-06 08:00:00";43
"2019-08-06 08:30:00";43
"2019-08-06 09:00:00";42
"2019-08-06 09:30:00";41
"2019-08-06 10:00:00";40
"2019-08-06 10:30:00";41
"2019-08-06 11:00:00";41
"2019-08-06 11:30:00";41
"2019-08-06 12:00:00";40
"2019-08-06 12:30:00";39
"2019-08-06 13:00:00";40
"2019-08-06 13:30:00";41
"2019-08-06 14:00:00";41
"2019-08-06 14:30:00";41
"2019-08-06 15:00:00";42
"2019-08-06 16:00:00";43
"2019-08-06 16:30:00";42
"2019-08-06 17:00:00";44
"2019-08-06 17:30:00";45
"2019-08-06 18:00:00";45
"2019-08-06 18:30:00";55
"2019-08-06 19:00:00";57
"2019-08-06 19:30:00";52
"2019-08-06 20:00:00";52
"2019-08-06 20:30:00";51
"2019-08-06 21:00:00";51
"2019-08-06 21:30:00";51
"2019-08-06 22:00:00";49
"2019-08-06 22:30:00";50
"2019-08-06 23:00:00";50
"2019-08-06 23:30:00";51
"2019-08-07 00:00:00";49
"2019-08-07 00:30:00";50
"2019-08-07 01:00:00";48
"2019-08-07 02:00:00";62
"2019-08-07 02:30:00";61
"2019-08-07 03:00:00";62
"2019-08-07 03:30:00";63
"2019-08-07 04:00:00";60
"2019-08-07 04:30:00";59
"2019-08-07 05:00:00";57
"2019-08-07 05:30:00";54
"2019-08-07 06:00:00";54
"2019-08-07 06:30:00";53
"2019-08-07 07:00:00";52
"2019-08-07 07:30:00";51
"2019-08-07 08:00:00";52
"2019-08-07 08:30:00";50
"2019-08-07 09:00:00";52
"2019-08-07 09:30:00";50
"2019-08-07 10:00:00";52
"2019-08-07 10:30:00";50
"2019-08-07 11:00:00";49
"2019-08-07 11:30:00";50
"2019-08-07 12:00:00";49
"2019-08-07 13:00:00";57
"2019-08-07 13:30:00";56
"2019-08-07 14:00:00";54
"2019-08-07 14:30:00";55
"2019-08-07 15:00:00";63
"2019-08-07 15:30:00";71
"2019-08-07 16:00:00";71
"2019-08-07 16:30:00";67
"2019-08-07 17:00:00";64
"2019-08-07 17:30:00";57
"2019-08-07 18:00:00";64
"2019-08-07 18:30:00";62
"2019-08-07 19:00:00";62
"2019-08-07 19:30:00";58
"2019-08-07 20:00:00";59
"2019-08-07 20:30:00";59
"2019-08-07 21:00:00";58
"2019-08-07 21:30:00";56
"2019-08-07 22:00:00";57
"2019-08-07 22:30:00";57
"2019-08-07 23:00:00";56
"2019-08-07 23:30:00";55
"2019-08-08 00:00:00";55
"2019-08-08 00:30:00";55
"2019-08-08 01:00:00";53
"2019-08-08 02:00:00";53
"2019-08-08 02:30:00";52
"2019-08-08 03:00:00";53
"2019-08-08 03:30:00";52
"2019-08-08 04:00:00";51
"2019-08-08 04:30:00";49
"2019-08-08 05:00:00";51
"2019-08-08 05:30:00";48
"2019-08-08 06:00:00";48
"2019-08-08 06:30:00";49
"2019-08-08 07:00:00";49
"2019-08-08 07:30:00";50
"2019-08-08 08:00:00";49
"2019-08-08 08:30:00";48
"2019-08-08 09:00:00";48
"2019-08-08 09:30:00";47
"2019-08-08 10:00:00";50
"2019-08-08 10:30:00";47
"2019-08-08 11:00:00";44
"2019-08-08 11:30:00";45
"2019-08-08 12:00:00";44
"2019-08-08 12:30:00";43
"2019-08-08 13:00:00";44
"2019-08-08 13:30:00";46
"2019-08-08 14:00:00";46
"2019-08-08 14:30:00";47
"2019-08-08 15:00:00";47
"2019-08-08 15:30:00";48
"2019-08-08 16:00:00";49
"2019-08-08 16:30:00";49
"2019-08-08 17:00:00";49
"2019-08-08 17:30:00";48
"2019-08-08 18:00:00";46
"2019-08-08 18:30:00";48
"2019-08-08 19:00:00";49
"2019-08-08 19:30:00";51
"2019-08-08 20:00:00";49
"2019-08-08 20:30:00";51
"2019-08-08 21:00:00";51
"2019-08-08 21:30:00";50
"2019-08-08 22:00:00";50
"2019-08-08 22:30:00";51
"2019-08-08 23:00:00";51
"2019-08-08 23:30:00";48
"2019-08-09 00:00:00";49
"2019-08-09 00:30:00";50
"2019-08-09 01:00:00";49
"2019-08-09 02:00:00";49
"2019-08-09 02:30:00";49
"2019-08-09 03:00:00";49
"2019-08-09 03:30:00";48
"2019-08-09 04:00:00";47
"2019-08-09 04:30:00";48
"2019-08-09 05:00:00";48
"2019-08-09 05:30:00";46
"2019-08-09 06:00:00";45
"2019-08-09 06:30:00";46
"2019-08-09 07:00:00";45
"2019-08-09 07:30:00";46
"2019-08-09 08:00:00";45
"2019-08-09 08:30:00";46
"2019-08-09 09:00:00";44
"2019-08-09 09:30:00";43
"2019-08-09 10:00:00";45
"2019-08-09 10:30:00";41
"2019-08-09 11:00:00";43
"2019-08-09 11:30:00";41
"2019-08-09 12:00:00";38
"2019-08-09 12:30:00";41
"2019-08-09 13:00:00";43
"2019-08-09 13:30:00";43
"2019-08-09 14:00:00";45
"2019-08-09 14:30:00";45
"2019-08-09 15:00:00";46
"2019-08-09 15:30:00";47
"2019-08-09 16:00:00";47
"2019-08-09 16:30:00";48
"2019-08-09 17:00:00";51
"2019-08-09 17:30:00";50
"2019-08-09 18:00:00";50
"2019-08-09 18:30:00";51
"2019-08-09 19:00:00";52
"2019-08-09 19:30:00";51
"2019-08-09 20:00:00";51
"2019-08-09 20:30:00";49
"2019-08-09 21:00:00";51
"2019-08-09 21:30:00";52
"2019-08-09 22:00:00";51
"2019-08-09 22:30:00";52
"2019-08-09 23:00:00";51
"2019-08-09 23:30:00";50
"2019-08-10 00:00:00";52
"2019-08-10 02:00:00";52
"2019-08-10 02:30:00";49
"2019-08-10 03:00:00";48
"2019-08-10 03:30:00";49
"2019-08-10 04:00:00";50
"2019-08-10 04:30:00";48
"2019-08-10 05:00:00";47
"2019-08-10 05:30:00";48
"2019-08-10 06:00:00";48
"2019-08-10 06:30:00";48
"2019-08-10 07:00:00";46
"2019-08-10 07:30:00";49
"2019-08-10 08:00:00";46
"2019-08-10 08:30:00";46
"2019-08-10 09:00:00";46
"2019-08-10 09:30:00";44
"2019-08-10 10:00:00";46
"2019-08-10 10:30:00";47
"2019-08-10 11:00:00";48
"2019-08-10 11:30:00";53
"2019-08-10 12:00:00";51
"2019-08-10 12:30:00";52
"2019-08-10 13:00:00";50
"2019-08-10 13:30:00";50
"2019-08-10 14:00:00";52
"2019-08-10 14:30:00";49
"2019-08-10 15:00:00";49
"2019-08-10 15:30:00";48
"2019-08-10 16:00:00";52
"2019-08-10 16:30:00";54
"2019-08-10 17:00:00";54
"2019-08-10 17:30:00";56
"2019-08-10 18:00:00";56
"2019-08-10 18:30:00";57
"2019-08-10 19:00:00";58
"2019-08-10 19:30:00";56
"2019-08-10 20:00:00";58
"2019-08-10 20:30:00";54
"2019-08-10 21:00:00";56
"2019-08-10 21:30:00";56
"2019-08-10 22:00:00";56
"2019-08-10 22:30:00";54
"2019-08-10 23:00:00";55
"2019-08-10 23:30:00";54
"2019-08-11 00:00:00";54
"2019-08-11 00:30:00";53
"2019-08-11 01:00:00";54
"2019-08-11 02:00:00";51
"2019-08-11 02:30:00";50
"2019-08-11 03:00:00";51
"2019-08-11 03:30:00";50
"2019-08-11 04:00:00";52
"2019-08-11 04:30:00";47
"2019-08-11 05:00:00";50
"2019-08-11 05:30:00";50
"2019-08-11 06:00:00";48
"2019-08-11 06:30:00";49
"2019-08-11 07:00:00";48
"2019-08-11 07:30:00";47
"2019-08-11 08:00:00";46
"2019-08-11 08:30:00";47
"2019-08-11 09:00:00";46
"2019-08-11 09:30:00";45
"2019-08-11 10:00:00";45
"2019-08-11 10:30:00";46
"2019-08-11 11:00:00";43
"2019-08-11 11:30:00";44
"2019-08-11 12:00:00";44
"2019-08-11 12:30:00";43
"2019-08-11 13:00:00";44
"2019-08-11 13:30:00";45
"2019-08-11 14:00:00";45
"2019-08-11 14:30:00";46
"2019-08-11 15:00:00";47
"2019-08-11 15:30:00";48
"2019-08-11 16:00:00";49
"2019-08-11 16:30:00";49
"2019-08-11 17:00:00";49
"2019-08-11 17:30:00";52
"2019-08-11 18:00:00";51
"2019-08-11 18:30:00";53
"2019-08-11 19:00:00";51
"2019-08-11 19:30:00";53
"2019-08-11 20:00:00";51
"2019-08-11 20:30:00";51
"2019-08-11 21:00:00";52
"2019-08-11 21:30:00";52
"2019-08-11 22:00:00";50
"2019-08-11 22:30:00";51
"2019-08-11 23:00:00";52
"2019-08-11 23:30:00";51
"2019-08-12 00:00:00";48
"2019-08-12 00:30:00";51
"2019-08-12 01:00:00";50
"2019-08-12 02:00:00";50
"2019-08-12 02:30:00";48
"2019-08-12 03:00:00";49
"2019-08-12 03:30:00";49
"2019-08-12 04:00:00";48
"2019-08-12 04:30:00";49
"2019-08-12 05:00:00";45
"2019-08-12 05:30:00";47
"2019-08-12 06:00:00";47
"2019-08-12 06:30:00";47
"2019-08-12 07:00:00";46
"2019-08-12 07:30:00";47
"2019-08-12 08:00:00";45
"2019-08-12 08:30:00";46
"2019-08-12 09:00:00";47
"2019-08-12 09:30:00";49
"2019-08-12 10:00:00";50
"2019-08-12 10:30:00";53
"2019-08-12 11:00:00";52
"2019-08-12 11:30:00";81
"2019-08-12 12:00:00";81
"2019-08-12 12:30:00";83
"2019-08-12 13:00:00";75
"2019-08-12 13:30:00";79
"2019-08-12 14:00:00";79
"2019-08-12 14:30:00";76
"2019-08-12 15:00:00";77
"2019-08-12 15:30:00";76
"2019-08-12 16:00:00";84
"2019-08-12 16:30:00";82
"2019-08-12 17:00:00";83
"2019-08-12 17:30:00";91
"2019-08-12 18:00:00";97
"2019-08-12 18:30:00";90
"2019-08-12 19:00:00";94
"2019-08-12 19:30:00";94
"2019-08-12 20:00:00";91
"2019-08-12 20:30:00";90
"2019-08-12 21:00:00";89
"2019-08-12 21:30:00";88
"2019-08-12 22:00:00";84
"2019-08-12 22:30:00";81
"2019-08-12 23:00:00";82
"2019-08-12 23:30:00";78
"2019-08-13 00:00:00";78
"2019-08-13 01:00:00";75
"2019-08-13 02:00:00";72
"2019-08-13 02:30:00";70
"2019-08-13 03:00:00";69
"2019-08-13 03:30:00";67
"2019-08-13 04:00:00";68
"2019-08-13 04:30:00";66
"2019-08-13 05:00:00";67
"2019-08-13 05:30:00";65
"2019-08-13 06:00:00";65
"2019-08-13 06:30:00";62
"2019-08-13 07:00:00";63
"2019-08-13 07:30:00";59
"2019-08-13 08:00:00";63
"2019-08-13 08:30:00";61
"2019-08-13 09:00:00";60
"2019-08-13 09:30:00";61
"2019-08-13 10:00:00";60
"2019-08-13 10:30:00";59
"2019-08-13 11:00:00";58
"2019-08-13 11:30:00";57
"2019-08-13 12:00:00";54
"2019-08-13 12:30:00";56
"2019-08-13 13:00:00";56
"2019-08-13 13:30:00";53
"2019-08-13 14:00:00";54
"2019-08-13 14:30:00";54
"2019-08-13 15:00:00";56
"2019-08-13 15:30:00";54
"2019-08-13 16:00:00";54
"2019-08-13 16:30:00";55
"2019-08-13 17:00:00";53
"2019-08-13 17:30:00";52
"2019-08-13 18:00:00";53
"2019-08-13 18:30:00";53
"2019-08-13 19:00:00";49
"2019-08-13 19:30:00";51
"2019-08-13 20:00:00";52
"2019-08-13 20:30:00";51
"2019-08-13 21:00:00";52
"2019-08-13 21:30:00";52
"2019-08-13 22:00:00";51
"2019-08-13 22:30:00";51
"2019-08-13 23:00:00";52
"2019-08-13 23:30:00";51
"2019-08-14 00:00:00";51
"2019-08-14 00:30:00";49
"2019-08-14 01:00:00";48
"2019-08-14 02:00:00";52
"2019-08-14 02:30:00";51
"2019-08-14 03:00:00";49
"2019-08-14 03:30:00";49
"2019-08-14 04:00:00";50
"2019-08-14 04:30:00";49
"2019-08-14 05:00:00";45
"2019-08-14 05:30:00";49
"2019-08-14 06:00:00";47
"2019-08-14 07:00:00";47
"2019-08-14 08:00:00";47
"2019-08-14 08:30:00";47
"2019-08-14 09:00:00";47
"2019-08-14 10:00:00";48
"2019-08-14 11:00:00";44
"2019-08-14 11:30:00";45
"2019-08-14 12:30:00";43
"2019-08-14 13:30:00";44
"2019-08-14 14:30:00";43
"2019-08-14 15:30:00";42
"2019-08-14 16:00:00";42
"2019-08-14 16:30:00";44
"2019-08-14 17:00:00";45
"2019-08-14 17:30:00";45
"2019-08-14 18:00:00";47
"2019-08-14 18:30:00";44
"2019-08-14 19:00:00";46
"2019-08-14 19:30:00";47
"2019-08-14 20:00:00";48
"2019-08-14 20:30:00";49
"2019-08-14 21:00:00";47
"2019-08-14 21:30:00";47
"2019-08-14 22:00:00";49
"2019-08-14 22:30:00";49
"2019-08-14 23:00:00";46
"2019-08-14 23:30:00";48
"2019-08-15 00:00:00";47
"2019-08-15 00:30:00";48
"2019-08-15 01:00:00";44
"2019-08-15 02:00:00";45
"2019-08-15 02:30:00";46
"2019-08-15 03:00:00";44
"2019-08-15 03:30:00";45
"2019-08-15 04:00:00";45
"2019-08-15 04:30:00";42
"2019-08-15 05:00:00";45
"2019-08-15 05:30:00";42
"2019-08-15 06:00:00";42
"2019-08-15 06:30:00";42
"2019-08-15 07:00:00";43
"2019-08-15 07:30:00";43
"2019-08-15 08:00:00";44
"2019-08-15 08:30:00";42
"2019-08-15 09:00:00";43
"2019-08-15 09:30:00";41
"2019-08-15 10:00:00";42
"2019-08-15 10:30:00";42
"2019-08-15 11:30:00";38
"2019-08-15 12:00:00";40
"2019-08-15 12:30:00";41
"2019-08-15 13:00:00";39
"2019-08-15 13:30:00";40
"2019-08-15 14:00:00";40
"2019-08-15 14:30:00";39
"2019-08-15 15:00:00";42
"2019-08-15 15:30:00";39
"2019-08-15 16:00:00";41
"2019-08-15 16:30:00";43
"2019-08-15 17:00:00";43
"2019-08-15 17:30:00";41
"2019-08-15 18:00:00";43
"2019-08-15 18:30:00";44
"2019-08-15 19:00:00";43
"2019-08-15 19:30:00";44
"2019-08-15 20:00:00";43
"2019-08-15 20:30:00";43
"2019-08-15 21:00:00";44
"2019-08-15 21:30:00";46
"2019-08-15 22:00:00";45
"2019-08-15 22:30:00";44
"2019-08-15 23:00:00";45
"2019-08-15 23:30:00";45
"2019-08-16 00:00:00";44
"2019-08-16 00:30:00";44
"2019-08-16 01:00:00";45
"2019-08-16 02:00:00";44
"2019-08-16 02:30:00";44
"2019-08-16 03:00:00";44
"2019-08-16 03:30:00";40
"2019-08-16 04:00:00";43
"2019-08-16 04:30:00";42
"2019-08-16 05:00:00";40
"2019-08-16 05:30:00";39
"2019-08-16 06:00:00";41
"2019-08-16 06:30:00";38
"2019-08-16 07:00:00";40
"2019-08-16 07:30:00";40
"2019-08-16 08:00:00";37
"2019-08-16 08:30:00";40
"2019-08-16 09:00:00";40
"2019-08-16 09:30:00";40
"2019-08-16 10:00:00";41
"2019-08-16 10:30:00";39
"2019-08-16 11:00:00";37
"2019-08-16 12:00:00";39
"2019-08-16 12:30:00";36
"2019-08-16 13:00:00";37
"2019-08-16 13:30:00";38
"2019-08-16 14:00:00";39
"2019-08-16 14:30:00";38
"2019-08-16 15:00:00";37
"2019-08-16 15:30:00";40
"2019-08-16 16:00:00";41
"2019-08-16 16:30:00";42
"2019-08-16 17:00:00";42
"2019-08-16 17:30:00";40
"2019-08-16 18:00:00";42
"2019-08-16 18:30:00";43
"2019-08-16 19:00:00";46
"2019-08-16 19:30:00";45
"2019-08-16 20:00:00";45
"2019-08-16 20:30:00";46
"2019-08-16 21:00:00";47
"2019-08-16 21:30:00";46
"2019-08-16 22:00:00";48
"2019-08-16 22:30:00";47
"2019-08-16 23:00:00";46
"2019-08-16 23:30:00";46
"2019-08-17 00:00:00";45
"2019-08-17 02:00:00";46
"2019-08-17 02:30:00";43
"2019-08-17 03:00:00";44
"2019-08-17 03:30:00";42
"2019-08-17 04:00:00";42
"2019-08-17 04:30:00";43
"2019-08-17 05:00:00";41
"2019-08-17 05:30:00";41
"2019-08-17 06:00:00";40
"2019-08-17 06:30:00";40
"2019-08-17 07:00:00";40
"2019-08-17 07:30:00";40
"2019-08-17 08:00:00";40
"2019-08-17 08:30:00";41
"2019-08-17 09:00:00";41
"2019-08-17 09:30:00";40
"2019-08-17 10:00:00";40
"2019-08-17 10:30:00";39
"2019-08-17 11:00:00";38
"2019-08-17 11:30:00";38
"2019-08-17 12:00:00";37
"2019-08-17 12:30:00";37
"2019-08-17 13:00:00";39
"2019-08-17 13:30:00";37
"2019-08-17 14:00:00";37
"2019-08-17 14:30:00";39
"2019-08-17 15:00:00";37
"2019-08-17 15:30:00";37
"2019-08-17 16:00:00";36
"2019-08-17 16:30:00";38
"2019-08-17 17:00:00";40
"2019-08-17 17:30:00";43
"2019-08-17 18:00:00";45
"2019-08-17 18:30:00";49
"2019-08-17 19:00:00";49
"2019-08-17 19:30:00";51
"2019-08-17 20:00:00";50
"2019-08-17 20:30:00";49
"2019-08-17 21:00:00";49
"2019-08-17 21:30:00";48
"2019-08-17 22:00:00";48
"2019-08-17 22:30:00";49
"2019-08-17 23:00:00";49
"2019-08-17 23:30:00";47
"2019-08-18 00:00:00";47
"2019-08-18 00:30:00";46
"2019-08-18 01:00:00";45
"2019-08-18 02:00:00";42
"2019-08-18 02:30:00";45
"2019-08-18 03:00:00";43
"2019-08-18 03:30:00";44
"2019-08-18 04:00:00";43
"2019-08-18 04:30:00";44
"2019-08-18 05:00:00";43
"2019-08-18 05:30:00";42
"2019-08-18 06:00:00";42
"2019-08-18 06:30:00";40
"2019-08-18 07:00:00";41
"2019-08-18 07:30:00";40
"2019-08-18 08:00:00";41
"2019-08-18 08:30:00";39
"2019-08-18 09:00:00";39
"2019-08-18 09:30:00";40
"2019-08-18 10:00:00";37
"2019-08-18 10:30:00";39
"2019-08-18 11:00:00";39
"2019-08-18 11:30:00";38
"2019-08-18 12:00:00";38
"2019-08-18 12:30:00";37
"2019-08-18 13:00:00";36
"2019-08-18 13:30:00";38
"2019-08-18 14:00:00";39
"2019-08-18 14:30:00";41
"2019-08-18 15:00:00";42
"2019-08-18 15:30:00";44
"2019-08-18 16:00:00";42
"2019-08-18 16:30:00";46
"2019-08-18 17:00:00";49
"2019-08-18 17:30:00";52
"2019-08-18 18:00:00";51
"2019-08-18 18:30:00";52
"2019-08-18 19:00:00";51
"2019-08-18 19:30:00";55
"2019-08-18 20:00:00";52
"2019-08-18 20:30:00";53
"2019-08-18 21:00:00";53
"2019-08-18 21:30:00";53
"2019-08-18 22:00:00";51
"2019-08-18 22:30:00";50
"2019-08-18 23:00:00";52
"2019-08-18 23:30:00";49
"2019-08-19 00:00:00";50
"2019-08-19 00:30:00";48
"2019-08-19 01:00:00";48
"2019-08-19 02:00:00";47
"2019-08-19 02:30:00";44
"2019-08-19 03:00:00";44
"2019-08-19 03:30:00";47
"2019-08-19 04:00:00";45
"2019-08-19 04:30:00";46
"2019-08-19 05:00:00";43
"2019-08-19 05:30:00";43
"2019-08-19 06:00:00";43
"2019-08-19 06:30:00";44
"2019-08-19 07:00:00";43
"2019-08-19 07:30:00";45
"2019-08-19 08:00:00";44
"2019-08-19 08:30:00";40
"2019-08-19 09:00:00";43
"2019-08-19 09:30:00";43
"2019-08-19 10:00:00";46
"2019-08-19 10:30:00";48
"2019-08-19 11:00:00";46
"2019-08-19 11:30:00";45
"2019-08-19 12:00:00";46
"2019-08-19 13:00:00";48
"2019-08-19 14:00:00";51
"2019-08-19 14:30:00";50
"2019-08-19 15:00:00";50
"2019-08-19 15:30:00";52
"2019-08-19 16:00:00";51
"2019-08-19 16:30:00";50
"2019-08-19 17:00:00";50
"2019-08-19 17:30:00";48
"2019-08-19 18:00:00";55
"2019-08-19 18:30:00";58
"2019-08-19 19:00:00";55
"2019-08-19 19:30:00";57
"2019-08-19 20:00:00";53
"2019-08-19 20:30:00";53
"2019-08-19 21:00:00";53
"2019-08-19 21:30:00";53
"2019-08-19 22:00:00";52
"2019-08-19 22:30:00";52
"2019-08-19 23:00:00";50
"2019-08-19 23:30:00";49
"2019-08-20 00:00:00";49
"2019-08-20 00:30:00";50
"2019-08-20 01:00:00";50
"2019-08-20 02:00:00";48
"2019-08-20 02:30:00";48
"2019-08-20 03:00:00";47
"2019-08-20 03:30:00";48
"2019-08-20 04:00:00";48
"2019-08-20 04:30:00";47
"2019-08-20 05:00:00";46
"2019-08-20 05:30:00";47
"2019-08-20 06:00:00";46
"2019-08-20 06:30:00";45
"2019-08-20 07:00:00";46
"2019-08-20 07:30:00";48
"2019-08-20 08:00:00";51
"2019-08-20 08:30:00";50
"2019-08-20 09:00:00";50
"2019-08-20 09:30:00";47
"2019-08-20 10:00:00";48
"2019-08-20 10:30:00";49
"2019-08-20 11:00:00";48
"2019-08-20 11:30:00";48
"2019-08-20 12:00:00";49
"2019-08-20 12:30:00";48
"2019-08-20 13:00:00";47
"2019-08-20 13:30:00";48
"2019-08-20 14:00:00";49
"2019-08-20 14:30:00";48
"2019-08-20 15:00:00";47
"2019-08-20 15:30:00";50
"2019-08-20 16:00:00";49
"2019-08-20 16:30:00";48
"2019-08-20 17:00:00";48
"2019-08-20 17:30:00";48
"2019-08-20 18:00:00";47
"2019-08-20 18:30:00";48
"2019-08-20 19:00:00";48
"2019-08-20 19:30:00";49
"2019-08-20 20:00:00";50
"2019-08-20 20:30:00";56
"2019-08-20 21:00:00";66
"2019-08-20 21:30:00";71
"2019-08-20 22:00:00";71
"2019-08-20 22:30:00";68
"2019-08-20 23:30:00";62
"2019-08-21 00:00:00";63
"2019-08-21 00:30:00";60
"2019-08-21 01:00:00";57
"2019-08-21 02:00:00";56
"2019-08-21 02:30:00";53
"2019-08-21 03:00:00";56
"2019-08-21 03:30:00";53
"2019-08-21 04:00:00";53
"2019-08-21 04:30:00";51
"2019-08-21 05:00:00";52
"2019-08-21 05:30:00";51
"2019-08-21 06:00:00";50
"2019-08-21 06:30:00";51
"2019-08-21 07:00:00";48
"2019-08-21 07:30:00";48
"2019-08-21 08:00:00";48
"2019-08-21 08:30:00";47
"2019-08-21 09:00:00";46
"2019-08-21 09:30:00";46
"2019-08-21 10:00:00";46
"2019-08-21 10:30:00";44
"2019-08-21 11:30:00";39
"2019-08-21 12:00:00";43
"2019-08-21 12:30:00";42
"2019-08-21 13:00:00";43
"2019-08-21 13:30:00";42
"2019-08-21 14:00:00";44
"2019-08-21 14:30:00";44
"2019-08-21 15:30:00";45
"2019-08-21 16:00:00";46
"2019-08-21 16:30:00";46
"2019-08-21 17:00:00";51
"2019-08-21 17:30:00";50
"2019-08-21 18:00:00";47
"2019-08-21 18:30:00";46
"2019-08-21 19:00:00";47
"2019-08-21 19:30:00";49
"2019-08-21 20:00:00";48
"2019-08-21 20:30:00";47
"2019-08-21 21:00:00";52
"2019-08-21 21:30:00";50
"2019-08-21 22:00:00";51
"2019-08-21 22:30:00";51
"2019-08-21 23:00:00";51
"2019-08-21 23:30:00";51
"2019-08-22 00:00:00";50
"2019-08-22 00:30:00";49
"2019-08-22 01:00:00";48
"2019-08-22 02:00:00";46
"2019-08-22 02:30:00";47
"2019-08-22 03:00:00";46
"2019-08-22 03:30:00";44
"2019-08-22 04:00:00";44
"2019-08-22 04:30:00";43
"2019-08-22 05:00:00";44
"2019-08-22 05:30:00";44
"2019-08-22 06:00:00";42
"2019-08-22 06:30:00";44
"2019-08-22 07:00:00";43
"2019-08-22 07:30:00";42
"2019-08-22 08:00:00";41
"2019-08-22 08:30:00";42
"2019-08-22 09:00:00";43
"2019-08-22 09:30:00";43
"2019-08-22 10:00:00";42
"2019-08-22 10:30:00";42
"2019-08-22 11:00:00";41
"2019-08-22 12:00:00";40
"2019-08-22 12:30:00";39
"2019-08-22 13:00:00";40
"2019-08-22 13:30:00";39
"2019-08-22 14:00:00";40
"2019-08-22 14:30:00";40
"2019-08-22 15:00:00";40
"2019-08-22 15:30:00";41
"2019-08-22 16:00:00";41
"2019-08-22 16:30:00";40
"2019-08-22 17:00:00";42
"2019-08-22 17:30:00";43
"2019-08-22 18:00:00";43
"2019-08-22 18:30:00";44
"2019-08-22 19:00:00";44
"2019-08-22 19:30:00";44
"2019-08-22 20:00:00";45
"2019-08-22 20:30:00";45
"2019-08-22 21:00:00";45
"2019-08-22 21:30:00";47
"2019-08-22 22:00:00";47
"2019-08-22 22:30:00";46
"2019-08-22 23:00:00";45
"2019-08-22 23:30:00";45
"2019-08-23 00:00:00";45
"2019-08-23 00:30:00";44
"2019-08-23 01:00:00";45
"2019-08-23 02:00:00";44
"2019-08-23 02:30:00";46
"2019-08-23 03:00:00";45
"2019-08-23 03:30:00";45
"2019-08-23 04:00:00";43
"2019-08-23 04:30:00";43
"2019-08-23 05:00:00";42
"2019-08-23 05:30:00";43
"2019-08-23 06:00:00";42
"2019-08-23 06:30:00";42
"2019-08-23 07:00:00";42
"2019-08-23 07:30:00";40
"2019-08-23 08:00:00";39
"2019-08-23 08:30:00";41
"2019-08-23 09:00:00";41
"2019-08-23 09:30:00";41
"2019-08-23 10:00:00";42
"2019-08-23 10:30:00";39
"2019-08-23 11:00:00";37
"2019-08-23 11:30:00";38
"2019-08-23 12:00:00";38
"2019-08-23 12:30:00";39
"2019-08-23 13:00:00";39
"2019-08-23 13:30:00";37
"2019-08-23 14:30:00";40
"2019-08-23 15:00:00";38
"2019-08-23 15:30:00";35
"2019-08-23 16:00:00";39
"2019-08-23 16:30:00";39
"2019-08-23 17:00:00";40
"2019-08-23 17:30:00";42
"2019-08-23 18:00:00";52
"2019-08-23 18:30:00";52
"2019-08-23 19:00:00";52
"2019-08-23 19:30:00";49
"2019-08-23 20:00:00";49
"2019-08-23 20:30:00";48
"2019-08-23 21:00:00";48
"2019-08-23 21:30:00";48
"2019-08-23 22:00:00";46
"2019-08-23 22:30:00";47
"2019-08-23 23:00:00";48
"2019-08-23 23:30:00";48
"2019-08-24 00:00:00";48
"2019-08-24 02:00:00";43
"2019-08-24 02:30:00";43
"2019-08-24 03:00:00";43
"2019-08-24 03:30:00";41
"2019-08-24 04:00:00";41
"2019-08-24 04:30:00";39
"2019-08-24 05:00:00";41
"2019-08-24 05:30:00";42
"2019-08-24 06:00:00";41
"2019-08-24 06:30:00";40
"2019-08-24 07:00:00";39
"2019-08-24 07:30:00";40
"2019-08-24 08:00:00";40
"2019-08-24 08:30:00";40
"2019-08-24 09:00:00";39
"2019-08-24 09:30:00";39
"2019-08-24 10:00:00";41
"2019-08-24 10:30:00";39
"2019-08-24 11:00:00";39
"2019-08-24 11:30:00";37
"2019-08-24 12:00:00";37
"2019-08-24 12:30:00";38
"2019-08-24 13:00:00";38
"2019-08-24 13:30:00";39
"2019-08-24 14:00:00";38
"2019-08-24 14:30:00";38
"2019-08-24 15:00:00";41
"2019-08-24 16:00:00";41
"2019-08-24 16:30:00";39
"2019-08-24 17:00:00";41
"2019-08-24 17:30:00";41
"2019-08-24 18:00:00";44
"2019-08-24 18:30:00";44
"2019-08-24 19:00:00";44
"2019-08-24 19:30:00";44
"2019-08-24 20:00:00";43
"2019-08-24 20:30:00";44
"2019-08-24 21:00:00";44
"2019-08-24 21:30:00";43
"2019-08-24 22:00:00";45
"2019-08-24 22:30:00";45
"2019-08-24 23:00:00";44
"2019-08-24 23:30:00";45
"2019-08-25 00:00:00";43
"2019-08-25 00:30:00";43
"2019-08-25 01:00:00";43
"2019-08-25 02:00:00";42
"2019-08-25 02:30:00";41
"2019-08-25 03:00:00";41
"2019-08-25 03:30:00";41
"2019-08-25 04:00:00";40
"2019-08-25 04:30:00";39
"2019-08-25 05:00:00";41
"2019-08-25 05:30:00";38
"2019-08-25 06:00:00";39
"2019-08-25 06:30:00";39
"2019-08-25 07:00:00";38
"2019-08-25 07:30:00";39
"2019-08-25 08:00:00";38
"2019-08-25 08:30:00";38
"2019-08-25 09:00:00";40
"2019-08-25 09:30:00";39
"2019-08-25 10:00:00";40
"2019-08-25 10:30:00";38
"2019-08-25 11:00:00";36
"2019-08-25 11:30:00";35
"2019-08-25 12:30:00";35
"2019-08-25 13:00:00";36
"2019-08-25 13:30:00";36
"2019-08-25 14:00:00";36
"2019-08-25 14:30:00";39
"2019-08-25 15:00:00";39
"2019-08-25 15:30:00";40
"2019-08-25 16:00:00";42
"2019-08-25 16:30:00";44
"2019-08-25 17:00:00";45
"2019-08-25 17:30:00";44
"2019-08-25 18:00:00";45
"2019-08-25 18:30:00";45
"2019-08-25 19:00:00";45
"2019-08-25 19:30:00";45
"2019-08-25 20:00:00";45
"2019-08-25 20:30:00";44
"2019-08-25 21:00:00";46
"2019-08-25 21:30:00";47
"2019-08-25 22:00:00";45
"2019-08-25 22:30:00";47
"2019-08-25 23:00:00";45
"2019-08-25 23:30:00";46
"2019-08-26 00:00:00";46
"2019-08-26 00:30:00";43
"2019-08-26 01:00:00";43
"2019-08-26 02:30:00";41
"2019-08-26 03:00:00";41
"2019-08-26 03:30:00";41
"2019-08-26 04:00:00";41
"2019-08-26 04:30:00";41
"2019-08-26 05:00:00";39
"2019-08-26 05:30:00";40
"2019-08-26 06:00:00";37
"2019-08-26 06:30:00";39
"2019-08-26 07:00:00";39
"2019-08-26 07:30:00";39
"2019-08-26 08:00:00";38
"2019-08-26 08:30:00";38
"2019-08-26 09:00:00";39
"2019-08-26 09:30:00";38
"2019-08-26 10:00:00";39
"2019-08-26 10:30:00";37
"2019-08-26 11:00:00";37
"2019-08-26 11:30:00";34
"2019-08-26 12:00:00";34
"2019-08-26 12:30:00";36
"2019-08-26 13:00:00";36
"2019-08-26 13:30:00";36
"2019-08-26 14:00:00";37
"2019-08-26 14:30:00";37
"2019-08-26 15:00:00";38
"2019-08-26 15:30:00";39
"2019-08-26 16:00:00";39
"2019-08-26 16:30:00";40
"2019-08-26 17:00:00";40
"2019-08-26 17:30:00";41
"2019-08-26 18:00:00";44
"2019-08-26 18:30:00";43
"2019-08-26 19:00:00";43
"2019-08-26 19:30:00";43
"2019-08-26 20:00:00";44
"2019-08-26 20:30:00";45
"2019-08-26 21:00:00";45
"2019-08-26 21:30:00";46
"2019-08-26 22:00:00";45
"2019-08-26 22:30:00";47
"2019-08-26 23:00:00";45
"2019-08-26 23:30:00";43
"2019-08-27 00:00:00";44
"2019-08-27 00:30:00";45
"2019-08-27 01:00:00";43
"2019-08-27 02:00:00";43
"2019-08-27 02:30:00";42
"2019-08-27 03:00:00";41
"2019-08-27 03:30:00";41
"2019-08-27 04:00:00";40
"2019-08-27 04:30:00";40
"2019-08-27 05:00:00";39
"2019-08-27 05:30:00";39
"2019-08-27 06:00:00";39
"2019-08-27 06:30:00";38
"2019-08-27 07:00:00";38
"2019-08-27 07:30:00";38
"2019-08-27 08:00:00";38
"2019-08-27 08:30:00";37
"2019-08-27 09:00:00";39
"2019-08-27 09:30:00";38
"2019-08-27 10:00:00";38
"2019-08-27 10:30:00";37
"2019-08-27 11:00:00";35
"2019-08-27 11:30:00";34
"2019-08-27 12:00:00";35
"2019-08-27 13:00:00";37
"2019-08-27 13:30:00";37
"2019-08-27 14:00:00";36
"2019-08-27 14:30:00";37
"2019-08-27 15:00:00";37
"2019-08-27 15:30:00";39
"2019-08-27 16:00:00";40
"2019-08-27 16:30:00";42
"2019-08-27 17:00:00";42
"2019-08-27 17:30:00";44
"2019-08-27 18:00:00";41
"2019-08-27 18:30:00";43
"2019-08-27 19:00:00";42
"2019-08-27 19:30:00";40
"2019-08-27 20:00:00";41
"2019-08-27 20:30:00";43
"2019-08-27 21:00:00";41
"2019-08-27 21:30:00";42
"2019-08-27 22:00:00";44
"2019-08-27 22:30:00";41
"2019-08-27 23:00:00";43
"2019-08-27 23:30:00";41
"2019-08-28 00:00:00";41
"2019-08-28 00:30:00";39
"2019-08-28 01:00:00";40
"2019-08-28 02:30:00";38
"2019-08-28 03:00:00";40
"2019-08-28 03:30:00";39
"2019-08-28 04:00:00";38
"2019-08-28 04:30:00";37
"2019-08-28 05:00:00";38
"2019-08-28 05:30:00";38
"2019-08-28 06:00:00";39
"2019-08-28 06:30:00";36
"2019-08-28 07:00:00";37
"2019-08-28 07:30:00";37
"2019-08-28 08:00:00";38
"2019-08-28 08:30:00";38
"2019-08-28 09:00:00";37
"2019-08-28 10:00:00";39
"2019-08-28 10:30:00";37
"2019-08-28 11:30:00";55
"2019-08-28 12:00:00";57
"2019-08-28 12:30:00";57
"2019-08-28 13:00:00";55
"2019-08-28 13:30:00";54
"2019-08-28 14:00:00";48
"2019-08-28 14:30:00";48
"2019-08-28 15:00:00";48
"2019-08-28 15:30:00";46
"2019-08-28 16:30:00";45
"2019-08-28 17:00:00";44
"2019-08-28 17:30:00";44
"2019-08-28 18:00:00";44
"2019-08-28 18:30:00";44
"2019-08-28 19:00:00";43
"2019-08-28 19:30:00";45
"2019-08-28 20:00:00";44
"2019-08-28 20:30:00";44
"2019-08-28 21:00:00";42
"2019-08-28 21:30:00";43
"2019-08-28 22:00:00";41
"2019-08-28 22:30:00";41
"2019-08-28 23:00:00";42
"2019-08-28 23:30:00";40
"2019-08-29 00:00:00";41
"2019-08-29 00:30:00";40
"2019-08-29 01:00:00";39
"2019-08-29 02:00:00";39
"2019-08-29 02:30:00";39
"2019-08-29 03:00:00";39
"2019-08-29 03:30:00";37
"2019-08-29 04:00:00";39
"2019-08-29 04:30:00";39
"2019-08-29 05:00:00";38
"2019-08-29 05:30:00";37
"2019-08-29 06:00:00";37
"2019-08-29 06:30:00";38
"2019-08-29 07:00:00";37
"2019-08-29 07:30:00";37
"2019-08-29 08:00:00";37
"2019-08-29 08:30:00";36
"2019-08-29 09:30:00";36
"2019-08-29 10:00:00";37
"2019-08-29 10:30:00";34
"2019-08-29 11:00:00";35
"2019-08-29 11:30:00";33
"2019-08-29 12:00:00";34
"2019-08-29 12:30:00";32
"2019-08-29 13:00:00";34
"2019-08-29 13:30:00";35
"2019-08-29 14:00:00";34
"2019-08-29 14:30:00";36
"2019-08-29 15:00:00";36
"2019-08-29 15:30:00";39
"2019-08-29 16:00:00";38
"2019-08-29 16:30:00";40
"2019-08-29 17:00:00";40
"2019-08-29 17:30:00";40
"2019-08-29 18:00:00";39
"2019-08-29 18:30:00";40
"2019-08-29 19:00:00";43
"2019-08-29 19:30:00";42
"2019-08-29 20:00:00";40
"2019-08-29 20:30:00";42
"2019-08-29 21:00:00";42
"2019-08-29 21:30:00";41
"2019-08-29 22:00:00";41
"2019-08-29 22:30:00";42
"2019-08-29 23:00:00";42
"2019-08-29 23:30:00";43
"2019-08-30 00:00:00";41
"2019-08-30 00:30:00";40
"2019-08-30 01:00:00";39
"2019-08-30 02:00:00";40
"2019-08-30 02:30:00";39
"2019-08-30 03:00:00";39
"2019-08-30 03:30:00";37
"2019-08-30 04:00:00";38
"2019-08-30 04:30:00";36
"2019-08-30 05:00:00";37
"2019-08-30 05:30:00";38
"2019-08-30 06:00:00";37
"2019-08-30 06:30:00";36
"2019-08-30 07:00:00";37
"2019-08-30 07:30:00";37
"2019-08-30 08:00:00";37
"2019-08-30 08:30:00";37
"2019-08-30 09:00:00";35
"2019-08-30 10:00:00";37
"2019-08-30 10:30:00";35
"2019-08-30 11:00:00";31
"2019-08-30 11:30:00";30
"2019-08-30 12:00:00";32
"2019-08-30 12:30:00";33
"2019-08-30 13:00:00";34
"2019-08-30 13:30:00";35
"2019-08-30 14:00:00";35
"2019-08-30 14:30:00";36
"2019-08-30 15:30:00";38
"2019-08-30 16:00:00";39
"2019-08-30 16:30:00";45
"2019-08-30 17:00:00";44
"2019-08-30 17:30:00";42
"2019-08-30 18:00:00";44
"2019-08-30 18:30:00";44
"2019-08-30 19:00:00";43
"2019-08-30 19:30:00";42
"2019-08-30 20:00:00";41
"2019-08-30 20:30:00";42
"2019-08-30 21:00:00";41
"2019-08-30 21:30:00";42
"2019-08-30 22:00:00";41
"2019-08-30 22:30:00";42
"2019-08-30 23:00:00";40
"2019-08-30 23:30:00";43
"2019-08-31 00:00:00";41
"2019-08-31 02:00:00";40
"2019-08-31 02:30:00";38
"2019-08-31 03:00:00";38
"2019-08-31 03:30:00";37
"2019-08-31 04:00:00";37
"2019-08-31 04:30:00";37
"2019-08-31 05:00:00";38
"2019-08-31 05:30:00";36
"2019-08-31 06:00:00";36
"2019-08-31 06:30:00";35
"2019-08-31 07:00:00";34
"2019-08-31 07:30:00";35
"2019-08-31 08:00:00";36
"2019-08-31 08:30:00";35
"2019-08-31 09:00:00";36
"2019-08-31 09:30:00";35
"2019-08-31 10:00:00";36
"2019-08-31 10:30:00";36
"2019-08-31 11:00:00";33
"2019-08-31 11:30:00";34
"2019-08-31 12:00:00";34
"2019-08-31 12:30:00";35
"2019-08-31 13:00:00";35
"2019-08-31 13:30:00";35
"2019-08-31 14:00:00";35
"2019-08-31 14:30:00";32
"2019-08-31 15:00:00";34
"2019-08-31 15:30:00";34
"2019-08-31 16:00:00";36
"2019-08-31 16:30:00";46
"2019-08-31 17:00:00";59
"2019-08-31 17:30:00";57
"2019-08-31 18:00:00";55
"2019-08-31 18:30:00";51
"2019-08-31 19:00:00";48
"2019-08-31 19:30:00";48
"2019-08-31 20:00:00";48
"2019-08-31 20:30:00";49
"2019-08-31 21:00:00";46
"2019-08-31 21:30:00";46
"2019-08-31 22:00:00";47
"2019-08-31 22:30:00";47
"2019-08-31 23:00:00";48
"2019-08-31 23:30:00";46
"2019-09-01 00:00:00";45
"2019-09-01 00:30:00";43
"2019-09-01 01:00:00";45
"2019-09-01 02:00:00";57
"2019-09-01 02:30:00";55
"2019-09-01 03:00:00";52
"2019-09-01 03:30:00";51
"2019-09-01 04:00:00";50
"2019-09-01 04:30:00";48
"2019-09-01 05:00:00";47
"2019-09-01 05:30:00";46
"2019-09-01 06:00:00";44
"2019-09-01 06:30:00";42
"2019-09-01 07:00:00";43
"2019-09-01 07:30:00";41
"2019-09-01 08:00:00";41
"2019-09-01 08:30:00";41
"2019-09-01 09:00:00";40
"2019-09-01 10:00:00";42
"2019-09-01 10:30:00";39
"2019-09-01 11:00:00";37
"2019-09-01 11:30:00";37
"2019-09-01 12:00:00";36
"2019-09-01 12:30:00";37
"2019-09-01 13:00:00";39
"2019-09-01 13:30:00";39
"2019-09-01 14:00:00";38
"2019-09-01 14:30:00";38
"2019-09-01 15:00:00";39
"2019-09-01 15:30:00";42
"2019-09-01 16:30:00";44
"2019-09-01 17:30:00";44
"2019-09-01 18:00:00";43
"2019-09-01 18:30:00";42
"2019-09-01 19:00:00";43
"2019-09-01 19:30:00";43
"2019-09-01 20:00:00";42
"2019-09-01 20:30:00";41
"2019-09-01 21:00:00";44
"2019-09-01 21:30:00";50
"2019-09-01 22:00:00";53
"2019-09-01 22:30:00";52
"2019-09-01 23:00:00";51
"2019-09-01 23:30:00";49
"2019-09-02 00:00:00";48
"2019-09-02 00:30:00";46
"2019-09-02 01:00:00";45
"2019-09-02 02:00:00";44
"2019-09-02 02:30:00";45
"2019-09-02 03:00:00";43
"2019-09-02 03:30:00";42
"2019-09-02 04:00:00";42
"2019-09-02 04:30:00";41
"2019-09-02 05:00:00";41
"2019-09-02 05:30:00";40
"2019-09-02 06:00:00";40
"2019-09-02 06:30:00";40
"2019-09-02 07:00:00";38
"2019-09-02 07:30:00";39
"2019-09-02 08:00:00";40
"2019-09-02 08:30:00";38
"2019-09-02 09:00:00";39
"2019-09-02 10:00:00";36
"2019-09-02 10:30:00";38
"2019-09-02 11:00:00";37
"2019-09-02 12:00:00";37
"2019-09-02 12:30:00";36
"2019-09-02 13:00:00";35
"2019-09-02 13:30:00";36
"2019-09-02 14:00:00";37
"2019-09-02 14:30:00";35
"2019-09-02 15:00:00";36
"2019-09-02 16:00:00";37
"2019-09-02 16:30:00";38
"2019-09-02 17:00:00";38
"2019-09-02 17:30:00";39
"2019-09-02 18:00:00";36
"2019-09-02 18:30:00";37
"2019-09-02 19:00:00";37
"2019-09-02 19:30:00";38
"2019-09-02 20:00:00";41
"2019-09-02 20:30:00";40
"2019-09-02 21:00:00";39
"2019-09-02 21:30:00";38
"2019-09-02 22:00:00";41
"2019-09-02 22:30:00";42
"2019-09-02 23:00:00";39
"2019-09-02 23:30:00";39
"2019-09-03 00:00:00";39
"2019-09-03 00:30:00";39
"2019-09-03 01:00:00";38
"2019-09-03 02:00:00";37
"2019-09-03 02:30:00";37
"2019-09-03 03:00:00";37
"2019-09-03 03:30:00";37
"2019-09-03 04:00:00";35
"2019-09-03 04:30:00";35
"2019-09-03 05:00:00";36
"2019-09-03 05:30:00";36
"2019-09-03 06:00:00";36
"2019-09-03 06:30:00";35
"2019-09-03 07:00:00";34
"2019-09-03 07:30:00";35
"2019-09-03 08:00:00";34
"2019-09-03 08:30:00";35
"2019-09-03 09:00:00";35
"2019-09-03 09:30:00";34
"2019-09-03 10:30:00";32
"2019-09-03 11:00:00";32
"2019-09-03 11:30:00";32
"2019-09-03 12:30:00";31
"2019-09-03 13:00:00";33
"2019-09-03 13:30:00";31
"2019-09-03 14:00:00";33
"2019-09-03 14:30:00";30
"2019-09-03 15:00:00";33
"2019-09-03 16:00:00";34
"2019-09-03 16:30:00";38
"2019-09-03 17:30:00";45
"2019-09-03 18:00:00";50
"2019-09-03 18:30:00";46
"2019-09-03 19:00:00";48
"2019-09-03 19:30:00";46
"2019-09-03 20:00:00";48
"2019-09-03 20:30:00";48
"2019-09-03 21:00:00";47
"2019-09-03 21:30:00";46
"2019-09-03 22:00:00";46
"2019-09-03 22:30:00";46
"2019-09-03 23:00:00";43
"2019-09-03 23:30:00";43
"2019-09-04 00:00:00";44
"2019-09-04 00:30:00";43
"2019-09-04 01:00:00";42
"2019-09-04 02:00:00";40
"2019-09-04 02:30:00";40
"2019-09-04 03:00:00";40
"2019-09-04 03:30:00";39
"2019-09-04 04:00:00";38
"2019-09-04 04:30:00";38
"2019-09-04 05:00:00";37
"2019-09-04 05:30:00";37
"2019-09-04 06:00:00";37
"2019-09-04 06:30:00";38
"2019-09-04 07:00:00";36
"2019-09-04 07:30:00";36
"2019-09-04 08:00:00";37
"2019-09-04 08:30:00";36
"2019-09-04 09:00:00";35
"2019-09-04 09:30:00";36
"2019-09-04 10:00:00";35
"2019-09-04 11:00:00";35
"2019-09-04 11:30:00";34
"2019-09-04 12:00:00";33
"2019-09-04 12:30:00";33
"2019-09-04 13:00:00";32
"2019-09-04 13:30:00";32
"2019-09-04 14:00:00";32
"2019-09-04 15:00:00";35
"2019-09-04 15:30:00";36
"2019-09-04 16:00:00";40
"2019-09-04 16:30:00";41
"2019-09-04 17:30:00";47
"2019-09-04 18:00:00";49
"2019-09-04 18:30:00";50
"2019-09-04 19:00:00";52
"2019-09-04 19:30:00";50
"2019-09-04 20:00:00";52
"2019-09-04 20:30:00";52
"2019-09-04 21:00:00";48
"2019-09-04 21:30:00";49
"2019-09-04 22:00:00";50
"2019-09-04 22:30:00";47
"2019-09-04 23:00:00";47
"2019-09-04 23:30:00";45
"2019-09-05 00:00:00";43
"2019-09-05 00:30:00";43
"2019-09-05 01:00:00";43
"2019-09-05 02:00:00";41
"2019-09-05 02:30:00";40
"2019-09-05 03:30:00";39
"2019-09-05 04:00:00";40
"2019-09-05 04:30:00";38
"2019-09-05 05:00:00";37
"2019-09-05 05:30:00";37
"2019-09-05 06:00:00";36
"2019-09-05 06:30:00";37
"2019-09-05 07:00:00";36
"2019-09-05 07:30:00";34
"2019-09-05 08:00:00";37
"2019-09-05 08:30:00";36
"2019-09-05 09:00:00";36
"2019-09-05 09:30:00";36
"2019-09-05 10:00:00";37
"2019-09-05 10:30:00";35
"2019-09-05 11:00:00";34
"2019-09-05 11:30:00";34
"2019-09-05 12:00:00";33
"2019-09-05 12:30:00";33
"2019-09-05 13:30:00";34
"2019-09-05 14:00:00";35
"2019-09-05 14:30:00";35
"2019-09-05 15:00:00";35
"2019-09-05 15:30:00";36
"2019-09-05 16:00:00";38
"2019-09-05 16:30:00";37
"2019-09-05 17:00:00";38
"2019-09-05 18:00:00";36
"2019-09-05 18:30:00";39
"2019-09-05 19:00:00";44
"2019-09-05 19:30:00";46
"2019-09-05 20:00:00";50
"2019-09-05 20:30:00";49
"2019-09-05 21:00:00";46
"2019-09-05 21:30:00";45
"2019-09-05 22:00:00";44
"2019-09-05 22:30:00";44
"2019-09-05 23:00:00";42
"2019-09-06 00:00:00";40
"2019-09-06 01:00:00";42
"2019-09-06 02:00:00";39
"2019-09-06 03:00:00";39
"2019-09-06 03:30:00";38
"2019-09-06 04:00:00";38
"2019-09-06 04:30:00";38
"2019-09-06 05:00:00";39
"2019-09-06 06:00:00";39
"2019-09-06 06:30:00";40
"2019-09-06 07:00:00";39
"2019-09-06 07:30:00";40
"2019-09-06 08:00:00";41
"2019-09-06 08:30:00";40
"2019-09-06 09:00:00";44
"2019-09-06 09:30:00";47
"2019-09-06 10:00:00";49
"2019-09-06 10:30:00";51
"2019-09-06 11:30:00";60
"2019-09-06 12:00:00";62
"2019-09-06 12:30:00";66
"2019-09-06 13:00:00";68
"2019-09-06 13:30:00";66
"2019-09-06 14:00:00";66
"2019-09-06 14:30:00";65
"2019-09-06 15:30:00";65
"2019-09-06 16:00:00";64
"2019-09-06 16:30:00";62
"2019-09-06 17:00:00";61
"2019-09-06 17:30:00";63
"2019-09-06 18:00:00";61
"2019-09-06 18:30:00";61
"2019-09-06 19:00:00";61
"2019-09-06 19:30:00";61
"2019-09-06 20:00:00";61
"2019-09-06 20:30:00";61
"2019-09-06 21:00:00";60
"2019-09-06 21:30:00";59
"2019-09-06 22:00:00";60
"2019-09-06 22:30:00";59
"2019-09-06 23:00:00";58
"2019-09-06 23:30:00";57
"2019-09-07 00:00:00";55
"2019-09-07 02:00:00";54
"2019-09-07 02:30:00";54
"2019-09-07 03:00:00";53
"2019-09-07 03:30:00";53
"2019-09-07 04:00:00";53
"2019-09-07 04:30:00";52
"2019-09-07 05:00:00";52
"2019-09-07 05:30:00";53
"2019-09-07 06:00:00";50
"2019-09-07 06:30:00";50
"2019-09-07 07:00:00";50
"2019-09-07 07:30:00";50
"2019-09-07 08:00:00";50
"2019-09-07 08:30:00";50
"2019-09-07 09:00:00";50
"2019-09-07 10:00:00";50
"2019-09-07 10:30:00";49
"2019-09-07 11:00:00";46
"2019-09-07 11:30:00";46
"2019-09-07 12:00:00";47
"2019-09-07 12:30:00";45
"2019-09-07 13:00:00";46
"2019-09-07 13:30:00";45
"2019-09-07 14:00:00";46
"2019-09-07 14:30:00";47
"2019-09-07 15:00:00";47
"2019-09-07 15:30:00";46
"2019-09-07 16:00:00";45
"2019-09-07 16:30:00";45
"2019-09-07 17:00:00";46
"2019-09-07 17:30:00";46
"2019-09-07 18:00:00";47
"2019-09-07 18:30:00";45
"2019-09-07 19:00:00";46
"2019-09-07 19:30:00";47
"2019-09-07 20:00:00";46
"2019-09-07 20:30:00";47
"2019-09-07 21:00:00";48
"2019-09-07 21:30:00";47
"2019-09-07 22:00:00";52
"2019-09-07 22:30:00";54
"2019-09-07 23:00:00";54
"2019-09-07 23:30:00";56
"2019-09-08 00:00:00";55
"2019-09-08 00:30:00";52
"2019-09-08 01:00:00";50
"2019-09-08 05:30:00";54
"2019-09-08 06:00:00";54
"2019-09-08 06:30:00";55
"2019-09-08 07:00:00";55
"2019-09-08 07:30:00";55
"2019-09-08 08:00:00";54
"2019-09-08 08:30:00";55
"2019-09-08 09:00:00";54
"2019-09-08 09:30:00";54
"2019-09-08 10:00:00";53
"2019-09-08 10:30:00";50
"2019-09-08 11:00:00";51
"2019-09-08 11:30:00";49
"2019-09-08 12:00:00";48
"2019-09-08 12:30:00";50
"2019-09-08 13:00:00";47
"2019-09-08 13:30:00";48
"2019-09-08 14:00:00";51
"2019-09-08 14:30:00";50
"2019-09-08 15:00:00";49
"2019-09-08 15:30:00";49
"2019-09-08 16:00:00";50
"2019-09-08 16:30:00";50
"2019-09-08 17:00:00";49
"2019-09-08 17:30:00";50
"2019-09-08 18:00:00";51
"2019-09-08 18:30:00";49
"2019-09-08 19:00:00";51
"2019-09-08 19:30:00";51
"2019-09-08 20:00:00";51
"2019-09-08 20:30:00";52
"2019-09-08 21:00:00";50
"2019-09-08 21:30:00";51
"2019-09-08 22:00:00";51
"2019-09-08 22:30:00";49
"2019-09-08 23:00:00";51
"2019-09-08 23:30:00";49
"2019-09-09 00:00:00";50
"2019-09-09 00:30:00";44
"2019-09-09 01:00:00";48
"2019-09-09 02:00:00";47
"2019-09-09 02:30:00";47
"2019-09-09 03:00:00";46
"2019-09-09 03:30:00";47
"2019-09-09 04:00:00";46
"2019-09-09 04:30:00";46
"2019-09-09 05:00:00";43
"2019-09-09 05:30:00";45
"2019-09-09 06:00:00";45
"2019-09-09 06:30:00";45
"2019-09-09 07:00:00";45
"2019-09-09 07:30:00";45
"2019-09-09 08:00:00";45
"2019-09-09 08:30:00";44
"2019-09-09 09:00:00";43
"2019-09-09 09:30:00";45
"2019-09-09 10:00:00";44
"2019-09-09 10:30:00";42
"2019-09-09 11:00:00";40
"2019-09-09 12:00:00";41
"2019-09-09 12:30:00";43
"2019-09-09 13:00:00";42
"2019-09-09 13:30:00";41
"2019-09-09 14:00:00";42
"2019-09-09 14:30:00";43
"2019-09-09 15:00:00";40
"2019-09-09 15:30:00";41
"2019-09-09 16:00:00";41
"2019-09-09 17:00:00";43
"2019-09-09 17:30:00";42
"2019-09-09 18:00:00";43
"2019-09-09 18:30:00";42
"2019-09-09 19:00:00";42
"2019-09-09 19:30:00";43
"2019-09-09 20:00:00";44
"2019-09-09 20:30:00";42
"2019-09-09 21:00:00";43
"2019-09-09 21:30:00";43
"2019-09-09 22:00:00";43
"2019-09-09 22:30:00";43
"2019-09-09 23:00:00";44
"2019-09-09 23:30:00";43
"2019-09-10 00:00:00";43
"2019-09-10 00:30:00";41
"2019-09-10 01:00:00";41
"2019-09-10 02:00:00";41
"2019-09-10 02:30:00";41
"2019-09-10 03:00:00";39
"2019-09-10 03:30:00";41
"2019-09-10 04:00:00";41
"2019-09-10 04:30:00";41
"2019-09-10 05:00:00";40
"2019-09-10 05:30:00";41
"2019-09-10 06:00:00";40
"2019-09-10 06:30:00";40
"2019-09-10 07:00:00";40
"2019-09-10 07:30:00";41
"2019-09-10 08:00:00";40
"2019-09-10 08:30:00";41
"2019-09-10 09:00:00";41
"2019-09-10 09:30:00";39
"2019-09-10 10:00:00";40
"2019-09-10 10:30:00";41
"2019-09-10 11:00:00";40
"2019-09-10 11:30:00";40
"2019-09-10 12:00:00";39
"2019-09-10 12:30:00";39
"2019-09-10 13:00:00";40
"2019-09-10 13:30:00";40
"2019-09-10 14:00:00";39
"2019-09-10 15:00:00";38
"2019-09-10 16:00:00";37
"2019-09-10 16:30:00";39
"2019-09-10 17:00:00";39
"2019-09-10 17:30:00";37
"2019-09-10 18:00:00";38
"2019-09-10 18:30:00";38
"2019-09-10 19:00:00";37
"2019-09-10 19:30:00";37
"2019-09-10 20:00:00";38
"2019-09-10 20:30:00";38
"2019-09-10 21:00:00";38
"2019-09-10 21:30:00";38
"2019-09-10 22:00:00";37
"2019-09-10 22:30:00";38
"2019-09-10 23:00:00";38
"2019-09-10 23:30:00";38
"2019-09-11 00:00:00";38
"2019-09-11 00:30:00";37
"2019-09-11 01:00:00";38
"2019-09-11 02:00:00";37
"2019-09-11 02:30:00";37
"2019-09-11 03:00:00";38
"2019-09-11 03:30:00";37
"2019-09-11 04:00:00";37
"2019-09-11 04:30:00";35
"2019-09-11 05:00:00";37
"2019-09-11 05:30:00";36
"2019-09-11 06:00:00";36
"2019-09-11 06:30:00";36
"2019-09-11 07:00:00";37
"2019-09-11 07:30:00";36
"2019-09-11 08:00:00";36
"2019-09-11 08:30:00";37
"2019-09-11 09:00:00";36
"2019-09-11 09:30:00";37
"2019-09-11 10:00:00";39
"2019-09-11 11:00:00";34
"2019-09-11 12:00:00";31
"2019-09-11 12:30:00";35
"2019-09-11 13:30:00";35
"2019-09-11 14:00:00";34
"2019-09-11 15:00:00";33
"2019-09-11 15:30:00";34
"2019-09-11 16:00:00";36
"2019-09-11 16:30:00";36
"2019-09-11 18:00:00";34
"2019-09-11 18:30:00";35
"2019-09-11 19:00:00";36
"2019-09-11 19:30:00";37
"2019-09-11 20:00:00";37
"2019-09-11 20:30:00";38
"2019-09-11 21:00:00";38
"2019-09-11 21:30:00";38
"2019-09-11 22:00:00";39
"2019-09-11 22:30:00";38
"2019-09-11 23:00:00";38
"2019-09-11 23:30:00";38
"2019-09-12 00:00:00";39
"2019-09-12 00:30:00";38
"2019-09-12 01:00:00";38
"2019-09-12 02:00:00";38
"2019-09-12 02:30:00";39
"2019-09-12 03:00:00";37
"2019-09-12 03:30:00";38
"2019-09-12 04:00:00";39
"2019-09-12 04:30:00";37
"2019-09-12 05:00:00";37
"2019-09-12 05:30:00";37
"2019-09-12 06:00:00";37
"2019-09-12 06:30:00";37
"2019-09-12 07:00:00";37
"2019-09-12 07:30:00";37
"2019-09-12 08:00:00";37
"2019-09-12 08:30:00";36
"2019-09-12 09:00:00";37
"2019-09-12 09:30:00";36
"2019-09-12 10:00:00";37
"2019-09-12 11:00:00";33
"2019-09-12 11:30:00";32
"2019-09-12 12:00:00";33
"2019-09-12 12:30:00";33
"2019-09-12 13:00:00";34
"2019-09-12 13:30:00";34
"2019-09-12 14:00:00";33
"2019-09-12 14:30:00";35
"2019-09-12 15:00:00";33
"2019-09-12 15:30:00";34
"2019-09-12 16:30:00";36
"2019-09-12 17:00:00";33
"2019-09-12 18:00:00";37
"2019-09-12 18:30:00";38
"2019-09-12 19:00:00";40
"2019-09-12 19:30:00";40
"2019-09-12 20:00:00";42
"2019-09-12 20:30:00";41
"2019-09-12 21:00:00";42
"2019-09-12 21:30:00";43
"2019-09-12 22:00:00";42
"2019-09-12 22:30:00";41
"2019-09-12 23:00:00";42
"2019-09-12 23:30:00";41
"2019-09-13 00:00:00";41
"2019-09-13 00:30:00";39
"2019-09-13 01:00:00";40
"2019-09-13 02:00:00";39
"2019-09-13 02:30:00";38
"2019-09-13 03:00:00";39
"2019-09-13 04:00:00";37
"2019-09-13 05:00:00";38
"2019-09-13 06:00:00";38
"2019-09-13 06:30:00";37
"2019-09-13 07:00:00";37
"2019-09-13 07:30:00";37
"2019-09-13 08:00:00";36
"2019-09-13 08:30:00";37
"2019-09-13 09:30:00";36
"2019-09-13 10:00:00";38
"2019-09-13 10:30:00";35
"2019-09-13 11:00:00";33
"2019-09-13 11:30:00";33
"2019-09-13 12:00:00";32
"2019-09-13 12:30:00";33
"2019-09-13 13:00:00";35
"2019-09-13 13:30:00";34
"2019-09-13 14:00:00";33
"2019-09-13 14:30:00";35
"2019-09-13 15:00:00";35
"2019-09-13 15:30:00";35
"2019-09-13 16:00:00";35
"2019-09-13 16:30:00";39
"2019-09-13 17:00:00";37
"2019-09-13 17:30:00";39
"2019-09-13 18:00:00";39
"2019-09-13 18:30:00";40
"2019-09-13 19:00:00";41
"2019-09-13 19:30:00";41
"2019-09-13 20:00:00";41
"2019-09-13 20:30:00";43
"2019-09-13 21:00:00";43
"2019-09-13 21:30:00";44
"2019-09-13 22:00:00";44
"2019-09-13 22:30:00";44
"2019-09-13 23:00:00";44
"2019-09-13 23:30:00";43
"2019-09-14 00:00:00";43
"2019-09-14 02:00:00";42
"2019-09-14 02:30:00";39
"2019-09-14 03:00:00";42
"2019-09-14 03:30:00";41
"2019-09-14 04:00:00";40
"2019-09-14 04:30:00";40
"2019-09-14 05:00:00";38
"2019-09-14 05:30:00";39
"2019-09-14 06:00:00";38
"2019-09-14 06:30:00";37
"2019-09-14 07:00:00";36
"2019-09-14 07:30:00";39
"2019-09-14 08:00:00";36
"2019-09-14 08:30:00";37
"2019-09-14 09:00:00";38
"2019-09-14 09:30:00";38
"2019-09-14 10:00:00";39
"2019-09-14 10:30:00";36
"2019-09-14 11:00:00";34
"2019-09-14 11:30:00";35
"2019-09-14 12:00:00";34
"2019-09-14 12:30:00";33
"2019-09-14 13:00:00";36
"2019-09-14 13:30:00";35
"2019-09-14 14:00:00";35
"2019-09-14 14:30:00";35
"2019-09-14 15:00:00";35
"2019-09-14 15:30:00";36
"2019-09-14 16:00:00";38
"2019-09-14 16:30:00";40
"2019-09-14 17:00:00";41
"2019-09-14 17:30:00";40
"2019-09-14 18:00:00";42
"2019-09-14 18:30:00";39
"2019-09-14 19:00:00";40
"2019-09-14 19:30:00";40
"2019-09-14 20:00:00";40
"2019-09-14 20:30:00";41
"2019-09-14 21:00:00";41
"2019-09-14 21:30:00";42
"2019-09-14 22:00:00";42
"2019-09-14 22:30:00";41
"2019-09-14 23:00:00";42
"2019-09-14 23:30:00";41
"2019-09-15 00:00:00";42
"2019-09-15 00:30:00";40
"2019-09-15 01:00:00";40
"2019-09-15 02:00:00";41
"2019-09-15 02:30:00";38
"2019-09-15 03:00:00";38
"2019-09-15 03:30:00";39
"2019-09-15 04:00:00";39
"2019-09-15 04:30:00";37
"2019-09-15 05:00:00";39
"2019-09-15 05:30:00";36
"2019-09-15 06:00:00";37
"2019-09-15 06:30:00";37
"2019-09-15 07:00:00";36
"2019-09-15 07:30:00";36
"2019-09-15 08:00:00";36
"2019-09-15 08:30:00";37
"2019-09-15 09:00:00";37
"2019-09-15 09:30:00";35
"2019-09-15 10:00:00";36
"2019-09-15 10:30:00";37
"2019-09-15 11:00:00";36
"2019-09-15 11:30:00";35
"2019-09-15 12:00:00";35
"2019-09-15 12:30:00";36
"2019-09-15 13:00:00";35
"2019-09-15 13:30:00";34
"2019-09-15 14:00:00";34
"2019-09-15 14:30:00";34
"2019-09-15 15:00:00";34
"2019-09-15 15:30:00";34
"2019-09-15 16:00:00";35
"2019-09-15 16:30:00";38
"2019-09-15 17:00:00";40
"2019-09-15 17:30:00";41
"2019-09-15 18:00:00";40
"2019-09-15 18:30:00";41
"2019-09-15 19:00:00";41
"2019-09-15 19:30:00";42
"2019-09-15 20:00:00";43
"2019-09-15 20:30:00";43
"2019-09-15 21:00:00";43
"2019-09-15 21:30:00";44
"2019-09-15 22:00:00";43
"2019-09-15 22:30:00";43
"2019-09-15 23:00:00";43
"2019-09-15 23:30:00";45
"2019-09-16 00:00:00";47
"2019-09-16 00:30:00";44
"2019-09-16 01:00:00";45
"2019-09-16 02:00:00";42
"2019-09-16 02:30:00";43
"2019-09-16 03:00:00";42
"2019-09-16 03:30:00";40
"2019-09-16 04:00:00";40
"2019-09-16 04:30:00";39
"2019-09-16 05:00:00";39
"2019-09-16 05:30:00";39
"2019-09-16 06:00:00";38
"2019-09-16 06:30:00";38
"2019-09-16 07:00:00";36
"2019-09-16 07:30:00";37
"2019-09-16 08:00:00";37
"2019-09-16 08:30:00";36
"2019-09-16 09:30:00";37
"2019-09-16 10:00:00";37
"2019-09-16 10:30:00";37
"2019-09-16 11:00:00";33
"2019-09-16 11:30:00";34
"2019-09-16 12:00:00";33
"2019-09-16 12:30:00";35
"2019-09-16 13:00:00";35
"2019-09-16 13:30:00";34
"2019-09-16 14:00:00";35
"2019-09-16 14:30:00";36
"2019-09-16 15:00:00";35
"2019-09-16 15:30:00";39
"2019-09-16 16:00:00";39
"2019-09-16 16:30:00";40
"2019-09-16 17:00:00";40
"2019-09-16 17:30:00";42
"2019-09-16 18:00:00";44
"2019-09-16 18:30:00";43
"2019-09-16 19:00:00";44
"2019-09-16 19:30:00";43
"2019-09-16 20:00:00";46
"2019-09-16 20:30:00";45
"2019-09-16 21:00:00";44
"2019-09-16 21:30:00";45
"2019-09-16 22:00:00";44
"2019-09-16 22:30:00";43
"2019-09-16 23:00:00";41
"2019-09-16 23:30:00";44
"2019-09-17 00:00:00";42
"2019-09-17 00:30:00";42
"2019-09-17 01:00:00";41
"2019-09-17 02:00:00";39
"2019-09-17 03:00:00";40
"2019-09-17 03:30:00";40
"2019-09-17 04:00:00";38
"2019-09-17 04:30:00";38
"2019-09-17 05:00:00";38
"2019-09-17 05:30:00";37
"2019-09-17 06:00:00";38
"2019-09-17 06:30:00";37
"2019-09-17 07:00:00";37
"2019-09-17 07:30:00";35
"2019-09-17 08:00:00";35
"2019-09-17 08:30:00";36
"2019-09-17 09:00:00";35
"2019-09-17 09:30:00";36
"2019-09-17 10:00:00";38
"2019-09-17 10:30:00";35
"2019-09-17 11:00:00";32
"2019-09-17 11:30:00";32
"2019-09-17 12:00:00";31
"2019-09-17 12:30:00";33
"2019-09-17 13:00:00";31
"2019-09-17 13:30:00";34
"2019-09-17 14:00:00";34
"2019-09-17 14:30:00";34
"2019-09-17 15:00:00";34
"2019-09-17 15:30:00";36
"2019-09-17 16:00:00";38
"2019-09-17 16:30:00";40
"2019-09-17 17:00:00";40
"2019-09-17 17:30:00";44
"2019-09-17 18:00:00";44
"2019-09-17 18:30:00";45
"2019-09-17 19:00:00";46
"2019-09-17 19:30:00";47
"2019-09-17 20:00:00";47
"2019-09-17 20:30:00";47
"2019-09-17 21:00:00";47
"2019-09-17 21:30:00";46
"2019-09-17 22:00:00";45
"2019-09-17 22:30:00";45
"2019-09-17 23:00:00";44
"2019-09-17 23:30:00";42
"2019-09-18 00:00:00";41
"2019-09-18 00:30:00";40
"2019-09-18 01:00:00";40
"2019-09-18 02:00:00";39
"2019-09-18 02:30:00";39
"2019-09-18 03:00:00";38
"2019-09-18 03:30:00";38
"2019-09-18 04:00:00";38
"2019-09-18 04:30:00";39
"2019-09-18 05:00:00";37
"2019-09-18 05:30:00";37
"2019-09-18 06:00:00";37
"2019-09-18 06:30:00";36
"2019-09-18 07:00:00";35
"2019-09-18 07:30:00";35
"2019-09-18 08:00:00";36
"2019-09-18 08:30:00";36
"2019-09-18 09:00:00";36
"2019-09-18 09:30:00";36
"2019-09-18 10:00:00";35
"2019-09-18 10:30:00";34
"2019-09-18 11:00:00";34
"2019-09-18 11:30:00";34
"2019-09-18 12:00:00";32
"2019-09-18 12:30:00";34
"2019-09-18 13:00:00";34
"2019-09-18 13:30:00";36
"2019-09-18 14:00:00";35
"2019-09-18 14:30:00";34
"2019-09-18 15:00:00";35
"2019-09-18 15:30:00";35
"2019-09-18 16:00:00";34
"2019-09-18 16:30:00";36
"2019-09-18 17:00:00";36
"2019-09-18 17:30:00";35
"2019-09-18 18:00:00";36
"2019-09-18 18:30:00";35
"2019-09-18 19:00:00";35
"2019-09-18 19:30:00";35
"2019-09-18 20:00:00";36
"2019-09-18 20:30:00";35
"2019-09-18 21:00:00";36
"2019-09-18 21:30:00";37
"2019-09-18 22:00:00";39
"2019-09-18 22:30:00";40
"2019-09-18 23:00:00";39
"2019-09-18 23:30:00";40
"2019-09-19 00:00:00";41
"2019-09-19 00:30:00";40
"2019-09-19 01:00:00";41
"2019-09-19 02:00:00";38
"2019-09-19 02:30:00";39
"2019-09-19 03:00:00";38
"2019-09-19 03:30:00";36
"2019-09-19 04:00:00";37
"2019-09-19 04:30:00";37
"2019-09-19 05:30:00";37
"2019-09-19 06:00:00";34
"2019-09-19 06:30:00";34
"2019-09-19 07:00:00";35
"2019-09-19 07:30:00";34
"2019-09-19 08:00:00";35
"2019-09-19 09:00:00";35
"2019-09-19 09:30:00";32
"2019-09-19 10:00:00";34
"2019-09-19 10:30:00";34
"2019-09-19 11:00:00";34
"2019-09-19 11:30:00";33
"2019-09-19 12:00:00";34
"2019-09-19 13:00:00";33
"2019-09-19 13:30:00";33
"2019-09-19 14:00:00";31
"2019-09-19 14:30:00";33
"2019-09-19 15:00:00";32
"2019-09-19 15:30:00";33
"2019-09-19 16:00:00";36
"2019-09-19 17:00:00";36
"2019-09-19 17:30:00";38
"2019-09-19 18:00:00";39
"2019-09-19 18:30:00";40
"2019-09-19 19:00:00";39
"2019-09-19 19:30:00";39
"2019-09-19 20:00:00";40
"2019-09-19 20:30:00";41
"2019-09-19 21:00:00";41
"2019-09-19 21:30:00";40
"2019-09-19 22:00:00";42
"2019-09-19 22:30:00";41
"2019-09-19 23:00:00";40
"2019-09-19 23:30:00";38
"2019-09-20 00:00:00";39
"2019-09-20 00:30:00";38
"2019-09-20 01:00:00";37
"2019-09-20 02:00:00";36
"2019-09-20 02:30:00";35
"2019-09-20 03:00:00";36
"2019-09-20 03:30:00";35
"2019-09-20 04:00:00";34
"2019-09-20 04:30:00";33
"2019-09-20 05:00:00";33
"2019-09-20 05:30:00";34
"2019-09-20 06:00:00";33
"2019-09-20 06:30:00";34
"2019-09-20 07:00:00";33
"2019-09-20 07:30:00";34
"2019-09-20 08:00:00";34
"2019-09-20 08:30:00";32
"2019-09-20 09:00:00";32
"2019-09-20 09:30:00";33
"2019-09-20 10:00:00";33
"2019-09-20 10:30:00";33
"2019-09-20 11:00:00";33
"2019-09-20 11:30:00";32
"2019-09-20 12:00:00";32
"2019-09-20 12:30:00";32
"2019-09-20 13:00:00";32
"2019-09-20 13:30:00";31
"2019-09-20 14:00:00";30
"2019-09-20 14:30:00";31
"2019-09-20 15:30:00";32
"2019-09-20 16:00:00";33
"2019-09-20 16:30:00";36
"2019-09-20 17:00:00";39
"2019-09-20 17:30:00";41
"2019-09-20 18:00:00";42
"2019-09-20 18:30:00";45
"2019-09-20 19:00:00";46
"2019-09-20 19:30:00";45
"2019-09-20 20:00:00";45
"2019-09-20 20:30:00";45
"2019-09-20 21:00:00";44
"2019-09-20 21:30:00";45
"2019-09-20 22:00:00";43
"2019-09-20 22:30:00";44
"2019-09-20 23:00:00";41
"2019-09-20 23:30:00";40
"2019-09-21 00:00:00";39
"2019-09-21 02:00:00";37
"2019-09-21 02:30:00";36
"2019-09-21 03:00:00";37
"2019-09-21 03:30:00";35
"2019-09-21 04:00:00";34
"2019-09-21 04:30:00";34
"2019-09-21 05:00:00";33
"2019-09-21 05:30:00";34
"2019-09-21 06:00:00";34
"2019-09-21 06:30:00";34
"2019-09-21 07:00:00";34
"2019-09-21 07:30:00";33
"2019-09-21 08:00:00";31
"2019-09-21 08:30:00";32
"2019-09-21 09:00:00";32
"2019-09-21 09:30:00";31
"2019-09-21 10:00:00";31
"2019-09-21 10:30:00";32
"2019-09-21 11:30:00";28
"2019-09-21 12:00:00";30
"2019-09-21 12:30:00";30
"2019-09-21 13:00:00";30
"2019-09-21 13:30:00";30
"2019-09-21 14:00:00";30
"2019-09-21 14:30:00";30
"2019-09-21 15:00:00";30
"2019-09-21 15:30:00";30
"2019-09-21 16:00:00";32
"2019-09-21 16:30:00";34
"2019-09-21 17:00:00";36
"2019-09-21 17:30:00";37
"2019-09-21 18:00:00";39
"2019-09-21 18:30:00";42
"2019-09-21 19:00:00";40
"2019-09-21 19:30:00";42
"2019-09-21 20:00:00";42
"2019-09-21 20:30:00";42
"2019-09-21 21:00:00";40
"2019-09-21 21:30:00";41
"2019-09-21 22:00:00";39
"2019-09-21 22:30:00";40
"2019-09-21 23:00:00";39
"2019-09-21 23:30:00";38
"2019-09-22 00:00:00";37
"2019-09-22 00:30:00";37
"2019-09-22 01:00:00";34
"2019-09-22 02:00:00";35
"2019-09-22 02:30:00";34
"2019-09-22 03:00:00";34
"2019-09-22 03:30:00";33
"2019-09-22 04:00:00";33
"2019-09-22 04:30:00";33
"2019-09-22 05:00:00";33
"2019-09-22 05:30:00";33
"2019-09-22 06:00:00";33
"2019-09-22 06:30:00";31
"2019-09-22 07:00:00";32
"2019-09-22 07:30:00";32
"2019-09-22 08:00:00";32
"2019-09-22 08:30:00";33
"2019-09-22 09:00:00";33
"2019-09-22 09:30:00";33
"2019-09-22 10:00:00";36
"2019-09-22 10:30:00";35
"2019-09-22 11:00:00";34
"2019-09-22 11:30:00";34
"2019-09-22 12:00:00";33
"2019-09-22 12:30:00";33
"2019-09-22 13:00:00";33
"2019-09-22 13:30:00";33
"2019-09-22 14:00:00";33
"2019-09-22 14:30:00";33
"2019-09-22 15:00:00";33
"2019-09-22 15:30:00";32
"2019-09-22 16:00:00";33
"2019-09-22 16:30:00";32
"2019-09-22 17:00:00";31
"2019-09-22 17:30:00";35
"2019-09-22 18:00:00";35
"2019-09-22 18:30:00";36
"2019-09-22 19:00:00";35
"2019-09-22 19:30:00";36
"2019-09-22 20:00:00";37
"2019-09-22 20:30:00";39
"2019-09-22 21:00:00";36
"2019-09-22 21:30:00";36
"2019-09-22 22:00:00";36
"2019-09-22 22:30:00";36
"2019-09-22 23:00:00";36
"2019-09-22 23:30:00";36
"2019-09-23 00:00:00";35
"2019-09-23 00:30:00";35
"2019-09-23 01:00:00";35
"2019-09-23 02:00:00";34
"2019-09-23 02:30:00";34
"2019-09-23 03:00:00";33
"2019-09-23 03:30:00";34
"2019-09-23 04:00:00";33
"2019-09-23 04:30:00";33
"2019-09-23 05:00:00";32
"2019-09-23 05:30:00";33
"2019-09-23 06:00:00";34
"2019-09-23 06:30:00";33
"2019-09-23 07:30:00";33
"2019-09-23 08:00:00";32
"2019-09-23 08:30:00";33
"2019-09-23 09:00:00";33
"2019-09-23 09:30:00";34
"2019-09-23 10:00:00";32
"2019-09-23 11:00:00";33
"2019-09-23 11:30:00";34
"2019-09-23 12:00:00";34
"2019-09-23 12:30:00";33
"2019-09-23 13:00:00";31
"2019-09-23 13:30:00";32
"2019-09-23 14:00:00";31
"2019-09-23 14:30:00";38
"2019-09-23 15:00:00";37
"2019-09-23 15:30:00";37
"2019-09-23 16:00:00";36
"2019-09-23 17:00:00";37
"2019-09-23 17:30:00";37
"2019-09-23 18:00:00";37
"2019-09-23 18:30:00";38
"2019-09-23 19:00:00";39
"2019-09-23 19:30:00";39
"2019-09-23 20:00:00";40
"2019-09-23 20:30:00";39
"2019-09-23 21:00:00";40
"2019-09-23 21:30:00";40
"2019-09-23 22:00:00";38
"2019-09-23 22:30:00";38
"2019-09-23 23:00:00";36
"2019-09-23 23:30:00";35
"2019-09-24 00:00:00";36
"2019-09-24 00:30:00";35
"2019-09-24 01:00:00";34
"2019-09-24 02:00:00";34
"2019-09-24 02:30:00";31
"2019-09-24 03:00:00";31
"2019-09-24 03:30:00";32
"2019-09-24 04:00:00";32
"2019-09-24 04:30:00";31
"2019-09-24 05:00:00";29
"2019-09-24 05:30:00";30
"2019-09-24 06:00:00";30
"2019-09-24 06:30:00";31
"2019-09-24 07:00:00";30
"2019-09-24 07:30:00";29
"2019-09-24 08:00:00";30
"2019-09-24 08:30:00";31
"2019-09-24 09:00:00";30
"2019-09-24 09:30:00";29
"2019-09-24 10:00:00";30
"2019-09-24 10:30:00";30
"2019-09-24 11:00:00";29
"2019-09-24 11:30:00";29
"2019-09-24 12:30:00";30
"2019-09-24 13:00:00";28
"2019-09-24 13:30:00";29
"2019-09-24 14:00:00";29
"2019-09-24 14:30:00";27
"2019-09-24 15:00:00";27
"2019-09-24 15:30:00";28
"2019-09-24 16:00:00";28
"2019-09-24 16:30:00";28
"2019-09-24 17:00:00";28
"2019-09-24 17:30:00";28
"2019-09-24 18:00:00";27
"2019-09-24 18:30:00";28
"2019-09-24 19:00:00";30
"2019-09-24 19:30:00";30
"2019-09-24 20:00:00";31
"2019-09-24 20:30:00";31
"2019-09-24 21:00:00";33
"2019-09-24 21:30:00";33
"2019-09-24 22:00:00";33
"2019-09-24 22:30:00";33
"2019-09-24 23:00:00";32
"2019-09-24 23:30:00";32
"2019-09-25 00:00:00";32
"2019-09-25 00:30:00";32
"2019-09-25 01:00:00";30
"2019-09-25 02:00:00";31
"2019-09-25 03:00:00";31
"2019-09-25 03:30:00";30
"2019-09-25 04:00:00";30
"2019-09-25 04:30:00";29
"2019-09-25 05:00:00";29
"2019-09-25 05:30:00";30
"2019-09-25 06:00:00";28
"2019-09-25 06:30:00";28
"2019-09-25 07:00:00";28
"2019-09-25 07:30:00";27
"2019-09-25 08:00:00";26
"2019-09-25 08:30:00";27
"2019-09-25 09:00:00";28
"2019-09-25 09:30:00";28
"2019-09-25 10:00:00";28
"2019-09-25 10:30:00";27
"2019-09-25 11:00:00";23
"2019-09-25 11:30:00";25
"2019-09-25 12:00:00";25
"2019-09-25 12:30:00";26
"2019-09-25 13:00:00";26
"2019-09-25 13:30:00";26
"2019-09-25 14:00:00";27
"2019-09-25 14:30:00";26
"2019-09-25 15:00:00";25
"2019-09-25 15:30:00";26
"2019-09-25 16:30:00";28
"2019-09-25 17:00:00";28
"2019-09-25 17:30:00";28
"2019-09-25 18:00:00";27
"2019-09-25 18:30:00";26
"2019-09-25 19:00:00";27
"2019-09-25 19:30:00";27
"2019-09-25 20:00:00";26
"2019-09-25 21:00:00";28
"2019-09-25 21:30:00";28
"2019-09-25 22:00:00";28
"2019-09-25 22:30:00";28
"2019-09-25 23:00:00";27
"2019-09-25 23:30:00";27
"2019-09-26 00:00:00";28
"2019-09-26 00:30:00";27
"2019-09-26 02:00:00";27
"2019-09-26 02:30:00";27
"2019-09-26 03:00:00";26
"2019-09-26 03:30:00";26
"2019-09-26 04:30:00";27
"2019-09-26 05:30:00";26
"2019-09-26 06:00:00";26
"2019-09-26 06:30:00";26
"2019-09-26 07:00:00";25
"2019-09-26 07:30:00";25
"2019-09-26 08:00:00";24
"2019-09-26 08:30:00";25
"2019-09-26 09:30:00";26
"2019-09-26 10:00:00";26
"2019-09-26 10:30:00";25
"2019-09-26 11:30:00";22
"2019-09-26 12:30:00";23
"2019-09-26 13:00:00";25
"2019-09-26 13:30:00";26
"2019-09-26 14:00:00";25
"2019-09-26 14:30:00";24
"2019-09-26 15:00:00";25
"2019-09-26 16:00:00";27
"2019-09-26 16:30:00";26
"2019-09-26 17:00:00";27
"2019-09-26 17:30:00";28
"2019-09-26 18:00:00";27
"2019-09-26 18:30:00";27
"2019-09-26 19:00:00";27
"2019-09-26 19:30:00";26
"2019-09-26 20:00:00";27
"2019-09-26 20:30:00";27
"2019-09-26 21:00:00";28
"2019-09-26 21:30:00";29
"2019-09-26 22:00:00";28
"2019-09-26 22:30:00";28
"2019-09-26 23:00:00";28
"2019-09-26 23:30:00";27
"2019-09-27 00:00:00";27
"2019-09-27 00:30:00";28
"2019-09-27 01:00:00";28
"2019-09-27 02:00:00";26
"2019-09-27 02:30:00";27
"2019-09-27 03:00:00";27
"2019-09-27 03:30:00";27
"2019-09-27 04:00:00";27
"2019-09-27 04:30:00";26
"2019-09-27 05:00:00";26
"2019-09-27 05:30:00";25
"2019-09-27 06:00:00";25
"2019-09-27 06:30:00";24
"2019-09-27 07:00:00";25
"2019-09-27 07:30:00";25
"2019-09-27 08:00:00";25
"2019-09-27 08:30:00";25
"2019-09-27 09:00:00";25
"2019-09-27 09:30:00";26
"2019-09-27 10:00:00";26
"2019-09-27 10:30:00";25
"2019-09-27 11:00:00";24
"2019-09-27 11:30:00";24
"2019-09-27 12:00:00";24
"2019-09-27 12:30:00";24
"2019-09-27 13:00:00";26
"2019-09-27 13:30:00";25
"2019-09-27 14:00:00";22
"2019-09-27 14:30:00";24
"2019-09-27 15:00:00";24
"2019-09-27 15:30:00";25
"2019-09-27 16:00:00";24
"2019-09-27 16:30:00";27
"2019-09-27 17:00:00";27
"2019-09-27 17:30:00";28
"2019-09-27 18:00:00";29
"2019-09-27 18:30:00";29
"2019-09-27 19:00:00";30
"2019-09-27 19:30:00";30
"2019-09-27 20:00:00";32
"2019-09-27 20:30:00";33
"2019-09-27 21:00:00";33
"2019-09-27 21:30:00";32
"2019-09-27 22:00:00";32
"2019-09-27 22:30:00";32
"2019-09-27 23:00:00";30
"2019-09-27 23:30:00";31
"2019-09-28 00:00:00";31
"2019-09-28 02:00:00";30
"2019-09-28 02:30:00";27
"2019-09-28 03:00:00";27
"2019-09-28 03:30:00";27
"2019-09-28 04:00:00";26
"2019-09-28 04:30:00";26
"2019-09-28 05:00:00";26
"2019-09-28 05:30:00";27
"2019-09-28 06:00:00";26
"2019-09-28 06:30:00";25
"2019-09-28 07:00:00";26
"2019-09-28 07:30:00";26
"2019-09-28 08:00:00";26
"2019-09-28 08:30:00";26
"2019-09-28 09:00:00";26
"2019-09-28 09:30:00";25
"2019-09-28 10:00:00";26
"2019-09-28 10:30:00";25
"2019-09-28 11:00:00";24
"2019-09-28 11:30:00";23
"2019-09-28 12:00:00";23
"2019-09-28 12:30:00";23
"2019-09-28 13:00:00";24
"2019-09-28 13:30:00";24
"2019-09-28 14:00:00";23
"2019-09-28 14:30:00";25
"2019-09-28 15:00:00";25
"2019-09-28 15:30:00";25
"2019-09-28 16:00:00";26
"2019-09-28 16:30:00";26
"2019-09-28 17:00:00";27
"2019-09-28 17:30:00";29
"2019-09-28 18:00:00";29
"2019-09-28 18:30:00";30
"2019-09-28 19:00:00";29
"2019-09-28 19:30:00";30
"2019-09-28 20:00:00";30
"2019-09-28 20:30:00";30
"2019-09-28 21:00:00";31
"2019-09-28 21:30:00";31
"2019-09-28 22:00:00";31
"2019-09-28 22:30:00";31
"2019-09-28 23:00:00";29
"2019-09-28 23:30:00";30
"2019-09-29 00:00:00";31
"2019-09-29 00:30:00";29
"2019-09-29 01:00:00";28
"2019-09-29 02:00:00";27
"2019-09-29 02:30:00";27
"2019-09-29 03:00:00";27
"2019-09-29 03:30:00";27
"2019-09-29 04:00:00";27
"2019-09-29 04:30:00";26
"2019-09-29 05:00:00";25
"2019-09-29 05:30:00";26
"2019-09-29 06:00:00";26
"2019-09-29 06:30:00";25
"2019-09-29 07:00:00";25
"2019-09-29 07:30:00";25
"2019-09-29 08:00:00";25
"2019-09-29 08:30:00";26
"2019-09-29 09:00:00";26
"2019-09-29 09:30:00";26
"2019-09-29 10:00:00";26
"2019-09-29 10:30:00";25
"2019-09-29 11:00:00";23
"2019-09-29 11:30:00";23
"2019-09-29 12:00:00";23
"2019-09-29 12:30:00";23
"2019-09-29 13:00:00";23
"2019-09-29 13:30:00";24
"2019-09-29 14:00:00";23
"2019-09-29 14:30:00";23
"2019-09-29 15:00:00";23
"2019-09-29 15:30:00";24
"2019-09-29 16:00:00";25
"2019-09-29 16:30:00";26
"2019-09-29 17:00:00";27
"2019-09-29 17:30:00";30
"2019-09-29 18:00:00";30
"2019-09-29 18:30:00";34
"2019-09-29 19:00:00";33
"2019-09-29 19:30:00";34
"2019-09-29 20:00:00";36
"2019-09-29 20:30:00";36
"2019-09-29 21:00:00";37
"2019-09-29 21:30:00";37
"2019-09-29 22:00:00";36
"2019-09-29 22:30:00";36
"2019-09-29 23:00:00";36
"2019-09-29 23:30:00";35
"2019-09-30 00:00:00";33
"2019-09-30 00:30:00";33
"2019-09-30 01:00:00";33
"2019-09-30 02:00:00";32
"2019-09-30 02:30:00";29
"2019-09-30 03:00:00";30
"2019-09-30 03:30:00";30
"2019-09-30 04:00:00";30
"2019-09-30 04:30:00";27
"2019-09-30 05:00:00";28
"2019-09-30 05:30:00";28
"2019-09-30 06:00:00";27
"2019-09-30 06:30:00";27
"2019-09-30 07:30:00";27
"2019-09-30 08:00:00";26
"2019-09-30 08:30:00";27
"2019-09-30 09:00:00";27
"2019-09-30 09:30:00";26
"2019-09-30 10:00:00";26
"2019-09-30 10:30:00";27
"2019-09-30 11:00:00";24
"2019-09-30 11:30:00";23
"2019-09-30 12:00:00";23
"2019-09-30 12:30:00";23
"2019-09-30 13:00:00";23
"2019-09-30 13:30:00";23
"2019-09-30 14:00:00";22
"2019-09-30 14:30:00";23
"2019-09-30 15:00:00";23
"2019-09-30 15:30:00";20
"2019-09-30 16:00:00";25
"2019-09-30 16:30:00";25
"2019-09-30 17:00:00";23
"2019-09-30 17:30:00";25
"2019-09-30 18:00:00";30
"2019-09-30 18:30:00";34
"2019-09-30 19:00:00";36
"2019-09-30 19:30:00";36
"2019-09-30 20:00:00";38
"2019-09-30 20:30:00";38
"2019-09-30 21:00:00";37
"2019-09-30 21:30:00";38
"2019-09-30 22:00:00";36
"2019-09-30 22:30:00";34
"2019-09-30 23:00:00";34
"2019-09-30 23:30:00";34
"2019-10-01 00:00:00";32
"2019-10-01 00:30:00";32
"2019-10-01 01:00:00";32
"2019-10-01 02:00:00";30
"2019-10-01 02:30:00";30
"2019-10-01 03:00:00";29
"2019-10-01 03:30:00";29
"2019-10-01 04:00:00";28
"2019-10-01 04:30:00";27
"2019-10-01 05:00:00";28
"2019-10-01 05:30:00";27
"2019-10-01 06:00:00";27
"2019-10-01 06:30:00";27
"2019-10-01 07:00:00";26
"2019-10-01 07:30:00";25
"2019-10-01 08:00:00";26
"2019-10-01 08:30:00";27
"2019-10-01 09:00:00";26
"2019-10-01 09:30:00";26
"2019-10-01 10:00:00";26
"2019-10-01 11:00:00";25
"2019-10-01 11:30:00";24
"2019-10-01 12:00:00";24
"2019-10-01 12:30:00";25
"2019-10-01 13:00:00";25
"2019-10-01 13:30:00";25
"2019-10-01 14:00:00";25
"2019-10-01 14:30:00";24
"2019-10-01 15:00:00";25
"2019-10-01 15:30:00";24
"2019-10-01 16:00:00";25
"2019-10-01 16:30:00";26
"2019-10-01 17:00:00";26
"2019-10-01 17:30:00";27
"2019-10-01 18:00:00";27
"2019-10-01 18:30:00";32
"2019-10-01 19:00:00";35
"2019-10-01 19:30:00";35
"2019-10-01 20:00:00";36
"2019-10-01 20:30:00";35
"2019-10-01 21:30:00";35
"2019-10-01 22:00:00";35
"2019-10-01 22:30:00";35
"2019-10-01 23:00:00";36
"2019-10-01 23:30:00";38
"2019-10-02 00:00:00";35
"2019-10-02 01:00:00";34
"2019-10-02 02:00:00";36
"2019-10-02 02:30:00";36
"2019-10-02 03:00:00";38
"2019-10-02 03:30:00";41
"2019-10-02 04:00:00";42
"2019-10-02 05:00:00";38
"2019-10-02 05:30:00";37
"2019-10-02 06:00:00";37
"2019-10-02 06:30:00";36
"2019-10-02 07:00:00";34
"2019-10-02 07:30:00";34
"2019-10-02 08:00:00";32
"2019-10-02 08:30:00";33
"2019-10-02 09:00:00";32
"2019-10-02 09:30:00";31
"2019-10-02 10:00:00";31
"2019-10-02 10:30:00";30
"2019-10-02 11:00:00";29
"2019-10-02 11:30:00";27
"2019-10-02 12:00:00";26
"2019-10-02 12:30:00";27
"2019-10-02 13:00:00";27
"2019-10-02 13:30:00";27
"2019-10-02 14:00:00";26
"2019-10-02 14:30:00";26
"2019-10-02 15:00:00";26
"2019-10-02 15:30:00";27
"2019-10-02 16:00:00";27
"2019-10-02 16:30:00";29
"2019-10-02 17:00:00";29
"2019-10-02 17:30:00";28
"2019-10-02 18:00:00";30
"2019-10-02 18:30:00";29
"2019-10-02 19:00:00";28
"2019-10-02 19:30:00";29
"2019-10-02 20:30:00";29
"2019-10-02 21:00:00";30
"2019-10-02 21:30:00";30
"2019-10-02 22:00:00";29
"2019-10-02 22:30:00";29
"2019-10-02 23:00:00";27
"2019-10-02 23:30:00";29
"2019-10-03 00:00:00";26
"2019-10-03 00:30:00";27
"2019-10-03 01:00:00";27
"2019-10-03 02:00:00";25
"2019-10-03 02:30:00";26
"2019-10-03 03:00:00";25
"2019-10-03 03:30:00";26
"2019-10-03 04:00:00";25
"2019-10-03 04:30:00";24
"2019-10-03 05:00:00";25
"2019-10-03 05:30:00";23
"2019-10-03 06:00:00";23
"2019-10-03 06:30:00";23
"2019-10-03 07:00:00";23
"2019-10-03 07:30:00";22
"2019-10-03 08:00:00";22
"2019-10-03 08:30:00";22
"2019-10-03 09:00:00";23
"2019-10-03 09:30:00";22
"2019-10-03 10:00:00";23
"2019-10-03 10:30:00";24
"2019-10-03 11:00:00";21
"2019-10-03 11:30:00";19
"2019-10-03 12:00:00";18
"2019-10-03 12:30:00";19
"2019-10-03 13:00:00";20
"2019-10-03 13:30:00";20
"2019-10-03 14:00:00";21
"2019-10-03 14:30:00";21
"2019-10-03 15:00:00";21
"2019-10-03 15:30:00";22
"2019-10-03 16:00:00";23
"2019-10-03 16:30:00";23
"2019-10-03 17:00:00";23
"2019-10-03 17:30:00";21
"2019-10-03 18:00:00";22
"2019-10-03 18:30:00";24
"2019-10-03 19:00:00";25
"2019-10-03 19:30:00";26
"2019-10-03 20:00:00";26
"2019-10-03 20:30:00";26
"2019-10-03 21:00:00";28
"2019-10-03 21:30:00";26
"2019-10-03 22:00:00";27
"2019-10-03 23:00:00";26
"2019-10-03 23:30:00";26
"2019-10-04 00:00:00";26
"2019-10-04 00:30:00";25
"2019-10-04 02:00:00";23
"2019-10-04 02:30:00";24
"2019-10-04 03:30:00";22
"2019-10-04 04:00:00";22
"2019-10-04 04:30:00";22
"2019-10-04 05:00:00";21
"2019-10-04 05:30:00";22
"2019-10-04 06:30:00";23
"2019-10-04 07:00:00";23
"2019-10-04 08:00:00";21
"2019-10-04 08:30:00";22
"2019-10-04 09:00:00";21
"2019-10-04 10:00:00";22
"2019-10-04 10:30:00";23
"2019-10-04 11:00:00";21
"2019-10-04 11:30:00";19
"2019-10-04 12:00:00";19
"2019-10-04 12:30:00";21
"2019-10-04 13:00:00";22
"2019-10-04 13:30:00";21
"2019-10-04 14:00:00";22
"2019-10-04 14:30:00";22
"2019-10-04 15:00:00";22
"2019-10-04 16:00:00";22
"2019-10-04 16:30:00";22
"2019-10-04 17:00:00";23
"2019-10-04 17:30:00";23
"2019-10-04 18:00:00";23
"2019-10-04 18:30:00";23
"2019-10-04 19:00:00";23
"2019-10-04 19:30:00";23
"2019-10-04 20:00:00";25
"2019-10-04 20:30:00";24
"2019-10-04 21:00:00";25
"2019-10-04 21:30:00";25
"2019-10-04 22:00:00";25
"2019-10-04 22:30:00";24
"2019-10-04 23:30:00";24
"2019-10-05 00:00:00";25
"2019-10-05 02:00:00";22
"2019-10-05 02:30:00";23
"2019-10-05 03:00:00";22
"2019-10-05 03:30:00";22
"2019-10-05 04:00:00";22
"2019-10-05 04:30:00";22
"2019-10-05 05:00:00";22
"2019-10-05 05:30:00";21
"2019-10-05 06:00:00";21
"2019-10-05 06:30:00";21
"2019-10-05 07:00:00";22
"2019-10-05 07:30:00";20
"2019-10-05 08:00:00";20
"2019-10-05 08:30:00";21
"2019-10-05 09:00:00";21
"2019-10-05 09:30:00";21
"2019-10-05 10:00:00";22
"2019-10-05 10:30:00";21
"2019-10-05 11:00:00";20
"2019-10-05 11:30:00";18
"2019-10-05 12:00:00";18
"2019-10-05 12:30:00";18
"2019-10-05 13:00:00";19
"2019-10-05 13:30:00";20
"2019-10-05 14:00:00";20
"2019-10-05 14:30:00";20
"2019-10-05 15:00:00";20
"2019-10-05 15:30:00";20
"2019-10-05 16:00:00";20
"2019-10-05 16:30:00";21
"2019-10-05 17:00:00";20
"2019-10-05 17:30:00";21
"2019-10-05 18:00:00";21
"2019-10-05 18:30:00";23
"2019-10-05 19:00:00";23
"2019-10-05 19:30:00";24
"2019-10-05 20:00:00";25
"2019-10-05 20:30:00";25
"2019-10-05 21:00:00";26
"2019-10-05 21:30:00";26
"2019-10-05 22:00:00";25
"2019-10-05 22:30:00";26
"2019-10-05 23:00:00";27
"2019-10-06 00:00:00";24
"2019-10-06 00:30:00";24
"2019-10-06 01:00:00";22
"2019-10-06 02:00:00";22
"2019-10-06 02:30:00";23
"2019-10-06 03:00:00";22
"2019-10-06 03:30:00";22
"2019-10-06 04:00:00";21
"2019-10-06 04:30:00";21
"2019-10-06 05:30:00";22
"2019-10-06 06:00:00";21
"2019-10-06 06:30:00";21
"2019-10-06 07:00:00";20
"2019-10-06 07:30:00";20
"2019-10-06 08:00:00";20
"2019-10-06 09:00:00";21
"2019-10-06 09:30:00";22
"2019-10-06 10:00:00";22
"2019-10-06 10:30:00";22
"2019-10-06 11:00:00";20
"2019-10-06 12:00:00";19
"2019-10-06 12:30:00";20
"2019-10-06 13:00:00";19
"2019-10-06 13:30:00";21
"2019-10-06 14:00:00";20
"2019-10-06 14:30:00";20
"2019-10-06 15:00:00";21
"2019-10-06 15:30:00";21
"2019-10-06 16:30:00";21
"2019-10-06 17:00:00";21
"2019-10-06 17:30:00";21
"2019-10-06 18:30:00";21
"2019-10-06 19:00:00";21
"2019-10-06 19:30:00";21
"2019-10-06 20:00:00";22
"2019-10-06 20:30:00";22
"2019-10-06 21:00:00";22
"2019-10-06 21:30:00";23
"2019-10-06 22:00:00";24
"2019-10-06 22:30:00";24
"2019-10-06 23:00:00";26
"2019-10-06 23:30:00";26
"2019-10-07 00:00:00";26
"2019-10-07 00:30:00";26
"2019-10-07 01:00:00";27
"2019-10-07 02:00:00";28
"2019-10-07 02:30:00";26
"2019-10-07 03:00:00";28
"2019-10-07 03:30:00";29
"2019-10-07 04:00:00";30
"2019-10-07 04:30:00";28
"2019-10-07 05:00:00";30
"2019-10-07 05:30:00";30
"2019-10-07 06:00:00";29
"2019-10-07 06:30:00";29
"2019-10-07 07:00:00";29
"2019-10-07 07:30:00";28
"2019-10-07 08:00:00";28
"2019-10-07 08:30:00";25
"2019-10-07 09:00:00";28
"2019-10-07 09:30:00";26
"2019-10-07 10:00:00";26
"2019-10-07 10:30:00";26
"2019-10-07 11:00:00";22
"2019-10-07 11:30:00";22
"2019-10-07 12:00:00";21
"2019-10-07 12:30:00";21
"2019-10-07 13:00:00";22
"2019-10-07 13:30:00";22
"2019-10-07 14:00:00";22
"2019-10-07 14:30:00";19
"2019-10-07 15:00:00";18
"2019-10-07 15:30:00";20
"2019-10-07 16:00:00";22
"2019-10-07 16:30:00";22
"2019-10-07 17:00:00";22
"2019-10-07 17:30:00";21
"2019-10-07 18:00:00";23
"2019-10-07 18:30:00";25
"2019-10-07 19:00:00";26
"2019-10-07 19:30:00";26
"2019-10-07 20:00:00";29
"2019-10-07 20:30:00";28
"2019-10-07 21:00:00";30
"2019-10-07 21:30:00";29
"2019-10-07 22:00:00";29
"2019-10-07 22:30:00";28
"2019-10-07 23:00:00";28
"2019-10-07 23:30:00";26
"2019-10-08 00:00:00";27
"2019-10-08 00:30:00";25
"2019-10-08 01:00:00";25
"2019-10-08 02:30:00";24
"2019-10-08 03:00:00";23
"2019-10-08 03:30:00";24
"2019-10-08 04:00:00";23
"2019-10-08 04:30:00";22
"2019-10-08 05:00:00";23
"2019-10-08 05:30:00";21
"2019-10-08 06:00:00";21
"2019-10-08 06:30:00";22
"2019-10-08 07:00:00";21
"2019-10-08 07:30:00";22
"2019-10-08 08:00:00";22
"2019-10-08 08:30:00";22
"2019-10-08 09:00:00";21
"2019-10-08 09:30:00";22
"2019-10-08 10:00:00";22
"2019-10-08 10:30:00";21
"2019-10-08 11:00:00";20
"2019-10-08 11:30:00";18
"2019-10-08 12:00:00";17
"2019-10-08 12:30:00";17
"2019-10-08 13:00:00";18
"2019-10-08 13:30:00";19
"2019-10-08 14:00:00";18
"2019-10-08 14:30:00";19
"2019-10-08 15:00:00";20
"2019-10-08 15:30:00";21
"2019-10-08 16:00:00";25
"2019-10-08 16:30:00";25
"2019-10-08 17:00:00";25
"2019-10-08 17:30:00";25
"2019-10-08 18:00:00";25
"2019-10-08 18:30:00";26
"2019-10-08 19:00:00";25
"2019-10-08 19:30:00";29
"2019-10-08 20:00:00";28
"2019-10-08 20:30:00";30
"2019-10-08 21:00:00";31
"2019-10-08 21:30:00";32
"2019-10-08 22:00:00";32
"2019-10-08 22:30:00";31
"2019-10-08 23:00:00";30
"2019-10-08 23:30:00";30
"2019-10-09 00:00:00";29
"2019-10-09 00:30:00";27
"2019-10-09 01:00:00";28
"2019-10-09 02:00:00";26
"2019-10-09 02:30:00";26
"2019-10-09 03:00:00";27
"2019-10-09 03:30:00";25
"2019-10-09 04:00:00";26
"2019-10-09 04:30:00";24
"2019-10-09 05:00:00";25
"2019-10-09 05:30:00";25
"2019-10-09 06:00:00";25
"2019-10-09 06:30:00";24
"2019-10-09 07:00:00";25
"2019-10-09 07:30:00";24
"2019-10-09 08:00:00";24
"2019-10-09 08:30:00";23
"2019-10-09 09:00:00";25
"2019-10-09 09:30:00";24
"2019-10-09 10:00:00";23
"2019-10-09 10:30:00";24
"2019-10-09 11:00:00";23
"2019-10-09 12:00:00";24
"2019-10-09 12:30:00";23
"2019-10-09 13:00:00";24
"2019-10-09 13:30:00";24
"2019-10-09 14:00:00";24
"2019-10-09 14:30:00";24
"2019-10-09 15:00:00";24
"2019-10-09 15:30:00";25
"2019-10-09 16:00:00";26
"2019-10-09 16:30:00";30
"2019-10-09 17:00:00";32
"2019-10-09 17:30:00";35
"2019-10-09 18:00:00";37
"2019-10-09 18:30:00";37
"2019-10-09 19:00:00";39
"2019-10-09 19:30:00";39
"2019-10-09 20:00:00";40
"2019-10-09 20:30:00";39
"2019-10-09 21:00:00";36
"2019-10-09 21:30:00";36
"2019-10-09 22:00:00";35
"2019-10-09 22:30:00";33
"2019-10-09 23:00:00";31
"2019-10-09 23:30:00";32
"2019-10-10 00:00:00";30
"2019-10-10 00:30:00";30
"2019-10-10 01:00:00";29
"2019-10-10 02:00:00";28
"2019-10-10 02:30:00";26
"2019-10-10 03:00:00";26
"2019-10-10 03:30:00";26
"2019-10-10 04:00:00";26
"2019-10-10 04:30:00";26
"2019-10-10 05:00:00";26
"2019-10-10 05:30:00";25
"2019-10-10 06:00:00";25
"2019-10-10 06:30:00";23
"2019-10-10 07:00:00";23
"2019-10-10 07:30:00";24
"2019-10-10 08:00:00";24
"2019-10-10 08:30:00";23
"2019-10-10 09:30:00";24
"2019-10-10 10:00:00";25
"2019-10-10 10:30:00";25
"2019-10-10 11:00:00";22
"2019-10-10 11:30:00";21
"2019-10-10 12:00:00";20
"2019-10-10 12:30:00";20
"2019-10-10 13:00:00";20
"2019-10-10 13:30:00";20
"2019-10-10 14:00:00";20
"2019-10-10 14:30:00";20
"2019-10-10 15:00:00";20
"2019-10-10 15:30:00";21
"2019-10-10 16:00:00";22
"2019-10-10 16:30:00";21
"2019-10-10 17:00:00";21
"2019-10-10 17:30:00";22
"2019-10-10 18:30:00";23
"2019-10-10 19:00:00";22
"2019-10-10 19:30:00";24
"2019-10-10 20:00:00";23
"2019-10-10 20:30:00";23
"2019-10-10 21:00:00";24
"2019-10-10 21:30:00";24
"2019-10-10 22:00:00";24
"2019-10-10 22:30:00";24
"2019-10-10 23:00:00";24
"2019-10-10 23:30:00";23
"2019-10-11 00:00:00";23
"2019-10-11 00:30:00";22
"2019-10-11 01:00:00";23
"2019-10-11 02:00:00";23
"2019-10-11 02:30:00";23
"2019-10-11 03:00:00";23
"2019-10-11 03:30:00";22
"2019-10-11 04:00:00";22
"2019-10-11 04:30:00";22
"2019-10-11 05:00:00";21
"2019-10-11 05:30:00";22
"2019-10-11 06:00:00";21
"2019-10-11 06:30:00";20
"2019-10-11 07:00:00";21
"2019-10-11 07:30:00";20
"2019-10-11 08:00:00";21
"2019-10-11 08:30:00";21
"2019-10-11 09:00:00";22
"2019-10-11 09:30:00";21
"2019-10-11 10:00:00";22
"2019-10-11 10:30:00";21
"2019-10-11 11:00:00";18
"2019-10-11 11:30:00";16
"2019-10-11 12:00:00";19
"2019-10-11 12:30:00";21
"2019-10-11 13:00:00";20
"2019-10-11 13:30:00";20
"2019-10-11 14:00:00";19
"2019-10-11 14:30:00";20
"2019-10-11 15:00:00";20
"2019-10-11 15:30:00";21
"2019-10-11 16:00:00";22
"2019-10-11 16:30:00";21
"2019-10-11 17:00:00";21
"2019-10-11 17:30:00";23
"2019-10-11 18:00:00";23
"2019-10-11 18:30:00";23
"2019-10-11 19:00:00";23
"2019-10-11 19:30:00";23
"2019-10-11 20:00:00";24
"2019-10-11 20:30:00";24
"2019-10-11 21:00:00";26
"2019-10-11 21:30:00";26
"2019-10-11 22:00:00";25
"2019-10-11 22:30:00";26
"2019-10-11 23:00:00";25
"2019-10-11 23:30:00";24
"2019-10-12 00:00:00";25
"2019-10-12 02:00:00";23
"2019-10-12 02:30:00";22
"2019-10-12 03:00:00";21
"2019-10-12 03:30:00";23
"2019-10-12 04:00:00";22
"2019-10-12 04:30:00";23
"2019-10-12 05:00:00";22
"2019-10-12 05:30:00";21
"2019-10-12 06:00:00";21
"2019-10-12 06:30:00";21
"2019-10-12 07:00:00";21
"2019-10-12 07:30:00";21
"2019-10-12 08:00:00";22
"2019-10-12 08:30:00";21
"2019-10-12 09:00:00";21
"2019-10-12 09:30:00";21
"2019-10-12 10:00:00";22
"2019-10-12 10:30:00";23
"2019-10-12 11:00:00";20
"2019-10-12 11:30:00";19
"2019-10-12 12:00:00";20
"2019-10-12 12:30:00";19
"2019-10-12 13:00:00";18
"2019-10-12 13:30:00";20
"2019-10-12 14:00:00";21
"2019-10-12 14:30:00";20
"2019-10-12 15:00:00";21
"2019-10-12 15:30:00";21
"2019-10-12 16:00:00";21
"2019-10-12 16:30:00";20
"2019-10-12 17:00:00";20
"2019-10-12 17:30:00";22
"2019-10-12 18:00:00";21
"2019-10-12 18:30:00";22
"2019-10-12 19:00:00";22
"2019-10-12 19:30:00";22
"2019-10-12 20:00:00";23
"2019-10-12 20:30:00";24
"2019-10-12 21:00:00";25
"2019-10-12 21:30:00";24
"2019-10-12 22:00:00";25
"2019-10-12 22:30:00";26
"2019-10-12 23:00:00";24
"2019-10-12 23:30:00";24
"2019-10-13 00:00:00";23
"2019-10-13 00:30:00";24
"2019-10-13 01:00:00";22
"2019-10-13 02:00:00";22
"2019-10-13 02:30:00";22
"2019-10-13 03:00:00";22
"2019-10-13 03:30:00";22
"2019-10-13 04:00:00";22
"2019-10-13 04:30:00";21
"2019-10-13 05:00:00";22
"2019-10-13 05:30:00";21
"2019-10-13 06:00:00";22
"2019-10-13 06:30:00";20
"2019-10-13 07:00:00";20
"2019-10-13 07:30:00";20
"2019-10-13 08:00:00";21
"2019-10-13 08:30:00";21
"2019-10-13 09:00:00";22
"2019-10-13 09:30:00";21
"2019-10-13 10:00:00";19
"2019-10-13 10:30:00";18
"2019-10-13 11:00:00";21
"2019-10-13 11:30:00";19
"2019-10-13 12:00:00";18
"2019-10-13 12:30:00";18
"2019-10-13 13:00:00";19
"2019-10-13 13:30:00";19
"2019-10-13 14:00:00";19
"2019-10-13 14:30:00";19
"2019-10-13 15:00:00";19
"2019-10-13 15:30:00";20
"2019-10-13 16:00:00";20
"2019-10-13 16:30:00";21
"2019-10-13 17:00:00";19
"2019-10-13 17:30:00";19
"2019-10-13 18:00:00";21
"2019-10-13 18:30:00";22
"2019-10-13 19:00:00";24
"2019-10-13 19:30:00";25
"2019-10-13 20:00:00";28
"2019-10-13 20:30:00";29
"2019-10-13 21:00:00";31
"2019-10-13 21:30:00";31
"2019-10-13 22:00:00";29
"2019-10-13 22:30:00";29
"2019-10-13 23:00:00";28
"2019-10-13 23:30:00";28
"2019-10-14 00:00:00";27
"2019-10-14 00:30:00";26
"2019-10-14 01:00:00";25
"2019-10-14 02:00:00";24
"2019-10-14 02:30:00";24
"2019-10-14 03:00:00";23
"2019-10-14 03:30:00";23
"2019-10-14 04:00:00";23
"2019-10-14 04:30:00";23
"2019-10-14 05:00:00";22
"2019-10-14 05:30:00";22
"2019-10-14 06:00:00";22
"2019-10-14 07:00:00";22
"2019-10-14 07:30:00";23
"2019-10-14 08:00:00";23
"2019-10-14 08:30:00";21
"2019-10-14 09:00:00";22
"2019-10-14 09:30:00";22
"2019-10-14 10:00:00";23
"2019-10-14 10:30:00";22
"2019-10-14 11:00:00";21
"2019-10-14 11:30:00";19
"2019-10-14 12:00:00";19
"2019-10-14 12:30:00";19
"2019-10-14 13:00:00";17
"2019-10-14 13:30:00";19
"2019-10-14 14:00:00";18
"2019-10-14 14:30:00";19
"2019-10-14 15:00:00";20
"2019-10-14 15:30:00";21
"2019-10-14 16:00:00";21
"2019-10-14 16:30:00";22
"2019-10-14 17:00:00";23
"2019-10-14 17:30:00";23
"2019-10-14 18:00:00";23
"2019-10-14 18:30:00";23
"2019-10-14 19:00:00";25
"2019-10-14 19:30:00";25
"2019-10-14 20:00:00";26
"2019-10-14 20:30:00";27
"2019-10-14 21:00:00";27
"2019-10-14 21:30:00";28
"2019-10-14 22:00:00";27
"2019-10-14 22:30:00";27
"2019-10-14 23:00:00";27
"2019-10-14 23:30:00";26
"2019-10-15 00:00:00";27
"2019-10-15 00:30:00";25
"2019-10-15 01:00:00";25
"2019-10-15 02:00:00";24
"2019-10-15 02:30:00";24
"2019-10-15 03:00:00";24
"2019-10-15 04:00:00";24
"2019-10-15 04:30:00";24
"2019-10-15 05:00:00";23
"2019-10-15 05:30:00";23
"2019-10-15 06:00:00";23
"2019-10-15 06:30:00";23
"2019-10-15 07:00:00";24
"2019-10-15 07:30:00";24
"2019-10-15 08:00:00";26
"2019-10-15 08:30:00";25
"2019-10-15 09:00:00";27
"2019-10-15 09:30:00";28
"2019-10-15 10:00:00";31
"2019-10-15 10:30:00";37
"2019-10-15 11:00:00";45
"2019-10-15 11:30:00";54
"2019-10-15 12:00:00";65
"2019-10-15 12:30:00";83
"2019-10-15 13:00:00";96
"2019-10-15 13:30:00";110
"2019-10-15 14:00:00";114
"2019-10-15 14:30:00";114
"2019-10-15 15:00:00";120
"2019-10-15 16:00:00";122
"2019-10-15 16:30:00";122
"2019-10-15 17:00:00";121
"2019-10-15 17:30:00";116
"2019-10-15 18:00:00";119
"2019-10-15 18:30:00";115
"2019-10-15 19:00:00";113
"2019-10-15 19:30:00";113
"2019-10-15 20:00:00";116
"2019-10-15 20:30:00";119
"2019-10-15 21:00:00";123
"2019-10-15 21:30:00";122
"2019-10-15 22:00:00";127
"2019-10-15 22:30:00";127
"2019-10-15 23:00:00";124
"2019-10-15 23:30:00";119
"2019-10-16 00:00:00";113
"2019-10-16 00:30:00";113
"2019-10-16 01:00:00";108
"2019-10-16 02:00:00";104
"2019-10-16 02:30:00";98
"2019-10-16 03:00:00";99
"2019-10-16 03:30:00";97
"2019-10-16 04:00:00";95
"2019-10-16 04:30:00";91
"2019-10-16 05:00:00";90
"2019-10-16 05:30:00";89
"2019-10-16 06:00:00";86
"2019-10-16 06:30:00";89
"2019-10-16 07:00:00";86
"2019-10-16 07:30:00";83
"2019-10-16 08:00:00";82
"2019-10-16 08:30:00";80
"2019-10-16 09:00:00";82
"2019-10-16 09:30:00";80
"2019-10-16 10:00:00";80
"2019-10-16 10:30:00";78
"2019-10-16 11:00:00";74
"2019-10-16 12:00:00";71
"2019-10-16 12:30:00";69
"2019-10-16 13:00:00";66
"2019-10-16 13:30:00";64
"2019-10-16 14:00:00";65
"2019-10-16 14:30:00";62
"2019-10-16 15:00:00";63
"2019-10-16 15:30:00";63
"2019-10-16 16:00:00";64
"2019-10-16 16:30:00";65
"2019-10-16 17:00:00";66
"2019-10-16 17:30:00";67
"2019-10-16 18:00:00";68
"2019-10-16 18:30:00";67
"2019-10-16 19:00:00";66
"2019-10-16 19:30:00";65
"2019-10-16 20:00:00";66
"2019-10-16 20:30:00";66
"2019-10-16 21:00:00";65
"2019-10-16 21:30:00";67
"2019-10-16 22:00:00";63
"2019-10-16 22:30:00";66
"2019-10-16 23:00:00";64
"2019-10-16 23:30:00";63
"2019-10-17 00:00:00";61
"2019-10-17 00:30:00";62
"2019-10-17 01:00:00";59
"2019-10-17 02:00:00";58
"2019-10-17 02:30:00";60
"2019-10-17 03:00:00";58
"2019-10-17 03:30:00";58
"2019-10-17 04:00:00";58
"2019-10-17 04:30:00";58
"2019-10-17 05:00:00";56
"2019-10-17 05:30:00";56
"2019-10-17 06:00:00";55
"2019-10-17 06:30:00";56
"2019-10-17 07:00:00";53
"2019-10-17 07:30:00";54
"2019-10-17 08:00:00";54
"2019-10-17 08:30:00";53
"2019-10-17 09:30:00";54
"2019-10-17 10:00:00";56
"2019-10-17 10:30:00";53
"2019-10-17 11:00:00";51
"2019-10-17 11:30:00";49
"2019-10-17 12:00:00";52
"2019-10-17 12:30:00";51
"2019-10-17 13:00:00";50
"2019-10-17 13:30:00";49
"2019-10-17 14:00:00";49
"2019-10-17 14:30:00";48
"2019-10-17 15:00:00";49
"2019-10-17 15:30:00";51
"2019-10-17 16:00:00";51
"2019-10-17 16:30:00";50
"2019-10-17 17:00:00";51
"2019-10-17 18:00:00";50
"2019-10-17 18:30:00";48
"2019-10-17 19:00:00";49
"2019-10-17 19:30:00";50
"2019-10-17 20:00:00";50
"2019-10-17 20:30:00";50
"2019-10-17 21:00:00";50
"2019-10-17 21:30:00";50
"2019-10-17 22:00:00";50
"2019-10-17 22:30:00";50
"2019-10-17 23:00:00";50
"2019-10-17 23:30:00";50
"2019-10-18 00:00:00";48
"2019-10-18 00:30:00";50
"2019-10-18 01:00:00";47
"2019-10-18 02:00:00";50
"2019-10-18 02:30:00";49
"2019-10-18 03:00:00";47
"2019-10-18 03:30:00";48
"2019-10-18 04:00:00";47
"2019-10-18 04:30:00";49
"2019-10-18 05:00:00";47
"2019-10-18 05:30:00";48
"2019-10-18 06:00:00";48
"2019-10-18 06:30:00";46
"2019-10-18 07:00:00";47
"2019-10-18 07:30:00";47
"2019-10-18 08:00:00";47
"2019-10-18 08:30:00";47
"2019-10-18 09:00:00";46
"2019-10-18 09:30:00";47
"2019-10-18 10:00:00";46
"2019-10-18 11:00:00";44
"2019-10-18 12:00:00";46
"2019-10-18 13:00:00";44
"2019-10-18 13:30:00";45
"2019-10-18 14:00:00";45
"2019-10-18 15:00:00";44
"2019-10-18 15:30:00";43
"2019-10-18 16:00:00";44
"2019-10-18 17:00:00";44
"2019-10-18 17:30:00";45
"2019-10-18 18:00:00";43
"2019-10-18 18:30:00";43
"2019-10-18 19:00:00";43
"2019-10-18 19:30:00";43
"2019-10-18 20:00:00";44
"2019-10-18 20:30:00";43
"2019-10-18 21:00:00";44
"2019-10-18 21:30:00";44
"2019-10-18 22:00:00";43
"2019-10-18 22:30:00";43
"2019-10-18 23:00:00";42
"2019-10-18 23:30:00";44
"2019-10-19 00:00:00";43
"2019-10-19 02:00:00";44
"2019-10-19 02:30:00";43
"2019-10-19 03:00:00";44
"2019-10-19 03:30:00";43
"2019-10-19 04:00:00";43
"2019-10-19 04:30:00";45
"2019-10-19 05:00:00";45
"2019-10-19 05:30:00";43
"2019-10-19 06:00:00";44
"2019-10-19 06:30:00";43
"2019-10-19 07:00:00";44
"2019-10-19 07:30:00";44
"2019-10-19 08:00:00";42
"2019-10-19 08:30:00";43
"2019-10-19 09:00:00";42
"2019-10-19 09:30:00";43
"2019-10-19 10:00:00";41
"2019-10-19 10:30:00";43
"2019-10-19 11:00:00";44
"2019-10-19 11:30:00";43
"2019-10-19 12:00:00";44
"2019-10-19 12:30:00";45
"2019-10-19 13:00:00";46
"2019-10-19 13:30:00";45
"2019-10-19 14:00:00";45
"2019-10-19 14:30:00";44
"2019-10-19 15:00:00";43
"2019-10-19 15:30:00";44
"2019-10-19 16:00:00";43
"2019-10-19 16:30:00";42
"2019-10-19 17:00:00";43
"2019-10-19 17:30:00";42
"2019-10-19 18:00:00";42
"2019-10-19 19:00:00";43
"2019-10-19 19:30:00";43
"2019-10-19 20:00:00";45
"2019-10-19 21:00:00";43
"2019-10-19 21:30:00";46
"2019-10-19 22:00:00";45
"2019-10-19 23:00:00";46
"2019-10-19 23:30:00";45
"2019-10-20 00:00:00";48
"2019-10-20 00:30:00";47
"2019-10-20 01:00:00";48
"2019-10-20 02:00:00";49
"2019-10-20 03:00:00";49
"2019-10-20 03:30:00";49
"2019-10-20 04:00:00";50
"2019-10-20 04:30:00";51
"2019-10-20 05:00:00";50
"2019-10-20 05:30:00";51
"2019-10-20 06:00:00";51
"2019-10-20 06:30:00";52
"2019-10-20 07:00:00";53
"2019-10-20 07:30:00";52
"2019-10-20 08:00:00";53
"2019-10-20 08:30:00";55
"2019-10-20 09:00:00";56
"2019-10-20 09:30:00";58
"2019-10-20 10:00:00";61
"2019-10-20 10:30:00";62
"2019-10-20 11:00:00";58
"2019-10-20 11:30:00";58
"2019-10-20 12:00:00";57
"2019-10-20 12:30:00";58
"2019-10-20 13:00:00";58
"2019-10-20 13:30:00";59
"2019-10-20 14:00:00";62
"2019-10-20 14:30:00";63
"2019-10-20 15:00:00";67
"2019-10-20 15:30:00";75
"2019-10-20 16:00:00";82
"2019-10-20 16:30:00";87
"2019-10-20 17:00:00";90
"2019-10-20 18:00:00";94
"2019-10-20 19:00:00";103
"2019-10-20 20:00:00";105
"2019-10-20 20:30:00";106
"2019-10-20 21:00:00";103
"2019-10-20 22:00:00";105
"2019-10-20 23:00:00";103
"2019-10-20 23:30:00";102
"2019-10-21 00:00:00";103
"2019-10-21 01:00:00";106
"2019-10-21 02:00:00";108
"2019-10-21 03:00:00";122
"2019-10-21 03:30:00";122
"2019-10-21 04:00:00";133
"2019-10-21 05:00:00";140
"2019-10-21 06:00:00";139
"2019-10-21 06:30:00";137
"2019-10-21 07:00:00";145
"2019-10-21 08:00:00";132
"2019-10-21 09:00:00";134
"2019-10-21 09:30:00";133
"2019-10-21 10:00:00";132
"2019-10-21 11:00:00";130
"2019-10-21 12:00:00";121
"2019-10-21 13:00:00";128
"2019-10-21 13:30:00";130
"2019-10-21 14:00:00";125
"2019-10-21 15:00:00";124
"2019-10-21 15:30:00";123
"2019-10-21 16:00:00";127
"2019-10-21 17:00:00";136
"2019-10-21 18:00:00";147
"2019-10-21 19:00:00";141
"2019-10-21 20:00:00";171
"2019-10-21 20:30:00";177
"2019-10-21 21:00:00";181
"2019-10-21 21:30:00";166
"2019-10-21 22:30:00";153
"2019-10-21 23:00:00";159
"2019-10-21 23:30:00";171
"2019-10-22 00:30:00";171
"2019-10-22 01:00:00";167
"2019-10-22 02:00:00";159
"2019-10-22 03:00:00";157
"2019-10-22 03:30:00";159
"2019-10-22 04:00:00";155
"2019-10-22 04:30:00";158
"2019-10-22 05:00:00";142
"2019-10-22 05:30:00";142
"2019-10-22 06:00:00";138
"2019-10-22 06:30:00";147
"2019-10-22 07:00:00";150
"2019-10-22 07:30:00";141
"2019-10-22 08:00:00";135
"2019-10-22 08:30:00";138
"2019-10-22 09:00:00";139
"2019-10-22 09:30:00";141
"2019-10-22 10:00:00";138
"2019-10-22 10:30:00";131
"2019-10-22 11:00:00";137
"2019-10-22 11:30:00";135
"2019-10-22 12:00:00";127
"2019-10-22 12:30:00";127
"2019-10-22 13:00:00";128
"2019-10-22 14:00:00";122
"2019-10-22 14:30:00";130
"2019-10-22 15:00:00";125
"2019-10-22 15:30:00";119
"2019-10-22 16:00:00";123
"2019-10-22 16:30:00";123
"2019-10-22 17:00:00";113
"2019-10-22 17:30:00";120
"2019-10-22 18:00:00";118
"2019-10-22 18:30:00";117
"2019-10-22 19:00:00";116
"2019-10-22 19:30:00";119
"2019-10-22 20:00:00";117
"2019-10-22 20:30:00";113
"2019-10-22 21:00:00";113
"2019-10-22 21:30:00";112
"2019-10-22 22:00:00";113
"2019-10-22 22:30:00";110
"2019-10-22 23:00:00";106
"2019-10-22 23:30:00";109
"2019-10-23 00:00:00";109
"2019-10-23 01:00:00";105
"2019-10-23 02:00:00";107
"2019-10-23 03:00:00";101
"2019-10-23 03:30:00";104
"2019-10-23 04:00:00";103
"2019-10-23 04:30:00";103
"2019-10-23 05:00:00";101
"2019-10-23 05:30:00";101
"2019-10-23 06:00:00";99
"2019-10-23 06:30:00";100
"2019-10-23 07:00:00";99
"2019-10-23 07:30:00";99
"2019-10-23 08:00:00";96
"2019-10-23 08:30:00";95
"2019-10-23 09:00:00";95
"2019-10-23 09:30:00";96
"2019-10-23 10:00:00";97
"2019-10-23 10:30:00";96
"2019-10-23 11:00:00";94
"2019-10-23 11:30:00";93
"2019-10-23 12:00:00";91
"2019-10-23 12:30:00";89
"2019-10-23 13:00:00";87
"2019-10-23 13:30:00";90
"2019-10-23 14:00:00";88
"2019-10-23 14:30:00";90
"2019-10-23 15:00:00";87
"2019-10-23 15:30:00";87
"2019-10-23 16:00:00";90
"2019-10-23 16:30:00";86
"2019-10-23 17:00:00";87
"2019-10-23 18:00:00";87
"2019-10-23 19:00:00";87
"2019-10-23 19:30:00";86
"2019-10-23 20:00:00";85
"2019-10-23 20:30:00";85
"2019-10-23 21:00:00";87
"2019-10-23 22:00:00";84
"2019-10-23 23:00:00";84
"2019-10-24 00:00:00";85
"2019-10-24 01:00:00";84
"2019-10-24 02:00:00";89
"2019-10-24 03:00:00";92
"2019-10-24 03:30:00";98
"2019-10-24 04:00:00";102
"2019-10-24 04:30:00";104
"2019-10-24 05:00:00";108
"2019-10-24 06:00:00";121
"2019-10-24 07:00:00";134
"2019-10-24 07:30:00";135
"2019-10-24 08:00:00";141
"2019-10-24 08:30:00";140
"2019-10-24 09:00:00";137
"2019-10-24 10:00:00";126
"2019-10-24 10:30:00";128
"2019-10-24 11:00:00";123
"2019-10-24 12:00:00";123
"2019-10-24 13:00:00";116
"2019-10-24 14:00:00";118
"2019-10-24 14:30:00";119
"2019-10-24 15:00:00";123
"2019-10-24 15:30:00";125
"2019-10-24 16:00:00";125
"2019-10-24 16:30:00";133
"2019-10-24 17:00:00";135
"2019-10-24 17:30:00";139
"2019-10-24 18:30:00";141
"2019-10-24 19:00:00";151
"2019-10-24 19:30:00";140
"2019-10-24 20:00:00";139
"2019-10-24 21:00:00";143
"2019-10-24 21:30:00";135
"2019-10-24 22:00:00";130
"2019-10-24 23:00:00";130
"2019-10-24 23:30:00";132
"2019-10-25 00:00:00";128
"2019-10-25 00:30:00";125
"2019-10-25 01:00:00";124
"2019-10-25 02:00:00";125
"2019-10-25 02:30:00";124
"2019-10-25 03:00:00";121
"2019-10-25 03:30:00";120
"2019-10-25 04:00:00";121
"2019-10-25 04:30:00";119
"2019-10-25 05:00:00";117
"2019-10-25 05:30:00";120
"2019-10-25 06:00:00";114
"2019-10-25 06:30:00";112
"2019-10-25 07:00:00";113
"2019-10-25 07:30:00";113
"2019-10-25 08:00:00";116
"2019-10-25 08:30:00";111
"2019-10-25 09:00:00";111
"2019-10-25 09:30:00";108
"2019-10-25 10:00:00";107
"2019-10-25 10:30:00";108
"2019-10-25 11:00:00";108
"2019-10-25 12:00:00";106
"2019-10-25 12:30:00";105
"2019-10-25 13:00:00";100
"2019-10-25 13:30:00";100
"2019-10-25 14:00:00";95
"2019-10-25 14:30:00";97
"2019-10-25 15:00:00";95
"2019-10-25 15:30:00";98
"2019-10-25 16:00:00";96
"2019-10-25 16:30:00";96
"2019-10-25 17:00:00";97
"2019-10-25 17:30:00";95
"2019-10-25 18:00:00";99
"2019-10-25 18:30:00";98
"2019-10-25 19:00:00";99
"2019-10-25 19:30:00";98
"2019-10-25 20:00:00";98
"2019-10-25 20:30:00";96
"2019-10-25 21:00:00";95
"2019-10-25 21:30:00";98
"2019-10-25 22:00:00";96
"2019-10-25 22:30:00";97
"2019-10-25 23:00:00";95
"2019-10-25 23:30:00";94
"2019-10-26 00:00:00";92
"2019-10-26 02:00:00";91
"2019-10-26 02:30:00";93
"2019-10-26 03:00:00";91
"2019-10-26 03:30:00";91
"2019-10-26 04:00:00";93
"2019-10-26 04:30:00";89
"2019-10-26 05:00:00";88
"2019-10-26 05:30:00";88
"2019-10-26 06:00:00";89
"2019-10-26 06:30:00";87
"2019-10-26 07:00:00";90
"2019-10-26 07:30:00";88
"2019-10-26 08:00:00";88
"2019-10-26 08:30:00";86
"2019-10-26 09:00:00";86
"2019-10-26 09:30:00";86
"2019-10-26 10:00:00";87
"2019-10-26 10:30:00";86
"2019-10-26 11:00:00";83
"2019-10-26 11:30:00";83
"2019-10-26 12:00:00";80
"2019-10-26 12:30:00";77
"2019-10-26 13:00:00";75
"2019-10-26 13:30:00";74
"2019-10-26 14:00:00";75
"2019-10-26 14:30:00";74
"2019-10-26 15:00:00";76
"2019-10-26 15:30:00";79
"2019-10-26 16:00:00";77
"2019-10-26 16:30:00";78
"2019-10-26 17:00:00";80
"2019-10-26 17:30:00";79
"2019-10-26 18:00:00";79
"2019-10-26 18:30:00";79
"2019-10-26 19:00:00";80
"2019-10-26 19:30:00";81
"2019-10-26 20:30:00";80
"2019-10-26 21:00:00";82
"2019-10-26 21:30:00";80
"2019-10-26 22:00:00";81
"2019-10-26 22:30:00";80
"2019-10-26 23:00:00";82
"2019-10-26 23:30:00";81
"2019-10-27 00:30:00";80
"2019-10-27 01:00:00";78
"2019-10-27 02:00:00";78
"2019-10-27 02:30:00";78
"2019-10-27 03:00:00";79
"2019-10-27 03:30:00";75
"2019-10-27 04:00:00";76
"2019-10-27 04:30:00";76
"2019-10-27 05:00:00";76
"2019-10-27 05:30:00";74
"2019-10-27 06:30:00";77
"2019-10-27 07:00:00";75
"2019-10-27 08:00:00";75
"2019-10-27 08:30:00";73
"2019-10-27 09:00:00";75
"2019-10-27 09:30:00";75
"2019-10-27 10:00:00";72
"2019-10-27 10:30:00";71
"2019-10-27 11:00:00";68
"2019-10-27 12:00:00";63
"2019-10-27 12:30:00";63
"2019-10-27 13:00:00";65
"2019-10-27 13:30:00";62
"2019-10-27 14:00:00";65
"2019-10-27 14:30:00";68
"2019-10-27 15:00:00";67
"2019-10-27 15:30:00";69
"2019-10-27 16:00:00";69
"2019-10-27 17:00:00";72
"2019-10-27 17:30:00";71
"2019-10-27 18:00:00";71
"2019-10-27 18:30:00";71
"2019-10-27 19:00:00";70
"2019-10-27 19:30:00";72
"2019-10-27 20:00:00";69
"2019-10-27 20:30:00";72
"2019-10-27 21:00:00";71
"2019-10-27 21:30:00";72
"2019-10-27 22:00:00";69
"2019-10-27 22:30:00";68
"2019-10-27 23:00:00";71
"2019-10-27 23:30:00";71
"2019-10-28 00:00:00";69
"2019-10-28 01:00:00";71
"2019-10-28 01:30:00";69
"2019-10-28 02:00:00";69
"2019-10-28 02:30:00";67
"2019-10-28 03:00:00";68
"2019-10-28 03:30:00";68
"2019-10-28 04:00:00";68
"2019-10-28 04:30:00";66
"2019-10-28 05:00:00";67
"2019-10-28 05:30:00";67
"2019-10-28 06:00:00";65
"2019-10-28 06:30:00";64
"2019-10-28 07:00:00";68
"2019-10-28 07:30:00";67
"2019-10-28 08:00:00";67
"2019-10-28 08:30:00";65
"2019-10-28 09:00:00";67
"2019-10-28 09:30:00";65
"2019-10-28 10:00:00";64
"2019-10-28 10:30:00";65
"2019-10-28 11:30:00";65
"2019-10-28 12:00:00";64
"2019-10-28 12:30:00";61
"2019-10-28 13:00:00";64
"2019-10-28 14:00:00";62
"2019-10-28 14:30:00";66
"2019-10-28 15:00:00";64
"2019-10-28 15:30:00";63
"2019-10-28 16:00:00";63
"2019-10-28 16:30:00";62
"2019-10-28 17:00:00";64
"2019-10-28 17:30:00";64
"2019-10-28 18:00:00";64
"2019-10-28 18:30:00";63
"2019-10-28 19:00:00";61
"2019-10-28 19:30:00";64
"2019-10-28 20:00:00";63
"2019-10-28 20:30:00";63
"2019-10-28 21:00:00";63
"2019-10-28 21:30:00";62
"2019-10-28 22:00:00";63
"2019-10-28 22:30:00";64
"2019-10-28 23:00:00";64
"2019-10-28 23:30:00";63
"2019-10-29 00:00:00";63
"2019-10-29 01:00:00";64
"2019-10-29 01:30:00";63
"2019-10-29 02:00:00";65
"2019-10-29 02:30:00";65
"2019-10-29 03:00:00";63
"2019-10-29 03:30:00";63
"2019-10-29 04:00:00";64
"2019-10-29 05:00:00";66
"2019-10-29 05:30:00";65
"2019-10-29 06:00:00";66
"2019-10-29 06:30:00";65
"2019-10-29 07:00:00";64
"2019-10-29 07:30:00";65
"2019-10-29 08:00:00";64
"2019-10-29 08:30:00";63
"2019-10-29 09:30:00";62
"2019-10-29 10:00:00";64
"2019-10-29 10:30:00";64
"2019-10-29 11:00:00";63
"2019-10-29 11:30:00";61
"2019-10-29 12:00:00";62
"2019-10-29 12:30:00";62
"2019-10-29 13:00:00";60
"2019-10-29 13:30:00";60
"2019-10-29 14:00:00";61
"2019-10-29 14:30:00";62
"2019-10-29 15:00:00";61
"2019-10-29 15:30:00";61
"2019-10-29 16:00:00";61
"2019-10-29 16:30:00";60
"2019-10-29 17:00:00";59
"2019-10-29 17:30:00";58
"2019-10-29 18:00:00";59
"2019-10-29 18:30:00";62
"2019-10-29 19:00:00";62
"2019-10-29 19:30:00";63
"2019-10-29 20:00:00";61
"2019-10-29 20:30:00";62
"2019-10-29 21:00:00";59
"2019-10-29 21:30:00";60
"2019-10-29 22:00:00";59
"2019-10-29 22:30:00";61
"2019-10-29 23:00:00";59
"2019-10-29 23:30:00";61
"2019-10-30 00:00:00";58
"2019-10-30 01:00:00";60
"2019-10-30 01:30:00";60
"2019-10-30 02:00:00";60
"2019-10-30 02:30:00";58
"2019-10-30 03:00:00";58
"2019-10-30 03:30:00";60
"2019-10-30 04:00:00";58
"2019-10-30 04:30:00";57
"2019-10-30 05:00:00";57
"2019-10-30 05:30:00";57
"2019-10-30 06:00:00";57
"2019-10-30 06:30:00";58
"2019-10-30 07:00:00";57
"2019-10-30 07:30:00";55
"2019-10-30 08:00:00";57
"2019-10-30 08:30:00";56
"2019-10-30 09:00:00";57
"2019-10-30 10:00:00";56
"2019-10-30 10:30:00";56
"2019-10-30 12:00:00";55
"2019-10-30 12:30:00";57
"2019-10-30 13:00:00";55
"2019-10-30 13:30:00";55
"2019-10-30 14:00:00";57
"2019-10-30 14:30:00";55
"2019-10-30 15:00:00";56
"2019-10-30 15:30:00";55
"2019-10-30 16:00:00";56
"2019-10-30 16:30:00";55
"2019-10-30 17:00:00";58
"2019-10-30 17:30:00";56
"2019-10-30 18:00:00";55
"2019-10-30 18:30:00";55
"2019-10-30 19:00:00";56
"2019-10-30 19:30:00";57
"2019-10-30 20:00:00";53
"2019-10-30 20:30:00";55
"2019-10-30 21:00:00";56
"2019-10-30 21:30:00";56
"2019-10-30 22:00:00";56
"2019-10-30 22:30:00";55
"2019-10-30 23:00:00";54
"2019-10-30 23:30:00";56
"2019-10-31 00:00:00";55
"2019-10-31 01:00:00";56
"2019-10-31 01:30:00";54
"2019-10-31 02:00:00";54
"2019-10-31 02:30:00";54
"2019-10-31 03:00:00";54
"2019-10-31 03:30:00";54
"2019-10-31 04:00:00";54
"2019-10-31 04:30:00";53
"2019-10-31 05:00:00";55
"2019-10-31 05:30:00";52
"2019-10-31 06:00:00";54
"2019-10-31 06:30:00";52
"2019-10-31 07:00:00";54
"2019-10-31 07:30:00";53
"2019-10-31 08:00:00";53
"2019-10-31 08:30:00";53
"2019-10-31 09:00:00";52
"2019-10-31 09:30:00";54
"2019-10-31 10:00:00";51
"2019-10-31 10:30:00";52
"2019-10-31 11:00:00";53
"2019-10-31 11:30:00";54
"2019-10-31 12:00:00";52
"2019-10-31 13:00:00";54
"2019-10-31 13:30:00";53
"2019-10-31 14:00:00";51
"2019-10-31 14:30:00";51
"2019-10-31 15:00:00";52
"2019-10-31 15:30:00";51
"2019-10-31 16:00:00";51
"2019-10-31 16:30:00";52
"2019-10-31 17:00:00";52
"2019-10-31 17:30:00";51
"2019-10-31 18:00:00";50
"2019-10-31 18:30:00";51
"2019-10-31 19:00:00";50
"2019-10-31 19:30:00";51
"2019-10-31 20:00:00";50
"2019-10-31 20:30:00";52
"2019-10-31 21:00:00";53
"2019-10-31 21:30:00";51
"2019-10-31 22:00:00";52
"2019-10-31 22:30:00";51
"2019-10-31 23:00:00";52
"2019-10-31 23:30:00";51
"2019-11-01 00:00:00";50
"2019-11-01 01:00:00";49
"2019-11-01 01:30:00";52
"2019-11-01 02:00:00";50
"2019-11-01 02:30:00";51
"2019-11-01 03:00:00";50
"2019-11-01 03:30:00";51
"2019-11-01 04:00:00";50
"2019-11-01 04:30:00";48
"2019-11-01 05:00:00";51
"2019-11-01 05:30:00";50
"2019-11-01 06:00:00";49
"2019-11-01 06:30:00";49
"2019-11-01 07:00:00";49
"2019-11-01 07:30:00";50
"2019-11-01 08:00:00";49
"2019-11-01 08:30:00";48
"2019-11-01 09:00:00";49
"2019-11-01 09:30:00";48
"2019-11-01 10:00:00";49
"2019-11-01 10:30:00";49
"2019-11-01 11:00:00";49
"2019-11-01 11:30:00";50
"2019-11-01 12:00:00";48
"2019-11-01 12:30:00";50
"2019-11-01 13:00:00";48
"2019-11-01 13:30:00";49
"2019-11-01 14:00:00";48
"2019-11-01 14:30:00";49
"2019-11-01 15:00:00";48
"2019-11-01 15:30:00";49
"2019-11-01 16:00:00";48
"2019-11-01 16:30:00";49
"2019-11-01 17:00:00";49
"2019-11-01 17:30:00";50
"2019-11-01 18:00:00";49
"2019-11-01 18:30:00";50
"2019-11-01 19:00:00";48
"2019-11-01 19:30:00";49
"2019-11-01 20:00:00";48
"2019-11-01 20:30:00";50
"2019-11-01 21:00:00";48
"2019-11-01 21:30:00";48
"2019-11-01 22:00:00";49
"2019-11-01 22:30:00";48
"2019-11-01 23:00:00";49
"2019-11-01 23:30:00";49
"2019-11-02 00:00:00";49
"2019-11-02 02:00:00";48
"2019-11-02 02:30:00";48
"2019-11-02 03:00:00";49
"2019-11-02 03:30:00";48
"2019-11-02 04:00:00";48
"2019-11-02 04:30:00";47
"2019-11-02 05:00:00";49
"2019-11-02 05:30:00";49
"2019-11-02 06:00:00";49
"2019-11-02 06:30:00";48
"2019-11-02 07:00:00";48
"2019-11-02 07:30:00";47
"2019-11-02 08:00:00";49
"2019-11-02 08:30:00";48
"2019-11-02 09:00:00";47
"2019-11-02 09:30:00";46
"2019-11-02 10:00:00";47
"2019-11-02 10:30:00";47
"2019-11-02 11:00:00";48
"2019-11-02 11:30:00";47
"2019-11-02 12:00:00";49
"2019-11-02 12:30:00";46
"2019-11-02 13:00:00";48
"2019-11-02 13:30:00";47
"2019-11-02 14:00:00";46
"2019-11-02 14:30:00";46
"2019-11-02 15:00:00";48
"2019-11-02 15:30:00";47
"2019-11-02 16:00:00";46
"2019-11-02 16:30:00";47
"2019-11-02 17:00:00";47
"2019-11-02 17:30:00";46
"2019-11-02 18:00:00";47
"2019-11-02 18:30:00";47
"2019-11-02 19:00:00";47
"2019-11-02 19:30:00";47
"2019-11-02 20:00:00";47
"2019-11-02 20:30:00";47
"2019-11-02 21:00:00";49
"2019-11-02 21:30:00";48
"2019-11-02 22:00:00";48
"2019-11-02 22:30:00";47
"2019-11-02 23:00:00";47
"2019-11-02 23:30:00";48
"2019-11-03 00:00:00";46
"2019-11-03 01:00:00";47
"2019-11-03 01:30:00";48
"2019-11-03 02:00:00";46
"2019-11-03 02:30:00";47
"2019-11-03 03:00:00";47
"2019-11-03 03:30:00";46
"2019-11-03 04:00:00";49
"2019-11-03 04:30:00";50
"2019-11-03 05:00:00";49
"2019-11-03 05:30:00";48
"2019-11-03 06:00:00";52
"2019-11-03 06:30:00";50
"2019-11-03 07:00:00";49
"2019-11-03 07:30:00";49
"2019-11-03 08:00:00";50
"2019-11-03 08:30:00";49
"2019-11-03 09:00:00";49
"2019-11-03 09:30:00";47
"2019-11-03 10:00:00";49
"2019-11-03 10:30:00";49
"2019-11-03 11:00:00";48
"2019-11-03 11:30:00";49
"2019-11-03 12:00:00";49
"2019-11-03 12:30:00";49
"2019-11-03 13:00:00";48
"2019-11-03 13:30:00";47
"2019-11-03 14:00:00";49
"2019-11-03 14:30:00";48
"2019-11-03 15:00:00";50
"2019-11-03 15:30:00";48
"2019-11-03 16:00:00";50
"2019-11-03 16:30:00";48
"2019-11-03 17:00:00";50
"2019-11-03 17:30:00";50
"2019-11-03 18:00:00";51
"2019-11-03 18:30:00";49
"2019-11-03 19:00:00";48
"2019-11-03 19:30:00";50
"2019-11-03 20:00:00";48
"2019-11-03 20:30:00";49
"2019-11-03 21:00:00";50
"2019-11-03 21:30:00";48
"2019-11-03 22:00:00";49
"2019-11-03 22:30:00";49
"2019-11-03 23:00:00";48
"2019-11-04 00:00:00";48
"2019-11-04 01:00:00";47
"2019-11-04 02:00:00";47
"2019-11-04 02:30:00";45
"2019-11-04 03:00:00";46
"2019-11-04 03:30:00";49
"2019-11-04 04:00:00";47
"2019-11-04 04:30:00";47
"2019-11-04 05:00:00";48
"2019-11-04 05:30:00";45
"2019-11-04 06:00:00";46
"2019-11-04 06:30:00";46
"2019-11-04 07:00:00";46
"2019-11-04 07:30:00";44
"2019-11-04 08:00:00";46
"2019-11-04 08:30:00";46
"2019-11-04 09:00:00";44
"2019-11-04 09:30:00";48
"2019-11-04 10:00:00";43
"2019-11-04 11:00:00";43
"2019-11-04 11:30:00";43
"2019-11-04 12:00:00";43
"2019-11-04 12:30:00";43
"2019-11-04 13:00:00";43
"2019-11-04 13:30:00";46
"2019-11-04 14:00:00";45
"2019-11-04 14:30:00";45
"2019-11-04 15:00:00";45
"2019-11-04 15:30:00";44
"2019-11-04 16:00:00";43
"2019-11-04 16:30:00";46
"2019-11-04 17:00:00";46
"2019-11-04 17:30:00";47
"2019-11-04 18:00:00";46
"2019-11-04 18:30:00";47
"2019-11-04 19:00:00";46
"2019-11-04 19:30:00";46
"2019-11-04 20:00:00";45
"2019-11-04 20:30:00";45
"2019-11-04 21:00:00";46
"2019-11-04 21:30:00";45
"2019-11-04 22:00:00";44
"2019-11-04 22:30:00";45
"2019-11-04 23:00:00";46
"2019-11-04 23:30:00";47
"2019-11-05 00:00:00";45
"2019-11-05 01:00:00";45
"2019-11-05 01:30:00";46
"2019-11-05 02:00:00";44
"2019-11-05 02:30:00";46
"2019-11-05 03:00:00";44
"2019-11-05 03:30:00";46
"2019-11-05 04:00:00";46
"2019-11-05 04:30:00";44
"2019-11-05 05:00:00";44
"2019-11-05 05:30:00";45
"2019-11-05 06:00:00";45
"2019-11-05 06:30:00";44
"2019-11-05 07:00:00";44
"2019-11-05 07:30:00";43
"2019-11-05 08:00:00";45
"2019-11-05 08:30:00";45
"2019-11-05 09:00:00";44
"2019-11-05 09:30:00";44
"2019-11-05 10:00:00";44
"2019-11-05 11:00:00";42
"2019-11-05 11:30:00";41
"2019-11-05 12:00:00";42
"2019-11-05 12:30:00";42
"2019-11-05 13:00:00";43
"2019-11-05 13:30:00";44
"2019-11-05 14:00:00";44
"2019-11-05 14:30:00";44
"2019-11-05 15:00:00";44
"2019-11-05 15:30:00";44
"2019-11-05 16:30:00";44
"2019-11-05 17:00:00";42
"2019-11-05 17:30:00";44
"2019-11-05 18:00:00";43
"2019-11-05 18:30:00";44
"2019-11-05 19:30:00";44
"2019-11-05 20:00:00";44
"2019-11-05 20:30:00";43
"2019-11-05 21:00:00";43
"2019-11-05 21:30:00";42
"2019-11-05 22:30:00";43
"2019-11-05 23:00:00";43
"2019-11-05 23:30:00";43
"2019-11-06 00:00:00";42
"2019-11-06 01:00:00";41
"2019-11-06 02:00:00";42
"2019-11-06 02:30:00";43
"2019-11-06 03:00:00";42
"2019-11-06 03:30:00";41
"2019-11-06 04:00:00";42
"2019-11-06 04:30:00";41
"2019-11-06 05:00:00";40
"2019-11-06 05:30:00";41
"2019-11-06 06:00:00";40
"2019-11-06 06:30:00";41
"2019-11-06 07:00:00";42
"2019-11-06 07:30:00";40
"2019-11-06 08:00:00";41
"2019-11-06 08:30:00";42
"2019-11-06 09:00:00";43
"2019-11-06 09:30:00";42
"2019-11-06 10:00:00";41
"2019-11-06 10:30:00";41
"2019-11-06 11:00:00";40
"2019-11-06 11:30:00";40
"2019-11-06 12:00:00";39
"2019-11-06 12:30:00";39
"2019-11-06 13:00:00";40
"2019-11-06 13:30:00";40
"2019-11-06 14:00:00";41
"2019-11-06 14:30:00";40
"2019-11-06 15:00:00";42
"2019-11-06 15:30:00";39
"2019-11-06 16:00:00";40
"2019-11-06 16:30:00";39
"2019-11-06 17:00:00";40
"2019-11-06 17:30:00";41
"2019-11-06 18:00:00";42
"2019-11-06 18:30:00";38
"2019-11-06 19:00:00";39
"2019-11-06 19:30:00";40
"2019-11-06 20:00:00";39
"2019-11-06 20:30:00";40
"2019-11-06 21:00:00";37
"2019-11-06 21:30:00";39
"2019-11-06 22:00:00";38
"2019-11-06 22:30:00";39
"2019-11-06 23:30:00";40
"2019-11-07 00:00:00";38
"2019-11-07 01:00:00";39
"2019-11-07 01:30:00";39
"2019-11-07 02:00:00";35
"2019-11-07 02:30:00";37
"2019-11-07 03:00:00";38
"2019-11-07 03:30:00";39
"2019-11-07 04:00:00";37
"2019-11-07 05:00:00";38
"2019-11-07 05:30:00";37
"2019-11-07 06:00:00";37
"2019-11-07 06:30:00";38
"2019-11-07 07:00:00";37
"2019-11-07 07:30:00";38
"2019-11-07 08:00:00";36
"2019-11-07 08:30:00";35
"2019-11-07 09:00:00";37
"2019-11-07 09:30:00";39
"2019-11-07 10:00:00";35
"2019-11-07 11:00:00";38
"2019-11-07 11:30:00";37
"2019-11-07 12:00:00";37
"2019-11-07 12:30:00";38
"2019-11-07 13:00:00";38
"2019-11-07 13:30:00";37
"2019-11-07 14:00:00";38
"2019-11-07 14:30:00";38
"2019-11-07 15:00:00";39
"2019-11-07 15:30:00";39
"2019-11-07 16:00:00";39
"2019-11-07 16:30:00";40
"2019-11-07 17:00:00";39
"2019-11-07 17:30:00";38
"2019-11-07 18:00:00";39
"2019-11-07 19:00:00";39
"2019-11-07 20:00:00";37
"2019-11-07 20:30:00";39
"2019-11-07 21:00:00";39
"2019-11-07 22:00:00";40
"2019-11-07 23:00:00";39
"2019-11-08 00:00:00";39
"2019-11-08 01:00:00";40
"2019-11-08 02:00:00";40
"2019-11-08 02:30:00";40
"2019-11-08 03:00:00";38
"2019-11-08 03:30:00";39
"2019-11-08 04:00:00";38
"2019-11-08 04:30:00";38
"2019-11-08 05:00:00";40
"2019-11-08 05:30:00";39
"2019-11-08 06:00:00";40
"2019-11-08 06:30:00";41
"2019-11-08 07:00:00";41
"2019-11-08 07:30:00";40
"2019-11-08 08:00:00";41
"2019-11-08 09:00:00";41
"2019-11-08 09:30:00";40
"2019-11-08 10:00:00";40
"2019-11-08 10:30:00";40
"2019-11-08 11:00:00";40
"2019-11-08 12:00:00";42
"2019-11-08 12:30:00";42
"2019-11-08 13:00:00";43
"2019-11-08 13:30:00";40
"2019-11-08 14:00:00";44
"2019-11-08 14:30:00";44
"2019-11-08 15:00:00";42
"2019-11-08 16:00:00";42
"2019-11-08 16:30:00";43
"2019-11-08 17:00:00";41
"2019-11-08 17:30:00";43
"2019-11-08 18:00:00";42
"2019-11-08 18:30:00";41
"2019-11-08 19:00:00";42
"2019-11-08 19:30:00";39
"2019-11-08 20:00:00";41
"2019-11-08 20:30:00";41
"2019-11-08 21:00:00";41
"2019-11-08 21:30:00";39
"2019-11-08 22:00:00";39
"2019-11-08 22:30:00";41
"2019-11-08 23:30:00";40
"2019-11-09 00:00:00";38
"2019-11-09 02:00:00";37
"2019-11-09 02:30:00";38
"2019-11-09 03:00:00";39
"2019-11-09 03:30:00";38
"2019-11-09 04:00:00";37
"2019-11-09 04:30:00";38
"2019-11-09 05:00:00";38
"2019-11-09 05:30:00";36
"2019-11-09 06:00:00";37
"2019-11-09 06:30:00";36
"2019-11-09 07:00:00";37
"2019-11-09 08:00:00";36
"2019-11-09 08:30:00";37
"2019-11-09 09:00:00";37
"2019-11-09 09:30:00";37
"2019-11-09 10:00:00";36
"2019-11-09 10:30:00";34
"2019-11-09 11:00:00";33
"2019-11-09 11:30:00";33
"2019-11-09 12:30:00";32
"2019-11-09 13:00:00";28
"2019-11-09 13:30:00";33
"2019-11-09 14:00:00";35
"2019-11-09 14:30:00";36
"2019-11-09 15:00:00";38
"2019-11-09 16:00:00";37
"2019-11-09 16:30:00";40
"2019-11-09 17:00:00";38
"2019-11-09 17:30:00";38
"2019-11-09 18:00:00";38
"2019-11-09 19:00:00";40
"2019-11-09 19:30:00";37
"2019-11-09 20:00:00";36
"2019-11-09 20:30:00";37
"2019-11-09 21:00:00";37
"2019-11-09 21:30:00";39
"2019-11-09 22:00:00";40
"2019-11-09 22:30:00";38
"2019-11-09 23:00:00";38
"2019-11-09 23:30:00";37
"2019-11-10 00:00:00";37
"2019-11-10 01:00:00";36
"2019-11-10 01:30:00";36
"2019-11-10 02:00:00";37
"2019-11-10 02:30:00";37
"2019-11-10 03:00:00";37
"2019-11-10 03:30:00";35
"2019-11-10 04:00:00";36
"2019-11-10 04:30:00";35
"2019-11-10 05:00:00";37
"2019-11-10 05:30:00";35
"2019-11-10 06:00:00";36
"2019-11-10 06:30:00";36
"2019-11-10 07:00:00";35
"2019-11-10 07:30:00";34
"2019-11-10 08:00:00";35
"2019-11-10 08:30:00";34
"2019-11-10 09:00:00";36
"2019-11-10 09:30:00";34
"2019-11-10 10:00:00";34
"2019-11-10 10:30:00";35
"2019-11-10 11:00:00";33
"2019-11-10 11:30:00";30
"2019-11-10 12:00:00";32
"2019-11-10 12:30:00";32
"2019-11-10 13:00:00";33
"2019-11-10 14:00:00";36
"2019-11-10 14:30:00";35
"2019-11-10 15:00:00";35
"2019-11-10 16:00:00";35
"2019-11-10 16:30:00";36
"2019-11-10 17:00:00";36
"2019-11-10 17:30:00";36
"2019-11-10 18:00:00";36
"2019-11-10 18:30:00";35
"2019-11-10 19:00:00";36
"2019-11-10 19:30:00";35
"2019-11-10 20:00:00";35
"2019-11-10 20:30:00";34
"2019-11-10 21:00:00";36
"2019-11-10 21:30:00";34
"2019-11-10 22:00:00";36
"2019-11-10 22:30:00";34
"2019-11-10 23:00:00";36
"2019-11-10 23:30:00";34
"2019-11-11 00:00:00";34
"2019-11-11 01:00:00";34
"2019-11-11 01:30:00";35
"2019-11-11 02:00:00";35
"2019-11-11 02:30:00";34
"2019-11-11 03:00:00";35
"2019-11-11 03:30:00";32
"2019-11-11 04:00:00";34
"2019-11-11 04:30:00";34
"2019-11-11 05:00:00";33
"2019-11-11 05:30:00";33
"2019-11-11 06:00:00";35
"2019-11-11 06:30:00";32
"2019-11-11 07:00:00";34
"2019-11-11 07:30:00";35
"2019-11-11 08:00:00";34
"2019-11-11 08:30:00";34
"2019-11-11 09:00:00";35
"2019-11-11 09:30:00";33
"2019-11-11 10:00:00";35
"2019-11-11 10:30:00";35
"2019-11-11 11:00:00";35
"2019-11-11 11:30:00";34
"2019-11-11 12:00:00";35
"2019-11-11 12:30:00";35
"2019-11-11 13:00:00";33
"2019-11-11 13:30:00";34
"2019-11-11 14:00:00";35
"2019-11-11 14:30:00";35
"2019-11-11 15:00:00";34
"2019-11-11 16:00:00";34
"2019-11-11 17:00:00";32
"2019-11-11 17:30:00";34
"2019-11-11 18:00:00";35
"2019-11-11 19:00:00";35
"2019-11-11 20:00:00";34
"2019-11-11 20:30:00";35
"2019-11-11 21:30:00";35
"2019-11-11 22:00:00";36
"2019-11-11 22:30:00";34
"2019-11-11 23:00:00";34
"2019-11-11 23:30:00";36
"2019-11-12 00:00:00";35
"2019-11-12 01:00:00";36
"2019-11-12 01:30:00";34
"2019-11-12 02:00:00";34
"2019-11-12 02:30:00";34
"2019-11-12 03:00:00";33
"2019-11-12 03:30:00";33
"2019-11-12 04:00:00";35
"2019-11-12 04:30:00";33
"2019-11-12 05:00:00";34
"2019-11-12 05:30:00";35
"2019-11-12 06:00:00";32
"2019-11-12 06:30:00";32
"2019-11-12 07:00:00";33
"2019-11-12 07:30:00";32
"2019-11-12 08:00:00";34
"2019-11-12 08:30:00";34
"2019-11-12 09:00:00";35
"2019-11-12 09:30:00";34
"2019-11-12 10:00:00";34
"2019-11-12 10:30:00";32
"2019-11-12 11:00:00";30
"2019-11-12 11:30:00";29
"2019-11-12 12:00:00";30
"2019-11-12 12:30:00";27
"2019-11-12 13:00:00";25
"2019-11-12 13:30:00";29
"2019-11-12 14:00:00";33
"2019-11-12 14:30:00";34
"2019-11-12 15:00:00";33
"2019-11-12 15:30:00";33
"2019-11-12 16:00:00";34
"2019-11-12 16:30:00";35
"2019-11-12 17:00:00";33
"2019-11-12 17:30:00";34
"2019-11-12 18:00:00";35
"2019-11-12 18:30:00";33
"2019-11-12 19:00:00";33
"2019-11-12 19:30:00";34
"2019-11-12 20:00:00";34
"2019-11-12 20:30:00";34
"2019-11-12 21:30:00";32
"2019-11-12 22:00:00";34
"2019-11-12 22:30:00";32
"2019-11-12 23:00:00";35
"2019-11-12 23:30:00";32
"2019-11-13 00:00:00";33
"2019-11-13 01:00:00";33
"2019-11-13 01:30:00";33
"2019-11-13 02:00:00";32
"2019-11-13 02:30:00";32
"2019-11-13 03:00:00";32
"2019-11-13 03:30:00";32
"2019-11-13 04:00:00";33
"2019-11-13 04:30:00";31
"2019-11-13 05:00:00";32
"2019-11-13 05:30:00";31
"2019-11-13 06:00:00";32
"2019-11-13 06:30:00";32
"2019-11-13 07:00:00";32
"2019-11-13 07:30:00";32
"2019-11-13 08:00:00";31
"2019-11-13 08:30:00";31
"2019-11-13 09:00:00";32
"2019-11-13 09:30:00";33
"2019-11-13 10:00:00";30
"2019-11-13 10:30:00";27
"2019-11-13 11:00:00";26
"2019-11-13 11:30:00";25
"2019-11-13 12:00:00";25
"2019-11-13 12:30:00";23
"2019-11-13 13:00:00";22
"2019-11-13 13:30:00";26
"2019-11-13 14:00:00";30
"2019-11-13 14:30:00";29
"2019-11-13 15:00:00";29
"2019-11-13 15:30:00";30
"2019-11-13 16:00:00";32
"2019-11-13 16:30:00";32
"2019-11-13 17:00:00";32
"2019-11-13 17:30:00";33
"2019-11-13 18:00:00";33
"2019-11-13 18:30:00";32
"2019-11-13 19:00:00";32
"2019-11-13 19:30:00";33
"2019-11-13 20:00:00";30
"2019-11-13 20:30:00";32
"2019-11-13 21:00:00";34
"2019-11-13 21:30:00";31
"2019-11-13 22:00:00";31
"2019-11-13 22:30:00";31
"2019-11-13 23:00:00";32
"2019-11-13 23:30:00";30
"2019-11-14 00:00:00";31
"2019-11-14 01:00:00";32
"2019-11-14 01:30:00";30
"2019-11-14 02:00:00";30
"2019-11-14 02:30:00";30
"2019-11-14 03:00:00";29
"2019-11-14 03:30:00";30
"2019-11-14 04:00:00";31
"2019-11-14 04:30:00";29
"2019-11-14 05:00:00";30
"2019-11-14 05:30:00";31
"2019-11-14 06:00:00";29
"2019-11-14 06:30:00";29
"2019-11-14 07:00:00";31
"2019-11-14 07:30:00";31
"2019-11-14 08:00:00";31
"2019-11-14 08:30:00";29
"2019-11-14 09:00:00";31
"2019-11-14 09:30:00";28
"2019-11-14 10:00:00";30
"2019-11-14 10:30:00";29
"2019-11-14 11:00:00";31
"2019-11-14 11:30:00";30
"2019-11-14 12:00:00";29
"2019-11-14 12:30:00";30
"2019-11-14 13:00:00";31
"2019-11-14 13:30:00";30
"2019-11-14 14:00:00";31
"2019-11-14 14:30:00";31
"2019-11-14 15:30:00";30
"2019-11-14 16:30:00";32
"2019-11-14 17:00:00";31
"2019-11-14 17:30:00";31
"2019-11-14 18:00:00";33
"2019-11-14 18:30:00";30
"2019-11-14 19:00:00";32
"2019-11-14 20:00:00";33
"2019-11-14 20:30:00";34
"2019-11-14 21:00:00";33
"2019-11-14 21:30:00";34
"2019-11-14 22:00:00";35
"2019-11-14 23:00:00";33
"2019-11-15 00:00:00";35
"2019-11-15 01:00:00";33
"2019-11-15 02:00:00";33
"2019-11-15 02:30:00";33
"2019-11-15 03:00:00";33
"2019-11-15 04:00:00";31
"2019-11-15 05:00:00";29
"2019-11-15 06:00:00";30
"2019-11-15 06:30:00";31
"2019-11-15 07:00:00";30
"2019-11-15 07:30:00";29
"2019-11-15 08:00:00";28
"2019-11-15 08:30:00";29
"2019-11-15 09:00:00";27
"2019-11-15 09:30:00";28
"2019-11-15 10:00:00";28
"2019-11-15 10:30:00";28
"2019-11-15 11:00:00";28
"2019-11-15 11:30:00";30
"2019-11-15 12:30:00";32
"2019-11-15 13:00:00";33
"2019-11-15 13:30:00";32
"2019-11-15 14:00:00";34
"2019-11-15 14:30:00";35
"2019-11-15 15:00:00";34
"2019-11-15 15:30:00";36
"2019-11-15 16:00:00";36
"2019-11-15 16:30:00";36
"2019-11-15 17:00:00";36
"2019-11-15 17:30:00";37
"2019-11-15 18:00:00";36
"2019-11-15 18:30:00";38
"2019-11-15 19:00:00";39
"2019-11-15 19:30:00";39
"2019-11-15 20:00:00";35
"2019-11-15 21:00:00";35
"2019-11-15 21:30:00";36
"2019-11-15 22:00:00";36
"2019-11-15 22:30:00";37
"2019-11-15 23:00:00";36
"2019-11-15 23:30:00";36
"2019-11-16 00:00:00";35
"2019-11-16 02:00:00";35
"2019-11-16 02:30:00";35
"2019-11-16 03:00:00";36
"2019-11-16 03:30:00";35
"2019-11-16 04:00:00";35
"2019-11-16 04:30:00";35
"2019-11-16 05:00:00";35
"2019-11-16 05:30:00";35
"2019-11-16 06:00:00";35
"2019-11-16 06:30:00";33
"2019-11-16 07:00:00";35
"2019-11-16 07:30:00";35
"2019-11-16 08:00:00";35
"2019-11-16 08:30:00";35
"2019-11-16 09:00:00";32
"2019-11-16 09:30:00";32
"2019-11-16 10:00:00";35
"2019-11-16 10:30:00";34
"2019-11-16 11:00:00";35
"2019-11-16 11:30:00";35
"2019-11-16 12:00:00";34
"2019-11-16 12:30:00";35
"2019-11-16 13:00:00";35
"2019-11-16 13:30:00";35
"2019-11-16 14:00:00";34
"2019-11-16 14:30:00";34
"2019-11-16 15:00:00";33
"2019-11-16 15:30:00";34
"2019-11-16 16:00:00";34
"2019-11-16 16:30:00";34
"2019-11-16 17:00:00";34
"2019-11-16 17:30:00";35
"2019-11-16 18:00:00";34
"2019-11-16 18:30:00";34
"2019-11-16 19:00:00";34
"2019-11-16 19:30:00";33
"2019-11-16 20:00:00";34
"2019-11-16 20:30:00";34
"2019-11-16 21:00:00";31
"2019-11-16 21:30:00";33
"2019-11-16 22:00:00";33
"2019-11-16 22:30:00";34
"2019-11-16 23:00:00";33
"2019-11-16 23:30:00";33
"2019-11-17 00:00:00";33
"2019-11-17 01:00:00";32
"2019-11-17 01:30:00";31
"2019-11-17 02:00:00";33
"2019-11-17 02:30:00";33
"2019-11-17 03:00:00";32
"2019-11-17 03:30:00";33
"2019-11-17 04:00:00";34
"2019-11-17 05:00:00";32
"2019-11-17 05:30:00";33
"2019-11-17 06:00:00";31
"2019-11-17 06:30:00";33
"2019-11-17 07:00:00";32
"2019-11-17 07:30:00";33
"2019-11-17 08:00:00";32
"2019-11-17 08:30:00";31
"2019-11-17 09:00:00";32
"2019-11-17 09:30:00";32
"2019-11-17 10:00:00";31
"2019-11-17 10:30:00";32
"2019-11-17 11:00:00";33
"2019-11-17 11:30:00";33
"2019-11-17 12:00:00";33
"2019-11-17 12:30:00";33
"2019-11-17 13:00:00";33
"2019-11-17 13:30:00";33
"2019-11-17 14:00:00";32
"2019-11-17 14:30:00";34
"2019-11-17 15:00:00";34
"2019-11-17 15:30:00";34
"2019-11-17 16:00:00";34
"2019-11-17 16:30:00";32
"2019-11-17 17:00:00";34
"2019-11-17 17:30:00";34
"2019-11-17 18:00:00";33
"2019-11-17 18:30:00";33
"2019-11-17 19:00:00";32
"2019-11-17 19:30:00";33
"2019-11-17 20:00:00";33
"2019-11-17 20:30:00";33
"2019-11-17 21:00:00";32
"2019-11-17 21:30:00";33
"2019-11-17 22:00:00";33
"2019-11-17 22:30:00";33
"2019-11-17 23:00:00";33
"2019-11-17 23:30:00";33
"2019-11-18 00:00:00";33
"2019-11-18 01:00:00";33
"2019-11-18 01:30:00";33
"2019-11-18 02:00:00";33
"2019-11-18 02:30:00";32
"2019-11-18 03:00:00";33
"2019-11-18 04:00:00";33
"2019-11-18 04:30:00";33
"2019-11-18 05:00:00";32
"2019-11-18 05:30:00";31
"2019-11-18 06:00:00";32
"2019-11-18 06:30:00";32
"2019-11-18 07:00:00";31
"2019-11-18 07:30:00";30
"2019-11-18 08:00:00";32
"2019-11-18 08:30:00";31
"2019-11-18 09:00:00";32
"2019-11-18 09:30:00";31
"2019-11-18 10:00:00";32
"2019-11-18 10:30:00";30
"2019-11-18 11:00:00";32
"2019-11-18 11:30:00";33
"2019-11-18 12:00:00";29
"2019-11-18 12:30:00";30
"2019-11-18 13:00:00";31
"2019-11-18 13:30:00";31
"2019-11-18 14:00:00";31
"2019-11-18 14:30:00";29
"2019-11-18 15:00:00";30
"2019-11-18 15:30:00";29
"2019-11-18 16:00:00";32
"2019-11-18 16:30:00";30
"2019-11-18 17:00:00";32
"2019-11-18 17:30:00";30
"2019-11-18 18:00:00";33
"2019-11-18 18:30:00";31
"2019-11-18 19:00:00";32
"2019-11-18 19:30:00";31
"2019-11-18 20:00:00";32
"2019-11-18 20:30:00";32
"2019-11-18 21:00:00";30
"2019-11-18 21:30:00";31
"2019-11-18 22:00:00";32
"2019-11-18 22:30:00";31
"2019-11-18 23:30:00";32
"2019-11-19 00:00:00";30
"2019-11-19 01:00:00";31
"2019-11-19 01:30:00";32
"2019-11-19 02:00:00";29
"2019-11-19 02:30:00";30
"2019-11-19 03:00:00";30
"2019-11-19 03:30:00";31
"2019-11-19 04:00:00";30
"2019-11-19 04:30:00";31
"2019-11-19 05:00:00";31
"2019-11-19 05:30:00";31
"2019-11-19 06:30:00";31
"2019-11-19 07:00:00";31
"2019-11-19 07:30:00";31
"2019-11-19 08:00:00";30
"2019-11-19 08:30:00";32
"2019-11-19 09:00:00";31
"2019-11-19 09:30:00";31
"2019-11-19 10:30:00";34
"2019-11-19 11:00:00";32
"2019-11-19 12:00:00";34
"2019-11-19 12:30:00";35
"2019-11-19 13:00:00";35
"2019-11-19 13:30:00";35
"2019-11-19 14:00:00";35
"2019-11-19 14:30:00";35
"2019-11-19 15:30:00";34
"2019-11-19 16:30:00";33
"2019-11-19 17:00:00";34
"2019-11-19 17:30:00";34
"2019-11-19 18:30:00";35
"2019-11-19 19:00:00";35
"2019-11-19 19:30:00";34
"2019-11-19 20:00:00";34
"2019-11-19 20:30:00";36
"2019-11-19 21:00:00";39
"2019-11-19 21:30:00";37
"2019-11-19 22:00:00";38
"2019-11-19 22:30:00";37
"2019-11-19 23:00:00";37
"2019-11-19 23:30:00";37
"2019-11-20 00:00:00";37
"2019-11-20 01:00:00";39
"2019-11-20 01:30:00";38
"2019-11-20 02:00:00";39
"2019-11-20 02:30:00";36
"2019-11-20 03:00:00";39
"2019-11-20 03:30:00";38
"2019-11-20 04:00:00";37
"2019-11-20 04:30:00";38
"2019-11-20 05:00:00";38
"2019-11-20 05:30:00";39
"2019-11-20 06:00:00";38
"2019-11-20 06:30:00";37
"2019-11-20 07:00:00";38
"2019-11-20 07:30:00";39
"2019-11-20 08:00:00";39
"2019-11-20 08:30:00";40
"2019-11-20 09:00:00";37
"2019-11-20 09:30:00";39
"2019-11-20 10:00:00";39
"2019-11-20 10:30:00";39
"2019-11-20 11:00:00";39
"2019-11-20 11:30:00";39
"2019-11-20 12:00:00";37
"2019-11-20 12:30:00";36
"2019-11-20 13:00:00";35
"2019-11-20 13:30:00";36
"2019-11-20 14:00:00";37
"2019-11-20 14:30:00";37
"2019-11-20 15:00:00";38
"2019-11-20 15:30:00";39
"2019-11-20 16:00:00";39
"2019-11-20 16:30:00";38
"2019-11-20 17:00:00";40
"2019-11-20 17:30:00";40
"2019-11-20 18:00:00";41
"2019-11-20 18:30:00";40
"2019-11-20 19:00:00";40
"2019-11-20 19:30:00";42
"2019-11-20 20:00:00";41
"2019-11-20 20:30:00";41
"2019-11-20 21:00:00";38
"2019-11-20 21:30:00";40
"2019-11-20 22:00:00";42
"2019-11-20 22:30:00";41
"2019-11-20 23:00:00";41
"2019-11-20 23:30:00";41
"2019-11-21 00:00:00";40
"2019-11-21 01:00:00";40
"2019-11-21 01:30:00";40
"2019-11-21 02:00:00";40
"2019-11-21 02:30:00";39
"2019-11-21 03:00:00";40
"2019-11-21 03:30:00";40
"2019-11-21 04:00:00";39
"2019-11-21 04:30:00";39
"2019-11-21 05:00:00";39
"2019-11-21 05:30:00";40
"2019-11-21 06:00:00";40
"2019-11-21 06:30:00";40
"2019-11-21 07:00:00";39
"2019-11-21 07:30:00";40
"2019-11-21 08:00:00";40
"2019-11-21 08:30:00";39
"2019-11-21 09:00:00";38
"2019-11-21 09:30:00";39
"2019-11-21 10:00:00";39
"2019-11-21 10:30:00";38
"2019-11-21 11:00:00";38
"2019-11-21 11:30:00";38
"2019-11-21 12:00:00";38
"2019-11-21 12:30:00";39
"2019-11-21 13:30:00";38
"2019-11-21 14:00:00";38
"2019-11-21 14:30:00";39
"2019-11-21 15:00:00";39
"2019-11-21 15:30:00";37
"2019-11-21 16:00:00";38
"2019-11-21 16:30:00";39
"2019-11-21 17:00:00";39
"2019-11-21 17:30:00";40
"2019-11-21 18:00:00";39
"2019-11-21 18:30:00";39
"2019-11-21 19:00:00";38
"2019-11-21 19:30:00";40
"2019-11-21 20:00:00";39
"2019-11-21 20:30:00";39
"2019-11-21 21:00:00";40
"2019-11-21 21:30:00";39
"2019-11-21 22:00:00";38
"2019-11-21 22:30:00";40
"2019-11-21 23:00:00";40
"2019-11-21 23:30:00";40
"2019-11-22 00:00:00";38
"2019-11-22 01:00:00";39
"2019-11-22 02:00:00";39
"2019-11-22 02:30:00";39
"2019-11-22 03:00:00";37
"2019-11-22 03:30:00";38
"2019-11-22 04:00:00";40
"2019-11-22 04:30:00";39
"2019-11-22 05:00:00";38
"2019-11-22 05:30:00";40
"2019-11-22 06:00:00";40
"2019-11-22 06:30:00";39
"2019-11-22 07:00:00";41
"2019-11-22 07:30:00";39
"2019-11-22 08:00:00";41
"2019-11-22 08:30:00";40
"2019-11-22 09:00:00";40
"2019-11-22 09:30:00";37
"2019-11-22 10:30:00";39
"2019-11-22 11:00:00";40
"2019-11-22 11:30:00";39
"2019-11-22 12:00:00";39
"2019-11-22 12:30:00";40
"2019-11-22 13:00:00";39
"2019-11-22 13:30:00";39
"2019-11-22 14:00:00";39
"2019-11-22 15:00:00";38
"2019-11-22 15:30:00";38
"2019-11-22 16:00:00";39
"2019-11-22 16:30:00";38
"2019-11-22 17:00:00";40
"2019-11-22 17:30:00";39
"2019-11-22 18:00:00";38
"2019-11-22 18:30:00";40
"2019-11-22 19:00:00";41
"2019-11-22 20:00:00";41
"2019-11-22 21:00:00";40
"2019-11-22 21:30:00";41
"2019-11-22 22:00:00";41
"2019-11-22 23:00:00";43
"2019-11-23 00:00:00";42
"2019-11-23 01:00:00";42
"2019-11-23 02:00:00";44
"2019-11-23 02:30:00";43
"2019-11-23 03:00:00";44
"2019-11-23 04:00:00";45
"2019-11-23 04:30:00";43
"2019-11-23 05:00:00";44
"2019-11-23 05:30:00";45
"2019-11-23 06:00:00";44
"2019-11-23 07:00:00";44
"2019-11-23 07:30:00";43
"2019-11-23 08:00:00";44
"2019-11-23 09:00:00";46
"2019-11-23 09:30:00";46
"2019-11-23 10:00:00";45
"2019-11-23 10:30:00";47
"2019-11-23 11:30:00";51
"2019-11-23 12:00:00";50
"2019-11-23 12:30:00";54
"2019-11-23 13:30:00";58
"2019-11-23 14:00:00";58
"2019-11-23 14:30:00";61
"2019-11-23 16:00:00";69
"2019-11-23 16:30:00";68
"2019-11-23 17:00:00";72
"2019-11-23 17:30:00";76
"2019-11-23 18:30:00";77
"2019-11-23 19:00:00";82
"2019-11-23 19:30:00";81
"2019-11-23 20:00:00";84
"2019-11-23 20:30:00";86
"2019-11-23 21:30:00";85
"2019-11-23 22:00:00";88
"2019-11-23 22:30:00";91
"2019-11-23 23:00:00";89
"2019-11-23 23:30:00";94
"2019-11-24 01:30:00";96
"2019-11-24 02:30:00";97
"2019-11-24 03:00:00";98
"2019-11-24 03:30:00";98
"2019-11-24 04:00:00";97
"2019-11-24 04:30:00";99
"2019-11-24 05:30:00";101
"2019-11-24 06:00:00";98
"2019-11-24 06:30:00";97
"2019-11-24 07:30:00";100
"2019-11-24 08:00:00";100
"2019-11-24 08:30:00";98
"2019-11-24 09:30:00";99
"2019-11-24 10:30:00";98
"2019-11-24 11:00:00";97
"2019-11-24 12:00:00";99
"2019-11-24 12:30:00";97
"2019-11-24 13:30:00";99
"2019-11-24 14:00:00";98
"2019-11-24 15:00:00";99
"2019-11-24 16:00:00";100
"2019-11-24 17:00:00";98
"2019-11-24 18:00:00";97
"2019-11-24 19:00:00";96
"2019-11-24 19:30:00";97
"2019-11-24 20:00:00";100
"2019-11-24 20:30:00";96
"2019-11-24 21:00:00";100
"2019-11-24 22:00:00";99
"2019-11-24 22:30:00";98
"2019-11-24 23:00:00";94
"2019-11-24 23:30:00";94
"2019-11-25 00:00:00";95
"2019-11-25 01:00:00";93
"2019-11-25 02:00:00";95
"2019-11-25 02:30:00";98
"2019-11-25 03:30:00";97
"2019-11-25 04:00:00";94
"2019-11-25 04:30:00";94
"2019-11-25 05:00:00";96
"2019-11-25 05:30:00";93
"2019-11-25 06:00:00";96
"2019-11-25 07:00:00";91
"2019-11-25 07:30:00";95
"2019-11-25 08:00:00";93
"2019-11-25 09:00:00";93
"2019-11-25 10:00:00";93
"2019-11-25 11:00:00";93
"2019-11-25 11:30:00";93
"2019-11-25 12:00:00";92
"2019-11-25 12:30:00";92
"2019-11-25 13:00:00";92
"2019-11-25 14:00:00";92
"2019-11-25 14:30:00";87
"2019-11-25 15:00:00";88
"2019-11-25 15:30:00";90
"2019-11-25 16:00:00";89
"2019-11-25 16:30:00";88
"2019-11-25 17:00:00";89
"2019-11-25 17:30:00";87
"2019-11-25 18:00:00";90
"2019-11-25 18:30:00";91
"2019-11-25 19:00:00";84
"2019-11-25 20:00:00";89
"2019-11-25 20:30:00";87
"2019-11-25 21:00:00";88
"2019-11-25 21:30:00";87
"2019-11-25 22:00:00";85
"2019-11-25 22:30:00";88
"2019-11-25 23:00:00";88
"2019-11-25 23:30:00";87
"2019-11-26 00:00:00";86
"2019-11-26 01:00:00";84
"2019-11-26 02:00:00";82
"2019-11-26 02:30:00";84
"2019-11-26 03:00:00";83
"2019-11-26 03:30:00";84
"2019-11-26 04:00:00";82
"2019-11-26 04:30:00";83
"2019-11-26 05:00:00";80
"2019-11-26 05:30:00";84
"2019-11-26 06:00:00";80
"2019-11-26 06:30:00";79
"2019-11-26 07:00:00";79
"2019-11-26 07:30:00";81
"2019-11-26 08:00:00";78
"2019-11-26 08:30:00";79
"2019-11-26 09:00:00";77
"2019-11-26 09:30:00";79
"2019-11-26 10:00:00";74
"2019-11-26 10:30:00";77
"2019-11-26 11:00:00";76
"2019-11-26 11:30:00";77
"2019-11-26 12:00:00";78
"2019-11-26 12:30:00";74
"2019-11-26 13:00:00";73
"2019-11-26 14:00:00";74
"2019-11-26 14:30:00";72
"2019-11-26 15:00:00";75
"2019-11-26 15:30:00";74
"2019-11-26 16:00:00";72
"2019-11-26 16:30:00";73
"2019-11-26 17:00:00";74
"2019-11-26 17:30:00";75
"2019-11-26 18:00:00";73
"2019-11-26 18:30:00";73
"2019-11-26 19:00:00";73
"2019-11-26 19:30:00";73
"2019-11-26 20:00:00";73
"2019-11-26 20:30:00";72
"2019-11-26 21:00:00";73
"2019-11-26 21:30:00";74
"2019-11-26 22:00:00";73
"2019-11-26 22:30:00";72
"2019-11-26 23:00:00";71
"2019-11-26 23:30:00";69
"2019-11-27 01:00:00";69
"2019-11-27 01:30:00";69
"2019-11-27 02:00:00";69
"2019-11-27 02:30:00";69
"2019-11-27 03:00:00";69
"2019-11-27 03:30:00";71
"2019-11-27 04:00:00";70
"2019-11-27 04:30:00";70
"2019-11-27 05:00:00";70
"2019-11-27 05:30:00";69
"2019-11-27 06:00:00";69
"2019-11-27 07:00:00";68
"2019-11-27 07:30:00";69
"2019-11-27 08:00:00";67
"2019-11-27 08:30:00";68
"2019-11-27 09:00:00";71
"2019-11-27 10:00:00";68
"2019-11-27 10:30:00";70
"2019-11-27 11:00:00";68
"2019-11-27 11:30:00";69
"2019-11-27 12:00:00";70
"2019-11-27 12:30:00";69
"2019-11-27 13:00:00";68
"2019-11-27 13:30:00";68
"2019-11-27 14:00:00";69
"2019-11-27 14:30:00";67
"2019-11-27 15:00:00";66
"2019-11-27 15:30:00";68
"2019-11-27 16:00:00";66
"2019-11-27 16:30:00";66
"2019-11-27 17:30:00";66
"2019-11-27 18:00:00";67
"2019-11-27 18:30:00";66
"2019-11-27 19:00:00";67
"2019-11-27 19:30:00";67
"2019-11-27 20:00:00";68
"2019-11-27 20:30:00";66
"2019-11-27 21:00:00";65
"2019-11-27 21:30:00";66
"2019-11-27 22:00:00";64
"2019-11-27 22:30:00";65
"2019-11-27 23:00:00";66
"2019-11-27 23:30:00";65
"2019-11-28 00:00:00";67
"2019-11-28 01:00:00";63
"2019-11-28 01:30:00";64
"2019-11-28 02:00:00";63
"2019-11-28 02:30:00";63
"2019-11-28 03:00:00";64
"2019-11-28 03:30:00";64
"2019-11-28 04:00:00";63
"2019-11-28 04:30:00";63
"2019-11-28 05:00:00";63
"2019-11-28 05:30:00";61
"2019-11-28 06:00:00";63
"2019-11-28 06:30:00";61
"2019-11-28 07:00:00";62
"2019-11-28 07:30:00";62
"2019-11-28 08:00:00";61
"2019-11-28 08:30:00";61
"2019-11-28 09:00:00";61
"2019-11-28 10:00:00";62
"2019-11-28 10:30:00";62
"2019-11-28 11:00:00";58
"2019-11-28 11:30:00";57
"2019-11-28 12:30:00";53
"2019-11-28 13:00:00";56
"2019-11-28 13:30:00";58
"2019-11-28 14:00:00";57
"2019-11-28 14:30:00";60
"2019-11-28 15:00:00";60
"2019-11-28 15:30:00";58
"2019-11-28 16:00:00";60
"2019-11-28 16:30:00";60
"2019-11-28 17:00:00";60
"2019-11-28 17:30:00";61
"2019-11-28 18:00:00";58
"2019-11-28 18:30:00";59
"2019-11-28 19:00:00";60
"2019-11-28 19:30:00";59
"2019-11-28 20:00:00";58
"2019-11-28 20:30:00";59
"2019-11-28 21:00:00";57
"2019-11-28 21:30:00";58
"2019-11-28 22:00:00";57
"2019-11-28 22:30:00";58
"2019-11-28 23:00:00";59
"2019-11-28 23:30:00";56
"2019-11-29 00:00:00";55
"2019-11-29 01:00:00";58
"2019-11-29 01:30:00";56
"2019-11-29 02:30:00";55
"2019-11-29 03:00:00";58
"2019-11-29 04:00:00";56
"2019-11-29 04:30:00";56
"2019-11-29 05:30:00";56
"2019-11-29 06:00:00";55
"2019-11-29 07:00:00";55
"2019-11-29 07:30:00";54
"2019-11-29 08:00:00";55
"2019-11-29 08:30:00";57
"2019-11-29 09:00:00";55
"2019-11-29 09:30:00";56
"2019-11-29 10:00:00";52
"2019-11-29 11:00:00";51
"2019-11-29 11:30:00";49
"2019-11-29 12:30:00";48
"2019-11-29 13:00:00";48
"2019-11-29 13:30:00";50
"2019-11-29 14:00:00";51
"2019-11-29 15:00:00";53
"2019-11-29 15:30:00";55
"2019-11-29 16:00:00";54
"2019-11-29 16:30:00";55
"2019-11-29 17:00:00";52
"2019-11-29 17:30:00";55
"2019-11-29 18:00:00";53
"2019-11-29 18:30:00";55
"2019-11-29 19:00:00";51
"2019-11-29 20:00:00";55
"2019-11-29 21:00:00";53
"2019-11-29 22:00:00";53
"2019-11-29 22:30:00";52
"2019-11-29 23:00:00";52
"2019-11-29 23:30:00";53
"2019-11-30 00:00:00";54
"2019-11-30 02:00:00";53
"2019-11-30 02:30:00";53
"2019-11-30 03:00:00";52
"2019-11-30 03:30:00";52
"2019-11-30 04:00:00";51
"2019-11-30 04:30:00";52
"2019-11-30 05:00:00";51
"2019-11-30 05:30:00";52
"2019-11-30 06:00:00";51
"2019-11-30 06:30:00";51
"2019-11-30 07:00:00";52
"2019-11-30 07:30:00";52
"2019-11-30 08:00:00";50
"2019-11-30 08:30:00";49
"2019-11-30 09:00:00";50
"2019-11-30 09:30:00";51
"2019-11-30 10:00:00";51
"2019-11-30 10:30:00";48
"2019-11-30 11:00:00";47
"2019-11-30 11:30:00";48
"2019-11-30 12:00:00";44
"2019-11-30 12:30:00";45
"2019-11-30 13:00:00";46
"2019-11-30 13:30:00";46
"2019-11-30 14:00:00";47
"2019-11-30 14:30:00";50
"2019-11-30 15:30:00";49
"2019-11-30 16:00:00";47
"2019-11-30 17:00:00";49
"2019-11-30 17:30:00";50
"2019-11-30 18:00:00";48
"2019-11-30 19:00:00";48
"2019-11-30 19:30:00";51
"2019-11-30 20:00:00";49
"2019-11-30 20:30:00";49
"2019-11-30 21:00:00";47
"2019-11-30 21:30:00";50
"2019-11-30 22:00:00";50
"2019-11-30 22:30:00";48
"2019-11-30 23:00:00";48
"2019-11-30 23:30:00";48
"2019-12-01 00:00:00";49
"2019-12-01 01:00:00";48
"2019-12-01 01:30:00";50
"2019-12-01 02:00:00";46
"2019-12-01 02:30:00";46
"2019-12-01 03:00:00";47
"2019-12-01 03:30:00";48
"2019-12-01 04:00:00";49
"2019-12-01 04:30:00";48
"2019-12-01 05:00:00";49
"2019-12-01 05:30:00";48
"2019-12-01 06:00:00";49
"2019-12-01 06:30:00";47
"2019-12-01 07:00:00";46
"2019-12-01 07:30:00";47
"2019-12-01 08:00:00";49
"2019-12-01 08:30:00";48
"2019-12-01 09:00:00";49
"2019-12-01 09:30:00";47
"2019-12-01 10:00:00";45
"2019-12-01 10:30:00";45
"2019-12-01 11:00:00";46
"2019-12-01 12:00:00";47
"2019-12-01 12:30:00";46
"2019-12-01 13:00:00";45
"2019-12-01 13:30:00";46
"2019-12-01 14:00:00";47
"2019-12-01 14:30:00";46
"2019-12-01 15:00:00";48
"2019-12-01 15:30:00";47
"2019-12-01 16:00:00";46
"2019-12-01 16:30:00";48
"2019-12-01 17:00:00";47
"2019-12-01 17:30:00";48
"2019-12-01 18:00:00";48
"2019-12-01 18:30:00";48
"2019-12-01 19:00:00";46
"2019-12-01 19:30:00";47
"2019-12-01 20:00:00";48
"2019-12-01 20:30:00";47
"2019-12-01 21:00:00";47
"2019-12-01 21:30:00";46
"2019-12-01 22:00:00";46
"2019-12-01 22:30:00";46
"2019-12-01 23:00:00";47
"2019-12-01 23:30:00";46
"2019-12-02 00:00:00";45
"2019-12-02 01:00:00";46
"2019-12-02 02:00:00";47
"2019-12-02 02:30:00";47
"2019-12-02 03:00:00";46
"2019-12-02 03:30:00";46
"2019-12-02 04:00:00";45
"2019-12-02 04:30:00";46
"2019-12-02 05:00:00";45
"2019-12-02 05:30:00";44
"2019-12-02 06:00:00";45
"2019-12-02 06:30:00";46
"2019-12-02 07:00:00";45
"2019-12-02 08:00:00";45
"2019-12-02 08:30:00";46
"2019-12-02 09:00:00";45
"2019-12-02 09:30:00";46
"2019-12-02 10:00:00";44
"2019-12-02 11:00:00";41
"2019-12-02 11:30:00";40
"2019-12-02 12:00:00";39
"2019-12-02 12:30:00";41
"2019-12-02 13:00:00";42
"2019-12-02 13:30:00";44
"2019-12-02 14:00:00";45
"2019-12-02 14:30:00";45
"2019-12-02 15:00:00";45
"2019-12-02 16:00:00";47
"2019-12-02 16:30:00";45
"2019-12-02 17:00:00";46
"2019-12-02 17:30:00";45
"2019-12-02 18:30:00";46
"2019-12-02 19:00:00";47
"2019-12-02 20:00:00";46
"2019-12-02 20:30:00";46
"2019-12-02 21:00:00";44
"2019-12-02 21:30:00";45
"2019-12-02 22:30:00";45
"2019-12-02 23:00:00";46
"2019-12-02 23:30:00";45
"2019-12-03 00:00:00";45
"2019-12-03 01:00:00";44
"2019-12-03 01:30:00";43
"2019-12-03 02:00:00";44
"2019-12-03 02:30:00";45
"2019-12-03 03:30:00";45
"2019-12-03 04:00:00";43
"2019-12-03 04:30:00";44
"2019-12-03 05:30:00";41
"2019-12-03 06:00:00";42
"2019-12-03 07:00:00";43
"2019-12-03 07:30:00";43
"2019-12-03 08:00:00";43
"2019-12-03 08:30:00";43
"2019-12-03 09:00:00";43
"2019-12-03 09:30:00";44
"2019-12-03 10:00:00";44
"2019-12-03 11:00:00";37
"2019-12-03 11:30:00";36
"2019-12-03 12:30:00";36
"2019-12-03 13:00:00";34
"2019-12-03 13:30:00";37
"2019-12-03 14:00:00";39
"2019-12-03 14:30:00";42
"2019-12-03 15:00:00";40
"2019-12-03 15:30:00";42
"2019-12-03 16:00:00";41
"2019-12-03 16:30:00";41
"2019-12-03 17:00:00";40
"2019-12-03 17:30:00";42
"2019-12-03 18:00:00";42
"2019-12-03 19:00:00";41
"2019-12-03 19:30:00";42
"2019-12-03 20:00:00";42
"2019-12-03 20:30:00";43
"2019-12-03 21:00:00";42
"2019-12-03 21:30:00";42
"2019-12-03 22:00:00";41
"2019-12-03 22:30:00";43
"2019-12-03 23:00:00";42
"2019-12-03 23:30:00";42
"2019-12-04 00:00:00";42
"2019-12-04 01:00:00";41
"2019-12-04 01:30:00";41
"2019-12-04 02:00:00";42
"2019-12-04 02:30:00";39
"2019-12-04 03:00:00";42
"2019-12-04 03:30:00";39
"2019-12-04 04:00:00";40
"2019-12-04 04:30:00";41
"2019-12-04 05:00:00";40
"2019-12-04 05:30:00";40
"2019-12-04 06:00:00";39
"2019-12-04 06:30:00";40
"2019-12-04 07:00:00";41
"2019-12-04 07:30:00";40
"2019-12-04 08:00:00";41
"2019-12-04 08:30:00";40
"2019-12-04 09:00:00";39
"2019-12-04 09:30:00";38
"2019-12-04 10:00:00";40
"2019-12-04 10:30:00";37
"2019-12-04 11:00:00";35
"2019-12-04 11:30:00";36
"2019-12-04 12:00:00";36
"2019-12-04 12:30:00";32
"2019-12-04 13:00:00";34
"2019-12-04 13:30:00";37
"2019-12-04 14:00:00";38
"2019-12-04 14:30:00";39
"2019-12-04 15:00:00";39
"2019-12-04 15:30:00";39
"2019-12-04 16:00:00";40
"2019-12-04 16:30:00";39
"2019-12-04 17:00:00";39
"2019-12-04 17:30:00";38
"2019-12-04 18:00:00";39
"2019-12-04 18:30:00";38
"2019-12-04 19:00:00";40
"2019-12-04 19:30:00";41
"2019-12-04 20:00:00";40
"2019-12-04 20:30:00";40
"2019-12-04 21:00:00";41
"2019-12-04 21:30:00";40
"2019-12-04 22:00:00";37
"2019-12-04 22:30:00";39
"2019-12-04 23:00:00";38
"2019-12-04 23:30:00";39
"2019-12-05 00:00:00";38
"2019-12-05 01:00:00";36
"2019-12-05 01:30:00";40
"2019-12-05 02:00:00";40
"2019-12-05 02:30:00";40
"2019-12-05 03:00:00";39
"2019-12-05 03:30:00";38
"2019-12-05 04:00:00";38
"2019-12-05 04:30:00";40
"2019-12-05 05:30:00";38
"2019-12-05 06:00:00";40
"2019-12-05 06:30:00";38
"2019-12-05 07:00:00";39
"2019-12-05 07:30:00";39
"2019-12-05 08:00:00";39
"2019-12-05 08:30:00";38
"2019-12-05 09:00:00";38
"2019-12-05 09:30:00";40
"2019-12-05 10:00:00";40
"2019-12-05 10:30:00";36
"2019-12-05 11:00:00";36
"2019-12-05 12:00:00";35
"2019-12-05 12:30:00";36
"2019-12-05 13:00:00";32
"2019-12-05 13:30:00";36
"2019-12-05 14:00:00";38
"2019-12-05 14:30:00";37
"2019-12-05 15:00:00";39
"2019-12-05 15:30:00";38
"2019-12-05 16:00:00";38
"2019-12-05 16:30:00";37
"2019-12-05 17:00:00";38
"2019-12-05 17:30:00";38
"2019-12-05 18:00:00";38
"2019-12-05 18:30:00";38
"2019-12-05 19:00:00";38
"2019-12-05 19:30:00";35
"2019-12-05 20:00:00";39
"2019-12-05 20:30:00";38
"2019-12-05 21:00:00";38
"2019-12-05 21:30:00";37
"2019-12-05 22:00:00";37
"2019-12-05 22:30:00";38
"2019-12-05 23:00:00";37
"2019-12-05 23:30:00";36
"2019-12-06 00:00:00";39
"2019-12-06 01:00:00";35
"2019-12-06 01:30:00";37
"2019-12-06 02:00:00";36
"2019-12-06 02:30:00";35
"2019-12-06 03:00:00";36
"2019-12-06 03:30:00";36
"2019-12-06 04:00:00";38
"2019-12-06 04:30:00";37
"2019-12-06 05:00:00";36
"2019-12-06 05:30:00";36
"2019-12-06 06:00:00";37
"2019-12-06 06:30:00";36
"2019-12-06 07:00:00";36
"2019-12-06 07:30:00";35
"2019-12-06 08:00:00";35
"2019-12-06 08:30:00";36
"2019-12-06 09:00:00";38
"2019-12-06 09:30:00";37
"2019-12-06 10:00:00";38
"2019-12-06 10:30:00";35
"2019-12-06 11:00:00";34
"2019-12-06 11:30:00";33
"2019-12-06 12:00:00";32
"2019-12-06 12:30:00";33
"2019-12-06 13:00:00";30
"2019-12-06 13:30:00";31
"2019-12-06 14:00:00";34
"2019-12-06 14:30:00";35
"2019-12-06 15:00:00";37
"2019-12-06 15:30:00";36
"2019-12-06 16:00:00";37
"2019-12-06 16:30:00";37
"2019-12-06 17:00:00";36
"2019-12-06 17:30:00";36
"2019-12-06 18:00:00";38
"2019-12-06 18:30:00";37
"2019-12-06 19:00:00";36
"2019-12-06 19:30:00";36
"2019-12-06 20:00:00";38
"2019-12-06 20:30:00";36
"2019-12-06 21:00:00";38
"2019-12-06 21:30:00";35
"2019-12-06 22:00:00";37
"2019-12-06 22:30:00";36
"2019-12-06 23:00:00";37
"2019-12-06 23:30:00";38
"2019-12-07 00:00:00";38
"2019-12-07 02:30:00";38
"2019-12-07 03:00:00";36
"2019-12-07 03:30:00";37
"2019-12-07 04:00:00";37
"2019-12-07 04:30:00";36
"2019-12-07 05:00:00";36
"2019-12-07 05:30:00";37
"2019-12-07 06:00:00";35
"2019-12-07 06:30:00";35
"2019-12-07 07:00:00";36
"2019-12-07 07:30:00";35
"2019-12-07 08:00:00";35
"2019-12-07 08:30:00";37
"2019-12-07 09:00:00";37
"2019-12-07 09:30:00";36
"2019-12-07 10:00:00";36
"2019-12-07 10:30:00";36
"2019-12-07 11:00:00";33
"2019-12-07 11:30:00";31
"2019-12-07 12:00:00";33
"2019-12-07 12:30:00";31
"2019-12-07 13:00:00";30
"2019-12-07 13:30:00";31
"2019-12-07 14:00:00";34
"2019-12-07 14:30:00";35
"2019-12-07 15:00:00";35
"2019-12-07 15:30:00";36
"2019-12-07 16:00:00";37
"2019-12-07 16:30:00";37
"2019-12-07 17:00:00";36
"2019-12-07 17:30:00";36
"2019-12-07 18:00:00";38
"2019-12-07 18:30:00";38
"2019-12-07 19:00:00";36
"2019-12-07 19:30:00";37
"2019-12-07 20:00:00";37
"2019-12-07 20:30:00";35
"2019-12-07 21:00:00";35
"2019-12-07 21:30:00";37
"2019-12-07 22:00:00";36
"2019-12-07 22:30:00";37
"2019-12-07 23:00:00";37
"2019-12-07 23:30:00";37
"2019-12-08 00:00:00";37
"2019-12-08 01:00:00";34
"2019-12-08 01:30:00";37
"2019-12-08 02:00:00";35
"2019-12-08 02:30:00";36
"2019-12-08 03:00:00";36
"2019-12-08 03:30:00";36
"2019-12-08 04:00:00";37
"2019-12-08 04:30:00";36
"2019-12-08 05:00:00";36
"2019-12-08 05:30:00";37
"2019-12-08 06:00:00";35
"2019-12-08 06:30:00";36
"2019-12-08 07:00:00";34
"2019-12-08 07:30:00";34
"2019-12-08 08:00:00";34
"2019-12-08 08:30:00";36
"2019-12-08 09:00:00";36
"2019-12-08 09:30:00";36
"2019-12-08 10:00:00";36
"2019-12-08 10:30:00";33
"2019-12-08 11:00:00";33
"2019-12-08 11:30:00";32
"2019-12-08 12:00:00";33
"2019-12-08 12:30:00";32
"2019-12-08 13:00:00";27
"2019-12-08 13:30:00";33
"2019-12-08 14:00:00";34
"2019-12-08 14:30:00";35
"2019-12-08 15:00:00";34
"2019-12-08 15:30:00";35
"2019-12-08 16:00:00";34
"2019-12-08 16:30:00";35
"2019-12-08 17:00:00";33
"2019-12-08 17:30:00";35
"2019-12-08 18:00:00";35
"2019-12-08 18:30:00";36
"2019-12-08 19:00:00";35
"2019-12-08 19:30:00";36
"2019-12-08 20:00:00";33
"2019-12-08 20:30:00";36
"2019-12-08 21:00:00";35
"2019-12-08 21:30:00";35
"2019-12-08 22:00:00";36
"2019-12-08 22:30:00";36
"2019-12-08 23:00:00";35
"2019-12-08 23:30:00";36
"2019-12-09 00:00:00";36
"2019-12-09 01:00:00";35
"2019-12-09 01:30:00";36
"2019-12-09 02:00:00";35
"2019-12-09 02:30:00";34
"2019-12-09 03:00:00";35
"2019-12-09 03:30:00";36
"2019-12-09 04:00:00";36
"2019-12-09 04:30:00";34
"2019-12-09 05:00:00";35
"2019-12-09 05:30:00";35
"2019-12-09 06:00:00";36
"2019-12-09 06:30:00";36
"2019-12-09 07:00:00";36
"2019-12-09 07:30:00";34
"2019-12-09 08:00:00";35
"2019-12-09 08:30:00";33
"2019-12-09 09:00:00";36
"2019-12-09 09:30:00";36
"2019-12-09 10:00:00";37
"2019-12-09 10:30:00";33
"2019-12-09 11:00:00";30
"2019-12-09 12:00:00";29
"2019-12-09 12:30:00";30
"2019-12-09 13:00:00";27
"2019-12-09 14:00:00";32
"2019-12-09 14:30:00";35
"2019-12-09 15:00:00";34
"2019-12-09 15:30:00";34
"2019-12-09 16:00:00";32
"2019-12-09 16:30:00";36
"2019-12-09 17:00:00";35
"2019-12-09 17:30:00";36
"2019-12-09 18:00:00";35
"2019-12-09 18:30:00";35
"2019-12-09 19:00:00";35
"2019-12-09 19:30:00";34
"2019-12-09 20:00:00";33
"2019-12-09 20:30:00";34
"2019-12-09 21:00:00";35
"2019-12-09 21:30:00";35
"2019-12-09 22:00:00";35
"2019-12-09 22:30:00";34
"2019-12-09 23:00:00";34
"2019-12-09 23:30:00";33
"2019-12-10 00:00:00";35
"2019-12-10 01:00:00";32
"2019-12-10 01:30:00";33
"2019-12-10 02:00:00";34
"2019-12-10 02:30:00";34
"2019-12-10 03:00:00";35
"2019-12-10 03:30:00";34
"2019-12-10 04:00:00";35
"2019-12-10 04:30:00";33
"2019-12-10 05:00:00";34
"2019-12-10 05:30:00";34
"2019-12-10 06:00:00";32
"2019-12-10 06:30:00";33
"2019-12-10 07:00:00";32
"2019-12-10 07:30:00";33
"2019-12-10 08:00:00";34
"2019-12-10 08:30:00";34
"2019-12-10 09:00:00";34
"2019-12-10 09:30:00";33
"2019-12-10 10:00:00";33
"2019-12-10 10:30:00";31
"2019-12-10 11:00:00";28
"2019-12-10 11:30:00";27
"2019-12-10 12:00:00";26
"2019-12-10 12:30:00";27
"2019-12-10 13:00:00";27
"2019-12-10 13:30:00";29
"2019-12-10 14:00:00";30
"2019-12-10 14:30:00";32
"2019-12-10 15:00:00";30
"2019-12-10 15:30:00";32
"2019-12-10 16:00:00";31
"2019-12-10 16:30:00";32
"2019-12-10 17:00:00";33
"2019-12-10 17:30:00";32
"2019-12-10 18:00:00";33
"2019-12-10 18:30:00";33
"2019-12-10 19:30:00";34
"2019-12-10 20:00:00";33
"2019-12-10 20:30:00";33
"2019-12-10 21:00:00";33
"2019-12-10 21:30:00";33
"2019-12-10 22:00:00";32
"2019-12-10 22:30:00";32
"2019-12-10 23:00:00";31
"2019-12-10 23:30:00";33
"2019-12-11 00:00:00";32
"2019-12-11 01:00:00";31
"2019-12-11 01:30:00";32
"2019-12-11 02:00:00";32
"2019-12-11 02:30:00";32
"2019-12-11 03:00:00";32
"2019-12-11 03:30:00";32
"2019-12-11 04:00:00";32
"2019-12-11 04:30:00";29
"2019-12-11 05:00:00";31
"2019-12-11 05:30:00";31
"2019-12-11 06:00:00";31
"2019-12-11 06:30:00";31
"2019-12-11 07:00:00";30
"2019-12-11 07:30:00";31
"2019-12-11 08:00:00";32
"2019-12-11 08:30:00";31
"2019-12-11 09:00:00";30
"2019-12-11 09:30:00";32
"2019-12-11 10:00:00";32
"2019-12-11 10:30:00";31
"2019-12-11 11:00:00";30
"2019-12-11 11:30:00";31
"2019-12-11 12:30:00";32
"2019-12-11 13:00:00";31
"2019-12-11 13:30:00";30
"2019-12-11 14:00:00";31
"2019-12-11 14:30:00";30
"2019-12-11 15:00:00";31
"2019-12-11 15:30:00";31
"2019-12-11 16:00:00";31
"2019-12-11 16:30:00";32
"2019-12-11 17:00:00";29
"2019-12-11 17:30:00";32
"2019-12-11 18:00:00";31
"2019-12-11 18:30:00";32
"2019-12-11 19:00:00";31
"2019-12-11 19:30:00";31
"2019-12-11 20:00:00";30
"2019-12-11 20:30:00";31
"2019-12-11 21:00:00";31
"2019-12-11 21:30:00";29
"2019-12-11 22:00:00";30
"2019-12-11 22:30:00";31
"2019-12-11 23:00:00";30
"2019-12-11 23:30:00";32
"2019-12-12 00:00:00";30
"2019-12-12 01:00:00";32
"2019-12-12 01:30:00";31
"2019-12-12 02:00:00";31
"2019-12-12 02:30:00";32
"2019-12-12 03:00:00";31
"2019-12-12 03:30:00";33
"2019-12-12 04:00:00";31
"2019-12-12 04:30:00";32
"2019-12-12 05:00:00";32
"2019-12-12 05:30:00";32
"2019-12-12 06:00:00";31
"2019-12-12 06:30:00";31
"2019-12-12 07:00:00";29
"2019-12-12 07:30:00";31
"2019-12-12 08:00:00";31
"2019-12-12 08:30:00";31
"2019-12-12 09:00:00";30
"2019-12-12 10:00:00";31
"2019-12-12 10:30:00";31
"2019-12-12 11:00:00";29
"2019-12-12 11:30:00";31
"2019-12-12 12:00:00";31
"2019-12-12 12:30:00";31
"2019-12-12 13:00:00";31
"2019-12-12 13:30:00";30
"2019-12-12 14:00:00";31
"2019-12-12 14:30:00";32
"2019-12-12 15:30:00";31
"2019-12-12 16:00:00";31
"2019-12-12 16:30:00";30
"2019-12-12 17:00:00";31
"2019-12-12 17:30:00";31
"2019-12-12 18:00:00";30
"2019-12-12 18:30:00";30
"2019-12-12 19:00:00";30
"2019-12-12 19:30:00";30
"2019-12-12 20:00:00";30
"2019-12-12 20:30:00";30
"2019-12-12 21:00:00";28
"2019-12-12 21:30:00";31
"2019-12-12 22:00:00";30
"2019-12-12 22:30:00";29
"2019-12-12 23:00:00";28
"2019-12-12 23:30:00";30
"2019-12-13 00:00:00";29
"2019-12-13 01:00:00";29
"2019-12-13 01:30:00";29
"2019-12-13 02:00:00";28
"2019-12-13 02:30:00";29
"2019-12-13 03:00:00";29
"2019-12-13 03:30:00";27
"2019-12-13 04:00:00";28
"2019-12-13 04:30:00";28
"2019-12-13 05:00:00";29
"2019-12-13 05:30:00";28
"2019-12-13 06:00:00";28
"2019-12-13 06:30:00";29
"2019-12-13 07:00:00";29
"2019-12-13 07:30:00";31
"2019-12-13 08:00:00";30
"2019-12-13 08:30:00";29
"2019-12-13 09:00:00";30
"2019-12-13 09:30:00";30
"2019-12-13 10:00:00";29
"2019-12-13 10:30:00";30
"2019-12-13 11:00:00";31
"2019-12-13 11:30:00";31
"2019-12-13 12:00:00";28
"2019-12-13 12:30:00";29
"2019-12-13 13:00:00";30
"2019-12-13 13:30:00";30
"2019-12-13 14:00:00";32
"2019-12-13 14:30:00";30
"2019-12-13 15:00:00";31
"2019-12-13 15:30:00";31
"2019-12-13 16:00:00";31
"2019-12-13 16:30:00";32
"2019-12-13 17:00:00";31
"2019-12-13 17:30:00";31
"2019-12-13 18:00:00";31
"2019-12-13 18:30:00";31
"2019-12-13 19:00:00";30
"2019-12-13 19:30:00";31
"2019-12-13 20:00:00";31
"2019-12-13 20:30:00";30
"2019-12-13 21:00:00";30
"2019-12-13 21:30:00";28
"2019-12-13 22:00:00";30
"2019-12-13 22:30:00";29
"2019-12-13 23:00:00";30
"2019-12-13 23:30:00";30
"2019-12-14 00:00:00";30
"2019-12-14 02:00:00";31
"2019-12-14 02:30:00";29
"2019-12-14 03:00:00";31
"2019-12-14 03:30:00";31
"2019-12-14 04:00:00";29
"2019-12-14 04:30:00";32
"2019-12-14 05:00:00";30
"2019-12-14 05:30:00";31
"2019-12-14 06:00:00";31
"2019-12-14 06:30:00";30
"2019-12-14 07:00:00";30
"2019-12-14 07:30:00";30
"2019-12-14 08:00:00";30
"2019-12-14 08:30:00";32
"2019-12-14 09:00:00";29
"2019-12-14 09:30:00";30
"2019-12-14 10:00:00";31
"2019-12-14 10:30:00";30
"2019-12-14 11:00:00";27
"2019-12-14 11:30:00";29
"2019-12-14 12:00:00";29
"2019-12-14 12:30:00";29
"2019-12-14 13:00:00";28
"2019-12-14 13:30:00";30
"2019-12-14 14:00:00";31
"2019-12-14 14:30:00";30
"2019-12-14 15:00:00";31
"2019-12-14 15:30:00";32
"2019-12-14 16:00:00";32
"2019-12-14 16:30:00";32
"2019-12-14 17:30:00";31
"2019-12-14 18:00:00";29
"2019-12-14 18:30:00";30
"2019-12-14 19:00:00";31
"2019-12-14 19:30:00";32
"2019-12-14 20:00:00";30
"2019-12-14 20:30:00";31
"2019-12-14 21:00:00";31
"2019-12-14 21:30:00";30
"2019-12-14 22:00:00";31
"2019-12-14 22:30:00";29
"2019-12-14 23:00:00";31
"2019-12-14 23:30:00";30
"2019-12-15 00:00:00";29
"2019-12-15 01:00:00";29
"2019-12-15 01:30:00";28
"2019-12-15 02:00:00";30
"2019-12-15 02:30:00";31
"2019-12-15 03:00:00";28
"2019-12-15 03:30:00";29
"2019-12-15 04:00:00";30
"2019-12-15 04:30:00";28
"2019-12-15 05:00:00";30
"2019-12-15 05:30:00";31
"2019-12-15 06:00:00";29
"2019-12-15 06:30:00";29
"2019-12-15 07:00:00";30
"2019-12-15 07:30:00";29
"2019-12-15 08:00:00";28
"2019-12-15 08:30:00";29
"2019-12-15 09:00:00";27
"2019-12-15 09:30:00";30
"2019-12-15 10:00:00";31
"2019-12-15 10:30:00";29
"2019-12-15 11:00:00";27
"2019-12-15 11:30:00";25
"2019-12-15 12:00:00";26
"2019-12-15 12:30:00";24
"2019-12-15 13:00:00";24
"2019-12-15 13:30:00";24
"2019-12-15 14:00:00";27
"2019-12-15 14:30:00";28
"2019-12-15 15:00:00";29
"2019-12-15 15:30:00";28
"2019-12-15 16:00:00";28
"2019-12-15 16:30:00";28
"2019-12-15 17:00:00";28
"2019-12-15 17:30:00";30
"2019-12-15 18:00:00";29
"2019-12-15 18:30:00";30
"2019-12-15 19:00:00";30
"2019-12-15 19:30:00";30
"2019-12-15 20:00:00";30
"2019-12-15 20:30:00";28
"2019-12-15 21:00:00";30
"2019-12-15 21:30:00";30
"2019-12-15 22:00:00";30
"2019-12-15 22:30:00";30
"2019-12-15 23:00:00";29
"2019-12-15 23:30:00";30
"2019-12-16 00:00:00";30
"2019-12-16 01:00:00";30
"2019-12-16 01:30:00";29
"2019-12-16 02:00:00";28
"2019-12-16 02:30:00";28
"2019-12-16 03:00:00";30
"2019-12-16 03:30:00";29
"2019-12-16 04:00:00";28
"2019-12-16 04:30:00";30
"2019-12-16 05:00:00";29
"2019-12-16 05:30:00";30
"2019-12-16 06:00:00";29
"2019-12-16 06:30:00";30
"2019-12-16 07:00:00";29
"2019-12-16 07:30:00";29
"2019-12-16 08:00:00";29
"2019-12-16 08:30:00";30
"2019-12-16 09:00:00";30
"2019-12-16 09:30:00";30
"2019-12-16 10:00:00";30
"2019-12-16 11:00:00";30
"2019-12-16 11:30:00";29
"2019-12-16 12:00:00";30
"2019-12-16 12:30:00";28
"2019-12-16 13:00:00";30
"2019-12-16 13:30:00";29
"2019-12-16 14:00:00";30
"2019-12-16 14:30:00";30
"2019-12-16 15:00:00";29
"2019-12-16 15:30:00";29
"2019-12-16 16:00:00";29
"2019-12-16 16:30:00";29
"2019-12-16 17:00:00";28
"2019-12-16 17:30:00";29
"2019-12-16 18:00:00";30
"2019-12-16 18:30:00";30
"2019-12-16 19:00:00";30
"2019-12-16 19:30:00";29
"2019-12-16 20:00:00";29
"2019-12-16 20:30:00";30
"2019-12-16 21:00:00";29
"2019-12-16 21:30:00";29
"2019-12-16 22:00:00";30
"2019-12-16 22:30:00";29
"2019-12-16 23:00:00";28
"2019-12-16 23:30:00";30
"2019-12-17 00:00:00";29
"2019-12-17 01:00:00";29
"2019-12-17 01:30:00";30
"2019-12-17 02:00:00";28
"2019-12-17 02:30:00";29
"2019-12-17 03:00:00";31
"2019-12-17 03:30:00";30
"2019-12-17 04:00:00";30
"2019-12-17 05:00:00";31
"2019-12-17 05:30:00";30
"2019-12-17 06:00:00";29
"2019-12-17 06:30:00";31
"2019-12-17 07:00:00";31
"2019-12-17 07:30:00";32
"2019-12-17 08:00:00";30
"2019-12-17 08:30:00";31
"2019-12-17 09:00:00";32
"2019-12-17 09:30:00";32
"2019-12-17 10:00:00";33
"2019-12-17 10:30:00";31
"2019-12-17 11:00:00";34
"2019-12-17 12:00:00";34
"2019-12-17 12:30:00";35
"2019-12-17 13:00:00";36
"2019-12-17 13:30:00";37
"2019-12-17 14:00:00";38
"2019-12-17 15:00:00";40
"2019-12-17 15:30:00";43
"2019-12-17 16:00:00";43
"2019-12-17 17:00:00";45
"2019-12-17 17:30:00";43
"2019-12-17 18:00:00";45
"2019-12-17 18:30:00";45
"2019-12-17 19:00:00";46
"2019-12-17 19:30:00";44
"2019-12-17 20:00:00";45
"2019-12-17 20:30:00";43
"2019-12-17 21:00:00";41
"2019-12-17 22:00:00";43
"2019-12-17 22:30:00";42
"2019-12-17 23:00:00";42
"2019-12-17 23:30:00";44
"2019-12-18 00:00:00";41
"2019-12-18 01:00:00";41
"2019-12-18 01:30:00";42
"2019-12-18 02:00:00";42
"2019-12-18 02:30:00";41
"2019-12-18 03:00:00";40
"2019-12-18 03:30:00";41
"2019-12-18 04:00:00";39
"2019-12-18 04:30:00";40
"2019-12-18 05:00:00";40
"2019-12-18 05:30:00";39
"2019-12-18 06:00:00";39
"2019-12-18 06:30:00";38
"2019-12-18 07:00:00";36
"2019-12-18 07:30:00";39
"2019-12-18 08:00:00";39
"2019-12-18 09:00:00";39
"2019-12-18 09:30:00";39
"2019-12-18 10:00:00";39
"2019-12-18 11:00:00";40
"2019-12-18 11:30:00";40
"2019-12-18 12:30:00";38
"2019-12-18 13:00:00";40
"2019-12-18 13:30:00";40
"2019-12-18 14:00:00";40
"2019-12-18 14:30:00";42
"2019-12-18 15:00:00";40
"2019-12-18 15:30:00";42
"2019-12-18 16:00:00";41
"2019-12-18 17:00:00";43
"2019-12-18 17:30:00";42
"2019-12-18 18:00:00";42
"2019-12-18 19:00:00";43
"2019-12-18 20:00:00";44
"2019-12-18 21:00:00";44
"2019-12-18 21:30:00";42
"2019-12-18 22:00:00";44
"2019-12-18 23:00:00";45
"2019-12-18 23:30:00";45
"2019-12-19 00:00:00";46
"2019-12-19 01:00:00";47
"2019-12-19 01:30:00";46
"2019-12-19 02:00:00";47
"2019-12-19 03:00:00";47
"2019-12-19 03:30:00";47
"2019-12-19 04:00:00";49
"2019-12-19 04:30:00";48
"2019-12-19 05:00:00";48
"2019-12-19 05:30:00";49
"2019-12-19 06:00:00";48
"2019-12-19 06:30:00";49
"2019-12-19 07:00:00";49
"2019-12-19 07:30:00";50
"2019-12-19 08:00:00";51
"2019-12-19 08:30:00";49
"2019-12-19 09:00:00";49
"2019-12-19 09:30:00";51
"2019-12-19 10:00:00";50
"2019-12-19 10:30:00";49
"2019-12-19 11:00:00";49
"2019-12-19 11:30:00";48
"2019-12-19 12:00:00";49
"2019-12-19 13:00:00";52
"2019-12-19 14:00:00";51
"2019-12-19 14:30:00";52
"2019-12-19 15:00:00";51
"2019-12-19 15:30:00";52
"2019-12-19 16:00:00";53
"2019-12-19 16:30:00";52
"2019-12-19 17:00:00";53
"2019-12-19 18:00:00";53
"2019-12-19 18:30:00";52
"2019-12-19 19:00:00";54
"2019-12-19 19:30:00";53
"2019-12-19 20:00:00";54
"2019-12-19 20:30:00";55
"2019-12-19 21:00:00";55
"2019-12-19 21:30:00";54
"2019-12-19 22:00:00";52
"2019-12-19 22:30:00";54
"2019-12-19 23:00:00";54
"2019-12-20 00:00:00";53
"2019-12-20 01:00:00";54
"2019-12-20 02:00:00";54
"2019-12-20 02:30:00";53
"2019-12-20 03:00:00";54
"2019-12-20 03:30:00";55
"2019-12-20 04:00:00";53
"2019-12-20 04:30:00";53
"2019-12-20 05:00:00";51
"2019-12-20 06:00:00";54
"2019-12-20 06:30:00";54
"2019-12-20 07:00:00";52
"2019-12-20 08:00:00";53
"2019-12-20 08:30:00";53
"2019-12-20 09:00:00";53
"2019-12-20 09:30:00";54
"2019-12-20 10:30:00";56
"2019-12-20 11:30:00";60
"2019-12-20 12:00:00";60
"2019-12-20 12:30:00";60
"2019-12-20 13:30:00";61
"2019-12-20 14:30:00";61
"2019-12-20 15:00:00";62
"2019-12-20 15:30:00";60
"2019-12-20 16:30:00";60
"2019-12-20 17:30:00";61
"2019-12-20 18:30:00";58
"2019-12-20 19:30:00";58
"2019-12-20 20:00:00";59
"2019-12-20 20:30:00";56
"2019-12-20 21:30:00";58
"2019-12-20 22:00:00";58
"2019-12-20 23:00:00";58
"2019-12-21 00:00:00";55
"2019-12-21 02:00:00";54
"2019-12-21 02:30:00";55
"2019-12-21 03:00:00";57
"2019-12-21 03:30:00";54
"2019-12-21 04:00:00";55
"2019-12-21 05:00:00";55
"2019-12-21 06:00:00";55
"2019-12-21 07:00:00";56
"2019-12-21 08:00:00";55
"2019-12-21 08:30:00";55
"2019-12-21 09:00:00";54
"2019-12-21 09:30:00";51
"2019-12-21 10:00:00";54
"2019-12-21 11:00:00";51
"2019-12-21 11:30:00";48
"2019-12-21 12:00:00";48
"2019-12-21 12:30:00";47
"2019-12-21 13:00:00";48
"2019-12-21 14:00:00";51
"2019-12-21 14:30:00";52
"2019-12-21 15:00:00";53
"2019-12-21 15:30:00";55
"2019-12-21 16:00:00";54
"2019-12-21 16:30:00";54
"2019-12-21 17:00:00";53
"2019-12-21 18:00:00";52
"2019-12-21 18:30:00";54
"2019-12-21 19:00:00";53
"2019-12-21 19:30:00";55
"2019-12-21 20:00:00";52
"2019-12-21 20:30:00";53
"2019-12-21 21:00:00";52
"2019-12-21 21:30:00";54
"2019-12-21 22:00:00";52
"2019-12-21 22:30:00";52
"2019-12-21 23:00:00";52
"2019-12-21 23:30:00";53
"2019-12-22 01:00:00";51
"2019-12-22 01:30:00";51
"2019-12-22 02:30:00";50
"2019-12-22 03:30:00";51
"2019-12-22 04:00:00";49
"2019-12-22 04:30:00";51
"2019-12-22 05:00:00";50
"2019-12-22 05:30:00";46
"2019-12-22 06:30:00";53
"2019-12-22 07:00:00";50
"2019-12-22 07:30:00";50
"2019-12-22 08:00:00";51
"2019-12-22 08:30:00";50
"2019-12-22 09:00:00";49
"2019-12-22 09:30:00";52
"2019-12-22 10:00:00";51
"2019-12-22 10:30:00";49
"2019-12-22 11:00:00";46
"2019-12-22 11:30:00";46
"2019-12-22 12:00:00";48
"2019-12-22 13:00:00";47
"2019-12-22 13:30:00";46
"2019-12-22 14:00:00";48
"2019-12-22 14:30:00";47
"2019-12-22 15:00:00";47
"2019-12-22 15:30:00";49
"2019-12-22 16:30:00";47
"2019-12-22 17:00:00";48
"2019-12-22 17:30:00";48
"2019-12-22 18:00:00";48
"2019-12-22 18:30:00";48
"2019-12-22 19:30:00";49
"2019-12-22 20:00:00";47
"2019-12-22 20:30:00";46
"2019-12-22 21:30:00";48
"2019-12-22 22:00:00";43
"2019-12-22 22:30:00";45
"2019-12-22 23:00:00";47
"2019-12-22 23:30:00";47
"2019-12-23 01:00:00";46
"2019-12-23 02:00:00";46
"2019-12-23 02:30:00";47
"2019-12-23 03:00:00";47
"2019-12-23 03:30:00";46
"2019-12-23 04:00:00";46
"2019-12-23 04:30:00";46
"2019-12-23 05:00:00";45
"2019-12-23 05:30:00";48
"2019-12-23 06:00:00";44
"2019-12-23 06:30:00";46
"2019-12-23 07:00:00";45
"2019-12-23 07:30:00";44
"2019-12-23 08:00:00";46
"2019-12-23 08:30:00";46
"2019-12-23 09:00:00";43
"2019-12-23 09:30:00";47
"2019-12-23 10:00:00";45
"2019-12-23 10:30:00";43
"2019-12-23 11:00:00";44
"2019-12-23 11:30:00";45
"2019-12-23 12:00:00";44
"2019-12-23 12:30:00";44
"2019-12-23 13:00:00";44
"2019-12-23 13:30:00";43
"2019-12-23 14:00:00";44
"2019-12-23 14:30:00";44
"2019-12-23 15:30:00";43
"2019-12-23 16:00:00";45
"2019-12-23 16:30:00";43
"2019-12-23 17:00:00";43
"2019-12-23 17:30:00";43
"2019-12-23 18:00:00";44
"2019-12-23 18:30:00";42
"2019-12-23 19:00:00";44
"2019-12-23 19:30:00";44
"2019-12-23 20:00:00";42
"2019-12-23 20:30:00";43
"2019-12-23 21:00:00";42
"2019-12-23 22:00:00";42
"2019-12-23 22:30:00";42
"2019-12-23 23:00:00";43
"2019-12-23 23:30:00";42
"2019-12-24 00:00:00";42
"2019-12-24 01:00:00";42
"2019-12-24 02:00:00";41
"2019-12-24 02:30:00";42
"2019-12-24 03:00:00";42
"2019-12-24 03:30:00";42
"2019-12-24 04:00:00";41
"2019-12-24 04:30:00";42
"2019-12-24 05:00:00";41
"2019-12-24 05:30:00";39
"2019-12-24 06:00:00";41
"2019-12-24 06:30:00";40
"2019-12-24 07:00:00";42
"2019-12-24 07:30:00";40
"2019-12-24 08:00:00";39
"2019-12-24 08:30:00";41
"2019-12-24 09:30:00";41
"2019-12-24 10:00:00";41
"2019-12-24 10:30:00";41
"2019-12-24 11:00:00";41
"2019-12-24 12:00:00";38
"2019-12-24 13:00:00";41
"2019-12-24 13:30:00";39
"2019-12-24 14:00:00";41
"2019-12-24 14:30:00";40
"2019-12-24 15:00:00";42
"2019-12-24 15:30:00";41
"2019-12-24 16:00:00";41
"2019-12-24 16:30:00";42
"2019-12-24 17:00:00";41
"2019-12-24 17:30:00";40
"2019-12-24 18:00:00";41
"2019-12-24 18:30:00";41
"2019-12-24 19:00:00";42
"2019-12-24 19:30:00";39
"2019-12-24 20:00:00";42
"2019-12-24 20:30:00";41
"2019-12-24 21:00:00";41
"2019-12-24 21:30:00";42
"2019-12-24 22:00:00";41
"2019-12-24 22:30:00";42
"2019-12-24 23:00:00";41
"2019-12-24 23:30:00";40
"2019-12-25 00:00:00";41
"2019-12-25 01:00:00";39
"2019-12-25 01:30:00";40
"2019-12-25 02:00:00";41
"2019-12-25 02:30:00";42
"2019-12-25 03:00:00";40
"2019-12-25 03:30:00";39
"2019-12-25 04:00:00";40
"2019-12-25 04:30:00";39
"2019-12-25 05:00:00";40
"2019-12-25 05:30:00";39
"2019-12-25 06:00:00";40
"2019-12-25 06:30:00";40
"2019-12-25 07:00:00";37
"2019-12-25 07:30:00";40
"2019-12-25 08:00:00";39
"2019-12-25 08:30:00";37
"2019-12-25 09:00:00";38
"2019-12-25 09:30:00";39
"2019-12-25 10:00:00";40
"2019-12-25 10:30:00";37
"2019-12-25 11:00:00";38
"2019-12-25 11:30:00";35
"2019-12-25 12:00:00";35
"2019-12-25 12:30:00";30
"2019-12-25 13:00:00";31
"2019-12-25 13:30:00";34
"2019-12-25 14:00:00";34
"2019-12-25 14:30:00";35
"2019-12-25 15:00:00";37
"2019-12-25 15:30:00";38
"2019-12-25 16:00:00";38
"2019-12-25 16:30:00";37
"2019-12-25 17:00:00";38
"2019-12-25 17:30:00";37
"2019-12-25 18:00:00";38
"2019-12-25 18:30:00";38
"2019-12-25 19:00:00";39
"2019-12-25 19:30:00";39
"2019-12-25 20:00:00";39
"2019-12-25 20:30:00";35
"2019-12-25 21:00:00";38
"2019-12-25 21:30:00";36
"2019-12-25 22:00:00";37
"2019-12-25 22:30:00";37
"2019-12-25 23:00:00";37
"2019-12-25 23:30:00";36
"2019-12-26 00:00:00";36
"2019-12-26 01:30:00";37
"2019-12-26 02:00:00";37
"2019-12-26 03:00:00";36
"2019-12-26 03:30:00";35
"2019-12-26 04:00:00";38
"2019-12-26 04:30:00";37
"2019-12-26 05:00:00";37
"2019-12-26 05:30:00";38
"2019-12-26 06:00:00";37
"2019-12-26 06:30:00";35
"2019-12-26 07:00:00";37
"2019-12-26 07:30:00";36
"2019-12-26 08:00:00";37
"2019-12-26 08:30:00";37
"2019-12-26 09:00:00";37
"2019-12-26 09:30:00";36
"2019-12-26 10:00:00";37
"2019-12-26 10:30:00";36
"2019-12-26 11:00:00";33
"2019-12-26 11:30:00";32
"2019-12-26 12:00:00";34
"2019-12-26 12:30:00";34
"2019-12-26 13:00:00";33
"2019-12-26 13:30:00";33
"2019-12-26 14:00:00";35
"2019-12-26 14:30:00";35
"2019-12-26 15:00:00";33
"2019-12-26 15:30:00";37
"2019-12-26 16:00:00";35
"2019-12-26 16:30:00";35
"2019-12-26 17:30:00";36
"2019-12-26 18:00:00";34
"2019-12-26 18:30:00";35
"2019-12-26 19:00:00";35
"2019-12-26 19:30:00";36
"2019-12-26 20:00:00";36
"2019-12-26 20:30:00";36
"2019-12-26 21:00:00";35
"2019-12-26 21:30:00";35
"2019-12-26 22:00:00";35
"2019-12-26 22:30:00";37
"2019-12-26 23:00:00";35
"2019-12-26 23:30:00";35
"2019-12-27 00:00:00";35
"2019-12-27 01:00:00";35
"2019-12-27 01:30:00";34
"2019-12-27 02:00:00";35
"2019-12-27 02:30:00";35
"2019-12-27 03:00:00";34
"2019-12-27 03:30:00";35
"2019-12-27 04:00:00";33
"2019-12-27 04:30:00";35
"2019-12-27 05:00:00";34
"2019-12-27 05:30:00";36
"2019-12-27 06:00:00";35
"2019-12-27 06:30:00";33
"2019-12-27 07:00:00";33
"2019-12-27 07:30:00";33
"2019-12-27 08:00:00";36
"2019-12-27 08:30:00";34
"2019-12-27 09:00:00";35
"2019-12-27 09:30:00";36
"2019-12-27 10:30:00";35
"2019-12-27 11:00:00";36
"2019-12-27 11:30:00";33
"2019-12-27 12:00:00";34
"2019-12-27 12:30:00";32
"2019-12-27 13:00:00";30
"2019-12-27 13:30:00";31
"2019-12-27 14:00:00";34
"2019-12-27 14:30:00";33
"2019-12-27 15:00:00";34
"2019-12-27 15:30:00";33
"2019-12-27 16:00:00";34
"2019-12-27 16:30:00";35
"2019-12-27 17:00:00";34
"2019-12-27 17:30:00";35
"2019-12-27 18:00:00";35
"2019-12-27 18:30:00";34
"2019-12-27 19:30:00";33
"2019-12-27 20:00:00";35
"2019-12-27 20:30:00";35
"2019-12-27 21:00:00";34
"2019-12-27 22:00:00";36
"2019-12-27 23:00:00";33
"2019-12-28 00:00:00";34
"2019-12-28 01:30:00";33
"2019-12-28 02:30:00";33
"2019-12-28 03:00:00";33
"2019-12-28 04:00:00";34
"2019-12-28 05:00:00";32
"2019-12-28 05:30:00";32
"2019-12-28 06:00:00";32
"2019-12-28 06:30:00";33
"2019-12-28 07:00:00";33
"2019-12-28 07:30:00";33
"2019-12-28 08:00:00";32
"2019-12-28 08:30:00";33
"2019-12-28 09:30:00";30
"2019-12-28 10:30:00";34
"2019-12-28 11:00:00";29
"2019-12-28 11:30:00";27
"2019-12-28 12:00:00";26
"2019-12-28 12:30:00";27
"2019-12-28 13:00:00";27
"2019-12-28 14:00:00";29
"2019-12-28 14:30:00";32
"2019-12-28 15:00:00";32
"2019-12-28 15:30:00";32
"2019-12-28 16:00:00";33
"2019-12-28 16:30:00";33
"2019-12-28 17:00:00";32
"2019-12-28 17:30:00";33
"2019-12-28 18:00:00";31
"2019-12-28 18:30:00";32
"2019-12-28 19:00:00";34
"2019-12-28 19:30:00";33
"2019-12-28 20:00:00";33
"2019-12-28 20:30:00";32
"2019-12-28 21:00:00";32
"2019-12-28 21:30:00";32
"2019-12-28 22:00:00";33
"2019-12-28 22:30:00";34
"2019-12-28 23:00:00";33
"2019-12-28 23:30:00";32
"2019-12-29 01:00:00";33
"2019-12-29 01:30:00";30
"2019-12-29 02:00:00";33
"2019-12-29 02:30:00";31
"2019-12-29 03:00:00";32
"2019-12-29 03:30:00";32
"2019-12-29 04:30:00";32
"2019-12-29 05:00:00";31
"2019-12-29 05:30:00";32
"2019-12-29 06:00:00";32
"2019-12-29 06:30:00";31
"2019-12-29 07:00:00";31
"2019-12-29 07:30:00";32
"2019-12-29 08:00:00";29
"2019-12-29 08:30:00";30
"2019-12-29 09:00:00";32
"2019-12-29 09:30:00";31
"2019-12-29 10:00:00";33
"2019-12-29 10:30:00";31
"2019-12-29 11:00:00";27
"2019-12-29 11:30:00";27
"2019-12-29 12:00:00";27
"2019-12-29 12:30:00";27
"2019-12-29 13:00:00";22
"2019-12-29 13:30:00";28
"2019-12-29 14:00:00";30
"2019-12-29 14:30:00";30
"2019-12-29 15:00:00";30
"2019-12-29 15:30:00";31
"2019-12-29 16:00:00";32
"2019-12-29 16:30:00";31
"2019-12-29 17:00:00";31
"2019-12-29 17:30:00";32
"2019-12-29 18:00:00";30
"2019-12-29 18:30:00";30
"2019-12-29 19:00:00";31
"2019-12-29 19:30:00";33
"2019-12-29 20:00:00";32
"2019-12-29 20:30:00";32
"2019-12-29 21:00:00";32
"2019-12-29 21:30:00";32
"2019-12-29 22:00:00";32
"2019-12-29 22:30:00";32
"2019-12-29 23:00:00";31
"2019-12-29 23:30:00";31
"2019-12-30 00:00:00";33
"2019-12-30 01:00:00";31
"2019-12-30 01:30:00";32
"2019-12-30 02:00:00";32
"2019-12-30 02:30:00";32
"2019-12-30 03:00:00";32
"2019-12-30 04:00:00";31
"2019-12-30 04:30:00";31
"2019-12-30 05:00:00";33
"2019-12-30 05:30:00";31
"2019-12-30 06:00:00";31
"2019-12-30 06:30:00";32
"2019-12-30 07:00:00";30
"2019-12-30 07:30:00";32
"2019-12-30 08:00:00";30
"2019-12-30 08:30:00";30
"2019-12-30 09:00:00";30
"2019-12-30 09:30:00";30
"2019-12-30 10:00:00";32
"2019-12-30 10:30:00";30
"2019-12-30 11:00:00";27
"2019-12-30 11:30:00";26
"2019-12-30 12:00:00";29
"2019-12-30 12:30:00";27
"2019-12-30 13:00:00";26
"2019-12-30 13:30:00";28
"2019-12-30 14:00:00";29
"2019-12-30 14:30:00";31
"2019-12-30 15:00:00";31
"2019-12-30 15:30:00";31
"2019-12-30 16:00:00";32
"2019-12-30 16:30:00";31
"2019-12-30 17:30:00";31
"2019-12-30 18:00:00";31
"2019-12-30 18:30:00";33
"2019-12-30 19:00:00";31
"2019-12-30 19:30:00";33
"2019-12-30 20:00:00";31
"2019-12-30 20:30:00";32
"2019-12-30 21:00:00";32
"2019-12-30 21:30:00";30
"2019-12-30 22:00:00";30
"2019-12-30 22:30:00";31
"2019-12-30 23:30:00";31
"2019-12-31 00:00:00";32
"2019-12-31 01:30:00";32
"2019-12-31 02:00:00";31
"2019-12-31 02:30:00";30
"2019-12-31 03:00:00";32
"2019-12-31 04:00:00";32
"2019-12-31 04:30:00";32
"2019-12-31 05:00:00";31
"2019-12-31 06:00:00";30
"2019-12-31 07:00:00";30
"2019-12-31 07:30:00";33
"2019-12-31 08:00:00";32
"2019-12-31 08:30:00";32
"2019-12-31 09:00:00";30
"2019-12-31 09:30:00";31
"2019-12-31 10:00:00";33
"2019-12-31 11:00:00";30
"2019-12-31 11:30:00";29
"2019-12-31 12:00:00";29
"2019-12-31 12:30:00";29
"2019-12-31 13:00:00";28
"2019-12-31 13:30:00";28
"2019-12-31 14:00:00";28
"2019-12-31 14:30:00";30
"2019-12-31 15:00:00";30
"2019-12-31 15:30:00";30
"2019-12-31 16:00:00";30
"2019-12-31 16:30:00";30
"2019-12-31 17:00:00";30
"2019-12-31 17:30:00";32
"2019-12-31 18:00:00";30
"2019-12-31 18:30:00";32
"2019-12-31 19:00:00";31
"2019-12-31 19:30:00";31
"2019-12-31 20:00:00";32
"2019-12-31 20:30:00";31
"2019-12-31 21:00:00";32
"2019-12-31 21:30:00";31
"2019-12-31 22:00:00";33
"2019-12-31 22:30:00";31
"2019-12-31 23:00:00";33
"2019-12-31 23:30:00";33
"2020-01-01 00:00:00";33
"2020-01-01 01:00:00";32
"2020-01-01 02:00:00";30
"2020-01-01 02:30:00";32
"2020-01-01 03:00:00";31
"2020-01-01 03:30:00";33
"2020-01-01 04:30:00";32
"2020-01-01 05:00:00";33
"2020-01-01 05:30:00";32
"2020-01-01 06:00:00";32
"2020-01-01 06:30:00";33
"2020-01-01 07:00:00";32
"2020-01-01 07:30:00";30
"2020-01-01 08:00:00";32
"2020-01-01 08:30:00";31
"2020-01-01 09:30:00";31
"2020-01-01 10:00:00";33
"2020-01-01 10:30:00";33
"2020-01-01 11:00:00";30
"2020-01-01 11:30:00";29
"2020-01-01 12:00:00";27
"2020-01-01 12:30:00";28
"2020-01-01 13:00:00";25
"2020-01-01 13:30:00";26
"2020-01-01 14:00:00";26
"2020-01-01 15:00:00";30
"2020-01-01 15:30:00";30
"2020-01-01 16:00:00";32
"2020-01-01 16:30:00";30
"2020-01-01 17:00:00";31
"2020-01-01 18:00:00";32
"2020-01-01 18:30:00";31
"2020-01-01 19:00:00";30
"2020-01-01 19:30:00";32
"2020-01-01 20:00:00";30
"2020-01-01 20:30:00";31
"2020-01-01 21:00:00";31
"2020-01-01 21:30:00";32
"2020-01-01 22:00:00";31
"2020-01-01 22:30:00";31
"2020-01-01 23:00:00";31
"2020-01-02 00:00:00";29
"2020-01-02 01:00:00";31
"2020-01-02 02:00:00";32
"2020-01-02 03:00:00";31
"2020-01-02 03:30:00";30
"2020-01-02 04:00:00";30
"2020-01-02 04:30:00";30
"2020-01-02 05:00:00";30
"2020-01-02 05:30:00";30
"2020-01-02 06:00:00";31
"2020-01-02 06:30:00";31
"2020-01-02 07:00:00";30
"2020-01-02 07:30:00";31
"2020-01-02 08:30:00";31
"2020-01-02 09:00:00";32
"2020-01-02 09:30:00";32
"2020-01-02 10:00:00";31
"2020-01-02 10:30:00";31
"2020-01-02 11:00:00";29
"2020-01-02 11:30:00";28
"2020-01-02 12:00:00";28
"2020-01-02 12:30:00";27
"2020-01-02 13:00:00";25
"2020-01-02 13:30:00";25
"2020-01-02 14:00:00";27
"2020-01-02 14:30:00";29
"2020-01-02 15:30:00";30
"2020-01-02 16:30:00";31
"2020-01-02 17:00:00";29
"2020-01-02 17:30:00";31
"2020-01-02 18:00:00";31
"2020-01-02 18:30:00";30
"2020-01-02 19:00:00";31
"2020-01-02 19:30:00";30
"2020-01-02 20:00:00";29
"2020-01-02 20:30:00";29
"2020-01-02 21:00:00";32
"2020-01-02 21:30:00";30
"2020-01-02 22:00:00";31
"2020-01-02 22:30:00";29
"2020-01-02 23:00:00";30
"2020-01-02 23:30:00";31
"2020-01-03 00:00:00";29
"2020-01-03 01:00:00";31
"2020-01-03 01:30:00";31
"2020-01-03 02:00:00";31
"2020-01-03 02:30:00";30
"2020-01-03 03:00:00";30
"2020-01-03 03:30:00";31
"2020-01-03 04:00:00";31
"2020-01-03 04:30:00";31
"2020-01-03 05:00:00";31
"2020-01-03 05:30:00";31
"2020-01-03 06:00:00";30
"2020-01-03 06:30:00";29
"2020-01-03 07:00:00";30
"2020-01-03 07:30:00";30
"2020-01-03 08:00:00";31
"2020-01-03 08:30:00";30
"2020-01-03 09:00:00";30
"2020-01-03 09:30:00";31
"2020-01-03 10:00:00";30
"2020-01-03 10:30:00";33
"2020-01-03 11:00:00";31
"2020-01-03 11:30:00";30
"2020-01-03 12:00:00";30
"2020-01-03 12:30:00";31
"2020-01-03 13:00:00";31
"2020-01-03 13:30:00";30
"2020-01-03 14:00:00";31
"2020-01-03 14:30:00";30
"2020-01-03 15:00:00";30
"2020-01-03 15:30:00";30
"2020-01-03 16:00:00";30
"2020-01-03 16:30:00";30
"2020-01-03 17:00:00";29
"2020-01-03 17:30:00";29
"2020-01-03 18:00:00";30
"2020-01-03 18:30:00";30
"2020-01-03 19:00:00";29
"2020-01-03 19:30:00";30
"2020-01-03 20:00:00";30
"2020-01-03 20:30:00";30
"2020-01-03 21:00:00";28
"2020-01-03 21:30:00";30
"2020-01-03 22:00:00";29
"2020-01-03 22:30:00";30
"2020-01-03 23:00:00";30
"2020-01-03 23:30:00";30
"2020-01-04 00:00:00";30
"2020-01-04 02:00:00";28
"2020-01-04 02:30:00";30
"2020-01-04 03:00:00";30
"2020-01-04 03:30:00";29
"2020-01-04 04:00:00";28
"2020-01-04 04:30:00";29
"2020-01-04 05:00:00";30
"2020-01-04 05:30:00";29
"2020-01-04 06:00:00";30
"2020-01-04 06:30:00";30
"2020-01-04 07:00:00";30
"2020-01-04 07:30:00";29
"2020-01-04 08:00:00";27
"2020-01-04 08:30:00";27
"2020-01-04 09:00:00";28
"2020-01-04 09:30:00";29
"2020-01-04 10:00:00";31
"2020-01-04 10:30:00";28
"2020-01-04 11:00:00";27
"2020-01-04 11:30:00";27
"2020-01-04 12:00:00";24
"2020-01-04 12:30:00";26
"2020-01-04 13:00:00";26
"2020-01-04 13:30:00";25
"2020-01-04 14:00:00";26
"2020-01-04 14:30:00";28
"2020-01-04 15:30:00";28
"2020-01-04 16:00:00";27
"2020-01-04 16:30:00";28
"2020-01-04 17:00:00";29
"2020-01-04 17:30:00";28
"2020-01-04 18:00:00";30
"2020-01-04 18:30:00";28
"2020-01-04 19:00:00";27
"2020-01-04 19:30:00";28
"2020-01-04 20:00:00";30
"2020-01-04 20:30:00";30
"2020-01-04 21:00:00";27
"2020-01-04 21:30:00";29
"2020-01-04 22:00:00";28
"2020-01-04 22:30:00";29
"2020-01-04 23:00:00";29
"2020-01-04 23:30:00";28
"2020-01-05 00:00:00";29
"2020-01-05 01:00:00";28
"2020-01-05 01:30:00";28
"2020-01-05 02:00:00";27
"2020-01-05 02:30:00";28
"2020-01-05 03:00:00";28
"2020-01-05 03:30:00";30
"2020-01-05 04:00:00";27
"2020-01-05 04:30:00";29
"2020-01-05 05:00:00";28
"2020-01-05 05:30:00";27
"2020-01-05 06:00:00";29
"2020-01-05 06:30:00";30
"2020-01-05 07:00:00";27
"2020-01-05 07:30:00";28
"2020-01-05 08:00:00";29
"2020-01-05 08:30:00";28
"2020-01-05 09:00:00";28
"2020-01-05 09:30:00";28
"2020-01-05 10:00:00";30
"2020-01-05 11:00:00";25
"2020-01-05 11:30:00";24
"2020-01-05 12:00:00";23
"2020-01-05 13:00:00";21
"2020-01-05 14:00:00";24
"2020-01-05 15:00:00";27
"2020-01-05 15:30:00";26
"2020-01-05 16:00:00";28
"2020-01-05 16:30:00";26
"2020-01-05 17:00:00";27
"2020-01-05 17:30:00";28
"2020-01-05 18:00:00";29
"2020-01-05 18:30:00";29
"2020-01-05 19:00:00";27
"2020-01-05 19:30:00";29
"2020-01-05 20:00:00";28
"2020-01-05 20:30:00";29
"2020-01-05 21:00:00";27
"2020-01-05 21:30:00";29
"2020-01-05 22:00:00";27
"2020-01-05 22:30:00";29
"2020-01-05 23:00:00";29
"2020-01-05 23:30:00";29
"2020-01-06 00:00:00";27
"2020-01-06 01:00:00";28
"2020-01-06 01:30:00";28
"2020-01-06 02:00:00";27
"2020-01-06 02:30:00";27
"2020-01-06 03:00:00";28
"2020-01-06 03:30:00";29
"2020-01-06 04:00:00";28
"2020-01-06 04:30:00";28
"2020-01-06 05:00:00";27
"2020-01-06 05:30:00";27
"2020-01-06 06:00:00";26
"2020-01-06 06:30:00";27
"2020-01-06 07:00:00";27
"2020-01-06 07:30:00";27
"2020-01-06 08:00:00";27
"2020-01-06 08:30:00";28
"2020-01-06 09:30:00";28
"2020-01-06 10:00:00";29
"2020-01-06 10:30:00";27
"2020-01-06 11:00:00";24
"2020-01-06 11:30:00";23
"2020-01-06 12:00:00";23
"2020-01-06 12:30:00";22
"2020-01-06 13:00:00";22
"2020-01-06 13:30:00";22
"2020-01-06 14:00:00";25
"2020-01-06 14:30:00";26
"2020-01-06 15:00:00";27
"2020-01-06 15:30:00";27
"2020-01-06 16:00:00";27
"2020-01-06 16:30:00";26
"2020-01-06 17:00:00";26
"2020-01-06 17:30:00";27
"2020-01-06 18:00:00";27
"2020-01-06 18:30:00";27
"2020-01-06 19:00:00";28
"2020-01-06 19:30:00";26
"2020-01-06 20:00:00";29
"2020-01-06 20:30:00";26
"2020-01-06 21:00:00";26
"2020-01-06 21:30:00";28
"2020-01-06 22:00:00";26
"2020-01-06 22:30:00";26
"2020-01-06 23:00:00";27
"2020-01-06 23:30:00";26
"2020-01-07 00:00:00";26
"2020-01-07 01:00:00";26
"2020-01-07 01:30:00";28
"2020-01-07 02:00:00";28
"2020-01-07 02:30:00";26
"2020-01-07 03:00:00";27
"2020-01-07 04:00:00";26
"2020-01-07 04:30:00";28
"2020-01-07 05:00:00";27
"2020-01-07 05:30:00";27
"2020-01-07 06:00:00";28
"2020-01-07 06:30:00";26
"2020-01-07 07:00:00";27
"2020-01-07 07:30:00";28
"2020-01-07 08:00:00";27
"2020-01-07 08:30:00";28
"2020-01-07 09:00:00";27
"2020-01-07 09:30:00";28
"2020-01-07 10:00:00";27
"2020-01-07 10:30:00";27
"2020-01-07 11:00:00";24
"2020-01-07 11:30:00";21
"2020-01-07 12:00:00";22
"2020-01-07 12:30:00";24
"2020-01-07 13:00:00";23
"2020-01-07 13:30:00";22
"2020-01-07 14:00:00";25
"2020-01-07 14:30:00";25
"2020-01-07 15:00:00";27
"2020-01-07 15:30:00";28
"2020-01-07 16:00:00";27
"2020-01-07 16:30:00";28
"2020-01-07 17:00:00";28
"2020-01-07 17:30:00";29
"2020-01-07 18:00:00";29
"2020-01-07 18:30:00";28
"2020-01-07 19:00:00";28
"2020-01-07 19:30:00";28
"2020-01-07 20:00:00";28
"2020-01-07 20:30:00";28
"2020-01-07 21:00:00";27
"2020-01-07 21:30:00";27
"2020-01-07 22:00:00";27
"2020-01-07 22:30:00";28
"2020-01-07 23:00:00";28
"2020-01-07 23:30:00";28
"2020-01-08 00:00:00";28
"2020-01-08 01:00:00";28
"2020-01-08 01:30:00";26
"2020-01-08 02:00:00";28
"2020-01-08 02:30:00";27
"2020-01-08 03:00:00";28
"2020-01-08 03:30:00";27
"2020-01-08 04:00:00";26
"2020-01-08 04:30:00";26
"2020-01-08 05:00:00";27
"2020-01-08 05:30:00";27
"2020-01-08 06:00:00";27
"2020-01-08 06:30:00";27
"2020-01-08 07:00:00";27
"2020-01-08 07:30:00";26
"2020-01-08 08:00:00";27
"2020-01-08 08:30:00";26
"2020-01-08 09:00:00";26
"2020-01-08 09:30:00";27
"2020-01-08 10:00:00";29
"2020-01-08 10:30:00";26
"2020-01-08 11:00:00";25
"2020-01-08 11:30:00";23
"2020-01-08 12:00:00";24
"2020-01-08 12:30:00";25
"2020-01-08 13:00:00";23
"2020-01-08 13:30:00";22
"2020-01-08 14:00:00";25
"2020-01-08 14:30:00";25
"2020-01-08 15:00:00";25
"2020-01-08 15:30:00";26
"2020-01-08 16:00:00";25
"2020-01-08 16:30:00";27
"2020-01-08 17:00:00";28
"2020-01-08 17:30:00";28
"2020-01-08 18:00:00";26
"2020-01-08 18:30:00";27
"2020-01-08 19:00:00";28
"2020-01-08 19:30:00";26
"2020-01-08 20:00:00";27
"2020-01-08 20:30:00";28
"2020-01-08 21:00:00";27
"2020-01-08 21:30:00";28
"2020-01-08 22:00:00";28
"2020-01-08 22:30:00";28
"2020-01-08 23:00:00";26
"2020-01-08 23:30:00";26
"2020-01-09 00:00:00";28
"2020-01-09 01:00:00";27
"2020-01-09 01:30:00";28
"2020-01-09 02:00:00";27
"2020-01-09 02:30:00";27
"2020-01-09 03:00:00";27
"2020-01-09 03:30:00";27
"2020-01-09 04:00:00";28
"2020-01-09 04:30:00";27
"2020-01-09 05:00:00";26
"2020-01-09 05:30:00";28
"2020-01-09 06:00:00";27
"2020-01-09 06:30:00";27
"2020-01-09 07:00:00";28
"2020-01-09 07:30:00";27
"2020-01-09 08:00:00";28
"2020-01-09 08:30:00";27
"2020-01-09 09:00:00";28
"2020-01-09 09:30:00";27
"2020-01-09 10:00:00";29
"2020-01-09 10:30:00";26
"2020-01-09 11:00:00";24
"2020-01-09 11:30:00";24
"2020-01-09 12:00:00";21
"2020-01-09 12:30:00";19
"2020-01-09 13:30:00";21
"2020-01-09 14:00:00";23
"2020-01-09 14:30:00";25
"2020-01-09 15:00:00";27
"2020-01-09 15:30:00";26
"2020-01-09 16:00:00";27
"2020-01-09 16:30:00";26
"2020-01-09 17:00:00";27
"2020-01-09 17:30:00";28
"2020-01-09 18:00:00";27
"2020-01-09 18:30:00";27
"2020-01-09 19:00:00";28
"2020-01-09 19:30:00";28
"2020-01-09 20:00:00";28
"2020-01-09 20:30:00";27
"2020-01-09 21:00:00";27
"2020-01-09 21:30:00";29
"2020-01-09 22:00:00";29
"2020-01-09 22:30:00";28
"2020-01-09 23:00:00";28
"2020-01-09 23:30:00";28
"2020-01-10 00:00:00";28
"2020-01-10 01:00:00";27
"2020-01-10 01:30:00";27
"2020-01-10 02:00:00";27
"2020-01-10 02:30:00";28
"2020-01-10 03:00:00";28
"2020-01-10 03:30:00";27
"2020-01-10 04:00:00";28
"2020-01-10 04:30:00";27
"2020-01-10 05:00:00";27
"2020-01-10 05:30:00";27
"2020-01-10 06:00:00";26
"2020-01-10 06:30:00";27
"2020-01-10 07:00:00";28
"2020-01-10 07:30:00";27
"2020-01-10 08:00:00";29
"2020-01-10 08:30:00";28
"2020-01-10 09:00:00";28
"2020-01-10 09:30:00";28
"2020-01-10 10:00:00";27
"2020-01-10 10:30:00";27
"2020-01-10 11:00:00";26
"2020-01-10 11:30:00";26
"2020-01-10 12:00:00";25
"2020-01-10 13:00:00";24
"2020-01-10 13:30:00";23
"2020-01-10 14:00:00";25
"2020-01-10 14:30:00";27
"2020-01-10 15:00:00";25
"2020-01-10 15:30:00";26
"2020-01-10 16:00:00";27
"2020-01-10 17:00:00";27
"2020-01-10 17:30:00";26
"2020-01-10 18:00:00";26
"2020-01-10 18:30:00";25
"2020-01-10 19:00:00";27
"2020-01-10 19:30:00";27
"2020-01-10 20:00:00";26
"2020-01-10 20:30:00";26
"2020-01-10 21:00:00";26
"2020-01-10 21:30:00";28
"2020-01-10 22:00:00";28
"2020-01-10 22:30:00";26
"2020-01-10 23:00:00";28
"2020-01-10 23:30:00";27
"2020-01-11 00:00:00";25
"2020-01-11 02:00:00";26
"2020-01-11 02:30:00";26
"2020-01-11 03:00:00";27
"2020-01-11 03:30:00";26
"2020-01-11 04:00:00";28
"2020-01-11 04:30:00";27
"2020-01-11 05:00:00";25
"2020-01-11 05:30:00";28
"2020-01-11 06:00:00";26
"2020-01-11 06:30:00";25
"2020-01-11 07:00:00";25
"2020-01-11 07:30:00";27
"2020-01-11 08:00:00";26
"2020-01-11 08:30:00";26
"2020-01-11 09:00:00";25
"2020-01-11 09:30:00";25
"2020-01-11 10:00:00";26
"2020-01-11 10:30:00";25
"2020-01-11 11:00:00";24
"2020-01-11 11:30:00";24
"2020-01-11 12:00:00";23
"2020-01-11 12:30:00";22
"2020-01-11 13:00:00";22
"2020-01-11 13:30:00";21
"2020-01-11 14:00:00";23
"2020-01-11 14:30:00";24
"2020-01-11 15:00:00";24
"2020-01-11 15:30:00";25
"2020-01-11 16:00:00";25
"2020-01-11 16:30:00";26
"2020-01-11 17:00:00";25
"2020-01-11 17:30:00";24
"2020-01-11 18:00:00";26
"2020-01-11 18:30:00";25
"2020-01-11 19:00:00";26
"2020-01-11 19:30:00";25
"2020-01-11 20:00:00";26
"2020-01-11 20:30:00";25
"2020-01-11 21:00:00";26
"2020-01-11 21:30:00";26
"2020-01-11 22:00:00";25
"2020-01-11 22:30:00";26
"2020-01-11 23:00:00";26
"2020-01-11 23:30:00";26
"2020-01-12 00:00:00";26
"2020-01-12 01:00:00";25
"2020-01-12 01:30:00";25
"2020-01-12 02:00:00";25
"2020-01-12 02:30:00";26
"2020-01-12 03:00:00";26
"2020-01-12 03:30:00";26
"2020-01-12 04:00:00";25
"2020-01-12 04:30:00";25
"2020-01-12 05:00:00";24
"2020-01-12 05:30:00";25
"2020-01-12 06:00:00";25
"2020-01-12 06:30:00";25
"2020-01-12 07:30:00";24
"2020-01-12 08:00:00";24
"2020-01-12 08:30:00";25
"2020-01-12 09:00:00";25
"2020-01-12 09:30:00";26
"2020-01-12 10:00:00";25
"2020-01-12 10:30:00";24
"2020-01-12 11:00:00";20
"2020-01-12 11:30:00";20
"2020-01-12 12:00:00";21
"2020-01-12 12:30:00";20
"2020-01-12 13:00:00";19
"2020-01-12 13:30:00";22
"2020-01-12 14:00:00";22
"2020-01-12 14:30:00";23
"2020-01-12 15:00:00";23
"2020-01-12 15:30:00";24
"2020-01-12 16:00:00";24
"2020-01-12 16:30:00";24
"2020-01-12 17:00:00";25
"2020-01-12 17:30:00";26
"2020-01-12 18:00:00";25
"2020-01-12 18:30:00";26
"2020-01-12 19:00:00";26
"2020-01-12 19:30:00";25
"2020-01-12 20:00:00";25
"2020-01-12 20:30:00";25
"2020-01-12 21:00:00";25
"2020-01-12 21:30:00";25
"2020-01-12 22:00:00";25
"2020-01-12 22:30:00";25
"2020-01-12 23:00:00";25
"2020-01-12 23:30:00";26
"2020-01-13 00:00:00";24
"2020-01-13 01:00:00";26
"2020-01-13 01:30:00";25
"2020-01-13 02:00:00";25
"2020-01-13 02:30:00";24
"2020-01-13 03:00:00";25
"2020-01-13 03:30:00";25
"2020-01-13 04:00:00";24
"2020-01-13 04:30:00";25
"2020-01-13 05:00:00";24
"2020-01-13 05:30:00";25
"2020-01-13 06:00:00";25
"2020-01-13 06:30:00";25
"2020-01-13 07:00:00";24
"2020-01-13 07:30:00";26
"2020-01-13 08:00:00";26
"2020-01-13 08:30:00";25
"2020-01-13 09:00:00";24
"2020-01-13 09:30:00";24
"2020-01-13 10:00:00";26
"2020-01-13 10:30:00";24
"2020-01-13 11:00:00";21
"2020-01-13 11:30:00";20
"2020-01-13 12:00:00";21
"2020-01-13 12:30:00";20
"2020-01-13 13:00:00";18
"2020-01-13 13:30:00";19
"2020-01-13 14:00:00";21
"2020-01-13 14:30:00";23
"2020-01-13 15:00:00";23
"2020-01-13 15:30:00";25
"2020-01-13 16:00:00";24
"2020-01-13 16:30:00";25
"2020-01-13 17:00:00";23
"2020-01-13 17:30:00";24
"2020-01-13 18:00:00";24
"2020-01-13 18:30:00";24
"2020-01-13 19:00:00";25
"2020-01-13 19:30:00";24
"2020-01-13 20:00:00";25
"2020-01-13 20:30:00";24
"2020-01-13 21:00:00";25
"2020-01-13 21:30:00";23
"2020-01-13 22:30:00";23
"2020-01-13 23:00:00";24
"2020-01-13 23:30:00";24
"2020-01-14 00:00:00";25
"2020-01-14 01:00:00";24
"2020-01-14 01:30:00";24
"2020-01-14 02:00:00";23
"2020-01-14 02:30:00";25
"2020-01-14 03:00:00";24
"2020-01-14 03:30:00";23
"2020-01-14 04:00:00";23
"2020-01-14 04:30:00";25
"2020-01-14 05:00:00";24
"2020-01-14 05:30:00";24
"2020-01-14 06:00:00";25
"2020-01-14 06:30:00";23
"2020-01-14 07:00:00";24
"2020-01-14 07:30:00";23
"2020-01-14 08:00:00";24
"2020-01-14 08:30:00";23
"2020-01-14 09:00:00";24
"2020-01-14 09:30:00";22
"2020-01-14 10:00:00";23
"2020-01-14 10:30:00";22
"2020-01-14 11:30:00";19
"2020-01-14 12:00:00";19
"2020-01-14 12:30:00";18
"2020-01-14 13:00:00";16
"2020-01-14 13:30:00";18
"2020-01-14 14:00:00";19
"2020-01-14 14:30:00";22
"2020-01-14 15:00:00";22
"2020-01-14 15:30:00";23
"2020-01-14 16:00:00";25
"2020-01-14 16:30:00";22
"2020-01-14 17:00:00";25
"2020-01-14 17:30:00";25
"2020-01-14 18:00:00";24
"2020-01-14 18:30:00";24
"2020-01-14 19:00:00";24
"2020-01-14 19:30:00";25
"2020-01-14 20:00:00";24
"2020-01-14 20:30:00";24
"2020-01-14 21:00:00";24
"2020-01-14 21:30:00";24
"2020-01-14 22:00:00";24
"2020-01-14 22:30:00";23
"2020-01-14 23:00:00";24
"2020-01-14 23:30:00";23
"2020-01-15 00:00:00";24
"2020-01-15 01:00:00";23
"2020-01-15 01:30:00";23
"2020-01-15 02:00:00";24
"2020-01-15 02:30:00";22
"2020-01-15 03:00:00";23
"2020-01-15 03:30:00";24
"2020-01-15 04:00:00";24
"2020-01-15 04:30:00";23
"2020-01-15 05:00:00";24
"2020-01-15 05:30:00";25
"2020-01-15 06:00:00";23
"2020-01-15 06:30:00";24
"2020-01-15 07:00:00";22
"2020-01-15 07:30:00";24
"2020-01-15 08:00:00";23
"2020-01-15 08:30:00";24
"2020-01-15 09:30:00";23
"2020-01-15 10:00:00";23
"2020-01-15 11:00:00";20
"2020-01-15 12:00:00";20
"2020-01-15 12:30:00";19
"2020-01-15 13:00:00";18
"2020-01-15 13:30:00";18
"2020-01-15 14:00:00";21
"2020-01-15 14:30:00";20
"2020-01-15 15:00:00";22
"2020-01-15 15:30:00";23
"2020-01-15 16:00:00";22
"2020-01-15 16:30:00";22
"2020-01-15 17:00:00";22
"2020-01-15 17:30:00";23
"2020-01-15 18:00:00";24
"2020-01-15 18:30:00";24
"2020-01-15 19:00:00";23
"2020-01-15 19:30:00";22
"2020-01-15 20:00:00";24
"2020-01-15 20:30:00";23
"2020-01-15 21:00:00";23
"2020-01-15 21:30:00";24
"2020-01-15 22:00:00";23
"2020-01-15 22:30:00";24
"2020-01-15 23:00:00";23
"2020-01-15 23:30:00";22
"2020-01-16 00:00:00";23
"2020-01-16 01:00:00";24
"2020-01-16 01:30:00";24
"2020-01-16 02:00:00";23
"2020-01-16 02:30:00";24
"2020-01-16 03:00:00";23
"2020-01-16 03:30:00";23
"2020-01-16 04:00:00";22
"2020-01-16 04:30:00";24
"2020-01-16 05:00:00";23
"2020-01-16 05:30:00";23
"2020-01-16 06:00:00";23
"2020-01-16 06:30:00";22
"2020-01-16 07:00:00";24
"2020-01-16 07:30:00";23
"2020-01-16 08:00:00";23
"2020-01-16 08:30:00";23
"2020-01-16 09:00:00";23
"2020-01-16 09:30:00";23
"2020-01-16 10:00:00";24
"2020-01-16 10:30:00";23
"2020-01-16 11:00:00";21
"2020-01-16 11:30:00";19
"2020-01-16 12:00:00";18
"2020-01-16 12:30:00";19
"2020-01-16 13:00:00";20
"2020-01-16 13:30:00";18
"2020-01-16 14:00:00";21
"2020-01-16 14:30:00";22
"2020-01-16 15:00:00";21
"2020-01-16 15:30:00";22
"2020-01-16 16:00:00";23
"2020-01-16 16:30:00";23
"2020-01-16 17:00:00";23
"2020-01-16 17:30:00";24
"2020-01-16 18:00:00";24
"2020-01-16 18:30:00";23
"2020-01-16 19:00:00";25
"2020-01-16 19:30:00";23
"2020-01-16 20:00:00";23
"2020-01-16 20:30:00";24
"2020-01-16 21:00:00";24
"2020-01-16 21:30:00";22
"2020-01-16 22:00:00";22
"2020-01-16 22:30:00";24
"2020-01-16 23:00:00";23
"2020-01-16 23:30:00";22
"2020-01-17 00:00:00";22
"2020-01-17 01:00:00";21
"2020-01-17 01:30:00";22
"2020-01-17 02:00:00";23
"2020-01-17 02:30:00";22
"2020-01-17 03:00:00";23
"2020-01-17 03:30:00";23
"2020-01-17 04:00:00";22
"2020-01-17 04:30:00";23
"2020-01-17 05:00:00";23
"2020-01-17 05:30:00";23
"2020-01-17 06:00:00";23
"2020-01-17 06:30:00";22
"2020-01-17 07:00:00";25
"2020-01-17 07:30:00";23
"2020-01-17 08:00:00";23
"2020-01-17 08:30:00";22
"2020-01-17 09:00:00";23
"2020-01-17 09:30:00";22
"2020-01-17 10:00:00";24
"2020-01-17 11:00:00";21
"2020-01-17 11:30:00";19
"2020-01-17 12:00:00";21
"2020-01-17 12:30:00";22
"2020-01-17 13:00:00";22
"2020-01-17 13:30:00";22
"2020-01-17 14:00:00";24
"2020-01-17 14:30:00";22
"2020-01-17 15:00:00";21
"2020-01-17 15:30:00";22
"2020-01-17 16:00:00";23
"2020-01-17 16:30:00";22
"2020-01-17 17:00:00";22
"2020-01-17 17:30:00";23
"2020-01-17 18:00:00";23
"2020-01-17 18:30:00";23
"2020-01-17 19:00:00";23
"2020-01-17 19:30:00";23
"2020-01-17 20:00:00";24
"2020-01-17 20:30:00";23
"2020-01-17 21:00:00";22
"2020-01-17 21:30:00";23
"2020-01-17 22:00:00";23
"2020-01-17 23:00:00";22
"2020-01-17 23:30:00";23
"2020-01-18 00:00:00";23
"2020-01-18 02:00:00";22
"2020-01-18 02:30:00";23
"2020-01-18 03:00:00";22
"2020-01-18 03:30:00";21
"2020-01-18 04:00:00";23
"2020-01-18 04:30:00";22
"2020-01-18 05:00:00";22
"2020-01-18 05:30:00";22
"2020-01-18 06:00:00";23
"2020-01-18 06:30:00";23
"2020-01-18 07:00:00";20
"2020-01-18 08:00:00";24
"2020-01-18 08:30:00";22
"2020-01-18 09:00:00";22
"2020-01-18 09:30:00";21
"2020-01-18 10:00:00";22
"2020-01-18 11:00:00";18
"2020-01-18 11:30:00";17
"2020-01-18 12:00:00";17
"2020-01-18 12:30:00";18
"2020-01-18 13:00:00";14
"2020-01-18 13:30:00";16
"2020-01-18 14:00:00";18
"2020-01-18 14:30:00";19
"2020-01-18 15:00:00";21
"2020-01-18 15:30:00";22
"2020-01-18 16:00:00";20
"2020-01-18 16:30:00";20
"2020-01-18 17:00:00";21
"2020-01-18 17:30:00";21
"2020-01-18 18:00:00";21
"2020-01-18 18:30:00";20
"2020-01-18 19:00:00";22
"2020-01-18 19:30:00";22
"2020-01-18 20:00:00";21
"2020-01-18 20:30:00";20
"2020-01-18 21:00:00";21
"2020-01-18 21:30:00";20
"2020-01-18 22:00:00";21
"2020-01-18 22:30:00";21
"2020-01-18 23:00:00";20
"2020-01-18 23:30:00";20
"2020-01-19 00:00:00";21
"2020-01-19 01:00:00";21
"2020-01-19 01:30:00";21
"2020-01-19 02:00:00";21
"2020-01-19 02:30:00";20
"2020-01-19 03:00:00";21
"2020-01-19 03:30:00";21
"2020-01-19 04:00:00";21
"2020-01-19 04:30:00";21
"2020-01-19 05:00:00";20
"2020-01-19 05:30:00";20
"2020-01-19 06:00:00";20
"2020-01-19 06:30:00";21
"2020-01-19 07:00:00";22
"2020-01-19 07:30:00";19
"2020-01-19 08:00:00";20
"2020-01-19 08:30:00";21
"2020-01-19 09:00:00";19
"2020-01-19 09:30:00";19
"2020-01-19 10:00:00";21
"2020-01-19 11:00:00";18
"2020-01-19 11:30:00";17
"2020-01-19 12:00:00";16
"2020-01-19 12:30:00";15
"2020-01-19 13:00:00";13
"2020-01-19 13:30:00";17
"2020-01-19 14:00:00";20
"2020-01-19 14:30:00";20
"2020-01-19 15:00:00";22
"2020-01-19 15:30:00";19
"2020-01-19 16:00:00";19
"2020-01-19 16:30:00";20
"2020-01-19 17:00:00";20
"2020-01-19 17:30:00";20
"2020-01-19 18:00:00";20
"2020-01-19 18:30:00";21
"2020-01-19 19:00:00";19
"2020-01-19 19:30:00";21
"2020-01-19 20:00:00";20
"2020-01-19 20:30:00";20
"2020-01-19 21:00:00";20
"2020-01-19 21:30:00";19
"2020-01-19 22:00:00";21
"2020-01-19 22:30:00";20
"2020-01-19 23:00:00";20
"2020-01-19 23:30:00";21
"2020-01-20 00:00:00";20
"2020-01-20 01:00:00";18
"2020-01-20 01:30:00";20
"2020-01-20 02:00:00";19
"2020-01-20 02:30:00";19
"2020-01-20 03:00:00";19
"2020-01-20 03:30:00";18
"2020-01-20 04:00:00";19
"2020-01-20 04:30:00";19
"2020-01-20 05:00:00";19
"2020-01-20 05:30:00";20
"2020-01-20 06:00:00";20
"2020-01-20 06:30:00";20
"2020-01-20 07:00:00";19
"2020-01-20 07:30:00";19
"2020-01-20 08:00:00";19
"2020-01-20 08:30:00";19
"2020-01-20 09:00:00";19
"2020-01-20 09:30:00";19
"2020-01-20 10:00:00";20
"2020-01-20 10:30:00";19
"2020-01-20 11:00:00";16
"2020-01-20 11:30:00";17
"2020-01-20 12:00:00";15
"2020-01-20 12:30:00";15
"2020-01-20 13:00:00";12
"2020-01-20 13:30:00";14
"2020-01-20 14:00:00";17
"2020-01-20 14:30:00";18
"2020-01-20 15:00:00";19
"2020-01-20 15:30:00";19
"2020-01-20 16:00:00";19
"2020-01-20 16:30:00";19
"2020-01-20 17:00:00";20
"2020-01-20 17:30:00";19
"2020-01-20 18:00:00";19
"2020-01-20 18:30:00";21
"2020-01-20 19:00:00";20
"2020-01-20 19:30:00";20
"2020-01-20 20:00:00";19
"2020-01-20 20:30:00";19
"2020-01-20 21:00:00";19
"2020-01-20 21:30:00";19
"2020-01-20 22:00:00";20
"2020-01-20 22:30:00";20
"2020-01-20 23:00:00";20
"2020-01-20 23:30:00";19
"2020-01-21 00:00:00";18
"2020-01-21 01:00:00";19
"2020-01-21 01:30:00";20
"2020-01-21 02:00:00";18
"2020-01-21 02:30:00";19
"2020-01-21 03:00:00";19
"2020-01-21 03:30:00";18
"2020-01-21 04:00:00";20
"2020-01-21 04:30:00";19
"2020-01-21 05:00:00";20
"2020-01-21 05:30:00";18
"2020-01-21 06:00:00";18
"2020-01-21 06:30:00";19
"2020-01-21 07:00:00";19
"2020-01-21 07:30:00";19
"2020-01-21 08:00:00";19
"2020-01-21 08:30:00";18
"2020-01-21 09:00:00";19
"2020-01-21 09:30:00";19
"2020-01-21 10:00:00";19
"2020-01-21 10:30:00";17
"2020-01-21 11:00:00";17
"2020-01-21 11:30:00";17
"2020-01-21 12:00:00";15
"2020-01-21 12:30:00";14
"2020-01-21 13:00:00";17
"2020-01-21 13:30:00";14
"2020-01-21 14:00:00";17
"2020-01-21 14:30:00";18
"2020-01-21 15:00:00";19
"2020-01-21 15:30:00";20
"2020-01-21 16:00:00";19
"2020-01-21 16:30:00";19
"2020-01-21 17:00:00";21
"2020-01-21 17:30:00";21
"2020-01-21 18:00:00";22
"2020-01-21 18:30:00";19
"2020-01-21 19:00:00";20
"2020-01-21 19:30:00";22
"2020-01-21 20:00:00";21
"2020-01-21 20:30:00";20
"2020-01-21 21:00:00";23
"2020-01-21 21:30:00";20
"2020-01-21 22:00:00";21
"2020-01-21 22:30:00";21
"2020-01-21 23:00:00";20
"2020-01-21 23:30:00";20
"2020-01-22 00:00:00";21
"2020-01-22 01:00:00";19
"2020-01-22 01:30:00";21
"2020-01-22 02:00:00";20
"2020-01-22 02:30:00";20
"2020-01-22 03:00:00";22
"2020-01-22 03:30:00";20
"2020-01-22 04:00:00";19
"2020-01-22 04:30:00";18
"2020-01-22 05:00:00";19
"2020-01-22 05:30:00";21
"2020-01-22 06:00:00";19
"2020-01-22 06:30:00";20
"2020-01-22 07:00:00";20
"2020-01-22 07:30:00";19
"2020-01-22 08:00:00";20
"2020-01-22 08:30:00";19
"2020-01-22 09:00:00";20
"2020-01-22 09:30:00";20
"2020-01-22 10:00:00";22
"2020-01-22 11:00:00";17
"2020-01-22 11:30:00";16
"2020-01-22 12:00:00";17
"2020-01-22 13:00:00";17
"2020-01-22 13:30:00";15
"2020-01-22 14:00:00";16
"2020-01-22 14:30:00";18
"2020-01-22 15:00:00";18
"2020-01-22 16:00:00";19
"2020-01-22 16:30:00";20
"2020-01-22 17:00:00";20
"2020-01-22 18:00:00";19
"2020-01-22 18:30:00";21
"2020-01-22 19:00:00";21
"2020-01-22 19:30:00";21
"2020-01-22 20:00:00";21
"2020-01-22 20:30:00";22
"2020-01-22 21:00:00";20
"2020-01-22 21:30:00";20
"2020-01-22 22:00:00";20
"2020-01-22 22:30:00";19
"2020-01-22 23:00:00";20
"2020-01-22 23:30:00";21
"2020-01-23 00:00:00";19
"2020-01-23 01:00:00";21
"2020-01-23 01:30:00";20
"2020-01-23 02:00:00";20
"2020-01-23 02:30:00";21
"2020-01-23 03:00:00";20
"2020-01-23 03:30:00";19
"2020-01-23 04:00:00";20
"2020-01-23 04:30:00";20
"2020-01-23 05:00:00";21
"2020-01-23 05:30:00";19
"2020-01-23 06:00:00";19
"2020-01-23 06:30:00";20
"2020-01-23 07:00:00";21
"2020-01-23 07:30:00";20
"2020-01-23 08:00:00";19
"2020-01-23 08:30:00";20
"2020-01-23 09:00:00";19
"2020-01-23 09:30:00";21
"2020-01-23 10:00:00";20
"2020-01-23 10:30:00";20
"2020-01-23 11:00:00";16
"2020-01-23 11:30:00";15
"2020-01-23 12:00:00";15
"2020-01-23 12:30:00";18
"2020-01-23 13:00:00";19
"2020-01-23 13:30:00";20
"2020-01-23 14:00:00";18
"2020-01-23 14:30:00";18
"2020-01-23 15:00:00";19
"2020-01-23 15:30:00";18
"2020-01-23 16:00:00";18
"2020-01-23 16:30:00";20
"2020-01-23 17:00:00";19
"2020-01-23 17:30:00";19
"2020-01-23 18:00:00";19
"2020-01-23 18:30:00";19
"2020-01-23 19:00:00";19
"2020-01-23 19:30:00";19
"2020-01-23 20:00:00";19
"2020-01-23 20:30:00";20
"2020-01-23 21:00:00";19
"2020-01-23 21:30:00";19
"2020-01-23 22:00:00";19
"2020-01-23 22:30:00";18
"2020-01-23 23:00:00";19
"2020-01-23 23:30:00";19
"2020-01-24 00:00:00";19
"2020-01-24 01:00:00";19
"2020-01-24 01:30:00";21
"2020-01-24 02:00:00";19
"2020-01-24 02:30:00";19
"2020-01-24 03:00:00";18
"2020-01-24 03:30:00";19
"2020-01-24 04:00:00";21
"2020-01-24 04:30:00";21
"2020-01-24 05:00:00";21
"2020-01-24 05:30:00";20
"2020-01-24 06:00:00";21
"2020-01-24 06:30:00";19
"2020-01-24 07:00:00";18
"2020-01-24 07:30:00";20
"2020-01-24 08:00:00";20
"2020-01-24 08:30:00";20
"2020-01-24 09:00:00";20
"2020-01-24 09:30:00";20
"2020-01-24 10:00:00";21
"2020-01-24 10:30:00";20
"2020-01-24 11:00:00";20
"2020-01-24 11:30:00";17
"2020-01-24 12:00:00";18
"2020-01-24 12:30:00";17
"2020-01-24 13:00:00";18
"2020-01-24 13:30:00";17
"2020-01-24 14:00:00";19
"2020-01-24 14:30:00";21
"2020-01-24 15:00:00";20
"2020-01-24 15:30:00";20
"2020-01-24 16:00:00";18
"2020-01-24 16:30:00";19
"2020-01-24 17:00:00";20
"2020-01-24 17:30:00";18
"2020-01-24 18:00:00";19
"2020-01-24 18:30:00";20
"2020-01-24 19:00:00";20
"2020-01-24 19:30:00";20
"2020-01-24 20:00:00";19
"2020-01-24 20:30:00";20
"2020-01-24 21:00:00";19
"2020-01-24 21:30:00";20
"2020-01-24 22:00:00";19
"2020-01-24 22:30:00";20
"2020-01-24 23:00:00";19
"2020-01-24 23:30:00";19
"2020-01-25 00:00:00";20
"2020-01-25 02:00:00";19
"2020-01-25 02:30:00";19
"2020-01-25 03:00:00";20
"2020-01-25 03:30:00";18
"2020-01-25 04:00:00";20
"2020-01-25 04:30:00";19
"2020-01-25 05:00:00";20
"2020-01-25 05:30:00";19
"2020-01-25 06:00:00";18
"2020-01-25 06:30:00";18
"2020-01-25 07:00:00";19
"2020-01-25 07:30:00";18
"2020-01-25 08:00:00";20
"2020-01-25 08:30:00";19
"2020-01-25 09:00:00";19
"2020-01-25 09:30:00";20
"2020-01-25 10:00:00";20
"2020-01-25 10:30:00";20
"2020-01-25 11:00:00";20
"2020-01-25 12:00:00";14
"2020-01-25 12:30:00";16
"2020-01-25 13:00:00";14
"2020-01-25 13:30:00";14
"2020-01-25 14:00:00";15
"2020-01-25 14:30:00";17
"2020-01-25 15:00:00";19
"2020-01-25 15:30:00";19
"2020-01-25 16:00:00";18
"2020-01-25 16:30:00";20
"2020-01-25 17:00:00";19
"2020-01-25 17:30:00";19
"2020-01-25 18:00:00";20
"2020-01-25 18:30:00";17
"2020-01-25 19:00:00";20
"2020-01-25 19:30:00";19
"2020-01-25 20:00:00";19
"2020-01-25 20:30:00";19
"2020-01-25 21:00:00";18
"2020-01-25 21:30:00";18
"2020-01-25 22:00:00";19
"2020-01-25 22:30:00";19
"2020-01-25 23:00:00";20
"2020-01-25 23:30:00";18
"2020-01-26 00:00:00";19
"2020-01-26 01:00:00";19
"2020-01-26 01:30:00";20
"2020-01-26 02:00:00";19
"2020-01-26 02:30:00";19
"2020-01-26 03:30:00";19
"2020-01-26 04:30:00";19
"2020-01-26 05:00:00";18
"2020-01-26 05:30:00";18
"2020-01-26 06:00:00";19
"2020-01-26 06:30:00";19
"2020-01-26 07:00:00";19
"2020-01-26 07:30:00";18
"2020-01-26 08:00:00";20
"2020-01-26 08:30:00";19
"2020-01-26 09:00:00";20
"2020-01-26 09:30:00";20
"2020-01-26 10:00:00";20
"2020-01-26 10:30:00";18
"2020-01-26 11:30:00";15
"2020-01-26 12:00:00";14
"2020-01-26 12:30:00";13
"2020-01-26 13:00:00";15
"2020-01-26 13:30:00";17
"2020-01-26 14:00:00";16
"2020-01-26 14:30:00";16
"2020-01-26 15:00:00";17
"2020-01-26 15:30:00";18
"2020-01-26 16:00:00";18
"2020-01-26 16:30:00";18
"2020-01-26 17:00:00";18
"2020-01-26 17:30:00";18
"2020-01-26 18:00:00";20
"2020-01-26 18:30:00";19
"2020-01-26 19:00:00";19
"2020-01-26 19:30:00";19
"2020-01-26 20:00:00";20
"2020-01-26 20:30:00";19
"2020-01-26 21:00:00";19
"2020-01-26 21:30:00";19
"2020-01-26 22:00:00";18
"2020-01-26 22:30:00";18
"2020-01-26 23:00:00";20
"2020-01-26 23:30:00";19
"2020-01-27 00:00:00";19
"2020-01-27 01:00:00";19
"2020-01-27 01:30:00";18
"2020-01-27 02:00:00";17
"2020-01-27 02:30:00";18
"2020-01-27 03:00:00";18
"2020-01-27 03:30:00";18
"2020-01-27 04:00:00";20
"2020-01-27 05:30:00";19
"2020-01-27 06:30:00";19
"2020-01-27 07:00:00";18
"2020-01-27 07:30:00";19
"2020-01-27 08:00:00";19
"2020-01-27 08:30:00";19
"2020-01-27 09:00:00";20
"2020-01-27 09:30:00";20
"2020-01-27 10:00:00";19
"2020-01-27 11:00:00";16
"2020-01-27 11:30:00";14
"2020-01-27 12:00:00";12
"2020-01-27 12:30:00";13
"2020-01-27 13:00:00";14
"2020-01-27 13:30:00";16
"2020-01-27 14:00:00";19
"2020-01-27 14:30:00";20
"2020-01-27 15:00:00";19
"2020-01-27 15:30:00";19
"2020-01-27 16:00:00";19
"2020-01-27 16:30:00";19
"2020-01-27 17:00:00";20
"2020-01-27 17:30:00";17
"2020-01-27 18:00:00";17
"2020-01-27 18:30:00";19
"2020-01-27 19:00:00";18
"2020-01-27 19:30:00";19
"2020-01-27 20:00:00";19
"2020-01-27 20:30:00";19
"2020-01-27 21:00:00";19
"2020-01-27 21:30:00";19
"2020-01-27 22:00:00";18
"2020-01-27 22:30:00";18
"2020-01-27 23:00:00";19
"2020-01-27 23:30:00";19
"2020-01-28 00:00:00";18
"2020-01-28 01:00:00";19
"2020-01-28 01:30:00";19
"2020-01-28 02:00:00";19
"2020-01-28 02:30:00";19
"2020-01-28 03:30:00";19
"2020-01-28 04:00:00";19
"2020-01-28 04:30:00";19
"2020-01-28 05:00:00";18
"2020-01-28 05:30:00";19
"2020-01-28 06:00:00";19
"2020-01-28 06:30:00";20
"2020-01-28 07:00:00";19
"2020-01-28 07:30:00";19
"2020-01-28 08:00:00";19
"2020-01-28 09:00:00";19
"2020-01-28 09:30:00";19
"2020-01-28 10:00:00";20
"2020-01-28 10:30:00";19
"2020-01-28 11:00:00";21
"2020-01-28 11:30:00";20
"2020-01-28 12:00:00";19
"2020-01-28 12:30:00";19
"2020-01-28 13:00:00";20
"2020-01-28 13:30:00";20
"2020-01-28 14:00:00";20
"2020-01-28 14:30:00";19
"2020-01-28 15:00:00";20
"2020-01-28 15:30:00";20
"2020-01-28 16:00:00";20
"2020-01-28 16:30:00";19
"2020-01-28 17:00:00";19
"2020-01-28 17:30:00";20
"2020-01-28 18:00:00";20
"2020-01-28 18:30:00";20
"2020-01-28 19:00:00";20
"2020-01-28 19:30:00";19
"2020-01-28 20:00:00";19
"2020-01-28 20:30:00";20
"2020-01-28 21:00:00";20
"2020-01-28 21:30:00";19
"2020-01-28 22:00:00";20
"2020-01-28 22:30:00";19
"2020-01-28 23:00:00";19
"2020-01-28 23:30:00";19
"2020-01-29 00:00:00";20
"2020-01-29 01:00:00";19
"2020-01-29 01:30:00";19
"2020-01-29 02:00:00";20
"2020-01-29 02:30:00";19
"2020-01-29 03:00:00";19
"2020-01-29 03:30:00";20
"2020-01-29 04:00:00";20
"2020-01-29 04:30:00";20
"2020-01-29 05:00:00";20
"2020-01-29 05:30:00";19
"2020-01-29 06:00:00";20
"2020-01-29 06:30:00";19
"2020-01-29 07:00:00";20
"2020-01-29 07:30:00";20
"2020-01-29 08:00:00";18
"2020-01-29 08:30:00";20
"2020-01-29 09:00:00";20
"2020-01-29 09:30:00";20
"2020-01-29 10:00:00";20
"2020-01-29 10:30:00";18
"2020-01-29 11:00:00";18
"2020-01-29 11:30:00";17
"2020-01-29 12:00:00";17
"2020-01-29 12:30:00";16
"2020-01-29 13:00:00";16
"2020-01-29 13:30:00";14
"2020-01-29 14:00:00";16
"2020-01-29 14:30:00";20
"2020-01-29 15:00:00";19
"2020-01-29 15:30:00";19
"2020-01-29 16:00:00";20
"2020-01-29 16:30:00";17
"2020-01-29 17:00:00";17
"2020-01-29 17:30:00";17
"2020-01-29 18:00:00";19
"2020-01-29 18:30:00";18
"2020-01-29 19:00:00";20
"2020-01-29 19:30:00";17
"2020-01-29 20:00:00";17
"2020-01-29 20:30:00";17
"2020-01-29 21:00:00";18
"2020-01-29 21:30:00";19
"2020-01-29 22:00:00";18
"2020-01-29 22:30:00";17
"2020-01-29 23:00:00";18
"2020-01-29 23:30:00";19
"2020-01-30 00:00:00";17
"2020-01-30 01:00:00";18
"2020-01-30 01:30:00";17
"2020-01-30 02:00:00";19
"2020-01-30 02:30:00";18
"2020-01-30 03:00:00";18
"2020-01-30 03:30:00";19
"2020-01-30 04:00:00";17
"2020-01-30 04:30:00";18
"2020-01-30 05:00:00";18
"2020-01-30 05:30:00";18
"2020-01-30 06:00:00";17
"2020-01-30 06:30:00";18
"2020-01-30 07:00:00";17
"2020-01-30 07:30:00";19
"2020-01-30 08:30:00";18
"2020-01-30 09:00:00";19
"2020-01-30 09:30:00";18
"2020-01-30 10:00:00";18
"2020-01-30 10:30:00";19
"2020-01-30 11:00:00";14
"2020-01-30 11:30:00";13
"2020-01-30 12:00:00";13
"2020-01-30 12:30:00";14
"2020-01-30 13:30:00";10
"2020-01-30 14:00:00";13
"2020-01-30 14:30:00";16
"2020-01-30 15:00:00";17
"2020-01-30 15:30:00";17
"2020-01-30 16:00:00";17
"2020-01-30 16:30:00";18
"2020-01-30 17:00:00";18
"2020-01-30 17:30:00";18
"2020-01-30 18:00:00";18
"2020-01-30 18:30:00";18
"2020-01-30 19:00:00";18
"2020-01-30 19:30:00";19
"2020-01-30 20:00:00";18
"2020-01-30 20:30:00";18
"2020-01-30 21:00:00";19
"2020-01-30 21:30:00";18
"2020-01-30 22:00:00";19
"2020-01-30 22:30:00";18
"2020-01-30 23:00:00";19
"2020-01-30 23:30:00";18
"2020-01-31 00:00:00";18
"2020-01-31 01:00:00";17
"2020-01-31 01:30:00";17
"2020-01-31 02:00:00";18
"2020-01-31 02:30:00";19
"2020-01-31 03:00:00";17
"2020-01-31 03:30:00";18
"2020-01-31 04:00:00";18
"2020-01-31 04:30:00";17
"2020-01-31 05:00:00";19
"2020-01-31 05:30:00";18
"2020-01-31 06:00:00";19
"2020-01-31 06:30:00";17
"2020-01-31 07:00:00";18
"2020-01-31 07:30:00";17
"2020-01-31 08:00:00";18
"2020-01-31 08:30:00";17
"2020-01-31 09:00:00";17
"2020-01-31 09:30:00";18
"2020-01-31 10:00:00";18
"2020-01-31 11:00:00";13
"2020-01-31 11:30:00";14
"2020-01-31 12:00:00";14
"2020-01-31 12:30:00";14
"2020-01-31 13:00:00";14
"2020-01-31 13:30:00";13
"2020-01-31 14:00:00";12
"2020-01-31 14:30:00";15
"2020-01-31 15:00:00";17
"2020-01-31 15:30:00";17
"2020-01-31 16:00:00";18
"2020-01-31 16:30:00";18
"2020-01-31 17:00:00";18
"2020-01-31 17:30:00";17
"2020-01-31 18:00:00";18
"2020-01-31 18:30:00";18
"2020-01-31 19:00:00";18
"2020-01-31 19:30:00";19
"2020-01-31 20:00:00";19
"2020-01-31 20:30:00";19
"2020-01-31 21:00:00";19
"2020-01-31 21:30:00";20
"2020-01-31 22:00:00";17
"2020-01-31 22:30:00";19
"2020-01-31 23:00:00";19
"2020-01-31 23:30:00";20
"2020-02-01 00:00:00";20
"2020-02-01 02:00:00";19
"2020-02-01 02:30:00";18
"2020-02-01 03:00:00";20
"2020-02-01 03:30:00";20
"2020-02-01 04:00:00";20
"2020-02-01 04:30:00";18
"2020-02-01 05:00:00";18
"2020-02-01 05:30:00";18
"2020-02-01 06:00:00";20
"2020-02-01 06:30:00";19
"2020-02-01 07:00:00";19
"2020-02-01 07:30:00";19
"2020-02-01 08:00:00";19
"2020-02-01 08:30:00";19
"2020-02-01 09:00:00";19
"2020-02-01 09:30:00";20
"2020-02-01 10:00:00";19
"2020-02-01 11:00:00";21
"2020-02-01 11:30:00";20
"2020-02-01 12:00:00";20
"2020-02-01 12:30:00";20
"2020-02-01 13:00:00";19
"2020-02-01 13:30:00";18
"2020-02-01 14:00:00";18
"2020-02-01 14:30:00";19
"2020-02-01 15:00:00";20
"2020-02-01 15:30:00";18
"2020-02-01 16:00:00";18
"2020-02-01 16:30:00";19
"2020-02-01 17:00:00";18
"2020-02-01 17:30:00";17
"2020-02-01 18:30:00";20
"2020-02-01 19:00:00";19
"2020-02-01 19:30:00";19
"2020-02-01 20:00:00";19
"2020-02-01 20:30:00";19
"2020-02-01 21:00:00";19
"2020-02-01 21:30:00";19
"2020-02-01 22:00:00";20
"2020-02-01 22:30:00";20
"2020-02-01 23:00:00";20
"2020-02-01 23:30:00";21
"2020-02-02 00:00:00";20
"2020-02-02 01:00:00";17
"2020-02-02 01:30:00";20
"2020-02-02 02:00:00";19
"2020-02-02 02:30:00";18
"2020-02-02 03:00:00";20
"2020-02-02 03:30:00";21
"2020-02-02 04:00:00";19
"2020-02-02 04:30:00";19
"2020-02-02 05:00:00";19
"2020-02-02 05:30:00";19
"2020-02-02 06:00:00";20
"2020-02-02 06:30:00";21
"2020-02-02 07:00:00";19
"2020-02-02 07:30:00";19
"2020-02-02 08:00:00";19
"2020-02-02 08:30:00";19
"2020-02-02 09:00:00";19
"2020-02-02 09:30:00";19
"2020-02-02 10:00:00";21
"2020-02-02 11:00:00";18
"2020-02-02 11:30:00";16
"2020-02-02 12:00:00";16
"2020-02-02 12:30:00";16
"2020-02-02 13:00:00";17
"2020-02-02 13:30:00";14
"2020-02-02 14:00:00";13
"2020-02-02 14:30:00";17
"2020-02-02 15:00:00";18
"2020-02-02 15:30:00";18
"2020-02-02 16:00:00";18
"2020-02-02 16:30:00";19
"2020-02-02 17:00:00";19
"2020-02-02 17:30:00";21
"2020-02-02 18:00:00";19
"2020-02-02 18:30:00";19
"2020-02-02 19:00:00";20
"2020-02-02 19:30:00";21
"2020-02-02 20:00:00";22
"2020-02-02 20:30:00";21
"2020-02-02 21:00:00";22
"2020-02-02 21:30:00";21
"2020-02-02 22:00:00";22
"2020-02-02 22:30:00";22
"2020-02-02 23:00:00";20
"2020-02-03 00:00:00";20
"2020-02-03 01:00:00";23
"2020-02-03 01:30:00";23
"2020-02-03 02:00:00";23
"2020-02-03 02:30:00";24
"2020-02-03 03:00:00";23
"2020-02-03 03:30:00";23
"2020-02-03 04:00:00";25
"2020-02-03 04:30:00";25
"2020-02-03 05:00:00";25
"2020-02-03 05:30:00";27
"2020-02-03 06:00:00";25
"2020-02-03 06:30:00";25
"2020-02-03 07:00:00";27
"2020-02-03 07:30:00";29
"2020-02-03 08:00:00";30
"2020-02-03 08:30:00";29
"2020-02-03 09:30:00";29
"2020-02-03 10:00:00";32
"2020-02-03 10:30:00";30
"2020-02-03 11:00:00";28
"2020-02-03 11:30:00";28
"2020-02-03 12:00:00";25
"2020-02-03 12:30:00";28
"2020-02-03 13:00:00";31
"2020-02-03 13:30:00";31
"2020-02-03 14:00:00";34
"2020-02-03 14:30:00";35
"2020-02-03 15:00:00";33
"2020-02-03 15:30:00";37
"2020-02-03 16:00:00";37
"2020-02-03 16:30:00";39
"2020-02-03 17:00:00";39
"2020-02-03 17:30:00";45
"2020-02-03 18:00:00";47
"2020-02-03 18:30:00";48
"2020-02-03 19:00:00";49
"2020-02-03 19:30:00";49
"2020-02-03 20:00:00";51
"2020-02-03 20:30:00";53
"2020-02-03 21:00:00";52
"2020-02-03 21:30:00";51
"2020-02-03 22:00:00";51
"2020-02-03 22:30:00";52
"2020-02-03 23:00:00";50
"2020-02-03 23:30:00";50
"2020-02-04 00:00:00";51
"2020-02-04 01:00:00";50
"2020-02-04 01:30:00";48
"2020-02-04 02:00:00";48
"2020-02-04 02:30:00";50
"2020-02-04 03:00:00";49
"2020-02-04 03:30:00";57
"2020-02-04 04:00:00";49
"2020-02-04 04:30:00";44
"2020-02-04 05:00:00";45
"2020-02-04 05:30:00";47
"2020-02-04 06:00:00";43
"2020-02-04 06:30:00";46
"2020-02-04 07:00:00";49
"2020-02-04 07:30:00";46
"2020-02-04 08:00:00";46
"2020-02-04 08:30:00";48
"2020-02-04 09:00:00";48
"2020-02-04 09:30:00";49
"2020-02-04 10:00:00";48
"2020-02-04 10:30:00";47
"2020-02-04 11:00:00";46
"2020-02-04 11:30:00";45
"2020-02-04 12:00:00";42
"2020-02-04 12:30:00";42
"2020-02-04 13:30:00";44
"2020-02-04 14:00:00";43
"2020-02-04 14:30:00";43
"2020-02-04 15:00:00";41
"2020-02-04 15:30:00";43
"2020-02-04 16:30:00";42
"2020-02-04 17:00:00";43
"2020-02-04 17:30:00";41
"2020-02-04 18:00:00";43
"2020-02-04 18:30:00";42
"2020-02-04 19:00:00";43
"2020-02-04 19:30:00";43
"2020-02-04 20:00:00";42
"2020-02-04 20:30:00";40
"2020-02-04 21:00:00";41
"2020-02-04 21:30:00";40
"2020-02-04 22:00:00";40
"2020-02-04 22:30:00";38
"2020-02-04 23:00:00";39
"2020-02-04 23:30:00";37
"2020-02-05 00:00:00";40
"2020-02-05 01:00:00";37
"2020-02-05 02:00:00";39
"2020-02-05 02:30:00";38
"2020-02-05 03:00:00";36
"2020-02-05 03:30:00";38
"2020-02-05 04:00:00";36
"2020-02-05 04:30:00";37
"2020-02-05 05:00:00";36
"2020-02-05 05:30:00";36
"2020-02-05 06:00:00";37
"2020-02-05 06:30:00";35
"2020-02-05 07:00:00";36
"2020-02-05 07:30:00";36
"2020-02-05 08:00:00";36
"2020-02-05 08:30:00";35
"2020-02-05 09:00:00";36
"2020-02-05 09:30:00";36
"2020-02-05 10:00:00";33
"2020-02-05 10:30:00";34
"2020-02-05 11:00:00";32
"2020-02-05 11:30:00";30
"2020-02-05 12:00:00";31
"2020-02-05 12:30:00";30
"2020-02-05 13:00:00";28
"2020-02-05 13:30:00";30
"2020-02-05 14:00:00";28
"2020-02-05 14:30:00";35
"2020-02-05 15:00:00";34
"2020-02-05 15:30:00";34
"2020-02-05 16:00:00";32
"2020-02-05 16:30:00";34
"2020-02-05 17:00:00";30
"2020-02-05 17:30:00";29
"2020-02-05 18:00:00";32
"2020-02-05 18:30:00";33
"2020-02-05 19:00:00";33
"2020-02-05 19:30:00";31
"2020-02-05 20:00:00";32
"2020-02-05 20:30:00";32
"2020-02-05 21:00:00";33
"2020-02-05 21:30:00";32
"2020-02-05 22:00:00";30
"2020-02-05 22:30:00";30
"2020-02-05 23:00:00";31
"2020-02-05 23:30:00";30
"2020-02-06 00:00:00";31
"2020-02-06 01:00:00";29
"2020-02-06 01:30:00";30
"2020-02-06 02:00:00";31
"2020-02-06 02:30:00";29
"2020-02-06 03:00:00";33
"2020-02-06 03:30:00";30
"2020-02-06 04:00:00";32
"2020-02-06 04:30:00";32
"2020-02-06 05:00:00";31
"2020-02-06 05:30:00";30
"2020-02-06 06:00:00";31
"2020-02-06 06:30:00";31
"2020-02-06 07:00:00";30
"2020-02-06 07:30:00";31
"2020-02-06 08:00:00";32
"2020-02-06 08:30:00";31
"2020-02-06 09:00:00";31
"2020-02-06 09:30:00";31
"2020-02-06 10:00:00";31
"2020-02-06 10:30:00";30
"2020-02-06 11:00:00";30
"2020-02-06 11:30:00";28
"2020-02-06 12:00:00";29
"2020-02-06 12:30:00";29
"2020-02-06 13:00:00";27
"2020-02-06 13:30:00";25
"2020-02-06 14:00:00";28
"2020-02-06 14:30:00";30
"2020-02-06 15:00:00";29
"2020-02-06 15:30:00";29
"2020-02-06 17:30:00";30
"2020-02-06 18:00:00";28
"2020-02-06 18:30:00";28
"2020-02-06 19:00:00";29
"2020-02-06 19:30:00";30
"2020-02-06 20:00:00";30
"2020-02-06 20:30:00";29
"2020-02-06 21:00:00";29
"2020-02-06 21:30:00";29
"2020-02-06 22:00:00";30
"2020-02-06 22:30:00";28
"2020-02-06 23:00:00";29
"2020-02-06 23:30:00";28
"2020-02-07 00:00:00";29
"2020-02-07 01:00:00";28
"2020-02-07 01:30:00";28
"2020-02-07 02:00:00";28
"2020-02-07 09:00:00";28
"2020-02-07 09:30:00";29
"2020-02-07 10:00:00";29
"2020-02-07 10:30:00";27
"2020-02-07 11:00:00";24
"2020-02-07 11:30:00";24
"2020-02-07 12:00:00";25
"2020-02-07 12:30:00";25
"2020-02-07 13:00:00";25
"2020-02-07 13:30:00";24
"2020-02-07 14:00:00";22
"2020-02-07 14:30:00";24
"2020-02-07 15:00:00";25
"2020-02-07 15:30:00";24
"2020-02-07 16:00:00";27
"2020-02-07 16:30:00";27
"2020-02-07 17:00:00";27
"2020-02-07 17:30:00";27
"2020-02-07 18:00:00";28
"2020-02-07 18:30:00";28
"2020-02-07 19:00:00";28
"2020-02-07 19:30:00";28
"2020-02-07 20:00:00";28
"2020-02-07 20:30:00";26
"2020-02-07 21:00:00";28
"2020-02-07 21:30:00";27
"2020-02-07 22:00:00";29
"2020-02-07 22:30:00";29
"2020-02-07 23:00:00";29
"2020-02-07 23:30:00";27
"2020-02-08 00:00:00";28
"2020-02-08 02:00:00";27
"2020-02-08 02:30:00";28
"2020-02-08 03:00:00";27
"2020-02-08 03:30:00";27
"2020-02-08 04:00:00";28
"2020-02-08 04:30:00";28
"2020-02-08 05:00:00";26
"2020-02-08 05:30:00";27
"2020-02-08 06:00:00";27
"2020-02-08 06:30:00";28
"2020-02-08 07:00:00";27
"2020-02-08 07:30:00";27
"2020-02-08 08:00:00";27
"2020-02-08 08:30:00";27
"2020-02-08 09:00:00";28
"2020-02-08 09:30:00";28
"2020-02-08 10:00:00";27
"2020-02-08 10:30:00";27
"2020-02-08 11:00:00";26
"2020-02-08 11:30:00";27
"2020-02-08 12:00:00";26
"2020-02-08 12:30:00";25
"2020-02-08 13:00:00";23
"2020-02-08 13:30:00";26
"2020-02-08 14:00:00";27
"2020-02-08 14:30:00";26
"2020-02-08 15:00:00";27
"2020-02-08 15:30:00";28
"2020-02-08 16:00:00";27
"2020-02-08 16:30:00";27
"2020-02-08 17:00:00";27
"2020-02-08 17:30:00";27
"2020-02-08 18:00:00";27
"2020-02-08 18:30:00";27
"2020-02-08 19:00:00";25
"2020-02-08 19:30:00";26
"2020-02-08 20:00:00";26
"2020-02-08 20:30:00";27
"2020-02-08 21:00:00";27
"2020-02-08 21:30:00";27
"2020-02-08 22:00:00";28
"2020-02-08 22:30:00";28
"2020-02-08 23:00:00";28
"2020-02-08 23:30:00";27
"2020-02-09 00:00:00";26
"2020-02-09 01:00:00";26
"2020-02-09 01:30:00";27
"2020-02-09 02:00:00";26
"2020-02-09 02:30:00";26
"2020-02-09 03:00:00";26
"2020-02-09 03:30:00";26
"2020-02-09 04:00:00";25
"2020-02-09 04:30:00";26
"2020-02-09 05:00:00";27
"2020-02-09 05:30:00";25
"2020-02-09 06:00:00";26
"2020-02-09 06:30:00";25
"2020-02-09 07:00:00";26
"2020-02-09 07:30:00";27
"2020-02-09 08:00:00";25
"2020-02-09 08:30:00";26
"2020-02-09 09:00:00";24
"2020-02-09 09:30:00";28
"2020-02-09 10:00:00";27
"2020-02-09 10:30:00";25
"2020-02-09 11:00:00";23
"2020-02-09 11:30:00";21
"2020-02-09 12:00:00";21
"2020-02-09 12:30:00";24
"2020-02-09 13:00:00";22
"2020-02-09 13:30:00";23
"2020-02-09 14:00:00";24
"2020-02-09 14:30:00";24
"2020-02-09 15:00:00";26
"2020-02-09 15:30:00";26
"2020-02-09 16:00:00";27
"2020-02-09 16:30:00";25
"2020-02-09 17:00:00";28
"2020-02-09 17:30:00";26
"2020-02-09 18:00:00";26
"2020-02-09 18:30:00";26
"2020-02-09 19:00:00";26
"2020-02-09 19:30:00";27
"2020-02-09 20:00:00";26
"2020-02-09 20:30:00";26
"2020-02-09 21:00:00";25
"2020-02-09 21:30:00";27
"2020-02-09 22:00:00";26
"2020-02-09 22:30:00";26
"2020-02-09 23:00:00";25
"2020-02-09 23:30:00";24
"2020-02-10 00:00:00";25
"2020-02-10 01:00:00";27
"2020-02-10 01:30:00";26
"2020-02-10 02:00:00";25
"2020-02-10 03:00:00";26
"2020-02-10 03:30:00";25
"2020-02-10 04:00:00";26
"2020-02-10 04:30:00";24
"2020-02-10 05:30:00";26
"2020-02-10 06:00:00";25
"2020-02-10 06:30:00";26
"2020-02-10 07:00:00";25
"2020-02-10 07:30:00";25
"2020-02-10 08:00:00";26
"2020-02-10 09:00:00";27
"2020-02-10 10:00:00";26
"2020-02-10 11:00:00";24
"2020-02-10 11:30:00";26
"2020-02-10 12:00:00";25
"2020-02-10 12:30:00";25
"2020-02-10 13:30:00";25
"2020-02-10 14:00:00";25
"2020-02-10 14:30:00";24
"2020-02-10 15:00:00";25
"2020-02-10 15:30:00";27
"2020-02-10 16:00:00";26
"2020-02-10 16:30:00";26
"2020-02-10 17:00:00";27
"2020-02-10 17:30:00";29
"2020-02-10 18:00:00";27
"2020-02-10 18:30:00";26
"2020-02-10 19:00:00";27
"2020-02-10 19:30:00";27
"2020-02-10 20:00:00";27
"2020-02-10 20:30:00";28
"2020-02-10 21:00:00";28
"2020-02-10 22:00:00";28
"2020-02-10 22:30:00";27
"2020-02-10 23:00:00";28
"2020-02-10 23:30:00";28
"2020-02-11 00:00:00";28
"2020-02-11 01:00:00";27
"2020-02-11 01:30:00";27
"2020-02-11 02:00:00";28
"2020-02-11 03:00:00";28
"2020-02-11 03:30:00";28
"2020-02-11 04:00:00";28
"2020-02-11 04:30:00";28
"2020-02-11 05:00:00";29
"2020-02-11 05:30:00";27
"2020-02-11 06:00:00";28
"2020-02-11 06:30:00";29
"2020-02-11 07:00:00";28
"2020-02-11 09:00:00";29
"2020-02-11 09:30:00";27
"2020-02-11 10:00:00";26
"2020-02-11 10:30:00";25
"2020-02-11 11:00:00";25
"2020-02-11 12:00:00";24
"2020-02-11 12:30:00";22
"2020-02-11 16:30:00";25
"2020-02-11 17:00:00";27
"2020-02-11 17:30:00";30
"2020-02-11 18:00:00";26
"2020-02-11 18:30:00";25
"2020-02-11 19:00:00";28
"2020-02-11 20:00:00";28
"2020-02-11 20:30:00";28
"2020-02-11 21:00:00";28
"2020-02-11 21:30:00";28
"2020-02-11 22:00:00";26
"2020-02-11 22:30:00";25
"2020-02-11 23:00:00";26
"2020-02-11 23:30:00";26
"2020-02-12 00:00:00";27
"2020-02-12 01:00:00";26
"2020-02-12 01:30:00";25
"2020-02-12 02:00:00";26
"2020-02-12 02:30:00";27
"2020-02-12 03:00:00";26
"2020-02-12 03:30:00";26
"2020-02-12 04:00:00";27
"2020-02-12 04:30:00";26
"2020-02-12 05:00:00";25
"2020-02-12 05:30:00";25
"2020-02-12 06:00:00";26
"2020-02-12 06:30:00";25
"2020-02-12 07:00:00";26
"2020-02-12 07:30:00";25
"2020-02-12 08:00:00";25
"2020-02-12 08:30:00";26
"2020-02-12 09:00:00";26
"2020-02-12 09:30:00";28
"2020-02-12 10:00:00";27
"2020-02-12 10:30:00";23
"2020-02-12 11:00:00";22
"2020-02-12 11:30:00";21
"2020-02-12 12:00:00";22
"2020-02-12 12:30:00";21
"2020-02-12 13:00:00";20
"2020-02-12 13:30:00";21
"2020-02-12 14:00:00";20
"2020-02-12 14:30:00";22
"2020-02-12 15:00:00";25
"2020-02-12 15:30:00";24
"2020-02-12 16:00:00";23
"2020-02-12 16:30:00";24
"2020-02-12 17:00:00";25
"2020-02-12 17:30:00";24
"2020-02-12 18:00:00";25
"2020-02-12 18:30:00";26
"2020-02-12 19:00:00";26
"2020-02-12 19:30:00";24
"2020-02-12 20:00:00";25
"2020-02-12 20:30:00";24
"2020-02-12 21:00:00";26
"2020-02-12 21:30:00";23
"2020-02-12 22:00:00";24
"2020-02-12 22:30:00";24
"2020-02-12 23:00:00";24
"2020-02-12 23:30:00";26
"2020-02-13 00:00:00";25
"2020-02-13 01:00:00";24
"2020-02-13 01:30:00";26
"2020-02-13 02:00:00";25
"2020-02-13 02:30:00";24
"2020-02-13 03:00:00";24
"2020-02-13 03:30:00";24
"2020-02-13 04:30:00";25
"2020-02-13 05:00:00";25
"2020-02-13 05:30:00";24
"2020-02-13 06:00:00";25
"2020-02-13 06:30:00";24
"2020-02-13 07:00:00";24
"2020-02-13 07:30:00";25
"2020-02-13 08:00:00";25
"2020-02-13 08:30:00";23
"2020-02-13 09:00:00";24
"2020-02-13 10:00:00";24
"2020-02-13 10:30:00";22
"2020-02-13 11:00:00";20
"2020-02-13 11:30:00";18
"2020-02-13 12:00:00";18
"2020-02-13 12:30:00";21
"2020-02-13 13:00:00";22
"2020-02-13 13:30:00";22
"2020-02-13 14:00:00";22
"2020-02-13 14:30:00";24
"2020-02-13 15:00:00";25
"2020-02-13 15:30:00";26
"2020-02-13 16:30:00";25
"2020-02-13 17:00:00";24
"2020-02-13 17:30:00";25
"2020-02-13 18:00:00";25
"2020-02-13 19:00:00";25
"2020-02-13 19:30:00";23
"2020-02-13 20:00:00";24
"2020-02-13 20:30:00";24
"2020-02-13 21:00:00";23
"2020-02-13 21:30:00";25
"2020-02-13 22:00:00";26
"2020-02-13 22:30:00";25
"2020-02-13 23:00:00";26
"2020-02-13 23:30:00";27
"2020-02-14 00:00:00";27
"2020-02-14 01:00:00";26
"2020-02-14 01:30:00";27
"2020-02-14 02:00:00";26
"2020-02-14 02:30:00";26
"2020-02-14 03:00:00";24
"2020-02-14 03:30:00";27
"2020-02-14 04:00:00";26
"2020-02-14 04:30:00";26
"2020-02-14 05:00:00";26
"2020-02-14 05:30:00";26
"2020-02-14 06:00:00";25
"2020-02-14 06:30:00";25
"2020-02-14 07:00:00";26
"2020-02-14 07:30:00";25
"2020-02-14 08:00:00";25
"2020-02-14 08:30:00";25
"2020-02-14 09:00:00";26
"2020-02-14 09:30:00";25
"2020-02-14 10:30:00";23
"2020-02-14 11:00:00";21
"2020-02-14 11:30:00";21
"2020-02-14 12:00:00";22
"2020-02-14 12:30:00";23
"2020-02-14 13:00:00";23
"2020-02-14 13:30:00";20
"2020-02-14 14:00:00";19
"2020-02-14 14:30:00";20
"2020-02-14 15:00:00";21
"2020-02-14 15:30:00";23
"2020-02-14 16:00:00";23
"2020-02-14 16:30:00";24
"2020-02-14 17:00:00";25
"2020-02-14 17:30:00";25
"2020-02-14 18:00:00";25
"2020-02-14 18:30:00";25
"2020-02-14 19:00:00";25
"2020-02-14 19:30:00";26
"2020-02-14 20:00:00";26
"2020-02-14 20:30:00";25
"2020-02-14 21:00:00";27
"2020-02-14 21:30:00";28
"2020-02-14 22:00:00";27
"2020-02-14 22:30:00";25
"2020-02-14 23:00:00";24
"2020-02-14 23:30:00";25
"2020-02-15 00:00:00";25
"2020-02-15 02:00:00";24
"2020-02-15 02:30:00";25
"2020-02-15 03:00:00";26
"2020-02-15 03:30:00";25
"2020-02-15 04:00:00";24
"2020-02-15 04:30:00";25
"2020-02-15 05:00:00";24
"2020-02-15 05:30:00";24
"2020-02-15 06:00:00";24
"2020-02-15 06:30:00";25
"2020-02-15 07:00:00";23
"2020-02-15 07:30:00";24
"2020-02-15 08:00:00";25
"2020-02-15 08:30:00";24
"2020-02-15 09:00:00";24
"2020-02-15 09:30:00";25
"2020-02-15 10:00:00";23
"2020-02-15 10:30:00";22
"2020-02-15 11:00:00";23
"2020-02-15 11:30:00";21
"2020-02-15 12:00:00";21
"2020-02-15 12:30:00";19
"2020-02-15 13:00:00";20
"2020-02-15 13:30:00";20
"2020-02-15 14:00:00";20
"2020-02-15 14:30:00";17
"2020-02-15 15:00:00";22
"2020-02-15 15:30:00";23
"2020-02-15 16:00:00";23
"2020-02-15 16:30:00";23
"2020-02-15 17:00:00";23
"2020-02-15 17:30:00";23
"2020-02-15 18:00:00";24
"2020-02-15 18:30:00";23
"2020-02-15 19:00:00";24
"2020-02-15 19:30:00";24
"2020-02-15 20:00:00";25
"2020-02-15 20:30:00";23
"2020-02-15 21:00:00";25
"2020-02-15 21:30:00";24
"2020-02-15 22:00:00";25
"2020-02-15 22:30:00";24
"2020-02-15 23:00:00";25
"2020-02-15 23:30:00";25
"2020-02-16 00:00:00";24
"2020-02-16 01:00:00";24
"2020-02-16 01:30:00";23
"2020-02-16 02:00:00";23
"2020-02-16 02:30:00";25
"2020-02-16 03:00:00";24
"2020-02-16 03:30:00";23
"2020-02-16 04:00:00";23
"2020-02-16 04:30:00";24
"2020-02-16 05:00:00";22
"2020-02-16 05:30:00";24
"2020-02-16 06:00:00";26
"2020-02-16 06:30:00";23
"2020-02-16 07:00:00";25
"2020-02-16 07:30:00";24
"2020-02-16 08:00:00";25
"2020-02-16 08:30:00";24
"2020-02-16 09:00:00";25
"2020-02-16 09:30:00";27
"2020-02-16 10:00:00";25
"2020-02-16 11:00:00";22
"2020-02-16 11:30:00";24
"2020-02-16 12:00:00";24
"2020-02-16 12:30:00";24
"2020-02-16 13:00:00";24
"2020-02-16 13:30:00";25
"2020-02-16 14:00:00";24
"2020-02-16 14:30:00";25
"2020-02-16 15:00:00";24
"2020-02-16 15:30:00";25
"2020-02-16 16:00:00";24
"2020-02-16 16:30:00";25
"2020-02-16 17:00:00";23
"2020-02-16 17:30:00";23
"2020-02-16 18:00:00";23
"2020-02-16 18:30:00";24
"2020-02-16 19:00:00";23
"2020-02-16 19:30:00";23
"2020-02-16 20:00:00";23
"2020-02-16 20:30:00";24
"2020-02-16 21:00:00";24
"2020-02-16 21:30:00";25
"2020-02-16 22:00:00";24
"2020-02-16 22:30:00";24
"2020-02-16 23:00:00";24
"2020-02-16 23:30:00";24
"2020-02-17 00:00:00";23
"2020-02-17 01:00:00";24
"2020-02-17 02:00:00";23
"2020-02-17 02:30:00";23
"2020-02-17 03:00:00";24
"2020-02-17 03:30:00";24
"2020-02-17 04:00:00";23
"2020-02-17 04:30:00";23
"2020-02-17 05:00:00";23
"2020-02-17 05:30:00";23
"2020-02-17 06:00:00";24
"2020-02-17 06:30:00";24
"2020-02-17 07:00:00";23
"2020-02-17 07:30:00";23
"2020-02-17 08:00:00";22
"2020-02-17 08:30:00";24
"2020-02-17 09:00:00";24
"2020-02-17 09:30:00";24
"2020-02-17 10:00:00";24
"2020-02-17 12:00:00";18
"2020-02-17 12:30:00";21
"2020-02-17 13:00:00";20
"2020-02-17 13:30:00";21
"2020-02-17 14:00:00";20
"2020-02-17 14:30:00";22
"2020-02-17 15:00:00";21
"2020-02-17 15:30:00";23
"2020-02-17 16:00:00";24
"2020-02-17 16:30:00";24
"2020-02-17 17:00:00";24
"2020-02-17 17:30:00";22
"2020-02-17 18:00:00";26
"2020-02-17 18:30:00";24
"2020-02-17 19:00:00";24
"2020-02-17 19:30:00";23
"2020-02-17 20:00:00";24
"2020-02-17 20:30:00";24
"2020-02-17 21:00:00";24
"2020-02-17 21:30:00";24
"2020-02-17 22:00:00";24
"2020-02-17 22:30:00";25
"2020-02-17 23:00:00";24
"2020-02-17 23:30:00";25
"2020-02-18 00:00:00";24
"2020-02-18 01:00:00";24
"2020-02-18 01:30:00";24
"2020-02-18 02:00:00";24
"2020-02-18 02:30:00";23
"2020-02-18 03:00:00";24
"2020-02-18 03:30:00";22
"2020-02-18 04:00:00";23
"2020-02-18 04:30:00";24
"2020-02-18 05:00:00";24
"2020-02-18 05:30:00";24
"2020-02-18 06:00:00";23
"2020-02-18 06:30:00";23
"2020-02-18 07:00:00";23
"2020-02-18 07:30:00";21
"2020-02-18 08:00:00";24
"2020-02-18 08:30:00";24
"2020-02-18 09:00:00";25
"2020-02-18 09:30:00";26
"2020-02-18 10:00:00";23
"2020-02-18 10:30:00";20
"2020-02-18 11:00:00";18
"2020-02-18 11:30:00";19
"2020-02-18 12:00:00";20
"2020-02-18 12:30:00";22
"2020-02-18 13:00:00";21
"2020-02-18 13:30:00";20
"2020-02-18 14:00:00";19
"2020-02-18 14:30:00";17
"2020-02-18 15:00:00";21
"2020-02-18 15:30:00";24
"2020-02-18 16:00:00";22
"2020-02-18 16:30:00";23
"2020-02-18 17:00:00";23
"2020-02-18 17:30:00";23
"2020-02-18 18:00:00";23
"2020-02-18 18:30:00";23
"2020-02-18 19:00:00";23
"2020-02-18 19:30:00";21
"2020-02-18 20:00:00";23
"2020-02-18 20:30:00";23
"2020-02-18 21:00:00";25
"2020-02-18 21:30:00";24
"2020-02-18 22:00:00";23
"2020-02-18 22:30:00";24
"2020-02-18 23:00:00";24
"2020-02-18 23:30:00";22
"2020-02-19 00:00:00";23
"2020-02-19 01:00:00";25
"2020-02-19 01:30:00";23
"2020-02-19 02:00:00";24
"2020-02-19 02:30:00";22
"2020-02-19 03:00:00";23
"2020-02-19 03:30:00";25
"2020-02-19 04:00:00";22
"2020-02-19 04:30:00";23
"2020-02-19 05:00:00";23
"2020-02-19 05:30:00";23
"2020-02-19 06:00:00";24
"2020-02-19 06:30:00";22
"2020-02-19 07:00:00";24
"2020-02-19 07:30:00";24
"2020-02-19 08:00:00";23
"2020-02-19 08:30:00";24
"2020-02-19 09:00:00";23
"2020-02-19 09:30:00";24
"2020-02-19 10:00:00";25
"2020-02-19 10:30:00";25
"2020-02-19 11:00:00";25
"2020-02-19 11:30:00";23
"2020-02-19 12:00:00";23
"2020-02-19 12:30:00";23
"2020-02-19 13:00:00";23
"2020-02-19 13:30:00";23
"2020-02-19 14:00:00";22
"2020-02-19 14:30:00";21
"2020-02-19 15:00:00";20
"2020-02-19 15:30:00";22
"2020-02-19 16:00:00";24
"2020-02-19 16:30:00";22
"2020-02-19 17:00:00";22
"2020-02-19 17:30:00";22
"2020-02-19 18:00:00";23
"2020-02-19 18:30:00";21
"2020-02-19 19:00:00";24
"2020-02-19 19:30:00";23
"2020-02-19 20:00:00";23
"2020-02-19 20:30:00";23
"2020-02-19 21:00:00";24
"2020-02-19 21:30:00";23
"2020-02-19 22:00:00";23
"2020-02-19 22:30:00";22
"2020-02-19 23:00:00";23
"2020-02-19 23:30:00";23
"2020-02-20 00:00:00";23
"2020-02-20 01:00:00";23
"2020-02-20 01:30:00";23
"2020-02-20 02:00:00";23
"2020-02-20 02:30:00";22
"2020-02-20 03:00:00";22
"2020-02-20 03:30:00";23
"2020-02-20 04:00:00";22
"2020-02-20 04:30:00";22
"2020-02-20 05:00:00";22
"2020-02-20 05:30:00";23
"2020-02-20 06:00:00";22
"2020-02-20 06:30:00";22
"2020-02-20 07:00:00";22
"2020-02-20 07:30:00";22
"2020-02-20 08:00:00";22
"2020-02-20 08:30:00";22
"2020-02-20 09:00:00";22
"2020-02-20 09:30:00";23
"2020-02-20 10:00:00";22
"2020-02-20 10:30:00";20
"2020-02-20 11:00:00";21
"2020-02-20 11:30:00";20
"2020-02-20 12:00:00";21
"2020-02-20 12:30:00";20
"2020-02-20 13:00:00";20
"2020-02-20 13:30:00";20
"2020-02-20 14:00:00";19
"2020-02-20 15:00:00";23
"2020-02-20 15:30:00";22
"2020-02-20 16:00:00";23
"2020-02-20 16:30:00";23
"2020-02-20 17:00:00";21
"2020-02-20 17:30:00";22
"2020-02-20 18:00:00";21
"2020-02-20 18:30:00";22
"2020-02-20 19:00:00";22
"2020-02-20 19:30:00";23
"2020-02-20 20:00:00";22
"2020-02-20 20:30:00";22
"2020-02-20 21:00:00";24
"2020-02-20 21:30:00";22
"2020-02-20 22:00:00";23
"2020-02-20 23:00:00";22
"2020-02-20 23:30:00";23
"2020-02-21 00:00:00";23
"2020-02-21 01:00:00";23
"2020-02-21 02:00:00";21
"2020-02-21 02:30:00";22
"2020-02-21 03:00:00";24
"2020-02-21 03:30:00";22
"2020-02-21 04:00:00";22
"2020-02-21 04:30:00";24
"2020-02-21 05:00:00";24
"2020-02-21 05:30:00";23
"2020-02-21 06:00:00";22
"2020-02-21 06:30:00";24
"2020-02-21 07:00:00";21
"2020-02-21 07:30:00";23
"2020-02-21 08:00:00";22
"2020-02-21 08:30:00";24
"2020-02-21 09:00:00";23
"2020-02-21 09:30:00";25
"2020-02-21 10:00:00";22
"2020-02-21 10:30:00";22
"2020-02-21 11:00:00";19
"2020-02-21 11:30:00";18
"2020-02-21 12:00:00";16
"2020-02-21 12:30:00";18
"2020-02-21 13:00:00";18
"2020-02-21 13:30:00";19
"2020-02-21 14:00:00";19
"2020-02-21 14:30:00";19
"2020-02-21 15:00:00";20
"2020-02-21 15:30:00";21
"2020-02-21 16:00:00";20
"2020-02-21 16:30:00";20
"2020-02-21 17:00:00";22
"2020-02-21 17:30:00";21
"2020-02-21 18:00:00";22
"2020-02-21 18:30:00";22
"2020-02-21 19:00:00";21
"2020-02-21 19:30:00";23
"2020-02-21 20:00:00";24
"2020-02-21 20:30:00";22
"2020-02-21 21:00:00";24
"2020-02-21 21:30:00";24
"2020-02-21 22:00:00";24
"2020-02-21 22:30:00";24
"2020-02-21 23:00:00";23
"2020-02-21 23:30:00";24
"2020-02-22 00:00:00";23
"2020-02-22 02:00:00";22
"2020-02-22 02:30:00";24
"2020-02-22 03:00:00";23
"2020-02-22 03:30:00";22
"2020-02-22 04:00:00";23
"2020-02-22 04:30:00";24
"2020-02-22 05:00:00";24
"2020-02-22 05:30:00";23
"2020-02-22 06:00:00";24
"2020-02-22 06:30:00";22
"2020-02-22 07:00:00";24
"2020-02-22 07:30:00";23
"2020-02-22 08:00:00";21
"2020-02-22 08:30:00";24
"2020-02-22 09:00:00";24
"2020-02-22 09:30:00";25
"2020-02-22 10:00:00";23
"2020-02-22 10:30:00";21
"2020-02-22 11:00:00";22
"2020-02-22 11:30:00";20
"2020-02-22 12:00:00";20
"2020-02-22 12:30:00";20
"2020-02-22 13:00:00";20
"2020-02-22 13:30:00";21
"2020-02-22 14:00:00";20
"2020-02-22 14:30:00";21
"2020-02-22 15:00:00";23
"2020-02-22 15:30:00";23
"2020-02-22 16:00:00";22
"2020-02-22 16:30:00";22
"2020-02-22 17:00:00";22
"2020-02-22 17:30:00";23
"2020-02-22 18:00:00";23
"2020-02-22 18:30:00";22
"2020-02-22 19:00:00";25
"2020-02-22 20:00:00";25
"2020-02-22 20:30:00";24
"2020-02-22 21:00:00";25
"2020-02-22 21:30:00";24
"2020-02-22 22:00:00";26
"2020-02-22 22:30:00";24
"2020-02-22 23:00:00";27
"2020-02-22 23:30:00";26
"2020-02-23 00:00:00";25
"2020-02-23 01:00:00";26
"2020-02-23 01:30:00";23
"2020-02-23 02:00:00";27
"2020-02-23 02:30:00";26
"2020-02-23 03:00:00";27
"2020-02-23 03:30:00";26
"2020-02-23 04:00:00";27
"2020-02-23 04:30:00";29
"2020-02-23 05:00:00";27
"2020-02-23 05:30:00";26
"2020-02-23 06:00:00";26
"2020-02-23 06:30:00";27
"2020-02-23 07:00:00";25
"2020-02-23 07:30:00";26
"2020-02-23 08:00:00";26
"2020-02-23 08:30:00";26
"2020-02-23 09:00:00";28
"2020-02-23 09:30:00";28
"2020-02-23 10:30:00";25
"2020-02-23 11:00:00";24
"2020-02-23 11:30:00";24
"2020-02-23 12:00:00";24
"2020-02-23 12:30:00";23
"2020-02-23 13:00:00";23
"2020-02-23 13:30:00";22
"2020-02-23 14:00:00";23
"2020-02-23 14:30:00";24
"2020-02-23 15:00:00";25
"2020-02-23 15:30:00";27
"2020-02-23 16:00:00";26
"2020-02-23 16:30:00";23
"2020-02-23 17:00:00";27
"2020-02-23 17:30:00";26
"2020-02-23 18:00:00";29
"2020-02-23 18:30:00";31
"2020-02-23 19:00:00";29
"2020-02-23 19:30:00";30
"2020-02-23 20:00:00";33
"2020-02-23 20:30:00";31
"2020-02-23 21:00:00";32
"2020-02-23 21:30:00";32
"2020-02-23 22:00:00";32
"2020-02-23 22:30:00";32
"2020-02-23 23:00:00";33
"2020-02-23 23:30:00";33
"2020-02-24 00:00:00";36
"2020-02-24 01:00:00";32
"2020-02-24 01:30:00";32
"2020-02-24 02:00:00";34
"2020-02-24 02:30:00";33
"2020-02-24 03:00:00";33
"2020-02-24 03:30:00";32
"2020-02-24 04:00:00";33
"2020-02-24 04:30:00";33
"2020-02-24 05:00:00";33
"2020-02-24 05:30:00";35
"2020-02-24 06:00:00";33
"2020-02-24 06:30:00";33
"2020-02-24 07:00:00";32
"2020-02-24 07:30:00";34
"2020-02-24 08:00:00";32
"2020-02-24 08:30:00";32
"2020-02-24 09:00:00";31
"2020-02-24 09:30:00";34
"2020-02-24 10:00:00";31
"2020-02-24 10:30:00";30
"2020-02-24 11:00:00";28
"2020-02-24 11:30:00";27
"2020-02-24 12:00:00";24
"2020-02-24 12:30:00";28
"2020-02-24 13:00:00";27
"2020-02-24 13:30:00";25
"2020-02-24 14:00:00";24
"2020-02-24 14:30:00";27
"2020-02-24 15:00:00";31
"2020-02-24 15:30:00";31
"2020-02-24 16:00:00";29
"2020-02-24 16:30:00";30
"2020-02-24 17:00:00";31
"2020-02-24 17:30:00";31
"2020-02-24 18:00:00";31
"2020-02-24 19:00:00";31
"2020-02-24 19:30:00";35
"2020-02-24 20:00:00";36
"2020-02-24 20:30:00";36
"2020-02-24 21:00:00";37
"2020-02-24 21:30:00";37
"2020-02-24 22:00:00";35
"2020-02-24 22:30:00";38
"2020-02-24 23:00:00";39
"2020-02-24 23:30:00";37
"2020-02-25 00:00:00";39
"2020-02-25 01:00:00";39
"2020-02-25 01:30:00";37
"2020-02-25 02:00:00";37
"2020-02-25 02:30:00";38
"2020-02-25 03:00:00";37
"2020-02-25 03:30:00";37
"2020-02-25 04:00:00";35
"2020-02-25 04:30:00";37
"2020-02-25 05:00:00";35
"2020-02-25 05:30:00";34
"2020-02-25 06:00:00";36
"2020-02-25 06:30:00";36
"2020-02-25 07:00:00";35
"2020-02-25 07:30:00";36
"2020-02-25 08:00:00";36
"2020-02-25 08:30:00";37
"2020-02-25 09:00:00";37
"2020-02-25 09:30:00";35
"2020-02-25 10:00:00";36
"2020-02-25 11:00:00";35
"2020-02-25 11:30:00";35
"2020-02-25 12:00:00";35
"2020-02-25 12:30:00";35
"2020-02-25 13:00:00";34
"2020-02-25 13:30:00";34
"2020-02-25 14:00:00";35
"2020-02-25 14:30:00";35
"2020-02-25 15:00:00";34
"2020-02-25 15:30:00";36
"2020-02-25 16:00:00";36
"2020-02-25 16:30:00";35
"2020-02-25 17:00:00";35
"2020-02-25 17:30:00";34
"2020-02-25 18:00:00";34
"2020-02-25 19:00:00";32
"2020-02-25 19:30:00";35
"2020-02-25 20:00:00";35
"2020-02-25 20:30:00";33
"2020-02-25 21:00:00";34
"2020-02-25 21:30:00";35
"2020-02-25 22:00:00";32
"2020-02-25 22:30:00";35
"2020-02-25 23:00:00";35
"2020-02-25 23:30:00";36
"2020-02-26 00:00:00";35
"2020-02-26 01:00:00";32
"2020-02-26 01:30:00";34
"2020-02-26 02:00:00";34
"2020-02-26 02:30:00";33
"2020-02-26 03:00:00";32
"2020-02-26 03:30:00";34
"2020-02-26 04:00:00";35
"2020-02-26 04:30:00";34
"2020-02-26 05:00:00";31
"2020-02-26 05:30:00";31
"2020-02-26 06:00:00";32
"2020-02-26 06:30:00";31
"2020-02-26 07:00:00";32
"2020-02-26 07:30:00";32
"2020-02-26 08:00:00";33
"2020-02-26 08:30:00";32
"2020-02-26 09:00:00";33
"2020-02-26 09:30:00";32
"2020-02-26 10:00:00";31
"2020-02-26 10:30:00";31
"2020-02-26 11:00:00";28
"2020-02-26 11:30:00";28
"2020-02-26 12:00:00";31
"2020-02-26 12:30:00";31
"2020-02-26 13:00:00";30
"2020-02-26 13:30:00";28
"2020-02-26 14:00:00";26
"2020-02-26 14:30:00";27
"2020-02-26 15:00:00";27
"2020-02-26 15:30:00";29
"2020-02-26 16:00:00";28
"2020-02-26 16:30:00";29
"2020-02-26 17:00:00";30
"2020-02-26 17:30:00";30
"2020-02-26 18:00:00";28
"2020-02-26 18:30:00";28
"2020-02-26 19:00:00";28
"2020-02-26 19:30:00";30
"2020-02-26 20:00:00";29
"2020-02-26 20:30:00";29
"2020-02-26 21:00:00";30
"2020-02-26 21:30:00";31
"2020-02-26 22:00:00";30
"2020-02-26 22:30:00";27
"2020-02-26 23:00:00";30
"2020-02-26 23:30:00";29
"2020-02-27 00:00:00";28
"2020-02-27 01:00:00";27
"2020-02-27 01:30:00";27
"2020-02-27 02:00:00";28
"2020-02-27 02:30:00";28
"2020-02-27 03:00:00";27
"2020-02-27 03:30:00";28
"2020-02-27 04:00:00";27
"2020-02-27 04:30:00";28
"2020-02-27 05:00:00";28
"2020-02-27 05:30:00";28
"2020-02-27 06:00:00";26
"2020-02-27 06:30:00";27
"2020-02-27 07:00:00";28
"2020-02-27 07:30:00";27
"2020-02-27 08:00:00";27
"2020-02-27 08:30:00";28
"2020-02-27 09:00:00";26
"2020-02-27 09:30:00";29
"2020-02-27 10:00:00";27
"2020-02-27 10:30:00";26
"2020-02-27 11:00:00";25
"2020-02-27 11:30:00";26
"2020-02-27 12:00:00";25
"2020-02-27 12:30:00";25
"2020-02-27 13:00:00";27
"2020-02-27 13:30:00";26
"2020-02-27 14:00:00";28
"2020-02-27 14:30:00";28
"2020-02-27 15:00:00";28
"2020-02-27 15:30:00";27
"2020-02-27 16:00:00";26
"2020-02-27 16:30:00";27
"2020-02-27 17:00:00";27
"2020-02-27 17:30:00";28
"2020-02-27 18:00:00";30
"2020-02-27 18:30:00";29
"2020-02-27 19:00:00";28
"2020-02-27 19:30:00";27
"2020-02-27 20:00:00";28
"2020-02-27 20:30:00";28
"2020-02-27 21:00:00";26
"2020-02-27 21:30:00";29
"2020-02-27 22:00:00";28
"2020-02-27 22:30:00";28
"2020-02-27 23:00:00";27
"2020-02-27 23:30:00";28
"2020-02-28 00:00:00";28
"2020-02-28 01:00:00";26
"2020-02-28 01:30:00";27
"2020-02-28 02:00:00";26
"2020-02-28 02:30:00";27
"2020-02-28 03:00:00";26
"2020-02-28 03:30:00";25
"2020-02-28 04:00:00";26
"2020-02-28 04:30:00";27
"2020-02-28 05:00:00";27
"2020-02-28 05:30:00";26
"2020-02-28 06:00:00";26
"2020-02-28 06:30:00";27
"2020-02-28 07:00:00";25
"2020-02-28 07:30:00";25
"2020-02-28 08:00:00";25
"2020-02-28 08:30:00";25
"2020-02-28 09:00:00";26
"2020-02-28 09:30:00";26
"2020-02-28 10:00:00";25
"2020-02-28 10:30:00";24
"2020-02-28 11:00:00";22
"2020-02-28 11:30:00";22
"2020-02-28 12:00:00";21
"2020-02-28 12:30:00";22
"2020-02-28 13:00:00";22
"2020-02-28 13:30:00";23
"2020-02-28 14:00:00";21
"2020-02-28 14:30:00";23
"2020-02-28 15:00:00";25
"2020-02-28 15:30:00";27
"2020-02-28 16:00:00";27
"2020-02-28 16:30:00";26
"2020-02-28 17:00:00";27
"2020-02-28 17:30:00";27
"2020-02-28 18:00:00";25
"2020-02-28 18:30:00";25
"2020-02-28 19:00:00";26
"2020-02-28 19:30:00";26
"2020-02-28 20:00:00";27
"2020-02-28 20:30:00";27
"2020-02-28 21:00:00";26
"2020-02-28 21:30:00";25
"2020-02-28 22:00:00";26
"2020-02-28 22:30:00";26
"2020-02-28 23:00:00";26
"2020-02-28 23:30:00";27
"2020-02-29 02:00:00";27
"2020-02-29 02:30:00";24
"2020-02-29 03:00:00";25
"2020-02-29 03:30:00";26
"2020-02-29 04:00:00";26
"2020-02-29 04:30:00";24
"2020-02-29 05:00:00";24
"2020-02-29 05:30:00";27
"2020-02-29 06:00:00";25
"2020-02-29 06:30:00";26
"2020-02-29 07:00:00";25
"2020-02-29 07:30:00";25
"2020-02-29 08:00:00";26
"2020-02-29 08:30:00";25
"2020-02-29 09:00:00";24
"2020-02-29 09:30:00";27
"2020-02-29 10:00:00";27
"2020-02-29 10:30:00";24
"2020-02-29 11:00:00";23
"2020-02-29 11:30:00";24
"2020-02-29 12:00:00";24
"2020-02-29 12:30:00";24
"2020-02-29 13:00:00";25
"2020-02-29 13:30:00";24
"2020-02-29 14:00:00";24
"2020-02-29 14:30:00";23
"2020-02-29 15:00:00";24
"2020-02-29 15:30:00";24
"2020-02-29 16:00:00";25
"2020-02-29 16:30:00";26
"2020-02-29 17:00:00";25
"2020-02-29 17:30:00";25
"2020-02-29 18:00:00";25
"2020-02-29 18:30:00";25
"2020-02-29 19:00:00";26
"2020-02-29 20:00:00";25
"2020-02-29 20:30:00";26
"2020-02-29 21:30:00";25
"2020-02-29 22:30:00";23
"2020-02-29 23:00:00";23
"2020-02-29 23:30:00";25
"2020-03-01 00:00:00";23
"2020-03-01 01:00:00";24
"2020-03-01 01:30:00";25
"2020-03-01 02:00:00";24
"2020-03-01 02:30:00";24
"2020-03-01 03:00:00";24
"2020-03-01 03:30:00";23
"2020-03-01 04:00:00";24
"2020-03-01 04:30:00";24
"2020-03-01 05:00:00";24
"2020-03-01 05:30:00";25
"2020-03-01 06:00:00";24
"2020-03-01 06:30:00";25
"2020-03-01 07:00:00";24
"2020-03-01 07:30:00";23
"2020-03-01 08:00:00";25
"2020-03-01 08:30:00";25
"2020-03-01 09:00:00";24
"2020-03-01 09:30:00";26
"2020-03-01 10:00:00";25
"2020-03-01 11:00:00";19
"2020-03-01 11:30:00";21
"2020-03-01 12:00:00";22
"2020-03-01 12:30:00";23
"2020-03-01 13:00:00";22
"2020-03-01 13:30:00";23
"2020-03-01 14:00:00";23
"2020-03-01 14:30:00";24
"2020-03-01 15:00:00";25
"2020-03-01 15:30:00";26
"2020-03-01 16:00:00";25
"2020-03-01 16:30:00";25
"2020-03-01 17:00:00";26
"2020-03-01 17:30:00";25
"2020-03-01 18:00:00";27
"2020-03-01 19:00:00";26
"2020-03-01 19:30:00";26
"2020-03-01 20:00:00";25
"2020-03-01 20:30:00";25
"2020-03-01 21:00:00";26
"2020-03-01 21:30:00";26
"2020-03-01 22:00:00";25
"2020-03-01 22:30:00";26
"2020-03-01 23:00:00";25
"2020-03-01 23:30:00";24
"2020-03-02 00:00:00";25
"2020-03-02 01:00:00";25
"2020-03-02 01:30:00";24
"2020-03-02 02:00:00";25
"2020-03-02 02:30:00";24
"2020-03-02 03:00:00";25
"2020-03-02 03:30:00";24
"2020-03-02 04:00:00";26
"2020-03-02 04:30:00";25
"2020-03-02 05:00:00";25
"2020-03-02 05:30:00";24
"2020-03-02 06:00:00";24
"2020-03-02 06:30:00";24
"2020-03-02 07:00:00";25
"2020-03-02 07:30:00";25
"2020-03-02 08:00:00";25
"2020-03-02 09:00:00";22
"2020-03-02 10:00:00";23
"2020-03-02 10:30:00";23
"2020-03-02 11:00:00";24
"2020-03-02 11:30:00";24
"2020-03-02 12:00:00";25
"2020-03-02 12:30:00";25
"2020-03-02 13:30:00";25
"2020-03-02 14:00:00";24
"2020-03-02 14:30:00";26
"2020-03-02 15:30:00";26
"2020-03-02 16:00:00";26
"2020-03-02 16:30:00";25
"2020-03-02 17:00:00";26
"2020-03-02 17:30:00";26
"2020-03-02 18:00:00";25
"2020-03-02 18:30:00";26
"2020-03-02 19:00:00";26
"2020-03-02 19:30:00";25
"2020-03-02 20:00:00";26
"2020-03-02 20:30:00";26
"2020-03-02 21:30:00";25
"2020-03-02 22:00:00";26
"2020-03-02 22:30:00";24
"2020-03-02 23:00:00";24
"2020-03-02 23:30:00";25
"2020-03-03 00:00:00";26
"2020-03-03 01:00:00";26
"2020-03-03 01:30:00";25
"2020-03-03 02:00:00";24
"2020-03-03 02:30:00";25
"2020-03-03 03:00:00";24
"2020-03-03 03:30:00";25
"2020-03-03 04:00:00";24
"2020-03-03 04:30:00";25
"2020-03-03 05:00:00";25
"2020-03-03 05:30:00";24
"2020-03-03 06:00:00";25
"2020-03-03 06:30:00";24
"2020-03-03 07:00:00";24
"2020-03-03 07:30:00";24
"2020-03-03 08:00:00";26
"2020-03-03 08:30:00";25
"2020-03-03 09:00:00";25
"2020-03-03 09:30:00";25
"2020-03-03 10:00:00";25
"2020-03-03 10:30:00";25
"2020-03-03 11:00:00";24
"2020-03-03 11:30:00";25
"2020-03-03 12:00:00";24
"2020-03-03 12:30:00";22
"2020-03-03 13:00:00";20
"2020-03-03 13:30:00";17
"2020-03-03 14:00:00";20
"2020-03-03 14:30:00";21
"2020-03-03 15:00:00";20
"2020-03-03 15:30:00";22
"2020-03-03 16:00:00";22
"2020-03-03 17:00:00";21
"2020-03-03 18:00:00";22
"2020-03-03 19:00:00";24
"2020-03-03 19:30:00";25
"2020-03-03 20:00:00";24
"2020-03-03 20:30:00";25
"2020-03-03 21:00:00";23
"2020-03-03 21:30:00";24
"2020-03-03 22:00:00";24
"2020-03-03 22:30:00";24
"2020-03-03 23:00:00";23
"2020-03-03 23:30:00";22
"2020-03-04 00:00:00";24
"2020-03-04 01:00:00";24
"2020-03-04 01:30:00";23
"2020-03-04 02:00:00";24
"2020-03-04 02:30:00";22
"2020-03-04 03:00:00";21
"2020-03-04 03:30:00";22
"2020-03-04 04:00:00";21
"2020-03-04 04:30:00";23
"2020-03-04 05:00:00";23
"2020-03-04 05:30:00";23
"2020-03-04 06:00:00";22
"2020-03-04 06:30:00";23
"2020-03-04 07:00:00";21
"2020-03-04 07:30:00";22
"2020-03-04 08:00:00";23
"2020-03-04 08:30:00";23
"2020-03-04 09:00:00";21
"2020-03-04 09:30:00";21
"2020-03-04 10:00:00";22
"2020-03-04 10:30:00";16
"2020-03-04 11:30:00";17
"2020-03-04 12:00:00";17
"2020-03-04 12:30:00";18
"2020-03-04 13:00:00";19
"2020-03-04 13:30:00";19
"2020-03-04 14:00:00";18
"2020-03-04 14:30:00";21
"2020-03-04 15:00:00";21
"2020-03-04 15:30:00";22
"2020-03-04 16:00:00";23
"2020-03-04 16:30:00";22
"2020-03-04 17:00:00";23
"2020-03-04 17:30:00";22
"2020-03-04 18:00:00";22
"2020-03-04 18:30:00";23
"2020-03-04 19:00:00";22
"2020-03-04 20:00:00";23
"2020-03-04 21:00:00";24
"2020-03-04 22:00:00";22
"2020-03-04 22:30:00";23
"2020-03-04 23:00:00";22
"2020-03-04 23:30:00";23
"2020-03-05 00:00:00";22
"2020-03-05 01:00:00";23
"2020-03-05 01:30:00";22
"2020-03-05 02:00:00";23
"2020-03-05 02:30:00";21
"2020-03-05 03:00:00";22
"2020-03-05 03:30:00";21
"2020-03-05 04:00:00";21
"2020-03-05 04:30:00";22
"2020-03-05 05:00:00";22
"2020-03-05 05:30:00";23
"2020-03-05 06:00:00";23
"2020-03-05 06:30:00";21
"2020-03-05 07:00:00";22
"2020-03-05 07:30:00";22
"2020-03-05 08:00:00";22
"2020-03-05 08:30:00";21
"2020-03-05 09:00:00";22
"2020-03-05 09:30:00";22
"2020-03-05 10:00:00";23
"2020-03-05 10:30:00";21
"2020-03-05 11:00:00";22
"2020-03-05 11:30:00";21
"2020-03-05 12:00:00";23
"2020-03-05 12:30:00";24
"2020-03-05 13:00:00";23
"2020-03-05 13:30:00";24
"2020-03-05 14:00:00";24
"2020-03-05 14:30:00";24
"2020-03-05 15:00:00";23
"2020-03-05 15:30:00";23
"2020-03-05 16:00:00";23
"2020-03-05 16:30:00";24
"2020-03-05 17:00:00";22
"2020-03-05 17:30:00";22
"2020-03-05 18:00:00";22
"2020-03-05 18:30:00";23
"2020-03-05 19:00:00";24
"2020-03-05 19:30:00";23
"2020-03-05 20:00:00";22
"2020-03-05 20:30:00";23
"2020-03-05 21:00:00";23
"2020-03-05 21:30:00";23
"2020-03-05 22:00:00";24
"2020-03-05 22:30:00";24
"2020-03-05 23:00:00";23
"2020-03-05 23:30:00";22
"2020-03-06 00:00:00";23
"2020-03-06 01:00:00";24
"2020-03-06 01:30:00";22
"2020-03-06 02:00:00";23
"2020-03-06 02:30:00";23
"2020-03-06 03:00:00";22
"2020-03-06 03:30:00";21
"2020-03-06 04:00:00";22
"2020-03-06 04:30:00";22
"2020-03-06 05:00:00";22
"2020-03-06 05:30:00";22
"2020-03-06 06:00:00";22
"2020-03-06 06:30:00";21
"2020-03-06 07:00:00";20
"2020-03-06 07:30:00";21
"2020-03-06 08:00:00";23
"2020-03-06 08:30:00";20
"2020-03-06 09:00:00";21
"2020-03-06 09:30:00";22
"2020-03-06 10:00:00";21
"2020-03-06 10:30:00";20
"2020-03-06 11:00:00";19
"2020-03-06 11:30:00";18
"2020-03-06 12:00:00";19
"2020-03-06 12:30:00";17
"2020-03-06 13:00:00";19
"2020-03-06 13:30:00";18
"2020-03-06 14:00:00";19
"2020-03-06 14:30:00";19
"2020-03-06 15:00:00";22
"2020-03-06 15:30:00";23
"2020-03-06 16:00:00";22
"2020-03-06 16:30:00";23
"2020-03-06 17:00:00";23
"2020-03-06 17:30:00";24
"2020-03-06 18:00:00";23
"2020-03-06 18:30:00";24
"2020-03-06 19:00:00";24
"2020-03-06 19:30:00";21
"2020-03-06 20:00:00";24
"2020-03-06 20:30:00";24
"2020-03-06 21:00:00";23
"2020-03-06 21:30:00";23
"2020-03-06 22:00:00";23
"2020-03-06 22:30:00";23
"2020-03-06 23:00:00";22
"2020-03-06 23:30:00";23
"2020-03-07 00:00:00";23
"2020-03-07 02:30:00";22
"2020-03-07 03:00:00";23
"2020-03-07 03:30:00";23
"2020-03-07 04:00:00";22
"2020-03-07 04:30:00";24
"2020-03-07 05:00:00";22
"2020-03-07 05:30:00";21
"2020-03-07 06:00:00";22
"2020-03-07 06:30:00";22
"2020-03-07 07:00:00";23
"2020-03-07 07:30:00";22
"2020-03-07 08:30:00";22
"2020-03-07 09:00:00";22
"2020-03-07 09:30:00";22
"2020-03-07 10:00:00";21
"2020-03-07 10:30:00";18
"2020-03-07 11:00:00";14
"2020-03-07 11:30:00";16
"2020-03-07 12:00:00";17
"2020-03-07 12:30:00";17
"2020-03-07 13:00:00";18
"2020-03-07 13:30:00";18
"2020-03-07 14:00:00";17
"2020-03-07 14:30:00";16
"2020-03-07 15:00:00";19
"2020-03-07 15:30:00";22
"2020-03-07 16:00:00";22
"2020-03-07 16:30:00";20
"2020-03-07 17:00:00";20
"2020-03-07 17:30:00";22
"2020-03-07 18:00:00";21
"2020-03-07 18:30:00";22
"2020-03-07 19:00:00";21
"2020-03-07 19:30:00";23
"2020-03-07 20:00:00";21
"2020-03-07 20:30:00";22
"2020-03-07 21:00:00";22
"2020-03-07 21:30:00";21
"2020-03-07 22:00:00";21
"2020-03-07 22:30:00";22
"2020-03-07 23:00:00";20
"2020-03-07 23:30:00";21
"2020-03-08 00:00:00";22
"2020-03-08 01:00:00";21
"2020-03-08 01:30:00";20
"2020-03-08 02:00:00";21
"2020-03-08 03:00:00";20
"2020-03-08 03:30:00";20
"2020-03-08 04:00:00";21
"2020-03-08 04:30:00";20
"2020-03-08 05:00:00";21
"2020-03-08 05:30:00";20
"2020-03-08 06:00:00";21
"2020-03-08 06:30:00";20
"2020-03-08 07:00:00";20
"2020-03-08 07:30:00";21
"2020-03-08 08:00:00";22
"2020-03-08 08:30:00";20
"2020-03-08 09:00:00";21
"2020-03-08 09:30:00";22
"2020-03-08 10:00:00";21
"2020-03-08 10:30:00";21
"2020-03-08 11:00:00";19
"2020-03-08 11:30:00";17
"2020-03-08 12:00:00";18
"2020-03-08 12:30:00";18
"2020-03-08 13:00:00";20
"2020-03-08 13:30:00";19
"2020-03-08 14:00:00";19
"2020-03-08 14:30:00";20
"2020-03-08 15:00:00";20
"2020-03-08 15:30:00";21
"2020-03-08 16:00:00";21
"2020-03-08 16:30:00";21
"2020-03-08 17:00:00";20
"2020-03-08 17:30:00";20
"2020-03-08 18:00:00";20
"2020-03-08 18:30:00";21
"2020-03-08 19:00:00";20
"2020-03-08 19:30:00";21
"2020-03-08 20:00:00";21
"2020-03-08 20:30:00";20
"2020-03-08 21:00:00";21
"2020-03-08 21:30:00";21
"2020-03-08 22:00:00";21
"2020-03-08 22:30:00";22
"2020-03-08 23:00:00";20
"2020-03-08 23:30:00";20
"2020-03-09 01:30:00";21
"2020-03-09 02:00:00";20
"2020-03-09 02:30:00";22
"2020-03-09 03:00:00";21
"2020-03-09 03:30:00";21
"2020-03-09 04:00:00";20
"2020-03-09 04:30:00";22
"2020-03-09 05:00:00";21
"2020-03-09 05:30:00";22
"2020-03-09 06:00:00";20
"2020-03-09 06:30:00";20
"2020-03-09 07:00:00";21
"2020-03-09 07:30:00";21
"2020-03-09 08:00:00";21
"2020-03-09 08:30:00";22
"2020-03-09 09:00:00";21
"2020-03-09 09:30:00";21
"2020-03-09 10:00:00";22
"2020-03-09 11:00:00";21
"2020-03-09 11:30:00";21
"2020-03-09 12:00:00";19
"2020-03-09 12:30:00";21
"2020-03-09 13:00:00";22
"2020-03-09 13:30:00";22
"2020-03-09 14:00:00";22
"2020-03-09 14:30:00";23
"2020-03-09 15:00:00";21
"2020-03-09 15:30:00";21
"2020-03-09 16:00:00";22
"2020-03-09 16:30:00";22
"2020-03-09 17:00:00";21
"2020-03-09 17:30:00";21
"2020-03-09 18:00:00";21
"2020-03-09 18:30:00";20
"2020-03-09 19:00:00";20
"2020-03-09 19:30:00";19
"2020-03-09 20:00:00";20
"2020-03-09 20:30:00";21
"2020-03-09 21:00:00";21
"2020-03-09 21:30:00";21
"2020-03-09 22:00:00";20
"2020-03-09 22:30:00";20
"2020-03-09 23:00:00";19
"2020-03-09 23:30:00";20
"2020-03-10 00:00:00";20
"2020-03-10 01:00:00";20
"2020-03-10 01:30:00";19
"2020-03-10 02:00:00";19
"2020-03-10 02:30:00";21
"2020-03-10 03:00:00";21
"2020-03-10 03:30:00";20
"2020-03-10 04:00:00";20
"2020-03-10 04:30:00";20
"2020-03-10 05:00:00";19
"2020-03-10 05:30:00";20
"2020-03-10 06:00:00";20
"2020-03-10 06:30:00";20
"2020-03-10 07:00:00";21
"2020-03-10 07:30:00";21
"2020-03-10 08:00:00";22
"2020-03-10 08:30:00";21
"2020-03-10 09:00:00";21
"2020-03-10 09:30:00";21
"2020-03-10 10:00:00";20
"2020-03-10 10:30:00";20
"2020-03-10 11:00:00";19
"2020-03-10 11:30:00";19
"2020-03-10 12:00:00";18
"2020-03-10 13:00:00";18
"2020-03-10 13:30:00";18
"2020-03-10 14:00:00";20
"2020-03-10 15:00:00";19
"2020-03-10 16:00:00";21
"2020-03-10 16:30:00";20
"2020-03-10 17:00:00";21
"2020-03-10 18:00:00";20
"2020-03-10 18:30:00";20
"2020-03-10 19:00:00";20
"2020-03-10 19:30:00";21
"2020-03-10 20:00:00";22
"2020-03-10 20:30:00";21
"2020-03-10 21:00:00";22
"2020-03-10 21:30:00";22
"2020-03-10 22:00:00";20
"2020-03-10 22:30:00";21
"2020-03-10 23:00:00";20
"2020-03-10 23:30:00";22
"2020-03-11 00:00:00";22
"2020-03-11 01:00:00";22
"2020-03-11 01:30:00";21
"2020-03-11 02:00:00";22
"2020-03-11 02:30:00";22
"2020-03-11 03:00:00";21
"2020-03-11 03:30:00";22
"2020-03-11 04:00:00";21
"2020-03-11 04:30:00";21
"2020-03-11 05:00:00";22
"2020-03-11 05:30:00";22
"2020-03-11 06:00:00";20
"2020-03-11 06:30:00";23
"2020-03-11 07:00:00";23
"2020-03-11 07:30:00";21
"2020-03-11 08:00:00";22
"2020-03-11 08:30:00";22
"2020-03-11 09:30:00";23
"2020-03-11 10:00:00";23
"2020-03-11 11:00:00";16
"2020-03-11 11:30:00";16
"2020-03-11 12:00:00";21
"2020-03-11 12:30:00";22
"2020-03-11 13:00:00";21
"2020-03-11 13:30:00";21
"2020-03-11 14:00:00";21
"2020-03-11 15:00:00";23
"2020-03-11 16:00:00";24
"2020-03-11 17:00:00";23
"2020-03-11 17:30:00";24
"2020-03-11 18:00:00";25
"2020-03-11 18:30:00";27
"2020-03-11 19:00:00";26
"2020-03-11 19:30:00";28
"2020-03-11 20:00:00";28
"2020-03-11 20:30:00";28
"2020-03-11 21:00:00";29
"2020-03-11 21:30:00";29
"2020-03-11 22:00:00";29
"2020-03-11 22:30:00";30
"2020-03-11 23:00:00";31
"2020-03-11 23:30:00";30
"2020-03-12 00:00:00";30
"2020-03-12 01:00:00";32
"2020-03-12 02:00:00";28
"2020-03-12 02:30:00";30
"2020-03-12 03:00:00";28
"2020-03-12 03:30:00";29
"2020-03-12 04:00:00";30
"2020-03-12 04:30:00";30
"2020-03-12 05:00:00";29
"2020-03-12 05:30:00";29
"2020-03-12 06:00:00";29
"2020-03-12 06:30:00";29
"2020-03-12 07:00:00";28
"2020-03-12 07:30:00";26
"2020-03-12 08:00:00";28
"2020-03-12 08:30:00";28
"2020-03-12 09:00:00";29
"2020-03-12 09:30:00";29
"2020-03-12 10:00:00";28
"2020-03-12 11:00:00";26
"2020-03-12 11:30:00";27
"2020-03-12 12:00:00";26
"2020-03-12 12:30:00";28
"2020-03-12 13:00:00";27
"2020-03-12 13:30:00";27
"2020-03-12 14:00:00";25
"2020-03-12 14:30:00";27
"2020-03-12 15:00:00";28
"2020-03-12 15:30:00";29
"2020-03-12 16:00:00";30
"2020-03-12 16:30:00";30
"2020-03-12 17:00:00";31
"2020-03-12 17:30:00";31
"2020-03-12 18:00:00";32
"2020-03-12 18:30:00";30
"2020-03-12 19:00:00";32
"2020-03-12 19:30:00";32
"2020-03-12 20:00:00";34
"2020-03-12 20:30:00";33
"2020-03-12 21:00:00";35
"2020-03-12 21:30:00";35
"2020-03-12 22:00:00";36
"2020-03-12 22:30:00";36
"2020-03-12 23:00:00";35
"2020-03-12 23:30:00";34
"2020-03-13 00:00:00";37
"2020-03-13 01:00:00";36
"2020-03-13 01:30:00";36
"2020-03-13 02:00:00";36
"2020-03-13 02:30:00";35
"2020-03-13 03:00:00";37
"2020-03-13 03:30:00";35
"2020-03-13 04:00:00";37
"2020-03-13 04:30:00";36
"2020-03-13 05:00:00";36
"2020-03-13 05:30:00";38
"2020-03-13 06:00:00";37
"2020-03-13 06:30:00";36
"2020-03-13 07:00:00";37
"2020-03-13 07:30:00";36
"2020-03-13 08:00:00";37
"2020-03-13 08:30:00";37
"2020-03-13 09:00:00";38
"2020-03-13 10:00:00";36
"2020-03-13 10:30:00";35
"2020-03-13 11:00:00";35
"2020-03-13 11:30:00";36
"2020-03-13 12:00:00";39
"2020-03-13 12:30:00";39
"2020-03-13 13:00:00";39
"2020-03-13 13:30:00";38
"2020-03-13 14:00:00";36
"2020-03-13 14:30:00";37
"2020-03-13 15:00:00";37
"2020-03-13 15:30:00";40
"2020-03-13 16:30:00";39
"2020-03-13 17:00:00";41
"2020-03-13 17:30:00";41
"2020-03-13 18:00:00";40
"2020-03-13 18:30:00";43
"2020-03-13 19:00:00";43
"2020-03-13 19:30:00";44
"2020-03-13 20:00:00";44
"2020-03-13 20:30:00";44
"2020-03-13 21:00:00";44
"2020-03-13 21:30:00";44
"2020-03-13 22:00:00";45
"2020-03-13 22:30:00";46
"2020-03-13 23:00:00";44
"2020-03-13 23:30:00";45
"2020-03-14 00:00:00";45
"2020-03-14 02:00:00";43
"2020-03-14 02:30:00";43
"2020-03-14 03:00:00";44
"2020-03-14 03:30:00";45
"2020-03-14 04:00:00";43
"2020-03-14 04:30:00";43
"2020-03-14 05:00:00";44
"2020-03-14 05:30:00";43
"2020-03-14 06:00:00";44
"2020-03-14 06:30:00";41
"2020-03-14 07:00:00";43
"2020-03-14 07:30:00";42
"2020-03-14 08:00:00";43
"2020-03-14 08:30:00";41
"2020-03-14 09:00:00";43
"2020-03-14 09:30:00";42
"2020-03-14 10:00:00";43
"2020-03-14 10:30:00";41
"2020-03-14 11:00:00";41
"2020-03-14 11:30:00";40
"2020-03-14 12:00:00";40
"2020-03-14 12:30:00";42
"2020-03-14 13:00:00";40
"2020-03-14 13:30:00";41
"2020-03-14 14:00:00";41
"2020-03-14 14:30:00";40
"2020-03-14 15:00:00";40
"2020-03-14 15:30:00";40
"2020-03-14 16:00:00";38
"2020-03-14 16:30:00";38
"2020-03-14 17:00:00";40
"2020-03-14 17:30:00";39
"2020-03-14 18:00:00";40
"2020-03-14 18:30:00";40
"2020-03-14 19:00:00";40
"2020-03-14 19:30:00";40
"2020-03-14 20:00:00";39
"2020-03-14 20:30:00";39
"2020-03-14 21:00:00";38
"2020-03-14 21:30:00";39
"2020-03-14 22:00:00";39
"2020-03-14 22:30:00";37
"2020-03-14 23:00:00";38
"2020-03-14 23:30:00";38
"2020-03-15 00:00:00";38
"2020-03-15 01:00:00";37
"2020-03-15 01:30:00";37
"2020-03-15 02:00:00";38
"2020-03-15 02:30:00";36
"2020-03-15 03:00:00";37
"2020-03-15 03:30:00";36
"2020-03-15 04:00:00";37
"2020-03-15 04:30:00";37
"2020-03-15 05:00:00";37
"2020-03-15 05:30:00";37
"2020-03-15 06:00:00";36
"2020-03-15 06:30:00";36
"2020-03-15 07:00:00";35
"2020-03-15 07:30:00";36
"2020-03-15 08:00:00";35
"2020-03-15 08:30:00";37
"2020-03-15 09:00:00";36
"2020-03-15 09:30:00";35
"2020-03-15 10:00:00";36
"2020-03-15 10:30:00";35
"2020-03-15 11:00:00";35
"2020-03-15 11:30:00";35
"2020-03-15 12:00:00";36
"2020-03-15 12:30:00";35
"2020-03-15 13:00:00";33
"2020-03-15 13:30:00";33
"2020-03-15 14:00:00";35
"2020-03-15 14:30:00";34
"2020-03-15 15:00:00";32
"2020-03-15 15:30:00";34
"2020-03-15 16:00:00";35
"2020-03-15 16:30:00";34
"2020-03-15 17:00:00";35
"2020-03-15 17:30:00";34
"2020-03-15 18:00:00";33
"2020-03-15 18:30:00";34
"2020-03-15 19:00:00";33
"2020-03-15 19:30:00";34
"2020-03-15 20:00:00";34
"2020-03-15 20:30:00";33
"2020-03-15 21:00:00";33
"2020-03-15 21:30:00";34
"2020-03-15 22:00:00";33
"2020-03-15 22:30:00";33
"2020-03-15 23:00:00";33
"2020-03-15 23:30:00";32
"2020-03-16 00:00:00";33
"2020-03-16 01:00:00";31
"2020-03-16 01:30:00";33
"2020-03-16 02:00:00";33
"2020-03-16 02:30:00";33
"2020-03-16 03:00:00";33
"2020-03-16 03:30:00";33
"2020-03-16 04:00:00";32
"2020-03-16 04:30:00";34
"2020-03-16 05:00:00";32
"2020-03-16 05:30:00";33
"2020-03-16 06:00:00";33
"2020-03-16 06:30:00";33
"2020-03-16 07:00:00";31
"2020-03-16 07:30:00";32
"2020-03-16 08:00:00";33
"2020-03-16 08:30:00";32
"2020-03-16 09:00:00";33
"2020-03-16 09:30:00";31
"2020-03-16 10:00:00";31
"2020-03-16 10:30:00";31
"2020-03-16 11:00:00";32
"2020-03-16 11:30:00";31
"2020-03-16 12:00:00";33
"2020-03-16 12:30:00";31
"2020-03-16 13:00:00";32
"2020-03-16 13:30:00";31
"2020-03-16 14:00:00";30
"2020-03-16 14:30:00";31
"2020-03-16 15:00:00";31
"2020-03-16 15:30:00";32
"2020-03-16 16:00:00";32
"2020-03-16 16:30:00";32
"2020-03-16 17:00:00";32
"2020-03-16 17:30:00";31
"2020-03-16 18:00:00";30
"2020-03-16 18:30:00";31
"2020-03-16 19:00:00";32
"2020-03-16 19:30:00";32
"2020-03-16 20:00:00";31
"2020-03-16 20:30:00";30
"2020-03-16 21:00:00";31
"2020-03-16 21:30:00";30
"2020-03-16 22:00:00";30
"2020-03-16 22:30:00";30
"2020-03-16 23:00:00";32
"2020-03-16 23:30:00";31
"2020-03-17 00:00:00";30
"2020-03-17 01:00:00";30
"2020-03-17 01:30:00";31
"2020-03-17 02:00:00";32
"2020-03-17 02:30:00";32
"2020-03-17 03:00:00";30
"2020-03-17 03:30:00";31
"2020-03-17 04:00:00";31
"2020-03-17 04:30:00";32
"2020-03-17 05:00:00";31
"2020-03-17 05:30:00";31
"2020-03-17 06:00:00";32
"2020-03-17 06:30:00";30
"2020-03-17 07:00:00";31
"2020-03-17 07:30:00";31
"2020-03-17 08:00:00";30
"2020-03-17 08:30:00";31
"2020-03-17 09:00:00";32
"2020-03-17 09:30:00";33
"2020-03-17 10:00:00";29
"2020-03-17 10:30:00";29
"2020-03-17 11:00:00";27
"2020-03-17 11:30:00";28
"2020-03-17 12:00:00";30
"2020-03-17 12:30:00";29
"2020-03-17 13:00:00";30
"2020-03-17 14:00:00";29
"2020-03-17 14:30:00";30
"2020-03-17 15:00:00";29
"2020-03-17 16:00:00";31
"2020-03-17 16:30:00";31
"2020-03-17 17:00:00";32
"2020-03-17 17:30:00";29
"2020-03-17 18:00:00";30
"2020-03-17 18:30:00";30
"2020-03-17 19:00:00";31
"2020-03-17 19:30:00";33
"2020-03-17 20:00:00";32
"2020-03-17 20:30:00";33
"2020-03-17 21:00:00";34
"2020-03-17 21:30:00";34
"2020-03-17 22:00:00";32
"2020-03-17 22:30:00";34
"2020-03-17 23:00:00";35
"2020-03-17 23:30:00";35
"2020-03-18 00:00:00";33
"2020-03-18 01:00:00";36
"2020-03-18 01:30:00";33
"2020-03-18 02:00:00";35
"2020-03-18 02:30:00";34
"2020-03-18 03:00:00";35
"2020-03-18 03:30:00";36
"2020-03-18 04:00:00";33
"2020-03-18 04:30:00";35
"2020-03-18 05:00:00";34
"2020-03-18 05:30:00";34
"2020-03-18 06:00:00";35
"2020-03-18 06:30:00";34
"2020-03-18 07:00:00";33
"2020-03-18 07:30:00";34
"2020-03-18 08:00:00";34
"2020-03-18 08:30:00";35
"2020-03-18 09:00:00";35
"2020-03-18 09:30:00";36
"2020-03-18 10:30:00";31
"2020-03-18 11:00:00";31
"2020-03-18 11:30:00";33
"2020-03-18 12:00:00";35
"2020-03-18 13:00:00";33
"2020-03-18 13:30:00";32
"2020-03-18 14:00:00";33
"2020-03-18 14:30:00";33
"2020-03-18 15:00:00";34
"2020-03-18 15:30:00";34
"2020-03-18 16:00:00";35
"2020-03-18 16:30:00";35
"2020-03-18 17:00:00";36
"2020-03-18 17:30:00";36
"2020-03-18 18:00:00";36
"2020-03-18 18:30:00";37
"2020-03-18 19:00:00";37
"2020-03-18 19:30:00";39
"2020-03-18 20:00:00";39
"2020-03-18 20:30:00";39
"2020-03-18 21:00:00";43
"2020-03-18 21:30:00";42
"2020-03-18 22:00:00";41
"2020-03-18 22:30:00";41
"2020-03-18 23:00:00";43
"2020-03-18 23:30:00";43
"2020-03-19 00:00:00";43
"2020-03-19 01:00:00";41
"2020-03-19 01:30:00";41
"2020-03-19 02:00:00";42
"2020-03-19 02:30:00";43
"2020-03-19 03:00:00";41
"2020-03-19 03:30:00";42
"2020-03-19 04:00:00";41
"2020-03-19 04:30:00";42
"2020-03-19 05:00:00";41
"2020-03-19 05:30:00";38
"2020-03-19 06:00:00";39
"2020-03-19 06:30:00";41
"2020-03-19 07:00:00";39
"2020-03-19 07:30:00";40
"2020-03-19 08:00:00";40
"2020-03-19 08:30:00";39
"2020-03-19 09:00:00";41
"2020-03-19 09:30:00";42
"2020-03-19 10:00:00";40
"2020-03-19 10:30:00";36
"2020-03-19 11:00:00";36
"2020-03-19 11:30:00";39
"2020-03-19 12:00:00";39
"2020-03-19 12:30:00";38
"2020-03-19 13:00:00";38
"2020-03-19 13:30:00";38
"2020-03-19 14:00:00";36
"2020-03-19 14:30:00";39
"2020-03-19 15:00:00";39
"2020-03-19 16:00:00";39
"2020-03-19 16:30:00";43
"2020-03-19 17:00:00";42
"2020-03-19 17:30:00";44
"2020-03-19 18:00:00";43
"2020-03-19 18:30:00";41
"2020-03-19 19:00:00";43
"2020-03-19 19:30:00";44
"2020-03-19 20:00:00";44
"2020-03-19 20:30:00";46
"2020-03-19 21:30:00";48
"2020-03-19 22:00:00";46
"2020-03-19 22:30:00";45
"2020-03-19 23:00:00";43
"2020-03-19 23:30:00";44
"2020-03-20 00:00:00";44
"2020-03-20 01:00:00";46
"2020-03-20 01:30:00";47
"2020-03-20 02:00:00";45
"2020-03-20 02:30:00";46
"2020-03-20 03:00:00";44
"2020-03-20 03:30:00";44
"2020-03-20 04:00:00";43
"2020-03-20 04:30:00";42
"2020-03-20 05:00:00";46
"2020-03-20 05:30:00";43
"2020-03-20 06:00:00";45
"2020-03-20 06:30:00";44
"2020-03-20 07:00:00";45
"2020-03-20 07:30:00";45
"2020-03-20 08:00:00";46
"2020-03-20 08:30:00";45
"2020-03-20 09:00:00";45
"2020-03-20 09:30:00";43
"2020-03-20 10:00:00";42
"2020-03-20 11:00:00";42
"2020-03-20 11:30:00";43
"2020-03-20 12:00:00";42
"2020-03-20 12:30:00";43
"2020-03-20 13:00:00";44
"2020-03-20 13:30:00";42
"2020-03-20 14:00:00";43
"2020-03-20 14:30:00";42
"2020-03-20 15:00:00";43
"2020-03-20 15:30:00";42
"2020-03-20 16:00:00";44
"2020-03-20 16:30:00";43
"2020-03-20 17:00:00";44
"2020-03-20 17:30:00";44
"2020-03-20 18:00:00";44
"2020-03-20 18:30:00";43
"2020-03-20 19:00:00";44
"2020-03-20 19:30:00";43
"2020-03-20 20:00:00";43
"2020-03-20 20:30:00";43
"2020-03-20 21:00:00";42
"2020-03-20 21:30:00";43
"2020-03-20 22:00:00";43
"2020-03-20 22:30:00";43
"2020-03-20 23:00:00";42
"2020-03-20 23:30:00";42
"2020-03-21 00:00:00";42
"2020-03-21 02:00:00";42
"2020-03-21 02:30:00";42
"2020-03-21 03:00:00";40
"2020-03-21 03:30:00";43
"2020-03-21 04:00:00";42
"2020-03-21 04:30:00";42
"2020-03-21 05:00:00";42
"2020-03-21 05:30:00";40
"2020-03-21 06:00:00";42
"2020-03-21 06:30:00";41
"2020-03-21 07:00:00";41
"2020-03-21 07:30:00";42
"2020-03-21 08:00:00";41
"2020-03-21 08:30:00";41
"2020-03-21 09:00:00";42
"2020-03-21 09:30:00";42
"2020-03-21 10:00:00";39
"2020-03-21 10:30:00";38
"2020-03-21 11:00:00";37
"2020-03-21 11:30:00";38
"2020-03-21 12:00:00";37
"2020-03-21 12:30:00";40
"2020-03-21 13:00:00";38
"2020-03-21 13:30:00";38
"2020-03-21 14:00:00";39
"2020-03-21 14:30:00";38
"2020-03-21 15:00:00";39
"2020-03-21 15:30:00";40
"2020-03-21 16:00:00";39
"2020-03-21 16:30:00";41
"2020-03-21 17:00:00";42
"2020-03-21 17:30:00";41
"2020-03-21 18:00:00";44
"2020-03-21 18:30:00";44
"2020-03-21 19:00:00";43
"2020-03-21 19:30:00";43
"2020-03-21 20:00:00";42
"2020-03-21 20:30:00";44
"2020-03-21 21:00:00";45
"2020-03-21 21:30:00";47
"2020-03-21 22:00:00";47
"2020-03-21 22:30:00";49
"2020-03-21 23:00:00";49
"2020-03-21 23:30:00";49
"2020-03-22 00:00:00";50
"2020-03-22 01:00:00";49
"2020-03-22 01:30:00";48
"2020-03-22 02:00:00";48
"2020-03-22 02:30:00";49
"2020-03-22 03:00:00";50
"2020-03-22 03:30:00";48
"2020-03-22 04:00:00";48
"2020-03-22 04:30:00";47
"2020-03-22 05:00:00";47
"2020-03-22 05:30:00";48
"2020-03-22 06:00:00";46
"2020-03-22 06:30:00";48
"2020-03-22 07:00:00";45
"2020-03-22 07:30:00";48
"2020-03-22 08:00:00";46
"2020-03-22 08:30:00";47
"2020-03-22 09:00:00";47
"2020-03-22 09:30:00";48
"2020-03-22 10:00:00";47
"2020-03-22 10:30:00";47
"2020-03-22 11:00:00";46
"2020-03-22 11:30:00";45
"2020-03-22 12:00:00";48
"2020-03-22 12:30:00";46
"2020-03-22 13:00:00";47
"2020-03-22 13:30:00";46
"2020-03-22 14:00:00";47
"2020-03-22 14:30:00";45
"2020-03-22 15:00:00";45
"2020-03-22 15:30:00";44
"2020-03-22 16:00:00";47
"2020-03-22 16:30:00";45
"2020-03-22 17:00:00";46
"2020-03-22 17:30:00";47
"2020-03-22 18:00:00";46
"2020-03-22 18:30:00";46
"2020-03-22 19:00:00";46
"2020-03-22 19:30:00";47
"2020-03-22 20:00:00";47
"2020-03-22 20:30:00";46
"2020-03-22 21:00:00";46
"2020-03-22 21:30:00";46
"2020-03-22 22:00:00";46
"2020-03-22 22:30:00";45
"2020-03-22 23:00:00";46
"2020-03-22 23:30:00";45
"2020-03-23 00:00:00";45
"2020-03-23 01:00:00";45
"2020-03-23 01:30:00";44
"2020-03-23 02:00:00";45
"2020-03-23 02:30:00";45
"2020-03-23 03:00:00";42
"2020-03-23 03:30:00";45
"2020-03-23 04:00:00";43
"2020-03-23 04:30:00";43
"2020-03-23 05:00:00";44
"2020-03-23 05:30:00";44
"2020-03-23 06:00:00";44
"2020-03-23 06:30:00";44
"2020-03-23 07:00:00";41
"2020-03-23 07:30:00";42
"2020-03-23 08:00:00";43
"2020-03-23 08:30:00";42
"2020-03-23 09:00:00";40
"2020-03-23 09:30:00";42
"2020-03-23 10:00:00";43
"2020-03-23 10:30:00";41
"2020-03-23 11:00:00";42
"2020-03-23 11:30:00";42
"2020-03-23 12:00:00";41
"2020-03-23 12:30:00";38
"2020-03-23 13:00:00";41
"2020-03-23 13:30:00";40
"2020-03-23 14:00:00";40
"2020-03-23 14:30:00";41
"2020-03-23 15:00:00";41
"2020-03-23 15:30:00";42
"2020-03-23 16:00:00";42
"2020-03-23 16:30:00";41
"2020-03-23 17:00:00";41
"2020-03-23 17:30:00";38
"2020-03-23 18:00:00";38
"2020-03-23 18:30:00";40
"2020-03-23 19:00:00";40
"2020-03-23 19:30:00";41
"2020-03-23 20:00:00";40
"2020-03-23 20:30:00";40
"2020-03-23 21:00:00";39
"2020-03-23 21:30:00";39
"2020-03-23 22:00:00";37
"2020-03-23 22:30:00";39
"2020-03-23 23:00:00";39
"2020-03-23 23:30:00";38
"2020-03-24 00:00:00";38
"2020-03-24 01:00:00";37
"2020-03-24 01:30:00";39
"2020-03-24 02:00:00";38
"2020-03-24 02:30:00";39
"2020-03-24 03:00:00";39
"2020-03-24 03:30:00";40
"2020-03-24 04:00:00";39
"2020-03-24 04:30:00";38
"2020-03-24 05:00:00";39
"2020-03-24 05:30:00";40
"2020-03-24 06:00:00";37
"2020-03-24 06:30:00";37
"2020-03-24 07:00:00";36
"2020-03-24 07:30:00";35
"2020-03-24 08:00:00";37
"2020-03-24 08:30:00";38
"2020-03-24 09:00:00";35
"2020-03-24 09:30:00";34
"2020-03-24 10:00:00";36
"2020-03-24 11:00:00";36
"2020-03-24 11:30:00";34
"2020-03-24 12:00:00";33
"2020-03-24 12:30:00";33
"2020-03-24 13:00:00";34
"2020-03-24 13:30:00";33
"2020-03-24 14:00:00";36
"2020-03-24 14:30:00";35
"2020-03-24 15:00:00";35
"2020-03-24 15:30:00";35
"2020-03-24 16:00:00";34
"2020-03-24 16:30:00";38
"2020-03-24 17:00:00";37
"2020-03-24 17:30:00";37
"2020-03-24 18:00:00";35
"2020-03-24 18:30:00";37
"2020-03-24 19:00:00";36
"2020-03-24 19:30:00";36
"2020-03-24 20:00:00";35
"2020-03-24 20:30:00";36
"2020-03-24 21:00:00";35
"2020-03-24 21:30:00";36
"2020-03-24 22:00:00";36
"2020-03-24 22:30:00";37
"2020-03-24 23:00:00";36
"2020-03-24 23:30:00";35
"2020-03-25 00:00:00";36
"2020-03-25 01:00:00";35
"2020-03-25 01:30:00";34
"2020-03-25 02:00:00";35
"2020-03-25 02:30:00";33
"2020-03-25 03:00:00";35
"2020-03-25 03:30:00";35
"2020-03-25 04:00:00";34
"2020-03-25 04:30:00";35
"2020-03-25 05:00:00";33
"2020-03-25 05:30:00";35
"2020-03-25 06:00:00";33
"2020-03-25 06:30:00";34
"2020-03-25 07:00:00";33
"2020-03-25 07:30:00";34
"2020-03-25 08:00:00";35
"2020-03-25 08:30:00";33
"2020-03-25 09:00:00";33
"2020-03-25 09:30:00";33
"2020-03-25 10:00:00";33
"2020-03-25 11:00:00";31
"2020-03-25 11:30:00";32
"2020-03-25 12:00:00";35
"2020-03-25 12:30:00";34
"2020-03-25 13:00:00";33
"2020-03-25 13:30:00";32
"2020-03-25 14:00:00";34
"2020-03-25 14:30:00";34
"2020-03-25 15:00:00";34
"2020-03-25 15:30:00";34
"2020-03-25 16:00:00";34
"2020-03-25 16:30:00";35
"2020-03-25 17:00:00";34
"2020-03-25 17:30:00";33
"2020-03-25 18:00:00";33
"2020-03-25 18:30:00";32
"2020-03-25 19:00:00";35
"2020-03-25 19:30:00";33
"2020-03-25 20:00:00";34
"2020-03-25 20:30:00";34
"2020-03-25 21:00:00";34
"2020-03-25 21:30:00";32
"2020-03-25 22:00:00";33
"2020-03-25 22:30:00";33
"2020-03-25 23:00:00";34
"2020-03-25 23:30:00";34
"2020-03-26 00:00:00";34
"2020-03-26 01:00:00";33
"2020-03-26 01:30:00";34
"2020-03-26 02:00:00";33
"2020-03-26 02:30:00";33
"2020-03-26 03:00:00";33
"2020-03-26 03:30:00";31
"2020-03-26 04:00:00";30
"2020-03-26 04:30:00";32
"2020-03-26 05:00:00";31
"2020-03-26 05:30:00";30
"2020-03-26 06:00:00";31
"2020-03-26 06:30:00";31
"2020-03-26 07:00:00";32
"2020-03-26 07:30:00";31
"2020-03-26 08:00:00";30
"2020-03-26 08:30:00";30
"2020-03-26 09:00:00";31
"2020-03-26 09:30:00";31
"2020-03-26 10:00:00";29
"2020-03-26 10:30:00";30
"2020-03-26 11:00:00";32
"2020-03-26 11:30:00";31
"2020-03-26 12:00:00";32
"2020-03-26 13:00:00";33
"2020-03-26 13:30:00";33
"2020-03-26 14:00:00";33
"2020-03-26 14:30:00";34
"2020-03-26 15:00:00";32
"2020-03-26 15:30:00";33
"2020-03-26 16:00:00";34
"2020-03-26 16:30:00";33
"2020-03-26 17:00:00";33
"2020-03-26 17:30:00";33
"2020-03-26 18:00:00";32
"2020-03-26 18:30:00";33
"2020-03-26 19:00:00";32
"2020-03-26 19:30:00";33
"2020-03-26 20:00:00";34
"2020-03-26 20:30:00";33
"2020-03-26 21:00:00";31
"2020-03-26 21:30:00";31
"2020-03-26 22:00:00";32
"2020-03-26 22:30:00";33
"2020-03-26 23:00:00";32
"2020-03-26 23:30:00";31
"2020-03-27 00:00:00";31
"2020-03-27 01:00:00";32
"2020-03-27 01:30:00";32
"2020-03-27 02:00:00";32
"2020-03-27 02:30:00";31
"2020-03-27 03:00:00";32
"2020-03-27 03:30:00";31
"2020-03-27 04:00:00";30
"2020-03-27 04:30:00";32
"2020-03-27 05:00:00";32
"2020-03-27 05:30:00";31
"2020-03-27 06:00:00";32
"2020-03-27 06:30:00";32
"2020-03-27 07:00:00";31
"2020-03-27 07:30:00";33
"2020-03-27 08:00:00";31
"2020-03-27 08:30:00";32
"2020-03-27 09:00:00";33
"2020-03-27 09:30:00";32
"2020-03-27 10:30:00";32
"2020-03-27 11:00:00";32
"2020-03-27 12:00:00";33
"2020-03-27 12:30:00";32
"2020-03-27 13:00:00";32
"2020-03-27 13:30:00";31
"2020-03-27 14:00:00";32
"2020-03-27 14:30:00";33
"2020-03-27 15:00:00";31
"2020-03-27 15:30:00";31
"2020-03-27 16:00:00";33
"2020-03-27 16:30:00";33
"2020-03-27 17:00:00";33
"2020-03-27 17:30:00";33
"2020-03-27 18:00:00";30
"2020-03-27 18:30:00";31
"2020-03-27 19:00:00";32
"2020-03-27 19:30:00";32
"2020-03-27 20:00:00";32
"2020-03-27 20:30:00";31
"2020-03-27 21:00:00";32
"2020-03-27 21:30:00";31
"2020-03-27 22:00:00";31
"2020-03-27 22:30:00";32
"2020-03-27 23:30:00";32
"2020-03-28 00:00:00";32
"2020-03-28 02:00:00";32
"2020-03-28 02:30:00";31
"2020-03-28 03:00:00";32
"2020-03-28 03:30:00";32
"2020-03-28 04:00:00";31
"2020-03-28 04:30:00";32
"2020-03-28 05:00:00";31
"2020-03-28 05:30:00";31
"2020-03-28 06:00:00";32
"2020-03-28 06:30:00";31
"2020-03-28 07:00:00";31
"2020-03-28 07:30:00";32
"2020-03-28 08:00:00";31
"2020-03-28 08:30:00";32
"2020-03-28 09:00:00";32
"2020-03-28 09:30:00";32
"2020-03-28 10:00:00";29
"2020-03-28 10:30:00";28
"2020-03-28 11:00:00";28
"2020-03-28 11:30:00";29
"2020-03-28 12:00:00";29
"2020-03-28 12:30:00";31
"2020-03-28 13:00:00";29
"2020-03-28 13:30:00";29
"2020-03-28 14:00:00";30
"2020-03-28 14:30:00";31
"2020-03-28 15:00:00";31
"2020-03-28 15:30:00";32
"2020-03-28 16:00:00";33
"2020-03-28 16:30:00";33
"2020-03-28 17:00:00";33
"2020-03-28 17:30:00";30
"2020-03-28 18:00:00";32
"2020-03-28 18:30:00";31
"2020-03-28 19:00:00";32
"2020-03-28 19:30:00";33
"2020-03-28 20:00:00";33
"2020-03-28 20:30:00";32
"2020-03-28 21:00:00";32
"2020-03-28 21:30:00";33
"2020-03-28 22:00:00";31
"2020-03-28 22:30:00";32
"2020-03-28 23:00:00";31
"2020-03-28 23:30:00";33
"2020-03-29 00:00:00";33
"2020-03-29 01:00:00";32
"2020-03-29 01:30:00";33
"2020-03-29 03:00:00";32
"2020-03-29 03:30:00";32
"2020-03-29 04:00:00";33
"2020-03-29 04:30:00";32
"2020-03-29 05:00:00";33
"2020-03-29 05:30:00";32
"2020-03-29 06:00:00";33
"2020-03-29 06:30:00";32
"2020-03-29 07:00:00";31
"2020-03-29 07:30:00";31
"2020-03-29 08:00:00";33
"2020-03-29 08:30:00";34
"2020-03-29 09:00:00";33
"2020-03-29 09:30:00";34
"2020-03-29 10:00:00";34
"2020-03-29 10:30:00";33
"2020-03-29 11:00:00";33
"2020-03-29 11:30:00";32
"2020-03-29 12:00:00";32
"2020-03-29 12:30:00";32
"2020-03-29 13:00:00";31
"2020-03-29 13:30:00";31
"2020-03-29 14:00:00";32
"2020-03-29 14:30:00";32
"2020-03-29 15:00:00";32
"2020-03-29 15:30:00";31
"2020-03-29 16:00:00";32
"2020-03-29 16:30:00";32
"2020-03-29 17:00:00";32
"2020-03-29 17:30:00";32
"2020-03-29 18:30:00";33
"2020-03-29 19:00:00";33
"2020-03-29 19:30:00";32
"2020-03-29 20:00:00";32
"2020-03-29 20:30:00";33
"2020-03-29 21:00:00";32
"2020-03-29 21:30:00";33
"2020-03-29 22:00:00";33
"2020-03-29 22:30:00";33
"2020-03-29 23:00:00";32
"2020-03-29 23:30:00";34
"2020-03-30 00:00:00";33
"2020-03-30 00:30:00";35
"2020-03-30 01:00:00";35
"2020-03-30 02:00:00";35
"2020-03-30 02:30:00";36
"2020-03-30 03:00:00";37
"2020-03-30 03:30:00";36
"2020-03-30 04:00:00";35
"2020-03-30 04:30:00";37
"2020-03-30 05:00:00";35
"2020-03-30 05:30:00";35
"2020-03-30 06:00:00";36
"2020-03-30 06:30:00";36
"2020-03-30 07:00:00";36
"2020-03-30 07:30:00";37
"2020-03-30 08:00:00";35
"2020-03-30 08:30:00";36
"2020-03-30 09:00:00";38
"2020-03-30 09:30:00";36
"2020-03-30 10:00:00";36
"2020-03-30 10:30:00";35
"2020-03-30 11:00:00";38
"2020-03-30 11:30:00";37
"2020-03-30 12:00:00";36
"2020-03-30 12:30:00";37
"2020-03-30 13:30:00";37
"2020-03-30 14:00:00";36
"2020-03-30 14:30:00";36
"2020-03-30 15:00:00";37
"2020-03-30 15:30:00";37
"2020-03-30 16:00:00";37
"2020-03-30 16:30:00";36
"2020-03-30 17:00:00";36
"2020-03-30 17:30:00";36
"2020-03-30 18:00:00";37
"2020-03-30 18:30:00";37
"2020-03-30 19:00:00";37
"2020-03-30 19:30:00";36
"2020-03-30 20:00:00";36
"2020-03-30 20:30:00";36
"2020-03-30 21:00:00";37
"2020-03-30 21:30:00";36
"2020-03-30 22:00:00";37
"2020-03-30 22:30:00";37
"2020-03-30 23:00:00";36
"2020-03-30 23:30:00";38
"2020-03-31 00:00:00";37
"2020-03-31 00:30:00";37
"2020-03-31 01:00:00";39
"2020-03-31 02:00:00";39
"2020-03-31 02:30:00";40
"2020-03-31 03:00:00";39
"2020-03-31 03:30:00";38
"2020-03-31 04:00:00";39
"2020-03-31 04:30:00";39
"2020-03-31 05:00:00";38
"2020-03-31 05:30:00";38
"2020-03-31 06:00:00";38
"2020-03-31 06:30:00";36
"2020-03-31 07:00:00";37
"2020-03-31 07:30:00";36
"2020-03-31 08:00:00";37
"2020-03-31 08:30:00";36
"2020-03-31 09:00:00";37
"2020-03-31 09:30:00";36
"2020-03-31 10:00:00";35
"2020-03-31 10:30:00";36
"2020-03-31 11:00:00";36
"2020-03-31 11:30:00";35
"2020-03-31 12:00:00";34
"2020-03-31 12:30:00";34
"2020-03-31 13:00:00";35
"2020-03-31 13:30:00";34
"2020-03-31 14:00:00";35
"2020-03-31 14:30:00";36
"2020-03-31 15:00:00";34
"2020-03-31 15:30:00";34
"2020-03-31 16:00:00";35
"2020-03-31 16:30:00";34
"2020-03-31 17:00:00";34
"2020-03-31 17:30:00";35
"2020-03-31 18:00:00";32
"2020-03-31 18:30:00";34
"2020-03-31 19:00:00";35
"2020-03-31 19:30:00";34
"2020-03-31 20:00:00";34
"2020-03-31 20:30:00";34
"2020-03-31 21:00:00";34
"2020-03-31 21:30:00";35
"2020-03-31 22:00:00";35
"2020-03-31 22:30:00";34
"2020-03-31 23:00:00";34
"2020-03-31 23:30:00";32
"2020-04-01 00:00:00";32
"2020-04-01 00:30:00";33
"2020-04-01 01:00:00";33
"2020-04-01 02:00:00";31
"2020-04-01 02:30:00";33
"2020-04-01 03:00:00";33
"2020-04-01 03:30:00";33
"2020-04-01 04:00:00";33
"2020-04-01 04:30:00";33
"2020-04-01 05:00:00";31
"2020-04-01 05:30:00";31
"2020-04-01 06:00:00";33
"2020-04-01 06:30:00";33
"2020-04-01 07:00:00";32
"2020-04-01 07:30:00";31
"2020-04-01 08:00:00";31
"2020-04-01 09:00:00";30
"2020-04-01 09:30:00";32
"2020-04-01 10:00:00";32
"2020-04-01 10:30:00";31
"2020-04-01 11:00:00";32
"2020-04-01 11:30:00";32
"2020-04-01 12:00:00";31
"2020-04-01 12:30:00";30
"2020-04-01 13:30:00";31
"2020-04-01 14:00:00";31
"2020-04-01 14:30:00";30
"2020-04-01 15:00:00";32
"2020-04-01 15:30:00";32
"2020-04-01 16:00:00";32
"2020-04-01 16:30:00";32
"2020-04-01 17:00:00";31
"2020-04-01 17:30:00";32
"2020-04-01 18:00:00";32
"2020-04-01 18:30:00";30
"2020-04-01 19:00:00";33
"2020-04-01 19:30:00";31
"2020-04-01 20:00:00";32
"2020-04-01 20:30:00";32
"2020-04-01 21:00:00";32
"2020-04-01 21:30:00";31
"2020-04-01 22:00:00";31
"2020-04-01 22:30:00";30
"2020-04-01 23:00:00";30
"2020-04-01 23:30:00";32
"2020-04-02 00:00:00";31
"2020-04-02 00:30:00";31
"2020-04-02 01:00:00";30
"2020-04-02 02:00:00";32
"2020-04-02 02:30:00";31
"2020-04-02 03:00:00";31
"2020-04-02 03:30:00";30
"2020-04-02 04:00:00";31
"2020-04-02 04:30:00";32
"2020-04-02 05:00:00";30
"2020-04-02 05:30:00";30
"2020-04-02 06:00:00";31
"2020-04-02 06:30:00";31
"2020-04-02 07:00:00";31
"2020-04-02 07:30:00";30
"2020-04-02 08:00:00";30
"2020-04-02 08:30:00";29
"2020-04-02 09:00:00";31
"2020-04-02 09:30:00";31
"2020-04-02 10:00:00";31
"2020-04-02 10:30:00";29
"2020-04-02 11:00:00";27
"2020-04-02 11:30:00";26
"2020-04-02 12:00:00";28
"2020-04-02 12:30:00";26
"2020-04-02 13:00:00";28
"2020-04-02 13:30:00";30
"2020-04-02 14:30:00";30
"2020-04-02 15:30:00";30
"2020-04-02 16:30:00";32
"2020-04-02 17:30:00";34
"2020-04-02 18:00:00";34
"2020-04-02 18:30:00";34
"2020-04-02 19:00:00";35
"2020-04-02 19:30:00";35
"2020-04-02 20:00:00";35
"2020-04-02 20:30:00";34
"2020-04-02 21:00:00";35
"2020-04-02 21:30:00";36
"2020-04-02 22:00:00";34
"2020-04-02 22:30:00";36
"2020-04-02 23:00:00";36
"2020-04-02 23:30:00";34
"2020-04-03 00:00:00";34
"2020-04-03 00:30:00";32
"2020-04-03 02:00:00";33
"2020-04-03 02:30:00";33
"2020-04-03 03:30:00";34
"2020-04-03 04:00:00";33
"2020-04-03 04:30:00";34
"2020-04-03 05:00:00";33
"2020-04-03 05:30:00";33
"2020-04-03 06:00:00";34
"2020-04-03 06:30:00";33
"2020-04-03 07:00:00";33
"2020-04-03 07:30:00";33
"2020-04-03 08:00:00";34
"2020-04-03 08:30:00";32
"2020-04-03 09:00:00";33
"2020-04-03 09:30:00";32
"2020-04-03 10:00:00";35
"2020-04-03 10:30:00";33
"2020-04-03 11:00:00";32
"2020-04-03 11:30:00";31
"2020-04-03 12:00:00";31
"2020-04-03 12:30:00";32
"2020-04-03 13:00:00";29
"2020-04-03 13:30:00";31
"2020-04-03 14:00:00";30
"2020-04-03 14:30:00";33
"2020-04-03 15:00:00";32
"2020-04-03 15:30:00";34
"2020-04-03 16:30:00";35
"2020-04-03 17:30:00";34
"2020-04-03 18:00:00";34
"2020-04-03 18:30:00";35
"2020-04-03 19:00:00";35
"2020-04-03 19:30:00";34
"2020-04-03 20:00:00";35
"2020-04-03 20:30:00";35
"2020-04-03 21:00:00";36
"2020-04-03 21:30:00";35
"2020-04-03 22:00:00";34
"2020-04-03 22:30:00";35
"2020-04-03 23:00:00";36
"2020-04-03 23:30:00";35
"2020-04-04 00:00:00";37
"2020-04-04 00:30:00";37
"2020-04-04 02:00:00";36
"2020-04-04 02:30:00";35
"2020-04-04 03:00:00";35
"2020-04-04 03:30:00";36
"2020-04-04 04:00:00";35
"2020-04-04 04:30:00";33
"2020-04-04 05:00:00";32
"2020-04-04 05:30:00";34
"2020-04-04 06:00:00";35
"2020-04-04 06:30:00";34
"2020-04-04 07:00:00";35
"2020-04-04 07:30:00";34
"2020-04-04 08:00:00";35
"2020-04-04 08:30:00";36
"2020-04-04 09:00:00";34
"2020-04-04 09:30:00";36
"2020-04-04 10:30:00";35
"2020-04-04 11:30:00";33
"2020-04-04 12:30:00";32
"2020-04-04 13:30:00";34
"2020-04-04 14:00:00";32
"2020-04-04 14:30:00";33
"2020-04-04 15:00:00";34
"2020-04-04 15:30:00";33
"2020-04-04 16:30:00";34
"2020-04-04 17:00:00";34
"2020-04-04 17:30:00";36
"2020-04-04 18:00:00";35
"2020-04-04 18:30:00";36
"2020-04-04 19:00:00";34
"2020-04-04 19:30:00";35
"2020-04-04 20:00:00";36
"2020-04-04 20:30:00";36
"2020-04-04 21:00:00";36
"2020-04-04 21:30:00";36
"2020-04-04 22:00:00";38
"2020-04-04 22:30:00";37
"2020-04-04 23:00:00";39
"2020-04-04 23:30:00";37
"2020-04-05 00:00:00";39
"2020-04-05 00:30:00";38
"2020-04-05 01:00:00";38
"2020-04-05 02:00:00";38
"2020-04-05 02:30:00";37
"2020-04-05 03:00:00";38
"2020-04-05 03:30:00";38
"2020-04-05 04:00:00";37
"2020-04-05 04:30:00";39
"2020-04-05 05:00:00";38
"2020-04-05 05:30:00";39
"2020-04-05 06:00:00";36
"2020-04-05 06:30:00";38
"2020-04-05 07:00:00";37
"2020-04-05 07:30:00";37
"2020-04-05 08:00:00";38
"2020-04-05 08:30:00";38
"2020-04-05 09:00:00";39
"2020-04-05 09:30:00";37
"2020-04-05 10:00:00";37
"2020-04-05 10:30:00";38
"2020-04-05 11:00:00";37
"2020-04-05 11:30:00";38
"2020-04-05 12:30:00";38
"2020-04-05 13:00:00";36
"2020-04-05 13:30:00";34
"2020-04-05 14:00:00";34
"2020-04-05 14:30:00";34
"2020-04-05 15:00:00";34
"2020-04-05 15:30:00";34
"2020-04-05 16:00:00";35
"2020-04-05 16:30:00";36
"2020-04-05 17:30:00";36
"2020-04-05 18:00:00";37
"2020-04-05 18:30:00";37
"2020-04-05 19:00:00";38
"2020-04-05 19:30:00";38
"2020-04-05 20:00:00";39
"2020-04-05 20:30:00";40
"2020-04-05 21:00:00";41
"2020-04-05 21:30:00";39
"2020-04-05 22:30:00";41
"2020-04-05 23:00:00";41
"2020-04-05 23:30:00";42
"2020-04-06 00:00:00";41
"2020-04-06 00:30:00";42
"2020-04-06 01:00:00";40
"2020-04-06 02:00:00";42
"2020-04-06 02:30:00";40
"2020-04-06 03:00:00";41
"2020-04-06 03:30:00";42
"2020-04-06 04:00:00";40
"2020-04-06 04:30:00";39
"2020-04-06 05:00:00";39
"2020-04-06 05:30:00";41
"2020-04-06 06:00:00";41
"2020-04-06 06:30:00";40
"2020-04-06 07:00:00";40
"2020-04-06 07:30:00";39
"2020-04-06 08:00:00";39
"2020-04-06 09:00:00";39
"2020-04-06 09:30:00";41
"2020-04-06 10:00:00";42
"2020-04-06 10:30:00";40
"2020-04-06 11:00:00";37
"2020-04-06 11:30:00";39
"2020-04-06 12:00:00";38
"2020-04-06 12:30:00";38
"2020-04-06 13:00:00";37
"2020-04-06 13:30:00";38
"2020-04-06 14:00:00";38
"2020-04-06 14:30:00";40
"2020-04-06 15:00:00";39
"2020-04-06 15:30:00";39
"2020-04-06 16:00:00";39
"2020-04-06 16:30:00";41
"2020-04-06 17:00:00";40
"2020-04-06 17:30:00";41
"2020-04-06 18:00:00";41
"2020-04-06 18:30:00";43
"2020-04-06 19:00:00";41
"2020-04-06 19:30:00";42
"2020-04-06 20:00:00";43
"2020-04-06 20:30:00";44
"2020-04-06 21:00:00";44
"2020-04-06 21:30:00";44
"2020-04-06 22:00:00";45
"2020-04-06 22:30:00";45
"2020-04-06 23:00:00";44
"2020-04-06 23:30:00";47
"2020-04-07 00:00:00";46
"2020-04-07 00:30:00";46
"2020-04-07 01:00:00";47
"2020-04-07 02:00:00";47
"2020-04-07 02:30:00";46
"2020-04-07 03:00:00";45
"2020-04-07 04:00:00";46
"2020-04-07 04:30:00";44
"2020-04-07 05:30:00";45
"2020-04-07 06:30:00";45
"2020-04-07 07:30:00";43
"2020-04-07 08:00:00";42
"2020-04-07 09:00:00";44
"2020-04-07 09:30:00";45
"2020-04-07 10:00:00";46
"2020-04-07 10:30:00";44
"2020-04-07 11:00:00";41
"2020-04-07 11:30:00";42
"2020-04-07 12:30:00";41
"2020-04-07 13:00:00";43
"2020-04-07 13:30:00";41
"2020-04-07 14:00:00";43
"2020-04-07 14:30:00";42
"2020-04-07 15:00:00";42
"2020-04-07 15:30:00";42
"2020-04-07 16:00:00";43
"2020-04-07 16:30:00";43
"2020-04-07 17:00:00";45
"2020-04-07 17:30:00";46
"2020-04-07 18:00:00";47
"2020-04-07 18:30:00";45
"2020-04-07 19:00:00";44
"2020-04-07 19:30:00";47
"2020-04-07 20:00:00";47
"2020-04-07 20:30:00";47
"2020-04-07 21:00:00";47
"2020-04-07 21:30:00";49
"2020-04-07 22:00:00";50
"2020-04-07 22:30:00";50
"2020-04-07 23:00:00";49
"2020-04-07 23:30:00";50
"2020-04-08 00:00:00";52
"2020-04-08 00:30:00";51
"2020-04-08 01:00:00";50
"2020-04-08 02:00:00";50
"2020-04-08 02:30:00";51
"2020-04-08 03:00:00";50
"2020-04-08 03:30:00";50
"2020-04-08 04:30:00";49
"2020-04-08 05:00:00";50
"2020-04-08 05:30:00";50
"2020-04-08 06:00:00";50
"2020-04-08 06:30:00";49
"2020-04-08 07:30:00";49
"2020-04-08 08:00:00";47
"2020-04-08 09:00:00";49
"2020-04-08 09:30:00";50
"2020-04-08 10:00:00";51
"2020-04-08 10:30:00";48
"2020-04-08 11:00:00";47
"2020-04-08 11:30:00";46
"2020-04-08 12:00:00";47
"2020-04-08 12:30:00";48
"2020-04-08 13:00:00";47
"2020-04-08 13:30:00";47
"2020-04-08 14:00:00";46
"2020-04-08 14:30:00";46
"2020-04-08 15:00:00";47
"2020-04-08 15:30:00";46
"2020-04-08 16:00:00";47
"2020-04-08 16:30:00";48
"2020-04-08 17:00:00";50
"2020-04-08 17:30:00";51
"2020-04-08 18:00:00";49
"2020-04-08 18:30:00";48
"2020-04-08 19:00:00";49
"2020-04-08 19:30:00";51
"2020-04-08 20:00:00";50
"2020-04-08 20:30:00";51
"2020-04-08 21:00:00";52
"2020-04-08 22:00:00";55
"2020-04-08 23:00:00";54
"2020-04-09 00:00:00";55
"2020-04-09 00:30:00";57
"2020-04-09 02:00:00";56
"2020-04-09 02:30:00";54
"2020-04-09 03:00:00";53
"2020-04-09 03:30:00";53
"2020-04-09 04:00:00";56
"2020-04-09 04:30:00";56
"2020-04-09 05:30:00";56
"2020-04-09 06:30:00";53
"2020-04-09 07:30:00";52
"2020-04-09 08:00:00";54
"2020-04-09 08:30:00";55
"2020-04-09 09:00:00";53
"2020-04-09 09:30:00";54
"2020-04-09 10:00:00";53
"2020-04-09 11:30:00";47
"2020-04-09 12:30:00";52
"2020-04-09 13:00:00";52
"2020-04-09 13:30:00";50
"2020-04-09 14:00:00";49
"2020-04-09 14:30:00";48
"2020-04-09 15:00:00";51
"2020-04-09 15:30:00";51
"2020-04-09 16:00:00";50
"2020-04-09 16:30:00";52
"2020-04-09 17:00:00";53
"2020-04-09 17:30:00";51
"2020-04-09 18:00:00";52
"2020-04-09 18:30:00";54
"2020-04-09 19:00:00";53
"2020-04-09 19:30:00";55
"2020-04-09 20:00:00";56
"2020-04-09 20:30:00";58
"2020-04-09 21:00:00";59
"2020-04-09 21:30:00";59
"2020-04-09 22:00:00";60
"2020-04-09 22:30:00";61
"2020-04-09 23:00:00";61
"2020-04-09 23:30:00";61
"2020-04-10 00:00:00";61
"2020-04-10 00:30:00";60
"2020-04-10 02:00:00";59
"2020-04-10 02:30:00";60
"2020-04-10 03:00:00";62
"2020-04-10 03:30:00";60
"2020-04-10 04:00:00";58
"2020-04-10 05:00:00";58
"2020-04-10 05:30:00";59
"2020-04-10 06:00:00";58
"2020-04-10 06:30:00";60
"2020-04-10 07:00:00";58
"2020-04-10 07:30:00";58
"2020-04-10 08:00:00";59
"2020-04-10 08:30:00";57
"2020-04-10 09:00:00";57
"2020-04-10 09:30:00";59
"2020-04-10 10:00:00";58
"2020-04-10 10:30:00";57
"2020-04-10 11:00:00";52
"2020-04-10 11:30:00";56
"2020-04-10 12:30:00";55
"2020-04-10 13:00:00";53
"2020-04-10 13:30:00";55
"2020-04-10 14:00:00";56
"2020-04-10 14:30:00";54
"2020-04-10 15:00:00";54
"2020-04-10 15:30:00";53
"2020-04-10 16:00:00";54
"2020-04-10 16:30:00";57
"2020-04-10 17:00:00";55
"2020-04-10 17:30:00";57
"2020-04-10 18:00:00";57
"2020-04-10 18:30:00";58
"2020-04-10 19:00:00";58
"2020-04-10 19:30:00";59
"2020-04-10 20:00:00";59
"2020-04-10 20:30:00";61
"2020-04-10 21:00:00";64
"2020-04-10 21:30:00";62
"2020-04-10 22:00:00";65
"2020-04-10 22:30:00";68
"2020-04-10 23:00:00";68
"2020-04-10 23:30:00";65
"2020-04-11 00:00:00";65
"2020-04-11 00:30:00";68
"2020-04-11 02:00:00";64
"2020-04-11 02:30:00";65
"2020-04-11 03:00:00";65
"2020-04-11 03:30:00";64
"2020-04-11 04:00:00";64
"2020-04-11 04:30:00";64
"2020-04-11 05:00:00";63
"2020-04-11 05:30:00";62
"2020-04-11 06:00:00";63
"2020-04-11 06:30:00";64
"2020-04-11 07:00:00";62
"2020-04-11 07:30:00";63
"2020-04-11 08:00:00";63
"2020-04-11 08:30:00";63
"2020-04-11 09:00:00";61
"2020-04-11 09:30:00";62
"2020-04-11 10:00:00";63
"2020-04-11 10:30:00";61
"2020-04-11 11:00:00";59
"2020-04-11 11:30:00";60
"2020-04-11 12:00:00";59
"2020-04-11 12:30:00";58
"2020-04-11 13:00:00";59
"2020-04-11 13:30:00";58
"2020-04-11 14:00:00";59
"2020-04-11 14:30:00";58
"2020-04-11 15:00:00";58
"2020-04-11 15:30:00";57
"2020-04-11 16:00:00";58
"2020-04-11 16:30:00";61
"2020-04-11 17:00:00";60
"2020-04-11 17:30:00";61
"2020-04-11 18:00:00";64
"2020-04-11 18:30:00";61
"2020-04-11 19:00:00";63
"2020-04-11 19:30:00";65
"2020-04-11 20:00:00";66
"2020-04-11 20:30:00";66
"2020-04-11 21:00:00";68
"2020-04-11 21:30:00";68
"2020-04-11 22:00:00";70
"2020-04-11 22:30:00";68
"2020-04-11 23:00:00";69
"2020-04-11 23:30:00";70
"2020-04-12 00:00:00";68
"2020-04-12 00:30:00";69
"2020-04-12 01:00:00";70
"2020-04-12 02:00:00";68
"2020-04-12 02:30:00";67
"2020-04-12 03:00:00";68
"2020-04-12 03:30:00";66
"2020-04-12 04:00:00";70
"2020-04-12 04:30:00";67
"2020-04-12 05:00:00";65
"2020-04-12 05:30:00";66
"2020-04-12 06:00:00";66
"2020-04-12 06:30:00";66
"2020-04-12 07:00:00";68
"2020-04-12 07:30:00";65
"2020-04-12 08:00:00";64
"2020-04-12 08:30:00";65
"2020-04-12 09:00:00";65
"2020-04-12 09:30:00";65
"2020-04-12 10:00:00";65
"2020-04-12 10:30:00";63
"2020-04-12 11:00:00";61
"2020-04-12 11:30:00";62
"2020-04-12 12:30:00";62
"2020-04-12 13:00:00";60
"2020-04-12 13:30:00";61
"2020-04-12 14:00:00";62
"2020-04-12 14:30:00";61
"2020-04-12 15:00:00";60
"2020-04-12 15:30:00";62
"2020-04-12 16:00:00";61
"2020-04-12 16:30:00";62
"2020-04-12 17:00:00";63
"2020-04-12 17:30:00";61
"2020-04-12 18:00:00";63
"2020-04-12 18:30:00";62
"2020-04-12 19:00:00";63
"2020-04-12 19:30:00";63
"2020-04-12 20:00:00";65
"2020-04-12 20:30:00";66
"2020-04-12 21:00:00";61
"2020-04-12 21:30:00";65
"2020-04-12 22:00:00";64
"2020-04-12 22:30:00";65
"2020-04-12 23:00:00";63
"2020-04-12 23:30:00";64
"2020-04-13 00:00:00";66
"2020-04-13 00:30:00";67
"2020-04-13 01:00:00";65
"2020-04-13 02:00:00";64
"2020-04-13 02:30:00";64
"2020-04-13 03:00:00";64
"2020-04-13 03:30:00";64
"2020-04-13 04:00:00";64
"2020-04-13 04:30:00";65
"2020-04-13 05:00:00";63
"2020-04-13 05:30:00";63
"2020-04-13 06:00:00";64
"2020-04-13 06:30:00";61
"2020-04-13 07:00:00";60
"2020-04-13 07:30:00";59
"2020-04-13 08:00:00";64
"2020-04-13 08:30:00";63
"2020-04-13 09:00:00";63
"2020-04-13 09:30:00";62
"2020-04-13 10:00:00";64
"2020-04-13 10:30:00";60
"2020-04-13 11:00:00";62
"2020-04-13 11:30:00";60
"2020-04-13 12:30:00";60
"2020-04-13 13:00:00";59
"2020-04-13 13:30:00";58
"2020-04-13 14:00:00";61
"2020-04-13 14:30:00";58
"2020-04-13 15:00:00";58
"2020-04-13 15:30:00";59
"2020-04-13 16:00:00";60
"2020-04-13 16:30:00";61
"2020-04-13 17:00:00";57
"2020-04-13 17:30:00";60
"2020-04-13 18:00:00";61
"2020-04-13 18:30:00";65
"2020-04-13 19:00:00";61
"2020-04-13 19:30:00";62
"2020-04-13 20:00:00";62
"2020-04-13 20:30:00";61
"2020-04-13 21:00:00";61
"2020-04-13 21:30:00";62
"2020-04-13 22:00:00";64
"2020-04-13 22:30:00";62
"2020-04-13 23:00:00";66
"2020-04-13 23:30:00";65
"2020-04-14 00:00:00";65
"2020-04-14 00:30:00";63
"2020-04-14 01:00:00";63
"2020-04-14 02:00:00";64
"2020-04-14 02:30:00";65
"2020-04-14 03:00:00";62
"2020-04-14 03:30:00";63
"2020-04-14 04:00:00";63
"2020-04-14 04:30:00";61
"2020-04-14 05:00:00";65
"2020-04-14 05:30:00";61
"2020-04-14 06:00:00";63
"2020-04-14 06:30:00";62
"2020-04-14 07:00:00";61
"2020-04-14 07:30:00";61
"2020-04-14 08:00:00";62
"2020-04-14 08:30:00";63
"2020-04-14 09:00:00";61
"2020-04-14 09:30:00";63
"2020-04-14 10:30:00";62
"2020-04-14 11:30:00";58
"2020-04-14 12:30:00";60
"2020-04-14 13:00:00";56
"2020-04-14 13:30:00";59
"2020-04-14 14:00:00";54
"2020-04-14 14:30:00";58
"2020-04-14 15:00:00";58
"2020-04-14 15:30:00";58
"2020-04-14 16:00:00";57
"2020-04-14 16:30:00";62
"2020-04-14 17:00:00";60
"2020-04-14 17:30:00";62
"2020-04-14 18:00:00";61
"2020-04-14 18:30:00";63
"2020-04-14 19:00:00";64
"2020-04-14 19:30:00";64
"2020-04-14 20:00:00";65
"2020-04-14 20:30:00";67
"2020-04-14 21:00:00";67
"2020-04-14 21:30:00";70
"2020-04-14 22:00:00";71
"2020-04-14 22:30:00";68
"2020-04-14 23:00:00";71
"2020-04-14 23:30:00";71
"2020-04-15 00:00:00";70
"2020-04-15 00:30:00";69
"2020-04-15 01:00:00";68
"2020-04-15 02:30:00";69
"2020-04-15 03:00:00";69
"2020-04-15 03:30:00";67
"2020-04-15 04:00:00";69
"2020-04-15 04:30:00";68
"2020-04-15 05:00:00";66
"2020-04-15 05:30:00";66
"2020-04-15 06:00:00";67
"2020-04-15 06:30:00";66
"2020-04-15 07:00:00";67
"2020-04-15 07:30:00";64
"2020-04-15 08:30:00";64
"2020-04-15 09:00:00";66
"2020-04-15 09:30:00";64
"2020-04-15 10:00:00";66
"2020-04-15 11:00:00";62
"2020-04-15 11:30:00";62
"2020-04-15 12:30:00";59
"2020-04-15 13:00:00";62
"2020-04-15 13:30:00";61
"2020-04-15 14:00:00";62
"2020-04-15 14:30:00";60
"2020-04-15 15:00:00";62
"2020-04-15 15:30:00";62
"2020-04-15 16:00:00";59
"2020-04-15 16:30:00";62
"2020-04-15 17:00:00";62
"2020-04-15 17:30:00";64
"2020-04-15 18:00:00";64
"2020-04-15 18:30:00";66
"2020-04-15 19:00:00";66
"2020-04-15 19:30:00";68
"2020-04-15 20:00:00";64
"2020-04-15 20:30:00";69
"2020-04-15 21:00:00";69
"2020-04-15 21:30:00";68
"2020-04-15 22:00:00";70
"2020-04-15 22:30:00";70
"2020-04-15 23:00:00";70
"2020-04-15 23:30:00";71
"2020-04-16 00:00:00";68
"2020-04-16 00:30:00";72
"2020-04-16 01:00:00";72
"2020-04-16 02:00:00";68
"2020-04-16 02:30:00";69
"2020-04-16 03:00:00";71
"2020-04-16 03:30:00";70
"2020-04-16 04:00:00";68
"2020-04-16 04:30:00";67
"2020-04-16 05:00:00";68
"2020-04-16 05:30:00";69
"2020-04-16 06:00:00";67
"2020-04-16 06:30:00";68
"2020-04-16 07:00:00";68
"2020-04-16 07:30:00";64
"2020-04-16 08:00:00";67
"2020-04-16 08:30:00";65
"2020-04-16 09:00:00";67
"2020-04-16 09:30:00";63
"2020-04-16 10:00:00";68
"2020-04-16 10:30:00";64
"2020-04-16 11:00:00";64
"2020-04-16 12:00:00";64
"2020-04-16 13:00:00";63
"2020-04-16 13:30:00";60
"2020-04-16 14:30:00";62
"2020-04-16 15:30:00";64
"2020-04-16 16:30:00";62
"2020-04-16 17:30:00";64
"2020-04-16 18:00:00";67
"2020-04-16 18:30:00";65
"2020-04-16 19:00:00";67
"2020-04-16 19:30:00";62
"2020-04-16 20:00:00";64
"2020-04-16 20:30:00";64
"2020-04-16 21:00:00";66
"2020-04-16 21:30:00";69
"2020-04-16 22:00:00";69
"2020-04-16 22:30:00";68
"2020-04-16 23:00:00";68
"2020-04-16 23:30:00";68
"2020-04-17 00:00:00";70
"2020-04-17 01:00:00";69
"2020-04-17 02:00:00";70
"2020-04-17 02:30:00";68
"2020-04-17 03:30:00";67
"2020-04-17 04:00:00";67
"2020-04-17 04:30:00";64
"2020-04-17 05:00:00";67
"2020-04-17 06:00:00";68
"2020-04-17 06:30:00";67
"2020-04-17 07:00:00";65
"2020-04-17 07:30:00";67
"2020-04-17 08:00:00";66
"2020-04-17 08:30:00";66
"2020-04-17 09:00:00";67
"2020-04-17 10:00:00";67
"2020-04-17 10:30:00";64
"2020-04-17 11:00:00";61
"2020-04-17 12:00:00";62
"2020-04-17 12:30:00";63
"2020-04-17 13:00:00";63
"2020-04-17 13:30:00";62
"2020-04-17 14:00:00";63
"2020-04-17 14:30:00";64
"2020-04-17 15:00:00";63
"2020-04-17 15:30:00";63
"2020-04-17 16:00:00";62
"2020-04-17 16:30:00";63
"2020-04-17 17:00:00";66
"2020-04-17 17:30:00";66
"2020-04-17 18:00:00";67
"2020-04-17 18:30:00";65
"2020-04-17 19:00:00";70
"2020-04-17 19:30:00";67
"2020-04-17 20:00:00";69
"2020-04-17 20:30:00";69
"2020-04-17 21:00:00";67
"2020-04-17 21:30:00";68
"2020-04-17 22:00:00";69
"2020-04-17 22:30:00";71
"2020-04-17 23:00:00";71
"2020-04-17 23:30:00";70
"2020-04-18 00:00:00";71
"2020-04-18 00:30:00";69
"2020-04-18 02:00:00";71
"2020-04-18 02:30:00";72
"2020-04-18 03:00:00";69
"2020-04-18 03:30:00";70
"2020-04-18 04:00:00";72
"2020-04-18 04:30:00";71
"2020-04-18 05:00:00";68
"2020-04-18 05:30:00";69
"2020-04-18 06:00:00";70
"2020-04-18 06:30:00";69
"2020-04-18 07:00:00";69
"2020-04-18 07:30:00";70
"2020-04-18 08:00:00";70
"2020-04-18 08:30:00";68
"2020-04-18 09:00:00";68
"2020-04-18 09:30:00";70
"2020-04-18 10:00:00";67
"2020-04-18 10:30:00";67
"2020-04-18 11:00:00";66
"2020-04-18 11:30:00";65
"2020-04-18 12:00:00";65
"2020-04-18 12:30:00";65
"2020-04-18 13:00:00";65
"2020-04-18 13:30:00";67
"2020-04-18 14:00:00";66
"2020-04-18 14:30:00";63
"2020-04-18 15:00:00";66
"2020-04-18 15:30:00";66
"2020-04-18 16:00:00";67
"2020-04-18 16:30:00";67
"2020-04-18 17:00:00";67
"2020-04-18 17:30:00";70
"2020-04-18 18:00:00";71
"2020-04-18 18:30:00";72
"2020-04-18 19:00:00";72
"2020-04-18 19:30:00";72
"2020-04-18 20:00:00";72
"2020-04-18 20:30:00";73
"2020-04-18 21:00:00";73
"2020-04-18 21:30:00";74
"2020-04-18 22:00:00";75
"2020-04-18 22:30:00";76
"2020-04-18 23:00:00";74
"2020-04-18 23:30:00";76
"2020-04-19 00:00:00";76
"2020-04-19 00:30:00";75
"2020-04-19 01:00:00";74
"2020-04-19 02:00:00";76
"2020-04-19 02:30:00";76
"2020-04-19 03:30:00";75
"2020-04-19 04:00:00";74
"2020-04-19 04:30:00";74
"2020-04-19 05:30:00";77
"2020-04-19 06:00:00";74
"2020-04-19 06:30:00";75
"2020-04-19 07:00:00";73
"2020-04-19 08:00:00";75
"2020-04-19 09:00:00";74
"2020-04-19 09:30:00";76
"2020-04-19 10:00:00";74
"2020-04-19 10:30:00";74
"2020-04-19 11:00:00";71
"2020-04-19 12:00:00";71
"2020-04-19 12:30:00";70
"2020-04-19 13:00:00";71
"2020-04-19 13:30:00";69
"2020-04-19 14:00:00";72
"2020-04-19 14:30:00";70
"2020-04-19 15:00:00";72
"2020-04-19 15:30:00";72
"2020-04-19 16:00:00";71
"2020-04-19 16:30:00";71
"2020-04-19 17:00:00";72
"2020-04-19 17:30:00";74
"2020-04-19 18:00:00";72
"2020-04-19 18:30:00";72
"2020-04-19 19:30:00";75
"2020-04-19 20:00:00";75
"2020-04-19 20:30:00";77
"2020-04-19 21:30:00";77
"2020-04-19 22:00:00";77
"2020-04-19 22:30:00";81
"2020-04-19 23:00:00";79
"2020-04-19 23:30:00";79
"2020-04-20 00:00:00";80
"2020-04-20 00:30:00";80
"2020-04-20 01:00:00";81
"2020-04-20 02:00:00";76
"2020-04-20 02:30:00";77
"2020-04-20 03:00:00";79
"2020-04-20 03:30:00";79
"2020-04-20 04:30:00";79
"2020-04-20 05:00:00";80
"2020-04-20 05:30:00";79
"2020-04-20 06:00:00";78
"2020-04-20 06:30:00";77
"2020-04-20 07:00:00";77
"2020-04-20 08:00:00";79
"2020-04-20 08:30:00";79
"2020-04-20 09:00:00";77
"2020-04-20 09:30:00";77
"2020-04-20 10:00:00";76
"2020-04-20 11:00:00";77
"2020-04-20 12:00:00";78
"2020-04-20 13:00:00";82
"2020-04-20 13:30:00";78
"2020-04-20 14:00:00";77
"2020-04-20 14:30:00";78
"2020-04-20 15:00:00";76
"2020-04-20 15:30:00";82
"2020-04-20 16:00:00";80
"2020-04-20 16:30:00";78
"2020-04-20 17:00:00";81
"2020-04-20 17:30:00";81
"2020-04-20 18:00:00";79
"2020-04-20 18:30:00";82
"2020-04-20 19:00:00";82
"2020-04-20 19:30:00";81
"2020-04-20 20:00:00";83
"2020-04-20 20:30:00";84
"2020-04-20 21:00:00";84
"2020-04-20 21:30:00";84
"2020-04-20 22:00:00";83
"2020-04-20 22:30:00";85
"2020-04-20 23:00:00";84
"2020-04-20 23:30:00";84
"2020-04-21 00:00:00";84
"2020-04-21 00:30:00";84
"2020-04-21 01:00:00";85
"2020-04-21 02:00:00";84
"2020-04-21 02:30:00";88
"2020-04-21 03:00:00";86
"2020-04-21 03:30:00";86
"2020-04-21 04:00:00";87
"2020-04-21 04:30:00";84
"2020-04-21 05:00:00";84
"2020-04-21 05:30:00";86
"2020-04-21 06:00:00";84
"2020-04-21 06:30:00";83
"2020-04-21 07:00:00";84
"2020-04-21 07:30:00";85
"2020-04-21 08:30:00";85
"2020-04-21 09:00:00";84
"2020-04-21 09:30:00";86
"2020-04-21 10:00:00";84
"2020-04-21 10:30:00";84
"2020-04-21 11:00:00";84
"2020-04-21 11:30:00";84
"2020-04-21 12:30:00";83
"2020-04-21 13:00:00";83
"2020-04-21 14:00:00";82
"2020-04-21 14:30:00";81
"2020-04-21 15:30:00";82
"2020-04-21 16:30:00";80
"2020-04-21 17:00:00";79
"2020-04-21 17:30:00";84
"2020-04-21 18:00:00";79
"2020-04-21 18:30:00";81
"2020-04-21 19:00:00";81
"2020-04-21 19:30:00";80
"2020-04-21 20:00:00";81
"2020-04-21 20:30:00";81
"2020-04-21 21:00:00";80
"2020-04-21 21:30:00";80
"2020-04-21 22:00:00";80
"2020-04-21 22:30:00";79
"2020-04-21 23:00:00";80
"2020-04-21 23:30:00";77
"2020-04-22 00:00:00";79
"2020-04-22 00:30:00";76
"2020-04-22 01:00:00";78
"2020-04-22 02:00:00";79
"2020-04-22 02:30:00";78
"2020-04-22 03:00:00";77
"2020-04-22 03:30:00";77
"2020-04-22 04:00:00";77
"2020-04-22 04:30:00";77
"2020-04-22 05:00:00";74
"2020-04-22 05:30:00";75
"2020-04-22 06:00:00";73
"2020-04-22 06:30:00";74
"2020-04-22 07:00:00";74
"2020-04-22 07:30:00";72
"2020-04-22 08:00:00";76
"2020-04-22 08:30:00";75
"2020-04-22 09:00:00";75
"2020-04-22 09:30:00";73
"2020-04-22 10:30:00";72
"2020-04-22 11:00:00";69
"2020-04-22 11:30:00";71
"2020-04-22 12:30:00";68
"2020-04-22 13:30:00";67
"2020-04-22 14:00:00";68
"2020-04-22 14:30:00";67
"2020-04-22 15:00:00";66
"2020-04-22 15:30:00";66
"2020-04-22 16:00:00";67
"2020-04-22 16:30:00";69
"2020-04-22 17:00:00";69
"2020-04-22 17:30:00";71
"2020-04-22 18:00:00";70
"2020-04-22 18:30:00";71
"2020-04-22 19:00:00";69
"2020-04-22 19:30:00";72
"2020-04-22 20:00:00";71
"2020-04-22 20:30:00";70
"2020-04-22 21:00:00";72
"2020-04-22 21:30:00";72
"2020-04-22 22:00:00";73
"2020-04-22 22:30:00";73
"2020-04-22 23:00:00";73
"2020-04-22 23:30:00";73
"2020-04-23 00:00:00";73
"2020-04-23 00:30:00";72
"2020-04-23 01:00:00";71
"2020-04-23 02:00:00";70
"2020-04-23 02:30:00";71
"2020-04-23 03:00:00";70
"2020-04-23 03:30:00";71
"2020-04-23 04:00:00";69
"2020-04-23 04:30:00";70
"2020-04-23 05:00:00";68
"2020-04-23 05:30:00";69
"2020-04-23 06:00:00";67
"2020-04-23 06:30:00";71
"2020-04-23 07:00:00";69
"2020-04-23 07:30:00";68
"2020-04-23 08:00:00";69
"2020-04-23 08:30:00";68
"2020-04-23 09:00:00";69
"2020-04-23 10:00:00";68
"2020-04-23 10:30:00";67
"2020-04-23 11:00:00";64
"2020-04-23 12:00:00";64
"2020-04-23 12:30:00";66
"2020-04-23 13:00:00";66
"2020-04-23 14:00:00";65
"2020-04-23 15:00:00";65
"2020-04-23 15:30:00";66
"2020-04-23 16:00:00";66
"2020-04-23 16:30:00";64
"2020-04-23 17:00:00";66
"2020-04-23 17:30:00";65
"2020-04-23 18:00:00";68
"2020-04-23 18:30:00";68
"2020-04-23 19:30:00";71
"2020-04-23 20:00:00";69
"2020-04-23 20:30:00";70
"2020-04-23 21:00:00";69
"2020-04-23 21:30:00";70
"2020-04-23 22:00:00";72
"2020-04-23 22:30:00";72
"2020-04-23 23:00:00";73
"2020-04-23 23:30:00";72
"2020-04-24 00:00:00";73
"2020-04-24 01:00:00";72
"2020-04-24 02:00:00";69
"2020-04-24 02:30:00";72
"2020-04-24 03:30:00";70
"2020-04-24 04:00:00";71
"2020-04-24 05:00:00";71
"2020-04-24 06:00:00";67
"2020-04-24 06:30:00";67
"2020-04-24 07:00:00";69
"2020-04-24 08:00:00";67
"2020-04-24 08:30:00";69
"2020-04-24 09:00:00";69
"2020-04-24 09:30:00";71
"2020-04-24 10:00:00";67
"2020-04-24 11:00:00";65
"2020-04-24 12:00:00";64
"2020-04-24 12:30:00";65
"2020-04-24 13:00:00";68
"2020-04-24 13:30:00";64
"2020-04-24 14:00:00";66
"2020-04-24 14:30:00";67
"2020-04-24 15:00:00";66
"2020-04-24 15:30:00";66
"2020-04-24 16:30:00";67
"2020-04-24 17:00:00";69
"2020-04-24 17:30:00";70
"2020-04-24 18:00:00";71
"2020-04-24 18:30:00";70
"2020-04-24 19:00:00";67
"2020-04-24 19:30:00";71
"2020-04-24 20:00:00";71
"2020-04-24 20:30:00";73
"2020-04-24 21:00:00";73
"2020-04-24 21:30:00";73
"2020-04-24 22:00:00";74
"2020-04-24 22:30:00";73
"2020-04-24 23:30:00";74
"2020-04-25 00:00:00";74
"2020-04-25 00:30:00";74
"2020-04-25 02:30:00";74
"2020-04-25 03:00:00";74
"2020-04-25 03:30:00";73
"2020-04-25 04:00:00";72
"2020-04-25 04:30:00";72
"2020-04-25 05:00:00";73
"2020-04-25 05:30:00";71
"2020-04-25 06:00:00";71
"2020-04-25 06:30:00";71
"2020-04-25 07:00:00";71
"2020-04-25 07:30:00";69
"2020-04-25 08:00:00";71
"2020-04-25 08:30:00";71
"2020-04-25 09:00:00";73
"2020-04-25 09:30:00";73
"2020-04-25 10:00:00";71
"2020-04-25 10:30:00";70
"2020-04-25 11:00:00";64
"2020-04-25 11:30:00";69
"2020-04-25 12:00:00";68
"2020-04-25 12:30:00";69
"2020-04-25 13:00:00";68
"2020-04-25 13:30:00";69
"2020-04-25 14:00:00";68
"2020-04-25 14:30:00";68
"2020-04-25 15:00:00";68
"2020-04-25 15:30:00";69
"2020-04-25 16:00:00";68
"2020-04-25 16:30:00";65
"2020-04-25 17:00:00";71
"2020-04-25 17:30:00";67
"2020-04-25 18:00:00";70
"2020-04-25 18:30:00";71
"2020-04-25 19:00:00";72
"2020-04-25 20:00:00";70
"2020-04-25 20:30:00";71
"2020-04-25 21:00:00";73
"2020-04-25 21:30:00";72
"2020-04-25 22:00:00";75
"2020-04-25 22:30:00";73
"2020-04-25 23:00:00";72
"2020-04-25 23:30:00";76
"2020-04-26 00:00:00";75
"2020-04-26 00:30:00";75
"2020-04-26 01:00:00";74
"2020-04-26 02:00:00";75
"2020-04-26 02:30:00";73
"2020-04-26 03:00:00";74
"2020-04-26 03:30:00";74
"2020-04-26 04:00:00";73
"2020-04-26 04:30:00";74
"2020-04-26 05:00:00";74
"2020-04-26 05:30:00";74
"2020-04-26 06:00:00";74
"2020-04-26 06:30:00";72
"2020-04-26 07:00:00";72
"2020-04-26 07:30:00";72
"2020-04-26 08:00:00";71
"2020-04-26 08:30:00";71
"2020-04-26 09:00:00";75
"2020-04-26 09:30:00";71
"2020-04-26 10:00:00";71
"2020-04-26 10:30:00";70
"2020-04-26 11:00:00";72
"2020-04-26 11:30:00";70
"2020-04-26 12:00:00";72
"2020-04-26 12:30:00";71
"2020-04-26 13:00:00";70
"2020-04-26 13:30:00";70
"2020-04-26 14:00:00";71
"2020-04-26 14:30:00";70
"2020-04-26 15:00:00";72
"2020-04-26 15:30:00";72
"2020-04-26 16:00:00";73
"2020-04-26 16:30:00";74
"2020-04-26 17:00:00";74
"2020-04-26 17:30:00";74
"2020-04-26 18:00:00";74
"2020-04-26 18:30:00";71
"2020-04-26 19:00:00";72
"2020-04-26 19:30:00";73
"2020-04-26 20:00:00";75
"2020-04-26 20:30:00";76
"2020-04-26 21:00:00";75
"2020-04-26 21:30:00";76
"2020-04-26 22:00:00";78
"2020-04-26 22:30:00";77
"2020-04-26 23:00:00";79
"2020-04-26 23:30:00";79
"2020-04-27 00:00:00";80
"2020-04-27 00:30:00";82
"2020-04-27 01:00:00";80
"2020-04-27 02:00:00";79
"2020-04-27 02:30:00";80
"2020-04-27 03:00:00";78
"2020-04-27 03:30:00";80
"2020-04-27 04:00:00";76
"2020-04-27 04:30:00";78
"2020-04-27 05:00:00";78
"2020-04-27 05:30:00";77
"2020-04-27 06:00:00";79
"2020-04-27 06:30:00";76
"2020-04-27 07:00:00";78
"2020-04-27 07:30:00";77
"2020-04-27 08:00:00";75
"2020-04-27 08:30:00";76
"2020-04-27 09:00:00";75
"2020-04-27 09:30:00";76
"2020-04-27 10:00:00";78
"2020-04-27 10:30:00";75
"2020-04-27 11:00:00";74
"2020-04-27 11:30:00";76
"2020-04-27 12:00:00";74
"2020-04-27 12:30:00";77
"2020-04-27 13:00:00";73
"2020-04-27 13:30:00";74
"2020-04-27 14:00:00";74
"2020-04-27 14:30:00";75
"2020-04-27 15:00:00";72
"2020-04-27 15:30:00";73
"2020-04-27 16:00:00";72
"2020-04-27 16:30:00";74
"2020-04-27 17:00:00";73
"2020-04-27 17:30:00";72
"2020-04-27 18:00:00";72
"2020-04-27 18:30:00";73
"2020-04-27 19:00:00";74
"2020-04-27 19:30:00";72
"2020-04-27 20:00:00";73
"2020-04-27 20:30:00";72
"2020-04-27 21:00:00";72
"2020-04-27 21:30:00";76
"2020-04-27 22:00:00";76
"2020-04-27 22:30:00";75
"2020-04-27 23:00:00";76
"2020-04-27 23:30:00";75
"2020-04-28 00:00:00";74
"2020-04-28 00:30:00";77
"2020-04-28 01:00:00";73
"2020-04-28 02:00:00";80
"2020-04-28 02:30:00";79
"2020-04-28 03:00:00";82
"2020-04-28 03:30:00";79
"2020-04-28 04:00:00";81
"2020-04-28 04:30:00";82
"2020-04-28 05:00:00";84
"2020-04-28 05:30:00";83
"2020-04-28 06:00:00";82
"2020-04-28 06:30:00";84
"2020-04-28 07:00:00";83
"2020-04-28 07:30:00";83
"2020-04-28 08:00:00";82
"2020-04-28 08:30:00";81
"2020-04-28 09:00:00";81
"2020-04-28 09:30:00";82
"2020-04-28 10:00:00";83
"2020-04-28 10:30:00";82
"2020-04-28 11:00:00";82
"2020-04-28 11:30:00";85
"2020-04-28 12:30:00";87
"2020-04-28 13:00:00";87
"2020-04-28 13:30:00";86
"2020-04-28 14:00:00";86
"2020-04-28 14:30:00";90
"2020-04-28 15:00:00";87
"2020-04-28 15:30:00";86
"2020-04-28 16:00:00";88
"2020-04-28 16:30:00";88
"2020-04-28 17:00:00";90
"2020-04-28 17:30:00";88
"2020-04-28 18:00:00";86
"2020-04-28 18:30:00";85
"2020-04-28 19:00:00";86
"2020-04-28 19:30:00";86
"2020-04-28 20:00:00";87
"2020-04-28 20:30:00";88
"2020-04-28 21:00:00";87
"2020-04-28 21:30:00";86
"2020-04-28 22:00:00";84
"2020-04-28 22:30:00";86
"2020-04-28 23:00:00";88
"2020-04-28 23:30:00";88
"2020-04-29 00:00:00";86
"2020-04-29 00:30:00";88
"2020-04-29 01:00:00";88
"2020-04-29 02:00:00";86
"2020-04-29 02:30:00";85
"2020-04-29 03:00:00";82
"2020-04-29 03:30:00";84
"2020-04-29 04:00:00";83
"2020-04-29 04:30:00";83
"2020-04-29 05:00:00";82
"2020-04-29 05:30:00";84
"2020-04-29 06:00:00";84
"2020-04-29 06:30:00";82
"2020-04-29 07:00:00";82
"2020-04-29 07:30:00";81
"2020-04-29 08:00:00";82
"2020-04-29 08:30:00";82
"2020-04-29 09:00:00";83
"2020-04-29 09:30:00";79
"2020-04-29 10:00:00";80
"2020-04-29 10:30:00";79
"2020-04-29 11:00:00";76
"2020-04-29 11:30:00";75
"2020-04-29 12:30:00";76
"2020-04-29 13:00:00";74
"2020-04-29 13:30:00";75
"2020-04-29 14:00:00";75
"2020-04-29 15:00:00";75
"2020-04-29 15:30:00";75
"2020-04-29 16:00:00";76
"2020-04-29 16:30:00";74
"2020-04-29 17:00:00";74
"2020-04-29 17:30:00";78
"2020-04-29 18:00:00";74
"2020-04-29 18:30:00";74
"2020-04-29 19:00:00";73
"2020-04-29 19:30:00";76
"2020-04-29 20:00:00";77
"2020-04-29 20:30:00";77
"2020-04-29 21:00:00";75
"2020-04-29 21:30:00";75
"2020-04-29 22:00:00";73
"2020-04-29 22:30:00";78
"2020-04-29 23:30:00";77
"2020-04-30 00:00:00";76
"2020-04-30 00:30:00";72
"2020-04-30 01:00:00";77
"2020-04-30 02:00:00";76
"2020-04-30 02:30:00";76
"2020-04-30 03:00:00";74
"2020-04-30 03:30:00";73
"2020-04-30 04:00:00";74
"2020-04-30 04:30:00";73
"2020-04-30 05:00:00";77
"2020-04-30 05:30:00";73
"2020-04-30 06:00:00";73
"2020-04-30 06:30:00";74
"2020-04-30 07:00:00";72
"2020-04-30 07:30:00";73
"2020-04-30 08:00:00";72
"2020-04-30 08:30:00";72
"2020-04-30 09:00:00";73
"2020-04-30 10:00:00";72
"2020-04-30 11:00:00";73
"2020-04-30 11:30:00";72
"2020-04-30 12:00:00";71
"2020-04-30 12:30:00";70
"2020-04-30 13:00:00";70
"2020-04-30 13:30:00";70
"2020-04-30 14:00:00";69
"2020-04-30 14:30:00";69
"2020-04-30 15:00:00";69
"2020-04-30 15:30:00";71
"2020-04-30 16:00:00";70
"2020-04-30 16:30:00";71
"2020-04-30 17:00:00";70
"2020-04-30 17:30:00";71
"2020-04-30 18:00:00";71
"2020-04-30 18:30:00";72
"2020-04-30 19:00:00";69
"2020-04-30 19:30:00";71
"2020-04-30 20:00:00";70
"2020-04-30 20:30:00";71
"2020-04-30 21:00:00";68
"2020-04-30 21:30:00";69
"2020-04-30 22:00:00";67
"2020-04-30 22:30:00";68
"2020-04-30 23:00:00";70
"2020-04-30 23:30:00";70
"2020-05-01 00:00:00";71
"2020-05-01 00:30:00";69
"2020-05-01 01:00:00";69
"2020-05-01 02:00:00";67
"2020-05-01 02:30:00";68
"2020-05-01 03:00:00";65
"2020-05-01 03:30:00";67
"2020-05-01 04:30:00";67
"2020-05-01 05:00:00";67
"2020-05-01 05:30:00";67
"2020-05-01 06:00:00";68
"2020-05-01 06:30:00";65
"2020-05-01 07:00:00";66
"2020-05-01 07:30:00";67
"2020-05-01 08:00:00";64
"2020-05-01 08:30:00";68
"2020-05-01 09:00:00";67
"2020-05-01 09:30:00";65
"2020-05-01 10:00:00";66
"2020-05-01 10:30:00";65
"2020-05-01 11:00:00";65
"2020-05-01 11:30:00";63
"2020-05-01 12:00:00";66
"2020-05-01 12:30:00";64
"2020-05-01 13:00:00";66
"2020-05-01 13:30:00";66
"2020-05-01 14:00:00";65
"2020-05-01 14:30:00";66
"2020-05-01 15:00:00";64
"2020-05-01 15:30:00";62
"2020-05-01 16:00:00";66
"2020-05-01 16:30:00";62
"2020-05-01 17:00:00";64
"2020-05-01 17:30:00";64
"2020-05-01 18:00:00";62
"2020-05-01 18:30:00";64
"2020-05-01 19:00:00";65
"2020-05-01 19:30:00";64
"2020-05-01 20:00:00";64
"2020-05-01 20:30:00";61
"2020-05-01 21:00:00";64
"2020-05-01 21:30:00";66
"2020-05-01 22:30:00";66
"2020-05-01 23:00:00";65
"2020-05-01 23:30:00";66
"2020-05-02 00:00:00";64
"2020-05-02 00:30:00";66
"2020-05-02 02:00:00";66
"2020-05-02 02:30:00";65
"2020-05-02 03:00:00";67
"2020-05-02 03:30:00";66
"2020-05-02 04:00:00";65
"2020-05-02 04:30:00";68
"2020-05-02 05:00:00";64
"2020-05-02 05:30:00";66
"2020-05-02 06:00:00";64
"2020-05-02 06:30:00";69
"2020-05-02 07:00:00";66
"2020-05-02 07:30:00";67
"2020-05-02 08:00:00";66
"2020-05-02 08:30:00";65
"2020-05-02 09:00:00";67
"2020-05-02 09:30:00";67
"2020-05-02 10:00:00";64
"2020-05-02 10:30:00";65
"2020-05-02 11:00:00";64
"2020-05-02 11:30:00";63
"2020-05-02 12:30:00";63
"2020-05-02 13:00:00";60
"2020-05-02 13:30:00";63
"2020-05-02 14:00:00";60
"2020-05-02 14:30:00";62
"2020-05-02 15:00:00";62
"2020-05-02 15:30:00";65
"2020-05-02 16:00:00";63
"2020-05-02 16:30:00";62
"2020-05-02 17:00:00";62
"2020-05-02 17:30:00";63
"2020-05-02 18:00:00";65
"2020-05-02 18:30:00";63
"2020-05-02 19:00:00";64
"2020-05-02 19:30:00";66
"2020-05-02 20:00:00";67
"2020-05-02 20:30:00";67
"2020-05-02 21:00:00";67
"2020-05-02 21:30:00";67
"2020-05-02 22:00:00";69
"2020-05-02 22:30:00";69
"2020-05-02 23:00:00";69
"2020-05-02 23:30:00";67
"2020-05-03 00:00:00";67
"2020-05-03 00:30:00";67
"2020-05-03 01:00:00";68
"2020-05-03 02:00:00";69
"2020-05-03 02:30:00";67
"2020-05-03 03:00:00";66
"2020-05-03 03:30:00";66
"2020-05-03 04:00:00";68
"2020-05-03 04:30:00";68
"2020-05-03 05:00:00";69
"2020-05-03 05:30:00";66
"2020-05-03 06:00:00";66
"2020-05-03 06:30:00";64
"2020-05-03 07:00:00";67
"2020-05-03 07:30:00";67
"2020-05-03 08:00:00";66
"2020-05-03 08:30:00";64
"2020-05-03 09:00:00";66
"2020-05-03 09:30:00";65
"2020-05-03 10:00:00";64
"2020-05-03 10:30:00";65
"2020-05-03 11:00:00";63
"2020-05-03 11:30:00";64
"2020-05-03 12:30:00";62
"2020-05-03 13:00:00";65
"2020-05-03 13:30:00";63
"2020-05-03 14:00:00";63
"2020-05-03 14:30:00";66
"2020-05-03 15:00:00";63
"2020-05-03 15:30:00";65
"2020-05-03 16:00:00";65
"2020-05-03 16:30:00";67
"2020-05-03 17:00:00";67
"2020-05-03 17:30:00";67
"2020-05-03 18:00:00";68
"2020-05-03 18:30:00";67
"2020-05-03 19:00:00";68
"2020-05-03 19:30:00";70
"2020-05-03 20:00:00";68
"2020-05-03 20:30:00";70
"2020-05-03 21:30:00";68
"2020-05-03 22:00:00";69
"2020-05-03 22:30:00";69
"2020-05-03 23:00:00";72
"2020-05-03 23:30:00";69
"2020-05-04 00:00:00";72
"2020-05-04 00:30:00";69
"2020-05-04 01:00:00";71
"2020-05-04 02:00:00";67
"2020-05-04 02:30:00";68
"2020-05-04 03:00:00";69
"2020-05-04 03:30:00";68
"2020-05-04 04:00:00";68
"2020-05-04 04:30:00";69
"2020-05-04 05:00:00";70
"2020-05-04 05:30:00";70
"2020-05-04 06:00:00";68
"2020-05-04 06:30:00";67
"2020-05-04 07:00:00";67
"2020-05-04 07:30:00";68
"2020-05-04 08:00:00";67
"2020-05-04 08:30:00";66
"2020-05-04 09:00:00";67
"2020-05-04 09:30:00";66
"2020-05-04 10:00:00";65
"2020-05-04 10:30:00";65
"2020-05-04 11:00:00";64
"2020-05-04 11:30:00";62
"2020-05-04 12:00:00";65
"2020-05-04 12:30:00";64
"2020-05-04 13:00:00";65
"2020-05-04 13:30:00";64
"2020-05-04 14:00:00";63
"2020-05-04 14:30:00";65
"2020-05-04 15:00:00";64
"2020-05-04 15:30:00";63
"2020-05-04 16:00:00";64
"2020-05-04 16:30:00";65
"2020-05-04 17:00:00";66
"2020-05-04 17:30:00";69
"2020-05-04 18:00:00";68
"2020-05-04 18:30:00";69
"2020-05-04 19:00:00";65
"2020-05-04 19:30:00";70
"2020-05-04 20:00:00";68
"2020-05-04 20:30:00";67
"2020-05-04 21:00:00";67
"2020-05-04 21:30:00";70
"2020-05-04 22:00:00";69
"2020-05-04 22:30:00";72
"2020-05-04 23:00:00";72
"2020-05-04 23:30:00";72
"2020-05-05 00:00:00";70
"2020-05-05 00:30:00";71
"2020-05-05 01:00:00";71
"2020-05-05 02:00:00";73
"2020-05-05 02:30:00";67
"2020-05-05 03:00:00";71
"2020-05-05 03:30:00";70
"2020-05-05 04:00:00";71
"2020-05-05 04:30:00";70
"2020-05-05 05:00:00";69
"2020-05-05 05:30:00";70
"2020-05-05 06:00:00";71
"2020-05-05 06:30:00";69
"2020-05-05 07:00:00";68
"2020-05-05 07:30:00";70
"2020-05-05 08:00:00";68
"2020-05-05 08:30:00";71
"2020-05-05 09:00:00";70
"2020-05-05 09:30:00";67
"2020-05-05 10:00:00";69
"2020-05-05 10:30:00";67
"2020-05-05 11:00:00";67
"2020-05-05 11:30:00";68
"2020-05-05 12:00:00";65
"2020-05-05 12:30:00";67
"2020-05-05 13:00:00";66
"2020-05-05 13:30:00";66
"2020-05-05 14:00:00";67
"2020-05-05 14:30:00";65
"2020-05-05 15:00:00";65
"2020-05-05 15:30:00";66
"2020-05-05 16:00:00";64
"2020-05-05 16:30:00";67
"2020-05-05 17:00:00";69
"2020-05-05 17:30:00";70
"2020-05-05 18:00:00";68
"2020-05-05 18:30:00";70
"2020-05-05 19:00:00";69
"2020-05-05 19:30:00";69
"2020-05-05 20:00:00";72
"2020-05-05 20:30:00";72
"2020-05-05 21:00:00";76
"2020-05-05 21:30:00";74
"2020-05-05 22:00:00";76
"2020-05-05 22:30:00";76
"2020-05-05 23:00:00";75
"2020-05-05 23:30:00";77
"2020-05-06 00:00:00";75
"2020-05-06 00:30:00";75
"2020-05-06 01:00:00";77
"2020-05-06 02:00:00";79
"2020-05-06 02:30:00";77
"2020-05-06 03:00:00";77
"2020-05-06 03:30:00";76
"2020-05-06 04:00:00";77
"2020-05-06 04:30:00";77
"2020-05-06 05:00:00";75
"2020-05-06 05:30:00";76
"2020-05-06 06:00:00";75
"2020-05-06 06:30:00";78
"2020-05-06 07:00:00";72
"2020-05-06 07:30:00";74
"2020-05-06 08:00:00";73
"2020-05-06 08:30:00";71
"2020-05-06 09:00:00";73
"2020-05-06 09:30:00";74
"2020-05-06 10:00:00";74
"2020-05-06 10:30:00";71
"2020-05-06 11:00:00";71
"2020-05-06 11:30:00";73
"2020-05-06 12:00:00";73
"2020-05-06 12:30:00";71
"2020-05-06 13:00:00";70
"2020-05-06 13:30:00";72
"2020-05-06 14:00:00";71
"2020-05-06 14:30:00";71
"2020-05-06 15:00:00";71
"2020-05-06 15:30:00";72
"2020-05-06 16:00:00";71
"2020-05-06 16:30:00";71
"2020-05-06 17:00:00";71
"2020-05-06 17:30:00";71
"2020-05-06 18:00:00";74
"2020-05-06 18:30:00";74
"2020-05-06 19:00:00";72
"2020-05-06 19:30:00";74
"2020-05-06 20:00:00";74
"2020-05-06 20:30:00";75
"2020-05-06 21:00:00";75
"2020-05-06 21:30:00";75
"2020-05-06 22:00:00";77
"2020-05-06 22:30:00";76
"2020-05-06 23:00:00";76
"2020-05-06 23:30:00";76
"2020-05-07 00:00:00";77
"2020-05-07 00:30:00";78
"2020-05-07 01:00:00";77
"2020-05-07 02:00:00";76
"2020-05-07 02:30:00";74
"2020-05-07 03:00:00";78
"2020-05-07 03:30:00";79
"2020-05-07 04:00:00";74
"2020-05-07 04:30:00";74
"2020-05-07 05:00:00";75
"2020-05-07 05:30:00";76
"2020-05-07 06:00:00";75
"2020-05-07 06:30:00";75
"2020-05-07 07:00:00";75
"2020-05-07 07:30:00";75
"2020-05-07 08:00:00";73
"2020-05-07 08:30:00";75
"2020-05-07 09:00:00";74
"2020-05-07 09:30:00";74
"2020-05-07 10:00:00";75
"2020-05-07 10:30:00";72
"2020-05-07 11:00:00";72
"2020-05-07 11:30:00";71
"2020-05-07 12:30:00";71
"2020-05-07 13:00:00";71
"2020-05-07 13:30:00";69
"2020-05-07 14:00:00";71
"2020-05-07 14:30:00";71
"2020-05-07 15:00:00";71
"2020-05-07 15:30:00";71
"2020-05-07 16:00:00";70
"2020-05-07 16:30:00";75
"2020-05-07 17:00:00";74
"2020-05-07 17:30:00";74
"2020-05-07 18:00:00";78
"2020-05-07 18:30:00";78
"2020-05-07 19:00:00";79
"2020-05-07 19:30:00";80
"2020-05-07 20:00:00";79
"2020-05-07 20:30:00";81
"2020-05-07 21:00:00";82
"2020-05-07 21:30:00";81
"2020-05-07 22:00:00";82
"2020-05-07 22:30:00";84
"2020-05-07 23:00:00";84
"2020-05-07 23:30:00";82
"2020-05-08 00:00:00";83
"2020-05-08 00:30:00";84
"2020-05-08 01:00:00";84
"2020-05-08 02:00:00";85
"2020-05-08 02:30:00";84
"2020-05-08 03:00:00";82
"2020-05-08 03:30:00";82
"2020-05-08 04:00:00";84
"2020-05-08 04:30:00";81
"2020-05-08 05:00:00";79
"2020-05-08 05:30:00";81
"2020-05-08 06:00:00";80
"2020-05-08 06:30:00";81
"2020-05-08 07:00:00";79
"2020-05-08 07:30:00";81
"2020-05-08 08:00:00";80
"2020-05-08 08:30:00";80
"2020-05-08 09:00:00";79
"2020-05-08 09:30:00";78
"2020-05-08 10:00:00";77
"2020-05-08 10:30:00";79
"2020-05-08 11:00:00";75
"2020-05-08 11:30:00";74
"2020-05-08 12:00:00";76
"2020-05-08 13:00:00";73
"2020-05-08 14:00:00";78
"2020-05-08 14:30:00";77
"2020-05-08 15:30:00";76
"2020-05-08 16:00:00";76
"2020-05-08 16:30:00";78
"2020-05-08 17:00:00";76
"2020-05-08 17:30:00";79
"2020-05-08 18:00:00";79
"2020-05-08 18:30:00";80
"2020-05-08 19:00:00";78
"2020-05-08 19:30:00";79
"2020-05-08 20:00:00";79
"2020-05-08 20:30:00";78
"2020-05-08 21:00:00";80
"2020-05-08 21:30:00";79
"2020-05-08 22:00:00";80
"2020-05-08 22:30:00";81
"2020-05-08 23:00:00";81
"2020-05-08 23:30:00";81
"2020-05-09 00:00:00";82
"2020-05-09 00:30:00";82
"2020-05-09 02:00:00";82
"2020-05-09 02:30:00";82
"2020-05-09 03:00:00";82
"2020-05-09 03:30:00";81
"2020-05-09 04:00:00";81
"2020-05-09 04:30:00";79
"2020-05-09 05:00:00";80
"2020-05-09 05:30:00";81
"2020-05-09 06:00:00";81
"2020-05-09 06:30:00";80
"2020-05-09 07:00:00";79
"2020-05-09 07:30:00";81
"2020-05-09 08:00:00";80
"2020-05-09 08:30:00";81
"2020-05-09 09:00:00";82
"2020-05-09 09:30:00";78
"2020-05-09 10:00:00";80
"2020-05-09 10:30:00";78
"2020-05-09 11:00:00";78
"2020-05-09 11:30:00";80
"2020-05-09 12:00:00";79
"2020-05-09 12:30:00";78
"2020-05-09 13:00:00";78
"2020-05-09 13:30:00";76
"2020-05-09 14:00:00";77
"2020-05-09 14:30:00";78
"2020-05-09 15:00:00";79
"2020-05-09 15:30:00";79
"2020-05-09 16:00:00";80
"2020-05-09 16:30:00";81
"2020-05-09 17:00:00";80
"2020-05-09 17:30:00";82
"2020-05-09 18:00:00";83
"2020-05-09 18:30:00";83
"2020-05-09 19:00:00";83
"2020-05-09 19:30:00";81
"2020-05-09 20:00:00";82
"2020-05-09 20:30:00";83
"2020-05-09 21:00:00";82
"2020-05-09 21:30:00";84
"2020-05-09 22:00:00";84
"2020-05-09 22:30:00";84
"2020-05-09 23:00:00";85
"2020-05-09 23:30:00";87
"2020-05-10 00:00:00";84
"2020-05-10 00:30:00";85
"2020-05-10 01:00:00";87
"2020-05-10 02:00:00";85
"2020-05-10 02:30:00";89
"2020-05-10 03:00:00";88
"2020-05-10 03:30:00";87
"2020-05-10 04:00:00";90
"2020-05-10 04:30:00";94
"2020-05-10 05:00:00";92
"2020-05-10 05:30:00";95
"2020-05-10 06:00:00";98
"2020-05-10 06:30:00";98
"2020-05-10 07:00:00";98
"2020-05-10 07:30:00";99
"2020-05-10 08:00:00";98
"2020-05-10 08:30:00";101
"2020-05-10 09:00:00";100
"2020-05-10 09:30:00";96
"2020-05-10 10:00:00";94
"2020-05-10 10:30:00";99
"2020-05-10 11:00:00";97
"2020-05-10 11:30:00";95
"2020-05-10 12:00:00";96
"2020-05-10 12:30:00";94
"2020-05-10 13:00:00";94
"2020-05-10 13:30:00";93
"2020-05-10 14:00:00";93
"2020-05-10 14:30:00";95
"2020-05-10 15:00:00";92
"2020-05-10 15:30:00";92
"2020-05-10 16:00:00";91
"2020-05-10 16:30:00";91
"2020-05-10 17:00:00";89
"2020-05-10 17:30:00";90
"2020-05-10 18:00:00";89
"2020-05-10 18:30:00";90
"2020-05-10 19:00:00";89
"2020-05-10 19:30:00";86
"2020-05-10 20:00:00";88
"2020-05-10 20:30:00";87
"2020-05-10 21:00:00";90
"2020-05-10 21:30:00";91
"2020-05-10 22:00:00";88
"2020-05-10 22:30:00";91
"2020-05-10 23:00:00";90
"2020-05-10 23:30:00";93
"2020-05-11 00:00:00";92
"2020-05-11 00:30:00";96
"2020-05-11 01:00:00";95
"2020-05-11 02:00:00";102
"2020-05-11 02:30:00";102
"2020-05-11 03:00:00";111
"2020-05-11 03:30:00";113
"2020-05-11 04:00:00";120
"2020-05-11 04:30:00";133
"2020-05-11 05:00:00";147
"2020-05-11 05:30:00";155
"2020-05-11 06:00:00";159
"2020-05-11 06:30:00";170
"2020-05-11 07:00:00";161
"2020-05-11 08:00:00";155
"2020-05-11 08:30:00";153
"2020-05-11 09:00:00";150
"2020-05-11 09:30:00";146
"2020-05-11 10:00:00";145
"2020-05-11 10:30:00";139
"2020-05-11 11:00:00";147
"2020-05-11 11:30:00";144
"2020-05-11 12:30:00";135
"2020-05-11 13:00:00";134
"2020-05-11 13:30:00";131
"2020-05-11 14:00:00";138
"2020-05-11 14:30:00";133
"2020-05-11 15:00:00";135
"2020-05-11 15:30:00";131
"2020-05-11 16:00:00";128
"2020-05-11 16:30:00";121
"2020-05-11 17:00:00";132
"2020-05-11 17:30:00";125
"2020-05-11 18:00:00";124
"2020-05-11 18:30:00";123
"2020-05-11 19:00:00";120
"2020-05-11 19:30:00";122
"2020-05-11 20:00:00";117
"2020-05-11 20:30:00";118
"2020-05-11 21:00:00";115
"2020-05-11 21:30:00";115
"2020-05-11 22:00:00";114
"2020-05-11 22:30:00";115
"2020-05-11 23:00:00";112
"2020-05-11 23:30:00";113
"2020-05-12 00:00:00";121
"2020-05-12 00:30:00";113
"2020-05-12 01:00:00";113
"2020-05-12 02:00:00";113
"2020-05-12 02:30:00";111
"2020-05-12 03:00:00";111
"2020-05-12 03:30:00";108
"2020-05-12 04:00:00";107
"2020-05-12 04:30:00";106
"2020-05-12 05:00:00";103
"2020-05-12 05:30:00";109
"2020-05-12 06:00:00";107
"2020-05-12 06:30:00";107
"2020-05-12 07:00:00";101
"2020-05-12 07:30:00";103
"2020-05-12 08:00:00";102
"2020-05-12 08:30:00";103
"2020-05-12 09:00:00";102
"2020-05-12 09:30:00";103
"2020-05-12 10:00:00";102
"2020-05-12 10:30:00";95
"2020-05-12 11:30:00";96
"2020-05-12 12:30:00";97
"2020-05-12 13:00:00";96
"2020-05-12 13:30:00";96
"2020-05-12 14:00:00";96
"2020-05-12 14:30:00";98
"2020-05-12 15:00:00";96
"2020-05-12 15:30:00";97
"2020-05-12 16:00:00";96
"2020-05-12 16:30:00";95
"2020-05-12 17:00:00";96
"2020-05-12 17:30:00";95
"2020-05-12 18:00:00";95
"2020-05-12 18:30:00";95
"2020-05-12 19:00:00";96
"2020-05-12 19:30:00";95
"2020-05-12 20:00:00";94
"2020-05-12 20:30:00";95
"2020-05-12 21:00:00";94
"2020-05-12 21:30:00";96
"2020-05-12 22:00:00";94
"2020-05-12 22:30:00";92
"2020-05-12 23:00:00";94
"2020-05-12 23:30:00";93
"2020-05-13 00:00:00";94
"2020-05-13 00:30:00";91
"2020-05-13 01:00:00";92
"2020-05-13 02:00:00";92
"2020-05-13 02:30:00";91
"2020-05-13 03:00:00";93
"2020-05-13 03:30:00";93
"2020-05-13 04:00:00";91
"2020-05-13 04:30:00";94
"2020-05-13 05:00:00";93
"2020-05-13 05:30:00";93
"2020-05-13 06:00:00";90
"2020-05-13 06:30:00";91
"2020-05-13 07:00:00";93
"2020-05-13 07:30:00";94
"2020-05-13 08:30:00";95
"2020-05-13 09:00:00";94
"2020-05-13 09:30:00";91
"2020-05-13 10:30:00";95
"2020-05-13 11:00:00";96
"2020-05-13 11:30:00";94
"2020-05-13 12:30:00";99
"2020-05-13 13:00:00";98
"2020-05-13 13:30:00";99
"2020-05-13 14:00:00";100
"2020-05-13 14:30:00";102
"2020-05-13 15:00:00";99
"2020-05-13 15:30:00";103
"2020-05-13 16:00:00";103
"2020-05-13 16:30:00";104
"2020-05-13 17:30:00";108
"2020-05-13 18:00:00";106
"2020-05-13 18:30:00";109
"2020-05-13 19:00:00";105
"2020-05-13 19:30:00";105
"2020-05-13 20:00:00";107
"2020-05-13 20:30:00";106
"2020-05-13 21:00:00";104
"2020-05-13 21:30:00";101
"2020-05-13 22:00:00";102
"2020-05-13 22:30:00";105
"2020-05-13 23:00:00";102
"2020-05-13 23:30:00";103
"2020-05-14 00:00:00";103
"2020-05-14 00:30:00";101
"2020-05-14 01:00:00";101
"2020-05-14 02:00:00";100
"2020-05-14 02:30:00";103
"2020-05-14 03:00:00";99
"2020-05-14 03:30:00";101
"2020-05-14 04:00:00";98
"2020-05-14 04:30:00";99
"2020-05-14 05:00:00";96
"2020-05-14 05:30:00";96
"2020-05-14 06:00:00";96
"2020-05-14 06:30:00";96
"2020-05-14 07:00:00";96
"2020-05-14 07:30:00";95
"2020-05-14 08:00:00";94
"2020-05-14 08:30:00";97
"2020-05-14 09:00:00";94
"2020-05-14 09:30:00";96
"2020-05-14 10:00:00";96
"2020-05-14 10:30:00";94
"2020-05-14 11:00:00";93
"2020-05-14 11:30:00";91
"2020-05-14 12:00:00";90
"2020-05-14 12:30:00";89
"2020-05-14 13:00:00";93
"2020-05-14 13:30:00";91
"2020-05-14 14:00:00";92
"2020-05-14 14:30:00";89
"2020-05-14 15:00:00";90
"2020-05-14 15:30:00";90
"2020-05-14 16:00:00";89
"2020-05-14 16:30:00";90
"2020-05-14 17:00:00";89
"2020-05-14 17:30:00";90
"2020-05-14 18:00:00";90
"2020-05-14 18:30:00";90
"2020-05-14 19:00:00";86
"2020-05-14 20:00:00";90
"2020-05-14 21:00:00";86
"2020-05-14 21:30:00";89
"2020-05-14 22:00:00";90
"2020-05-14 22:30:00";88
"2020-05-14 23:00:00";90
"2020-05-14 23:30:00";93
"2020-05-15 00:00:00";90
"2020-05-15 00:30:00";89
"2020-05-15 01:00:00";89
"2020-05-15 02:00:00";90
"2020-05-15 02:30:00";92
"2020-05-15 03:00:00";96
"2020-05-15 03:30:00";96
"2020-05-15 04:00:00";97
"2020-05-15 04:30:00";96
"2020-05-15 05:00:00";101
"2020-05-15 05:30:00";97
"2020-05-15 06:00:00";98
"2020-05-15 06:30:00";98
"2020-05-15 07:00:00";95
"2020-05-15 07:30:00";96
"2020-05-15 08:00:00";95
"2020-05-15 08:30:00";96
"2020-05-15 09:00:00";94
"2020-05-15 09:30:00";95
"2020-05-15 10:00:00";94
"2020-05-15 10:30:00";91
"2020-05-15 11:00:00";92
"2020-05-15 11:30:00";92
"2020-05-15 12:30:00";92
"2020-05-15 13:00:00";93
"2020-05-15 13:30:00";90
"2020-05-15 14:00:00";92
"2020-05-15 14:30:00";90
"2020-05-15 15:00:00";94
"2020-05-15 15:30:00";89
"2020-05-15 16:00:00";91
"2020-05-15 16:30:00";92
"2020-05-15 17:00:00";94
"2020-05-15 17:30:00";97
"2020-05-15 18:00:00";99
"2020-05-15 18:30:00";97
"2020-05-15 19:00:00";101
"2020-05-15 19:30:00";104
"2020-05-15 20:00:00";100
"2020-05-15 20:30:00";101
"2020-05-15 21:00:00";99
"2020-05-15 21:30:00";102
"2020-05-15 22:00:00";102
"2020-05-15 22:30:00";99
"2020-05-15 23:00:00";101
"2020-05-15 23:30:00";100
"2020-05-16 00:00:00";100
"2020-05-16 02:00:00";99
"2020-05-16 02:30:00";99
"2020-05-16 03:00:00";96
"2020-05-16 03:30:00";98
"2020-05-16 04:00:00";96
"2020-05-16 04:30:00";98
"2020-05-16 05:00:00";96
"2020-05-16 05:30:00";95
"2020-05-16 06:00:00";96
"2020-05-16 06:30:00";96
"2020-05-16 07:00:00";93
"2020-05-16 07:30:00";96
"2020-05-16 08:00:00";95
"2020-05-16 08:30:00";94
"2020-05-16 09:00:00";95
"2020-05-16 09:30:00";93
"2020-05-16 10:00:00";94
"2020-05-16 10:30:00";98
"2020-05-16 11:00:00";93
"2020-05-16 11:30:00";94
"2020-05-16 12:00:00";93
"2020-05-16 12:30:00";94
"2020-05-16 13:00:00";92
"2020-05-16 13:30:00";93
"2020-05-16 14:00:00";95
"2020-05-16 14:30:00";93
"2020-05-16 15:00:00";93
"2020-05-16 15:30:00";93
"2020-05-16 16:00:00";90
"2020-05-16 16:30:00";89
"2020-05-16 17:00:00";92
"2020-05-16 17:30:00";92
"2020-05-16 18:00:00";95
"2020-05-16 18:30:00";96
"2020-05-16 19:00:00";96
"2020-05-16 19:30:00";99
"2020-05-16 20:00:00";98
"2020-05-16 20:30:00";99
"2020-05-16 21:00:00";98
"2020-05-16 21:30:00";97
"2020-05-16 22:00:00";99
"2020-05-16 22:30:00";99
"2020-05-16 23:00:00";98
"2020-05-16 23:30:00";99
"2020-05-17 00:00:00";97
"2020-05-17 00:30:00";98
"2020-05-17 01:00:00";97
"2020-05-17 02:00:00";98
"2020-05-17 02:30:00";99
"2020-05-17 03:00:00";98
"2020-05-17 03:30:00";97
"2020-05-17 04:00:00";99
"2020-05-17 04:30:00";98
"2020-05-17 05:00:00";98
"2020-05-17 05:30:00";99
"2020-05-17 06:00:00";96
"2020-05-17 06:30:00";97
"2020-05-17 07:00:00";97
"2020-05-17 07:30:00";96
"2020-05-17 08:00:00";94
"2020-05-17 08:30:00";97
"2020-05-17 09:00:00";96
"2020-05-17 09:30:00";96
"2020-05-17 10:00:00";95
"2020-05-17 10:30:00";95
"2020-05-17 11:00:00";96
"2020-05-17 11:30:00";93
"2020-05-17 12:00:00";92
"2020-05-17 12:30:00";93
"2020-05-17 13:00:00";92
"2020-05-17 13:30:00";93
"2020-05-17 14:00:00";92
"2020-05-17 14:30:00";93
"2020-05-17 15:00:00";91
"2020-05-17 16:00:00";92
"2020-05-17 16:30:00";91
"2020-05-17 17:00:00";93
"2020-05-17 17:30:00";96
"2020-05-17 18:00:00";98
"2020-05-17 18:30:00";97
"2020-05-17 19:00:00";98
"2020-05-17 19:30:00";97
"2020-05-17 20:00:00";98
"2020-05-17 20:30:00";96
"2020-05-17 21:00:00";97
"2020-05-17 21:30:00";99
"2020-05-17 22:00:00";98
"2020-05-17 22:30:00";99
"2020-05-17 23:00:00";99
"2020-05-17 23:30:00";95
"2020-05-18 00:00:00";99
"2020-05-18 00:30:00";98
"2020-05-18 01:00:00";101
"2020-05-18 02:00:00";96
"2020-05-18 02:30:00";97
"2020-05-18 03:00:00";99
"2020-05-18 03:30:00";95
"2020-05-18 04:00:00";98
"2020-05-18 04:30:00";97
"2020-05-18 05:00:00";99
"2020-05-18 05:30:00";96
"2020-05-18 06:00:00";96
"2020-05-18 06:30:00";96
"2020-05-18 07:00:00";97
"2020-05-18 07:30:00";95
"2020-05-18 08:00:00";97
"2020-05-18 08:30:00";93
"2020-05-18 09:00:00";95
"2020-05-18 09:30:00";96
"2020-05-18 10:00:00";93
"2020-05-18 10:30:00";93
"2020-05-18 11:00:00";90
"2020-05-18 11:30:00";89
"2020-05-18 12:30:00";87
"2020-05-18 13:00:00";95
"2020-05-18 14:00:00";90
"2020-05-18 14:30:00";93
"2020-05-18 15:00:00";92
"2020-05-18 15:30:00";92
"2020-05-18 16:00:00";91
"2020-05-18 16:30:00";93
"2020-05-18 17:00:00";96
"2020-05-18 17:30:00";94
"2020-05-18 18:00:00";93
"2020-05-18 18:30:00";94
"2020-05-18 19:00:00";96
"2020-05-18 19:30:00";93
"2020-05-18 20:00:00";97
"2020-05-18 20:30:00";94
"2020-05-18 21:00:00";95
"2020-05-18 21:30:00";96
"2020-05-18 22:00:00";98
"2020-05-18 22:30:00";98
"2020-05-18 23:00:00";99
"2020-05-18 23:30:00";99
"2020-05-19 00:00:00";100
"2020-05-19 00:30:00";99
"2020-05-19 01:00:00";99
"2020-05-19 02:00:00";96
"2020-05-19 02:30:00";98
"2020-05-19 03:00:00";95
"2020-05-19 03:30:00";94
"2020-05-19 04:00:00";97
"2020-05-19 04:30:00";96
"2020-05-19 05:00:00";94
"2020-05-19 05:30:00";97
"2020-05-19 06:00:00";96
"2020-05-19 06:30:00";96
"2020-05-19 07:00:00";93
"2020-05-19 07:30:00";94
"2020-05-19 08:00:00";93
"2020-05-19 08:30:00";94
"2020-05-19 09:00:00";95
"2020-05-19 09:30:00";97
"2020-05-19 10:00:00";91
"2020-05-19 10:30:00";93
"2020-05-19 11:00:00";93
"2020-05-19 11:30:00";94
"2020-05-19 12:00:00";93
"2020-05-19 12:30:00";91
"2020-05-19 13:00:00";93
"2020-05-19 13:30:00";91
"2020-05-19 14:00:00";91
"2020-05-19 14:30:00";89
"2020-05-19 15:00:00";91
"2020-05-19 15:30:00";91
"2020-05-19 16:00:00";94
"2020-05-19 16:30:00";93
"2020-05-19 17:00:00";96
"2020-05-19 17:30:00";98
"2020-05-19 18:00:00";99
"2020-05-19 18:30:00";97
"2020-05-19 19:00:00";100
"2020-05-19 19:30:00";100
"2020-05-19 20:00:00";103
"2020-05-19 20:30:00";100
"2020-05-19 21:00:00";101
"2020-05-19 21:30:00";101
"2020-05-19 22:00:00";103
"2020-05-19 22:30:00";101
"2020-05-19 23:00:00";104
"2020-05-19 23:30:00";103
"2020-05-20 00:00:00";100
"2020-05-20 00:30:00";101
"2020-05-20 01:00:00";101
"2020-05-20 02:00:00";98
"2020-05-20 02:30:00";99
"2020-05-20 03:00:00";99
"2020-05-20 03:30:00";98
"2020-05-20 04:00:00";98
"2020-05-20 04:30:00";96
"2020-05-20 05:00:00";97
"2020-05-20 05:30:00";98
"2020-05-20 06:00:00";96
"2020-05-20 06:30:00";94
"2020-05-20 07:00:00";96
"2020-05-20 07:30:00";96
"2020-05-20 08:00:00";93
"2020-05-20 08:30:00";96
"2020-05-20 09:00:00";94
"2020-05-20 09:30:00";97
"2020-05-20 10:00:00";95
"2020-05-20 10:30:00";88
"2020-05-20 11:00:00";92
"2020-05-20 11:30:00";92
"2020-05-20 12:30:00";90
"2020-05-20 13:00:00";91
"2020-05-20 13:30:00";91
"2020-05-20 14:00:00";91
"2020-05-20 14:30:00";92
"2020-05-20 15:30:00";92
"2020-05-20 16:00:00";91
"2020-05-20 16:30:00";93
"2020-05-20 17:00:00";94
"2020-05-20 17:30:00";96
"2020-05-20 18:30:00";95
"2020-05-20 19:00:00";96
"2020-05-20 19:30:00";98
"2020-05-20 20:00:00";98
"2020-05-20 20:30:00";102
"2020-05-20 21:00:00";101
"2020-05-20 21:30:00";102
"2020-05-20 22:00:00";102
"2020-05-20 22:30:00";105
"2020-05-20 23:00:00";103
"2020-05-20 23:30:00";100
"2020-05-21 00:00:00";100
"2020-05-21 00:30:00";101
"2020-05-21 01:00:00";100
"2020-05-21 02:00:00";99
"2020-05-21 02:30:00";99
"2020-05-21 03:00:00";99
"2020-05-21 03:30:00";99
"2020-05-21 04:00:00";102
"2020-05-21 04:30:00";99
"2020-05-21 05:00:00";99
"2020-05-21 05:30:00";96
"2020-05-21 06:00:00";98
"2020-05-21 06:30:00";95
"2020-05-21 07:00:00";95
"2020-05-21 07:30:00";94
"2020-05-21 08:00:00";94
"2020-05-21 08:30:00";94
"2020-05-21 09:00:00";96
"2020-05-21 09:30:00";93
"2020-05-21 10:00:00";93
"2020-05-21 10:30:00";90
"2020-05-21 11:00:00";90
"2020-05-21 11:30:00";91
"2020-05-21 12:30:00";92
"2020-05-21 13:00:00";90
"2020-05-21 13:30:00";91
"2020-05-21 14:00:00";91
"2020-05-21 14:30:00";89
"2020-05-21 15:00:00";89
"2020-05-21 15:30:00";92
"2020-05-21 16:00:00";96
"2020-05-21 16:30:00";93
"2020-05-21 17:00:00";95
"2020-05-21 17:30:00";93
"2020-05-21 18:00:00";94
"2020-05-21 18:30:00";91
"2020-05-21 19:00:00";92
"2020-05-21 19:30:00";94
"2020-05-21 20:30:00";93
"2020-05-21 21:00:00";95
"2020-05-21 21:30:00";97
"2020-05-21 22:00:00";98
"2020-05-21 22:30:00";97
"2020-05-21 23:00:00";98
"2020-05-21 23:30:00";97
"2020-05-22 00:00:00";97
"2020-05-22 00:30:00";99
"2020-05-22 01:00:00";97
"2020-05-22 02:00:00";98
"2020-05-22 02:30:00";98
"2020-05-22 03:00:00";95
"2020-05-22 03:30:00";95
"2020-05-22 04:00:00";92
"2020-05-22 04:30:00";94
"2020-05-22 05:00:00";95
"2020-05-22 05:30:00";93
"2020-05-22 06:00:00";95
"2020-05-22 06:30:00";94
"2020-05-22 07:00:00";91
"2020-05-22 07:30:00";92
"2020-05-22 08:00:00";93
"2020-05-22 08:30:00";93
"2020-05-22 09:00:00";95
"2020-05-22 09:30:00";94
"2020-05-22 10:00:00";91
"2020-05-22 10:30:00";91
"2020-05-22 11:00:00";92
"2020-05-22 11:30:00";88
"2020-05-22 12:30:00";91
"2020-05-22 13:00:00";91
"2020-05-22 13:30:00";93
"2020-05-22 14:00:00";91
"2020-05-22 14:30:00";90
"2020-05-22 15:00:00";90
"2020-05-22 15:30:00";90
"2020-05-22 16:00:00";94
"2020-05-22 16:30:00";91
"2020-05-22 17:00:00";90
"2020-05-22 17:30:00";88
"2020-05-22 18:00:00";91
"2020-05-22 18:30:00";89
"2020-05-22 19:00:00";90
"2020-05-22 19:30:00";89
"2020-05-22 20:00:00";88
"2020-05-22 20:30:00";91
"2020-05-22 21:00:00";90
"2020-05-22 21:30:00";93
"2020-05-22 22:00:00";93
"2020-05-22 22:30:00";91
"2020-05-22 23:00:00";92
"2020-05-22 23:30:00";94
"2020-05-23 00:00:00";93
"2020-05-23 00:30:00";95
"2020-05-23 02:00:00";92
"2020-05-23 02:30:00";94
"2020-05-23 03:00:00";90
"2020-05-23 03:30:00";92
"2020-05-23 04:00:00";91
"2020-05-23 04:30:00";92
"2020-05-23 05:00:00";90
"2020-05-23 05:30:00";91
"2020-05-23 06:00:00";93
"2020-05-23 06:30:00";90
"2020-05-23 07:00:00";92
"2020-05-23 07:30:00";93
"2020-05-23 08:00:00";91
"2020-05-23 08:30:00";89
"2020-05-23 09:00:00";90
"2020-05-23 09:30:00";92
"2020-05-23 10:00:00";88
"2020-05-23 10:30:00";87
"2020-05-23 11:00:00";86
"2020-05-23 11:30:00";89
"2020-05-23 12:00:00";90
"2020-05-23 12:30:00";88
"2020-05-23 13:00:00";88
"2020-05-23 13:30:00";89
"2020-05-23 14:00:00";90
"2020-05-23 14:30:00";91
"2020-05-23 15:00:00";89
"2020-05-23 15:30:00";88
"2020-05-23 16:00:00";91
"2020-05-23 16:30:00";89
"2020-05-23 17:00:00";94
"2020-05-23 17:30:00";97
"2020-05-23 18:00:00";98
"2020-05-23 18:30:00";100
"2020-05-23 19:00:00";98
"2020-05-23 19:30:00";106
"2020-05-23 20:00:00";102
"2020-05-23 20:30:00";106
"2020-05-23 21:00:00";106
"2020-05-23 21:30:00";103
"2020-05-23 22:00:00";105
"2020-05-23 22:30:00";106
"2020-05-23 23:00:00";107
"2020-05-23 23:30:00";105
"2020-05-24 00:00:00";104
"2020-05-24 00:30:00";104
"2020-05-24 01:00:00";102
"2020-05-24 02:00:00";103
"2020-05-24 02:30:00";102
"2020-05-24 03:00:00";100
"2020-05-24 03:30:00";99
"2020-05-24 04:00:00";98
"2020-05-24 04:30:00";99
"2020-05-24 05:00:00";95
"2020-05-24 05:30:00";98
"2020-05-24 06:00:00";97
"2020-05-24 06:30:00";96
"2020-05-24 07:00:00";96
"2020-05-24 07:30:00";95
"2020-05-24 08:00:00";94
"2020-05-24 08:30:00";96
"2020-05-24 09:00:00";94
"2020-05-24 09:30:00";95
"2020-05-24 10:00:00";89
"2020-05-24 10:30:00";88
"2020-05-24 11:00:00";91
"2020-05-24 11:30:00";89
"2020-05-24 12:30:00";91
"2020-05-24 13:00:00";90
"2020-05-24 13:30:00";91
"2020-05-24 14:00:00";88
"2020-05-24 14:30:00";89
"2020-05-24 15:00:00";88
"2020-05-24 15:30:00";88
"2020-05-24 16:00:00";87
"2020-05-24 16:30:00";85
"2020-05-24 17:00:00";89
"2020-05-24 17:30:00";91
"2020-05-24 18:00:00";89
"2020-05-24 18:30:00";91
"2020-05-24 19:00:00";89
"2020-05-24 19:30:00";90
"2020-05-24 20:00:00";89
"2020-05-24 20:30:00";86
"2020-05-24 21:00:00";86
"2020-05-24 21:30:00";86
"2020-05-24 22:00:00";89
"2020-05-24 22:30:00";89
"2020-05-24 23:00:00";86
"2020-05-24 23:30:00";87
"2020-05-25 00:00:00";90
"2020-05-25 00:30:00";88
"2020-05-25 01:00:00";87
"2020-05-25 02:00:00";88
"2020-05-25 02:30:00";88
"2020-05-25 03:00:00";87
"2020-05-25 03:30:00";85
"2020-05-25 04:00:00";86
"2020-05-25 04:30:00";87
"2020-05-25 05:00:00";84
"2020-05-25 05:30:00";85
"2020-05-25 06:00:00";84
"2020-05-25 06:30:00";83
"2020-05-25 07:00:00";83
"2020-05-25 07:30:00";86
"2020-05-25 08:00:00";84
"2020-05-25 08:30:00";84
"2020-05-25 09:00:00";85
"2020-05-25 09:30:00";83
"2020-05-25 10:00:00";83
"2020-05-25 10:30:00";81
"2020-05-25 11:00:00";82
"2020-05-25 11:30:00";79
"2020-05-25 12:30:00";79
"2020-05-25 13:00:00";81
"2020-05-25 13:30:00";80
"2020-05-25 14:00:00";80
"2020-05-25 14:30:00";79
"2020-05-25 15:00:00";80
"2020-05-25 15:30:00";81
"2020-05-25 16:00:00";79
"2020-05-25 16:30:00";82
"2020-05-25 17:00:00";84
"2020-05-25 17:30:00";84
"2020-05-25 18:00:00";83
"2020-05-25 18:30:00";85
"2020-05-25 19:00:00";83
"2020-05-25 20:00:00";85
"2020-05-25 20:30:00";86
"2020-05-25 21:00:00";85
"2020-05-25 22:00:00";86
"2020-05-25 22:30:00";87
"2020-05-25 23:30:00";89
"2020-05-26 00:00:00";88
"2020-05-26 00:30:00";88
"2020-05-26 01:00:00";88
"2020-05-26 02:00:00";87
"2020-05-26 03:00:00";87
"2020-05-26 03:30:00";86
"2020-05-26 04:30:00";88
"2020-05-26 05:00:00";84
"2020-05-26 05:30:00";84
"2020-05-26 06:00:00";84
"2020-05-26 06:30:00";84
"2020-05-26 07:00:00";85
"2020-05-26 07:30:00";84
"2020-05-26 08:00:00";81
"2020-05-26 08:30:00";83
"2020-05-26 09:00:00";83
"2020-05-26 09:30:00";85
"2020-05-26 10:00:00";81
"2020-05-26 10:30:00";81
"2020-05-26 11:00:00";77
"2020-05-26 11:30:00";80
"2020-05-26 12:30:00";82
"2020-05-26 13:00:00";79
"2020-05-26 13:30:00";79
"2020-05-26 14:00:00";80
"2020-05-26 14:30:00";81
"2020-05-26 15:00:00";81
"2020-05-26 15:30:00";80
"2020-05-26 16:00:00";82
"2020-05-26 16:30:00";81
"2020-05-26 17:00:00";81
"2020-05-26 17:30:00";82
"2020-05-26 18:00:00";84
"2020-05-26 18:30:00";85
"2020-05-26 19:00:00";86
"2020-05-26 19:30:00";80
"2020-05-26 20:00:00";84
"2020-05-26 20:30:00";83
"2020-05-26 21:00:00";85
"2020-05-26 21:30:00";83
"2020-05-26 22:30:00";85
"2020-05-26 23:00:00";87
"2020-05-26 23:30:00";85
"2020-05-27 00:00:00";83
"2020-05-27 00:30:00";84
"2020-05-27 01:00:00";87
"2020-05-27 02:00:00";85
"2020-05-27 02:30:00";86
"2020-05-27 03:00:00";85
"2020-05-27 03:30:00";83
"2020-05-27 04:00:00";82
"2020-05-27 04:30:00";81
"2020-05-27 05:00:00";82
"2020-05-27 05:30:00";84
"2020-05-27 06:00:00";83
"2020-05-27 06:30:00";82
"2020-05-27 07:00:00";80
"2020-05-27 07:30:00";82
"2020-05-27 08:00:00";83
"2020-05-27 08:30:00";82
"2020-05-27 09:00:00";82
"2020-05-27 09:30:00";79
"2020-05-27 10:00:00";81
"2020-05-27 10:30:00";80
"2020-05-27 11:00:00";80
"2020-05-27 12:00:00";80
"2020-05-27 12:30:00";78
"2020-05-27 13:00:00";77
"2020-05-27 13:30:00";80
"2020-05-27 14:00:00";76
"2020-05-27 14:30:00";77
"2020-05-27 15:00:00";77
"2020-05-27 15:30:00";79
"2020-05-27 16:00:00";77
"2020-05-27 16:30:00";77
"2020-05-27 17:00:00";79
"2020-05-27 17:30:00";82
"2020-05-27 18:00:00";81
"2020-05-27 18:30:00";82
"2020-05-27 19:00:00";82
"2020-05-27 19:30:00";80
"2020-05-27 20:00:00";80
"2020-05-27 21:00:00";81
"2020-05-27 22:00:00";81
"2020-05-27 22:30:00";81
"2020-05-27 23:00:00";83
"2020-05-27 23:30:00";82
"2020-05-28 00:00:00";82
"2020-05-28 00:30:00";82
"2020-05-28 01:00:00";87
"2020-05-28 02:00:00";83
"2020-05-28 02:30:00";81
"2020-05-28 03:00:00";81
"2020-05-28 03:30:00";84
"2020-05-28 04:00:00";83
"2020-05-28 04:30:00";83
"2020-05-28 05:00:00";81
"2020-05-28 05:30:00";81
"2020-05-28 06:00:00";79
"2020-05-28 06:30:00";81
"2020-05-28 07:00:00";82
"2020-05-28 07:30:00";80
"2020-05-28 08:00:00";80
"2020-05-28 08:30:00";81
"2020-05-28 09:00:00";79
"2020-05-28 09:30:00";79
"2020-05-28 10:00:00";80
"2020-05-28 10:30:00";77
"2020-05-28 11:00:00";76
"2020-05-28 12:00:00";74
"2020-05-28 13:00:00";76
"2020-05-28 13:30:00";73
"2020-05-28 14:00:00";75
"2020-05-28 14:30:00";74
"2020-05-28 15:00:00";75
"2020-05-28 15:30:00";73
"2020-05-28 16:00:00";77
"2020-05-28 16:30:00";75
"2020-05-28 17:00:00";78
"2020-05-28 17:30:00";79
"2020-05-28 18:00:00";76
"2020-05-28 18:30:00";76
"2020-05-28 19:00:00";75
"2020-05-28 19:30:00";77
"2020-05-28 20:00:00";74
"2020-05-28 20:30:00";74
"2020-05-28 21:00:00";76
"2020-05-28 21:30:00";77
"2020-05-28 22:00:00";77
"2020-05-28 22:30:00";76
"2020-05-28 23:00:00";75
"2020-05-28 23:30:00";77
"2020-05-29 00:00:00";77
"2020-05-29 00:30:00";77
"2020-05-29 01:00:00";76
"2020-05-29 02:00:00";77
"2020-05-29 02:30:00";75
"2020-05-29 03:00:00";76
"2020-05-29 03:30:00";75
"2020-05-29 04:00:00";78
"2020-05-29 04:30:00";77
"2020-05-29 05:00:00";76
"2020-05-29 05:30:00";76
"2020-05-29 06:00:00";78
"2020-05-29 06:30:00";76
"2020-05-29 07:00:00";74
"2020-05-29 07:30:00";75
"2020-05-29 08:00:00";75
"2020-05-29 08:30:00";74
"2020-05-29 09:00:00";76
"2020-05-29 09:30:00";75
"2020-05-29 10:00:00";74
"2020-05-29 10:30:00";75
"2020-05-29 11:00:00";76
"2020-05-29 11:30:00";73
"2020-05-29 12:00:00";73
"2020-05-29 12:30:00";74
"2020-05-29 13:00:00";71
"2020-05-29 13:30:00";70
"2020-05-29 14:00:00";73
"2020-05-29 14:30:00";72
"2020-05-29 15:00:00";69
"2020-05-29 15:30:00";72
"2020-05-29 16:00:00";71
"2020-05-29 16:30:00";71
"2020-05-29 17:00:00";71
"2020-05-29 17:30:00";71
"2020-05-29 18:00:00";69
"2020-05-29 18:30:00";69
"2020-05-29 19:00:00";71
"2020-05-29 19:30:00";71
"2020-05-29 20:30:00";70
"2020-05-29 21:00:00";69
"2020-05-29 21:30:00";70
"2020-05-29 22:00:00";67
"2020-05-29 22:30:00";68
"2020-05-29 23:30:00";69
"2020-05-30 00:00:00";67
"2020-05-30 02:00:00";67
"2020-05-30 02:30:00";66
"2020-05-30 03:00:00";65
"2020-05-30 03:30:00";67
"2020-05-30 04:30:00";65
"2020-05-30 05:00:00";66
"2020-05-30 05:30:00";66
"2020-05-30 06:00:00";67
"2020-05-30 06:30:00";66
"2020-05-30 07:00:00";67
"2020-05-30 07:30:00";64
"2020-05-30 08:00:00";66
"2020-05-30 08:30:00";67
"2020-05-30 09:00:00";68
"2020-05-30 09:30:00";65
"2020-05-30 10:00:00";64
"2020-05-30 10:30:00";64
"2020-05-30 11:00:00";65
"2020-05-30 11:30:00";64
"2020-05-30 12:30:00";63
"2020-05-30 13:00:00";64
"2020-05-30 13:30:00";63
"2020-05-30 14:00:00";64
"2020-05-30 14:30:00";62
"2020-05-30 15:00:00";63
"2020-05-30 15:30:00";63
"2020-05-30 16:00:00";62
"2020-05-30 16:30:00";62
"2020-05-30 17:00:00";63
"2020-05-30 17:30:00";65
"2020-05-30 18:30:00";65
"2020-05-30 19:00:00";63
"2020-05-30 19:30:00";64
"2020-05-30 20:00:00";64
"2020-05-30 20:30:00";65
"2020-05-30 21:00:00";65
"2020-05-30 21:30:00";65
"2020-05-30 22:00:00";67
"2020-05-30 22:30:00";66
"2020-05-30 23:00:00";65
"2020-05-30 23:30:00";67
"2020-05-31 00:00:00";65
"2020-05-31 00:30:00";67
"2020-05-31 02:00:00";65
"2020-05-31 02:30:00";67
"2020-05-31 03:00:00";69
"2020-05-31 03:30:00";68
"2020-05-31 04:30:00";70
"2020-05-31 05:30:00";70
"2020-05-31 06:00:00";66
"2020-05-31 06:30:00";68
"2020-05-31 07:00:00";68
"2020-05-31 07:30:00";66
"2020-05-31 08:00:00";69
"2020-05-31 08:30:00";67
"2020-05-31 09:00:00";67
"2020-05-31 09:30:00";68
"2020-05-31 10:00:00";67
"2020-05-31 10:30:00";64
"2020-05-31 11:00:00";64
"2020-05-31 11:30:00";62
"2020-05-31 12:00:00";63
"2020-05-31 12:30:00";64
"2020-05-31 13:00:00";62
"2020-05-31 13:30:00";63
"2020-05-31 14:00:00";62
"2020-05-31 14:30:00";62
"2020-05-31 15:00:00";64
"2020-05-31 15:30:00";60
"2020-05-31 16:00:00";60
"2020-05-31 16:30:00";62
"2020-05-31 17:00:00";63
"2020-05-31 17:30:00";64
"2020-05-31 18:00:00";62
"2020-05-31 18:30:00";63
"2020-05-31 19:00:00";64
"2020-05-31 19:30:00";62
"2020-05-31 20:00:00";63
"2020-05-31 21:00:00";65
"2020-05-31 21:30:00";65
"2020-05-31 22:00:00";65
"2020-05-31 22:30:00";67
"2020-05-31 23:00:00";66
"2020-05-31 23:30:00";66
"2020-06-01 00:00:00";65
"2020-06-01 00:30:00";66
"2020-06-01 01:00:00";66
"2020-06-01 02:00:00";67
"2020-06-01 02:30:00";67
"2020-06-01 03:00:00";66
"2020-06-01 03:30:00";66
"2020-06-01 04:00:00";67
"2020-06-01 04:30:00";67
"2020-06-01 05:00:00";66
"2020-06-01 05:30:00";66
"2020-06-01 06:00:00";66
"2020-06-01 06:30:00";66
"2020-06-01 07:30:00";67
"2020-06-01 08:00:00";66
"2020-06-01 08:30:00";66
"2020-06-01 09:00:00";64
"2020-06-01 09:30:00";63
"2020-06-01 10:00:00";65
"2020-06-01 10:30:00";63
"2020-06-01 11:30:00";62
"2020-06-01 12:00:00";62
"2020-06-01 12:30:00";62
"2020-06-01 13:00:00";61
"2020-06-01 13:30:00";62
"2020-06-01 14:00:00";64
"2020-06-01 14:30:00";63
"2020-06-01 15:00:00";60
"2020-06-01 15:30:00";63
"2020-06-01 16:00:00";64
"2020-06-01 16:30:00";61
"2020-06-01 17:00:00";64
"2020-06-01 17:30:00";65
"2020-06-01 18:00:00";63
"2020-06-01 18:30:00";63
"2020-06-01 19:00:00";63
"2020-06-01 19:30:00";64
"2020-06-01 20:00:00";65
"2020-06-01 20:30:00";62
"2020-06-01 21:00:00";65
"2020-06-01 21:30:00";68
"2020-06-01 22:00:00";67
"2020-06-01 22:30:00";65
"2020-06-01 23:00:00";65
"2020-06-01 23:30:00";67
"2020-06-02 00:00:00";67
"2020-06-02 00:30:00";66
"2020-06-02 01:00:00";66
"2020-06-02 02:00:00";67
"2020-06-02 02:30:00";65
"2020-06-02 03:00:00";67
"2020-06-02 03:30:00";66
"2020-06-02 04:00:00";67
"2020-06-02 04:30:00";66
"2020-06-02 05:00:00";66
"2020-06-02 05:30:00";66
"2020-06-02 06:00:00";67
"2020-06-02 06:30:00";66
"2020-06-02 07:00:00";65
"2020-06-02 07:30:00";66
"2020-06-02 08:00:00";66
"2020-06-02 08:30:00";64
"2020-06-02 09:00:00";67
"2020-06-02 09:30:00";66
"2020-06-02 10:00:00";66
"2020-06-02 10:30:00";65
"2020-06-02 11:00:00";64
"2020-06-02 11:30:00";66
"2020-06-02 12:30:00";63
"2020-06-02 13:00:00";62
"2020-06-02 13:30:00";66
"2020-06-02 14:00:00";63
"2020-06-02 14:30:00";63
"2020-06-02 15:00:00";64
"2020-06-02 15:30:00";65
"2020-06-02 16:00:00";65
"2020-06-02 16:30:00";62
"2020-06-02 17:00:00";64
"2020-06-02 17:30:00";65
"2020-06-02 18:00:00";67
"2020-06-02 18:30:00";68
"2020-06-02 19:00:00";69
"2020-06-02 19:30:00";70
"2020-06-02 20:00:00";72
"2020-06-02 20:30:00";71
"2020-06-02 21:00:00";73
"2020-06-02 21:30:00";72
"2020-06-02 22:00:00";70
"2020-06-02 22:30:00";74
"2020-06-02 23:00:00";71
"2020-06-02 23:30:00";72
"2020-06-03 00:00:00";73
"2020-06-03 00:30:00";71
"2020-06-03 01:00:00";74
"2020-06-03 02:00:00";74
"2020-06-03 02:30:00";72
"2020-06-03 03:00:00";70
"2020-06-03 03:30:00";72
"2020-06-03 04:00:00";70
"2020-06-03 04:30:00";70
"2020-06-03 05:00:00";70
"2020-06-03 05:30:00";70
"2020-06-03 06:00:00";70
"2020-06-03 06:30:00";71
"2020-06-03 07:00:00";70
"2020-06-03 07:30:00";72
"2020-06-03 08:00:00";69
"2020-06-03 08:30:00";70
"2020-06-03 09:00:00";71
"2020-06-03 09:30:00";74
"2020-06-03 10:00:00";68
"2020-06-03 10:30:00";68
"2020-06-03 11:00:00";66
"2020-06-03 11:30:00";67
"2020-06-03 12:30:00";67
"2020-06-03 13:00:00";66
"2020-06-03 13:30:00";65
"2020-06-03 14:00:00";68
"2020-06-03 14:30:00";69
"2020-06-03 15:00:00";67
"2020-06-03 15:30:00";65
"2020-06-03 16:30:00";64
"2020-06-03 17:00:00";71
"2020-06-03 23:30:00";71
"2020-06-04 00:00:00";75
"2020-06-04 01:00:00";72
"2020-06-04 01:30:00";71
"2020-06-04 02:00:00";72
"2020-06-04 02:30:00";71
"2020-06-04 03:00:00";73
"2020-06-04 03:30:00";70
"2020-06-04 04:30:00";70
"2020-06-04 05:00:00";72
"2020-06-04 05:30:00";71
"2020-06-04 06:00:00";71
"2020-06-04 06:30:00";69
"2020-06-04 07:00:00";70
"2020-06-04 07:30:00";70
"2020-06-04 08:00:00";69
"2020-06-04 08:30:00";71
"2020-06-04 09:30:00";71
"2020-06-04 10:00:00";72
"2020-06-04 10:30:00";70
"2020-06-04 11:00:00";70
"2020-06-04 12:00:00";70
"2020-06-04 12:30:00";71
"2020-06-04 13:00:00";69
"2020-06-04 13:30:00";69
"2020-06-04 14:00:00";70
"2020-06-04 14:30:00";69
"2020-06-04 15:30:00";69
"2020-06-04 16:30:00";73
"2020-06-04 17:30:00";80
"2020-06-04 18:00:00";85
"2020-06-04 18:30:00";88
"2020-06-04 19:00:00";94
"2020-06-04 19:30:00";96
"2020-06-04 20:00:00";97
"2020-06-04 20:30:00";94
"2020-06-04 21:00:00";94
"2020-06-04 21:30:00";95
"2020-06-04 22:00:00";95
"2020-06-04 22:30:00";95
"2020-06-04 23:00:00";94
"2020-06-04 23:30:00";93
"2020-06-05 00:00:00";89
"2020-06-05 00:30:00";91
"2020-06-05 01:00:00";89
"2020-06-05 02:00:00";90
"2020-06-05 02:30:00";86
"2020-06-05 03:00:00";89
"2020-06-05 03:30:00";86
"2020-06-05 04:00:00";86
"2020-06-05 04:30:00";85
"2020-06-05 05:00:00";85
"2020-06-05 05:30:00";85
"2020-06-05 06:00:00";83
"2020-06-05 06:30:00";82
"2020-06-05 07:00:00";82
"2020-06-05 07:30:00";80
"2020-06-05 08:00:00";77
"2020-06-05 08:30:00";80
"2020-06-05 09:00:00";80
"2020-06-05 09:30:00";79
"2020-06-05 10:00:00";78
"2020-06-05 10:30:00";74
"2020-06-05 11:00:00";75
"2020-06-05 11:30:00";76
"2020-06-05 12:00:00";75
"2020-06-05 12:30:00";75
"2020-06-05 13:00:00";74
"2020-06-05 13:30:00";76
"2020-06-05 14:30:00";74
"2020-06-05 15:00:00";70
"2020-06-05 15:30:00";73
"2020-06-05 16:00:00";72
"2020-06-05 16:30:00";74
"2020-06-05 17:00:00";73
"2020-06-05 17:30:00";71
"2020-06-05 18:00:00";73
"2020-06-05 18:30:00";74
"2020-06-05 19:00:00";73
"2020-06-05 19:30:00";70
"2020-06-05 20:00:00";67
"2020-06-05 20:30:00";71
"2020-06-05 21:00:00";72
"2020-06-05 21:30:00";72
"2020-06-05 22:00:00";73
"2020-06-05 22:30:00";70
"2020-06-05 23:00:00";72
"2020-06-05 23:30:00";69
"2020-06-06 00:00:00";72
"2020-06-06 01:30:00";70
"2020-06-06 02:00:00";73
"2020-06-06 02:30:00";69
"2020-06-06 03:00:00";71
"2020-06-06 03:30:00";72
"2020-06-06 04:00:00";73
"2020-06-06 04:30:00";70
"2020-06-06 05:00:00";70
"2020-06-06 05:30:00";67
"2020-06-06 06:00:00";70
"2020-06-06 06:30:00";71
"2020-06-06 07:00:00";71
"2020-06-06 07:30:00";69
"2020-06-06 08:00:00";69
"2020-06-06 08:30:00";69
"2020-06-06 09:00:00";66
"2020-06-06 09:30:00";68
"2020-06-06 10:00:00";67
"2020-06-06 10:30:00";69
"2020-06-06 11:00:00";67
"2020-06-06 11:30:00";67
"2020-06-06 12:30:00";68
"2020-06-06 13:00:00";65
"2020-06-06 13:30:00";68
"2020-06-06 14:00:00";66
"2020-06-06 14:30:00";66
"2020-06-06 15:00:00";67
"2020-06-06 15:30:00";66
"2020-06-06 16:00:00";66
"2020-06-06 16:30:00";65
"2020-06-06 17:00:00";66
"2020-06-06 17:30:00";68
"2020-06-06 18:00:00";66
"2020-06-06 18:30:00";65
"2020-06-06 19:00:00";66
"2020-06-06 19:30:00";66
"2020-06-06 20:00:00";68
"2020-06-06 20:30:00";67
"2020-06-06 21:00:00";68
"2020-06-06 21:30:00";67
"2020-06-06 22:00:00";66
"2020-06-06 22:30:00";68
"2020-06-06 23:00:00";68
"2020-06-06 23:30:00";69
"2020-06-07 00:00:00";69
"2020-06-07 00:30:00";69
"2020-06-07 01:00:00";71
"2020-06-07 02:00:00";70
"2020-06-07 02:30:00";71
"2020-06-07 03:00:00";69
"2020-06-07 03:30:00";68
"2020-06-07 04:00:00";71
"2020-06-07 04:30:00";71
"2020-06-07 05:00:00";68
"2020-06-07 05:30:00";73
"2020-06-07 06:00:00";69
"2020-06-07 06:30:00";69
"2020-06-07 07:00:00";70
"2020-06-07 07:30:00";70
"2020-06-07 08:00:00";69
"2020-06-07 08:30:00";72
"2020-06-07 09:00:00";69
"2020-06-07 09:30:00";71
"2020-06-07 10:00:00";73
"2020-06-07 10:30:00";74
"2020-06-07 11:30:00";74
"2020-06-07 12:30:00";76
"2020-06-07 13:00:00";76
"2020-06-07 13:30:00";75
"2020-06-07 14:00:00";78
"2020-06-07 14:30:00";74
"2020-06-07 15:00:00";74
"2020-06-07 15:30:00";78
"2020-06-07 16:00:00";78
"2020-06-07 16:30:00";77
"2020-06-07 17:00:00";78
"2020-06-07 17:30:00";76
"2020-06-07 18:30:00";77
"2020-06-07 19:00:00";75
"2020-06-07 19:30:00";77
"2020-06-07 20:00:00";77
"2020-06-07 20:30:00";74
"2020-06-07 21:00:00";75
"2020-06-07 21:30:00";77
"2020-06-07 22:00:00";78
"2020-06-07 22:30:00";78
"2020-06-07 23:30:00";78
"2020-06-08 00:00:00";76
"2020-06-08 00:30:00";77
"2020-06-08 01:00:00";79
"2020-06-08 02:30:00";77
"2020-06-08 03:00:00";77
"2020-06-08 03:30:00";75
"2020-06-08 04:00:00";75
"2020-06-08 04:30:00";75
"2020-06-08 05:00:00";76
"2020-06-08 05:30:00";73
"2020-06-08 06:00:00";74
"2020-06-08 06:30:00";76
"2020-06-08 07:00:00";73
"2020-06-08 07:30:00";73
"2020-06-08 08:00:00";75
"2020-06-08 08:30:00";71
"2020-06-08 09:00:00";71
"2020-06-08 09:30:00";72
"2020-06-08 10:00:00";73
"2020-06-08 10:30:00";69
"2020-06-08 11:00:00";70
"2020-06-08 11:30:00";71
"2020-06-08 12:00:00";71
"2020-06-08 12:30:00";70
"2020-06-08 13:00:00";70
"2020-06-08 13:30:00";72
"2020-06-08 14:00:00";71
"2020-06-08 14:30:00";73
"2020-06-08 15:00:00";72
"2020-06-08 15:30:00";73
"2020-06-08 16:00:00";72
"2020-06-08 16:30:00";69
"2020-06-08 17:00:00";73
"2020-06-08 17:30:00";72
"2020-06-08 18:00:00";72
"2020-06-08 18:30:00";72
"2020-06-08 19:00:00";70
"2020-06-08 19:30:00";72
"2020-06-08 20:00:00";77
"2020-06-08 20:30:00";79
"2020-06-08 21:00:00";81
"2020-06-08 21:30:00";84
"2020-06-08 22:00:00";86
"2020-06-08 22:30:00";84
"2020-06-08 23:00:00";83
"2020-06-08 23:30:00";81
"2020-06-09 00:00:00";80
"2020-06-09 00:30:00";80
"2020-06-09 01:00:00";79
"2020-06-09 02:00:00";79
"2020-06-09 02:30:00";75
"2020-06-09 03:30:00";77
"2020-06-09 04:00:00";78
"2020-06-09 04:30:00";76
"2020-06-09 05:00:00";76
"2020-06-09 05:30:00";73
"2020-06-09 06:00:00";74
"2020-06-09 06:30:00";74
"2020-06-09 07:00:00";73
"2020-06-09 07:30:00";77
"2020-06-09 08:00:00";75
"2020-06-09 09:00:00";78
"2020-06-09 10:00:00";79
"2020-06-09 10:30:00";80
"2020-06-09 11:00:00";79
"2020-06-09 12:00:00";77
"2020-06-09 12:30:00";74
"2020-06-09 13:00:00";75
"2020-06-09 13:30:00";76
"2020-06-09 14:00:00";76
"2020-06-09 14:30:00";76
"2020-06-09 15:00:00";75
"2020-06-09 15:30:00";74
"2020-06-09 16:00:00";76
"2020-06-09 16:30:00";75
"2020-06-09 17:00:00";74
"2020-06-09 18:00:00";75
"2020-06-09 18:30:00";76
"2020-06-09 19:00:00";75
"2020-06-09 19:30:00";78
"2020-06-09 20:00:00";77
"2020-06-09 20:30:00";76
"2020-06-09 21:00:00";77
"2020-06-09 22:00:00";77
"2020-06-09 22:30:00";77
"2020-06-09 23:00:00";76
"2020-06-09 23:30:00";75
"2020-06-10 00:00:00";77
"2020-06-10 00:30:00";76
"2020-06-10 01:00:00";76
"2020-06-10 02:00:00";75
"2020-06-10 02:30:00";74
"2020-06-10 03:00:00";75
"2020-06-10 03:30:00";73
"2020-06-10 04:00:00";74
"2020-06-10 04:30:00";75
"2020-06-10 05:30:00";72
"2020-06-10 06:00:00";72
"2020-06-10 06:30:00";71
"2020-06-10 07:00:00";72
"2020-06-10 07:30:00";71
"2020-06-10 08:00:00";72
"2020-06-10 08:30:00";69
"2020-06-10 09:00:00";72
"2020-06-10 09:30:00";72
"2020-06-10 10:30:00";71
"2020-06-10 11:30:00";71
"2020-06-10 12:00:00";70
"2020-06-10 13:00:00";68
"2020-06-10 13:30:00";71
"2020-06-10 14:00:00";69
"2020-06-10 14:30:00";70
"2020-06-10 15:00:00";71
"2020-06-10 15:30:00";71
"2020-06-10 16:00:00";70
"2020-06-10 16:30:00";67
"2020-06-10 17:00:00";70
"2020-06-10 17:30:00";71
"2020-06-10 18:30:00";69
"2020-06-10 19:00:00";69
"2020-06-10 19:30:00";71
"2020-06-10 20:00:00";69
"2020-06-10 20:30:00";70
"2020-06-10 21:00:00";71
"2020-06-10 21:30:00";70
"2020-06-10 22:00:00";68
"2020-06-10 22:30:00";71
"2020-06-10 23:00:00";68
"2020-06-10 23:30:00";69
"2020-06-11 00:00:00";69
"2020-06-11 00:30:00";69
"2020-06-11 01:00:00";69
"2020-06-11 02:00:00";67
"2020-06-11 02:30:00";67
"2020-06-11 03:00:00";67
"2020-06-11 03:30:00";68
"2020-06-11 04:30:00";66
"2020-06-11 05:00:00";67
"2020-06-11 05:30:00";68
"2020-06-11 06:00:00";65
"2020-06-11 06:30:00";67
"2020-06-11 07:00:00";68
"2020-06-11 07:30:00";67
"2020-06-11 08:00:00";67
"2020-06-11 08:30:00";66
"2020-06-11 09:00:00";67
"2020-06-11 09:30:00";68
"2020-06-11 10:00:00";67
"2020-06-11 10:30:00";65
"2020-06-11 11:00:00";65
"2020-06-11 11:30:00";66
"2020-06-11 12:00:00";65
"2020-06-11 12:30:00";65
"2020-06-11 13:30:00";66
"2020-06-11 14:00:00";65
"2020-06-11 14:30:00";63
"2020-06-11 15:00:00";66
"2020-06-11 15:30:00";64
"2020-06-11 16:00:00";69
"2020-06-11 17:00:00";68
"2020-06-11 17:30:00";70
"2020-06-11 18:00:00";68
"2020-06-11 18:30:00";68
"2020-06-11 19:00:00";71
"2020-06-11 19:30:00";72
"2020-06-11 20:00:00";71
"2020-06-11 20:30:00";70
"2020-06-11 21:00:00";69
"2020-06-11 21:30:00";71
"2020-06-11 22:00:00";70
"2020-06-11 22:30:00";70
"2020-06-11 23:00:00";70
"2020-06-11 23:30:00";69
"2020-06-12 00:00:00";68
"2020-06-12 00:30:00";69
"2020-06-12 01:00:00";70
"2020-06-12 02:00:00";70
"2020-06-12 02:30:00";71
"2020-06-12 03:30:00";70
"2020-06-12 04:00:00";73
"2020-06-12 04:30:00";73
"2020-06-12 05:30:00";73
"2020-06-12 06:00:00";75
"2020-06-12 06:30:00";73
"2020-06-12 07:00:00";72
"2020-06-12 07:30:00";74
"2020-06-12 08:00:00";74
"2020-06-12 08:30:00";72
"2020-06-12 09:00:00";75
"2020-06-12 09:30:00";74
"2020-06-12 10:30:00";74
"2020-06-12 11:00:00";76
"2020-06-12 11:30:00";75
"2020-06-12 12:30:00";73
"2020-06-12 13:00:00";72
"2020-06-12 13:30:00";76
"2020-06-12 14:00:00";75
"2020-06-12 14:30:00";73
"2020-06-12 15:00:00";73
"2020-06-12 15:30:00";72
"2020-06-12 16:30:00";74
"2020-06-12 17:30:00";70
"2020-06-12 18:00:00";72
"2020-06-12 18:30:00";71
"2020-06-12 19:00:00";71
"2020-06-12 19:30:00";72
"2020-06-12 20:00:00";71
"2020-06-12 20:30:00";69
"2020-06-12 21:00:00";70
"2020-06-12 21:30:00";70
"2020-06-12 22:00:00";71
"2020-06-12 22:30:00";72
"2020-06-12 23:00:00";71
"2020-06-12 23:30:00";71
"2020-06-13 00:00:00";71
"2020-06-13 00:30:00";72
"2020-06-13 02:00:00";68
"2020-06-13 02:30:00";70
"2020-06-13 03:00:00";71
"2020-06-13 03:30:00";69
"2020-06-13 04:00:00";68
"2020-06-13 04:30:00";72
"2020-06-13 05:00:00";70
"2020-06-13 05:30:00";68
"2020-06-13 06:00:00";70
"2020-06-13 06:30:00";71
"2020-06-13 07:00:00";72
"2020-06-13 07:30:00";69
"2020-06-13 08:00:00";71
"2020-06-13 08:30:00";70
"2020-06-13 09:00:00";70
"2020-06-13 09:30:00";69
"2020-06-13 10:00:00";69
"2020-06-13 10:30:00";70
"2020-06-13 11:00:00";68
"2020-06-13 11:30:00";68
"2020-06-13 12:30:00";66
"2020-06-13 13:00:00";65
"2020-06-13 13:30:00";68
"2020-06-13 14:00:00";64
"2020-06-13 14:30:00";67
"2020-06-13 15:00:00";64
"2020-06-13 15:30:00";66
"2020-06-13 16:00:00";65
"2020-06-13 16:30:00";65
"2020-06-13 17:00:00";66
"2020-06-13 17:30:00";67
"2020-06-13 18:00:00";65
"2020-06-13 18:30:00";66
"2020-06-13 19:00:00";68
"2020-06-13 19:30:00";69
"2020-06-13 20:00:00";68
"2020-06-13 20:30:00";72
"2020-06-13 21:00:00";76
"2020-06-13 21:30:00";77
"2020-06-13 22:00:00";78
"2020-06-13 22:30:00";82
"2020-06-13 23:00:00";85
"2020-06-13 23:30:00";88
"2020-06-14 00:00:00";85
"2020-06-14 00:30:00";80
"2020-06-14 01:00:00";83
"2020-06-14 02:00:00";86
"2020-06-14 02:30:00";83
"2020-06-14 03:00:00";83
"2020-06-14 03:30:00";82
"2020-06-14 04:00:00";87
"2020-06-14 04:30:00";83
"2020-06-14 05:00:00";84
"2020-06-14 05:30:00";82
"2020-06-14 06:00:00";82
"2020-06-14 06:30:00";80
"2020-06-14 07:00:00";81
"2020-06-14 07:30:00";80
"2020-06-14 08:00:00";78
"2020-06-14 08:30:00";79
"2020-06-14 09:00:00";78
"2020-06-14 09:30:00";77
"2020-06-14 10:00:00";79
"2020-06-14 10:30:00";76
"2020-06-14 11:00:00";77
"2020-06-14 11:30:00";78
"2020-06-14 12:30:00";73
"2020-06-14 13:00:00";74
"2020-06-14 13:30:00";74
"2020-06-14 14:00:00";73
"2020-06-14 14:30:00";75
"2020-06-14 15:00:00";73
"2020-06-14 15:30:00";73
"2020-06-14 16:00:00";73
"2020-06-14 16:30:00";75
"2020-06-14 17:00:00";76
"2020-06-14 17:30:00";77
"2020-06-14 18:00:00";81
"2020-06-14 18:30:00";79
"2020-06-14 19:00:00";85
"2020-06-14 19:30:00";86
"2020-06-14 20:00:00";83
"2020-06-14 20:30:00";83
"2020-06-14 21:00:00";83
"2020-06-14 21:30:00";85
"2020-06-14 22:00:00";87
"2020-06-14 22:30:00";86
"2020-06-14 23:00:00";87
"2020-06-14 23:30:00";84
"2020-06-15 00:00:00";85
"2020-06-15 00:30:00";86
"2020-06-15 01:00:00";84
"2020-06-15 02:00:00";86
"2020-06-15 02:30:00";81
"2020-06-15 03:00:00";83
"2020-06-15 03:30:00";81
"2020-06-15 04:00:00";83
"2020-06-15 04:30:00";81
"2020-06-15 05:00:00";79
"2020-06-15 05:30:00";81
"2020-06-15 06:00:00";81
"2020-06-15 06:30:00";80
"2020-06-15 07:00:00";82
"2020-06-15 07:30:00";81
"2020-06-15 08:00:00";81
"2020-06-15 09:00:00";80
"2020-06-15 09:30:00";77
"2020-06-15 10:00:00";76
"2020-06-15 10:30:00";77
"2020-06-15 11:00:00";75
"2020-06-15 11:30:00";74
"2020-06-15 12:30:00";73
"2020-06-15 13:00:00";75
"2020-06-15 13:30:00";75
"2020-06-15 14:00:00";73
"2020-06-15 14:30:00";72
"2020-06-15 15:00:00";74
"2020-06-15 15:30:00";75
"2020-06-15 16:00:00";74
"2020-06-15 16:30:00";72
"2020-06-15 17:00:00";74
"2020-06-15 18:00:00";78
"2020-06-15 18:30:00";80
"2020-06-15 19:00:00";81
"2020-06-15 19:30:00";78
"2020-06-15 20:00:00";77
"2020-06-15 20:30:00";77
"2020-06-15 21:30:00";79
"2020-06-15 22:30:00";78
"2020-06-15 23:00:00";78
"2020-06-15 23:30:00";78
"2020-06-16 00:00:00";77
"2020-06-16 00:30:00";78
"2020-06-16 01:00:00";77
"2020-06-16 02:00:00";78
"2020-06-16 02:30:00";78
"2020-06-16 03:00:00";80
"2020-06-16 03:30:00";78
"2020-06-16 04:00:00";77
"2020-06-16 04:30:00";79
"2020-06-16 05:00:00";76
"2020-06-16 05:30:00";79
"2020-06-16 06:00:00";76
"2020-06-16 06:30:00";77
"2020-06-16 07:00:00";78
"2020-06-16 07:30:00";76
"2020-06-16 08:00:00";77
"2020-06-16 08:30:00";77
"2020-06-16 09:00:00";77
"2020-06-16 09:30:00";78
"2020-06-16 10:00:00";75
"2020-06-16 10:30:00";72
"2020-06-16 11:00:00";76
"2020-06-16 11:30:00";73
"2020-06-16 12:00:00";76
"2020-06-16 12:30:00";73
"2020-06-16 13:00:00";74
"2020-06-16 13:30:00";74
"2020-06-16 14:00:00";73
"2020-06-16 14:30:00";71
"2020-06-16 15:00:00";75
"2020-06-16 15:30:00";74
"2020-06-16 16:00:00";74
"2020-06-16 16:30:00";74
"2020-06-16 17:00:00";73
"2020-06-16 17:30:00";75
"2020-06-16 18:00:00";74
"2020-06-16 18:30:00";78
"2020-06-16 19:00:00";75
"2020-06-16 19:30:00";76
"2020-06-16 20:30:00";78
"2020-06-16 21:00:00";77
"2020-06-16 22:00:00";84
"2020-06-16 23:00:00";86
"2020-06-16 23:30:00";82
"2020-06-17 00:00:00";86
"2020-06-17 00:30:00";87
"2020-06-17 01:00:00";90
"2020-06-17 02:00:00";96
"2020-06-17 03:00:00";97
"2020-06-17 03:30:00";98
"2020-06-17 04:00:00";104
"2020-06-17 04:30:00";103
"2020-06-17 05:00:00";100
"2020-06-17 05:30:00";100
"2020-06-17 06:00:00";99
"2020-06-17 06:30:00";99
"2020-06-17 07:00:00";100
"2020-06-17 07:30:00";102
"2020-06-17 08:30:00";100
"2020-06-17 09:30:00";97
"2020-06-17 10:00:00";97
"2020-06-17 10:30:00";99
"2020-06-17 11:00:00";96
"2020-06-17 12:00:00";98
"2020-06-17 12:30:00";95
"2020-06-17 13:00:00";96
"2020-06-17 13:30:00";95
"2020-06-17 14:30:00";94
"2020-06-17 15:00:00";93
"2020-06-17 15:30:00";95
"2020-06-17 16:00:00";95
"2020-06-17 17:00:00";92
"2020-06-17 18:00:00";93
"2020-06-17 19:00:00";92
"2020-06-17 20:00:00";92
"2020-06-17 20:30:00";91
"2020-06-17 21:00:00";90
"2020-06-17 21:30:00";92
"2020-06-17 22:30:00";96
"2020-06-17 23:00:00";95
"2020-06-17 23:30:00";93
"2020-06-18 00:00:00";95
"2020-06-18 00:30:00";94
"2020-06-18 01:00:00";93
"2020-06-18 02:00:00";91
"2020-06-18 02:30:00";91
"2020-06-18 03:00:00";93
"2020-06-18 03:30:00";91
"2020-06-18 04:00:00";87
"2020-06-18 05:00:00";90
"2020-06-18 05:30:00";90
"2020-06-18 06:00:00";88
"2020-06-18 06:30:00";88
"2020-06-18 07:00:00";88
"2020-06-18 07:30:00";88
"2020-06-18 08:00:00";87
"2020-06-18 08:30:00";88
"2020-06-18 09:00:00";87
"2020-06-18 09:30:00";88
"2020-06-18 10:00:00";87
"2020-06-18 10:30:00";85
"2020-06-18 11:00:00";85
"2020-06-18 11:30:00";84
"2020-06-18 12:00:00";83
"2020-06-18 12:30:00";85
"2020-06-18 13:00:00";84
"2020-06-18 13:30:00";78
"2020-06-18 14:00:00";83
"2020-06-18 14:30:00";82
"2020-06-18 15:30:00";84
"2020-06-18 16:00:00";83
"2020-06-18 16:30:00";81
"2020-06-18 17:00:00";84
"2020-06-18 17:30:00";84
"2020-06-18 18:00:00";82
"2020-06-18 18:30:00";84
"2020-06-18 19:30:00";85
"2020-06-18 20:30:00";85
"2020-06-18 21:00:00";85
"2020-06-18 21:30:00";87
"2020-06-18 22:00:00";89
"2020-06-18 22:30:00";92
"2020-06-18 23:00:00";92
"2020-06-18 23:30:00";92
"2020-06-19 00:00:00";91
"2020-06-19 00:30:00";93
"2020-06-19 02:00:00";89
"2020-06-19 02:30:00";90
"2020-06-19 03:30:00";90
"2020-06-19 04:00:00";88
"2020-06-19 04:30:00";84
"2020-06-19 05:00:00";86
"2020-06-19 05:30:00";87
"2020-06-19 06:30:00";84
"2020-06-19 07:00:00";85
"2020-06-19 07:30:00";85
"2020-06-19 08:00:00";83
"2020-06-19 08:30:00";84
"2020-06-19 09:00:00";86
"2020-06-19 09:30:00";85
"2020-06-19 10:00:00";83
"2020-06-19 11:00:00";82
"2020-06-19 11:30:00";80
"2020-06-19 12:00:00";83
"2020-06-19 12:30:00";83
"2020-06-19 13:30:00";81
"2020-06-19 14:00:00";81
"2020-06-19 14:30:00";81
"2020-06-19 15:00:00";76
"2020-06-19 16:00:00";80
"2020-06-19 17:00:00";79
"2020-06-19 17:30:00";79
"2020-06-19 18:00:00";77
"2020-06-19 18:30:00";77
"2020-06-19 19:00:00";78
"2020-06-19 19:30:00";77
"2020-06-19 20:00:00";77
"2020-06-19 20:30:00";79
"2020-06-19 21:00:00";79
"2020-06-19 21:30:00";78
"2020-06-19 22:00:00";79
"2020-06-19 22:30:00";76
"2020-06-19 23:00:00";79
"2020-06-19 23:30:00";79
"2020-06-20 00:00:00";80
"2020-06-20 00:30:00";78
"2020-06-20 02:00:00";78
"2020-06-20 02:30:00";78
"2020-06-20 03:00:00";76
"2020-06-20 03:30:00";79
"2020-06-20 04:00:00";79
"2020-06-20 04:30:00";76
"2020-06-20 05:00:00";78
"2020-06-20 05:30:00";76
"2020-06-20 06:00:00";74
"2020-06-20 06:30:00";76
"2020-06-20 07:30:00";75
"2020-06-20 08:00:00";76
"2020-06-20 08:30:00";77
"2020-06-20 09:00:00";75
"2020-06-20 09:30:00";78
"2020-06-20 10:00:00";73
"2020-06-20 10:30:00";71
"2020-06-20 11:30:00";73
"2020-06-20 12:30:00";72
"2020-06-20 13:00:00";73
"2020-06-20 13:30:00";71
"2020-06-20 14:00:00";73
"2020-06-20 14:30:00";70
"2020-06-20 15:00:00";74
"2020-06-20 15:30:00";73
"2020-06-20 16:00:00";72
"2020-06-20 16:30:00";74
"2020-06-20 17:00:00";75
"2020-06-20 17:30:00";76
"2020-06-20 18:00:00";74
"2020-06-20 18:30:00";71
"2020-06-20 19:00:00";74
"2020-06-20 19:30:00";73
"2020-06-20 20:00:00";73
"2020-06-20 20:30:00";73
"2020-06-20 21:00:00";73
"2020-06-20 21:30:00";73
"2020-06-20 22:00:00";73
"2020-06-20 22:30:00";74
"2020-06-20 23:00:00";71
"2020-06-20 23:30:00";73
"2020-06-21 00:30:00";71
"2020-06-21 01:00:00";72
"2020-06-21 02:00:00";74
"2020-06-21 02:30:00";72
"2020-06-21 03:30:00";71
"2020-06-21 04:30:00";69
"2020-06-21 05:00:00";71
"2020-06-21 05:30:00";71
"2020-06-21 06:30:00";72
"2020-06-21 07:00:00";72
"2020-06-21 07:30:00";73
"2020-06-21 08:00:00";71
"2020-06-21 08:30:00";69
"2020-06-21 09:00:00";71
"2020-06-21 09:30:00";73
"2020-06-21 10:00:00";70
"2020-06-21 10:30:00";70
"2020-06-21 11:00:00";64
"2020-06-21 11:30:00";67
"2020-06-21 12:00:00";68
"2020-06-21 12:30:00";69
"2020-06-21 13:00:00";68
"2020-06-21 13:30:00";70
"2020-06-21 14:00:00";69
"2020-06-21 14:30:00";67
"2020-06-21 15:00:00";67
"2020-06-21 15:30:00";69
"2020-06-21 16:00:00";68
"2020-06-21 16:30:00";69
"2020-06-21 17:00:00";70
"2020-06-21 17:30:00";70
"2020-06-21 18:00:00";72
"2020-06-21 18:30:00";70
"2020-06-21 19:00:00";72
"2020-06-21 19:30:00";72
"2020-06-21 20:00:00";71
"2020-06-21 20:30:00";73
"2020-06-21 21:00:00";74
"2020-06-21 21:30:00";74
"2020-06-21 22:00:00";74
"2020-06-21 22:30:00";75
"2020-06-21 23:00:00";76
"2020-06-21 23:30:00";75
"2020-06-22 00:00:00";77
"2020-06-22 00:30:00";76
"2020-06-22 01:00:00";76
"2020-06-22 02:30:00";75
"2020-06-22 03:00:00";76
"2020-06-22 03:30:00";75
"2020-06-22 04:30:00";73
"2020-06-22 05:00:00";75
"2020-06-22 05:30:00";73
"2020-06-22 06:00:00";76
"2020-06-22 06:30:00";77
"2020-06-22 07:00:00";72
"2020-06-22 07:30:00";74
"2020-06-22 08:00:00";75
"2020-06-22 08:30:00";73
"2020-06-22 09:00:00";77
"2020-06-22 09:30:00";77
"2020-06-22 10:00:00";74
"2020-06-22 10:30:00";68
"2020-06-22 11:00:00";69
"2020-06-22 11:30:00";71
"2020-06-22 12:00:00";72
"2020-06-22 12:30:00";72
"2020-06-22 13:00:00";72
"2020-06-22 13:30:00";70
"2020-06-22 14:00:00";70
"2020-06-22 14:30:00";69
"2020-06-22 15:00:00";73
"2020-06-22 15:30:00";70
"2020-06-22 16:00:00";70
"2020-06-22 16:30:00";69
"2020-06-22 17:00:00";72
"2020-06-22 17:30:00";75
"2020-06-22 18:00:00";73
"2020-06-22 18:30:00";72
"2020-06-22 19:00:00";75
"2020-06-22 19:30:00";75
"2020-06-22 20:00:00";77
"2020-06-22 20:30:00";76
"2020-06-22 21:00:00";76
"2020-06-22 21:30:00";76
"2020-06-22 22:30:00";80
"2020-06-22 23:00:00";77
"2020-06-22 23:30:00";83
"2020-06-23 00:00:00";79
"2020-06-23 00:30:00";77
"2020-06-23 01:00:00";80
"2020-06-23 02:00:00";80
"2020-06-23 02:30:00";78
"2020-06-23 03:00:00";78
"2020-06-23 03:30:00";78
"2020-06-23 04:00:00";77
"2020-06-23 04:30:00";77
"2020-06-23 05:00:00";78
"2020-06-23 05:30:00";78
"2020-06-23 06:00:00";76
"2020-06-23 06:30:00";78
"2020-06-23 07:00:00";76
"2020-06-23 07:30:00";76
"2020-06-23 08:00:00";77
"2020-06-23 08:30:00";75
"2020-06-23 09:00:00";75
"2020-06-23 09:30:00";77
"2020-06-23 10:00:00";76
"2020-06-23 10:30:00";72
"2020-06-23 11:30:00";73
"2020-06-23 12:30:00";70
"2020-06-23 13:00:00";73
"2020-06-23 13:30:00";70
"2020-06-23 14:00:00";70
"2020-06-23 14:30:00";72
"2020-06-23 15:00:00";73
"2020-06-23 15:30:00";73
"2020-06-23 16:00:00";73
"2020-06-23 16:30:00";73
"2020-06-23 17:00:00";77
"2020-06-23 17:30:00";78
"2020-06-23 18:00:00";78
"2020-06-23 18:30:00";80
"2020-06-23 19:00:00";76
"2020-06-23 19:30:00";81
"2020-06-23 20:00:00";79
"2020-06-23 20:30:00";80
"2020-06-23 21:00:00";82
"2020-06-23 21:30:00";82
"2020-06-23 22:00:00";82
"2020-06-23 22:30:00";83
"2020-06-23 23:00:00";81
"2020-06-23 23:30:00";82
"2020-06-24 00:00:00";83
"2020-06-24 00:30:00";84
"2020-06-24 01:00:00";83
"2020-06-24 02:00:00";82
"2020-06-24 02:30:00";81
"2020-06-24 03:00:00";82
"2020-06-24 03:30:00";80
"2020-06-24 04:00:00";82
"2020-06-24 04:30:00";81
"2020-06-24 05:00:00";79
"2020-06-24 05:30:00";80
"2020-06-24 06:00:00";79
"2020-06-24 06:30:00";81
"2020-06-24 07:00:00";79
"2020-06-24 07:30:00";80
"2020-06-24 08:00:00";79
"2020-06-24 08:30:00";77
"2020-06-24 09:00:00";79
"2020-06-24 09:30:00";80
"2020-06-24 10:00:00";77
"2020-06-24 10:30:00";75
"2020-06-24 11:00:00";75
"2020-06-24 11:30:00";75
"2020-06-24 12:00:00";74
"2020-06-24 12:30:00";78
"2020-06-24 13:00:00";74
"2020-06-24 13:30:00";76
"2020-06-24 14:00:00";75
"2020-06-24 14:30:00";76
"2020-06-24 15:00:00";75
"2020-06-24 15:30:00";75
"2020-06-24 16:00:00";76
"2020-06-24 16:30:00";77
"2020-06-24 17:00:00";80
"2020-06-24 17:30:00";81
"2020-06-24 18:00:00";80
"2020-06-24 18:30:00";80
"2020-06-24 19:00:00";79
"2020-06-24 19:30:00";80
"2020-06-24 20:00:00";81
"2020-06-24 20:30:00";82
"2020-06-24 21:00:00";83
"2020-06-24 21:30:00";83
"2020-06-24 22:00:00";83
"2020-06-24 22:30:00";84
"2020-06-24 23:00:00";85
"2020-06-24 23:30:00";84
"2020-06-25 00:00:00";84
"2020-06-25 00:30:00";85
"2020-06-25 01:00:00";83
"2020-06-25 02:00:00";85
"2020-06-25 02:30:00";83
"2020-06-25 03:00:00";83
"2020-06-25 03:30:00";83
"2020-06-25 04:00:00";83
"2020-06-25 04:30:00";80
"2020-06-25 05:00:00";82
"2020-06-25 05:30:00";79
"2020-06-25 06:00:00";82
"2020-06-25 06:30:00";80
"2020-06-25 07:00:00";81
"2020-06-25 07:30:00";78
"2020-06-25 08:00:00";78
"2020-06-25 08:30:00";78
"2020-06-25 09:00:00";78
"2020-06-25 09:30:00";78
"2020-06-25 10:00:00";80
"2020-06-25 10:30:00";76
"2020-06-25 11:00:00";76
"2020-06-25 11:30:00";74
"2020-06-25 12:00:00";78
"2020-06-25 12:30:00";74
"2020-06-25 13:00:00";75
"2020-06-25 13:30:00";77
"2020-06-25 14:00:00";75
"2020-06-25 14:30:00";78
"2020-06-25 15:00:00";78
"2020-06-25 15:30:00";78
"2020-06-25 16:00:00";79
"2020-06-25 16:30:00";80
"2020-06-25 17:00:00";77
"2020-06-25 17:30:00";79
"2020-06-25 18:00:00";76
"2020-06-25 18:30:00";78
"2020-06-25 19:00:00";80
"2020-06-25 19:30:00";78
"2020-06-25 20:00:00";80
"2020-06-25 20:30:00";80
"2020-06-25 21:00:00";78
"2020-06-25 21:30:00";77
"2020-06-25 22:00:00";80
"2020-06-25 22:30:00";80
"2020-06-25 23:00:00";80
"2020-06-25 23:30:00";77
"2020-06-26 00:00:00";81
"2020-06-26 00:30:00";78
"2020-06-26 01:00:00";78
"2020-06-26 02:00:00";79
"2020-06-26 02:30:00";79
"2020-06-26 03:00:00";80
"2020-06-26 03:30:00";79
"2020-06-26 04:00:00";79
"2020-06-26 04:30:00";78
"2020-06-26 05:00:00";76
"2020-06-26 05:30:00";76
"2020-06-26 06:00:00";77
"2020-06-26 06:30:00";76
"2020-06-26 07:00:00";75
"2020-06-26 07:30:00";78
"2020-06-26 08:00:00";74
"2020-06-26 08:30:00";75
"2020-06-26 09:00:00";75
"2020-06-26 09:30:00";74
"2020-06-26 10:00:00";77
"2020-06-26 10:30:00";73
"2020-06-26 11:00:00";74
"2020-06-26 11:30:00";74
"2020-06-26 12:00:00";74
"2020-06-26 12:30:00";74
"2020-06-26 13:00:00";74
"2020-06-26 13:30:00";73
"2020-06-26 14:00:00";74
"2020-06-26 14:30:00";73
"2020-06-26 15:00:00";74
"2020-06-26 15:30:00";74
"2020-06-26 16:00:00";73
"2020-06-26 16:30:00";75
"2020-06-26 17:00:00";76
"2020-06-26 17:30:00";75
"2020-06-26 18:00:00";71
"2020-06-26 18:30:00";76
"2020-06-26 19:00:00";80
"2020-06-26 19:30:00";80
"2020-06-26 20:00:00";83
"2020-06-26 20:30:00";83
"2020-06-26 21:00:00";85
"2020-06-26 21:30:00";83
"2020-06-26 22:00:00";84
"2020-06-26 22:30:00";83
"2020-06-26 23:00:00";80
"2020-06-26 23:30:00";80
"2020-06-27 00:00:00";80
"2020-06-27 02:00:00";79
"2020-06-27 02:30:00";79
"2020-06-27 03:00:00";79
"2020-06-27 03:30:00";79
"2020-06-27 04:00:00";78
"2020-06-27 04:30:00";79
"2020-06-27 05:00:00";79
"2020-06-27 05:30:00";78
"2020-06-27 06:00:00";76
"2020-06-27 06:30:00";76
"2020-06-27 07:00:00";76
"2020-06-27 07:30:00";76
"2020-06-27 08:00:00";74
"2020-06-27 08:30:00";74
"2020-06-27 09:00:00";76
"2020-06-27 09:30:00";73
"2020-06-27 10:00:00";74
"2020-06-27 10:30:00";72
"2020-06-27 11:00:00";70
"2020-06-27 11:30:00";73
"2020-06-27 12:00:00";71
"2020-06-27 12:30:00";73
"2020-06-27 13:00:00";73
"2020-06-27 13:30:00";70
"2020-06-27 14:00:00";69
"2020-06-27 14:30:00";76
"2020-06-27 15:00:00";77
"2020-06-27 15:30:00";75
"2020-06-27 16:00:00";76
"2020-06-27 16:30:00";79
"2020-06-27 17:00:00";80
"2020-06-27 17:30:00";77
"2020-06-27 18:00:00";78
"2020-06-27 18:30:00";78
"2020-06-27 19:00:00";81
"2020-06-27 19:30:00";80
"2020-06-27 20:00:00";81
"2020-06-27 20:30:00";82
"2020-06-27 21:00:00";81
"2020-06-27 21:30:00";81
"2020-06-27 22:00:00";80
"2020-06-27 22:30:00";77
"2020-06-27 23:00:00";78
"2020-06-27 23:30:00";79
"2020-06-28 00:00:00";79
"2020-06-28 00:30:00";79
"2020-06-28 01:00:00";79
"2020-06-28 02:00:00";78
"2020-06-28 02:30:00";75
"2020-06-28 03:00:00";77
"2020-06-28 03:30:00";78
"2020-06-28 04:30:00";74
"2020-06-28 05:00:00";75
"2020-06-28 05:30:00";76
"2020-06-28 06:30:00";75
"2020-06-28 07:00:00";75
"2020-06-28 07:30:00";74
"2020-06-28 08:00:00";75
"2020-06-28 08:30:00";75
"2020-06-28 09:00:00";74
"2020-06-28 09:30:00";73
"2020-06-28 10:00:00";73
"2020-06-28 10:30:00";70
"2020-06-28 11:00:00";67
"2020-06-28 11:30:00";71
"2020-06-28 12:00:00";70
"2020-06-28 12:30:00";69
"2020-06-28 13:00:00";69
"2020-06-28 13:30:00";68
"2020-06-28 14:00:00";70
"2020-06-28 14:30:00";70
"2020-06-28 15:00:00";71
"2020-06-28 15:30:00";73
"2020-06-28 16:00:00";73
"2020-06-28 16:30:00";72
"2020-06-28 17:00:00";72
"2020-06-28 17:30:00";70
"2020-06-28 18:00:00";69
"2020-06-28 18:30:00";71
"2020-06-28 19:00:00";70
"2020-06-28 19:30:00";71
"2020-06-28 20:00:00";72
"2020-06-28 20:30:00";72
"2020-06-28 21:00:00";71
"2020-06-28 21:30:00";73
"2020-06-28 22:00:00";71
"2020-06-28 22:30:00";71
"2020-06-28 23:00:00";69
"2020-06-28 23:30:00";74
"2020-06-29 00:00:00";71
"2020-06-29 00:30:00";76
"2020-06-29 01:00:00";70
"2020-06-29 02:00:00";74
"2020-06-29 02:30:00";74
"2020-06-29 03:00:00";72
"2020-06-29 04:00:00";74
"2020-06-29 04:30:00";73
"2020-06-29 05:00:00";72
"2020-06-29 05:30:00";71
"2020-06-29 06:30:00";74
"2020-06-29 07:00:00";73
"2020-06-29 07:30:00";73
"2020-06-29 08:00:00";72
"2020-06-29 08:30:00";71
"2020-06-29 09:00:00";72
"2020-06-29 09:30:00";74
"2020-06-29 10:00:00";71
"2020-06-29 10:30:00";67
"2020-06-29 11:00:00";72
"2020-06-29 11:30:00";70
"2020-06-29 12:00:00";70
"2020-06-29 12:30:00";70
"2020-06-29 13:00:00";71
"2020-06-29 13:30:00";70
"2020-06-29 14:00:00";73
"2020-06-29 14:30:00";72
"2020-06-29 15:00:00";73
"2020-06-29 15:30:00";71
"2020-06-29 16:00:00";73
"2020-06-29 16:30:00";73
"2020-06-29 17:00:00";76
"2020-06-29 17:30:00";76
"2020-06-29 18:00:00";75
"2020-06-29 18:30:00";74
"2020-06-29 19:00:00";72
"2020-06-29 19:30:00";76
"2020-06-29 20:00:00";79
"2020-06-29 20:30:00";77
"2020-06-29 21:00:00";77
"2020-06-29 21:30:00";78
"2020-06-29 22:00:00";79
"2020-06-29 22:30:00";79
"2020-06-29 23:00:00";78
"2020-06-29 23:30:00";78
"2020-06-30 00:00:00";78
"2020-06-30 00:30:00";78
"2020-06-30 01:00:00";76
"2020-06-30 02:00:00";79
"2020-06-30 02:30:00";77
"2020-06-30 03:00:00";77
"2020-06-30 03:30:00";74
"2020-06-30 04:30:00";74
"2020-06-30 05:00:00";74
"2020-06-30 05:30:00";75
"2020-06-30 06:00:00";75
"2020-06-30 06:30:00";73
"2020-06-30 07:00:00";72
"2020-06-30 07:30:00";74
"2020-06-30 08:00:00";74
"2020-06-30 08:30:00";73
"2020-06-30 09:00:00";74
"2020-06-30 09:30:00";71
"2020-06-30 10:00:00";72
"2020-06-30 10:30:00";71
"2020-06-30 11:00:00";67
"2020-06-30 11:30:00";67
"2020-06-30 12:00:00";69
"2020-06-30 12:30:00";70
"2020-06-30 13:00:00";70
"2020-06-30 13:30:00";72
"2020-06-30 14:00:00";69
"2020-06-30 14:30:00";69
"2020-06-30 15:00:00";69
"2020-06-30 15:30:00";70
"2020-06-30 16:30:00";71
"2020-06-30 17:00:00";71
"2020-06-30 17:30:00";70
"2020-06-30 18:00:00";73
"2020-06-30 18:30:00";71
"2020-06-30 19:30:00";74
"2020-06-30 20:00:00";71
"2020-06-30 20:30:00";73
"2020-06-30 21:00:00";73
"2020-06-30 21:30:00";73
"2020-06-30 22:00:00";73
"2020-06-30 22:30:00";74
"2020-06-30 23:00:00";74
"2020-06-30 23:30:00";75
"2020-07-01 00:00:00";76
"2020-07-01 00:30:00";73
"2020-07-01 01:00:00";74
"2020-07-01 02:00:00";74
"2020-07-01 02:30:00";73
"2020-07-01 03:00:00";72
"2020-07-01 03:30:00";73
"2020-07-01 04:30:00";73
"2020-07-01 05:00:00";73
"2020-07-01 05:30:00";74
"2020-07-01 06:00:00";71
"2020-07-01 06:30:00";73
"2020-07-01 07:00:00";71
"2020-07-01 07:30:00";70
"2020-07-01 08:00:00";73
"2020-07-01 08:30:00";71
"2020-07-01 09:00:00";67
"2020-07-01 09:30:00";72
"2020-07-01 10:30:00";68
"2020-07-01 11:00:00";67
"2020-07-01 11:30:00";69
"2020-07-01 12:00:00";69
"2020-07-01 12:30:00";69
"2020-07-01 13:00:00";69
"2020-07-01 13:30:00";69
"2020-07-01 14:00:00";68
"2020-07-01 14:30:00";69
"2020-07-01 15:00:00";70
"2020-07-01 15:30:00";71
"2020-07-01 16:00:00";70
"2020-07-01 16:30:00";72
"2020-07-01 17:00:00";73
"2020-07-01 17:30:00";73
"2020-07-01 18:00:00";74
"2020-07-01 18:30:00";75
"2020-07-01 19:00:00";74
"2020-07-01 19:30:00";73
"2020-07-01 20:30:00";77
"2020-07-01 21:00:00";79
"2020-07-01 21:30:00";76
"2020-07-01 22:30:00";82
"2020-07-01 23:00:00";85
"2020-07-01 23:30:00";84
"2020-07-02 00:00:00";83
"2020-07-02 00:30:00";88
"2020-07-02 01:00:00";86
"2020-07-02 02:00:00";85
"2020-07-02 02:30:00";83
"2020-07-02 03:00:00";83
"2020-07-02 03:30:00";83
"2020-07-02 04:00:00";82
"2020-07-02 04:30:00";82
"2020-07-02 05:30:00";78
"2020-07-02 06:30:00";81
"2020-07-02 07:00:00";80
"2020-07-02 07:30:00";77
"2020-07-02 08:00:00";78
"2020-07-02 08:30:00";77
"2020-07-02 09:00:00";78
"2020-07-02 09:30:00";80
"2020-07-02 10:00:00";79
"2020-07-02 10:30:00";74
"2020-07-02 11:00:00";73
"2020-07-02 11:30:00";74
"2020-07-02 12:00:00";74
"2020-07-02 12:30:00";74
"2020-07-02 13:00:00";74
"2020-07-02 13:30:00";72
"2020-07-02 14:00:00";76
"2020-07-02 14:30:00";69
"2020-07-02 15:00:00";73
"2020-07-02 15:30:00";74
"2020-07-02 16:00:00";74
"2020-07-02 16:30:00";73
"2020-07-02 17:00:00";76
"2020-07-02 17:30:00";73
"2020-07-02 18:00:00";77
"2020-07-02 18:30:00";77
"2020-07-02 19:00:00";76
"2020-07-02 19:30:00";72
"2020-07-02 20:00:00";74
"2020-07-02 20:30:00";77
"2020-07-02 21:00:00";75
"2020-07-02 21:30:00";73
"2020-07-02 22:00:00";75
"2020-07-02 22:30:00";77
"2020-07-02 23:00:00";76
"2020-07-02 23:30:00";78
"2020-07-03 00:00:00";76
"2020-07-03 00:30:00";77
"2020-07-03 01:00:00";75
"2020-07-03 02:00:00";75
"2020-07-03 02:30:00";74
"2020-07-03 03:00:00";75
"2020-07-03 03:30:00";73
"2020-07-03 04:00:00";73
"2020-07-03 04:30:00";72
"2020-07-03 05:30:00";74
"2020-07-03 06:30:00";73
"2020-07-03 07:00:00";71
"2020-07-03 07:30:00";73
"2020-07-03 08:00:00";73
"2020-07-03 08:30:00";70
"2020-07-03 09:00:00";72
"2020-07-03 09:30:00";70
"2020-07-03 10:00:00";70
"2020-07-03 10:30:00";68
"2020-07-03 11:00:00";68
"2020-07-03 11:30:00";66
"2020-07-03 12:00:00";66
"2020-07-03 12:30:00";67
"2020-07-03 13:00:00";67
"2020-07-03 13:30:00";67
"2020-07-03 14:00:00";67
"2020-07-03 14:30:00";69
"2020-07-03 15:00:00";68
"2020-07-03 15:30:00";65
"2020-07-03 16:00:00";69
"2020-07-03 16:30:00";66
"2020-07-03 17:00:00";66
"2020-07-03 17:30:00";67
"2020-07-03 18:00:00";68
"2020-07-03 18:30:00";68
"2020-07-03 19:00:00";67
"2020-07-03 19:30:00";71
"2020-07-03 20:30:00";66
"2020-07-03 21:00:00";70
"2020-07-03 21:30:00";68
"2020-07-03 22:00:00";67
"2020-07-03 22:30:00";68
"2020-07-03 23:00:00";68
"2020-07-03 23:30:00";72
"2020-07-04 00:00:00";67
"2020-07-04 00:30:00";70
"2020-07-04 02:00:00";70
"2020-07-04 02:30:00";73
"2020-07-04 03:30:00";71
"2020-07-04 04:30:00";70
"2020-07-04 05:30:00";67
"2020-07-04 06:30:00";67
"2020-07-04 07:00:00";65
"2020-07-04 07:30:00";67
"2020-07-04 08:00:00";69
"2020-07-04 08:30:00";67
"2020-07-04 09:00:00";67
"2020-07-04 09:30:00";67
"2020-07-04 10:00:00";65
"2020-07-04 10:30:00";63
"2020-07-04 11:00:00";64
"2020-07-04 11:30:00";63
"2020-07-04 12:00:00";64
"2020-07-04 13:00:00";64
"2020-07-04 13:30:00";64
"2020-07-04 14:00:00";64
"2020-07-04 14:30:00";63
"2020-07-04 15:30:00";64
"2020-07-04 16:00:00";63
"2020-07-04 16:30:00";63
"2020-07-04 17:00:00";67
"2020-07-04 17:30:00";65
"2020-07-04 18:00:00";66
"2020-07-04 18:30:00";67
"2020-07-04 19:00:00";67
"2020-07-04 19:30:00";66
"2020-07-04 20:00:00";69
"2020-07-04 20:30:00";69
"2020-07-04 21:00:00";67
"2020-07-04 21:30:00";69
"2020-07-04 22:00:00";69
"2020-07-04 22:30:00";68
"2020-07-04 23:00:00";69
"2020-07-04 23:30:00";70
"2020-07-05 00:00:00";72
"2020-07-05 00:30:00";72
"2020-07-05 01:00:00";68
"2020-07-05 02:00:00";69
"2020-07-05 02:30:00";67
"2020-07-05 03:00:00";67
"2020-07-05 03:30:00";67
"2020-07-05 04:30:00";65
"2020-07-05 05:00:00";66
"2020-07-05 05:30:00";67
"2020-07-05 06:30:00";65
"2020-07-05 07:30:00";65
"2020-07-05 08:00:00";64
"2020-07-05 08:30:00";64
"2020-07-05 09:30:00";66
"2020-07-05 10:00:00";66
"2020-07-05 10:30:00";62
"2020-07-05 11:30:00";62
"2020-07-05 12:00:00";63
"2020-07-05 12:30:00";62
"2020-07-05 13:30:00";63
"2020-07-05 14:00:00";61
"2020-07-05 14:30:00";64
"2020-07-05 15:00:00";63
"2020-07-05 15:30:00";63
"2020-07-05 16:00:00";64
"2020-07-05 16:30:00";65
"2020-07-05 17:00:00";70
"2020-07-05 17:30:00";70
"2020-07-05 18:30:00";72
"2020-07-05 19:00:00";70
"2020-07-05 19:30:00";72
"2020-07-05 20:00:00";74
"2020-07-05 20:30:00";74
"2020-07-05 21:00:00";74
"2020-07-05 21:30:00";74
"2020-07-05 22:00:00";74
"2020-07-05 22:30:00";74
"2020-07-05 23:00:00";74
"2020-07-05 23:30:00";74
"2020-07-06 00:00:00";72
"2020-07-06 00:30:00";72
"2020-07-06 01:00:00";72
"2020-07-06 02:00:00";73
"2020-07-06 02:30:00";70
"2020-07-06 03:00:00";71
"2020-07-06 03:30:00";70
"2020-07-06 04:00:00";70
"2020-07-06 04:30:00";69
"2020-07-06 05:00:00";68
"2020-07-06 05:30:00";69
"2020-07-06 06:00:00";68
"2020-07-06 06:30:00";69
"2020-07-06 07:00:00";68
"2020-07-06 07:30:00";66
"2020-07-06 08:00:00";67
"2020-07-06 09:00:00";68
"2020-07-06 09:30:00";67
"2020-07-06 10:00:00";65
"2020-07-06 10:30:00";64
"2020-07-06 11:00:00";63
"2020-07-06 11:30:00";64
"2020-07-06 12:00:00";63
"2020-07-06 12:30:00";64
"2020-07-06 13:30:00";64
"2020-07-06 14:00:00";65
"2020-07-06 14:30:00";64
"2020-07-06 15:00:00";64
"2020-07-06 15:30:00";67
"2020-07-06 16:30:00";67
"2020-07-06 17:00:00";67
"2020-07-06 17:30:00";69
"2020-07-06 18:00:00";70
"2020-07-06 18:30:00";68
"2020-07-06 19:00:00";69
"2020-07-06 19:30:00";72
"2020-07-06 20:00:00";68
"2020-07-06 20:30:00";70
"2020-07-06 21:00:00";69
"2020-07-06 21:30:00";70
"2020-07-06 22:30:00";69
"2020-07-06 23:00:00";70
"2020-07-06 23:30:00";70
"2020-07-07 00:00:00";71
"2020-07-07 00:30:00";72
"2020-07-07 01:00:00";68
"2020-07-07 02:00:00";68
"2020-07-07 02:30:00";69
"2020-07-07 03:00:00";70
"2020-07-07 03:30:00";67
"2020-07-07 04:30:00";65
"2020-07-07 05:30:00";64
"2020-07-07 06:30:00";63
"2020-07-07 07:00:00";64
"2020-07-07 07:30:00";61
"2020-07-07 08:00:00";64
"2020-07-07 08:30:00";65
"2020-07-07 09:30:00";64
"2020-07-07 10:00:00";61
"2020-07-07 10:30:00";60
"2020-07-07 11:00:00";59
"2020-07-07 11:30:00";60
"2020-07-07 12:00:00";61
"2020-07-07 12:30:00";62
"2020-07-07 13:00:00";60
"2020-07-07 13:30:00";61
"2020-07-07 14:00:00";59
"2020-07-07 14:30:00";59
"2020-07-07 15:30:00";62
"2020-07-07 16:00:00";62
"2020-07-07 17:00:00";63
"2020-07-07 17:30:00";65
"2020-07-07 18:30:00";64
"2020-07-07 19:00:00";67
"2020-07-07 19:30:00";66
"2020-07-07 20:00:00";64
"2020-07-07 20:30:00";66
"2020-07-07 21:30:00";66
"2020-07-07 22:30:00";67
"2020-07-07 23:00:00";68
"2020-07-07 23:30:00";69
"2020-07-08 00:00:00";68
"2020-07-08 00:30:00";64
"2020-07-08 01:00:00";65
"2020-07-08 02:30:00";64
"2020-07-08 03:00:00";64
"2020-07-08 03:30:00";65
"2020-07-08 04:30:00";63
"2020-07-08 05:00:00";60
"2020-07-08 05:30:00";62
"2020-07-08 06:00:00";62
"2020-07-08 06:30:00";62
"2020-07-08 07:30:00";61
"2020-07-08 08:30:00";61
"2020-07-08 09:00:00";60
"2020-07-08 09:30:00";60
"2020-07-08 10:30:00";59
"2020-07-08 11:30:00";58
"2020-07-08 12:30:00";57
"2020-07-08 13:00:00";57
"2020-07-08 14:00:00";57
"2020-07-08 14:30:00";56
"2020-07-08 15:00:00";57
"2020-07-08 15:30:00";58
"2020-07-08 16:00:00";59
"2020-07-08 17:00:00";63
"2020-07-08 17:30:00";62
"2020-07-08 18:30:00";64
"2020-07-08 19:30:00";70
"2020-07-08 20:00:00";68
"2020-07-08 20:30:00";66
"2020-07-08 21:00:00";68
"2020-07-08 21:30:00";67
"2020-07-08 22:00:00";68
"2020-07-08 22:30:00";67
"2020-07-08 23:00:00";66
"2020-07-08 23:30:00";68
"2020-07-09 00:00:00";66
"2020-07-09 00:30:00";65
"2020-07-09 01:00:00";66
"2020-07-09 02:30:00";63
"2020-07-09 03:00:00";65
"2020-07-09 03:30:00";64
"2020-07-09 04:00:00";64
"2020-07-09 04:30:00";63
"2020-07-09 05:30:00";63
"2020-07-09 06:30:00";58
"2020-07-09 07:00:00";62
"2020-07-09 07:30:00";61
"2020-07-09 08:30:00";61
"2020-07-09 09:30:00";61
"2020-07-09 10:00:00";62
"2020-07-09 10:30:00";59
"2020-07-09 11:30:00";57
"2020-07-09 12:00:00";58
"2020-07-09 12:30:00";57
"2020-07-09 13:00:00";57
"2020-07-09 13:30:00";58
"2020-07-09 14:00:00";59
"2020-07-09 15:00:00";58
"2020-07-09 15:30:00";59
"2020-07-09 16:00:00";62
"2020-07-09 16:30:00";61
"2020-07-09 17:00:00";64
"2020-07-09 17:30:00";63
"2020-07-09 18:00:00";63
"2020-07-09 18:30:00";68
"2020-07-09 19:00:00";67
"2020-07-09 19:30:00";67
"2020-07-09 20:00:00";65
"2020-07-09 20:30:00";65
"2020-07-09 21:00:00";67
"2020-07-09 21:30:00";66
"2020-07-09 22:00:00";65
"2020-07-09 22:30:00";65
"2020-07-09 23:30:00";67
"2020-07-10 00:00:00";66
"2020-07-10 00:30:00";64
"2020-07-10 01:00:00";65
"2020-07-10 02:30:00";64
"2020-07-10 03:30:00";64
"2020-07-10 04:00:00";61
"2020-07-10 04:30:00";60
"2020-07-10 05:00:00";62
"2020-07-10 05:30:00";61
"2020-07-10 06:30:00";62
"2020-07-10 07:30:00";62
"2020-07-10 08:00:00";61
"2020-07-10 08:30:00";60
"2020-07-10 09:00:00";62
"2020-07-10 09:30:00";63
"2020-07-10 10:00:00";60
"2020-07-10 10:30:00";60
"2020-07-10 11:00:00";59
"2020-07-10 11:30:00";57
"2020-07-10 12:00:00";59
"2020-07-10 12:30:00";59
"2020-07-10 13:00:00";58
"2020-07-10 13:30:00";57
"2020-07-10 14:00:00";57
"2020-07-10 14:30:00";59
"2020-07-10 15:00:00";59
"2020-07-10 15:30:00";59
"2020-07-10 16:00:00";61
"2020-07-10 16:30:00";62
"2020-07-10 17:00:00";63
"2020-07-10 17:30:00";64
"2020-07-10 18:00:00";65
"2020-07-10 18:30:00";66
"2020-07-10 19:00:00";69
"2020-07-10 19:30:00";69
"2020-07-10 20:00:00";71
"2020-07-10 20:30:00";79
"2020-07-10 21:00:00";77
"2020-07-10 21:30:00";76
"2020-07-10 22:00:00";76
"2020-07-10 22:30:00";76
"2020-07-10 23:00:00";74
"2020-07-10 23:30:00";74
"2020-07-11 00:00:00";72
"2020-07-11 00:30:00";74
"2020-07-11 02:00:00";74
"2020-07-11 02:30:00";73
"2020-07-11 03:00:00";74
"2020-07-11 03:30:00";72
"2020-07-11 04:00:00";73
"2020-07-11 04:30:00";71
"2020-07-11 05:00:00";72
"2020-07-11 05:30:00";74
"2020-07-11 06:00:00";71
"2020-07-11 06:30:00";71
"2020-07-11 07:00:00";70
"2020-07-11 07:30:00";70
"2020-07-11 08:00:00";69
"2020-07-11 08:30:00";68
"2020-07-11 09:00:00";69
"2020-07-11 09:30:00";63
"2020-07-11 10:00:00";67
"2020-07-11 10:30:00";65
"2020-07-11 11:00:00";65
"2020-07-11 13:00:00";63
"2020-07-11 13:30:00";64
"2020-07-11 14:00:00";62
"2020-07-11 14:30:00";64
"2020-07-11 15:00:00";63
"2020-07-11 15:30:00";64
"2020-07-11 16:00:00";64
"2020-07-11 16:30:00";64
"2020-07-11 17:00:00";65
"2020-07-11 17:30:00";66
"2020-07-11 18:00:00";66
"2020-07-11 18:30:00";67
"2020-07-11 19:00:00";65
"2020-07-11 19:30:00";64
"2020-07-11 20:00:00";66
"2020-07-11 20:30:00";67
"2020-07-11 21:00:00";65
"2020-07-11 21:30:00";64
"2020-07-11 22:00:00";66
"2020-07-11 22:30:00";64
"2020-07-11 23:00:00";66
"2020-07-11 23:30:00";65
"2020-07-12 00:00:00";67
"2020-07-12 00:30:00";66
"2020-07-12 01:00:00";66
"2020-07-12 02:00:00";65
"2020-07-12 02:30:00";61
"2020-07-12 03:00:00";62
"2020-07-12 03:30:00";62
"2020-07-12 04:00:00";61
"2020-07-12 04:30:00";61
"2020-07-12 05:00:00";59
"2020-07-12 05:30:00";61
"2020-07-12 06:00:00";59
"2020-07-12 06:30:00";59
"2020-07-12 07:00:00";60
"2020-07-12 07:30:00";59
"2020-07-12 08:00:00";61
"2020-07-12 08:30:00";59
"2020-07-12 09:00:00";58
"2020-07-12 09:30:00";59
"2020-07-12 10:00:00";57
"2020-07-12 10:30:00";56
"2020-07-12 11:00:00";58
"2020-07-12 11:30:00";57
"2020-07-12 12:00:00";56
"2020-07-12 12:30:00";56
"2020-07-12 13:00:00";56
"2020-07-12 13:30:00";56
"2020-07-12 14:00:00";55
"2020-07-12 14:30:00";55
"2020-07-12 15:00:00";55
"2020-07-12 15:30:00";55
"2020-07-12 16:00:00";54
"2020-07-12 16:30:00";58
"2020-07-12 17:00:00";57
"2020-07-12 17:30:00";58
"2020-07-12 18:00:00";58
"2020-07-12 18:30:00";58
"2020-07-12 19:00:00";57
"2020-07-12 20:00:00";60
"2020-07-12 20:30:00";58
"2020-07-12 21:00:00";59
"2020-07-12 21:30:00";59
"2020-07-12 22:00:00";62
"2020-07-12 22:30:00";59
"2020-07-12 23:00:00";61
"2020-07-12 23:30:00";60
"2020-07-13 00:00:00";58
"2020-07-13 00:30:00";59
"2020-07-13 01:00:00";60
"2020-07-13 02:00:00";59
"2020-07-13 02:30:00";57
"2020-07-13 03:00:00";58
"2020-07-13 03:30:00";60
"2020-07-13 04:00:00";58
"2020-07-13 04:30:00";57
"2020-07-13 05:00:00";58
"2020-07-13 06:00:00";58
"2020-07-13 06:30:00";57
"2020-07-13 07:00:00";54
"2020-07-13 07:30:00";55
"2020-07-13 08:00:00";55
"2020-07-13 08:30:00";56
"2020-07-13 09:00:00";55
"2020-07-13 09:30:00";53
"2020-07-13 10:00:00";56
"2020-07-13 10:30:00";54
"2020-07-13 11:00:00";55
"2020-07-13 11:30:00";53
"2020-07-13 12:00:00";53
"2020-07-13 12:30:00";54
"2020-07-13 13:00:00";53
"2020-07-13 13:30:00";54
"2020-07-13 14:00:00";53
"2020-07-13 14:30:00";52
"2020-07-13 15:00:00";53
"2020-07-13 15:30:00";54
"2020-07-13 16:00:00";55
"2020-07-13 17:00:00";56
"2020-07-13 17:30:00";55
"2020-07-13 18:00:00";58
"2020-07-13 18:30:00";57
"2020-07-13 19:00:00";57
"2020-07-13 19:30:00";57
"2020-07-13 20:00:00";58
"2020-07-13 20:30:00";58
"2020-07-13 21:00:00";58
"2020-07-13 21:30:00";58
"2020-07-13 22:00:00";56
"2020-07-13 22:30:00";58
"2020-07-13 23:00:00";58
"2020-07-13 23:30:00";59
"2020-07-14 00:00:00";58
"2020-07-14 00:30:00";59
"2020-07-14 02:00:00";63
"2020-07-14 02:30:00";65
"2020-07-14 03:00:00";67
"2020-07-14 03:30:00";66
"2020-07-14 04:00:00";64
"2020-07-14 04:30:00";63
"2020-07-14 05:00:00";63
"2020-07-14 05:30:00";60
"2020-07-14 06:30:00";58
"2020-07-14 07:00:00";58
"2020-07-14 07:30:00";58
"2020-07-14 08:00:00";58
"2020-07-14 08:30:00";59
"2020-07-14 09:00:00";57
"2020-07-14 09:30:00";57
"2020-07-14 10:00:00";56
"2020-07-14 10:30:00";55
"2020-07-14 11:00:00";54
"2020-07-14 11:30:00";55
"2020-07-14 12:00:00";54
"2020-07-14 12:30:00";54
"2020-07-14 13:00:00";52
"2020-07-14 13:30:00";51
"2020-07-14 14:00:00";52
"2020-07-14 14:30:00";53
"2020-07-14 15:00:00";53
"2020-07-14 15:30:00";53
"2020-07-14 16:00:00";53
"2020-07-14 16:30:00";52
"2020-07-14 17:00:00";54
"2020-07-14 17:30:00";53
"2020-07-14 18:00:00";52
"2020-07-14 18:30:00";53
"2020-07-14 19:00:00";52
"2020-07-14 19:30:00";53
"2020-07-14 20:00:00";53
"2020-07-14 20:30:00";53
"2020-07-14 21:00:00";52
"2020-07-14 21:30:00";53
"2020-07-14 22:00:00";54
"2020-07-14 22:30:00";55
"2020-07-14 23:00:00";60
"2020-07-14 23:30:00";58
"2020-07-15 00:00:00";60
"2020-07-15 00:30:00";58
"2020-07-15 01:00:00";58
"2020-07-15 02:00:00";56
"2020-07-15 02:30:00";56
"2020-07-15 03:00:00";55
"2020-07-15 03:30:00";55
"2020-07-15 04:00:00";56
"2020-07-15 04:30:00";53
"2020-07-15 05:00:00";56
"2020-07-15 05:30:00";54
"2020-07-15 06:00:00";54
"2020-07-15 06:30:00";54
"2020-07-15 07:00:00";53
"2020-07-15 08:00:00";53
"2020-07-15 08:30:00";53
"2020-07-15 09:00:00";55
"2020-07-15 09:30:00";54
"2020-07-15 10:00:00";53
"2020-07-15 10:30:00";52
"2020-07-15 11:00:00";50
"2020-07-15 11:30:00";51
"2020-07-15 12:00:00";50
"2020-07-15 12:30:00";51
"2020-07-15 13:00:00";51
"2020-07-15 13:30:00";50
"2020-07-15 14:00:00";52
"2020-07-15 14:30:00";51
"2020-07-15 15:00:00";51
"2020-07-15 16:00:00";51
"2020-07-15 16:30:00";51
"2020-07-15 17:00:00";51
"2020-07-15 18:00:00";52
"2020-07-15 18:30:00";52
"2020-07-15 19:00:00";53
"2020-07-15 19:30:00";52
"2020-07-15 20:00:00";51
"2020-07-15 20:30:00";52
"2020-07-15 21:00:00";49
"2020-07-15 21:30:00";50
"2020-07-15 22:00:00";52
"2020-07-15 22:30:00";50
"2020-07-15 23:30:00";50
"2020-07-16 00:00:00";51
"2020-07-16 00:30:00";50
"2020-07-16 01:00:00";50
"2020-07-16 02:00:00";47
"2020-07-16 02:30:00";51
"2020-07-16 03:00:00";51
"2020-07-16 04:00:00";50
"2020-07-16 04:30:00";49
"2020-07-16 05:30:00";51
"2020-07-16 06:00:00";51
"2020-07-16 06:30:00";48
"2020-07-16 07:00:00";48
"2020-07-16 07:30:00";49
"2020-07-16 08:00:00";47
"2020-07-16 08:30:00";48
"2020-07-16 09:00:00";50
"2020-07-16 10:00:00";51
"2020-07-16 10:30:00";46
"2020-07-16 11:00:00";47
"2020-07-16 11:30:00";47
"2020-07-16 12:30:00";47
"2020-07-16 13:00:00";47
"2020-07-16 13:30:00";46
"2020-07-16 14:00:00";48
"2020-07-16 14:30:00";47
"2020-07-16 15:00:00";48
"2020-07-16 15:30:00";49
"2020-07-16 16:00:00";49
"2020-07-16 16:30:00";46
"2020-07-16 17:00:00";46
"2020-07-16 17:30:00";47
"2020-07-16 18:00:00";47
"2020-07-16 18:30:00";45
"2020-07-16 19:00:00";46
"2020-07-16 19:30:00";46
"2020-07-16 20:00:00";46
"2020-07-16 20:30:00";48
"2020-07-16 21:00:00";46
"2020-07-16 21:30:00";48
"2020-07-16 22:00:00";46
"2020-07-16 22:30:00";49
"2020-07-16 23:00:00";49
"2020-07-16 23:30:00";48
"2020-07-17 00:00:00";47
"2020-07-17 00:30:00";47
"2020-07-17 01:00:00";46
"2020-07-17 02:00:00";48
"2020-07-17 02:30:00";47
"2020-07-17 03:00:00";47
"2020-07-17 03:30:00";47
"2020-07-17 04:00:00";47
"2020-07-17 04:30:00";47
"2020-07-17 05:00:00";47
"2020-07-17 05:30:00";46
"2020-07-17 06:00:00";47
"2020-07-17 06:30:00";47
"2020-07-17 07:00:00";48
"2020-07-17 07:30:00";47
"2020-07-17 08:00:00";46
"2020-07-17 08:30:00";45
"2020-07-17 09:00:00";46
"2020-07-17 09:30:00";48
"2020-07-17 10:00:00";47
"2020-07-17 10:30:00";45
"2020-07-17 11:00:00";42
"2020-07-17 11:30:00";42
"2020-07-17 12:30:00";44
"2020-07-17 13:00:00";46
"2020-07-17 13:30:00";45
"2020-07-17 14:00:00";45
"2020-07-17 14:30:00";45
"2020-07-17 15:00:00";45
"2020-07-17 15:30:00";46
"2020-07-17 16:30:00";45
"2020-07-17 17:00:00";47
"2020-07-17 17:30:00";48
"2020-07-17 18:00:00";47
"2020-07-17 18:30:00";49
"2020-07-17 19:00:00";48
"2020-07-17 19:30:00";47
"2020-07-17 20:00:00";47
"2020-07-17 20:30:00";48
"2020-07-17 21:30:00";49
"2020-07-17 22:00:00";50
"2020-07-17 22:30:00";50
"2020-07-17 23:00:00";51
"2020-07-17 23:30:00";52
"2020-07-18 00:00:00";52
"2020-07-18 00:30:00";54
"2020-07-18 02:00:00";51
"2020-07-18 02:30:00";50
"2020-07-18 03:00:00";51
"2020-07-18 04:00:00";53
"2020-07-18 04:30:00";49
"2020-07-18 05:00:00";50
"2020-07-18 05:30:00";52
"2020-07-18 06:00:00";50
"2020-07-18 06:30:00";51
"2020-07-18 07:00:00";50
"2020-07-18 07:30:00";51
"2020-07-18 08:00:00";48
"2020-07-18 08:30:00";49
"2020-07-18 09:00:00";49
"2020-07-18 09:30:00";49
"2020-07-18 10:00:00";48
"2020-07-18 10:30:00";47
"2020-07-18 11:00:00";48
"2020-07-18 11:30:00";46
"2020-07-18 12:00:00";45
"2020-07-18 12:30:00";47
"2020-07-18 13:00:00";45
"2020-07-18 13:30:00";45
"2020-07-18 14:00:00";45
"2020-07-18 14:30:00";46
"2020-07-18 15:00:00";48
"2020-07-18 15:30:00";47
"2020-07-18 16:00:00";48
"2020-07-18 16:30:00";45
"2020-07-18 17:00:00";48
"2020-07-18 17:30:00";50
"2020-07-18 18:00:00";50
"2020-07-18 18:30:00";52
"2020-07-18 19:00:00";52
"2020-07-18 19:30:00";50
"2020-07-18 20:00:00";52
"2020-07-18 20:30:00";53
"2020-07-18 21:00:00";53
"2020-07-18 21:30:00";53
"2020-07-18 22:00:00";54
"2020-07-18 22:30:00";53
"2020-07-18 23:00:00";53
"2020-07-18 23:30:00";54
"2020-07-19 00:00:00";53
"2020-07-19 00:30:00";54
"2020-07-19 01:00:00";54
"2020-07-19 02:00:00";53
"2020-07-19 02:30:00";52
"2020-07-19 03:00:00";53
"2020-07-19 03:30:00";51
"2020-07-19 04:00:00";51
"2020-07-19 04:30:00";52
"2020-07-19 05:00:00";50
"2020-07-19 05:30:00";51
"2020-07-19 06:00:00";50
"2020-07-19 06:30:00";51
"2020-07-19 07:00:00";47
"2020-07-19 07:30:00";50
"2020-07-19 08:00:00";49
"2020-07-19 08:30:00";50
"2020-07-19 09:00:00";49
"2020-07-19 09:30:00";49
"2020-07-19 10:00:00";49
"2020-07-19 10:30:00";47
"2020-07-19 11:00:00";46
"2020-07-19 11:30:00";45
"2020-07-19 12:00:00";47
"2020-07-19 12:30:00";47
"2020-07-19 13:00:00";48
"2020-07-19 13:30:00";46
"2020-07-19 14:00:00";46
"2020-07-19 14:30:00";47
"2020-07-19 15:00:00";49
"2020-07-19 15:30:00";47
"2020-07-19 16:00:00";48
"2020-07-19 16:30:00";49
"2020-07-19 17:00:00";49
"2020-07-19 17:30:00";51
"2020-07-19 18:00:00";49
"2020-07-19 18:30:00";51
"2020-07-19 19:00:00";49
"2020-07-19 19:30:00";49
"2020-07-19 20:00:00";48
"2020-07-19 20:30:00";51
"2020-07-19 21:00:00";52
"2020-07-19 21:30:00";51
"2020-07-19 22:00:00";52
"2020-07-19 22:30:00";50
"2020-07-19 23:00:00";53
"2020-07-19 23:30:00";55
"2020-07-20 00:00:00";52
"2020-07-20 00:30:00";54
"2020-07-20 01:00:00";53
"2020-07-20 02:00:00";52
"2020-07-20 03:00:00";52
"2020-07-20 03:30:00";50
"2020-07-20 04:00:00";50
"2020-07-20 04:30:00";50
"2020-07-20 05:00:00";49
"2020-07-20 05:30:00";50
"2020-07-20 06:00:00";50
"2020-07-20 06:30:00";50
"2020-07-20 07:00:00";49
"2020-07-20 07:30:00";51
"2020-07-20 08:00:00";49
"2020-07-20 08:30:00";49
"2020-07-20 09:00:00";49
"2020-07-20 09:30:00";50
"2020-07-20 10:00:00";49
"2020-07-20 10:30:00";48
"2020-07-20 11:00:00";46
"2020-07-20 12:00:00";47
"2020-07-20 12:30:00";45
"2020-07-20 13:00:00";47
"2020-07-20 13:30:00";46
"2020-07-20 14:00:00";47
"2020-07-20 14:30:00";47
"2020-07-20 15:00:00";48
"2020-07-20 15:30:00";48
"2020-07-20 16:00:00";49
"2020-07-20 16:30:00";49
"2020-07-20 17:00:00";51
"2020-07-20 17:30:00";50
"2020-07-20 18:00:00";49
"2020-07-20 18:30:00";49
"2020-07-20 19:00:00";48
"2020-07-20 19:30:00";51
"2020-07-20 20:00:00";52
"2020-07-20 20:30:00";51
"2020-07-20 21:00:00";53
"2020-07-20 21:30:00";52
"2020-07-20 22:00:00";51
"2020-07-20 22:30:00";54
"2020-07-20 23:00:00";53
"2020-07-20 23:30:00";53
"2020-07-21 00:00:00";54
"2020-07-21 00:30:00";53
"2020-07-21 01:00:00";53
"2020-07-21 02:00:00";53
"2020-07-21 02:30:00";51
"2020-07-21 03:00:00";52
"2020-07-21 03:30:00";52
"2020-07-21 04:00:00";52
"2020-07-21 04:30:00";50
"2020-07-21 05:30:00";51
"2020-07-21 06:00:00";50
"2020-07-21 06:30:00";49
"2020-07-21 07:00:00";51
"2020-07-21 07:30:00";48
"2020-07-21 08:00:00";49
"2020-07-21 08:30:00";50
"2020-07-21 09:00:00";50
"2020-07-21 09:30:00";49
"2020-07-21 10:00:00";47
"2020-07-21 10:30:00";48
"2020-07-21 11:00:00";44
"2020-07-21 11:30:00";44
"2020-07-21 12:00:00";44
"2020-07-21 12:30:00";47
"2020-07-21 13:00:00";47
"2020-07-21 13:30:00";45
"2020-07-21 14:00:00";48
"2020-07-21 14:30:00";48
"2020-07-21 15:00:00";47
"2020-07-21 15:30:00";48
"2020-07-21 16:00:00";47
"2020-07-21 16:30:00";48
"2020-07-21 17:00:00";51
"2020-07-21 17:30:00";51
"2020-07-21 18:00:00";52
"2020-07-21 18:30:00";52
"2020-07-21 19:00:00";51
"2020-07-21 19:30:00";52
"2020-07-21 20:00:00";53
"2020-07-21 20:30:00";52
"2020-07-21 21:00:00";53
"2020-07-21 21:30:00";54
"2020-07-21 22:00:00";56
"2020-07-21 22:30:00";55
"2020-07-21 23:00:00";56
"2020-07-21 23:30:00";55
"2020-07-22 00:00:00";55
"2020-07-22 00:30:00";55
"2020-07-22 01:00:00";55
"2020-07-22 02:00:00";54
"2020-07-22 02:30:00";53
"2020-07-22 03:00:00";52
"2020-07-22 03:30:00";54
"2020-07-22 04:30:00";52
"2020-07-22 05:00:00";50
"2020-07-22 05:30:00";51
"2020-07-22 06:30:00";52
"2020-07-22 07:00:00";51
"2020-07-22 07:30:00";48
"2020-07-22 08:00:00";50
"2020-07-22 08:30:00";50
"2020-07-22 09:00:00";51
"2020-07-22 09:30:00";50
"2020-07-22 10:00:00";51
"2020-07-22 10:30:00";47
"2020-07-22 11:00:00";48
"2020-07-22 12:00:00";47
"2020-07-22 12:30:00";46
"2020-07-22 13:00:00";48
"2020-07-22 13:30:00";47
"2020-07-22 14:00:00";50
"2020-07-22 14:30:00";47
"2020-07-22 15:00:00";46
"2020-07-22 16:00:00";49
"2020-07-22 17:00:00";53
"2020-07-22 17:30:00";54
"2020-07-22 18:00:00";55
"2020-07-22 19:00:00";55
"2020-07-22 20:00:00";57
"2020-07-22 21:00:00";55
"2020-07-22 22:00:00";55
"2020-07-22 23:00:00";55
"2020-07-23 00:00:00";55
"2020-07-23 01:00:00";55
"2020-07-23 02:00:00";54
"2020-07-23 03:00:00";54
"2020-07-23 04:00:00";54
"2020-07-23 05:00:00";53
"2020-07-23 06:00:00";51
"2020-07-23 07:00:00";51
"2020-07-23 07:30:00";51
"2020-07-23 08:30:00";49
"2020-07-23 09:00:00";51
"2020-07-23 09:30:00";52
"2020-07-23 10:00:00";51
"2020-07-23 10:30:00";48
"2020-07-23 11:00:00";48
"2020-07-23 11:30:00";47
"2020-07-23 12:00:00";48
"2020-07-23 12:30:00";49
"2020-07-23 13:00:00";47
"2020-07-23 13:30:00";48
"2020-07-23 14:00:00";49
"2020-07-23 14:30:00";48
"2020-07-23 15:00:00";50
"2020-07-23 15:30:00";49
"2020-07-23 16:00:00";49
"2020-07-23 16:30:00";50
"2020-07-23 17:00:00";52
"2020-07-23 17:30:00";49
"2020-07-23 18:00:00";50
"2020-07-23 18:30:00";51
"2020-07-23 19:00:00";52
"2020-07-23 19:30:00";53
"2020-07-23 20:00:00";53
"2020-07-23 20:30:00";53
"2020-07-23 21:00:00";56
"2020-07-23 21:30:00";54
"2020-07-23 22:00:00";52
"2020-07-23 22:30:00";53
"2020-07-23 23:00:00";54
"2020-07-23 23:30:00";54
"2020-07-24 00:00:00";54
"2020-07-24 00:30:00";54
"2020-07-24 01:00:00";56
"2020-07-24 02:30:00";52
"2020-07-24 03:00:00";50
"2020-07-24 03:30:00";51
"2020-07-24 04:00:00";52
"2020-07-24 04:30:00";52
"2020-07-24 05:00:00";53
"2020-07-24 05:30:00";52
"2020-07-24 06:00:00";49
"2020-07-24 06:30:00";49
"2020-07-24 07:00:00";50
"2020-07-24 07:30:00";50
"2020-07-24 08:00:00";49
"2020-07-24 08:30:00";49
"2020-07-24 09:00:00";50
"2020-07-24 09:30:00";48
"2020-07-24 10:00:00";49
"2020-07-24 11:00:00";47
"2020-07-24 12:00:00";48
"2020-07-24 12:30:00";47
"2020-07-24 13:00:00";47
"2020-07-24 13:30:00";49
"2020-07-24 14:00:00";46
"2020-07-24 14:30:00";48
"2020-07-24 15:00:00";46
"2020-07-24 15:30:00";49
"2020-07-24 16:00:00";48
"2020-07-24 16:30:00";50
"2020-07-24 17:00:00";51
"2020-07-24 17:30:00";49
"2020-07-24 18:00:00";50
"2020-07-24 19:00:00";48
"2020-07-24 19:30:00";48
"2020-07-24 20:30:00";47
"2020-07-24 21:00:00";46
"2020-07-24 21:30:00";47
"2020-07-24 22:00:00";48
"2020-07-24 22:30:00";46
"2020-07-24 23:00:00";46
"2020-07-24 23:30:00";45
"2020-07-25 00:00:00";46
"2020-07-25 00:30:00";45
"2020-07-25 02:00:00";46
"2020-07-25 03:00:00";45
"2020-07-25 03:30:00";44
"2020-07-25 04:00:00";43
"2020-07-25 05:00:00";44
"2020-07-25 05:30:00";43
"2020-07-25 06:00:00";44
"2020-07-25 06:30:00";44
"2020-07-25 07:00:00";43
"2020-07-25 07:30:00";42
"2020-07-25 08:00:00";44
"2020-07-25 08:30:00";43
"2020-07-25 09:00:00";44
"2020-07-25 09:30:00";45
"2020-07-25 10:00:00";43
"2020-07-25 10:30:00";42
"2020-07-25 11:00:00";39
"2020-07-25 11:30:00";39
"2020-07-25 12:00:00";39
"2020-07-25 12:30:00";40
"2020-07-25 13:00:00";41
"2020-07-25 13:30:00";40
"2020-07-25 14:00:00";40
"2020-07-25 15:00:00";43
"2020-07-25 15:30:00";42
"2020-07-25 16:00:00";44
"2020-07-25 17:00:00";43
"2020-07-25 17:30:00";41
"2020-07-25 18:00:00";43
"2020-07-25 18:30:00";42
"2020-07-25 19:00:00";44
"2020-07-25 19:30:00";44
"2020-07-25 20:00:00";44
"2020-07-25 21:00:00";44
"2020-07-25 21:30:00";44
"2020-07-25 22:00:00";46
"2020-07-25 22:30:00";46
"2020-07-25 23:00:00";47
"2020-07-25 23:30:00";47
"2020-07-26 00:00:00";45
"2020-07-26 00:30:00";43
"2020-07-26 01:00:00";46
"2020-07-26 02:00:00";45
"2020-07-26 02:30:00";43
"2020-07-26 03:00:00";44
"2020-07-26 03:30:00";44
"2020-07-26 04:00:00";44
"2020-07-26 04:30:00";44
"2020-07-26 05:00:00";44
"2020-07-26 05:30:00";43
"2020-07-26 06:30:00";44
"2020-07-26 07:00:00";43
"2020-07-26 07:30:00";44
"2020-07-26 08:00:00";43
"2020-07-26 08:30:00";43
"2020-07-26 09:00:00";42
"2020-07-26 09:30:00";43
"2020-07-26 10:00:00";43
"2020-07-26 10:30:00";41
"2020-07-26 11:00:00";41
"2020-07-26 11:30:00";42
"2020-07-26 12:30:00";40
"2020-07-26 13:00:00";40
"2020-07-26 13:30:00";42
"2020-07-26 14:00:00";42
"2020-07-26 15:00:00";43
"2020-07-26 15:30:00";41
"2020-07-26 16:00:00";42
"2020-07-26 16:30:00";42
"2020-07-26 17:00:00";43
"2020-07-26 17:30:00";43
"2020-07-26 18:00:00";41
"2020-07-26 18:30:00";40
"2020-07-26 19:00:00";42
"2020-07-26 19:30:00";42
"2020-07-26 20:00:00";43
"2020-07-26 20:30:00";43
"2020-07-26 21:00:00";44
"2020-07-26 21:30:00";44
"2020-07-26 22:00:00";44
"2020-07-26 22:30:00";45
"2020-07-26 23:00:00";44
"2020-07-26 23:30:00";45
"2020-07-27 00:00:00";44
"2020-07-27 00:30:00";44
"2020-07-27 01:00:00";46
"2020-07-27 02:00:00";45
"2020-07-27 02:30:00";44
"2020-07-27 03:00:00";45
"2020-07-27 03:30:00";44
"2020-07-27 04:00:00";45
"2020-07-27 04:30:00";43
"2020-07-27 05:00:00";45
"2020-07-27 05:30:00";44
"2020-07-27 06:00:00";43
"2020-07-27 06:30:00";42
"2020-07-27 07:00:00";43
"2020-07-27 07:30:00";42
"2020-07-27 08:00:00";44
"2020-07-27 08:30:00";43
"2020-07-27 09:00:00";43
"2020-07-27 09:30:00";43
"2020-07-27 10:00:00";44
"2020-07-27 10:30:00";43
"2020-07-27 11:00:00";40
"2020-07-27 11:30:00";39
"2020-07-27 12:00:00";40
"2020-07-27 12:30:00";39
"2020-07-27 13:00:00";40
"2020-07-27 13:30:00";41
"2020-07-27 14:00:00";41
"2020-07-27 14:30:00";43
"2020-07-27 15:00:00";42
"2020-07-27 15:30:00";44
"2020-07-27 16:00:00";44
"2020-07-27 16:30:00";43
"2020-07-27 17:00:00";44
"2020-07-27 17:30:00";46
"2020-07-27 18:00:00";44
"2020-07-27 18:30:00";47
"2020-07-27 19:00:00";46
"2020-07-27 19:30:00";47
"2020-07-27 20:00:00";48
"2020-07-27 20:30:00";50
"2020-07-28 07:30:00";47
"2020-07-28 08:00:00";48
"2020-07-28 08:30:00";46
"2020-07-28 09:00:00";49
"2020-07-28 10:00:00";47
"2020-07-28 10:30:00";44
"2020-07-28 11:00:00";45
"2020-07-28 11:30:00";44
"2020-07-28 12:00:00";44
"2020-07-28 12:30:00";43
"2020-07-28 13:00:00";45
"2020-07-28 13:30:00";45
"2020-07-28 14:00:00";47
"2020-07-28 14:30:00";46
"2020-07-28 15:00:00";49
"2020-07-28 15:30:00";51
"2020-07-28 16:00:00";50
"2020-07-28 16:30:00";52
"2020-07-28 17:00:00";53
"2020-07-28 17:30:00";55
"2020-07-28 18:00:00";56
"2020-07-28 18:30:00";59
"2020-07-28 19:00:00";63
"2020-07-28 19:30:00";62
"2020-07-28 20:00:00";61
"2020-07-28 20:30:00";63
"2020-07-28 21:00:00";63
"2020-07-28 21:30:00";63
"2020-07-28 22:00:00";60
"2020-07-28 22:30:00";61
"2020-07-28 23:00:00";64
"2020-07-28 23:30:00";65
"2020-07-29 00:00:00";62
"2020-07-29 00:30:00";62
"2020-07-29 01:00:00";61
"2020-07-29 02:00:00";62
"2020-07-29 02:30:00";61
"2020-07-29 03:00:00";58
"2020-07-29 03:30:00";56
"2020-07-29 04:00:00";59
"2020-07-29 04:30:00";58
"2020-07-29 05:00:00";56
"2020-07-29 05:30:00";56
"2020-07-29 06:00:00";56
"2020-07-29 06:30:00";55
"2020-07-29 07:00:00";55
"2020-07-29 07:30:00";54
"2020-07-29 08:00:00";53
"2020-07-29 08:30:00";56
"2020-07-29 09:30:00";54
"2020-07-29 10:00:00";54
"2020-07-29 10:30:00";52
"2020-07-29 11:00:00";50
"2020-07-29 11:30:00";53
"2020-07-29 12:30:00";52
"2020-07-29 13:00:00";51
"2020-07-29 13:30:00";51
"2020-07-29 14:00:00";52
"2020-07-29 14:30:00";54
"2020-07-29 15:00:00";53
"2020-07-29 15:30:00";57
"2020-07-29 16:00:00";55
"2020-07-29 16:30:00";55
"2020-07-29 17:00:00";58
"2020-07-29 17:30:00";59
"2020-07-29 18:00:00";57
"2020-07-29 18:30:00";59
"2020-07-29 19:00:00";58
"2020-07-29 19:30:00";54
"2020-07-29 20:00:00";55
"2020-07-29 20:30:00";56
"2020-07-29 21:00:00";56
"2020-07-29 21:30:00";57
"2020-07-29 22:00:00";57
"2020-07-29 22:30:00";55
"2020-07-29 23:00:00";57
"2020-07-29 23:30:00";56
"2020-07-30 00:00:00";56
"2020-07-30 00:30:00";55
"2020-07-30 01:00:00";56
"2020-07-30 02:00:00";55
"2020-07-30 02:30:00";54
"2020-07-30 03:00:00";52
"2020-07-30 03:30:00";54
"2020-07-30 04:00:00";52
"2020-07-30 04:30:00";52
"2020-07-30 05:00:00";51
"2020-07-30 05:30:00";52
"2020-07-30 06:00:00";51
"2020-07-30 06:30:00";52
"2020-07-30 07:00:00";51
"2020-07-30 07:30:00";49
"2020-07-30 08:00:00";50
"2020-07-30 08:30:00";48
"2020-07-30 09:00:00";51
"2020-07-30 09:30:00";49
"2020-07-30 10:00:00";49
"2020-07-30 10:30:00";48
"2020-07-30 11:00:00";47
"2020-07-30 11:30:00";46
"2020-07-30 12:00:00";47
"2020-07-30 13:00:00";49
"2020-07-30 13:30:00";47
"2020-07-30 14:30:00";49
"2020-07-30 15:00:00";50
"2020-07-30 15:30:00";46
"2020-07-30 16:00:00";51
"2020-07-30 17:00:00";53
"2020-07-30 17:30:00";56
"2020-07-30 18:00:00";58
"2020-07-30 18:30:00";66
"2020-07-30 19:00:00";64
"2020-07-30 19:30:00";63
"2020-07-30 20:00:00";63
"2020-07-30 20:30:00";63
"2020-07-30 21:00:00";61
"2020-07-30 21:30:00";60
"2020-07-30 22:00:00";61
"2020-07-30 22:30:00";61
"2020-07-30 23:00:00";63
"2020-07-30 23:30:00";60
"2020-07-31 00:00:00";62
"2020-07-31 00:30:00";59
"2020-07-31 02:00:00";57
"2020-07-31 02:30:00";59
"2020-07-31 03:00:00";61
"2020-07-31 03:30:00";60
"2020-07-31 04:30:00";58
"2020-07-31 05:00:00";57
"2020-07-31 06:00:00";56
"2020-07-31 06:30:00";55
"2020-07-31 07:00:00";56
"2020-07-31 07:30:00";54
"2020-07-31 08:00:00";53
"2020-07-31 08:30:00";53
"2020-07-31 09:30:00";53
"2020-07-31 10:00:00";53
"2020-07-31 10:30:00";50
"2020-07-31 11:00:00";49
"2020-07-31 11:30:00";45
"2020-07-31 12:00:00";49
"2020-07-31 13:00:00";50
"2020-07-31 13:30:00";50
"2020-07-31 14:00:00";50
"2020-07-31 14:30:00";52
"2020-07-31 15:00:00";50
"2020-07-31 15:30:00";52
"2020-07-31 16:00:00";53
"2020-07-31 16:30:00";53
"2020-07-31 17:00:00";57
"2020-07-31 18:00:00";56
"2020-07-31 18:30:00";60
"2020-07-31 19:00:00";60
"2020-07-31 19:30:00";62
"2020-07-31 20:00:00";63
"2020-07-31 20:30:00";64
"2020-07-31 21:00:00";65
"2020-07-31 21:30:00";64
"2020-07-31 22:00:00";62
"2020-07-31 22:30:00";61
"2020-07-31 23:00:00";61
"2020-07-31 23:30:00";60
"2020-08-01 00:00:00";58
"2020-08-01 02:00:00";57
"2020-08-01 02:30:00";57
"2020-08-01 03:30:00";56
"2020-08-01 04:30:00";55
"2020-08-01 05:30:00";54
"2020-08-01 06:00:00";52
"2020-08-01 07:00:00";51
"2020-08-01 07:30:00";50
"2020-08-01 08:00:00";50
"2020-08-01 08:30:00";48
"2020-08-01 09:00:00";51
"2020-08-01 10:00:00";50
"2020-08-01 10:30:00";47
"2020-08-01 11:00:00";45
"2020-08-01 11:30:00";42
"2020-08-01 12:00:00";43
"2020-08-01 12:30:00";46
"2020-08-01 13:00:00";48
"2020-08-01 13:30:00";46
"2020-08-01 14:00:00";47
"2020-08-01 14:30:00";50
"2020-08-01 15:00:00";51
"2020-08-01 15:30:00";52
"2020-08-01 16:00:00";53
"2020-08-01 17:00:00";51
"2020-08-01 17:30:00";51
"2020-08-01 18:00:00";54
"2020-08-01 18:30:00";53
"2020-08-01 19:00:00";55
"2020-08-01 19:30:00";56
"2020-08-01 20:00:00";56
"2020-08-01 20:30:00";57
"2020-08-01 21:00:00";57
"2020-08-01 21:30:00";57
"2020-08-01 22:00:00";59
"2020-08-01 22:30:00";55
"2020-08-01 23:00:00";59
"2020-08-01 23:30:00";59
"2020-08-02 00:00:00";58
"2020-08-02 00:30:00";58
"2020-08-02 01:00:00";59
"2020-08-02 02:00:00";57
"2020-08-02 02:30:00";57
"2020-08-02 03:00:00";56
"2020-08-02 03:30:00";55
"2020-08-02 04:00:00";56
"2020-08-02 05:00:00";55
"2020-08-02 06:00:00";53
"2020-08-02 06:30:00";54
"2020-08-02 07:00:00";53
"2020-08-02 07:30:00";54
"2020-08-02 08:00:00";53
"2020-08-02 09:00:00";51
"2020-08-02 09:30:00";52
"2020-08-02 10:00:00";51
"2020-08-02 11:00:00";48
"2020-08-02 11:30:00";47
"2020-08-02 12:00:00";49
"2020-08-02 12:30:00";49
"2020-08-02 13:00:00";49
"2020-08-02 13:30:00";49
"2020-08-02 14:00:00";51
"2020-08-02 14:30:00";49
"2020-08-02 15:00:00";52
"2020-08-02 15:30:00";51
"2020-08-02 16:00:00";53
"2020-08-02 16:30:00";53
"2020-08-02 17:00:00";53
"2020-08-02 17:30:00";52
"2020-08-02 18:00:00";53
"2020-08-02 18:30:00";56
"2020-08-02 19:00:00";55
"2020-08-02 19:30:00";56
"2020-08-02 20:00:00";55
"2020-08-02 20:30:00";57
"2020-08-02 21:00:00";96
"2020-08-02 21:30:00";95
"2020-08-02 22:00:00";91
"2020-08-02 22:30:00";86
"2020-08-02 23:00:00";81
"2020-08-02 23:30:00";77
"2020-08-03 00:00:00";73
"2020-08-03 00:30:00";72
"2020-08-03 01:00:00";71
"2020-08-03 02:00:00";66
"2020-08-03 02:30:00";66
"2020-08-03 03:00:00";65
"2020-08-03 03:30:00";64
"2020-08-03 04:30:00";61
"2020-08-03 05:00:00";59
"2020-08-03 05:30:00";61
"2020-08-03 06:00:00";58
"2020-08-03 07:00:00";57
"2020-08-03 07:30:00";57
"2020-08-03 08:00:00";57
"2020-08-03 08:30:00";55
"2020-08-03 09:00:00";56
"2020-08-03 09:30:00";54
"2020-08-03 10:00:00";55
"2020-08-03 11:00:00";50
"2020-08-03 11:30:00";50
"2020-08-03 12:00:00";51
"2020-08-03 13:00:00";53
"2020-08-03 13:30:00";52
"2020-08-03 14:00:00";52
"2020-08-03 15:00:00";49
"2020-08-03 15:30:00";50
"2020-08-03 16:00:00";52
"2020-08-03 16:30:00";52
"2020-08-03 17:00:00";53
"2020-08-03 17:30:00";53
"2020-08-03 18:00:00";58
"2020-08-03 18:30:00";57
"2020-08-03 19:00:00";56
"2020-08-03 19:30:00";55
"2020-08-03 20:00:00";55
"2020-08-03 20:30:00";55
"2020-08-03 21:00:00";54
"2020-08-03 21:30:00";55
"2020-08-03 22:00:00";52
"2020-08-03 22:30:00";50
"2020-08-03 23:00:00";50
"2020-08-03 23:30:00";52
"2020-08-04 00:00:00";51
"2020-08-04 00:30:00";50
"2020-08-04 01:00:00";49
"2020-08-04 02:00:00";48
"2020-08-04 03:00:00";46
"2020-08-04 03:30:00";47
"2020-08-04 04:00:00";46
"2020-08-04 04:30:00";46
"2020-08-04 05:00:00";45
"2020-08-04 05:30:00";46
"2020-08-04 06:30:00";45
"2020-08-04 07:00:00";45
"2020-08-04 07:30:00";42
"2020-08-04 08:00:00";45
"2020-08-04 09:00:00";44
"2020-08-04 09:30:00";44
"2020-08-04 10:00:00";43
"2020-08-04 11:00:00";43
"2020-08-04 11:30:00";43
"2020-08-04 12:00:00";43
"2020-08-04 13:00:00";40
"2020-08-04 13:30:00";41
"2020-08-04 14:00:00";40
"2020-08-04 15:00:00";39
"2020-08-04 15:30:00";39
"2020-08-04 16:00:00";40
"2020-08-04 17:00:00";40
"2020-08-04 17:30:00";39
"2020-08-04 18:00:00";42
"2020-08-04 18:30:00";43
"2020-08-04 19:00:00";43
"2020-08-04 19:30:00";44
"2020-08-04 20:00:00";44
"2020-08-04 21:00:00";45
"2020-08-04 21:30:00";44
"2020-08-04 22:00:00";42
"2020-08-04 22:30:00";44
"2020-08-04 23:00:00";44
"2020-08-04 23:30:00";43
"2020-08-05 00:00:00";43
"2020-08-05 00:30:00";43
"2020-08-05 01:00:00";42
"2020-08-05 02:00:00";40
"2020-08-05 03:00:00";42
"2020-08-05 03:30:00";39
"2020-08-05 04:30:00";41
"2020-08-05 05:00:00";39
"2020-08-05 05:30:00";40
"2020-08-05 06:00:00";40
"2020-08-05 06:30:00";41
"2020-08-05 07:00:00";39
"2020-08-05 07:30:00";39
"2020-08-05 08:00:00";39
"2020-08-05 08:30:00";40
"2020-08-05 09:30:00";42
"2020-08-05 10:00:00";40
"2020-08-05 10:30:00";38
"2020-08-05 11:00:00";36
"2020-08-05 12:00:00";36
"2020-08-05 12:30:00";37
"2020-08-05 13:00:00";35
"2020-08-05 14:00:00";36
"2020-08-05 14:30:00";37
"2020-08-05 15:00:00";38
"2020-08-05 15:30:00";38
"2020-08-05 16:00:00";39
"2020-08-05 16:30:00";40
"2020-08-05 17:00:00";43
"2020-08-05 17:30:00";44
"2020-08-05 18:00:00";44
"2020-08-05 18:30:00";48
"2020-08-05 19:00:00";44
"2020-08-05 19:30:00";46
"2020-08-05 20:00:00";46
"2020-08-05 20:30:00";47
"2020-08-05 21:00:00";49
"2020-08-05 21:30:00";50
"2020-08-05 22:00:00";48
"2020-08-05 22:30:00";50
"2020-08-05 23:00:00";49
"2020-08-05 23:30:00";48
"2020-08-06 00:00:00";50
"2020-08-06 00:30:00";47
"2020-08-06 01:00:00";48
"2020-08-06 02:00:00";46
"2020-08-06 02:30:00";44
"2020-08-06 03:00:00";46
"2020-08-06 04:00:00";44
"2020-08-06 04:30:00";44
"2020-08-06 05:30:00";43
"2020-08-06 06:00:00";43
"2020-08-06 06:30:00";43
"2020-08-06 07:00:00";43
"2020-08-06 08:00:00";42
"2020-08-06 08:30:00";43
"2020-08-06 09:00:00";41
"2020-08-06 09:30:00";43
"2020-08-06 10:00:00";43
"2020-08-06 11:00:00";39
"2020-08-06 11:30:00";37
"2020-08-06 12:00:00";39
"2020-08-06 13:00:00";38
"2020-08-06 13:30:00";38
"2020-08-06 14:00:00";40
"2020-08-06 14:30:00";39
"2020-08-06 15:00:00";41
"2020-08-06 15:30:00";41
"2020-08-06 16:00:00";44
"2020-08-06 17:00:00";46
"2020-08-06 17:30:00";48
"2020-08-06 18:00:00";49
"2020-08-06 18:30:00";50
"2020-08-06 19:00:00";49
"2020-08-06 19:30:00";50
"2020-08-06 20:00:00";51
"2020-08-06 20:30:00";50
"2020-08-06 21:00:00";51
"2020-08-06 21:30:00";51
"2020-08-06 22:00:00";52
"2020-08-06 22:30:00";51
"2020-08-06 23:00:00";52
"2020-08-06 23:30:00";50
"2020-08-07 00:00:00";51
"2020-08-07 00:30:00";49
"2020-08-07 01:00:00";50
"2020-08-07 02:00:00";49
"2020-08-07 02:30:00";48
"2020-08-07 03:30:00";48
"2020-08-07 04:30:00";46
"2020-08-07 05:00:00";47
"2020-08-07 05:30:00";45
"2020-08-07 06:00:00";46
"2020-08-07 06:30:00";44
"2020-08-07 07:00:00";44
"2020-08-07 07:30:00";45
"2020-08-07 08:00:00";44
"2020-08-07 08:30:00";44
"2020-08-07 09:00:00";43
"2020-08-07 10:00:00";44
"2020-08-07 11:00:00";40
"2020-08-07 11:30:00";38
"2020-08-07 12:30:00";39
"2020-08-07 13:00:00";39
"2020-08-07 14:00:00";41
"2020-08-07 15:00:00";42
"2020-08-07 16:00:00";44
"2020-08-07 16:30:00";46
"2020-08-07 17:30:00";49
"2020-08-07 18:00:00";50
"2020-08-07 18:30:00";51
"2020-08-07 19:00:00";52
"2020-08-07 19:30:00";54
"2020-08-07 20:00:00";51
"2020-08-07 20:30:00";51
"2020-08-07 21:00:00";50
"2020-08-07 21:30:00";51
"2020-08-07 22:00:00";49
"2020-08-07 22:30:00";52
"2020-08-07 23:00:00";52
"2020-08-07 23:30:00";52
"2020-08-08 00:00:00";52
"2020-08-08 00:30:00";52
"2020-08-08 02:00:00";49
"2020-08-08 02:30:00";50
"2020-08-08 03:00:00";50
"2020-08-08 03:30:00";48
"2020-08-08 04:00:00";48
"2020-08-08 04:30:00";46
"2020-08-08 05:30:00";46
"2020-08-08 06:00:00";45
"2020-08-08 06:30:00";44
"2020-08-08 07:00:00";44
"2020-08-08 07:30:00";45
"2020-08-08 08:00:00";42
"2020-08-08 08:30:00";44
"2020-08-08 09:00:00";44
"2020-08-08 10:00:00";49
"2020-08-08 11:00:00";40
"2020-08-08 11:30:00";42
"2020-08-08 12:30:00";40
"2020-08-08 13:00:00";41
"2020-08-08 14:00:00";43
"2020-08-08 15:00:00";44
"2020-08-08 15:30:00";46
"2020-08-08 16:00:00";49
"2020-08-08 16:30:00";49
"2020-08-08 17:00:00";49
"2020-08-08 17:30:00";49
"2020-08-08 18:00:00";47
"2020-08-08 18:30:00";51
"2020-08-08 19:00:00";50
"2020-08-08 19:30:00";51
"2020-08-08 20:00:00";54
"2020-08-08 20:30:00";54
"2020-08-08 21:00:00";53
"2020-08-08 21:30:00";53
"2020-08-08 22:00:00";52
"2020-08-08 23:00:00";54
"2020-08-08 23:30:00";53
"2020-08-09 00:00:00";55
"2020-08-09 00:30:00";52
"2020-08-09 01:00:00";52
"2020-08-09 02:00:00";51
"2020-08-09 02:30:00";51
"2020-08-09 03:00:00";51
"2020-08-09 03:30:00";49
"2020-08-09 04:00:00";49
"2020-08-09 04:30:00";49
"2020-08-09 05:30:00";47
"2020-08-09 06:30:00";46
"2020-08-09 07:00:00";46
"2020-08-09 07:30:00";45
"2020-08-09 08:00:00";46
"2020-08-09 08:30:00";46
"2020-08-09 09:00:00";46
"2020-08-09 09:30:00";47
"2020-08-09 10:00:00";46
"2020-08-09 10:30:00";43
"2020-08-09 11:00:00";41
"2020-08-09 11:30:00";41
"2020-08-09 12:00:00";42
"2020-08-09 12:30:00";43
"2020-08-09 13:00:00";42
"2020-08-09 14:00:00";44
"2020-08-09 14:30:00";46
"2020-08-09 15:00:00";46
"2020-08-09 15:30:00";46
"2020-08-09 16:00:00";47
"2020-08-09 16:30:00";46
"2020-08-09 17:00:00";50
"2020-08-09 17:30:00";49
"2020-08-09 18:00:00";49
"2020-08-09 18:30:00";50
"2020-08-09 19:00:00";50
"2020-08-09 19:30:00";50
"2020-08-09 20:00:00";51
"2020-08-09 20:30:00";53
"2020-08-09 21:00:00";53
"2020-08-09 21:30:00";51
"2020-08-09 22:00:00";53
"2020-08-09 22:30:00";52
"2020-08-09 23:00:00";52
"2020-08-09 23:30:00";53
"2020-08-10 00:00:00";51
"2020-08-10 00:30:00";52
"2020-08-10 01:00:00";51
"2020-08-10 02:00:00";50
"2020-08-10 02:30:00";50
"2020-08-10 03:00:00";50
"2020-08-10 03:30:00";49
"2020-08-10 04:00:00";48
"2020-08-10 04:30:00";48
"2020-08-10 05:00:00";48
"2020-08-10 05:30:00";47
"2020-08-10 06:00:00";46
"2020-08-10 06:30:00";46
"2020-08-10 07:00:00";46
"2020-08-10 07:30:00";45
"2020-08-10 08:30:00";47
"2020-08-10 09:00:00";45
"2020-08-10 09:30:00";46
"2020-08-10 10:00:00";44
"2020-08-10 10:30:00";44
"2020-08-10 11:00:00";41
"2020-08-10 11:30:00";42
"2020-08-10 12:00:00";43
"2020-08-10 13:00:00";43
"2020-08-10 13:30:00";43
"2020-08-10 14:00:00";44
"2020-08-10 14:30:00";49
"2020-08-10 15:00:00";51
"2020-08-10 15:30:00";53
"2020-08-10 16:00:00";54
"2020-08-10 16:30:00";53
"2020-08-10 17:00:00";54
"2020-08-10 17:30:00";60
"2020-08-10 18:30:00";61
"2020-08-10 19:00:00";58
"2020-08-10 19:30:00";57
"2020-08-10 20:00:00";56
"2020-08-10 20:30:00";55
"2020-08-10 21:00:00";54
"2020-08-10 21:30:00";53
"2020-08-10 22:00:00";52
"2020-08-10 22:30:00";52
"2020-08-10 23:00:00";53
"2020-08-10 23:30:00";52
"2020-08-11 00:00:00";50
"2020-08-11 00:30:00";50
"2020-08-11 01:00:00";50
"2020-08-11 02:00:00";50
"2020-08-11 02:30:00";48
"2020-08-11 03:00:00";48
"2020-08-11 03:30:00";46
"2020-08-11 04:00:00";47
"2020-08-11 04:30:00";45
"2020-08-11 05:00:00";47
"2020-08-11 05:30:00";47
"2020-08-11 06:00:00";45
"2020-08-11 06:30:00";45
"2020-08-11 07:00:00";45
"2020-08-11 07:30:00";44
"2020-08-11 08:00:00";45
"2020-08-11 08:30:00";45
"2020-08-11 09:00:00";44
"2020-08-11 09:30:00";45
"2020-08-11 10:00:00";44
"2020-08-11 10:30:00";43
"2020-08-11 11:00:00";42
"2020-08-11 12:00:00";42
"2020-08-11 12:30:00";41
"2020-08-11 13:00:00";43
"2020-08-11 13:30:00";43
"2020-08-11 14:00:00";43
"2020-08-11 15:00:00";45
"2020-08-11 15:30:00";44
"2020-08-11 16:00:00";48
"2020-08-11 17:00:00";48
"2020-08-11 17:30:00";47
"2020-08-11 18:00:00";48
"2020-08-11 18:30:00";50
"2020-08-11 19:00:00";51
"2020-08-11 19:30:00";52
"2020-08-11 20:00:00";52
"2020-08-11 20:30:00";53
"2020-08-11 21:00:00";52
"2020-08-11 21:30:00";49
"2020-08-11 22:00:00";50
"2020-08-11 22:30:00";50
"2020-08-11 23:00:00";51
"2020-08-11 23:30:00";49
"2020-08-12 00:00:00";50
"2020-08-12 00:30:00";50
"2020-08-12 01:00:00";49
"2020-08-12 02:00:00";47
"2020-08-12 02:30:00";48
"2020-08-12 03:00:00";48
"2020-08-12 03:30:00";46
"2020-08-12 04:00:00";46
"2020-08-12 05:00:00";48
"2020-08-12 05:30:00";45
"2020-08-12 06:00:00";46
"2020-08-12 06:30:00";45
"2020-08-12 07:00:00";43
"2020-08-12 08:00:00";44
"2020-08-12 08:30:00";42
"2020-08-12 09:00:00";43
"2020-08-12 09:30:00";45
"2020-08-12 10:00:00";45
"2020-08-12 10:30:00";49
"2020-08-12 11:00:00";40
"2020-08-12 11:30:00";42
"2020-08-12 12:00:00";42
"2020-08-12 12:30:00";42
"2020-08-12 13:00:00";41
"2020-08-12 13:30:00";43
"2020-08-12 14:00:00";44
"2020-08-12 14:30:00";45
"2020-08-12 15:00:00";47
"2020-08-12 15:30:00";48
"2020-08-12 16:00:00";50
"2020-08-12 16:30:00";49
"2020-08-12 17:00:00";49
"2020-08-12 17:30:00";52
"2020-08-12 18:00:00";51
"2020-08-12 18:30:00";51
"2020-08-12 19:00:00";50
"2020-08-12 19:30:00";50
"2020-08-12 20:30:00";70
"2020-08-12 21:00:00";74
"2020-08-12 21:30:00";72
"2020-08-12 22:00:00";72
"2020-08-12 22:30:00";68
"2020-08-12 23:00:00";68
"2020-08-12 23:30:00";67
"2020-08-13 00:00:00";64
"2020-08-13 00:30:00";62
"2020-08-13 01:00:00";60
"2020-08-13 02:00:00";59
"2020-08-13 03:00:00";58
"2020-08-13 03:30:00";57
"2020-08-13 04:00:00";56
"2020-08-13 04:30:00";55
"2020-08-13 05:00:00";54
"2020-08-13 05:30:00";54
"2020-08-13 06:00:00";54
"2020-08-13 06:30:00";53
"2020-08-13 07:00:00";53
"2020-08-13 08:00:00";51
"2020-08-13 08:30:00";51
"2020-08-13 09:30:00";50
"2020-08-13 10:00:00";52
"2020-08-13 10:30:00";49
"2020-08-13 11:00:00";50
"2020-08-13 11:30:00";50
"2020-08-13 12:00:00";48
"2020-08-13 13:00:00";49
"2020-08-13 13:30:00";48
"2020-08-13 14:00:00";48
"2020-08-13 15:00:00";48
"2020-08-13 15:30:00";49
"2020-08-13 16:00:00";47
"2020-08-13 16:30:00";51
"2020-08-13 17:00:00";51
"2020-08-13 17:30:00";50
"2020-08-13 18:00:00";50
"2020-08-13 19:00:00";53
"2020-08-13 20:30:00";54
"2020-08-13 21:00:00";54
"2020-08-13 21:30:00";53
"2020-08-13 22:00:00";57
"2020-08-13 22:30:00";55
"2020-08-13 23:30:00";84
"2020-08-14 00:30:00";76
"2020-08-14 01:00:00";72
"2020-08-14 08:30:00";55
"2020-08-14 09:00:00";54
"2020-08-14 10:00:00";55
"2020-08-14 10:30:00";52
"2020-08-14 13:00:00";51
"2020-08-14 13:30:00";50
"2020-08-14 14:00:00";52
"2020-08-14 14:30:00";50
"2020-08-14 15:00:00";51
"2020-08-14 15:30:00";51
"2020-08-14 16:00:00";51
"2020-08-14 17:00:00";51
"2020-08-14 17:30:00";50
"2020-08-14 18:00:00";52
"2020-08-14 18:30:00";53
"2020-08-14 19:00:00";52
"2020-08-14 19:30:00";56
"2020-08-14 20:00:00";57
"2020-08-14 20:30:00";56
"2020-08-14 21:00:00";56
"2020-08-14 21:30:00";57
"2020-08-14 22:30:00";54
"2020-08-14 23:00:00";54
"2020-08-14 23:30:00";57
"2020-08-15 00:00:00";56
"2020-08-15 00:30:00";55
"2020-08-15 02:30:00";53
"2020-08-15 03:00:00";52
"2020-08-15 03:30:00";53
"2020-08-15 04:30:00";50
"2020-08-15 05:00:00";50
"2020-08-15 05:30:00";51
"2020-08-15 06:00:00";49
"2020-08-15 07:00:00";49
"2020-08-15 07:30:00";47
"2020-08-15 08:00:00";48
"2020-08-15 08:30:00";48
"2020-08-15 09:00:00";48
"2020-08-15 10:00:00";49
"2020-08-15 11:00:00";42
"2020-08-15 11:30:00";44
"2020-08-15 12:00:00";44
"2020-08-15 13:00:00";45
"2020-08-15 14:00:00";47
"2020-08-15 14:30:00";47
"2020-08-15 15:00:00";47
"2020-08-15 16:00:00";48
"2020-08-15 17:00:00";47
"2020-08-15 17:30:00";51
"2020-08-15 18:30:00";49
"2020-08-15 19:00:00";48
"2020-08-15 19:30:00";47
"2020-08-15 20:00:00";48
"2020-08-15 20:30:00";50
"2020-08-15 21:30:00";49
"2020-08-15 22:00:00";49
"2020-08-15 22:30:00";49
"2020-08-15 23:00:00";49
"2020-08-15 23:30:00";49
"2020-08-16 00:00:00";49
"2020-08-16 00:30:00";48
"2020-08-16 02:30:00";47
"2020-08-16 03:00:00";47
"2020-08-16 03:30:00";47
"2020-08-16 04:30:00";46
"2020-08-16 05:00:00";47
"2020-08-16 05:30:00";46
"2020-08-16 06:30:00";45
"2020-08-16 07:00:00";44
"2020-08-16 08:00:00";45
"2020-08-16 08:30:00";44
"2020-08-16 09:00:00";46
"2020-08-16 10:00:00";47
"2020-08-16 10:30:00";45
"2020-08-16 11:00:00";42
"2020-08-16 11:30:00";42
"2020-08-16 12:30:00";42
"2020-08-16 13:00:00";44
"2020-08-16 13:30:00";44
"2020-08-16 14:00:00";43
"2020-08-16 14:30:00";44
"2020-08-16 15:30:00";44
"2020-08-16 16:00:00";44
"2020-08-16 17:00:00";44
"2020-08-16 17:30:00";45
"2020-08-16 18:00:00";45
"2020-08-16 18:30:00";46
"2020-08-16 19:00:00";47
"2020-08-16 19:30:00";47
"2020-08-16 20:00:00";48
"2020-08-16 21:00:00";46
"2020-08-16 21:30:00";47
"2020-08-16 22:00:00";46
"2020-08-16 22:30:00";46
"2020-08-16 23:00:00";48
"2020-08-16 23:30:00";45
"2020-08-17 00:00:00";46
"2020-08-17 01:00:00";47
"2020-08-17 02:00:00";59
"2020-08-17 02:30:00";59
"2020-08-17 03:00:00";55
"2020-08-17 04:00:00";52
"2020-08-17 04:30:00";52
"2020-08-17 05:30:00";48
"2020-08-17 06:00:00";49
"2020-08-17 06:30:00";48
"2020-08-17 07:00:00";46
"2020-08-17 07:30:00";48
"2020-08-17 08:00:00";45
"2020-08-17 09:00:00";46
"2020-08-17 09:30:00";46
"2020-08-17 10:00:00";44
"2020-08-17 10:30:00";45
"2020-08-17 11:00:00";43
"2020-08-17 11:30:00";43
"2020-08-17 12:30:00";44
"2020-08-17 13:30:00";42
"2020-08-17 14:00:00";44
"2020-08-17 15:00:00";44
"2020-08-17 16:00:00";44
"2020-08-17 16:30:00";44
"2020-08-17 17:30:00";46
"2020-08-17 18:00:00";46
"2020-08-17 18:30:00";45
"2020-08-17 19:00:00";46
"2020-08-17 19:30:00";47
"2020-08-17 20:00:00";47
"2020-08-17 20:30:00";45
"2020-08-17 21:00:00";45
"2020-08-17 22:00:00";46
"2020-08-17 22:30:00";44
"2020-08-17 23:00:00";45
"2020-08-17 23:30:00";45
"2020-08-18 00:00:00";46
"2020-08-18 00:30:00";44
"2020-08-18 01:00:00";44
"2020-08-18 02:30:00";45
"2020-08-18 03:00:00";44
"2020-08-18 03:30:00";45
"2020-08-18 04:00:00";43
"2020-08-18 04:30:00";43
"2020-08-18 05:00:00";43
"2020-08-18 05:30:00";43
"2020-08-18 06:00:00";42
"2020-08-18 07:00:00";41
"2020-08-18 07:30:00";41
"2020-08-18 08:00:00";41
"2020-08-18 08:30:00";40
"2020-08-18 09:00:00";42
"2020-08-18 10:00:00";42
"2020-08-18 10:30:00";41
"2020-08-18 11:00:00";40
"2020-08-18 12:00:00";37
"2020-08-18 12:30:00";38
"2020-08-18 13:00:00";39
"2020-08-18 14:00:00";41
"2020-08-18 15:00:00";42
"2020-08-18 16:00:00";39
"2020-08-18 16:30:00";41
"2020-08-18 17:00:00";40
"2020-08-18 17:30:00";41
"2020-08-18 18:00:00";43
"2020-08-18 18:30:00";42
"2020-08-18 19:00:00";42
"2020-08-18 20:00:00";42
"2020-08-18 20:30:00";42
"2020-08-18 21:00:00";42
"2020-08-18 21:30:00";43
"2020-08-18 22:00:00";43
"2020-08-18 22:30:00";42
"2020-08-18 23:30:00";41
"2020-08-19 00:00:00";40
"2020-08-19 00:30:00";41
"2020-08-19 02:00:00";40
"2020-08-19 02:30:00";40
"2020-08-19 03:00:00";38
"2020-08-19 04:00:00";40
"2020-08-19 04:30:00";39
"2020-08-19 05:00:00";39
"2020-08-19 05:30:00";39
"2020-08-19 06:00:00";40
"2020-08-19 06:30:00";40
"2020-08-19 07:00:00";38
"2020-08-19 08:00:00";38
"2020-08-19 08:30:00";39
"2020-08-19 09:00:00";39
"2020-08-19 10:00:00";39
"2020-08-19 11:00:00";35
"2020-08-19 11:30:00";35
"2020-08-19 12:00:00";36
"2020-08-19 12:30:00";36
"2020-08-19 13:00:00";36
"2020-08-19 14:00:00";38
"2020-08-19 15:00:00";38
"2020-08-19 15:30:00";37
"2020-08-19 16:00:00";39
"2020-08-19 16:30:00";39
"2020-08-19 17:00:00";41
"2020-08-19 17:30:00";42
"2020-08-19 18:00:00";42
"2020-08-19 18:30:00";44
"2020-08-19 19:00:00";45
"2020-08-19 19:30:00";47
"2020-08-19 20:00:00";45
"2020-08-19 20:30:00";46
"2020-08-19 21:00:00";44
"2020-08-19 21:30:00";45
"2020-08-19 22:00:00";43
"2020-08-19 23:00:00";45
"2020-08-19 23:30:00";44
"2020-08-20 00:30:00";44
"2020-08-20 01:00:00";44
"2020-08-20 02:00:00";45
"2020-08-20 02:30:00";43
"2020-08-20 03:00:00";44
"2020-08-20 03:30:00";43
"2020-08-20 04:00:00";42
"2020-08-20 04:30:00";44
"2020-08-20 05:30:00";42
"2020-08-20 06:00:00";40
"2020-08-20 07:00:00";41
"2020-08-20 07:30:00";40
"2020-08-20 08:00:00";40
"2020-08-20 08:30:00";40
"2020-08-20 09:00:00";40
"2020-08-20 09:30:00";41
"2020-08-20 10:00:00";41
"2020-08-20 10:30:00";39
"2020-08-20 11:30:00";37
"2020-08-20 12:00:00";38
"2020-08-20 12:30:00";38
"2020-08-20 13:30:00";39
"2020-08-20 14:00:00";40
"2020-08-20 14:30:00";40
"2020-08-20 15:00:00";43
"2020-08-20 16:00:00";46
"2020-08-20 16:30:00";46
"2020-08-20 17:00:00";47
"2020-08-20 18:00:00";49
"2020-08-20 18:30:00";49
"2020-08-20 19:00:00";47
"2020-08-20 20:00:00";46
"2020-08-20 20:30:00";46
"2020-08-20 21:00:00";47
"2020-08-20 21:30:00";46
"2020-08-20 22:30:00";48
"2020-08-20 23:00:00";46
"2020-08-20 23:30:00";47
"2020-08-21 00:00:00";47
"2020-08-21 00:30:00";47
"2020-08-21 01:00:00";46
"2020-08-21 02:00:00";47
"2020-08-21 02:30:00";45
"2020-08-21 03:00:00";45
"2020-08-21 03:30:00";45
"2020-08-21 04:00:00";44
"2020-08-21 04:30:00";44
"2020-08-21 05:00:00";44
"2020-08-21 05:30:00";44
"2020-08-21 06:00:00";43
"2020-08-21 06:30:00";43
"2020-08-21 07:30:00";43
"2020-08-21 08:00:00";43
"2020-08-21 08:30:00";43
"2020-08-21 09:30:00";43
"2020-08-21 10:00:00";42
"2020-08-21 11:00:00";39
"2020-08-21 11:30:00";41
"2020-08-21 12:00:00";38
"2020-08-21 13:00:00";43
"2020-08-21 13:30:00";41
"2020-08-21 14:00:00";40
"2020-08-21 14:30:00";41
"2020-08-21 15:00:00";42
"2020-08-21 15:30:00";42
"2020-08-21 16:00:00";44
"2020-08-21 17:00:00";47
"2020-08-21 18:00:00";46
"2020-08-21 18:30:00";49
"2020-08-21 19:00:00";49
"2020-08-21 20:00:00";50
"2020-08-21 20:30:00";50
"2020-08-21 21:00:00";50
"2020-08-21 21:30:00";50
"2020-08-21 22:00:00";52
"2020-08-21 23:00:00";50
"2020-08-21 23:30:00";48
"2020-08-22 00:00:00";49
"2020-08-22 02:00:00";48
"2020-08-22 02:30:00";47
"2020-08-22 03:00:00";48
"2020-08-22 03:30:00";45
"2020-08-22 04:00:00";45
"2020-08-22 04:30:00";46
"2020-08-22 05:00:00";45
"2020-08-22 05:30:00";44
"2020-08-22 06:00:00";45
"2020-08-22 07:00:00";44
"2020-08-22 08:00:00";43
"2020-08-22 09:00:00";43
"2020-08-22 09:30:00";44
"2020-08-22 10:00:00";42
"2020-08-22 11:00:00";41
"2020-08-22 12:00:00";42
"2020-08-22 12:30:00";41
"2020-08-22 13:00:00";41
"2020-08-22 14:00:00";41
"2020-08-22 15:00:00";44
"2020-08-22 16:00:00";44
"2020-08-22 17:00:00";45
"2020-08-22 17:30:00";46
"2020-08-22 18:00:00";47
"2020-08-22 18:30:00";47
"2020-08-22 19:00:00";47
"2020-08-22 19:30:00";51
"2020-08-22 20:00:00";51
"2020-08-22 21:00:00";50
"2020-08-22 21:30:00";51
"2020-08-22 22:00:00";51
"2020-08-22 22:30:00";51
"2020-08-22 23:00:00";48
"2020-08-22 23:30:00";50
"2020-08-23 00:00:00";49
"2020-08-23 00:30:00";48
"2020-08-23 01:00:00";46
"2020-08-23 02:00:00";45
"2020-08-23 02:30:00";45
"2020-08-23 03:00:00";43
"2020-08-23 03:30:00";42
"2020-08-23 04:00:00";43
"2020-08-23 04:30:00";42
"2020-08-23 05:00:00";42
"2020-08-23 05:30:00";43
"2020-08-23 06:30:00";42
"2020-08-23 07:00:00";40
"2020-08-23 08:00:00";38
"2020-08-23 08:30:00";39
"2020-08-23 09:30:00";37
"2020-08-23 10:00:00";40
"2020-08-23 11:00:00";37
"2020-08-23 11:30:00";36
"2020-08-23 12:00:00";37
"2020-08-23 13:00:00";38
"2020-08-23 14:00:00";37
"2020-08-23 14:30:00";37
"2020-08-23 15:00:00";38
"2020-08-23 15:30:00";38
"2020-08-23 16:30:00";37
"2020-08-23 17:00:00";38
"2020-08-23 18:00:00";39
"2020-08-23 18:30:00";39
"2020-08-23 19:00:00";37
"2020-08-23 19:30:00";40
"2020-08-23 20:00:00";40
"2020-08-23 20:30:00";39
"2020-08-23 21:00:00";40
"2020-08-23 21:30:00";37
"2020-08-23 22:00:00";39
"2020-08-23 22:30:00";38
"2020-08-23 23:00:00";38
"2020-08-24 00:00:00";38
"2020-08-24 00:30:00";38
"2020-08-24 02:00:00";36
"2020-08-24 02:30:00";38
"2020-08-24 03:00:00";36
"2020-08-24 03:30:00";37
"2020-08-24 04:00:00";36
"2020-08-24 04:30:00";36
"2020-08-24 05:00:00";37
"2020-08-24 05:30:00";34
"2020-08-24 06:00:00";34
"2020-08-24 06:30:00";35
"2020-08-24 07:00:00";35
"2020-08-24 07:30:00";35
"2020-08-24 08:00:00";35
"2020-08-24 08:30:00";34
"2020-08-24 09:30:00";33
"2020-08-24 10:30:00";32
"2020-08-24 11:00:00";32
"2020-08-24 12:00:00";33
"2020-08-24 12:30:00";35
"2020-08-24 13:00:00";34
"2020-08-24 13:30:00";34
"2020-08-24 14:00:00";34
"2020-08-24 15:00:00";34
"2020-08-24 16:00:00";33
"2020-08-24 16:30:00";35
"2020-08-24 17:00:00";34
"2020-08-24 17:30:00";36
"2020-08-24 18:00:00";37
"2020-08-24 18:30:00";36
"2020-08-24 19:00:00";38
"2020-08-24 19:30:00";37
"2020-08-24 20:00:00";38
"2020-08-24 21:00:00";37
"2020-08-24 21:30:00";38
"2020-08-24 22:00:00";37
"2020-08-24 22:30:00";38
"2020-08-24 23:00:00";37
"2020-08-25 00:00:00";36
"2020-08-25 01:00:00";36
"2020-08-25 02:30:00";34
"2020-08-25 03:00:00";34
"2020-08-25 03:30:00";34
"2020-08-25 04:00:00";34
"2020-08-25 04:30:00";33
"2020-08-25 05:00:00";33
"2020-08-25 05:30:00";32
"2020-08-25 06:30:00";31
"2020-08-25 07:00:00";33
"2020-08-25 07:30:00";33
"2020-08-25 08:00:00";33
"2020-08-25 08:30:00";32
"2020-08-25 09:00:00";33
"2020-08-25 10:00:00";35
"2020-08-25 11:00:00";31
"2020-08-25 12:00:00";33
"2020-08-25 12:30:00";31
"2020-08-25 13:00:00";32
"2020-08-25 14:00:00";31
"2020-08-25 14:30:00";31
"2020-08-25 15:00:00";31
"2020-08-25 16:00:00";33
"2020-08-25 17:00:00";34
"2020-08-25 17:30:00";36
"2020-08-25 18:00:00";34
"2020-08-25 18:30:00";35
"2020-08-25 19:00:00";35
"2020-08-25 19:30:00";36
"2020-08-25 20:30:00";36
"2020-08-25 21:30:00";37
"2020-08-25 22:00:00";37
"2020-08-25 22:30:00";37
"2020-08-25 23:00:00";36
"2020-08-26 00:00:00";36
"2020-08-26 01:00:00";36
"2020-08-26 02:00:00";36
"2020-08-26 02:30:00";36
"2020-08-26 03:00:00";35
"2020-08-26 03:30:00";35
"2020-08-26 04:30:00";35
"2020-08-26 05:00:00";35
"2020-08-26 05:30:00";34
"2020-08-26 06:00:00";34
"2020-08-26 06:30:00";32
"2020-08-26 07:00:00";33
"2020-08-26 07:30:00";33
"2020-08-26 08:00:00";32
"2020-08-26 08:30:00";33
"2020-08-26 09:30:00";33
"2020-08-26 10:00:00";34
"2020-08-26 10:30:00";31
"2020-08-26 11:00:00";29
"2020-08-26 11:30:00";28
"2020-08-26 12:00:00";29
"2020-08-26 12:30:00";31
"2020-08-26 13:00:00";30
"2020-08-26 13:30:00";32
"2020-08-26 14:00:00";31
"2020-08-26 14:30:00";31
"2020-08-26 15:00:00";31
"2020-08-26 15:30:00";32
"2020-08-26 16:00:00";34
"2020-08-26 17:00:00";39
"2020-08-26 17:30:00";41
"2020-08-26 18:30:00";45
"2020-08-26 19:30:00";46
"2020-08-26 20:00:00";43
"2020-08-26 21:00:00";46
"2020-08-26 21:30:00";47
"2020-08-26 22:00:00";46
"2020-08-26 23:00:00";43
"2020-08-26 23:30:00";43
"2020-08-27 00:00:00";41
"2020-08-27 00:30:00";40
"2020-08-27 02:00:00";39
"2020-08-27 02:30:00";38
"2020-08-27 03:00:00";38
"2020-08-27 03:30:00";38
"2020-08-27 04:00:00";38
"2020-08-27 04:30:00";36
"2020-08-27 05:00:00";37
"2020-08-27 05:30:00";36
"2020-08-27 06:00:00";34
"2020-08-27 06:30:00";35
"2020-08-27 07:00:00";35
"2020-08-27 07:30:00";34
"2020-08-27 08:00:00";34
"2020-08-27 08:30:00";35
"2020-08-27 09:00:00";35
"2020-08-27 10:00:00";35
"2020-08-27 10:30:00";32
"2020-08-27 11:00:00";31
"2020-08-27 11:30:00";31
"2020-08-27 12:00:00";31
"2020-08-27 12:30:00";32
"2020-08-27 13:00:00";33
"2020-08-27 14:00:00";33
"2020-08-27 14:30:00";32
"2020-08-27 15:00:00";33
"2020-08-27 16:00:00";35
"2020-08-27 16:30:00";37
"2020-08-27 17:00:00";41
"2020-08-27 17:30:00";42
"2020-08-27 18:00:00";43
"2020-08-27 18:30:00";43
"2020-08-27 19:00:00";44
"2020-08-27 19:30:00";42
"2020-08-27 20:00:00";43
"2020-08-27 20:30:00";43
"2020-08-27 21:00:00";43
"2020-08-27 21:30:00";44
"2020-08-27 22:00:00";43
"2020-08-27 22:30:00";43
"2020-08-27 23:00:00";44
"2020-08-27 23:30:00";42
"2020-08-28 00:00:00";41
"2020-08-28 01:00:00";40
"2020-08-28 02:00:00";39
"2020-08-28 02:30:00";40
"2020-08-28 03:00:00";36
"2020-08-28 03:30:00";38
"2020-08-28 04:00:00";38
"2020-08-28 04:30:00";37
"2020-08-28 05:00:00";37
"2020-08-28 05:30:00";36
"2020-08-28 06:00:00";37
"2020-08-28 06:30:00";37
"2020-08-28 07:00:00";36
"2020-08-28 08:00:00";36
"2020-08-28 08:30:00";38
"2020-08-28 09:00:00";36
"2020-08-28 09:30:00";35
"2020-08-28 10:00:00";35
"2020-08-28 11:00:00";35
"2020-08-28 11:30:00";34
"2020-08-28 12:00:00";33
"2020-08-28 12:30:00";34
"2020-08-28 13:30:00";33
"2020-08-28 14:00:00";33
"2020-08-28 14:30:00";33
"2020-08-28 15:00:00";34
"2020-08-28 15:30:00";35
"2020-08-28 16:00:00";35
"2020-08-28 17:00:00";36
"2020-08-28 17:30:00";36
"2020-08-28 18:00:00";37
"2020-08-28 18:30:00";38
"2020-08-28 19:00:00";39
"2020-08-28 19:30:00";40
"2020-08-28 20:00:00";39
"2020-08-28 20:30:00";40
"2020-08-28 21:00:00";42
"2020-08-28 21:30:00";45
"2020-08-28 22:00:00";43
"2020-08-28 22:30:00";44
"2020-08-28 23:00:00";43
"2020-08-29 00:00:00";42
"2020-08-29 02:30:00";39
"2020-08-29 03:00:00";39
"2020-08-29 03:30:00";39
"2020-08-29 04:00:00";39
"2020-08-29 04:30:00";39
"2020-08-29 05:00:00";40
"2020-08-29 05:30:00";38
"2020-08-29 06:00:00";38
"2020-08-29 06:30:00";39
"2020-08-29 07:00:00";39
"2020-08-29 08:00:00";39
"2020-08-29 08:30:00";39
"2020-08-29 09:00:00";39
"2020-08-29 09:30:00";39
"2020-08-29 10:30:00";39
"2020-08-29 11:00:00";39
"2020-08-29 11:30:00";38
"2020-08-29 12:30:00";37
"2020-08-29 13:00:00";37
"2020-08-29 13:30:00";38
"2020-08-29 14:00:00";39
"2020-08-29 14:30:00";42
"2020-08-29 15:00:00";44
"2020-08-29 16:00:00";46
"2020-08-29 17:00:00";53
"2020-08-29 17:30:00";51
"2020-08-29 18:30:00";49
"2020-08-29 19:30:00";56
"2020-08-29 20:00:00";62
"2020-08-29 20:30:00";61
"2020-08-29 21:00:00";59
"2020-08-29 21:30:00";56
"2020-08-29 22:00:00";55
"2020-08-29 23:00:00";53
"2020-08-29 23:30:00";49
"2020-08-30 00:00:00";48
"2020-08-30 01:00:00";47
"2020-08-30 02:00:00";46
"2020-08-30 03:00:00";44
"2020-08-30 03:30:00";49
"2020-08-30 04:30:00";52
"2020-08-30 05:00:00";52
"2020-08-30 05:30:00";50
"2020-08-30 06:00:00";48
"2020-08-30 06:30:00";49
"2020-08-30 07:00:00";49
"2020-08-30 07:30:00";52
"2020-08-30 08:00:00";52
"2020-08-30 08:30:00";50
"2020-08-30 09:30:00";49
"2020-08-30 10:00:00";56
"2020-08-30 11:00:00";84
"2020-08-30 11:30:00";85
"2020-08-30 12:00:00";73
"2020-08-30 12:30:00";85
"2020-08-30 13:30:00";84
"2020-08-30 14:00:00";80
"2020-08-30 14:30:00";79
"2020-08-30 15:00:00";75
"2020-08-30 15:30:00";72
"2020-08-30 16:30:00";71
"2020-08-30 17:00:00";70
"2020-08-30 17:30:00";71
"2020-08-30 18:00:00";70
"2020-08-30 18:30:00";69
"2020-08-30 19:30:00";67
"2020-08-30 20:00:00";67
"2020-08-30 20:30:00";65
"2020-08-30 21:00:00";63
"2020-08-30 21:30:00";64
"2020-08-30 22:30:00";63
"2020-08-30 23:00:00";58
"2020-08-30 23:30:00";60
"2020-08-31 00:30:00";57
"2020-08-31 02:00:00";54
"2020-08-31 02:30:00";55
"2020-08-31 03:00:00";55
"2020-08-31 03:30:00";52
"2020-08-31 04:00:00";53
"2020-08-31 04:30:00";54
"2020-08-31 05:00:00";52
"2020-08-31 06:00:00";50
"2020-08-31 06:30:00";51
"2020-08-31 07:00:00";48
"2020-08-31 07:30:00";50
"2020-08-31 08:00:00";50
"2020-08-31 08:30:00";51
"2020-08-31 09:00:00";47
"2020-08-31 09:30:00";48
"2020-08-31 10:00:00";48
"2020-08-31 10:30:00";46
"2020-08-31 11:00:00";43
"2020-08-31 12:00:00";46
"2020-08-31 12:30:00";43
"2020-08-31 13:00:00";43
"2020-08-31 13:30:00";45
"2020-08-31 14:00:00";43
"2020-08-31 14:30:00";45
"2020-08-31 15:30:00";45
"2020-08-31 16:00:00";44
"2020-08-31 16:30:00";44
"2020-08-31 17:30:00";45
"2020-08-31 18:00:00";43
"2020-08-31 18:30:00";44
"2020-08-31 19:30:00";43
"2020-08-31 20:00:00";43
"2020-08-31 21:00:00";44
"2020-08-31 21:30:00";42
"2020-08-31 22:00:00";43
"2020-08-31 22:30:00";42
"2020-08-31 23:00:00";42
"2020-09-01 00:00:00";42
"2020-09-01 00:30:00";40
"2020-09-01 01:00:00";39
"2020-09-01 02:00:00";40
"2020-09-01 02:30:00";39
"2020-09-01 03:00:00";40
"2020-09-01 03:30:00";41
"2020-09-01 04:00:00";39
"2020-09-01 04:30:00";38
"2020-09-01 05:00:00";39
"2020-09-01 06:00:00";39
"2020-09-01 06:30:00";37
"2020-09-01 07:30:00";39
"2020-09-01 08:00:00";37
"2020-09-01 08:30:00";38
"2020-09-01 09:30:00";39
"2020-09-01 10:00:00";39
"2020-09-01 11:00:00";33
"2020-09-01 11:30:00";33
"2020-09-01 12:00:00";35
"2020-09-01 12:30:00";34
"2020-09-01 13:00:00";36
"2020-09-01 14:00:00";34
"2020-09-01 14:30:00";35
"2020-09-01 15:00:00";36
"2020-09-01 15:30:00";35
"2020-09-01 16:00:00";35
"2020-09-01 17:00:00";37
"2020-09-01 17:30:00";38
"2020-09-01 18:00:00";39
"2020-09-01 19:00:00";39
"2020-09-01 19:30:00";40
"2020-09-01 20:00:00";38
"2020-09-01 20:30:00";38
"2020-09-01 21:00:00";38
"2020-09-01 21:30:00";38
"2020-09-01 22:00:00";39
"2020-09-01 22:30:00";40
"2020-09-01 23:00:00";41
"2020-09-01 23:30:00";41
"2020-09-02 00:00:00";40
"2020-09-02 00:30:00";40
"2020-09-02 01:00:00";41
"2020-09-02 02:00:00";41
"2020-09-02 02:30:00";40
"2020-09-02 03:00:00";39
"2020-09-02 03:30:00";36
"2020-09-02 04:00:00";37
"2020-09-02 04:30:00";38
"2020-09-02 05:00:00";37
"2020-09-02 05:30:00";37
"2020-09-02 06:00:00";35
"2020-09-02 07:00:00";35
"2020-09-02 07:30:00";35
"2020-09-02 08:00:00";36
"2020-09-02 08:30:00";36
"2020-09-02 09:00:00";38
"2020-09-02 10:00:00";36
"2020-09-02 10:30:00";36
"2020-09-02 11:00:00";35
"2020-09-02 11:30:00";35
"2020-09-02 12:00:00";36
"2020-09-02 12:30:00";35
"2020-09-02 13:00:00";35
"2020-09-02 13:30:00";35
"2020-09-02 14:30:00";35
"2020-09-02 15:00:00";34
"2020-09-02 15:30:00";35
"2020-09-02 16:00:00";36
"2020-09-02 16:30:00";35
"2020-09-02 17:30:00";35
"2020-09-02 18:00:00";35
"2020-09-02 18:30:00";34
"2020-09-02 19:00:00";36
"2020-09-02 19:30:00";35
"2020-09-02 20:00:00";36
"2020-09-02 20:30:00";35
"2020-09-02 21:00:00";35
"2020-09-02 21:30:00";35
"2020-09-02 22:00:00";36
"2020-09-02 22:30:00";36
"2020-09-02 23:30:00";35
"2020-09-03 00:00:00";36
"2020-09-03 00:30:00";36
"2020-09-03 02:00:00";35
"2020-09-03 03:00:00";35
"2020-09-03 03:30:00";34
"2020-09-03 04:00:00";33
"2020-09-03 04:30:00";33
"2020-09-03 05:30:00";33
"2020-09-03 06:00:00";35
"2020-09-03 07:00:00";33
"2020-09-03 07:30:00";34
"2020-09-03 08:30:00";34
"2020-09-03 09:00:00";33
"2020-09-03 10:00:00";34
"2020-09-03 10:30:00";34
"2020-09-03 11:30:00";31
"2020-09-03 12:00:00";30
"2020-09-03 13:00:00";32
"2020-09-03 13:30:00";32
"2020-09-03 14:00:00";32
"2020-09-03 14:30:00";32
"2020-09-03 15:00:00";33
"2020-09-03 15:30:00";33
"2020-09-03 16:00:00";33
"2020-09-03 16:30:00";35
"2020-09-03 17:00:00";37
"2020-09-03 17:30:00";36
"2020-09-03 18:30:00";37
"2020-09-03 19:00:00";33
"2020-09-03 19:30:00";35
"2020-09-03 20:00:00";34
"2020-09-03 20:30:00";34
"2020-09-03 21:00:00";35
"2020-09-03 22:00:00";35
"2020-09-03 22:30:00";35
"2020-09-03 23:00:00";35
"2020-09-04 00:00:00";35
"2020-09-04 00:30:00";35
"2020-09-04 01:00:00";35
"2020-09-04 02:00:00";34
"2020-09-04 02:30:00";34
"2020-09-04 03:00:00";34
"2020-09-04 03:30:00";34
"2020-09-04 04:00:00";34
"2020-09-04 04:30:00";33
"2020-09-04 05:00:00";33
"2020-09-04 05:30:00";33
"2020-09-04 06:00:00";34
"2020-09-04 07:00:00";33
"2020-09-04 08:00:00";33
"2020-09-04 08:30:00";33
"2020-09-04 09:30:00";33
"2020-09-04 10:00:00";34
"2020-09-04 10:30:00";33
"2020-09-04 11:00:00";30
"2020-09-04 12:00:00";31
"2020-09-04 13:00:00";32
"2020-09-04 13:30:00";31
"2020-09-04 14:00:00";31
"2020-09-04 15:00:00";33
"2020-09-04 15:30:00";34
"2020-09-04 16:00:00";36
"2020-09-04 16:30:00";38
"2020-09-04 17:00:00";40
"2020-09-04 18:00:00";41
"2020-09-04 18:30:00";41
"2020-09-04 19:00:00";41
"2020-09-04 19:30:00";42
"2020-09-04 20:00:00";41
"2020-09-04 20:30:00";43
"2020-09-04 21:00:00";44
"2020-09-04 21:30:00";45
"2020-09-04 22:00:00";44
"2020-09-04 22:30:00";43
"2020-09-04 23:00:00";44
"2020-09-04 23:30:00";42
"2020-09-05 00:00:00";42
"2020-09-05 00:30:00";40
"2020-09-05 02:00:00";40
"2020-09-05 03:00:00";40
"2020-09-05 03:30:00";40
"2020-09-05 04:00:00";40
"2020-09-05 04:30:00";38
"2020-09-05 05:00:00";39
"2020-09-05 06:00:00";37
"2020-09-05 07:00:00";37
"2020-09-05 07:30:00";38
"2020-09-05 08:00:00";37
"2020-09-05 08:30:00";37
"2020-09-05 09:00:00";36
"2020-09-05 10:00:00";37
"2020-09-05 10:30:00";37
"2020-09-05 11:00:00";35
"2020-09-05 12:00:00";34
"2020-09-05 12:30:00";35
"2020-09-05 13:00:00";35
"2020-09-05 14:00:00";34
"2020-09-05 15:00:00";36
"2020-09-05 15:30:00";37
"2020-09-05 16:00:00";39
"2020-09-05 17:00:00";43
"2020-09-05 18:00:00";43
"2020-09-05 18:30:00";44
"2020-09-05 19:00:00";42
"2020-09-05 19:30:00";41
"2020-09-05 20:00:00";43
"2020-09-05 20:30:00";42
"2020-09-05 21:00:00";41
"2020-09-05 21:30:00";42
"2020-09-05 22:00:00";42
"2020-09-05 22:30:00";41
"2020-09-05 23:00:00";42
"2020-09-06 00:00:00";41
"2020-09-06 00:30:00";41
"2020-09-06 01:00:00";41
"2020-09-06 02:00:00";38
"2020-09-06 03:00:00";39
"2020-09-06 03:30:00";38
"2020-09-06 04:00:00";39
"2020-09-06 04:30:00";37
"2020-09-06 05:00:00";38
"2020-09-06 05:30:00";37
"2020-09-06 06:00:00";35
"2020-09-06 07:00:00";36
"2020-09-06 08:00:00";36
"2020-09-06 08:30:00";35
"2020-09-06 09:30:00";36
"2020-09-06 10:00:00";36
"2020-09-06 11:00:00";32
"2020-09-06 12:00:00";33
"2020-09-06 13:00:00";35
"2020-09-06 14:00:00";32
"2020-09-06 15:00:00";35
"2020-09-06 15:30:00";36
"2020-09-06 16:00:00";35
"2020-09-06 17:00:00";37
"2020-09-06 18:00:00";37
"2020-09-06 18:30:00";36
"2020-09-06 19:00:00";35
"2020-09-06 19:30:00";37
"2020-09-06 20:00:00";36
"2020-09-06 20:30:00";36
"2020-09-06 21:00:00";35
"2020-09-06 21:30:00";36
"2020-09-06 22:00:00";34
"2020-09-06 22:30:00";36
"2020-09-06 23:00:00";37
"2020-09-06 23:30:00";36
"2020-09-07 00:00:00";36
"2020-09-07 00:30:00";37
"2020-09-07 01:00:00";36
"2020-09-07 02:00:00";37
"2020-09-07 02:30:00";37
"2020-09-07 03:00:00";36
"2020-09-07 03:30:00";37
"2020-09-07 04:00:00";36
"2020-09-07 05:00:00";34
"2020-09-07 06:00:00";37
"2020-09-07 06:30:00";35
"2020-09-07 07:00:00";36
"2020-09-07 08:00:00";36
"2020-09-07 09:00:00";35
"2020-09-07 09:30:00";35
"2020-09-07 10:00:00";34
"2020-09-07 11:00:00";33
"2020-09-07 12:00:00";33
"2020-09-07 13:00:00";31
"2020-09-07 14:00:00";32
"2020-09-07 14:30:00";32
"2020-09-07 15:30:00";31
"2020-09-07 16:00:00";31
"2020-09-07 16:30:00";32
"2020-09-07 17:00:00";33
"2020-09-07 17:30:00";33
"2020-09-07 18:00:00";32
"2020-09-07 18:30:00";33
"2020-09-07 19:00:00";33
"2020-09-07 19:30:00";34
"2020-09-07 20:30:00";33
"2020-09-07 21:00:00";33
"2020-09-07 21:30:00";33
"2020-09-07 22:00:00";34
"2020-09-07 22:30:00";35
"2020-09-07 23:00:00";35
"2020-09-07 23:30:00";36
"2020-09-08 00:00:00";33
"2020-09-08 00:30:00";33
"2020-09-08 01:00:00";34
"2020-09-08 02:00:00";33
"2020-09-08 02:30:00";33
"2020-09-08 03:00:00";33
"2020-09-08 03:30:00";32
"2020-09-08 04:00:00";33
"2020-09-08 04:30:00";32
"2020-09-08 05:00:00";32
"2020-09-08 05:30:00";31
"2020-09-08 06:00:00";32
"2020-09-08 06:30:00";32
"2020-09-08 07:00:00";31
"2020-09-08 07:30:00";32
"2020-09-08 08:00:00";32
"2020-09-08 09:00:00";31
"2020-09-08 09:30:00";32
"2020-09-08 10:00:00";32
"2020-09-08 11:00:00";30
"2020-09-08 12:00:00";29
"2020-09-08 12:30:00";29
"2020-09-08 13:00:00";30
"2020-09-08 13:30:00";30
"2020-09-08 14:00:00";30
"2020-09-08 15:00:00";31
"2020-09-08 15:30:00";32
"2020-09-08 16:00:00";33
"2020-09-08 17:00:00";36
"2020-09-08 18:00:00";39
"2020-09-08 18:30:00";37
"2020-09-08 19:00:00";41
"2020-09-08 19:30:00";40
"2020-09-08 20:30:00";41
"2020-09-08 21:30:00";41
"2020-09-08 22:00:00";43
"2020-09-08 22:30:00";42
"2020-09-08 23:00:00";40
"2020-09-08 23:30:00";39
"2020-09-09 00:00:00";38
"2020-09-09 00:30:00";39
"2020-09-09 01:00:00";38
"2020-09-09 02:00:00";38
"2020-09-09 03:00:00";37
"2020-09-09 03:30:00";37
"2020-09-09 04:00:00";34
"2020-09-09 04:30:00";34
"2020-09-09 05:30:00";34
"2020-09-09 06:00:00";34
"2020-09-09 06:30:00";33
"2020-09-09 07:00:00";34
"2020-09-09 07:30:00";33
"2020-09-09 08:00:00";34
"2020-09-09 09:00:00";33
"2020-09-09 10:00:00";34
"2020-09-09 10:30:00";31
"2020-09-09 11:00:00";29
"2020-09-09 12:00:00";30
"2020-09-09 12:30:00";29
"2020-09-09 13:00:00";30
"2020-09-09 13:30:00";30
"2020-09-09 14:00:00";30
"2020-09-09 15:00:00";30
"2020-09-09 15:30:00";32
"2020-09-09 16:00:00";34
"2020-09-09 16:30:00";36
"2020-09-09 17:30:00";38
"2020-09-09 18:00:00";40
"2020-09-09 18:30:00";38
"2020-09-09 19:00:00";40
"2020-09-09 19:30:00";41
"2020-09-09 20:00:00";43
"2020-09-09 20:30:00";41
"2020-09-09 21:00:00";41
"2020-09-09 21:30:00";39
"2020-09-09 22:00:00";40
"2020-09-09 22:30:00";40
"2020-09-09 23:00:00";39
"2020-09-09 23:30:00";39
"2020-09-10 00:00:00";38
"2020-09-10 00:30:00";39
"2020-09-10 01:00:00";38
"2020-09-10 02:00:00";37
"2020-09-10 02:30:00";36
"2020-09-10 03:00:00";38
"2020-09-10 03:30:00";36
"2020-09-10 04:00:00";36
"2020-09-10 05:00:00";35
"2020-09-10 05:30:00";35
"2020-09-10 06:00:00";34
"2020-09-10 06:30:00";33
"2020-09-10 07:00:00";34
"2020-09-10 07:30:00";34
"2020-09-10 08:00:00";34
"2020-09-10 08:30:00";33
"2020-09-10 09:00:00";34
"2020-09-10 09:30:00";33
"2020-09-10 10:00:00";35
"2020-09-10 10:30:00";32
"2020-09-10 11:00:00";30
"2020-09-10 11:30:00";30
"2020-09-10 12:00:00";30
"2020-09-10 12:30:00";31
"2020-09-10 13:00:00";30
"2020-09-10 13:30:00";31
"2020-09-10 14:00:00";31
"2020-09-10 14:30:00";32
"2020-09-10 15:30:00";34
"2020-09-10 16:00:00";33
"2020-09-10 16:30:00";35
"2020-09-10 17:00:00";34
"2020-09-10 18:00:00";38
"2020-09-10 18:30:00";37
"2020-09-10 19:00:00";37
"2020-09-10 19:30:00";36
"2020-09-10 20:00:00";36
"2020-09-10 20:30:00";36
"2020-09-10 21:00:00";38
"2020-09-10 21:30:00";40
"2020-09-10 22:00:00";42
"2020-09-10 22:30:00";44
"2020-09-10 23:00:00";42
"2020-09-10 23:30:00";40
"2020-09-11 00:00:00";40
"2020-09-11 00:30:00";38
"2020-09-11 01:00:00";38
"2020-09-11 02:00:00";37
"2020-09-11 03:00:00";36
"2020-09-11 03:30:00";36
"2020-09-11 04:00:00";36
"2020-09-11 04:30:00";36
"2020-09-11 05:00:00";34
"2020-09-11 05:30:00";35
"2020-09-11 06:00:00";35
"2020-09-11 06:30:00";32
"2020-09-11 07:00:00";33
"2020-09-11 07:30:00";33
"2020-09-11 08:00:00";34
"2020-09-11 09:00:00";33
"2020-09-11 10:00:00";34
"2020-09-11 10:30:00";31
"2020-09-11 11:00:00";29
"2020-09-11 11:30:00";30
"2020-09-11 12:00:00";30
"2020-09-11 12:30:00";32
"2020-09-11 13:00:00";31
"2020-09-11 13:30:00";30
"2020-09-11 14:00:00";30
"2020-09-11 14:30:00";30
"2020-09-11 15:00:00";30
"2020-09-11 16:00:00";31
"2020-09-11 16:30:00";33
"2020-09-11 17:00:00";33
"2020-09-11 17:30:00";34
"2020-09-11 18:00:00";34
"2020-09-11 19:00:00";35
"2020-09-11 19:30:00";35
"2020-09-11 20:00:00";37
"2020-09-11 20:30:00";35
"2020-09-11 21:00:00";38
"2020-09-11 21:30:00";37
"2020-09-11 22:00:00";38
"2020-09-11 22:30:00";37
"2020-09-11 23:00:00";37
"2020-09-11 23:30:00";37
"2020-09-12 00:00:00";37
"2020-09-12 00:30:00";36
"2020-09-12 02:00:00";36
"2020-09-12 03:00:00";33
"2020-09-12 03:30:00";33
"2020-09-12 04:00:00";34
"2020-09-12 04:30:00";33
"2020-09-12 05:00:00";33
"2020-09-12 05:30:00";33
"2020-09-12 06:00:00";32
"2020-09-12 07:00:00";32
"2020-09-12 07:30:00";31
"2020-09-12 08:00:00";31
"2020-09-12 08:30:00";32
"2020-09-12 09:30:00";33
"2020-09-12 10:00:00";33
"2020-09-12 10:30:00";32
"2020-09-12 11:00:00";29
"2020-09-12 11:30:00";28
"2020-09-12 12:00:00";30
"2020-09-12 12:30:00";30
"2020-09-12 13:00:00";29
"2020-09-12 13:30:00";30
"2020-09-12 14:00:00";30
"2020-09-12 14:30:00";30
"2020-09-12 15:00:00";30
"2020-09-12 15:30:00";33
"2020-09-12 16:00:00";35
"2020-09-12 16:30:00";38
"2020-09-12 17:00:00";38
"2020-09-12 17:30:00";35
"2020-09-12 18:00:00";35
"2020-09-12 18:30:00";36
"2020-09-12 19:00:00";36
"2020-09-12 19:30:00";36
"2020-09-12 20:00:00";36
"2020-09-12 20:30:00";37
"2020-09-12 21:00:00";38
"2020-09-12 21:30:00";37
"2020-09-12 22:00:00";37
"2020-09-12 22:30:00";37
"2020-09-12 23:00:00";37
"2020-09-12 23:30:00";38
"2020-09-13 00:00:00";38
"2020-09-13 00:30:00";37
"2020-09-13 01:00:00";37
"2020-09-13 02:00:00";36
"2020-09-13 02:30:00";34
"2020-09-13 03:00:00";34
"2020-09-13 03:30:00";33
"2020-09-13 04:00:00";34
"2020-09-13 04:30:00";34
"2020-09-13 05:00:00";34
"2020-09-13 05:30:00";33
"2020-09-13 06:00:00";34
"2020-09-13 06:30:00";33
"2020-09-13 07:00:00";33
"2020-09-13 07:30:00";32
"2020-09-13 08:00:00";33
"2020-09-13 08:30:00";33
"2020-09-13 09:00:00";31
"2020-09-13 09:30:00";34
"2020-09-13 10:00:00";33
"2020-09-13 10:30:00";32
"2020-09-13 11:00:00";29
"2020-09-13 11:30:00";28
"2020-09-13 12:00:00";31
"2020-09-13 12:30:00";30
"2020-09-13 13:00:00";31
"2020-09-13 13:30:00";31
"2020-09-13 14:00:00";30
"2020-09-13 14:30:00";31
"2020-09-13 15:00:00";32
"2020-09-13 15:30:00";34
"2020-09-13 16:00:00";36
"2020-09-13 16:30:00";38
"2020-09-13 17:00:00";38
"2020-09-13 17:30:00";37
"2020-09-13 18:00:00";37
"2020-09-13 18:30:00";38
"2020-09-13 19:00:00";38
"2020-09-13 19:30:00";39
"2020-09-13 20:00:00";41
"2020-09-13 20:30:00";39
"2020-09-13 21:00:00";41
"2020-09-13 21:30:00";40
"2020-09-13 22:00:00";39
"2020-09-13 22:30:00";39
"2020-09-13 23:00:00";40
"2020-09-13 23:30:00";39
"2020-09-14 00:00:00";37
"2020-09-14 00:30:00";37
"2020-09-14 01:00:00";37
"2020-09-14 02:00:00";37
"2020-09-14 02:30:00";36
"2020-09-14 03:00:00";34
"2020-09-14 03:30:00";36
"2020-09-14 04:00:00";35
"2020-09-14 04:30:00";34
"2020-09-14 05:00:00";35
"2020-09-14 05:30:00";35
"2020-09-14 06:00:00";35
"2020-09-14 06:30:00";35
"2020-09-14 07:00:00";34
"2020-09-14 07:30:00";34
"2020-09-14 08:00:00";33
"2020-09-14 08:30:00";34
"2020-09-14 09:00:00";34
"2020-09-14 10:00:00";32
"2020-09-14 10:30:00";32
"2020-09-14 11:00:00";32
"2020-09-14 11:30:00";32
"2020-09-14 12:00:00";30
"2020-09-14 12:30:00";31
"2020-09-14 13:00:00";30
"2020-09-14 13:30:00";30
"2020-09-14 14:00:00";30
"2020-09-14 14:30:00";31
"2020-09-14 15:00:00";32
"2020-09-14 15:30:00";32
"2020-09-14 16:00:00";33
"2020-09-14 17:00:00";36
"2020-09-14 17:30:00";37
"2020-09-14 18:00:00";38
"2020-09-14 18:30:00";39
"2020-09-14 19:00:00";39
"2020-09-14 19:30:00";39
"2020-09-14 20:00:00";40
"2020-09-14 20:30:00";40
"2020-09-14 21:00:00";41
"2020-09-14 21:30:00";41
"2020-09-14 22:00:00";39
"2020-09-14 22:30:00";40
"2020-09-14 23:00:00";39
"2020-09-14 23:30:00";39
"2020-09-15 00:00:00";38
"2020-09-15 01:00:00";37
"2020-09-15 02:00:00";36
"2020-09-15 02:30:00";37
"2020-09-15 03:00:00";36
"2020-09-15 03:30:00";35
"2020-09-15 04:00:00";35
"2020-09-15 04:30:00";32
"2020-09-15 05:00:00";33
"2020-09-15 05:30:00";32
"2020-09-15 06:00:00";32
"2020-09-15 06:30:00";32
"2020-09-15 07:30:00";30
"2020-09-15 08:00:00";33
"2020-09-15 08:30:00";30
"2020-09-15 09:00:00";29
"2020-09-15 09:30:00";30
"2020-09-15 10:00:00";31
"2020-09-15 10:30:00";30
"2020-09-15 11:00:00";27
"2020-09-15 12:00:00";29
"2020-09-15 13:00:00";29
"2020-09-15 13:30:00";29
"2020-09-15 14:00:00";29
"2020-09-15 14:30:00";28
"2020-09-15 15:00:00";28
"2020-09-15 15:30:00";30
"2020-09-15 16:00:00";32
"2020-09-15 16:30:00";34
"2020-09-15 17:00:00";37
"2020-09-15 17:30:00";39
"2020-09-15 18:00:00";41
"2020-09-15 18:30:00";38
"2020-09-15 19:00:00";39
"2020-09-15 19:30:00";40
"2020-09-15 20:00:00";42
"2020-09-15 20:30:00";42
"2020-09-15 21:00:00";42
"2020-09-15 21:30:00";43
"2020-09-15 22:00:00";40
"2020-09-15 22:30:00";41
"2020-09-15 23:00:00";40
"2020-09-15 23:30:00";39
"2020-09-16 00:00:00";38
"2020-09-16 00:30:00";39
"2020-09-16 01:00:00";37
"2020-09-16 02:00:00";36
"2020-09-16 02:30:00";36
"2020-09-16 03:00:00";36
"2020-09-16 03:30:00";35
"2020-09-16 04:00:00";33
"2020-09-16 04:30:00";33
"2020-09-16 05:00:00";33
"2020-09-16 06:00:00";33
"2020-09-16 06:30:00";32
"2020-09-16 07:00:00";32
"2020-09-16 07:30:00";31
"2020-09-16 08:00:00";31
"2020-09-16 08:30:00";32
"2020-09-16 09:00:00";32
"2020-09-16 09:30:00";31
"2020-09-16 10:00:00";31
"2020-09-16 11:00:00";28
"2020-09-16 11:30:00";28
"2020-09-16 12:30:00";29
"2020-09-16 13:00:00";29
"2020-09-16 14:00:00";29
"2020-09-16 14:30:00";28
"2020-09-16 15:00:00";29
"2020-09-16 15:30:00";28
"2020-09-16 16:00:00";29
"2020-09-16 16:30:00";33
"2020-09-16 17:00:00";35
"2020-09-16 17:30:00";37
"2020-09-16 18:00:00";40
"2020-09-16 18:30:00";41
"2020-09-16 19:00:00";41
"2020-09-16 19:30:00";41
"2020-09-16 20:00:00";40
"2020-09-16 20:30:00";39
"2020-09-16 21:00:00";39
"2020-09-16 21:30:00";39
"2020-09-16 22:00:00";38
"2020-09-16 22:30:00";37
"2020-09-16 23:00:00";39
"2020-09-16 23:30:00";39
"2020-09-17 00:00:00";39
"2020-09-17 00:30:00";38
"2020-09-17 01:00:00";36
"2020-09-17 02:00:00";36
"2020-09-17 02:30:00";33
"2020-09-17 03:00:00";33
"2020-09-17 03:30:00";33
"2020-09-17 04:00:00";31
"2020-09-17 04:30:00";33
"2020-09-17 05:00:00";31
"2020-09-17 05:30:00";31
"2020-09-17 06:00:00";32
"2020-09-17 06:30:00";31
"2020-09-17 07:00:00";31
"2020-09-17 07:30:00";31
"2020-09-17 08:30:00";30
"2020-09-17 09:00:00";30
"2020-09-17 09:30:00";31
"2020-09-17 10:00:00";31
"2020-09-17 11:00:00";28
"2020-09-17 11:30:00";26
"2020-09-17 12:00:00";25
"2020-09-17 12:30:00";26
"2020-09-17 13:00:00";28
"2020-09-17 13:30:00";28
"2020-09-17 14:00:00";28
"2020-09-17 14:30:00";28
"2020-09-17 15:00:00";28
"2020-09-17 15:30:00";29
"2020-09-17 16:00:00";29
"2020-09-17 16:30:00";32
"2020-09-17 17:00:00";33
"2020-09-17 17:30:00";37
"2020-09-17 18:00:00";39
"2020-09-17 18:30:00";39
"2020-09-17 19:00:00";40
"2020-09-17 19:30:00";38
"2020-09-17 20:00:00";37
"2020-09-17 20:30:00";37
"2020-09-17 21:00:00";35
"2020-09-17 21:30:00";35
"2020-09-17 22:00:00";35
"2020-09-17 22:30:00";35
"2020-09-17 23:00:00";34
"2020-09-17 23:30:00";33
"2020-09-18 00:00:00";34
"2020-09-18 00:30:00";34
"2020-09-18 01:00:00";35
"2020-09-18 02:00:00";33
"2020-09-18 02:30:00";33
"2020-09-18 03:00:00";32
"2020-09-18 03:30:00";32
"2020-09-18 04:00:00";31
"2020-09-18 04:30:00";31
"2020-09-18 05:00:00";31
"2020-09-18 05:30:00";30
"2020-09-18 06:00:00";29
"2020-09-18 06:30:00";30
"2020-09-18 07:00:00";28
"2020-09-18 07:30:00";30
"2020-09-18 08:00:00";30
"2020-09-18 08:30:00";29
"2020-09-18 09:30:00";30
"2020-09-18 10:00:00";30
"2020-09-18 10:30:00";29
"2020-09-18 11:00:00";28
"2020-09-18 11:30:00";26
"2020-09-18 12:30:00";27
"2020-09-18 13:00:00";27
"2020-09-18 13:30:00";27
"2020-09-18 14:00:00";28
"2020-09-18 14:30:00";27
"2020-09-18 15:30:00";30
"2020-09-18 16:00:00";31
"2020-09-18 16:30:00";33
"2020-09-18 17:00:00";35
"2020-09-18 18:00:00";35
"2020-09-18 18:30:00";36
"2020-09-18 19:00:00";34
"2020-09-18 19:30:00";34
"2020-09-18 20:00:00";36
"2020-09-18 20:30:00";36
"2020-09-18 21:00:00";37
"2020-09-18 21:30:00";36
"2020-09-18 22:00:00";35
"2020-09-18 22:30:00";35
"2020-09-18 23:00:00";36
"2020-09-18 23:30:00";35
"2020-09-19 00:00:00";35
"2020-09-19 02:00:00";32
"2020-09-19 03:00:00";32
"2020-09-19 03:30:00";32
"2020-09-19 04:00:00";32
"2020-09-19 04:30:00";33
"2020-09-19 05:00:00";31
"2020-09-19 05:30:00";31
"2020-09-19 06:30:00";32
"2020-09-19 07:00:00";30
"2020-09-19 07:30:00";31
"2020-09-19 08:00:00";29
"2020-09-19 09:00:00";30
"2020-09-19 09:30:00";30
"2020-09-19 10:00:00";30
"2020-09-19 10:30:00";30
"2020-09-19 11:00:00";30
"2020-09-19 11:30:00";28
"2020-09-19 12:00:00";28
"2020-09-19 12:30:00";29
"2020-09-19 13:00:00";29
"2020-09-19 14:00:00";28
"2020-09-19 14:30:00";28
"2020-09-19 15:00:00";29
"2020-09-19 15:30:00";27
"2020-09-19 16:00:00";28
"2020-09-19 16:30:00";28
"2020-09-19 17:00:00";29
"2020-09-19 17:30:00";28
"2020-09-19 18:00:00";29
"2020-09-19 18:30:00";28
"2020-09-19 19:00:00";28
"2020-09-19 19:30:00";28
"2020-09-19 20:00:00";28
"2020-09-19 20:30:00";29
"2020-09-19 21:00:00";30
"2020-09-19 21:30:00";30
"2020-09-19 22:00:00";31
"2020-09-19 22:30:00";31
"2020-09-19 23:00:00";32
"2020-09-19 23:30:00";32
"2020-09-20 00:00:00";30
"2020-09-20 00:30:00";32
"2020-09-20 01:00:00";30
"2020-09-20 02:00:00";31
"2020-09-20 02:30:00";31
"2020-09-20 03:00:00";30
"2020-09-20 03:30:00";29
"2020-09-20 04:00:00";29
"2020-09-20 04:30:00";29
"2020-09-20 05:00:00";29
"2020-09-20 05:30:00";29
"2020-09-20 06:00:00";29
"2020-09-20 06:30:00";28
"2020-09-20 07:00:00";29
"2020-09-20 07:30:00";28
"2020-09-20 08:00:00";28
"2020-09-20 08:30:00";29
"2020-09-20 09:00:00";28
"2020-09-20 09:30:00";28
"2020-09-20 10:00:00";28
"2020-09-20 10:30:00";27
"2020-09-20 11:00:00";26
"2020-09-20 11:30:00";26
"2020-09-20 12:00:00";28
"2020-09-20 12:30:00";27
"2020-09-20 13:00:00";27
"2020-09-20 13:30:00";29
"2020-09-20 14:00:00";30
"2020-09-20 15:00:00";31
"2020-09-20 15:30:00";30
"2020-09-20 16:00:00";29
"2020-09-20 17:00:00";30
"2020-09-20 17:30:00";31
"2020-09-20 18:00:00";31
"2020-09-20 18:30:00";37
"2020-09-20 19:00:00";47
"2020-09-20 19:30:00";45
"2020-09-20 20:00:00";44
"2020-09-20 20:30:00";42
"2020-09-20 21:00:00";41
"2020-09-20 21:30:00";40
"2020-09-20 22:00:00";37
"2020-09-20 22:30:00";38
"2020-09-20 23:00:00";36
"2020-09-20 23:30:00";34
"2020-09-21 00:30:00";34
"2020-09-21 01:00:00";33
"2020-09-21 02:00:00";33
"2020-09-21 02:30:00";31
"2020-09-21 03:00:00";31
"2020-09-21 03:30:00";32
"2020-09-21 04:00:00";30
"2020-09-21 04:30:00";30
"2020-09-21 05:30:00";31
"2020-09-21 06:00:00";30
"2020-09-21 06:30:00";29
"2020-09-21 07:30:00";29
"2020-09-21 08:00:00";28
"2020-09-21 08:30:00";30
"2020-09-21 09:00:00";29
"2020-09-21 10:00:00";28
"2020-09-21 11:00:00";29
"2020-09-21 12:00:00";28
"2020-09-21 12:30:00";28
"2020-09-21 13:00:00";27
"2020-09-21 14:00:00";26
"2020-09-21 14:30:00";27
"2020-09-21 15:00:00";27
"2020-09-21 15:30:00";27
"2020-09-21 16:00:00";27
"2020-09-21 16:30:00";27
"2020-09-21 17:30:00";27
"2020-09-21 18:00:00";26
"2020-09-21 18:30:00";26
"2020-09-21 19:00:00";27
"2020-09-21 19:30:00";27
"2020-09-21 20:00:00";27
"2020-09-21 20:30:00";27
"2020-09-21 21:00:00";27
"2020-09-21 21:30:00";27
"2020-09-21 22:00:00";28
"2020-09-21 22:30:00";28
"2020-09-21 23:00:00";29
"2020-09-21 23:30:00";28
"2020-09-22 00:00:00";28
"2020-09-22 00:30:00";29
"2020-09-22 01:00:00";28
"2020-09-22 02:00:00";28
"2020-09-22 02:30:00";29
"2020-09-22 03:00:00";30
"2020-09-22 03:30:00";32
"2020-09-22 04:00:00";34
"2020-09-22 04:30:00";32
"2020-09-22 05:00:00";32
"2020-09-22 05:30:00";31
"2020-09-22 06:00:00";32
"2020-09-22 07:00:00";30
"2020-09-22 07:30:00";31
"2020-09-22 08:00:00";31
"2020-09-22 08:30:00";30
"2020-09-22 09:30:00";29
"2020-09-22 10:30:00";29
"2020-09-22 11:00:00";29
"2020-09-22 11:30:00";30
"2020-09-22 12:00:00";30
"2020-09-22 12:30:00";29
"2020-09-22 13:00:00";29
"2020-09-22 14:00:00";28
"2020-09-22 15:00:00";29
"2020-09-22 16:00:00";30
"2020-09-22 16:30:00";29
"2020-09-22 17:00:00";31
"2020-09-22 17:30:00";32
"2020-09-22 18:00:00";33
"2020-09-22 18:30:00";32
"2020-09-22 19:00:00";33
"2020-09-22 19:30:00";36
"2020-09-22 20:00:00";37
"2020-09-22 20:30:00";38
"2020-09-22 21:30:00";41
"2020-09-22 22:00:00";41
"2020-09-22 22:30:00";40
"2020-09-22 23:00:00";38
"2020-09-22 23:30:00";38
"2020-09-23 00:00:00";36
"2020-09-23 00:30:00";37
"2020-09-23 02:00:00";39
"2020-09-23 02:30:00";38
"2020-09-23 03:00:00";38
"2020-09-23 03:30:00";38
"2020-09-23 04:00:00";38
"2020-09-23 04:30:00";38
"2020-09-23 05:00:00";37
"2020-09-23 05:30:00";38
"2020-09-23 06:00:00";36
"2020-09-23 06:30:00";35
"2020-09-23 07:30:00";34
"2020-09-23 08:00:00";35
"2020-09-23 08:30:00";34
"2020-09-23 09:30:00";34
"2020-09-23 10:30:00";31
"2020-09-23 11:30:00";29
"2020-09-23 12:00:00";29
"2020-09-23 12:30:00";30
"2020-09-23 13:00:00";30
"2020-09-23 13:30:00";28
"2020-09-23 14:30:00";30
"2020-09-23 15:30:00";29
"2020-09-23 16:00:00";31
"2020-09-23 16:30:00";31
"2020-09-23 17:00:00";33
"2020-09-23 17:30:00";32
"2020-09-23 18:00:00";31
"2020-09-23 19:00:00";32
"2020-09-23 19:30:00";32
"2020-09-23 20:00:00";33
"2020-09-23 20:30:00";35
"2020-09-23 21:00:00";35
"2020-09-23 21:30:00";36
"2020-09-23 22:00:00";36
"2020-09-23 23:00:00";45
"2020-09-23 23:30:00";47
"2020-09-24 00:30:00";42
"2020-09-24 01:00:00";41
"2020-09-24 02:00:00";39
"2020-09-24 02:30:00";38
"2020-09-24 03:00:00";36
"2020-09-24 03:30:00";37
"2020-09-24 04:00:00";35
"2020-09-24 04:30:00";34
"2020-09-24 05:00:00";34
"2020-09-24 05:30:00";34
"2020-09-24 06:00:00";33
"2020-09-24 06:30:00";32
"2020-09-24 07:00:00";33
"2020-09-24 08:00:00";32
"2020-09-24 08:30:00";32
"2020-09-24 09:00:00";31
"2020-09-24 10:00:00";32
"2020-09-24 11:00:00";30
"2020-09-24 12:00:00";31
"2020-09-24 13:00:00";30
"2020-09-24 14:00:00";29
"2020-09-24 14:30:00";30
"2020-09-24 15:00:00";29
"2020-09-24 15:30:00";30
"2020-09-24 16:30:00";29
"2020-09-24 17:00:00";30
"2020-09-24 18:00:00";29
"2020-09-24 18:30:00";30
"2020-09-24 19:00:00";30
"2020-09-24 19:30:00";31
"2020-09-24 20:30:00";31
"2020-09-24 21:00:00";33
"2020-09-24 21:30:00";34
"2020-09-24 22:00:00";34
"2020-09-24 22:30:00";36
"2020-09-24 23:00:00";36
"2020-09-24 23:30:00";37
"2020-09-25 00:00:00";39
"2020-09-25 00:30:00";38
"2020-09-25 01:00:00";39
"2020-09-25 02:30:00";38
"2020-09-25 03:30:00";37
"2020-09-25 04:00:00";37
"2020-09-25 04:30:00";36
"2020-09-25 05:00:00";37
"2020-09-25 05:30:00";35
"2020-09-25 06:00:00";35
"2020-09-25 07:00:00";34
"2020-09-25 07:30:00";34
"2020-09-25 08:00:00";33
"2020-09-25 09:00:00";32
"2020-09-25 09:30:00";33
"2020-09-25 10:00:00";31
"2020-09-25 11:00:00";30
"2020-09-25 11:30:00";31
"2020-09-25 12:00:00";32
"2020-09-25 12:30:00";30
"2020-09-25 13:00:00";32
"2020-09-25 14:00:00";28
"2020-09-25 14:30:00";30
"2020-09-25 15:00:00";29
"2020-09-25 15:30:00";30
"2020-09-25 16:00:00";30
"2020-09-25 16:30:00";30
"2020-09-25 17:00:00";30
"2020-09-25 17:30:00";31
"2020-09-25 18:00:00";30
"2020-09-25 19:00:00";29
"2020-09-25 20:00:00";29
"2020-09-25 20:30:00";29
"2020-09-25 21:30:00";28
"2020-09-25 22:00:00";28
"2020-09-25 22:30:00";28
"2020-09-25 23:00:00";27
"2020-09-25 23:30:00";27
"2020-09-26 00:00:00";27
"2020-09-26 02:00:00";26
"2020-09-26 03:00:00";25
"2020-09-26 03:30:00";26
"2020-09-26 04:00:00";26
"2020-09-26 04:30:00";25
"2020-09-26 05:30:00";24
"2020-09-26 06:30:00";25
"2020-09-26 07:00:00";24
"2020-09-26 07:30:00";25
"2020-09-26 08:30:00";24
"2020-09-26 09:00:00";26
"2020-09-26 10:00:00";25
"2020-09-26 11:00:00";23
"2020-09-26 11:30:00";23
"2020-09-26 12:00:00";21
"2020-09-26 12:30:00";22
"2020-09-26 13:00:00";20
"2020-09-26 13:30:00";20
"2020-09-26 14:00:00";21
"2020-09-26 15:00:00";20
"2020-09-26 15:30:00";23
"2020-09-26 16:00:00";26
"2020-09-26 16:30:00";26
"2020-09-26 17:00:00";27
"2020-09-26 17:30:00";26
"2020-09-26 18:00:00";26
"2020-09-26 18:30:00";25
"2020-09-26 19:00:00";25
"2020-09-26 19:30:00";25
"2020-09-26 20:00:00";25
"2020-09-26 20:30:00";25
"2020-09-26 21:30:00";26
"2020-09-26 22:00:00";24
"2020-09-26 22:30:00";25
"2020-09-26 23:00:00";25
"2020-09-26 23:30:00";24
"2020-09-27 00:00:00";24
"2020-09-27 00:30:00";25
"2020-09-27 02:00:00";24
"2020-09-27 03:00:00";23
"2020-09-27 03:30:00";24
"2020-09-27 04:00:00";23
"2020-09-27 04:30:00";22
"2020-09-27 05:00:00";22
"2020-09-27 05:30:00";22
"2020-09-27 06:30:00";21
"2020-09-27 07:00:00";23
"2020-09-27 08:00:00";22
"2020-09-27 08:30:00";24
"2020-09-27 09:30:00";24
"2020-09-27 10:00:00";23
"2020-09-27 10:30:00";23
"2020-09-27 11:00:00";22
"2020-09-27 11:30:00";21
"2020-09-27 12:30:00";23
"2020-09-27 13:00:00";23
"2020-09-27 13:30:00";23
"2020-09-27 14:00:00";23
"2020-09-27 15:00:00";22
"2020-09-27 15:30:00";24
"2020-09-27 16:00:00";25
"2020-09-27 16:30:00";25
"2020-09-27 17:00:00";25
"2020-09-27 17:30:00";23
"2020-09-27 18:00:00";23
"2020-09-27 18:30:00";23
"2020-09-27 19:00:00";24
"2020-09-27 19:30:00";24
"2020-09-27 20:00:00";23
"2020-09-27 21:00:00";23
"2020-09-27 21:30:00";24
"2020-09-27 22:00:00";23
"2020-09-27 22:30:00";23
"2020-09-27 23:00:00";23
"2020-09-27 23:30:00";23
"2020-09-28 00:00:00";22
"2020-09-28 01:00:00";22
"2020-09-28 02:00:00";22
"2020-09-28 02:30:00";22
"2020-09-28 03:00:00";22
"2020-09-28 03:30:00";21
"2020-09-28 04:00:00";22
"2020-09-28 05:00:00";22
"2020-09-28 05:30:00";23
"2020-09-28 06:00:00";23
"2020-09-28 06:30:00";21
"2020-09-28 07:00:00";22
"2020-09-28 07:30:00";21
"2020-09-28 08:00:00";21
"2020-09-28 08:30:00";22
"2020-09-28 09:00:00";22
"2020-09-28 09:30:00";20
"2020-09-28 10:00:00";22
"2020-09-28 11:00:00";20
"2020-09-28 11:30:00";20
"2020-09-28 12:00:00";20
"2020-09-28 13:00:00";21
"2020-09-28 13:30:00";20
"2020-09-28 14:00:00";20
"2020-09-28 14:30:00";21
"2020-09-28 15:00:00";21
"2020-09-28 15:30:00";21
"2020-09-28 16:00:00";22
"2020-09-28 16:30:00";23
"2020-09-28 17:00:00";23
"2020-09-28 17:30:00";20
"2020-09-28 18:00:00";23
"2020-09-28 18:30:00";22
"2020-09-28 19:00:00";22
"2020-09-28 19:30:00";23
"2020-09-28 20:00:00";25
"2020-09-28 20:30:00";24
"2020-09-28 21:00:00";24
"2020-09-28 22:00:00";24
"2020-09-28 22:30:00";26
"2020-09-28 23:00:00";23
"2020-09-28 23:30:00";22
"2020-09-29 00:30:00";23
"2020-09-29 01:00:00";22
"2020-09-29 02:00:00";22
"2020-09-29 02:30:00";23
"2020-09-29 03:30:00";23
"2020-09-29 04:00:00";23
"2020-09-29 04:30:00";23
"2020-09-29 05:00:00";23
"2020-09-29 05:30:00";22
"2020-09-29 06:00:00";22
"2020-09-29 07:00:00";23
"2020-09-29 07:30:00";24
"2020-09-29 08:00:00";23
"2020-09-29 08:30:00";23
"2020-09-29 09:00:00";23
"2020-09-29 09:30:00";23
"2020-09-29 10:00:00";23
"2020-09-29 10:30:00";24
"2020-09-29 11:00:00";21
"2020-09-29 11:30:00";20
"2020-09-29 12:30:00";21
"2020-09-29 13:00:00";20
"2020-09-29 13:30:00";21
"2020-09-29 14:00:00";20
"2020-09-29 14:30:00";21
"2020-09-29 15:00:00";22
"2020-09-29 16:00:00";22
"2020-09-29 16:30:00";22
"2020-09-29 17:00:00";21
"2020-09-29 17:30:00";22
"2020-09-29 18:00:00";21
"2020-09-29 18:30:00";20
"2020-09-29 19:00:00";20
"2020-09-29 20:00:00";22
"2020-09-29 20:30:00";22
"2020-09-29 21:00:00";23
"2020-09-29 21:30:00";24
"2020-09-29 22:00:00";23
"2020-09-29 22:30:00";24
"2020-09-29 23:00:00";23
"2020-09-29 23:30:00";23
"2020-09-30 00:00:00";23
"2020-09-30 01:00:00";23
"2020-09-30 02:00:00";23
"2020-09-30 02:30:00";21
"2020-09-30 03:00:00";22
"2020-09-30 03:30:00";23
"2020-09-30 04:30:00";22
"2020-09-30 05:00:00";22
"2020-09-30 05:30:00";21
"2020-09-30 06:00:00";22
"2020-09-30 06:30:00";22
"2020-09-30 07:00:00";21
"2020-09-30 08:00:00";22
"2020-09-30 08:30:00";22
"2020-09-30 09:00:00";23
"2020-09-30 09:30:00";21
"2020-09-30 10:00:00";23
"2020-09-30 11:00:00";19
"2020-09-30 12:00:00";19
"2020-09-30 12:30:00";19
"2020-09-30 13:00:00";20
"2020-09-30 14:00:00";20
"2020-09-30 14:30:00";20
"2020-09-30 15:00:00";21
"2020-09-30 16:00:00";22
"2020-09-30 17:00:00";23
"2020-09-30 18:00:00";20
"2020-09-30 19:00:00";22
"2020-09-30 20:00:00";24
"2020-09-30 20:30:00";24
"2020-09-30 21:00:00";24
"2020-09-30 21:30:00";24
"2020-09-30 22:30:00";25
"2020-09-30 23:00:00";25
"2020-09-30 23:30:00";25
"2020-10-01 00:00:00";24
"2020-10-01 00:30:00";24
"2020-10-01 01:00:00";24
"2020-10-01 02:00:00";24
"2020-10-01 02:30:00";24
"2020-10-01 03:00:00";24
"2020-10-01 04:00:00";23
"2020-10-01 04:30:00";24
"2020-10-01 05:00:00";22
"2020-10-01 05:30:00";23
"2020-10-01 06:30:00";22
"2020-10-01 07:00:00";22
"2020-10-01 07:30:00";23
"2020-10-01 08:00:00";22
"2020-10-01 08:30:00";22
"2020-10-01 09:00:00";22
"2020-10-01 10:00:00";23
"2020-10-01 11:00:00";21
"2020-10-01 12:00:00";21
"2020-10-01 12:30:00";20
"2020-10-01 13:00:00";20
"2020-10-01 13:30:00";22
"2020-10-01 14:00:00";22
"2020-10-01 15:00:00";22
"2020-10-01 15:30:00";22
"2020-10-01 16:00:00";22
"2020-10-01 16:30:00";22
"2020-10-01 17:00:00";22
"2020-10-01 17:30:00";22
"2020-10-01 18:00:00";23
"2020-10-01 19:00:00";25
"2020-10-01 19:30:00";25
"2020-10-01 20:00:00";24
"2020-10-01 20:30:00";24
"2020-10-01 21:00:00";23
"2020-10-01 21:30:00";23
"2020-10-01 22:00:00";23
"2020-10-01 22:30:00";24
"2020-10-01 23:00:00";24
"2020-10-01 23:30:00";24
"2020-10-02 00:00:00";24
"2020-10-02 01:00:00";25
"2020-10-02 02:00:00";25
"2020-10-02 02:30:00";24
"2020-10-02 03:00:00";24
"2020-10-02 03:30:00";25
"2020-10-02 04:00:00";25
"2020-10-02 04:30:00";26
"2020-10-02 05:00:00";27
"2020-10-02 05:30:00";29
"2020-10-02 06:00:00";30
"2020-10-02 06:30:00";31
"2020-10-02 07:00:00";34
"2020-10-02 07:30:00";35
"2020-10-02 08:00:00";38
"2020-10-02 08:30:00";41
"2020-10-02 09:00:00";44
"2020-10-02 09:30:00";45
"2020-10-02 10:00:00";49
"2020-10-02 10:30:00";49
"2020-10-02 11:00:00";50
"2020-10-02 11:30:00";49
"2020-10-02 12:00:00";51
"2020-10-02 13:00:00";60
"2020-10-02 14:00:00";72
"2020-10-02 14:30:00";82
"2020-10-02 15:00:00";91
"2020-10-02 16:00:00";116
"2020-10-02 17:00:00";127
"2020-10-02 17:30:00";127
"2020-10-02 18:00:00";133
"2020-10-02 19:00:00";149
"2020-10-02 19:30:00";152
"2020-10-02 20:00:00";167
"2020-10-02 20:30:00";183
"2020-10-02 21:30:00";217
"2020-10-02 22:00:00";252
"2020-10-02 23:00:00";276
"2020-10-03 00:00:00";296
"2020-10-03 00:30:00";298
"2020-10-03 01:00:00";324
"2020-10-03 02:00:00";347
"2020-10-03 03:00:00";362
"2020-10-03 04:00:00";417
"2020-10-03 04:30:00";429
"2020-10-03 05:00:00";484
"2020-10-03 05:30:00";520
"2020-10-03 06:00:00";516
"2020-10-03 07:00:00";399
"2020-10-03 08:30:00";372
"2020-10-03 09:30:00";318
"2020-10-03 10:00:00";291
"2020-10-03 11:00:00";223
"2020-10-03 11:30:00";240
"2020-10-03 12:00:00";234
"2020-10-03 13:00:00";217
"2020-10-03 14:00:00";190
"2020-10-03 14:30:00";189
"2020-10-03 15:00:00";208
"2020-10-03 16:00:00";202
"2020-10-03 17:00:00";199
"2020-10-03 17:30:00";199
"2020-10-03 18:00:00";166
"2020-10-03 19:00:00";168
"2020-10-03 19:30:00";170
"2020-10-03 20:00:00";187
"2020-10-03 20:30:00";170
"2020-10-03 21:00:00";184
"2020-10-03 22:00:00";175
"2020-10-03 23:00:00";182
"2020-10-04 00:00:00";178
"2020-10-04 01:00:00";166
"2020-10-04 02:00:00";162
"2020-10-04 02:30:00";156
"2020-10-04 03:00:00";143
"2020-10-04 03:30:00";141
"2020-10-04 04:30:00";152
"2020-10-04 05:00:00";150
"2020-10-04 05:30:00";150
"2020-10-04 06:00:00";147
"2020-10-04 07:00:00";145
"2020-10-04 07:30:00";142
"2020-10-04 08:30:00";143
"2020-10-04 09:00:00";142
"2020-10-04 09:30:00";141
"2020-10-04 10:00:00";140
"2020-10-04 11:00:00";136
"2020-10-04 12:00:00";134
"2020-10-04 13:00:00";129
"2020-10-04 14:00:00";128
"2020-10-04 14:30:00";130
"2020-10-04 15:00:00";125
"2020-10-04 16:00:00";130
"2020-10-04 17:00:00";126
"2020-10-04 17:30:00";126
"2020-10-04 18:00:00";127
"2020-10-04 18:30:00";123
"2020-10-04 19:00:00";123
"2020-10-04 20:00:00";127
"2020-10-04 20:30:00";127
"2020-10-04 21:00:00";127
"2020-10-04 22:00:00";123
"2020-10-04 22:30:00";125
"2020-10-04 23:00:00";126
"2020-10-04 23:30:00";123
"2020-10-05 00:00:00";121
"2020-10-05 00:30:00";124
"2020-10-05 02:00:00";121
"2020-10-05 02:30:00";117
"2020-10-05 03:00:00";122
"2020-10-05 03:30:00";119
"2020-10-05 04:00:00";117
"2020-10-05 04:30:00";117
"2020-10-05 05:00:00";116
"2020-10-05 05:30:00";115
"2020-10-05 06:00:00";115
"2020-10-05 07:00:00";113
"2020-10-05 08:00:00";111
"2020-10-05 08:30:00";113
"2020-10-05 09:00:00";110
"2020-10-05 09:30:00";111
"2020-10-05 10:00:00";110
"2020-10-05 11:00:00";109
"2020-10-05 11:30:00";109
"2020-10-05 12:00:00";107
"2020-10-05 13:00:00";111
"2020-10-05 14:00:00";106
"2020-10-05 15:00:00";103
"2020-10-05 15:30:00";103
"2020-10-05 16:00:00";106
"2020-10-05 17:00:00";105
"2020-10-05 17:30:00";105
"2020-10-05 18:30:00";104
"2020-10-05 19:00:00";104
"2020-10-05 19:30:00";103
"2020-10-05 20:30:00";104
"2020-10-05 21:00:00";102
"2020-10-05 21:30:00";101
"2020-10-05 22:00:00";101
"2020-10-05 22:30:00";100
"2020-10-05 23:00:00";101
"2020-10-05 23:30:00";100
"2020-10-06 00:00:00";101
"2020-10-06 01:00:00";97
"2020-10-06 02:00:00";97
"2020-10-06 02:30:00";98
"2020-10-06 03:00:00";95
"2020-10-06 04:00:00";96
"2020-10-06 04:30:00";95
"2020-10-06 05:00:00";95
"2020-10-06 05:30:00";94
"2020-10-06 06:00:00";94
"2020-10-06 06:30:00";95
"2020-10-06 07:00:00";94
"2020-10-06 07:30:00";94
"2020-10-06 08:00:00";91
"2020-10-06 09:00:00";93
"2020-10-06 10:00:00";92
"2020-10-06 10:30:00";92
"2020-10-06 11:00:00";92
"2020-10-06 11:30:00";91
"2020-10-06 12:30:00";90
"2020-10-06 13:00:00";91
"2020-10-06 14:00:00";90
"2020-10-06 14:30:00";90
"2020-10-06 15:00:00";91
"2020-10-06 16:00:00";89
"2020-10-06 16:30:00";86
"2020-10-06 17:00:00";89
"2020-10-06 17:30:00";89
"2020-10-06 18:00:00";89
"2020-10-06 19:00:00";89
"2020-10-06 20:00:00";91
"2020-10-06 20:30:00";90
"2020-10-06 21:00:00";90
"2020-10-06 22:00:00";91
"2020-10-06 22:30:00";93
"2020-10-06 23:00:00";92
"2020-10-07 00:00:00";91
"2020-10-07 00:30:00";93
"2020-10-07 02:00:00";93
"2020-10-07 03:00:00";92
"2020-10-07 04:00:00";89
"2020-10-07 04:30:00";91
"2020-10-07 05:30:00";90
"2020-10-07 06:00:00";89
"2020-10-07 07:00:00";91
"2020-10-07 08:00:00";88
"2020-10-07 08:30:00";88
"2020-10-07 09:00:00";88
"2020-10-07 09:30:00";88
"2020-10-07 10:00:00";87
"2020-10-07 11:00:00";86
"2020-10-07 11:30:00";83
"2020-10-07 12:00:00";83
"2020-10-07 12:30:00";83
"2020-10-07 13:00:00";82
"2020-10-07 13:30:00";84
"2020-10-07 14:00:00";84
"2020-10-07 14:30:00";82
"2020-10-07 15:00:00";82
"2020-10-07 15:30:00";82
"2020-10-07 16:00:00";84
"2020-10-07 16:30:00";82
"2020-10-07 17:00:00";81
"2020-10-07 18:00:00";84
"2020-10-07 18:30:00";80
"2020-10-07 19:00:00";83
"2020-10-07 19:30:00";83
"2020-10-07 20:00:00";83
"2020-10-07 20:30:00";83
"2020-10-07 21:00:00";83
"2020-10-07 22:00:00";82
"2020-10-07 22:30:00";82
"2020-10-07 23:00:00";81
"2020-10-07 23:30:00";81
"2020-10-08 00:30:00";81
"2020-10-08 02:00:00";79
"2020-10-08 03:00:00";80
"2020-10-08 03:30:00";79
"2020-10-08 04:00:00";80
"2020-10-08 05:00:00";80
"2020-10-08 06:00:00";79
"2020-10-08 06:30:00";79
"2020-10-08 07:00:00";79
"2020-10-08 07:30:00";78
"2020-10-08 08:00:00";79
"2020-10-08 08:30:00";79
"2020-10-08 09:00:00";78
"2020-10-08 09:30:00";79
"2020-10-08 10:00:00";78
"2020-10-08 10:30:00";77
"2020-10-08 11:00:00";74
"2020-10-08 12:00:00";73
"2020-10-08 12:30:00";72
"2020-10-08 13:00:00";75
"2020-10-08 13:30:00";74
"2020-10-08 14:00:00";74
"2020-10-08 14:30:00";73
"2020-10-08 15:00:00";72
"2020-10-08 15:30:00";71
"2020-10-08 16:00:00";73
"2020-10-08 16:30:00";73
"2020-10-08 17:00:00";76
"2020-10-08 18:00:00";75
"2020-10-08 18:30:00";76
"2020-10-08 19:00:00";77
"2020-10-08 19:30:00";76
"2020-10-08 20:00:00";75
"2020-10-08 20:30:00";78
"2020-10-08 21:30:00";77
"2020-10-08 22:00:00";78
"2020-10-08 22:30:00";78
"2020-10-08 23:00:00";75
"2020-10-09 00:00:00";78
"2020-10-09 00:30:00";76
"2020-10-09 01:00:00";75
"2020-10-09 02:00:00";76
"2020-10-09 02:30:00";77
"2020-10-09 03:00:00";76
"2020-10-09 03:30:00";75
"2020-10-09 04:00:00";75
"2020-10-09 05:00:00";77
"2020-10-09 05:30:00";74
"2020-10-09 06:00:00";74
"2020-10-09 06:30:00";74
"2020-10-09 07:00:00";74
"2020-10-09 08:00:00";72
"2020-10-09 09:00:00";75
"2020-10-09 10:00:00";75
"2020-10-09 10:30:00";74
"2020-10-09 11:00:00";72
"2020-10-09 12:00:00";72
"2020-10-09 12:30:00";72
"2020-10-09 13:30:00";72
"2020-10-09 14:00:00";73
"2020-10-09 14:30:00";71
"2020-10-09 15:00:00";71
"2020-10-09 16:00:00";71
"2020-10-09 16:30:00";70
"2020-10-09 17:00:00";70
"2020-10-09 17:30:00";70
"2020-10-09 18:00:00";71
"2020-10-09 19:00:00";71
"2020-10-09 19:30:00";70
"2020-10-09 20:00:00";71
"2020-10-09 20:30:00";71
"2020-10-09 21:00:00";70
"2020-10-09 21:30:00";71
"2020-10-09 22:00:00";69
"2020-10-09 22:30:00";69
"2020-10-09 23:00:00";69
"2020-10-09 23:30:00";69
"2020-10-10 02:00:00";70
"2020-10-10 02:30:00";72
"2020-10-10 03:00:00";69
"2020-10-10 03:30:00";70
"2020-10-10 04:00:00";69
"2020-10-10 04:30:00";67
"2020-10-10 05:00:00";70
"2020-10-10 06:00:00";67
"2020-10-10 06:30:00";68
"2020-10-10 07:00:00";68
"2020-10-10 08:00:00";69
"2020-10-10 08:30:00";68
"2020-10-10 09:00:00";68
"2020-10-10 09:30:00";68
"2020-10-10 10:00:00";69
"2020-10-10 11:00:00";67
"2020-10-10 11:30:00";64
"2020-10-10 12:00:00";66
"2020-10-10 13:00:00";66
"2020-10-10 14:00:00";67
"2020-10-10 15:00:00";66
"2020-10-10 15:30:00";66
"2020-10-10 16:30:00";67
"2020-10-10 17:00:00";67
"2020-10-10 18:00:00";68
"2020-10-10 18:30:00";65
"2020-10-10 19:30:00";66
"2020-10-10 20:30:00";66
"2020-10-10 21:00:00";68
"2020-10-10 21:30:00";67
"2020-10-10 22:00:00";68
"2020-10-10 22:30:00";67
"2020-10-10 23:00:00";68
"2020-10-11 00:00:00";67
"2020-10-11 00:30:00";67
"2020-10-11 02:00:00";66
"2020-10-11 02:30:00";65
"2020-10-11 03:00:00";67
"2020-10-11 04:00:00";66
"2020-10-11 04:30:00";64
"2020-10-11 05:00:00";64
"2020-10-11 06:00:00";63
"2020-10-11 07:00:00";66
"2020-10-11 08:00:00";65
"2020-10-11 09:00:00";64
"2020-10-11 09:30:00";65
"2020-10-11 10:00:00";64
"2020-10-11 11:00:00";63
"2020-10-11 12:00:00";60
"2020-10-11 12:30:00";63
"2020-10-11 13:00:00";60
"2020-10-11 13:30:00";60
"2020-10-11 14:00:00";61
"2020-10-11 15:00:00";61
"2020-10-11 15:30:00";62
"2020-10-11 16:00:00";65
"2020-10-11 17:00:00";62
"2020-10-11 18:00:00";62
"2020-10-11 19:00:00";63
"2020-10-11 19:30:00";62
"2020-10-11 20:30:00";63
"2020-10-11 21:00:00";62
"2020-10-11 21:30:00";61
"2020-10-11 22:00:00";62
"2020-10-11 22:30:00";61
"2020-10-11 23:00:00";62
"2020-10-11 23:30:00";61
"2020-10-12 00:30:00";62
"2020-10-12 01:00:00";63
"2020-10-12 02:00:00";61
"2020-10-12 02:30:00";62
"2020-10-12 03:00:00";61
"2020-10-12 04:00:00";59
"2020-10-12 04:30:00";58
"2020-10-12 05:00:00";60
"2020-10-12 05:30:00";60
"2020-10-12 06:00:00";59
"2020-10-12 07:00:00";59
"2020-10-12 08:00:00";60
"2020-10-12 08:30:00";59
"2020-10-12 09:00:00";59
"2020-10-12 10:00:00";60
"2020-10-12 10:30:00";59
"2020-10-12 11:00:00";57
"2020-10-12 11:30:00";55
"2020-10-12 12:00:00";53
"2020-10-12 12:30:00";49
"2020-10-12 13:30:00";57
"2020-10-12 14:00:00";55
"2020-10-12 14:30:00";56
"2020-10-12 15:00:00";56
"2020-10-12 15:30:00";60
"2020-10-12 16:00:00";59
"2020-10-12 16:30:00";60
"2020-10-12 17:00:00";57
"2020-10-12 17:30:00";58
"2020-10-12 18:00:00";58
"2020-10-12 18:30:00";56
"2020-10-12 19:00:00";59
"2020-10-12 19:30:00";57
"2020-10-12 20:00:00";58
"2020-10-12 20:30:00";57
"2020-10-12 21:00:00";59
"2020-10-12 21:30:00";56
"2020-10-12 22:00:00";58
"2020-10-12 22:30:00";58
"2020-10-12 23:30:00";57
"2020-10-13 00:00:00";57
"2020-10-13 00:30:00";56
"2020-10-13 01:00:00";57
"2020-10-13 02:00:00";57
"2020-10-13 02:30:00";57
"2020-10-13 03:00:00";56
"2020-10-13 03:30:00";57
"2020-10-13 04:00:00";57
"2020-10-13 04:30:00";56
"2020-10-13 05:00:00";57
"2020-10-13 06:00:00";55
"2020-10-13 06:30:00";55
"2020-10-13 07:00:00";57
"2020-10-13 07:30:00";57
"2020-10-13 08:00:00";56
"2020-10-13 09:00:00";55
"2020-10-13 10:00:00";55
"2020-10-13 10:30:00";57
"2020-10-13 11:30:00";53
"2020-10-13 12:00:00";51
"2020-10-13 12:30:00";52
"2020-10-13 13:00:00";54
"2020-10-13 13:30:00";53
"2020-10-13 14:00:00";53
"2020-10-13 14:30:00";52
"2020-10-13 15:00:00";54
"2020-10-13 15:30:00";55
"2020-10-13 16:00:00";56
"2020-10-13 17:00:00";56
"2020-10-13 17:30:00";55
"2020-10-13 18:00:00";57
"2020-10-13 18:30:00";54
"2020-10-13 19:00:00";55
"2020-10-13 19:30:00";55
"2020-10-13 20:00:00";55
"2020-10-13 20:30:00";54
"2020-10-13 21:00:00";55
"2020-10-13 21:30:00";56
"2020-10-13 22:00:00";54
"2020-10-13 22:30:00";55
"2020-10-13 23:00:00";57
"2020-10-13 23:30:00";55
"2020-10-14 00:30:00";56
"2020-10-14 01:00:00";54
"2020-10-14 02:00:00";55
"2020-10-14 03:00:00";54
"2020-10-14 03:30:00";53
"2020-10-14 04:00:00";55
"2020-10-14 04:30:00";54
"2020-10-14 05:00:00";54
"2020-10-14 06:00:00";53
"2020-10-14 06:30:00";53
"2020-10-14 07:00:00";53
"2020-10-14 07:30:00";54
"2020-10-14 08:00:00";53
"2020-10-14 09:00:00";53
"2020-10-14 10:00:00";54
"2020-10-14 10:30:00";54
"2020-10-14 11:00:00";53
"2020-10-14 11:30:00";53
"2020-10-14 12:30:00";53
"2020-10-14 13:00:00";54
"2020-10-14 13:30:00";52
"2020-10-14 14:00:00";53
"2020-10-14 14:30:00";53
"2020-10-14 15:30:00";54
"2020-10-14 16:00:00";53
"2020-10-14 16:30:00";53
"2020-10-14 17:00:00";54
"2020-10-14 18:00:00";54
"2020-10-14 19:00:00";52
"2020-10-14 19:30:00";54
"2020-10-14 20:00:00";54
"2020-10-14 20:30:00";51
"2020-10-14 21:00:00";52
"2020-10-14 21:30:00";52
"2020-10-14 22:00:00";53
"2020-10-14 22:30:00";52
"2020-10-14 23:00:00";53
"2020-10-15 00:00:00";53
"2020-10-15 00:30:00";54
"2020-10-15 01:00:00";53
"2020-10-15 03:30:00";52
"2020-10-15 04:30:00";52
"2020-10-15 05:00:00";52
"2020-10-15 05:30:00";51
"2020-10-15 06:30:00";51
"2020-10-15 07:00:00";50
"2020-10-15 07:30:00";52
"2020-10-15 08:30:00";50
"2020-10-15 09:00:00";53
"2020-10-15 09:30:00";51
"2020-10-15 10:30:00";52
"2020-10-15 11:00:00";52
"2020-10-15 11:30:00";51
"2020-10-15 12:00:00";51
"2020-10-15 13:00:00";52
"2020-10-15 14:00:00";53
"2020-10-15 15:00:00";52
"2020-10-15 16:00:00";52
"2020-10-15 17:00:00";55
"2020-10-15 17:30:00";53
"2020-10-15 18:00:00";53
"2020-10-15 18:30:00";54
"2020-10-15 19:00:00";54
"2020-10-15 19:30:00";53
"2020-10-15 20:00:00";52
"2020-10-15 20:30:00";53
"2020-10-15 21:00:00";54
"2020-10-15 21:30:00";53
"2020-10-15 22:00:00";53
"2020-10-15 23:00:00";54
"2020-10-15 23:30:00";53
"2020-10-16 00:00:00";53
"2020-10-16 01:00:00";52
"2020-10-16 02:00:00";52
"2020-10-16 02:30:00";53
"2020-10-16 03:30:00";52
"2020-10-16 04:00:00";52
"2020-10-16 04:30:00";52
"2020-10-16 05:00:00";51
"2020-10-16 05:30:00";52
"2020-10-16 06:00:00";52
"2020-10-16 06:30:00";51
"2020-10-16 07:30:00";52
"2020-10-16 08:00:00";51
"2020-10-16 09:00:00";51
"2020-10-16 10:00:00";51
"2020-10-16 11:00:00";51
"2020-10-16 12:00:00";47
"2020-10-16 12:30:00";47
"2020-10-16 13:00:00";47
"2020-10-16 14:00:00";49
"2020-10-16 15:00:00";51
"2020-10-16 16:00:00";51
"2020-10-16 17:00:00";50
"2020-10-16 18:00:00";52
"2020-10-16 19:00:00";49
"2020-10-16 20:00:00";50
"2020-10-16 20:30:00";50
"2020-10-16 21:00:00";49
"2020-10-16 21:30:00";50
"2020-10-16 22:00:00";52
"2020-10-16 22:30:00";50
"2020-10-16 23:00:00";50
"2020-10-16 23:30:00";51
"2020-10-17 00:00:00";49
"2020-10-17 00:30:00";49
"2020-10-17 02:00:00";49
"2020-10-17 02:30:00";48
"2020-10-17 03:00:00";47
"2020-10-17 03:30:00";48
"2020-10-17 04:00:00";50
"2020-10-17 04:30:00";50
"2020-10-17 05:00:00";47
"2020-10-17 05:30:00";49
"2020-10-17 06:00:00";49
"2020-10-17 07:00:00";49
"2020-10-17 07:30:00";48
"2020-10-17 08:00:00";48
"2020-10-17 09:00:00";49
"2020-10-17 09:30:00";48
"2020-10-17 10:00:00";49
"2020-10-17 10:30:00";47
"2020-10-17 11:00:00";46
"2020-10-17 12:00:00";43
"2020-10-17 13:00:00";47
"2020-10-17 13:30:00";46
"2020-10-17 14:00:00";46
"2020-10-17 15:00:00";47
"2020-10-17 16:00:00";48
"2020-10-17 17:00:00";48
"2020-10-17 17:30:00";47
"2020-10-17 18:00:00";47
"2020-10-17 18:30:00";47
"2020-10-17 19:00:00";48
"2020-10-17 19:30:00";48
"2020-10-17 20:30:00";47
"2020-10-17 21:00:00";48
"2020-10-17 21:30:00";48
"2020-10-17 22:00:00";48
"2020-10-17 23:00:00";48
"2020-10-17 23:30:00";48
"2020-10-18 00:00:00";48
"2020-10-18 00:30:00";47
"2020-10-18 01:00:00";49
"2020-10-18 02:00:00";48
"2020-10-18 02:30:00";48
"2020-10-18 03:00:00";47
"2020-10-18 04:00:00";46
"2020-10-18 04:30:00";48
"2020-10-18 05:00:00";47
"2020-10-18 05:30:00";48
"2020-10-18 06:00:00";48
"2020-10-18 07:00:00";46
"2020-10-18 07:30:00";48
"2020-10-18 08:00:00";48
"2020-10-18 09:00:00";48
"2020-10-18 10:00:00";48
"2020-10-18 10:30:00";46
"2020-10-18 11:00:00";47
"2020-10-18 12:00:00";45
"2020-10-18 12:30:00";46
"2020-10-18 13:00:00";45
"2020-10-18 13:30:00";45
"2020-10-18 14:00:00";45
"2020-10-18 15:00:00";46
"2020-10-18 16:00:00";47
"2020-10-18 16:30:00";48
"2020-10-18 17:00:00";47
"2020-10-18 18:00:00";46
"2020-10-18 18:30:00";47
"2020-10-18 19:00:00";48
"2020-10-18 19:30:00";47
"2020-10-18 20:00:00";47
"2020-10-18 20:30:00";45
"2020-10-18 21:00:00";46
"2020-10-18 21:30:00";46
"2020-10-18 22:00:00";45
"2020-10-18 22:30:00";46
"2020-10-18 23:00:00";45
"2020-10-18 23:30:00";45
"2020-10-19 00:00:00";44
"2020-10-19 00:30:00";46
"2020-10-19 01:00:00";47
"2020-10-19 02:00:00";45
"2020-10-19 03:00:00";47
"2020-10-19 03:30:00";45
"2020-10-19 04:00:00";46
"2020-10-19 04:30:00";46
"2020-10-19 05:00:00";45
"2020-10-19 05:30:00";46
"2020-10-19 06:00:00";46
"2020-10-19 07:00:00";45
"2020-10-19 08:00:00";45
"2020-10-19 09:00:00";46
"2020-10-19 10:00:00";47
"2020-10-19 10:30:00";45
"2020-10-19 11:00:00";45
"2020-10-19 12:00:00";45
"2020-10-19 12:30:00";44
"2020-10-19 13:00:00";45
"2020-10-19 14:00:00";45
"2020-10-19 15:00:00";45
"2020-10-19 15:30:00";44
"2020-10-19 16:30:00";45
"2020-10-19 17:00:00";45
"2020-10-19 18:00:00";44
"2020-10-19 18:30:00";45
"2020-10-19 19:00:00";44
"2020-10-19 20:00:00";45
"2020-10-19 20:30:00";44
"2020-10-19 21:00:00";44
"2020-10-19 21:30:00";44
"2020-10-19 22:00:00";45
"2020-10-19 22:30:00";44
"2020-10-19 23:00:00";45
"2020-10-19 23:30:00";45
"2020-10-20 00:00:00";45
"2020-10-20 00:30:00";45
"2020-10-20 01:00:00";43
"2020-10-20 02:00:00";45
"2020-10-20 02:30:00";43
"2020-10-20 03:30:00";44
"2020-10-20 04:00:00";45
"2020-10-20 04:30:00";44
"2020-10-20 05:00:00";45
"2020-10-20 06:00:00";43
"2020-10-20 06:30:00";45
"2020-10-20 07:00:00";42
"2020-10-20 07:30:00";45
"2020-10-20 08:00:00";44
"2020-10-20 08:30:00";43
"2020-10-20 09:00:00";45
"2020-10-20 10:00:00";43
"2020-10-20 10:30:00";45
"2020-10-20 11:00:00";43
"2020-10-20 12:00:00";44
"2020-10-20 12:30:00";45
"2020-10-20 13:00:00";43
"2020-10-20 14:00:00";44
"2020-10-20 15:00:00";44
"2020-10-20 15:30:00";44
"2020-10-20 16:00:00";45
"2020-10-20 16:30:00";45
"2020-10-20 17:00:00";44
"2020-10-20 18:00:00";44
"2020-10-20 18:30:00";44
"2020-10-20 19:00:00";42
"2020-10-20 19:30:00";43
"2020-10-20 20:00:00";44
"2020-10-20 20:30:00";43
"2020-10-20 21:00:00";44
"2020-10-20 21:30:00";43
"2020-10-20 22:00:00";44
"2020-10-20 22:30:00";44
"2020-10-20 23:00:00";43
"2020-10-20 23:30:00";43
"2020-10-21 00:00:00";43
"2020-10-21 00:30:00";43
"2020-10-21 01:00:00";44
"2020-10-21 02:00:00";44
"2020-10-21 03:00:00";44
"2020-10-21 03:30:00";42
"2020-10-21 04:00:00";43
"2020-10-21 04:30:00";43
"2020-10-21 05:00:00";44
"2020-10-21 05:30:00";44
"2020-10-21 06:00:00";44
"2020-10-21 07:00:00";43
"2020-10-21 07:30:00";44
"2020-10-21 08:00:00";43
"2020-10-21 09:00:00";43
"2020-10-21 09:30:00";43
"2020-10-21 10:00:00";43
"2020-10-21 11:00:00";40
"2020-10-21 11:30:00";41
"2020-10-21 12:00:00";42
"2020-10-21 12:30:00";42
"2020-10-21 13:00:00";43
"2020-10-21 14:00:00";43
"2020-10-21 14:30:00";42
"2020-10-21 15:00:00";43
"2020-10-21 15:30:00";43
"2020-10-21 16:00:00";43
"2020-10-21 16:30:00";43
"2020-10-21 17:00:00";43
"2020-10-21 17:30:00";41
"2020-10-21 18:00:00";41
"2020-10-21 18:30:00";42
"2020-10-21 19:00:00";40
"2020-10-21 20:00:00";44
"2020-10-21 21:00:00";43
"2020-10-21 21:30:00";42
"2020-10-21 22:00:00";41
"2020-10-21 22:30:00";42
"2020-10-21 23:00:00";43
"2020-10-21 23:30:00";42
"2020-10-22 00:00:00";42
"2020-10-22 00:30:00";41
"2020-10-22 01:00:00";42
"2020-10-22 02:00:00";42
"2020-10-22 03:00:00";43
"2020-10-22 03:30:00";42
"2020-10-22 04:00:00";43
"2020-10-22 04:30:00";43
"2020-10-22 05:00:00";43
"2020-10-22 05:30:00";43
"2020-10-22 06:00:00";44
"2020-10-22 06:30:00";43
"2020-10-22 07:00:00";43
"2020-10-22 08:00:00";42
"2020-10-22 09:00:00";43
"2020-10-22 09:30:00";43
"2020-10-22 10:00:00";43
"2020-10-22 10:30:00";41
"2020-10-22 11:00:00";42
"2020-10-22 11:30:00";42
"2020-10-22 12:00:00";42
"2020-10-22 13:00:00";40
"2020-10-22 13:30:00";42
"2020-10-22 14:00:00";43
"2020-10-22 14:30:00";43
"2020-10-22 15:00:00";42
"2020-10-22 15:30:00";41
"2020-10-22 16:00:00";43
"2020-10-22 16:30:00";42
"2020-10-22 17:00:00";42
"2020-10-22 18:00:00";41
"2020-10-22 18:30:00";42
"2020-10-22 19:00:00";42
"2020-10-22 19:30:00";41
"2020-10-22 20:00:00";41
"2020-10-22 20:30:00";42
"2020-10-22 21:00:00";41
"2020-10-22 22:00:00";42
"2020-10-22 22:30:00";42
"2020-10-22 23:00:00";42
"2020-10-22 23:30:00";41
"2020-10-23 00:00:00";43
"2020-10-23 00:30:00";42
"2020-10-23 01:00:00";42
"2020-10-23 02:00:00";42
"2020-10-23 02:30:00";43
"2020-10-23 03:00:00";43
"2020-10-23 03:30:00";44
"2020-10-23 04:00:00";43
"2020-10-23 05:00:00";44
"2020-10-23 05:30:00";44
"2020-10-23 06:00:00";43
"2020-10-23 06:30:00";43
"2020-10-23 07:00:00";43
"2020-10-23 07:30:00";46
"2020-10-23 08:00:00";44
"2020-10-23 08:30:00";44
"2020-10-23 09:30:00";46
"2020-10-23 10:00:00";46
"2020-10-23 11:00:00";48
"2020-10-23 11:30:00";48
"2020-10-23 12:00:00";47
"2020-10-23 12:30:00";48
"2020-10-23 13:00:00";47
"2020-10-23 14:00:00";49
"2020-10-23 14:30:00";49
"2020-10-23 15:00:00";50
"2020-10-23 15:30:00";49
"2020-10-23 16:00:00";50
"2020-10-23 16:30:00";48
"2020-10-23 17:00:00";49
"2020-10-23 18:00:00";50
"2020-10-23 18:30:00";50
"2020-10-23 19:00:00";49
"2020-10-23 19:30:00";50
"2020-10-23 20:00:00";49
"2020-10-23 20:30:00";50
"2020-10-23 21:00:00";50
"2020-10-23 21:30:00";51
"2020-10-23 22:00:00";51
"2020-10-23 22:30:00";52
"2020-10-23 23:00:00";52
"2020-10-23 23:30:00";53
"2020-10-24 00:00:00";53
"2020-10-24 02:00:00";56
"2020-10-24 03:00:00";56
"2020-10-24 04:00:00";56
"2020-10-24 04:30:00";54
"2020-10-24 05:00:00";54
"2020-10-24 05:30:00";53
"2020-10-24 06:00:00";52
"2020-10-24 07:00:00";53
"2020-10-24 07:30:00";53
"2020-10-24 08:00:00";53
"2020-10-24 09:00:00";51
"2020-10-24 10:00:00";49
"2020-10-24 10:30:00";51
"2020-10-24 11:00:00";49
"2020-10-24 11:30:00";47
"2020-10-24 12:00:00";46
"2020-10-24 13:00:00";44
"2020-10-24 14:00:00";43
"2020-10-24 14:30:00";42
"2020-10-24 15:00:00";43
"2020-10-24 16:00:00";48
"2020-10-24 16:30:00";47
"2020-10-24 17:30:00";47
"2020-10-24 18:00:00";48
"2020-10-24 18:30:00";48
"2020-10-24 19:00:00";48
"2020-10-24 19:30:00";47
"2020-10-24 20:00:00";48
"2020-10-24 20:30:00";49
"2020-10-24 21:00:00";49
"2020-10-24 21:30:00";49
"2020-10-24 22:00:00";49
"2020-10-24 22:30:00";50
"2020-10-24 23:00:00";49
"2020-10-24 23:30:00";49
"2020-10-25 00:00:00";48
"2020-10-25 00:30:00";49
"2020-10-25 01:00:00";49
"2020-10-25 02:00:00";48
"2020-10-25 02:30:00";48
"2020-10-25 03:00:00";48
"2020-10-25 03:30:00";46
"2020-10-25 04:00:00";48
"2020-10-25 05:00:00";48
"2020-10-25 05:30:00";47
"2020-10-25 06:00:00";47
"2020-10-25 07:00:00";48
"2020-10-25 07:30:00";45
"2020-10-25 08:30:00";46
"2020-10-25 09:00:00";46
"2020-10-25 09:30:00";47
"2020-10-25 10:00:00";45
"2020-10-25 11:00:00";42
"2020-10-25 12:00:00";45
"2020-10-25 12:30:00";45
"2020-10-25 13:00:00";46
"2020-10-25 14:00:00";46
"2020-10-25 15:00:00";47
"2020-10-25 15:30:00";47
"2020-10-25 16:30:00";46
"2020-10-25 17:00:00";46
"2020-10-25 17:30:00";47
"2020-10-25 18:00:00";46
"2020-10-25 18:30:00";45
"2020-10-25 19:00:00";46
"2020-10-25 19:30:00";45
"2020-10-25 20:00:00";44
"2020-10-25 21:00:00";46
"2020-10-25 21:30:00";45
"2020-10-25 22:00:00";46
"2020-10-25 22:30:00";46
"2020-10-25 23:00:00";46
"2020-10-25 23:30:00";45
"2020-10-26 00:00:00";45
"2020-10-26 01:00:00";46
"2020-10-26 01:30:00";46
"2020-10-26 02:00:00";45
"2020-10-26 02:30:00";46
"2020-10-26 03:00:00";45
"2020-10-26 03:30:00";47
"2020-10-26 04:30:00";47
"2020-10-26 05:00:00";47
"2020-10-26 06:00:00";48
"2020-10-26 06:30:00";49
"2020-10-26 07:00:00";50
"2020-10-26 08:00:00";52
"2020-10-26 08:30:00";55
"2020-10-26 09:00:00";55
"2020-10-26 10:00:00";62
"2020-10-26 11:00:00";63
"2020-10-26 11:30:00";63
"2020-10-26 12:00:00";64
"2020-10-26 13:00:00";62
"2020-10-26 14:00:00";57
"2020-10-26 14:30:00";60
"2020-10-26 15:00:00";60
"2020-10-26 15:30:00";58
"2020-10-26 16:00:00";57
"2020-10-26 17:00:00";58
"2020-10-26 17:30:00";57
"2020-10-26 18:00:00";56
"2020-10-26 18:30:00";57
"2020-10-26 19:30:00";56
"2020-10-26 20:00:00";58
"2020-10-26 20:30:00";58
"2020-10-26 21:00:00";59
"2020-10-26 21:30:00";58
"2020-10-26 22:00:00";58
"2020-10-26 23:00:00";61
"2020-10-26 23:30:00";64
"2020-10-27 01:00:00";62
"2020-10-27 01:30:00";65
"2020-10-27 02:00:00";64
"2020-10-27 03:00:00";63
"2020-10-27 03:30:00";64
"2020-10-27 04:00:00";61
"2020-10-27 04:30:00";62
"2020-10-27 05:30:00";59
"2020-10-27 06:00:00";60
"2020-10-27 06:30:00";59
"2020-10-27 07:00:00";59
"2020-10-27 08:00:00";59
"2020-10-27 09:00:00";58
"2020-10-27 09:30:00";55
"2020-10-27 10:00:00";55
"2020-10-27 11:00:00";52
"2020-10-27 11:30:00";53
"2020-10-27 12:30:00";52
"2020-10-27 13:30:00";50
"2020-10-27 14:30:00";53
"2020-10-27 15:00:00";55
"2020-10-27 16:00:00";55
"2020-10-27 16:30:00";56
"2020-10-27 17:00:00";55
"2020-10-27 17:30:00";55
"2020-10-27 18:00:00";56
"2020-10-27 18:30:00";56
"2020-10-27 19:00:00";55
"2020-10-27 19:30:00";55
"2020-10-27 20:30:00";54
"2020-10-27 21:00:00";55
"2020-10-27 21:30:00";56
"2020-10-27 22:00:00";55
"2020-10-27 22:30:00";54
"2020-10-27 23:30:00";53
"2020-10-28 00:00:00";55
"2020-10-28 01:30:00";55
"2020-10-28 02:00:00";53
"2020-10-28 02:30:00";53
"2020-10-28 03:00:00";52
"2020-10-28 03:30:00";52
"2020-10-28 04:00:00";52
"2020-10-28 05:00:00";53
"2020-10-28 06:00:00";53
"2020-10-28 06:30:00";49
"2020-10-28 07:00:00";51
"2020-10-28 07:30:00";52
"2020-10-28 08:00:00";52
"2020-10-28 08:30:00";52
"2020-10-28 09:00:00";53
"2020-10-28 09:30:00";51
"2020-10-28 10:00:00";48
"2020-10-28 10:30:00";47
"2020-10-28 11:00:00";46
"2020-10-28 11:30:00";45
"2020-10-28 12:00:00";45
"2020-10-28 12:30:00";45
"2020-10-28 13:00:00";45
"2020-10-28 13:30:00";45
"2020-10-28 14:30:00";47
"2020-10-28 15:00:00";49
"2020-10-28 15:30:00";48
"2020-10-28 16:00:00";50
"2020-10-28 17:00:00";51
"2020-10-28 17:30:00";49
"2020-10-28 18:00:00";50
"2020-10-28 18:30:00";50
"2020-10-28 19:00:00";50
"2020-10-28 19:30:00";51
"2020-10-28 20:00:00";51
"2020-10-28 20:30:00";52
"2020-10-28 21:00:00";51
"2020-10-28 21:30:00";50
"2020-10-28 22:00:00";53
"2020-10-28 22:30:00";51
"2020-10-28 23:00:00";52
"2020-10-28 23:30:00";50
"2020-10-29 00:00:00";51
"2020-10-29 01:00:00";49
"2020-10-29 01:30:00";51
"2020-10-29 02:30:00";49
"2020-10-29 03:00:00";51
"2020-10-29 04:00:00";49
"2020-10-29 04:30:00";49
"2020-10-29 05:30:00";49
"2020-10-29 06:00:00";50
"2020-10-29 07:00:00";51
"2020-10-29 08:00:00";50
"2020-10-29 09:00:00";51
"2020-10-29 09:30:00";51
"2020-10-29 10:30:00";47
"2020-10-29 11:00:00";47
"2020-10-29 12:00:00";48
"2020-10-29 13:00:00";46
"2020-10-29 14:00:00";44
"2020-10-29 14:30:00";46
"2020-10-29 15:00:00";47
"2020-10-29 15:30:00";46
"2020-10-29 16:00:00";47
"2020-10-29 17:00:00";49
"2020-10-29 17:30:00";47
"2020-10-29 18:00:00";47
"2020-10-29 18:30:00";48
"2020-10-29 19:00:00";48
"2020-10-29 19:30:00";48
"2020-10-29 20:00:00";47
"2020-10-29 20:30:00";49
"2020-10-29 21:00:00";48
"2020-10-29 22:00:00";48
"2020-10-29 22:30:00";48
"2020-10-29 23:00:00";48
"2020-10-29 23:30:00";49
"2020-10-30 00:00:00";48
"2020-10-30 01:00:00";50
"2020-10-30 01:30:00";48
"2020-10-30 02:00:00";47
"2020-10-30 02:30:00";47
"2020-10-30 03:00:00";49
"2020-10-30 03:30:00";48
"2020-10-30 04:00:00";48
"2020-10-30 05:00:00";46
"2020-10-30 05:30:00";47
"2020-10-30 06:00:00";48
"2020-10-30 06:30:00";48
"2020-10-30 07:00:00";47
"2020-10-30 07:30:00";49
"2020-10-30 08:00:00";49
"2020-10-30 09:00:00";49
"2020-10-30 10:00:00";47
"2020-10-30 10:30:00";46
"2020-10-30 11:00:00";44
"2020-10-30 12:00:00";45
"2020-10-30 13:00:00";45
"2020-10-30 13:30:00";46
"2020-10-30 14:00:00";47
"2020-10-30 14:30:00";47
"2020-10-30 15:00:00";47
"2020-10-30 16:00:00";45
"2020-10-30 17:00:00";46
"2020-10-30 17:30:00";47
"2020-10-30 18:00:00";46
"2020-10-30 18:30:00";47
"2020-10-30 19:00:00";48
"2020-10-30 19:30:00";45
"2020-10-30 20:00:00";47
"2020-10-30 20:30:00";48
"2020-10-30 21:00:00";46
"2020-10-30 21:30:00";47
"2020-10-30 22:30:00";48
"2020-10-30 23:00:00";47
"2020-10-30 23:30:00";46
"2020-10-31 00:00:00";47
"2020-10-31 02:00:00";47
"2020-10-31 02:30:00";46
"2020-10-31 03:30:00";46
"2020-10-31 04:00:00";47
"2020-10-31 04:30:00";46
"2020-10-31 05:00:00";46
"2020-10-31 06:00:00";46
"2020-10-31 06:30:00";46
"2020-10-31 07:00:00";47
"2020-10-31 07:30:00";46
"2020-10-31 08:00:00";47
"2020-10-31 09:00:00";45
"2020-10-31 09:30:00";46
"2020-10-31 10:00:00";46
"2020-10-31 11:00:00";41
"2020-10-31 12:00:00";42
"2020-10-31 12:30:00";40
"2020-10-31 13:00:00";39
"2020-10-31 13:30:00";39
"2020-10-31 14:00:00";40
"2020-10-31 15:00:00";43
"2020-10-31 16:00:00";44
"2020-10-31 17:00:00";45
"2020-10-31 17:30:00";44
"2020-10-31 18:00:00";45
"2020-10-31 18:30:00";45
"2020-10-31 19:00:00";45
"2020-10-31 20:00:00";45
"2020-10-31 20:30:00";45
"2020-10-31 21:30:00";45
"2020-10-31 22:00:00";46
"2020-10-31 22:30:00";45
"2020-10-31 23:00:00";43
"2020-10-31 23:30:00";45
"2020-11-01 00:00:00";45
"2020-11-01 01:00:00";45
"2020-11-01 01:30:00";46
"2020-11-01 02:30:00";47
"2020-11-01 03:00:00";45
"2020-11-01 03:30:00";46
"2020-11-01 04:00:00";45
"2020-11-01 04:30:00";46
"2020-11-01 05:00:00";44
"2020-11-01 06:00:00";46
"2020-11-01 06:30:00";44
"2020-11-01 07:00:00";45
"2020-11-01 08:00:00";46
"2020-11-01 08:30:00";45
"2020-11-01 09:00:00";45
"2020-11-01 10:00:00";45
"2020-11-01 11:00:00";43
"2020-11-01 12:00:00";44
"2020-11-01 13:00:00";41
"2020-11-01 13:30:00";40
"2020-11-01 14:00:00";40
"2020-11-01 15:00:00";43
"2020-11-01 16:00:00";43
"2020-11-01 17:00:00";43
"2020-11-01 17:30:00";44
"2020-11-01 18:00:00";43
"2020-11-01 18:30:00";46
"2020-11-01 19:00:00";44
"2020-11-01 19:30:00";44
"2020-11-01 20:00:00";43
"2020-11-01 20:30:00";45
"2020-11-01 21:00:00";45
"2020-11-01 22:00:00";44
"2020-11-01 22:30:00";44
"2020-11-01 23:00:00";44
"2020-11-01 23:30:00";43
"2020-11-02 00:00:00";45
"2020-11-02 01:00:00";42
"2020-11-02 02:00:00";44
"2020-11-02 03:00:00";42
"2020-11-02 03:30:00";43
"2020-11-02 04:00:00";45
"2020-11-02 04:30:00";45
"2020-11-02 05:30:00";43
"2020-11-02 06:00:00";43
"2020-11-02 06:30:00";43
"2020-11-02 07:00:00";42
"2020-11-02 08:00:00";44
"2020-11-02 09:00:00";43
"2020-11-02 09:30:00";43
"2020-11-02 10:00:00";41
"2020-11-02 11:00:00";41
"2020-11-02 12:00:00";39
"2020-11-02 12:30:00";39
"2020-11-02 13:00:00";37
"2020-11-02 14:00:00";38
"2020-11-02 14:30:00";41
"2020-11-02 15:00:00";41
"2020-11-02 16:00:00";42
"2020-11-02 16:30:00";43
"2020-11-02 17:00:00";44
"2020-11-02 17:30:00";42
"2020-11-02 18:00:00";43
"2020-11-02 18:30:00";44
"2020-11-02 19:00:00";43
"2020-11-02 19:30:00";45
"2020-11-02 20:00:00";44
"2020-11-02 20:30:00";46
"2020-11-02 21:00:00";46
"2020-11-02 21:30:00";46
"2020-11-02 22:00:00";45
"2020-11-02 22:30:00";47
"2020-11-02 23:00:00";45
"2020-11-02 23:30:00";45
"2020-11-03 00:00:00";46
"2020-11-03 01:00:00";45
"2020-11-03 01:30:00";46
"2020-11-03 02:00:00";45
"2020-11-03 03:00:00";46
"2020-11-03 03:30:00";44
"2020-11-03 04:00:00";46
"2020-11-03 04:30:00";45
"2020-11-03 05:00:00";45
"2020-11-03 06:00:00";43
"2020-11-03 07:00:00";46
"2020-11-03 08:00:00";45
"2020-11-03 08:30:00";45
"2020-11-03 09:00:00";45
"2020-11-03 09:30:00";46
"2020-11-03 10:00:00";44
"2020-11-03 11:00:00";45
"2020-11-03 11:30:00";44
"2020-11-03 12:00:00";44
"2020-11-03 12:30:00";44
"2020-11-03 13:00:00";44
"2020-11-03 13:30:00";44
"2020-11-03 14:00:00";44
"2020-11-03 14:30:00";45
"2020-11-03 15:00:00";44
"2020-11-03 15:30:00";43
"2020-11-03 16:00:00";45
"2020-11-03 16:30:00";44
"2020-11-03 17:00:00";44
"2020-11-03 17:30:00";43
"2020-11-03 18:00:00";44
"2020-11-03 18:30:00";43
"2020-11-03 19:00:00";45
"2020-11-03 19:30:00";45
"2020-11-03 20:00:00";45
"2020-11-03 20:30:00";44
"2020-11-03 21:00:00";45
"2020-11-03 21:30:00";45
"2020-11-03 22:00:00";45
"2020-11-03 22:30:00";45
"2020-11-03 23:00:00";45
"2020-11-03 23:30:00";45
"2020-11-04 00:00:00";46
"2020-11-04 01:00:00";46
"2020-11-04 01:30:00";46
"2020-11-04 02:00:00";45
"2020-11-04 02:30:00";44
"2020-11-04 03:00:00";46
"2020-11-04 03:30:00";44
"2020-11-04 04:00:00";43
"2020-11-04 04:30:00";43
"2020-11-04 05:00:00";45
"2020-11-04 05:30:00";44
"2020-11-04 06:00:00";43
"2020-11-04 06:30:00";45
"2020-11-04 07:00:00";44
"2020-11-04 08:00:00";43
"2020-11-04 08:30:00";46
"2020-11-04 09:00:00";45
"2020-11-04 09:30:00";44
"2020-11-04 10:00:00";43
"2020-11-04 10:30:00";45
"2020-11-04 11:00:00";44
"2020-11-04 11:30:00";45
"2020-11-04 12:00:00";43
"2020-11-04 12:30:00";45
"2020-11-04 13:00:00";45
"2020-11-04 13:30:00";45
"2020-11-04 14:00:00";44
"2020-11-04 14:30:00";46
"2020-11-04 15:00:00";45
"2020-11-04 15:30:00";45
"2020-11-04 16:00:00";44
"2020-11-04 16:30:00";45
"2020-11-04 17:00:00";44
"2020-11-04 17:30:00";45
"2020-11-04 18:00:00";44
"2020-11-04 18:30:00";45
"2020-11-04 19:00:00";45
"2020-11-04 19:30:00";44
"2020-11-04 20:00:00";45
"2020-11-04 20:30:00";44
"2020-11-04 21:00:00";44
"2020-11-04 21:30:00";44
"2020-11-04 22:00:00";43
"2020-11-04 22:30:00";44
"2020-11-04 23:00:00";45
"2020-11-04 23:30:00";44
"2020-11-05 00:00:00";43
"2020-11-05 01:00:00";45
"2020-11-05 02:00:00";44
"2020-11-05 02:30:00";47
"2020-11-05 03:00:00";46
"2020-11-05 03:30:00";46
"2020-11-05 04:00:00";45
"2020-11-05 04:30:00";46
"2020-11-05 05:00:00";43
"2020-11-05 05:30:00";45
"2020-11-05 06:00:00";45
"2020-11-05 06:30:00";44
"2020-11-05 07:00:00";44
"2020-11-05 08:00:00";43
"2020-11-05 08:30:00";43
"2020-11-05 09:00:00";44
"2020-11-05 09:30:00";45
"2020-11-05 10:00:00";41
"2020-11-05 10:30:00";40
"2020-11-05 11:00:00";38
"2020-11-05 11:30:00";38
"2020-11-05 12:00:00";41
"2020-11-05 12:30:00";40
"2020-11-05 13:00:00";41
"2020-11-05 13:30:00";42
"2020-11-05 14:00:00";42
"2020-11-05 14:30:00";43
"2020-11-05 15:00:00";43
"2020-11-05 15:30:00";45
"2020-11-05 16:00:00";44
"2020-11-05 16:30:00";43
"2020-11-05 17:00:00";43
"2020-11-05 17:30:00";43
"2020-11-05 18:30:00";43
"2020-11-05 19:00:00";44
"2020-11-05 19:30:00";44
"2020-11-05 20:00:00";44
"2020-11-05 20:30:00";43
"2020-11-05 21:00:00";44
"2020-11-05 21:30:00";45
"2020-11-05 22:00:00";45
"2020-11-05 22:30:00";45
"2020-11-05 23:30:00";43
"2020-11-06 01:00:00";43
"2020-11-06 01:30:00";44
"2020-11-06 02:00:00";44
"2020-11-06 02:30:00";44
"2020-11-06 03:00:00";44
"2020-11-06 03:30:00";43
"2020-11-06 04:00:00";44
"2020-11-06 04:30:00";43
"2020-11-06 05:00:00";44
"2020-11-06 05:30:00";43
"2020-11-06 06:00:00";42
"2020-11-06 06:30:00";43
"2020-11-06 07:00:00";44
"2020-11-06 07:30:00";43
"2020-11-06 08:00:00";42
"2020-11-06 08:30:00";43
"2020-11-06 09:00:00";43
"2020-11-06 09:30:00";43
"2020-11-06 10:00:00";43
"2020-11-06 10:30:00";42
"2020-11-06 11:00:00";44
"2020-11-06 11:30:00";43
"2020-11-06 12:00:00";42
"2020-11-06 12:30:00";44
"2020-11-06 13:00:00";44
"2020-11-06 13:30:00";42
"2020-11-06 14:00:00";43
"2020-11-06 14:30:00";42
"2020-11-06 15:30:00";44
"2020-11-06 16:00:00";44
"2020-11-06 16:30:00";43
"2020-11-06 17:30:00";42
"2020-11-06 18:00:00";42
"2020-11-06 18:30:00";42
"2020-11-06 19:30:00";42
"2020-11-06 20:00:00";41
"2020-11-06 20:30:00";42
"2020-11-06 21:30:00";42
"2020-11-06 22:00:00";42
"2020-11-06 22:30:00";42
"2020-11-06 23:00:00";43
"2020-11-06 23:30:00";42
"2020-11-07 00:00:00";42
"2020-11-07 02:00:00";41
"2020-11-07 02:30:00";42
"2020-11-07 03:00:00";40
"2020-11-07 03:30:00";43
"2020-11-07 04:00:00";42
"2020-11-07 04:30:00";42
"2020-11-07 05:00:00";42
"2020-11-07 05:30:00";42
"2020-11-07 06:00:00";42
"2020-11-07 06:30:00";42
"2020-11-07 07:00:00";41
"2020-11-07 07:30:00";43
"2020-11-07 08:00:00";42
"2020-11-07 08:30:00";43
"2020-11-07 09:00:00";43
"2020-11-07 09:30:00";44
"2020-11-07 10:00:00";41
"2020-11-07 10:30:00";38
"2020-11-07 11:00:00";38
"2020-11-07 11:30:00";36
"2020-11-07 12:00:00";38
"2020-11-07 12:30:00";36
"2020-11-07 13:00:00";35
"2020-11-07 13:30:00";38
"2020-11-07 14:00:00";40
"2020-11-07 14:30:00";40
"2020-11-07 15:00:00";41
"2020-11-07 15:30:00";40
"2020-11-07 16:00:00";41
"2020-11-07 16:30:00";41
"2020-11-07 17:00:00";40
"2020-11-07 17:30:00";42
"2020-11-07 18:00:00";40
"2020-11-07 18:30:00";40
"2020-11-07 19:00:00";40
"2020-11-07 19:30:00";43
"2020-11-07 20:00:00";41
"2020-11-07 20:30:00";41
"2020-11-07 21:00:00";41
"2020-11-07 21:30:00";41
"2020-11-07 22:00:00";41
"2020-11-07 22:30:00";42
"2020-11-07 23:00:00";41
"2020-11-07 23:30:00";41
"2020-11-08 00:00:00";42
"2020-11-08 01:00:00";41
"2020-11-08 01:30:00";41
"2020-11-08 02:00:00";42
"2020-11-08 02:30:00";41
"2020-11-08 03:00:00";40
"2020-11-08 03:30:00";40
"2020-11-08 04:00:00";40
"2020-11-08 04:30:00";42
"2020-11-08 05:00:00";41
"2020-11-08 05:30:00";42
"2020-11-08 06:00:00";42
"2020-11-08 06:30:00";42
"2020-11-08 07:00:00";42
"2020-11-08 07:30:00";41
"2020-11-08 08:00:00";41
"2020-11-08 08:30:00";41
"2020-11-08 09:00:00";41
"2020-11-08 10:00:00";40
"2020-11-08 11:00:00";36
"2020-11-08 11:30:00";35
"2020-11-08 12:00:00";35
"2020-11-08 12:30:00";36
"2020-11-08 13:00:00";36
"2020-11-08 13:30:00";37
"2020-11-08 14:00:00";41
"2020-11-08 14:30:00";42
"2020-11-08 15:00:00";40
"2020-11-08 15:30:00";42
"2020-11-08 16:00:00";41
"2020-11-08 16:30:00";40
"2020-11-08 17:00:00";40
"2020-11-08 17:30:00";40
"2020-11-08 18:00:00";40
"2020-11-08 18:30:00";41
"2020-11-08 19:00:00";39
"2020-11-08 19:30:00";40
"2020-11-08 20:00:00";39
"2020-11-08 20:30:00";39
"2020-11-08 21:00:00";41
"2020-11-08 21:30:00";39
"2020-11-08 22:00:00";41
"2020-11-08 22:30:00";40
"2020-11-08 23:00:00";41
"2020-11-08 23:30:00";39
"2020-11-09 00:00:00";39
"2020-11-09 01:00:00";41
"2020-11-09 01:30:00";41
"2020-11-09 02:00:00";41
"2020-11-09 02:30:00";40
"2020-11-09 03:00:00";41
"2020-11-09 03:30:00";40
"2020-11-09 04:00:00";41
"2020-11-09 04:30:00";40
"2020-11-09 05:00:00";40
"2020-11-09 05:30:00";39
"2020-11-09 06:00:00";41
"2020-11-09 06:30:00";40
"2020-11-09 07:00:00";40
"2020-11-09 07:30:00";40
"2020-11-09 08:00:00";40
"2020-11-09 08:30:00";42
"2020-11-09 09:30:00";42
"2020-11-09 10:00:00";39
"2020-11-09 10:30:00";37
"2020-11-09 11:00:00";35
"2020-11-09 11:30:00";34
"2020-11-09 12:00:00";36
"2020-11-09 12:30:00";36
"2020-11-09 13:00:00";36
"2020-11-09 13:30:00";37
"2020-11-09 14:00:00";38
"2020-11-09 14:30:00";39
"2020-11-09 15:00:00";38
"2020-11-09 15:30:00";39
"2020-11-09 16:00:00";39
"2020-11-09 16:30:00";40
"2020-11-09 17:00:00";40
"2020-11-09 17:30:00";40
"2020-11-09 18:00:00";40
"2020-11-09 18:30:00";39
"2020-11-09 19:00:00";39
"2020-11-09 19:30:00";39
"2020-11-09 20:00:00";39
"2020-11-09 20:30:00";40
"2020-11-09 21:00:00";39
"2020-11-09 21:30:00";37
"2020-11-09 22:00:00";40
"2020-11-09 22:30:00";40
"2020-11-09 23:00:00";39
"2020-11-09 23:30:00";40
"2020-11-10 00:00:00";40
"2020-11-10 01:00:00";40
"2020-11-10 02:00:00";40
"2020-11-10 02:30:00";39
"2020-11-10 03:00:00";40
"2020-11-10 03:30:00";39
"2020-11-10 04:30:00";39
"2020-11-10 05:30:00";39
"2020-11-10 06:00:00";39
"2020-11-10 06:30:00";39
"2020-11-10 07:00:00";40
"2020-11-10 08:00:00";39
"2020-11-10 08:30:00";39
"2020-11-10 09:00:00";40
"2020-11-10 09:30:00";40
"2020-11-10 10:00:00";36
"2020-11-10 10:30:00";36
"2020-11-10 11:00:00";33
"2020-11-10 12:00:00";33
"2020-11-10 12:30:00";35
"2020-11-10 13:00:00";35
"2020-11-10 13:30:00";38
"2020-11-10 14:00:00";37
"2020-11-10 14:30:00";37
"2020-11-10 15:00:00";40
"2020-11-10 15:30:00";37
"2020-11-10 16:00:00";38
"2020-11-10 16:30:00";39
"2020-11-10 17:00:00";39
"2020-11-10 17:30:00";38
"2020-11-10 18:00:00";38
"2020-11-10 18:30:00";37
"2020-11-10 19:00:00";39
"2020-11-10 19:30:00";38
"2020-11-10 20:00:00";39
"2020-11-10 20:30:00";40
"2020-11-10 21:00:00";39
"2020-11-10 21:30:00";38
"2020-11-10 22:00:00";38
"2020-11-10 22:30:00";38
"2020-11-10 23:00:00";38
"2020-11-10 23:30:00";38
"2020-11-11 00:00:00";39
"2020-11-11 01:00:00";39
"2020-11-11 02:00:00";39
"2020-11-11 02:30:00";40
"2020-11-11 03:00:00";38
"2020-11-11 03:30:00";39
"2020-11-11 04:00:00";38
"2020-11-11 04:30:00";39
"2020-11-11 05:00:00";39
"2020-11-11 05:30:00";39
"2020-11-11 06:00:00";38
"2020-11-11 06:30:00";38
"2020-11-11 07:00:00";38
"2020-11-11 07:30:00";38
"2020-11-11 08:00:00";39
"2020-11-11 08:30:00";39
"2020-11-11 09:00:00";39
"2020-11-11 09:30:00";39
"2020-11-11 10:00:00";37
"2020-11-11 10:30:00";35
"2020-11-11 11:30:00";37
"2020-11-11 12:00:00";34
"2020-11-11 12:30:00";33
"2020-11-11 13:00:00";34
"2020-11-11 13:30:00";37
"2020-11-11 14:30:00";39
"2020-11-11 15:00:00";37
"2020-11-11 15:30:00";39
"2020-11-11 16:00:00";38
"2020-11-11 16:30:00";38
"2020-11-11 17:00:00";37
"2020-11-11 17:30:00";38
"2020-11-11 18:00:00";38
"2020-11-11 18:30:00";38
"2020-11-11 19:00:00";38
"2020-11-11 19:30:00";39
"2020-11-11 20:00:00";39
"2020-11-11 20:30:00";38
"2020-11-11 21:00:00";39
"2020-11-11 21:30:00";39
"2020-11-11 22:00:00";38
"2020-11-11 22:30:00";38
"2020-11-11 23:00:00";38
"2020-11-11 23:30:00";38
"2020-11-12 00:00:00";38
"2020-11-12 01:00:00";39
"2020-11-12 01:30:00";37
"2020-11-12 02:30:00";38
"2020-11-12 03:00:00";37
"2020-11-12 04:00:00";38
"2020-11-12 04:30:00";40
"2020-11-12 05:00:00";39
"2020-11-12 05:30:00";38
"2020-11-12 06:00:00";39
"2020-11-12 06:30:00";38
"2020-11-12 07:00:00";39
"2020-11-12 07:30:00";38
"2020-11-12 08:00:00";38
"2020-11-12 08:30:00";39
"2020-11-12 09:00:00";38
"2020-11-12 09:30:00";38
"2020-11-12 10:00:00";38
"2020-11-12 10:30:00";36
"2020-11-12 11:00:00";35
"2020-11-12 11:30:00";35
"2020-11-12 12:00:00";35
"2020-11-12 12:30:00";33
"2020-11-12 13:00:00";34
"2020-11-12 13:30:00";38
"2020-11-12 14:00:00";37
"2020-11-12 14:30:00";39
"2020-11-12 15:00:00";37
"2020-11-12 15:30:00";38
"2020-11-12 16:00:00";37
"2020-11-12 16:30:00";37
"2020-11-12 17:00:00";37
"2020-11-12 17:30:00";37
"2020-11-12 18:00:00";37
"2020-11-12 18:30:00";38
"2020-11-12 19:00:00";36
"2020-11-12 19:30:00";36
"2020-11-12 20:00:00";38
"2020-11-12 20:30:00";37
"2020-11-12 21:00:00";37
"2020-11-12 21:30:00";38
"2020-11-12 22:00:00";38
"2020-11-12 22:30:00";39
"2020-11-12 23:00:00";35
"2020-11-12 23:30:00";38
"2020-11-13 00:00:00";39
"2020-11-13 00:30:00";37
"2020-11-13 01:00:00";37
"2020-11-13 01:30:00";37
"2020-11-13 02:00:00";38
"2020-11-13 02:30:00";38
"2020-11-13 03:00:00";38
"2020-11-13 03:30:00";36
"2020-11-13 04:00:00";38
"2020-11-13 04:30:00";37
"2020-11-13 05:00:00";37
"2020-11-13 05:30:00";38
"2020-11-13 06:00:00";36
"2020-11-13 06:30:00";38
"2020-11-13 07:00:00";37
"2020-11-13 07:30:00";37
"2020-11-13 08:00:00";36
"2020-11-13 08:30:00";37
"2020-11-13 09:00:00";36
"2020-11-13 09:30:00";37
"2020-11-13 10:00:00";36
"2020-11-13 10:30:00";34
"2020-11-13 11:00:00";33
"2020-11-13 11:30:00";33
"2020-11-13 12:00:00";33
"2020-11-13 12:30:00";31
"2020-11-13 13:00:00";31
"2020-11-13 13:30:00";34
"2020-11-13 14:00:00";36
"2020-11-13 14:30:00";37
"2020-11-13 15:00:00";36
"2020-11-13 15:30:00";36
"2020-11-13 16:00:00";35
"2020-11-13 16:30:00";36
"2020-11-13 17:00:00";36
"2020-11-13 17:30:00";37
"2020-11-13 18:00:00";36
"2020-11-13 18:30:00";37
"2020-11-13 19:00:00";35
"2020-11-13 19:30:00";38
"2020-11-13 20:00:00";36
"2020-11-13 20:30:00";36
"2020-11-13 21:00:00";37
"2020-11-13 21:30:00";37
"2020-11-13 22:00:00";37
"2020-11-13 22:30:00";37
"2020-11-13 23:00:00";35
"2020-11-13 23:30:00";35
"2020-11-14 00:00:00";36
"2020-11-14 02:00:00";36
"2020-11-14 02:30:00";37
"2020-11-14 03:00:00";38
"2020-11-14 03:30:00";37
"2020-11-14 04:00:00";35
"2020-11-14 04:30:00";35
"2020-11-14 05:00:00";36
"2020-11-14 05:30:00";36
"2020-11-14 06:00:00";36
"2020-11-14 06:30:00";37
"2020-11-14 07:00:00";36
"2020-11-14 08:00:00";37
"2020-11-14 08:30:00";36
"2020-11-14 09:00:00";38
"2020-11-14 09:30:00";37
"2020-11-14 10:00:00";34
"2020-11-14 10:30:00";31
"2020-11-14 11:00:00";31
"2020-11-14 11:30:00";31
"2020-11-14 12:00:00";33
"2020-11-14 12:30:00";34
"2020-11-14 13:00:00";33
"2020-11-14 13:30:00";36
"2020-11-14 14:00:00";37
"2020-11-14 14:30:00";36
"2020-11-14 15:00:00";35
"2020-11-14 15:30:00";36
"2020-11-14 16:00:00";36
"2020-11-14 16:30:00";35
"2020-11-14 17:00:00";37
"2020-11-14 17:30:00";36
"2020-11-14 18:00:00";36
"2020-11-14 18:30:00";36
"2020-11-14 19:00:00";37
"2020-11-14 19:30:00";36
"2020-11-14 20:00:00";36
"2020-11-14 20:30:00";36
"2020-11-14 21:00:00";36
"2020-11-14 21:30:00";36
"2020-11-14 22:00:00";35
"2020-11-14 22:30:00";37
"2020-11-14 23:00:00";36
"2020-11-14 23:30:00";36
"2020-11-15 00:00:00";37
"2020-11-15 01:00:00";35
"2020-11-15 01:30:00";36
"2020-11-15 02:00:00";36
"2020-11-15 02:30:00";36
"2020-11-15 03:00:00";35
"2020-11-15 03:30:00";36
"2020-11-15 04:00:00";35
"2020-11-15 04:30:00";36
"2020-11-15 05:00:00";36
"2020-11-15 05:30:00";37
"2020-11-15 06:00:00";36
"2020-11-15 06:30:00";36
"2020-11-15 07:00:00";36
"2020-11-15 08:00:00";36
"2020-11-15 08:30:00";35
"2020-11-15 09:00:00";36
"2020-11-15 09:30:00";35
"2020-11-15 10:00:00";34
"2020-11-15 10:30:00";33
"2020-11-15 11:00:00";34
"2020-11-15 11:30:00";33
"2020-11-15 12:00:00";33
"2020-11-15 12:30:00";33
"2020-11-15 13:00:00";32
"2020-11-15 13:30:00";33
"2020-11-15 14:00:00";36
"2020-11-15 14:30:00";37
"2020-11-15 15:00:00";36
"2020-11-15 15:30:00";35
"2020-11-15 16:00:00";36
"2020-11-15 16:30:00";35
"2020-11-15 17:00:00";36
"2020-11-15 17:30:00";36
"2020-11-15 18:00:00";36
"2020-11-15 18:30:00";37
"2020-11-15 19:00:00";36
"2020-11-15 19:30:00";36
"2020-11-15 20:00:00";36
"2020-11-15 20:30:00";36
"2020-11-15 21:00:00";35
"2020-11-15 21:30:00";36
"2020-11-15 22:00:00";37
"2020-11-15 22:30:00";36
"2020-11-15 23:00:00";36
"2020-11-15 23:30:00";36
"2020-11-16 00:00:00";36
"2020-11-16 01:00:00";34
"2020-11-16 01:30:00";35
"2020-11-16 02:00:00";35
"2020-11-16 02:30:00";37
"2020-11-16 03:00:00";36
"2020-11-16 03:30:00";36
"2020-11-16 04:00:00";37
"2020-11-16 04:30:00";36
"2020-11-16 05:00:00";35
"2020-11-16 05:30:00";37
"2020-11-16 06:00:00";36
"2020-11-16 06:30:00";36
"2020-11-16 07:00:00";35
"2020-11-16 07:30:00";36
"2020-11-16 08:00:00";36
"2020-11-16 08:30:00";36
"2020-11-16 09:00:00";35
"2020-11-16 09:30:00";36
"2020-11-16 10:00:00";35
"2020-11-16 10:30:00";33
"2020-11-16 11:00:00";32
"2020-11-16 11:30:00";31
"2020-11-16 12:00:00";31
"2020-11-16 12:30:00";30
"2020-11-16 13:00:00";29
"2020-11-16 13:30:00";33
"2020-11-16 14:00:00";35
"2020-11-16 14:30:00";35
"2020-11-16 15:00:00";37
"2020-11-16 15:30:00";36
"2020-11-16 16:00:00";35
"2020-11-16 16:30:00";35
"2020-11-16 17:00:00";37
"2020-11-16 17:30:00";35
"2020-11-16 18:00:00";37
"2020-11-16 18:30:00";35
"2020-11-16 19:00:00";35
"2020-11-16 19:30:00";35
"2020-11-16 20:00:00";35
"2020-11-16 20:30:00";34
"2020-11-16 21:00:00";34
"2020-11-16 21:30:00";36
"2020-11-16 22:00:00";34
"2020-11-16 22:30:00";34
"2020-11-16 23:00:00";34
"2020-11-16 23:30:00";36
"2020-11-17 00:00:00";33
"2020-11-17 01:00:00";32
"2020-11-17 01:30:00";36
"2020-11-17 02:00:00";35
"2020-11-17 02:30:00";34
"2020-11-17 03:00:00";35
"2020-11-17 03:30:00";34
"2020-11-17 04:00:00";35
"2020-11-17 04:30:00";34
"2020-11-17 05:00:00";35
"2020-11-17 05:30:00";35
"2020-11-17 06:00:00";35
"2020-11-17 06:30:00";35
"2020-11-17 07:00:00";33
"2020-11-17 07:30:00";35
"2020-11-17 08:00:00";34
"2020-11-17 08:30:00";35
"2020-11-17 09:00:00";33
"2020-11-17 09:30:00";36
"2020-11-17 10:00:00";33
"2020-11-17 10:30:00";29
"2020-11-17 11:00:00";29
"2020-11-17 11:30:00";31
"2020-11-17 12:00:00";29
"2020-11-17 12:30:00";27
"2020-11-17 13:00:00";25
"2020-11-17 13:30:00";31
"2020-11-17 14:00:00";31
"2020-11-17 15:00:00";33
"2020-11-17 15:30:00";35
"2020-11-17 16:00:00";33
"2020-11-17 16:30:00";33
"2020-11-17 17:00:00";33
"2020-11-17 17:30:00";35
"2020-11-17 18:00:00";34
"2020-11-17 18:30:00";34
"2020-11-17 19:00:00";35
"2020-11-17 19:30:00";35
"2020-11-17 20:00:00";32
"2020-11-17 20:30:00";35
"2020-11-17 21:00:00";34
"2020-11-17 21:30:00";33
"2020-11-17 22:00:00";34
"2020-11-17 22:30:00";33
"2020-11-17 23:00:00";33
"2020-11-17 23:30:00";34
"2020-11-18 00:00:00";35
"2020-11-18 01:00:00";35
"2020-11-18 02:00:00";34
"2020-11-18 02:30:00";34
"2020-11-18 03:00:00";35
"2020-11-18 03:30:00";34
"2020-11-18 04:00:00";34
"2020-11-18 04:30:00";34
"2020-11-18 05:00:00";35
"2020-11-18 05:30:00";34
"2020-11-18 06:00:00";35
"2020-11-18 06:30:00";35
"2020-11-18 07:00:00";33
"2020-11-18 07:30:00";33
"2020-11-18 08:00:00";34
"2020-11-18 08:30:00";33
"2020-11-18 09:00:00";35
"2020-11-18 09:30:00";36
"2020-11-18 10:00:00";33
"2020-11-18 10:30:00";30
"2020-11-18 11:00:00";29
"2020-11-18 11:30:00";27
"2020-11-18 12:00:00";29
"2020-11-18 12:30:00";26
"2020-11-18 13:00:00";25
"2020-11-18 13:30:00";30
"2020-11-18 14:00:00";31
"2020-11-18 14:30:00";32
"2020-11-18 15:00:00";33
"2020-11-18 15:30:00";34
"2020-11-18 16:00:00";34
"2020-11-18 16:30:00";33
"2020-11-18 17:00:00";35
"2020-11-18 17:30:00";35
"2020-11-18 18:00:00";34
"2020-11-18 18:30:00";33
"2020-11-18 19:00:00";34
"2020-11-18 19:30:00";33
"2020-11-18 20:00:00";33
"2020-11-18 20:30:00";34
"2020-11-18 21:00:00";35
"2020-11-18 21:30:00";35
"2020-11-18 22:00:00";33
"2020-11-18 22:30:00";35
"2020-11-18 23:00:00";33
"2020-11-18 23:30:00";34
"2020-11-19 00:00:00";34
"2020-11-19 01:00:00";35
"2020-11-19 02:00:00";35
"2020-11-19 02:30:00";33
"2020-11-19 03:00:00";33
"2020-11-19 03:30:00";33
"2020-11-19 04:00:00";35
"2020-11-19 04:30:00";33
"2020-11-19 05:00:00";34
"2020-11-19 05:30:00";35
"2020-11-19 06:00:00";35
"2020-11-19 06:30:00";34
"2020-11-19 07:00:00";33
"2020-11-19 08:00:00";34
"2020-11-19 08:30:00";34
"2020-11-19 09:00:00";34
"2020-11-19 09:30:00";34
"2020-11-19 10:00:00";34
"2020-11-19 10:30:00";32
"2020-11-19 11:00:00";28
"2020-11-19 11:30:00";28
"2020-11-19 12:00:00";28
"2020-11-19 12:30:00";29
"2020-11-19 13:00:00";26
"2020-11-19 13:30:00";30
"2020-11-19 14:00:00";32
"2020-11-19 15:00:00";32
"2020-11-19 15:30:00";34
"2020-11-19 16:00:00";33
"2020-11-19 16:30:00";34
"2020-11-19 17:00:00";34
"2020-11-19 17:30:00";34
"2020-11-19 18:00:00";34
"2020-11-19 18:30:00";35
"2020-11-19 19:00:00";35
"2020-11-19 19:30:00";35
"2020-11-19 20:00:00";35
"2020-11-19 20:30:00";32
"2020-11-19 21:00:00";34
"2020-11-19 21:30:00";34
"2020-11-19 22:00:00";33
"2020-11-19 22:30:00";35
"2020-11-19 23:00:00";34
"2020-11-19 23:30:00";33
"2020-11-20 00:00:00";35
"2020-11-20 01:00:00";33
"2020-11-20 02:00:00";34
"2020-11-20 02:30:00";34
"2020-11-20 03:00:00";32
"2020-11-20 03:30:00";33
"2020-11-20 04:00:00";33
"2020-11-20 04:30:00";33
"2020-11-20 05:00:00";35
"2020-11-20 05:30:00";34
"2020-11-20 06:00:00";33
"2020-11-20 06:30:00";32
"2020-11-20 07:00:00";32
"2020-11-20 07:30:00";33
"2020-11-20 08:00:00";33
"2020-11-20 08:30:00";34
"2020-11-20 09:30:00";33
"2020-11-20 10:00:00";31
"2020-11-20 10:30:00";30
"2020-11-20 11:30:00";29
"2020-11-20 12:00:00";28
"2020-11-20 12:30:00";26
"2020-11-20 13:00:00";27
"2020-11-20 13:30:00";30
"2020-11-20 14:00:00";30
"2020-11-20 14:30:00";30
"2020-11-20 15:00:00";30
"2020-11-20 15:30:00";31
"2020-11-20 16:00:00";32
"2020-11-20 16:30:00";30
"2020-11-20 17:00:00";31
"2020-11-20 17:30:00";33
"2020-11-20 18:00:00";30
"2020-11-20 18:30:00";31
"2020-11-20 19:00:00";32
"2020-11-20 19:30:00";32
"2020-11-20 20:00:00";32
"2020-11-20 20:30:00";30
"2020-11-20 21:00:00";32
"2020-11-20 21:30:00";34
"2020-11-20 22:00:00";33
"2020-11-20 22:30:00";32
"2020-11-20 23:00:00";32
"2020-11-20 23:30:00";33
"2020-11-21 00:00:00";31
"2020-11-21 02:00:00";32
"2020-11-21 02:30:00";31
"2020-11-21 03:00:00";33
"2020-11-21 03:30:00";31
"2020-11-21 04:00:00";31
"2020-11-21 04:30:00";33
"2020-11-21 05:00:00";33
"2020-11-21 05:30:00";32
"2020-11-21 06:00:00";30
"2020-11-21 06:30:00";31
"2020-11-21 07:00:00";31
"2020-11-21 07:30:00";31
"2020-11-21 08:00:00";31
"2020-11-21 09:00:00";31
"2020-11-21 10:00:00";31
"2020-11-21 11:00:00";29
"2020-11-21 11:30:00";27
"2020-11-21 12:00:00";27
"2020-11-21 12:30:00";27
"2020-11-21 13:00:00";27
"2020-11-21 13:30:00";31
"2020-11-21 14:00:00";32
"2020-11-21 14:30:00";32
"2020-11-21 15:00:00";32
"2020-11-21 15:30:00";31
"2020-11-21 16:00:00";31
"2020-11-21 16:30:00";31
"2020-11-21 17:00:00";31
"2020-11-21 17:30:00";30
"2020-11-21 18:00:00";32
"2020-11-21 18:30:00";32
"2020-11-21 19:00:00";31
"2020-11-21 19:30:00";32
"2020-11-21 20:00:00";32
"2020-11-21 20:30:00";32
"2020-11-21 21:00:00";32
"2020-11-21 21:30:00";31
"2020-11-21 22:00:00";31
"2020-11-21 22:30:00";33
"2020-11-21 23:00:00";32
"2020-11-21 23:30:00";31
"2020-11-22 00:00:00";32
"2020-11-22 01:00:00";29
"2020-11-22 01:30:00";31
"2020-11-22 02:00:00";33
"2020-11-22 02:30:00";32
"2020-11-22 03:30:00";32
"2020-11-22 04:00:00";31
"2020-11-22 04:30:00";31
"2020-11-22 05:00:00";29
"2020-11-22 05:30:00";32
"2020-11-22 06:00:00";30
"2020-11-22 06:30:00";31
"2020-11-22 07:00:00";30
"2020-11-22 08:00:00";30
"2020-11-22 08:30:00";30
"2020-11-22 09:00:00";31
"2020-11-22 09:30:00";33
"2020-11-22 10:00:00";29
"2020-11-22 11:00:00";27
"2020-11-22 11:30:00";26
"2020-11-22 12:00:00";26
"2020-11-22 12:30:00";25
"2020-11-22 13:00:00";27
"2020-11-22 13:30:00";30
"2020-11-22 14:00:00";32
"2020-11-22 14:30:00";30
"2020-11-22 15:00:00";31
"2020-11-22 15:30:00";30
"2020-11-22 16:00:00";31
"2020-11-22 16:30:00";32
"2020-11-22 17:00:00";31
"2020-11-22 17:30:00";32
"2020-11-22 18:00:00";31
"2020-11-22 18:30:00";31
"2020-11-22 19:00:00";32
"2020-11-22 19:30:00";30
"2020-11-22 20:00:00";32
"2020-11-22 20:30:00";31
"2020-11-22 21:00:00";33
"2020-11-22 21:30:00";32
"2020-11-22 22:00:00";31
"2020-11-22 22:30:00";32
"2020-11-22 23:00:00";31
"2020-11-22 23:30:00";31
"2020-11-23 00:00:00";31
"2020-11-23 01:00:00";31
"2020-11-23 02:00:00";32
"2020-11-23 02:30:00";33
"2020-11-23 03:00:00";31
"2020-11-23 03:30:00";31
"2020-11-23 04:00:00";32
"2020-11-23 04:30:00";31
"2020-11-23 05:00:00";31
"2020-11-23 05:30:00";31
"2020-11-23 06:00:00";32
"2020-11-23 06:30:00";31
"2020-11-23 07:00:00";32
"2020-11-23 08:00:00";31
"2020-11-23 08:30:00";31
"2020-11-23 09:30:00";34
"2020-11-23 10:00:00";32
"2020-11-23 10:30:00";27
"2020-11-23 11:00:00";27
"2020-11-23 11:30:00";25
"2020-11-23 12:00:00";26
"2020-11-23 12:30:00";24
"2020-11-23 13:00:00";22
"2020-11-23 13:30:00";27
"2020-11-23 14:00:00";29
"2020-11-23 14:30:00";29
"2020-11-23 15:00:00";31
"2020-11-23 15:30:00";30
"2020-11-23 16:00:00";31
"2020-11-23 16:30:00";31
"2020-11-23 17:00:00";30
"2020-11-23 17:30:00";31
"2020-11-23 18:00:00";32
"2020-11-23 18:30:00";31
"2020-11-23 19:00:00";30
"2020-11-23 19:30:00";31
"2020-11-23 20:00:00";31
"2020-11-23 21:00:00";32
"2020-11-23 21:30:00";31
"2020-11-23 22:00:00";31
"2020-11-23 22:30:00";33
"2020-11-23 23:00:00";31
"2020-11-23 23:30:00";31
"2020-11-24 00:00:00";30
"2020-11-24 01:00:00";32
"2020-11-24 01:30:00";32
"2020-11-24 02:00:00";30
"2020-11-24 03:00:00";32
"2020-11-24 03:30:00";31
"2020-11-24 04:00:00";31
"2020-11-24 04:30:00";32
"2020-11-24 05:00:00";32
"2020-11-24 05:30:00";31
"2020-11-24 06:00:00";33
"2020-11-24 06:30:00";33
"2020-11-24 07:00:00";32
"2020-11-24 07:30:00";32
"2020-11-24 08:00:00";31
"2020-11-24 08:30:00";32
"2020-11-24 09:00:00";33
"2020-11-24 09:30:00";32
"2020-11-24 10:00:00";31
"2020-11-24 10:30:00";29
"2020-11-24 11:00:00";27
"2020-11-24 11:30:00";27
"2020-11-24 12:00:00";27
"2020-11-24 12:30:00";24
"2020-11-24 13:00:00";23
"2020-11-24 13:30:00";27
"2020-11-24 14:00:00";30
"2020-11-24 14:30:00";29
"2020-11-24 15:00:00";32
"2020-11-24 15:30:00";27
"2020-11-24 16:00:00";31
"2020-11-24 16:30:00";30
"2020-11-24 17:30:00";31
"2020-11-24 18:00:00";31
"2020-11-24 18:30:00";31
"2020-11-24 19:00:00";31
"2020-11-24 19:30:00";30
"2020-11-24 20:00:00";31
"2020-11-24 20:30:00";32
"2020-11-24 21:00:00";31
"2020-11-24 21:30:00";32
"2020-11-24 22:00:00";31
"2020-11-24 22:30:00";32
"2020-11-24 23:00:00";29
"2020-11-24 23:30:00";29
"2020-11-25 00:00:00";32
"2020-11-25 01:00:00";30
"2020-11-25 02:00:00";31
"2020-11-25 02:30:00";31
"2020-11-25 03:00:00";32
"2020-11-25 03:30:00";31
"2020-11-25 04:00:00";31
"2020-11-25 04:30:00";31
"2020-11-25 05:00:00";32
"2020-11-25 05:30:00";31
"2020-11-25 06:00:00";31
"2020-11-25 06:30:00";31
"2020-11-25 07:00:00";31
"2020-11-25 07:30:00";31
"2020-11-25 08:00:00";30
"2020-11-25 08:30:00";30
"2020-11-25 09:00:00";30
"2020-11-25 09:30:00";32
"2020-11-25 10:00:00";32
"2020-11-25 10:30:00";28
"2020-11-25 11:00:00";26
"2020-11-25 11:30:00";25
"2020-11-25 12:00:00";26
"2020-11-25 12:30:00";24
"2020-11-25 13:00:00";22
"2020-11-25 13:30:00";26
"2020-11-25 14:00:00";27
"2020-11-25 14:30:00";29
"2020-11-25 15:30:00";30
"2020-11-25 16:00:00";30
"2020-11-25 16:30:00";29
"2020-11-25 17:00:00";31
"2020-11-25 17:30:00";29
"2020-11-25 18:00:00";29
"2020-11-25 18:30:00";30
"2020-11-25 19:00:00";32
"2020-11-25 19:30:00";29
"2020-11-25 20:00:00";29
"2020-11-25 20:30:00";31
"2020-11-25 21:00:00";30
"2020-11-25 21:30:00";30
"2020-11-25 22:00:00";28
"2020-11-25 22:30:00";30
"2020-11-25 23:00:00";29
"2020-11-25 23:30:00";31
"2020-11-26 00:00:00";30
"2020-11-26 01:00:00";32
"2020-11-26 01:30:00";30
"2020-11-26 02:30:00";30
"2020-11-26 03:00:00";31
"2020-11-26 03:30:00";30
"2020-11-26 04:00:00";29
"2020-11-26 04:30:00";31
"2020-11-26 05:00:00";30
"2020-11-26 05:30:00";31
"2020-11-26 06:00:00";31
"2020-11-26 06:30:00";29
"2020-11-26 07:00:00";29
"2020-11-26 07:30:00";30
"2020-11-26 08:00:00";29
"2020-11-26 08:30:00";30
"2020-11-26 09:00:00";30
"2020-11-26 09:30:00";29
"2020-11-26 10:00:00";30
"2020-11-26 10:30:00";27
"2020-11-26 11:00:00";27
"2020-11-26 11:30:00";25
"2020-11-26 12:00:00";24
"2020-11-26 12:30:00";24
"2020-11-26 13:00:00";22
"2020-11-26 13:30:00";25
"2020-11-26 14:00:00";26
"2020-11-26 14:30:00";28
"2020-11-26 15:00:00";28
"2020-11-26 15:30:00";30
"2020-11-26 16:00:00";29
"2020-11-26 16:30:00";29
"2020-11-26 17:00:00";28
"2020-11-26 17:30:00";29
"2020-11-26 18:00:00";30
"2020-11-26 18:30:00";28
"2020-11-26 19:00:00";30
"2020-11-26 19:30:00";28
"2020-11-26 20:00:00";30
"2020-11-26 20:30:00";30
"2020-11-26 21:00:00";28
"2020-11-26 21:30:00";30
"2020-11-26 22:00:00";31
"2020-11-26 22:30:00";29
"2020-11-26 23:00:00";30
"2020-11-26 23:30:00";30
"2020-11-27 00:00:00";29
"2020-11-27 01:00:00";29
"2020-11-27 01:30:00";29
"2020-11-27 02:00:00";30
"2020-11-27 03:00:00";30
"2020-11-27 03:30:00";30
"2020-11-27 04:00:00";29
"2020-11-27 04:30:00";30
"2020-11-27 05:00:00";30
"2020-11-27 05:30:00";29
"2020-11-27 06:00:00";29
"2020-11-27 06:30:00";29
"2020-11-27 07:00:00";29
"2020-11-27 07:30:00";30
"2020-11-27 08:00:00";30
"2020-11-27 08:30:00";29
"2020-11-27 09:00:00";28
"2020-11-27 09:30:00";31
"2020-11-27 10:00:00";28
"2020-11-27 10:30:00";27
"2020-11-27 11:00:00";26
"2020-11-27 11:30:00";24
"2020-11-27 12:00:00";25
"2020-11-27 12:30:00";22
"2020-11-27 13:00:00";21
"2020-11-27 13:30:00";25
"2020-11-27 14:00:00";27
"2020-11-27 14:30:00";27
"2020-11-27 15:00:00";29
"2020-11-27 15:30:00";29
"2020-11-27 16:00:00";28
"2020-11-27 16:30:00";27
"2020-11-27 17:00:00";29
"2020-11-27 17:30:00";28
"2020-11-27 18:00:00";29
"2020-11-27 18:30:00";29
"2020-11-27 19:00:00";29
"2020-11-27 19:30:00";30
"2020-11-27 20:00:00";30
"2020-11-27 20:30:00";28
"2020-11-27 21:00:00";31
"2020-11-27 21:30:00";30
"2020-11-27 22:00:00";30
"2020-11-27 22:30:00";30
"2020-11-27 23:00:00";30
"2020-11-27 23:30:00";29
"2020-11-28 00:00:00";31
"2020-11-28 02:00:00";29
"2020-11-28 02:30:00";30
"2020-11-28 03:00:00";30
"2020-11-28 03:30:00";30
"2020-11-28 04:00:00";29
"2020-11-28 05:00:00";30
"2020-11-28 05:30:00";29
"2020-11-28 06:00:00";28
"2020-11-28 06:30:00";28
"2020-11-28 07:00:00";30
"2020-11-28 07:30:00";29
"2020-11-28 08:00:00";30
"2020-11-28 08:30:00";28
"2020-11-28 09:00:00";28
"2020-11-28 09:30:00";30
"2020-11-28 10:00:00";29
"2020-11-28 10:30:00";25
"2020-11-28 11:00:00";28
"2020-11-28 11:30:00";27
"2020-11-28 12:00:00";27
"2020-11-28 12:30:00";22
"2020-11-28 13:00:00";21
"2020-11-28 13:30:00";28
"2020-11-28 14:00:00";26
"2020-11-28 14:30:00";28
"2020-11-28 15:00:00";28
"2020-11-28 15:30:00";27
"2020-11-28 16:00:00";27
"2020-11-28 16:30:00";27
"2020-11-28 17:00:00";29
"2020-11-28 17:30:00";28
"2020-11-28 18:00:00";28
"2020-11-28 18:30:00";28
"2020-11-28 19:00:00";29
"2020-11-28 19:30:00";28
"2020-11-28 20:00:00";29
"2020-11-28 20:30:00";29
"2020-11-28 21:00:00";30
"2020-11-28 21:30:00";29
"2020-11-28 22:00:00";28
"2020-11-28 22:30:00";28
"2020-11-28 23:00:00";28
"2020-11-28 23:30:00";30
"2020-11-29 00:00:00";28
"2020-11-29 01:30:00";29
"2020-11-29 02:00:00";30
"2020-11-29 02:30:00";28
"2020-11-29 03:00:00";28
"2020-11-29 04:00:00";28
"2020-11-29 04:30:00";30
"2020-11-29 05:00:00";28
"2020-11-29 05:30:00";29
"2020-11-29 06:00:00";28
"2020-11-29 06:30:00";28
"2020-11-29 07:00:00";28
"2020-11-29 08:00:00";29
"2020-11-29 08:30:00";29
"2020-11-29 09:00:00";29
"2020-11-29 09:30:00";29
"2020-11-29 10:00:00";30
"2020-11-29 10:30:00";28
"2020-11-29 11:00:00";26
"2020-11-29 11:30:00";25
"2020-11-29 12:00:00";25
"2020-11-29 12:30:00";22
"2020-11-29 13:00:00";23
"2020-11-29 13:30:00";25
"2020-11-29 14:00:00";27
"2020-11-29 14:30:00";27
"2020-11-29 15:00:00";27
"2020-11-29 15:30:00";27
"2020-11-29 16:00:00";28
"2020-11-29 16:30:00";28
"2020-11-29 17:00:00";27
"2020-11-29 17:30:00";29
"2020-11-29 18:00:00";29
"2020-11-29 18:30:00";28
"2020-11-29 19:00:00";28
"2020-11-29 19:30:00";29
"2020-11-29 20:00:00";29
"2020-11-29 20:30:00";29
"2020-11-29 21:00:00";28
"2020-11-29 22:00:00";28
"2020-11-29 22:30:00";28
"2020-11-29 23:00:00";29
"2020-11-29 23:30:00";29
"2020-11-30 00:00:00";29
"2020-11-30 01:00:00";28
"2020-11-30 02:00:00";28
"2020-11-30 02:30:00";29
"2020-11-30 03:30:00";30
"2020-11-30 04:00:00";29
"2020-11-30 04:30:00";28
"2020-11-30 05:00:00";29
"2020-11-30 05:30:00";28
"2020-11-30 06:00:00";28
"2020-11-30 06:30:00";29
"2020-11-30 07:00:00";27
"2020-11-30 08:00:00";29
"2020-11-30 08:30:00";27
"2020-11-30 09:00:00";29
"2020-11-30 09:30:00";29
"2020-11-30 10:00:00";29
"2020-11-30 10:30:00";25
"2020-11-30 11:30:00";23
"2020-11-30 12:00:00";23
"2020-11-30 12:30:00";23
"2020-11-30 13:00:00";22
"2020-11-30 13:30:00";26
"2020-11-30 14:00:00";27
"2020-11-30 14:30:00";26
"2020-11-30 15:00:00";27
"2020-11-30 15:30:00";28
"2020-11-30 16:00:00";26
"2020-11-30 16:30:00";27
"2020-11-30 17:00:00";28
"2020-11-30 17:30:00";28
"2020-11-30 18:00:00";28
"2020-11-30 18:30:00";28
"2020-11-30 19:00:00";29
"2020-11-30 19:30:00";29
"2020-11-30 20:00:00";29
"2020-11-30 20:30:00";28
"2020-11-30 21:00:00";29
"2020-11-30 21:30:00";29
"2020-11-30 22:00:00";29
"2020-11-30 22:30:00";28
"2020-11-30 23:00:00";29
"2020-11-30 23:30:00";29
"2020-12-01 01:00:00";29
"2020-12-01 02:00:00";28
"2020-12-01 02:30:00";29
"2020-12-01 03:00:00";28
"2020-12-01 04:00:00";28
"2020-12-01 04:30:00";29
"2020-12-01 05:00:00";27
"2020-12-01 05:30:00";28
"2020-12-01 06:30:00";27
"2020-12-01 07:00:00";28
"2020-12-01 08:00:00";28
"2020-12-01 08:30:00";28
"2020-12-01 09:00:00";28
"2020-12-01 09:30:00";28
"2020-12-01 10:30:00";27
"2020-12-01 11:00:00";27
"2020-12-01 11:30:00";27
"2020-12-01 12:30:00";27
"2020-12-01 13:00:00";27
"2020-12-01 13:30:00";27
"2020-12-01 14:00:00";27
"2020-12-01 14:30:00";27
"2020-12-01 15:00:00";28
"2020-12-01 15:30:00";27
"2020-12-01 16:00:00";29
"2020-12-01 16:30:00";28
"2020-12-01 17:00:00";28
"2020-12-01 17:30:00";27
"2020-12-01 18:00:00";29
"2020-12-01 18:30:00";28
"2020-12-01 19:00:00";28
"2020-12-01 19:30:00";28
"2020-12-01 20:00:00";28
"2020-12-01 20:30:00";28
"2020-12-01 21:00:00";28
"2020-12-01 21:30:00";28
"2020-12-01 22:00:00";29
"2020-12-01 22:30:00";28
"2020-12-01 23:30:00";29
"2020-12-02 00:00:00";28
"2020-12-02 01:00:00";28
"2020-12-02 01:30:00";28
"2020-12-02 02:00:00";27
"2020-12-02 02:30:00";28
"2020-12-02 03:00:00";28
"2020-12-02 03:30:00";28
"2020-12-02 04:00:00";27
"2020-12-02 04:30:00";28
"2020-12-02 05:00:00";28
"2020-12-02 05:30:00";28
"2020-12-02 06:00:00";28
"2020-12-02 07:00:00";29
"2020-12-02 07:30:00";29
"2020-12-02 08:00:00";28
"2020-12-02 08:30:00";27
"2020-12-02 09:00:00";27
"2020-12-02 09:30:00";28
"2020-12-02 10:00:00";29
"2020-12-02 10:30:00";28
"2020-12-02 11:00:00";28
"2020-12-02 12:00:00";29
"2020-12-02 12:30:00";28
"2020-12-02 13:00:00";28
"2020-12-02 13:30:00";29
"2020-12-02 14:00:00";28
"2020-12-02 14:30:00";28
"2020-12-02 15:00:00";27
"2020-12-02 15:30:00";28
"2020-12-02 16:00:00";28
"2020-12-02 16:30:00";28
"2020-12-02 17:00:00";29
"2020-12-02 17:30:00";29
"2020-12-02 18:00:00";28
"2020-12-02 18:30:00";29
"2020-12-02 19:30:00";28
"2020-12-02 20:00:00";28
"2020-12-02 20:30:00";28
"2020-12-02 21:00:00";28
"2020-12-02 21:30:00";29
"2020-12-02 22:30:00";28
"2020-12-02 23:00:00";28
"2020-12-02 23:30:00";28
"2020-12-03 00:00:00";28
"2020-12-03 01:00:00";28
"2020-12-03 01:30:00";29
"2020-12-03 02:30:00";27
"2020-12-03 03:00:00";28
"2020-12-03 03:30:00";28
"2020-12-03 04:30:00";27
"2020-12-03 05:00:00";27
"2020-12-03 05:30:00";28
"2020-12-03 06:00:00";27
"2020-12-03 07:00:00";28
"2020-12-03 07:30:00";28
"2020-12-03 08:00:00";27
"2020-12-03 09:00:00";28
"2020-12-03 09:30:00";27
"2020-12-03 10:00:00";28
"2020-12-03 10:30:00";24
"2020-12-03 11:00:00";22
"2020-12-03 11:30:00";21
"2020-12-03 12:00:00";23
"2020-12-03 12:30:00";19
"2020-12-03 13:00:00";18
"2020-12-03 13:30:00";24
"2020-12-03 14:30:00";27
"2020-12-03 15:00:00";27
"2020-12-03 15:30:00";25
"2020-12-03 16:00:00";27
"2020-12-03 16:30:00";26
"2020-12-03 17:00:00";26
"2020-12-03 17:30:00";27
"2020-12-03 18:00:00";28
"2020-12-03 18:30:00";28
"2020-12-03 19:00:00";28
"2020-12-03 19:30:00";29
"2020-12-03 20:00:00";28
"2020-12-03 21:00:00";27
"2020-12-03 21:30:00";28
"2020-12-03 22:00:00";27
"2020-12-03 22:30:00";28
"2020-12-03 23:00:00";28
"2020-12-03 23:30:00";27
"2020-12-04 00:00:00";28
"2020-12-04 01:00:00";27
"2020-12-04 02:00:00";28
"2020-12-04 02:30:00";29
"2020-12-04 03:00:00";28
"2020-12-04 03:30:00";28
"2020-12-04 04:00:00";28
"2020-12-04 04:30:00";28
"2020-12-04 05:00:00";28
"2020-12-04 05:30:00";28
"2020-12-04 06:00:00";28
"2020-12-04 06:30:00";28
"2020-12-04 07:00:00";27
"2020-12-04 07:30:00";27
"2020-12-04 08:00:00";27
"2020-12-04 08:30:00";27
"2020-12-04 09:30:00";28
"2020-12-04 10:00:00";27
"2020-12-04 10:30:00";29
"2020-12-04 11:00:00";27
"2020-12-04 11:30:00";28
"2020-12-04 12:00:00";28
"2020-12-04 12:30:00";29
"2020-12-04 13:00:00";28
"2020-12-04 13:30:00";27
"2020-12-04 14:00:00";28
"2020-12-04 14:30:00";27
"2020-12-04 15:00:00";28
"2020-12-04 15:30:00";29
"2020-12-04 16:00:00";29
"2020-12-04 16:30:00";28
"2020-12-04 17:00:00";29
"2020-12-04 17:30:00";28
"2020-12-04 18:00:00";28
"2020-12-04 18:30:00";28
"2020-12-04 19:00:00";27
"2020-12-04 19:30:00";27
"2020-12-04 20:00:00";26
"2020-12-04 20:30:00";28
"2020-12-04 21:00:00";27
"2020-12-04 21:30:00";28
"2020-12-04 22:00:00";28
"2020-12-04 22:30:00";28
"2020-12-04 23:00:00";29
"2020-12-05 00:00:00";29
"2020-12-05 02:00:00";28
"2020-12-05 02:30:00";28
"2020-12-05 03:00:00";29
"2020-12-05 03:30:00";29
"2020-12-05 04:30:00";29
"2020-12-05 05:00:00";29
"2020-12-05 05:30:00";28
"2020-12-05 06:00:00";27
"2020-12-05 06:30:00";28
"2020-12-05 07:00:00";28
"2020-12-05 07:30:00";27
"2020-12-05 08:00:00";28
"2020-12-05 08:30:00";28
"2020-12-05 09:00:00";27
"2020-12-05 09:30:00";28
"2020-12-05 10:00:00";27
"2020-12-05 10:30:00";29
"2020-12-05 11:00:00";27
"2020-12-05 11:30:00";29
"2020-12-05 12:00:00";28
"2020-12-05 12:30:00";28
"2020-12-05 13:00:00";26
"2020-12-05 13:30:00";27
"2020-12-05 14:00:00";29
"2020-12-05 14:30:00";27
"2020-12-05 15:00:00";27
"2020-12-05 15:30:00";27
"2020-12-05 16:00:00";29
"2020-12-05 16:30:00";28
"2020-12-05 17:00:00";28
"2020-12-05 17:30:00";29
"2020-12-05 18:00:00";29
"2020-12-05 18:30:00";29
"2020-12-05 19:00:00";28
"2020-12-05 19:30:00";29
"2020-12-05 20:00:00";30
"2020-12-05 20:30:00";28
"2020-12-05 21:00:00";28
"2020-12-05 21:30:00";29
"2020-12-05 22:00:00";29
"2020-12-05 22:30:00";28
"2020-12-05 23:00:00";29
"2020-12-05 23:30:00";28
"2020-12-06 00:00:00";30
"2020-12-06 01:00:00";29
"2020-12-06 01:30:00";29
"2020-12-06 02:00:00";30
"2020-12-06 03:00:00";29
"2020-12-06 03:30:00";29
"2020-12-06 04:00:00";30
"2020-12-06 04:30:00";28
"2020-12-06 05:00:00";30
"2020-12-06 05:30:00";29
"2020-12-06 06:00:00";28
"2020-12-06 06:30:00";30
"2020-12-06 07:00:00";28
"2020-12-06 07:30:00";28
"2020-12-06 08:00:00";28
"2020-12-06 08:30:00";27
"2020-12-06 09:00:00";29
"2020-12-06 09:30:00";29
"2020-12-06 10:00:00";29
"2020-12-06 10:30:00";28
"2020-12-06 11:00:00";29
"2020-12-06 11:30:00";28
"2020-12-06 12:00:00";27
"2020-12-06 12:30:00";28
"2020-12-06 13:00:00";27
"2020-12-06 13:30:00";29
"2020-12-06 14:00:00";28
"2020-12-06 14:30:00";28
"2020-12-06 15:00:00";28
"2020-12-06 15:30:00";27
"2020-12-06 16:00:00";29
"2020-12-06 16:30:00";29
"2020-12-06 17:00:00";29
"2020-12-06 17:30:00";28
"2020-12-06 18:00:00";26
"2020-12-06 18:30:00";29
"2020-12-06 19:00:00";28
"2020-12-06 19:30:00";28
"2020-12-06 20:00:00";28
"2020-12-06 21:00:00";28
"2020-12-06 21:30:00";29
"2020-12-06 22:00:00";29
"2020-12-06 22:30:00";28
"2020-12-06 23:00:00";29
"2020-12-06 23:30:00";29
"2020-12-07 01:00:00";28
"2020-12-07 02:00:00";29
"2020-12-07 02:30:00";28
"2020-12-07 03:00:00";28
"2020-12-07 03:30:00";27
"2020-12-07 04:00:00";29
"2020-12-07 04:30:00";28
"2020-12-07 05:00:00";28
"2020-12-07 05:30:00";29
"2020-12-07 06:00:00";29
"2020-12-07 06:30:00";30
"2020-12-07 07:00:00";28
"2020-12-07 07:30:00";29
"2020-12-07 08:30:00";29
"2020-12-07 09:00:00";29
"2020-12-07 09:30:00";28
"2020-12-07 10:00:00";29
"2020-12-07 10:30:00";29
"2020-12-07 11:00:00";29
"2020-12-07 11:30:00";29
"2020-12-07 12:00:00";29
"2020-12-07 12:30:00";29
"2020-12-07 13:00:00";30
"2020-12-07 13:30:00";29
"2020-12-07 14:00:00";29
"2020-12-07 14:30:00";29
"2020-12-07 15:00:00";29
"2020-12-07 15:30:00";29
"2020-12-07 16:00:00";28
"2020-12-07 16:30:00";29
"2020-12-07 17:00:00";28
"2020-12-07 17:30:00";29
"2020-12-07 18:00:00";28
"2020-12-07 18:30:00";29
"2020-12-07 19:00:00";28
"2020-12-07 19:30:00";30
"2020-12-07 20:00:00";28
"2020-12-07 21:00:00";28
"2020-12-07 21:30:00";28
"2020-12-07 22:00:00";29
"2020-12-07 23:00:00";28
"2020-12-07 23:30:00";28
"2020-12-08 00:00:00";28
"2020-12-08 01:00:00";28
"2020-12-08 02:00:00";28
"2020-12-08 02:30:00";27
"2020-12-08 03:00:00";27
"2020-12-08 03:30:00";28
"2020-12-08 04:00:00";27
"2020-12-08 04:30:00";28
"2020-12-08 05:00:00";28
"2020-12-08 05:30:00";28
"2020-12-08 06:00:00";27
"2020-12-08 06:30:00";28
"2020-12-08 07:00:00";27
"2020-12-08 07:30:00";28
"2020-12-08 08:00:00";27
"2020-12-08 08:30:00";27
"2020-12-08 09:00:00";28
"2020-12-08 09:30:00";29
"2020-12-08 10:00:00";28
"2020-12-08 11:00:00";28
"2020-12-08 11:30:00";27
"2020-12-08 12:00:00";28
"2020-12-08 12:30:00";27
"2020-12-08 13:00:00";27
"2020-12-08 13:30:00";28
"2020-12-08 14:00:00";28
"2020-12-08 14:30:00";29
"2020-12-08 15:00:00";28
"2020-12-08 15:30:00";29
"2020-12-08 16:00:00";29
"2020-12-08 16:30:00";27
"2020-12-08 17:00:00";28
"2020-12-08 17:30:00";29
"2020-12-08 18:00:00";28
"2020-12-08 18:30:00";29
"2020-12-08 19:00:00";29
"2020-12-08 19:30:00";28
"2020-12-08 20:30:00";27
"2020-12-08 21:00:00";29
"2020-12-08 21:30:00";28
"2020-12-08 22:00:00";27
"2020-12-08 22:30:00";29
"2020-12-08 23:30:00";29
"2020-12-09 00:00:00";27
"2020-12-09 01:00:00";29
"2020-12-09 02:00:00";29
"2020-12-09 02:30:00";28
"2020-12-09 03:00:00";29
"2020-12-09 04:00:00";27
"2020-12-09 04:30:00";28
"2020-12-09 05:00:00";29
"2020-12-09 06:00:00";28
"2020-12-09 07:00:00";30
"2020-12-09 08:00:00";28
"2020-12-09 09:00:00";28
"2020-12-09 09:30:00";28
"2020-12-09 10:00:00";29
"2020-12-09 10:30:00";28
"2020-12-09 11:30:00";28
"2020-12-09 12:30:00";28
"2020-12-09 13:00:00";29
"2020-12-09 13:30:00";28
"2020-12-09 14:00:00";28
"2020-12-09 15:00:00";28
"2020-12-09 16:00:00";29
"2020-12-09 16:30:00";28
"2020-12-09 17:00:00";27
"2020-12-09 18:00:00";28
"2020-12-09 18:30:00";28
"2020-12-09 19:00:00";28
"2020-12-09 20:00:00";28
"2020-12-09 20:30:00";28
"2020-12-09 21:00:00";27
"2020-12-09 22:00:00";28
"2020-12-09 23:00:00";27
"2020-12-09 23:30:00";29
"2020-12-10 00:00:00";28
"2020-12-10 01:00:00";28
"2020-12-10 01:30:00";27
"2020-12-10 02:30:00";28
"2020-12-10 03:30:00";28
"2020-12-10 04:30:00";27
"2020-12-10 05:30:00";28
"2020-12-10 06:00:00";27
"2020-12-10 06:30:00";28
"2020-12-10 07:00:00";28
"2020-12-10 08:00:00";28
"2020-12-10 08:30:00";28
"2020-12-10 09:30:00";28
"2020-12-10 10:00:00";28
"2020-12-10 10:30:00";28
"2020-12-10 11:00:00";28
"2020-12-10 11:30:00";28
"2020-12-10 12:00:00";27
"2020-12-10 12:30:00";28
"2020-12-10 13:00:00";27
"2020-12-10 13:30:00";27
"2020-12-10 14:00:00";27
"2020-12-10 14:30:00";27
"2020-12-10 15:00:00";26
"2020-12-10 15:30:00";28
"2020-12-10 16:00:00";27
"2020-12-10 16:30:00";27
"2020-12-10 17:00:00";28
"2020-12-10 18:00:00";27
"2020-12-10 18:30:00";27
"2020-12-10 19:00:00";27
"2020-12-10 19:30:00";27
"2020-12-10 20:00:00";28
"2020-12-10 21:00:00";27
"2020-12-10 21:30:00";27
"2020-12-10 22:00:00";28
"2020-12-10 22:30:00";26
"2020-12-10 23:00:00";28
"2020-12-11 00:00:00";27
"2020-12-11 01:00:00";27
"2020-12-11 02:00:00";26
"2020-12-11 02:30:00";26
"2020-12-11 03:00:00";27
"2020-12-11 03:30:00";27
"2020-12-11 04:00:00";26
"2020-12-11 05:00:00";27
"2020-12-11 05:30:00";28
"2020-12-11 06:00:00";27
"2020-12-11 06:30:00";28
"2020-12-11 07:00:00";27
"2020-12-11 07:30:00";27
"2020-12-11 08:00:00";27
"2020-12-11 08:30:00";28
"2020-12-11 09:00:00";27
"2020-12-11 09:30:00";27
"2020-12-11 10:00:00";26
"2020-12-11 10:30:00";28
"2020-12-11 11:00:00";26
"2020-12-11 11:30:00";27
"2020-12-11 12:00:00";26
"2020-12-11 12:30:00";26
"2020-12-11 13:00:00";26
"2020-12-11 14:00:00";26
"2020-12-11 14:30:00";26
"2020-12-11 15:00:00";27
"2020-12-11 15:30:00";27
"2020-12-11 16:00:00";28
"2020-12-11 16:30:00";28
"2020-12-11 17:00:00";27
"2020-12-11 17:30:00";27
"2020-12-11 18:00:00";28
"2020-12-11 18:30:00";28
"2020-12-11 19:00:00";26
"2020-12-11 19:30:00";27
"2020-12-11 20:00:00";27
"2020-12-11 20:30:00";27
"2020-12-11 21:00:00";26
"2020-12-11 21:30:00";27
"2020-12-11 22:00:00";27
"2020-12-11 22:30:00";26
"2020-12-11 23:00:00";27
"2020-12-11 23:30:00";27
"2020-12-12 00:00:00";26
"2020-12-12 01:30:00";26
"2020-12-12 02:00:00";27
"2020-12-12 03:00:00";26
"2020-12-12 03:30:00";28
"2020-12-12 04:00:00";27
"2020-12-12 04:30:00";27
"2020-12-12 05:00:00";28
"2020-12-12 05:30:00";27
"2020-12-12 06:00:00";28
"2020-12-12 06:30:00";28
"2020-12-12 07:00:00";27
"2020-12-12 08:00:00";28
"2020-12-12 08:30:00";27
"2020-12-12 09:00:00";26
"2020-12-12 09:30:00";28
"2020-12-12 10:00:00";26
"2020-12-12 10:30:00";27
"2020-12-12 11:00:00";26
"2020-12-12 11:30:00";26
"2020-12-12 12:30:00";23
"2020-12-12 13:00:00";23
"2020-12-12 13:30:00";24
"2020-12-12 14:00:00";25
"2020-12-12 15:00:00";26
"2020-12-12 15:30:00";26
"2020-12-12 16:00:00";26
"2020-12-12 16:30:00";27
"2020-12-12 17:00:00";27
"2020-12-12 17:30:00";27
"2020-12-12 18:00:00";25
"2020-12-12 19:00:00";26
"2020-12-12 19:30:00";26
"2020-12-12 20:00:00";27
"2020-12-12 21:00:00";26
"2020-12-12 21:30:00";26
"2020-12-12 22:00:00";26
"2020-12-12 22:30:00";26
"2020-12-12 23:00:00";26
"2020-12-12 23:30:00";26
"2020-12-13 00:00:00";27
"2020-12-13 01:00:00";26
"2020-12-13 02:00:00";26
"2020-12-13 03:00:00";26
"2020-12-13 03:30:00";27
"2020-12-13 04:00:00";26
"2020-12-13 04:30:00";26
"2020-12-13 05:00:00";26
"2020-12-13 05:30:00";26
"2020-12-13 06:00:00";26
"2020-12-13 06:30:00";27
"2020-12-13 07:00:00";26
"2020-12-13 07:30:00";27
"2020-12-13 08:00:00";26
"2020-12-13 08:30:00";26
"2020-12-13 09:00:00";27
"2020-12-13 09:30:00";27
"2020-12-13 10:00:00";29
"2020-12-13 10:30:00";24
"2020-12-13 11:00:00";23
"2020-12-13 12:00:00";21
"2020-12-13 12:30:00";22
"2020-12-13 13:00:00";21
"2020-12-13 13:30:00";24
"2020-12-13 14:00:00";25
"2020-12-13 14:30:00";26
"2020-12-13 15:00:00";26
"2020-12-13 15:30:00";27
"2020-12-13 16:00:00";26
"2020-12-13 16:30:00";27
"2020-12-13 17:00:00";27
"2020-12-13 18:00:00";28
"2020-12-13 18:30:00";29
"2020-12-13 19:00:00";27
"2020-12-13 19:30:00";27
"2020-12-13 20:00:00";27
"2020-12-13 20:30:00";26
"2020-12-13 21:00:00";26
"2020-12-13 21:30:00";27
"2020-12-13 22:00:00";27
"2020-12-13 22:30:00";26
"2020-12-13 23:00:00";27
"2020-12-13 23:30:00";26
"2020-12-14 00:00:00";27
"2020-12-14 01:30:00";27
"2020-12-14 02:00:00";27
"2020-12-14 02:30:00";25
"2020-12-14 03:30:00";26
"2020-12-14 04:00:00";28
"2020-12-14 04:30:00";26
"2020-12-14 05:00:00";26
"2020-12-14 05:30:00";26
"2020-12-14 06:00:00";27
"2020-12-14 07:00:00";26
"2020-12-14 08:00:00";26
"2020-12-14 09:00:00";26
"2020-12-14 09:30:00";26
"2020-12-14 10:00:00";26
"2020-12-14 10:30:00";25
"2020-12-14 11:00:00";25
"2020-12-14 11:30:00";25
"2020-12-14 12:00:00";24
"2020-12-14 12:30:00";25
"2020-12-14 13:00:00";23
"2020-12-14 13:30:00";23
"2020-12-14 14:00:00";26
"2020-12-14 14:30:00";27
"2020-12-14 15:00:00";26
"2020-12-14 15:30:00";27
"2020-12-14 16:00:00";27
"2020-12-14 16:30:00";25
"2020-12-14 17:00:00";27
"2020-12-14 18:00:00";26
"2020-12-14 18:30:00";26
"2020-12-14 19:00:00";27
"2020-12-14 19:30:00";26
"2020-12-14 20:00:00";27
"2020-12-14 20:30:00";26
"2020-12-14 21:00:00";28
"2020-12-14 21:30:00";27
"2020-12-14 22:00:00";27
"2020-12-14 23:00:00";27
"2020-12-14 23:30:00";28
"2020-12-15 00:00:00";29
"2020-12-15 01:00:00";27
"2020-12-15 02:00:00";29
"2020-12-15 02:30:00";27
"2020-12-15 03:00:00";27
"2020-12-15 03:30:00";27
"2020-12-15 04:00:00";28
"2020-12-15 04:30:00";26
"2020-12-15 05:00:00";28
"2020-12-15 05:30:00";27
"2020-12-15 06:00:00";27
"2020-12-15 06:30:00";28
"2020-12-15 07:00:00";27
"2020-12-15 07:30:00";27
"2020-12-15 08:00:00";28
"2020-12-15 08:30:00";28
"2020-12-15 09:00:00";28
"2020-12-15 09:30:00";28
"2020-12-15 10:00:00";27
"2020-12-15 10:30:00";27
"2020-12-15 11:00:00";26
"2020-12-15 12:00:00";26
"2020-12-15 12:30:00";27
"2020-12-15 13:00:00";26
"2020-12-15 13:30:00";27
"2020-12-15 14:30:00";26
"2020-12-15 15:00:00";28
"2020-12-15 15:30:00";25
"2020-12-15 16:00:00";26
"2020-12-15 16:30:00";26
"2020-12-15 17:00:00";27
"2020-12-15 17:30:00";27
"2020-12-15 18:00:00";28
"2020-12-15 18:30:00";28
"2020-12-15 19:00:00";27
"2020-12-15 19:30:00";28
"2020-12-15 20:00:00";28
"2020-12-15 20:30:00";27
"2020-12-15 21:00:00";28
"2020-12-15 21:30:00";28
"2020-12-15 22:00:00";28
"2020-12-15 22:30:00";28
"2020-12-15 23:00:00";26
"2020-12-15 23:30:00";28
"2020-12-16 00:00:00";28
"2020-12-16 01:30:00";28
"2020-12-16 02:00:00";27
"2020-12-16 02:30:00";27
"2020-12-16 03:00:00";28
"2020-12-16 03:30:00";28
"2020-12-16 04:00:00";28
"2020-12-16 04:30:00";28
"2020-12-16 05:00:00";28
"2020-12-16 06:00:00";27
"2020-12-16 07:00:00";27
"2020-12-16 07:30:00";28
"2020-12-16 08:30:00";28
"2020-12-16 09:00:00";28
"2020-12-16 09:30:00";27
"2020-12-16 10:00:00";28
"2020-12-16 10:30:00";28
"2020-12-16 11:00:00";29
"2020-12-16 11:30:00";28
"2020-12-16 12:00:00";27
"2020-12-16 12:30:00";26
"2020-12-16 13:00:00";25
"2020-12-16 13:30:00";27
"2020-12-16 14:00:00";25
"2020-12-16 14:30:00";27
"2020-12-16 15:00:00";26
"2020-12-16 15:30:00";27
"2020-12-16 16:00:00";28
"2020-12-16 16:30:00";28
"2020-12-16 17:00:00";28
"2020-12-16 17:30:00";27
"2020-12-16 18:00:00";25
"2020-12-16 18:30:00";28
"2020-12-16 19:00:00";28
"2020-12-16 19:30:00";28
"2020-12-16 20:00:00";27
"2020-12-16 20:30:00";27
"2020-12-16 21:00:00";29
"2020-12-16 21:30:00";28
"2020-12-16 22:00:00";29
"2020-12-16 22:30:00";28
"2020-12-16 23:00:00";28
"2020-12-16 23:30:00";28
"2020-12-17 00:00:00";28
"2020-12-17 01:00:00";27
"2020-12-17 02:00:00";28
"2020-12-17 02:30:00";28
"2020-12-17 03:00:00";27
"2020-12-17 03:30:00";29
"2020-12-17 04:00:00";28
"2020-12-17 04:30:00";28
"2020-12-17 05:00:00";29
"2020-12-17 05:30:00";28
"2020-12-17 06:00:00";28
"2020-12-17 06:30:00";29
"2020-12-17 07:00:00";27
"2020-12-17 08:00:00";27
"2020-12-17 08:30:00";28
"2020-12-17 09:00:00";29
"2020-12-17 09:30:00";26
"2020-12-17 10:00:00";29
"2020-12-17 10:30:00";25
"2020-12-17 11:00:00";25
"2020-12-17 11:30:00";23
"2020-12-17 12:00:00";24
"2020-12-17 12:30:00";23
"2020-12-17 13:00:00";20
"2020-12-17 13:30:00";24
"2020-12-17 14:00:00";25
"2020-12-17 14:30:00";27
"2020-12-17 15:00:00";26
"2020-12-17 15:30:00";28
"2020-12-17 16:00:00";28
"2020-12-17 16:30:00";27
"2020-12-17 17:00:00";27
"2020-12-17 17:30:00";27
"2020-12-17 18:00:00";29
"2020-12-17 18:30:00";28
"2020-12-17 19:00:00";27
"2020-12-17 19:30:00";28
"2020-12-17 20:00:00";27
"2020-12-17 20:30:00";28
"2020-12-17 21:00:00";28
"2020-12-17 21:30:00";28
"2020-12-17 22:00:00";27
"2020-12-17 22:30:00";28
"2020-12-17 23:00:00";27
"2020-12-18 00:00:00";27
"2020-12-18 01:00:00";28
"2020-12-18 01:30:00";27
"2020-12-18 02:00:00";27
"2020-12-18 02:30:00";28
"2020-12-18 03:00:00";28
"2020-12-18 03:30:00";27
"2020-12-18 04:00:00";28
"2020-12-18 04:30:00";27
"2020-12-18 05:00:00";28
"2020-12-18 05:30:00";27
"2020-12-18 06:00:00";28
"2020-12-18 06:30:00";27
"2020-12-18 07:00:00";27
"2020-12-18 07:30:00";28
"2020-12-18 08:00:00";27
"2020-12-18 08:30:00";27
"2020-12-18 09:00:00";27
"2020-12-18 09:30:00";28
"2020-12-18 10:00:00";29
"2020-12-18 10:30:00";27
"2020-12-18 11:00:00";25
"2020-12-18 11:30:00";24
"2020-12-18 12:00:00";23
"2020-12-18 12:30:00";24
"2020-12-18 13:00:00";22
"2020-12-18 13:30:00";23
"2020-12-18 14:00:00";25
"2020-12-18 14:30:00";25
"2020-12-18 15:00:00";26
"2020-12-18 15:30:00";26
"2020-12-18 16:00:00";26
"2020-12-18 16:30:00";28
"2020-12-18 17:00:00";28
"2020-12-18 17:30:00";28
"2020-12-18 18:00:00";28
"2020-12-18 18:30:00";28
"2020-12-18 19:00:00";28
"2020-12-18 19:30:00";28
"2020-12-18 20:00:00";28
"2020-12-18 20:30:00";27
"2020-12-18 21:00:00";27
"2020-12-18 21:30:00";29
"2020-12-18 22:00:00";29
"2020-12-18 22:30:00";29
"2020-12-18 23:00:00";29
"2020-12-18 23:30:00";28
"2020-12-19 00:00:00";29
"2020-12-19 02:00:00";28
"2020-12-19 02:30:00";29
"2020-12-19 03:00:00";28
"2020-12-19 03:30:00";27
"2020-12-19 04:00:00";28
"2020-12-19 04:30:00";28
"2020-12-19 05:00:00";29
"2020-12-19 05:30:00";28
"2020-12-19 06:00:00";29
"2020-12-19 06:30:00";29
"2020-12-19 07:00:00";29
"2020-12-19 07:30:00";29
"2020-12-19 08:00:00";27
"2020-12-19 08:30:00";27
"2020-12-19 09:00:00";29
"2020-12-19 09:30:00";28
"2020-12-19 10:00:00";28
"2020-12-19 10:30:00";27
"2020-12-19 11:00:00";25
"2020-12-19 11:30:00";25
"2020-12-19 12:00:00";24
"2020-12-19 12:30:00";26
"2020-12-19 13:00:00";26
"2020-12-19 13:30:00";26
"2020-12-19 14:00:00";26
"2020-12-19 14:30:00";27
"2020-12-19 15:00:00";26
"2020-12-19 15:30:00";27
"2020-12-19 16:00:00";28
"2020-12-19 16:30:00";28
"2020-12-19 17:00:00";27
"2020-12-19 17:30:00";28
"2020-12-19 18:00:00";27
"2020-12-19 18:30:00";28
"2020-12-19 19:00:00";28
"2020-12-19 19:30:00";27
"2020-12-19 20:00:00";29
"2020-12-19 20:30:00";28
"2020-12-19 21:00:00";27
"2020-12-19 21:30:00";28
"2020-12-19 22:00:00";27
"2020-12-19 22:30:00";29
"2020-12-19 23:00:00";28
"2020-12-19 23:30:00";28
"2020-12-20 00:00:00";29
"2020-12-20 01:00:00";28
"2020-12-20 01:30:00";28
"2020-12-20 02:00:00";28
"2020-12-20 02:30:00";28
"2020-12-20 03:00:00";28
"2020-12-20 03:30:00";28
"2020-12-20 04:00:00";27
"2020-12-20 04:30:00";29
"2020-12-20 05:00:00";27
"2020-12-20 05:30:00";27
"2020-12-20 06:00:00";27
"2020-12-20 06:30:00";27
"2020-12-20 07:00:00";28
"2020-12-20 07:30:00";28
"2020-12-20 08:00:00";28
"2020-12-20 08:30:00";26
"2020-12-20 09:00:00";28
"2020-12-20 09:30:00";29
"2020-12-20 10:00:00";29
"2020-12-20 10:30:00";29
"2020-12-20 11:00:00";28
"2020-12-20 11:30:00";27
"2020-12-20 12:00:00";28
"2020-12-20 12:30:00";28
"2020-12-20 13:00:00";28
"2020-12-20 13:30:00";28
"2020-12-20 14:00:00";28
"2020-12-20 14:30:00";28
"2020-12-20 15:00:00";28
"2020-12-20 15:30:00";28
"2020-12-20 16:00:00";27
"2020-12-20 16:30:00";28
"2020-12-20 17:00:00";28
"2020-12-20 17:30:00";27
"2020-12-20 18:00:00";29
"2020-12-20 18:30:00";28
"2020-12-20 19:00:00";28
"2020-12-20 19:30:00";28
"2020-12-20 20:00:00";29
"2020-12-20 20:30:00";28
"2020-12-20 21:00:00";28
"2020-12-20 21:30:00";28
"2020-12-20 22:00:00";28
"2020-12-20 22:30:00";27
"2020-12-20 23:00:00";28
"2020-12-20 23:30:00";27
"2020-12-21 00:00:00";28
"2020-12-21 01:00:00";29
"2020-12-21 02:00:00";26
"2020-12-21 03:00:00";28
"2020-12-21 03:30:00";28
"2020-12-21 04:00:00";28
"2020-12-21 05:00:00";27
"2020-12-21 05:30:00";28
"2020-12-21 06:00:00";28
"2020-12-21 06:30:00";28
"2020-12-21 07:00:00";28
"2020-12-21 07:30:00";27
"2020-12-21 08:00:00";28
"2020-12-21 08:30:00";28
"2020-12-21 09:00:00";29
"2020-12-21 09:30:00";28
"2020-12-21 10:00:00";29
"2020-12-21 10:30:00";26
"2020-12-21 11:00:00";28
"2020-12-21 11:30:00";27
"2020-12-21 12:00:00";27
"2020-12-21 12:30:00";28
"2020-12-21 13:00:00";28
"2020-12-21 13:30:00";28
"2020-12-21 14:00:00";27
"2020-12-21 14:30:00";27
"2020-12-21 15:00:00";27
"2020-12-21 15:30:00";27
"2020-12-21 16:00:00";27
"2020-12-21 16:30:00";27
"2020-12-21 17:00:00";26
"2020-12-21 17:30:00";28
"2020-12-21 18:00:00";29
"2020-12-21 18:30:00";28
"2020-12-21 19:00:00";29
"2020-12-21 19:30:00";27
"2020-12-21 20:00:00";27
"2020-12-21 20:30:00";28
"2020-12-21 21:00:00";27
"2020-12-21 21:30:00";27
"2020-12-21 22:00:00";29
"2020-12-21 22:30:00";29
"2020-12-21 23:00:00";27
"2020-12-21 23:30:00";28
"2020-12-22 00:00:00";28
"2020-12-22 01:00:00";29
"2020-12-22 02:00:00";28
"2020-12-22 02:30:00";28
"2020-12-22 03:00:00";27
"2020-12-22 03:30:00";27
"2020-12-22 04:00:00";28
"2020-12-22 04:30:00";28
"2020-12-22 05:00:00";28
"2020-12-22 05:30:00";27
"2020-12-22 06:00:00";28
"2020-12-22 06:30:00";28
"2020-12-22 07:00:00";28
"2020-12-22 07:30:00";28
"2020-12-22 08:00:00";28
"2020-12-22 08:30:00";29
"2020-12-22 09:00:00";28
"2020-12-22 09:30:00";28
"2020-12-22 10:00:00";27
"2020-12-22 10:30:00";27
"2020-12-22 11:00:00";25
"2020-12-22 11:30:00";27
"2020-12-22 12:00:00";27
"2020-12-22 13:00:00";27
"2020-12-22 13:30:00";26
"2020-12-22 14:00:00";28
"2020-12-22 14:30:00";26
"2020-12-22 15:00:00";28
"2020-12-22 15:30:00";27
"2020-12-22 16:00:00";27
"2020-12-22 16:30:00";28
"2020-12-22 17:00:00";28
"2020-12-22 17:30:00";27
"2020-12-22 18:00:00";29
"2020-12-22 18:30:00";27
"2020-12-22 19:00:00";29
"2020-12-22 19:30:00";28
"2020-12-22 20:00:00";28
"2020-12-22 20:30:00";29
"2020-12-22 21:00:00";28
"2020-12-22 21:30:00";29
"2020-12-22 22:00:00";27
"2020-12-22 22:30:00";28
"2020-12-22 23:00:00";28
"2020-12-22 23:30:00";29
"2020-12-23 01:00:00";29
"2020-12-23 02:00:00";28
"2020-12-23 02:30:00";27
"2020-12-23 03:00:00";29
"2020-12-23 04:00:00";28
"2020-12-23 04:30:00";29
"2020-12-23 05:00:00";28
"2020-12-23 05:30:00";29
"2020-12-23 06:00:00";29
"2020-12-23 06:30:00";28
"2020-12-23 07:00:00";30
"2020-12-23 07:30:00";29
"2020-12-23 08:00:00";28
"2020-12-23 08:30:00";30
"2020-12-23 09:00:00";30
"2020-12-23 09:30:00";29
"2020-12-23 10:00:00";29
"2020-12-23 10:30:00";29
"2020-12-23 11:00:00";30
"2020-12-23 11:30:00";29
"2020-12-23 12:00:00";27
"2020-12-23 12:30:00";28
"2020-12-23 13:00:00";27
"2020-12-23 13:30:00";28
"2020-12-23 14:00:00";28
"2020-12-23 14:30:00";28
"2020-12-23 15:00:00";27
"2020-12-23 15:30:00";28
"2020-12-23 16:00:00";28
"2020-12-23 16:30:00";29
"2020-12-23 17:00:00";28
"2020-12-23 17:30:00";29
"2020-12-23 18:00:00";28
"2020-12-23 19:00:00";29
"2020-12-23 19:30:00";29
"2020-12-23 20:00:00";29
"2020-12-23 20:30:00";27
"2020-12-23 21:00:00";29
"2020-12-23 21:30:00";29
"2020-12-23 22:00:00";28
"2020-12-23 22:30:00";29
"2020-12-23 23:00:00";29
"2020-12-24 00:00:00";29
"2020-12-24 01:00:00";29
"2020-12-24 02:00:00";28
"2020-12-24 02:30:00";28
"2020-12-24 03:00:00";30
"2020-12-24 04:00:00";29
"2020-12-24 05:00:00";29
"2020-12-24 05:30:00";29
"2020-12-24 06:00:00";29
"2020-12-24 06:30:00";29
"2020-12-24 07:00:00";29
"2020-12-24 07:30:00";29
"2020-12-24 08:00:00";27
"2020-12-24 08:30:00";29
"2020-12-24 09:00:00";29
"2020-12-24 09:30:00";28
"2020-12-24 10:00:00";29
"2020-12-24 10:30:00";30
"2020-12-24 11:00:00";29
"2020-12-24 12:00:00";29
"2020-12-24 12:30:00";28
"2020-12-24 13:00:00";28
"2020-12-24 13:30:00";28
"2020-12-24 14:00:00";28
"2020-12-24 14:30:00";29
"2020-12-24 15:30:00";28
"2020-12-24 16:00:00";29
"2020-12-24 16:30:00";29
"2020-12-24 17:00:00";29
"2020-12-24 17:30:00";29
"2020-12-24 18:00:00";31
"2020-12-24 19:00:00";30
"2020-12-24 19:30:00";29
"2020-12-24 20:00:00";29
"2020-12-24 20:30:00";29
"2020-12-24 21:00:00";29
"2020-12-24 21:30:00";30
"2020-12-24 22:00:00";30
"2020-12-24 22:30:00";28
"2020-12-24 23:00:00";27
"2020-12-24 23:30:00";28
"2020-12-25 00:00:00";30
"2020-12-25 01:00:00";28
"2020-12-25 02:00:00";28
"2020-12-25 02:30:00";28
"2020-12-25 03:00:00";28
"2020-12-25 04:00:00";28
"2020-12-25 04:30:00";28
"2020-12-25 05:00:00";28
"2020-12-25 06:00:00";29
"2020-12-25 06:30:00";28
"2020-12-25 07:00:00";28
"2020-12-25 07:30:00";28
"2020-12-25 08:00:00";28
"2020-12-25 09:00:00";29
"2020-12-25 09:30:00";28
"2020-12-25 10:00:00";29
"2020-12-25 11:00:00";29
"2020-12-25 12:00:00";30
"2020-12-25 13:00:00";27
"2020-12-25 14:00:00";28
"2020-12-25 15:00:00";28
"2020-12-25 16:00:00";27
"2020-12-25 17:00:00";29
"2020-12-25 17:30:00";27
"2020-12-25 18:00:00";27
"2020-12-25 18:30:00";28
"2020-12-25 19:00:00";27
"2020-12-25 19:30:00";27
"2020-12-25 20:00:00";27
"2020-12-25 20:30:00";26
"2020-12-25 21:00:00";26
"2020-12-25 21:30:00";27
"2020-12-25 22:00:00";26
"2020-12-25 22:30:00";27
"2020-12-25 23:00:00";29
"2020-12-25 23:30:00";25
"2020-12-26 01:30:00";26
"2020-12-26 02:30:00";27
"2020-12-26 03:00:00";26
"2020-12-26 03:30:00";25
"2020-12-26 04:00:00";26
"2020-12-26 04:30:00";27
"2020-12-26 05:00:00";27
"2020-12-26 05:30:00";26
"2020-12-26 06:00:00";25
"2020-12-26 06:30:00";27
"2020-12-26 07:00:00";26
"2020-12-26 08:00:00";25
"2020-12-26 09:00:00";26
"2020-12-26 10:00:00";26
"2020-12-26 11:00:00";22
"2020-12-26 11:30:00";22
"2020-12-26 12:00:00";20
"2020-12-26 13:00:00";18
"2020-12-26 14:00:00";22
"2020-12-26 15:00:00";24
"2020-12-26 16:00:00";24
"2020-12-26 16:30:00";25
"2020-12-26 17:00:00";25
"2020-12-26 17:30:00";25
"2020-12-26 18:00:00";24
"2020-12-26 19:00:00";24
"2020-12-26 19:30:00";25
"2020-12-26 20:00:00";25
"2020-12-26 20:30:00";25
"2020-12-26 21:00:00";25
"2020-12-26 21:30:00";25
"2020-12-26 22:00:00";26
"2020-12-26 22:30:00";25
"2020-12-26 23:00:00";25
"2020-12-26 23:30:00";24
"2020-12-27 00:00:00";25
"2020-12-27 01:00:00";24
"2020-12-27 02:00:00";25
"2020-12-27 02:30:00";25
"2020-12-27 03:00:00";24
"2020-12-27 03:30:00";25
"2020-12-27 04:30:00";24
"2020-12-27 05:00:00";25
"2020-12-27 06:00:00";24
"2020-12-27 06:30:00";24
"2020-12-27 07:00:00";23
"2020-12-27 07:30:00";24
"2020-12-27 08:00:00";23
"2020-12-27 09:00:00";24
"2020-12-27 10:00:00";24
"2020-12-27 11:00:00";23
"2020-12-27 12:00:00";24
"2020-12-27 12:30:00";23
"2020-12-27 13:00:00";24
"2020-12-27 14:00:00";24
"2020-12-27 15:00:00";25
"2020-12-27 15:30:00";25
"2020-12-27 16:00:00";26
"2020-12-27 16:30:00";26
"2020-12-27 17:30:00";25
"2020-12-27 18:00:00";25
"2020-12-27 19:00:00";26
"2020-12-27 19:30:00";25
"2020-12-27 20:00:00";25
"2020-12-27 20:30:00";25
"2020-12-27 21:00:00";25
"2020-12-27 21:30:00";26
"2020-12-27 22:00:00";24
"2020-12-27 23:00:00";26
"2020-12-27 23:30:00";26
"2020-12-28 01:00:00";24
"2020-12-28 01:30:00";25
"2020-12-28 02:30:00";25
"2020-12-28 03:00:00";26
"2020-12-28 03:30:00";24
"2020-12-28 04:30:00";24
"2020-12-28 05:00:00";24
"2020-12-28 05:30:00";24
"2020-12-28 06:30:00";25
"2020-12-28 07:00:00";24
"2020-12-28 08:00:00";24
"2020-12-28 08:30:00";25
"2020-12-28 09:00:00";25
"2020-12-28 10:00:00";25
"2020-12-28 11:00:00";24
"2020-12-28 12:00:00";24
"2020-12-28 13:00:00";25
"2020-12-28 14:00:00";24
"2020-12-28 15:00:00";24
"2020-12-28 16:00:00";25
"2020-12-28 16:30:00";24
"2020-12-28 17:00:00";24
"2020-12-28 17:30:00";24
"2020-12-28 18:00:00";24
"2020-12-28 18:30:00";25
"2020-12-28 19:00:00";25
"2020-12-28 19:30:00";25
"2020-12-28 20:00:00";25
"2020-12-28 20:30:00";24
"2020-12-28 21:00:00";24
"2020-12-28 21:30:00";23
"2020-12-28 22:00:00";23
"2020-12-28 22:30:00";24
"2020-12-28 23:00:00";24
"2020-12-28 23:30:00";25
"2020-12-29 01:00:00";25
"2020-12-29 01:30:00";23
"2020-12-29 02:30:00";24
"2020-12-29 03:30:00";23
"2020-12-29 04:00:00";23
"2020-12-29 04:30:00";24
"2020-12-29 05:00:00";24
"2020-12-29 05:30:00";23
"2020-12-29 06:00:00";24
"2020-12-29 07:00:00";24
"2020-12-29 07:30:00";24
"2020-12-29 08:30:00";24
"2020-12-29 09:00:00";24
"2020-12-29 10:00:00";25
"2020-12-29 10:30:00";25
"2020-12-29 11:00:00";23
"2020-12-29 11:30:00";25
"2020-12-29 12:00:00";24
"2020-12-29 13:00:00";25
"2020-12-29 14:00:00";24
"2020-12-29 14:30:00";25
"2020-12-29 15:00:00";25
"2020-12-29 16:00:00";24
"2020-12-29 17:00:00";24
"2020-12-29 17:30:00";25
"2020-12-29 18:00:00";24
"2020-12-29 18:30:00";25
"2020-12-29 19:30:00";25
"2020-12-29 20:30:00";25
"2020-12-29 21:00:00";24
"2020-12-29 21:30:00";24
"2020-12-29 22:00:00";25
"2020-12-29 22:30:00";25
"2020-12-29 23:30:00";24
"2020-12-30 00:00:00";24
"2020-12-30 01:00:00";24
"2020-12-30 01:30:00";23
"2020-12-30 02:30:00";24
"2020-12-30 03:00:00";24
"2020-12-30 03:30:00";24
"2020-12-30 04:00:00";24
"2020-12-30 04:30:00";25
"2020-12-30 05:00:00";23
"2020-12-30 06:00:00";23
"2020-12-30 06:30:00";23
"2020-12-30 07:00:00";24
"2020-12-30 07:30:00";25
"2020-12-30 08:00:00";24
"2020-12-30 08:30:00";24
"2020-12-30 09:00:00";24
"2020-12-30 10:00:00";24
"2020-12-30 11:00:00";21
"2020-12-30 12:00:00";20
"2020-12-30 12:30:00";19
"2020-12-30 13:00:00";16
"2020-12-30 14:00:00";22
"2020-12-30 14:30:00";22
"2020-12-30 15:00:00";23
"2020-12-30 16:00:00";24
"2020-12-30 17:00:00";23
"2020-12-30 17:30:00";23
"2020-12-30 18:00:00";24
"2020-12-30 18:30:00";24
"2020-12-30 19:00:00";24
"2020-12-30 19:30:00";24
"2020-12-30 20:00:00";23
"2020-12-30 20:30:00";25
"2020-12-30 21:00:00";24
"2020-12-30 21:30:00";24
"2020-12-30 22:00:00";24
"2020-12-30 22:30:00";25
"2020-12-30 23:00:00";24
"2020-12-30 23:30:00";22
"2020-12-31 00:00:00";23
"2020-12-31 01:00:00";23
"2020-12-31 02:00:00";23
"2020-12-31 02:30:00";23
"2020-12-31 03:00:00";23
"2020-12-31 03:30:00";23
"2020-12-31 04:30:00";22
"2020-12-31 05:00:00";23
"2020-12-31 05:30:00";23
"2020-12-31 06:00:00";23
"2020-12-31 07:00:00";23
"2020-12-31 08:00:00";23
"2020-12-31 08:30:00";23
"2020-12-31 09:00:00";23
"2020-12-31 10:00:00";24
"2020-12-31 11:00:00";20
"2020-12-31 11:30:00";19
"2020-12-31 12:00:00";17
"2020-12-31 12:30:00";16
"2020-12-31 13:00:00";15
"2020-12-31 14:00:00";21
"2020-12-31 15:00:00";23
"2020-12-31 16:00:00";24
"2020-12-31 17:00:00";23
"2020-12-31 17:30:00";24
"2020-12-31 18:00:00";24
"2020-12-31 18:30:00";24
"2020-12-31 19:00:00";24
"2020-12-31 19:30:00";23
"2020-12-31 20:00:00";24
"2020-12-31 20:30:00";25
"2020-12-31 21:00:00";24
"2020-12-31 21:30:00";24
"2020-12-31 22:00:00";25
"2020-12-31 22:30:00";24
"2020-12-31 23:00:00";24
"2020-12-31 23:30:00";24
"2021-01-01 00:00:00";24
"2021-01-01 01:00:00";25
"2021-01-01 02:00:00";23
"2021-01-01 02:30:00";24
"2021-01-01 03:00:00";24
"2021-01-01 03:30:00";23
"2021-01-01 04:30:00";23
"2021-01-01 05:00:00";24
"2021-01-01 05:30:00";23
"2021-01-01 06:00:00";23
"2021-01-01 07:00:00";24
"2021-01-01 07:30:00";23
"2021-01-01 08:00:00";24
"2021-01-01 09:00:00";23
"2021-01-01 09:30:00";24
"2021-01-01 10:30:00";23
"2021-01-01 11:00:00";23
"2021-01-01 11:30:00";23
"2021-01-01 12:00:00";23
"2021-01-01 13:00:00";23
"2021-01-01 14:00:00";23
"2021-01-01 15:00:00";24
"2021-01-01 15:30:00";24
"2021-01-01 16:00:00";25
"2021-01-01 16:30:00";24
"2021-01-01 17:00:00";25
"2021-01-01 17:30:00";23
"2021-01-01 18:00:00";24
"2021-01-01 18:30:00";24
"2021-01-01 19:00:00";25
"2021-01-01 19:30:00";25
"2021-01-01 20:00:00";25
"2021-01-01 20:30:00";25
"2021-01-01 21:00:00";25
"2021-01-01 21:30:00";24
"2021-01-01 22:30:00";24
"2021-01-01 23:00:00";24
"2021-01-01 23:30:00";24
"2021-01-02 02:00:00";23
"2021-01-02 02:30:00";24
"2021-01-02 03:00:00";24
"2021-01-02 03:30:00";24
"2021-01-02 04:00:00";25
"2021-01-02 05:00:00";25
"2021-01-02 05:30:00";25
"2021-01-02 06:00:00";24
"2021-01-02 07:00:00";25
"2021-01-02 08:00:00";24
"2021-01-02 09:00:00";26
"2021-01-02 09:30:00";26
"2021-01-02 10:00:00";26
"2021-01-02 11:00:00";25
"2021-01-02 11:30:00";26
"2021-01-02 12:00:00";26
"2021-01-02 13:00:00";26
"2021-01-02 14:00:00";25
"2021-01-02 15:00:00";27
"2021-01-02 16:00:00";26
"2021-01-02 16:30:00";26
"2021-01-02 17:30:00";26
"2021-01-02 18:00:00";26
"2021-01-02 19:00:00";26
"2021-01-02 19:30:00";25
"2021-01-02 20:00:00";26
"2021-01-02 20:30:00";25
"2021-01-02 21:00:00";25
"2021-01-02 21:30:00";25
"2021-01-02 22:00:00";25
"2021-01-02 22:30:00";26
"2021-01-02 23:00:00";26
"2021-01-03 00:00:00";25
"2021-01-03 01:00:00";26
"2021-01-03 01:30:00";26
"2021-01-03 02:00:00";26
"2021-01-03 02:30:00";26
"2021-01-03 03:00:00";26
"2021-01-03 03:30:00";26
"2021-01-03 04:00:00";25
"2021-01-03 04:30:00";26
"2021-01-03 05:00:00";25
"2021-01-03 06:00:00";25
"2021-01-03 06:30:00";25
"2021-01-03 07:00:00";26
"2021-01-03 07:30:00";25
"2021-01-03 08:30:00";25
"2021-01-03 09:00:00";25
"2021-01-03 10:00:00";26
"2021-01-03 11:00:00";25
"2021-01-03 12:00:00";25
"2021-01-03 13:00:00";26
"2021-01-03 14:00:00";25
"2021-01-03 14:30:00";26
"2021-01-03 15:00:00";26
"2021-01-03 16:00:00";25
"2021-01-03 17:00:00";25
"2021-01-03 17:30:00";26
"2021-01-03 18:00:00";25
"2021-01-03 18:30:00";25
"2021-01-03 19:00:00";26
"2021-01-03 19:30:00";25
"2021-01-03 20:00:00";25
"2021-01-03 20:30:00";25
"2021-01-03 21:00:00";23
"2021-01-03 22:00:00";23
"2021-01-03 23:00:00";24
"2021-01-04 00:00:00";25
"2021-01-04 01:00:00";24
"2021-01-04 01:30:00";25
"2021-01-04 02:30:00";25
"2021-01-04 03:30:00";26
"2021-01-04 04:30:00";26
"2021-01-04 05:00:00";26
"2021-01-04 05:30:00";26
"2021-01-04 06:30:00";25
"2021-01-04 07:00:00";26
"2021-01-04 07:30:00";25
"2021-01-04 08:00:00";25
"2021-01-04 09:00:00";25
"2021-01-04 09:30:00";25
"2021-01-04 10:00:00";25
"2021-01-04 11:00:00";25
"2021-01-04 12:00:00";25
"2021-01-04 13:00:00";25
"2021-01-04 14:00:00";25
"2021-01-04 15:00:00";25
"2021-01-04 16:00:00";26
"2021-01-04 17:00:00";25
"2021-01-04 17:30:00";26
"2021-01-04 18:00:00";25
"2021-01-04 18:30:00";26
"2021-01-04 19:00:00";25
"2021-01-04 19:30:00";26
"2021-01-04 20:00:00";25
"2021-01-04 20:30:00";26
"2021-01-04 21:30:00";25
"2021-01-04 22:00:00";24
"2021-01-04 22:30:00";24
"2021-01-04 23:00:00";26
"2021-01-04 23:30:00";25
"2021-01-05 01:00:00";24
"2021-01-05 01:30:00";25
"2021-01-05 02:00:00";25
"2021-01-05 02:30:00";25
"2021-01-05 03:30:00";26
"2021-01-05 04:30:00";25
"2021-01-05 05:00:00";25
"2021-01-05 06:00:00";25
"2021-01-05 06:30:00";25
"2021-01-05 07:00:00";23
"2021-01-05 08:00:00";23
"2021-01-05 08:30:00";24
"2021-01-05 09:00:00";24
"2021-01-05 10:00:00";24
"2021-01-05 11:00:00";24
"2021-01-05 12:00:00";25
"2021-01-05 12:30:00";25
"2021-01-05 13:00:00";26
"2021-01-05 13:30:00";25
"2021-01-05 14:00:00";25
"2021-01-05 14:30:00";24
"2021-01-05 15:30:00";25
"2021-01-05 16:00:00";25
"2021-01-05 16:30:00";25
"2021-01-05 17:30:00";25
"2021-01-05 18:00:00";25
"2021-01-05 19:00:00";24
"2021-01-05 19:30:00";25
"2021-01-05 20:00:00";24
"2021-01-05 20:30:00";25
"2021-01-05 21:30:00";24
"2021-01-05 22:00:00";24
"2021-01-05 22:30:00";24
"2021-01-05 23:00:00";24
"2021-01-06 00:00:00";24
"2021-01-06 01:00:00";24
"2021-01-06 02:00:00";25
"2021-01-06 03:00:00";25
"2021-01-06 03:30:00";23
"2021-01-06 04:30:00";24
"2021-01-06 05:00:00";24
"2021-01-06 05:30:00";24
"2021-01-06 06:00:00";24
"2021-01-06 06:30:00";23
"2021-01-06 07:00:00";24
"2021-01-06 07:30:00";24
"2021-01-06 08:30:00";25
"2021-01-06 09:00:00";24
"2021-01-06 10:00:00";25
"2021-01-06 11:00:00";23
"2021-01-06 12:00:00";20
"2021-01-06 13:00:00";21
"2021-01-06 14:00:00";24
"2021-01-06 15:00:00";25
"2021-01-06 15:30:00";24
"2021-01-06 16:00:00";24
"2021-01-06 16:30:00";23
"2021-01-06 17:30:00";24
"2021-01-06 18:00:00";24
"2021-01-06 18:30:00";24
"2021-01-06 19:00:00";25
"2021-01-06 19:30:00";23
"2021-01-06 20:00:00";24
"2021-01-06 20:30:00";22
"2021-01-06 21:00:00";22
"2021-01-06 22:00:00";23
"2021-01-06 22:30:00";23
"2021-01-06 23:00:00";22
"2021-01-06 23:30:00";24
"2021-01-07 01:00:00";22
"2021-01-07 01:30:00";22
"2021-01-07 02:00:00";23
"2021-01-07 02:30:00";23
"2021-01-07 03:00:00";21
"2021-01-07 03:30:00";21
"2021-01-07 04:00:00";22
"2021-01-07 05:00:00";23
"2021-01-07 06:00:00";22
"2021-01-07 06:30:00";23
"2021-01-07 07:00:00";22
"2021-01-07 07:30:00";23
"2021-01-07 08:00:00";21
"2021-01-07 08:30:00";23
"2021-01-07 09:00:00";22
"2021-01-07 10:00:00";24
"2021-01-07 11:00:00";20
"2021-01-07 12:00:00";18
"2021-01-07 13:00:00";16
"2021-01-07 14:00:00";20
"2021-01-07 15:00:00";20
"2021-01-07 15:30:00";22
"2021-01-07 16:00:00";21
"2021-01-07 17:00:00";23
"2021-01-07 17:30:00";23
"2021-01-07 18:00:00";22
"2021-01-07 19:00:00";21
"2021-01-07 20:00:00";22
"2021-01-07 21:00:00";22
"2021-01-07 21:30:00";22
"2021-01-07 22:30:00";22
"2021-01-07 23:00:00";23
"2021-01-08 00:00:00";21
"2021-01-08 01:00:00";22
"2021-01-08 01:30:00";22
"2021-01-08 02:30:00";22
"2021-01-08 03:00:00";22
"2021-01-08 03:30:00";21
"2021-01-08 04:00:00";22
"2021-01-08 04:30:00";22
"2021-01-08 05:00:00";22
"2021-01-08 06:00:00";21
"2021-01-08 07:00:00";21
"2021-01-08 08:00:00";21
"2021-01-08 08:30:00";22
"2021-01-08 09:00:00";22
"2021-01-08 10:00:00";22
"2021-01-08 11:00:00";19
"2021-01-08 12:00:00";18
"2021-01-08 13:00:00";16
"2021-01-08 13:30:00";18
"2021-01-08 14:00:00";20
"2021-01-08 14:30:00";20
"2021-01-08 15:30:00";21
"2021-01-08 16:00:00";22
"2021-01-08 17:00:00";21
"2021-01-08 17:30:00";22
"2021-01-08 18:00:00";22
"2021-01-08 18:30:00";23
"2021-01-08 19:00:00";21
"2021-01-08 19:30:00";21
"2021-01-08 20:00:00";22
"2021-01-08 20:30:00";23
"2021-01-08 21:30:00";21
"2021-01-08 22:00:00";22
"2021-01-08 23:00:00";21
"2021-01-09 00:00:00";22
"2021-01-09 01:30:00";22
"2021-01-09 02:00:00";22
"2021-01-09 03:00:00";21
"2021-01-09 03:30:00";22
"2021-01-09 04:00:00";22
"2021-01-09 04:30:00";22
"2021-01-09 05:00:00";21
"2021-01-09 05:30:00";23
"2021-01-09 06:00:00";21
"2021-01-09 06:30:00";22
"2021-01-09 07:00:00";22
"2021-01-09 07:30:00";22
"2021-01-09 08:00:00";22
"2021-01-09 09:00:00";21
"2021-01-09 09:30:00";22
"2021-01-09 10:00:00";22
"2021-01-09 11:00:00";23
"2021-01-09 12:00:00";22
"2021-01-09 12:30:00";21
"2021-01-09 13:00:00";21
"2021-01-09 14:00:00";21
"2021-01-09 15:00:00";22
"2021-01-09 16:00:00";22
"2021-01-09 17:00:00";22
"2021-01-09 17:30:00";23
"2021-01-09 18:00:00";23
"2021-01-09 18:30:00";23
"2021-01-09 19:00:00";22
"2021-01-09 19:30:00";22
"2021-01-09 20:00:00";22
"2021-01-09 21:00:00";23
"2021-01-09 21:30:00";22
"2021-01-09 22:00:00";22
"2021-01-09 22:30:00";23
"2021-01-09 23:00:00";23
"2021-01-09 23:30:00";22
"2021-01-10 01:00:00";24
"2021-01-10 01:30:00";22
"2021-01-10 02:00:00";20
"2021-01-10 03:00:00";22
"2021-01-10 03:30:00";22
"2021-01-10 04:00:00";22
"2021-01-10 04:30:00";22
"2021-01-10 05:00:00";22
"2021-01-10 05:30:00";22
"2021-01-10 06:00:00";22
"2021-01-10 07:00:00";21
"2021-01-10 07:30:00";21
"2021-01-10 08:30:00";22
"2021-01-10 09:00:00";23
"2021-01-10 10:00:00";24
"2021-01-10 11:00:00";19
"2021-01-10 11:30:00";18
"2021-01-10 12:00:00";18
"2021-01-10 13:00:00";15
"2021-01-10 14:00:00";19
"2021-01-10 14:30:00";20
"2021-01-10 15:00:00";20
"2021-01-10 16:00:00";22
"2021-01-10 17:00:00";22
"2021-01-10 17:30:00";22
"2021-01-10 18:00:00";22
"2021-01-10 18:30:00";21
"2021-01-10 19:00:00";21
"2021-01-10 19:30:00";22
"2021-01-10 20:00:00";21
"2021-01-10 20:30:00";21
"2021-01-10 21:00:00";22
"2021-01-10 21:30:00";21
"2021-01-10 22:00:00";21
"2021-01-10 22:30:00";21
"2021-01-10 23:00:00";21
"2021-01-10 23:30:00";21
"2021-01-11 00:00:00";21
"2021-01-11 01:00:00";21
"2021-01-11 01:30:00";22
"2021-01-11 02:00:00";22
"2021-01-11 03:00:00";21
"2021-01-11 03:30:00";21
"2021-01-11 04:00:00";21
"2021-01-11 04:30:00";22
"2021-01-11 05:00:00";21
"2021-01-11 06:00:00";21
"2021-01-11 07:00:00";22
"2021-01-11 07:30:00";21
"2021-01-11 08:30:00";22
"2021-01-11 09:00:00";21
"2021-01-11 10:00:00";23
"2021-01-12 02:00:00";21
"2021-01-12 02:30:00";21
"2021-01-12 03:00:00";23
"2021-01-12 03:30:00";22
"2021-01-12 04:00:00";22
"2021-01-12 04:30:00";22
"2021-01-12 05:00:00";22
"2021-01-12 06:00:00";22
"2021-01-12 06:30:00";24
"2021-01-12 07:00:00";23
"2021-01-12 07:30:00";22
"2021-01-12 08:00:00";23
"2021-01-12 08:30:00";23
"2021-01-12 09:00:00";22
"2021-01-12 10:00:00";23
"2021-01-12 10:30:00";23
"2021-01-12 11:00:00";18
"2021-01-12 11:30:00";17
"2021-01-12 12:00:00";18
"2021-01-12 12:30:00";16
"2021-01-12 13:30:00";18
"2021-01-12 14:00:00";20
"2021-01-12 14:30:00";22
"2021-01-12 15:00:00";21
"2021-01-12 15:30:00";23
"2021-01-12 16:00:00";22
"2021-01-12 17:00:00";23
"2021-01-12 17:30:00";24
"2021-01-12 18:00:00";24
"2021-01-12 18:30:00";22
"2021-01-12 19:00:00";23
"2021-01-12 19:30:00";24
"2021-01-12 20:00:00";23
"2021-01-12 20:30:00";24
"2021-01-12 21:00:00";23
"2021-01-12 21:30:00";24
"2021-01-12 22:00:00";24
"2021-01-12 22:30:00";24
"2021-01-12 23:00:00";24
"2021-01-13 00:00:00";23
"2021-01-13 01:00:00";25
"2021-01-13 01:30:00";25
"2021-01-13 02:00:00";25
"2021-01-13 03:00:00";24
"2021-01-13 03:30:00";25
"2021-01-13 04:00:00";25
"2021-01-13 05:00:00";24
"2021-01-13 05:30:00";25
"2021-01-13 06:00:00";24
"2021-01-13 07:00:00";24
"2021-01-13 07:30:00";25
"2021-01-13 08:00:00";24
"2021-01-13 09:00:00";25
"2021-01-13 09:30:00";26
"2021-01-13 10:00:00";27
"2021-01-13 10:30:00";23
"2021-01-13 11:00:00";18
"2021-01-13 11:30:00";19
"2021-01-13 12:00:00";19
"2021-01-13 12:30:00";18
"2021-01-13 13:00:00";17
"2021-01-13 14:00:00";23
"2021-01-13 14:30:00";22
"2021-01-13 15:00:00";23
"2021-01-13 16:00:00";22
"2021-01-13 17:00:00";23
"2021-01-13 18:00:00";24
"2021-01-13 18:30:00";25
"2021-01-13 19:00:00";24
"2021-01-13 19:30:00";22
"2021-01-13 20:00:00";24
"2021-01-13 20:30:00";24
"2021-01-13 21:00:00";25
"2021-01-13 21:30:00";24
"2021-01-13 22:00:00";24
"2021-01-13 23:00:00";25
"2021-01-13 23:30:00";25
"2021-01-14 00:00:00";24
"2021-01-14 01:00:00";25
"2021-01-14 01:30:00";22
"2021-01-14 02:30:00";24
"2021-01-14 03:30:00";25
"2021-01-14 04:00:00";24
"2021-01-14 05:00:00";24
"2021-01-14 05:30:00";25
"2021-01-14 06:00:00";25
"2021-01-14 07:00:00";24
"2021-01-14 08:00:00";25
"2021-01-14 09:00:00";25
"2021-01-14 09:30:00";24
"2021-01-14 10:00:00";26
"2021-01-14 10:30:00";23
"2021-01-14 11:00:00";19
"2021-01-14 11:30:00";21
"2021-01-14 12:00:00";18
"2021-01-14 12:30:00";20
"2021-01-14 13:00:00";17
"2021-01-14 13:30:00";18
"2021-01-14 14:00:00";21
"2021-01-14 15:00:00";23
"2021-01-14 15:30:00";23
"2021-01-14 16:30:00";23
"2021-01-14 17:00:00";25
"2021-01-14 18:00:00";26
"2021-01-14 18:30:00";25
"2021-01-14 19:00:00";27
"2021-01-14 19:30:00";26
"2021-01-14 20:00:00";29
"2021-01-14 20:30:00";26
"2021-01-14 21:00:00";25
"2021-01-14 21:30:00";25
"2021-01-14 22:30:00";26
"2021-01-14 23:00:00";27
"2021-01-14 23:30:00";25
"2021-01-15 00:00:00";27
"2021-01-15 01:00:00";26
"2021-01-15 01:30:00";26
"2021-01-15 02:30:00";27
"2021-01-15 03:00:00";26
"2021-01-15 04:00:00";26
"2021-01-15 04:30:00";25
"2021-01-15 05:00:00";25
"2021-01-15 06:00:00";26
"2021-01-15 06:30:00";26
"2021-01-15 07:00:00";25
"2021-01-15 08:00:00";26
"2021-01-15 08:30:00";25
"2021-01-15 09:30:00";24
"2021-01-15 10:00:00";25
"2021-01-15 10:30:00";25
"2021-01-15 11:00:00";25
"2021-01-15 11:30:00";25
"2021-01-15 12:00:00";25
"2021-01-15 13:00:00";24
"2021-01-15 14:00:00";24
"2021-01-15 14:30:00";25
"2021-01-15 15:00:00";24
"2021-01-15 16:00:00";24
"2021-01-15 16:30:00";23
"2021-01-15 17:00:00";24
"2021-01-15 17:30:00";24
"2021-01-15 18:00:00";24
"2021-01-15 18:30:00";24
"2021-01-15 19:00:00";24
"2021-01-15 19:30:00";24
"2021-01-15 20:00:00";24
"2021-01-15 20:30:00";23
"2021-01-15 21:00:00";24
"2021-01-15 21:30:00";24
"2021-01-15 22:00:00";24
"2021-01-15 23:00:00";23
"2021-01-15 23:30:00";24
"2021-01-16 00:00:00";23
"2021-01-16 02:00:00";24
"2021-01-16 02:30:00";22
"2021-01-16 03:30:00";22
"2021-01-16 04:00:00";23
"2021-01-16 04:30:00";23
"2021-01-16 05:00:00";23
"2021-01-16 06:00:00";23
"2021-01-16 06:30:00";22
"2021-01-16 07:00:00";22
"2021-01-16 08:00:00";23
"2021-01-16 09:00:00";21
"2021-01-16 09:30:00";23
"2021-01-16 10:00:00";23
"2021-01-16 10:30:00";22
"2021-01-16 11:00:00";19
"2021-01-16 11:30:00";16
"2021-01-16 12:00:00";17
"2021-01-16 12:30:00";17
"2021-01-16 13:00:00";15
"2021-01-16 14:00:00";20
"2021-01-16 14:30:00";22
"2021-01-16 15:00:00";22
"2021-01-16 15:30:00";23
"2021-01-16 16:00:00";22
"2021-01-16 16:30:00";23
"2021-01-16 17:00:00";24
"2021-01-16 17:30:00";23
"2021-01-16 18:00:00";23
"2021-01-16 18:30:00";23
"2021-01-16 19:00:00";23
"2021-01-16 19:30:00";22
"2021-01-16 20:00:00";22
"2021-01-16 20:30:00";24
"2021-01-16 21:00:00";23
"2021-01-16 21:30:00";23
"2021-01-16 22:00:00";21
"2021-01-16 22:30:00";23
"2021-01-16 23:00:00";23
"2021-01-16 23:30:00";24
"2021-01-17 00:00:00";24
"2021-01-17 01:00:00";22
"2021-01-17 02:00:00";23
"2021-01-17 02:30:00";23
"2021-01-17 03:00:00";23
"2021-01-17 03:30:00";23
"2021-01-17 04:00:00";24
"2021-01-17 04:30:00";22
"2021-01-17 05:00:00";23
"2021-01-17 05:30:00";24
"2021-01-17 06:00:00";24
"2021-01-17 06:30:00";24
"2021-01-17 07:00:00";22
"2021-01-17 08:00:00";23
"2021-01-17 08:30:00";23
"2021-01-17 09:00:00";24
"2021-01-17 09:30:00";23
"2021-01-17 10:00:00";24
"2021-01-17 10:30:00";21
"2021-01-17 11:00:00";18
"2021-01-17 11:30:00";17
"2021-01-17 12:00:00";17
"2021-01-17 12:30:00";14
"2021-01-17 13:00:00";17
"2021-01-17 13:30:00";16
"2021-01-17 14:00:00";20
"2021-01-17 14:30:00";21
"2021-01-17 15:00:00";22
"2021-01-17 15:30:00";25
"2021-01-17 16:00:00";23
"2021-01-17 16:30:00";23
"2021-01-17 17:00:00";23
"2021-01-17 17:30:00";23
"2021-01-17 18:00:00";23
"2021-01-17 18:30:00";23
"2021-01-17 19:00:00";23
"2021-01-17 19:30:00";23
"2021-01-17 20:00:00";24
"2021-01-17 20:30:00";24
"2021-01-17 21:00:00";24
"2021-01-17 21:30:00";24
"2021-01-17 22:00:00";23
"2021-01-17 22:30:00";24
"2021-01-17 23:00:00";24
"2021-01-17 23:30:00";23
"2021-01-18 00:00:00";24
"2021-01-18 01:00:00";23
"2021-01-18 02:00:00";22
"2021-01-18 02:30:00";24
"2021-01-18 03:00:00";23
"2021-01-18 03:30:00";23
"2021-01-18 04:00:00";23
"2021-01-18 04:30:00";22
"2021-01-18 05:00:00";24
"2021-01-18 05:30:00";23
"2021-01-18 06:00:00";23
"2021-01-18 06:30:00";23
"2021-01-18 07:00:00";23
"2021-01-18 07:30:00";24
"2021-01-18 08:00:00";22
"2021-01-18 08:30:00";23
"2021-01-18 09:00:00";23
"2021-01-18 09:30:00";22
"2021-01-18 10:00:00";23
"2021-01-18 10:30:00";21
"2021-01-18 11:00:00";20
"2021-01-18 11:30:00";19
"2021-01-18 12:00:00";18
"2021-01-18 12:30:00";18
"2021-01-18 13:00:00";16
"2021-01-18 13:30:00";16
"2021-01-18 14:00:00";20
"2021-01-18 14:30:00";22
"2021-01-18 15:00:00";23
"2021-01-18 15:30:00";22
"2021-01-18 16:00:00";22
"2021-01-18 16:30:00";23
"2021-01-18 17:00:00";22
"2021-01-18 17:30:00";22
"2021-01-18 18:00:00";23
"2021-01-18 18:30:00";23
"2021-01-18 19:00:00";22
"2021-01-18 19:30:00";23
"2021-01-18 20:00:00";23
"2021-01-18 20:30:00";23
"2021-01-18 21:00:00";24
"2021-01-18 21:30:00";22
"2021-01-18 22:00:00";22
"2021-01-18 22:30:00";23
"2021-01-18 23:00:00";24
"2021-01-18 23:30:00";22
"2021-01-19 00:00:00";23
"2021-01-19 01:00:00";23
"2021-01-19 01:30:00";24
"2021-01-19 02:00:00";23
"2021-01-19 02:30:00";23
"2021-01-19 03:00:00";23
"2021-01-19 03:30:00";23
"2021-01-19 04:00:00";22
"2021-01-19 04:30:00";23
"2021-01-19 05:00:00";23
"2021-01-19 05:30:00";22
"2021-01-19 06:00:00";23
"2021-01-19 06:30:00";22
"2021-01-19 07:00:00";22
"2021-01-19 07:30:00";23
"2021-01-19 08:00:00";22
"2021-01-19 08:30:00";22
"2021-01-19 09:00:00";23
"2021-01-19 09:30:00";22
"2021-01-19 10:00:00";23
"2021-01-19 10:30:00";21
"2021-01-19 11:00:00";19
"2021-01-19 11:30:00";16
"2021-01-19 12:00:00";16
"2021-01-19 12:30:00";17
"2021-01-19 13:00:00";17
"2021-01-19 13:30:00";17
"2021-01-19 14:00:00";19
"2021-01-19 14:30:00";21
"2021-01-19 15:00:00";21
"2021-01-19 15:30:00";22
"2021-01-19 16:00:00";22
"2021-01-19 16:30:00";22
"2021-01-19 17:00:00";22
"2021-01-19 17:30:00";22
"2021-01-19 18:00:00";23
"2021-01-19 18:30:00";23
"2021-01-19 19:00:00";22
"2021-01-19 19:30:00";22
"2021-01-19 20:00:00";23
"2021-01-19 20:30:00";22
"2021-01-19 21:00:00";23
"2021-01-19 21:30:00";22
"2021-01-19 22:00:00";23
"2021-01-19 22:30:00";22
"2021-01-19 23:00:00";23
"2021-01-19 23:30:00";23
"2021-01-20 00:00:00";22
"2021-01-20 01:30:00";22
"2021-01-20 02:00:00";23
"2021-01-20 02:30:00";22
"2021-01-20 03:00:00";23
"2021-01-20 03:30:00";23
"2021-01-20 04:00:00";22
"2021-01-20 04:30:00";23
"2021-01-20 05:00:00";23
"2021-01-20 05:30:00";24
"2021-01-20 06:00:00";22
"2021-01-20 06:30:00";23
"2021-01-20 07:00:00";23
"2021-01-20 07:30:00";24
"2021-01-20 08:00:00";24
"2021-01-20 08:30:00";23
"2021-01-20 09:00:00";24
"2021-01-20 09:30:00";23
"2021-01-20 10:00:00";23
"2021-01-20 10:30:00";23
"2021-01-20 11:00:00";23
"2021-01-20 11:30:00";23
"2021-01-20 12:00:00";23
"2021-01-20 12:30:00";23
"2021-01-20 13:00:00";21
"2021-01-20 13:30:00";22
"2021-01-20 14:00:00";22
"2021-01-20 14:30:00";22
"2021-01-20 15:00:00";21
"2021-01-20 15:30:00";23
"2021-01-20 16:00:00";22
"2021-01-20 16:30:00";22
"2021-01-20 17:00:00";23
"2021-01-20 17:30:00";22
"2021-01-20 18:00:00";22
"2021-01-20 18:30:00";23
"2021-01-20 19:00:00";24
"2021-01-20 19:30:00";23
"2021-01-20 20:00:00";23
"2021-01-20 20:30:00";23
"2021-01-20 21:00:00";23
"2021-01-20 21:30:00";24
"2021-01-20 22:00:00";24
"2021-01-20 22:30:00";23
"2021-01-20 23:00:00";23
"2021-01-20 23:30:00";23
"2021-01-21 00:00:00";23
"2021-01-21 01:00:00";24
"2021-01-21 02:00:00";23
"2021-01-21 02:30:00";23
"2021-01-21 03:00:00";24
"2021-01-21 03:30:00";23
"2021-01-21 04:00:00";23
"2021-01-21 04:30:00";23
"2021-01-21 05:00:00";24
"2021-01-21 05:30:00";23
"2021-01-21 06:00:00";23
"2021-01-21 06:30:00";23
"2021-01-21 07:00:00";23
"2021-01-21 07:30:00";23
"2021-01-21 08:00:00";24
"2021-01-21 08:30:00";22
"2021-01-21 09:00:00";24
"2021-01-21 09:30:00";24
"2021-01-21 10:00:00";23
"2021-01-21 10:30:00";23
"2021-01-21 11:00:00";24
"2021-01-21 11:30:00";24
"2021-01-21 12:00:00";23
"2021-01-21 12:30:00";24
"2021-01-21 13:00:00";22
"2021-01-21 13:30:00";23
"2021-01-21 14:00:00";23
"2021-01-21 14:30:00";23
"2021-01-21 15:00:00";23
"2021-01-21 15:30:00";24
"2021-01-21 16:00:00";23
"2021-01-21 16:30:00";23
"2021-01-21 17:00:00";22
"2021-01-21 17:30:00";23
"2021-01-21 18:00:00";24
"2021-01-21 18:30:00";24
"2021-01-21 19:00:00";23
"2021-01-21 19:30:00";24
"2021-01-21 20:00:00";24
"2021-01-21 20:30:00";24
"2021-01-21 21:00:00";23
"2021-01-21 21:30:00";23
"2021-01-21 22:00:00";24
"2021-01-21 22:30:00";23
"2021-01-21 23:00:00";24
"2021-01-21 23:30:00";23
"2021-01-22 00:00:00";24
"2021-01-22 01:00:00";24
"2021-01-22 02:00:00";24
"2021-01-22 02:30:00";23
"2021-01-22 03:00:00";24
"2021-01-22 03:30:00";23
"2021-01-22 04:00:00";24
"2021-01-22 04:30:00";23
"2021-01-22 05:00:00";24
"2021-01-22 06:00:00";23
"2021-01-22 06:30:00";24
"2021-01-22 07:00:00";23
"2021-01-22 08:00:00";24
"2021-01-22 08:30:00";22
"2021-01-22 09:00:00";24
"2021-01-22 09:30:00";22
"2021-01-22 10:00:00";23
"2021-01-22 11:00:00";24
"2021-01-22 12:00:00";24
"2021-01-22 12:30:00";24
"2021-01-22 13:00:00";24
"2021-01-22 14:00:00";23
"2021-01-22 15:00:00";23
"2021-01-22 16:00:00";24
"2021-01-22 17:00:00";22
"2021-01-22 17:30:00";24
"2021-01-22 18:00:00";23
"2021-01-22 19:00:00";25
"2021-01-22 20:00:00";25
"2021-01-22 20:30:00";24
"2021-01-22 21:00:00";24
"2021-01-22 21:30:00";25
"2021-01-22 22:00:00";24
"2021-01-22 22:30:00";24
"2021-01-22 23:00:00";25
"2021-01-22 23:30:00";24
"2021-01-23 00:00:00";24
"2021-01-23 02:00:00";24
"2021-01-23 03:00:00";24
"2021-01-23 03:30:00";25
"2021-01-23 04:30:00";24
"2021-01-23 05:00:00";25
"2021-01-23 06:00:00";25
"2021-01-23 06:30:00";25
"2021-01-23 07:00:00";24
"2021-01-23 08:00:00";25
"2021-01-23 08:30:00";25
"2021-01-23 09:00:00";23
"2021-01-23 09:30:00";24
"2021-01-23 10:00:00";24
"2021-01-23 11:00:00";24
"2021-01-23 12:00:00";24
"2021-01-23 12:30:00";20
"2021-01-23 13:00:00";16
"2021-01-23 13:30:00";17
"2021-01-23 14:00:00";21
"2021-01-23 15:00:00";22
"2021-01-23 15:30:00";23
"2021-01-23 16:30:00";24
"2021-01-23 17:30:00";23
"2021-01-23 18:00:00";23
"2021-01-23 18:30:00";24
"2021-01-23 19:00:00";24
"2021-01-23 20:00:00";23
"2021-01-23 20:30:00";24
"2021-01-23 21:00:00";24
"2021-01-23 21:30:00";23
"2021-01-23 22:00:00";24
"2021-01-23 22:30:00";24
"2021-01-23 23:30:00";24
"2021-01-24 00:00:00";22
"2021-01-24 01:00:00";23
"2021-01-24 01:30:00";23
"2021-01-24 02:00:00";23
"2021-01-24 02:30:00";23
"2021-01-24 03:00:00";22
"2021-01-24 03:30:00";22
"2021-01-24 04:00:00";22
"2021-01-24 04:30:00";23
"2021-01-24 05:30:00";23
"2021-01-24 06:00:00";22
"2021-01-24 06:30:00";20
"2021-01-24 07:00:00";24
"2021-01-24 07:30:00";23
"2021-01-24 08:00:00";24
"2021-01-24 09:00:00";23
"2021-01-24 09:30:00";22
"2021-01-24 10:30:00";22
"2021-01-24 11:30:00";21
"2021-01-24 12:00:00";20
"2021-01-24 13:00:00";17
"2021-01-24 14:00:00";21
"2021-01-24 15:00:00";22
"2021-01-24 15:30:00";21
"2021-01-24 16:00:00";22
"2021-01-24 17:00:00";22
"2021-01-24 18:00:00";22
"2021-01-24 18:30:00";22
"2021-01-24 19:00:00";23
"2021-01-24 19:30:00";22
"2021-01-24 20:00:00";22
"2021-01-24 20:30:00";22
"2021-01-24 21:00:00";22
"2021-01-24 21:30:00";21
"2021-01-24 22:00:00";22
"2021-01-24 22:30:00";22
"2021-01-24 23:00:00";22
"2021-01-24 23:30:00";22
"2021-01-25 00:00:00";21
"2021-01-25 01:00:00";22
"2021-01-25 02:00:00";22
"2021-01-25 02:30:00";22
"2021-01-25 03:00:00";24
"2021-01-25 03:30:00";22
"2021-01-25 04:30:00";24
"2021-01-25 05:00:00";22
"2021-01-25 06:00:00";22
"2021-01-25 06:30:00";23
"2021-01-25 07:00:00";22
"2021-01-25 07:30:00";23
"2021-01-25 08:00:00";22
"2021-01-25 09:00:00";22
"2021-01-25 10:00:00";22
"2021-01-25 10:30:00";21
"2021-01-25 11:00:00";18
"2021-01-25 12:00:00";15
"2021-01-25 12:30:00";15
"2021-01-25 13:00:00";16
"2021-01-25 14:00:00";19
"2021-01-25 15:00:00";21
"2021-01-25 16:00:00";21
"2021-01-25 17:00:00";21
"2021-01-25 17:30:00";22
"2021-01-25 18:00:00";22
"2021-01-25 18:30:00";22
"2021-01-25 19:00:00";21
"2021-01-25 20:00:00";23
"2021-01-25 20:30:00";23
"2021-01-25 21:00:00";21
"2021-01-25 21:30:00";21
"2021-01-25 22:00:00";23
"2021-01-25 23:00:00";21
"2021-01-25 23:30:00";21
"2021-01-26 00:00:00";22
"2021-01-26 01:00:00";21
"2021-01-26 01:30:00";22
"2021-01-26 02:30:00";21
"2021-01-26 03:00:00";22
"2021-01-26 03:30:00";22
"2021-01-26 04:00:00";22
"2021-01-26 04:30:00";22
"2021-01-26 05:00:00";20
"2021-01-26 06:00:00";22
"2021-01-26 07:00:00";21
"2021-01-26 07:30:00";21
"2021-01-26 08:30:00";22
"2021-01-26 09:00:00";22
"2021-01-26 10:00:00";22
"2021-01-26 11:00:00";17
"2021-01-26 11:30:00";16
"2021-01-26 12:00:00";12
"2021-01-26 12:30:00";11
"2021-01-26 13:00:00";12
"2021-01-26 13:30:00";11
"2021-01-26 14:00:00";17
"2021-01-26 14:30:00";19
"2021-01-26 15:30:00";20
"2021-01-26 16:00:00";20
"2021-01-26 16:30:00";21
"2021-01-26 17:00:00";20
"2021-01-26 17:30:00";21
"2021-01-26 18:00:00";21
"2021-01-26 18:30:00";21
"2021-01-26 19:00:00";21
"2021-01-26 19:30:00";21
"2021-01-26 20:00:00";22
"2021-01-26 20:30:00";21
"2021-01-26 21:00:00";21
"2021-01-26 21:30:00";21
"2021-01-26 22:00:00";22
"2021-01-26 22:30:00";21
"2021-01-26 23:00:00";21
"2021-01-26 23:30:00";20
"2021-01-27 01:00:00";21
"2021-01-27 01:30:00";21
"2021-01-27 02:30:00";21
"2021-01-27 03:00:00";21
"2021-01-27 03:30:00";21
"2021-01-27 04:30:00";21
"2021-01-27 05:00:00";20
"2021-01-27 05:30:00";21
"2021-01-27 06:30:00";21
"2021-01-27 07:00:00";20
"2021-01-27 07:30:00";21
"2021-01-27 08:30:00";21
"2021-01-27 09:00:00";22
"2021-01-27 09:30:00";23
"2021-01-27 10:00:00";25
"2021-01-27 10:30:00";23
"2021-01-27 11:00:00";27
"2021-01-27 12:00:00";23
"2021-01-27 13:00:00";24
"2021-01-27 14:00:00";25
"2021-01-27 15:00:00";26
"2021-01-27 15:30:00";17
"2021-01-27 16:00:00";17
"2021-01-27 17:00:00";19
"2021-01-27 18:00:00";18
"2021-01-27 18:30:00";19
"2021-01-27 19:00:00";18
"2021-01-27 19:30:00";19
"2021-01-27 20:00:00";19
"2021-01-27 20:30:00";19
"2021-01-27 21:00:00";19
"2021-01-27 21:30:00";19
"2021-01-27 22:00:00";20
"2021-01-27 23:00:00";19
"2021-01-27 23:30:00";18
"2021-01-28 00:00:00";19
"2021-01-28 01:00:00";18
"2021-01-28 02:00:00";19
"2021-01-28 02:30:00";18
"2021-01-28 03:00:00";19
"2021-01-28 03:30:00";18
"2021-01-28 04:30:00";18
"2021-01-28 05:00:00";18
"2021-01-28 06:00:00";18
"2021-01-28 06:30:00";19
"2021-01-28 07:00:00";19
"2021-01-28 07:30:00";19
"2021-01-28 08:00:00";20
"2021-01-28 08:30:00";19
"2021-01-28 09:00:00";20
"2021-01-28 09:30:00";20
"2021-01-28 10:00:00";20
"2021-01-28 11:00:00";18
"2021-01-28 11:30:00";17
"2021-01-28 12:30:00";16
"2021-01-28 13:00:00";17
"2021-01-28 14:00:00";19
"2021-01-28 15:00:00";18
"2021-01-28 15:30:00";20
"2021-01-28 16:00:00";19
"2021-01-28 16:30:00";19
"2021-01-28 17:00:00";20
"2021-01-28 17:30:00";20
"2021-01-28 18:30:00";20
"2021-01-28 19:00:00";20
"2021-01-28 19:30:00";22
"2021-01-28 20:00:00";21
"2021-01-28 20:30:00";23
"2021-01-28 21:00:00";20
"2021-01-28 21:30:00";19
"2021-01-28 22:00:00";22
"2021-01-28 22:30:00";19
"2021-01-28 23:00:00";21
"2021-01-28 23:30:00";21
"2021-01-29 00:00:00";22
"2021-01-29 01:00:00";21
"2021-01-29 02:00:00";24
"2021-01-29 02:30:00";22
"2021-01-29 03:00:00";21
"2021-01-29 03:30:00";24
"2021-01-29 04:00:00";24
"2021-01-29 04:30:00";23
"2021-01-29 05:00:00";24
"2021-01-29 06:00:00";24
"2021-01-29 06:30:00";24
"2021-01-29 07:00:00";23
"2021-01-29 08:00:00";23
"2021-01-29 09:00:00";23
"2021-01-29 10:00:00";24
"2021-01-29 10:30:00";22
"2021-01-29 11:30:00";19
"2021-01-29 12:00:00";21
"2021-01-29 13:00:00";21
"2021-01-29 14:00:00";20
"2021-01-29 14:30:00";25
"2021-01-29 15:00:00";22
"2021-01-29 16:00:00";21
"2021-01-29 17:00:00";22
"2021-01-29 17:30:00";22
"2021-01-29 18:00:00";23
"2021-01-29 18:30:00";22
"2021-01-29 19:00:00";23
"2021-01-29 19:30:00";22
"2021-01-29 20:00:00";23
"2021-01-29 20:30:00";22
"2021-01-29 21:00:00";23
"2021-01-29 21:30:00";23
"2021-01-29 22:00:00";24
"2021-01-29 22:30:00";23
"2021-01-29 23:00:00";22
"2021-01-29 23:30:00";24
"2021-01-30 00:00:00";21
"2021-01-30 01:30:00";23
"2021-01-30 02:00:00";23
"2021-01-30 03:00:00";21
"2021-01-30 03:30:00";22
"2021-01-30 04:00:00";21
"2021-01-30 04:30:00";22
"2021-01-30 05:00:00";20
"2021-01-30 06:00:00";21
"2021-01-30 06:30:00";22
"2021-01-30 07:00:00";19
"2021-01-30 07:30:00";22
"2021-01-30 08:00:00";21
"2021-01-30 09:00:00";19
"2021-01-30 09:30:00";20
"2021-01-30 10:00:00";21
"2021-01-30 11:00:00";17
"2021-01-30 11:30:00";14
"2021-01-30 12:00:00";17
"2021-01-30 13:00:00";17
"2021-01-30 14:00:00";20
"2021-01-30 14:30:00";19
"2021-01-30 15:00:00";18
"2021-01-30 16:00:00";18
"2021-01-30 17:00:00";20
"2021-01-30 17:30:00";20
"2021-01-30 18:00:00";19
"2021-01-30 19:00:00";20
"2021-01-30 20:00:00";21
"2021-01-30 20:30:00";21
"2021-01-30 21:00:00";21
"2021-01-30 21:30:00";20
"2021-01-30 22:00:00";22
"2021-01-30 22:30:00";20
"2021-01-30 23:00:00";20
"2021-01-30 23:30:00";21
"2021-01-31 00:00:00";21
"2021-01-31 01:00:00";21
"2021-01-31 01:30:00";19
"2021-01-31 02:00:00";20
"2021-01-31 03:00:00";20
"2021-01-31 04:00:00";21
"2021-01-31 04:30:00";21
"2021-01-31 05:00:00";21
"2021-01-31 05:30:00";21
"2021-01-31 06:00:00";20
"2021-01-31 06:30:00";20
"2021-01-31 07:00:00";19
"2021-01-31 07:30:00";19
"2021-01-31 08:30:00";20
"2021-01-31 09:00:00";20
"2021-01-31 10:00:00";19
"2021-01-31 11:00:00";16
"2021-01-31 12:00:00";16
"2021-01-31 13:00:00";11
"2021-01-31 14:00:00";12
"2021-01-31 15:00:00";16
"2021-01-31 15:30:00";19
"2021-01-31 16:00:00";19
"2021-01-31 17:00:00";19
"2021-01-31 18:00:00";21
"2021-01-31 18:30:00";20
"2021-01-31 19:00:00";22
"2021-01-31 19:30:00";21
"2021-01-31 20:00:00";20
"2021-01-31 20:30:00";20
"2021-01-31 21:00:00";22
"2021-01-31 21:30:00";22
"2021-01-31 22:00:00";22
"2021-01-31 22:30:00";22
"2021-01-31 23:00:00";22
"2021-01-31 23:30:00";22
"2021-02-01 01:00:00";22
"2021-02-01 02:00:00";22
"2021-02-01 03:00:00";21
"2021-02-01 03:30:00";21
"2021-02-01 04:00:00";21
"2021-02-01 04:30:00";21
"2021-02-01 05:00:00";20
"2021-02-01 05:30:00";21
"2021-02-01 06:30:00";21
"2021-02-01 07:00:00";20
"2021-02-01 07:30:00";21
"2021-02-01 08:30:00";20
"2021-02-01 09:00:00";21
"2021-02-01 09:30:00";20
"2021-02-01 10:00:00";20
"2021-02-01 10:30:00";21
"2021-02-01 11:00:00";21
"2021-02-01 11:30:00";20
"2021-02-01 12:00:00";18
"2021-02-01 12:30:00";19
"2021-02-01 13:00:00";20
"2021-02-01 13:30:00";20
"2021-02-01 14:00:00";20
"2021-02-01 15:00:00";21
"2021-02-01 16:00:00";20
"2021-02-01 16:30:00";21
"2021-02-01 17:30:00";21
"2021-02-01 18:00:00";21
"2021-02-01 18:30:00";21
"2021-02-01 19:00:00";20
"2021-02-01 19:30:00";20
"2021-02-01 20:00:00";21
"2021-02-01 20:30:00";22
"2021-02-01 21:30:00";20
"2021-02-01 22:00:00";21
"2021-02-01 22:30:00";21
"2021-02-01 23:00:00";20
"2021-02-01 23:30:00";20
"2021-02-02 01:00:00";20
"2021-02-02 02:00:00";20
"2021-02-02 02:30:00";21
"2021-02-02 03:00:00";20
"2021-02-02 03:30:00";21
"2021-02-02 04:30:00";20
"2021-02-02 05:00:00";20
"2021-02-02 06:00:00";19
"2021-02-02 06:30:00";20
"2021-02-02 07:00:00";20
"2021-02-02 07:30:00";20
"2021-02-02 08:00:00";19
"2021-02-02 09:00:00";21
"2021-02-02 09:30:00";21
"2021-02-02 10:00:00";21
"2021-02-02 11:00:00";17
"2021-02-02 11:30:00";16
"2021-02-02 12:30:00";16
"2021-02-02 13:00:00";16
"2021-02-02 14:00:00";14
"2021-02-02 14:30:00";16
"2021-02-02 15:00:00";18
"2021-02-02 16:00:00";19
"2021-02-02 17:00:00";20
"2021-02-02 17:30:00";20
"2021-02-02 18:00:00";22
"2021-02-02 18:30:00";21
"2021-02-02 19:30:00";20
"2021-02-02 20:00:00";21
"2021-02-02 20:30:00";21
"2021-02-02 21:30:00";21
"2021-02-02 22:00:00";21
"2021-02-02 22:30:00";22
"2021-02-02 23:00:00";21
"2021-02-02 23:30:00";21
"2021-02-03 00:00:00";21
"2021-02-03 01:00:00";21
"2021-02-03 01:30:00";21
"2021-02-03 02:00:00";21
"2021-02-03 03:00:00";21
"2021-02-03 03:30:00";20
"2021-02-03 04:30:00";20
"2021-02-03 05:00:00";20
"2021-02-03 05:30:00";20
"2021-02-03 06:00:00";21
"2021-02-03 07:00:00";21
"2021-02-03 07:30:00";20
"2021-02-03 08:00:00";21
"2021-02-03 08:30:00";21
"2021-02-03 09:00:00";22
"2021-02-03 10:00:00";21
"2021-02-03 11:00:00";21
"2021-02-03 12:00:00";20
"2021-02-03 13:00:00";20
"2021-02-03 13:30:00";20
"2021-02-03 14:00:00";19
"2021-02-03 15:00:00";20
"2021-02-03 15:30:00";20
"2021-02-03 16:00:00";20
"2021-02-03 17:00:00";16
"2021-02-03 17:30:00";15
"2021-02-03 18:00:00";16
"2021-02-03 18:30:00";16
"2021-02-03 19:00:00";16
"2021-02-03 19:30:00";17
"2021-02-03 20:00:00";16
"2021-02-03 20:30:00";15
"2021-02-03 21:00:00";17
"2021-02-03 21:30:00";16
"2021-02-03 22:00:00";17
"2021-02-03 22:30:00";16
"2021-02-03 23:30:00";16
"2021-02-04 00:00:00";17
"2021-02-04 01:00:00";17
"2021-02-04 01:30:00";16
"2021-02-04 02:30:00";16
"2021-02-04 03:00:00";16
"2021-02-04 03:30:00";15
"2021-02-04 04:30:00";15
"2021-02-04 05:00:00";15
"2021-02-04 05:30:00";17
"2021-02-04 06:00:00";15
"2021-02-04 07:00:00";16
"2021-02-04 07:30:00";16
"2021-02-04 08:00:00";15
"2021-02-04 09:00:00";23
"2021-02-04 10:00:00";19
"2021-02-04 11:00:00";0
"2021-02-04 12:00:00";0
"2021-02-04 12:30:00";-3
"2021-02-04 13:00:00";-3
"2021-02-04 13:30:00";-3
"2021-02-04 14:00:00";-3
"2021-02-04 15:00:00";8
"2021-02-04 15:30:00";12
"2021-02-04 16:00:00";36
"2021-02-04 17:00:00";48
"2021-02-04 17:30:00";47
"2021-02-04 18:00:00";44
"2021-02-04 18:30:00";47
"2021-02-04 19:00:00";49
"2021-02-04 19:30:00";46
"2021-02-04 20:00:00";46
"2021-02-04 20:30:00";48
"2021-02-04 21:00:00";46
"2021-02-04 21:30:00";47
"2021-02-04 22:00:00";45
"2021-02-04 22:30:00";46
"2021-02-04 23:00:00";46
"2021-02-04 23:30:00";47
"2021-02-05 00:00:00";45
"2021-02-05 01:00:00";46
"2021-02-05 01:30:00";47
"2021-02-05 02:30:00";47
"2021-02-05 03:30:00";46
"2021-02-05 04:00:00";46
"2021-02-05 04:30:00";47
"2021-02-05 05:00:00";46
"2021-02-05 05:30:00";45
"2021-02-05 06:00:00";46
"2021-02-05 07:00:00";45
"2021-02-05 07:30:00";47
"2021-02-05 08:00:00";46
"2021-02-05 08:30:00";61
"2021-02-05 09:00:00";26
"2021-02-05 09:30:00";103
"2021-02-05 11:00:00";86
"2021-02-05 11:30:00";37
"2021-02-05 13:00:00";42
"2021-02-05 14:00:00";6
"2021-02-05 15:00:00";106
"2021-02-05 15:30:00";98
"2021-02-05 16:00:00";99
"2021-02-05 18:00:00";38
"2021-02-05 18:30:00";40
"2021-02-05 19:00:00";41
"2021-02-05 19:30:00";42
"2021-02-05 20:30:00";44
"2021-02-05 21:00:00";45
"2021-02-05 21:30:00";45
"2021-02-05 22:00:00";43
"2021-02-05 22:30:00";44
"2021-02-05 23:00:00";44
"2021-02-05 23:30:00";42
"2021-02-06 00:00:00";45
"2021-02-06 01:30:00";42
"2021-02-06 02:30:00";45
"2021-02-06 03:00:00";43
"2021-02-06 04:00:00";45
"2021-02-06 04:30:00";44
"2021-02-06 05:30:00";45
"2021-02-06 06:00:00";45
"2021-02-06 06:30:00";46
"2021-02-06 07:30:00";47
"2021-02-06 08:00:00";83
"2021-02-06 08:30:00";46
"2021-02-06 09:00:00";43
"2021-02-06 09:30:00";44
"2021-02-06 10:00:00";45
"2021-02-06 11:00:00";47
"2021-02-06 12:00:00";48
"2021-02-06 12:30:00";44
"2021-02-06 15:00:00";42
"2021-02-06 16:00:00";42
"2021-02-06 17:00:00";43
"2021-02-06 17:30:00";42
"2021-02-06 18:00:00";45
"2021-02-06 18:30:00";37
"2021-02-06 19:00:00";42
"2021-02-06 19:30:00";42
"2021-02-06 20:00:00";38
"2021-02-06 20:30:00";46
"2021-02-06 21:00:00";43
"2021-02-06 21:30:00";48
"2021-02-06 22:00:00";50
"2021-02-06 22:30:00";53
"2021-02-06 23:00:00";45
"2021-02-06 23:30:00";48
"2021-02-07 01:00:00";47
"2021-02-07 02:00:00";47
"2021-02-07 02:30:00";32
"2021-02-07 03:00:00";37
"2021-02-07 04:00:00";28
"2021-02-07 04:30:00";43
"2021-02-07 05:00:00";43
"2021-02-07 06:00:00";47
"2021-02-07 07:00:00";50
"2021-02-07 07:30:00";46
"2021-02-07 08:00:00";44
"2021-02-07 09:00:00";46
"2021-02-07 10:00:00";32
"2021-02-07 11:00:00";36
"2021-02-07 12:00:00";28
"2021-02-07 13:00:00";40
"2021-02-07 14:00:00";36
"2021-02-07 14:30:00";34
"2021-02-07 15:00:00";35
"2021-02-07 16:00:00";43
"2021-02-07 16:30:00";39
"2021-02-07 17:00:00";36
"2021-02-07 18:00:00";37
"2021-02-07 18:30:00";75
"2021-02-07 19:30:00";38
"2021-02-07 20:00:00";38
"2021-02-07 20:30:00";75
"2021-02-07 21:00:00";41
"2021-02-07 21:30:00";44
"2021-02-07 22:30:00";41
"2021-02-07 23:00:00";43
"2021-02-07 23:30:00";42
"2021-02-08 01:00:00";43
"2021-02-08 02:30:00";43
"2021-02-08 07:00:00";49
"2021-02-08 08:00:00";51
"2021-02-08 10:00:00";33
"2021-02-08 10:30:00";30
"2021-02-08 11:00:00";26
"2021-02-08 12:00:00";25
"2021-02-08 13:00:00";30
"2021-02-08 14:00:00";31
"2021-02-08 15:00:00";39
"2021-02-08 16:00:00";47
"2021-02-08 16:30:00";33
"2021-02-08 17:00:00";30
"2021-02-08 18:00:00";30
"2021-02-08 18:30:00";28
"2021-02-08 19:00:00";30
"2021-02-08 19:30:00";32
"2021-02-08 20:00:00";30
"2021-02-08 21:00:00";26
"2021-02-08 21:30:00";30
"2021-02-08 22:00:00";30
"2021-02-08 23:00:00";31
"2021-02-08 23:30:00";31
"2021-02-09 00:00:00";29
"2021-02-09 01:00:00";32
"2021-02-09 01:30:00";30
"2021-02-09 02:30:00";32
"2021-02-09 03:00:00";34
"2021-02-09 03:30:00";29
"2021-02-09 04:30:00";34
"2021-02-09 05:30:00";32
"2021-02-09 06:00:00";32
"2021-02-09 06:30:00";31
"2021-02-09 07:00:00";31
"2021-02-09 07:30:00";33
"2021-02-09 08:00:00";32
"2021-02-09 09:00:00";18
"2021-02-09 10:00:00";18
"2021-02-09 11:00:00";12
"2021-02-09 12:00:00";10
"2021-02-09 12:30:00";11
"2021-02-09 13:00:00";11
"2021-02-09 14:00:00";16
"2021-02-09 14:30:00";17
"2021-02-09 15:00:00";14
"2021-02-09 15:30:00";10
"2021-02-09 16:00:00";15
"2021-02-09 17:00:00";12
"2021-02-09 18:00:00";11
"2021-02-09 18:30:00";13
"2021-02-09 19:00:00";12
"2021-02-09 20:00:00";13
"2021-02-09 21:00:00";12
"2021-02-09 22:00:00";11
"2021-02-09 22:30:00";13
"2021-02-09 23:30:00";12
"2021-02-10 00:00:00";13
"2021-05-19 02:00:00";30
"2021-05-19 03:00:00";31
"2021-05-19 04:00:00";30
"2021-05-19 04:30:00";31
"2021-05-19 05:00:00";29
"2021-05-19 05:30:00";30
"2021-05-19 06:30:00";31
"2021-05-19 07:00:00";30
"2021-05-19 08:00:00";31
"2021-05-19 08:30:00";30
"2021-05-19 09:00:00";30
"2021-05-19 10:00:00";28
"2021-05-19 11:00:00";25
"2021-05-19 12:00:00";28
"2021-05-19 12:30:00";28
"2021-05-19 13:00:00";26
"2021-05-19 14:00:00";27
"2021-05-19 14:30:00";28
"2021-05-19 15:00:00";27
"2021-05-19 15:30:00";28
"2021-05-19 16:00:00";25
"2021-05-19 16:30:00";26
"2021-05-19 17:00:00";26
"2021-05-19 17:30:00";29
"2021-05-19 18:00:00";27
"2021-05-19 18:30:00";25
"2021-05-19 19:00:00";26
"2021-05-19 19:30:00";27
"2021-05-19 20:00:00";25
"2021-05-19 20:30:00";26
"2021-05-19 21:00:00";26
"2021-05-19 21:30:00";27
"2021-05-19 22:00:00";25
"2021-05-19 22:30:00";26
"2021-05-19 23:00:00";27
"2021-05-19 23:30:00";25
"2021-05-20 00:00:00";25
"2021-05-20 00:30:00";26
"2021-05-20 02:00:00";27
"2021-05-20 02:30:00";25
"2021-05-20 03:00:00";28
"2021-05-20 03:30:00";25
"2021-05-20 04:00:00";25
"2021-05-20 04:30:00";26
"2021-05-20 05:00:00";25
"2021-05-20 05:30:00";26
"2021-05-20 06:00:00";25
"2021-05-20 06:30:00";23
"2021-05-20 07:00:00";25
"2021-05-20 07:30:00";27
"2021-05-20 08:00:00";26
"2021-05-20 08:30:00";26
"2021-05-20 09:00:00";25
"2021-05-20 09:30:00";28
"2021-05-20 10:00:00";25
"2021-05-20 11:00:00";25
"2021-05-20 11:30:00";25
"2021-05-20 12:30:00";21
"2021-05-20 13:00:00";24
"2021-05-20 13:30:00";23
"2021-05-20 14:00:00";23
"2021-05-20 14:30:00";24
"2021-05-20 15:30:00";24
"2021-05-20 16:00:00";25
"2021-05-20 16:30:00";24
"2021-05-20 17:00:00";25
"2021-05-20 17:30:00";24
"2021-05-20 18:00:00";24
"2021-05-20 18:30:00";25
"2021-05-20 19:00:00";24
"2021-05-20 20:00:00";22
"2021-05-20 20:30:00";22
"2021-05-20 21:00:00";24
"2021-05-20 21:30:00";24
"2021-05-20 22:30:00";24
"2021-05-20 23:30:00";27
"2021-05-21 00:30:00";27
"2021-05-21 02:00:00";28
"2021-05-21 03:00:00";26
"2021-05-21 03:30:00";27
"2021-05-21 04:30:00";25
"2021-05-21 05:30:00";26
"2021-05-21 06:00:00";25
"2021-05-21 07:00:00";27
"2021-05-21 08:00:00";27
"2021-05-21 09:00:00";27
"2021-05-21 09:30:00";26
"2021-05-21 10:30:00";24
"2021-05-21 11:00:00";25
"2021-05-21 11:30:00";25
"2021-05-21 12:00:00";23
"2021-05-21 12:30:00";24
"2021-05-21 13:00:00";24
"2021-05-21 13:30:00";22
"2021-05-21 14:00:00";25
"2021-05-21 14:30:00";25
"2021-05-21 15:30:00";26
"2021-05-21 16:00:00";24
"2021-05-21 17:00:00";24
"2021-05-21 17:30:00";26
"2021-05-21 18:00:00";25
"2021-05-21 18:30:00";24
"2021-05-21 19:30:00";24
"2021-05-21 20:00:00";24
"2021-05-21 20:30:00";26
"2021-05-21 21:00:00";25
"2021-05-21 21:30:00";25
"2021-05-21 22:00:00";25
"2021-05-21 22:30:00";24
"2021-05-21 23:00:00";23
"2021-05-21 23:30:00";28
"2021-05-22 02:30:00";28
"2021-05-22 03:00:00";27
"2021-05-22 03:30:00";29
"2021-05-22 04:00:00";31
"2021-05-22 04:30:00";32
"2021-05-22 05:00:00";32
"2021-05-22 05:30:00";34
"2021-05-22 06:00:00";33
"2021-05-22 06:30:00";32
"2021-05-22 07:30:00";34
"2021-05-22 08:00:00";32
"2021-05-22 08:30:00";32
"2021-05-22 09:00:00";32
"2021-05-22 09:30:00";32
"2021-05-22 10:30:00";28
"2021-05-22 11:00:00";29
"2021-05-22 12:00:00";29
"2021-05-22 12:30:00";29
"2021-05-22 13:00:00";28
"2021-05-22 13:30:00";26
"2021-05-22 14:00:00";29
"2021-05-22 15:00:00";28
"2021-05-22 15:30:00";28
"2021-05-22 16:30:00";29
"2021-05-22 17:30:00";30
"2021-05-22 18:00:00";30
"2021-05-22 18:30:00";31
"2021-05-22 19:00:00";31
"2021-05-22 20:00:00";33
"2021-05-22 21:00:00";32
"2021-05-22 21:30:00";33
"2021-05-22 22:00:00";33
"2021-05-22 22:30:00";35
"2021-05-22 23:00:00";33
"2021-05-22 23:30:00";33
"2021-05-23 00:00:00";34
"2021-05-23 00:30:00";34
"2021-05-23 02:30:00";34
"2021-05-23 03:30:00";35
"2021-05-23 04:30:00";33
"2021-05-23 05:00:00";33
"2021-05-23 06:00:00";33
"2021-05-23 06:30:00";31
"2021-05-23 07:00:00";33
"2021-05-23 08:00:00";31
"2021-05-23 08:30:00";31
"2021-05-23 09:30:00";33
"2021-05-23 10:30:00";30
"2021-05-23 11:30:00";29
"2021-05-23 12:00:00";27
"2021-05-23 12:30:00";26
"2021-05-23 13:00:00";27
"2021-05-23 13:30:00";24
"2021-05-23 14:30:00";26
"2021-05-23 15:00:00";28
"2021-05-23 15:30:00";27
"2021-05-23 16:00:00";29
"2021-05-23 17:00:00";28
"2021-05-23 17:30:00";28
"2021-05-23 18:00:00";28
"2021-05-23 18:30:00";30
"2021-05-23 19:00:00";29
"2021-05-23 19:30:00";30
"2021-05-23 20:00:00";29
"2021-05-23 20:30:00";30
"2021-05-23 21:00:00";30
"2021-05-23 22:00:00";32
"2021-05-23 22:30:00";31
"2021-05-23 23:00:00";31
"2021-05-23 23:30:00";31
"2021-05-24 00:00:00";32
"2021-05-24 01:00:00";33
"2021-05-24 02:00:00";32
"2021-05-24 03:00:00";32
"2021-05-24 03:30:00";31
"2021-05-24 04:30:00";32
"2021-05-24 05:00:00";31
"2021-05-24 05:30:00";31
"2021-05-24 06:00:00";31
"2021-05-24 07:00:00";31
"2021-05-24 08:00:00";33
"2021-05-24 09:00:00";31
"2021-05-24 09:30:00";32
"2021-05-24 10:30:00";34
"2021-05-24 11:00:00";31
"2021-05-24 11:30:00";33
"2021-05-24 12:00:00";30
"2021-05-24 12:30:00";34
"2021-05-24 13:30:00";33
"2021-05-24 14:30:00";31
"2021-05-24 15:00:00";34
"2021-05-24 15:30:00";32
"2021-05-24 16:30:00";31
"2021-05-24 17:00:00";31
"2021-05-24 17:30:00";30
"2021-05-24 18:00:00";32
"2021-05-24 18:30:00";32
"2021-05-24 19:00:00";34
"2021-05-24 19:30:00";33
"2021-05-24 20:00:00";33
"2021-05-24 20:30:00";31
"2021-05-24 21:00:00";31
"2021-05-24 21:30:00";31
"2021-05-24 22:00:00";33
"2021-05-24 22:30:00";31
"2021-05-24 23:00:00";30
"2021-05-24 23:30:00";30
"2021-05-25 00:30:00";32
"2021-05-25 02:00:00";30
"2021-05-25 03:00:00";27
"2021-05-25 03:30:00";28
"2021-05-25 04:00:00";27
"2021-05-25 04:30:00";29
"2021-05-25 05:30:00";30
"2021-05-25 06:30:00";27
"2021-05-25 07:30:00";28
"2021-05-25 08:00:00";28
"2021-05-25 08:30:00";29
"2021-05-25 09:00:00";29
"2021-05-25 09:30:00";31
"2021-05-25 10:00:00";27
"2021-05-25 11:00:00";28
"2021-05-25 12:00:00";25
"2021-05-25 12:30:00";23
"2021-05-25 13:00:00";22
"2021-05-25 13:30:00";24
"2021-05-25 14:00:00";24
"2021-05-25 14:30:00";25
"2021-05-25 15:00:00";24
"2021-05-25 15:30:00";24
"2021-05-25 16:00:00";23
"2021-05-25 16:30:00";22
"2021-05-25 17:00:00";24
"2021-05-25 17:30:00";25
"2021-05-25 18:00:00";24
"2021-05-25 19:00:00";23
"2021-05-25 19:30:00";25
"2021-05-25 20:00:00";24
"2021-05-25 20:30:00";25
"2021-05-25 21:00:00";24
"2021-05-25 22:00:00";25
"2021-05-25 23:00:00";26
"2021-05-25 23:30:00";25
"2021-05-26 00:00:00";24
"2021-05-26 00:30:00";24
"2021-05-26 02:00:00";25
"2021-05-26 02:30:00";24
"2021-05-26 03:00:00";26
"2021-05-26 03:30:00";26
"2021-05-26 04:00:00";25
"2021-05-26 04:30:00";26
"2021-05-26 05:30:00";25
"2021-05-26 06:00:00";23
"2021-05-26 06:30:00";25
"2021-05-26 07:00:00";26
"2021-05-26 07:30:00";24
"2021-05-26 08:00:00";25
"2021-05-26 08:30:00";26
"2021-05-26 09:30:00";26
"2021-05-26 10:30:00";24
"2021-05-26 11:30:00";23
"2021-05-26 12:00:00";22
"2021-05-26 13:00:00";21
"2021-05-26 13:30:00";24
"2021-05-26 14:00:00";24
"2021-05-26 14:30:00";22
"2021-05-26 15:00:00";23
"2021-05-26 15:30:00";23
"2021-05-26 16:30:00";24
"2021-05-26 17:30:00";24
"2021-05-26 18:30:00";25
"2021-05-26 19:00:00";23
"2021-05-26 19:30:00";24
"2021-05-26 20:00:00";23
"2021-05-26 20:30:00";25
"2021-05-26 21:00:00";24
"2021-05-26 21:30:00";26
"2021-05-26 22:00:00";25
"2021-05-26 22:30:00";25
"2021-05-26 23:00:00";27
"2021-05-26 23:30:00";26
"2021-05-27 00:30:00";29
"2021-05-27 02:00:00";27
"2021-05-27 03:00:00";29
"2021-05-27 03:30:00";28
"2021-05-27 04:30:00";27
"2021-05-27 05:00:00";28
"2021-05-27 05:30:00";27
"2021-05-27 06:00:00";26
"2021-05-27 06:30:00";28
"2021-05-27 07:30:00";25
"2021-05-27 08:00:00";27
"2021-05-27 08:30:00";27
"2021-05-27 09:30:00";27
"2021-05-27 10:30:00";26
"2021-05-27 11:00:00";26
"2021-05-27 11:30:00";26
"2021-05-27 12:30:00";24
"2021-05-27 13:00:00";27
"2021-05-27 13:30:00";27
"2021-05-27 14:30:00";26
"2021-05-27 15:00:00";25
"2021-05-27 15:30:00";25
"2021-05-27 16:00:00";26
"2021-05-27 16:30:00";24
"2021-05-27 17:00:00";27
"2021-05-27 18:00:00";26
"2021-05-27 18:30:00";26
"2021-05-27 19:00:00";25
"2021-05-27 20:00:00";25
"2021-05-27 20:30:00";26
"2021-05-27 21:00:00";28
"2021-05-27 22:00:00";31
"2021-05-27 22:30:00";32
"2021-05-27 23:00:00";31
"2021-05-28 00:00:00";33
"2021-05-28 00:30:00";33
"2021-05-28 02:00:00";34
"2021-05-28 03:30:00";35
"2021-05-28 04:00:00";34
"2021-05-28 05:00:00";33
"2021-05-28 05:30:00";32
"2021-05-28 06:00:00";32
"2021-05-28 06:30:00";32
"2021-05-28 07:00:00";32
"2021-05-28 07:30:00";31
"2021-05-28 08:30:00";31
"2021-05-28 09:00:00";32
"2021-05-28 09:30:00";32
"2021-05-28 10:30:00";29
"2021-05-28 11:30:00";27
"2021-05-28 12:00:00";30
"2021-05-28 12:30:00";29
"2021-05-28 13:00:00";30
"2021-05-28 14:00:00";28
"2021-05-28 14:30:00";29
"2021-05-28 15:00:00";28
"2021-05-28 15:30:00";27
"2021-05-28 16:00:00";29
"2021-05-28 16:30:00";30
"2021-05-28 17:00:00";30
"2021-05-28 17:30:00";29
"2021-05-28 18:00:00";30
"2021-05-28 18:30:00";32
"2021-05-28 19:00:00";32
"2021-05-28 19:30:00";32
"2021-05-28 20:00:00";31
"2021-05-28 20:30:00";34
"2021-05-28 21:00:00";34
"2021-05-28 21:30:00";35
"2021-05-28 22:30:00";36
"2021-05-28 23:00:00";36
"2021-05-28 23:30:00";36
"2021-05-29 03:00:00";38
"2021-05-29 03:30:00";37
"2021-05-29 04:00:00";38
"2021-05-29 04:30:00";37
"2021-05-29 05:00:00";37
"2021-05-29 05:30:00";36
"2021-05-29 06:00:00";38
"2021-05-29 06:30:00";38
"2021-05-29 07:00:00";37
"2021-05-29 07:30:00";35
"2021-05-29 08:00:00";36
"2021-05-29 08:30:00";36
"2021-05-29 09:00:00";36
"2021-05-29 10:00:00";35
"2021-05-29 10:30:00";34
"2021-05-29 11:30:00";33
"2021-05-29 12:30:00";31
"2021-05-29 13:00:00";34
"2021-05-29 13:30:00";34
"2021-05-29 14:30:00";32
"2021-05-29 15:00:00";33
"2021-05-29 15:30:00";33
"2021-05-29 16:00:00";34
"2021-05-29 16:30:00";31
"2021-05-29 17:30:00";34
"2021-05-29 18:00:00";33
"2021-05-29 18:30:00";34
"2021-05-29 19:30:00";32
"2021-05-29 20:00:00";33
"2021-05-29 21:00:00";34
"2021-05-29 21:30:00";33
"2021-05-29 22:00:00";35
"2021-05-29 22:30:00";33
"2021-05-29 23:00:00";35
"2021-05-29 23:30:00";36
"2021-05-30 00:00:00";36
"2021-05-30 00:30:00";37
"2021-05-30 02:00:00";36
"2021-05-30 02:30:00";35
"2021-05-30 03:00:00";35
"2021-05-30 03:30:00";36
"2021-05-30 04:30:00";36
"2021-05-30 05:00:00";36
"2021-05-30 06:00:00";35
"2021-05-30 06:30:00";35
"2021-05-30 07:00:00";35
"2021-05-30 07:30:00";35
"2021-05-30 08:30:00";35
"2021-05-30 09:00:00";34
"2021-05-30 09:30:00";35
"2021-05-30 10:00:00";33
"2021-05-30 11:00:00";34
"2021-05-30 11:30:00";33
"2021-05-30 12:00:00";31
"2021-05-30 12:30:00";31
"2021-05-30 13:00:00";31
"2021-05-30 13:30:00";33
"2021-05-30 14:00:00";32
"2021-05-30 14:30:00";32
"2021-05-30 15:00:00";33
"2021-05-30 15:30:00";33
"2021-05-30 16:00:00";30
"2021-05-30 16:30:00";32
"2021-05-30 17:00:00";33
"2021-05-30 17:30:00";33
"2021-05-30 18:00:00";34
"2021-05-30 18:30:00";35
"2021-05-30 19:00:00";35
"2021-05-30 19:30:00";38
"2021-05-30 20:00:00";38
"2021-05-30 21:00:00";43
"2021-05-30 21:30:00";45
"2021-05-30 22:00:00";45
"2021-05-30 23:00:00";46
"2021-05-30 23:30:00";47
"2021-05-31 00:00:00";46
"2021-05-31 01:00:00";48
"2021-05-31 02:00:00";49
"2021-05-31 02:30:00";50
"2021-05-31 03:00:00";52
"2021-05-31 04:00:00";52
"2021-05-31 05:00:00";52
"2021-05-31 05:30:00";50
"2021-05-31 06:00:00";51
"2021-05-31 06:30:00";51
"2021-05-31 07:00:00";50
"2021-05-31 07:30:00";49
"2021-05-31 08:30:00";50
"2021-05-31 09:00:00";50
"2021-05-31 10:00:00";49
"2021-05-31 11:00:00";47
"2021-05-31 11:30:00";47
"2021-05-31 12:00:00";47
"2021-05-31 13:00:00";44
"2021-05-31 14:00:00";44
"2021-05-31 14:30:00";44
"2021-05-31 15:00:00";45
"2021-05-31 15:30:00";44
"2021-05-31 16:30:00";43
"2021-05-31 17:00:00";46
"2021-05-31 17:30:00";45
"2021-05-31 18:00:00";46
"2021-05-31 18:30:00";46
"2021-05-31 19:00:00";46
"2021-05-31 19:30:00";45
"2021-05-31 20:00:00";47
"2021-05-31 20:30:00";46
"2021-05-31 21:30:00";47
"2021-05-31 22:00:00";48
"2021-05-31 22:30:00";50
"2021-05-31 23:00:00";49
"2021-05-31 23:30:00";49
"2021-06-01 00:00:00";50
"2021-06-01 00:30:00";50
"2021-06-01 02:00:00";51
"2021-06-01 02:30:00";49
"2021-06-01 03:30:00";50
"2021-06-01 04:00:00";47
"2021-06-01 04:30:00";48
"2021-06-01 05:00:00";47
"2021-06-01 05:30:00";49
"2021-06-01 06:00:00";47
"2021-06-01 07:00:00";47
"2021-06-01 08:00:00";47
"2021-06-01 08:30:00";46
"2021-06-01 09:00:00";45
"2021-06-01 10:00:00";44
"2021-06-01 10:30:00";42
"2021-06-01 11:30:00";42
"2021-06-01 12:00:00";39
"2021-06-01 12:30:00";42
"2021-06-01 13:00:00";40
"2021-06-01 13:30:00";41
"2021-06-01 14:00:00";40
"2021-06-01 14:30:00";42
"2021-06-01 15:30:00";41
"2021-06-01 16:30:00";40
"2021-06-01 17:30:00";41
"2021-06-01 18:00:00";42
"2021-06-01 19:00:00";44
"2021-06-01 20:00:00";44
"2021-06-01 20:30:00";45
"2021-06-01 21:00:00";44
"2021-06-01 21:30:00";46
"2021-06-01 22:30:00";48
"2021-06-01 23:00:00";47
"2021-06-01 23:30:00";48
"2021-06-02 00:00:00";52
"2021-06-02 00:30:00";51
"2021-06-02 02:00:00";54
"2021-06-02 03:30:00";53
"2021-06-02 04:00:00";56
"2021-06-02 04:30:00";54
"2021-06-02 05:30:00";54
"2021-06-02 06:30:00";51
"2021-06-02 07:00:00";53
"2021-06-02 07:30:00";53
"2021-06-02 08:00:00";52
"2021-06-02 08:30:00";51
"2021-06-02 09:30:00";52
"2021-06-02 10:00:00";51
"2021-06-02 10:30:00";51
"2021-06-02 11:00:00";49
"2021-06-02 12:00:00";52
"2021-06-02 12:30:00";50
"2021-06-02 13:00:00";48
"2021-06-02 13:30:00";48
"2021-06-02 14:30:00";46
"2021-06-02 15:00:00";48
"2021-06-02 16:00:00";48
"2021-06-02 17:00:00";46
"2021-06-02 17:30:00";46
"2021-06-02 18:00:00";47
"2021-06-02 19:00:00";46
"2021-06-02 19:30:00";46
"2021-06-02 20:00:00";46
"2021-06-02 20:30:00";46
"2021-06-02 21:30:00";44
"2021-06-02 22:00:00";45
"2021-06-02 22:30:00";46
"2021-06-02 23:00:00";47
"2021-06-02 23:30:00";47
"2021-06-03 00:00:00";46
"2021-06-03 00:30:00";46
"2021-06-03 02:00:00";44
"2021-06-03 03:00:00";45
"2021-06-03 03:30:00";46
"2021-06-03 04:00:00";44
"2021-06-03 05:00:00";43
"2021-06-03 05:30:00";44
"2021-06-03 06:30:00";43
"2021-06-03 07:00:00";43
"2021-06-03 07:30:00";44
"2021-06-03 08:00:00";44
"2021-06-03 09:00:00";44
"2021-06-03 10:00:00";41
"2021-06-03 11:00:00";39
"2021-06-03 11:30:00";40
"2021-06-03 12:00:00";40
"2021-06-03 12:30:00";40
"2021-06-03 13:30:00";41
"2021-06-03 14:30:00";40
"2021-06-03 15:00:00";39
"2021-06-03 15:30:00";40
"2021-06-03 16:30:00";40
"2021-06-03 17:00:00";39
"2021-06-03 17:30:00";39
"2021-06-03 18:00:00";40
"2021-06-03 19:00:00";41
"2021-06-03 19:30:00";40
"2021-06-03 20:00:00";41
"2021-06-03 21:00:00";42
"2021-06-03 22:00:00";43
"2021-06-03 22:30:00";43
"2021-06-03 23:00:00";43
"2021-06-04 00:00:00";44
"2021-06-04 00:30:00";45
"2021-06-04 02:00:00";44
"2021-06-04 03:00:00";44
"2021-06-04 04:00:00";45
"2021-06-04 05:00:00";44
"2021-06-04 05:30:00";43
"2021-06-04 06:00:00";44
"2021-06-04 07:00:00";44
"2021-06-04 07:30:00";44
"2021-06-04 08:30:00";43
"2021-06-04 09:00:00";43
"2021-06-04 09:30:00";41
"2021-06-04 10:00:00";42
"2021-06-04 10:30:00";43
"2021-06-04 11:30:00";40
"2021-06-04 12:00:00";42
"2021-06-04 12:30:00";42
"2021-06-04 13:30:00";42
"2021-06-04 14:00:00";41
"2021-06-04 14:30:00";42
"2021-06-04 15:00:00";42
"2021-06-04 15:30:00";41
"2021-06-04 16:00:00";42
"2021-06-04 16:30:00";39
"2021-06-04 17:00:00";43
"2021-06-04 17:30:00";40
"2021-06-04 18:00:00";44
"2021-06-04 18:30:00";42
"2021-06-04 19:30:00";44
"2021-06-04 20:00:00";44
"2021-06-04 21:00:00";46
"2021-06-04 21:30:00";47
"2021-06-04 22:00:00";44
"2021-06-04 22:30:00";47
"2021-06-04 23:00:00";51
"2021-06-04 23:30:00";52
"2021-06-05 00:30:00";52
"2021-06-05 02:30:00";53
"2021-06-05 03:00:00";53
"2021-06-05 04:00:00";53
"2021-06-05 04:30:00";54
"2021-06-05 05:00:00";53
"2021-06-05 05:30:00";53
"2021-06-05 06:00:00";54
"2021-06-05 06:30:00";54
"2021-06-05 07:00:00";55
"2021-06-05 08:00:00";51
"2021-06-05 08:30:00";56
"2021-06-05 09:00:00";56
"2021-06-05 09:30:00";53
"2021-06-05 10:30:00";52
"2021-06-05 11:30:00";53
"2021-06-05 12:00:00";52
"2021-06-05 12:30:00";53
"2021-06-05 13:00:00";54
"2021-06-05 13:30:00";56
"2021-06-05 14:00:00";57
"2021-06-05 15:00:00";60
"2021-06-05 15:30:00";59
"2021-06-05 16:30:00";59
"2021-06-05 17:00:00";61
"2021-06-05 17:30:00";61
"2021-06-05 18:00:00";61
"2021-06-05 18:30:00";61
"2021-06-05 19:00:00";63
"2021-06-05 19:30:00";62
"2021-06-05 20:00:00";63
"2021-06-05 20:30:00";63
"2021-06-05 21:00:00";63
"2021-06-05 21:30:00";68
"2021-06-05 22:00:00";66
"2021-06-05 22:30:00";67
"2021-06-05 23:00:00";66
"2021-06-05 23:30:00";67
"2021-06-06 00:00:00";67
"2021-06-06 00:30:00";66
"2021-06-06 02:00:00";66
"2021-06-06 02:30:00";65
"2021-06-06 03:00:00";63
"2021-06-06 03:30:00";61
"2021-06-06 04:00:00";62
"2021-06-06 04:30:00";61
"2021-06-06 05:00:00";60
"2021-06-06 05:30:00";59
"2021-06-06 06:00:00";60
"2021-06-06 07:00:00";59
"2021-06-06 07:30:00";57
"2021-06-06 08:00:00";56
"2021-06-06 08:30:00";56
"2021-06-06 09:00:00";59
"2021-06-06 09:30:00";57
"2021-06-06 10:30:00";52
"2021-06-06 11:00:00";53
"2021-06-06 11:30:00";51
"2021-06-06 12:00:00";52
"2021-06-06 12:30:00";52
"2021-06-06 13:00:00";51
"2021-06-06 14:00:00";52
"2021-06-06 14:30:00";50
"2021-06-06 15:00:00";51
"2021-06-06 15:30:00";50
"2021-06-06 16:30:00";51
"2021-06-06 17:00:00";51
"2021-06-06 17:30:00";51
"2021-06-06 18:00:00";53
"2021-06-06 19:00:00";53
"2021-06-06 19:30:00";53
"2021-06-06 20:00:00";54
"2021-06-06 20:30:00";56
"2021-06-06 21:00:00";53
"2021-06-06 22:00:00";54
"2021-06-06 22:30:00";58
"2021-06-06 23:00:00";58
"2021-06-06 23:30:00";58
"2021-06-07 00:00:00";57
"2021-06-07 00:30:00";58
"2021-06-07 02:00:00";59
"2021-06-07 02:30:00";59
"2021-06-07 03:30:00";59
"2021-06-07 04:00:00";57
"2021-06-07 04:30:00";58
"2021-06-07 05:00:00";57
"2021-06-07 05:30:00";58
"2021-06-07 06:00:00";58
"2021-06-07 07:00:00";59
"2021-06-07 07:30:00";59
"2021-06-07 08:00:00";59
"2021-06-07 08:30:00";60
"2021-06-07 09:30:00";58
"2021-06-07 10:00:00";55
"2021-06-07 10:30:00";55
"2021-06-07 11:00:00";58
"2021-06-07 11:30:00";55
"2021-06-07 12:30:00";54
"2021-06-07 13:00:00";56
"2021-06-07 13:30:00";55
"2021-06-07 14:00:00";56
"2021-06-07 14:30:00";55
"2021-06-07 15:00:00";57
"2021-06-07 15:30:00";56
"2021-06-07 16:00:00";53
"2021-06-07 16:30:00";56
"2021-06-07 17:00:00";56
"2021-06-07 17:30:00";56
"2021-06-07 18:00:00";58
"2021-06-07 18:30:00";62
"2021-06-07 19:00:00";61
"2021-06-07 19:30:00";66
"2021-06-07 20:00:00";65
"2021-06-07 20:30:00";68
"2021-06-07 21:30:00";74
"2021-06-07 22:00:00";73
"2021-06-07 22:30:00";74
"2021-06-07 23:00:00";78
"2021-06-07 23:30:00";77
"2021-06-08 00:00:00";76
"2021-06-08 00:30:00";76
"2021-06-08 02:00:00";76
"2021-06-08 02:30:00";74
"2021-06-08 03:00:00";71
"2021-06-08 03:30:00";72
"2021-06-08 04:00:00";71
"2021-06-08 04:30:00";69
"2021-06-08 05:00:00";68
"2021-06-08 05:30:00";70
"2021-06-08 06:00:00";68
"2021-06-08 06:30:00";66
"2021-06-08 07:00:00";67
"2021-06-08 07:30:00";66
"2021-06-08 08:00:00";66
"2021-06-08 08:30:00";64
"2021-06-08 09:00:00";65
"2021-06-08 09:30:00";63
"2021-06-08 10:00:00";62
"2021-06-08 10:30:00";60
"2021-06-08 11:00:00";62
"2021-06-08 11:30:00";59
"2021-06-08 12:00:00";60
"2021-06-08 12:30:00";55
"2021-06-08 13:00:00";55
"2021-06-08 14:00:00";55
"2021-06-08 14:30:00";58
"2021-06-08 15:00:00";58
"2021-06-08 15:30:00";55
"2021-06-08 16:30:00";58
"2021-06-08 17:00:00";58
"2021-06-08 17:30:00";55
"2021-06-08 18:00:00";56
"2021-06-08 18:30:00";58
"2021-06-08 19:00:00";58
"2021-06-08 19:30:00";59
"2021-06-08 20:00:00";61
"2021-06-08 20:30:00";62
"2021-06-08 21:30:00";65
"2021-06-08 22:00:00";64
"2021-06-08 22:30:00";66
"2021-06-08 23:00:00";70
"2021-06-08 23:30:00";71
"2021-06-09 00:00:00";67
"2021-06-09 00:30:00";69
"2021-06-09 04:30:00";65
"2021-06-09 05:00:00";65
"2021-06-09 05:30:00";63
"2021-06-09 06:00:00";62
"2021-06-09 06:30:00";62
"2021-06-09 07:00:00";62
"2021-06-09 07:30:00";61
"2021-06-09 08:30:00";61
"2021-06-09 09:00:00";60
"2021-06-09 09:30:00";60
"2021-06-09 10:00:00";57
"2021-06-09 10:30:00";55
"2021-06-09 11:00:00";56
"2021-06-09 11:30:00";55
"2021-06-09 12:00:00";56
"2021-06-09 12:30:00";56
"2021-06-09 13:00:00";55
"2021-06-09 13:30:00";53
"2021-06-09 18:00:00";52
"2021-06-09 20:30:00";57
"2021-06-09 21:30:00";58
"2021-06-09 22:00:00";59
"2021-06-09 22:30:00";60
"2021-06-09 23:00:00";63
"2021-06-09 23:30:00";62
"2021-06-10 00:00:00";61
"2021-06-10 00:30:00";65
"2021-06-10 02:00:00";65
"2021-06-10 02:30:00";63
"2021-06-10 03:00:00";64
"2021-06-10 03:30:00";64
"2021-06-10 04:00:00";64
"2021-06-10 04:30:00";63
"2021-06-10 05:00:00";62
"2021-06-10 05:30:00";63
"2021-06-10 06:00:00";62
"2021-06-10 06:30:00";61
"2021-06-10 07:00:00";61
"2021-06-10 07:30:00";62
"2021-06-10 08:30:00";59
"2021-06-10 09:30:00";62
"2021-06-10 10:30:00";56
"2021-06-10 11:00:00";57
"2021-06-10 12:00:00";57
"2021-06-10 12:30:00";55
"2021-06-10 13:00:00";54
"2021-06-10 13:30:00";54
"2021-06-10 14:00:00";53
"2021-06-10 15:00:00";53
"2021-06-10 16:00:00";56
"2021-06-10 16:30:00";55
"2021-06-10 17:00:00";55
"2021-06-10 17:30:00";55
"2021-06-10 18:00:00";57
"2021-06-10 18:30:00";57
"2021-06-10 19:30:00";55
"2021-06-10 20:30:00";57
"2021-06-10 21:00:00";61
"2021-06-10 21:30:00";58
"2021-06-10 22:00:00";61
"2021-06-10 22:30:00";61
"2021-06-10 23:00:00";60
"2021-06-11 00:00:00";62
"2021-06-11 00:30:00";63
"2021-06-11 01:00:00";62
"2021-06-11 01:30:00";60
"2021-06-11 03:00:00";59
"2021-06-11 03:30:00";60
"2021-06-11 04:00:00";61
"2021-06-11 04:30:00";59
"2021-06-11 05:30:00";61
"2021-06-11 06:30:00";62
"2021-06-11 07:00:00";60
"2021-06-11 07:30:00";62
"2021-06-11 08:00:00";62
"2021-06-11 08:30:00";62
"2021-06-11 09:00:00";61
"2021-06-11 09:30:00";60
"2021-06-11 10:00:00";62
"2021-06-11 10:30:00";61
"2021-06-11 11:00:00";60
"2021-06-11 11:30:00";58
"2021-06-11 12:30:00";56
"2021-06-11 13:00:00";55
"2021-06-11 13:30:00";55
"2021-06-11 14:00:00";57
"2021-06-11 14:30:00";56
"2021-06-11 15:00:00";54
"2021-06-11 16:00:00";55
"2021-06-11 16:30:00";53
"2021-06-11 17:30:00";52
"2021-06-11 18:00:00";55
"2021-06-11 18:30:00";54
"2021-06-11 19:00:00";54
"2021-06-11 19:30:00";57
"2021-06-11 20:00:00";58
"2021-06-11 20:30:00";57
"2021-06-11 21:30:00";60
"2021-06-11 22:00:00";63
"2021-06-11 23:00:00";62
"2021-06-11 23:30:00";60
"2021-06-12 00:30:00";62
"2021-06-12 01:00:00";62
"2021-06-12 03:30:00";59
"2021-06-12 04:00:00";60
"2021-06-12 04:30:00";60
"2021-06-12 05:00:00";59
"2021-06-12 06:00:00";59
"2021-06-12 06:30:00";58
"2021-06-12 07:00:00";58
"2021-06-12 07:30:00";57
"2021-06-12 08:00:00";57
"2021-06-12 08:30:00";55
"2021-06-12 09:00:00";56
"2021-06-12 09:30:00";56
"2021-06-12 10:00:00";57
"2021-06-12 11:00:00";55
"2021-06-12 11:30:00";50
"2021-06-12 12:30:00";51
"2021-06-12 13:00:00";52
"2021-06-12 13:30:00";53
"2021-06-12 14:30:00";52
"2021-06-12 15:00:00";53
"2021-06-12 16:00:00";53
"2021-06-12 17:00:00";54
"2021-06-12 18:00:00";54
"2021-06-12 19:00:00";57
"2021-06-12 20:00:00";60
"2021-06-12 21:00:00";60
"2021-06-12 21:30:00";61
"2021-06-12 22:30:00";63
"2021-06-12 23:00:00";64
"2021-06-12 23:30:00";66
"2021-06-13 00:00:00";66
"2021-06-13 01:00:00";64
"2021-06-13 01:30:00";66
"2021-06-13 03:00:00";64
"2021-06-13 03:30:00";65
"2021-06-13 04:00:00";63
"2021-06-13 05:00:00";61
"2021-06-13 06:00:00";60
"2021-06-13 07:00:00";58
"2021-06-13 07:30:00";58
"2021-06-13 08:00:00";57
"2021-06-13 09:00:00";57
"2021-06-13 09:30:00";58
"2021-06-13 10:00:00";58
"2021-06-13 10:30:00";60
"2021-06-13 11:30:00";54
"2021-06-13 12:00:00";51
"2021-06-13 12:30:00";53
"2021-06-13 13:00:00";51
"2021-06-13 14:00:00";53
"2021-06-13 14:30:00";53
"2021-06-13 15:00:00";52
"2021-06-13 15:30:00";54
"2021-06-13 16:00:00";54
"2021-06-13 17:00:00";57
"2021-06-13 18:00:00";61
"2021-06-13 18:30:00";62
"2021-06-13 19:30:00";65
"2021-06-13 20:00:00";67
"2021-06-13 21:00:00";69
"2021-06-13 21:30:00";72
"2021-06-13 22:30:00";70
"2021-06-13 23:00:00";72
"2021-06-13 23:30:00";71
"2021-06-14 00:00:00";71
"2021-06-14 00:30:00";72
"2021-06-14 01:00:00";72
"2021-06-14 01:30:00";71
"2021-06-14 03:00:00";69
"2021-06-14 04:00:00";68
"2021-06-14 04:30:00";67
"2021-06-14 05:00:00";65
"2021-06-14 05:30:00";64
"2021-06-14 06:00:00";65
"2021-06-14 07:00:00";63
"2021-06-14 07:30:00";62
"2021-06-14 08:00:00";61
"2021-06-14 08:30:00";61
"2021-06-14 09:00:00";62
"2021-06-14 10:00:00";60
"2021-06-14 10:30:00";59
"2021-06-14 11:30:00";55
"2021-06-14 12:00:00";53
"2021-06-14 12:30:00";52
"2021-06-14 13:00:00";55
"2021-06-14 14:00:00";56
"2021-06-14 14:30:00";56
"2021-06-14 15:00:00";57
"2021-06-14 15:30:00";57
"2021-06-14 16:00:00";59
"2021-06-14 16:30:00";60
"2021-06-14 17:00:00";60
"2021-06-14 17:30:00";61
"2021-06-14 18:30:00";67
"2021-06-14 19:00:00";67
"2021-06-14 19:30:00";66
"2021-06-14 20:30:00";70
"2021-06-14 21:00:00";71
"2021-06-15 08:00:00";66
"2021-06-15 08:30:00";64
"2021-06-15 09:00:00";64
"2021-06-15 09:30:00";63
"2021-06-15 10:30:00";60
"2021-06-15 11:00:00";60
"2021-06-15 11:30:00";60
"2021-06-15 12:00:00";60
"2021-06-15 12:30:00";60
"2021-06-15 13:00:00";60
"2021-06-15 13:30:00";61
"2021-06-15 14:00:00";55
"2021-06-15 14:30:00";58
"2021-06-15 15:00:00";58
"2021-06-15 15:30:00";60
"2021-06-15 16:00:00";62
"2021-06-15 16:30:00";62
"2021-06-15 17:30:00";63
"2021-06-15 18:00:00";67
"2021-06-15 18:30:00";70
"2021-06-15 19:00:00";71
"2021-06-15 19:30:00";71
"2021-06-15 20:00:00";71
"2021-06-15 21:00:00";73
"2021-06-15 21:30:00";73
"2021-06-15 22:00:00";72
"2021-06-15 22:30:00";73
"2021-06-15 23:00:00";70
"2021-06-15 23:30:00";74
"2021-06-16 00:00:00";71
"2021-06-16 00:30:00";69
"2021-06-16 01:00:00";69
"2021-06-16 01:30:00";70
"2021-06-16 05:30:00";63
"2021-06-16 06:00:00";65
"2021-06-16 06:30:00";64
"2021-06-16 07:00:00";63
"2021-06-16 08:00:00";62
"2021-06-16 08:30:00";62
"2021-06-16 09:00:00";61
"2021-06-16 09:30:00";60
"2021-06-16 10:30:00";60
"2021-06-16 11:30:00";59
"2021-06-16 12:00:00";59
"2021-06-16 13:30:00";58
"2021-06-16 14:30:00";58
"2021-06-16 15:00:00";58
"2021-06-16 16:00:00";57
"2021-06-16 17:00:00";59
"2021-06-16 18:00:00";60
"2021-06-16 18:30:00";61
"2021-06-16 19:00:00";60
"2021-06-16 19:30:00";62
"2021-06-16 20:30:00";61
"2021-06-16 21:00:00";61
"2021-06-16 22:00:00";62
"2021-06-16 22:30:00";61
"2021-06-16 23:00:00";61
"2021-06-17 00:00:00";63
"2021-06-17 00:30:00";61
"2021-06-17 01:00:00";60
"2021-06-17 01:30:00";60
"2021-06-17 05:00:00";60
"2021-06-17 05:30:00";60
"2021-06-17 06:00:00";60
"2021-06-17 06:30:00";57
"2021-06-17 07:30:00";58
"2021-06-17 08:00:00";58
"2021-06-17 08:30:00";58
"2021-06-17 09:30:00";56
"2021-06-17 10:00:00";55
"2021-06-17 11:00:00";55
"2021-06-17 11:30:00";56
"2021-06-17 12:00:00";54
"2021-06-17 12:30:00";54
"2021-06-17 13:00:00";54
"2021-06-17 13:30:00";54
"2021-06-17 14:00:00";54
"2021-06-17 14:30:00";55
"2021-06-17 15:00:00";52
"2021-06-17 15:30:00";54
"2021-06-17 16:00:00";54
"2021-06-17 16:30:00";54
"2021-06-17 17:00:00";54
"2021-06-17 17:30:00";57
"2021-06-17 18:00:00";58
"2021-06-17 18:30:00";59
"2021-06-17 19:30:00";61
"2021-06-17 20:00:00";62
"2021-06-17 20:30:00";60
"2021-06-17 21:00:00";63
"2021-06-17 21:30:00";60
"2021-06-17 22:30:00";60
"2021-06-17 23:00:00";59
"2021-06-17 23:30:00";60
"2021-06-18 00:30:00";59
"2021-06-18 01:30:00";58
"2021-06-18 03:00:00";58
"2021-06-18 03:30:00";56
"2021-06-18 04:30:00";56
"2021-06-18 05:00:00";55
"2021-06-18 05:30:00";55
"2021-06-18 06:30:00";55
"2021-06-18 07:00:00";55
"2021-06-18 07:30:00";52
"2021-06-18 08:00:00";54
"2021-06-18 08:30:00";54
"2021-06-18 09:00:00";53
"2021-06-18 10:00:00";50
"2021-06-18 10:30:00";54
"2021-06-18 11:00:00";50
"2021-06-18 11:30:00";49
"2021-06-18 12:00:00";48
"2021-06-18 12:30:00";50
"2021-06-18 13:00:00";49
"2021-06-18 13:30:00";50
"2021-06-18 14:00:00";49
"2021-06-18 15:00:00";49
"2021-06-18 15:30:00";48
"2021-06-18 16:00:00";49
"2021-06-18 16:30:00";50
"2021-06-18 17:00:00";50
"2021-06-18 17:30:00";51
"2021-06-18 18:00:00";52
"2021-06-18 18:30:00";54
"2021-06-18 19:00:00";54
"2021-06-18 19:30:00";54
"2021-06-18 20:00:00";52
"2021-06-18 20:30:00";51
"2021-06-18 21:00:00";53
"2021-06-18 21:30:00";53
"2021-06-18 22:00:00";54
"2021-06-18 22:30:00";55
"2021-06-18 23:00:00";57
"2021-06-18 23:30:00";55
"2021-06-19 00:00:00";54
"2021-06-19 00:30:00";57
"2021-06-19 01:00:00";56
"2021-06-19 01:30:00";55
"2021-06-19 04:00:00";53
"2021-06-19 04:30:00";54
"2021-06-19 05:00:00";52
"2021-06-19 05:30:00";52
"2021-06-19 06:00:00";52
"2021-06-19 06:30:00";52
"2021-06-19 07:00:00";52
"2021-06-19 07:30:00";53
"2021-06-19 08:00:00";49
"2021-06-19 08:30:00";50
"2021-06-19 09:00:00";51
"2021-06-19 09:30:00";51
"2021-06-19 10:30:00";49
"2021-06-19 11:00:00";48
"2021-06-19 11:30:00";48
"2021-06-19 12:00:00";45
"2021-06-19 12:30:00";46
"2021-06-19 13:00:00";45
"2021-06-19 13:30:00";46
"2021-06-19 14:00:00";46
"2021-06-19 14:30:00";47
"2021-06-19 15:00:00";46
"2021-06-19 15:30:00";46
"2021-06-19 16:00:00";47
"2021-06-19 16:30:00";48
"2021-06-19 17:00:00";49
"2021-06-19 17:30:00";48
"2021-06-19 18:00:00";53
"2021-06-19 18:30:00";53
"2021-06-19 19:00:00";55
"2021-06-19 19:30:00";54
"2021-06-19 20:00:00";56
"2021-06-19 20:30:00";54
"2021-06-19 21:00:00";55
"2021-06-19 21:30:00";55
"2021-06-19 22:00:00";56
"2021-06-19 22:30:00";57
"2021-06-19 23:00:00";57
"2021-06-19 23:30:00";58
"2021-06-20 00:00:00";57
"2021-06-20 01:00:00";58
"2021-06-20 01:30:00";58
"2021-06-20 02:00:00";56
"2021-06-20 03:00:00";58
"2021-06-20 03:30:00";57
"2021-06-20 04:00:00";55
"2021-06-20 04:30:00";53
"2021-06-20 05:30:00";54
"2021-06-20 06:00:00";54
"2021-06-20 06:30:00";53
"2021-06-20 07:00:00";52
"2021-06-20 07:30:00";52
"2021-06-20 08:00:00";51
"2021-06-20 08:30:00";52
"2021-06-20 09:30:00";50
"2021-06-20 10:00:00";49
"2021-06-20 11:00:00";50
"2021-06-20 11:30:00";50
"2021-06-20 12:00:00";47
"2021-06-20 12:30:00";51
"2021-06-20 13:00:00";50
"2021-06-20 13:30:00";50
"2021-06-20 14:00:00";50
"2021-06-20 14:30:00";49
"2021-06-20 15:00:00";50
"2021-06-20 15:30:00";51
"2021-06-20 16:30:00";52
"2021-06-20 17:00:00";52
"2021-06-20 18:00:00";55
"2021-06-20 18:30:00";54
"2021-06-20 19:30:00";61
"2021-06-20 20:30:00";66
"2021-06-20 21:00:00";67
"2021-06-20 21:30:00";67
"2021-06-20 23:00:00";79
"2021-06-20 23:30:00";85
"2021-06-21 00:00:00";85
"2021-06-21 00:30:00";88
"2021-06-21 01:00:00";82
"2021-06-21 01:30:00";80
"2021-06-21 03:00:00";79
"2021-06-21 04:00:00";79
"2021-06-21 04:30:00";75
"2021-06-21 05:30:00";73
"2021-06-21 06:00:00";73
"2021-06-21 06:30:00";72
"2021-06-21 07:30:00";68
"2021-06-21 08:00:00";68
"2021-06-21 08:30:00";66
"2021-06-21 09:00:00";64
"2021-06-21 09:30:00";66
"2021-06-21 10:30:00";64
"2021-06-21 11:30:00";62
"2021-06-21 12:00:00";58
"2021-06-21 13:00:00";56
"2021-06-21 14:00:00";59
"2021-06-21 14:30:00";57
"2021-06-21 15:00:00";57
"2021-06-21 16:00:00";59
"2021-06-21 16:30:00";58
"2021-06-21 17:00:00";57
"2021-06-21 18:00:00";58
"2021-06-21 18:30:00";58
"2021-06-21 19:00:00";59
"2021-06-21 19:30:00";59
"2021-06-21 20:00:00";58
"2021-06-21 20:30:00";58
"2021-06-21 21:00:00";58
"2021-06-21 21:30:00";56
"2021-06-21 22:00:00";58
"2021-06-21 22:30:00";58
"2021-06-21 23:00:00";56
"2021-06-21 23:30:00";57
"2021-06-22 00:00:00";57
"2021-06-22 00:30:00";55
"2021-06-22 01:00:00";56
"2021-06-22 01:30:00";55
"2021-06-22 02:00:00";55
"2021-06-22 03:00:00";54
"2021-06-22 04:00:00";55
"2021-06-22 04:30:00";53
"2021-06-22 05:00:00";52
"2021-06-22 06:00:00";51
"2021-06-22 06:30:00";51
"2021-06-22 07:00:00";49
"2021-06-22 07:30:00";51
"2021-06-22 08:00:00";50
"2021-06-22 08:30:00";49
"2021-06-22 09:00:00";48
"2021-06-22 09:30:00";50
"2021-06-22 10:00:00";47
"2021-06-22 10:30:00";49
"2021-06-22 11:00:00";47
"2021-06-22 11:30:00";48
"2021-06-22 12:00:00";48
"2021-06-22 12:30:00";47
"2021-06-22 13:00:00";47
"2021-06-22 13:30:00";45
"2021-06-22 14:00:00";47
"2021-06-22 14:30:00";44
"2021-06-22 15:00:00";47
"2021-06-22 15:30:00";45
"2021-06-22 16:00:00";47
"2021-06-22 16:30:00";46
"2021-06-22 17:00:00";45
"2021-06-22 17:30:00";45
"2021-06-22 18:00:00";45
"2021-06-22 18:30:00";45
"2021-06-22 19:00:00";46
"2021-06-22 19:30:00";45
"2021-06-22 20:00:00";46
"2021-06-22 20:30:00";44
"2021-06-22 21:00:00";46
"2021-06-22 21:30:00";45
"2021-06-22 22:00:00";48
"2021-06-22 22:30:00";47
"2021-06-22 23:00:00";46
"2021-06-23 00:00:00";55
"2021-06-23 00:30:00";56
"2021-06-23 01:00:00";55
"2021-06-23 01:30:00";57
"2021-06-23 02:00:00";54
"2021-06-23 03:00:00";54
"2021-06-23 04:00:00";52
"2021-06-23 04:30:00";52
"2021-06-23 05:00:00";51
"2021-06-23 06:00:00";50
"2021-06-23 06:30:00";49
"2021-06-23 07:30:00";50
"2021-06-23 08:30:00";48
"2021-06-23 09:00:00";48
"2021-06-23 09:30:00";47
"2021-06-23 10:00:00";47
"2021-06-23 10:30:00";48
"2021-06-23 11:00:00";46
"2021-06-23 11:30:00";45
"2021-06-23 12:00:00";45
"2021-06-23 12:30:00";44
"2021-06-23 13:00:00";44
"2021-06-23 13:30:00";44
"2021-06-23 14:00:00";41
"2021-06-23 14:30:00";42
"2021-06-23 15:00:00";42
"2021-06-23 16:00:00";42
"2021-06-23 16:30:00";42
"2021-06-23 17:00:00";44
"2021-06-23 17:30:00";44
"2021-06-23 18:00:00";47
"2021-06-23 18:30:00";49
"2021-06-23 19:00:00";53
"2021-06-23 19:30:00";54
"2021-06-23 20:30:00";59
"2021-06-23 21:00:00";66
"2021-06-23 21:30:00";72
"2021-06-23 22:00:00";75
"2021-06-23 22:30:00";76
"2021-06-23 23:30:00";77
"2021-06-24 00:00:00";75
"2021-06-24 00:30:00";73
"2021-06-24 01:30:00";70
"2021-06-24 02:00:00";67
"2021-06-24 03:00:00";66
"2021-06-24 04:00:00";64
"2021-06-24 04:30:00";62
"2021-06-24 05:00:00";60
"2021-06-24 05:30:00";61
"2021-06-24 06:00:00";58
"2021-06-24 07:00:00";59
"2021-06-24 08:00:00";57
"2021-06-24 08:30:00";57
"2021-06-24 09:00:00";54
"2021-06-24 09:30:00";55
"2021-06-24 10:30:00";53
"2021-06-24 11:00:00";55
"2021-06-24 11:30:00";54
"2021-06-24 12:00:00";52
"2021-06-24 12:30:00";51
"2021-06-24 13:00:00";51
"2021-06-24 13:30:00";51
"2021-06-24 14:00:00";51
"2021-06-24 14:30:00";48
"2021-06-24 15:00:00";48
"2021-06-24 15:30:00";50
"2021-06-24 16:30:00";50
"2021-06-24 17:00:00";53
"2021-06-24 17:30:00";60
"2021-06-24 18:00:00";58
"2021-06-24 18:30:00";58
"2021-06-24 19:00:00";58
"2021-06-24 19:30:00";59
"2021-06-24 20:00:00";59
"2021-06-24 20:30:00";59
"2021-06-24 21:30:00";59
"2021-06-24 22:00:00";57
"2021-06-24 22:30:00";59
"2021-06-24 23:00:00";57
"2021-06-25 00:00:00";56
"2021-06-25 00:30:00";57
"2021-06-25 01:00:00";56
"2021-06-25 01:30:00";55
"2021-06-25 02:00:00";54
"2021-06-25 03:00:00";54
"2021-06-25 03:30:00";54
"2021-06-25 04:30:00";54
"2021-06-25 05:00:00";53
"2021-06-25 05:30:00";52
"2021-06-25 06:00:00";52
"2021-06-25 06:30:00";53
"2021-06-25 07:00:00";52
"2021-06-25 07:30:00";51
"2021-06-25 08:00:00";50
"2021-06-25 08:30:00";49
"2021-06-25 09:00:00";50
"2021-06-25 09:30:00";49
"2021-06-25 10:00:00";50
"2021-06-25 11:00:00";49
"2021-06-25 11:30:00";47
"2021-06-25 12:00:00";44
"2021-06-25 12:30:00";44
"2021-06-25 13:00:00";46
"2021-06-25 13:30:00";46
"2021-06-25 14:00:00";45
"2021-06-25 14:30:00";44
"2021-06-25 15:00:00";43
"2021-06-25 16:00:00";44
"2021-06-25 16:30:00";46
"2021-06-25 17:00:00";46
"2021-06-25 17:30:00";43
"2021-06-25 18:00:00";45
"2021-06-25 18:30:00";46
"2021-06-25 19:00:00";42
"2021-06-25 19:30:00";45
"2021-06-25 20:00:00";44
"2021-06-25 20:30:00";45
"2021-06-25 21:00:00";45
"2021-06-25 21:30:00";44
"2021-06-25 22:00:00";44
"2021-06-25 22:30:00";43
"2021-06-25 23:00:00";43
"2021-06-25 23:30:00";45
"2021-06-26 00:00:00";44
"2021-06-26 00:30:00";44
"2021-06-26 01:00:00";44
"2021-06-26 01:30:00";44
"2021-06-26 04:00:00";42
"2021-06-26 04:30:00";43
"2021-06-26 05:30:00";43
"2021-06-26 06:00:00";41
"2021-06-26 06:30:00";43
"2021-06-26 07:30:00";42
"2021-06-26 08:30:00";40
"2021-06-26 09:00:00";42
"2021-06-26 10:00:00";42
"2021-06-26 10:30:00";43
"2021-06-26 11:00:00";40
"2021-06-26 11:30:00";37
"2021-06-26 12:00:00";39
"2021-06-26 12:30:00";40
"2021-06-26 13:00:00";38
"2021-06-26 13:30:00";39
"2021-06-26 14:00:00";38
"2021-06-26 15:00:00";37
"2021-06-26 15:30:00";38
"2021-06-26 16:00:00";38
"2021-06-26 16:30:00";38
"2021-06-26 17:00:00";37
"2021-06-26 17:30:00";39
"2021-06-26 18:00:00";38
"2021-06-26 18:30:00";38
"2021-06-26 19:00:00";38
"2021-06-26 19:30:00";37
"2021-06-26 20:00:00";37
"2021-06-26 20:30:00";35
"2021-06-26 21:00:00";37
"2021-06-26 21:30:00";38
"2021-06-26 22:00:00";37
"2021-06-26 23:00:00";37
"2021-06-26 23:30:00";38
"2021-06-27 00:30:00";38
"2021-06-27 01:00:00";37
"2021-06-27 01:30:00";40
"2021-06-27 03:00:00";38
"2021-06-27 04:00:00";38
"2021-06-27 04:30:00";37
"2021-06-27 05:00:00";39
"2021-06-27 05:30:00";38
"2021-06-27 06:30:00";38
"2021-06-27 07:00:00";39
"2021-06-27 07:30:00";39
"2021-06-27 08:00:00";37
"2021-06-27 08:30:00";38
"2021-06-27 09:00:00";35
"2021-06-27 09:30:00";35
"2021-06-27 10:00:00";36
"2021-06-27 10:30:00";36
"2021-06-27 11:00:00";34
"2021-06-27 11:30:00";36
"2021-06-27 12:00:00";34
"2021-06-27 12:30:00";36
"2021-06-27 13:00:00";34
"2021-06-27 13:30:00";34
"2021-06-27 14:00:00";35
"2021-06-27 14:30:00";35
"2021-06-27 15:00:00";35
"2021-06-27 15:30:00";35
"2021-06-27 16:00:00";34
"2021-06-27 16:30:00";34
"2021-06-27 17:00:00";34
"2021-06-27 17:30:00";34
"2021-06-27 18:00:00";35
"2021-06-27 18:30:00";35
"2021-06-27 19:00:00";35
"2021-06-27 19:30:00";32
"2021-06-27 20:00:00";33
"2021-06-27 20:30:00";36
"2021-06-27 21:00:00";34
"2021-06-27 21:30:00";35
"2021-06-27 22:30:00";36
"2021-06-27 23:00:00";36
"2021-06-27 23:30:00";36
"2021-06-28 00:30:00";37
"2021-06-28 01:00:00";38
"2021-06-28 01:30:00";41
"2021-06-28 02:00:00";44
"2021-06-28 03:00:00";45
"2021-06-28 03:30:00";45
"2021-06-28 04:30:00";43
"2021-06-28 05:00:00";44
"2021-06-28 05:30:00";41
"2021-06-28 06:00:00";42
"2021-06-28 06:30:00";42
"2021-06-28 07:00:00";42
"2021-06-28 07:30:00";41
"2021-06-28 08:00:00";38
"2021-06-28 09:00:00";41
"2021-06-28 09:30:00";41
"2021-06-28 10:00:00";41
"2021-06-28 11:00:00";41
"2021-06-28 11:30:00";40
"2021-06-28 12:00:00";37
"2021-06-28 12:30:00";36
"2021-06-28 13:00:00";39
"2021-06-28 14:00:00";38
"2021-06-28 14:30:00";36
"2021-06-28 15:00:00";35
"2021-06-28 15:30:00";35
"2021-06-28 16:00:00";37
"2021-06-28 16:30:00";36
"2021-06-28 17:00:00";40
"2021-06-28 17:30:00";39
"2021-06-28 18:00:00";37
"2021-06-28 18:30:00";38
"2021-06-28 19:00:00";39
"2021-06-28 20:00:00";40
"2021-06-28 20:30:00";40
"2021-06-28 21:00:00";39
"2021-06-28 21:30:00";40
"2021-06-28 22:00:00";41
"2021-06-28 22:30:00";40
"2021-06-28 23:00:00";41
"2021-06-28 23:30:00";43
"2021-06-29 00:00:00";43
"2021-06-29 00:30:00";45
"2021-06-29 01:00:00";43
"2021-06-29 01:30:00";45
"2021-06-29 02:00:00";47
"2021-06-29 03:00:00";49
"2021-06-29 03:30:00";48
"2021-06-29 04:00:00";51
"2021-06-29 05:00:00";53
"2021-06-29 05:30:00";56
"2021-06-29 06:00:00";56
"2021-06-29 06:30:00";55
"2021-06-29 07:00:00";56
"2021-06-29 07:30:00";56
"2021-06-29 08:00:00";55
"2021-06-29 08:30:00";54
"2021-06-29 09:00:00";52
"2021-06-29 09:30:00";51
"2021-06-29 10:00:00";52
"2021-06-29 10:30:00";49
"2021-06-29 11:00:00";49
"2021-06-29 11:30:00";50
"2021-06-29 12:00:00";49
"2021-06-29 12:30:00";47
"2021-06-29 13:00:00";48
"2021-06-29 13:30:00";45
"2021-06-29 14:00:00";46
"2021-06-29 15:00:00";45
"2021-06-29 15:30:00";45
"2021-06-29 16:00:00";43
"2021-06-29 16:30:00";43
"2021-06-29 17:00:00";41
"2021-06-29 17:30:00";44
"2021-06-29 18:00:00";46
"2021-06-29 18:30:00";44
"2021-06-29 19:00:00";46
"2021-06-29 19:30:00";47
"2021-06-29 20:00:00";48
"2021-06-29 20:30:00";50
"2021-06-29 21:00:00";49
"2021-06-29 21:30:00";50
"2021-06-29 22:00:00";48
"2021-06-29 23:00:00";48
"2021-06-29 23:30:00";48
"2021-06-30 00:30:00";45
"2021-06-30 01:00:00";43
"2021-06-30 01:30:00";47
"2021-06-30 02:00:00";48
"2021-06-30 03:00:00";46
"2021-06-30 04:00:00";44
"2021-06-30 04:30:00";44
"2021-06-30 05:00:00";43
"2021-06-30 05:30:00";43
"2021-06-30 06:30:00";42
"2021-06-30 07:00:00";42
"2021-06-30 07:30:00";42
"2021-06-30 08:00:00";41
"2021-06-30 08:30:00";41
"2021-06-30 09:00:00";41
"2021-06-30 09:30:00";41
"2021-06-30 10:00:00";40
"2021-06-30 10:30:00";41
"2021-06-30 11:00:00";42
"2021-06-30 12:00:00";38
"2021-06-30 12:30:00";38
"2021-06-30 13:00:00";38
"2021-06-30 13:30:00";37
"2021-06-30 14:00:00";37
"2021-06-30 14:30:00";37
"2021-06-30 15:00:00";37
"2021-06-30 15:30:00";34
"2021-06-30 16:00:00";36
"2021-06-30 16:30:00";37
"2021-06-30 17:00:00";38
"2021-06-30 17:30:00";37
"2021-06-30 18:00:00";38
"2021-06-30 18:30:00";37
"2021-06-30 19:00:00";40
"2021-06-30 19:30:00";38
"2021-06-30 20:00:00";39
"2021-06-30 21:00:00";41
"2021-06-30 21:30:00";40
"2021-06-30 22:00:00";39
"2021-06-30 22:30:00";38
"2021-06-30 23:00:00";40
"2021-06-30 23:30:00";39
"2021-07-01 00:00:00";39
"2021-07-01 01:00:00";39
"2021-07-01 01:30:00";40
"2021-07-01 02:00:00";37
"2021-07-01 03:00:00";37
"2021-07-01 04:00:00";39
"2021-07-01 04:30:00";38
"2021-07-01 05:00:00";37
"2021-07-01 06:00:00";37
"2021-07-01 06:30:00";34
"2021-07-01 07:00:00";35
"2021-07-01 07:30:00";35
"2021-07-01 08:00:00";36
"2021-07-01 08:30:00";36
"2021-07-01 09:00:00";36
"2021-07-01 09:30:00";35
"2021-07-01 10:30:00";37
"2021-07-01 11:00:00";34
"2021-07-01 12:00:00";32
"2021-07-01 12:30:00";33
"2021-07-01 13:00:00";32
"2021-07-01 14:00:00";31
"2021-07-01 14:30:00";31
"2021-07-01 15:00:00";30
"2021-07-01 15:30:00";33
"2021-07-01 16:00:00";32
"2021-07-01 16:30:00";31
"2021-07-01 17:00:00";32
"2021-07-01 17:30:00";31
"2021-07-01 18:00:00";32
"2021-07-01 18:30:00";32
"2021-07-01 19:00:00";33
"2021-07-01 19:30:00";33
"2021-07-01 20:00:00";33
"2021-07-01 20:30:00";32
"2021-07-01 21:00:00";33
"2021-07-01 21:30:00";34
"2021-07-01 22:00:00";34
"2021-07-01 22:30:00";34
"2021-07-01 23:00:00";34
"2021-07-01 23:30:00";34
"2021-07-02 00:00:00";35
"2021-07-02 00:30:00";33
"2021-07-02 01:00:00";33
"2021-07-02 01:30:00";35
"2021-07-02 02:00:00";34
"2021-07-02 03:00:00";33
"2021-07-02 04:00:00";33
"2021-07-02 04:30:00";33
"2021-07-02 05:30:00";33
"2021-07-02 06:30:00";32
"2021-07-02 07:30:00";31
"2021-07-02 08:00:00";31
"2021-07-02 08:30:00";30
"2021-07-02 09:30:00";32
"2021-07-02 10:00:00";31
"2021-07-02 10:30:00";33
"2021-07-02 11:00:00";30
"2021-07-02 11:30:00";26
"2021-07-02 12:00:00";26
"2021-07-02 12:30:00";27
"2021-07-02 13:00:00";30
"2021-07-02 13:30:00";31
"2021-07-02 14:00:00";30
"2021-07-02 14:30:00";31
"2021-07-02 15:00:00";28
"2021-07-02 15:30:00";28
"2021-07-02 16:00:00";28
"2021-07-02 16:30:00";28
"2021-07-02 17:00:00";28
"2021-07-02 17:30:00";28
"2021-07-02 18:00:00";30
"2021-07-02 18:30:00";31
"2021-07-02 19:00:00";33
"2021-07-02 19:30:00";30
"2021-07-02 20:00:00";32
"2021-07-02 20:30:00";33
"2021-07-02 21:00:00";32
"2021-07-02 21:30:00";33
"2021-07-02 22:00:00";34
"2021-07-02 22:30:00";34
"2021-07-02 23:00:00";35
"2021-07-02 23:30:00";34
"2021-07-03 00:00:00";36
"2021-07-03 00:30:00";34
"2021-07-03 01:00:00";36
"2021-07-03 01:30:00";35
"2021-07-03 04:00:00";34
"2021-07-03 04:30:00";34
"2021-07-03 05:30:00";33
"2021-07-03 06:30:00";32
"2021-07-03 07:30:00";33
"2021-07-03 08:00:00";32
"2021-07-03 08:30:00";34
"2021-07-03 09:00:00";32
"2021-07-03 09:30:00";31
"2021-07-03 10:30:00";32
"2021-07-03 11:00:00";31
"2021-07-03 11:30:00";30
"2021-07-03 12:00:00";30
"2021-07-03 12:30:00";28
"2021-07-03 13:00:00";29
"2021-07-03 13:30:00";30
"2021-07-03 14:00:00";31
"2021-07-03 15:00:00";28
"2021-07-03 16:00:00";29
"2021-07-03 16:30:00";29
"2021-07-03 17:00:00";30
"2021-07-03 17:30:00";31
"2021-07-03 18:00:00";30
"2021-07-03 18:30:00";30
"2021-07-03 19:00:00";29
"2021-07-03 19:30:00";29
"2021-07-03 20:00:00";31
"2021-07-03 20:30:00";30
"2021-07-03 21:00:00";32
"2021-07-03 21:30:00";32
"2021-07-03 22:00:00";34
"2021-07-03 22:30:00";34
"2021-07-03 23:00:00";37
"2021-07-04 00:00:00";37
"2021-07-04 01:00:00";38
"2021-07-04 01:30:00";38
"2021-07-04 02:00:00";36
"2021-07-04 03:00:00";37
"2021-07-04 04:00:00";36
"2021-07-04 04:30:00";36
"2021-07-04 05:30:00";36
"2021-07-04 06:00:00";36
"2021-07-04 06:30:00";37
"2021-07-04 07:00:00";36
"2021-07-04 07:30:00";35
"2021-07-04 08:00:00";35
"2021-07-04 08:30:00";35
"2021-07-04 09:00:00";35
"2021-07-04 10:00:00";35
"2021-07-04 10:30:00";34
"2021-07-04 11:00:00";32
"2021-07-04 11:30:00";32
"2021-07-04 12:00:00";33
"2021-07-04 12:30:00";32
"2021-07-04 13:00:00";33
"2021-07-04 13:30:00";30
"2021-07-04 14:00:00";31
"2021-07-04 14:30:00";31
"2021-07-04 15:00:00";31
"2021-07-04 15:30:00";31
"2021-07-04 16:00:00";30
"2021-07-04 17:00:00";31
"2021-07-04 17:30:00";29
"2021-07-04 18:00:00";30
"2021-07-04 18:30:00";30
"2021-07-04 19:30:00";31
"2021-07-04 20:00:00";31
"2021-07-04 21:00:00";31
"2021-07-04 21:30:00";30
"2021-07-04 22:00:00";29
"2021-07-04 22:30:00";31
"2021-07-04 23:30:00";30
"2021-07-05 00:30:00";31
"2021-07-05 01:30:00";30
"2021-07-05 02:00:00";31
"2021-07-05 03:00:00";30
"2021-07-05 04:00:00";28
"2021-07-05 04:30:00";28
"2021-07-05 05:00:00";28
"2021-07-05 05:30:00";30
"2021-07-05 06:00:00";29
"2021-07-05 06:30:00";27
"2021-07-05 07:00:00";29
"2021-07-05 07:30:00";28
"2021-07-05 08:00:00";28
"2021-07-05 08:30:00";30
"2021-07-05 09:00:00";29
"2021-07-05 09:30:00";26
"2021-07-05 10:00:00";28
"2021-07-05 10:30:00";28
"2021-07-05 11:30:00";25
"2021-07-05 12:00:00";25
"2021-07-05 12:30:00";25
"2021-07-05 13:30:00";26
"2021-07-05 14:00:00";24
"2021-07-05 14:30:00";25
"2021-07-05 15:00:00";24
"2021-07-05 15:30:00";24
"2021-07-05 16:00:00";24
"2021-07-05 16:30:00";24
"2021-07-05 17:00:00";27
"2021-07-05 17:30:00";26
"2021-07-05 18:00:00";27
"2021-07-05 18:30:00";27
"2021-07-05 19:00:00";29
"2021-07-05 20:00:00";29
"2021-07-05 20:30:00";29
"2021-07-05 21:00:00";29
"2021-07-05 22:00:00";30
"2021-07-05 22:30:00";31
"2021-07-05 23:00:00";30
"2021-07-06 00:00:00";31
"2021-07-06 00:30:00";31
"2021-07-06 01:00:00";31
"2021-07-06 02:00:00";30
"2021-07-06 03:00:00";30
"2021-07-06 04:00:00";30
"2021-07-06 05:00:00";30
"2021-07-06 05:30:00";29
"2021-07-06 06:30:00";29
"2021-07-06 07:00:00";29
"2021-07-06 07:30:00";27
"2021-07-06 08:00:00";28
"2021-07-06 08:30:00";28
"2021-07-06 09:00:00";27
"2021-07-06 09:30:00";27
"2021-07-06 10:00:00";26
"2021-07-06 10:30:00";25
"2021-07-06 11:00:00";27
"2021-07-06 11:30:00";25
"2021-07-06 12:00:00";26
"2021-07-06 12:30:00";26
"2021-07-06 13:00:00";27
"2021-07-06 14:00:00";25
"2021-07-06 14:30:00";25
"2021-07-06 15:00:00";26
"2021-07-06 15:30:00";25
"2021-07-06 16:00:00";26
"2021-07-06 17:00:00";26
"2021-07-06 18:00:00";27
"2021-07-06 18:30:00";25
"2021-07-06 19:00:00";26
"2021-07-06 19:30:00";28
"2021-07-06 20:00:00";28
"2021-07-06 21:00:00";28
"2021-07-06 21:30:00";26
"2021-07-06 22:00:00";28
"2021-07-06 22:30:00";30
"2021-07-06 23:30:00";30
"2021-07-07 00:30:00";32
"2021-07-07 01:00:00";32
"2021-07-07 01:30:00";32
"2021-07-07 03:00:00";33
"2021-07-07 04:00:00";34
"2021-07-07 04:30:00";34
"2021-07-07 05:30:00";32
"2021-07-07 06:00:00";33
"2021-07-07 07:00:00";33
"2021-07-07 07:30:00";34
"2021-07-07 08:00:00";33
"2021-07-07 08:30:00";35
"2021-07-07 09:00:00";34
"2021-07-07 09:30:00";35
"2021-07-07 10:00:00";35
"2021-07-07 10:30:00";36
"2021-07-07 11:00:00";35
"2021-07-07 11:30:00";38
"2021-07-07 12:00:00";37
"2021-07-07 12:30:00";37
"2021-07-07 13:00:00";34
"2021-07-07 13:30:00";36
"2021-07-07 14:00:00";34
"2021-07-07 14:30:00";37
"2021-07-07 15:00:00";36
"2021-07-07 15:30:00";37
"2021-07-07 16:30:00";34
"2021-07-07 17:00:00";35
"2021-07-07 17:30:00";35
"2021-07-07 18:00:00";36
"2021-07-07 18:30:00";36
"2021-07-07 19:00:00";35
"2021-07-07 19:30:00";35
"2021-07-07 20:30:00";37
"2021-07-07 21:30:00";37
"2021-07-07 22:30:00";38
"2021-07-07 23:00:00";39
"2021-07-08 00:00:00";38
"2021-07-08 00:30:00";39
"2021-07-08 01:00:00";41
"2021-07-08 01:30:00";44
"2021-07-08 02:00:00";49
"2021-07-08 03:30:00";46
"2021-07-08 04:00:00";47
"2021-07-08 04:30:00";43
"2021-07-08 05:30:00";44
"2021-07-08 06:00:00";41
"2021-07-08 06:30:00";40
"2021-07-08 07:30:00";41
"2021-07-08 08:00:00";42
"2021-07-08 08:30:00";38
"2021-07-08 09:00:00";40
"2021-07-08 09:30:00";41
"2021-07-08 10:00:00";40
"2021-07-08 10:30:00";44
"2021-07-08 11:00:00";42
"2021-07-08 11:30:00";42
"2021-07-08 12:00:00";41
"2021-07-08 13:00:00";40
"2021-07-08 13:30:00";36
"2021-07-08 14:00:00";37
"2021-07-08 14:30:00";37
"2021-07-08 15:00:00";36
"2021-07-08 15:30:00";37
"2021-07-08 16:00:00";37
"2021-07-08 16:30:00";35
"2021-07-08 17:30:00";34
"2021-07-08 18:00:00";35
"2021-07-08 18:30:00";36
"2021-07-08 19:00:00";44
"2021-07-08 20:00:00";60
"2021-07-08 20:30:00";68
"2021-07-08 21:00:00";70
"2021-07-08 21:30:00";74
"2021-07-08 22:00:00";78
"2021-07-08 22:30:00";79
"2021-07-08 23:00:00";76
"2021-07-08 23:30:00";75
"2021-07-09 00:00:00";73
"2021-07-09 00:30:00";73
"2021-07-09 01:30:00";69
"2021-07-09 02:00:00";67
"2021-07-09 03:00:00";63
"2021-07-09 04:00:00";61
"2021-07-09 04:30:00";56
"2021-07-09 05:00:00";57
"2021-07-09 05:30:00";57
"2021-07-09 06:00:00";55
"2021-07-09 06:30:00";55
"2021-07-09 07:00:00";53
"2021-07-09 08:00:00";51
"2021-07-09 08:30:00";52
"2021-07-09 09:00:00";50
"2021-07-09 10:00:00";50
"2021-07-09 10:30:00";48
"2021-07-09 11:00:00";49
"2021-07-09 12:00:00";45
"2021-07-09 12:30:00";43
"2021-07-09 13:00:00";44
"2021-07-09 13:30:00";45
"2021-07-09 14:00:00";44
"2021-07-09 14:30:00";43
"2021-07-09 15:00:00";43
"2021-07-09 15:30:00";43
"2021-07-09 16:00:00";43
"2021-07-09 16:30:00";43
"2021-07-09 17:00:00";44
"2021-07-09 17:30:00";43
"2021-07-09 18:30:00";45
"2021-07-09 19:00:00";44
"2021-07-09 19:30:00";44
"2021-07-09 20:30:00";40
"2021-07-09 21:00:00";43
"2021-07-09 21:30:00";44
"2021-07-09 22:00:00";42
"2021-07-09 22:30:00";42
"2021-07-09 23:00:00";42
"2021-07-09 23:30:00";42
"2021-07-10 00:00:00";41
"2021-07-10 00:30:00";41
"2021-07-10 01:00:00";41
"2021-07-10 02:30:00";40
"2021-07-10 03:00:00";40
"2021-07-10 04:30:00";39
"2021-07-10 05:00:00";38
"2021-07-10 05:30:00";39
"2021-07-10 06:00:00";38
"2021-07-10 06:30:00";38
"2021-07-10 07:00:00";38
"2021-07-10 07:30:00";37
"2021-07-10 08:00:00";37
"2021-07-10 08:30:00";36
"2021-07-10 09:30:00";37
"2021-07-10 10:00:00";38
"2021-07-10 10:30:00";38
"2021-07-10 11:00:00";37
"2021-07-10 11:30:00";36
"2021-07-10 12:00:00";34
"2021-07-10 12:30:00";31
"2021-07-10 13:00:00";34
"2021-07-10 13:30:00";34
"2021-07-10 14:00:00";35
"2021-07-10 15:00:00";33
"2021-07-10 15:30:00";34
"2021-07-10 16:00:00";32
"2021-07-10 16:30:00";33
"2021-07-10 17:00:00";33
"2021-07-10 17:30:00";31
"2021-07-10 18:30:00";33
"2021-07-10 19:00:00";33
"2021-07-10 19:30:00";32
"2021-07-10 20:00:00";32
"2021-07-10 20:30:00";31
"2021-07-10 21:00:00";34
"2021-07-10 21:30:00";33
"2021-07-10 22:00:00";34
"2021-07-10 22:30:00";34
"2021-07-10 23:00:00";34
"2021-07-10 23:30:00";33
"2021-07-11 00:00:00";34
"2021-07-11 01:00:00";35
"2021-07-11 01:30:00";36
"2021-07-11 03:00:00";42
"2021-07-11 03:30:00";40
"2021-07-11 04:00:00";40
"2021-07-11 04:30:00";41
"2021-07-11 05:00:00";39
"2021-07-11 05:30:00";40
"2021-07-11 06:30:00";39
"2021-07-11 07:00:00";39
"2021-07-11 08:00:00";38
"2021-07-11 08:30:00";37
"2021-07-11 09:00:00";37
"2021-07-11 10:00:00";35
"2021-07-11 10:30:00";37
"2021-07-11 11:30:00";35
"2021-07-11 12:30:00";34
"2021-07-11 13:30:00";33
"2021-07-11 14:00:00";32
"2021-07-11 15:00:00";33
"2021-07-11 15:30:00";34
"2021-07-11 16:00:00";34
"2021-07-11 16:30:00";35
"2021-07-11 17:00:00";33
"2021-07-11 17:30:00";34
"2021-07-11 18:00:00";35
"2021-07-11 19:00:00";35
"2021-07-11 19:30:00";35
"2021-07-11 20:00:00";33
"2021-07-11 21:00:00";35
"2021-07-11 21:30:00";35
"2021-07-11 22:00:00";35
"2021-07-11 22:30:00";36
"2021-07-11 23:00:00";36
"2021-07-12 00:00:00";37
"2021-07-12 00:30:00";36
"2021-07-12 01:00:00";37
"2021-07-12 02:00:00";36
"2021-07-12 03:00:00";35
"2021-07-12 03:30:00";35
"2021-07-12 04:30:00";34
"2021-07-12 05:00:00";34
"2021-07-12 06:00:00";34
"2021-07-12 07:00:00";34
"2021-07-12 07:30:00";34
"2021-07-12 08:00:00";33
"2021-07-12 08:30:00";33
"2021-07-12 09:30:00";35
"2021-07-12 10:00:00";33
"2021-07-12 10:30:00";32
"2021-07-12 11:30:00";30
"2021-07-12 12:00:00";30
"2021-07-12 12:30:00";31
"2021-07-12 13:00:00";29
"2021-07-12 13:30:00";29
"2021-07-12 14:00:00";29
"2021-07-12 14:30:00";31
"2021-07-12 15:00:00";30
"2021-07-12 16:00:00";29
"2021-07-12 16:30:00";28
"2021-07-12 17:30:00";29
"2021-07-12 18:30:00";30
"2021-07-12 19:30:00";30
"2021-07-12 20:00:00";32
"2021-07-12 21:00:00";32
"2021-07-12 21:30:00";34
"2021-07-12 22:00:00";33
"2021-07-12 22:30:00";33
"2021-07-12 23:30:00";33
"2021-07-13 00:00:00";36
"2021-07-13 00:30:00";35
"2021-07-13 01:00:00";34
"2021-07-13 02:00:00";36
"2021-07-13 03:00:00";35
"2021-07-13 04:30:00";48
"2021-07-13 05:00:00";48
"2021-07-13 06:00:00";54
"2021-07-13 06:30:00";54
"2021-07-13 07:00:00";53
"2021-07-13 08:00:00";52
"2021-07-13 08:30:00";53
"2021-07-13 09:00:00";58
"2021-07-13 10:00:00";66
"2021-07-13 10:30:00";99
"2021-07-13 11:30:00";106
"2021-07-13 12:30:00";99
"2021-07-13 13:30:00";89
"2021-07-13 14:00:00";91
"2021-07-13 14:30:00";89
"2021-07-13 15:00:00";88
"2021-07-13 15:30:00";84
"2021-07-13 16:00:00";86
"2021-07-13 16:30:00";82
"2021-07-13 17:00:00";81
"2021-07-13 17:30:00";80
"2021-07-13 18:00:00";82
"2021-07-13 18:30:00";91
"2021-07-13 19:30:00";95
"2021-07-13 20:00:00";93
"2021-07-13 21:00:00";95
"2021-07-13 21:30:00";98
"2021-07-13 22:00:00";103
"2021-07-13 22:30:00";96
"2021-07-13 23:30:00";93
"2021-07-14 00:00:00";93
"2021-07-14 01:00:00";87
"2021-07-14 02:00:00";86
"2021-07-14 03:00:00";85
"2021-07-14 04:00:00";80
"2021-07-14 05:00:00";78
"2021-07-14 05:30:00";78
"2021-07-14 06:00:00";76
"2021-07-14 06:30:00";75
"2021-07-14 07:30:00";72
"2021-07-14 08:00:00";72
"2021-07-14 08:30:00";70
"2021-07-14 09:00:00";69
"2021-07-14 09:30:00";71
"2021-07-14 10:30:00";69
"2021-07-14 11:00:00";68
"2021-07-14 11:30:00";66
"2021-07-14 12:00:00";63
"2021-07-14 13:00:00";64
"2021-07-14 13:30:00";62
"2021-07-14 14:30:00";64
"2021-07-14 15:00:00";62
"2021-07-14 15:30:00";62
"2021-07-14 16:00:00";59
"2021-07-14 17:00:00";60
"2021-07-14 17:30:00";61
"2021-07-14 18:00:00";61
"2021-07-14 18:30:00";58
"2021-07-14 19:00:00";59
"2021-07-14 19:30:00";60
"2021-07-14 20:30:00";59
"2021-07-14 21:30:00";58
"2021-07-14 22:30:00";57
"2021-07-14 23:00:00";58
"2021-07-14 23:30:00";58
"2021-07-15 00:00:00";56
"2021-07-15 00:30:00";56
"2021-07-15 01:30:00";59
"2021-07-15 03:00:00";57
"2021-07-15 04:30:00";54
"2021-07-15 05:00:00";56
"2021-07-15 05:30:00";56
"2021-07-15 06:30:00";54
"2021-07-15 07:30:00";56
"2021-07-15 08:30:00";55
"2021-07-15 09:00:00";55
"2021-07-15 10:00:00";54
"2021-07-15 10:30:00";55
"2021-07-15 11:00:00";53
"2021-07-15 11:30:00";52
"2021-07-15 12:00:00";50
"2021-07-15 12:30:00";52
"2021-07-15 13:30:00";52
"2021-07-15 14:00:00";51
"2021-07-15 15:00:00";51
"2021-07-15 15:30:00";52
"2021-07-15 16:00:00";50
"2021-07-15 16:30:00";52
"2021-07-15 17:30:00";50
"2021-07-15 18:30:00";48
"2021-07-15 19:30:00";50
"2021-07-15 20:30:00";48
"2021-07-15 21:00:00";50
"2021-07-15 21:30:00";49
"2021-07-15 22:00:00";48
"2021-07-15 22:30:00";47
"2021-07-15 23:00:00";52
"2021-07-16 00:00:00";48
"2021-07-16 00:30:00";49
"2021-07-16 01:30:00";47
"2021-07-16 03:00:00";48
"2021-07-16 04:00:00";47
"2021-07-16 04:30:00";48
"2021-07-16 05:00:00";49
"2021-07-16 06:00:00";48
"2021-07-16 06:30:00";48
"2021-07-16 07:30:00";48
"2021-07-16 08:00:00";47
"2021-07-16 08:30:00";48
"2021-07-16 09:00:00";46
"2021-07-16 09:30:00";46
"2021-07-16 10:00:00";47
"2021-07-16 10:30:00";47
"2021-07-16 11:30:00";45
"2021-07-16 12:00:00";45
"2021-07-16 12:30:00";44
"2021-07-16 13:30:00";43
"2021-07-16 14:30:00";42
"2021-07-16 15:00:00";45
"2021-07-16 15:30:00";44
"2021-07-16 16:00:00";43
"2021-07-16 16:30:00";44
"2021-07-16 17:30:00";45
"2021-07-16 18:30:00";46
"2021-07-16 19:00:00";46
"2021-07-16 19:30:00";47
"2021-07-16 20:30:00";49
"2021-07-16 21:00:00";48
"2021-07-16 22:00:00";48
"2021-07-16 22:30:00";48
"2021-07-16 23:00:00";47
"2021-07-16 23:30:00";48
"2021-07-17 00:00:00";48
"2021-07-17 00:30:00";47
"2021-07-17 04:00:00";45
"2021-07-17 04:30:00";45
"2021-07-17 05:30:00";45
"2021-07-17 06:30:00";44
"2021-07-17 07:00:00";44
"2021-07-17 08:00:00";41
"2021-07-17 08:30:00";43
"2021-07-17 09:00:00";44
"2021-07-17 09:30:00";41
"2021-07-17 10:00:00";43
"2021-07-17 10:30:00";42
"2021-07-17 11:30:00";40
"2021-07-17 12:00:00";39
"2021-07-17 12:30:00";38
"2021-07-17 13:00:00";40
"2021-07-17 13:30:00";39
"2021-07-17 14:30:00";40
"2021-07-17 15:30:00";36
"2021-07-17 16:00:00";37
"2021-07-17 17:00:00";39
"2021-07-17 17:30:00";39
"2021-07-17 18:00:00";38
"2021-07-17 18:30:00";41
"2021-07-17 19:00:00";40
"2021-07-17 19:30:00";43
"2021-07-17 20:00:00";43
"2021-07-17 20:30:00";44
"2021-07-17 21:30:00";45
"2021-07-17 22:30:00";46
"2021-07-17 23:30:00";47
"2021-07-18 00:00:00";45
"2021-07-18 00:30:00";47
"2021-07-18 01:00:00";43
"2021-07-18 01:30:00";44
"2021-07-18 03:00:00";43
"2021-07-18 03:30:00";43
"2021-07-18 04:30:00";42
"2021-07-18 05:30:00";42
"2021-07-18 06:30:00";40
"2021-07-18 07:30:00";41
"2021-07-18 08:00:00";40
"2021-07-18 08:30:00";39
"2021-07-18 09:30:00";39
"2021-07-18 10:30:00";39
"2021-07-18 11:30:00";36
"2021-07-18 12:00:00";37
"2021-07-18 12:30:00";32
"2021-07-18 13:00:00";37
"2021-07-18 13:30:00";37
"2021-07-18 14:00:00";36
"2021-07-18 14:30:00";36
"2021-07-18 15:00:00";36
"2021-07-18 15:30:00";37
"2021-07-18 16:00:00";37
"2021-07-18 16:30:00";38
"2021-07-18 17:00:00";38
"2021-07-18 17:30:00";40
"2021-07-18 18:00:00";45
"2021-07-18 18:30:00";40
"2021-07-18 19:00:00";41
"2021-07-18 19:30:00";45
"2021-07-18 20:00:00";45
"2021-07-18 20:30:00";45
"2021-07-18 21:00:00";45
"2021-07-18 22:00:00";47
"2021-07-18 22:30:00";47
"2021-07-18 23:00:00";46
"2021-07-19 00:00:00";45
"2021-07-19 01:00:00";46
"2021-07-19 01:30:00";45
"2021-07-19 03:00:00";43
"2021-07-19 04:00:00";42
"2021-07-19 04:30:00";44
"2021-07-19 05:30:00";40
"2021-07-19 06:00:00";40
"2021-07-19 06:30:00";40
"2021-07-19 07:00:00";41
"2021-07-19 07:30:00";41
"2021-07-19 08:00:00";39
"2021-07-19 08:30:00";40
"2021-07-19 09:30:00";38
"2021-07-19 10:30:00";39
"2021-07-19 11:30:00";37
"2021-07-19 12:00:00";35
"2021-07-19 12:30:00";34
"2021-07-19 13:00:00";34
"2021-07-19 13:30:00";37
"2021-07-19 14:00:00";36
"2021-07-19 14:30:00";36
"2021-07-19 15:00:00";36
"2021-07-19 15:30:00";36
"2021-07-19 16:00:00";38
"2021-07-19 16:30:00";38
"2021-07-19 17:30:00";38
"2021-07-19 18:00:00";40
"2021-07-19 18:30:00";41
"2021-07-19 19:00:00";41
"2021-07-19 19:30:00";43
"2021-07-19 20:00:00";43
"2021-07-19 20:30:00";42
"2021-07-19 21:00:00";42
"2021-07-19 21:30:00";43
"2021-07-19 22:30:00";45
"2021-07-19 23:00:00";46
"2021-07-20 00:00:00";47
"2021-07-20 00:30:00";48
"2021-07-20 01:00:00";47
"2021-07-20 01:30:00";46
"2021-07-20 03:00:00";43
"2021-07-20 04:00:00";42
"2021-07-20 04:30:00";42
"2021-07-20 05:00:00";42
"2021-07-20 05:30:00";41
"2021-07-20 06:30:00";39
"2021-07-20 07:00:00";39
"2021-07-20 07:30:00";39
"2021-07-20 08:00:00";39
"2021-07-20 08:30:00";38
"2021-07-20 09:00:00";39
"2021-07-20 09:30:00";38
"2021-07-20 10:00:00";38
"2021-07-20 10:30:00";37
"2021-07-20 11:00:00";37
"2021-07-20 11:30:00";34
"2021-07-20 12:00:00";34
"2021-07-20 12:30:00";34
"2021-07-20 13:00:00";36
"2021-07-20 14:00:00";35
"2021-07-20 14:30:00";35
"2021-07-20 15:00:00";36
"2021-07-20 15:30:00";36
"2021-07-20 16:00:00";36
"2021-07-20 16:30:00";37
"2021-07-20 17:00:00";36
"2021-07-20 17:30:00";37
"2021-07-20 18:00:00";37
"2021-07-20 18:30:00";38
"2021-07-20 19:00:00";36
"2021-07-20 19:30:00";38
"2021-07-20 20:00:00";37
"2021-07-20 20:30:00";37
"2021-07-20 21:00:00";39
"2021-07-20 21:30:00";39
"2021-07-20 22:00:00";41
"2021-07-20 22:30:00";40
"2021-07-20 23:00:00";39
"2021-07-20 23:30:00";40
"2021-07-21 00:00:00";40
"2021-07-21 00:30:00";39
"2021-07-21 01:00:00";38
"2021-07-21 01:30:00";39
"2021-07-21 02:00:00";37
"2021-07-21 03:00:00";38
"2021-07-21 03:30:00";39
"2021-07-21 04:30:00";38
"2021-07-21 05:00:00";37
"2021-07-21 05:30:00";36
"2021-07-21 06:00:00";37
"2021-07-21 06:30:00";36
"2021-07-21 07:00:00";37
"2021-07-21 07:30:00";36
"2021-07-21 08:00:00";36
"2021-07-21 08:30:00";37
"2021-07-21 09:00:00";35
"2021-07-21 09:30:00";35
"2021-07-21 10:00:00";35
"2021-07-21 10:30:00";38
"2021-07-21 11:00:00";36
"2021-07-21 11:30:00";35
"2021-07-21 12:00:00";32
"2021-07-21 12:30:00";32
"2021-07-21 13:00:00";33
"2021-07-21 13:30:00";33
"2021-07-21 14:00:00";33
"2021-07-21 14:30:00";33
"2021-07-21 15:00:00";35
"2021-07-21 15:30:00";34
"2021-07-21 16:00:00";35
"2021-07-21 16:30:00";35
"2021-07-21 17:00:00";36
"2021-07-21 17:30:00";35
"2021-07-21 18:00:00";35
"2021-07-21 18:30:00";36
"2021-07-21 19:00:00";34
"2021-07-21 19:30:00";35
"2021-07-21 20:00:00";35
"2021-07-21 20:30:00";37
"2021-07-21 21:00:00";36
"2021-07-21 21:30:00";38
"2021-07-21 22:00:00";37
"2021-07-21 22:30:00";38
"2021-07-21 23:00:00";39
"2021-07-21 23:30:00";38
"2021-07-22 00:00:00";37
"2021-07-22 00:30:00";37
"2021-07-22 01:00:00";39
"2021-07-22 01:30:00";45
"2021-07-22 03:00:00";48
"2021-07-22 04:00:00";51
"2021-07-22 04:30:00";48
"2021-07-22 05:00:00";47
"2021-07-22 05:30:00";48
"2021-07-22 06:00:00";47
"2021-07-22 06:30:00";46
"2021-07-22 07:00:00";46
"2021-07-22 07:30:00";44
"2021-07-22 08:00:00";42
"2021-07-22 08:30:00";42
"2021-07-22 09:00:00";41
"2021-07-22 09:30:00";41
"2021-07-22 10:30:00";39
"2021-07-22 11:00:00";38
"2021-07-22 11:30:00";39
"2021-07-22 12:00:00";37
"2021-07-22 12:30:00";36
"2021-07-22 13:00:00";36
"2021-07-22 13:30:00";36
"2021-07-22 14:00:00";35
"2021-07-22 14:30:00";36
"2021-07-22 15:00:00";36
"2021-07-22 15:30:00";37
"2021-07-22 16:00:00";36
"2021-07-22 16:30:00";37
"2021-07-22 17:00:00";37
"2021-07-22 17:30:00";37
"2021-07-22 18:00:00";39
"2021-07-22 18:30:00";40
"2021-07-22 19:00:00";36
"2021-07-22 19:30:00";37
"2021-07-22 20:00:00";39
"2021-07-22 20:30:00";39
"2021-07-22 21:00:00";41
"2021-07-22 21:30:00";40
"2021-07-22 22:00:00";40
"2021-07-22 22:30:00";40
"2021-07-22 23:00:00";42
"2021-07-22 23:30:00";41
"2021-07-23 00:00:00";40
"2021-07-23 00:30:00";41
"2021-07-23 01:00:00";41
"2021-07-23 02:00:00";39
"2021-07-23 03:00:00";39
"2021-07-23 04:00:00";39
"2021-07-23 04:30:00";36
"2021-07-23 05:00:00";36
"2021-07-23 05:30:00";37
"2021-07-23 06:00:00";36
"2021-07-23 06:30:00";37
"2021-07-23 07:00:00";36
"2021-07-23 07:30:00";35
"2021-07-23 08:00:00";34
"2021-07-23 08:30:00";33
"2021-07-23 09:00:00";34
"2021-07-23 09:30:00";33
"2021-07-23 10:00:00";34
"2021-07-23 10:30:00";35
"2021-07-23 11:00:00";33
"2021-07-23 11:30:00";31
"2021-07-23 12:00:00";32
"2021-07-23 12:30:00";32
"2021-07-23 13:00:00";30
"2021-07-23 13:30:00";32
"2021-07-23 14:00:00";32
"2021-07-23 14:30:00";32
"2021-07-23 15:00:00";31
"2021-07-23 15:30:00";31
"2021-07-23 16:00:00";33
"2021-07-23 16:30:00";34
"2021-07-23 17:00:00";34
"2021-07-23 17:30:00";34
"2021-07-23 18:00:00";36
"2021-07-23 18:30:00";36
"2021-07-23 19:00:00";37
"2021-07-23 19:30:00";38
"2021-07-23 20:00:00";37
"2021-07-23 20:30:00";37
"2021-07-23 21:00:00";37
"2021-07-23 21:30:00";36
"2021-07-23 22:00:00";38
"2021-07-23 22:30:00";39
"2021-07-23 23:00:00";39
"2021-07-23 23:30:00";40
"2021-07-24 00:00:00";39
"2021-07-24 01:00:00";38
"2021-07-24 03:00:00";37
"2021-07-24 04:30:00";35
"2021-07-24 05:00:00";36
"2021-07-24 05:30:00";36
"2021-07-24 06:00:00";34
"2021-07-24 06:30:00";35
"2021-07-24 07:00:00";33
"2021-07-24 07:30:00";34
"2021-07-24 08:00:00";33
"2021-07-24 08:30:00";33
"2021-07-24 09:00:00";35
"2021-07-24 09:30:00";33
"2021-07-24 10:00:00";32
"2021-07-24 10:30:00";31
"2021-07-24 11:00:00";31
"2021-07-24 11:30:00";32
"2021-07-24 12:00:00";32
"2021-07-24 12:30:00";32
"2021-07-24 13:00:00";33
"2021-07-24 13:30:00";32
"2021-07-24 14:00:00";33
"2021-07-24 14:30:00";31
"2021-07-24 15:00:00";32
"2021-07-24 15:30:00";31
"2021-07-24 16:00:00";32
"2021-07-24 16:30:00";32
"2021-07-24 17:00:00";32
"2021-07-24 17:30:00";32
"2021-07-24 18:00:00";32
"2021-07-24 18:30:00";34
"2021-07-24 19:00:00";34
"2021-07-24 19:30:00";33
"2021-07-24 20:00:00";33
"2021-07-24 20:30:00";34
"2021-07-24 21:00:00";33
"2021-07-24 21:30:00";34
"2021-07-24 22:00:00";34
"2021-07-24 22:30:00";33
"2021-07-24 23:00:00";33
"2021-07-24 23:30:00";33
"2021-07-25 00:00:00";33
"2021-07-25 00:30:00";33
"2021-07-25 01:30:00";33
"2021-07-25 03:00:00";32
"2021-07-25 04:00:00";32
"2021-07-25 04:30:00";31
"2021-07-25 05:00:00";30
"2021-07-25 05:30:00";30
"2021-07-25 06:00:00";32
"2021-07-25 06:30:00";29
"2021-07-25 07:00:00";30
"2021-07-25 07:30:00";30
"2021-07-25 08:00:00";30
"2021-07-25 08:30:00";29
"2021-07-25 09:00:00";28
"2021-07-25 09:30:00";29
"2021-07-25 10:00:00";29
"2021-07-25 10:30:00";30
"2021-07-25 11:00:00";28
"2021-07-25 11:30:00";28
"2021-07-25 12:00:00";28
"2021-07-25 12:30:00";23
"2021-07-25 13:00:00";24
"2021-07-25 13:30:00";25
"2021-07-25 14:00:00";25
"2021-07-25 14:30:00";28
"2021-07-25 15:00:00";27
"2021-07-25 15:30:00";26
"2021-07-25 16:00:00";26
"2021-07-25 16:30:00";26
"2021-07-25 17:00:00";28
"2021-07-25 17:30:00";26
"2021-07-25 18:00:00";28
"2021-07-25 18:30:00";27
"2021-07-25 19:00:00";29
"2021-07-25 19:30:00";26
"2021-07-25 20:00:00";29
"2021-07-25 20:30:00";27
"2021-07-25 21:00:00";30
"2021-07-25 21:30:00";29
"2021-07-25 22:00:00";29
"2021-07-25 22:30:00";29
"2021-07-25 23:00:00";30
"2021-07-25 23:30:00";31
"2021-07-26 00:00:00";32
"2021-07-26 01:00:00";30
"2021-07-26 02:00:00";31
"2021-07-26 03:00:00";32
"2021-07-26 04:00:00";37
"2021-07-26 04:30:00";36
"2021-07-26 05:30:00";35
"2021-07-26 06:30:00";32
"2021-07-26 07:00:00";32
"2021-07-26 07:30:00";31
"2021-07-26 08:00:00";30
"2021-07-26 08:30:00";31
"2021-07-26 09:00:00";28
"2021-07-26 09:30:00";30
"2021-07-26 10:00:00";29
"2021-07-26 10:30:00";29
"2021-07-26 11:00:00";28
"2021-07-26 11:30:00";27
"2021-07-26 12:00:00";27
"2021-07-26 12:30:00";25
"2021-07-26 13:00:00";26
"2021-07-26 13:30:00";25
"2021-07-26 14:00:00";25
"2021-07-26 14:30:00";26
"2021-07-26 15:00:00";26
"2021-07-26 15:30:00";27
"2021-07-26 16:00:00";25
"2021-07-26 16:30:00";24
"2021-07-26 17:00:00";24
"2021-07-26 17:30:00";24
"2021-07-26 18:00:00";27
"2021-07-26 18:30:00";26
"2021-07-26 19:00:00";26
"2021-07-26 20:00:00";27
"2021-07-26 20:30:00";26
"2021-07-26 21:00:00";27
"2021-07-26 21:30:00";25
"2021-07-26 22:00:00";26
"2021-07-26 22:30:00";29
"2021-07-26 23:30:00";29
"2021-07-27 00:00:00";30
"2021-07-27 00:30:00";31
"2021-07-27 01:30:00";34
"2021-07-27 03:00:00";30
"2021-07-27 04:00:00";29
"2021-07-27 04:30:00";29
"2021-07-27 05:00:00";30
"2021-07-27 05:30:00";28
"2021-07-27 06:30:00";28
"2021-07-27 07:00:00";28
"2021-07-27 07:30:00";27
"2021-07-27 08:00:00";27
"2021-07-27 08:30:00";26
"2021-07-27 09:00:00";26
"2021-07-27 09:30:00";26
"2021-07-27 10:00:00";26
"2021-07-27 10:30:00";25
"2021-07-27 11:00:00";25
"2021-07-27 11:30:00";26
"2021-07-27 12:00:00";25
"2021-07-27 12:30:00";24
"2021-07-27 13:00:00";25
"2021-07-27 13:30:00";25
"2021-07-27 14:00:00";24
"2021-07-27 14:30:00";25
"2021-07-27 15:30:00";25
"2021-07-27 16:00:00";25
"2021-07-27 16:30:00";25
"2021-07-27 17:00:00";24
"2021-07-27 17:30:00";24
"2021-07-27 18:00:00";24
"2021-07-27 18:30:00";25
"2021-07-27 19:00:00";25
"2021-07-27 19:30:00";25
"2021-07-27 20:00:00";23
"2021-07-27 20:30:00";25
"2021-07-27 21:00:00";24
"2021-07-27 21:30:00";26
"2021-07-27 22:00:00";28
"2021-07-27 22:30:00";28
"2021-07-27 23:30:00";25
"2021-07-28 00:30:00";26
"2021-07-28 01:30:00";35
"2021-07-28 02:00:00";37
"2021-07-28 03:00:00";34
"2021-07-28 04:00:00";33
"2021-07-28 05:00:00";33
"2021-07-28 05:30:00";31
"2021-07-28 06:00:00";30
"2021-07-28 06:30:00";31
"2021-07-28 07:30:00";27
"2021-07-28 08:00:00";28
"2021-07-28 09:00:00";31
"2021-07-28 09:30:00";29
"2021-07-28 11:30:00";27
"2021-07-28 12:30:00";29
"2021-07-28 13:00:00";27
"2021-07-28 14:00:00";27
"2021-07-28 14:30:00";30
"2021-07-28 15:00:00";32
"2021-07-28 15:30:00";32
"2021-07-28 16:00:00";32
"2021-07-28 16:30:00";33
"2021-07-28 17:30:00";30
"2021-07-28 18:00:00";30
"2021-07-28 18:30:00";29
"2021-07-28 19:00:00";30
"2021-07-28 19:30:00";30
"2021-07-28 20:00:00";29
"2021-07-28 20:30:00";30
"2021-07-28 21:00:00";29
"2021-07-28 21:30:00";29
"2021-07-28 22:00:00";31
"2021-07-28 22:30:00";30
"2021-07-28 23:00:00";30
"2021-07-28 23:30:00";31
"2021-07-29 00:00:00";30
"2021-07-29 00:30:00";29
"2021-07-29 01:00:00";30
"2021-07-29 01:30:00";29
"2021-07-29 02:00:00";29
"2021-07-29 03:00:00";29
"2021-07-29 04:00:00";27
"2021-07-29 04:30:00";28
"2021-07-29 05:00:00";28
"2021-07-29 05:30:00";27
"2021-07-29 06:00:00";27
"2021-07-29 06:30:00";25
"2021-07-29 07:00:00";27
"2021-07-29 07:30:00";27
"2021-07-29 08:00:00";26
"2021-07-29 08:30:00";25
"2021-07-29 09:00:00";26
"2021-07-29 09:30:00";26
"2021-07-29 10:00:00";25
"2021-07-29 10:30:00";26
"2021-07-29 11:00:00";26
"2021-07-29 11:30:00";23
"2021-07-29 12:00:00";25
"2021-07-29 12:30:00";23
"2021-07-29 13:00:00";23
"2021-07-29 13:30:00";23
"2021-07-29 14:00:00";23
"2021-07-29 14:30:00";22
"2021-07-29 15:00:00";23
"2021-07-29 15:30:00";23
"2021-07-29 16:00:00";24
"2021-07-29 16:30:00";25
"2021-07-29 17:00:00";25
"2021-07-29 17:30:00";25
"2021-07-29 18:00:00";27
"2021-07-29 18:30:00";27
"2021-07-29 19:00:00";27
"2021-07-29 19:30:00";27
"2021-07-29 20:00:00";26
"2021-07-29 20:30:00";29
"2021-07-29 21:00:00";27
"2021-07-29 21:30:00";29
"2021-07-29 22:00:00";29
"2021-07-29 22:30:00";30
"2021-07-29 23:00:00";30
"2021-07-29 23:30:00";31
"2021-07-30 00:00:00";30
"2021-07-30 00:30:00";30
"2021-07-30 01:00:00";29
"2021-07-30 01:30:00";31
"2021-07-30 02:00:00";28
"2021-07-30 03:00:00";30
"2021-07-30 04:00:00";29
"2021-07-30 04:30:00";28
"2021-07-30 05:00:00";28
"2021-07-30 05:30:00";29
"2021-07-30 06:30:00";27
"2021-07-30 07:00:00";27
"2021-07-30 07:30:00";28
"2021-07-30 08:00:00";27
"2021-07-30 08:30:00";27
"2021-07-30 09:00:00";26
"2021-07-30 09:30:00";27
"2021-07-30 10:00:00";28
"2021-07-30 10:30:00";27
"2021-07-30 11:00:00";27
"2021-07-30 11:30:00";27
"2021-07-30 12:00:00";26
"2021-07-30 12:30:00";25
"2021-07-30 13:00:00";24
"2021-07-30 13:30:00";25
"2021-07-30 14:00:00";25
"2021-07-30 14:30:00";26
"2021-07-30 15:00:00";26
"2021-07-30 15:30:00";25
"2021-07-30 16:30:00";25
"2021-07-30 17:00:00";24
"2021-07-30 17:30:00";25
"2021-07-30 18:00:00";27
"2021-07-30 18:30:00";27
"2021-07-30 19:30:00";29
"2021-07-30 20:30:00";31
"2021-07-30 21:00:00";32
"2021-07-30 22:00:00";33
"2021-07-30 23:00:00";34
"2021-07-31 00:00:00";36
"2021-07-31 01:00:00";36
"2021-07-31 03:30:00";33
"2021-07-31 04:00:00";33
"2021-07-31 05:00:00";30
"2021-07-31 05:30:00";31
"2021-07-31 06:00:00";31
"2021-07-31 06:30:00";29
"2021-07-31 07:30:00";29
"2021-07-31 08:00:00";27
"2021-07-31 08:30:00";30
"2021-07-31 09:30:00";28
"2021-07-31 10:00:00";27
"2021-07-31 10:30:00";27
"2021-07-31 11:00:00";28
"2021-07-31 11:30:00";24
"2021-07-31 12:00:00";26
"2021-07-31 13:00:00";25
"2021-07-31 13:30:00";26
"2021-07-31 14:00:00";25
"2021-07-31 14:30:00";26
"2021-07-31 15:00:00";25
"2021-07-31 15:30:00";26
"2021-07-31 16:00:00";25
"2021-07-31 16:30:00";27
"2021-07-31 17:00:00";26
"2021-07-31 17:30:00";26
"2021-07-31 18:00:00";27
"2021-07-31 18:30:00";26
"2021-07-31 19:00:00";26
"2021-07-31 19:30:00";29
"2021-07-31 20:00:00";37
"2021-07-31 20:30:00";34
"2021-07-31 21:00:00";37
"2021-07-31 21:30:00";40
"2021-07-31 22:00:00";39
"2021-07-31 22:30:00";40
"2021-07-31 23:00:00";41
"2021-07-31 23:30:00";41
"2021-08-01 00:00:00";48
"2021-08-01 00:30:00";51
"2021-08-01 01:00:00";57
"2021-08-01 02:00:00";55
"2021-08-01 03:00:00";51
"2021-08-01 04:00:00";48
"2021-08-01 04:30:00";46
"2021-08-01 05:00:00";47
"2021-08-01 05:30:00";45
"2021-08-01 06:00:00";44
"2021-08-01 06:30:00";44
"2021-08-01 07:30:00";42
"2021-08-01 08:00:00";40
"2021-08-01 08:30:00";41
"2021-08-01 09:30:00";40
"2021-08-01 10:00:00";38
"2021-08-01 10:30:00";38
"2021-08-01 11:00:00";37
"2021-08-01 11:30:00";36
"2021-08-01 12:00:00";34
"2021-08-01 12:30:00";34
"2021-08-01 13:00:00";35
"2021-08-01 13:30:00";35
"2021-08-01 14:00:00";35
"2021-08-01 14:30:00";36
"2021-08-01 15:00:00";34
"2021-08-01 15:30:00";35
"2021-08-01 16:00:00";35
"2021-08-01 16:30:00";34
"2021-08-01 17:00:00";34
"2021-08-01 17:30:00";34
"2021-08-01 18:00:00";34
"2021-08-01 18:30:00";37
"2021-08-01 19:00:00";38
"2021-08-01 19:30:00";42
"2021-08-01 20:00:00";44
"2021-08-01 20:30:00";42
"2021-08-01 21:00:00";40
"2021-08-01 21:30:00";39
"2021-08-01 22:00:00";39
"2021-08-01 22:30:00";36
"2021-08-01 23:00:00";36
"2021-08-01 23:30:00";36
"2021-08-02 00:00:00";35
"2021-08-02 00:30:00";34
"2021-08-02 01:30:00";33
"2021-08-02 02:00:00";34
"2021-08-02 03:00:00";32
"2021-08-02 03:30:00";33
"2021-08-02 04:30:00";33
"2021-08-02 05:30:00";32
"2021-08-02 06:30:00";29
"2021-08-02 07:00:00";30
"2021-08-02 07:30:00";29
"2021-08-02 08:00:00";29
"2021-08-02 08:30:00";30
"2021-08-02 09:00:00";26
"2021-08-02 09:30:00";28
"2021-08-02 10:00:00";28
"2021-08-02 10:30:00";30
"2021-08-02 11:00:00";29
"2021-08-02 11:30:00";25
"2021-08-02 12:00:00";26
"2021-08-02 12:30:00";26
"2021-08-02 13:00:00";27
"2021-08-02 13:30:00";26
"2021-08-02 14:00:00";25
"2021-08-02 14:30:00";25
"2021-08-02 15:00:00";25
"2021-08-02 15:30:00";27
"2021-08-02 16:00:00";26
"2021-08-02 16:30:00";25
"2021-08-02 17:00:00";24
"2021-08-02 17:30:00";25
"2021-08-02 18:00:00";24
"2021-08-02 18:30:00";25
"2021-08-02 19:00:00";23
"2021-08-02 19:30:00";24
"2021-08-02 20:00:00";24
"2021-08-02 20:30:00";24
"2021-08-02 21:00:00";24
"2021-08-02 21:30:00";24
"2021-08-02 22:00:00";22
"2021-08-02 22:30:00";24
"2021-08-02 23:00:00";24
"2021-08-02 23:30:00";23
"2021-08-03 00:00:00";23
"2021-08-03 00:30:00";22
"2021-08-03 01:00:00";24
"2021-08-03 01:30:00";23
"2021-08-03 02:00:00";23
"2021-08-03 03:00:00";23
"2021-08-03 04:00:00";24
"2021-08-03 04:30:00";23
"2021-08-03 05:00:00";22
"2021-08-03 05:30:00";23
"2021-08-03 06:00:00";22
"2021-08-03 06:30:00";22
"2021-08-03 07:00:00";21
"2021-08-03 07:30:00";21
"2021-08-03 08:00:00";22
"2021-08-03 08:30:00";23
"2021-08-03 09:00:00";22
"2021-08-03 09:30:00";22
"2021-08-03 10:00:00";22
"2021-08-03 10:30:00";23
"2021-08-03 11:00:00";22
"2021-08-03 11:30:00";19
"2021-08-03 12:00:00";21
"2021-08-03 12:30:00";21
"2021-08-03 13:00:00";19
"2021-08-03 13:30:00";22
"2021-08-03 14:00:00";21
"2021-08-03 14:30:00";21
"2021-08-03 15:00:00";21
"2021-08-03 15:30:00";19
"2021-08-03 16:00:00";21
"2021-08-03 16:30:00";20
"2021-08-03 17:00:00";20
"2021-08-03 17:30:00";20
"2021-08-03 18:00:00";20
"2021-08-03 18:30:00";20
"2021-08-03 19:00:00";20
"2021-08-03 19:30:00";20
"2021-08-03 20:00:00";21
"2021-08-03 20:30:00";20
"2021-08-03 21:00:00";22
"2021-08-03 21:30:00";22
"2021-08-03 22:00:00";20
"2021-08-03 22:30:00";21
"2021-08-03 23:00:00";20
"2021-08-03 23:30:00";21
"2021-08-04 00:00:00";21
"2021-08-04 00:30:00";20
"2021-08-04 01:00:00";20
"2021-08-04 01:30:00";20
"2021-08-04 02:00:00";19
"2021-08-04 03:00:00";20
"2021-08-04 04:00:00";19
"2021-08-04 04:30:00";21
"2021-08-04 05:00:00";22
"2021-08-04 05:30:00";20
"2021-08-04 06:00:00";21
"2021-08-04 06:30:00";21
"2021-08-04 07:00:00";22
"2021-08-04 07:30:00";23
"2021-08-04 08:00:00";22
"2021-08-04 08:30:00";21
"2021-08-04 09:00:00";22
"2021-08-04 09:30:00";22
"2021-08-04 10:30:00";22
"2021-08-04 11:00:00";21
"2021-08-04 11:30:00";20
"2021-08-04 12:00:00";22
"2021-08-04 12:30:00";21
"2021-08-04 13:00:00";21
"2021-08-04 13:30:00";20
"2021-08-04 14:00:00";20
"2021-08-04 14:30:00";21
"2021-08-04 15:00:00";20
"2021-08-04 15:30:00";21
"2021-08-04 16:00:00";21
"2021-08-04 16:30:00";22
"2021-08-04 17:00:00";23
"2021-08-04 17:30:00";23
"2021-08-04 18:00:00";22
"2021-08-04 18:30:00";23
"2021-08-04 19:00:00";24
"2021-08-04 19:30:00";24
"2021-08-04 20:00:00";26
"2021-08-04 20:30:00";28
"2021-08-04 21:00:00";28
"2021-08-04 21:30:00";27
"2021-08-04 22:00:00";26
"2021-08-04 22:30:00";26
"2021-08-04 23:00:00";25
"2021-08-05 00:00:00";25
"2021-08-05 00:30:00";24
"2021-08-05 01:00:00";32
"2021-08-05 01:30:00";33
"2021-08-05 03:00:00";38
"2021-08-05 03:30:00";35
"2021-08-05 04:30:00";31
"2021-08-05 05:00:00";32
"2021-08-05 05:30:00";30
"2021-08-05 06:00:00";28
"2021-08-05 06:30:00";27
"2021-08-05 07:00:00";26
"2021-08-05 07:30:00";26
"2021-08-05 08:00:00";26
"2021-08-05 08:30:00";25
"2021-08-05 09:00:00";26
"2021-08-05 09:30:00";25
"2021-08-05 10:00:00";25
"2021-08-05 10:30:00";25
"2021-08-05 11:00:00";25
"2021-08-05 11:30:00";22
"2021-08-05 12:00:00";21
"2021-08-05 12:30:00";19
"2021-08-05 13:00:00";20
"2021-08-05 13:30:00";22
"2021-08-05 14:00:00";22
"2021-08-05 14:30:00";22
"2021-08-05 15:00:00";21
"2021-08-05 15:30:00";20
"2021-08-05 16:00:00";22
"2021-08-05 16:30:00";22
"2021-08-05 17:00:00";21
"2021-08-05 17:30:00";23
"2021-08-05 18:00:00";25
"2021-08-05 18:30:00";24
"2021-08-05 19:00:00";24
"2021-08-05 19:30:00";25
"2021-08-05 20:00:00";22
"2021-08-05 20:30:00";24
"2021-08-05 21:00:00";23
"2021-08-05 21:30:00";23
"2021-08-05 22:00:00";22
"2021-08-05 22:30:00";23
"2021-08-05 23:00:00";23
"2021-08-05 23:30:00";23
"2021-08-06 00:00:00";23
"2021-08-06 00:30:00";23
"2021-08-06 01:00:00";23
"2021-08-06 01:30:00";23
"2021-08-06 02:00:00";22
"2021-08-06 03:00:00";22
"2021-08-06 03:30:00";20
"2021-08-06 04:00:00";22
"2021-08-06 04:30:00";19
"2021-08-06 05:00:00";21
"2021-08-06 05:30:00";21
"2021-08-06 06:00:00";20
"2021-08-06 06:30:00";19
"2021-08-06 07:00:00";19
"2021-08-06 07:30:00";18
"2021-08-06 08:00:00";21
"2021-08-06 09:00:00";20
"2021-08-06 09:30:00";20
"2021-08-06 10:00:00";18
"2021-08-06 10:30:00";21
"2021-08-06 11:00:00";22
"2021-08-06 11:30:00";16
"2021-08-06 12:00:00";15
"2021-08-06 13:00:00";15
"2021-08-06 13:30:00";18
"2021-08-06 14:00:00";18
"2021-08-06 14:30:00";16
"2021-08-06 15:00:00";17
"2021-08-06 15:30:00";18
"2021-08-06 16:00:00";19
"2021-08-06 16:30:00";19
"2021-08-06 17:00:00";21
"2021-08-06 17:30:00";21
"2021-08-06 18:00:00";22
"2021-08-06 18:30:00";23
"2021-08-06 19:00:00";24
"2021-08-06 19:30:00";26
"2021-08-06 20:00:00";25
"2021-08-06 20:30:00";25
"2021-08-06 21:00:00";25
"2021-08-06 21:30:00";24
"2021-08-06 22:00:00";24
"2021-08-06 22:30:00";24
"2021-08-06 23:00:00";24
"2021-08-06 23:30:00";23
"2021-08-07 00:00:00";22
"2021-08-07 00:30:00";24
"2021-08-07 01:00:00";24
"2021-08-07 03:30:00";22
"2021-08-07 04:30:00";23
"2021-08-07 05:00:00";22
"2021-08-07 05:30:00";22
"2021-08-07 06:00:00";21
"2021-08-07 06:30:00";22
"2021-08-07 07:00:00";21
"2021-08-07 07:30:00";20
"2021-08-07 08:00:00";21
"2021-08-07 08:30:00";22
"2021-08-07 09:00:00";20
"2021-08-07 09:30:00";20
"2021-08-07 10:00:00";21
"2021-08-07 10:30:00";19
"2021-08-07 11:00:00";19
"2021-08-07 11:30:00";19
"2021-08-07 12:00:00";19
"2021-08-07 12:30:00";19
"2021-08-07 13:00:00";21
"2021-08-07 13:30:00";18
"2021-08-07 14:00:00";20
"2021-08-07 14:30:00";20
"2021-08-07 15:00:00";17
"2021-08-07 15:30:00";18
"2021-08-07 16:00:00";19
"2021-08-07 16:30:00";19
"2021-08-07 17:00:00";18
"2021-08-07 17:30:00";19
"2021-08-07 18:00:00";19
"2021-08-07 18:30:00";20
"2021-08-07 19:00:00";19
"2021-08-07 19:30:00";20
"2021-08-07 20:00:00";21
"2021-08-07 20:30:00";21
"2021-08-07 21:00:00";23
"2021-08-07 21:30:00";25
"2021-08-07 22:00:00";26
"2021-08-07 22:30:00";31
"2021-08-07 23:00:00";37
"2021-08-07 23:30:00";39
"2021-08-08 00:00:00";38
"2021-08-08 00:30:00";37
"2021-08-08 01:00:00";37
"2021-08-08 01:30:00";36
"2021-08-08 02:00:00";32
"2021-08-08 03:00:00";30
"2021-08-08 03:30:00";31
"2021-08-08 04:30:00";27
"2021-08-08 05:00:00";28
"2021-08-08 05:30:00";27
"2021-08-08 06:00:00";28
"2021-08-08 06:30:00";26
"2021-08-08 07:00:00";27
"2021-08-08 07:30:00";27
"2021-08-08 08:00:00";27
"2021-08-08 08:30:00";25
"2021-08-08 09:00:00";27
"2021-08-08 09:30:00";27
"2021-08-08 10:00:00";26
"2021-08-08 10:30:00";26
"2021-08-08 11:00:00";25
"2021-08-08 11:30:00";26
"2021-08-08 12:00:00";24
"2021-08-08 12:30:00";24
"2021-08-08 13:00:00";23
"2021-08-08 13:30:00";24
"2021-08-08 14:00:00";23
"2021-08-08 14:30:00";22
"2021-08-08 15:00:00";21
"2021-08-08 15:30:00";23
"2021-08-08 16:00:00";22
"2021-08-08 16:30:00";22
"2021-08-08 17:00:00";24
"2021-08-08 17:30:00";23
"2021-08-08 18:00:00";25
"2021-08-08 18:30:00";24
"2021-08-08 19:00:00";25
"2021-08-08 19:30:00";24
"2021-08-08 20:00:00";26
"2021-08-08 20:30:00";26
"2021-08-08 21:00:00";24
"2021-08-08 21:30:00";24
"2021-08-08 22:00:00";25
"2021-08-08 22:30:00";24
"2021-08-08 23:00:00";25
"2021-08-08 23:30:00";26
"2021-08-09 00:00:00";25
"2021-08-09 00:30:00";25
"2021-08-09 01:00:00";24
"2021-08-09 01:30:00";24
"2021-08-09 03:00:00";23
"2021-08-09 04:30:00";23
"2021-08-09 05:00:00";22
"2021-08-09 05:30:00";22
"2021-08-09 06:00:00";22
"2021-08-09 06:30:00";21
"2021-08-09 07:00:00";20
"2021-08-09 07:30:00";21
"2021-08-09 08:00:00";22
"2021-08-09 08:30:00";21
"2021-08-09 09:00:00";20
"2021-08-09 09:30:00";19
"2021-08-09 10:00:00";21
"2021-08-09 10:30:00";20
"2021-08-09 11:00:00";20
"2021-08-09 11:30:00";19
"2021-08-09 12:00:00";18
"2021-08-09 12:30:00";16
"2021-08-09 13:00:00";17
"2021-08-09 13:30:00";19
"2021-08-09 14:00:00";18
"2021-08-09 14:30:00";18
"2021-08-09 15:00:00";18
"2021-08-09 15:30:00";17
"2021-08-09 16:00:00";18
"2021-08-09 16:30:00";20
"2021-08-09 17:00:00";19
"2021-08-09 17:30:00";20
"2021-08-09 18:00:00";21
"2021-08-09 18:30:00";22
"2021-08-09 19:00:00";21
"2021-08-09 19:30:00";22
"2021-08-09 20:00:00";22
"2021-08-09 20:30:00";22
"2021-08-09 21:00:00";22
"2021-08-09 21:30:00";21
"2021-08-09 22:00:00";23
"2021-08-09 22:30:00";23
"2021-08-09 23:00:00";21
"2021-08-09 23:30:00";22
"2021-08-10 00:00:00";21
"2021-08-10 00:30:00";23
"2021-08-10 01:00:00";22
"2021-08-10 01:30:00";22
"2021-08-10 02:00:00";21
"2021-08-10 03:30:00";21
"2021-08-10 04:00:00";21
"2021-08-10 04:30:00";21
"2021-08-10 05:00:00";20
"2021-08-10 05:30:00";20
"2021-08-10 06:00:00";19
"2021-08-10 06:30:00";20
"2021-08-10 07:00:00";19
"2021-08-10 07:30:00";18
"2021-08-10 08:00:00";19
"2021-08-10 08:30:00";18
"2021-08-10 09:00:00";19
"2021-08-10 09:30:00";18
"2021-08-10 10:00:00";17
"2021-08-10 10:30:00";19
"2021-08-10 11:00:00";18
"2021-08-10 11:30:00";17
"2021-08-10 12:00:00";15
"2021-08-10 12:30:00";15
"2021-08-10 13:00:00";17
"2021-08-10 13:30:00";17
"2021-08-10 14:00:00";16
"2021-08-10 14:30:00";16
"2021-08-10 15:00:00";18
"2021-08-10 15:30:00";17
"2021-08-10 16:00:00";18
"2021-08-10 16:30:00";19
"2021-08-10 17:00:00";19
"2021-08-10 17:30:00";21
"2021-08-10 18:00:00";22
"2021-08-10 18:30:00";22
"2021-08-10 19:00:00";22
"2021-08-10 19:30:00";20
"2021-08-10 20:00:00";21
"2021-08-10 20:30:00";21
"2021-08-10 21:00:00";22
"2021-08-10 21:30:00";23
"2021-08-10 22:00:00";24
"2021-08-10 22:30:00";25
"2021-08-10 23:00:00";23
"2021-08-10 23:30:00";23
"2021-08-11 00:00:00";24
"2021-08-11 00:30:00";23
"2021-08-11 01:00:00";25
"2021-08-11 01:30:00";23
"2021-08-11 02:00:00";23
"2021-08-11 03:30:00";23
"2021-08-11 04:30:00";20
"2021-08-11 05:00:00";21
"2021-08-11 05:30:00";22
"2021-08-11 06:00:00";22
"2021-08-11 06:30:00";20
"2021-08-11 07:00:00";19
"2021-08-11 07:30:00";21
"2021-08-11 08:00:00";21
"2021-08-11 08:30:00";18
"2021-08-11 09:00:00";19
"2021-08-11 10:00:00";20
"2021-08-11 10:30:00";19
"2021-08-11 11:00:00";20
"2021-08-11 11:30:00";16
"2021-08-11 12:00:00";17
"2021-08-11 12:30:00";18
"2021-08-11 13:00:00";13
"2021-08-11 13:30:00";18
"2021-08-11 14:00:00";17
"2021-08-11 14:30:00";17
"2021-08-11 15:00:00";17
"2021-08-11 15:30:00";18
"2021-08-11 16:00:00";18
"2021-08-11 16:30:00";20
"2021-08-11 17:00:00";20
"2021-08-11 17:30:00";20
"2021-08-11 18:00:00";22
"2021-08-11 18:30:00";23
"2021-08-11 19:00:00";24
"2021-08-11 19:30:00";25
"2021-08-11 20:00:00";26
"2021-08-11 20:30:00";27
"2021-08-11 21:00:00";27
"2021-08-11 21:30:00";28
"2021-08-11 22:00:00";27
"2021-08-11 22:30:00";27
"2021-08-11 23:00:00";28
"2021-08-11 23:30:00";27
"2021-08-12 00:00:00";29
"2021-08-12 00:30:00";28
"2021-08-12 01:00:00";28
"2021-08-12 01:30:00";27
"2021-08-12 02:00:00";27
"2021-08-12 03:30:00";25
"2021-08-12 04:30:00";24
"2021-08-12 05:00:00";25
"2021-08-12 05:30:00";23
"2021-08-12 06:00:00";24
"2021-08-12 06:30:00";25
"2021-08-12 07:00:00";23
"2021-08-12 07:30:00";21
"2021-08-12 08:00:00";22
"2021-08-12 08:30:00";22
"2021-08-12 09:00:00";22
"2021-08-12 09:30:00";20
"2021-08-12 10:00:00";22
"2021-08-12 10:30:00";22
"2021-08-12 11:00:00";23
"2021-08-12 11:30:00";20
"2021-08-12 12:00:00";17
"2021-08-12 12:30:00";17
"2021-08-12 13:00:00";18
"2021-08-12 13:30:00";19
"2021-08-12 14:00:00";18
"2021-08-12 14:30:00";19
"2021-08-12 15:00:00";20
"2021-08-12 15:30:00";20
"2021-08-12 16:00:00";20
"2021-08-12 16:30:00";23
"2021-08-12 17:00:00";23
"2021-08-12 17:30:00";25
"2021-08-12 18:00:00";27
"2021-08-12 18:30:00";27
"2021-08-12 19:00:00";27
"2021-08-12 19:30:00";29
"2021-08-12 20:00:00";30
"2021-08-12 20:30:00";30
"2021-08-12 21:00:00";31
"2021-08-12 21:30:00";31
"2021-08-12 22:00:00";31
"2021-08-12 22:30:00";31
"2021-08-12 23:00:00";31
"2021-08-12 23:30:00";30
"2021-08-13 00:00:00";32
"2021-08-13 00:30:00";29
"2021-08-13 01:00:00";31
"2021-08-13 01:30:00";31
"2021-08-13 02:00:00";31
"2021-08-13 03:00:00";30
"2021-08-13 04:00:00";31
"2021-08-13 04:30:00";32
"2021-08-13 05:00:00";32
"2021-08-13 05:30:00";32
"2021-08-13 06:00:00";30
"2021-08-13 06:30:00";30
"2021-08-13 07:00:00";30
"2021-08-13 07:30:00";30
"2021-08-13 08:00:00";30
"2021-08-13 08:30:00";28
"2021-08-13 09:00:00";27
"2021-08-13 09:30:00";28
"2021-08-13 10:00:00";27
"2021-08-13 10:30:00";27
"2021-08-13 11:00:00";25
"2021-08-13 11:30:00";25
"2021-08-13 12:00:00";23
"2021-08-13 12:30:00";23
"2021-08-13 13:00:00";22
"2021-08-13 13:30:00";22
"2021-08-13 14:00:00";23
"2021-08-13 14:30:00";24
"2021-08-13 15:00:00";24
"2021-08-13 15:30:00";26
"2021-08-13 16:00:00";26
"2021-08-13 16:30:00";28
"2021-08-13 17:00:00";28
"2021-08-13 17:30:00";30
"2021-08-13 18:00:00";31
"2021-08-13 18:30:00";28
"2021-08-13 19:00:00";29
"2021-08-13 19:30:00";30
"2021-08-13 20:00:00";31
"2021-08-13 20:30:00";32
"2021-08-13 21:00:00";33
"2021-08-13 21:30:00";33
"2021-08-13 22:00:00";33
"2021-08-13 22:30:00";32
"2021-08-13 23:00:00";33
"2021-08-13 23:30:00";34
"2021-08-14 00:00:00";33
"2021-08-14 00:30:00";32
"2021-08-14 01:00:00";32
"2021-08-14 04:00:00";29
"2021-08-14 04:30:00";29
"2021-08-14 05:00:00";29
"2021-08-14 05:30:00";28
"2021-08-14 06:00:00";28
"2021-08-14 06:30:00";27
"2021-08-14 07:00:00";28
"2021-08-14 07:30:00";27
"2021-08-14 08:00:00";27
"2021-08-14 08:30:00";25
"2021-08-14 09:00:00";26
"2021-08-14 09:30:00";26
"2021-08-14 10:00:00";26
"2021-08-14 10:30:00";25
"2021-08-14 11:00:00";25
"2021-08-14 11:30:00";24
"2021-08-14 12:00:00";21
"2021-08-14 12:30:00";19
"2021-08-14 13:00:00";22
"2021-08-14 13:30:00";22
"2021-08-14 14:00:00";23
"2021-08-14 14:30:00";23
"2021-08-14 15:00:00";24
"2021-08-14 15:30:00";24
"2021-08-14 16:00:00";26
"2021-08-14 16:30:00";28
"2021-08-14 17:00:00";29
"2021-08-14 17:30:00";31
"2021-08-14 18:00:00";32
"2021-08-14 19:00:00";33
"2021-08-14 19:30:00";32
"2021-08-14 20:00:00";34
"2021-08-14 20:30:00";34
"2021-08-14 21:00:00";34
"2021-08-14 21:30:00";35
"2021-08-14 22:00:00";34
"2021-08-14 22:30:00";36
"2021-08-14 23:00:00";36
"2021-08-14 23:30:00";35
"2021-08-15 00:00:00";35
"2021-08-15 00:30:00";34
"2021-08-15 01:00:00";33
"2021-08-15 01:30:00";34
"2021-08-15 03:00:00";31
"2021-08-15 04:00:00";28
"2021-08-15 04:30:00";30
"2021-08-15 05:00:00";29
"2021-08-15 05:30:00";29
"2021-08-15 06:00:00";26
"2021-08-15 06:30:00";30
"2021-08-15 07:00:00";28
"2021-08-15 07:30:00";27
"2021-08-15 08:00:00";26
"2021-08-15 08:30:00";25
"2021-08-15 09:00:00";25
"2021-08-15 09:30:00";25
"2021-08-15 10:00:00";25
"2021-08-15 10:30:00";24
"2021-08-15 11:00:00";26
"2021-08-15 11:30:00";22
"2021-08-15 12:00:00";20
"2021-08-15 12:30:00";19
"2021-08-15 13:00:00";22
"2021-08-15 13:30:00";23
"2021-08-15 14:00:00";23
"2021-08-15 14:30:00";24
"2021-08-15 15:00:00";25
"2021-08-15 15:30:00";25
"2021-08-15 16:00:00";25
"2021-08-15 16:30:00";28
"2021-08-15 17:00:00";28
"2021-08-15 17:30:00";31
"2021-08-15 18:00:00";31
"2021-08-15 18:30:00";33
"2021-08-15 19:00:00";35
"2021-08-15 19:30:00";36
"2021-08-15 20:00:00";32
"2021-08-15 20:30:00";32
"2021-08-15 21:00:00";35
"2021-08-15 21:30:00";36
"2021-08-15 22:00:00";33
"2021-08-15 22:30:00";35
"2021-08-15 23:00:00";36
"2021-08-15 23:30:00";34
"2021-08-16 00:00:00";34
"2021-08-16 00:30:00";32
"2021-08-16 01:00:00";35
"2021-08-16 01:30:00";32
"2021-08-16 02:00:00";33
"2021-08-16 03:00:00";30
"2021-08-16 04:00:00";31
"2021-08-16 04:30:00";30
"2021-08-16 05:00:00";30
"2021-08-16 05:30:00";27
"2021-08-16 06:00:00";28
"2021-08-16 06:30:00";30
"2021-08-16 07:00:00";27
"2021-08-16 07:30:00";26
"2021-08-16 08:00:00";26
"2021-08-16 08:30:00";26
"2021-08-16 09:00:00";27
"2021-08-16 09:30:00";26
"2021-08-16 10:00:00";26
"2021-08-16 10:30:00";27
"2021-08-16 11:00:00";26
"2021-08-16 11:30:00";25
"2021-08-16 12:00:00";22
"2021-08-16 12:30:00";24
"2021-08-16 13:00:00";23
"2021-08-16 13:30:00";23
"2021-08-16 14:00:00";25
"2021-08-16 14:30:00";25
"2021-08-16 15:00:00";25
"2021-08-16 15:30:00";25
"2021-08-16 16:00:00";26
"2021-08-16 16:30:00";27
"2021-08-16 17:00:00";27
"2021-08-16 17:30:00";26
"2021-08-16 18:00:00";29
"2021-08-16 18:30:00";28
"2021-08-16 19:00:00";31
"2021-08-16 19:30:00";29
"2021-08-16 20:00:00";30
"2021-08-16 20:30:00";28
"2021-08-16 21:00:00";28
"2021-08-16 21:30:00";28
"2021-08-16 22:00:00";26
"2021-08-16 22:30:00";29
"2021-08-16 23:00:00";28
"2021-08-16 23:30:00";26
"2021-08-17 00:00:00";27
"2021-08-17 00:30:00";27
"2021-08-17 01:00:00";25
"2021-08-17 01:30:00";26
"2021-08-17 03:00:00";24
"2021-08-17 04:00:00";24
"2021-08-17 04:30:00";23
"2021-08-17 05:00:00";24
"2021-08-17 05:30:00";20
"2021-08-17 06:00:00";21
"2021-08-17 06:30:00";21
"2021-08-17 07:00:00";21
"2021-08-17 07:30:00";21
"2021-08-17 08:00:00";21
"2021-08-17 08:30:00";20
"2021-08-17 09:00:00";20
"2021-08-17 09:30:00";18
"2021-08-17 10:00:00";18
"2021-08-17 10:30:00";21
"2021-08-17 11:00:00";21
"2021-08-17 11:30:00";17
"2021-08-17 12:00:00";15
"2021-08-17 12:30:00";16
"2021-08-17 13:00:00";16
"2021-08-17 13:30:00";17
"2021-08-17 14:30:00";17
"2021-08-17 15:00:00";17
"2021-08-17 15:30:00";17
"2021-08-17 16:00:00";17
"2021-08-17 16:30:00";18
"2021-08-17 17:00:00";20
"2021-08-17 17:30:00";21
"2021-08-17 18:00:00";22
"2021-08-17 18:30:00";25
"2021-08-17 19:00:00";26
"2021-08-17 19:30:00";26
"2021-08-17 20:00:00";27
"2021-08-17 20:30:00";28
"2021-08-17 21:00:00";27
"2021-08-17 21:30:00";27
"2021-08-17 22:00:00";27
"2021-08-17 22:30:00";29
"2021-08-17 23:00:00";27
"2021-08-17 23:30:00";26
"2021-08-18 00:00:00";27
"2021-08-18 00:30:00";26
"2021-08-18 01:00:00";26
"2021-08-18 01:30:00";25
"2021-08-18 02:00:00";26
"2021-08-18 03:00:00";23
"2021-08-18 04:00:00";24
"2021-08-18 04:30:00";22
"2021-08-18 05:00:00";21
"2021-08-18 05:30:00";22
"2021-08-18 06:00:00";21
"2021-08-18 06:30:00";19
"2021-08-18 07:00:00";19
"2021-08-18 07:30:00";20
"2021-08-18 08:00:00";21
"2021-08-18 08:30:00";19
"2021-08-18 09:00:00";19
"2021-08-18 09:30:00";18
"2021-08-18 10:00:00";18
"2021-08-18 10:30:00";20
"2021-08-18 11:00:00";19
"2021-08-18 11:30:00";18
"2021-08-18 12:00:00";16
"2021-08-18 12:30:00";16
"2021-08-18 13:00:00";16
"2021-08-18 13:30:00";16
"2021-08-18 14:00:00";17
"2021-08-18 14:30:00";16
"2021-08-18 15:00:00";17
"2021-08-18 15:30:00";16
"2021-08-18 16:00:00";17
"2021-08-18 16:30:00";18
"2021-08-18 17:00:00";17
"2021-08-18 17:30:00";18
"2021-08-18 18:00:00";18
"2021-08-18 18:30:00";18
"2021-08-18 19:00:00";18
"2021-08-18 19:30:00";19
"2021-08-18 20:00:00";18
"2021-08-18 20:30:00";17
"2021-08-18 21:00:00";20
"2021-08-18 21:30:00";18
"2021-08-18 22:00:00";19
"2021-08-18 22:30:00";20
"2021-08-18 23:00:00";19
"2021-08-18 23:30:00";20
"2021-08-19 00:00:00";20
"2021-08-19 00:30:00";19
"2021-08-19 01:00:00";18
"2021-08-19 01:30:00";20
"2021-08-19 02:00:00";20
"2021-08-19 03:30:00";20
"2021-08-19 04:30:00";16
"2021-08-19 05:00:00";18
"2021-08-19 05:30:00";17
"2021-08-19 06:00:00";18
"2021-08-19 06:30:00";17
"2021-08-19 07:00:00";17
"2021-08-19 07:30:00";18
"2021-08-19 08:00:00";16
"2021-08-19 08:30:00";17
"2021-08-19 09:00:00";17
"2021-08-19 09:30:00";17
"2021-08-19 10:00:00";18
"2021-08-19 10:30:00";16
"2021-08-19 11:00:00";17
"2021-08-19 11:30:00";17
"2021-08-19 12:00:00";17
"2021-08-19 12:30:00";16
"2021-08-19 13:00:00";17
"2021-08-19 13:30:00";16
"2021-08-19 14:00:00";14
"2021-08-19 14:30:00";15
"2021-08-19 15:00:00";13
"2021-08-19 15:30:00";14
"2021-08-19 16:00:00";14
"2021-08-19 16:30:00";14
"2021-08-19 17:00:00";14
"2021-08-19 17:30:00";16
"2021-08-19 18:00:00";14
"2021-08-19 18:30:00";17
"2021-08-19 19:00:00";16
"2021-08-19 19:30:00";15
"2021-08-19 20:00:00";17
"2021-08-19 20:30:00";18
"2021-08-19 21:00:00";18
"2021-08-19 21:30:00";19
"2021-08-19 22:00:00";21
"2021-08-19 22:30:00";22
"2021-08-19 23:00:00";22
"2021-08-19 23:30:00";21
"2021-08-20 00:00:00";21
"2021-08-20 00:30:00";21
"2021-08-20 01:00:00";22
"2021-08-20 01:30:00";23
"2021-08-20 02:00:00";21
"2021-08-20 03:00:00";19
"2021-08-20 04:00:00";19
"2021-08-20 04:30:00";18
"2021-08-20 05:00:00";19
"2021-08-20 05:30:00";18
"2021-08-20 06:00:00";16
"2021-08-20 06:30:00";18
"2021-08-20 07:00:00";18
"2021-08-20 07:30:00";17
"2021-08-20 08:00:00";17
"2021-08-20 08:30:00";17
"2021-08-20 09:00:00";17
"2021-08-20 09:30:00";16
"2021-08-20 10:00:00";17
"2021-08-20 10:30:00";16
"2021-08-20 11:00:00";17
"2021-08-20 11:30:00";15
"2021-08-20 12:00:00";14
"2021-08-20 12:30:00";14
"2021-08-20 13:00:00";15
"2021-08-20 13:30:00";13
"2021-08-20 14:00:00";14
"2021-08-20 14:30:00";13
"2021-08-20 15:00:00";14
"2021-08-20 15:30:00";17
"2021-08-20 16:00:00";17
"2021-08-20 16:30:00";16
"2021-08-20 17:00:00";18
"2021-08-20 17:30:00";18
"2021-08-20 18:00:00";19
"2021-08-20 18:30:00";20
"2021-08-20 19:00:00";19
"2021-08-20 19:30:00";17
"2021-08-20 20:00:00";17
"2021-08-20 20:30:00";19
"2021-08-20 21:00:00";20
"2021-08-20 21:30:00";19
"2021-08-20 22:00:00";18
"2021-08-20 22:30:00";21
"2021-08-20 23:00:00";20
"2021-08-20 23:30:00";21
"2021-08-21 00:00:00";20
"2021-08-21 00:30:00";20
"2021-08-21 01:00:00";20
"2021-08-21 01:30:00";20
"2021-08-21 03:00:00";18
"2021-08-21 04:30:00";18
"2021-08-21 05:00:00";17
"2021-08-21 05:30:00";17
"2021-08-21 06:00:00";18
"2021-08-21 06:30:00";16
"2021-08-21 07:00:00";17
"2021-08-21 07:30:00";16
"2021-08-21 08:00:00";16
"2021-08-21 08:30:00";17
"2021-08-21 09:00:00";16
"2021-08-21 09:30:00";17
"2021-08-21 10:00:00";16
"2021-08-21 10:30:00";16
"2021-08-21 11:00:00";14
"2021-08-21 11:30:00";14
"2021-08-21 12:00:00";11
"2021-08-21 12:30:00";13
"2021-08-21 13:00:00";13
"2021-08-21 13:30:00";15
"2021-08-21 14:00:00";14
"2021-08-21 14:30:00";14
"2021-08-21 15:00:00";14
"2021-08-21 15:30:00";15
"2021-08-21 16:00:00";16
"2021-08-21 16:30:00";16
"2021-08-21 17:00:00";17
"2021-08-21 17:30:00";18
"2021-08-21 18:00:00";19
"2021-08-21 18:30:00";20
"2021-08-21 19:00:00";21
"2021-08-21 19:30:00";20
"2021-08-21 20:00:00";20
"2021-08-21 20:30:00";21
"2021-08-21 21:00:00";20
"2021-08-21 21:30:00";23
"2021-08-21 22:00:00";23
"2021-08-21 22:30:00";23
"2021-08-21 23:00:00";23
"2021-08-21 23:30:00";24
"2021-08-22 00:00:00";24
"2021-08-22 00:30:00";22
"2021-08-22 01:00:00";21
"2021-08-22 01:30:00";22
"2021-08-22 02:00:00";21
"2021-08-22 03:00:00";21
"2021-08-22 03:30:00";21
"2021-08-22 04:00:00";19
"2021-08-22 04:30:00";19
"2021-08-22 05:00:00";19
"2021-08-22 05:30:00";19
"2021-08-22 06:00:00";19
"2021-08-22 06:30:00";18
"2021-08-22 07:00:00";17
"2021-08-22 07:30:00";17
"2021-08-22 08:00:00";17
"2021-08-22 08:30:00";16
"2021-08-22 09:00:00";17
"2021-08-22 09:30:00";17
"2021-08-22 10:00:00";18
"2021-08-22 10:30:00";15
"2021-08-22 11:00:00";18
"2021-08-22 11:30:00";17
"2021-08-22 12:00:00";17
"2021-08-22 12:30:00";15
"2021-08-22 13:00:00";15
"2021-08-22 13:30:00";14
"2021-08-22 14:00:00";16
"2021-08-22 14:30:00";14
"2021-08-22 15:00:00";15
"2021-08-22 15:30:00";14
"2021-08-22 16:00:00";15
"2021-08-22 16:30:00";15
"2021-08-22 17:00:00";17
"2021-08-22 17:30:00";17
"2021-08-22 18:00:00";17
"2021-08-22 18:30:00";17
"2021-08-22 19:00:00";18
"2021-08-22 19:30:00";18
"2021-08-22 20:00:00";17
"2021-08-22 20:30:00";18
"2021-08-22 21:00:00";18
"2021-08-22 21:30:00";18
"2021-08-22 22:00:00";17
"2021-08-22 22:30:00";16
"2021-08-22 23:00:00";16
"2021-08-22 23:30:00";19
"2021-08-23 00:00:00";19
"2021-08-23 00:30:00";17
"2021-08-23 01:00:00";18
"2021-08-23 01:30:00";19
"2021-08-23 02:00:00";18
"2021-08-23 03:00:00";17
"2021-08-23 04:30:00";17
"2021-08-23 05:00:00";17
"2021-08-23 05:30:00";15
"2021-08-23 06:00:00";14
"2021-08-23 06:30:00";15
"2021-08-23 07:00:00";14
"2021-08-23 07:30:00";15
"2021-08-23 08:00:00";14
"2021-08-23 08:30:00";14
"2021-08-23 09:00:00";13
"2021-08-23 09:30:00";13
"2021-08-23 10:00:00";14
"2021-08-23 11:00:00";15
"2021-08-23 11:30:00";13
"2021-08-23 12:00:00";11
"2021-08-23 12:30:00";12
"2021-08-23 13:00:00";12
"2021-08-23 13:30:00";12
"2021-08-23 14:00:00";12
"2021-08-23 14:30:00";13
"2021-08-23 15:00:00";13
"2021-08-23 15:30:00";11
"2021-08-23 16:00:00";14
"2021-08-23 16:30:00";14
"2021-08-23 17:00:00";15
"2021-08-23 17:30:00";16
"2021-08-23 18:00:00";17
"2021-08-23 18:30:00";18
"2021-08-23 19:00:00";18
"2021-08-23 19:30:00";19
"2021-08-23 20:00:00";18
"2021-08-23 20:30:00";18
"2021-08-23 21:00:00";18
"2021-08-23 21:30:00";18
"2021-08-23 22:00:00";17
"2021-08-23 22:30:00";18
"2021-08-23 23:00:00";17
"2021-08-23 23:30:00";17
"2021-08-24 00:00:00";18
"2021-08-24 01:00:00";17
"2021-08-24 01:30:00";17
"2021-08-24 02:00:00";17
"2021-08-24 03:00:00";16
"2021-08-24 03:30:00";16
"2021-08-24 04:30:00";15
"2021-08-24 05:00:00";16
"2021-08-24 05:30:00";14
"2021-08-24 06:00:00";14
"2021-08-24 06:30:00";14
"2021-08-24 07:00:00";14
"2021-08-24 07:30:00";14
"2021-08-24 08:00:00";13
"2021-08-24 08:30:00";14
"2021-08-24 09:00:00";14
"2021-08-24 09:30:00";14
"2021-08-24 10:00:00";15
"2021-08-24 10:30:00";14
"2021-08-24 11:00:00";13
"2021-08-24 11:30:00";12
"2021-08-24 12:00:00";10
"2021-08-24 12:30:00";12
"2021-08-24 13:00:00";11
"2021-08-24 13:30:00";13
"2021-08-24 14:00:00";10
"2021-08-24 14:30:00";10
"2021-08-24 15:00:00";12
"2021-08-24 15:30:00";12
"2021-08-24 16:00:00";12
"2021-08-24 16:30:00";13
"2021-08-24 17:00:00";14
"2021-08-24 17:30:00";13
"2021-08-24 18:00:00";15
"2021-08-24 18:30:00";16
"2021-08-24 19:00:00";15
"2021-08-24 19:30:00";13
"2021-08-24 20:00:00";15
"2021-08-24 20:30:00";13
"2021-08-24 21:00:00";17
"2021-08-24 21:30:00";16
"2021-08-24 22:00:00";17
"2021-08-24 22:30:00";16
"2021-08-24 23:00:00";16
"2021-08-24 23:30:00";14
"2021-08-25 00:00:00";24
"2021-08-25 00:30:00";32
"2021-08-25 01:00:00";34
"2021-08-25 01:30:00";33
"2021-08-25 02:00:00";32
"2021-08-25 03:30:00";27
"2021-08-25 04:00:00";26
"2021-08-25 04:30:00";25
"2021-08-25 05:00:00";23
"2021-08-25 05:30:00";23
"2021-08-25 06:00:00";20
"2021-08-25 06:30:00";20
"2021-08-25 07:00:00";20
"2021-08-25 07:30:00";19
"2021-08-25 08:00:00";19
"2021-08-25 08:30:00";19
"2021-08-25 09:00:00";17
"2021-08-25 09:30:00";17
"2021-08-25 10:00:00";16
"2021-08-25 10:30:00";16
"2021-08-25 11:00:00";16
"2021-08-25 11:30:00";15
"2021-08-25 12:00:00";15
"2021-08-25 12:30:00";13
"2021-08-25 13:00:00";14
"2021-08-25 13:30:00";12
"2021-08-25 14:00:00";14
"2021-08-25 14:30:00";12
"2021-08-25 15:00:00";12
"2021-08-25 15:30:00";14
"2021-08-25 16:00:00";14
"2021-08-25 16:30:00";14
"2021-08-25 17:00:00";14
"2021-08-25 17:30:00";16
"2021-08-25 18:00:00";16
"2021-08-25 18:30:00";16
"2021-08-25 19:00:00";16
"2021-08-25 19:30:00";16
"2021-08-25 20:00:00";16
"2021-08-25 20:30:00";16
"2021-08-25 21:00:00";14
"2021-08-25 21:30:00";15
"2021-08-25 22:00:00";16
"2021-08-25 22:30:00";16
"2021-08-25 23:00:00";15
"2021-08-26 00:30:00";16
"2021-08-26 01:00:00";16
"2021-08-26 01:30:00";13
"2021-08-26 02:00:00";15
"2021-08-26 03:00:00";14
"2021-08-26 04:30:00";15
"2021-08-26 05:00:00";14
"2021-08-26 05:30:00";14
"2021-08-26 06:00:00";14
"2021-08-26 06:30:00";13
"2021-08-26 07:00:00";13
"2021-08-26 07:30:00";13
"2021-08-26 08:00:00";13
"2021-08-26 08:30:00";12
"2021-08-26 09:00:00";13
"2021-08-26 09:30:00";13
"2021-08-26 10:00:00";15
"2021-08-26 10:30:00";14
"2021-08-26 11:00:00";15
"2021-08-26 11:30:00";10
"2021-08-26 12:00:00";9
"2021-08-26 12:30:00";11
"2021-08-26 13:00:00";11
"2021-08-26 13:30:00";11
"2021-08-26 14:00:00";12
"2021-08-26 14:30:00";12
"2021-08-26 15:00:00";10
"2021-08-26 15:30:00";10
"2021-08-26 16:00:00";10
"2021-08-26 16:30:00";12
"2021-08-26 17:00:00";13
"2021-08-26 17:30:00";14
"2021-08-26 18:00:00";16
"2021-08-26 18:30:00";16
"2021-08-26 19:00:00";17
"2021-08-26 19:30:00";18
"2021-08-26 20:00:00";18
"2021-08-26 20:30:00";17
"2021-08-26 21:00:00";17
"2021-08-26 21:30:00";17
"2021-08-26 22:00:00";18
"2021-08-26 22:30:00";18
"2021-08-26 23:00:00";18
"2021-08-26 23:30:00";18
"2021-08-27 00:00:00";17
"2021-08-27 00:30:00";18
"2021-08-27 01:00:00";18
"2021-08-27 01:30:00";17
"2021-08-27 02:00:00";17
"2021-08-27 03:00:00";16
"2021-08-27 03:30:00";15
"2021-08-27 04:30:00";14
"2021-08-27 05:00:00";13
"2021-08-27 05:30:00";14
"2021-08-27 06:00:00";14
"2021-08-27 06:30:00";13
"2021-08-27 07:00:00";13
"2021-08-27 07:30:00";12
"2021-08-27 08:00:00";13
"2021-08-27 08:30:00";14
"2021-08-27 09:00:00";12
"2021-08-27 09:30:00";12
"2021-08-27 10:00:00";12
"2021-08-27 10:30:00";12
"2021-08-27 11:00:00";12
"2021-08-27 11:30:00";12
"2021-08-27 12:00:00";10
"2021-08-27 12:30:00";11
"2021-08-27 13:00:00";10
"2021-08-27 13:30:00";10
"2021-08-27 14:00:00";11
"2021-08-27 14:30:00";11
"2021-08-27 15:00:00";11
"2021-08-27 15:30:00";10
"2021-08-27 16:00:00";11
"2021-08-27 16:30:00";12
"2021-08-27 17:00:00";11
"2021-08-27 17:30:00";12
"2021-08-27 18:00:00";10
"2021-08-27 18:30:00";11
"2021-08-27 19:00:00";12
"2021-08-27 19:30:00";11
"2021-08-27 20:00:00";9
"2021-08-27 20:30:00";10
"2021-08-27 21:00:00";12
"2021-08-27 21:30:00";12
"2021-08-27 22:00:00";11
"2021-08-27 22:30:00";14
"2021-08-27 23:00:00";12
"2021-08-27 23:30:00";13
"2021-08-28 00:00:00";13
"2021-08-28 00:30:00";13
"2021-08-28 01:00:00";12
"2021-08-28 03:30:00";13
"2021-08-28 04:30:00";11
"2021-08-28 05:00:00";11
"2021-08-28 05:30:00";11
"2021-08-28 06:00:00";11
"2021-08-28 06:30:00";11
"2021-08-28 07:00:00";11
"2021-08-28 07:30:00";11
"2021-08-28 08:00:00";10
"2021-08-28 08:30:00";12
"2021-08-28 09:00:00";11
"2021-08-28 09:30:00";10
"2021-08-28 10:00:00";10
"2021-08-28 10:30:00";12
"2021-08-28 11:00:00";11
"2021-08-28 11:30:00";9
"2021-08-28 12:00:00";9
"2021-08-28 12:30:00";9
"2021-08-28 13:00:00";8
"2021-08-28 13:30:00";8
"2021-08-28 14:00:00";9
"2021-08-28 14:30:00";9
"2021-08-28 15:00:00";8
"2021-08-28 15:30:00";10
"2021-08-28 16:00:00";9
"2021-08-28 16:30:00";8
"2021-08-28 17:00:00";8
"2021-08-28 17:30:00";9
"2021-08-28 18:00:00";9
"2021-08-28 18:30:00";9
"2021-08-28 19:00:00";10
"2021-08-28 19:30:00";10
"2021-08-28 20:00:00";10
"2021-08-28 20:30:00";10
"2021-08-28 21:00:00";9
"2021-08-28 21:30:00";10
"2021-08-28 22:00:00";9
"2021-08-28 22:30:00";11
"2021-08-28 23:00:00";10
"2021-08-28 23:30:00";12
"2021-08-29 00:00:00";10
"2021-08-29 00:30:00";11
"2021-08-29 01:00:00";9
"2021-08-29 01:30:00";11
"2021-08-29 02:00:00";9
"2021-08-29 03:00:00";9
"2021-08-29 03:30:00";10
"2021-08-29 04:00:00";10
"2021-08-29 04:30:00";9
"2021-08-29 05:00:00";9
"2021-08-29 05:30:00";8
"2021-08-29 06:30:00";8
"2021-08-29 07:00:00";9
"2021-08-29 07:30:00";7
"2021-08-29 08:00:00";6
"2021-08-29 08:30:00";9
"2021-08-29 09:00:00";8
"2021-08-29 09:30:00";6
"2021-08-29 10:00:00";8
"2021-08-29 10:30:00";8
"2021-08-29 11:00:00";8
"2021-08-29 11:30:00";6
"2021-08-29 12:00:00";3
"2021-08-29 12:30:00";4
"2021-08-29 13:00:00";5
"2021-08-29 13:30:00";5
"2021-08-29 14:00:00";5
"2021-08-29 14:30:00";5
"2021-08-29 15:00:00";4
"2021-08-29 15:30:00";5
"2021-08-29 16:00:00";4
"2021-08-29 16:30:00";4
"2021-08-29 17:00:00";6
"2021-08-29 17:30:00";7
"2021-08-29 18:00:00";10
"2021-08-29 18:30:00";10
"2021-08-29 19:00:00";11
"2021-08-29 19:30:00";12
"2021-08-29 20:00:00";10
"2021-08-29 20:30:00";12
"2021-08-29 21:00:00";11
"2021-08-29 21:30:00";11
"2021-08-29 22:00:00";12
"2021-08-29 22:30:00";11
"2021-08-29 23:00:00";11
"2021-08-29 23:30:00";11
"2021-08-30 00:00:00";13
"2021-08-30 00:30:00";12
"2021-08-30 01:00:00";11
"2021-08-30 01:30:00";13
"2021-08-30 02:00:00";13
"2021-08-30 03:00:00";12
"2021-08-30 03:30:00";11
"2021-08-30 04:30:00";10
"2021-08-30 05:00:00";9
"2021-08-30 05:30:00";10
"2021-08-30 06:00:00";9
"2021-08-30 06:30:00";9
"2021-08-30 07:00:00";9
"2021-08-30 07:30:00";8
"2021-08-30 08:00:00";9
"2021-08-30 08:30:00";9
"2021-08-30 09:00:00";10
"2021-08-30 09:30:00";10
"2021-08-30 10:00:00";8
"2021-08-30 10:30:00";8
"2021-08-30 11:00:00";10
"2021-08-30 11:30:00";9
"2021-08-30 12:00:00";8
"2021-08-30 12:30:00";9
"2021-08-30 13:00:00";7
"2021-08-30 13:30:00";7
"2021-08-30 14:00:00";7
"2021-08-30 14:30:00";6
"2021-08-30 15:00:00";6
"2021-08-30 15:30:00";7
"2021-08-30 16:00:00";5
"2021-08-30 16:30:00";7
"2021-08-30 17:00:00";7
"2021-08-30 17:30:00";8
"2021-08-30 18:00:00";8
"2021-08-30 18:30:00";7
"2021-08-30 19:00:00";8
"2021-08-30 19:30:00";7
"2021-08-30 20:00:00";8
"2021-08-30 20:30:00";9
"2021-08-30 21:00:00";9
"2021-08-30 21:30:00";9
"2021-08-30 22:00:00";9
"2021-08-30 22:30:00";10
"2021-08-30 23:00:00";10
"2021-08-30 23:30:00";9
"2021-08-31 00:00:00";9
"2021-08-31 00:30:00";11
"2021-08-31 01:30:00";12
"2021-08-31 02:00:00";11
"2021-08-31 03:30:00";9
"2021-08-31 04:30:00";10
"2021-08-31 05:00:00";11
"2021-08-31 05:30:00";11
"2021-08-31 06:00:00";13
"2021-08-31 06:30:00";12
"2021-08-31 07:00:00";12
"2021-08-31 07:30:00";11
"2021-08-31 08:00:00";11
"2021-08-31 08:30:00";11
"2021-08-31 09:00:00";10
"2021-08-31 09:30:00";11
"2021-08-31 10:00:00";11
"2021-08-31 10:30:00";11
"2021-08-31 11:00:00";9
"2021-08-31 11:30:00";7
"2021-08-31 12:00:00";6
"2021-08-31 12:30:00";6
"2021-08-31 13:00:00";6
"2021-08-31 13:30:00";6
"2021-08-31 14:00:00";6
"2021-08-31 14:30:00";7
"2021-08-31 15:00:00";6
"2021-08-31 15:30:00";7
"2021-08-31 16:00:00";3
"2021-08-31 16:30:00";7
"2021-08-31 17:00:00";4
"2021-08-31 17:30:00";6
"2021-08-31 18:00:00";7
"2021-08-31 18:30:00";6
"2021-08-31 19:00:00";7
"2021-08-31 19:30:00";8
"2021-08-31 20:00:00";6
"2021-08-31 20:30:00";9
"2021-08-31 21:00:00";6
"2021-08-31 21:30:00";7
"2021-08-31 22:00:00";8
"2021-08-31 22:30:00";8
"2021-08-31 23:00:00";8
"2021-08-31 23:30:00";8
"2021-09-01 00:00:00";9
"2021-09-01 00:30:00";8
"2021-09-01 01:00:00";9
"2021-09-01 01:30:00";8
"2021-09-01 02:00:00";7
"2021-09-01 03:00:00";8
"2021-09-01 04:00:00";7
"2021-09-01 04:30:00";7
"2021-09-01 05:00:00";6
"2021-09-01 05:30:00";8
"2021-09-01 06:00:00";6
"2021-09-01 06:30:00";7
"2021-09-01 07:00:00";6
"2021-09-01 07:30:00";5
"2021-09-01 08:00:00";6
"2021-09-01 08:30:00";5
"2021-09-01 09:00:00";5
"2021-09-01 09:30:00";6
"2021-09-01 10:00:00";6
"2021-09-01 10:30:00";8
"2021-09-01 11:00:00";7
"2021-09-01 11:30:00";6
"2021-09-01 12:00:00";4
"2021-09-01 12:30:00";4
"2021-09-01 13:00:00";3
"2021-09-01 13:30:00";4
"2021-09-01 14:00:00";5
"2021-09-01 14:30:00";4
"2021-09-01 15:00:00";4
"2021-09-01 15:30:00";3
"2021-09-01 16:00:00";4
"2021-09-01 16:30:00";4
"2021-09-01 17:00:00";5
"2021-09-01 17:30:00";6
"2021-09-01 18:00:00";7
"2021-09-01 18:30:00";8
"2021-09-01 19:00:00";9
"2021-09-01 19:30:00";6
"2021-09-01 20:00:00";9
"2021-09-01 20:30:00";10
"2021-09-01 21:00:00";9
"2021-09-01 21:30:00";9
"2021-09-01 22:00:00";8
"2021-09-01 22:30:00";9
"2021-09-01 23:00:00";10
"2021-09-01 23:30:00";9
"2021-09-02 00:00:00";11
"2021-09-02 00:30:00";10
"2021-09-02 01:00:00";10
"2021-09-02 01:30:00";11
"2021-09-02 02:00:00";10
"2021-09-02 03:30:00";10
"2021-09-02 04:30:00";9
"2021-09-02 05:00:00";9
"2021-09-02 05:30:00";10
"2021-09-02 06:00:00";8
"2021-09-02 06:30:00";8
"2021-09-02 07:00:00";8
"2021-09-02 07:30:00";8
"2021-09-02 08:00:00";8
"2021-09-02 08:30:00";8
"2021-09-02 09:00:00";8
"2021-09-02 09:30:00";8
"2021-09-02 10:00:00";7
"2021-09-02 10:30:00";7
"2021-09-02 11:00:00";8
"2021-09-02 11:30:00";7
"2021-09-02 12:00:00";8
"2021-09-02 12:30:00";7
"2021-09-02 13:00:00";6
"2021-09-02 13:30:00";8
"2021-09-02 14:00:00";5
"2021-09-02 14:30:00";5
"2021-09-02 15:00:00";6
"2021-09-02 15:30:00";3
"2021-09-02 16:00:00";5
"2021-09-02 16:30:00";6
"2021-09-02 17:00:00";5
"2021-09-02 17:30:00";5
"2021-09-02 18:00:00";7
"2021-09-02 18:30:00";6
"2021-09-02 19:00:00";6
"2021-09-02 19:30:00";6
"2021-09-02 20:00:00";5
"2021-09-02 20:30:00";7
"2021-09-02 21:00:00";6
"2021-09-02 21:30:00";7
"2021-09-02 22:00:00";8
"2021-09-02 22:30:00";9
"2021-09-02 23:30:00";10
"2021-09-03 00:00:00";10
"2021-09-03 00:30:00";9
"2021-09-03 01:00:00";11
"2021-09-03 01:30:00";9
"2021-09-03 03:00:00";9
"2021-09-03 04:30:00";8
"2021-09-03 05:00:00";9
"2021-09-03 05:30:00";9
"2021-09-03 06:00:00";8
"2021-09-03 06:30:00";8
"2021-09-03 07:00:00";8
"2021-09-03 07:30:00";9
"2021-09-03 08:00:00";8
"2021-09-03 08:30:00";9
"2021-09-03 09:00:00";8
"2021-09-03 09:30:00";8
"2021-09-03 10:00:00";8
"2021-09-03 10:30:00";8
"2021-09-03 11:00:00";8
"2021-09-03 11:30:00";7
"2021-09-03 12:00:00";6
"2021-09-03 12:30:00";6
"2021-09-03 13:00:00";5
"2021-09-03 13:30:00";5
"2021-09-03 14:00:00";4
"2021-09-03 14:30:00";5
"2021-09-03 15:00:00";5
"2021-09-03 15:30:00";3
"2021-09-03 16:00:00";4
"2021-09-03 16:30:00";3
"2021-09-03 17:00:00";4
"2021-09-03 17:30:00";6
"2021-09-03 18:00:00";8
"2021-09-03 18:30:00";24
"2021-09-03 19:00:00";12
"2021-09-03 19:30:00";11
"2021-09-03 20:00:00";11
"2021-09-03 20:30:00";8
"2021-09-03 21:00:00";9
"2021-09-03 21:30:00";9
"2021-09-03 22:00:00";9
"2021-09-03 22:30:00";10
"2021-09-03 23:00:00";9
"2021-09-03 23:30:00";9
"2021-09-04 00:00:00";8
"2021-09-04 00:30:00";7
"2021-09-04 01:00:00";9
"2021-09-04 01:30:00";8
"2021-09-04 03:00:00";8
"2021-09-04 05:00:00";8
"2021-09-04 05:30:00";6
"2021-09-04 06:00:00";5
"2021-09-04 06:30:00";5
"2021-09-04 07:00:00";6
"2021-09-04 07:30:00";7
"2021-09-04 08:00:00";6
"2021-09-04 08:30:00";6
"2021-09-04 09:00:00";6
"2021-09-04 09:30:00";5
"2021-09-04 10:00:00";6
"2021-09-04 10:30:00";6
"2021-09-04 11:00:00";6
"2021-09-04 11:30:00";4
"2021-09-04 12:00:00";2
"2021-09-04 12:30:00";3
"2021-09-04 13:00:00";3
"2021-09-04 13:30:00";4
"2021-09-04 14:00:00";3
"2021-09-04 14:30:00";6
"2021-09-04 15:00:00";5
"2021-09-04 15:30:00";6
"2021-09-04 16:00:00";6
"2021-09-04 16:30:00";5
"2021-09-04 17:00:00";5
"2021-09-04 17:30:00";7
"2021-09-04 18:00:00";8
"2021-09-04 18:30:00";9
"2021-09-04 19:00:00";8
"2021-09-04 19:30:00";5
"2021-09-04 20:00:00";5
"2021-09-04 20:30:00";7
"2021-09-04 21:00:00";8
"2021-09-04 21:30:00";10
"2021-09-04 22:00:00";11
"2021-09-04 22:30:00";11
"2021-09-04 23:00:00";11
"2021-09-04 23:30:00";11
"2021-09-05 00:00:00";11
"2021-09-05 01:00:00";10
"2021-09-05 01:30:00";9
"2021-09-05 02:00:00";10
"2021-09-05 03:00:00";8
"2021-09-05 03:30:00";9
"2021-09-05 04:00:00";9
"2021-09-05 04:30:00";7
"2021-09-05 05:00:00";7
"2021-09-05 05:30:00";6
"2021-09-05 06:00:00";8
"2021-09-05 06:30:00";6
"2021-09-05 07:00:00";5
"2021-09-05 07:30:00";6
"2021-09-05 08:00:00";6
"2021-09-05 08:30:00";6
"2021-09-05 09:00:00";5
"2021-09-05 09:30:00";4
"2021-09-05 10:00:00";6
"2021-09-05 10:30:00";6
"2021-09-05 11:00:00";7
"2021-09-05 11:30:00";4
"2021-09-05 12:00:00";4
"2021-09-05 12:30:00";3
"2021-09-05 13:00:00";4
"2021-09-05 13:30:00";2
"2021-09-05 14:00:00";4
"2021-09-05 14:30:00";2
"2021-09-05 15:00:00";4
"2021-09-05 15:30:00";4
"2021-09-05 16:00:00";5
"2021-09-05 16:30:00";7
"2021-09-05 17:00:00";6
"2021-09-05 17:30:00";10
"2021-09-05 18:00:00";10
"2021-09-05 18:30:00";9
"2021-09-05 19:00:00";9
"2021-09-05 19:30:00";10
"2021-09-05 20:00:00";11
"2021-09-05 20:30:00";10
"2021-09-05 21:00:00";8
"2021-09-05 21:30:00";9
"2021-09-05 22:00:00";10
"2021-09-05 22:30:00";10
"2021-09-05 23:00:00";10
"2021-09-05 23:30:00";10
"2021-09-06 00:00:00";9
"2021-09-06 00:30:00";10
"2021-09-06 01:00:00";9
"2021-09-06 01:30:00";10
"2021-09-06 02:00:00";8
"2021-09-06 03:00:00";9
"2021-09-06 04:00:00";24
"2021-09-06 04:30:00";15
"2021-09-06 05:00:00";14
"2021-09-06 05:30:00";11
"2021-09-06 06:00:00";11
"2021-09-06 06:30:00";9
"2021-09-06 07:00:00";9
"2021-09-06 07:30:00";9
"2021-09-06 08:00:00";9
"2021-09-06 08:30:00";6
"2021-09-06 09:00:00";7
"2021-09-06 09:30:00";8
"2021-09-06 10:00:00";7
"2021-09-06 10:30:00";8
"2021-09-06 11:00:00";9
"2021-09-06 11:30:00";6
"2021-09-06 12:00:00";5
"2021-09-06 12:30:00";4
"2021-09-06 13:00:00";4
"2021-09-06 13:30:00";5
"2021-09-06 14:00:00";5
"2021-09-06 14:30:00";3
"2021-09-06 15:00:00";5
"2021-09-06 15:30:00";5
"2021-09-06 16:00:00";7
"2021-09-06 16:30:00";9
"2021-09-06 17:00:00";9
"2021-09-06 17:30:00";10
"2021-09-06 18:00:00";8
"2021-09-06 18:30:00";9
"2021-09-06 19:00:00";8
"2021-09-06 19:30:00";8
"2021-09-06 20:00:00";8
"2021-09-06 20:30:00";10
"2021-09-06 21:00:00";10
"2021-09-06 21:30:00";10
"2021-09-06 22:00:00";10
"2021-09-06 22:30:00";9
"2021-09-06 23:00:00";10
"2021-09-06 23:30:00";9
"2021-09-07 00:00:00";10
"2021-09-07 00:30:00";9
"2021-09-07 01:00:00";10
"2021-09-07 01:30:00";10
"2021-09-07 02:00:00";10
"2021-09-07 03:00:00";8
"2021-09-07 04:30:00";9
"2021-09-07 05:00:00";8
"2021-09-07 05:30:00";9
"2021-09-07 06:00:00";9
"2021-09-07 06:30:00";8
"2021-09-07 07:00:00";8
"2021-09-07 07:30:00";8
"2021-09-07 08:00:00";8
"2021-09-07 08:30:00";7
"2021-09-07 09:00:00";8
"2021-09-07 09:30:00";6
"2021-09-07 10:00:00";8
"2021-09-07 10:30:00";7
"2021-09-07 11:00:00";7
"2021-09-07 11:30:00";5
"2021-09-07 12:00:00";2
"2021-09-07 12:30:00";3
"2021-09-07 13:00:00";6
"2021-09-07 13:30:00";4
"2021-09-07 14:00:00";5
"2021-09-07 14:30:00";5
"2021-09-07 15:00:00";5
"2021-09-07 15:30:00";5
"2021-09-07 16:00:00";5
"2021-09-07 16:30:00";6
"2021-09-07 17:00:00";6
"2021-09-07 17:30:00";7
"2021-09-07 18:00:00";9
"2021-09-07 18:30:00";9
"2021-09-07 19:00:00";8
"2021-09-07 19:30:00";7
"2021-09-07 20:00:00";7
"2021-09-07 20:30:00";7
"2021-09-07 21:00:00";8
"2021-09-07 21:30:00";8
"2021-09-07 22:00:00";8
"2021-09-07 22:30:00";9
"2021-09-07 23:00:00";9
"2021-09-07 23:30:00";10
"2021-09-08 00:00:00";10
"2021-09-08 00:30:00";10
"2021-09-08 01:00:00";9
"2021-09-08 01:30:00";10
"2021-09-08 02:00:00";9
"2021-09-08 02:30:00";10
"2021-09-08 03:00:00";8
"2021-09-08 04:30:00";8
"2021-09-08 05:00:00";8
"2021-09-08 05:30:00";8
"2021-09-08 06:00:00";7
"2021-09-08 06:30:00";7
"2021-09-08 07:00:00";7
"2021-09-08 07:30:00";7
"2021-09-08 08:00:00";8
"2021-09-08 08:30:00";8
"2021-09-08 09:00:00";7
"2021-09-08 09:30:00";9
"2021-09-08 10:00:00";8
"2021-09-08 10:30:00";7
"2021-09-08 11:00:00";9
"2021-09-08 11:30:00";8
"2021-09-08 12:00:00";9
"2021-09-08 12:30:00";7
"2021-09-08 13:00:00";8
"2021-09-08 13:30:00";7
"2021-09-08 14:00:00";9
"2021-09-08 14:30:00";9
"2021-09-08 15:00:00";9
"2021-09-08 15:30:00";10
"2021-09-08 16:00:00";10
"2021-09-08 16:30:00";8
"2021-09-08 17:00:00";8
"2021-09-08 17:30:00";7
"2021-09-08 18:00:00";7
"2021-09-08 18:30:00";8
"2021-09-08 19:00:00";7
"2021-09-08 19:30:00";8
"2021-09-08 20:00:00";10
"2021-09-08 20:30:00";9
"2021-09-08 21:00:00";10
"2021-09-08 21:30:00";10
"2021-09-08 22:00:00";10
"2021-09-08 22:30:00";11
"2021-09-08 23:00:00";11
"2021-09-08 23:30:00";12
"2021-09-09 00:00:00";11
"2021-09-09 00:30:00";11
"2021-09-09 01:00:00";12
"2021-09-09 01:30:00";11
"2021-09-09 02:00:00";11
"2021-09-09 03:00:00";10
"2021-09-09 04:00:00";10
"2021-09-09 04:30:00";10
"2021-09-09 05:00:00";10
"2021-09-09 05:30:00";10
"2021-09-09 06:00:00";8
"2021-09-09 06:30:00";9
"2021-09-09 07:00:00";8
"2021-09-09 07:30:00";9
"2021-09-09 08:00:00";8
"2021-09-09 08:30:00";8
"2021-09-09 09:00:00";6
"2021-09-09 09:30:00";8
"2021-09-09 10:00:00";8
"2021-09-09 10:30:00";9
"2021-09-09 11:00:00";8
"2021-09-09 11:30:00";7
"2021-09-09 12:00:00";6
"2021-09-09 12:30:00";6
"2021-09-09 13:00:00";6
"2021-09-09 13:30:00";6
"2021-09-09 14:00:00";7
"2021-09-09 14:30:00";7
"2021-09-09 15:00:00";7
"2021-09-09 15:30:00";6
"2021-09-09 16:00:00";6
"2021-09-09 16:30:00";5
"2021-09-09 17:00:00";5
"2021-09-09 17:30:00";6
"2021-09-09 18:00:00";6
"2021-09-09 18:30:00";9
"2021-09-09 19:00:00";10
"2021-09-09 19:30:00";10
"2021-09-09 20:00:00";11
"2021-09-09 20:30:00";12
"2021-09-09 21:00:00";13
"2021-09-09 21:30:00";14
"2021-09-09 22:00:00";14
"2021-09-09 22:30:00";14
"2021-09-09 23:00:00";16
"2021-09-09 23:30:00";13
"2021-09-10 00:00:00";14
"2021-09-10 00:30:00";14
"2021-09-10 01:00:00";14
"2021-09-10 01:30:00";13
"2021-09-10 02:00:00";14
"2021-09-10 03:00:00";12
"2021-09-10 03:30:00";12
"2021-09-10 04:30:00";11
"2021-09-10 05:00:00";12
"2021-09-10 05:30:00";12
"2021-09-10 06:00:00";12
"2021-09-10 06:30:00";12
"2021-09-10 07:00:00";12
"2021-09-10 07:30:00";10
"2021-09-10 08:00:00";9
"2021-09-10 08:30:00";11
"2021-09-10 09:00:00";10
"2021-09-10 09:30:00";11
"2021-09-10 10:00:00";11
"2021-09-10 10:30:00";10
"2021-09-10 11:00:00";10
"2021-09-10 11:30:00";11
"2021-09-10 12:00:00";10
"2021-09-10 12:30:00";10
"2021-09-10 13:00:00";9
"2021-09-10 13:30:00";11
"2021-09-10 14:00:00";12
"2021-09-10 14:30:00";12
"2021-09-10 15:00:00";12
"2021-09-10 15:30:00";13
"2021-09-10 16:00:00";10
"2021-09-10 16:30:00";10
"2021-09-10 17:00:00";12
"2021-09-10 17:30:00";11
"2021-09-10 18:00:00";11
"2021-09-10 18:30:00";9
"2021-09-10 19:00:00";10
"2021-09-10 19:30:00";11
"2021-09-10 20:00:00";10
"2021-09-10 20:30:00";9
"2021-09-10 21:00:00";11
"2021-09-10 21:30:00";10
"2021-09-10 22:00:00";11
"2021-09-10 22:30:00";12
"2021-09-10 23:30:00";12
"2021-09-11 00:00:00";10
"2021-09-11 00:30:00";11
"2021-09-11 01:00:00";11
"2021-09-11 01:30:00";10
"2021-09-11 03:00:00";10
"2021-09-11 04:00:00";10
"2021-09-11 05:00:00";12
"2021-09-11 05:30:00";13
"2021-09-11 06:00:00";12
"2021-09-11 06:30:00";12
"2021-09-11 07:00:00";11
"2021-09-11 07:30:00";12
"2021-09-11 08:00:00";10
"2021-09-11 08:30:00";11
"2021-09-11 09:00:00";11
"2021-09-11 09:30:00";9
"2021-09-11 10:00:00";11
"2021-09-11 10:30:00";10
"2021-09-11 11:00:00";9
"2021-09-11 11:30:00";6
"2021-09-11 12:00:00";5
"2021-09-11 12:30:00";5
"2021-09-11 13:00:00";6
"2021-09-11 13:30:00";5
"2021-09-11 14:00:00";6
"2021-09-11 14:30:00";6
"2021-09-11 15:00:00";5
"2021-09-11 15:30:00";2
"2021-09-11 16:00:00";6
"2021-09-11 16:30:00";7
"2021-09-11 17:00:00";8
"2021-09-11 17:30:00";8
"2021-09-11 18:00:00";9
"2021-09-11 18:30:00";9
"2021-09-11 19:00:00";9
"2021-09-11 19:30:00";10
"2021-09-11 20:00:00";11
"2021-09-11 20:30:00";12
"2021-09-11 21:00:00";12
"2021-09-11 21:30:00";12
"2021-09-11 22:00:00";13
"2021-09-11 22:30:00";13
"2021-09-11 23:00:00";13
"2021-09-11 23:30:00";13
"2021-09-12 00:00:00";14
"2021-09-12 00:30:00";12
"2021-09-12 01:00:00";13
"2021-09-12 01:30:00";13
"2021-09-12 02:00:00";12
"2021-09-12 03:00:00";11
"2021-09-12 04:00:00";9
"2021-09-12 04:30:00";11
"2021-09-12 05:00:00";10
"2021-09-12 05:30:00";11
"2021-09-12 06:00:00";10
"2021-09-12 06:30:00";10
"2021-09-12 07:00:00";8
"2021-09-12 07:30:00";8
"2021-09-12 08:00:00";8
"2021-09-12 08:30:00";7
"2021-09-12 09:00:00";9
"2021-09-12 09:30:00";8
"2021-09-12 10:00:00";8
"2021-09-12 10:30:00";8
"2021-09-12 11:00:00";7
"2021-09-12 11:30:00";7
"2021-09-12 12:00:00";6
"2021-09-12 12:30:00";5
"2021-09-12 13:00:00";3
"2021-09-12 13:30:00";3
"2021-09-12 14:00:00";5
"2021-09-12 14:30:00";4
"2021-09-12 15:00:00";3
"2021-09-12 15:30:00";4
"2021-09-12 16:00:00";7
"2021-09-12 16:30:00";7
"2021-09-12 17:00:00";7
"2021-09-12 17:30:00";7
"2021-09-12 18:00:00";7
"2021-09-12 18:30:00";8
"2021-09-12 19:00:00";8
"2021-09-12 19:30:00";8
"2021-09-12 20:00:00";9
"2021-09-12 20:30:00";10
"2021-09-12 21:00:00";10
"2021-09-12 21:30:00";10
"2021-09-12 22:00:00";11
"2021-09-12 22:30:00";12
"2021-09-12 23:00:00";10
"2021-09-12 23:30:00";11
"2021-09-13 00:00:00";11
"2021-09-13 00:30:00";11
"2021-09-13 01:00:00";10
"2021-09-13 01:30:00";10
"2021-09-13 02:00:00";10
"2021-09-13 03:00:00";9
"2021-09-13 04:30:00";8
"2021-09-13 05:00:00";8
"2021-09-13 05:30:00";8
"2021-09-13 06:00:00";9
"2021-09-13 06:30:00";8
"2021-09-13 07:00:00";9
"2021-09-13 07:30:00";7
"2021-09-13 08:00:00";7
"2021-09-13 08:30:00";6
"2021-09-13 09:00:00";6
"2021-09-13 09:30:00";6
"2021-09-13 10:00:00";8
"2021-09-13 10:30:00";7
"2021-09-13 11:00:00";6
"2021-09-13 11:30:00";6
"2021-09-13 12:00:00";4
"2021-09-13 12:30:00";3
"2021-09-13 13:00:00";3
"2021-09-13 13:30:00";4
"2021-09-13 14:00:00";4
"2021-09-13 14:30:00";5
"2021-09-13 15:00:00";4
"2021-09-13 15:30:00";4
"2021-09-13 16:30:00";5
"2021-09-13 17:00:00";6
"2021-09-13 17:30:00";6
"2021-09-13 18:00:00";8
"2021-09-13 18:30:00";6
"2021-09-13 19:00:00";7
"2021-09-13 19:30:00";8
"2021-09-13 20:00:00";7
"2021-09-13 20:30:00";8
"2021-09-13 21:00:00";10
"2021-09-13 21:30:00";11
"2021-09-13 22:00:00";13
"2021-09-13 22:30:00";12
"2021-09-13 23:00:00";11
"2021-09-13 23:30:00";11
"2021-09-14 00:00:00";11
"2021-09-14 00:30:00";11
"2021-09-14 01:00:00";10
"2021-09-14 01:30:00";11
"2021-09-14 02:00:00";11
"2021-09-14 03:00:00";10
"2021-09-14 04:30:00";10
"2021-09-14 05:00:00";9
"2021-09-14 05:30:00";9
"2021-09-14 06:00:00";9
"2021-09-14 06:30:00";8
"2021-09-14 07:00:00";8
"2021-09-14 07:30:00";9
"2021-09-14 08:00:00";7
"2021-09-14 08:30:00";7
"2021-09-14 09:00:00";7
"2021-09-14 09:30:00";8
"2021-09-14 10:00:00";8
"2021-09-14 10:30:00";8
"2021-09-14 11:00:00";6
"2021-09-14 11:30:00";5
"2021-09-14 12:00:00";5
"2021-09-14 12:30:00";6
"2021-09-14 13:00:00";6
"2021-09-14 13:30:00";7
"2021-09-14 14:00:00";5
"2021-09-14 14:30:00";5
"2021-09-14 15:00:00";6
"2021-09-14 15:30:00";6
"2021-09-14 16:00:00";6
"2021-09-14 16:30:00";7
"2021-09-14 17:00:00";7
"2021-09-14 17:30:00";7
"2021-09-14 18:00:00";6
"2021-09-14 18:30:00";7
"2021-09-14 19:00:00";8
"2021-09-14 19:30:00";7
"2021-09-14 20:00:00";7
"2021-09-14 20:30:00";8
"2021-09-14 21:00:00";9
"2021-09-14 21:30:00";10
"2021-09-14 22:00:00";8
"2021-09-14 22:30:00";10
"2021-09-14 23:00:00";9
"2021-09-14 23:30:00";8
"2021-09-15 00:00:00";10
"2021-09-15 00:30:00";9
"2021-09-15 01:00:00";10
"2021-09-15 01:30:00";9
"2021-09-15 02:00:00";8
"2021-09-15 03:00:00";8
"2021-09-15 03:30:00";8
"2021-09-15 04:30:00";7
"2021-09-15 05:00:00";8
"2021-09-15 05:30:00";8
"2021-09-15 06:00:00";7
"2021-09-15 06:30:00";8
"2021-09-15 07:00:00";5
"2021-09-15 07:30:00";7
"2021-09-15 08:00:00";6
"2021-09-15 08:30:00";8
"2021-09-15 09:00:00";6
"2021-09-15 09:30:00";7
"2021-09-15 10:00:00";7
"2021-09-15 10:30:00";7
"2021-09-15 11:00:00";7
"2021-09-15 11:30:00";8
"2021-09-15 12:00:00";7
"2021-09-15 12:30:00";7
"2021-09-15 13:00:00";9
"2021-09-15 13:30:00";10
"2021-09-15 14:00:00";11
"2021-09-15 14:30:00";11
"2021-09-15 15:00:00";15
"2021-09-15 15:30:00";17
"2021-09-15 16:00:00";18
"2021-09-15 16:30:00";18
"2021-09-15 17:00:00";19
"2021-09-15 17:30:00";19
"2021-09-15 18:00:00";21
"2021-09-15 18:30:00";19
"2021-09-15 19:00:00";19
"2021-09-15 19:30:00";18
"2021-09-15 20:00:00";19
"2021-09-15 20:30:00";20
"2021-09-15 21:00:00";26
"2021-09-15 21:30:00";26
"2021-09-15 22:00:00";27
"2021-09-15 22:30:00";26
"2021-09-15 23:00:00";25
"2021-09-15 23:30:00";24
"2021-09-16 00:00:00";24
"2021-09-16 00:30:00";24
"2021-09-16 01:00:00";25
"2021-09-16 01:30:00";22
"2021-09-16 02:00:00";20
"2021-09-16 03:00:00";18
"2021-09-16 04:30:00";17
"2021-09-16 05:00:00";17
"2021-09-16 05:30:00";16
"2021-09-16 06:00:00";16
"2021-09-16 06:30:00";17
"2021-09-16 07:00:00";16
"2021-09-16 07:30:00";17
"2021-09-16 08:00:00";17
"2021-09-16 08:30:00";17
"2021-09-16 09:00:00";15
"2021-09-16 09:30:00";17
"2021-09-16 10:00:00";15
"2021-09-16 10:30:00";16
"2021-09-16 11:00:00";11
"2021-09-16 11:30:00";10
"2021-09-16 12:00:00";11
"2021-09-16 12:30:00";9
"2021-09-16 13:00:00";6
"2021-09-16 13:30:00";5
"2021-09-16 14:00:00";7
"2021-09-16 14:30:00";8
"2021-09-16 15:00:00";7
"2021-09-16 15:30:00";5
"2021-09-16 16:00:00";7
"2021-09-16 16:30:00";9
"2021-09-16 17:00:00";8
"2021-09-16 17:30:00";9
"2021-09-16 18:00:00";10
"2021-09-16 18:30:00";10
"2021-09-16 19:00:00";11
"2021-09-16 19:30:00";12
"2021-09-16 20:00:00";12
"2021-09-16 20:30:00";13
"2021-09-16 21:00:00";19
"2021-09-16 21:30:00";36
"2021-09-16 22:00:00";41
"2021-09-16 22:30:00";42
"2021-09-16 23:00:00";39
"2021-09-16 23:30:00";35
"2021-09-17 00:00:00";34
"2021-09-17 01:00:00";27
"2021-09-17 02:00:00";25
"2021-09-17 03:00:00";22
"2021-09-17 04:30:00";18
"2021-09-17 05:00:00";18
"2021-09-17 05:30:00";17
"2021-09-17 06:00:00";16
"2021-09-17 06:30:00";17
"2021-09-17 07:00:00";14
"2021-09-17 07:30:00";14
"2021-09-17 08:00:00";13
"2021-09-17 08:30:00";14
"2021-09-17 09:00:00";13
"2021-09-17 09:30:00";13
"2021-09-17 10:00:00";13
"2021-09-17 10:30:00";12
"2021-09-17 11:00:00";13
"2021-09-17 11:30:00";9
"2021-09-17 12:00:00";8
"2021-09-17 12:30:00";10
"2021-09-17 13:00:00";8
"2021-09-17 13:30:00";12
"2021-09-17 14:00:00";11
"2021-09-17 14:30:00";10
"2021-09-17 15:00:00";8
"2021-09-17 15:30:00";7
"2021-09-17 16:00:00";9
"2021-09-17 16:30:00";9
"2021-09-17 17:00:00";11
"2021-09-17 17:30:00";12
"2021-09-17 18:00:00";12
"2021-09-17 18:30:00";13
"2021-09-17 19:00:00";11
"2021-09-17 19:30:00";12
"2021-09-17 20:00:00";12
"2021-09-17 20:30:00";11
"2021-09-17 21:00:00";11
"2021-09-17 21:30:00";11
"2021-09-17 22:00:00";11
"2021-09-17 22:30:00";12
"2021-09-17 23:00:00";12
"2021-09-17 23:30:00";11
"2021-09-18 00:00:00";10
"2021-09-18 00:30:00";11
"2021-09-18 03:00:00";9
"2021-09-18 04:30:00";9
"2021-09-18 05:00:00";9
"2021-09-18 05:30:00";9
"2021-09-18 06:00:00";9
"2021-09-18 06:30:00";7
"2021-09-18 07:00:00";8
"2021-09-18 07:30:00";9
"2021-09-18 08:00:00";8
"2021-09-18 08:30:00";8
"2021-09-18 09:00:00";8
"2021-09-18 09:30:00";7
"2021-09-18 10:00:00";7
"2021-09-18 10:30:00";7
"2021-09-18 11:00:00";8
"2021-09-18 11:30:00";7
"2021-09-18 12:00:00";6
"2021-09-18 12:30:00";4
"2021-09-18 13:00:00";4
"2021-09-18 13:30:00";3
"2021-09-18 14:00:00";4
"2021-09-18 14:30:00";3
"2021-09-18 15:00:00";4
"2021-09-18 15:30:00";3
"2021-09-18 16:00:00";4
"2021-09-18 16:30:00";5
"2021-09-18 17:00:00";7
"2021-09-18 17:30:00";8
"2021-09-18 18:00:00";8
"2021-09-18 18:30:00";8
"2021-09-18 19:00:00";7
"2021-09-18 19:30:00";8
"2021-09-18 20:00:00";9
"2021-09-18 20:30:00";8
"2021-09-18 21:00:00";8
"2021-09-18 21:30:00";7
"2021-09-18 22:00:00";8
"2021-09-18 22:30:00";9
"2021-09-18 23:00:00";9
"2021-09-18 23:30:00";9
"2021-09-19 00:00:00";8
"2021-09-19 00:30:00";9
"2021-09-19 01:00:00";13
"2021-09-19 01:30:00";17
"2021-09-19 02:00:00";15
"2021-09-19 03:30:00";11
"2021-09-19 04:30:00";11
"2021-09-19 05:00:00";11
"2021-09-19 05:30:00";12
"2021-09-19 06:00:00";9
"2021-09-19 06:30:00";10
"2021-09-19 07:00:00";10
"2021-09-19 07:30:00";6
"2021-09-19 08:00:00";5
"2021-09-19 08:30:00";16
"2021-09-19 09:00:00";15
"2021-09-19 09:30:00";17
"2021-09-19 10:00:00";18
"2021-09-19 10:30:00";20
"2021-09-19 11:00:00";23
"2021-09-19 11:30:00";33
"2021-09-19 12:00:00";45
"2021-09-19 12:30:00";47
"2021-09-19 13:00:00";52
"2021-09-19 13:30:00";56
"2021-09-19 14:00:00";56
"2021-09-19 14:30:00";55
"2021-09-19 15:00:00";53
"2021-09-19 15:30:00";50
"2021-09-19 16:00:00";49
"2021-09-19 16:30:00";46
"2021-09-19 17:00:00";46
"2021-09-19 17:30:00";45
"2021-09-19 18:00:00";43
"2021-09-19 18:30:00";44
"2021-09-19 19:00:00";41
"2021-09-19 19:30:00";40
"2021-09-19 20:00:00";38
"2021-09-19 20:30:00";37
"2021-09-19 21:00:00";37
"2021-09-19 21:30:00";34
"2021-09-19 22:00:00";36
"2021-09-19 22:30:00";33
"2021-09-19 23:00:00";32
"2021-09-19 23:30:00";31
"2021-09-20 00:00:00";29
"2021-09-20 00:30:00";28
"2021-09-20 01:30:00";26
"2021-09-20 02:00:00";26
"2021-09-20 04:30:00";23
"2021-09-20 05:00:00";22
"2021-09-20 05:30:00";23
"2021-09-20 06:00:00";20
"2021-09-20 06:30:00";20
"2021-09-20 07:00:00";21
"2021-09-20 07:30:00";20
"2021-09-20 08:00:00";20
"2021-09-20 08:30:00";19
"2021-09-20 09:00:00";20
"2021-09-20 09:30:00";18
"2021-09-20 10:00:00";20
"2021-09-20 10:30:00";19
"2021-09-20 11:00:00";19
"2021-09-20 11:30:00";17
"2021-09-20 12:00:00";17
"2021-09-20 12:30:00";16
"2021-09-20 13:00:00";15
"2021-09-20 13:30:00";16
"2021-09-20 14:00:00";16
"2021-09-20 14:30:00";15
"2021-09-20 15:00:00";16
"2021-09-20 15:30:00";16
"2021-09-20 16:00:00";15
"2021-09-20 16:30:00";14
"2021-09-20 17:00:00";14
"2021-09-20 17:30:00";14
"2021-09-20 18:00:00";13
"2021-09-20 18:30:00";13
"2021-09-20 19:00:00";13
"2021-09-20 19:30:00";13
"2021-09-20 20:00:00";12
"2021-09-20 20:30:00";13
"2021-09-20 21:00:00";13
"2021-09-20 21:30:00";13
"2021-09-20 22:00:00";12
"2021-09-20 22:30:00";12
"2021-09-20 23:00:00";12
"2021-09-20 23:30:00";12
"2021-09-21 00:00:00";12
"2021-09-21 00:30:00";13
"2021-09-21 01:30:00";11
"2021-09-21 02:00:00";13
"2021-09-21 03:30:00";12
"2021-09-21 04:30:00";11
"2021-09-21 05:00:00";11
"2021-09-21 05:30:00";11
"2021-09-21 06:00:00";10
"2021-09-21 06:30:00";11
"2021-09-21 07:00:00";10
"2021-09-21 07:30:00";9
"2021-09-21 08:00:00";10
"2021-09-21 08:30:00";9
"2021-09-21 09:00:00";9
"2021-09-21 09:30:00";9
"2021-09-21 10:00:00";9
"2021-09-21 10:30:00";9
"2021-09-21 11:00:00";10
"2021-09-21 11:30:00";7
"2021-09-21 12:00:00";7
"2021-09-21 12:30:00";6
"2021-09-21 13:00:00";6
"2021-09-21 13:30:00";7
"2021-09-21 14:00:00";6
"2021-09-21 14:30:00";6
"2021-09-21 15:00:00";7
"2021-09-21 15:30:00";6
"2021-09-21 16:00:00";7
"2021-09-21 16:30:00";7
"2021-09-21 17:00:00";7
"2021-09-21 17:30:00";8
"2021-09-21 18:00:00";9
"2021-09-21 18:30:00";8
"2021-09-21 19:00:00";8
"2021-09-21 19:30:00";8
"2021-09-21 20:00:00";6
"2021-09-21 20:30:00";7
"2021-09-21 21:00:00";6
"2021-09-21 21:30:00";8
"2021-09-21 22:00:00";8
"2021-09-21 22:30:00";9
"2021-09-21 23:00:00";8
"2021-09-21 23:30:00";9
"2021-09-22 00:00:00";9
"2021-09-22 00:30:00";8
"2021-09-22 01:00:00";8
"2021-09-22 01:30:00";7
"2021-09-22 02:00:00";9
"2021-09-22 03:00:00";8
"2021-09-22 04:00:00";6
"2021-09-22 04:30:00";7
"2021-09-22 05:00:00";6
"2021-09-22 05:30:00";7
"2021-09-22 06:00:00";8
"2021-09-22 06:30:00";7
"2021-09-22 07:00:00";8
"2021-09-22 07:30:00";7
"2021-09-22 08:00:00";7
"2021-09-22 08:30:00";7
"2021-09-22 09:00:00";6
"2021-09-22 09:30:00";6
"2021-09-22 10:00:00";6
"2021-09-22 10:30:00";6
"2021-09-22 11:00:00";6
"2021-09-22 11:30:00";7
"2021-09-22 12:00:00";0
"2021-09-22 12:30:00";1
"2021-09-22 13:00:00";2
"2021-09-22 13:30:00";4
"2021-09-22 14:00:00";2
"2021-09-22 14:30:00";3
"2021-09-22 15:00:00";2
"2021-09-22 15:30:00";3
"2021-09-22 16:00:00";4
"2021-09-22 16:30:00";3
"2021-09-22 17:00:00";5
"2021-09-22 17:30:00";5
"2021-09-22 18:00:00";5
"2021-09-22 18:30:00";7
"2021-09-22 19:00:00";5
"2021-09-22 19:30:00";6
"2021-09-22 20:00:00";6
"2021-09-22 20:30:00";6
"2021-09-22 21:00:00";9
"2021-09-22 21:30:00";8
"2021-09-22 22:00:00";8
"2021-09-22 22:30:00";9
"2021-09-22 23:00:00";8
"2021-09-22 23:30:00";9
"2021-09-23 00:00:00";10
"2021-09-23 00:30:00";9
"2021-09-23 01:00:00";9
"2021-09-23 01:30:00";8
"2021-09-23 02:00:00";8
"2021-09-23 03:00:00";7
"2021-09-23 03:30:00";9
"2021-09-23 04:30:00";7
"2021-09-23 05:00:00";8
"2021-09-23 05:30:00";6
"2021-09-23 06:00:00";7
"2021-09-23 06:30:00";7
"2021-09-23 07:00:00";6
"2021-09-23 07:30:00";5
"2021-09-23 08:00:00";6
"2021-09-23 08:30:00";6
"2021-09-23 09:00:00";5
"2021-09-23 09:30:00";6
"2021-09-23 10:00:00";6
"2021-09-23 10:30:00";5
"2021-09-23 11:00:00";5
"2021-09-23 11:30:00";5
"2021-09-23 12:00:00";5
"2021-09-23 12:30:00";5
"2021-09-23 13:00:00";6
"2021-09-23 13:30:00";5
"2021-09-23 14:00:00";4
"2021-09-23 14:30:00";5
"2021-09-23 15:00:00";4
"2021-09-23 15:30:00";4
"2021-09-23 16:00:00";5
"2021-09-23 16:30:00";4
"2021-09-23 17:00:00";4
"2021-09-23 17:30:00";4
"2021-09-23 18:00:00";6
"2021-09-23 18:30:00";7
"2021-09-23 19:00:00";7
"2021-09-23 19:30:00";8
"2021-09-23 20:00:00";8
"2021-09-23 20:30:00";8
"2021-09-23 21:00:00";10
"2021-09-23 21:30:00";9
"2021-09-23 22:00:00";9
"2021-09-23 22:30:00";8
"2021-09-23 23:00:00";9
"2021-09-23 23:30:00";9
"2021-09-24 00:00:00";10
"2021-09-24 00:30:00";9
"2021-09-24 01:00:00";9
"2021-09-24 01:30:00";8
"2021-09-24 02:00:00";8
"2021-09-24 03:30:00";5
"2021-09-24 04:00:00";7
"2021-09-24 04:30:00";5
"2021-09-24 05:00:00";5
"2021-09-24 05:30:00";6
"2021-09-24 06:00:00";6
"2021-09-24 06:30:00";5
"2021-09-24 07:00:00";4
"2021-09-24 07:30:00";4
"2021-09-24 08:00:00";5
"2021-09-24 08:30:00";5
"2021-09-24 09:00:00";5
"2021-09-24 09:30:00";6
"2021-09-24 10:00:00";4
"2021-09-24 10:30:00";4
"2021-09-24 11:00:00";5
"2021-09-24 11:30:00";5
"2021-09-24 12:00:00";1
"2021-09-24 12:30:00";0
"2021-09-24 13:00:00";-1
"2021-09-24 13:30:00";1
"2021-09-24 14:00:00";1
"2021-09-24 14:30:00";0
"2021-09-24 15:00:00";2
"2021-09-24 15:30:00";0
"2021-09-24 16:00:00";0
"2021-09-24 16:30:00";0
"2021-09-24 17:00:00";2
"2021-09-24 17:30:00";3
"2021-09-24 18:00:00";4
"2021-09-24 18:30:00";5
"2021-09-24 19:00:00";6
"2021-09-24 19:30:00";6
"2021-09-24 20:00:00";8
"2021-09-24 20:30:00";9
"2021-09-24 21:00:00";8
"2021-09-24 21:30:00";10
"2021-09-24 22:00:00";11
"2021-09-24 22:30:00";11
"2021-09-24 23:00:00";11
"2021-09-24 23:30:00";12
"2021-09-25 00:00:00";11
"2021-09-25 00:30:00";10
"2021-09-25 01:00:00";9
"2021-09-25 01:30:00";9
"2021-09-25 04:00:00";8
"2021-09-25 04:30:00";8
"2021-09-25 05:00:00";7
"2021-09-25 05:30:00";7
"2021-09-25 06:00:00";7
"2021-09-25 06:30:00";7
"2021-09-25 07:00:00";6
"2021-09-25 07:30:00";6
"2021-09-25 08:00:00";6
"2021-09-25 08:30:00";6
"2021-09-25 09:00:00";7
"2021-09-25 09:30:00";6
"2021-09-25 10:00:00";5
"2021-09-25 10:30:00";4
"2021-09-25 11:00:00";5
"2021-09-25 18:00:00";6
"2021-09-25 18:30:00";7
"2021-09-25 19:00:00";11
"2021-09-25 19:30:00";10
"2021-09-25 20:00:00";10
"2021-09-25 20:30:00";12
"2021-09-25 21:00:00";13
"2021-09-25 21:30:00";13
"2021-09-25 22:00:00";13
"2021-09-25 22:30:00";12
"2021-09-25 23:00:00";12
"2021-09-25 23:30:00";12
"2021-09-26 00:00:00";11
"2021-09-26 00:30:00";11
"2021-09-26 01:00:00";11
"2021-09-26 01:30:00";10
"2021-09-26 02:00:00";12
"2021-09-26 03:00:00";10
"2021-09-26 04:00:00";9
"2021-09-26 04:30:00";9
"2021-09-26 05:00:00";9
"2021-09-26 05:30:00";9
"2021-09-26 06:00:00";8
"2021-09-26 06:30:00";8
"2021-09-26 07:00:00";8
"2021-09-26 07:30:00";8
"2021-09-26 08:00:00";8
"2021-09-26 08:30:00";8
"2021-09-26 09:00:00";7
"2021-09-26 09:30:00";7
"2021-09-26 10:00:00";7
"2021-09-26 10:30:00";7
"2021-09-26 11:00:00";8
"2021-09-26 11:30:00";7
"2021-09-26 12:00:00";7
"2021-09-26 12:30:00";8
"2021-09-26 13:00:00";8
"2021-09-26 13:30:00";7
"2021-09-26 14:00:00";7
"2021-09-26 14:30:00";7
"2021-09-26 15:00:00";8
"2021-09-26 15:30:00";8
"2021-09-26 16:00:00";7
"2021-09-26 16:30:00";7
"2021-09-26 17:00:00";7
"2021-09-26 17:30:00";9
"2021-09-26 18:00:00";8
"2021-09-26 18:30:00";7
"2021-09-26 19:00:00";8
"2021-09-26 19:30:00";8
"2021-09-26 20:00:00";9
"2021-09-26 20:30:00";7
"2021-09-26 21:00:00";10
"2021-09-26 21:30:00";9
"2021-09-26 22:00:00";10
"2021-09-26 22:30:00";10
"2021-09-26 23:00:00";8
"2021-09-26 23:30:00";9
"2021-09-27 00:00:00";7
"2021-09-27 00:30:00";7
"2021-09-27 01:00:00";9
"2021-09-27 01:30:00";7
"2021-09-27 02:00:00";7
"2021-09-27 03:00:00";6
"2021-09-27 04:00:00";6
"2021-09-27 04:30:00";5
"2021-09-27 05:00:00";5
"2021-09-27 05:30:00";5
"2021-09-27 06:00:00";4
"2021-09-27 06:30:00";4
"2021-09-27 07:00:00";4
"2021-09-27 07:30:00";3
"2021-09-27 08:00:00";3
"2021-09-27 08:30:00";2
"2021-09-27 09:00:00";4
"2021-09-27 09:30:00";3
"2021-09-27 10:00:00";3
"2021-09-27 10:30:00";5
"2021-09-27 11:00:00";4
"2021-09-27 11:30:00";3
"2021-09-27 12:00:00";1
"2021-09-27 12:30:00";0
"2021-09-27 13:00:00";0
"2021-09-27 13:30:00";1
"2021-09-27 14:00:00";-1
"2021-09-27 14:30:00";-1
"2021-09-27 15:00:00";-1
"2021-09-27 15:30:00";-1
"2021-09-27 16:00:00";-1
"2021-09-27 16:30:00";1
"2021-09-27 17:00:00";1
"2021-09-27 17:30:00";1
"2021-09-27 18:00:00";3
"2021-09-27 18:30:00";4
"2021-09-27 19:00:00";4
"2021-09-27 19:30:00";5
"2021-09-27 20:00:00";5
"2021-09-27 20:30:00";7
"2021-09-27 21:00:00";7
"2021-09-27 21:30:00";7
"2021-09-27 22:00:00";7
"2021-09-27 22:30:00";8
"2021-09-27 23:00:00";6
"2021-09-27 23:30:00";6
"2021-09-28 00:00:00";7
"2021-09-28 00:30:00";4
"2021-09-28 01:30:00";5
"2021-09-28 02:00:00";5
"2021-09-28 04:00:00";4
"2021-09-28 04:30:00";4
"2021-09-28 05:00:00";5
"2021-09-28 05:30:00";3
"2021-09-28 06:00:00";2
"2021-09-28 06:30:00";2
"2021-09-28 07:00:00";1
"2021-09-28 07:30:00";3
"2021-09-28 08:00:00";2
"2021-09-28 08:30:00";2
"2021-09-28 09:00:00";3
"2021-09-28 09:30:00";3
"2021-09-28 10:00:00";2
"2021-09-28 10:30:00";1
"2021-09-28 11:00:00";2
"2021-09-28 11:30:00";2
"2021-09-28 12:00:00";-3
"2021-09-28 12:30:00";-2
"2021-09-28 13:00:00";-3
"2021-09-28 13:30:00";-1
"2021-09-28 14:00:00";-2
"2021-09-28 14:30:00";1
"2021-09-28 15:00:00";-1
"2021-09-28 15:30:00";-1
"2021-09-28 16:30:00";-1
"2021-09-28 17:00:00";1
"2021-09-28 17:30:00";2
"2021-09-28 18:00:00";2
"2021-09-28 18:30:00";4
"2021-09-28 19:00:00";5
"2021-09-28 19:30:00";3
"2021-09-28 20:00:00";4
"2021-09-28 20:30:00";3
"2021-09-28 21:00:00";2
"2021-09-28 21:30:00";4
"2021-09-28 22:00:00";4
"2021-09-28 22:30:00";4
"2021-09-28 23:00:00";4
"2021-09-28 23:30:00";2
"2021-09-29 00:00:00";3
"2021-09-29 00:30:00";3
"2021-09-29 01:00:00";3
"2021-09-29 01:30:00";3
"2021-09-29 03:00:00";3
"2021-09-29 03:30:00";2
"2021-09-29 04:30:00";2
"2021-09-29 05:00:00";1
"2021-09-29 05:30:00";2
"2021-09-29 06:00:00";1
"2021-09-29 06:30:00";2
"2021-09-29 07:00:00";3
"2021-09-29 07:30:00";-1
"2021-09-29 08:00:00";2
"2021-09-29 08:30:00";1
"2021-09-29 09:00:00";2
"2021-09-29 09:30:00";2
"2021-09-29 10:00:00";2
"2021-09-29 10:30:00";1
"2021-09-29 11:00:00";1
"2021-09-29 11:30:00";-1
"2021-09-29 12:00:00";-3
"2021-09-29 12:30:00";-1
"2021-09-29 13:00:00";-2
"2021-09-29 13:30:00";-2
"2021-09-29 14:00:00";0
"2021-09-29 14:30:00";0
"2021-09-29 15:00:00";-2
"2021-09-29 15:30:00";0
"2021-09-29 16:00:00";-1
"2021-09-29 16:30:00";-1
"2021-09-29 17:00:00";0
"2021-09-29 17:30:00";0
"2021-09-29 18:00:00";1
"2021-09-29 18:30:00";0
"2021-09-29 19:00:00";0
"2021-09-29 19:30:00";0
"2021-09-29 20:00:00";0
"2021-09-29 20:30:00";1
"2021-09-29 21:00:00";2
"2021-09-29 21:30:00";1
"2021-09-29 22:00:00";0
"2021-09-29 22:30:00";1
"2021-09-29 23:00:00";1
"2021-09-29 23:30:00";0
"2021-09-30 00:00:00";0
"2021-09-30 00:30:00";1
"2021-09-30 01:00:00";-1
"2021-09-30 01:30:00";0
"2021-09-30 02:00:00";-1
"2021-09-30 03:00:00";-2
"2021-09-30 04:30:00";-1
"2021-09-30 05:00:00";-2
"2021-09-30 05:30:00";-2
"2021-09-30 06:00:00";-1
"2021-09-30 06:30:00";-1
"2021-09-30 07:00:00";-1
"2021-09-30 07:30:00";-2
"2021-09-30 08:00:00";-3
"2021-09-30 08:30:00";-3
"2021-09-30 09:00:00";-3
"2021-09-30 09:30:00";-2
"2021-09-30 10:00:00";-1
"2021-09-30 11:00:00";-2
"2021-09-30 11:30:00";-3
"2021-09-30 12:00:00";-6
"2021-09-30 12:30:00";-5
"2021-09-30 13:00:00";-4
"2021-09-30 13:30:00";-5
"2021-09-30 14:00:00";-4
"2021-09-30 14:30:00";-5
"2021-09-30 15:00:00";-4
"2021-09-30 15:30:00";-3
"2021-09-30 16:00:00";-3
"2021-09-30 16:30:00";-2
"2021-09-30 17:00:00";-3
"2021-09-30 17:30:00";-2
"2021-09-30 18:00:00";-2
"2021-09-30 18:30:00";-1
"2021-09-30 19:00:00";0
"2021-09-30 19:30:00";0
"2021-09-30 20:00:00";0
"2021-09-30 20:30:00";0
"2021-09-30 21:00:00";2
"2021-09-30 21:30:00";1
"2021-09-30 22:00:00";3
"2021-09-30 22:30:00";2
"2021-09-30 23:00:00";4
"2021-09-30 23:30:00";4
"2021-10-01 00:00:00";3
"2021-10-01 00:30:00";2
"2021-10-01 01:00:00";1
"2021-10-01 01:30:00";1
"2021-10-01 02:00:00";2
"2021-10-01 03:00:00";0
"2021-10-01 03:30:00";1
"2021-10-01 04:00:00";-1
"2021-10-01 04:30:00";-1
"2021-10-01 05:00:00";0
"2021-10-01 05:30:00";0
"2021-10-01 06:00:00";-1
"2021-10-01 06:30:00";0
"2021-10-01 07:00:00";0
"2021-10-01 07:30:00";-2
"2021-10-01 08:00:00";-1
"2021-10-01 08:30:00";-1
"2021-10-01 09:00:00";-1
"2021-10-01 09:30:00";0
"2021-10-01 10:00:00";0
"2021-10-01 10:30:00";-1
"2021-10-01 11:00:00";-1
"2021-10-01 11:30:00";-1
"2021-10-01 12:30:00";-1
"2021-10-01 13:00:00";-1
"2021-10-01 13:30:00";-2
"2021-10-01 14:00:00";-2
"2021-10-01 14:30:00";-1
"2021-10-01 15:00:00";-3
"2021-10-01 15:30:00";-1
"2021-10-01 16:00:00";-1
"2021-10-01 16:30:00";-2
"2021-10-01 17:00:00";-3
"2021-10-01 17:30:00";-2
"2021-10-01 18:00:00";-2
"2021-10-01 18:30:00";-1
"2021-10-01 19:00:00";-3
"2021-10-01 19:30:00";-3
"2021-10-01 20:00:00";-3
"2021-10-01 20:30:00";-3
"2021-10-01 21:00:00";-3
"2021-10-01 21:30:00";-2
"2021-10-01 22:00:00";-2
"2021-10-01 22:30:00";-2
"2021-10-01 23:00:00";-1
"2021-10-01 23:30:00";-2
"2021-10-02 00:00:00";-2
"2021-10-02 00:30:00";0
"2021-10-02 01:00:00";-1
"2021-10-02 01:30:00";-1
"2021-10-02 03:00:00";-1
"2021-10-02 04:30:00";-1
"2021-10-02 05:00:00";-2
"2021-10-02 05:30:00";-2
"2021-10-02 06:00:00";-2
"2021-10-02 06:30:00";-2
"2021-10-02 07:00:00";-3
"2021-10-02 07:30:00";-2
"2021-10-02 08:00:00";-2
"2021-10-02 08:30:00";-2
"2021-10-02 09:00:00";-3
"2021-10-02 09:30:00";-2
"2021-10-02 10:00:00";-2
"2021-10-02 10:30:00";-3
"2021-10-02 11:00:00";-2
"2021-10-02 11:30:00";-2
"2021-10-02 12:00:00";-3
"2021-10-02 12:30:00";-2
"2021-10-02 13:00:00";-2
"2021-10-02 13:30:00";-3
"2021-10-02 14:00:00";-3
"2021-10-02 14:30:00";-2
"2021-10-02 15:00:00";-3
"2021-10-02 15:30:00";-3
"2021-10-02 16:00:00";-2
"2021-10-02 16:30:00";-1
"2021-10-02 17:00:00";-2
"2021-10-02 17:30:00";-2
"2021-10-02 18:00:00";-1
"2021-10-02 18:30:00";-1
"2021-10-02 19:00:00";2
"2021-10-02 19:30:00";1
"2021-10-02 20:00:00";3
"2021-10-02 20:30:00";3
"2021-10-02 21:00:00";3
"2021-10-02 21:30:00";4
"2021-10-02 22:00:00";3
"2021-10-02 22:30:00";3
"2021-10-02 23:00:00";3
"2021-10-02 23:30:00";2
"2021-10-03 00:00:00";2
"2021-10-03 00:30:00";1
"2021-10-03 01:00:00";1
"2021-10-03 01:30:00";2
"2021-10-03 02:00:00";2
"2021-10-03 03:30:00";2
"2021-10-03 04:00:00";0
"2021-10-03 04:30:00";1
"2021-10-03 05:00:00";-1
"2021-10-03 05:30:00";1
"2021-10-03 06:00:00";0
"2021-10-03 06:30:00";0
"2021-10-03 07:00:00";0
"2021-10-03 07:30:00";0
"2021-10-03 08:00:00";0
"2021-10-03 08:30:00";1
"2021-10-03 09:00:00";-1
"2021-10-03 09:30:00";1
"2021-10-03 10:00:00";0
"2021-10-03 10:30:00";1
"2021-10-03 11:00:00";1
"2021-10-03 11:30:00";0
"2021-10-03 12:00:00";0
"2021-10-03 12:30:00";0
"2021-10-03 13:00:00";0
"2021-10-03 13:30:00";0
"2021-10-03 14:00:00";0
"2021-10-03 14:30:00";-1
"2021-10-03 15:00:00";0
"2021-10-03 15:30:00";-1
"2021-10-03 16:00:00";-1
"2021-10-03 16:30:00";-2
"2021-10-03 17:00:00";-1
"2021-10-03 17:30:00";-1
"2021-10-03 18:00:00";-1
"2021-10-03 18:30:00";-1
"2021-10-03 19:00:00";-2
"2021-10-03 19:30:00";-3
"2021-10-03 20:00:00";-1
"2021-10-03 20:30:00";0
"2021-10-03 21:00:00";0
"2021-10-03 21:30:00";0
"2021-10-03 22:00:00";-1
"2021-10-03 22:30:00";1
"2021-10-03 23:00:00";1
"2021-10-03 23:30:00";3
"2021-10-04 00:00:00";5
"2021-10-04 00:30:00";5
"2021-10-04 01:00:00";5
"2021-10-04 01:30:00";6
"2021-10-04 03:00:00";7
"2021-10-04 04:00:00";12
"2021-10-04 04:30:00";11
"2021-10-04 05:00:00";13
"2021-10-04 05:30:00";12
"2021-10-04 06:00:00";14
"2021-10-04 06:30:00";19
"2021-10-04 07:00:00";20
"2021-10-04 07:30:00";23
"2021-10-04 08:00:00";24
"2021-10-04 08:30:00";23
"2021-10-04 09:00:00";20
"2021-10-04 09:30:00";19
"2021-10-04 10:30:00";16
"2021-10-04 11:00:00";15
"2021-10-04 11:30:00";15
"2021-10-04 12:00:00";15
"2021-10-04 12:30:00";13
"2021-10-04 13:00:00";13
"2021-10-04 13:30:00";12
"2021-10-04 14:00:00";12
"2021-10-04 14:30:00";11
"2021-10-04 15:00:00";10
"2021-10-04 15:30:00";9
"2021-10-04 16:00:00";10
"2021-10-04 16:30:00";10
"2021-10-04 17:00:00";10
"2021-10-04 17:30:00";10
"2021-10-04 18:00:00";10
"2021-10-04 18:30:00";10
"2021-10-04 19:00:00";11
"2021-10-04 19:30:00";13
"2021-10-04 20:00:00";15
"2021-10-04 20:30:00";17
"2021-10-04 21:00:00";22
"2021-10-04 21:30:00";25
"2021-10-04 22:00:00";26
"2021-10-04 22:30:00";30
"2021-10-04 23:00:00";40
"2021-10-04 23:30:00";57
"2021-10-05 00:00:00";69
"2021-10-05 00:30:00";75
"2021-10-05 01:00:00";83
"2021-10-05 01:30:00";101
"2021-10-05 03:00:00";95
"2021-10-05 04:00:00";112
"2021-10-05 04:30:00";127
"2021-10-05 05:00:00";128
"2021-10-05 05:30:00";133
"2021-10-05 06:00:00";123
"2021-10-05 06:30:00";119
"2021-10-05 07:00:00";122
"2021-10-05 07:30:00";123
"2021-10-05 08:00:00";121
"2021-10-05 08:30:00";122
"2021-10-05 09:00:00";123
"2021-10-05 09:30:00";120
"2021-10-05 10:00:00";117
"2021-10-05 10:30:00";121
"2021-10-05 11:00:00";119
"2021-10-05 11:30:00";117
"2021-10-05 12:00:00";115
"2021-10-05 12:30:00";111
"2021-10-05 13:00:00";112
"2021-10-05 13:30:00";103
"2021-10-05 14:00:00";94
"2021-10-05 14:30:00";86
"2021-10-05 15:00:00";91
"2021-10-05 15:30:00";88
"2021-10-05 16:00:00";85
"2021-10-05 16:30:00";86
"2021-10-05 17:00:00";84
"2021-10-05 17:30:00";80
"2021-10-05 18:00:00";83
"2021-10-05 18:30:00";81
"2021-10-05 19:00:00";79
"2021-10-05 19:30:00";75
"2021-10-05 20:00:00";75
"2021-10-05 20:30:00";74
"2021-10-05 21:00:00";71
"2021-10-05 21:30:00";69
"2021-10-05 22:00:00";69
"2021-10-05 22:30:00";69
"2021-10-05 23:00:00";65
"2021-10-05 23:30:00";63
"2021-10-06 00:00:00";63
"2021-10-06 00:30:00";62
"2021-10-06 01:00:00";61
"2021-10-06 01:30:00";61
"2021-10-06 02:00:00";58
"2021-10-06 03:00:00";56
"2021-10-06 04:30:00";51
"2021-10-06 05:00:00";50
"2021-10-06 05:30:00";50
"2021-10-06 06:00:00";50
"2021-10-06 06:30:00";50
"2021-10-06 07:00:00";50
"2021-10-06 07:30:00";48
"2021-10-06 08:00:00";47
"2021-10-06 08:30:00";46
"2021-10-06 09:00:00";47
"2021-10-06 10:00:00";45
"2021-10-06 10:30:00";44
"2021-10-06 11:00:00";43
"2021-10-06 11:30:00";44
"2021-10-06 12:00:00";41
"2021-10-06 12:30:00";38
"2021-10-06 13:00:00";39
"2021-10-06 13:30:00";34
"2021-10-06 14:00:00";35
"2021-10-06 14:30:00";36
"2021-10-06 15:00:00";36
"2021-10-06 15:30:00";35
"2021-10-06 16:00:00";34
"2021-10-06 16:30:00";35
"2021-10-06 17:00:00";35
"2021-10-06 17:30:00";34
"2021-10-06 18:00:00";35
"2021-10-06 18:30:00";34
"2021-10-06 19:00:00";36
"2021-10-06 19:30:00";34
"2021-10-06 20:00:00";34
"2021-10-06 20:30:00";33
"2021-10-06 21:00:00";33
"2021-10-06 21:30:00";34
"2021-10-06 22:00:00";33
"2021-10-06 22:30:00";31
"2021-10-06 23:00:00";33
"2021-10-06 23:30:00";30
"2021-10-07 00:00:00";32
"2021-10-07 00:30:00";31
"2021-10-07 01:00:00";32
"2021-10-07 01:30:00";30
"2021-10-07 02:00:00";30
"2021-10-07 03:00:00";29
"2021-10-07 04:30:00";28
"2021-10-07 05:00:00";27
"2021-10-07 05:30:00";27
"2021-10-07 06:00:00";28
"2021-10-07 06:30:00";25
"2021-10-07 07:00:00";28
"2021-10-07 07:30:00";25
"2021-10-07 08:00:00";26
"2021-10-07 08:30:00";25
"2021-10-07 09:00:00";26
"2021-10-07 09:30:00";25
"2021-10-07 10:00:00";25
"2021-10-07 10:30:00";24
"2021-10-07 11:00:00";26
"2021-10-07 11:30:00";26
"2021-10-07 12:00:00";22
"2021-10-07 12:30:00";21
"2021-10-07 13:00:00";18
"2021-10-07 13:30:00";17
"2021-10-07 14:00:00";18
"2021-10-07 14:30:00";19
"2021-10-07 15:00:00";19
"2021-10-07 15:30:00";20
"2021-10-07 16:00:00";20
"2021-10-07 17:00:00";22
"2021-10-07 18:00:00";21
"2021-10-07 18:30:00";20
"2021-10-07 19:00:00";21
"2021-10-07 19:30:00";22
"2021-10-07 20:00:00";22
"2021-10-07 20:30:00";23
"2021-10-07 21:00:00";22
"2021-10-07 21:30:00";23
"2021-10-07 22:00:00";22
"2021-10-07 22:30:00";22
"2021-10-07 23:00:00";21
"2021-10-07 23:30:00";21
"2021-10-08 00:00:00";24
"2021-10-08 00:30:00";21
"2021-10-08 01:00:00";22
"2021-10-08 01:30:00";21
"2021-10-08 02:00:00";21
"2021-10-08 03:00:00";21
"2021-10-08 04:30:00";21
"2021-10-08 05:00:00";20
"2021-10-08 05:30:00";20
"2021-10-08 06:00:00";19
"2021-10-08 06:30:00";20
"2021-10-08 07:00:00";19
"2021-10-08 07:30:00";18
"2021-10-08 08:00:00";18
"2021-10-08 08:30:00";18
"2021-10-08 09:00:00";18
"2021-10-08 09:30:00";19
"2021-10-08 10:00:00";17
"2021-10-08 10:30:00";18
"2021-10-08 11:00:00";18
"2021-10-08 11:30:00";18
"2021-10-08 12:00:00";18
"2021-10-08 12:30:00";18
"2021-10-08 13:00:00";15
"2021-10-08 13:30:00";16
"2021-10-08 14:00:00";16
"2021-10-08 14:30:00";15
"2021-10-08 15:00:00";13
"2021-10-08 15:30:00";13
"2021-10-08 16:00:00";11
"2021-10-08 16:30:00";16
"2021-10-08 17:00:00";18
"2021-10-08 17:30:00";17
"2021-10-08 18:00:00";17
"2021-10-08 18:30:00";17
"2021-10-08 19:00:00";17
"2021-10-08 19:30:00";15
"2021-10-08 20:00:00";17
"2021-10-08 20:30:00";18
"2021-10-08 21:00:00";17
"2021-10-08 21:30:00";18
"2021-10-08 22:00:00";19
"2021-10-08 22:30:00";18
"2021-10-08 23:00:00";18
"2021-10-08 23:30:00";17
"2021-10-09 00:00:00";20
"2021-10-09 00:30:00";19
"2021-10-09 01:00:00";19
"2021-10-09 04:00:00";17
"2021-10-09 04:30:00";16
"2021-10-09 05:00:00";16
"2021-10-09 05:30:00";17
"2021-10-09 06:00:00";17
"2021-10-09 06:30:00";16
"2021-10-09 07:00:00";15
"2021-10-09 07:30:00";14
"2021-10-09 08:00:00";16
"2021-10-09 08:30:00";16
"2021-10-09 09:00:00";16
"2021-10-09 09:30:00";16
"2021-10-09 10:00:00";15
"2021-10-09 10:30:00";15
"2021-10-09 11:00:00";14
"2021-10-09 11:30:00";16
"2021-10-09 12:00:00";15
"2021-10-09 12:30:00";15
"2021-10-09 13:00:00";16
"2021-10-09 13:30:00";15
"2021-10-09 14:00:00";14
"2021-10-09 14:30:00";15
"2021-10-09 15:00:00";15
"2021-10-09 15:30:00";15
"2021-10-09 16:00:00";14
"2021-10-09 16:30:00";15
"2021-10-09 17:00:00";13
"2021-10-09 17:30:00";14
"2021-10-09 18:00:00";14
"2021-10-09 18:30:00";13
"2021-10-09 19:00:00";13
"2021-10-09 19:30:00";13
"2021-10-09 20:00:00";14
"2021-10-09 20:30:00";13
"2021-10-09 21:00:00";15
"2021-10-09 21:30:00";15
"2021-10-09 22:00:00";14
"2021-10-09 22:30:00";14
"2021-10-09 23:00:00";16
"2021-10-09 23:30:00";15
"2021-10-10 00:00:00";16
"2021-10-10 00:30:00";14
"2021-10-10 01:00:00";14
"2021-10-10 01:30:00";15
"2021-10-10 02:00:00";12
"2021-10-10 03:00:00";14
"2021-10-10 03:30:00";15
"2021-10-10 04:00:00";13
"2021-10-10 04:30:00";13
"2021-10-10 05:00:00";13
"2021-10-10 05:30:00";13
"2021-10-10 06:00:00";12
"2021-10-10 06:30:00";14
"2021-10-10 07:00:00";13
"2021-10-10 07:30:00";13
"2021-10-10 08:00:00";13
"2021-10-10 08:30:00";12
"2021-10-10 09:00:00";11
"2021-10-10 09:30:00";12
"2021-10-10 10:00:00";11
"2021-10-10 10:30:00";9
"2021-10-10 11:00:00";9
"2021-10-10 11:30:00";10
"2021-10-10 12:00:00";9
"2021-10-10 12:30:00";7
"2021-10-10 13:00:00";7
"2021-10-10 13:30:00";7
"2021-10-10 14:00:00";8
"2021-10-10 14:30:00";8
"2021-10-10 15:00:00";8
"2021-10-10 15:30:00";9
"2021-10-10 16:00:00";8
"2021-10-10 16:30:00";9
"2021-10-10 17:00:00";10
"2021-10-10 17:30:00";10
"2021-10-10 18:00:00";11
"2021-10-10 18:30:00";10
"2021-10-10 19:00:00";11
"2021-10-10 19:30:00";11
"2021-10-10 20:00:00";11
"2021-10-10 20:30:00";11
"2021-10-10 21:00:00";12
"2021-10-10 21:30:00";11
"2021-10-10 22:00:00";12
"2021-10-10 22:30:00";11
"2021-10-10 23:00:00";11
"2021-10-10 23:30:00";10
"2021-10-11 00:00:00";12
"2021-10-11 00:30:00";10
"2021-10-11 01:00:00";11
"2021-10-11 01:30:00";10
"2021-10-11 03:00:00";10
"2021-10-11 03:30:00";11
"2021-10-11 04:00:00";10
"2021-10-11 04:30:00";10
"2021-10-11 05:00:00";8
"2021-10-11 05:30:00";10
"2021-10-11 06:00:00";9
"2021-10-11 06:30:00";9
"2021-10-11 07:00:00";9
"2021-10-11 07:30:00";9
"2021-10-11 08:00:00";9
"2021-10-11 08:30:00";9
"2021-10-11 09:00:00";8
"2021-10-11 09:30:00";9
"2021-10-11 10:00:00";9
"2021-10-11 10:30:00";8
"2021-10-11 11:00:00";10
"2021-10-11 11:30:00";10
"2021-10-11 12:00:00";7
"2021-10-11 12:30:00";4
"2021-10-11 13:00:00";4
"2021-10-11 13:30:00";4
"2021-10-11 14:00:00";4
"2021-10-11 14:30:00";5
"2021-10-11 15:00:00";5
"2021-10-11 15:30:00";5
"2021-10-11 16:00:00";4
"2021-10-11 16:30:00";5
"2021-10-11 17:00:00";7
"2021-10-11 17:30:00";6
"2021-10-11 18:00:00";8
"2021-10-11 18:30:00";9
"2021-10-11 19:00:00";8
"2021-10-11 19:30:00";8
"2021-10-11 20:00:00";8
"2021-10-11 20:30:00";9
"2021-10-11 21:00:00";9
"2021-10-11 21:30:00";11
"2021-10-11 22:00:00";10
"2021-10-11 22:30:00";10
"2021-10-11 23:00:00";10
"2021-10-11 23:30:00";10
"2021-10-12 00:00:00";9
"2021-10-12 00:30:00";8
"2021-10-12 01:00:00";9
"2021-10-12 01:30:00";7
"2021-10-12 03:00:00";7
"2021-10-12 04:30:00";8
"2021-10-12 05:00:00";8
"2021-10-12 05:30:00";8
"2021-10-12 06:00:00";8
"2021-10-12 06:30:00";8
"2021-10-12 07:00:00";6
"2021-10-12 07:30:00";7
"2021-10-12 08:00:00";8
"2021-10-12 08:30:00";8
"2021-10-12 09:00:00";7
"2021-10-12 09:30:00";9
"2021-10-12 10:00:00";8
"2021-10-12 11:00:00";8
"2021-10-12 11:30:00";8
"2021-10-12 12:00:00";5
"2021-10-12 12:30:00";3
"2021-10-12 13:00:00";4
"2021-10-12 13:30:00";4
"2021-10-12 14:00:00";4
"2021-10-12 14:30:00";6
"2021-10-12 15:00:00";5
"2021-10-12 15:30:00";5
"2021-10-12 16:00:00";5
"2021-10-12 16:30:00";5
"2021-10-12 17:00:00";7
"2021-10-12 17:30:00";6
"2021-10-12 18:00:00";7
"2021-10-12 18:30:00";7
"2021-10-12 19:00:00";6
"2021-10-12 19:30:00";7
"2021-10-12 20:00:00";7
"2021-10-12 20:30:00";7
"2021-10-12 21:00:00";8
"2021-10-12 21:30:00";7
"2021-10-12 22:00:00";7
"2021-10-12 22:30:00";7
"2021-10-12 23:00:00";8
"2021-10-12 23:30:00";8
"2021-10-13 00:00:00";7
"2021-10-13 00:30:00";8
"2021-10-13 01:00:00";7
"2021-10-13 01:30:00";8
"2021-10-13 02:00:00";7
"2021-10-13 03:00:00";7
"2021-10-13 04:00:00";7
"2021-10-13 04:30:00";6
"2021-10-13 05:00:00";4
"2021-10-13 05:30:00";5
"2021-10-13 06:00:00";6
"2021-10-13 06:30:00";4
"2021-10-13 07:00:00";5
"2021-10-13 07:30:00";5
"2021-10-13 08:00:00";4
"2021-10-13 08:30:00";5
"2021-10-13 09:00:00";5
"2021-10-13 09:30:00";5
"2021-10-13 10:30:00";5
"2021-10-13 12:00:00";1
"2021-10-13 12:30:00";1
"2021-10-13 13:00:00";0
"2021-10-13 13:30:00";1
"2021-10-13 14:00:00";4
"2021-10-13 14:30:00";2
"2021-10-13 15:00:00";4
"2021-10-13 15:30:00";3
"2021-10-13 16:00:00";2
"2021-10-13 16:30:00";4
"2021-10-13 17:00:00";5
"2021-10-13 17:30:00";4
"2021-10-13 18:00:00";5
"2021-10-13 18:30:00";5
"2021-10-13 19:00:00";4
"2021-10-13 19:30:00";4
"2021-10-13 20:00:00";4
"2021-10-13 20:30:00";4
"2021-10-13 21:00:00";5
"2021-10-13 21:30:00";4
"2021-10-13 22:00:00";5
"2021-10-13 22:30:00";5
"2021-10-13 23:00:00";4
"2021-10-13 23:30:00";5
"2021-10-14 00:00:00";4
"2021-10-14 00:30:00";4
"2021-10-14 01:00:00";5
"2021-10-14 01:30:00";5
"2021-10-14 02:00:00";4
"2021-10-14 03:00:00";5
"2021-10-14 04:30:00";3
"2021-10-14 05:00:00";4
"2021-10-14 05:30:00";5
"2021-10-14 06:00:00";5
"2021-10-14 06:30:00";5
"2021-10-14 07:00:00";5
"2021-10-14 07:30:00";5
"2021-10-14 08:00:00";4
"2021-10-14 08:30:00";4
"2021-10-14 09:00:00";4
"2021-10-14 09:30:00";4
"2021-10-14 10:00:00";5
"2021-10-14 10:30:00";4
"2021-10-14 11:00:00";4
"2021-10-14 11:30:00";3
"2021-10-14 12:00:00";1
"2021-10-14 12:30:00";-1
"2021-10-14 13:00:00";0
"2021-10-14 13:30:00";1
"2021-10-14 14:00:00";1
"2021-10-14 14:30:00";1
"2021-10-14 15:00:00";2
"2021-10-14 15:30:00";1
"2021-10-14 16:00:00";2
"2021-10-14 16:30:00";4
"2021-10-14 17:00:00";4
"2021-10-14 17:30:00";3
"2021-10-14 18:00:00";5
"2021-10-14 18:30:00";3
"2021-10-14 19:00:00";3
"2021-10-14 19:30:00";3
"2021-10-14 20:00:00";2
"2021-10-14 20:30:00";3
"2021-10-14 21:00:00";2
"2021-10-14 21:30:00";4
"2021-10-14 22:00:00";4
"2021-10-14 22:30:00";4
"2021-10-14 23:00:00";3
"2021-10-14 23:30:00";2
"2021-10-15 00:00:00";4
"2021-10-15 00:30:00";3
"2021-10-15 01:00:00";3
"2021-10-15 01:30:00";2
"2021-10-15 02:00:00";2
"2021-10-15 03:30:00";3
"2021-10-15 04:00:00";2
"2021-10-15 04:30:00";3
"2021-10-15 05:00:00";2
"2021-10-15 05:30:00";3
"2021-10-15 06:00:00";3
"2021-10-15 06:30:00";2
"2021-10-15 07:00:00";3
"2021-10-15 07:30:00";2
"2021-10-15 08:00:00";2
"2021-10-15 08:30:00";2
"2021-10-15 09:00:00";1
"2021-10-15 09:30:00";2
"2021-10-15 10:00:00";2
"2021-10-15 10:30:00";2
"2021-10-15 11:30:00";2
"2021-10-15 12:00:00";-1
"2021-10-15 12:30:00";-1
"2021-10-15 13:00:00";0
"2021-10-15 13:30:00";-1
"2021-10-15 14:00:00";-1
"2021-10-15 14:30:00";-2
"2021-10-15 15:00:00";0
"2021-10-15 15:30:00";-1
"2021-10-15 16:00:00";-2
"2021-10-15 16:30:00";1
"2021-10-15 17:00:00";1
"2021-10-15 17:30:00";2
"2021-10-15 18:00:00";1
"2021-10-15 18:30:00";2
"2021-10-15 19:00:00";2
"2021-10-15 19:30:00";3
"2021-10-15 20:00:00";2
"2021-10-15 20:30:00";3
"2021-10-15 21:00:00";3
"2021-10-15 21:30:00";3
"2021-10-15 22:00:00";4
"2021-10-15 22:30:00";3
"2021-10-15 23:00:00";4
"2021-10-15 23:30:00";3
"2021-10-16 00:00:00";3
"2021-10-16 00:30:00";2
"2021-10-16 01:00:00";3
"2021-10-16 03:00:00";2
"2021-10-16 04:30:00";2
"2021-10-16 05:00:00";1
"2021-10-16 05:30:00";1
"2021-10-16 06:00:00";1
"2021-10-16 06:30:00";2
"2021-10-16 07:00:00";1
"2021-10-16 07:30:00";2
"2021-10-16 08:00:00";2
"2021-10-16 08:30:00";2
"2021-10-16 09:00:00";1
"2021-10-16 09:30:00";1
"2021-10-16 10:00:00";0
"2021-10-16 10:30:00";0
"2021-10-16 11:00:00";4
"2021-10-16 11:30:00";1
"2021-10-16 12:00:00";-1
"2021-10-16 12:30:00";-2
"2021-10-16 13:00:00";-2
"2021-10-16 13:30:00";-2
"2021-10-16 14:00:00";-2
"2021-10-16 14:30:00";-1
"2021-10-16 15:00:00";-2
"2021-10-16 15:30:00";-2
"2021-10-16 16:00:00";-2
"2021-10-16 16:30:00";1
"2021-10-16 17:00:00";2
"2021-10-16 17:30:00";0
"2021-10-16 18:00:00";1
"2021-10-16 18:30:00";1
"2021-10-16 19:00:00";0
"2021-10-16 19:30:00";1
"2021-10-16 20:00:00";1
"2021-10-16 20:30:00";0
"2021-10-16 21:00:00";1
"2021-10-16 21:30:00";2
"2021-10-16 22:00:00";2
"2021-10-16 22:30:00";3
"2021-10-16 23:00:00";2
"2021-10-16 23:30:00";2
"2021-10-17 00:00:00";2
"2021-10-17 00:30:00";1
"2021-10-17 01:00:00";1
"2021-10-17 01:30:00";1
"2021-10-17 02:00:00";1
"2021-10-17 03:00:00";1
"2021-10-17 04:00:00";1
"2021-10-17 04:30:00";1
"2021-10-17 05:00:00";1
"2021-10-17 05:30:00";1
"2021-10-17 06:00:00";0
"2021-10-17 06:30:00";-1
"2021-10-17 07:00:00";0
"2021-10-17 07:30:00";0
"2021-10-17 08:00:00";0
"2021-10-17 08:30:00";0
"2021-10-17 09:00:00";-2
"2021-10-17 09:30:00";0
"2021-10-17 10:00:00";-1
"2021-10-17 10:30:00";1
"2021-10-17 11:00:00";3
"2021-10-17 11:30:00";0
"2021-10-17 12:00:00";-2
"2021-10-17 12:30:00";-3
"2021-10-17 13:00:00";-4
"2021-10-17 13:30:00";-3
"2021-10-17 14:00:00";-2
"2021-10-17 14:30:00";-2
"2021-10-17 15:00:00";-2
"2021-10-17 15:30:00";-2
"2021-10-17 16:00:00";-2
"2021-10-17 16:30:00";0
"2021-10-17 17:00:00";1
"2021-10-17 17:30:00";0
"2021-10-17 18:00:00";-2
"2021-10-17 18:30:00";-2
"2021-10-17 19:00:00";-2
"2021-10-17 19:30:00";-1
"2021-10-17 20:00:00";-1
"2021-10-17 20:30:00";1
"2021-10-17 21:00:00";2
"2021-10-17 21:30:00";1
"2021-10-17 22:00:00";2
"2021-10-17 22:30:00";2
"2021-10-17 23:00:00";3
"2021-10-17 23:30:00";2
"2021-10-18 00:00:00";1
"2021-10-18 00:30:00";1
"2021-10-18 01:00:00";2
"2021-10-18 01:30:00";1
"2021-10-18 02:00:00";1
"2021-10-18 03:00:00";1
"2021-10-18 04:00:00";0
"2021-10-18 04:30:00";0
"2021-10-18 05:00:00";1
"2021-10-18 05:30:00";-1
"2021-10-18 06:00:00";1
"2021-10-18 06:30:00";0
"2021-10-18 07:00:00";1
"2021-10-18 07:30:00";-1
"2021-10-18 08:00:00";-1
"2021-10-18 08:30:00";-2
"2021-10-18 09:00:00";-1
"2021-10-18 10:00:00";-1
"2021-10-18 10:30:00";-1
"2021-10-18 11:00:00";1
"2021-10-18 11:30:00";0
"2021-10-18 12:00:00";-3
"2021-10-18 12:30:00";-5
"2021-10-18 13:00:00";-4
"2021-10-18 13:30:00";-6
"2021-10-18 14:00:00";-5
"2021-10-18 14:30:00";-4
"2021-10-18 15:00:00";-5
"2021-10-18 15:30:00";-4
"2021-10-18 16:00:00";-6
"2021-10-18 16:30:00";-5
"2021-10-18 17:00:00";-1
"2021-10-18 17:30:00";-2
"2021-10-18 18:00:00";-2
"2021-10-18 18:30:00";-2
"2021-10-18 19:00:00";-1
"2021-10-18 19:30:00";-2
"2021-10-18 20:00:00";-1
"2021-10-18 20:30:00";0
"2021-10-18 21:00:00";1
"2021-10-18 21:30:00";1
"2021-10-18 22:00:00";1
"2021-10-18 22:30:00";1
"2021-10-18 23:00:00";1
"2021-10-18 23:30:00";1
"2021-10-19 00:00:00";0
"2021-10-19 00:30:00";1
"2021-10-19 01:00:00";0
"2021-10-19 01:30:00";-1
"2021-10-19 02:00:00";0
"2021-10-19 03:30:00";-1
"2021-10-19 04:30:00";0
"2021-10-19 05:00:00";0
"2021-10-19 05:30:00";0
"2021-10-19 06:00:00";-1
"2021-10-19 06:30:00";0
"2021-10-19 07:00:00";0
"2021-10-19 07:30:00";0
"2021-10-19 08:00:00";-1
"2021-10-19 08:30:00";0
"2021-10-19 09:00:00";-1
"2021-10-19 09:30:00";-1
"2021-10-19 10:00:00";1
"2021-10-19 10:30:00";0
"2021-10-19 11:00:00";1
"2021-10-19 11:30:00";1
"2021-10-19 12:00:00";0
"2021-10-19 12:30:00";0
"2021-10-19 13:00:00";-1
"2021-10-19 13:30:00";-1
"2021-10-19 14:00:00";-3
"2021-10-19 14:30:00";-3
"2021-10-19 15:00:00";-2
"2021-10-19 15:30:00";-1
"2021-10-19 16:30:00";-1
"2021-10-19 17:00:00";-1
"2021-10-19 17:30:00";-2
"2021-10-19 18:00:00";-2
"2021-10-19 18:30:00";-2
"2021-10-19 19:00:00";-1
"2021-10-19 19:30:00";-2
"2021-10-19 20:00:00";-1
"2021-10-19 20:30:00";-1
"2021-10-19 21:00:00";-1
"2021-10-19 21:30:00";-2
"2021-10-19 22:00:00";-1
"2021-10-19 22:30:00";-2
"2021-10-19 23:00:00";-2
"2021-10-19 23:30:00";-2
"2021-10-20 00:00:00";-2
"2021-10-20 00:30:00";-1
"2021-10-20 01:00:00";-1
"2021-10-20 01:30:00";-3
"2021-10-20 02:00:00";-1
"2021-10-20 03:00:00";-2
"2021-10-20 04:00:00";-1
"2021-10-20 04:30:00";-2
"2021-10-20 05:00:00";-3
"2021-10-20 05:30:00";-2
"2021-10-20 06:00:00";-2
"2021-10-20 06:30:00";-2
"2021-10-20 07:00:00";-2
"2021-10-20 07:30:00";-4
"2021-10-20 08:00:00";-1
"2021-10-20 08:30:00";-2
"2021-10-20 09:00:00";-2
"2021-10-20 09:30:00";-2
"2021-10-20 10:00:00";-2
"2021-10-20 10:30:00";-2
"2021-10-20 11:00:00";-2
"2021-10-20 11:30:00";-2
"2021-10-20 12:00:00";-5
"2021-10-20 13:00:00";-5
"2021-10-20 13:30:00";-4
"2021-10-20 14:00:00";-4
"2021-10-20 14:30:00";-3
"2021-10-20 15:00:00";-3
"2021-10-20 16:00:00";-1
"2021-10-20 16:30:00";-3
"2021-10-20 17:00:00";-2
"2021-10-20 17:30:00";-2
"2021-10-20 18:00:00";-2
"2021-10-20 18:30:00";-3
"2021-10-20 19:00:00";-3
"2021-10-20 19:30:00";-1
"2021-10-20 20:00:00";-2
"2021-10-20 20:30:00";-2
"2021-10-20 21:00:00";-1
"2021-10-20 21:30:00";0
"2021-10-20 22:00:00";-1
"2021-10-20 22:30:00";0
"2021-10-20 23:00:00";0
"2021-10-20 23:30:00";0
"2021-10-21 00:00:00";-1
"2021-10-21 00:30:00";-1
"2021-10-21 01:00:00";0
"2021-10-21 01:30:00";0
"2021-10-21 02:00:00";-1
"2021-10-21 03:30:00";0
"2021-10-21 04:00:00";0
"2021-10-21 04:30:00";-1
"2021-10-21 05:00:00";-2
"2021-10-21 05:30:00";0
"2021-10-21 06:00:00";-1
"2021-10-21 06:30:00";-2
"2021-10-21 07:00:00";0
"2021-10-21 07:30:00";-1
"2021-10-21 08:00:00";-1
"2021-10-21 08:30:00";0
"2021-10-21 09:00:00";-2
"2021-10-21 09:30:00";-1
"2021-10-21 10:00:00";0
"2021-10-21 10:30:00";0
"2021-10-21 11:00:00";1
"2021-10-21 11:30:00";-1
"2021-10-21 12:00:00";0
"2021-10-21 12:30:00";0
"2021-10-21 13:00:00";0
"2021-10-21 13:30:00";-2
"2021-10-21 14:00:00";-2
"2021-10-21 14:30:00";-2
"2021-10-21 15:00:00";-3
"2021-10-21 15:30:00";-2
"2021-10-21 16:00:00";-2
"2021-10-21 16:30:00";0
"2021-10-21 17:00:00";-1
"2021-10-21 17:30:00";0
"2021-10-21 18:00:00";-1
"2021-10-21 18:30:00";-2
"2021-10-21 19:00:00";-2
"2021-10-21 19:30:00";-2
"2021-10-21 20:00:00";-1
"2021-10-21 20:30:00";-1
"2021-10-21 21:00:00";-1
"2021-10-21 21:30:00";0
"2021-10-21 22:00:00";0
"2021-10-21 22:30:00";-1
"2021-10-21 23:00:00";-2
"2021-10-21 23:30:00";-2
"2021-10-22 00:00:00";-1
"2021-10-22 00:30:00";-1
"2021-10-22 01:00:00";-2
"2021-10-22 01:30:00";-1
"2021-10-22 02:00:00";-1
"2021-10-22 03:00:00";-1
"2021-10-22 03:30:00";-2
"2021-10-22 04:00:00";-2
"2021-10-22 04:30:00";-2
"2021-10-22 05:00:00";-3
"2021-10-22 05:30:00";-2
"2021-10-22 06:00:00";-2
"2021-10-22 06:30:00";-3
"2021-10-22 07:00:00";-4
"2021-10-22 07:30:00";-2
"2021-10-22 08:00:00";-3
"2021-10-22 08:30:00";-4
"2021-10-22 09:00:00";-2
"2021-10-22 09:30:00";-2
"2021-10-22 10:00:00";-2
"2021-10-22 10:30:00";-3
"2021-10-22 11:00:00";-2
"2021-10-22 11:30:00";-4
"2021-10-22 12:00:00";-5
"2021-10-22 12:30:00";-7
"2021-10-22 13:00:00";-8
"2021-10-22 13:30:00";-5
"2021-10-22 14:00:00";-6
"2021-10-22 14:30:00";-6
"2021-10-22 15:00:00";-5
"2021-10-22 15:30:00";-7
"2021-10-22 16:00:00";-6
"2021-10-22 16:30:00";-4
"2021-10-22 17:00:00";-2
"2021-10-22 17:30:00";-5
"2021-10-22 18:00:00";-4
"2021-10-22 18:30:00";-3
"2021-10-22 19:00:00";-3
"2021-10-22 19:30:00";-4
"2021-10-22 20:00:00";-4
"2021-10-22 20:30:00";-3
"2021-10-22 21:00:00";-4
"2021-10-22 21:30:00";-3
"2021-10-22 22:00:00";-2
"2021-10-22 22:30:00";-2
"2021-10-22 23:00:00";-5
"2021-10-22 23:30:00";-3
"2021-10-23 00:00:00";-3
"2021-10-23 00:30:00";-2
"2021-10-23 01:00:00";-4
"2021-10-23 04:00:00";-3
"2021-10-23 04:30:00";-3
"2021-10-23 05:00:00";-3
"2021-10-23 05:30:00";-4
"2021-10-23 06:00:00";-3
"2021-10-23 06:30:00";-2
"2021-10-23 07:00:00";-3
"2021-10-23 07:30:00";-3
"2021-10-23 08:00:00";-3
"2021-10-23 08:30:00";-3
"2021-10-23 09:00:00";-4
"2021-10-23 09:30:00";-4
"2021-10-23 10:00:00";-3
"2021-10-23 10:30:00";-3
"2021-10-23 11:00:00";-2
"2021-10-23 11:30:00";-4
"2021-10-23 12:00:00";-6
"2021-10-23 12:30:00";-7
"2021-10-23 13:00:00";-7
"2021-10-23 13:30:00";-8
"2021-10-23 14:00:00";-5
"2021-10-23 14:30:00";-6
"2021-10-23 15:00:00";-6
"2021-10-23 15:30:00";-5
"2021-10-23 16:00:00";-5
"2021-10-23 16:30:00";-4
"2021-10-23 17:00:00";-4
"2021-10-23 17:30:00";-4
"2021-10-23 18:00:00";-4
"2021-10-23 18:30:00";-6
"2021-10-23 19:00:00";-7
"2021-10-23 19:30:00";-6
"2021-10-23 20:00:00";-4
"2021-10-23 20:30:00";-3
"2021-10-23 21:00:00";-4
"2021-10-23 21:30:00";-4
"2021-10-23 22:00:00";-4
"2021-10-23 22:30:00";-3
"2021-10-23 23:00:00";-4
"2021-10-23 23:30:00";-3
"2021-10-24 00:00:00";-3
"2021-10-24 00:30:00";-2
"2021-10-24 01:30:00";-4
"2021-10-24 02:00:00";-3
"2021-10-24 03:00:00";-4
"2021-10-24 03:30:00";-4
"2021-10-24 04:00:00";-5
"2021-10-24 04:30:00";-4
"2021-10-24 05:00:00";-3
"2021-10-24 05:30:00";-4
"2021-10-24 06:00:00";-3
"2021-10-24 06:30:00";-4
"2021-10-24 07:00:00";-3
"2021-10-24 07:30:00";-5
"2021-10-24 08:00:00";-2
"2021-10-24 08:30:00";-3
"2021-10-24 09:00:00";-3
"2021-10-24 09:30:00";-3
"2021-10-24 10:00:00";-4
"2021-10-24 10:30:00";-5
"2021-10-24 11:00:00";-3
"2021-10-24 11:30:00";-4
"2021-10-24 12:00:00";-6
"2021-10-24 12:30:00";-6
"2021-10-24 13:00:00";-7
"2021-10-24 13:30:00";-7
"2021-10-24 14:00:00";-7
"2021-10-24 14:30:00";-6
"2021-10-24 15:00:00";-8
"2021-10-24 15:30:00";-9
"2021-10-24 16:00:00";-9
"2021-10-24 16:30:00";-7
"2021-10-24 17:00:00";-6
"2021-10-24 17:30:00";-6
"2021-10-24 18:00:00";-6
"2021-10-24 18:30:00";-5
"2021-10-24 19:00:00";-5
"2021-10-24 19:30:00";-5
"2021-10-24 20:00:00";-6
"2021-10-24 20:30:00";-4
"2021-10-24 21:00:00";-3
"2021-10-24 21:30:00";-5
"2021-10-24 22:00:00";-4
"2021-10-24 22:30:00";-4
"2021-10-24 23:00:00";-4
"2021-10-24 23:30:00";-3
"2021-10-25 00:00:00";-3
"2021-10-25 00:30:00";-2
"2021-10-25 01:00:00";-4
"2021-10-25 01:30:00";-4
"2021-10-25 02:00:00";-3
"2021-10-25 03:00:00";-4
"2021-10-25 03:30:00";-4
"2021-10-25 04:00:00";-4
"2021-10-25 04:30:00";-6
"2021-10-25 05:00:00";-4
"2021-10-25 05:30:00";-4
"2021-10-25 06:00:00";-5
"2021-10-25 06:30:00";-5
"2021-10-25 07:00:00";-4
"2021-10-25 07:30:00";-5
"2021-10-25 08:00:00";-5
"2021-10-25 08:30:00";-5
"2021-10-25 09:00:00";-5
"2021-10-25 09:30:00";-4
"2021-10-25 10:00:00";-5
"2021-10-25 10:30:00";-5
"2021-10-25 11:00:00";-5
"2021-10-25 11:30:00";-4
"2021-10-25 12:00:00";-5
"2021-10-25 12:30:00";-7
"2021-10-25 13:00:00";-9
"2021-10-25 13:30:00";-9
"2021-10-25 14:00:00";-8
"2021-10-25 14:30:00";-7
"2021-10-25 15:00:00";-7
"2021-10-25 15:30:00";-8
"2021-10-25 16:00:00";-8
"2021-10-25 16:30:00";-6
"2021-10-25 17:00:00";-6
"2021-10-25 17:30:00";-5
"2021-10-25 18:00:00";-6
"2021-10-25 18:30:00";-6
"2021-10-25 19:00:00";-7
"2021-10-25 19:30:00";-6
"2021-10-25 20:00:00";-6
"2021-10-25 20:30:00";-5
"2021-10-25 21:00:00";-6
"2021-10-25 21:30:00";-5
"2021-10-25 22:00:00";-5
"2021-10-25 22:30:00";-4
"2021-10-25 23:00:00";-4
"2021-10-25 23:30:00";-5
"2021-10-26 00:00:00";-5
"2021-10-26 00:30:00";-4
"2021-10-26 01:00:00";-5
"2021-10-26 01:30:00";-6
"2021-10-26 02:00:00";-5
"2021-10-26 03:00:00";-6
"2021-10-26 03:30:00";-7
"2021-10-26 04:00:00";-5
"2021-10-26 04:30:00";-5
"2021-10-26 05:00:00";-5
"2021-10-26 05:30:00";-7
"2021-10-26 06:00:00";-5
"2021-10-26 06:30:00";-5
"2021-10-26 07:00:00";-5
"2021-10-26 07:30:00";-5
"2021-10-26 08:00:00";-7
"2021-10-26 08:30:00";-5
"2021-10-26 09:30:00";-6
"2021-10-26 10:30:00";-5
"2021-10-26 11:00:00";-6
"2021-10-26 11:30:00";-6
"2021-10-26 12:00:00";-6
"2021-10-26 12:30:00";-9
"2021-10-26 13:00:00";-11
"2021-10-26 13:30:00";-10
"2021-10-26 14:00:00";-10
"2021-10-26 14:30:00";-10
"2021-10-26 15:00:00";-10
"2021-10-26 15:30:00";-11
"2021-10-26 16:00:00";-11
"2021-10-26 16:30:00";-9
"2021-10-26 17:00:00";-7
"2021-10-26 17:30:00";-7
"2021-10-26 18:00:00";-8
"2021-10-26 18:30:00";-6
"2021-10-26 19:00:00";-6
"2021-10-26 19:30:00";-6
"2021-10-26 20:00:00";-7
"2021-10-26 20:30:00";-6
"2021-10-26 21:00:00";-5
"2021-10-26 21:30:00";-5
"2021-10-26 22:00:00";-5
"2021-10-26 22:30:00";-6
"2021-10-26 23:00:00";-5
"2021-10-26 23:30:00";-4
"2021-10-27 00:00:00";-5
"2021-10-27 00:30:00";-5
"2021-10-27 01:00:00";-5
"2021-10-27 01:30:00";-5
"2021-10-27 02:00:00";-6
"2021-10-27 03:00:00";-6
"2021-10-27 03:30:00";-6
"2021-10-27 04:30:00";-7
"2021-10-27 05:00:00";-5
"2021-10-27 05:30:00";-4
"2021-10-27 06:00:00";-5
"2021-10-27 06:30:00";-5
"2021-10-27 07:00:00";-6
"2021-10-27 07:30:00";-6
"2021-10-27 08:00:00";-5
"2021-10-27 08:30:00";-5
"2021-10-27 09:00:00";-6
"2021-10-27 09:30:00";-5
"2021-10-27 10:00:00";-5
"2021-10-27 10:30:00";-4
"2021-10-27 11:00:00";-4
"2021-10-27 11:30:00";-6
"2021-10-27 12:00:00";-7
"2021-10-27 12:30:00";-10
"2021-10-27 13:00:00";-9
"2021-10-27 13:30:00";-9
"2021-10-27 14:00:00";-10
"2021-10-27 14:30:00";-8
"2021-10-27 15:00:00";-9
"2021-10-27 15:30:00";-9
"2021-10-27 16:00:00";-8
"2021-10-27 16:30:00";-8
"2021-10-27 17:00:00";-6
"2021-10-27 17:30:00";-6
"2021-10-27 18:00:00";-7
"2021-10-27 18:30:00";-7
"2021-10-27 19:00:00";-7
"2021-10-27 20:00:00";-7
"2021-10-27 20:30:00";-7
"2021-10-27 21:00:00";-6
"2021-10-27 21:30:00";-6
"2021-10-27 22:00:00";-5
"2021-10-27 22:30:00";-5
"2021-10-27 23:00:00";-6
"2021-10-27 23:30:00";-5
"2021-10-28 00:00:00";-5
"2021-10-28 00:30:00";-6
"2021-10-28 01:00:00";-4
"2021-10-28 01:30:00";-6
"2021-10-28 02:00:00";-7
"2021-10-28 03:00:00";-5
"2021-10-28 03:30:00";-6
"2021-10-28 04:00:00";-5
"2021-10-28 04:30:00";-6
"2021-10-28 05:00:00";-6
"2021-10-28 05:30:00";-5
"2021-10-28 06:00:00";-4
"2021-10-28 06:30:00";-6
"2021-10-28 07:00:00";-5
"2021-10-28 07:30:00";-6
"2021-10-28 08:00:00";-6
"2021-10-28 08:30:00";-6
"2021-10-28 09:00:00";-7
"2021-10-28 09:30:00";-7
"2021-10-28 10:00:00";-6
"2021-10-28 10:30:00";-5
"2021-10-28 11:00:00";-5
"2021-10-28 11:30:00";-7
"2021-10-28 12:00:00";-9
"2021-10-28 12:30:00";-12
"2021-10-28 13:00:00";-13
"2021-10-28 13:30:00";-12
"2021-10-28 14:00:00";-11
"2021-10-28 14:30:00";-13
"2021-10-28 15:00:00";-13
"2021-10-28 15:30:00";-10
"2021-10-28 16:00:00";-13
"2021-10-28 16:30:00";-11
"2021-10-28 17:00:00";-10
"2021-10-28 17:30:00";-9
"2021-10-28 18:00:00";-8
"2021-10-28 18:30:00";-8
"2021-10-28 19:00:00";-8
"2021-10-28 19:30:00";-7
"2021-10-28 20:00:00";-7
"2021-10-28 20:30:00";-6
"2021-10-28 21:00:00";-7
"2021-10-28 21:30:00";-6
"2021-10-28 22:00:00";-5
"2021-10-28 22:30:00";-6
"2021-10-28 23:00:00";-6
"2021-10-28 23:30:00";-6
"2021-10-29 00:00:00";-5
"2021-10-29 00:30:00";-6
"2021-10-29 01:00:00";-5
"2021-10-29 01:30:00";-6
"2021-10-29 02:00:00";-7
"2021-10-29 03:00:00";-5
"2021-10-29 04:00:00";-6
"2021-10-29 04:30:00";-6
"2021-10-29 05:00:00";-6
"2021-10-29 05:30:00";-7
"2021-10-29 06:00:00";-7
"2021-10-29 06:30:00";-5
"2021-10-29 07:00:00";-5
"2021-10-29 07:30:00";-7
"2021-10-29 08:00:00";-7
"2021-10-29 08:30:00";-7
"2021-10-29 09:00:00";-8
"2021-10-29 09:30:00";-6
"2021-10-29 10:00:00";-6
"2021-10-29 10:30:00";-5
"2021-10-29 11:00:00";-5
"2021-10-29 11:30:00";-4
"2021-10-29 12:00:00";-5
"2021-10-29 12:30:00";-6
"2021-10-29 13:00:00";-6
"2021-10-29 13:30:00";-5
"2021-10-29 14:00:00";-7
"2021-10-29 14:30:00";-7
"2021-10-29 15:00:00";-7
"2021-10-29 15:30:00";-7
"2021-10-29 16:00:00";-7
"2021-10-29 16:30:00";-7
"2021-10-29 17:00:00";-7
"2021-10-29 17:30:00";-8
"2021-10-29 18:00:00";-6
"2021-10-29 18:30:00";-7
"2021-10-29 19:00:00";-7
"2021-10-29 19:30:00";-6
"2021-10-29 20:00:00";-7
"2021-10-29 20:30:00";-7
"2021-10-29 21:00:00";-6
"2021-10-29 21:30:00";-6
"2021-10-29 22:00:00";-6
"2021-10-29 22:30:00";-7
"2021-10-29 23:00:00";-7
"2021-10-29 23:30:00";-6
"2021-10-30 00:30:00";-6
"2021-10-30 01:00:00";-6
"2021-10-30 04:00:00";-6
"2021-10-30 04:30:00";-7
"2021-10-30 05:00:00";-6
"2021-10-30 05:30:00";-7
"2021-10-30 06:00:00";-7
"2021-10-30 06:30:00";-7
"2021-10-30 07:00:00";-6
"2021-10-30 07:30:00";-6
"2021-10-30 08:00:00";-7
"2021-10-30 08:30:00";-7
"2021-10-30 09:00:00";-8
"2021-10-30 09:30:00";-7
"2021-10-30 10:00:00";-6
"2021-10-30 10:30:00";-6
"2021-10-30 11:00:00";-6
"2021-10-30 11:30:00";-6
"2021-10-30 12:00:00";-7
"2021-10-30 12:30:00";-7
"2021-10-30 13:00:00";-7
"2021-10-30 13:30:00";-6
"2021-10-30 14:00:00";-6
"2021-10-30 14:30:00";-7
"2021-10-30 15:00:00";-7
"2021-10-30 15:30:00";-6
"2021-10-30 16:00:00";-6
"2021-10-30 16:30:00";-6
"2021-10-30 17:00:00";-6
"2021-10-30 17:30:00";-7
"2021-10-30 18:00:00";-7
"2021-10-30 18:30:00";-5
"2021-10-30 19:00:00";-5
"2021-10-30 19:30:00";-6
"2021-10-30 20:00:00";-5
"2021-10-30 20:30:00";-4
"2021-10-30 21:00:00";-4
"2021-10-30 21:30:00";-5
"2021-10-30 22:00:00";-5
"2021-10-30 22:30:00";-5
"2021-10-30 23:00:00";-6
"2021-10-30 23:30:00";-6
"2021-10-31 00:00:00";-5
"2021-10-31 00:30:00";-5
"2021-10-31 01:00:00";-5
"2021-10-31 01:30:00";-5
"2021-10-31 02:00:00";-6
"2021-10-31 02:00:00";-5
"2021-10-31 02:30:00";-5
"2021-10-31 03:00:00";-5
"2021-10-31 03:30:00";-5
"2021-10-31 04:00:00";-5
"2021-10-31 04:30:00";-5
"2021-10-31 05:00:00";-6
"2021-10-31 05:30:00";-6
"2021-10-31 06:00:00";-5
"2021-10-31 06:30:00";-5
"2021-10-31 07:00:00";-6
"2021-10-31 07:30:00";-5
"2021-10-31 08:00:00";-5
"2021-10-31 08:30:00";-6
"2021-10-31 09:00:00";-5
"2021-10-31 09:30:00";-5
"2021-10-31 10:00:00";-6
"2021-10-31 10:30:00";-5
"2021-10-31 11:00:00";-5
"2021-10-31 11:30:00";-5
"2021-10-31 12:00:00";-5
"2021-10-31 12:30:00";-7
"2021-10-31 13:00:00";-6
"2021-10-31 13:30:00";-5
"2021-10-31 14:00:00";-5
"2021-10-31 14:30:00";-6
"2021-10-31 15:00:00";-6
"2021-10-31 15:30:00";-5
"2021-10-31 16:00:00";-5
"2021-10-31 16:30:00";-5
"2021-10-31 17:00:00";-5
"2021-10-31 17:30:00";-4
"2021-10-31 18:00:00";-5
"2021-10-31 18:30:00";-5
"2021-10-31 19:00:00";-5
"2021-10-31 19:30:00";-4
"2021-10-31 20:00:00";-4
"2021-10-31 20:30:00";-5
"2021-10-31 21:00:00";-4
"2021-10-31 21:30:00";-4
"2021-10-31 22:00:00";-4
"2021-10-31 22:30:00";-3
"2021-10-31 23:00:00";-4
"2021-10-31 23:30:00";-4
"2021-11-01 00:00:00";-4
"2021-11-01 01:00:00";-4
"2021-11-01 01:30:00";-3
"2021-11-01 02:30:00";-5
"2021-11-01 03:00:00";-4
"2021-11-01 03:30:00";-3
"2021-11-01 04:00:00";-4
"2021-11-01 04:30:00";-4
"2021-11-01 05:00:00";-4
"2021-11-01 05:30:00";-4
"2021-11-01 06:30:00";-4
"2021-11-01 07:00:00";-4
"2021-11-01 07:30:00";-3
"2021-11-01 08:00:00";-3
"2021-11-01 08:30:00";-3
"2021-11-01 09:00:00";-1
"2021-11-01 09:30:00";-1
"2021-11-01 10:00:00";-1
"2021-11-01 10:30:00";1
"2021-11-01 11:00:00";0
"2021-11-01 11:30:00";2
"2021-11-01 12:00:00";3
"2021-11-01 12:30:00";5
"2021-11-01 13:00:00";6
"2021-11-01 13:30:00";7
"2021-11-01 14:00:00";9
"2021-11-01 14:30:00";9
"2021-11-01 15:00:00";9
"2021-11-01 15:30:00";8
"2021-11-01 16:00:00";7
"2021-11-01 16:30:00";7
"2021-11-01 17:00:00";7
"2021-11-01 17:30:00";5
"2021-11-01 18:00:00";5
"2021-11-01 18:30:00";4
"2021-11-01 19:00:00";4
"2021-11-01 19:30:00";4
"2021-11-01 20:00:00";4
"2021-11-01 20:30:00";4
"2021-11-01 21:00:00";3
"2021-11-01 21:30:00";3
"2021-11-01 22:00:00";2
"2021-11-01 22:30:00";3
"2021-11-01 23:00:00";1
"2021-11-02 00:00:00";2
"2021-11-02 01:30:00";0
"2021-11-02 02:00:00";1
"2021-11-02 02:30:00";0
"2021-11-02 03:00:00";0
"2021-11-02 03:30:00";0
"2021-11-02 04:00:00";0
"2021-11-02 04:30:00";0
"2021-11-02 05:00:00";-1
"2021-11-02 05:30:00";-2
"2021-11-02 06:00:00";-1
"2021-11-02 06:30:00";-2
"2021-11-02 07:00:00";-1
"2021-11-02 07:30:00";1
"2021-11-02 08:00:00";-1
"2021-11-02 08:30:00";-1
"2021-11-02 09:00:00";-2
"2021-11-02 09:30:00";-1
"2021-11-02 10:00:00";-3
"2021-11-02 10:30:00";-5
"2021-11-02 11:00:00";-7
"2021-11-02 11:30:00";-5
"2021-11-02 12:00:00";-7
"2021-11-02 12:30:00";-7
"2021-11-02 13:00:00";-7
"2021-11-02 13:30:00";-7
"2021-11-02 14:00:00";-6
"2021-11-02 14:30:00";-5
"2021-11-02 15:00:00";-3
"2021-11-02 15:30:00";-5
"2021-11-02 16:00:00";-4
"2021-11-02 16:30:00";-3
"2021-11-02 17:00:00";-4
"2021-11-02 17:30:00";-3
"2021-11-02 18:00:00";-3
"2021-11-02 18:30:00";-3
"2021-11-02 19:00:00";-3
"2021-11-02 19:30:00";-2
"2021-11-02 20:00:00";-2
"2021-11-02 20:30:00";-4
"2021-11-02 21:00:00";-4
"2021-11-02 21:30:00";-2
"2021-11-02 22:00:00";-2
"2021-11-02 22:30:00";-3
"2021-11-02 23:00:00";-4
"2021-11-02 23:30:00";-3
"2021-11-03 00:00:00";-3
"2021-11-03 01:00:00";-3
"2021-11-03 01:30:00";-2
"2021-11-03 02:00:00";-3
"2021-11-03 02:30:00";-3
"2021-11-03 03:00:00";-3
"2021-11-03 03:30:00";-3
"2021-11-03 04:00:00";-4
"2021-11-03 04:30:00";-3
"2021-11-03 05:00:00";-3
"2021-11-03 05:30:00";-3
"2021-11-03 06:00:00";-3
"2021-11-03 06:30:00";-4
"2021-11-03 07:00:00";-3
"2021-11-03 07:30:00";-3
"2021-11-03 08:00:00";-3
"2021-11-03 08:30:00";-3
"2021-11-03 09:00:00";-3
"2021-11-03 09:30:00";-2
"2021-11-03 10:00:00";-2
"2021-11-03 10:30:00";-2
"2021-11-03 11:00:00";-1
"2021-11-03 11:30:00";-1
"2021-11-03 12:00:00";0
"2021-11-03 12:30:00";0
"2021-11-03 13:00:00";1
"2021-11-03 13:30:00";2
"2021-11-03 14:00:00";2
"2021-11-03 14:30:00";2
"2021-11-03 15:00:00";4
"2021-11-03 15:30:00";4
"2021-11-03 16:00:00";6
"2021-11-03 16:30:00";6
"2021-11-03 17:00:00";7
"2021-11-03 17:30:00";9
"2021-11-03 18:00:00";10
"2021-11-03 18:30:00";11
"2021-11-03 19:00:00";10
"2021-11-03 19:30:00";10
"2021-11-03 20:00:00";10
"2021-11-03 20:30:00";9
"2021-11-03 21:00:00";9
"2021-11-03 21:30:00";9
"2021-11-03 22:00:00";8
"2021-11-03 22:30:00";8
"2021-11-03 23:00:00";6
"2021-11-03 23:30:00";6
"2021-11-04 00:00:00";6
"2021-11-04 01:00:00";4
"2021-11-04 01:30:00";5
"2021-11-04 02:00:00";5
"2021-11-04 02:30:00";5
"2021-11-04 03:00:00";5
"2021-11-04 03:30:00";5
"2021-11-04 04:00:00";4
"2021-11-04 04:30:00";4
"2021-11-04 05:00:00";4
"2021-11-04 05:30:00";4
"2021-11-04 06:00:00";3
"2021-11-04 06:30:00";3
"2021-11-04 07:00:00";1
"2021-11-04 07:30:00";2
"2021-11-04 08:00:00";2
"2021-11-04 08:30:00";2
"2021-11-04 09:00:00";2
"2021-11-04 09:30:00";3
"2021-11-04 10:00:00";3
"2021-11-04 10:30:00";1
"2021-11-04 11:00:00";-2
"2021-11-04 11:30:00";-2
"2021-11-04 12:00:00";0
"2021-11-04 12:30:00";0
"2021-11-04 13:00:00";-5
"2021-11-04 13:30:00";-5
"2021-11-04 14:00:00";-2
"2021-11-04 15:00:00";0
"2021-11-04 15:30:00";0
"2021-11-04 16:00:00";0
"2021-11-04 16:30:00";-2
"2021-11-04 17:00:00";-1
"2021-11-04 17:30:00";-1
"2021-11-04 18:00:00";-1
"2021-11-04 18:30:00";-1
"2021-11-04 19:00:00";-1
"2021-11-04 19:30:00";-1
"2021-11-04 20:00:00";-2
"2021-11-04 20:30:00";-2
"2021-11-04 21:00:00";-1
"2021-11-04 21:30:00";-1
"2021-11-04 22:00:00";-1
"2021-11-04 22:30:00";-2
"2021-11-04 23:00:00";0
"2021-11-04 23:30:00";-2
"2021-11-05 00:00:00";-2
"2021-11-05 01:00:00";-1
"2021-11-05 01:30:00";-4
"2021-11-05 02:00:00";-3
"2021-11-05 02:30:00";-3
"2021-11-05 03:00:00";-4
"2021-11-05 03:30:00";-4
"2021-11-05 04:00:00";-3
"2021-11-05 04:30:00";-4
"2021-11-05 05:00:00";-3
"2021-11-05 05:30:00";-2
"2021-11-05 06:00:00";-4
"2021-11-05 06:30:00";-4
"2021-11-05 07:00:00";-4
"2021-11-05 07:30:00";-4
"2021-11-05 08:00:00";-4
"2021-11-05 08:30:00";-4
"2021-11-05 09:00:00";-4
"2021-11-05 09:30:00";-3
"2021-11-05 10:30:00";-6
"2021-11-05 11:00:00";-9
"2021-11-05 11:30:00";-10
"2021-11-05 12:00:00";-12
"2021-11-05 12:30:00";-12
"2021-11-05 13:00:00";-11
"2021-11-05 13:30:00";-12
"2021-11-05 14:00:00";-7
"2021-11-05 14:30:00";-6
"2021-11-05 15:00:00";-5
"2021-11-05 15:30:00";-5
"2021-11-05 16:00:00";-5
"2021-11-05 16:30:00";-4
"2021-11-05 17:00:00";-5
"2021-11-05 17:30:00";-4
"2021-11-05 18:00:00";-5
"2021-11-05 18:30:00";-3
"2021-11-05 19:00:00";-5
"2021-11-05 19:30:00";-5
"2021-11-05 20:00:00";-3
"2021-11-05 20:30:00";-4
"2021-11-05 21:00:00";-2
"2021-11-05 21:30:00";-3
"2021-11-05 22:00:00";-3
"2021-11-05 22:30:00";-4
"2021-11-05 23:00:00";-4
"2021-11-05 23:30:00";-3
"2021-11-06 00:00:00";-4
"2021-11-06 01:30:00";-5
"2021-11-06 02:30:00";-4
"2021-11-06 03:00:00";-5
"2021-11-06 03:30:00";-4
"2021-11-06 04:00:00";-5
"2021-11-06 04:30:00";-6
"2021-11-06 05:00:00";-6
"2021-11-06 05:30:00";-5
"2021-11-06 06:00:00";-6
"2021-11-06 06:30:00";-7
"2021-11-06 07:00:00";-7
"2021-11-06 07:30:00";-7
"2021-11-06 08:00:00";-5
"2021-11-06 08:30:00";-6
"2021-11-06 09:00:00";-7
"2021-11-06 09:30:00";-6
"2021-11-06 10:00:00";-8
"2021-11-06 10:30:00";-9
"2021-11-06 11:00:00";-11
"2021-11-06 11:30:00";-13
"2021-11-06 12:00:00";-13
"2021-11-06 12:30:00";-14
"2021-11-06 13:00:00";-13
"2021-11-06 13:30:00";-13
"2021-11-06 14:00:00";-9
"2021-11-06 14:30:00";-7
"2021-11-06 15:00:00";-5
"2021-11-06 15:30:00";-7
"2021-11-06 16:00:00";-6
"2021-11-06 16:30:00";-6
"2021-11-06 17:00:00";-6
"2021-11-06 17:30:00";-6
"2021-11-06 18:00:00";-7
"2021-11-06 18:30:00";-5
"2021-11-06 19:00:00";-4
"2021-11-06 19:30:00";-4
"2021-11-06 20:00:00";-5
"2021-11-06 20:30:00";-6
"2021-11-06 21:00:00";-6
"2021-11-06 21:30:00";-4
"2021-11-06 22:00:00";-7
"2021-11-06 22:30:00";-6
"2021-11-06 23:00:00";-4
"2021-11-06 23:30:00";-5
"2021-11-07 00:00:00";-6
"2021-11-07 00:30:00";-7
"2021-11-07 01:00:00";-7
"2021-11-07 01:30:00";-6
"2021-11-07 02:00:00";-8
"2021-11-07 02:30:00";-5
"2021-11-07 03:00:00";-5
"2021-11-07 03:30:00";-5
"2021-11-07 04:00:00";-7
"2021-11-07 04:30:00";-5
"2021-11-07 05:00:00";-6
"2021-11-07 05:30:00";-6
"2021-11-07 06:00:00";-7
"2021-11-07 06:30:00";-5
"2021-11-07 07:00:00";-7
"2021-11-07 07:30:00";-6
"2021-11-07 08:00:00";-6
"2021-11-07 08:30:00";-7
"2021-11-07 09:00:00";-4
"2021-11-07 09:30:00";-6
"2021-11-07 10:00:00";-7
"2021-11-07 10:30:00";-9
"2021-11-07 11:00:00";-11
"2021-11-07 11:30:00";-10
"2021-11-07 12:00:00";-11
"2021-11-07 12:30:00";-12
"2021-11-07 13:00:00";-17
"2021-11-07 13:30:00";-13
"2021-11-07 14:00:00";-10
"2021-11-07 14:30:00";-5
"2021-11-07 15:00:00";-8
"2021-11-07 15:30:00";-6
"2021-11-07 16:00:00";-7
"2021-11-07 16:30:00";-6
"2021-11-07 17:00:00";-8
"2021-11-07 17:30:00";-6
"2021-11-07 18:00:00";-5
"2021-11-07 18:30:00";-6
"2021-11-07 19:00:00";-6
"2021-11-07 19:30:00";-7
"2021-11-07 20:00:00";-6
"2021-11-07 20:30:00";-5
"2021-11-07 21:00:00";-4
"2021-11-07 21:30:00";-7
"2021-11-07 22:00:00";-6
"2021-11-07 22:30:00";-7
"2021-11-07 23:00:00";-6
"2021-11-07 23:30:00";-4
"2021-11-08 00:00:00";-5
"2021-11-08 01:00:00";-5
"2021-11-08 01:30:00";-6
"2021-11-08 02:00:00";-6
"2021-11-08 02:30:00";-5
"2021-11-08 03:00:00";-5
"2021-11-08 03:30:00";-6
"2021-11-08 04:00:00";-6
"2021-11-08 04:30:00";-5
"2021-11-08 05:00:00";-5
"2021-11-08 05:30:00";-6
"2021-11-08 06:00:00";-6
"2021-11-08 06:30:00";-6
"2021-11-08 07:00:00";-6
"2021-11-08 07:30:00";-4
"2021-11-08 08:00:00";-5
"2021-11-08 08:30:00";-7
"2021-11-08 09:00:00";-4
"2021-11-08 09:30:00";-5
"2021-11-08 10:00:00";-8
"2021-11-08 10:30:00";-8
"2021-11-08 11:00:00";-11
"2021-11-08 11:30:00";-9
"2021-11-08 12:00:00";-8
"2021-11-08 12:30:00";-9
"2021-11-08 13:00:00";-8
"2021-11-08 13:30:00";-7
"2021-11-08 14:00:00";-8
"2021-11-08 14:30:00";-7
"2021-11-08 15:00:00";-8
"2021-11-08 15:30:00";-6
"2021-11-08 16:00:00";-7
"2021-11-08 16:30:00";-7
"2021-11-08 17:00:00";-7
"2021-11-08 17:30:00";-8
"2021-11-08 18:00:00";-6
"2021-11-08 18:30:00";-7
"2021-11-08 19:00:00";-5
"2021-11-08 19:30:00";-6
"2021-11-08 20:00:00";-6
"2021-11-08 20:30:00";-6
"2021-11-08 21:00:00";-6
"2021-11-08 21:30:00";-7
"2021-11-08 22:00:00";-6
"2021-11-08 22:30:00";-6
"2021-11-08 23:00:00";-6
"2021-11-08 23:30:00";-6
"2021-11-09 00:00:00";-7
"2021-11-09 01:00:00";-6
"2021-11-09 01:30:00";-7
"2021-11-09 02:00:00";-7
"2021-11-09 02:30:00";-7
"2021-11-09 03:00:00";-6
"2021-11-09 03:30:00";-6
"2021-11-09 04:00:00";-6
"2021-11-09 04:30:00";-6
"2021-11-09 05:00:00";-7
"2021-11-09 05:30:00";-8
"2021-11-09 06:00:00";-7
"2021-11-09 06:30:00";-7
"2021-11-09 07:00:00";-8
"2021-11-09 07:30:00";-8
"2021-11-09 08:00:00";-8
"2021-11-09 08:30:00";-6
"2021-11-09 09:00:00";-7
"2021-11-09 09:30:00";-6
"2021-11-09 10:00:00";-7
"2021-11-09 10:30:00";-7
"2021-11-09 11:00:00";-7
"2021-11-09 11:30:00";-7
"2021-11-09 12:00:00";-7
"2021-11-09 12:30:00";-10
"2021-11-09 13:00:00";-9
"2021-11-09 13:30:00";-10
"2021-11-09 14:00:00";-8
"2021-11-09 14:30:00";-7
"2021-11-09 15:00:00";-7
"2021-11-09 15:30:00";-6
"2021-11-09 16:00:00";-7
"2021-11-09 16:30:00";-7
"2021-11-09 17:00:00";-7
"2021-11-09 17:30:00";-4
"2021-11-09 18:00:00";-6
"2021-11-09 18:30:00";-7
"2021-11-09 19:00:00";-6
"2021-11-09 19:30:00";-6
"2021-11-09 20:00:00";-6
"2021-11-09 20:30:00";-5
"2021-11-09 21:00:00";-5
"2021-11-09 21:30:00";-6
"2021-11-09 22:00:00";-6
"2021-11-09 22:30:00";-6
"2021-11-09 23:00:00";-6
"2021-11-09 23:30:00";-5
"2021-11-10 00:00:00";-5
"2021-11-10 01:00:00";-6
"2021-11-10 01:30:00";-6
"2021-11-10 02:00:00";-6
"2021-11-10 02:30:00";-6
"2021-11-10 03:00:00";-5
"2021-11-10 03:30:00";-5
"2021-11-10 04:00:00";-5
"2021-11-10 04:30:00";-5
"2021-11-10 05:00:00";-5
"2021-11-10 05:30:00";-5
"2021-11-10 06:00:00";-6
"2021-11-10 06:30:00";-5
"2021-11-10 07:00:00";-5
"2021-11-10 07:30:00";-5
"2021-11-10 08:00:00";-4
"2021-11-10 08:30:00";-2
"2021-11-10 09:00:00";-2
"2021-11-10 09:30:00";0
"2021-11-10 10:00:00";-2
"2021-11-10 10:30:00";1
"2021-11-10 11:00:00";2
"2021-11-10 11:30:00";2
"2021-11-10 12:00:00";2
"2021-11-10 12:30:00";2
"2021-11-10 13:00:00";3
"2021-11-10 13:30:00";3
"2021-11-10 14:00:00";3
"2021-11-10 14:30:00";2
"2021-11-10 15:00:00";2
"2021-11-10 15:30:00";3
"2021-11-10 16:00:00";2
"2021-11-10 16:30:00";2
"2021-11-10 17:00:00";2
"2021-11-10 17:30:00";2
"2021-11-10 18:00:00";4
"2021-11-10 18:30:00";2
"2021-11-10 19:00:00";4
"2021-11-10 19:30:00";3
"2021-11-10 20:00:00";2
"2021-11-10 20:30:00";3
"2021-11-10 21:00:00";4
"2021-11-10 21:30:00";3
"2021-11-10 22:00:00";0
"2021-11-10 22:30:00";2
"2021-11-10 23:00:00";2
"2021-11-10 23:30:00";2
"2021-11-11 00:00:00";1
"2021-11-11 01:00:00";2
"2021-11-11 01:30:00";3
"2021-11-11 02:00:00";2
"2021-11-11 02:30:00";2
"2021-11-11 03:00:00";2
"2021-11-11 03:30:00";3
"2021-11-11 04:00:00";4
"2021-11-11 04:30:00";5
"2021-11-11 05:00:00";5
"2021-11-11 05:30:00";7
"2021-11-11 06:00:00";8
"2021-11-11 06:30:00";9
"2021-11-11 07:00:00";10
"2021-11-11 07:30:00";12
"2021-11-11 08:00:00";12
"2021-11-11 08:30:00";12
"2021-11-11 09:00:00";13
"2021-11-11 09:30:00";14
"2021-11-11 10:00:00";13
"2021-11-11 10:30:00";14
"2021-11-11 11:00:00";13
"2021-11-11 11:30:00";8
"2021-11-11 12:00:00";6
"2021-11-11 12:30:00";5
"2021-11-11 13:00:00";5
"2021-11-11 13:30:00";7
"2021-11-11 14:00:00";10
"2021-11-11 14:30:00";10
"2021-11-11 15:00:00";9
"2021-11-11 15:30:00";11
"2021-11-11 16:00:00";10
"2021-11-11 16:30:00";10
"2021-11-11 17:00:00";10
"2021-11-11 17:30:00";10
"2021-11-11 18:00:00";10
"2021-11-11 18:30:00";9
"2021-11-11 19:00:00";9
"2021-11-11 19:30:00";11
"2021-11-11 20:00:00";10
"2021-11-11 20:30:00";11
"2021-11-11 21:00:00";10
"2021-11-11 21:30:00";11
"2021-11-11 22:00:00";11
"2021-11-11 22:30:00";12
"2021-11-11 23:00:00";11
"2021-11-11 23:30:00";11
"2021-11-12 00:00:00";9
"2021-11-12 01:00:00";9
"2021-11-12 01:30:00";8
"2021-11-12 02:00:00";10
"2021-11-12 02:30:00";10
"2021-11-12 03:00:00";9
"2021-11-12 03:30:00";8
"2021-11-12 04:00:00";10
"2021-11-12 04:30:00";8
"2021-11-12 05:00:00";8
"2021-11-12 05:30:00";9
"2021-11-12 06:00:00";9
"2021-11-12 06:30:00";7
"2021-11-12 07:00:00";7
"2021-11-12 07:30:00";6
"2021-11-12 08:00:00";8
"2021-11-12 08:30:00";9
"2021-11-12 09:00:00";6
"2021-11-12 09:30:00";7
"2021-11-12 10:00:00";7
"2021-11-12 10:30:00";7
"2021-11-12 11:00:00";8
"2021-11-12 11:30:00";5
"2021-11-12 12:00:00";4
"2021-11-12 12:30:00";2
"2021-11-12 13:00:00";2
"2021-11-12 13:30:00";3
"2021-11-12 14:00:00";3
"2021-11-12 14:30:00";5
"2021-11-12 15:00:00";4
"2021-11-12 15:30:00";3
"2021-11-12 16:00:00";5
"2021-11-12 16:30:00";5
"2021-11-12 17:00:00";4
"2021-11-12 17:30:00";4
"2021-11-12 18:00:00";5
"2021-11-12 18:30:00";4
"2021-11-12 19:00:00";5
"2021-11-12 19:30:00";4
"2021-11-12 20:00:00";4
"2021-11-12 20:30:00";4
"2021-11-12 21:00:00";4
"2021-11-12 21:30:00";4
"2021-11-12 22:00:00";5
"2021-11-12 22:30:00";3
"2021-11-12 23:00:00";4
"2021-11-12 23:30:00";4
"2021-11-13 00:00:00";3
"2021-11-13 02:00:00";3
"2021-11-13 02:30:00";5
"2021-11-13 03:00:00";3
"2021-11-13 03:30:00";3
"2021-11-13 04:00:00";3
"2021-11-13 04:30:00";3
"2021-11-13 05:00:00";4
"2021-11-13 05:30:00";4
"2021-11-13 06:00:00";3
"2021-11-13 06:30:00";4
"2021-11-13 07:00:00";3
"2021-11-13 07:30:00";3
"2021-11-13 08:00:00";3
"2021-11-13 08:30:00";2
"2021-11-13 09:00:00";2
"2021-11-13 09:30:00";3
"2021-11-13 10:00:00";2
"2021-11-13 10:30:00";4
"2021-11-13 11:00:00";4
"2021-11-13 11:30:00";3
"2021-11-13 12:00:00";3
"2021-11-13 12:30:00";4
"2021-11-13 13:00:00";3
"2021-11-13 13:30:00";2
"2021-11-13 14:00:00";3
"2021-11-13 14:30:00";3
"2021-11-13 15:00:00";1
"2021-11-13 15:30:00";1
"2021-11-13 16:00:00";2
"2021-11-13 16:30:00";2
"2021-11-13 17:00:00";4
"2021-11-13 17:30:00";3
"2021-11-13 18:00:00";3
"2021-11-13 18:30:00";4
"2021-11-13 19:00:00";4
"2021-11-13 19:30:00";4
"2021-11-13 20:00:00";5
"2021-11-13 20:30:00";7
"2021-11-13 21:00:00";4
"2021-11-13 21:30:00";5
"2021-11-13 22:00:00";5
"2021-11-13 22:30:00";5
"2021-11-13 23:00:00";5
"2021-11-13 23:30:00";5
"2021-11-14 00:00:00";4
"2021-11-14 01:00:00";4
"2021-11-14 01:30:00";4
"2021-11-14 02:00:00";4
"2021-11-14 02:30:00";4
"2021-11-14 03:00:00";5
"2021-11-14 03:30:00";4
"2021-11-14 04:00:00";6
"2021-11-14 04:30:00";5
"2021-11-14 05:00:00";5
"2021-11-14 05:30:00";5
"2021-11-14 06:00:00";5
"2021-11-14 06:30:00";5
"2021-11-14 07:00:00";5
"2021-11-14 07:30:00";4
"2021-11-14 08:00:00";4
"2021-11-14 08:30:00";4
"2021-11-14 09:00:00";5
"2021-11-14 09:30:00";4
"2021-11-14 10:00:00";2
"2021-11-14 10:30:00";4
"2021-11-14 11:00:00";3
"2021-11-14 11:30:00";1
"2021-11-14 12:00:00";0
"2021-11-14 12:30:00";2
"2021-11-14 13:00:00";2
"2021-11-14 13:30:00";3
"2021-11-14 14:00:00";3
"2021-11-14 14:30:00";3
"2021-11-14 15:00:00";3
"2021-11-14 15:30:00";3
"2021-11-14 16:00:00";4
"2021-11-14 16:30:00";3
"2021-11-14 17:00:00";4
"2021-11-14 17:30:00";3
"2021-11-14 18:00:00";3
"2021-11-14 18:30:00";4
"2021-11-14 19:00:00";4
"2021-11-14 19:30:00";6
"2021-11-14 20:00:00";6
"2021-11-14 20:30:00";7
"2021-11-14 21:00:00";8
"2021-11-14 21:30:00";9
"2021-11-14 22:00:00";10
"2021-11-14 22:30:00";11
"2021-11-14 23:00:00";12
"2021-11-14 23:30:00";11
"2021-11-15 00:00:00";12
"2021-11-15 01:00:00";15
"2021-11-15 01:30:00";16
"2021-11-15 02:00:00";17
"2021-11-15 02:30:00";17
"2021-11-15 03:00:00";19
"2021-11-15 03:30:00";18
"2021-11-15 04:00:00";20
"2021-11-15 04:30:00";18
"2021-11-15 05:00:00";20
"2021-11-15 05:30:00";20
"2021-11-15 06:00:00";20
"2021-11-15 06:30:00";20
"2021-11-15 07:00:00";18
"2021-11-15 07:30:00";20
"2021-11-15 08:00:00";20
"2021-11-15 08:30:00";21
"2021-11-15 09:00:00";21
"2021-11-15 09:30:00";21
"2021-11-15 10:00:00";22
"2021-11-15 10:30:00";22
"2021-11-15 11:00:00";24
"2021-11-15 11:30:00";26
"2021-11-15 12:00:00";26
"2021-11-15 12:30:00";28
"2021-11-15 13:00:00";29
"2021-11-15 13:30:00";32
"2021-11-15 14:00:00";35
"2021-11-15 14:30:00";37
"2021-11-15 15:00:00";37
"2021-11-15 15:30:00";40
"2021-11-15 16:00:00";42
"2021-11-15 16:30:00";42
"2021-11-15 17:00:00";44
"2021-11-15 17:30:00";45
"2021-11-15 18:00:00";46
"2021-11-15 18:30:00";47
"2021-11-15 19:00:00";47
"2021-11-15 19:30:00";46
"2021-11-15 20:00:00";45
"2021-11-15 20:30:00";44
"2021-11-15 21:00:00";45
"2021-11-15 21:30:00";42
"2021-11-15 22:00:00";44
"2021-11-15 22:30:00";41
"2021-11-15 23:00:00";42
"2021-11-15 23:30:00";41
"2021-11-16 00:00:00";41
"2021-11-16 01:00:00";39
"2021-11-16 01:30:00";38
"2021-11-16 02:00:00";38
"2021-11-16 02:30:00";36
"2021-11-16 03:00:00";36
"2021-11-16 03:30:00";36
"2021-11-16 04:00:00";36
"2021-11-16 04:30:00";35
"2021-11-16 05:00:00";34
"2021-11-16 05:30:00";33
"2021-11-16 06:00:00";32
"2021-11-16 06:30:00";31
"2021-11-16 07:00:00";31
"2021-11-16 07:30:00";31
"2021-11-16 08:00:00";31
"2021-11-16 08:30:00";29
"2021-11-16 09:00:00";30
"2021-11-16 09:30:00";28
"2021-11-16 10:00:00";27
"2021-11-16 10:30:00";25
"2021-11-16 11:00:00";24
"2021-11-16 11:30:00";24
"2021-11-16 12:00:00";24
"2021-11-16 12:30:00";23
"2021-11-16 13:00:00";23
"2021-11-16 13:30:00";24
"2021-11-16 14:00:00";25
"2021-11-16 14:30:00";25
"2021-11-16 15:00:00";25
"2021-11-16 15:30:00";26
"2021-11-16 16:00:00";25
"2021-11-16 16:30:00";27
"2021-11-16 17:00:00";27
"2021-11-16 17:30:00";26
"2021-11-16 18:00:00";27
"2021-11-16 18:30:00";26
"2021-11-16 19:00:00";25
"2021-11-16 19:30:00";26
"2021-11-16 20:00:00";26
"2021-11-16 20:30:00";25
"2021-11-16 21:00:00";23
"2021-11-16 21:30:00";23
"2021-11-16 22:00:00";23
"2021-11-16 22:30:00";23
"2021-11-16 23:00:00";21
"2021-11-16 23:30:00";21
"2021-11-17 00:00:00";21
"2021-11-17 01:00:00";19
"2021-11-17 01:30:00";21
"2021-11-17 02:00:00";21
"2021-11-17 02:30:00";22
"2021-11-17 03:00:00";20
"2021-11-17 03:30:00";20
"2021-11-17 04:00:00";20
"2021-11-17 04:30:00";21
"2021-11-17 05:00:00";20
"2021-11-17 05:30:00";20
"2021-11-17 06:00:00";19
"2021-11-17 06:30:00";19
"2021-11-17 07:00:00";19
"2021-11-17 07:30:00";18
"2021-11-17 08:00:00";19
"2021-11-17 08:30:00";18
"2021-11-17 09:00:00";19
"2021-11-17 09:30:00";17
"2021-11-17 10:00:00";18
"2021-11-17 10:30:00";18
"2021-11-17 11:00:00";17
"2021-11-17 11:30:00";17
"2021-11-17 12:00:00";19
"2021-11-17 12:30:00";18
"2021-11-17 13:00:00";19
"2021-11-17 13:30:00";19
"2021-11-17 14:00:00";17
"2021-11-17 14:30:00";18
"2021-11-17 15:00:00";19
"2021-11-17 15:30:00";18
"2021-11-17 16:00:00";19
"2021-11-17 16:30:00";18
"2021-11-17 17:00:00";17
"2021-11-17 17:30:00";17
"2021-11-17 18:00:00";18
"2021-11-17 18:30:00";18
"2021-11-17 19:30:00";18
"2021-11-17 20:30:00";18
"2021-11-17 21:00:00";17
"2021-11-17 21:30:00";17
"2021-11-17 22:00:00";17
"2021-11-17 22:30:00";17
"2021-11-17 23:00:00";16
"2021-11-17 23:30:00";16
"2021-11-18 00:00:00";15
"2021-11-18 01:00:00";16
"2021-11-18 01:30:00";17
"2021-11-18 02:00:00";15
"2021-11-18 02:30:00";16
"2021-11-18 03:00:00";15
"2021-11-18 03:30:00";16
"2021-11-18 04:00:00";15
"2021-11-18 04:30:00";14
"2021-11-18 05:00:00";16
"2021-11-18 05:30:00";14
"2021-11-18 06:00:00";15
"2021-11-18 06:30:00";15
"2021-11-18 07:00:00";15
"2021-11-18 07:30:00";14
"2021-11-18 08:00:00";14
"2021-11-18 08:30:00";11
"2021-11-18 09:00:00";14
"2021-11-18 09:30:00";15
"2021-11-18 10:00:00";14
"2021-11-18 10:30:00";10
"2021-11-18 11:00:00";10
"2021-11-18 11:30:00";10
"2021-11-18 12:00:00";11
"2021-11-18 12:30:00";7
"2021-11-18 13:00:00";5
"2021-11-18 13:30:00";8
"2021-11-18 14:00:00";10
"2021-11-18 14:30:00";13
"2021-11-18 15:00:00";12
"2021-11-18 15:30:00";13
"2021-11-18 16:00:00";12
"2021-11-18 16:30:00";13
"2021-11-18 17:00:00";14
"2021-11-18 17:30:00";13
"2021-11-18 18:00:00";14
"2021-11-18 18:30:00";14
"2021-11-18 19:00:00";12
"2021-11-18 19:30:00";13
"2021-11-18 20:00:00";14
"2021-11-18 20:30:00";12
"2021-11-18 21:00:00";13
"2021-11-18 21:30:00";12
"2021-11-18 22:00:00";13
"2021-11-18 22:30:00";13
"2021-11-18 23:00:00";12
"2021-11-18 23:30:00";13
"2021-11-19 00:00:00";11
"2021-11-19 01:00:00";13
"2021-11-19 01:30:00";12
"2021-11-19 02:00:00";11
"2021-11-19 02:30:00";11
"2021-11-19 03:00:00";12
"2021-11-19 03:30:00";13
"2021-11-19 04:00:00";11
"2021-11-19 04:30:00";11
"2021-11-19 05:00:00";12
"2021-11-19 05:30:00";10
"2021-11-19 06:00:00";11
"2021-11-19 06:30:00";11
"2021-11-19 07:00:00";11
"2021-11-19 07:30:00";12
"2021-11-19 08:00:00";11
"2021-11-19 08:30:00";11
"2021-11-19 09:00:00";11
"2021-11-19 09:30:00";13
"2021-11-19 10:00:00";10
"2021-11-19 10:30:00";9
"2021-11-19 11:00:00";6
"2021-11-19 11:30:00";6
"2021-11-19 12:00:00";6
"2021-11-19 12:30:00";5
"2021-11-19 13:00:00";4
"2021-11-19 13:30:00";8
"2021-11-19 14:00:00";7
"2021-11-19 14:30:00";8
"2021-11-19 15:00:00";9
"2021-11-19 15:30:00";10
"2021-11-19 16:00:00";11
"2021-11-19 16:30:00";10
"2021-11-19 17:00:00";11
"2021-11-19 17:30:00";9
"2021-11-19 18:00:00";9
"2021-11-19 18:30:00";13
"2021-11-19 19:00:00";11
"2021-11-19 19:30:00";11
"2021-11-19 20:00:00";11
"2021-11-19 20:30:00";12
"2021-11-19 21:00:00";12
"2021-11-19 21:30:00";11
"2021-11-19 22:00:00";12
"2021-11-19 22:30:00";11
"2021-11-19 23:00:00";11
"2021-11-19 23:30:00";11
"2021-11-20 00:00:00";12
"2021-11-20 02:00:00";10
"2021-11-20 02:30:00";9
"2021-11-20 03:00:00";10
"2021-11-20 03:30:00";10
"2021-11-20 04:00:00";12
"2021-11-20 04:30:00";10
"2021-11-20 05:00:00";10
"2021-11-20 05:30:00";10
"2021-11-20 06:00:00";10
"2021-11-20 06:30:00";10
"2021-11-20 07:00:00";10
"2021-11-20 07:30:00";10
"2021-11-20 08:00:00";10
"2021-11-20 08:30:00";11
"2021-11-20 09:00:00";10
"2021-11-20 09:30:00";12
"2021-11-20 10:00:00";10
"2021-11-20 10:30:00";8
"2021-11-20 11:00:00";7
"2021-11-20 11:30:00";8
"2021-11-20 12:00:00";7
"2021-11-20 12:30:00";4
"2021-11-20 13:00:00";4
"2021-11-20 13:30:00";5
"2021-11-20 14:00:00";6
"2021-11-20 14:30:00";7
"2021-11-20 15:00:00";9
"2021-11-20 15:30:00";10
"2021-11-20 16:00:00";10
"2021-11-20 16:30:00";9
"2021-11-20 17:00:00";10
"2021-11-20 17:30:00";9
"2021-11-20 18:00:00";10
"2021-11-20 18:30:00";10
"2021-11-20 19:00:00";10
"2021-11-20 19:30:00";10
"2021-11-20 20:00:00";10
"2021-11-20 20:30:00";10
"2021-11-20 21:00:00";9
"2021-11-20 21:30:00";10
"2021-11-20 22:00:00";11
"2021-11-20 22:30:00";11
"2021-11-20 23:00:00";9
"2021-11-20 23:30:00";10
"2021-11-21 00:00:00";10
"2021-11-21 01:00:00";10
"2021-11-21 01:30:00";11
"2021-11-21 02:00:00";10
"2021-11-21 02:30:00";9
"2021-11-21 03:00:00";10
"2021-11-21 03:30:00";10
"2021-11-21 04:00:00";10
"2021-11-21 04:30:00";9
"2021-11-21 05:00:00";8
"2021-11-21 05:30:00";10
"2021-11-21 06:00:00";10
"2021-11-21 06:30:00";9
"2021-11-21 07:00:00";9
"2021-11-21 07:30:00";10
"2021-11-21 08:00:00";9
"2021-11-21 08:30:00";10
"2021-11-21 09:00:00";9
"2021-11-21 09:30:00";10
"2021-11-21 10:00:00";8
"2021-11-21 10:30:00";5
"2021-11-21 11:00:00";3
"2021-11-21 11:30:00";5
"2021-11-21 12:00:00";4
"2021-11-21 12:30:00";4
"2021-11-21 13:00:00";4
"2021-11-21 13:30:00";6
"2021-11-21 14:00:00";7
"2021-11-21 14:30:00";8
"2021-11-21 15:00:00";7
"2021-11-21 15:30:00";8
"2021-11-21 16:00:00";8
"2021-11-21 16:30:00";8
"2021-11-21 17:00:00";8
"2021-11-21 17:30:00";9
"2021-11-21 18:00:00";11
"2021-11-21 18:30:00";10
"2021-11-21 19:00:00";10
"2021-11-21 19:30:00";10
"2021-11-21 20:00:00";9
"2021-11-21 20:30:00";10
"2021-11-21 21:00:00";9
"2021-11-21 21:30:00";9
"2021-11-21 22:00:00";9
"2021-11-21 22:30:00";9
"2021-11-21 23:00:00";8
"2021-11-21 23:30:00";7
"2021-11-22 00:00:00";8
"2021-11-22 01:00:00";9
"2021-11-22 01:30:00";7
"2021-11-22 02:00:00";7
"2021-11-22 02:30:00";7
"2021-11-22 03:00:00";9
"2021-11-22 03:30:00";7
"2021-11-22 04:00:00";8
"2021-11-22 04:30:00";8
"2021-11-22 05:00:00";8
"2021-11-22 05:30:00";7
"2021-11-22 06:00:00";7
"2021-11-22 06:30:00";7
"2021-11-22 07:00:00";8
"2021-11-22 07:30:00";6
"2021-11-22 08:00:00";7
"2021-11-22 08:30:00";9
"2021-11-22 09:00:00";8
"2021-11-22 09:30:00";8
"2021-11-22 10:00:00";8
"2021-11-22 10:30:00";8
"2021-11-22 11:00:00";8
"2021-11-22 11:30:00";6
"2021-11-22 12:00:00";5
"2021-11-22 12:30:00";7
"2021-11-22 13:00:00";7
"2021-11-22 13:30:00";6
"2021-11-22 14:00:00";7
"2021-11-22 14:30:00";7
"2021-11-22 15:00:00";7
"2021-11-22 15:30:00";6
"2021-11-22 16:00:00";7
"2021-11-22 16:30:00";8
"2021-11-22 17:00:00";8
"2021-11-22 17:30:00";7
"2021-11-22 18:00:00";6
"2021-11-22 18:30:00";7
"2021-11-22 19:00:00";7
"2021-11-22 19:30:00";7
"2021-11-22 20:00:00";7
"2021-11-22 20:30:00";7
"2021-11-22 21:00:00";7
"2021-11-22 21:30:00";6
"2021-11-22 22:00:00";7
"2021-11-22 22:30:00";6
"2021-11-22 23:00:00";5
"2021-11-22 23:30:00";7
"2021-11-23 00:00:00";6
"2021-11-23 01:00:00";6
"2021-11-23 01:30:00";7
"2021-11-23 02:00:00";5
"2021-11-23 02:30:00";6
"2021-11-23 03:00:00";6
"2021-11-23 03:30:00";7
"2021-11-23 04:00:00";6
"2021-11-23 04:30:00";7
"2021-11-23 05:00:00";8
"2021-11-23 05:30:00";6
"2021-11-23 06:00:00";7
"2021-11-23 06:30:00";8
"2021-11-23 07:00:00";8
"2021-11-23 07:30:00";7
"2021-11-23 08:00:00";7
"2021-11-23 08:30:00";8
"2021-11-23 09:00:00";7
"2021-11-23 09:30:00";8
"2021-11-23 10:00:00";7
"2021-11-23 10:30:00";6
"2021-11-23 11:00:00";7
"2021-11-23 11:30:00";7
"2021-11-23 12:00:00";7
"2021-11-23 12:30:00";6
"2021-11-23 13:00:00";7
"2021-11-23 13:30:00";7
"2021-11-23 14:00:00";6
"2021-11-23 14:30:00";7
"2021-11-23 15:00:00";6
"2021-11-23 15:30:00";6
"2021-11-23 16:00:00";6
"2021-11-23 16:30:00";6
"2021-11-23 17:00:00";7
"2021-11-23 17:30:00";6
"2021-11-23 18:00:00";7
"2021-11-23 18:30:00";6
"2021-11-23 19:00:00";6
"2021-11-23 19:30:00";6
"2021-11-23 20:00:00";7
"2021-11-23 20:30:00";6
"2021-11-23 21:00:00";6
"2021-11-23 21:30:00";7
"2021-11-23 22:00:00";5
"2021-11-23 22:30:00";6
"2021-11-23 23:00:00";6
"2021-11-23 23:30:00";5
"2021-11-24 00:00:00";6
"2021-11-24 01:00:00";6
"2021-11-24 01:30:00";6
"2021-11-24 02:00:00";4
"2021-11-24 02:30:00";4
"2021-11-24 03:00:00";5
"2021-11-24 03:30:00";4
"2021-11-24 04:00:00";5
"2021-11-24 04:30:00";4
"2021-11-24 05:00:00";5
"2021-11-24 05:30:00";4
"2021-11-24 06:00:00";4
"2021-11-24 06:30:00";4
"2021-11-24 07:00:00";4
"2021-11-24 07:30:00";4
"2021-11-24 08:00:00";3
"2021-11-24 08:30:00";5
"2021-11-24 09:00:00";3
"2021-11-24 09:30:00";4
"2021-11-24 10:00:00";4
"2021-11-24 10:30:00";2
"2021-11-24 11:00:00";-1
"2021-11-24 11:30:00";-1
"2021-11-24 12:00:00";-2
"2021-11-24 12:30:00";-1
"2021-11-24 13:00:00";-2
"2021-11-24 13:30:00";1
"2021-11-24 14:00:00";2
"2021-11-24 14:30:00";3
"2021-11-24 15:00:00";4
"2021-11-24 15:30:00";4
"2021-11-24 16:00:00";3
"2021-11-24 16:30:00";4
"2021-11-24 17:00:00";4
"2021-11-24 17:30:00";3
"2021-11-24 18:00:00";4
"2021-11-24 18:30:00";3
"2021-11-24 19:00:00";4
"2021-11-24 19:30:00";5
"2021-11-24 20:00:00";4
"2021-11-24 20:30:00";4
"2021-11-24 21:00:00";4
"2021-11-24 21:30:00";3
"2021-11-24 22:00:00";4
"2021-11-24 22:30:00";3
"2021-11-24 23:00:00";4
"2021-11-24 23:30:00";4
"2021-11-25 00:00:00";3
"2021-11-25 01:00:00";3
"2021-11-25 01:30:00";3
"2021-11-25 02:00:00";3
"2021-11-25 02:30:00";3
"2021-11-25 03:00:00";3
"2021-11-25 03:30:00";3
"2021-11-25 04:00:00";3
"2021-11-25 04:30:00";2
"2021-11-25 05:00:00";3
"2021-11-25 05:30:00";2
"2021-11-25 06:00:00";3
"2021-11-25 06:30:00";3
"2021-11-25 07:00:00";3
"2021-11-25 07:30:00";4
"2021-11-25 08:00:00";4
"2021-11-25 08:30:00";4
"2021-11-25 09:00:00";3
"2021-11-25 09:30:00";4
"2021-11-25 10:00:00";3
"2021-11-25 10:30:00";3
"2021-11-25 11:00:00";3
"2021-11-25 11:30:00";2
"2021-11-25 12:00:00";2
"2021-11-25 12:30:00";4
"2021-11-25 13:00:00";3
"2021-11-25 13:30:00";4
"2021-11-25 14:00:00";4
"2021-11-25 14:30:00";4
"2021-11-25 15:00:00";5
"2021-11-25 15:30:00";4
"2021-11-25 16:00:00";4
"2021-11-25 16:30:00";4
"2021-11-25 17:00:00";3
"2021-11-25 17:30:00";5
"2021-11-25 18:00:00";5
"2021-11-25 18:30:00";4
"2021-11-25 19:00:00";4
"2021-11-25 19:30:00";4
"2021-11-25 20:00:00";3
"2021-11-25 20:30:00";3
"2021-11-25 21:00:00";5
"2021-11-25 21:30:00";5
"2021-11-25 22:00:00";4
"2021-11-25 22:30:00";4
"2021-11-25 23:00:00";4
"2021-11-25 23:30:00";5
"2021-11-26 00:00:00";3
"2021-11-26 01:00:00";4
"2021-11-26 01:30:00";3
"2021-11-26 02:00:00";5
"2021-11-26 02:30:00";2
"2021-11-26 03:00:00";3
"2021-11-26 03:30:00";4
"2021-11-26 04:00:00";4
"2021-11-26 04:30:00";4
"2021-11-26 05:00:00";3
"2021-11-26 05:30:00";2
"2021-11-26 06:00:00";1
"2021-11-26 06:30:00";3
"2021-11-26 07:00:00";4
"2021-11-26 07:30:00";4
"2021-11-26 08:00:00";3
"2021-11-26 08:30:00";3
"2021-11-26 09:00:00";3
"2021-11-26 09:30:00";3
"2021-11-26 10:00:00";3
"2021-11-26 10:30:00";2
"2021-11-26 11:00:00";-1
"2021-11-26 11:30:00";-2
"2021-11-26 12:00:00";-1
"2021-11-26 12:30:00";-1
"2021-11-26 13:00:00";-1
"2021-11-26 13:30:00";1
"2021-11-26 14:00:00";2
"2021-11-26 14:30:00";2
"2021-11-26 15:00:00";2
"2021-11-26 15:30:00";3
"2021-11-26 16:00:00";3
"2021-11-26 16:30:00";3
"2021-11-26 17:00:00";3
"2021-11-26 17:30:00";3
"2021-11-26 18:00:00";3
"2021-11-26 18:30:00";5
"2021-11-26 19:00:00";4
"2021-11-26 19:30:00";3
"2021-11-26 20:00:00";3
"2021-11-26 20:30:00";3
"2021-11-26 21:00:00";4
"2021-11-26 21:30:00";3
"2021-11-26 22:00:00";5
"2021-11-26 22:30:00";4
"2021-11-26 23:00:00";4
"2021-11-26 23:30:00";3
"2021-11-27 00:00:00";3
"2021-11-27 02:00:00";2
"2021-11-27 02:30:00";3
"2021-11-27 03:00:00";2
"2021-11-27 03:30:00";2
"2021-11-27 04:00:00";3
"2021-11-27 04:30:00";3
"2021-11-27 05:00:00";3
"2021-11-27 05:30:00";0
"2021-11-27 06:00:00";1
"2021-11-27 06:30:00";1
"2021-11-27 07:00:00";0
"2021-11-27 07:30:00";1
"2021-11-27 08:00:00";2
"2021-11-27 08:30:00";2
"2021-11-27 09:00:00";2
"2021-11-27 09:30:00";2
"2021-11-27 10:00:00";1
"2021-11-27 10:30:00";-1
"2021-11-27 11:00:00";-3
"2021-11-27 11:30:00";-3
"2021-11-27 12:00:00";-2
"2021-11-27 12:30:00";-4
"2021-11-27 13:00:00";-2
"2021-11-27 13:30:00";-1
"2021-11-27 14:00:00";1
"2021-11-27 14:30:00";2
"2021-11-27 15:00:00";1
"2021-11-27 15:30:00";2
"2021-11-27 16:00:00";2
"2021-11-27 16:30:00";1
"2021-11-27 17:00:00";2
"2021-11-27 17:30:00";2
"2021-11-27 18:00:00";2
"2021-11-27 18:30:00";2
"2021-11-27 19:00:00";2
"2021-11-27 19:30:00";2
"2021-11-27 20:00:00";1
"2021-11-27 20:30:00";1
"2021-11-27 21:00:00";1
"2021-11-27 21:30:00";0
"2021-11-27 22:00:00";1
"2021-11-27 22:30:00";2
"2021-11-27 23:00:00";1
"2021-11-27 23:30:00";2
"2021-11-28 00:00:00";1
"2021-11-28 01:00:00";1
"2021-11-28 01:30:00";1
"2021-11-28 02:00:00";0
"2021-11-28 02:30:00";1
"2021-11-28 03:00:00";0
"2021-11-28 03:30:00";0
"2021-11-28 04:00:00";0
"2021-11-28 04:30:00";1
"2021-11-28 05:00:00";0
"2021-11-28 05:30:00";-2
"2021-11-28 06:00:00";-2
"2021-11-28 06:30:00";0
"2021-11-28 07:00:00";0
"2021-11-28 07:30:00";-1
"2021-11-28 08:00:00";-1
"2021-11-28 08:30:00";-1
"2021-11-28 09:00:00";-1
"2021-11-28 09:30:00";0
"2021-11-28 10:00:00";0
"2021-11-28 10:30:00";-4
"2021-11-28 11:00:00";-5
"2021-11-28 11:30:00";-5
"2021-11-28 12:00:00";-6
"2021-11-28 12:30:00";-4
"2021-11-28 13:00:00";-2
"2021-11-28 13:30:00";-2
"2021-11-28 14:00:00";-2
"2021-11-28 14:30:00";-1
"2021-11-28 15:00:00";-2
"2021-11-28 15:30:00";-1
"2021-11-28 16:00:00";-2
"2021-11-28 16:30:00";-3
"2021-11-28 17:00:00";-1
"2021-11-28 17:30:00";-2
"2021-11-28 18:00:00";0
"2021-11-28 18:30:00";-1
"2021-11-28 19:00:00";-1
"2021-11-28 19:30:00";-1
"2021-11-28 20:00:00";-2
"2021-11-28 20:30:00";-1
"2021-11-28 21:00:00";-2
"2021-11-28 21:30:00";-1
"2021-11-28 22:00:00";-1
"2021-11-28 22:30:00";-1
"2021-11-28 23:00:00";-2
"2021-11-29 01:30:00";-2
"2021-11-29 02:00:00";-2
"2021-11-29 02:30:00";-2
"2021-11-29 03:00:00";-3
"2021-11-29 03:30:00";-2
"2021-11-29 04:00:00";-1
"2021-11-29 04:30:00";-3
"2021-11-29 05:00:00";-2
"2021-11-29 05:30:00";-3
"2021-11-29 06:00:00";-5
"2021-11-29 06:30:00";-5
"2021-11-29 07:00:00";-1
"2021-11-29 07:30:00";-4
"2021-11-29 08:00:00";-3
"2021-11-29 08:30:00";-2
"2021-11-29 10:30:00";-5
"2021-11-29 11:00:00";-5
"2021-11-29 11:30:00";-6
"2021-11-29 12:00:00";-6
"2021-11-29 12:30:00";-12
"2021-11-29 13:00:00";-12
"2021-11-29 13:30:00";-7
"2021-11-29 14:00:00";-4
"2021-11-29 14:30:00";-5
"2021-11-29 15:00:00";-4
"2021-11-29 15:30:00";-3
"2021-11-29 16:00:00";-4
"2021-11-29 16:30:00";-5
"2021-11-29 17:00:00";-4
"2021-11-29 17:30:00";-5
"2021-11-29 18:00:00";-3
"2021-11-29 18:30:00";-2
"2021-11-29 19:00:00";-2
"2021-11-29 19:30:00";-4
"2021-11-29 20:00:00";-4
"2021-11-29 20:30:00";-3
"2021-11-29 21:00:00";-4
"2021-11-29 21:30:00";-4
"2021-11-29 22:00:00";-4
"2021-11-29 22:30:00";-5
"2021-11-29 23:00:00";-5
"2021-11-29 23:30:00";-4
"2021-11-30 00:00:00";-5
"2021-11-30 00:30:00";-3
"2021-11-30 01:00:00";-5
"2021-11-30 01:30:00";-5
"2021-11-30 02:00:00";-5
"2021-11-30 02:30:00";-5
"2021-11-30 03:00:00";-5
"2021-11-30 03:30:00";-4
"2021-11-30 04:00:00";-5
"2021-11-30 04:30:00";-5
"2021-11-30 05:00:00";-6
"2021-11-30 05:30:00";-6
"2021-11-30 06:00:00";-6
"2021-11-30 06:30:00";-5
"2021-11-30 07:00:00";-8
"2021-11-30 07:30:00";-6
"2021-11-30 08:00:00";-5
"2021-11-30 08:30:00";-6
"2021-11-30 09:00:00";-5
"2021-11-30 09:30:00";-5
"2021-11-30 10:00:00";-4
"2021-11-30 10:30:00";-8
"2021-11-30 11:00:00";-9
"2021-11-30 11:30:00";-10
"2021-11-30 12:00:00";-11
"2021-11-30 12:30:00";-11
"2021-11-30 13:00:00";-12
"2021-11-30 13:30:00";-9
"2021-12-01 02:00:00";-3
"2021-12-01 15:00:00";-4
"2021-12-01 15:30:00";-4
"2021-12-01 16:00:00";-3
"2021-12-01 16:30:00";-4
"2021-12-01 17:00:00";-3
"2021-12-01 17:30:00";-4
"2021-12-01 18:00:00";-4
"2021-12-01 18:30:00";-3
"2021-12-01 19:00:00";-4
"2021-12-01 19:30:00";-3
"2021-12-01 20:00:00";-3
"2021-12-01 20:30:00";-2
"2021-12-01 21:00:00";-3
"2021-12-01 21:30:00";-3
"2021-12-01 22:00:00";-3
"2021-12-01 22:30:00";-4
"2021-12-01 23:00:00";-3
"2021-12-01 23:30:00";-4
"2021-12-02 00:00:00";-3
"2021-12-02 01:00:00";-3
"2021-12-02 01:30:00";-3
"2021-12-02 02:00:00";-4
"2021-12-02 02:30:00";-4
"2021-12-02 03:00:00";-4
"2021-12-02 03:30:00";-5
"2021-12-02 04:00:00";-4
"2021-12-02 04:30:00";-4
"2021-12-02 05:00:00";-3
"2021-12-02 05:30:00";-3
"2021-12-02 06:00:00";-5
"2021-12-02 06:30:00";-4
"2021-12-02 07:00:00";-4
"2021-12-02 07:30:00";-4
"2021-12-02 08:00:00";-5
"2021-12-02 08:30:00";-4
"2021-12-02 09:00:00";-3
"2021-12-02 09:30:00";-4
"2021-12-02 10:00:00";-2
"2021-12-02 10:30:00";-6
"2021-12-02 11:00:00";-7
"2021-12-02 11:30:00";-8
"2021-12-02 12:00:00";-9
"2021-12-02 12:30:00";-10
"2021-12-02 13:00:00";-11
"2021-12-02 13:30:00";-8
"2021-12-02 14:00:00";-5
"2021-12-02 14:30:00";-5
"2021-12-02 15:00:00";-6
"2021-12-02 15:30:00";-5
"2021-12-02 16:00:00";-4
"2021-12-02 16:30:00";-4
"2021-12-02 17:00:00";-5
"2021-12-02 17:30:00";-4
"2021-12-02 18:00:00";-4
"2021-12-02 18:30:00";-3
"2021-12-02 19:00:00";-3
"2021-12-02 19:30:00";-3
"2021-12-02 20:00:00";-4
"2021-12-02 20:30:00";-4
"2021-12-02 21:00:00";-5
"2021-12-02 21:30:00";-4
"2021-12-02 22:00:00";-5
"2021-12-02 22:30:00";-6
"2021-12-02 23:00:00";-4
"2021-12-02 23:30:00";-4
"2021-12-03 00:00:00";-5
"2021-12-03 01:00:00";-3
"2021-12-03 01:30:00";-5
"2021-12-03 02:00:00";-6
"2021-12-03 02:30:00";-6
"2021-12-03 03:00:00";-5
"2021-12-03 03:30:00";-6
"2021-12-03 04:00:00";-6
"2021-12-03 04:30:00";-6
"2021-12-03 05:00:00";-5
"2021-12-03 05:30:00";-5
"2021-12-03 06:00:00";-7
"2021-12-03 06:30:00";-5
"2021-12-03 07:00:00";-6
"2021-12-03 07:30:00";-6
"2021-12-03 08:00:00";-6
"2021-12-03 08:30:00";-7
"2021-12-03 09:00:00";-7
"2021-12-03 09:30:00";-5
"2021-12-03 10:00:00";-5
"2021-12-03 10:30:00";-9
"2021-12-03 11:00:00";-13
"2021-12-03 11:30:00";-12
"2021-12-03 12:00:00";-12
"2021-12-03 12:30:00";-15
"2021-12-03 13:00:00";-15
"2021-12-03 13:30:00";-11
"2021-12-03 14:00:00";-10
"2021-12-03 14:30:00";-8
"2021-12-03 15:00:00";-8
"2021-12-03 15:30:00";-6
"2021-12-03 16:00:00";-6
"2021-12-03 16:30:00";-8
"2021-12-03 17:00:00";-6
"2021-12-03 17:30:00";-5
"2021-12-03 18:00:00";-7
"2021-12-03 18:30:00";-6
"2021-12-03 19:00:00";-7
"2021-12-03 19:30:00";-7
"2021-12-03 20:00:00";-6
"2021-12-03 20:30:00";-6
"2021-12-03 21:00:00";-5
"2021-12-03 21:30:00";-6
"2021-12-03 22:00:00";-5
"2021-12-03 22:30:00";-7
"2021-12-03 23:00:00";-6
"2021-12-03 23:30:00";-5
"2021-12-04 00:00:00";-6
"2021-12-04 02:00:00";-6
"2021-12-04 02:30:00";-5
"2021-12-04 03:00:00";-7
"2021-12-04 03:30:00";-6
"2021-12-04 04:00:00";-6
"2021-12-04 04:30:00";-7
"2021-12-04 05:00:00";-6
"2021-12-04 05:30:00";-6
"2021-12-04 06:00:00";-7
"2021-12-04 06:30:00";-7
"2021-12-04 07:00:00";-8
"2021-12-04 07:30:00";-7
"2021-12-04 08:00:00";-7
"2021-12-04 08:30:00";-6
"2021-12-04 09:00:00";-6
"2021-12-04 09:30:00";-7
"2021-12-04 10:00:00";-6
"2021-12-04 10:30:00";-9
"2021-12-04 11:00:00";-9
"2021-12-04 11:30:00";-11
"2021-12-04 12:00:00";-11
"2021-12-04 12:30:00";-12
"2021-12-04 13:00:00";-12
"2021-12-04 13:30:00";-8
"2021-12-04 14:00:00";-8
"2021-12-04 14:30:00";-7
"2021-12-04 15:00:00";-7
"2021-12-04 15:30:00";-8
"2021-12-04 16:00:00";-7
"2021-12-04 16:30:00";-7
"2021-12-04 17:00:00";-6
"2021-12-04 17:30:00";-6
"2021-12-04 18:00:00";-6
"2021-12-04 18:30:00";-7
"2021-12-04 19:00:00";-6
"2021-12-04 19:30:00";-7
"2021-12-04 20:00:00";-6
"2021-12-04 20:30:00";-7
"2021-12-04 21:00:00";-6
"2021-12-04 21:30:00";-7
"2021-12-04 22:00:00";-7
"2021-12-04 22:30:00";-6
"2021-12-04 23:00:00";-8
"2021-12-04 23:30:00";-6
"2021-12-05 00:00:00";-6
"2021-12-05 01:00:00";-8
"2021-12-05 01:30:00";-7
"2021-12-05 02:00:00";-6
"2021-12-05 02:30:00";-5
"2021-12-05 03:00:00";-7
"2021-12-05 03:30:00";-7
"2021-12-05 04:00:00";-8
"2021-12-05 04:30:00";-9
"2021-12-05 05:00:00";-7
"2021-12-05 05:30:00";-6
"2021-12-05 06:00:00";-7
"2021-12-05 06:30:00";-8
"2021-12-05 07:00:00";-7
"2021-12-05 07:30:00";-7
"2021-12-05 08:00:00";-7
"2021-12-05 08:30:00";-7
"2021-12-05 09:00:00";-8
"2021-12-05 09:30:00";-6
"2021-12-05 10:00:00";-7
"2021-12-05 10:30:00";-8
"2021-12-05 11:00:00";-12
"2021-12-05 11:30:00";-10
"2021-12-05 12:00:00";-12
"2021-12-05 12:30:00";-13
"2021-12-05 13:00:00";-15
"2021-12-05 13:30:00";-11
"2021-12-05 14:00:00";-10
"2021-12-05 14:30:00";-8
"2021-12-05 15:00:00";-7
"2021-12-05 15:30:00";-7
"2021-12-05 16:00:00";-7
"2021-12-05 16:30:00";-6
"2021-12-05 17:00:00";-7
"2021-12-05 17:30:00";-8
"2021-12-05 18:00:00";-7
"2021-12-05 18:30:00";-7
"2021-12-05 19:00:00";-7
"2021-12-05 19:30:00";-8
"2021-12-05 20:00:00";-7
"2021-12-05 20:30:00";-8
"2021-12-05 21:00:00";-7
"2021-12-05 21:30:00";-6
"2021-12-05 22:00:00";-6
"2021-12-05 22:30:00";-7
"2021-12-05 23:00:00";-7
"2021-12-05 23:30:00";-8
"2021-12-06 00:00:00";-7
"2021-12-06 01:00:00";-7
"2021-12-06 01:30:00";-9
"2021-12-06 02:00:00";-7
"2021-12-06 02:30:00";-9
"2021-12-06 03:00:00";-7
"2021-12-06 03:30:00";-8
"2021-12-06 04:00:00";-8
"2021-12-06 04:30:00";-8
"2021-12-06 05:00:00";-7
"2021-12-06 05:30:00";-8
"2021-12-06 06:00:00";-8
"2021-12-06 06:30:00";-9
"2021-12-06 07:00:00";-9
"2021-12-06 07:30:00";-8
"2021-12-06 08:00:00";-7
"2021-12-06 08:30:00";-8
"2021-12-06 09:00:00";-9
"2021-12-06 09:30:00";-7
"2021-12-06 10:00:00";-6
"2021-12-06 10:30:00";-10
"2021-12-06 11:00:00";-12
"2021-12-06 11:30:00";-12
"2021-12-06 12:00:00";-12
"2021-12-06 12:30:00";-13
"2021-12-06 13:00:00";-16
"2021-12-06 13:30:00";-11
"2021-12-06 14:00:00";-11
"2021-12-06 14:30:00";-11
"2021-12-06 15:00:00";-10
"2021-12-06 15:30:00";-9
"2021-12-06 16:00:00";-8
"2021-12-06 16:30:00";-10
"2021-12-06 17:00:00";-9
"2021-12-06 17:30:00";-9
"2021-12-06 18:00:00";-10
"2021-12-06 18:30:00";-9
"2021-12-06 19:00:00";-7
"2021-12-06 19:30:00";-7
"2021-12-06 20:00:00";-8
"2021-12-06 20:30:00";-7
"2021-12-06 21:00:00";-9
"2021-12-06 21:30:00";-9
"2021-12-06 22:00:00";-7
"2021-12-06 22:30:00";-7
"2021-12-06 23:00:00";-8
"2021-12-06 23:30:00";-8
"2021-12-07 00:00:00";-7
"2021-12-07 01:00:00";-8
"2021-12-07 01:30:00";-9
"2021-12-07 02:00:00";-8
"2021-12-07 02:30:00";-7
"2021-12-07 03:00:00";-8
"2021-12-07 03:30:00";-8
"2021-12-07 04:00:00";-8
"2021-12-07 04:30:00";-7
"2021-12-07 05:00:00";-8
"2021-12-07 05:30:00";-8
"2021-12-07 06:00:00";-7
"2021-12-07 06:30:00";-6
"2021-12-07 07:00:00";-9
"2021-12-07 07:30:00";-7
"2021-12-07 08:00:00";-7
"2021-12-07 08:30:00";-7
"2021-12-07 09:00:00";-8
"2021-12-07 09:30:00";-9
"2021-12-07 10:00:00";-5
"2021-12-07 10:30:00";-9
"2021-12-07 11:00:00";-11
"2021-12-07 11:30:00";-11
"2021-12-07 12:00:00";-12
"2021-12-07 12:30:00";-16
"2021-12-07 13:00:00";-15
"2021-12-07 13:30:00";-11
"2021-12-07 14:00:00";-10
"2021-12-07 14:30:00";-8
"2021-12-07 15:00:00";-9
"2021-12-07 15:30:00";-8
"2021-12-07 16:00:00";-8
"2021-12-07 16:30:00";-8
"2021-12-07 17:00:00";-8
"2021-12-07 17:30:00";-9
"2021-12-07 18:00:00";-8
"2021-12-07 18:30:00";-7
"2021-12-07 19:00:00";-7
"2021-12-07 19:30:00";-7
"2021-12-07 20:00:00";-7
"2021-12-07 20:30:00";-7
"2021-12-07 21:00:00";-8
"2021-12-07 21:30:00";-8
"2021-12-07 22:00:00";-8
"2021-12-07 22:30:00";-7
"2021-12-07 23:00:00";-7
"2021-12-07 23:30:00";-7
"2021-12-08 00:00:00";-8
"2021-12-08 01:00:00";-8
"2021-12-08 01:30:00";-8
"2021-12-08 02:00:00";-7
"2021-12-08 02:30:00";-7
"2021-12-08 03:00:00";-8
"2021-12-08 03:30:00";-7
"2021-12-08 04:00:00";-8
"2021-12-08 04:30:00";-9
"2021-12-08 05:00:00";-8
"2021-12-08 05:30:00";-8
"2021-12-08 06:00:00";-7
"2021-12-08 06:30:00";-7
"2021-12-08 07:00:00";-7
"2021-12-08 07:30:00";-7
"2021-12-08 08:00:00";-7
"2021-12-08 08:30:00";-8
"2021-12-08 09:00:00";-6
"2021-12-08 09:30:00";-8
"2021-12-08 10:00:00";-6
"2021-12-08 10:30:00";-6
"2021-12-08 11:00:00";-6
"2021-12-08 11:30:00";-7
"2021-12-08 12:00:00";-8
"2021-12-08 12:30:00";-8
"2021-12-08 13:00:00";-7
"2021-12-08 13:30:00";-8
"2021-12-08 14:00:00";-7
"2021-12-08 14:30:00";-8
"2021-12-08 15:00:00";-7
"2021-12-08 15:30:00";-7
"2021-12-08 16:00:00";-7
"2021-12-08 16:30:00";-8
"2021-12-08 17:00:00";-7
"2021-12-08 17:30:00";-7
"2021-12-08 18:00:00";-7
"2021-12-08 18:30:00";-7
"2021-12-08 19:00:00";-8
"2021-12-08 19:30:00";-7
"2021-12-08 20:00:00";-7
"2021-12-08 20:30:00";-7
"2021-12-08 21:00:00";-6
"2021-12-08 21:30:00";-7
"2021-12-08 22:00:00";-9
"2021-12-08 22:30:00";-9
"2021-12-08 23:00:00";-9
"2021-12-08 23:30:00";-8
"2021-12-09 00:00:00";-8
"2021-12-09 01:00:00";-9
"2021-12-09 01:30:00";-8
"2021-12-09 02:00:00";-7
"2021-12-09 02:30:00";-8
"2021-12-09 03:00:00";-8
"2021-12-09 03:30:00";-9
"2021-12-09 04:00:00";-8
"2021-12-09 04:30:00";-9
"2021-12-09 05:00:00";-9
"2021-12-09 05:30:00";-7
"2021-12-09 06:00:00";-7
"2021-12-09 06:30:00";-8
"2021-12-09 07:00:00";-7
"2021-12-09 07:30:00";-7
"2021-12-09 08:00:00";-8
"2021-12-09 08:30:00";-7
"2021-12-09 09:00:00";-8
"2021-12-09 09:30:00";-9
"2021-12-09 10:00:00";-8
"2021-12-09 10:30:00";-7
"2021-12-09 11:00:00";-7
"2021-12-09 11:30:00";-8
"2021-12-09 12:00:00";-8
"2021-12-09 12:30:00";-8
"2021-12-09 13:00:00";-12
"2021-12-09 13:30:00";-10
"2021-12-09 14:00:00";-8
"2021-12-09 14:30:00";-10
"2021-12-09 15:00:00";-8
"2021-12-09 15:30:00";-10
"2021-12-09 16:00:00";-10
"2021-12-09 16:30:00";-8
"2021-12-09 17:00:00";-9
"2021-12-09 17:30:00";-10
"2021-12-09 18:00:00";-10
"2021-12-09 18:30:00";-9
"2021-12-09 19:00:00";-7
"2021-12-09 19:30:00";-7
"2021-12-09 20:00:00";-10
"2021-12-09 20:30:00";-9
"2021-12-09 21:00:00";-10
"2021-12-09 21:30:00";-9
"2021-12-09 22:00:00";-10
"2021-12-09 22:30:00";-9
"2021-12-09 23:00:00";-8
"2021-12-09 23:30:00";-9
"2021-12-10 00:00:00";-8
"2021-12-10 01:00:00";-8
"2021-12-10 01:30:00";-9
"2021-12-10 02:00:00";-8
"2021-12-10 02:30:00";-9
"2021-12-10 03:00:00";-10
"2021-12-10 03:30:00";-10
"2021-12-10 04:00:00";-11
"2021-12-10 04:30:00";-10
"2021-12-10 05:00:00";-11
"2021-12-10 05:30:00";-10
"2021-12-10 06:00:00";-9
"2021-12-10 06:30:00";-8
"2021-12-10 07:00:00";-10
"2021-12-10 07:30:00";-8
"2021-12-10 08:00:00";-9
"2021-12-10 08:30:00";-10
"2021-12-10 09:00:00";-9
"2021-12-10 09:30:00";-8
"2021-12-10 10:00:00";-9
"2021-12-10 10:30:00";-9
"2021-12-10 11:00:00";-10
"2021-12-10 11:30:00";-10
"2021-12-10 12:00:00";-9
"2021-12-10 12:30:00";-8
"2021-12-10 13:00:00";-10
"2021-12-10 13:30:00";-10
"2021-12-10 14:00:00";-9
"2021-12-10 14:30:00";-8
"2021-12-10 15:00:00";-9
"2021-12-10 15:30:00";-9
"2021-12-10 16:00:00";-8
"2021-12-10 16:30:00";-8
"2021-12-10 17:00:00";-9
"2021-12-10 17:30:00";-8
"2021-12-10 18:00:00";-10
"2021-12-10 18:30:00";-9
"2021-12-10 19:00:00";-8
"2021-12-10 19:30:00";-10
"2021-12-10 20:00:00";-10
"2021-12-10 20:30:00";-9
"2021-12-10 21:00:00";-10
"2021-12-10 21:30:00";-9
"2021-12-10 22:00:00";-11
"2021-12-10 22:30:00";-10
"2021-12-10 23:00:00";-10
"2021-12-10 23:30:00";-10
"2021-12-11 00:00:00";-8
"2021-12-11 02:00:00";-9
"2021-12-11 02:30:00";-11
"2021-12-11 03:00:00";-10
"2021-12-11 03:30:00";-11
"2021-12-11 04:00:00";-9
"2021-12-11 04:30:00";-8
"2021-12-11 05:00:00";-9
"2021-12-11 05:30:00";-9
"2021-12-11 06:00:00";-9
"2021-12-11 06:30:00";-9
"2021-12-11 07:00:00";-8
"2021-12-11 07:30:00";-9
"2021-12-11 08:00:00";-11
"2021-12-11 08:30:00";-10
"2021-12-11 09:00:00";-8
"2021-12-11 09:30:00";-10
"2021-12-11 10:00:00";-9
"2021-12-11 10:30:00";-10
"2021-12-11 11:00:00";-11
"2021-12-11 11:30:00";-12
"2021-12-11 12:00:00";-11
"2021-12-11 12:30:00";-13
"2021-12-11 13:00:00";-16
"2021-12-11 13:30:00";-12
"2021-12-11 14:00:00";-10
"2021-12-11 14:30:00";-9
"2021-12-11 15:00:00";-9
"2021-12-11 15:30:00";-10
"2021-12-11 16:00:00";-9
"2021-12-11 16:30:00";-10
"2021-12-11 17:00:00";-9
"2021-12-11 17:30:00";-10
"2021-12-11 18:00:00";-9
"2021-12-11 18:30:00";-8
"2021-12-11 19:00:00";-8
"2021-12-11 19:30:00";-9
"2021-12-11 20:00:00";-8
"2021-12-11 20:30:00";-7
"2021-12-11 21:00:00";-8
"2021-12-11 21:30:00";-11
"2021-12-11 22:00:00";-9
"2021-12-11 22:30:00";-10
"2021-12-11 23:00:00";-8
"2021-12-11 23:30:00";-9
"2021-12-12 00:00:00";-8
"2021-12-12 01:00:00";-9
"2021-12-12 01:30:00";-10
"2021-12-12 02:00:00";-9
"2021-12-12 02:30:00";-10
"2021-12-12 03:00:00";-10
"2021-12-12 03:30:00";-9
"2021-12-12 04:00:00";-9
"2021-12-12 04:30:00";-9
"2021-12-12 05:00:00";-11
"2021-12-12 05:30:00";-11
"2021-12-12 06:00:00";-10
"2021-12-12 06:30:00";-10
"2021-12-12 07:00:00";-11
"2021-12-12 07:30:00";-10
"2021-12-12 08:00:00";-10
"2021-12-12 08:30:00";-11
"2021-12-12 09:00:00";-10
"2021-12-12 09:30:00";-8
"2021-12-12 10:00:00";-10
"2021-12-12 10:30:00";-11
"2021-12-12 11:00:00";-11
"2021-12-12 11:30:00";-13
"2021-12-12 12:00:00";-13
"2021-12-12 12:30:00";-14
"2021-12-12 13:00:00";-16
"2021-12-12 13:30:00";-12
"2021-12-12 14:00:00";-11
"2021-12-12 14:30:00";-10
"2021-12-12 15:00:00";-10
"2021-12-12 15:30:00";-9
"2021-12-12 16:00:00";-8
"2021-12-12 16:30:00";-9
"2021-12-12 17:00:00";-9
"2021-12-12 17:30:00";-7
"2021-12-12 18:00:00";-8
"2021-12-12 18:30:00";-10
"2021-12-12 19:00:00";-8
"2021-12-12 19:30:00";-8
"2021-12-12 20:00:00";-8
"2021-12-12 20:30:00";-8
"2021-12-12 21:00:00";-8
"2021-12-12 21:30:00";-8
"2021-12-12 22:00:00";-8
"2021-12-12 22:30:00";-8
"2021-12-12 23:00:00";-8
"2021-12-12 23:30:00";-7
"2021-12-13 00:00:00";-7
"2021-12-13 01:00:00";-7
"2021-12-13 01:30:00";-6
"2021-12-13 02:00:00";-8
"2021-12-13 02:30:00";-11
"2021-12-13 03:00:00";-9
"2021-12-13 03:30:00";-7
"2021-12-13 04:00:00";-9
"2021-12-13 04:30:00";-8
"2021-12-13 05:00:00";-10
"2021-12-13 05:30:00";-8
"2021-12-13 06:00:00";-9
"2021-12-13 06:30:00";-10
"2021-12-13 07:00:00";-7
"2021-12-13 07:30:00";-8
"2021-12-13 08:00:00";-8
"2021-12-13 08:30:00";-7
"2021-12-13 09:00:00";-9
"2021-12-13 09:30:00";-7
"2021-12-13 10:00:00";-9
"2021-12-13 10:30:00";-11
"2021-12-13 11:00:00";-11
"2021-12-13 11:30:00";-10
"2021-12-13 12:00:00";-12
"2021-12-13 12:30:00";-13
"2021-12-13 13:00:00";-15
"2021-12-13 13:30:00";-11
"2021-12-13 14:00:00";-10
"2021-12-13 14:30:00";-10
"2021-12-13 15:00:00";-8
"2021-12-13 15:30:00";-9
"2021-12-13 16:00:00";-8
"2021-12-13 16:30:00";-7
"2021-12-13 17:00:00";-8
"2021-12-13 17:30:00";-7
"2021-12-13 18:00:00";-7
"2021-12-13 18:30:00";-7
"2021-12-13 19:00:00";-7
"2021-12-13 19:30:00";-8
"2021-12-13 20:00:00";-6
"2021-12-13 20:30:00";-6
"2021-12-13 21:00:00";-7
"2021-12-13 21:30:00";-6
"2021-12-13 22:00:00";-6
"2021-12-13 22:30:00";-6
"2021-12-13 23:00:00";-7
"2021-12-13 23:30:00";-5
"2021-12-14 00:00:00";-7
"2021-12-14 01:00:00";-8
"2021-12-14 01:30:00";-7
"2021-12-14 02:00:00";-7
"2021-12-14 02:30:00";-5
"2021-12-14 03:00:00";-7
"2021-12-14 03:30:00";-8
"2021-12-14 04:00:00";-8
"2021-12-14 04:30:00";-7
"2021-12-14 05:00:00";-6
"2021-12-14 05:30:00";-7
"2021-12-14 06:00:00";-7
"2021-12-14 06:30:00";-7
"2021-12-14 07:00:00";-8
"2021-12-14 07:30:00";-7
"2021-12-14 08:00:00";-6
"2021-12-14 08:30:00";-7
"2021-12-14 09:00:00";-8
"2021-12-14 09:30:00";-6
"2021-12-14 10:00:00";-6
"2021-12-14 10:30:00";-9
"2021-12-14 11:00:00";-11
"2021-12-14 11:30:00";-10
"2021-12-14 12:00:00";-12
"2021-12-14 12:30:00";-15
"2021-12-14 13:00:00";-11
"2021-12-14 13:30:00";-10
"2021-12-14 14:00:00";-9
"2021-12-14 14:30:00";-9
"2021-12-14 15:00:00";-8
"2021-12-14 15:30:00";-8
"2021-12-14 16:00:00";-9
"2021-12-14 16:30:00";-7
"2021-12-14 17:00:00";-8
"2021-12-14 17:30:00";-8
"2021-12-14 18:00:00";-7
"2021-12-14 18:30:00";-7
"2021-12-14 19:00:00";-9
"2021-12-14 19:30:00";-8
"2021-12-14 20:00:00";-6
"2021-12-14 20:30:00";-7
"2021-12-14 21:00:00";-7
"2021-12-14 21:30:00";-7
"2021-12-14 22:00:00";-7
"2021-12-14 22:30:00";-8
"2021-12-14 23:00:00";-7
"2021-12-14 23:30:00";-6
"2021-12-15 00:00:00";-8
"2021-12-15 01:00:00";-8
"2021-12-15 01:30:00";-8
"2021-12-15 02:00:00";-9
"2021-12-15 02:30:00";-9
"2021-12-15 03:00:00";-8
"2021-12-15 03:30:00";-8
"2021-12-15 04:00:00";-9
"2021-12-15 04:30:00";-7
"2021-12-15 05:00:00";-8
"2021-12-15 05:30:00";-7
"2021-12-15 06:00:00";-8
"2021-12-15 06:30:00";-9
"2021-12-15 07:00:00";-9
"2021-12-15 07:30:00";-8
"2021-12-15 08:00:00";-8
"2021-12-15 08:30:00";-7
"2021-12-15 09:00:00";-7
"2021-12-15 09:30:00";-7
"2021-12-15 10:00:00";-8
"2021-12-15 10:30:00";-10
"2021-12-15 11:00:00";-11
"2021-12-15 11:30:00";-13
"2021-12-15 12:00:00";-15
"2021-12-15 12:30:00";-12
"2021-12-15 13:00:00";-14
"2021-12-15 13:30:00";-13
"2021-12-15 14:00:00";-11
"2021-12-15 14:30:00";-10
"2021-12-15 15:00:00";-8
"2021-12-15 15:30:00";-9
"2021-12-15 16:00:00";-10
"2021-12-15 16:30:00";-11
"2021-12-15 17:00:00";-9
"2021-12-15 17:30:00";-9
"2021-12-15 18:00:00";-9
"2021-12-15 18:30:00";-9
"2021-12-15 19:00:00";-9
"2021-12-15 19:30:00";-8
"2021-12-15 20:00:00";-9
"2021-12-15 20:30:00";-9
"2021-12-15 21:00:00";-10
"2021-12-15 21:30:00";-8
"2021-12-15 22:00:00";-8
"2021-12-15 22:30:00";-8
"2021-12-15 23:00:00";-9
"2021-12-15 23:30:00";-9
"2021-12-16 00:00:00";-9
"2021-12-16 01:00:00";-10
"2021-12-16 01:30:00";-8
"2021-12-16 02:00:00";-8
"2021-12-16 02:30:00";-9
"2021-12-16 03:00:00";-8
"2021-12-16 03:30:00";-8
"2021-12-16 04:00:00";-9
"2021-12-16 04:30:00";-9
"2021-12-16 05:00:00";-8
"2021-12-16 05:30:00";-8
"2021-12-16 06:00:00";-8
"2021-12-16 06:30:00";-8
"2021-12-16 07:00:00";-9
"2021-12-16 07:30:00";-9
"2021-12-16 08:00:00";-10
"2021-12-16 08:30:00";-9
"2021-12-16 09:00:00";-9
"2021-12-16 09:30:00";-8
"2021-12-16 10:00:00";-7
"2021-12-16 10:30:00";-9
"2021-12-16 11:00:00";-10
"2021-12-16 11:30:00";-12
"2021-12-16 12:00:00";-14
"2021-12-16 12:30:00";-14
"2021-12-16 13:00:00";-18
"2021-12-16 13:30:00";-14
"2021-12-16 14:00:00";-10
"2021-12-16 14:30:00";-9
"2021-12-16 15:00:00";-9
"2021-12-16 15:30:00";-10
"2021-12-16 16:00:00";-9
"2021-12-16 16:30:00";-9
"2021-12-16 17:00:00";-8
"2021-12-16 17:30:00";-8
"2021-12-16 18:00:00";-9
"2021-12-16 18:30:00";-10
"2021-12-16 19:00:00";-8
"2021-12-16 19:30:00";-9
"2021-12-16 20:00:00";-8
"2021-12-16 20:30:00";-7
"2021-12-16 21:00:00";-9
"2021-12-16 21:30:00";-8
"2021-12-16 22:00:00";-10
"2021-12-16 22:30:00";-9
"2021-12-16 23:00:00";-9
"2021-12-16 23:30:00";-8
"2021-12-17 00:00:00";-8
"2021-12-17 01:00:00";-9
"2021-12-17 01:30:00";-7
"2021-12-17 02:00:00";-9
"2021-12-17 02:30:00";-8
"2021-12-17 03:00:00";-8
"2021-12-17 03:30:00";-8
"2021-12-17 04:00:00";-9
"2021-12-17 04:30:00";-8
"2021-12-17 05:00:00";-9
"2021-12-17 05:30:00";-8
"2021-12-17 06:00:00";-8
"2021-12-17 06:30:00";-8
"2021-12-17 07:00:00";-8
"2021-12-17 07:30:00";-9
"2021-12-17 08:00:00";-9
"2021-12-17 08:30:00";-6
"2021-12-17 09:00:00";-8
"2021-12-17 09:30:00";-7
"2021-12-17 10:00:00";-9
"2021-12-17 10:30:00";-11
"2021-12-17 11:00:00";-14
"2021-12-17 11:30:00";-14
"2021-12-17 12:00:00";-12
"2021-12-17 12:30:00";-11
"2021-12-17 13:00:00";-14
"2021-12-17 13:30:00";-12
"2021-12-17 14:00:00";-10
"2021-12-17 14:30:00";-11
"2021-12-17 15:00:00";-10
"2021-12-17 15:30:00";-9
"2021-12-17 16:00:00";-9
"2021-12-17 16:30:00";-9
"2021-12-17 17:00:00";-10
"2021-12-17 17:30:00";-9
"2021-12-17 18:00:00";-9
"2021-12-17 18:30:00";-8
"2021-12-17 19:00:00";-10
"2021-12-17 19:30:00";-8
"2021-12-17 20:00:00";-9
"2021-12-17 20:30:00";-8
"2021-12-17 21:00:00";-11
"2021-12-17 21:30:00";-9
"2021-12-17 22:00:00";-8
"2021-12-17 22:30:00";-9
"2021-12-17 23:00:00";-8
"2021-12-17 23:30:00";-8
"2021-12-18 00:00:00";-8
"2021-12-18 02:00:00";-9
"2021-12-18 02:30:00";-9
"2021-12-18 03:00:00";-7
"2021-12-18 03:30:00";-9
"2021-12-18 04:00:00";-10
"2021-12-18 04:30:00";-9
"2021-12-18 05:00:00";-10
"2021-12-18 05:30:00";-9
"2021-12-18 06:00:00";-9
"2021-12-18 06:30:00";-9
"2021-12-18 07:00:00";-9
"2021-12-18 07:30:00";-8
"2021-12-18 08:00:00";-8
"2021-12-18 08:30:00";-9
"2021-12-18 09:00:00";-10
"2021-12-18 09:30:00";-9
"2021-12-18 10:00:00";-9
"2021-12-18 10:30:00";-9
"2021-12-18 11:00:00";-11
"2021-12-18 11:30:00";-12
"2021-12-18 12:00:00";-14
"2021-12-18 12:30:00";-16
"2021-12-18 13:00:00";-19
"2021-12-18 13:30:00";-14
"2021-12-18 14:00:00";-13
"2021-12-18 14:30:00";-11
"2021-12-18 15:00:00";-10
"2021-12-18 15:30:00";-10
"2021-12-18 16:00:00";-10
"2021-12-18 16:30:00";-10
"2021-12-18 17:00:00";-10
"2021-12-18 17:30:00";-9
"2021-12-18 18:00:00";-9
"2021-12-18 18:30:00";-10
"2021-12-18 19:00:00";-11
"2021-12-18 19:30:00";-10
"2021-12-18 20:00:00";-9
"2021-12-18 20:30:00";-9
"2021-12-18 21:00:00";-9
"2021-12-18 21:30:00";-10
"2021-12-18 22:00:00";-8
"2021-12-18 22:30:00";-9
"2021-12-18 23:00:00";-11
"2021-12-18 23:30:00";-9
"2021-12-19 00:00:00";-9
"2021-12-19 01:00:00";-8
"2021-12-19 01:30:00";-9
"2021-12-19 02:00:00";-9
"2021-12-19 02:30:00";-10
"2021-12-19 03:00:00";-10
"2021-12-19 03:30:00";-10
"2021-12-19 04:00:00";-9
"2021-12-19 04:30:00";-9
"2021-12-19 05:00:00";-8
"2021-12-19 05:30:00";-9
"2021-12-19 06:00:00";-10
"2021-12-19 06:30:00";-11
"2021-12-19 07:00:00";-10
"2021-12-19 07:30:00";-9
"2021-12-19 08:00:00";-8
"2021-12-19 08:30:00";-8
"2021-12-19 09:00:00";-9
"2021-12-19 09:30:00";-10
"2021-12-19 10:00:00";-8
"2021-12-19 10:30:00";-10
"2021-12-19 11:00:00";-13
"2021-12-19 11:30:00";-14
"2021-12-19 12:00:00";-14
"2021-12-19 12:30:00";-14
"2021-12-19 13:00:00";-16
"2021-12-19 13:30:00";-15
"2021-12-19 14:00:00";-12
"2021-12-19 14:30:00";-11
"2021-12-19 15:00:00";-10
"2021-12-19 15:30:00";-12
"2021-12-19 16:00:00";-10
"2021-12-19 16:30:00";-11
"2021-12-19 17:00:00";-9
"2021-12-19 17:30:00";-11
"2021-12-19 18:00:00";-11
"2021-12-19 18:30:00";-11
"2021-12-19 19:00:00";-9
"2021-12-19 19:30:00";-9
"2021-12-19 20:00:00";-10
"2021-12-19 20:30:00";-12
"2021-12-19 21:00:00";-9
"2021-12-19 21:30:00";-10
"2021-12-19 22:00:00";-10
"2021-12-19 22:30:00";-11
"2021-12-19 23:00:00";-10
"2021-12-19 23:30:00";-9
"2021-12-20 00:00:00";-8
"2021-12-20 01:00:00";-10
"2021-12-20 01:30:00";-9
"2021-12-20 02:00:00";-9
"2021-12-20 02:30:00";-9
"2021-12-20 03:00:00";-9
"2021-12-20 03:30:00";-11
"2021-12-20 04:00:00";-9
"2021-12-20 04:30:00";-9
"2021-12-20 05:00:00";-11
"2021-12-20 05:30:00";-9
"2021-12-20 06:00:00";-10
"2021-12-20 06:30:00";-9
"2021-12-20 07:00:00";-11
"2021-12-20 07:30:00";-8
"2021-12-20 08:00:00";-11
"2021-12-20 08:30:00";-9
"2021-12-20 09:00:00";-11
"2021-12-20 09:30:00";-7
"2021-12-20 10:00:00";-8
"2021-12-20 10:30:00";-11
"2021-12-20 11:00:00";-13
"2021-12-20 11:30:00";-14
"2021-12-20 12:00:00";-13
"2021-12-20 12:30:00";-14
"2021-12-20 13:00:00";-15
"2021-12-20 13:30:00";-13
"2021-12-20 14:00:00";-11
"2021-12-20 14:30:00";-11
"2021-12-20 15:00:00";-10
"2021-12-20 15:30:00";-12
"2021-12-20 16:00:00";-11
"2021-12-20 16:30:00";-12
"2021-12-20 17:00:00";-12
"2021-12-20 17:30:00";-11
"2021-12-20 18:00:00";-11
"2021-12-20 18:30:00";-12
"2021-12-20 19:00:00";-11
"2021-12-20 19:30:00";-11
"2021-12-20 20:00:00";-9
"2021-12-20 20:30:00";-10
"2021-12-20 21:00:00";-10
"2021-12-20 21:30:00";-10
"2021-12-20 22:00:00";-10
"2021-12-20 22:30:00";-10
"2021-12-20 23:00:00";-9
"2021-12-20 23:30:00";-9
"2021-12-21 00:00:00";-10
"2021-12-21 01:00:00";-10
"2021-12-21 01:30:00";-10
"2021-12-21 02:00:00";-10
"2021-12-21 02:30:00";-9
"2021-12-21 03:00:00";-9
"2021-12-21 03:30:00";-10
"2021-12-21 04:00:00";-10
"2021-12-21 04:30:00";-10
"2021-12-21 05:00:00";-10
"2021-12-21 05:30:00";-10
"2021-12-21 06:00:00";-11
"2021-12-21 06:30:00";-10
"2021-12-21 07:00:00";-10
"2021-12-21 07:30:00";-11
"2021-12-21 08:00:00";-10
"2021-12-21 08:30:00";-10
"2021-12-21 09:00:00";-10
"2021-12-21 09:30:00";-10
"2021-12-21 10:00:00";-10
"2021-12-21 10:30:00";-9
"2021-12-21 11:00:00";-10
"2021-12-21 11:30:00";-10
"2021-12-21 12:00:00";-10
"2021-12-21 12:30:00";-10
"2021-12-21 13:00:00";-10
"2021-12-21 13:30:00";-11
"2021-12-21 14:00:00";-10
"2021-12-21 14:30:00";-10
"2021-12-21 15:00:00";-11
"2021-12-21 15:30:00";-10
"2021-12-21 16:00:00";-10
"2021-12-21 16:30:00";-11
"2021-12-21 17:00:00";-11
"2021-12-21 17:30:00";-12
"2021-12-21 18:00:00";-11
"2021-12-21 18:30:00";-11
"2021-12-21 19:00:00";-10
"2021-12-21 19:30:00";-11
"2021-12-21 20:00:00";-11
"2021-12-21 20:30:00";-10
"2021-12-21 21:00:00";-10
"2021-12-21 21:30:00";-11
"2021-12-21 22:00:00";-10
"2021-12-21 22:30:00";-11
"2021-12-21 23:00:00";-10
"2021-12-21 23:30:00";-11
"2021-12-22 00:00:00";-11
"2021-12-22 01:00:00";-11
"2021-12-22 01:30:00";-11
"2021-12-22 02:00:00";-12
"2021-12-22 02:30:00";-11
"2021-12-22 03:00:00";-11
"2021-12-22 03:30:00";-11
"2021-12-22 04:00:00";-10
"2021-12-22 04:30:00";-11
"2021-12-22 05:00:00";-11
"2021-12-22 05:30:00";-11
"2021-12-22 06:00:00";-13
"2021-12-22 06:30:00";-12
"2021-12-22 07:00:00";-11
"2021-12-22 07:30:00";-13
"2021-12-22 08:00:00";-12
"2021-12-22 08:30:00";-12
"2021-12-22 09:00:00";-13
"2021-12-22 09:30:00";-12
"2021-12-22 10:00:00";-12
"2021-12-22 10:30:00";-13
"2021-12-22 11:00:00";-16
"2021-12-22 11:30:00";-17
"2021-12-22 12:00:00";-19
"2021-12-22 12:30:00";-19
"2021-12-22 13:00:00";-19
"2021-12-22 13:30:00";-18
"2021-12-22 14:00:00";-15
"2021-12-22 14:30:00";-14
"2021-12-22 15:00:00";-13
"2021-12-22 15:30:00";-13
"2021-12-22 16:00:00";-12
"2021-12-22 16:30:00";-13
"2021-12-22 17:00:00";-12
"2021-12-22 17:30:00";-13
"2021-12-22 18:00:00";-13
"2021-12-22 18:30:00";-12
"2021-12-22 19:00:00";-11
"2021-12-22 19:30:00";-11
"2021-12-22 20:00:00";-12
"2021-12-22 20:30:00";-11
"2021-12-22 21:00:00";-12
"2021-12-22 21:30:00";-10
"2021-12-22 22:00:00";-12
"2021-12-22 22:30:00";-12
"2021-12-22 23:00:00";-12
"2021-12-22 23:30:00";-12
"2021-12-23 00:00:00";-12
"2021-12-23 01:00:00";-11
"2021-12-23 01:30:00";-12
"2021-12-23 02:00:00";-12
"2021-12-23 02:30:00";-12
"2021-12-23 03:00:00";-11
"2021-12-23 03:30:00";-12
"2021-12-23 04:00:00";-12
"2021-12-23 04:30:00";-12
"2021-12-23 05:00:00";-12
"2021-12-23 05:30:00";-12
"2021-12-23 06:00:00";-12
"2021-12-23 06:30:00";-14
"2021-12-23 07:00:00";-12
"2021-12-23 07:30:00";-14
"2021-12-23 08:00:00";-13
"2021-12-23 08:30:00";-13
"2021-12-23 09:00:00";-13
"2021-12-23 09:30:00";-12
"2021-12-23 10:00:00";-13
"2021-12-23 10:30:00";-14
"2021-12-23 11:00:00";-14
"2021-12-23 11:30:00";-16
"2021-12-23 12:00:00";-15
"2021-12-23 12:30:00";-17
"2021-12-23 13:00:00";-15
"2021-12-23 13:30:00";-13
"2021-12-23 14:00:00";-13
"2021-12-23 14:30:00";-14
"2021-12-23 15:00:00";-14
"2021-12-23 15:30:00";-13
"2021-12-23 16:00:00";-12
"2021-12-23 16:30:00";-12
"2021-12-23 17:00:00";-13
"2021-12-23 17:30:00";-11
"2021-12-23 18:00:00";-10
"2021-12-23 18:30:00";-12
"2021-12-23 19:00:00";-11
"2021-12-23 19:30:00";-12
"2021-12-23 20:00:00";-11
"2021-12-23 20:30:00";-13
"2021-12-23 21:00:00";-11
"2021-12-23 21:30:00";-12
"2021-12-23 22:00:00";-11
"2021-12-23 22:30:00";-11
"2021-12-23 23:00:00";-11
"2021-12-23 23:30:00";-13
"2021-12-24 00:00:00";-13
"2021-12-24 01:00:00";-12
"2021-12-24 01:30:00";-11
"2021-12-24 02:00:00";-12
"2021-12-24 02:30:00";-12
"2021-12-24 03:00:00";-12
"2021-12-24 03:30:00";-12
"2021-12-24 04:00:00";-13
"2021-12-24 04:30:00";-12
"2021-12-24 05:00:00";-11
"2021-12-24 05:30:00";-12
"2021-12-24 06:00:00";-12
"2021-12-24 06:30:00";-12
"2021-12-24 07:00:00";-13
"2021-12-24 07:30:00";-12
"2021-12-24 08:00:00";-11
"2021-12-24 08:30:00";-11
"2021-12-24 09:00:00";-13
"2021-12-24 09:30:00";-12
"2021-12-24 10:00:00";-11
"2021-12-24 10:30:00";-13
"2021-12-24 11:00:00";-11
"2021-12-24 11:30:00";-12
"2021-12-24 12:00:00";-11
"2021-12-24 12:30:00";-12
"2021-12-24 13:00:00";-14
"2021-12-24 13:30:00";-15
"2021-12-24 14:00:00";-13
"2021-12-24 14:30:00";-13
"2021-12-24 15:00:00";-12
"2021-12-24 15:30:00";-11
"2021-12-24 16:00:00";-12
"2021-12-24 16:30:00";-13
"2021-12-24 17:00:00";-12
"2021-12-24 17:30:00";-13
"2021-12-24 18:00:00";-11
"2021-12-24 18:30:00";-11
"2021-12-24 19:00:00";-13
"2021-12-24 19:30:00";-11
"2021-12-24 20:00:00";-10
"2021-12-24 20:30:00";-10
"2021-12-24 21:00:00";-11
"2021-12-24 21:30:00";-11
"2021-12-24 22:00:00";-10
"2021-12-24 22:30:00";-12
"2021-12-24 23:00:00";-11
"2021-12-24 23:30:00";-12
"2021-12-25 00:00:00";-11
"2021-12-25 02:00:00";-11
"2021-12-25 02:30:00";-11
"2021-12-25 03:00:00";-11
"2021-12-25 03:30:00";-11
"2021-12-25 04:00:00";-12
"2021-12-25 04:30:00";-11
"2021-12-25 05:00:00";-11
"2021-12-25 05:30:00";-11
"2021-12-25 06:00:00";-11
"2021-12-25 06:30:00";-11
"2021-12-25 07:00:00";-11
"2021-12-25 07:30:00";-11
"2021-12-25 08:00:00";-12
"2021-12-25 08:30:00";-12
"2021-12-25 09:00:00";-11
"2021-12-25 09:30:00";-11
"2021-12-25 10:30:00";-11
"2021-12-25 11:00:00";-11
"2021-12-25 11:30:00";-11
"2021-12-25 12:00:00";-11
"2021-12-25 12:30:00";-11
"2021-12-25 13:00:00";-12
"2021-12-25 13:30:00";-11
"2021-12-25 14:00:00";-12
"2021-12-25 14:30:00";-11
"2021-12-25 15:00:00";-12
"2021-12-25 15:30:00";-13
"2021-12-25 16:00:00";-11
"2021-12-25 16:30:00";-12
"2021-12-25 17:00:00";-11
"2021-12-25 17:30:00";-13
"2021-12-25 18:00:00";-11
"2021-12-25 18:30:00";-12
"2021-12-25 19:00:00";-11
"2021-12-25 19:30:00";-11
"2021-12-25 20:00:00";-11
"2021-12-25 20:30:00";-12
"2021-12-25 21:00:00";-11
"2021-12-25 21:30:00";-12
"2021-12-25 22:00:00";-13
"2021-12-25 22:30:00";-12
"2021-12-25 23:00:00";-12
"2021-12-25 23:30:00";-11
"2021-12-26 00:00:00";-13
"2021-12-26 01:00:00";-11
"2021-12-26 01:30:00";-11
"2021-12-26 02:00:00";-12
"2021-12-26 02:30:00";-12
"2021-12-26 03:00:00";-11
"2021-12-26 03:30:00";-11
"2021-12-26 04:00:00";-12
"2021-12-26 04:30:00";-12
"2021-12-26 05:00:00";-12
"2021-12-26 05:30:00";-12
"2021-12-26 06:00:00";-11
"2021-12-26 06:30:00";-12
"2021-12-26 07:00:00";-13
"2021-12-26 07:30:00";-11
"2021-12-26 08:00:00";-13
"2021-12-26 08:30:00";-12
"2021-12-26 09:00:00";-11
"2021-12-26 09:30:00";-11
"2021-12-26 10:00:00";-10
"2021-12-26 10:30:00";-12
"2021-12-26 11:00:00";-14
"2021-12-26 11:30:00";-14
"2021-12-26 12:00:00";-15
"2021-12-26 12:30:00";-14
"2021-12-26 13:00:00";-15
"2021-12-26 13:30:00";-15
"2021-12-26 14:00:00";-14
"2021-12-26 14:30:00";-12
"2021-12-26 15:00:00";-13
"2021-12-26 15:30:00";-13
"2021-12-26 16:00:00";-12
"2021-12-26 16:30:00";-12
"2021-12-26 17:00:00";-13
"2021-12-26 17:30:00";-13
"2021-12-26 18:00:00";-12
"2021-12-26 18:30:00";-13
"2021-12-26 19:00:00";-12
"2021-12-26 19:30:00";-12
"2021-12-26 20:00:00";-13
"2021-12-26 20:30:00";-11
"2021-12-26 21:00:00";-14
"2021-12-26 21:30:00";-12
"2021-12-26 22:00:00";-12
"2021-12-26 22:30:00";-12
"2021-12-26 23:00:00";-11
"2021-12-26 23:30:00";-12
"2021-12-27 00:00:00";-12
"2021-12-27 01:00:00";-12
"2021-12-27 01:30:00";-12
"2021-12-27 02:00:00";-12
"2021-12-27 02:30:00";-12
"2021-12-27 03:00:00";-12
"2021-12-27 03:30:00";-13
"2021-12-27 04:00:00";-11
"2021-12-27 04:30:00";-12
"2021-12-27 05:00:00";-12
"2021-12-27 05:30:00";-12
"2021-12-27 06:00:00";-12
"2021-12-27 06:30:00";-12
"2021-12-27 07:00:00";-13
"2021-12-27 07:30:00";-11
"2021-12-27 08:00:00";-11
"2021-12-27 08:30:00";-12
"2021-12-27 09:00:00";-11
"2021-12-27 09:30:00";-12
"2021-12-27 10:00:00";-12
"2021-12-27 10:30:00";-12
"2021-12-27 11:00:00";-13
"2021-12-27 11:30:00";-12
"2021-12-27 12:00:00";-12
"2021-12-27 12:30:00";-12
"2021-12-27 13:00:00";-13
"2021-12-27 13:30:00";-12
"2021-12-27 14:00:00";-12
"2021-12-27 14:30:00";-12
"2021-12-27 15:00:00";-13
"2021-12-27 15:30:00";-12
"2021-12-27 16:00:00";-12
"2021-12-27 16:30:00";-12
"2021-12-27 17:00:00";-13
"2021-12-27 17:30:00";-12
"2021-12-27 18:00:00";-13
"2021-12-27 18:30:00";-12
"2021-12-27 19:00:00";-12
"2021-12-27 19:30:00";-12
"2021-12-27 20:00:00";-12
"2021-12-27 20:30:00";-12
"2021-12-27 21:00:00";-11
"2021-12-27 21:30:00";-13
"2021-12-27 22:00:00";-13
"2021-12-27 22:30:00";-12
"2021-12-27 23:00:00";-13
"2021-12-27 23:30:00";-12
"2021-12-28 00:00:00";-11
"2021-12-28 01:00:00";-12
"2021-12-28 01:30:00";-12
"2021-12-28 02:00:00";-12
"2021-12-28 02:30:00";-12
"2021-12-28 03:00:00";-12
"2021-12-28 03:30:00";-12
"2021-12-28 04:00:00";-11
"2021-12-28 04:30:00";-12
"2021-12-28 05:00:00";-12
"2021-12-28 05:30:00";-13
"2021-12-28 06:00:00";-12
"2021-12-28 06:30:00";-11
"2021-12-28 07:00:00";-14
"2021-12-28 07:30:00";-12
"2021-12-28 08:00:00";-12
"2021-12-28 08:30:00";-12
"2021-12-28 09:00:00";-12
"2021-12-28 09:30:00";-12
"2021-12-28 10:00:00";-11
"2021-12-28 10:30:00";-12
"2021-12-28 11:00:00";-12
"2021-12-28 11:30:00";-14
"2021-12-28 12:00:00";-16
"2021-12-28 12:30:00";-14
"2021-12-28 13:00:00";-16
"2021-12-28 13:30:00";-15
"2021-12-28 14:00:00";-13
"2021-12-28 14:30:00";-14
"2021-12-28 15:00:00";-12
"2021-12-28 15:30:00";-12
"2021-12-28 16:00:00";-12
"2021-12-28 16:30:00";-13
"2021-12-28 17:00:00";-13
"2021-12-28 17:30:00";-13
"2021-12-28 18:00:00";-13
"2021-12-28 18:30:00";-12
"2021-12-28 19:00:00";-13
"2021-12-28 19:30:00";-12
"2021-12-28 20:00:00";-12
"2021-12-28 20:30:00";-12
"2021-12-28 21:00:00";-11
"2021-12-28 21:30:00";-12
"2021-12-28 22:00:00";-12
"2021-12-28 22:30:00";-11
"2021-12-28 23:00:00";-12
"2021-12-28 23:30:00";-11
"2021-12-29 00:00:00";-12
"2021-12-29 01:00:00";-14
"2021-12-29 01:30:00";-12
"2021-12-29 02:00:00";-12
"2021-12-29 02:30:00";-12
"2021-12-29 03:00:00";-10
"2021-12-29 03:30:00";-11
"2021-12-29 04:00:00";-11
"2021-12-29 04:30:00";-11
"2021-12-29 05:00:00";-10
"2021-12-29 05:30:00";-10
"2021-12-29 06:00:00";-11
"2021-12-29 06:30:00";-12
"2021-12-29 07:00:00";-11
"2021-12-29 07:30:00";-11
"2021-12-29 08:00:00";-11
"2021-12-29 08:30:00";-11
"2021-12-29 09:00:00";-12
"2021-12-29 09:30:00";-12
"2021-12-29 10:00:00";-11
"2021-12-29 10:30:00";-13
"2021-12-29 11:00:00";-14
"2021-12-29 11:30:00";-15
"2021-12-29 12:00:00";-16
"2021-12-29 12:30:00";-15
"2021-12-29 13:00:00";-14
"2021-12-29 13:30:00";-13
"2021-12-29 14:00:00";-12
"2021-12-29 14:30:00";-11
"2021-12-29 15:00:00";-12
"2021-12-29 15:30:00";-11
"2021-12-29 16:00:00";-10
"2021-12-29 16:30:00";-12
"2021-12-29 17:00:00";-11
"2021-12-29 17:30:00";-11
"2021-12-29 18:00:00";-10
"2021-12-29 18:30:00";-10
"2021-12-29 19:00:00";-11
"2021-12-29 19:30:00";-10
"2021-12-29 20:00:00";-10
"2021-12-29 20:30:00";-8
"2021-12-29 21:00:00";-10
"2021-12-29 21:30:00";-10
"2021-12-29 22:00:00";-9
"2021-12-29 22:30:00";-9
"2021-12-29 23:00:00";-7
"2021-12-29 23:30:00";-9
"2021-12-30 00:00:00";-6
"2021-12-30 01:00:00";-8
"2021-12-30 01:30:00";-8
"2021-12-30 02:00:00";-7
"2021-12-30 02:30:00";-7
"2021-12-30 03:00:00";-6
"2021-12-30 03:30:00";-5
"2021-12-30 04:00:00";-6
"2021-12-30 04:30:00";-8
"2021-12-30 05:00:00";-6
"2021-12-30 05:30:00";-7
"2021-12-30 06:00:00";-8
"2021-12-30 06:30:00";-7
"2021-12-30 07:00:00";-7
"2021-12-30 07:30:00";-6
"2021-12-30 08:00:00";-8
"2021-12-30 08:30:00";-5
"2021-12-30 09:00:00";-7
"2021-12-30 09:30:00";-5
"2021-12-30 10:00:00";-6
"2021-12-30 10:30:00";-11
"2021-12-30 11:00:00";-11
"2021-12-30 11:30:00";-16
"2021-12-30 12:00:00";-14
"2021-12-30 12:30:00";-14
"2021-12-30 13:00:00";-16
"2021-12-30 13:30:00";-13
"2021-12-30 14:00:00";-13
"2021-12-30 14:30:00";-14
"2021-12-30 15:00:00";-11
"2021-12-30 15:30:00";-12
"2021-12-30 16:00:00";-11
"2021-12-30 16:30:00";-12
"2021-12-30 17:00:00";-12
"2021-12-30 17:30:00";-10
"2021-12-30 18:00:00";-11
"2021-12-30 18:30:00";-11
"2021-12-30 19:00:00";-12
"2021-12-30 19:30:00";-11
"2021-12-30 20:00:00";-12
"2021-12-30 20:30:00";-9
"2021-12-30 21:00:00";-11
"2021-12-30 21:30:00";-11
"2021-12-30 22:00:00";-11
"2021-12-30 22:30:00";-11
"2021-12-30 23:00:00";-11
"2021-12-30 23:30:00";-9
"2021-12-31 00:00:00";-12
"2021-12-31 01:00:00";-10
"2021-12-31 01:30:00";-11
"2021-12-31 02:00:00";-12
"2021-12-31 02:30:00";-11
"2021-12-31 03:00:00";-11
"2021-12-31 03:30:00";-13
"2021-12-31 04:00:00";-11
"2021-12-31 04:30:00";-12
"2021-12-31 05:00:00";-11
"2021-12-31 05:30:00";-10
"2021-12-31 06:00:00";-12
"2021-12-31 06:30:00";-12
"2021-12-31 07:00:00";-12
"2021-12-31 07:30:00";-12
"2021-12-31 08:00:00";-11
"2021-12-31 08:30:00";-12
"2021-12-31 09:00:00";-14
"2021-12-31 09:30:00";-12
"2021-12-31 10:00:00";-10
"2021-12-31 10:30:00";-12
"2021-12-31 11:00:00";-15
"2021-12-31 11:30:00";-17
"2021-12-31 12:00:00";-14
"2021-12-31 12:30:00";-18
"2021-12-31 13:00:00";-18
"2021-12-31 13:30:00";-16
"2021-12-31 14:00:00";-13
"2021-12-31 14:30:00";-15
"2021-12-31 15:00:00";-13
"2021-12-31 15:30:00";-13
"2021-12-31 16:00:00";-13
"2021-12-31 16:30:00";-13
"2021-12-31 17:00:00";-12
"2021-12-31 17:30:00";-12
"2021-12-31 18:00:00";-11
"2021-12-31 18:30:00";-12
"2021-12-31 19:00:00";-15
"2021-12-31 19:30:00";-13
"2021-12-31 20:00:00";-12
"2021-12-31 20:30:00";-14
"2021-12-31 21:00:00";-13
"2021-12-31 21:30:00";-14
"2021-12-31 22:00:00";-12
"2021-12-31 22:30:00";-12
"2021-12-31 23:00:00";-14
"2021-12-31 23:30:00";-11
"2022-01-01 00:00:00";-14
"2022-01-01 02:00:00";-13
"2022-01-01 02:30:00";-12
"2022-01-01 03:00:00";-12
"2022-01-01 03:30:00";-13
"2022-01-01 04:00:00";-13
"2022-01-01 04:30:00";-12
"2022-01-01 05:00:00";-13
"2022-01-01 05:30:00";-14
"2022-01-01 06:00:00";-13
"2022-01-01 06:30:00";-12
"2022-01-01 07:00:00";-12
"2022-01-01 07:30:00";-11
"2022-01-01 08:00:00";-14
"2022-01-01 08:30:00";-13
"2022-01-01 09:00:00";-14
"2022-01-01 09:30:00";-13
"2022-01-01 10:00:00";-12
"2022-01-01 10:30:00";-12
"2022-01-01 11:00:00";-15
"2022-01-01 11:30:00";-14
"2022-01-01 12:00:00";-16
"2022-01-01 12:30:00";-16
"2022-01-01 13:00:00";-18
"2022-01-01 13:30:00";-19
"2022-01-01 14:00:00";-15
"2022-01-01 14:30:00";-15
"2022-01-01 15:00:00";-14
"2022-01-01 15:30:00";-14
"2022-01-01 16:00:00";-14
"2022-01-01 16:30:00";-14
"2022-01-01 17:00:00";-13
"2022-01-01 17:30:00";-15
"2022-01-01 18:00:00";-13
"2022-01-01 18:30:00";-13
"2022-01-01 19:00:00";-15
"2022-01-01 19:30:00";-14
"2022-01-01 20:00:00";-15
"2022-01-01 20:30:00";-14
"2022-01-01 21:00:00";-13
"2022-01-01 21:30:00";-14
"2022-01-01 22:00:00";-14
"2022-01-01 22:30:00";-13
"2022-01-01 23:00:00";-14
"2022-01-01 23:30:00";-14
"2022-01-02 00:00:00";-13
"2022-01-02 01:00:00";-13
"2022-01-02 01:30:00";-14
"2022-01-02 02:00:00";-14
"2022-01-02 02:30:00";-13
"2022-01-02 03:00:00";-13
"2022-01-02 03:30:00";-13
"2022-01-02 04:00:00";-13
"2022-01-02 04:30:00";-13
"2022-01-02 05:00:00";-14
"2022-01-02 05:30:00";-13
"2022-01-02 06:00:00";-15
"2022-01-02 06:30:00";-14
"2022-01-02 07:00:00";-14
"2022-01-02 07:30:00";-12
"2022-01-02 08:00:00";-13
"2022-01-02 08:30:00";-13
"2022-01-02 09:00:00";-13
"2022-01-02 09:30:00";-13
"2022-01-02 10:00:00";-12
"2022-01-02 10:30:00";-12
"2022-01-02 11:00:00";-13
"2022-01-02 11:30:00";-12
"2022-01-02 12:00:00";-12
"2022-01-02 12:30:00";-15
"2022-01-02 13:00:00";-13
"2022-01-02 13:30:00";-14
"2022-01-02 14:00:00";-15
"2022-01-02 14:30:00";-14
"2022-01-02 15:00:00";-15
"2022-01-02 15:30:00";-14
"2022-01-02 16:00:00";-15
"2022-01-02 16:30:00";-14
"2022-01-02 17:00:00";-14
"2022-01-02 17:30:00";-14
"2022-01-02 18:00:00";-15
"2022-01-02 18:30:00";-15
"2022-01-02 19:00:00";-14
"2022-01-02 19:30:00";-13
"2022-01-02 20:00:00";-15
"2022-01-02 20:30:00";-13
"2022-01-02 21:00:00";-14
"2022-01-02 21:30:00";-15
"2022-01-02 22:00:00";-13
"2022-01-02 22:30:00";-14
"2022-01-02 23:00:00";-14
"2022-01-02 23:30:00";-13
"2022-01-03 00:00:00";-13
"2022-01-03 01:00:00";-14
"2022-01-03 01:30:00";-14
"2022-01-03 02:00:00";-13
"2022-01-03 02:30:00";-12
"2022-01-03 03:00:00";-13
"2022-01-03 03:30:00";-12
"2022-01-03 04:00:00";-14
"2022-01-03 04:30:00";-12
"2022-01-03 05:00:00";-12
"2022-01-03 05:30:00";-13
"2022-01-03 06:00:00";-15
"2022-01-03 06:30:00";-14
"2022-01-03 07:00:00";-13
"2022-01-03 07:30:00";-13
"2022-01-03 08:00:00";-12
"2022-01-03 08:30:00";-13
"2022-01-03 09:00:00";-14
"2022-01-03 09:30:00";-13
"2022-01-03 10:00:00";-14
"2022-01-03 10:30:00";-14
"2022-01-03 11:00:00";-15
"2022-01-03 11:30:00";-17
"2022-01-03 12:00:00";-16
"2022-01-03 12:30:00";-15
"2022-01-03 13:00:00";-16
"2022-01-03 13:30:00";-17
"2022-01-03 14:00:00";-15
"2022-01-03 14:30:00";-16
"2022-01-03 15:00:00";-15
"2022-01-03 15:30:00";-16
"2022-01-03 16:00:00";-15
"2022-01-03 16:30:00";-15
"2022-01-03 17:00:00";-16
"2022-01-03 17:30:00";-15
"2022-01-03 18:00:00";-15
"2022-01-03 18:30:00";-13
"2022-01-03 19:00:00";-14
"2022-01-03 19:30:00";-14
"2022-01-03 20:00:00";-14
"2022-01-03 20:30:00";-14
"2022-01-03 21:00:00";-15
"2022-01-03 21:30:00";-15
"2022-01-03 22:00:00";-14
"2022-01-03 22:30:00";-13
"2022-01-03 23:00:00";-14
"2022-01-03 23:30:00";-13
"2022-01-04 00:00:00";-14
"2022-01-04 01:00:00";-15
"2022-01-04 01:30:00";-13
"2022-01-04 02:00:00";-13
"2022-01-04 02:30:00";-14
"2022-01-04 03:00:00";-14
"2022-01-04 03:30:00";-15
"2022-01-04 04:00:00";-14
"2022-01-04 04:30:00";-14
"2022-01-04 05:00:00";-14
"2022-01-04 05:30:00";-13
"2022-01-04 06:00:00";-16
"2022-01-04 06:30:00";-15
"2022-01-04 07:00:00";-14
"2022-01-04 07:30:00";-15
"2022-01-04 08:00:00";-15
"2022-01-04 08:30:00";-14
"2022-01-04 09:00:00";-13
"2022-01-04 09:30:00";-14
"2022-01-04 10:00:00";-15
"2022-01-04 10:30:00";-14
"2022-01-04 11:00:00";-15
"2022-01-04 11:30:00";-14
"2022-01-04 12:00:00";-14
"2022-01-04 12:30:00";-14
"2022-01-04 13:00:00";-14
"2022-01-04 13:30:00";-14
"2022-01-04 14:00:00";-14
"2022-01-04 14:30:00";-14
"2022-01-04 15:00:00";-14
"2022-01-04 15:30:00";-14
"2022-01-04 16:00:00";-14
"2022-01-04 16:30:00";-15
"2022-01-04 17:00:00";-14
"2022-01-04 17:30:00";-14
"2022-01-04 18:00:00";-14
"2022-01-04 18:30:00";-14
"2022-01-04 20:30:00";-14
"2022-01-04 21:00:00";-14
"2022-01-04 21:30:00";-15
"2022-01-04 22:00:00";-14
"2022-01-04 22:30:00";-14
"2022-01-04 23:00:00";-14
"2022-01-04 23:30:00";-14
"2022-01-05 00:00:00";-14
"2022-01-05 01:00:00";-14
"2022-01-05 01:30:00";-13
"2022-01-05 02:00:00";-14
"2022-01-05 02:30:00";-14
"2022-01-05 03:00:00";-14
"2022-01-05 03:30:00";-14
"2022-01-05 04:00:00";-13
"2022-01-05 04:30:00";-15
"2022-01-05 05:00:00";-14
"2022-01-05 05:30:00";-13
"2022-01-05 06:00:00";-14
"2022-01-05 06:30:00";-14
"2022-01-05 07:00:00";-14
"2022-01-05 07:30:00";-15
"2022-01-05 08:00:00";-15
"2022-01-05 08:30:00";-14
"2022-01-05 09:00:00";-14
"2022-01-05 09:30:00";-13
"2022-01-05 10:00:00";-13
"2022-01-05 10:30:00";-14
"2022-01-05 11:00:00";-17
"2022-01-05 11:30:00";-17
"2022-01-05 12:00:00";-18
"2022-01-05 12:30:00";-20
"2022-01-05 13:00:00";-22
"2022-01-05 13:30:00";-20
"2022-01-05 14:00:00";-17
"2022-01-05 14:30:00";-19
"2022-01-05 15:00:00";-16
"2022-01-05 15:30:00";-15
"2022-01-05 16:00:00";-16
"2022-01-05 16:30:00";-16
"2022-01-05 17:00:00";-17
"2022-01-05 17:30:00";-15
"2022-01-05 18:00:00";-17
"2022-01-05 18:30:00";-16
"2022-01-05 19:00:00";-17
"2022-01-05 19:30:00";-16
"2022-01-05 20:00:00";-16
"2022-01-05 20:30:00";-18
"2022-01-05 21:00:00";-16
"2022-01-05 21:30:00";-16
"2022-01-05 22:00:00";-17
"2022-01-05 22:30:00";-16
"2022-01-05 23:00:00";-17
"2022-01-05 23:30:00";-16
"2022-01-06 00:00:00";-17
"2022-01-06 01:00:00";-17
"2022-01-06 01:30:00";-17
"2022-01-06 02:00:00";-17
"2022-01-06 02:30:00";-17
"2022-01-06 03:00:00";-18
"2022-01-06 03:30:00";-16
"2022-01-06 04:00:00";-16
"2022-01-06 04:30:00";-17
"2022-01-06 05:00:00";-16
"2022-01-06 05:30:00";-17
"2022-01-06 06:00:00";-16
"2022-01-06 06:30:00";-17
"2022-01-06 07:00:00";-17
"2022-01-06 07:30:00";-17
"2022-01-06 08:00:00";-17
"2022-01-06 08:30:00";-17
"2022-01-06 09:00:00";-19
"2022-01-06 09:30:00";-15
"2022-01-06 10:00:00";-16
"2022-01-06 10:30:00";-18
"2022-01-06 11:00:00";-21
"2022-01-06 11:30:00";-22
"2022-01-06 12:00:00";-22
"2022-01-06 12:30:00";-22
"2022-01-06 13:00:00";-27
"2022-01-06 13:30:00";-25
"2022-01-06 14:00:00";-20
"2022-01-06 14:30:00";-20
"2022-01-06 15:00:00";-18
"2022-01-06 15:30:00";-18
"2022-01-06 16:00:00";-18
"2022-01-06 16:30:00";-18
"2022-01-06 17:00:00";-20
"2022-01-06 17:30:00";-19
"2022-01-06 18:00:00";-18
"2022-01-06 18:30:00";-17
"2022-01-06 19:00:00";-19
"2022-01-06 19:30:00";-17
"2022-01-06 20:00:00";-17
"2022-01-06 20:30:00";-19
"2022-01-06 21:00:00";-19
"2022-01-06 21:30:00";-19
"2022-01-06 22:00:00";-18
"2022-01-06 22:30:00";-17
"2022-01-06 23:00:00";-19
"2022-01-06 23:30:00";-17
"2022-01-07 00:00:00";-18
"2022-01-07 01:00:00";-18
"2022-01-07 01:30:00";-18
"2022-01-07 02:00:00";-16
"2022-01-07 02:30:00";-19
"2022-01-07 03:00:00";-17
"2022-01-07 03:30:00";-18
"2022-01-07 04:00:00";-18
"2022-01-07 04:30:00";-19
"2022-01-07 05:00:00";-19
"2022-01-07 05:30:00";-19
"2022-01-07 06:00:00";-18
"2022-01-07 06:30:00";-20
"2022-01-07 07:00:00";-18
"2022-01-07 07:30:00";-17
"2022-01-07 08:00:00";-18
"2022-01-07 08:30:00";-17
"2022-01-07 09:00:00";-19
"2022-01-07 09:30:00";-19
"2022-01-07 10:00:00";-16
"2022-01-07 10:30:00";-18
"2022-01-07 11:00:00";-23
"2022-01-07 11:30:00";-23
"2022-01-07 12:00:00";-25
"2022-01-07 12:30:00";-23
"2022-01-07 13:00:00";-22
"2022-01-07 13:30:00";-23
"2022-01-07 14:00:00";-19
"2022-01-07 14:30:00";-20
"2022-01-07 15:00:00";-19
"2022-01-07 15:30:00";-19
"2022-01-07 16:00:00";-18
"2022-01-07 16:30:00";-18
"2022-01-07 17:00:00";-20
"2022-01-07 17:30:00";-18
"2022-01-07 18:00:00";-17
"2022-01-07 18:30:00";-21
"2022-01-07 19:00:00";-20
"2022-01-07 19:30:00";-17
"2022-01-07 20:00:00";-20
"2022-01-07 20:30:00";-20
"2022-01-07 21:00:00";-18
"2022-01-07 21:30:00";-20
"2022-01-07 22:00:00";-17
"2022-01-07 22:30:00";-18
"2022-01-07 23:00:00";-18
"2022-01-07 23:30:00";-17
"2022-01-08 00:00:00";-19
"2022-01-08 02:00:00";-17
"2022-01-08 02:30:00";-17
"2022-01-08 03:00:00";-17
"2022-01-08 03:30:00";-19
"2022-01-08 04:00:00";-19
"2022-01-08 04:30:00";-18
"2022-01-08 05:00:00";-18
"2022-01-08 05:30:00";-17
"2022-01-08 06:00:00";-18
"2022-01-08 06:30:00";-18
"2022-01-08 07:00:00";-18
"2022-01-08 07:30:00";-19
"2022-01-08 08:00:00";-19
"2022-01-08 08:30:00";-18
"2022-01-08 09:00:00";-20
"2022-01-08 09:30:00";-19
"2022-01-08 10:00:00";-18
"2022-01-08 10:30:00";-18
"2022-01-08 11:00:00";-20
"2022-01-08 11:30:00";-22
"2022-01-08 12:00:00";-22
"2022-01-08 12:30:00";-21
"2022-01-08 13:00:00";-21
"2022-01-08 13:30:00";-23
"2022-01-08 14:00:00";-21
"2022-01-08 14:30:00";-20
"2022-01-08 15:00:00";-20
"2022-01-08 15:30:00";-18
"2022-01-08 16:00:00";-18
"2022-01-08 16:30:00";-20
"2022-01-08 17:00:00";-19
"2022-01-08 17:30:00";-18
"2022-01-08 18:00:00";-18
"2022-01-08 18:30:00";-18
"2022-01-08 19:00:00";-18
"2022-01-08 19:30:00";-18
"2022-01-08 20:00:00";-19
"2022-01-08 20:30:00";-18
"2022-01-08 21:00:00";-17
"2022-01-08 21:30:00";-17
"2022-01-08 22:00:00";-17
"2022-01-08 22:30:00";-18
"2022-01-08 23:00:00";-17
"2022-01-08 23:30:00";-17
"2022-01-09 00:00:00";-18
"2022-01-09 01:00:00";-17
"2022-01-09 01:30:00";-18
"2022-01-09 02:00:00";-19
"2022-01-09 02:30:00";-18
"2022-01-09 03:00:00";-18
"2022-01-09 03:30:00";-20
"2022-01-09 04:00:00";-19
"2022-01-09 04:30:00";-18
"2022-01-09 05:00:00";-18
"2022-01-09 05:30:00";-17
"2022-01-09 06:00:00";-20
"2022-01-09 06:30:00";-18
"2022-01-09 07:00:00";-17
"2022-01-09 07:30:00";-16
"2022-01-09 08:00:00";-18
"2022-01-09 08:30:00";-19
"2022-01-09 09:00:00";-19
"2022-01-09 09:30:00";-19
"2022-01-09 10:00:00";-18
"2022-01-09 10:30:00";-18
"2022-01-09 11:00:00";-21
"2022-01-09 11:30:00";-23
"2022-01-09 12:00:00";-24
"2022-01-09 12:30:00";-23
"2022-01-09 13:00:00";-21
"2022-01-09 13:30:00";-19
"2022-01-09 14:00:00";-19
"2022-01-09 14:30:00";-18
"2022-01-09 15:00:00";-19
"2022-01-09 15:30:00";-19
"2022-01-09 16:00:00";-18
"2022-01-09 16:30:00";-19
"2022-01-09 17:00:00";-18
"2022-01-09 17:30:00";-18
"2022-01-09 18:00:00";-17
"2022-01-09 18:30:00";-16
"2022-01-09 19:00:00";-20
"2022-01-09 19:30:00";-18
"2022-01-09 20:00:00";-18
"2022-01-09 20:30:00";-16
"2022-01-09 21:00:00";-18
"2022-01-09 21:30:00";-17
"2022-01-09 22:00:00";-18
"2022-01-09 22:30:00";-17
"2022-01-09 23:00:00";-17
"2022-01-09 23:30:00";-19
"2022-01-10 00:00:00";-19
"2022-01-10 01:00:00";-18
"2022-01-10 01:30:00";-18
"2022-01-10 02:00:00";-19
"2022-01-10 02:30:00";-18
"2022-01-10 03:00:00";-17
"2022-01-10 03:30:00";-17
"2022-01-10 04:00:00";-19
"2022-01-10 04:30:00";-20
"2022-01-10 05:00:00";-19
"2022-01-10 05:30:00";-17
"2022-01-10 06:00:00";-18
"2022-01-10 06:30:00";-17
"2022-01-10 07:00:00";-19
"2022-01-10 07:30:00";-17
"2022-01-10 08:00:00";-19
"2022-01-10 08:30:00";-19
"2022-01-10 09:00:00";-19
"2022-01-10 09:30:00";-18
"2022-01-10 10:00:00";-16
"2022-01-10 10:30:00";-19
"2022-01-10 11:00:00";-20
"2022-01-10 11:30:00";-22
"2022-01-10 12:00:00";-23
"2022-01-10 12:30:00";-24
"2022-01-10 13:00:00";-24
"2022-01-10 13:30:00";-24
"2022-01-10 14:00:00";-20
"2022-01-10 14:30:00";-20
"2022-01-10 15:00:00";-20
"2022-01-10 15:30:00";-19
"2022-01-10 16:00:00";-20
"2022-01-10 16:30:00";-18
"2022-01-10 17:00:00";-20
"2022-01-10 17:30:00";-18
"2022-01-10 18:00:00";-19
"2022-01-10 18:30:00";-19
"2022-01-10 19:00:00";-19
"2022-01-10 19:30:00";-17
"2022-01-10 20:00:00";-18
"2022-01-10 20:30:00";-17
"2022-01-10 21:00:00";-17
"2022-01-10 21:30:00";-19
"2022-01-10 22:00:00";-18
"2022-01-10 22:30:00";-18
"2022-01-10 23:00:00";-20
"2022-01-10 23:30:00";-17
"2022-01-11 00:00:00";-18
"2022-01-11 01:00:00";-19
"2022-01-11 01:30:00";-20
"2022-01-11 02:00:00";-18
"2022-01-11 02:30:00";-20
"2022-01-11 03:00:00";-19
"2022-01-11 03:30:00";-19
"2022-01-11 04:00:00";-18
"2022-01-11 04:30:00";-18
"2022-01-11 05:00:00";-18
"2022-01-11 05:30:00";-19
"2022-01-11 06:00:00";-19
"2022-01-11 06:30:00";-18
"2022-01-11 07:00:00";-19
"2022-01-11 07:30:00";-20
"2022-01-11 08:00:00";-19
"2022-01-12 02:00:00";-18
"2022-01-12 11:30:00";-24
"2022-01-12 12:00:00";-25
"2022-01-12 12:30:00";-24
"2022-01-12 13:00:00";-27
"2022-01-12 13:30:00";-27
"2022-01-12 14:00:00";-24
"2022-01-12 14:30:00";-22
"2022-01-12 15:00:00";-19
"2022-01-12 15:30:00";-20
"2022-01-12 16:00:00";-21
"2022-01-12 16:30:00";-20
"2022-01-12 17:00:00";-19
"2022-01-12 17:30:00";-20
"2022-01-12 18:00:00";-18
"2022-01-12 18:30:00";-20
"2022-01-12 19:00:00";-18
"2022-01-12 19:30:00";-19
"2022-01-12 20:00:00";-20
"2022-01-12 20:30:00";-19
"2022-01-12 21:00:00";-19
"2022-01-12 21:30:00";-19
"2022-01-12 22:00:00";-20
"2022-01-12 22:30:00";-20
"2022-01-12 23:00:00";-19
"2022-01-12 23:30:00";-18
"2022-01-13 00:00:00";-19
"2022-01-13 01:00:00";-19
"2022-01-13 01:30:00";-19
"2022-01-13 02:00:00";-20
"2022-01-13 02:30:00";-19
"2022-01-13 03:00:00";-19
"2022-01-13 03:30:00";-19
"2022-01-13 04:00:00";-20
"2022-01-13 04:30:00";-18
"2022-01-13 05:00:00";-19
"2022-01-13 05:30:00";-20
"2022-01-13 06:00:00";-20
"2022-01-13 06:30:00";-18
"2022-01-13 07:00:00";-19
"2022-01-13 07:30:00";-20
"2022-01-13 08:00:00";-20
"2022-01-13 08:30:00";-20
"2022-01-13 09:00:00";-19
"2022-01-13 09:30:00";-20
"2022-01-13 10:00:00";-18
"2022-01-13 10:30:00";-18
"2022-01-13 11:00:00";-23
"2022-01-13 11:30:00";-25
"2022-01-13 12:00:00";-26
"2022-01-13 12:30:00";-26
"2022-01-13 13:00:00";-26
"2022-01-13 13:30:00";-25
"2022-01-13 14:00:00";-21
"2022-01-13 14:30:00";-21
"2022-01-13 15:00:00";-20
"2022-01-13 15:30:00";-19
"2022-01-13 16:00:00";-20
"2022-01-13 16:30:00";-18
"2022-01-13 17:00:00";-20
"2022-01-13 17:30:00";-20
"2022-01-13 18:00:00";-20
"2022-01-13 18:30:00";-18
"2022-01-13 19:00:00";-18
"2022-01-13 19:30:00";-19
"2022-01-13 20:00:00";-19
"2022-01-13 20:30:00";-18
"2022-01-13 21:00:00";-20
"2022-01-13 21:30:00";-19
"2022-01-13 22:00:00";-19
"2022-01-13 22:30:00";-18
"2022-01-13 23:00:00";-18
"2022-01-13 23:30:00";-19
"2022-01-14 00:00:00";-18
"2022-01-14 01:00:00";-19
"2022-01-14 01:30:00";-19
"2022-01-14 02:00:00";-17
"2022-01-14 02:30:00";-19
"2022-01-14 03:00:00";-19
"2022-01-14 03:30:00";-17
"2022-01-14 04:00:00";-17
"2022-01-14 04:30:00";-19
"2022-01-14 05:00:00";-18
"2022-01-14 05:30:00";-17
"2022-01-14 06:00:00";-20
"2022-01-14 06:30:00";-18
"2022-01-14 07:00:00";-19
"2022-01-14 07:30:00";-18
"2022-01-14 08:00:00";-19
"2022-01-14 08:30:00";-19
"2022-01-14 09:00:00";-18
"2022-01-14 09:30:00";-17
"2022-01-14 10:00:00";-16
"2022-01-14 10:30:00";-20
"2022-01-14 11:00:00";-21
"2022-01-14 11:30:00";-22
"2022-01-14 12:00:00";-20
"2022-01-14 12:30:00";-21
"2022-01-14 13:00:00";-23
"2022-01-14 13:30:00";-24
"2022-01-14 14:00:00";-21
"2022-01-14 14:30:00";-20
"2022-01-14 15:00:00";-20
"2022-01-14 15:30:00";-19
"2022-01-14 16:00:00";-19
"2022-01-14 16:30:00";-19
"2022-01-14 17:00:00";-19
"2022-01-14 17:30:00";-19
"2022-01-14 18:00:00";-19
"2022-01-14 18:30:00";-19
"2022-01-14 19:00:00";-18
"2022-01-14 19:30:00";-19
"2022-01-14 20:00:00";-19
"2022-01-14 20:30:00";-18
"2022-01-14 21:00:00";-17
"2022-01-14 21:30:00";-19
"2022-01-14 22:00:00";-18
"2022-01-14 22:30:00";-17
"2022-01-14 23:00:00";-18
"2022-01-14 23:30:00";-18
"2022-01-15 00:00:00";-18
"2022-01-15 02:00:00";-18
"2022-01-15 02:30:00";-19
"2022-01-15 03:00:00";-17
"2022-01-15 03:30:00";-19
"2022-01-15 04:00:00";-17
"2022-01-15 04:30:00";-19
"2022-01-15 05:00:00";-17
"2022-01-15 05:30:00";-19
"2022-01-15 06:00:00";-18
"2022-01-15 06:30:00";-17
"2022-01-15 07:00:00";-18
"2022-01-15 07:30:00";-18
"2022-01-15 08:00:00";-16
"2022-01-15 08:30:00";-18
"2022-01-15 09:00:00";-18
"2022-01-15 09:30:00";-18
"2022-01-15 10:00:00";-18
"2022-01-15 10:30:00";-18
"2022-01-15 11:00:00";-21
"2022-01-15 11:30:00";-20
"2022-01-15 12:00:00";-21
"2022-01-15 12:30:00";-21
"2022-01-15 13:00:00";-22
"2022-01-15 13:30:00";-26
"2022-01-15 14:00:00";-22
"2022-01-15 14:30:00";-20
"2022-01-15 15:00:00";-19
"2022-01-15 15:30:00";-20
"2022-01-15 16:00:00";-20
"2022-01-15 16:30:00";-19
"2022-01-15 17:00:00";-20
"2022-01-15 17:30:00";-20
"2022-01-15 18:00:00";-20
"2022-01-15 18:30:00";-19
"2022-01-15 19:00:00";-18
"2022-01-15 19:30:00";-19
"2022-01-15 20:00:00";-18
"2022-01-15 20:30:00";-18
"2022-01-15 21:00:00";-17
"2022-01-15 21:30:00";-18
"2022-01-15 22:00:00";-19
"2022-01-15 22:30:00";-17
"2022-01-15 23:00:00";-17
"2022-01-15 23:30:00";-19
"2022-01-16 00:00:00";-18
"2022-01-16 01:00:00";-17
"2022-01-16 01:30:00";-19
"2022-01-16 02:00:00";-19
"2022-01-16 02:30:00";-18
"2022-01-16 03:00:00";-19
"2022-01-16 03:30:00";-19
"2022-01-16 04:00:00";-18
"2022-01-16 04:30:00";-18
"2022-01-16 05:00:00";-19
"2022-01-16 05:30:00";-18
"2022-01-16 06:00:00";-18
"2022-01-16 06:30:00";-17
"2022-01-16 07:00:00";-17
"2022-01-16 07:30:00";-20
"2022-01-16 08:00:00";-18
"2022-01-16 08:30:00";-18
"2022-01-16 09:00:00";-18
"2022-01-16 09:30:00";-16
"2022-01-16 10:00:00";-18
"2022-01-16 10:30:00";-20
"2022-01-16 11:00:00";-22
"2022-01-16 11:30:00";-25
"2022-01-16 12:00:00";-22
"2022-01-16 12:30:00";-23
"2022-01-16 13:00:00";-25
"2022-01-16 13:30:00";-26
"2022-01-16 14:00:00";-23
"2022-01-16 14:30:00";-20
"2022-01-16 15:00:00";-20
"2022-01-16 15:30:00";-19
"2022-01-16 16:00:00";-19
"2022-01-16 16:30:00";-19
"2022-01-16 17:00:00";-19
"2022-01-16 17:30:00";-18
"2022-01-16 18:00:00";-18
"2022-01-16 18:30:00";-19
"2022-01-16 19:00:00";-19
"2022-01-16 19:30:00";-18
"2022-01-16 20:00:00";-18
"2022-01-16 20:30:00";-18
"2022-01-16 21:00:00";-19
"2022-01-16 21:30:00";-19
"2022-01-16 22:00:00";-18
"2022-01-16 22:30:00";-18
"2022-01-16 23:00:00";-18
"2022-01-16 23:30:00";-17
"2022-01-17 00:00:00";-18
"2022-01-17 01:00:00";-18
"2022-01-17 01:30:00";-20
"2022-01-17 02:00:00";-19
"2022-01-17 02:30:00";-19
"2022-01-17 03:00:00";-18
"2022-01-17 03:30:00";-20
"2022-01-17 04:00:00";-18
"2022-01-17 04:30:00";-19
"2022-01-17 05:00:00";-18
"2022-01-17 05:30:00";-19
"2022-01-17 06:00:00";-19
"2022-01-17 06:30:00";-18
"2022-01-17 07:00:00";-18
"2022-01-17 07:30:00";-20
"2022-01-17 08:00:00";-18
"2022-01-17 08:30:00";-19
"2022-01-17 09:00:00";-19
"2022-01-17 09:30:00";-17
"2022-01-17 10:00:00";-18
"2022-01-17 10:30:00";-19
"2022-01-17 11:00:00";-22
"2022-01-17 11:30:00";-22
"2022-01-17 12:00:00";-22
"2022-01-17 12:30:00";-23
"2022-01-17 13:00:00";-26
"2022-01-17 13:30:00";-27
"2022-01-17 14:00:00";-23
"2022-01-17 14:30:00";-21
"2022-01-17 15:00:00";-22
"2022-01-17 15:30:00";-20
"2022-01-17 16:00:00";-19
"2022-01-17 16:30:00";-19
"2022-01-17 17:00:00";-19
"2022-01-17 17:30:00";-21
"2022-01-17 18:00:00";-18
"2022-01-17 18:30:00";-18
"2022-01-17 19:00:00";-19
"2022-01-17 19:30:00";-19
"2022-01-17 20:00:00";-19
"2022-01-17 20:30:00";-18
"2022-01-17 21:00:00";-20
"2022-01-17 21:30:00";-18
"2022-01-17 22:00:00";-21
"2022-01-17 22:30:00";-18
"2022-01-17 23:00:00";-19
"2022-01-17 23:30:00";-18
"2022-01-18 00:00:00";-19
"2022-01-18 01:00:00";-20
"2022-01-18 01:30:00";-18
"2022-01-18 02:00:00";-20
"2022-01-18 02:30:00";-20
"2022-01-18 03:00:00";-18
"2022-01-18 03:30:00";-19
"2022-01-18 04:00:00";-18
"2022-01-18 04:30:00";-19
"2022-01-18 05:00:00";-18
"2022-01-18 05:30:00";-19
"2022-01-18 06:00:00";-18
"2022-01-18 06:30:00";-18
"2022-01-18 07:00:00";-19
"2022-01-18 07:30:00";-20
"2022-01-18 08:00:00";-20
"2022-01-18 08:30:00";-20
"2022-01-18 09:00:00";-20
"2022-01-18 09:30:00";-19
"2022-01-18 10:00:00";-19
"2022-01-18 10:30:00";-21
"2022-01-18 11:00:00";-22
"2022-01-18 11:30:00";-23
"2022-01-18 12:00:00";-22
"2022-01-18 12:30:00";-24
"2022-01-18 13:00:00";-24
"2022-01-18 13:30:00";-25
"2022-01-18 14:00:00";-21
"2022-01-18 14:30:00";-22
"2022-01-18 15:00:00";-21
"2022-01-18 15:30:00";-20
"2022-01-18 16:00:00";-21
"2022-01-18 16:30:00";-21
"2022-01-18 17:00:00";-19
"2022-01-18 17:30:00";-19
"2022-01-18 18:00:00";-20
"2022-01-18 18:30:00";-19
"2022-01-18 19:00:00";-19
"2022-01-18 19:30:00";-19
"2022-01-18 20:00:00";-20
"2022-01-18 20:30:00";-19
"2022-01-18 21:00:00";-18
"2022-01-18 21:30:00";-18
"2022-01-18 22:00:00";-20
"2022-01-18 22:30:00";-20
"2022-01-18 23:00:00";-19
"2022-01-18 23:30:00";-20
"2022-01-19 00:00:00";-19
"2022-01-19 01:00:00";-18
"2022-01-19 01:30:00";-18
"2022-01-19 02:00:00";-19
"2022-01-19 02:30:00";-18
"2022-01-19 03:00:00";-19
"2022-01-19 03:30:00";-19
"2022-01-19 04:00:00";-20
"2022-01-19 04:30:00";-19
"2022-01-19 05:00:00";-19
"2022-01-19 05:30:00";-20
"2022-01-19 06:00:00";-19
"2022-01-19 06:30:00";-19
"2022-01-19 07:00:00";-20
"2022-01-19 07:30:00";-19
"2022-01-19 08:00:00";-18
"2022-01-19 08:30:00";-20
"2022-01-19 09:00:00";-20
"2022-01-19 09:30:00";-19
"2022-01-19 10:00:00";-19
"2022-01-19 10:30:00";-20
"2022-01-19 11:00:00";-22
"2022-01-19 11:30:00";-24
"2022-01-19 12:00:00";-25
"2022-01-19 12:30:00";-23
"2022-01-19 13:00:00";-26
"2022-01-19 13:30:00";-24
"2022-01-19 14:00:00";-21
"2022-01-19 14:30:00";-21
"2022-01-19 15:00:00";-22
"2022-01-19 15:30:00";-19
"2022-01-19 16:00:00";-21
"2022-01-19 16:30:00";-21
"2022-01-19 17:00:00";-20
"2022-01-19 17:30:00";-19
"2022-01-19 18:00:00";-20
"2022-01-19 18:30:00";-20
"2022-01-19 19:00:00";-19
"2022-01-19 20:00:00";-20
"2022-01-19 20:30:00";-19
"2022-01-19 21:00:00";-20
"2022-01-19 21:30:00";-19
"2022-01-19 22:00:00";-19
"2022-01-19 22:30:00";-20
"2022-01-19 23:00:00";-19
"2022-01-19 23:30:00";-19
"2022-01-20 00:00:00";-18
"2022-01-20 01:30:00";-18
"2022-01-20 02:00:00";-18
"2022-01-20 02:30:00";-19
"2022-01-20 03:00:00";-19
"2022-01-20 03:30:00";-19
"2022-01-20 04:00:00";-19
"2022-01-20 04:30:00";-20
"2022-01-20 05:00:00";-19
"2022-01-20 05:30:00";-19
"2022-01-20 06:00:00";-19
"2022-01-20 06:30:00";-19
"2022-01-20 07:00:00";-20
"2022-01-20 07:30:00";-19
"2022-01-20 08:00:00";-20
"2022-01-20 08:30:00";-18
"2022-01-20 09:00:00";-17
"2022-01-20 09:30:00";-18
"2022-01-20 10:00:00";-18
"2022-01-20 10:30:00";-20
"2022-01-20 11:00:00";-22
"2022-01-20 11:30:00";-22
"2022-01-20 12:00:00";-26
"2022-01-20 12:30:00";-26
"2022-01-20 13:00:00";-28
"2022-01-20 13:30:00";-29
"2022-01-20 14:00:00";-24
"2022-01-20 14:30:00";-22
"2022-01-20 15:00:00";-21
"2022-01-20 15:30:00";-20
"2022-01-20 16:00:00";-20
"2022-01-20 16:30:00";-20
"2022-01-20 17:00:00";-20
"2022-01-20 17:30:00";-21
"2022-01-20 18:00:00";-20
"2022-01-20 18:30:00";-20
"2022-01-20 19:00:00";-20
"2022-01-20 19:30:00";-20
"2022-01-20 20:00:00";-20
"2022-01-20 20:30:00";-20
"2022-01-20 21:00:00";-20
"2022-01-20 21:30:00";-19
"2022-01-20 22:00:00";-20
"2022-01-20 22:30:00";-20
"2022-01-20 23:00:00";-21
"2022-01-20 23:30:00";-19
"2022-01-21 00:00:00";-19
"2022-01-21 01:00:00";-20
"2022-01-21 01:30:00";-21
"2022-01-21 02:00:00";-20
"2022-01-21 02:30:00";-20
"2022-01-21 03:00:00";-20
"2022-01-21 03:30:00";-21
"2022-01-21 04:00:00";-20
"2022-01-21 04:30:00";-20
"2022-01-21 05:00:00";-21
"2022-01-21 05:30:00";-20
"2022-01-21 06:00:00";-20
"2022-01-21 06:30:00";-21
"2022-01-21 07:00:00";-20
"2022-01-21 07:30:00";-21
"2022-01-21 08:00:00";-20
"2022-01-21 08:30:00";-20
"2022-01-21 09:00:00";-21
"2022-01-21 09:30:00";-19
"2022-01-21 10:00:00";-19
"2022-01-21 10:30:00";-20
"2022-01-21 11:00:00";-26
"2022-01-21 11:30:00";-27
"2022-01-21 12:00:00";-28
"2022-01-21 12:30:00";-28
"2022-01-21 13:00:00";-29
"2022-01-21 13:30:00";-26
"2022-01-21 14:00:00";-23
"2022-01-21 14:30:00";-23
"2022-01-21 15:00:00";-22
"2022-01-21 15:30:00";-21
"2022-01-21 16:00:00";-22
"2022-01-21 16:30:00";-21
"2022-01-21 17:00:00";-22
"2022-01-21 17:30:00";-21
"2022-01-21 18:00:00";-21
"2022-01-21 18:30:00";-19
"2022-01-21 19:00:00";-19
"2022-01-21 19:30:00";-20
"2022-01-21 20:00:00";-21
"2022-01-21 20:30:00";-22
"2022-01-21 21:00:00";-21
"2022-01-21 21:30:00";-21
"2022-01-21 22:00:00";-21
"2022-01-21 22:30:00";-21
"2022-01-21 23:00:00";-21
"2022-01-21 23:30:00";-21
"2022-01-22 00:00:00";-20
"2022-01-22 02:00:00";-21
"2022-01-22 02:30:00";-20
"2022-01-22 03:00:00";-21
"2022-01-22 03:30:00";-21
"2022-01-22 04:00:00";-21
"2022-01-22 04:30:00";-20
"2022-01-22 05:00:00";-20
"2022-01-22 05:30:00";-20
"2022-01-22 06:00:00";-21
"2022-01-22 06:30:00";-20
"2022-01-22 07:00:00";-21
"2022-01-22 07:30:00";-20
"2022-01-22 08:00:00";-20
"2022-01-22 08:30:00";-22
"2022-01-22 09:00:00";-20
"2022-01-22 09:30:00";-21
"2022-01-22 10:00:00";-19
"2022-01-22 10:30:00";-22
"2022-01-22 11:00:00";-23
"2022-01-22 11:30:00";-24
"2022-01-22 12:00:00";-23
"2022-01-22 12:30:00";-23
"2022-01-22 13:00:00";-25
"2022-01-22 13:30:00";-24
"2022-01-22 14:00:00";-21
"2022-01-22 14:30:00";-23
"2022-01-22 15:00:00";-23
"2022-01-22 15:30:00";-20
"2022-01-22 16:00:00";-21
"2022-01-22 16:30:00";-21
"2022-01-22 17:00:00";-20
"2022-01-22 17:30:00";-21
"2022-01-22 18:00:00";-20
"2022-01-22 18:30:00";-18
"2022-01-22 19:00:00";-20
"2022-01-22 19:30:00";-20
"2022-01-22 20:00:00";-20
"2022-01-22 20:30:00";-20
"2022-01-22 21:00:00";-18
"2022-01-22 21:30:00";-20
"2022-01-22 22:00:00";-19
"2022-01-22 22:30:00";-20
"2022-01-22 23:00:00";-21
"2022-01-22 23:30:00";-22
"2022-01-23 00:00:00";-21
"2022-01-23 01:00:00";-20
"2022-01-23 01:30:00";-21
"2022-01-23 02:00:00";-19
"2022-01-23 02:30:00";-20
"2022-01-23 03:00:00";-20
"2022-01-23 03:30:00";-20
"2022-01-23 04:00:00";-19
"2022-01-23 04:30:00";-19
"2022-01-23 05:00:00";-19
"2022-01-23 05:30:00";-18
"2022-01-23 06:00:00";-20
"2022-01-23 06:30:00";-19
"2022-01-23 07:00:00";-20
"2022-01-23 07:30:00";-20
"2022-01-23 08:00:00";-22
"2022-01-23 08:30:00";-20
"2022-01-23 09:00:00";-20
"2022-01-23 09:30:00";-19
"2022-01-23 10:00:00";-18
"2022-01-23 10:30:00";-22
"2022-01-23 11:00:00";-21
"2022-01-23 11:30:00";-26
"2022-01-23 12:00:00";-25
"2022-01-23 12:30:00";-24
"2022-01-23 13:00:00";-26
"2022-01-23 13:30:00";-25
"2022-01-23 14:00:00";-24
"2022-01-23 14:30:00";-22
"2022-01-23 15:00:00";-22
"2022-01-23 15:30:00";-22
"2022-01-23 16:00:00";-21
"2022-01-23 16:30:00";-21
"2022-01-23 17:00:00";-21
"2022-01-23 17:30:00";-22
"2022-01-23 18:00:00";-20
"2022-01-23 18:30:00";-19
"2022-01-23 19:00:00";-21
"2022-01-23 19:30:00";-21
"2022-01-23 20:00:00";-19
"2022-01-23 20:30:00";-22
"2022-01-23 21:00:00";-22
"2022-01-23 21:30:00";-21
"2022-01-23 22:00:00";-20
"2022-01-23 22:30:00";-21
"2022-01-23 23:00:00";-20
"2022-01-23 23:30:00";-19
"2022-01-24 00:00:00";-20
"2022-01-24 01:00:00";-21
"2022-01-24 01:30:00";-20
"2022-01-24 02:00:00";-20
"2022-01-24 02:30:00";-21
"2022-01-24 03:00:00";-22
"2022-01-24 03:30:00";-19
"2022-01-24 04:00:00";-21
"2022-01-24 04:30:00";-20
"2022-01-24 05:00:00";-21
"2022-01-24 05:30:00";-20
"2022-01-24 06:00:00";-20
"2022-01-24 06:30:00";-21
"2022-01-24 07:00:00";-21
"2022-01-24 07:30:00";-20
"2022-01-24 08:00:00";-20
"2022-01-24 08:30:00";-19
"2022-01-24 09:00:00";-20
"2022-01-24 09:30:00";-20
"2022-01-24 10:00:00";-19
"2022-01-24 10:30:00";-21
"2022-01-24 11:00:00";-23
"2022-01-24 11:30:00";-26
"2022-01-24 12:00:00";-26
"2022-01-24 12:30:00";-24
"2022-01-24 13:00:00";-25
"2022-01-24 13:30:00";-26
"2022-01-24 14:00:00";-21
"2022-01-24 14:30:00";-23
"2022-01-24 15:00:00";-23
"2022-01-24 15:30:00";-22
"2022-01-24 16:00:00";-21
"2022-01-24 16:30:00";-22
"2022-01-24 17:00:00";-20
"2022-01-24 17:30:00";-22
"2022-01-24 18:00:00";-22
"2022-01-24 18:30:00";-21
"2022-01-24 19:00:00";-20
"2022-01-24 19:30:00";-21
"2022-01-24 20:00:00";-21
"2022-01-24 20:30:00";-21
"2022-01-24 21:00:00";-22
"2022-01-24 21:30:00";-20
"2022-01-24 22:00:00";-21
"2022-01-24 22:30:00";-21
"2022-01-24 23:00:00";-20
"2022-01-24 23:30:00";-20
"2022-01-25 00:00:00";-21
"2022-01-25 01:00:00";-20
"2022-01-25 01:30:00";-22
"2022-01-25 02:00:00";-22
"2022-01-25 02:30:00";-20
"2022-01-25 03:00:00";-21
"2022-01-25 03:30:00";-21
"2022-01-25 04:00:00";-20
"2022-01-25 04:30:00";-21
"2022-01-25 05:00:00";-22
"2022-01-25 05:30:00";-22
"2022-01-25 06:00:00";-21
"2022-01-25 06:30:00";-20
"2022-01-25 07:00:00";-22
"2022-01-25 07:30:00";-21
"2022-01-25 08:00:00";-22
"2022-01-25 08:30:00";-21
"2022-01-25 09:00:00";-21
"2022-01-25 09:30:00";-22
"2022-01-25 10:00:00";-20
"2022-01-25 10:30:00";-22
"2022-01-25 11:00:00";-26
"2022-01-25 11:30:00";-26
"2022-01-25 12:00:00";-27
"2022-01-25 12:30:00";-24
"2022-01-25 13:00:00";-25
"2022-01-25 13:30:00";-27
"2022-01-25 14:00:00";-24
"2022-01-25 14:30:00";-22
"2022-01-25 15:00:00";-22
"2022-01-25 16:30:00";-22
"2022-01-25 17:00:00";-21
"2022-01-25 17:30:00";-20
"2022-01-25 18:00:00";-21
"2022-01-25 18:30:00";-21
"2022-01-25 19:00:00";-22
"2022-01-25 19:30:00";-20
"2022-01-25 20:00:00";-20
"2022-01-25 20:30:00";-21
"2022-01-25 21:00:00";-20
"2022-01-25 21:30:00";-22
"2022-01-25 22:00:00";-22
"2022-01-25 22:30:00";-20
"2022-01-25 23:00:00";-21
"2022-01-25 23:30:00";-20
"2022-01-26 01:00:00";-21
"2022-01-26 01:30:00";-20
"2022-01-26 02:00:00";-20
"2022-01-26 02:30:00";-22
"2022-01-26 03:30:00";-19
"2022-01-26 04:00:00";-20
"2022-01-26 05:30:00";-20
"2022-01-26 06:00:00";-19
"2022-01-26 06:30:00";-20
"2022-01-26 07:30:00";-21
"2022-01-26 08:00:00";-21
"2022-01-26 08:30:00";-19
"2022-01-26 09:00:00";-20
"2022-01-26 09:30:00";-19
"2022-01-26 10:30:00";-21
"2022-01-26 11:00:00";-25
"2022-01-26 11:30:00";-26
"2022-01-26 23:30:00";-22
"2022-01-27 07:30:00";-22
"2022-01-27 08:00:00";-22
"2022-01-27 08:30:00";-20
"2022-01-27 09:00:00";-20
"2022-01-27 09:30:00";-20
"2022-01-27 10:00:00";-21
"2022-01-27 10:30:00";-21
"2022-01-27 11:00:00";-22
"2022-01-27 11:30:00";-23
"2022-01-27 12:00:00";-23
"2022-01-27 12:30:00";-23
"2022-01-27 13:00:00";-27
"2022-01-27 13:30:00";-28
"2022-01-27 14:00:00";-25
"2022-01-27 14:30:00";-25
"2022-01-27 15:00:00";-23
"2022-01-27 15:30:00";-23
"2022-01-27 16:00:00";-21
"2022-01-27 16:30:00";-21
"2022-01-27 17:00:00";-21
"2022-01-27 17:30:00";-21
"2022-01-27 18:00:00";-21
"2022-01-27 18:30:00";-22
"2022-01-27 19:00:00";-21
"2022-01-27 19:30:00";-22
"2022-01-27 20:00:00";-21
"2022-01-27 20:30:00";-22
"2022-01-27 21:00:00";-22
"2022-01-27 21:30:00";-21
"2022-01-27 22:00:00";-20
"2022-01-27 22:30:00";-20
"2022-01-27 23:00:00";-20
"2022-01-27 23:30:00";-20
"2022-01-28 00:00:00";-19
"2022-01-28 01:00:00";-18
"2022-01-28 01:30:00";-20
"2022-01-28 02:00:00";-21
"2022-01-28 02:30:00";-20
"2022-01-28 03:00:00";-21
"2022-01-28 03:30:00";-20
"2022-01-28 04:00:00";-22
"2022-01-28 04:30:00";-20
"2022-01-28 05:00:00";-21
"2022-01-28 05:30:00";-20
"2022-01-28 06:00:00";-20
"2022-01-28 06:30:00";-20
"2022-01-28 07:00:00";-21
"2022-01-28 07:30:00";-22
"2022-01-28 08:00:00";-20
"2022-01-28 08:30:00";-21
"2022-01-28 09:00:00";-19
"2022-01-28 09:30:00";-21
"2022-01-28 10:00:00";-19
"2022-01-28 10:30:00";-22
"2022-01-28 11:00:00";-21
"2022-01-28 11:30:00";-24
"2022-01-28 12:00:00";-26
"2022-01-28 12:30:00";-28
"2022-01-28 13:00:00";-30
"2022-01-28 13:30:00";-30
"2022-01-28 14:00:00";-25
"2022-01-28 14:30:00";-23
"2022-01-28 15:00:00";-22
"2022-01-28 15:30:00";-21
"2022-01-28 16:00:00";-22
"2022-01-28 16:30:00";-22
"2022-01-28 17:00:00";-23
"2022-01-28 17:30:00";-21
"2022-01-28 18:00:00";-22
"2022-01-28 18:30:00";-21
"2022-01-28 19:00:00";-21
"2022-01-28 19:30:00";-22
"2022-01-28 20:00:00";-22
"2022-01-28 20:30:00";-22
"2022-01-28 21:00:00";-21
"2022-01-28 21:30:00";-21
"2022-01-28 22:00:00";-20
"2022-01-28 22:30:00";-21
"2022-01-28 23:00:00";-21
"2022-01-28 23:30:00";-22
"2022-01-29 00:00:00";-21
"2022-01-29 02:00:00";-21
"2022-01-29 02:30:00";-21
"2022-01-29 03:00:00";-21
"2022-01-29 03:30:00";-22
"2022-01-29 04:00:00";-22
"2022-01-29 04:30:00";-21
"2022-01-29 05:00:00";-21
"2022-01-29 05:30:00";-21
"2022-01-29 06:00:00";-22
"2022-01-29 06:30:00";-21
"2022-01-29 07:00:00";-20
"2022-01-29 07:30:00";-20
"2022-01-29 08:00:00";-22
"2022-01-29 08:30:00";-21
"2022-01-29 09:00:00";-20
"2022-01-29 09:30:00";-21
"2022-01-29 10:00:00";-21
"2022-01-29 10:30:00";-22
"2022-01-29 11:00:00";-25
"2022-01-29 11:30:00";-25
"2022-01-29 12:00:00";-27
"2022-01-29 12:30:00";-26
"2022-01-29 13:00:00";-28
"2022-01-29 13:30:00";-30
"2022-01-29 14:00:00";-26
"2022-01-29 14:30:00";-24
"2022-01-29 15:00:00";-22
"2022-01-29 15:30:00";-22
"2022-01-29 16:00:00";-22
"2022-01-29 16:30:00";-21
"2022-01-29 17:00:00";-21
"2022-01-29 17:30:00";-21
"2022-01-29 18:00:00";-21
"2022-01-29 18:30:00";-21
"2022-01-29 19:00:00";-21
"2022-01-29 19:30:00";-22
"2022-01-29 20:00:00";-20
"2022-01-29 20:30:00";-22
"2022-01-29 21:00:00";-21
"2022-01-29 21:30:00";-19
"2022-01-29 22:00:00";-20
"2022-01-29 22:30:00";-21
"2022-01-29 23:00:00";-22
"2022-01-29 23:30:00";-21
"2022-01-30 00:00:00";-21
"2022-01-30 01:00:00";-22
"2022-01-30 01:30:00";-19
"2022-01-30 02:00:00";-21
"2022-01-30 02:30:00";-20
"2022-01-30 03:00:00";-22
"2022-01-30 03:30:00";-21
"2022-01-30 04:00:00";-20
"2022-01-30 04:30:00";-21
"2022-01-30 05:00:00";-20
"2022-01-30 05:30:00";-20
"2022-01-30 06:00:00";-20
"2022-01-30 06:30:00";-21
"2022-01-30 07:00:00";-19
"2022-01-30 07:30:00";-21
"2022-01-30 08:00:00";-21
"2022-01-30 08:30:00";-19
"2022-01-30 09:00:00";-21
"2022-01-30 09:30:00";-20
"2022-01-30 10:00:00";-21
"2022-01-30 10:30:00";-21
"2022-01-30 11:00:00";-24
"2022-01-30 11:30:00";-25
"2022-01-30 12:00:00";-24
"2022-01-30 12:30:00";-25
"2022-01-30 13:00:00";-26
"2022-01-30 13:30:00";-28
"2022-01-30 14:00:00";-27
"2022-01-30 14:30:00";-24
"2022-01-30 15:00:00";-22
"2022-01-30 15:30:00";-23
"2022-01-30 16:00:00";-23
"2022-01-30 16:30:00";-21
"2022-01-30 17:00:00";-23
"2022-01-30 17:30:00";-22
"2022-01-30 18:00:00";-20
"2022-01-30 18:30:00";-21
"2022-01-30 19:00:00";-20
"2022-01-30 19:30:00";-22
"2022-01-30 20:00:00";-21
"2022-01-30 20:30:00";-21
"2022-01-30 21:00:00";-22
"2022-01-30 21:30:00";-21
"2022-01-30 22:00:00";-22
"2022-01-30 22:30:00";-20
"2022-01-30 23:00:00";-20
"2022-01-30 23:30:00";-22
"2022-01-31 00:00:00";-21
"2022-01-31 01:00:00";-20
"2022-01-31 01:30:00";-21
"2022-01-31 02:00:00";-21
"2022-01-31 02:30:00";-22
"2022-01-31 03:00:00";-22
"2022-01-31 03:30:00";-22
"2022-01-31 04:00:00";-21
"2022-01-31 04:30:00";-21
"2022-01-31 05:00:00";-21
"2022-01-31 05:30:00";-20
"2022-01-31 06:00:00";-22
"2022-01-31 06:30:00";-21
"2022-01-31 07:00:00";-21
"2022-01-31 07:30:00";-22
"2022-01-31 08:00:00";-20
"2022-01-31 08:30:00";-20
"2022-01-31 09:00:00";-19
"2022-01-31 09:30:00";-20
"2022-01-31 10:00:00";-20
"2022-01-31 10:30:00";-23
"2022-01-31 11:00:00";-25
"2022-01-31 11:30:00";-24
"2022-01-31 12:00:00";-24
"2022-01-31 12:30:00";-23
"2022-01-31 13:00:00";-26
"2022-01-31 13:30:00";-25
"2022-01-31 14:00:00";-25
"2022-01-31 14:30:00";-23
"2022-01-31 15:00:00";-19
"2022-01-31 15:30:00";-21
"2022-01-31 16:00:00";-21
"2022-01-31 16:30:00";-24
"2022-01-31 17:00:00";-21
"2022-01-31 17:30:00";-23
"2022-01-31 18:00:00";-21
"2022-01-31 18:30:00";-23
"2022-01-31 19:00:00";-24
"2022-01-31 19:30:00";-23
"2022-01-31 20:00:00";-22
"2022-01-31 20:30:00";-21
"2022-01-31 21:00:00";-23
"2022-01-31 21:30:00";-22
"2022-01-31 22:00:00";-21
"2022-01-31 22:30:00";-22
"2022-01-31 23:00:00";-22
"2022-01-31 23:30:00";-22
"2022-02-01 00:00:00";-22
"2022-02-01 01:00:00";-21
"2022-02-01 01:30:00";-22
"2022-02-01 02:00:00";-22
"2022-02-01 02:30:00";-21
"2022-02-01 03:00:00";-21
"2022-02-01 03:30:00";-22
"2022-02-01 04:00:00";-22
"2022-02-01 04:30:00";-22
"2022-02-01 05:00:00";-22
"2022-02-01 05:30:00";-23
"2022-02-01 06:00:00";-23
"2022-02-01 06:30:00";-21
"2022-02-01 07:00:00";-19
"2022-02-01 07:30:00";-23
"2022-02-01 08:00:00";-22
"2022-02-01 08:30:00";-21
"2022-02-01 09:00:00";-22
"2022-02-01 09:30:00";-21
"2022-02-01 10:30:00";-24
"2022-02-01 11:00:00";-26
"2022-02-01 11:30:00";-26
"2022-02-01 12:00:00";-27
"2022-02-01 12:30:00";-26
"2022-02-01 13:00:00";-28
"2022-02-01 13:30:00";-30
"2022-02-01 14:00:00";-27
"2022-02-01 14:30:00";-23
"2022-02-01 15:00:00";-23
"2022-02-01 15:30:00";-24
"2022-02-01 16:00:00";-22
"2022-02-01 16:30:00";-22
"2022-02-01 17:00:00";-22
"2022-02-01 17:30:00";-22
"2022-02-01 18:00:00";-22
"2022-02-01 18:30:00";-21
"2022-02-01 19:00:00";-22
"2022-02-01 19:30:00";-20
"2022-02-01 20:00:00";-21
"2022-02-01 20:30:00";-19
"2022-02-01 21:00:00";-20
"2022-02-01 21:30:00";-21
"2022-02-01 22:00:00";-21
"2022-02-01 22:30:00";-22
"2022-02-01 23:00:00";-20
"2022-02-01 23:30:00";-20
"2022-02-02 00:00:00";-21
"2022-02-02 01:00:00";-21
"2022-02-02 01:30:00";-21
"2022-02-02 02:00:00";-21
"2022-02-02 02:30:00";-20
"2022-02-02 03:00:00";-20
"2022-02-02 03:30:00";-20
"2022-02-02 04:00:00";-21
"2022-02-02 04:30:00";-19
"2022-02-02 05:00:00";-21
"2022-02-02 05:30:00";-20
"2022-02-02 06:00:00";-19
"2022-02-02 06:30:00";-18
"2022-02-02 07:00:00";-20
"2022-02-02 07:30:00";-22
"2022-02-02 08:00:00";-20
"2022-02-02 08:30:00";-20
"2022-02-02 09:00:00";-19
"2022-02-02 09:30:00";-17
"2022-02-02 10:00:00";-17
"2022-02-02 10:30:00";-23
"2022-02-02 11:00:00";-22
"2022-02-02 11:30:00";-22
"2022-02-02 12:00:00";-21
"2022-02-02 12:30:00";-24
"2022-02-02 13:00:00";-24
"2022-02-02 13:30:00";-22
"2022-02-02 14:00:00";-19
"2022-02-02 14:30:00";-19
"2022-02-02 15:00:00";-20
"2022-02-02 15:30:00";-21
"2022-02-02 16:00:00";-22
"2022-02-02 16:30:00";-19
"2022-02-02 17:00:00";-19
"2022-02-02 17:30:00";-18
"2022-02-02 18:00:00";-20
"2022-02-02 18:30:00";-22
"2022-02-02 19:00:00";-21
"2022-02-02 19:30:00";-21
"2022-02-02 20:00:00";-21
"2022-02-02 20:30:00";-21
"2022-02-02 21:00:00";-20
"2022-02-02 21:30:00";-21
"2022-02-02 22:00:00";-21
"2022-02-02 22:30:00";-21
"2022-02-02 23:00:00";-21
"2022-02-02 23:30:00";-20
"2022-02-03 00:00:00";-21
"2022-02-03 01:00:00";-21
"2022-02-03 01:30:00";-20
"2022-02-03 02:00:00";-22
"2022-02-03 02:30:00";-22
"2022-02-03 03:00:00";-19
"2022-02-03 03:30:00";-19
"2022-02-03 04:00:00";-19
"2022-02-03 04:30:00";-22
"2022-02-03 05:00:00";-20
"2022-02-03 05:30:00";-20
"2022-02-03 06:00:00";-20
"2022-02-03 06:30:00";-21
"2022-02-03 07:00:00";-21
"2022-02-03 07:30:00";-19
"2022-02-03 08:00:00";-21
"2022-02-03 08:30:00";-20
"2022-02-03 09:00:00";-20
"2022-02-03 09:30:00";-19
"2022-02-03 10:00:00";-19
"2022-02-03 10:30:00";-22
"2022-02-03 11:00:00";-23
"2022-02-03 11:30:00";-26
"2022-02-03 12:00:00";-24
"2022-02-03 12:30:00";-23
"2022-02-03 13:00:00";-21
"2022-02-03 15:30:00";-22
"2022-02-03 16:00:00";-23
"2022-02-03 16:30:00";-22
"2022-02-03 17:00:00";-21
"2022-02-03 17:30:00";-22
"2022-02-03 18:00:00";-22
"2022-02-03 18:30:00";-22
"2022-02-03 19:00:00";-21
"2022-02-03 19:30:00";-21
"2022-02-03 20:00:00";-21
"2022-02-03 20:30:00";-22
"2022-02-03 21:00:00";-21
"2022-02-03 21:30:00";-21
"2022-02-03 22:00:00";-21
"2022-02-03 22:30:00";-22
"2022-02-03 23:00:00";-21
"2022-02-03 23:30:00";-21
"2022-02-04 00:00:00";-22
"2022-02-04 01:00:00";-21
"2022-02-04 01:30:00";-21
"2022-02-04 02:00:00";-22
"2022-02-04 02:30:00";-22
"2022-02-04 03:00:00";-20
"2022-02-04 03:30:00";-23
"2022-02-04 04:00:00";-22
"2022-02-04 04:30:00";-21
"2022-02-04 05:00:00";-20
"2022-02-04 05:30:00";-22
"2022-02-04 06:00:00";-21
"2022-02-04 06:30:00";-22
"2022-02-04 07:00:00";-22
"2022-02-04 07:30:00";-20
"2022-02-04 08:00:00";-20
"2022-02-04 08:30:00";-19
"2022-02-04 09:00:00";-21
"2022-02-04 09:30:00";-20
"2022-02-04 10:00:00";-20
"2022-02-04 10:30:00";-23
"2022-02-04 11:00:00";-25
"2022-02-04 11:30:00";-23
"2022-02-04 12:00:00";-24
"2022-02-04 12:30:00";-23
"2022-02-04 13:00:00";-24
"2022-02-04 13:30:00";-25
"2022-02-04 14:00:00";-24
"2022-02-04 14:30:00";-21
"2022-02-04 15:00:00";-20
"2022-02-04 15:30:00";-22
"2022-02-04 16:00:00";-21
"2022-02-04 16:30:00";-21
"2022-02-04 17:00:00";-22
"2022-02-04 17:30:00";-22
"2022-02-04 18:00:00";-21
"2022-02-04 18:30:00";-22
"2022-02-04 19:00:00";-22
"2022-02-04 19:30:00";-21
"2022-02-04 20:00:00";-21
"2022-02-04 20:30:00";-21
"2022-02-04 21:00:00";-21
"2022-02-04 21:30:00";-21
"2022-02-04 22:00:00";-21
"2022-02-04 22:30:00";-22
"2022-02-04 23:00:00";-22
"2022-02-04 23:30:00";-23
"2022-02-05 00:00:00";-21
"2022-02-05 02:00:00";-21
"2022-02-05 02:30:00";-21
"2022-02-05 03:00:00";-22
"2022-02-05 03:30:00";-22
"2022-02-05 04:00:00";-20
"2022-02-05 04:30:00";-22
"2022-02-05 05:00:00";-20
"2022-02-05 05:30:00";-20
"2022-02-05 06:00:00";-22
"2022-02-05 06:30:00";-22
"2022-02-05 07:00:00";-22
"2022-02-05 07:30:00";-22
"2022-02-05 08:00:00";-20
"2022-02-05 08:30:00";-21
"2022-02-05 09:00:00";-21
"2022-02-05 09:30:00";-20
"2022-02-05 10:00:00";-20
"2022-02-05 10:30:00";-23
"2022-02-05 11:00:00";-26
"2022-02-05 11:30:00";-30
"2022-02-05 12:00:00";-29
"2022-02-05 12:30:00";-27
"2022-02-05 13:00:00";-28
"2022-02-05 13:30:00";-27
"2022-02-05 14:00:00";-26
"2022-02-05 14:30:00";-24
"2022-02-05 15:00:00";-22
"2022-02-05 15:30:00";-22
"2022-02-05 16:00:00";-24
"2022-02-05 16:30:00";-22
"2022-02-05 17:00:00";-22
"2022-02-05 17:30:00";-22
"2022-02-05 18:00:00";-22
"2022-02-05 18:30:00";-21
"2022-02-05 19:00:00";-21
"2022-02-05 19:30:00";-21
"2022-02-05 20:00:00";-23
"2022-02-05 20:30:00";-21
"2022-02-05 21:00:00";-21
"2022-02-05 21:30:00";-22
"2022-02-05 22:00:00";-23
"2022-02-05 22:30:00";-22
"2022-02-05 23:00:00";-21
"2022-02-05 23:30:00";-22
"2022-02-06 00:00:00";-22
"2022-02-06 01:00:00";-21
"2022-02-06 01:30:00";-21
"2022-02-06 02:00:00";-22
"2022-02-06 02:30:00";-21
"2022-02-06 03:00:00";-21
"2022-02-06 03:30:00";-21
"2022-02-06 04:00:00";-21
"2022-02-06 04:30:00";-22
"2022-02-06 05:00:00";-22
"2022-02-06 05:30:00";-21
"2022-02-06 06:00:00";-21
"2022-02-06 06:30:00";-22
"2022-02-06 07:00:00";-22
"2022-02-06 07:30:00";-21
"2022-02-06 08:00:00";-20
"2022-02-06 08:30:00";-22
"2022-02-06 09:00:00";-22
"2022-02-06 09:30:00";-21
"2022-02-06 10:00:00";-21
"2022-02-06 10:30:00";-23
"2022-02-06 11:00:00";-26
"2022-02-06 11:30:00";-28
"2022-02-06 12:00:00";-27
"2022-02-06 12:30:00";-24
"2022-02-06 13:00:00";-23
"2022-02-06 13:30:00";-22
"2022-02-06 14:00:00";-23
"2022-02-06 14:30:00";-21
"2022-02-06 15:00:00";-21
"2022-02-06 15:30:00";-21
"2022-02-06 16:00:00";-21
"2022-02-06 16:30:00";-21
"2022-02-06 17:00:00";-21
"2022-02-06 17:30:00";-23
"2022-02-06 18:00:00";-22
"2022-02-06 18:30:00";-21
"2022-02-06 19:00:00";-21
"2022-02-06 19:30:00";-21
"2022-02-06 20:00:00";-21
"2022-02-06 20:30:00";-22
"2022-02-06 21:00:00";-20
"2022-02-06 21:30:00";-21
"2022-02-06 22:00:00";-21
"2022-02-06 22:30:00";-20
"2022-02-06 23:00:00";-20
"2022-02-06 23:30:00";-20
"2022-02-07 00:00:00";-20
"2022-02-07 01:00:00";-21
"2022-02-07 01:30:00";-20
"2022-02-07 02:00:00";-20
"2022-02-07 02:30:00";-20
"2022-02-07 03:00:00";-20
"2022-02-07 03:30:00";-20
"2022-02-07 04:00:00";-20
"2022-02-07 04:30:00";-19
"2022-02-07 05:00:00";-19
"2022-02-07 05:30:00";-22
"2022-02-07 06:00:00";-21
"2022-02-07 06:30:00";-19
"2022-02-07 07:00:00";-18
"2022-02-07 07:30:00";-19
"2022-02-07 08:00:00";-20
"2022-02-07 08:30:00";-19
"2022-02-07 09:00:00";-21
"2022-02-07 09:30:00";-18
"2022-02-07 10:00:00";-19
"2022-02-07 10:30:00";-23
"2022-02-07 11:00:00";-22
"2022-02-07 11:30:00";-22
"2022-02-07 12:00:00";-24
"2022-02-07 12:30:00";-26
"2022-02-07 13:00:00";-25
"2022-02-07 13:30:00";-27
"2022-02-07 14:00:00";-27
"2022-02-07 14:30:00";-23
"2022-02-07 15:00:00";-22
"2022-02-07 15:30:00";-23
"2022-02-07 16:00:00";-21
"2022-02-07 16:30:00";-22
"2022-02-07 17:00:00";-23
"2022-02-07 17:30:00";-24
"2022-02-07 18:00:00";-24
"2022-02-07 18:30:00";-23
"2022-02-07 19:00:00";-23
"2022-02-07 19:30:00";-23
"2022-02-07 20:00:00";-22
"2022-02-07 20:30:00";-23
"2022-02-07 21:00:00";-22
"2022-02-07 21:30:00";-23
"2022-02-07 22:00:00";-22
"2022-02-07 22:30:00";-23
"2022-02-07 23:00:00";-23
"2022-02-07 23:30:00";-23
"2022-02-08 00:00:00";-23
"2022-02-08 01:00:00";-22
"2022-02-08 01:30:00";-22
"2022-02-08 02:00:00";-23
"2022-02-08 02:30:00";-22
"2022-02-08 03:00:00";-22
"2022-02-08 03:30:00";-21
"2022-02-08 04:00:00";-22
"2022-02-08 04:30:00";-21
"2022-02-08 05:00:00";-22
"2022-02-08 05:30:00";-22
"2022-02-08 06:00:00";-23
"2022-02-08 06:30:00";-22
"2022-02-08 07:00:00";-23
"2022-02-08 07:30:00";-21
"2022-02-08 08:00:00";-22
"2022-02-08 08:30:00";-23
"2022-02-08 09:00:00";-21
"2022-02-08 09:30:00";-20
"2022-02-08 10:00:00";-19
"2022-02-08 10:30:00";-23
"2022-02-08 11:00:00";-26
"2022-02-08 11:30:00";-25
"2022-02-08 12:00:00";-25
"2022-02-08 12:30:00";-27
"2022-02-08 13:00:00";-29
"2022-02-08 13:30:00";-30
"2022-02-08 14:00:00";-30
"2022-02-08 14:30:00";-29
"2022-02-08 15:00:00";-28
"2022-02-08 15:30:00";-25
"2022-02-08 16:00:00";-23
"2022-02-08 16:30:00";-23
"2022-02-08 17:00:00";-24
"2022-02-08 17:30:00";-23
"2022-02-08 18:00:00";-23
"2022-02-08 18:30:00";-23
"2022-02-08 19:00:00";-22
"2022-02-08 19:30:00";-23
"2022-02-08 20:00:00";-23
"2022-02-08 20:30:00";-23
"2022-02-08 21:00:00";-23
"2022-02-08 21:30:00";-22
"2022-02-08 22:00:00";-22
"2022-02-08 22:30:00";-21
"2022-02-08 23:00:00";-22
"2022-02-08 23:30:00";-21
"2022-02-09 00:00:00";-22
"2022-02-09 01:00:00";-22
"2022-02-09 01:30:00";-21
"2022-02-09 02:00:00";-22
"2022-02-09 02:30:00";-22
"2022-02-09 03:00:00";-22
"2022-02-09 03:30:00";-22
"2022-02-09 04:00:00";-22
"2022-02-09 04:30:00";-23
"2022-02-09 05:00:00";-21
"2022-02-09 05:30:00";-21
"2022-02-09 06:00:00";-22
"2022-02-09 06:30:00";-22
"2022-02-09 07:00:00";-22
"2022-02-09 07:30:00";-21
"2022-02-09 08:00:00";-22
"2022-02-09 08:30:00";-22
"2022-02-09 09:00:00";-22
"2022-02-09 09:30:00";-22
"2022-02-09 10:00:00";-21
"2022-02-09 10:30:00";-23
"2022-02-09 11:00:00";-26
"2022-02-09 11:30:00";-26
"2022-02-09 12:00:00";-25
"2022-02-09 12:30:00";-27
"2022-02-09 13:00:00";-26
"2022-02-09 13:30:00";-27
"2022-02-09 14:00:00";-26
"2022-02-09 14:30:00";-30
"2022-02-09 15:00:00";-28
"2022-02-09 15:30:00";-25
"2022-02-09 16:00:00";-22
"2022-02-09 16:30:00";-24
"2022-02-09 17:00:00";-22
"2022-02-09 17:30:00";-23
"2022-02-09 18:00:00";-24
"2022-02-09 18:30:00";-23
"2022-02-09 19:00:00";-22
"2022-02-09 19:30:00";-22
"2022-02-09 20:00:00";-23
"2022-02-09 20:30:00";-23
"2022-02-09 21:00:00";-23
"2022-02-09 21:30:00";-22
"2022-02-09 22:00:00";-22
"2022-02-09 22:30:00";-22
"2022-02-09 23:00:00";-22
"2022-02-09 23:30:00";-21
"2022-02-10 00:00:00";-23
"2022-02-10 01:00:00";-21
"2022-02-10 01:30:00";-23
"2022-02-10 02:00:00";-22
"2022-02-10 02:30:00";-22
"2022-02-10 03:00:00";-23
"2022-02-10 03:30:00";-23
"2022-02-10 04:00:00";-22
"2022-02-10 04:30:00";-21
"2022-02-10 05:00:00";-22
"2022-02-10 05:30:00";-22
"2022-02-10 06:00:00";-22
"2022-02-10 06:30:00";-22
"2022-02-10 07:00:00";-22
"2022-02-10 07:30:00";-22
"2022-02-10 08:00:00";-22
"2022-02-10 08:30:00";-22
"2022-02-10 09:00:00";-22
"2022-02-10 09:30:00";-21
"2022-02-10 10:00:00";-21
"2022-02-10 10:30:00";-24
"2022-02-10 11:00:00";-26
"2022-02-10 11:30:00";-27
"2022-02-10 12:00:00";-26
"2022-02-10 12:30:00";-24
"2022-02-10 13:00:00";-24
"2022-02-10 13:30:00";-24
"2022-02-10 14:00:00";-25
"2022-02-10 14:30:00";-24
"2022-02-10 15:00:00";-22
"2022-02-10 15:30:00";-20
"2022-02-10 16:00:00";-21
"2022-02-10 16:30:00";-24
"2022-02-10 17:00:00";-23
"2022-02-10 17:30:00";-23
"2022-02-10 18:00:00";-22
"2022-02-10 18:30:00";-22
"2022-02-10 19:00:00";-22
"2022-02-10 19:30:00";-22
"2022-02-10 20:00:00";-22
"2022-02-10 20:30:00";-22
"2022-02-10 21:00:00";-22
"2022-02-10 21:30:00";-21
"2022-02-10 22:00:00";-22
"2022-02-10 22:30:00";-21
"2022-02-10 23:00:00";-21
"2022-02-10 23:30:00";-22
"2022-02-11 00:00:00";-21
"2022-02-11 01:00:00";-21
"2022-02-11 01:30:00";-20
"2022-02-11 02:00:00";-22
"2022-02-11 02:30:00";-21
"2022-02-11 03:00:00";-20
"2022-02-11 03:30:00";-21
"2022-02-11 04:00:00";-21
"2022-02-11 04:30:00";-21
"2022-02-11 05:00:00";-21
"2022-02-11 05:30:00";-20
"2022-02-11 06:00:00";-20
"2022-02-11 06:30:00";-22
"2022-02-11 07:00:00";-21
"2022-02-11 07:30:00";-21
"2022-02-11 08:00:00";-20
"2022-02-11 08:30:00";-21
"2022-02-11 09:00:00";-20
"2022-02-11 09:30:00";-21
"2022-02-11 10:00:00";-20
"2022-02-11 10:30:00";-20
"2022-02-11 11:00:00";-24
"2022-02-11 11:30:00";-25
"2022-02-11 12:00:00";-24
"2022-02-11 12:30:00";-27
"2022-02-11 13:00:00";-25
"2022-02-11 13:30:00";-24
"2022-02-11 14:00:00";-22
"2022-02-11 14:30:00";-23
"2022-02-11 15:00:00";-21
"2022-02-11 15:30:00";-22
"2022-02-11 16:00:00";-21
"2022-02-11 16:30:00";-22
"2022-02-11 17:00:00";-22
"2022-02-11 17:30:00";-22
"2022-02-11 18:00:00";-23
"2022-02-11 18:30:00";-24
"2022-02-11 19:00:00";-24
"2022-02-11 19:30:00";-22
"2022-02-11 20:00:00";-23
"2022-02-11 20:30:00";-22
"2022-02-11 21:00:00";-23
"2022-02-11 21:30:00";-22
"2022-02-11 22:00:00";-23
"2022-02-11 22:30:00";-22
"2022-02-11 23:00:00";-22
"2022-02-11 23:30:00";-21
"2022-02-12 00:00:00";-21
"2022-02-12 02:00:00";-23
"2022-02-12 02:30:00";-23
"2022-02-12 03:00:00";-23
"2022-02-12 03:30:00";-22
"2022-02-12 04:00:00";-22
"2022-02-12 04:30:00";-23
"2022-02-12 05:00:00";-23
"2022-02-12 05:30:00";-23
"2022-02-12 06:00:00";-21
"2022-02-12 06:30:00";-23
"2022-02-12 07:00:00";-22
"2022-02-12 07:30:00";-22
"2022-02-12 08:00:00";-22
"2022-02-12 08:30:00";-23
"2022-02-12 09:00:00";-23
"2022-02-12 09:30:00";-23
"2022-02-12 10:00:00";-22
"2022-02-12 10:30:00";-22
"2022-02-12 11:00:00";-24
"2022-02-12 11:30:00";-23
"2022-02-12 12:00:00";-22
"2022-02-12 12:30:00";-22
"2022-02-12 13:00:00";-23
"2022-02-12 13:30:00";-22
"2022-02-12 14:00:00";-21
"2022-02-12 14:30:00";-21
"2022-02-12 15:00:00";-22
"2022-02-12 15:30:00";-22
"2022-02-12 16:00:00";-22
"2022-02-12 16:30:00";-21
"2022-02-12 17:00:00";-23
"2022-02-12 17:30:00";-23
"2022-02-12 18:00:00";-22
"2022-02-12 18:30:00";-23
"2022-02-12 19:00:00";-21
"2022-02-12 19:30:00";-22
"2022-02-12 20:00:00";-22
"2022-02-12 20:30:00";-23
"2022-02-12 21:00:00";-23
"2022-02-12 21:30:00";-22
"2022-02-12 22:00:00";-22
"2022-02-12 22:30:00";-21
"2022-02-12 23:00:00";-22
"2022-02-12 23:30:00";-23
"2022-02-13 00:00:00";-22
"2022-02-13 01:00:00";-22
"2022-02-13 01:30:00";-23
"2022-02-13 02:00:00";-22
"2022-02-13 02:30:00";-22
"2022-02-13 03:00:00";-22
"2022-02-13 03:30:00";-23
"2022-02-13 04:00:00";-23
"2022-02-13 04:30:00";-23
"2022-02-13 05:00:00";-22
"2022-02-13 05:30:00";-23
"2022-02-13 06:00:00";-22
"2022-02-13 06:30:00";-24
"2022-02-13 07:00:00";-23
"2022-02-13 07:30:00";-22
"2022-02-13 08:00:00";-23
"2022-02-13 08:30:00";-24
"2022-02-13 09:00:00";-23
"2022-02-13 09:30:00";-23
"2022-02-13 10:00:00";-23
"2022-02-13 10:30:00";-27
"2022-02-13 11:00:00";-28
"2022-02-13 11:30:00";-28
"2022-02-13 12:00:00";-27
"2022-02-13 12:30:00";-27
"2022-02-13 13:00:00";-26
"2022-02-13 13:30:00";-26
"2022-02-13 14:00:00";-25
"2022-02-13 14:30:00";-26
"2022-02-13 15:00:00";-23
"2022-02-13 15:30:00";-24
"2022-02-13 16:00:00";-23
"2022-02-13 16:30:00";-24
"2022-02-13 17:00:00";-23
"2022-02-13 17:30:00";-23
"2022-02-13 18:00:00";-24
"2022-02-13 18:30:00";-24
"2022-02-13 19:00:00";-23
"2022-02-13 19:30:00";-23
"2022-02-13 20:00:00";-22
"2022-02-13 20:30:00";-22
"2022-02-13 21:00:00";-22
"2022-02-13 21:30:00";-22
"2022-02-13 22:00:00";-23
"2022-02-13 22:30:00";-22
"2022-02-13 23:00:00";-23
"2022-02-13 23:30:00";-23
"2022-02-14 00:00:00";-23
"2022-02-14 01:00:00";-23
"2022-02-14 01:30:00";-22
"2022-02-14 02:00:00";-21
"2022-02-14 02:30:00";-21
"2022-02-14 03:00:00";-22
"2022-02-14 03:30:00";-24
"2022-02-14 04:00:00";-23
"2022-02-14 04:30:00";-22
"2022-02-14 05:00:00";-23
"2022-02-14 05:30:00";-23
"2022-02-14 06:00:00";-23
"2022-02-14 06:30:00";-24
"2022-02-14 07:00:00";-22
"2022-02-14 07:30:00";-24
"2022-02-14 08:00:00";-22
"2022-02-14 08:30:00";-22
"2022-02-14 09:00:00";-22
"2022-02-14 09:30:00";-21
"2022-02-14 10:00:00";-21
"2022-02-14 10:30:00";-22
"2022-02-14 11:00:00";-23
"2022-02-14 11:30:00";-22
"2022-02-14 12:00:00";-23
"2022-02-14 12:30:00";-23
"2022-02-14 13:00:00";-22
"2022-02-14 13:30:00";-23
"2022-02-14 14:00:00";-23
"2022-02-14 14:30:00";-22
"2022-02-14 15:00:00";-23
"2022-02-14 15:30:00";-23
"2022-02-14 16:00:00";-22
"2022-02-14 16:30:00";-23
"2022-02-14 17:00:00";-22
"2022-02-14 17:30:00";-24
"2022-02-14 18:00:00";-23
"2022-02-14 18:30:00";-22
"2022-02-14 19:00:00";-22
"2022-02-14 19:30:00";-23
"2022-02-14 20:00:00";-22
"2022-02-14 20:30:00";-23
"2022-02-14 21:00:00";-22
"2022-02-14 21:30:00";-22
"2022-02-14 22:00:00";-22
"2022-02-14 22:30:00";-22
"2022-02-14 23:00:00";-21
"2022-02-14 23:30:00";-22
"2022-02-15 00:00:00";-22
"2022-02-15 01:00:00";-21
"2022-02-15 01:30:00";-22
"2022-02-15 02:00:00";-22
"2022-02-15 02:30:00";-22
"2022-02-15 03:00:00";-22
"2022-02-15 03:30:00";-22
"2022-02-15 04:00:00";-23
"2022-02-15 04:30:00";-22
"2022-02-15 05:00:00";-23
"2022-02-15 05:30:00";-23
"2022-02-15 06:00:00";-24
"2022-02-15 06:30:00";-23
"2022-02-15 07:00:00";-22
"2022-02-15 07:30:00";-20
"2022-02-15 08:00:00";-22
"2022-02-15 08:30:00";-23
"2022-02-15 09:00:00";-22
"2022-02-15 09:30:00";-21
"2022-02-15 10:30:00";-21
"2022-02-15 11:00:00";-22
"2022-02-15 11:30:00";-21
"2022-02-15 12:00:00";-20
"2022-02-15 12:30:00";-22
"2022-02-15 13:00:00";-23
"2022-02-15 13:30:00";-25
"2022-02-15 14:00:00";-28
"2022-02-15 14:30:00";-29
"2022-02-15 15:00:00";-25
"2022-02-15 15:30:00";-24
"2022-02-15 16:00:00";-22
"2022-02-15 16:30:00";-22
"2022-02-15 17:00:00";-22
"2022-02-15 17:30:00";-21
"2022-02-15 18:00:00";-22
"2022-02-15 18:30:00";-23
"2022-02-15 19:00:00";-21
"2022-02-15 19:30:00";-22
"2022-02-15 20:00:00";-22
"2022-02-15 20:30:00";-22
"2022-02-15 21:00:00";-23
"2022-02-15 21:30:00";-23
"2022-02-15 22:00:00";-22
"2022-02-15 22:30:00";-21
"2022-02-15 23:00:00";-22
"2022-02-15 23:30:00";-21
"2022-02-16 00:00:00";-22
"2022-02-16 01:00:00";-24
"2022-02-16 01:30:00";-22
"2022-02-16 02:00:00";-23
"2022-02-16 02:30:00";-22
"2022-02-16 03:00:00";-22
"2022-02-16 03:30:00";-21
"2022-02-16 04:00:00";-22
"2022-02-16 04:30:00";-22
"2022-02-16 05:00:00";-22
"2022-02-16 05:30:00";-23
"2022-02-16 06:00:00";-22
"2022-02-16 06:30:00";-23
"2022-02-16 07:00:00";-24
"2022-02-16 07:30:00";-21
"2022-02-16 08:00:00";-23
"2022-02-16 08:30:00";-23
"2022-02-16 09:00:00";-21
"2022-02-16 09:30:00";-22
"2022-02-16 10:30:00";-26
"2022-02-16 11:00:00";-27
"2022-02-16 11:30:00";-27
"2022-02-16 12:00:00";-26
"2022-02-16 12:30:00";-25
"2022-02-16 13:00:00";-26
"2022-02-16 13:30:00";-26
"2022-02-16 14:00:00";-25
"2022-02-16 14:30:00";-26
"2022-02-16 15:00:00";-22
"2022-02-16 15:30:00";-22
"2022-02-16 16:00:00";-22
"2022-02-16 16:30:00";-23
"2022-02-16 17:00:00";-23
"2022-02-16 17:30:00";-22
"2022-02-16 18:00:00";-24
"2022-02-16 18:30:00";-23
"2022-02-16 19:00:00";-22
"2022-02-16 19:30:00";-22
"2022-02-16 20:00:00";-21
"2022-02-16 20:30:00";-23
"2022-02-16 21:00:00";-22
"2022-02-16 21:30:00";-21
"2022-02-16 22:00:00";-21
"2022-02-16 22:30:00";-21
"2022-02-16 23:30:00";-23
"2022-02-17 00:00:00";-22
"2022-02-17 00:30:00";-21
"2022-02-17 01:00:00";-22
"2022-02-17 01:30:00";-21
"2022-02-17 02:00:00";-22
"2022-02-17 11:30:00";-25
"2022-02-17 12:00:00";-25
"2022-02-17 12:30:00";-23
"2022-02-17 13:00:00";-24
"2022-02-17 13:30:00";-24
"2022-02-17 14:00:00";-24
"2022-02-17 14:30:00";-23
"2022-02-17 15:00:00";-22
"2022-02-17 15:30:00";-21
"2022-02-17 16:00:00";-20
"2022-02-17 16:30:00";-20
"2022-02-17 17:00:00";-19
"2022-02-17 17:30:00";-22
"2022-02-17 18:00:00";-23
"2022-02-17 18:30:00";-22
"2022-02-17 19:00:00";-22
"2022-02-17 19:30:00";-21
"2022-02-17 20:00:00";-21
"2022-02-17 20:30:00";-21
"2022-02-17 21:00:00";-22
"2022-02-17 21:30:00";-19
"2022-02-17 22:00:00";-21
"2022-02-17 22:30:00";-19
"2022-02-17 23:00:00";-22
"2022-02-17 23:30:00";-22
"2022-02-18 00:00:00";-21
"2022-02-18 01:00:00";-21
"2022-02-18 01:30:00";-22
"2022-02-18 02:00:00";-22
"2022-02-18 02:30:00";-22
"2022-02-18 03:00:00";-20
"2022-02-18 03:30:00";-22
"2022-02-18 04:00:00";-20
"2022-02-18 04:30:00";-23
"2022-02-18 05:00:00";-22
"2022-02-18 05:30:00";-22
"2022-02-18 06:00:00";-22
"2022-02-18 06:30:00";-22
"2022-02-18 07:00:00";-22
"2022-02-18 07:30:00";-21
"2022-02-18 08:00:00";-21
"2022-02-18 08:30:00";-21
"2022-02-18 09:00:00";-20
"2022-02-18 09:30:00";-20
"2022-02-18 10:30:00";-24
"2022-02-18 11:00:00";-24
"2022-02-18 11:30:00";-25
"2022-02-18 12:00:00";-25
"2022-02-18 12:30:00";-23
"2022-02-18 13:00:00";-24
"2022-02-18 13:30:00";-25
"2022-02-18 14:00:00";-24
"2022-02-18 14:30:00";-23
"2022-02-18 15:00:00";-23
"2022-02-18 15:30:00";-22
"2022-02-18 16:00:00";-22
"2022-02-18 16:30:00";-22
"2022-02-18 17:00:00";-22
"2022-02-18 17:30:00";-22
"2022-02-18 18:00:00";-23
"2022-02-18 18:30:00";-22
"2022-02-18 19:00:00";-21
"2022-02-18 19:30:00";-21
"2022-02-18 20:00:00";-21
"2022-02-18 20:30:00";-21
"2022-02-18 21:00:00";-22
"2022-02-18 21:30:00";-21
"2022-02-18 22:00:00";-21
"2022-02-18 22:30:00";-21
"2022-02-18 23:00:00";-21
"2022-02-18 23:30:00";-22
"2022-02-19 00:00:00";-22
"2022-02-19 02:00:00";-21
"2022-02-19 02:30:00";-21
"2022-02-19 03:00:00";-21
"2022-02-19 03:30:00";-21
"2022-02-19 04:00:00";-22
"2022-02-19 04:30:00";-22
"2022-02-19 05:00:00";-21
"2022-02-19 05:30:00";-22
"2022-02-19 06:00:00";-22
"2022-02-19 06:30:00";-21
"2022-02-19 07:00:00";-22
"2022-02-19 07:30:00";-22
"2022-02-19 08:00:00";-21
"2022-02-19 08:30:00";-20
"2022-02-19 09:00:00";-21
"2022-02-19 09:30:00";-20
"2022-02-19 10:00:00";-21
"2022-02-19 10:30:00";-24
"2022-02-19 11:00:00";-25
"2022-02-19 11:30:00";-23
"2022-02-19 12:00:00";-23
"2022-02-19 12:30:00";-24
"2022-02-19 13:00:00";-24
"2022-02-19 13:30:00";-22
"2022-02-19 14:00:00";-22
"2022-02-19 14:30:00";-22
"2022-02-19 15:00:00";-21
"2022-02-19 15:30:00";-21
"2022-02-19 16:00:00";-22
"2022-02-19 16:30:00";-21
"2022-02-19 17:00:00";-21
"2022-02-19 17:30:00";-20
"2022-02-19 18:00:00";-22
"2022-02-19 18:30:00";-23
"2022-02-19 19:00:00";-22
"2022-02-19 19:30:00";-23
"2022-02-19 20:00:00";-22
"2022-02-19 20:30:00";-21
"2022-02-19 21:00:00";-21
"2022-02-19 21:30:00";-22
"2022-02-19 22:00:00";-22
"2022-02-19 22:30:00";-22
"2022-02-19 23:00:00";-21
"2022-02-19 23:30:00";-21
"2022-02-20 00:00:00";-22
"2022-02-20 01:00:00";-22
"2022-02-20 01:30:00";-21
"2022-02-20 02:00:00";-23
"2022-02-20 02:30:00";-21
"2022-02-20 03:00:00";-21
"2022-02-20 03:30:00";-22
"2022-02-20 04:00:00";-22
"2022-02-20 04:30:00";-22
"2022-02-20 05:00:00";-24
"2022-02-20 05:30:00";-24
"2022-02-20 06:00:00";-21
"2022-02-20 06:30:00";-23
"2022-02-20 07:00:00";-23
"2022-02-20 07:30:00";-23
"2022-02-20 08:00:00";-23
"2022-02-20 08:30:00";-23
"2022-02-20 09:00:00";-23
"2022-02-20 09:30:00";-21
"2022-02-20 10:30:00";-26
"2022-02-20 11:00:00";-28
"2022-02-20 11:30:00";-30
"2022-02-20 12:00:00";-28
"2022-02-20 12:30:00";-28
"2022-02-20 13:00:00";-26
"2022-02-20 13:30:00";-25
"2022-02-20 14:00:00";-24
"2022-02-20 14:30:00";-25
"2022-02-20 15:00:00";-22
"2022-02-20 15:30:00";-22
"2022-02-20 16:00:00";-21
"2022-02-20 16:30:00";-21
"2022-02-20 17:00:00";-22
"2022-02-20 17:30:00";-24
"2022-02-20 18:00:00";-24
"2022-02-20 18:30:00";-24
"2022-02-20 19:00:00";-23
"2022-02-20 19:30:00";-22
"2022-02-20 20:00:00";-22
"2022-02-20 20:30:00";-22
"2022-02-20 21:00:00";-21
"2022-02-20 21:30:00";-22
"2022-02-20 22:00:00";-22
"2022-02-20 22:30:00";-21
"2022-02-20 23:00:00";-22
"2022-02-20 23:30:00";-22
"2022-02-21 00:00:00";-22
"2022-02-21 01:00:00";-24
"2022-02-21 01:30:00";-22
"2022-02-21 02:00:00";-21
"2022-02-21 02:30:00";-22
"2022-02-21 03:00:00";-23
"2022-02-21 03:30:00";-21
"2022-02-21 04:00:00";-23
"2022-02-21 04:30:00";-23
"2022-02-21 05:00:00";-22
"2022-02-21 05:30:00";-22
"2022-02-21 06:00:00";-23
"2022-02-21 06:30:00";-23
"2022-02-21 07:00:00";-22
"2022-02-21 07:30:00";-22
"2022-02-21 08:00:00";-22
"2022-02-21 08:30:00";-21
"2022-02-21 09:00:00";-22
"2022-02-21 09:30:00";-21
"2022-02-21 10:00:00";-22
"2022-02-21 10:30:00";-21
"2022-02-21 11:00:00";-23
"2022-02-21 11:30:00";-22
"2022-02-21 12:00:00";-22
"2022-02-21 12:30:00";-25
"2022-02-21 13:00:00";-26
"2022-02-21 13:30:00";-25
"2022-02-21 14:00:00";-25
"2022-02-21 14:30:00";-27
"2022-02-21 15:00:00";-25
"2022-02-21 15:30:00";-24
"2022-02-21 16:00:00";-23
"2022-02-21 16:30:00";-24
"2022-02-21 17:00:00";-24
"2022-02-21 17:30:00";-23
"2022-02-21 18:00:00";-22
"2022-02-21 18:30:00";-22
"2022-02-21 19:00:00";-24
"2022-02-21 19:30:00";-22
"2022-02-21 20:00:00";-22
"2022-02-21 20:30:00";-22
"2022-02-21 21:00:00";-22
"2022-02-21 21:30:00";-22
"2022-02-21 22:00:00";-23
"2022-02-21 22:30:00";-22
"2022-02-21 23:00:00";-21
"2022-02-21 23:30:00";-21
"2022-02-22 00:00:00";-21
"2022-02-22 01:00:00";-22
"2022-02-22 01:30:00";-22
"2022-02-22 02:00:00";-23
"2022-02-22 02:30:00";-22
"2022-02-22 03:00:00";-22
"2022-02-22 03:30:00";-21
"2022-02-22 04:00:00";-23
"2022-02-22 04:30:00";-23
"2022-02-22 05:00:00";-22
"2022-02-22 05:30:00";-21
"2022-02-22 06:00:00";-22
"2022-02-22 06:30:00";-23
"2022-02-22 07:00:00";-22
"2022-02-22 07:30:00";-23
"2022-02-22 08:00:00";-23
"2022-02-22 08:30:00";-22
"2022-02-22 09:00:00";-22
"2022-02-22 09:30:00";-21
"2022-02-22 10:00:00";-23
"2022-02-22 10:30:00";-23
"2022-02-22 11:00:00";-27
"2022-02-22 11:30:00";-27
"2022-02-22 12:30:00";-25
"2022-02-22 13:30:00";-27
"2022-02-22 14:00:00";-26
"2022-02-22 14:30:00";-24
"2022-02-22 15:00:00";-23
"2022-02-22 15:30:00";-23
"2022-02-22 16:00:00";-22
"2022-02-22 16:30:00";-23
"2022-02-22 17:00:00";-24
"2022-02-22 17:30:00";-23
"2022-02-22 18:00:00";-23
"2022-02-22 18:30:00";-24
"2022-02-22 19:00:00";-23
"2022-02-22 19:30:00";-22
"2022-02-22 20:00:00";-21
"2022-02-22 20:30:00";-23
"2022-02-22 21:00:00";-22
"2022-02-22 21:30:00";-23
"2022-02-22 22:00:00";-23
"2022-02-22 22:30:00";-23
"2022-02-22 23:00:00";-23
"2022-02-22 23:30:00";-22
"2022-02-23 00:00:00";-23
"2022-02-23 01:00:00";-22
"2022-02-23 01:30:00";-23
"2022-02-23 02:00:00";-23
"2022-02-23 02:30:00";-22
"2022-02-23 03:00:00";-23
"2022-02-23 03:30:00";-23
"2022-02-23 04:00:00";-22
"2022-02-23 04:30:00";-22
"2022-02-23 05:00:00";-22
"2022-02-23 05:30:00";-23
"2022-02-23 06:00:00";-23
"2022-02-23 06:30:00";-24
"2022-02-23 07:00:00";-23
"2022-02-23 07:30:00";-22
"2022-02-23 08:00:00";-23
"2022-02-23 08:30:00";-22
"2022-02-23 09:00:00";-23
"2022-02-23 09:30:00";-20
"2022-02-23 10:30:00";-26
"2022-02-23 11:00:00";-29
"2022-02-23 11:30:00";-30
"2022-02-23 12:00:00";-29
"2022-02-23 12:30:00";-27
"2022-02-23 13:00:00";-25
"2022-02-23 13:30:00";-25
"2022-02-23 14:00:00";-25
"2022-02-23 14:30:00";-24
"2022-02-23 15:00:00";-25
"2022-02-23 15:30:00";-22
"2022-02-23 16:00:00";-23
"2022-02-23 16:30:00";-24
"2022-02-23 17:00:00";-24
"2022-02-23 17:30:00";-24
"2022-02-23 18:00:00";-24
"2022-02-23 18:30:00";-23
"2022-02-23 19:00:00";-23
"2022-02-23 19:30:00";-23
"2022-02-23 20:00:00";-24
"2022-02-23 20:30:00";-23
"2022-02-23 21:00:00";-23
"2022-02-23 21:30:00";-23
"2022-02-23 22:00:00";-23
"2022-02-23 22:30:00";-22
"2022-02-23 23:00:00";-24
"2022-02-23 23:30:00";-23
"2022-02-24 00:00:00";-22
"2022-02-24 01:00:00";-23
"2022-02-24 01:30:00";-23
"2022-02-24 02:00:00";-23
"2022-02-24 02:30:00";-23
"2022-02-24 03:00:00";-24
"2022-02-24 03:30:00";-23
"2022-02-24 04:00:00";-23
"2022-02-24 04:30:00";-23
"2022-02-24 05:00:00";-23
"2022-02-24 05:30:00";-23
"2022-02-24 06:00:00";-22
"2022-02-24 06:30:00";-23
"2022-02-24 07:00:00";-24
"2022-02-24 07:30:00";-22
"2022-02-24 08:00:00";-22
"2022-02-24 08:30:00";-21
"2022-02-24 09:00:00";-21
"2022-02-24 09:30:00";-21
"2022-02-24 10:30:00";-23
"2022-02-24 11:00:00";-24
"2022-02-24 11:30:00";-23
"2022-02-24 12:00:00";-22
"2022-02-24 12:30:00";-22
"2022-02-24 13:00:00";-24
"2022-02-24 13:30:00";-22
"2022-02-24 14:00:00";-23
"2022-02-24 14:30:00";-22
"2022-02-24 15:00:00";-22
"2022-02-24 15:30:00";-23
"2022-02-24 16:00:00";-22
"2022-02-24 16:30:00";-22
"2022-02-24 17:00:00";-23
"2022-02-24 17:30:00";-23
"2022-02-24 18:00:00";-24
"2022-02-24 18:30:00";-25
"2022-02-24 19:00:00";-23
"2022-02-24 19:30:00";-24
"2022-02-24 20:00:00";-23
"2022-02-24 20:30:00";-24
"2022-02-24 21:00:00";-22
"2022-02-24 21:30:00";-22
"2022-02-24 22:00:00";-22
"2022-02-24 22:30:00";-22
"2022-02-24 23:00:00";-24
"2022-02-24 23:30:00";-24
"2022-02-25 00:00:00";-23
"2022-02-25 01:00:00";-24
"2022-02-25 01:30:00";-23
"2022-02-25 02:00:00";-22
"2022-02-25 02:30:00";-23
"2022-02-25 03:00:00";-23
"2022-02-25 03:30:00";-23
"2022-02-25 04:00:00";-24
"2022-02-25 04:30:00";-24
"2022-02-25 05:00:00";-23
"2022-02-25 05:30:00";-23
"2022-02-25 06:00:00";-23
"2022-02-25 06:30:00";-22
"2022-02-25 07:00:00";-23
"2022-02-25 07:30:00";-23
"2022-02-25 08:00:00";-22
"2022-02-25 08:30:00";-24
"2022-02-25 09:00:00";-22
"2022-02-25 09:30:00";-21
"2022-02-25 10:00:00";-24
"2022-02-25 10:30:00";-24
"2022-02-25 11:00:00";-26
"2022-02-25 11:30:00";-25
"2022-02-25 12:00:00";-27
"2022-02-25 12:30:00";-25
"2022-02-25 13:00:00";-27
"2022-02-25 13:30:00";-25
"2022-02-25 14:00:00";-26
"2022-02-25 14:30:00";-25
"2022-02-25 15:00:00";-24
"2022-02-25 15:30:00";-24
"2022-02-25 16:00:00";-24
"2022-02-25 16:30:00";-24
"2022-02-25 17:00:00";-25
"2022-02-25 17:30:00";-25
"2022-02-25 18:00:00";-25
"2022-02-25 18:30:00";-24
"2022-02-25 19:00:00";-25
"2022-02-25 19:30:00";-24
"2022-02-25 20:00:00";-24
"2022-02-25 20:30:00";-25
"2022-02-25 21:00:00";-24
"2022-02-25 21:30:00";-22
"2022-02-25 22:00:00";-25
"2022-02-25 22:30:00";-24
"2022-02-25 23:00:00";-23
"2022-02-25 23:30:00";-24
"2022-02-26 00:00:00";-24
"2022-02-26 02:00:00";-24
"2022-02-26 02:30:00";-24
"2022-02-26 03:00:00";-24
"2022-02-26 03:30:00";-23
"2022-02-26 04:00:00";-23
"2022-02-26 04:30:00";-23
"2022-02-26 05:00:00";-25
"2022-02-26 05:30:00";-25
"2022-02-26 06:00:00";-25
"2022-02-26 06:30:00";-25
"2022-02-26 07:00:00";-25
"2022-02-26 07:30:00";-25
"2022-02-26 08:00:00";-24
"2022-02-26 08:30:00";-24
"2022-02-26 09:00:00";-23
"2022-02-26 09:30:00";-23
"2022-02-26 10:00:00";-24
"2022-02-26 10:30:00";-28
"2022-02-26 11:00:00";-26
"2022-02-26 11:30:00";-27
"2022-02-26 12:00:00";-25
"2022-02-26 12:30:00";-27
"2022-02-26 13:00:00";-26
"2022-02-26 13:30:00";-27
"2022-02-26 14:00:00";-28
"2022-02-26 14:30:00";-28
"2022-02-26 15:00:00";-27
"2022-02-26 15:30:00";-27
"2022-02-26 16:00:00";-26
"2022-02-26 16:30:00";-27
"2022-02-26 17:00:00";-26
"2022-02-26 17:30:00";-24
"2022-02-26 18:00:00";-25
"2022-02-26 18:30:00";-26
"2022-02-26 19:00:00";-24
"2022-02-26 19:30:00";-25
"2022-02-26 20:00:00";-25
"2022-02-26 20:30:00";-25
"2022-02-26 21:00:00";-26
"2022-02-26 21:30:00";-24
"2022-02-26 22:00:00";-25
"2022-02-26 22:30:00";-24
"2022-02-26 23:00:00";-25
"2022-02-26 23:30:00";-25
"2022-02-27 00:00:00";-25
"2022-02-27 01:00:00";-24
"2022-02-27 01:30:00";-25
"2022-02-27 02:00:00";-25
"2022-02-27 02:30:00";-24
"2022-02-27 03:00:00";-25
"2022-02-27 03:30:00";-24
"2022-02-27 04:00:00";-25
"2022-02-27 04:30:00";-24
"2022-02-27 05:00:00";-26
"2022-02-27 05:30:00";-25
"2022-02-27 06:00:00";-26
"2022-02-27 06:30:00";-25
"2022-02-27 07:00:00";-25
"2022-02-27 07:30:00";-25
"2022-02-27 08:00:00";-25
"2022-02-27 08:30:00";-25
"2022-02-27 09:00:00";-24
"2022-02-27 09:30:00";-25
"2022-02-27 10:00:00";-26
"2022-02-27 10:30:00";-29
"2022-02-27 11:00:00";-32
"2022-02-27 11:30:00";-29
"2022-02-27 12:00:00";-29
"2022-02-27 12:30:00";-28
"2022-02-27 13:00:00";-29
"2022-02-27 13:30:00";-27
"2022-02-27 14:00:00";-29
"2022-02-27 14:30:00";-26
"2022-02-27 15:00:00";-26
"2022-02-27 15:30:00";-25
"2022-02-27 16:00:00";-26
"2022-02-27 16:30:00";-26
"2022-02-27 17:00:00";-25
"2022-02-27 17:30:00";-26
"2022-02-27 18:00:00";-25
"2022-02-27 18:30:00";-24
"2022-02-27 19:00:00";-25
"2022-02-27 19:30:00";-25
"2022-02-27 20:00:00";-24
"2022-02-27 20:30:00";-22
"2022-02-27 21:00:00";-23
"2022-02-27 21:30:00";-24
"2022-02-27 22:00:00";-24
"2022-02-27 22:30:00";-22
"2022-02-27 23:00:00";-24
"2022-02-27 23:30:00";-23
"2022-02-28 00:00:00";-24
"2022-02-28 01:00:00";-24
"2022-02-28 01:30:00";-24
"2022-02-28 02:00:00";-24
"2022-02-28 02:30:00";-26
"2022-02-28 03:00:00";-24
"2022-02-28 03:30:00";-24
"2022-02-28 04:00:00";-24
"2022-02-28 04:30:00";-26
"2022-02-28 05:00:00";-24
"2022-02-28 05:30:00";-25
"2022-02-28 06:00:00";-24
"2022-02-28 06:30:00";-24
"2022-02-28 07:00:00";-25
"2022-02-28 07:30:00";-26
"2022-02-28 08:00:00";-24
"2022-02-28 08:30:00";-25
"2022-02-28 09:00:00";-25
"2022-02-28 09:30:00";-24
"2022-02-28 10:00:00";-24
"2022-02-28 10:30:00";-28
"2022-02-28 11:00:00";-29
"2022-02-28 11:30:00";-29
"2022-02-28 12:00:00";-28
"2022-02-28 12:30:00";-29
"2022-02-28 13:00:00";-29
"2022-02-28 13:30:00";-29
"2022-02-28 14:00:00";-29
"2022-02-28 14:30:00";-29
"2022-02-28 15:00:00";-29
"2022-02-28 15:30:00";-26
"2022-02-28 16:00:00";-26
"2022-02-28 16:30:00";-26
"2022-02-28 17:00:00";-25
"2022-02-28 17:30:00";-24
"2022-02-28 18:00:00";-25
"2022-02-28 18:30:00";-24
"2022-02-28 19:00:00";-24
"2022-02-28 19:30:00";-24
"2022-02-28 20:00:00";-25
"2022-02-28 20:30:00";-24
"2022-02-28 21:00:00";-24
"2022-02-28 21:30:00";-24
"2022-02-28 22:00:00";-23
"2022-02-28 22:30:00";-23
"2022-02-28 23:00:00";-23
"2022-02-28 23:30:00";-23
"2022-03-01 00:00:00";-24
"2022-03-01 01:00:00";-24
"2022-03-01 01:30:00";-24
"2022-03-01 02:00:00";-24
"2022-03-01 02:30:00";-22
"2022-03-01 03:00:00";-22
"2022-03-01 03:30:00";-23
"2022-03-01 04:00:00";-24
"2022-03-01 04:30:00";-24
"2022-03-01 05:00:00";-23
"2022-03-01 05:30:00";-23
"2022-03-01 06:00:00";-23
"2022-03-01 06:30:00";-24
"2022-03-01 07:00:00";-24
"2022-03-01 07:30:00";-23
"2022-03-01 08:00:00";-24
"2022-03-01 08:30:00";-24
"2022-03-01 09:00:00";-24
"2022-03-01 09:30:00";-23
"2022-03-01 10:00:00";-24
"2022-03-01 10:30:00";-25
"2022-03-01 11:00:00";-24
"2022-03-01 11:30:00";-24
"2022-03-01 12:00:00";-25
"2022-03-01 12:30:00";-23
"2022-03-01 13:00:00";-22
"2022-03-01 13:30:00";-23
"2022-03-01 14:00:00";-25
"2022-03-01 14:30:00";-24
"2022-03-01 15:00:00";-25
"2022-03-01 15:30:00";-24
"2022-03-01 16:00:00";-24
"2022-03-01 16:30:00";-24
"2022-03-01 17:00:00";-23
"2022-03-01 17:30:00";-23
"2022-03-01 18:00:00";-25
"2022-03-01 18:30:00";-24
"2022-03-01 19:00:00";-24
"2022-03-01 19:30:00";-24
"2022-03-01 20:00:00";-24
"2022-03-01 20:30:00";-24
"2022-03-01 21:00:00";-24
"2022-03-01 21:30:00";-25
"2022-03-01 22:00:00";-25
"2022-03-01 22:30:00";-23
"2022-03-01 23:00:00";-24
"2022-03-01 23:30:00";-25
"2022-03-02 00:00:00";-25
"2022-03-02 01:00:00";-24
"2022-03-02 01:30:00";-24
"2022-03-02 02:00:00";-25
"2022-03-02 02:30:00";-24
"2022-03-02 03:00:00";-23
"2022-03-02 03:30:00";-25
"2022-03-02 04:00:00";-25
"2022-03-02 04:30:00";-24
"2022-03-02 05:00:00";-24
"2022-03-02 05:30:00";-25
"2022-03-02 06:00:00";-26
"2022-03-02 06:30:00";-25
"2022-03-02 07:00:00";-25
"2022-03-02 07:30:00";-24
"2022-03-02 08:00:00";-25
"2022-03-02 08:30:00";-25
"2022-03-02 09:00:00";-24
"2022-03-02 09:30:00";-22
"2022-03-02 10:00:00";-22
"2022-03-02 10:30:00";-27
"2022-03-02 11:00:00";-27
"2022-03-02 11:30:00";-28
"2022-03-02 12:00:00";-29
"2022-03-02 12:30:00";-27
"2022-03-02 13:00:00";-28
"2022-03-02 13:30:00";-27
"2022-03-02 14:00:00";-27
"2022-03-02 14:30:00";-26
"2022-03-02 15:00:00";-25
"2022-03-02 15:30:00";-23
"2022-03-02 16:00:00";-23
"2022-03-02 16:30:00";-25
"2022-03-02 17:00:00";-24
"2022-03-02 17:30:00";-24
"2022-03-02 18:00:00";-25
"2022-03-02 18:30:00";-25
"2022-03-02 19:00:00";-24
"2022-03-02 19:30:00";-24
"2022-03-02 20:00:00";-25
"2022-03-02 20:30:00";-24
"2022-03-02 21:00:00";-24
"2022-03-02 21:30:00";-24
"2022-03-02 22:00:00";-24
"2022-03-02 22:30:00";-25
"2022-03-02 23:00:00";-24
"2022-03-02 23:30:00";-24
"2022-03-03 00:00:00";-23
"2022-03-03 01:00:00";-23
"2022-03-03 01:30:00";-23
"2022-03-03 02:00:00";-23
"2022-03-03 02:30:00";-23
"2022-03-03 03:00:00";-25
"2022-03-03 03:30:00";-23
"2022-03-03 04:00:00";-23
"2022-03-03 04:30:00";-23
"2022-03-03 05:00:00";-24
"2022-03-03 05:30:00";-25
"2022-03-03 06:00:00";-24
"2022-03-03 06:30:00";-24
"2022-03-03 07:00:00";-24
"2022-03-03 07:30:00";-24
"2022-03-03 08:00:00";-24
"2022-03-03 08:30:00";-24
"2022-03-03 09:00:00";-23
"2022-03-03 09:30:00";-23
"2022-03-03 10:00:00";-22
"2022-03-03 10:30:00";-27
"2022-03-03 11:00:00";-27
"2022-03-03 11:30:00";-26
"2022-03-03 12:00:00";-26
"2022-03-03 12:30:00";-26
"2022-03-03 13:00:00";-26
"2022-03-03 13:30:00";-25
"2022-03-03 14:00:00";-25
"2022-03-03 14:30:00";-26
"2022-03-03 15:00:00";-25
"2022-03-03 15:30:00";-24
"2022-03-03 16:00:00";-24
"2022-03-03 16:30:00";-23
"2022-03-03 17:00:00";-24
"2022-03-03 17:30:00";-24
"2022-03-03 18:00:00";-25
"2022-03-03 18:30:00";-25
"2022-03-03 19:00:00";-25
"2022-03-03 19:30:00";-26
"2022-03-03 20:00:00";-24
"2022-03-03 20:30:00";-24
"2022-03-03 21:00:00";-24
"2022-03-03 21:30:00";-25
"2022-03-03 22:00:00";-24
"2022-03-03 22:30:00";-24
"2022-03-03 23:00:00";-23
"2022-03-03 23:30:00";-24
"2022-03-04 00:00:00";-23
"2022-03-04 01:00:00";-23
"2022-03-04 01:30:00";-23
"2022-03-04 02:00:00";-24
"2022-03-04 02:30:00";-25
"2022-03-04 03:00:00";-24
"2022-03-04 03:30:00";-24
"2022-03-04 04:00:00";-25
"2022-03-04 04:30:00";-23
"2022-03-04 05:00:00";-23
"2022-03-04 05:30:00";-24
"2022-03-04 06:00:00";-24
"2022-03-04 06:30:00";-24
"2022-03-04 07:00:00";-23
"2022-03-04 07:30:00";-24
"2022-03-04 08:00:00";-23
"2022-03-04 08:30:00";-24
"2022-03-04 09:00:00";-23
"2022-03-04 09:30:00";-22
"2022-03-04 10:30:00";-27
"2022-03-04 11:00:00";-26
"2022-03-04 11:30:00";-28
"2022-03-04 12:00:00";-26
"2022-03-04 12:30:00";-25
"2022-03-04 13:00:00";-25
"2022-03-04 13:30:00";-24
"2022-03-04 14:00:00";-24
"2022-03-04 14:30:00";-24
"2022-03-04 15:00:00";-24
"2022-03-04 15:30:00";-23
"2022-03-04 16:00:00";-22
"2022-03-04 16:30:00";-23
"2022-03-04 17:00:00";-23
"2022-03-04 17:30:00";-23
"2022-03-04 18:00:00";-23
"2022-03-04 18:30:00";-23
"2022-03-04 19:00:00";-23
"2022-03-04 19:30:00";-23
"2022-03-04 20:00:00";-22
"2022-03-04 20:30:00";-23
"2022-03-04 21:00:00";-23
"2022-03-04 21:30:00";-23
"2022-03-04 22:00:00";-23
"2022-03-04 22:30:00";-23
"2022-03-04 23:00:00";-23
"2022-03-04 23:30:00";-23
"2022-03-05 00:00:00";-23
"2022-03-05 02:00:00";-23
"2022-03-05 02:30:00";-23
"2022-03-05 03:00:00";-23
"2022-03-05 03:30:00";-23
"2022-03-05 04:00:00";-23
"2022-03-05 04:30:00";-24
"2022-03-05 05:00:00";-23
"2022-03-05 05:30:00";-23
"2022-03-05 06:00:00";-23
"2022-03-05 06:30:00";-23
"2022-03-05 07:00:00";-23
"2022-03-05 07:30:00";-23
"2022-03-05 08:00:00";-24
"2022-03-05 08:30:00";-23
"2022-03-05 09:00:00";-24
"2022-03-05 09:30:00";-25
"2022-03-05 10:30:00";-24
"2022-03-05 11:00:00";-24
"2022-03-05 11:30:00";-25
"2022-03-05 12:00:00";-24
"2022-03-05 12:30:00";-23
"2022-03-05 13:00:00";-24
"2022-03-05 13:30:00";-25
"2022-03-05 14:00:00";-23
"2022-03-05 14:30:00";-23
"2022-03-05 15:00:00";-24
"2022-03-05 15:30:00";-24
"2022-03-05 16:00:00";-23
"2022-03-05 16:30:00";-23
"2022-03-05 17:00:00";-23
"2022-03-05 17:30:00";-23
"2022-03-05 18:00:00";-23
"2022-03-05 18:30:00";-25
"2022-03-05 19:00:00";-25
"2022-03-09 16:30:00";-25
"2022-03-09 17:00:00";-26
"2022-03-09 17:30:00";-26
"2022-03-09 18:00:00";-26
"2022-03-09 18:30:00";-25
"2022-03-09 19:00:00";-25
"2022-03-09 19:30:00";-23
"2022-03-09 20:00:00";-25
"2022-03-09 20:30:00";-22
"2022-03-09 21:00:00";-23
"2022-03-09 21:30:00";-24
"2022-03-09 22:00:00";-24
"2022-03-09 22:30:00";-24
"2022-03-09 23:00:00";-23
"2022-03-09 23:30:00";-25
"2022-03-10 00:00:00";-25
"2022-03-10 01:00:00";-24
"2022-03-10 01:30:00";-24
"2022-03-10 02:00:00";-25
"2022-03-10 02:30:00";-23
"2022-03-10 03:00:00";-24
"2022-03-10 03:30:00";-27
"2022-03-10 04:00:00";-26
"2022-03-10 04:30:00";-24
"2022-03-10 05:00:00";-24
"2022-03-10 05:30:00";-25
"2022-03-10 06:00:00";-24
"2022-03-10 06:30:00";-25
"2022-03-10 07:00:00";-25
"2022-03-10 07:30:00";-25
"2022-03-10 08:00:00";-25
"2022-03-10 08:30:00";-24
"2022-03-10 09:00:00";-24
"2022-03-10 09:30:00";-23
"2022-03-10 10:00:00";-24
"2022-03-10 10:30:00";-26
"2022-03-10 11:00:00";-27
"2022-03-10 11:30:00";-25
"2022-03-10 12:00:00";-26
"2022-03-10 12:30:00";-27
"2022-03-10 13:00:00";-26
"2022-03-10 13:30:00";-28
"2022-03-10 14:00:00";-26
"2022-03-10 14:30:00";-26
"2022-03-10 15:00:00";-24
"2022-03-10 15:30:00";-24
"2022-03-10 16:00:00";-23
"2022-03-10 16:30:00";-24
"2022-03-10 17:00:00";-25
"2022-03-10 17:30:00";-25
"2022-03-10 18:00:00";-26
"2022-03-10 18:30:00";-25
"2022-03-10 19:00:00";-25
"2022-03-10 19:30:00";-25
"2022-03-10 20:00:00";-25
"2022-03-10 20:30:00";-25
"2022-03-10 21:00:00";-24
"2022-03-10 21:30:00";-23
"2022-03-10 22:00:00";-25
"2022-03-10 22:30:00";-25
"2022-03-10 23:00:00";-24
"2022-03-10 23:30:00";-24
"2022-03-11 00:00:00";-24
"2022-03-11 01:00:00";-25
"2022-03-11 01:30:00";-23
"2022-03-11 02:00:00";-25
"2022-03-11 02:30:00";-24
"2022-03-11 03:00:00";-25
"2022-03-11 03:30:00";-24
"2022-03-11 04:00:00";-24
"2022-03-11 04:30:00";-25
"2022-03-11 05:00:00";-23
"2022-03-11 05:30:00";-23
"2022-03-11 06:00:00";-25
"2022-03-11 06:30:00";-24
"2022-03-11 07:00:00";-24
"2022-03-11 07:30:00";-24
"2022-03-11 08:00:00";-23
"2022-03-11 08:30:00";-23
"2022-03-11 09:00:00";-24
"2022-03-11 09:30:00";-23
"2022-03-11 10:00:00";-24
"2022-03-11 10:30:00";-24
"2022-03-11 11:00:00";-24
"2022-03-11 11:30:00";-24
"2022-03-11 12:00:00";-23
"2022-03-11 12:30:00";-23
"2022-03-11 13:00:00";-24
"2022-03-11 13:30:00";-24
"2022-03-11 14:00:00";-24
"2022-03-11 14:30:00";-24
"2022-03-11 15:00:00";-24
"2022-03-11 15:30:00";-24
"2022-03-11 16:00:00";-24
"2022-03-11 16:30:00";-23
"2022-03-11 17:00:00";-23
"2022-03-11 17:30:00";-23
"2022-03-11 18:00:00";-23
"2022-03-11 18:30:00";-23
"2022-03-11 19:00:00";-24
"2022-03-11 19:30:00";-24
"2022-03-11 20:00:00";-23
"2022-03-11 20:30:00";-23
"2022-03-11 21:00:00";-24
"2022-03-11 21:30:00";-25
"2022-03-11 22:00:00";-24
"2022-03-11 22:30:00";-24
"2022-03-11 23:00:00";-24
"2022-03-11 23:30:00";-24
"2022-03-12 00:00:00";-24
"2022-03-12 02:00:00";-23
"2022-03-12 02:30:00";-23
"2022-03-12 03:00:00";-25
"2022-03-12 03:30:00";-24
"2022-03-12 04:00:00";-24
"2022-03-12 04:30:00";-24
"2022-03-12 05:00:00";-24
"2022-03-12 05:30:00";-25
"2022-03-12 06:00:00";-24
"2022-03-12 06:30:00";-24
"2022-03-12 07:00:00";-24
"2022-03-12 07:30:00";-23
"2022-03-12 08:00:00";-24
"2022-03-12 08:30:00";-25
"2022-03-12 09:00:00";-24
"2022-03-12 09:30:00";-26
"2022-03-12 10:00:00";-24
"2022-03-12 10:30:00";-24
"2022-03-12 11:00:00";-25
"2022-03-12 11:30:00";-25
"2022-03-12 12:00:00";-24
"2022-03-12 12:30:00";-23
"2022-03-12 13:00:00";-24
"2022-03-12 13:30:00";-24
"2022-03-12 14:00:00";-23
"2022-03-12 14:30:00";-24
"2022-03-12 15:00:00";-25
"2022-03-12 15:30:00";-23
"2022-03-12 16:00:00";-24
"2022-03-12 16:30:00";-24
"2022-03-12 17:00:00";-24
"2022-03-12 17:30:00";-24
"2022-03-12 18:00:00";-25
"2022-03-12 18:30:00";-24
"2022-03-12 19:00:00";-24
"2022-03-12 19:30:00";-24
"2022-03-12 20:00:00";-24
"2022-03-12 20:30:00";-24
"2022-03-12 21:00:00";-24
"2022-03-12 21:30:00";-24
"2022-03-12 22:00:00";-24
"2022-03-12 22:30:00";-24
"2022-03-12 23:00:00";-24
"2022-03-12 23:30:00";-24
"2022-03-13 00:00:00";-24
"2022-03-13 01:00:00";-24
"2022-03-13 01:30:00";-24
"2022-03-13 02:00:00";-26
"2022-03-13 02:30:00";-24
"2022-03-13 03:00:00";-24
"2022-03-13 03:30:00";-24
"2022-03-13 04:00:00";-24
"2022-03-13 04:30:00";-25
"2022-03-13 05:00:00";-24
"2022-03-13 05:30:00";-24
"2022-03-13 06:00:00";-24
"2022-03-13 06:30:00";-24
"2022-03-13 07:00:00";-25
"2022-03-13 07:30:00";-24
"2022-03-13 08:00:00";-24
"2022-03-13 08:30:00";-24
"2022-03-13 09:00:00";-24
"2022-03-13 09:30:00";-24
"2022-03-13 10:00:00";-24
"2022-03-13 10:30:00";-25
"2022-03-13 11:00:00";-24
"2022-03-13 11:30:00";-24
"2022-03-13 12:00:00";-24
"2022-03-13 12:30:00";-25
"2022-03-13 13:00:00";-24
"2022-03-13 13:30:00";-26
"2022-03-13 14:00:00";-24
"2022-03-13 14:30:00";-23
"2022-03-13 15:00:00";-24
"2022-03-13 15:30:00";-24
"2022-03-13 16:00:00";-23
"2022-03-13 16:30:00";-25
"2022-03-13 17:00:00";-24
"2022-03-13 17:30:00";-24
"2022-03-13 18:00:00";-24
"2022-03-13 18:30:00";-24
"2022-03-13 19:00:00";-23
"2022-03-13 19:30:00";-24
"2022-03-13 20:00:00";-24
"2022-03-13 20:30:00";-25
"2022-03-13 21:00:00";-25
"2022-03-13 21:30:00";-23
"2022-03-13 22:00:00";-24
"2022-03-13 22:30:00";-24
"2022-03-13 23:00:00";-24
"2022-03-13 23:30:00";-25
"2022-03-14 00:00:00";-23
"2022-03-14 01:00:00";-23
"2022-03-14 01:30:00";-23
"2022-03-14 02:00:00";-24
"2022-03-14 02:30:00";-24
"2022-03-14 03:00:00";-23
"2022-03-14 03:30:00";-24
"2022-03-14 04:00:00";-23
"2022-03-14 04:30:00";-25
"2022-03-14 05:00:00";-24
"2022-03-14 05:30:00";-24
"2022-03-14 06:00:00";-24
"2022-03-14 06:30:00";-23
"2022-03-14 07:00:00";-23
"2022-03-14 07:30:00";-23
"2022-03-14 08:00:00";-23
"2022-03-14 08:30:00";-25
"2022-03-14 09:00:00";-23
"2022-03-14 09:30:00";-24
"2022-03-14 10:00:00";-25
"2022-03-14 10:30:00";-25
"2022-03-14 11:00:00";-27
"2022-03-14 11:30:00";-29
"2022-03-14 12:00:00";-29
"2022-03-14 12:30:00";-26
"2022-03-14 13:00:00";-25
"2022-03-14 13:30:00";-25
"2022-03-14 14:00:00";-25
"2022-03-14 14:30:00";-26
"2022-03-14 15:00:00";-25
"2022-03-14 15:30:00";-24
"2022-03-14 16:00:00";-24
"2022-03-14 16:30:00";-24
"2022-03-14 17:00:00";-24
"2022-03-14 17:30:00";-23
"2022-03-14 18:00:00";-24
"2022-03-14 18:30:00";-24
"2022-03-14 19:00:00";-24
"2022-03-14 19:30:00";-23
"2022-03-14 20:00:00";-23
"2022-03-14 20:30:00";-23
"2022-03-14 21:00:00";-23
"2022-03-14 21:30:00";-23
"2022-03-14 22:00:00";-23
"2022-03-14 22:30:00";-23
"2022-03-14 23:00:00";-23
"2022-03-14 23:30:00";-23
"2022-03-15 00:00:00";-24
"2022-03-15 01:00:00";-23
"2022-03-15 01:30:00";-23
"2022-03-15 02:00:00";-23
"2022-03-15 02:30:00";-22
"2022-03-15 03:00:00";-23
"2022-03-15 03:30:00";-24
"2022-03-15 04:00:00";-22
"2022-03-15 04:30:00";-22
"2022-03-15 05:00:00";-23
"2022-03-15 05:30:00";-22
"2022-03-15 06:00:00";-22
"2022-03-15 06:30:00";-23
"2022-03-15 07:00:00";-22
"2022-03-15 07:30:00";-24
"2022-03-15 08:00:00";-22
"2022-03-15 08:30:00";-22
"2022-03-15 09:00:00";-22
"2022-03-15 09:30:00";-22
"2022-03-15 10:00:00";-22
"2022-03-15 10:30:00";-22
"2022-03-15 11:00:00";-23
"2022-03-15 11:30:00";-23
"2022-03-15 12:00:00";-22
"2022-03-15 12:30:00";-22
"2022-03-15 13:00:00";-22
"2022-03-15 13:30:00";-22
"2022-03-15 14:00:00";-23
"2022-03-15 14:30:00";-22
"2022-03-15 15:00:00";-22
"2022-03-15 15:30:00";-22
"2022-03-15 16:00:00";-22
"2022-03-15 16:30:00";-23
"2022-03-15 17:30:00";-22
"2022-03-15 18:00:00";-23
"2022-03-15 18:30:00";-22
"2022-03-15 19:00:00";-22
"2022-03-15 19:30:00";-22
"2022-03-15 20:00:00";-23
"2022-03-15 20:30:00";-22
"2022-03-15 21:00:00";-23
"2022-03-15 21:30:00";-22
"2022-03-15 22:00:00";-22
"2022-03-15 22:30:00";-22
"2022-03-15 23:00:00";-22
"2022-03-15 23:30:00";-22
"2022-03-16 00:00:00";-23
"2022-03-16 01:00:00";-22
"2022-03-16 01:30:00";-22
"2022-03-16 02:00:00";-23
"2022-03-16 02:30:00";-22
"2022-03-16 03:00:00";-23
"2022-03-16 03:30:00";-23
"2022-03-16 04:00:00";-23
"2022-03-16 04:30:00";-23
"2022-03-16 05:00:00";-23
"2022-03-16 05:30:00";-23
"2022-03-16 06:00:00";-23
"2022-03-16 06:30:00";-23
"2022-03-16 07:00:00";-23
"2022-03-16 07:30:00";-22
"2022-03-16 08:00:00";-22
"2022-03-16 08:30:00";-21
"2022-03-16 09:00:00";-21
"2022-03-16 09:30:00";-22
"2022-03-16 10:00:00";-23
"2022-03-16 10:30:00";-24
"2022-03-16 11:00:00";-26
"2022-03-16 11:30:00";-25
"2022-03-16 12:00:00";-25
"2022-03-16 12:30:00";-24
"2022-03-16 13:00:00";-24
"2022-03-16 13:30:00";-24
"2022-03-16 14:00:00";-24
"2022-03-16 14:30:00";-25
"2022-03-16 15:00:00";-23
"2022-03-16 15:30:00";-24
"2022-03-16 16:00:00";-22
"2022-03-16 16:30:00";-23
"2022-03-16 17:00:00";-22
"2022-03-16 17:30:00";-24
"2022-03-16 18:00:00";-24
"2022-03-16 18:30:00";-23
"2022-03-16 19:00:00";-23
"2022-03-16 19:30:00";-24
"2022-03-16 20:00:00";-23
"2022-03-16 20:30:00";-23
"2022-03-16 21:00:00";-22
"2022-03-16 21:30:00";-23
"2022-03-16 22:00:00";-22
"2022-03-16 22:30:00";-21
"2022-03-16 23:00:00";-21
"2022-03-16 23:30:00";-21
"2022-03-17 00:00:00";-21
"2022-03-17 01:00:00";-21
"2022-03-17 01:30:00";-21
"2022-03-17 02:00:00";-21
"2022-03-17 02:30:00";-21
"2022-03-17 03:00:00";-22
"2022-03-17 03:30:00";-21
"2022-03-17 04:00:00";-21
"2022-03-17 04:30:00";-21
"2022-03-17 05:00:00";-21
"2022-03-17 05:30:00";-21
"2022-03-17 06:00:00";-21
"2022-03-17 06:30:00";-21
"2022-03-17 07:00:00";-21
"2022-03-17 07:30:00";-22
"2022-03-17 08:00:00";-22
"2022-03-17 08:30:00";-21
"2022-03-17 09:00:00";-21
"2022-03-17 09:30:00";-21
"2022-03-17 10:00:00";-21
"2022-03-17 10:30:00";-21
"2022-03-17 11:00:00";-21
"2022-03-17 11:30:00";-22
"2022-03-17 12:00:00";-21
"2022-03-17 12:30:00";-22
"2022-03-17 13:00:00";-22
"2022-03-17 13:30:00";-21
"2022-03-17 14:00:00";-22
"2022-03-17 14:30:00";-22
"2022-03-17 15:00:00";-21
"2022-03-17 15:30:00";-22
"2022-03-17 16:00:00";-21
"2022-03-17 16:30:00";-21
"2022-03-17 17:00:00";-22
"2022-03-17 17:30:00";-21
"2022-03-17 18:00:00";-22
"2022-03-17 18:30:00";-23
"2022-03-17 19:00:00";-22
"2022-03-17 19:30:00";-22
"2022-03-17 20:00:00";-22
"2022-03-17 20:30:00";-22
"2022-03-17 21:00:00";-21
"2022-03-17 21:30:00";-22
"2022-03-17 22:00:00";-21
"2022-03-17 22:30:00";-21
"2022-03-17 23:00:00";-22
"2022-03-17 23:30:00";-22
"2022-03-18 00:00:00";-21
"2022-03-18 01:00:00";-21
"2022-03-18 01:30:00";-21
"2022-03-18 02:00:00";-21
"2022-03-18 02:30:00";-22
"2022-03-18 03:00:00";-21
"2022-03-18 03:30:00";-21
"2022-03-18 04:00:00";-21
"2022-03-18 04:30:00";-21
"2022-03-18 05:00:00";-22
"2022-03-18 05:30:00";-21
"2022-03-18 06:00:00";-21
"2022-03-18 06:30:00";-22
"2022-03-18 07:00:00";-22
"2022-03-18 07:30:00";-22
"2022-03-18 08:00:00";-21
"2022-03-18 08:30:00";-22
"2022-03-18 09:00:00";-21
"2022-03-18 09:30:00";-22
"2022-03-18 10:30:00";-22
"2022-03-18 11:00:00";-22
"2022-03-18 11:30:00";-23
"2022-03-18 12:00:00";-22
"2022-03-18 12:30:00";-22
"2022-03-18 13:00:00";-21
"2022-03-18 13:30:00";-22
"2022-03-18 14:00:00";-22
"2022-03-18 14:30:00";-22
"2022-03-18 15:00:00";-22
"2022-03-18 15:30:00";-22
"2022-03-18 16:00:00";-22
"2022-03-18 16:30:00";-21
"2022-03-18 17:00:00";-21
"2022-03-18 17:30:00";-21
"2022-03-18 18:00:00";-21
"2022-03-18 18:30:00";-22
"2022-03-18 19:00:00";-22
"2022-03-18 19:30:00";-22
"2022-03-18 20:00:00";-22
"2022-03-18 20:30:00";-22
"2022-03-18 21:00:00";-21
"2022-03-18 21:30:00";-22
"2022-03-18 22:00:00";-23
"2022-03-18 22:30:00";-22
"2022-03-18 23:00:00";-22
"2022-03-18 23:30:00";-22
"2022-03-19 00:00:00";-21
"2022-03-19 00:30:00";-22
"2022-03-19 01:00:00";-22
"2022-03-19 01:30:00";-21
"2022-03-19 02:00:00";-22
"2022-03-19 02:30:00";-22
"2022-03-19 03:00:00";-21
"2022-03-19 03:30:00";-22
"2022-03-19 04:00:00";-22
"2022-03-19 04:30:00";-22
"2022-03-19 05:00:00";-22
"2022-03-19 05:30:00";-22
"2022-03-19 06:00:00";-22
"2022-03-19 06:30:00";-22
"2022-03-19 07:00:00";-22
"2022-03-19 07:30:00";-23
"2022-03-19 08:00:00";-22
"2022-03-19 08:30:00";-22
"2022-03-19 09:00:00";-21
"2022-03-19 09:30:00";-23
"2022-03-19 10:00:00";-24
"2022-03-19 10:30:00";-25
"2022-03-19 11:00:00";-26
"2022-03-19 11:30:00";-25
"2022-03-19 12:00:00";-24
"2022-03-19 12:30:00";-23
"2022-03-19 13:00:00";-24
"2022-03-19 13:30:00";-24
"2022-03-19 14:00:00";-23
"2022-03-19 14:30:00";-23
"2022-03-19 15:00:00";-24
"2022-03-19 15:30:00";-23
"2022-03-19 16:00:00";-22
"2022-03-19 16:30:00";-22
"2022-03-19 17:00:00";-22
"2022-03-19 17:30:00";-22
"2022-03-19 18:00:00";-22
"2022-03-19 18:30:00";-22
"2022-03-19 19:00:00";-23
"2022-03-19 19:30:00";-23
"2022-03-19 20:00:00";-22
"2022-03-19 20:30:00";-22
"2022-03-19 21:00:00";-22
"2022-03-19 21:30:00";-23
"2022-03-19 22:00:00";-22
"2022-03-19 22:30:00";-22
"2022-03-19 23:00:00";-23
"2022-03-19 23:30:00";-23
"2022-03-20 00:00:00";-22
"2022-03-20 01:00:00";-23
"2022-03-20 01:30:00";-24
"2022-03-20 02:00:00";-23
"2022-03-20 02:30:00";-23
"2022-03-20 03:00:00";-24
"2022-03-20 03:30:00";-23
"2022-03-20 04:00:00";-23
"2022-03-20 04:30:00";-23
"2022-03-20 05:00:00";-24
"2022-03-20 05:30:00";-24
"2022-03-20 06:00:00";-24
"2022-03-20 06:30:00";-24
"2022-03-20 07:00:00";-24
"2022-03-20 07:30:00";-24
"2022-03-20 08:00:00";-24
"2022-03-20 08:30:00";-23
"2022-03-20 09:00:00";-23
"2022-03-20 09:30:00";-23
"2022-03-20 10:00:00";-26
"2022-03-20 10:30:00";-27
"2022-03-20 11:00:00";-26
"2022-03-20 11:30:00";-27
"2022-03-20 12:00:00";-26
"2022-03-20 12:30:00";-25
"2022-03-20 13:00:00";-24
"2022-03-20 13:30:00";-25
"2022-03-20 14:00:00";-26
"2022-03-20 14:30:00";-25
"2022-03-20 15:00:00";-24
"2022-03-20 15:30:00";-24
"2022-03-20 16:00:00";-23
"2022-03-20 16:30:00";-23
"2022-03-20 17:00:00";-23
"2022-03-20 17:30:00";-24
"2022-03-20 18:00:00";-24
"2022-03-20 18:30:00";-23
"2022-03-20 19:00:00";-24
"2022-03-20 19:30:00";-24
"2022-03-20 20:00:00";-25
"2022-03-20 20:30:00";-25
"2022-03-20 21:00:00";-24
"2022-03-20 21:30:00";-24
"2022-03-20 22:00:00";-25
"2022-03-20 22:30:00";-24
"2022-03-20 23:00:00";-24
"2022-03-20 23:30:00";-24
"2022-03-21 00:00:00";-23
"2022-03-21 00:30:00";-25
"2022-03-21 01:00:00";-24
"2022-03-21 01:30:00";-23
"2022-03-21 02:00:00";-23
"2022-03-21 02:30:00";-24
"2022-03-21 03:00:00";-24
"2022-03-21 03:30:00";-23
"2022-03-21 04:00:00";-24
"2022-03-21 04:30:00";-25
"2022-03-21 05:00:00";-23
"2022-03-21 05:30:00";-25
"2022-03-21 06:00:00";-23
"2022-03-21 06:30:00";-23
"2022-03-21 07:00:00";-23
"2022-03-21 07:30:00";-25
"2022-03-21 08:00:00";-23
"2022-03-21 08:30:00";-25
"2022-03-21 09:00:00";-23
"2022-03-21 09:30:00";-23
"2022-03-21 10:30:00";-24
"2022-03-21 11:00:00";-25
"2022-03-21 11:30:00";-24
"2022-03-21 12:00:00";-25
"2022-03-21 12:30:00";-28
"2022-03-21 13:00:00";-25
"2022-03-21 13:30:00";-24
"2022-03-21 14:00:00";-24
"2022-03-21 14:30:00";-25
"2022-03-21 15:00:00";-24
"2022-03-21 15:30:00";-23
"2022-03-21 16:00:00";-23
"2022-03-21 16:30:00";-23
"2022-03-21 17:00:00";-23
"2022-03-21 17:30:00";-23
"2022-03-21 18:00:00";-23
"2022-03-21 18:30:00";-25
"2022-03-21 19:00:00";-25
"2022-03-21 19:30:00";-24
"2022-03-21 20:00:00";-24
"2022-03-21 20:30:00";-23
"2022-03-21 21:00:00";-24
"2022-03-21 21:30:00";-24
"2022-03-21 22:00:00";-23
"2022-03-21 22:30:00";-23
"2022-03-21 23:00:00";-24
"2022-03-21 23:30:00";-25
"2022-03-22 00:00:00";-25
"2022-03-22 01:00:00";-23
"2022-03-22 01:30:00";-25
"2022-03-22 02:00:00";-24
"2022-03-22 02:30:00";-24
"2022-03-22 03:00:00";-25
"2022-03-22 03:30:00";-24
"2022-03-22 04:00:00";-24
"2022-03-22 04:30:00";-23
"2022-03-22 05:00:00";-23
"2022-03-22 05:30:00";-24
"2022-03-22 06:00:00";-25
"2022-03-22 06:30:00";-25
"2022-03-22 07:00:00";-23
"2022-03-22 07:30:00";-24
"2022-03-22 08:00:00";-23
"2022-03-22 08:30:00";-23
"2022-03-22 09:00:00";-22
"2022-03-22 09:30:00";-22
"2022-03-22 10:30:00";-27
"2022-03-22 11:30:00";-26
"2022-03-22 12:00:00";-26
"2022-03-22 12:30:00";-25
"2022-03-22 13:00:00";-25
"2022-03-22 13:30:00";-25
"2022-03-22 14:00:00";-26
"2022-03-22 14:30:00";-25
"2022-03-22 15:00:00";-25
"2022-03-22 15:30:00";-25
"2022-03-22 16:00:00";-24
"2022-03-22 16:30:00";-24
"2022-03-22 17:00:00";-24
"2022-03-22 17:30:00";-23
"2022-03-22 18:00:00";-25
"2022-03-22 18:30:00";-25
"2022-03-22 19:00:00";-25
"2022-03-22 19:30:00";-25
"2022-03-22 20:00:00";-25
"2022-03-22 20:30:00";-25
"2022-03-22 21:00:00";-24
"2022-03-22 21:30:00";-25
"2022-03-22 22:00:00";-24
"2022-03-22 22:30:00";-23
"2022-03-22 23:00:00";-22
"2022-03-22 23:30:00";-25
"2022-03-23 00:00:00";-24
"2022-03-23 01:00:00";-23
"2022-03-23 01:30:00";-24
"2022-03-23 02:00:00";-25
"2022-03-23 02:30:00";-24
"2022-03-23 03:00:00";-25
"2022-03-23 03:30:00";-25
"2022-03-23 04:00:00";-23
"2022-03-23 04:30:00";-24
"2022-03-23 05:00:00";-24
"2022-03-23 05:30:00";-24
"2022-03-23 06:00:00";-25
"2022-03-23 06:30:00";-24
"2022-03-23 07:00:00";-24
"2022-03-23 07:30:00";-22
"2022-03-23 08:00:00";-23
"2022-03-23 08:30:00";-24
"2022-03-23 09:00:00";-21
"2022-03-23 09:30:00";-22
"2022-03-23 10:00:00";-25
"2022-03-23 10:30:00";-28
"2022-03-23 11:00:00";-27
"2022-03-23 12:00:00";-27
"2022-03-23 12:30:00";-25
"2022-03-23 13:00:00";-26
"2022-03-23 13:30:00";-26
"2022-03-23 14:00:00";-26
"2022-03-23 14:30:00";-25
"2022-03-23 15:00:00";-27
"2022-03-23 15:30:00";-24
"2022-03-23 16:00:00";-24
"2022-03-23 16:30:00";-24
"2022-03-23 17:00:00";-24
"2022-03-23 17:30:00";-25
"2022-03-23 18:00:00";-25
"2022-03-23 18:30:00";-24
"2022-03-23 19:00:00";-25
"2022-03-23 19:30:00";-24
"2022-03-23 20:00:00";-24
"2022-03-23 20:30:00";-24
"2022-03-23 21:00:00";-23
"2022-03-23 21:30:00";-23
"2022-03-23 22:00:00";-24
"2022-03-23 22:30:00";-23
"2022-03-23 23:00:00";-24
"2022-03-23 23:30:00";-25
"2022-03-24 00:00:00";-24
"2022-03-24 01:00:00";-24
"2022-03-24 01:30:00";-23
"2022-03-24 02:00:00";-23
"2022-03-24 02:30:00";-24
"2022-03-24 03:00:00";-26
"2022-03-24 03:30:00";-23
"2022-03-24 04:00:00";-23
"2022-03-24 04:30:00";-24
"2022-03-24 05:00:00";-24
"2022-03-24 05:30:00";-24
"2022-03-24 06:00:00";-24
"2022-03-24 06:30:00";-23
"2022-03-24 07:00:00";-22
"2022-03-24 07:30:00";-22
"2022-03-24 08:00:00";-23
"2022-03-24 08:30:00";-23
"2022-03-24 09:00:00";-21
"2022-03-24 09:30:00";-23
"2022-03-24 10:00:00";-27
"2022-03-24 10:30:00";-29
"2022-03-24 11:00:00";-26
"2022-03-24 11:30:00";-25
"2022-03-24 12:00:00";-25
"2022-03-24 12:30:00";-25
"2022-03-24 13:00:00";-26
"2022-03-24 13:30:00";-25
"2022-03-24 14:00:00";-26
"2022-03-24 14:30:00";-27
"2022-03-24 15:00:00";-24
"2022-03-24 15:30:00";-24
"2022-03-24 16:00:00";-23
"2022-03-24 16:30:00";-23
"2022-03-24 17:00:00";-24
"2022-03-24 17:30:00";-24
"2022-03-24 18:00:00";-25
"2022-03-24 18:30:00";-24
"2022-03-24 19:00:00";-25
"2022-03-24 19:30:00";-24
"2022-03-24 20:00:00";-25
"2022-03-24 20:30:00";-25
"2022-03-24 21:00:00";-24
"2022-03-24 21:30:00";-24
"2022-03-24 22:00:00";-23
"2022-03-24 22:30:00";-24
"2022-03-24 23:00:00";-23
"2022-03-24 23:30:00";-24
"2022-03-25 00:00:00";-24
"2022-03-25 01:00:00";-25
"2022-03-25 01:30:00";-24
"2022-03-25 02:00:00";-24
"2022-03-25 02:30:00";-24
"2022-03-25 03:00:00";-23
"2022-03-25 03:30:00";-23
"2022-03-25 04:00:00";-24
"2022-03-25 04:30:00";-23
"2022-03-25 05:00:00";-23
"2022-03-25 05:30:00";-24
"2022-03-25 06:00:00";-24
"2022-03-25 06:30:00";-23
"2022-03-25 07:00:00";-24
"2022-03-25 07:30:00";-23
"2022-03-25 08:00:00";-21
"2022-03-25 08:30:00";-24
"2022-03-25 09:00:00";-22
"2022-03-25 09:30:00";-22
"2022-03-25 10:30:00";-25
"2022-03-25 11:00:00";-24
"2022-03-25 11:30:00";-25
"2022-03-25 12:00:00";-26
"2022-03-25 12:30:00";-24
"2022-03-25 13:00:00";-25
"2022-03-25 13:30:00";-25
"2022-03-25 14:00:00";-25
"2022-03-25 14:30:00";-24
"2022-03-25 15:00:00";-24
"2022-03-25 15:30:00";-23
"2022-03-25 16:00:00";-24
"2022-03-25 16:30:00";-23
"2022-03-25 17:00:00";-24
"2022-03-25 17:30:00";-24
"2022-03-25 18:00:00";-24
"2022-03-25 18:30:00";-24
"2022-03-25 19:00:00";-24
"2022-03-25 19:30:00";-24
"2022-03-25 20:00:00";-25
"2022-03-25 20:30:00";-24
"2022-03-25 21:00:00";-24
"2022-03-25 21:30:00";-23
"2022-03-25 22:00:00";-23
"2022-03-25 22:30:00";-22
"2022-03-25 23:00:00";-23
"2022-03-25 23:30:00";-24
"2022-03-26 00:00:00";-24
"2022-03-26 02:00:00";-23
"2022-03-26 02:30:00";-23
"2022-03-26 03:00:00";-24
"2022-03-26 03:30:00";-23
"2022-03-26 04:00:00";-23
"2022-03-26 04:30:00";-23
"2022-03-26 05:00:00";-22
"2022-03-26 05:30:00";-24
"2022-03-26 06:00:00";-23
"2022-03-26 06:30:00";-23
"2022-03-26 07:00:00";-23
"2022-03-26 07:30:00";-22
"2022-03-26 08:00:00";-23
"2022-03-26 08:30:00";-23
"2022-03-26 09:00:00";-22
"2022-03-26 09:30:00";-21
"2022-03-26 10:00:00";-25
"2022-03-26 10:30:00";-27
"2022-03-26 11:00:00";-25
"2022-03-26 11:30:00";-25
"2022-03-26 12:00:00";-25
"2022-03-26 12:30:00";-26
"2022-03-26 13:00:00";-25
"2022-03-26 13:30:00";-24
"2022-03-26 14:00:00";-23
"2022-03-26 14:30:00";-24
"2022-03-26 15:00:00";-23
"2022-03-26 15:30:00";-24
"2022-03-26 16:00:00";-22
"2022-03-26 16:30:00";-22
"2022-03-26 17:00:00";-23
"2022-03-26 17:30:00";-23
"2022-03-26 18:00:00";-24
"2022-03-26 18:30:00";-23
"2022-03-26 19:00:00";-24
"2022-03-26 19:30:00";-24
"2022-03-26 20:00:00";-23
"2022-03-26 20:30:00";-23
"2022-03-26 21:00:00";-23
"2022-03-26 21:30:00";-23
"2022-03-26 22:00:00";-23
"2022-03-26 22:30:00";-22
"2022-03-26 23:00:00";-22
"2022-03-26 23:30:00";-23
"2022-03-27 00:00:00";-23
"2022-03-27 01:00:00";-22
"2022-03-27 01:30:00";-23
"2022-03-27 03:00:00";-23
"2022-03-27 03:30:00";-22
"2022-03-27 04:00:00";-23
"2022-03-27 05:00:00";-23
"2022-03-27 05:30:00";-23
"2022-03-27 06:00:00";-23
"2022-03-27 06:30:00";-22
"2022-03-27 07:00:00";-23
"2022-03-27 07:30:00";-23
"2022-03-27 08:00:00";-24
"2022-03-27 08:30:00";-23
"2022-03-27 09:00:00";-22
"2022-03-27 09:30:00";-21
"2022-03-27 10:00:00";-21
"2022-03-27 10:30:00";-20
"2022-03-27 11:00:00";-20
"2022-03-27 11:30:00";-19
"2022-03-27 12:00:00";-21
"2022-03-27 12:30:00";-23
"2022-03-27 13:00:00";-22
"2022-03-27 13:30:00";-23
"2022-03-27 14:00:00";-24
"2022-03-27 14:30:00";-24
"2022-03-27 15:00:00";-24
"2022-03-27 15:30:00";-26
"2022-03-27 16:00:00";-23
"2022-03-27 16:30:00";-24
"2022-03-27 17:00:00";-22
"2022-03-27 17:30:00";-22
"2022-03-27 18:00:00";-22
"2022-03-27 18:30:00";-21
"2022-03-27 19:00:00";-21
"2022-03-27 19:30:00";-22
"2022-03-27 20:00:00";-22
"2022-03-27 20:30:00";-23
"2022-03-27 21:00:00";-23
"2022-03-27 21:30:00";-23
"2022-03-27 22:00:00";-22
"2022-03-27 22:30:00";-21
"2022-03-27 23:00:00";-23
"2022-03-27 23:30:00";-23
"2022-03-28 00:00:00";-23
"2022-03-28 00:30:00";-22
"2022-03-28 01:00:00";-22
"2022-03-28 01:30:00";-22
"2022-03-28 02:00:00";-23
"2022-03-28 03:00:00";-23
"2022-03-28 03:30:00";-22
"2022-03-28 04:00:00";-22
"2022-03-28 04:30:00";-22
"2022-03-28 05:00:00";-22
"2022-03-28 05:30:00";-22
"2022-03-28 06:00:00";-22
"2022-03-28 06:30:00";-22
"2022-03-28 07:00:00";-22
"2022-03-28 07:30:00";-22
"2022-03-28 08:00:00";-22
"2022-03-28 08:30:00";-21
"2022-03-28 09:00:00";-21
"2022-03-28 09:30:00";-21
"2022-03-28 10:00:00";-21
"2022-03-28 10:30:00";-20
"2022-03-28 11:00:00";-20
"2022-03-28 11:30:00";-21
"2022-03-28 12:30:00";-25
"2022-03-28 13:00:00";-24
"2022-03-28 13:30:00";-24
"2022-03-28 14:00:00";-24
"2022-03-28 14:30:00";-24
"2022-03-28 15:00:00";-23
"2022-03-28 15:30:00";-23
"2022-03-28 16:00:00";-24
"2022-03-28 16:30:00";-23
"2022-03-28 17:00:00";-24
"2022-03-28 17:30:00";-22
"2022-03-28 18:00:00";-22
"2022-03-28 18:30:00";-21
"2022-03-28 19:00:00";-22
"2022-03-28 19:30:00";-21
"2022-03-28 20:00:00";-21
"2022-03-28 20:30:00";-22
"2022-03-28 21:00:00";-23
"2022-03-28 21:30:00";-22
"2022-03-28 22:00:00";-22
"2022-03-28 22:30:00";-22
"2022-03-28 23:00:00";-22
"2022-03-28 23:30:00";-21
"2022-03-29 00:00:00";-22
"2022-03-29 00:30:00";-22
"2022-03-29 01:00:00";-21
"2022-03-29 01:30:00";-22
"2022-03-29 02:00:00";-21
"2022-03-29 03:00:00";-22
"2022-03-29 03:30:00";-22
"2022-03-29 04:00:00";-21
"2022-03-29 04:30:00";-21
"2022-03-29 05:00:00";-22
"2022-03-29 05:30:00";-22
"2022-03-29 06:00:00";-21
"2022-03-29 06:30:00";-21
"2022-03-29 07:00:00";-20
"2022-03-29 07:30:00";-22
"2022-03-29 08:00:00";-22
"2022-03-29 08:30:00";-21
"2022-03-29 09:00:00";-20
"2022-03-29 09:30:00";-20
"2022-03-29 10:00:00";-20
"2022-03-29 10:30:00";-19
"2022-03-29 11:00:00";-19
"2022-03-29 11:30:00";-21
"2022-03-29 12:00:00";-23
"2022-03-29 12:30:00";-22
"2022-03-29 13:00:00";-23
"2022-03-29 13:30:00";-21
"2022-03-29 14:00:00";-22
"2022-03-29 14:30:00";-22
"2022-03-29 15:00:00";-22
"2022-03-29 15:30:00";-21
"2022-03-29 16:00:00";-21
"2022-03-29 16:30:00";-22
"2022-03-29 17:00:00";-21
"2022-03-29 17:30:00";-21
"2022-03-29 18:00:00";-21
"2022-03-29 18:30:00";-20
"2022-03-29 19:00:00";-20
"2022-03-29 19:30:00";-20
"2022-03-29 20:00:00";-20
"2022-03-29 20:30:00";-20
"2022-03-29 21:00:00";-22
"2022-03-29 21:30:00";-21
"2022-03-29 22:00:00";-20
"2022-03-29 22:30:00";-21
"2022-03-29 23:00:00";-20
"2022-03-29 23:30:00";-20
"2022-03-30 00:00:00";-20
"2022-03-30 00:30:00";-21
"2022-03-30 01:00:00";-20
"2022-03-30 01:30:00";-20
"2022-03-30 02:00:00";-20
"2022-03-30 03:00:00";-21
"2022-03-30 03:30:00";-21
"2022-03-30 04:00:00";-21
"2022-03-30 04:30:00";-20
"2022-03-30 05:00:00";-20
"2022-03-30 05:30:00";-20
"2022-03-30 06:00:00";-19
"2022-03-30 06:30:00";-20
"2022-03-30 07:00:00";-18
"2022-03-30 07:30:00";-19
"2022-03-30 08:00:00";-20
"2022-03-30 08:30:00";-20
"2022-03-30 09:00:00";-19
"2022-03-30 09:30:00";-19
"2022-03-30 10:00:00";-19
"2022-03-30 10:30:00";-19
"2022-03-30 11:00:00";-19
"2022-03-30 11:30:00";-18
"2022-03-30 12:00:00";-18
"2022-03-30 12:30:00";-19
"2022-03-30 13:00:00";-19
"2022-03-30 13:30:00";-19
"2022-03-30 14:00:00";-19
"2022-03-30 14:30:00";-19
"2022-03-30 15:00:00";-18
"2022-03-30 15:30:00";-19
"2022-03-30 16:00:00";-18
"2022-03-30 16:30:00";-19
"2022-03-30 17:00:00";-18
"2022-03-30 17:30:00";-18
"2022-03-30 18:00:00";-18
"2022-03-30 18:30:00";-18
"2022-03-30 19:00:00";-18
"2022-03-30 19:30:00";-19
"2022-03-30 20:00:00";-18
"2022-03-30 20:30:00";-18
"2022-03-30 21:00:00";-18
"2022-03-30 21:30:00";-18
"2022-03-30 22:00:00";-19
"2022-03-30 22:30:00";-19
"2022-03-30 23:00:00";-19
"2022-03-30 23:30:00";-19
"2022-03-31 00:00:00";-19
"2022-03-31 00:30:00";-19
"2022-03-31 01:00:00";-18
"2022-03-31 01:30:00";-18
"2022-03-31 02:00:00";-19
"2022-03-31 03:00:00";-18
"2022-03-31 03:30:00";-19
"2022-03-31 04:00:00";-18
"2022-03-31 04:30:00";-19
"2022-03-31 05:00:00";-19
"2022-03-31 05:30:00";-18
"2022-03-31 06:00:00";-18
"2022-03-31 06:30:00";-19
"2022-03-31 07:00:00";-19
"2022-03-31 07:30:00";-18
"2022-03-31 08:00:00";-19
"2022-03-31 08:30:00";-18
"2022-03-31 09:00:00";-19
"2022-03-31 09:30:00";-19
"2022-03-31 10:00:00";-18
"2022-03-31 10:30:00";-18
"2022-03-31 11:00:00";-18
"2022-03-31 11:30:00";-20
"2022-03-31 12:00:00";-22
"2022-03-31 12:30:00";-22
"2022-03-31 13:00:00";-22
"2022-03-31 13:30:00";-21
"2022-03-31 14:00:00";-21
"2022-03-31 14:30:00";-21
"2022-03-31 15:00:00";-22
"2022-03-31 15:30:00";-20
"2022-03-31 16:00:00";-20
"2022-03-31 16:30:00";-19
"2022-03-31 17:00:00";-20
"2022-03-31 17:30:00";-19
"2022-03-31 18:00:00";-18
"2022-03-31 18:30:00";-18
"2022-03-31 19:00:00";-18
"2022-03-31 19:30:00";-17
"2022-03-31 20:00:00";-19
"2022-03-31 20:30:00";-18
"2022-03-31 21:00:00";-19
"2022-03-31 21:30:00";-18
"2022-03-31 22:00:00";-18
"2022-03-31 22:30:00";-18
"2022-03-31 23:00:00";-17
"2022-03-31 23:30:00";-17
"2022-04-01 00:00:00";-18
"2022-04-01 00:30:00";-17
"2022-04-01 01:00:00";-18
"2022-04-01 01:30:00";-17
"2022-04-01 02:00:00";-17
"2022-04-01 03:00:00";-17
"2022-04-01 03:30:00";-18
"2022-04-01 04:00:00";-17
"2022-04-01 04:30:00";-17
"2022-04-01 05:00:00";-17
"2022-04-01 05:30:00";-17
"2022-04-01 06:00:00";-17
"2022-04-01 06:30:00";-17
"2022-04-01 07:00:00";-18
"2022-04-01 07:30:00";-18
"2022-04-01 08:00:00";-18
"2022-04-01 08:30:00";-18
"2022-04-01 09:00:00";-19
"2022-04-01 09:30:00";-17
"2022-04-01 10:00:00";-17
"2022-04-01 10:30:00";-16
"2022-04-01 11:00:00";-19
"2022-04-01 11:30:00";-17
"2022-04-01 12:00:00";-17
"2022-04-01 12:30:00";-18
"2022-04-01 13:00:00";-19
"2022-04-01 13:30:00";-19
"2022-04-01 14:00:00";-18
"2022-04-01 14:30:00";-18
"2022-04-01 15:00:00";-18
"2022-04-01 15:30:00";-18
"2022-04-01 16:00:00";-19
"2022-04-01 16:30:00";-19
"2022-04-01 17:00:00";-18
"2022-04-01 17:30:00";-17
"2022-04-01 18:00:00";-19
"2022-04-01 18:30:00";-18
"2022-04-01 19:00:00";-18
"2022-04-01 19:30:00";-19
"2022-04-01 20:00:00";-17
"2022-04-01 20:30:00";-17
"2022-04-01 21:00:00";-17
"2022-04-01 21:30:00";-17
"2022-04-01 22:00:00";-16
"2022-04-01 22:30:00";-18
"2022-04-01 23:00:00";-17
"2022-04-01 23:30:00";-17
"2022-04-02 00:00:00";-18
"2022-04-02 00:30:00";-18
"2022-04-02 01:00:00";-17
"2022-04-02 04:30:00";-19
"2022-04-02 05:00:00";-18
"2022-04-02 05:30:00";-18
"2022-04-02 06:00:00";-18
"2022-04-02 06:30:00";-18
"2022-04-02 07:00:00";-18
"2022-04-02 07:30:00";-18
"2022-04-02 08:00:00";-18
"2022-04-02 08:30:00";-19
"2022-04-02 09:00:00";-19
"2022-04-02 09:30:00";-18
"2022-04-02 10:00:00";-18
"2022-04-02 10:30:00";-18
"2022-04-02 11:00:00";-19
"2022-04-02 11:30:00";-18
"2022-04-02 12:00:00";-19
"2022-04-02 12:30:00";-20
"2022-04-02 13:00:00";-24
"2022-04-02 13:30:00";-21
"2022-04-02 14:00:00";-19
"2022-04-02 14:30:00";-18
"2022-04-02 15:00:00";-17
"2022-04-02 15:30:00";-18
"2022-04-02 16:00:00";-18
"2022-04-02 16:30:00";-18
"2022-04-02 17:00:00";-18
"2022-04-02 17:30:00";-17
"2022-04-02 18:00:00";-19
"2022-04-02 18:30:00";-17
"2022-04-02 19:00:00";-18
"2022-04-02 19:30:00";-18
"2022-04-02 20:00:00";-18
"2022-04-02 20:30:00";-18
"2022-04-02 21:00:00";-17
"2022-04-02 21:30:00";-19
"2022-04-02 22:00:00";-18
"2022-04-02 22:30:00";-18
"2022-04-02 23:00:00";-18
"2022-04-02 23:30:00";-18
"2022-04-03 00:00:00";-18
"2022-04-03 00:30:00";-21
"2022-04-03 01:00:00";-18
"2022-04-03 01:30:00";-18
"2022-04-03 02:00:00";-19
"2022-04-03 03:00:00";-19
"2022-04-03 03:30:00";-19
"2022-04-03 04:00:00";-18
"2022-04-03 04:30:00";-18
"2022-04-03 05:00:00";-18
"2022-04-03 05:30:00";-18
"2022-04-03 06:00:00";-20
"2022-04-03 06:30:00";-19
"2022-04-03 07:00:00";-19
"2022-04-03 07:30:00";-20
"2022-04-03 08:00:00";-19
"2022-04-03 08:30:00";-21
"2022-04-03 09:00:00";-19
"2022-04-03 09:30:00";-19
"2022-04-03 10:00:00";-18
"2022-04-03 10:30:00";-19
"2022-04-03 11:00:00";-19
"2022-04-03 11:30:00";-21
"2022-04-03 12:30:00";-21
"2022-04-03 13:00:00";-21
"2022-04-03 13:30:00";-21
"2022-04-03 14:00:00";-22
"2022-04-03 14:30:00";-20
"2022-04-03 15:00:00";-20
"2022-04-03 15:30:00";-21
"2022-04-03 16:00:00";-21
"2022-04-03 16:30:00";-20
"2022-04-03 17:00:00";-21
"2022-04-03 17:30:00";-22
"2022-04-03 18:00:00";-22
"2022-04-03 18:30:00";-20
"2022-04-03 19:00:00";-21
"2022-04-03 19:30:00";-19
"2022-04-03 20:00:00";-19
"2022-04-03 20:30:00";-20
"2022-04-03 21:00:00";-19
"2022-04-03 21:30:00";-19
"2022-04-03 22:00:00";-20
"2022-04-03 22:30:00";-19
"2022-04-03 23:00:00";-19
"2022-04-03 23:30:00";-19
"2022-04-04 00:00:00";-19
"2022-04-04 00:30:00";-19
"2022-04-04 01:00:00";-20
"2022-04-04 01:30:00";-19
"2022-04-04 02:00:00";-19
"2022-04-04 03:00:00";-19
"2022-04-04 03:30:00";-20
"2022-04-04 04:00:00";-19
"2022-04-04 04:30:00";-20
"2022-04-04 05:00:00";-20
"2022-04-04 05:30:00";-20
"2022-04-04 06:00:00";-20
"2022-04-04 06:30:00";-20
"2022-04-04 07:00:00";-20
"2022-04-04 07:30:00";-19
"2022-04-04 08:00:00";-20
"2022-04-04 08:30:00";-19
"2022-04-04 09:00:00";-20
"2022-04-04 09:30:00";-21
"2022-04-04 10:00:00";-19
"2022-04-04 10:30:00";-20
"2022-04-04 11:00:00";-20
"2022-04-04 11:30:00";-20
"2022-04-04 12:00:00";-20
"2022-04-04 12:30:00";-19
"2022-04-04 13:00:00";-19
"2022-04-04 13:30:00";-20
"2022-04-04 14:00:00";-20
"2022-04-04 14:30:00";-19
"2022-04-04 15:00:00";-19
"2022-04-04 15:30:00";-21
"2022-04-04 16:00:00";-22
"2022-04-04 16:30:00";-20
"2022-04-04 17:00:00";-22
"2022-04-04 17:30:00";-20
"2022-04-04 18:00:00";-19
"2022-04-04 18:30:00";-20
"2022-04-04 19:00:00";-19
"2022-04-04 19:30:00";-19
"2022-04-04 20:00:00";-19
"2022-04-04 20:30:00";-19
"2022-04-04 21:00:00";-19
"2022-04-04 21:30:00";-20
"2022-04-04 22:00:00";-20
"2022-04-04 22:30:00";-21
"2022-04-04 23:00:00";-20
"2022-04-04 23:30:00";-22
"2022-04-05 00:00:00";-21
"2022-04-05 00:30:00";-20
"2022-04-05 01:00:00";-21
"2022-04-05 01:30:00";-20
"2022-04-05 02:00:00";-21
"2022-04-05 03:00:00";-20
"2022-04-05 03:30:00";-20
"2022-04-05 04:00:00";-20
"2022-04-05 04:30:00";-21
"2022-04-05 05:00:00";-20
"2022-04-05 05:30:00";-19
"2022-04-05 06:00:00";-20
"2022-04-05 06:30:00";-20
"2022-04-05 07:00:00";-21
"2022-04-05 07:30:00";-20
"2022-04-05 08:00:00";-20
"2022-04-05 08:30:00";-20
"2022-04-05 09:00:00";-21
"2022-04-05 09:30:00";-19
"2022-04-05 10:00:00";-20
"2022-04-05 10:30:00";-19
"2022-04-05 11:00:00";-18
"2022-04-05 11:30:00";-22
"2022-04-05 12:00:00";-23
"2022-04-05 12:30:00";-23
"2022-04-05 13:00:00";-23
"2022-04-05 13:30:00";-23
"2022-04-05 14:00:00";-22
"2022-04-05 14:30:00";-22
"2022-04-05 15:00:00";-22
"2022-04-05 16:00:00";-21
"2022-04-05 16:30:00";-22
"2022-04-05 17:00:00";-22
"2022-04-05 17:30:00";-20
"2022-04-05 18:00:00";-19
"2022-04-05 18:30:00";-19
"2022-04-05 19:00:00";-19
"2022-04-05 19:30:00";-18
"2022-04-05 20:00:00";-18
"2022-04-05 20:30:00";-18
"2022-04-05 21:00:00";-17
"2022-04-05 21:30:00";-17
"2022-04-05 22:00:00";-17
"2022-04-05 22:30:00";-17
"2022-04-05 23:00:00";-17
"2022-04-05 23:30:00";-17
"2022-04-06 00:00:00";-16
"2022-04-06 00:30:00";-17
"2022-04-06 01:00:00";-17
"2022-04-06 01:30:00";-17
"2022-04-06 02:00:00";-17
"2022-04-06 03:00:00";-17
"2022-04-06 03:30:00";-16
"2022-04-06 04:00:00";-16
"2022-04-06 04:30:00";-17
"2022-04-06 05:00:00";-16
"2022-04-06 05:30:00";-17
"2022-04-06 06:00:00";-16
"2022-04-06 06:30:00";-16
"2022-04-06 07:00:00";-17
"2022-04-06 07:30:00";-16
"2022-04-06 08:00:00";-18
"2022-04-06 08:30:00";-17
"2022-04-06 09:00:00";-16
"2022-04-06 09:30:00";-17
"2022-04-06 10:00:00";-18
"2022-04-06 10:30:00";-16
"2022-04-06 11:00:00";-15
"2022-04-06 11:30:00";-17
"2022-04-06 12:00:00";-19
"2022-04-06 12:30:00";-18
"2022-04-06 13:00:00";-18
"2022-04-06 13:30:00";-19
"2022-04-06 14:00:00";-19
"2022-04-06 14:30:00";-18
"2022-04-06 15:00:00";-20
"2022-04-06 15:30:00";-16
"2022-04-06 16:00:00";-16
"2022-04-06 16:30:00";-16
"2022-04-06 17:00:00";-17
"2022-04-06 17:30:00";-16
"2022-04-06 18:00:00";-17
"2022-04-06 18:30:00";-17
"2022-04-06 19:00:00";-16
"2022-04-06 19:30:00";-17
"2022-04-06 20:00:00";-17
"2022-04-06 20:30:00";-17
"2022-04-06 21:00:00";-17
"2022-04-06 21:30:00";-16
"2022-04-06 22:00:00";-16
"2022-04-06 22:30:00";-17
"2022-04-06 23:00:00";-16
"2022-04-06 23:30:00";-17
"2022-04-07 00:00:00";-16
"2022-04-07 00:30:00";-17
"2022-04-07 01:00:00";-16
"2022-04-07 01:30:00";-16
"2022-04-07 02:00:00";-15
"2022-04-07 03:00:00";-15
"2022-04-07 03:30:00";-16
"2022-04-07 04:00:00";-15
"2022-04-07 04:30:00";-16
"2022-04-07 05:00:00";-15
"2022-04-07 05:30:00";-16
"2022-04-07 06:00:00";-16
"2022-04-07 06:30:00";-15
"2022-04-07 07:00:00";-15
"2022-04-07 07:30:00";-16
"2022-04-07 08:00:00";-16
"2022-04-07 08:30:00";-16
"2022-04-07 09:00:00";-16
"2022-04-07 09:30:00";-17
"2022-04-07 10:00:00";-15
"2022-04-07 10:30:00";-15
"2022-04-07 11:00:00";-15
"2022-04-07 11:30:00";-17
"2022-04-07 12:30:00";-19
"2022-04-07 13:00:00";-17
"2022-04-07 13:30:00";-18
"2022-04-07 14:00:00";-16
"2022-04-07 14:30:00";-18
"2022-04-07 15:00:00";-19
"2022-04-07 15:30:00";-17
"2022-04-07 16:00:00";-18
"2022-04-07 16:30:00";-18
"2022-04-07 17:00:00";-18
"2022-04-07 17:30:00";-16
"2022-04-07 18:00:00";-17
"2022-04-07 18:30:00";-15
"2022-04-07 19:00:00";-17
"2022-04-07 19:30:00";-17
"2022-04-07 20:00:00";-15
"2022-04-07 20:30:00";-17
"2022-04-07 21:00:00";-16
"2022-04-07 21:30:00";-17
"2022-04-07 22:00:00";-18
"2022-04-07 22:30:00";-18
"2022-04-07 23:00:00";-17
"2022-04-07 23:30:00";-16
"2022-04-08 00:00:00";-16
"2022-04-08 00:30:00";-16
"2022-04-08 01:00:00";-16
"2022-04-08 01:30:00";-17
"2022-04-08 02:00:00";-15
"2022-04-08 03:00:00";-15
"2022-04-08 03:30:00";-15
"2022-04-08 04:00:00";-15
"2022-04-08 04:30:00";-16
"2022-04-08 05:00:00";-15
"2022-04-08 05:30:00";-15
"2022-04-08 06:00:00";-16
"2022-04-08 06:30:00";-17
"2022-04-08 07:00:00";-15
"2022-04-08 07:30:00";-15
"2022-04-08 08:00:00";-16
"2022-04-08 08:30:00";-15
"2022-04-08 09:00:00";-16
"2022-04-08 09:30:00";-15
"2022-04-08 10:00:00";-15
"2022-04-08 10:30:00";-14
"2022-04-08 11:00:00";-14
"2022-04-08 11:30:00";-17
"2022-04-08 12:00:00";-17
"2022-04-08 12:30:00";-17
"2022-04-08 13:00:00";-17
"2022-04-08 13:30:00";-15
"2022-04-08 14:00:00";-16
"2022-04-08 14:30:00";-18
"2022-04-08 15:00:00";-18
"2022-04-08 15:30:00";-16
"2022-04-08 16:00:00";-19
"2022-04-08 16:30:00";-18
"2022-04-08 17:00:00";-18
"2022-04-08 17:30:00";-17
"2022-04-08 18:00:00";-16
"2022-04-08 18:30:00";-17
"2022-04-08 19:00:00";-16
"2022-04-08 19:30:00";-17
"2022-04-08 20:00:00";-16
"2022-04-08 20:30:00";-16
"2022-04-08 21:00:00";-18
"2022-04-08 21:30:00";-17
"2022-04-08 22:00:00";-15
"2022-04-08 22:30:00";-16
"2022-04-08 23:00:00";-16
"2022-04-08 23:30:00";-15
"2022-04-09 00:00:00";-15
"2022-04-09 00:30:00";-14
"2022-04-09 01:00:00";-12
"2022-04-09 04:00:00";-13
"2022-04-09 04:30:00";-13
"2022-04-09 05:00:00";-13
"2022-04-09 05:30:00";-14
"2022-04-09 06:00:00";-14
"2022-04-09 06:30:00";-13
"2022-04-09 07:00:00";-14
"2022-04-09 07:30:00";-13
"2022-04-09 08:00:00";-14
"2022-04-09 08:30:00";-14
"2022-04-09 09:00:00";-14
"2022-04-09 09:30:00";-14
"2022-04-09 10:00:00";-14
"2022-04-09 10:30:00";-13
"2022-04-09 11:00:00";-12
"2022-04-09 11:30:00";-16
"2022-04-09 12:00:00";-18
"2022-04-09 12:30:00";-18
"2022-04-09 13:00:00";-18
"2022-04-09 13:30:00";-19
"2022-04-09 14:00:00";-20
"2022-04-09 14:30:00";-19
"2022-04-09 15:00:00";-19
"2022-04-09 15:30:00";-18
"2022-04-09 16:00:00";-18
"2022-04-09 16:30:00";-18
"2022-04-09 17:00:00";-18
"2022-04-09 17:30:00";-18
"2022-04-09 18:00:00";-17
"2022-04-09 18:30:00";-18
"2022-04-09 19:00:00";-17
"2022-04-09 19:30:00";-16
"2022-04-09 20:00:00";-17
"2022-04-09 20:30:00";-17
"2022-04-09 21:00:00";-18
"2022-04-09 21:30:00";-17
"2022-04-09 22:00:00";-19
"2022-04-09 22:30:00";-19
"2022-04-09 23:00:00";-18
"2022-04-09 23:30:00";-16
"2022-04-10 00:00:00";-17
"2022-04-10 00:30:00";-17
"2022-04-10 01:00:00";-18
"2022-04-10 01:30:00";-17
"2022-04-10 02:00:00";-18
"2022-04-10 03:00:00";-17
"2022-04-10 03:30:00";-17
"2022-04-10 04:00:00";-17
"2022-04-10 04:30:00";-16
"2022-04-10 05:00:00";-17
"2022-04-10 05:30:00";-18
"2022-04-10 06:00:00";-19
"2022-04-10 06:30:00";-18
"2022-04-10 07:00:00";-18
"2022-04-10 07:30:00";-17
"2022-04-10 08:00:00";-17
"2022-04-10 08:30:00";-18
"2022-04-10 09:00:00";-18
"2022-04-10 09:30:00";-18
"2022-04-10 10:00:00";-17
"2022-04-10 10:30:00";-16
"2022-04-10 11:00:00";-15
"2022-04-10 11:30:00";-20
"2022-04-10 12:00:00";-22
"2022-04-10 12:30:00";-20
"2022-04-10 13:00:00";-21
"2022-04-10 13:30:00";-22
"2022-04-10 14:00:00";-22
"2022-04-10 14:30:00";-20
"2022-04-10 15:00:00";-20
"2022-04-10 15:30:00";-20
"2022-04-10 16:00:00";-19
"2022-04-10 16:30:00";-19
"2022-04-10 17:00:00";-19
"2022-04-10 17:30:00";-19
"2022-04-10 18:00:00";-18
"2022-04-10 18:30:00";-17
"2022-04-10 19:00:00";-16
"2022-04-10 19:30:00";-18
"2022-04-10 20:00:00";-18
"2022-04-10 20:30:00";-19
"2022-04-10 21:00:00";-18
"2022-04-10 21:30:00";-18
"2022-04-10 22:00:00";-18
"2022-04-10 22:30:00";-19
"2022-04-10 23:00:00";-19
"2022-04-10 23:30:00";-18
"2022-04-11 00:00:00";-20
"2022-04-11 00:30:00";-20
"2022-04-11 01:00:00";-17
"2022-04-11 01:30:00";-18
"2022-04-11 02:00:00";-19
"2022-04-11 03:00:00";-18
"2022-04-11 03:30:00";-18
"2022-04-11 04:00:00";-19
"2022-04-11 04:30:00";-19
"2022-04-11 05:00:00";-17
"2022-04-11 05:30:00";-19
"2022-04-11 06:00:00";-19
"2022-04-11 06:30:00";-17
"2022-04-11 07:00:00";-18
"2022-04-11 07:30:00";-16
"2022-04-11 08:00:00";-17
"2022-04-11 08:30:00";-18
"2022-04-11 09:00:00";-18
"2022-04-11 09:30:00";-18
"2022-04-11 10:00:00";-16
"2022-04-11 10:30:00";-16
"2022-04-11 11:00:00";-16
"2022-04-11 11:30:00";-19
"2022-04-11 12:00:00";-20
"2022-04-11 12:30:00";-19
"2022-04-11 13:00:00";-19
"2022-04-11 13:30:00";-18
"2022-04-11 14:00:00";-21
"2022-04-11 14:30:00";-19
"2022-04-11 15:00:00";-18
"2022-04-11 15:30:00";-18
"2022-04-11 16:00:00";-19
"2022-04-11 16:30:00";-18
"2022-04-11 17:00:00";-18
"2022-04-11 17:30:00";-17
"2022-04-11 18:00:00";-16
"2022-04-11 18:30:00";-17
"2022-04-11 19:00:00";-17
"2022-04-11 19:30:00";-16
"2022-04-11 20:00:00";-17
"2022-04-11 20:30:00";-16
"2022-04-11 21:00:00";-18
"2022-04-11 21:30:00";-19
"2022-04-11 22:00:00";-18
"2022-04-11 22:30:00";-17
"2022-04-11 23:00:00";-19
"2022-04-11 23:30:00";-18
"2022-04-12 00:00:00";-17
"2022-04-12 00:30:00";-17
"2022-04-12 01:00:00";-18
"2022-04-12 01:30:00";-17
"2022-04-12 02:00:00";-17
"2022-04-12 03:00:00";-17
"2022-04-12 03:30:00";-17
"2022-04-12 04:00:00";-17
"2022-04-12 04:30:00";-16
"2022-04-12 05:00:00";-18
"2022-04-12 05:30:00";-18
"2022-04-12 06:00:00";-20
"2022-04-12 06:30:00";-16
"2022-04-12 07:00:00";-18
"2022-04-12 07:30:00";-16
"2022-04-12 08:00:00";-16
"2022-04-12 08:30:00";-17
"2022-04-12 09:30:00";-16
"2022-04-12 10:00:00";-16
"2022-04-12 10:30:00";-16
"2022-04-12 11:00:00";-13
"2022-04-12 11:30:00";-18
"2022-04-12 12:00:00";-20
"2022-04-12 12:30:00";-19
"2022-04-12 13:00:00";-18
"2022-04-12 13:30:00";-18
"2022-04-12 14:00:00";-17
"2022-04-12 14:30:00";-18
"2022-04-12 15:00:00";-19
"2022-04-12 15:30:00";-17
"2022-04-12 16:00:00";-18
"2022-04-12 16:30:00";-18
"2022-04-12 17:00:00";-18
"2022-04-12 17:30:00";-18
"2022-04-12 18:00:00";-17
"2022-04-12 18:30:00";-16
"2022-04-12 19:00:00";-16
"2022-04-12 19:30:00";-16
"2022-04-12 20:00:00";-17
"2022-04-12 20:30:00";-16
"2022-04-12 21:00:00";-17
"2022-04-12 21:30:00";-17
"2022-04-12 22:00:00";-17
"2022-04-12 22:30:00";-18
"2022-04-12 23:00:00";-18
"2022-04-12 23:30:00";-18
"2022-04-13 00:00:00";-17
"2022-04-13 00:30:00";-17
"2022-04-13 01:00:00";-18
"2022-04-13 01:30:00";-17
"2022-04-13 02:00:00";-17
"2022-04-13 03:00:00";-17
"2022-04-13 03:30:00";-16
"2022-04-13 04:00:00";-15
"2022-04-13 04:30:00";-15
"2022-04-13 05:00:00";-14
"2022-04-13 05:30:00";-14
"2022-04-13 06:00:00";-14
"2022-04-13 06:30:00";-13
"2022-04-13 07:00:00";-14
"2022-04-13 07:30:00";-15
"2022-04-13 08:00:00";-15
"2022-04-13 08:30:00";-14
"2022-04-13 09:00:00";-14
"2022-04-13 09:30:00";-14
"2022-04-13 10:00:00";-13
"2022-04-13 10:30:00";-14
"2022-04-13 11:00:00";-13
"2022-04-13 11:30:00";-16
"2022-04-13 12:00:00";-17
"2022-04-13 12:30:00";-18
"2022-04-13 13:00:00";-16
"2022-04-13 13:30:00";-16
"2022-04-13 14:00:00";-17
"2022-04-13 14:30:00";-16
"2022-04-13 15:00:00";-16
"2022-04-13 15:30:00";-17
"2022-04-13 16:00:00";-17
"2022-04-13 16:30:00";-17
"2022-04-13 17:00:00";-17
"2022-04-13 17:30:00";-14
"2022-04-13 18:00:00";-16
"2022-04-13 18:30:00";-15
"2022-04-13 19:00:00";-15
"2022-04-13 19:30:00";-15
"2022-04-13 20:00:00";-14
"2022-04-13 20:30:00";-14
"2022-04-13 21:00:00";-15
"2022-04-13 21:30:00";-16
"2022-04-13 22:00:00";-15
"2022-04-13 22:30:00";-16
"2022-04-13 23:00:00";-16
"2022-04-13 23:30:00";-15
"2022-04-14 00:00:00";-14
"2022-04-14 00:30:00";-13
"2022-04-14 01:00:00";-12
"2022-04-14 01:30:00";-11
"2022-04-14 02:00:00";-11
"2022-04-14 03:00:00";-9
"2022-04-14 03:30:00";-9
"2022-04-14 04:00:00";-9
"2022-04-14 04:30:00";-8
"2022-04-14 05:00:00";-9
"2022-04-14 05:30:00";-9
"2022-04-14 06:00:00";-10
"2022-04-14 06:30:00";-9
"2022-04-14 07:00:00";-9
"2022-04-14 07:30:00";-10
"2022-04-14 08:00:00";-10
"2022-04-14 08:30:00";-10
"2022-04-14 09:00:00";-10
"2022-04-14 09:30:00";-9
"2022-04-14 10:00:00";-10
"2022-04-14 10:30:00";-9
"2022-04-14 11:00:00";-8
"2022-04-14 11:30:00";-12
"2022-04-14 12:00:00";-14
"2022-04-14 12:30:00";-12
"2022-04-14 13:00:00";-12
"2022-04-14 13:30:00";-11
"2022-04-14 14:00:00";-11
"2022-04-14 14:30:00";-12
"2022-04-14 15:00:00";-12
"2022-04-14 15:30:00";-12
"2022-04-14 16:00:00";-12
"2022-04-14 16:30:00";-12
"2022-04-14 17:00:00";-11
"2022-04-14 17:30:00";-11
"2022-04-14 18:00:00";-11
"2022-04-14 18:30:00";-10
"2022-04-14 19:00:00";-10
"2022-04-14 19:30:00";-11
"2022-04-14 20:00:00";-11
"2022-04-14 20:30:00";-12
"2022-04-14 21:00:00";-12
"2022-04-14 21:30:00";-12
"2022-04-14 22:00:00";-11
"2022-04-14 22:30:00";-11
"2022-04-14 23:00:00";-9
"2022-04-14 23:30:00";-8
"2022-04-15 00:00:00";-7
"2022-04-15 00:30:00";-6
"2022-04-15 01:00:00";-6
"2022-04-15 01:30:00";-5
"2022-04-15 02:00:00";-5
"2022-04-15 03:00:00";-6
"2022-04-15 03:30:00";-5
"2022-04-15 04:00:00";-6
"2022-04-15 04:30:00";-4
"2022-04-15 05:00:00";-6
"2022-04-15 05:30:00";-6
"2022-04-15 06:00:00";-6
"2022-04-15 06:30:00";-6
"2022-04-15 07:00:00";-7
"2022-04-15 07:30:00";-6
"2022-04-15 08:00:00";-6
"2022-04-15 08:30:00";-5
"2022-04-15 09:00:00";-7
"2022-04-15 09:30:00";-7
"2022-04-15 10:00:00";-5
"2022-04-15 10:30:00";-5
"2022-04-15 11:00:00";-5
"2022-04-15 11:30:00";-6
"2022-04-15 12:00:00";-9
"2022-04-15 12:30:00";-10
"2022-04-15 13:00:00";-10
"2022-04-15 13:30:00";-8
"2022-04-15 14:00:00";-8
"2022-04-15 14:30:00";-9
"2022-04-15 15:00:00";-9
"2022-04-15 15:30:00";-9
"2022-04-15 16:00:00";-8
"2022-04-15 16:30:00";-9
"2022-04-15 17:00:00";-9
"2022-04-15 17:30:00";-8
"2022-04-15 18:00:00";-8
"2022-04-15 18:30:00";-8
"2022-04-15 19:00:00";-8
"2022-04-15 19:30:00";-9
"2022-04-15 20:00:00";-9
"2022-04-15 20:30:00";-9
"2022-04-15 21:00:00";-8
"2022-04-15 21:30:00";-7
"2022-04-15 22:00:00";-5
"2022-04-15 22:30:00";-3
"2022-04-15 23:00:00";0
"2022-04-15 23:30:00";0
"2022-04-16 00:00:00";1
"2022-04-16 00:30:00";2
"2022-04-16 01:00:00";2
"2022-04-16 04:00:00";1
"2022-04-16 04:30:00";1
"2022-04-16 05:00:00";3
"2022-04-16 05:30:00";1
"2022-04-16 06:00:00";1
"2022-04-16 06:30:00";1
"2022-04-16 07:00:00";1
"2022-04-16 07:30:00";1
"2022-04-16 08:00:00";0
"2022-04-16 08:30:00";1
"2022-04-16 09:00:00";2
"2022-04-16 09:30:00";0
"2022-04-16 10:00:00";1
"2022-04-16 10:30:00";1
"2022-04-16 11:00:00";1
"2022-04-16 11:30:00";-1
"2022-04-16 12:00:00";-2
"2022-04-16 12:30:00";-2
"2022-04-16 13:00:00";-4
"2022-04-16 13:30:00";-3
"2022-04-16 14:00:00";-2
"2022-04-16 14:30:00";-3
"2022-04-16 15:00:00";-3
"2022-04-16 15:30:00";-4
"2022-04-16 16:00:00";-3
"2022-04-16 16:30:00";-4
"2022-04-16 17:00:00";-4
"2022-04-16 17:30:00";-3
"2022-04-16 18:00:00";-3
"2022-04-16 18:30:00";-3
"2022-04-16 19:00:00";-3
"2022-04-16 19:30:00";-2
"2022-04-16 20:00:00";-3
"2022-04-16 20:30:00";-1
"2022-04-16 21:00:00";-1
"2022-04-16 21:30:00";0
"2022-04-16 22:00:00";2
"2022-04-16 22:30:00";4
"2022-04-16 23:00:00";5
"2022-04-16 23:30:00";5
"2022-04-17 00:00:00";6
"2022-04-17 00:30:00";5
"2022-04-17 01:00:00";5
"2022-04-17 01:30:00";7
"2022-04-17 02:00:00";5
"2022-04-17 03:00:00";4
"2022-04-17 03:30:00";5
"2022-04-17 04:00:00";4
"2022-04-17 04:30:00";3
"2022-04-17 05:00:00";3
"2022-04-17 05:30:00";3
"2022-04-17 06:00:00";2
"2022-04-17 06:30:00";2
"2022-04-17 07:00:00";3
"2022-04-17 07:30:00";3
"2022-04-17 08:00:00";2
"2022-04-17 08:30:00";2
"2022-04-17 09:00:00";2
"2022-04-17 09:30:00";1
"2022-04-17 10:00:00";1
"2022-04-17 10:30:00";1
"2022-04-17 11:00:00";0
"2022-04-17 11:30:00";-1
"2022-04-17 12:00:00";-2
"2022-04-17 12:30:00";-2
"2022-04-17 13:00:00";-1
"2022-04-17 13:30:00";-2
"2022-04-17 14:00:00";-2
"2022-04-17 14:30:00";-2
"2022-04-17 15:00:00";-1
"2022-04-17 15:30:00";-3
"2022-04-17 16:00:00";-3
"2022-04-17 16:30:00";-2
"2022-04-17 17:00:00";-2
"2022-04-17 17:30:00";-1
"2022-04-17 18:00:00";-1
"2022-04-17 18:30:00";0
"2022-04-17 19:00:00";0
"2022-04-17 19:30:00";0
"2022-04-17 20:00:00";0
"2022-04-17 20:30:00";-1
"2022-04-17 21:00:00";1
"2022-04-17 21:30:00";1
"2022-04-17 22:00:00";1
"2022-04-17 22:30:00";3
"2022-04-17 23:00:00";2
"2022-04-17 23:30:00";3
"2022-04-18 00:00:00";3
"2022-04-18 00:30:00";3
"2022-04-18 01:00:00";4
"2022-04-18 01:30:00";3
"2022-04-18 02:00:00";2
"2022-04-18 03:00:00";2
"2022-04-18 03:30:00";2
"2022-04-18 04:00:00";2
"2022-04-18 04:30:00";1
"2022-04-18 05:00:00";1
"2022-04-18 05:30:00";0
"2022-04-18 06:00:00";0
"2022-04-18 06:30:00";-1
"2022-04-18 07:00:00";1
"2022-04-18 07:30:00";2
"2022-04-18 08:00:00";0
"2022-04-18 08:30:00";1
"2022-04-18 09:00:00";1
"2022-04-18 09:30:00";-1
"2022-04-18 10:00:00";1
"2022-04-18 10:30:00";-1
"2022-04-18 11:00:00";0
"2022-04-18 11:30:00";-3
"2022-04-18 12:00:00";-4
"2022-04-18 12:30:00";-5
"2022-04-18 13:00:00";-4
"2022-04-18 13:30:00";-2
"2022-04-18 14:00:00";-2
"2022-04-18 14:30:00";-3
"2022-04-18 15:00:00";-2
"2022-04-18 15:30:00";-2
"2022-04-18 16:00:00";-3
"2022-04-18 16:30:00";-2
"2022-04-18 17:00:00";-2
"2022-04-18 17:30:00";-2
"2022-04-18 18:00:00";-2
"2022-04-18 18:30:00";-2
"2022-04-18 19:00:00";0
"2022-04-18 19:30:00";-1
"2022-04-18 20:00:00";-1
"2022-04-18 20:30:00";0
"2022-04-18 21:00:00";-1
"2022-04-18 21:30:00";0
"2022-04-18 22:00:00";2
"2022-04-18 22:30:00";2
"2022-04-18 23:00:00";3
"2022-04-18 23:30:00";4
"2022-04-19 00:00:00";4
"2022-04-19 00:30:00";4
"2022-04-19 01:00:00";5
"2022-04-19 01:30:00";4
"2022-04-19 02:00:00";4
"2022-04-19 03:00:00";3
"2022-04-19 03:30:00";3
"2022-04-19 04:00:00";3
"2022-04-19 04:30:00";3
"2022-04-19 05:00:00";2
"2022-04-19 05:30:00";3
"2022-04-19 06:00:00";2
"2022-04-19 06:30:00";0
"2022-04-19 07:00:00";1
"2022-04-19 07:30:00";2
"2022-04-19 08:00:00";0
"2022-04-19 08:30:00";2
"2022-04-19 09:00:00";1
"2022-04-19 09:30:00";1
"2022-04-19 10:00:00";1
"2022-04-19 10:30:00";1
"2022-04-19 11:00:00";3
"2022-04-19 11:30:00";0
"2022-04-19 12:00:00";-2
"2022-04-19 12:30:00";-2
"2022-04-19 13:00:00";-2
"2022-04-19 13:30:00";-1
"2022-04-19 14:00:00";0
"2022-04-19 14:30:00";0
"2022-04-19 15:00:00";-2
"2022-04-19 15:30:00";-1
"2022-04-19 16:00:00";-1
"2022-04-19 16:30:00";-2
"2022-04-19 17:00:00";-1
"2022-04-19 17:30:00";-1
"2022-04-19 18:00:00";0
"2022-04-19 18:30:00";0
"2022-04-19 19:00:00";0
"2022-04-19 19:30:00";0
"2022-04-19 20:00:00";0
"2022-04-19 20:30:00";1
"2022-04-19 21:00:00";1
"2022-04-19 21:30:00";2
"2022-04-19 22:00:00";1
"2022-04-19 22:30:00";3
"2022-04-19 23:00:00";4
"2022-04-19 23:30:00";5
"2022-04-20 00:00:00";5
"2022-04-20 00:30:00";5
"2022-04-20 01:00:00";5
"2022-04-20 01:30:00";4
"2022-04-20 02:00:00";4
"2022-04-20 03:00:00";4
"2022-04-20 03:30:00";4
"2022-04-20 04:00:00";2
"2022-04-20 04:30:00";3
"2022-04-20 05:00:00";3
"2022-04-20 05:30:00";2
"2022-04-20 06:00:00";2
"2022-04-20 06:30:00";2
"2022-04-20 07:00:00";1
"2022-04-20 07:30:00";1
"2022-04-20 08:00:00";1
"2022-04-20 08:30:00";2
"2022-04-20 09:00:00";2
"2022-04-20 09:30:00";1
"2022-04-20 10:00:00";2
"2022-04-20 10:30:00";2
"2022-04-20 11:00:00";2
"2022-04-20 11:30:00";2
"2022-04-20 12:00:00";1
"2022-04-20 12:30:00";0
"2022-04-20 13:00:00";1
"2022-04-20 14:00:00";1
"2022-04-20 14:30:00";1
"2022-04-20 15:00:00";0
"2022-04-20 15:30:00";0
"2022-04-20 16:00:00";0
"2022-04-20 16:30:00";0
"2022-04-20 17:00:00";0
"2022-04-20 17:30:00";-1
"2022-04-20 18:00:00";0
"2022-04-20 18:30:00";-1
"2022-04-20 19:00:00";-2
"2022-04-20 19:30:00";-1
"2022-04-20 20:00:00";-1
"2022-04-20 20:30:00";-1
"2022-04-20 21:00:00";-1
"2022-04-20 21:30:00";0
"2022-04-20 22:00:00";-1
"2022-04-20 22:30:00";-1
"2022-04-20 23:00:00";-1
"2022-04-20 23:30:00";-1
"2022-04-21 00:00:00";-1
"2022-04-21 00:30:00";-2
"2022-04-21 01:00:00";-1
"2022-04-21 01:30:00";0
"2022-04-21 02:00:00";0
"2022-04-21 03:00:00";-1
"2022-04-21 03:30:00";-1
"2022-04-21 04:00:00";-1
"2022-04-21 04:30:00";-2
"2022-04-21 05:00:00";-1
"2022-04-21 05:30:00";-3
"2022-04-21 06:00:00";-1
"2022-04-21 06:30:00";-2
"2022-04-21 07:00:00";-1
"2022-04-21 07:30:00";-1
"2022-04-21 08:00:00";-2
"2022-04-21 08:30:00";-2
"2022-04-21 09:00:00";-2
"2022-04-21 09:30:00";-1
"2022-04-21 10:00:00";-2
"2022-04-21 10:30:00";-2
"2022-04-21 11:00:00";-3
"2022-04-21 11:30:00";-2
"2022-04-21 12:00:00";-3
"2022-04-21 12:30:00";-3
"2022-04-21 13:00:00";-3
"2022-04-21 13:30:00";-3
"2022-04-21 14:00:00";-2
"2022-04-21 14:30:00";-2
"2022-04-21 15:00:00";-3
"2022-04-21 15:30:00";-3
"2022-04-21 16:30:00";-3
"2022-04-21 17:00:00";-3
"2022-04-21 17:30:00";-4
"2022-04-21 18:00:00";-4
"2022-04-21 18:30:00";-3
"2022-04-21 19:00:00";-4
"2022-04-21 19:30:00";-4
"2022-04-21 20:00:00";-3
"2022-04-21 20:30:00";-3
"2022-04-21 21:00:00";-3
"2022-04-21 21:30:00";-3
"2022-04-21 22:00:00";-4
"2022-04-21 22:30:00";-3
"2022-04-21 23:00:00";-3
"2022-04-21 23:30:00";-3
"2022-04-22 00:00:00";-3
"2022-04-22 00:30:00";-2
"2022-04-22 01:00:00";-2
"2022-04-22 01:30:00";-4
"2022-04-22 02:00:00";-2
"2022-04-22 03:00:00";-3
"2022-04-22 03:30:00";-4
"2022-04-22 04:00:00";-3
"2022-04-22 04:30:00";-4
"2022-04-22 05:00:00";-4
"2022-04-22 05:30:00";-5
"2022-04-22 06:00:00";-4
"2022-04-22 06:30:00";-5
"2022-04-22 07:00:00";-4
"2022-04-22 07:30:00";-4
"2022-04-22 08:00:00";-4
"2022-04-22 08:30:00";-4
"2022-04-22 09:00:00";-4
"2022-04-22 09:30:00";-4
"2022-04-22 10:00:00";-5
"2022-04-22 10:30:00";-5
"2022-04-22 11:00:00";-4
"2022-04-22 11:30:00";-5
"2022-04-22 12:00:00";-6
"2022-04-22 12:30:00";-7
"2022-04-22 13:00:00";-7
"2022-04-22 13:30:00";-5
"2022-04-22 14:00:00";-6
"2022-04-22 14:30:00";-5
"2022-04-22 15:00:00";-7
"2022-04-22 15:30:00";-6
"2022-04-22 16:00:00";-6
"2022-04-22 16:30:00";-6
"2022-04-22 17:00:00";-6
"2022-04-22 17:30:00";-7
"2022-04-22 18:00:00";-5
"2022-04-22 18:30:00";-6
"2022-04-22 19:00:00";-6
"2022-04-22 19:30:00";-5
"2022-04-22 20:00:00";-5
"2022-04-22 20:30:00";-6
"2022-04-22 21:00:00";-5
"2022-04-22 21:30:00";-5
"2022-04-22 22:00:00";-5
"2022-04-22 22:30:00";-5
"2022-04-22 23:00:00";-5
"2022-04-22 23:30:00";-5
"2022-04-23 00:00:00";-4
"2022-04-23 00:30:00";-4
"2022-04-23 01:00:00";-5
"2022-04-23 04:00:00";-4
"2022-04-23 04:30:00";-3
"2022-04-23 05:00:00";-4
"2022-04-23 05:30:00";-3
"2022-04-23 06:00:00";-3
"2022-04-23 06:30:00";-4
"2022-04-23 07:00:00";-4
"2022-04-23 07:30:00";-3
"2022-04-23 08:00:00";-3
"2022-04-23 08:30:00";-2
"2022-04-23 09:00:00";-2
"2022-04-23 09:30:00";-2
"2022-04-23 10:00:00";-2
"2022-04-23 10:30:00";-1
"2022-04-23 11:00:00";-1
"2022-04-23 11:30:00";1
"2022-04-23 12:00:00";1
"2022-04-23 12:30:00";2
"2022-04-23 13:00:00";3
"2022-04-23 13:30:00";2
"2022-04-23 14:00:00";4
"2022-04-23 14:30:00";3
"2022-04-23 15:00:00";3
"2022-04-23 15:30:00";4
"2022-04-23 16:00:00";3
"2022-04-23 16:30:00";5
"2022-04-23 17:00:00";6
"2022-04-23 17:30:00";6
"2022-04-23 18:00:00";9
"2022-04-23 18:30:00";8
"2022-04-23 19:00:00";12
"2022-04-23 19:30:00";14
"2022-04-23 20:00:00";15
"2022-04-23 20:30:00";18
"2022-04-23 21:00:00";20
"2022-04-23 21:30:00";21
"2022-04-23 22:00:00";24
"2022-04-23 22:30:00";26
"2022-04-23 23:00:00";27
"2022-04-23 23:30:00";31
"2022-04-24 00:00:00";31
"2022-04-24 00:30:00";31
"2022-04-24 01:00:00";29
"2022-04-24 01:30:00";26
"2022-04-24 02:00:00";24
"2022-04-24 03:00:00";24
"2022-04-24 03:30:00";24
"2022-04-24 04:00:00";24
"2022-04-24 04:30:00";21
"2022-04-24 05:00:00";23
"2022-04-24 05:30:00";22
"2022-04-24 06:00:00";20
"2022-04-24 06:30:00";19
"2022-04-24 07:00:00";18
"2022-04-24 07:30:00";18
"2022-04-24 08:00:00";16
"2022-04-24 08:30:00";15
"2022-04-24 09:00:00";14
"2022-04-24 09:30:00";13
"2022-04-24 10:00:00";13
"2022-04-24 10:30:00";14
"2022-04-24 11:00:00";13
"2022-04-24 11:30:00";13
"2022-04-24 12:00:00";12
"2022-04-24 12:30:00";12
"2022-04-24 13:00:00";12
"2022-04-24 13:30:00";13
"2022-04-24 14:00:00";12
"2022-04-24 14:30:00";11
"2022-04-24 15:00:00";11
"2022-04-24 15:30:00";12
"2022-04-24 16:00:00";13
"2022-04-24 16:30:00";13
"2022-04-24 17:00:00";11
"2022-04-24 17:30:00";11
"2022-04-24 18:00:00";13
"2022-04-24 18:30:00";12
"2022-04-24 19:00:00";12
"2022-04-24 19:30:00";13
"2022-04-24 20:00:00";12
"2022-04-24 20:30:00";11
"2022-04-24 21:00:00";13
"2022-04-24 21:30:00";13
"2022-04-24 22:00:00";11
"2022-04-24 22:30:00";12
"2022-04-24 23:00:00";12
"2022-04-24 23:30:00";11
"2022-04-25 00:00:00";11
"2022-04-25 00:30:00";10
"2022-04-25 01:00:00";10
"2022-04-25 01:30:00";8
"2022-04-25 02:00:00";8
"2022-04-25 03:00:00";9
"2022-04-25 03:30:00";9
"2022-04-25 04:00:00";9
"2022-04-25 04:30:00";7
"2022-04-25 05:00:00";7
"2022-04-25 05:30:00";8
"2022-04-25 06:00:00";7
"2022-04-25 06:30:00";7
"2022-04-25 07:00:00";6
"2022-04-25 07:30:00";7
"2022-04-25 08:00:00";8
"2022-04-25 08:30:00";7
"2022-04-25 09:00:00";6
"2022-04-25 09:30:00";6
"2022-04-25 10:00:00";7
"2022-04-25 10:30:00";7
"2022-04-25 11:00:00";8
"2022-04-25 11:30:00";4
"2022-04-25 12:00:00";3
"2022-04-25 12:30:00";2
"2022-04-25 13:00:00";3
"2022-04-25 13:30:00";2
"2022-04-25 14:00:00";2
"2022-04-25 14:30:00";3
"2022-04-25 15:00:00";5
"2022-04-25 15:30:00";6
"2022-04-25 16:00:00";6
"2022-04-25 16:30:00";6
"2022-04-25 17:00:00";7
"2022-04-25 17:30:00";9
"2022-04-25 18:00:00";9
"2022-04-25 18:30:00";8
"2022-04-25 19:00:00";10
"2022-04-25 19:30:00";11
"2022-04-25 20:00:00";12
"2022-04-25 20:30:00";11
"2022-04-25 21:00:00";13
"2022-04-25 21:30:00";12
"2022-04-25 22:00:00";11
"2022-04-25 22:30:00";12
"2022-04-25 23:00:00";11
"2022-04-25 23:30:00";13
"2022-04-26 00:00:00";13
"2022-04-26 00:30:00";13
"2022-04-26 01:00:00";13
"2022-04-26 01:30:00";13
"2022-04-26 02:00:00";11
"2022-04-26 03:00:00";12
"2022-04-26 03:30:00";12
"2022-04-26 04:00:00";12
"2022-04-26 04:30:00";11
"2022-04-26 05:00:00";13
"2022-04-26 05:30:00";11
"2022-04-26 06:00:00";10
"2022-04-26 06:30:00";11
"2022-04-26 07:00:00";10
"2022-04-26 07:30:00";9
"2022-04-26 08:00:00";11
"2022-04-26 08:30:00";9
"2022-04-26 09:00:00";9
"2022-04-26 09:30:00";11
"2022-04-26 10:00:00";10
"2022-04-26 10:30:00";9
"2022-04-26 11:00:00";10
"2022-04-26 11:30:00";8
"2022-04-26 12:00:00";7
"2022-04-26 12:30:00";6
"2022-04-26 13:00:00";7
"2022-04-26 13:30:00";8
"2022-04-26 14:00:00";6
"2022-04-26 14:30:00";6
"2022-04-26 15:00:00";7
"2022-04-26 15:30:00";8
"2022-04-26 16:00:00";9
"2022-04-26 16:30:00";8
"2022-04-26 17:00:00";8
"2022-04-26 17:30:00";10
"2022-04-26 18:00:00";10
"2022-04-26 18:30:00";11
"2022-04-26 19:00:00";11
"2022-04-26 19:30:00";12
"2022-04-26 20:00:00";11
"2022-04-26 20:30:00";14
"2022-04-26 21:00:00";13
"2022-04-26 21:30:00";13
"2022-04-26 22:00:00";14
"2022-04-26 22:30:00";14
"2022-04-26 23:00:00";14
"2022-04-26 23:30:00";14
"2022-04-27 00:00:00";13
"2022-04-27 00:30:00";11
"2022-04-27 01:00:00";12
"2022-04-27 01:30:00";14
"2022-04-27 02:00:00";13
"2022-04-27 03:00:00";13
"2022-04-27 03:30:00";13
"2022-04-27 04:00:00";12
"2022-04-27 04:30:00";11
"2022-04-27 05:00:00";11
"2022-04-27 05:30:00";12
"2022-04-27 06:00:00";12
"2022-04-27 06:30:00";12
"2022-04-27 07:00:00";10
"2022-04-27 07:30:00";10
"2022-04-27 08:00:00";10
"2022-04-27 08:30:00";10
"2022-04-27 09:00:00";9
"2022-04-27 09:30:00";11
"2022-04-27 10:00:00";9
"2022-04-27 10:30:00";11
"2022-04-27 11:00:00";10
"2022-04-27 11:30:00";6
"2022-04-27 12:00:00";6
"2022-04-27 12:30:00";7
"2022-04-27 13:00:00";7
"2022-04-27 13:30:00";7
"2022-04-27 14:00:00";5
"2022-04-27 14:30:00";6
"2022-04-27 15:00:00";7
"2022-04-27 15:30:00";8
"2022-04-27 16:00:00";6
"2022-04-27 16:30:00";7
"2022-04-27 17:00:00";11
"2022-04-27 17:30:00";11
"2022-04-27 18:00:00";12
"2022-04-27 18:30:00";13
"2022-04-27 19:00:00";14
"2022-04-27 19:30:00";14
"2022-04-27 20:00:00";14
"2022-04-27 20:30:00";15
"2022-04-27 21:00:00";16
"2022-04-27 21:30:00";15
"2022-04-27 22:00:00";16
"2022-04-27 22:30:00";16
"2022-04-27 23:00:00";15
"2022-04-27 23:30:00";17
"2022-04-28 00:00:00";16
"2022-04-28 00:30:00";17
"2022-04-28 01:00:00";17
"2022-04-28 01:30:00";16
"2022-04-28 02:00:00";16
"2022-04-28 03:00:00";16
"2022-04-28 03:30:00";16
"2022-04-28 04:00:00";16
"2022-04-28 04:30:00";16
"2022-04-28 05:00:00";16
"2022-04-28 05:30:00";15
"2022-04-28 06:00:00";15
"2022-04-28 06:30:00";16
"2022-04-28 07:00:00";15
"2022-04-28 07:30:00";15
"2022-04-28 08:00:00";14
"2022-04-28 08:30:00";15
"2022-04-28 09:00:00";14
"2022-04-28 09:30:00";14
"2022-04-28 10:00:00";15
"2022-04-28 10:30:00";15
"2022-04-28 11:00:00";14
"2022-04-28 11:30:00";13
"2022-04-28 12:00:00";14
"2022-04-28 12:30:00";12
"2022-04-28 13:00:00";11
"2022-04-28 13:30:00";11
"2022-04-28 14:00:00";11
"2022-04-28 15:00:00";10
"2022-04-28 15:30:00";12
"2022-04-28 16:00:00";11
"2022-04-28 16:30:00";12
"2022-04-28 17:00:00";12
"2022-04-28 17:30:00";12
"2022-04-28 18:00:00";14
"2022-04-28 18:30:00";16
"2022-04-28 19:00:00";18
"2022-04-28 19:30:00";17
"2022-04-28 20:00:00";19
"2022-04-28 20:30:00";19
"2022-04-28 21:00:00";18
"2022-04-28 21:30:00";21
"2022-04-28 22:00:00";20
"2022-04-28 22:30:00";21
"2022-04-28 23:00:00";23
"2022-04-28 23:30:00";23
"2022-04-29 00:00:00";22
"2022-04-29 00:30:00";23
"2022-04-29 01:00:00";22
"2022-04-29 01:30:00";23
"2022-04-29 02:00:00";22
"2022-04-29 03:00:00";23
"2022-04-29 03:30:00";23
"2022-04-29 04:00:00";22
"2022-04-29 04:30:00";23
"2022-04-29 05:00:00";22
"2022-04-29 05:30:00";22
"2022-04-29 06:00:00";22
"2022-04-29 06:30:00";21
"2022-04-29 07:00:00";19
"2022-04-29 07:30:00";19
"2022-04-29 08:00:00";21
"2022-04-29 08:30:00";19
"2022-04-29 09:00:00";20
"2022-04-29 09:30:00";19
"2022-04-29 10:00:00";18
"2022-04-29 10:30:00";19
"2022-04-29 11:00:00";17
"2022-04-29 11:30:00";18
"2022-04-29 12:00:00";19
"2022-04-29 12:30:00";18
"2022-04-29 13:00:00";15
"2022-04-29 13:30:00";15
"2022-04-29 14:00:00";15
"2022-04-29 14:30:00";15
"2022-04-29 15:00:00";16
"2022-04-29 15:30:00";15
"2022-04-29 16:00:00";15
"2022-04-29 16:30:00";12
"2022-04-29 17:00:00";14
"2022-04-29 17:30:00";15
"2022-04-29 18:00:00";17
"2022-04-29 18:30:00";17
"2022-04-29 19:00:00";16
"2022-04-29 19:30:00";18
"2022-04-29 20:00:00";19
"2022-04-29 20:30:00";19
"2022-04-29 21:00:00";22
"2022-04-29 21:30:00";22
"2022-04-29 22:00:00";23
"2022-04-29 22:30:00";24
"2022-04-29 23:00:00";24
"2022-04-29 23:30:00";24
"2022-04-30 00:00:00";25
"2022-04-30 00:30:00";26
"2022-04-30 01:00:00";25
"2022-04-30 04:00:00";24
"2022-04-30 04:30:00";23
"2022-04-30 05:00:00";23
"2022-04-30 05:30:00";22
"2022-04-30 06:00:00";23
"2022-04-30 06:30:00";23
"2022-04-30 07:00:00";22
"2022-04-30 07:30:00";23
"2022-04-30 08:00:00";22
"2022-04-30 08:30:00";23
"2022-04-30 09:00:00";23
"2022-04-30 09:30:00";22
"2022-04-30 10:00:00";21
"2022-04-30 10:30:00";22
"2022-04-30 11:00:00";20
"2022-04-30 11:30:00";21
"2022-04-30 12:00:00";20
"2022-04-30 12:30:00";20
"2022-04-30 13:00:00";19
"2022-04-30 13:30:00";20
"2022-04-30 14:00:00";20
"2022-04-30 14:30:00";17
"2022-04-30 15:00:00";19
"2022-04-30 15:30:00";19
"2022-04-30 16:00:00";18
"2022-04-30 16:30:00";18
"2022-04-30 17:00:00";17
"2022-04-30 17:30:00";16
"2022-04-30 18:00:00";16
"2022-04-30 18:30:00";18
"2022-04-30 19:00:00";18
"2022-04-30 19:30:00";19
"2022-04-30 20:00:00";19
"2022-04-30 20:30:00";18
"2022-04-30 21:00:00";18
"2022-04-30 21:30:00";18
"2022-04-30 22:00:00";18
"2022-04-30 22:30:00";18
"2022-04-30 23:00:00";18
"2022-04-30 23:30:00";17
"2022-05-01 00:00:00";17
"2022-05-01 00:30:00";17
"2022-05-01 01:00:00";18
"2022-05-01 01:30:00";16
"2022-05-01 02:00:00";16
"2022-05-01 03:00:00";17
"2022-05-01 03:30:00";17
"2022-05-01 04:00:00";16
"2022-05-01 04:30:00";15
"2022-05-01 05:00:00";14
"2022-05-01 05:30:00";15
"2022-05-01 06:00:00";15
"2022-05-01 06:30:00";14
"2022-05-01 07:00:00";15
"2022-05-01 07:30:00";14
"2022-05-01 08:00:00";15
"2022-05-01 08:30:00";14
"2022-05-01 09:00:00";15
"2022-05-01 09:30:00";15
"2022-05-01 10:00:00";14
"2022-05-01 10:30:00";15
"2022-05-01 11:00:00";15
"2022-05-01 11:30:00";14
"2022-05-01 12:00:00";15
"2022-05-01 12:30:00";12
"2022-05-01 13:00:00";12
"2022-05-01 13:30:00";11
"2022-05-01 14:00:00";11
"2022-05-01 14:30:00";12
"2022-05-01 15:00:00";9
"2022-05-01 15:30:00";8
"2022-05-01 16:00:00";11
"2022-05-01 16:30:00";10
"2022-05-01 17:00:00";12
"2022-05-01 17:30:00";11
"2022-05-01 18:00:00";12
"2022-05-01 18:30:00";13
"2022-05-01 19:00:00";11
"2022-05-01 19:30:00";12
"2022-05-01 20:00:00";12
"2022-05-01 20:30:00";12
"2022-05-01 21:00:00";12
"2022-05-01 21:30:00";12
"2022-05-01 22:00:00";11
"2022-05-01 22:30:00";13
"2022-05-01 23:00:00";14
"2022-05-01 23:30:00";15
"2022-05-02 00:00:00";14
"2022-05-02 00:30:00";15
"2022-05-02 01:00:00";14
"2022-05-02 01:30:00";15
"2022-05-02 02:00:00";15
"2022-05-02 03:00:00";14
"2022-05-02 03:30:00";14
"2022-05-02 04:00:00";14
"2022-05-02 04:30:00";15
"2022-05-02 05:00:00";13
"2022-05-02 05:30:00";15
"2022-05-02 06:00:00";14
"2022-05-02 06:30:00";13
"2022-05-02 07:00:00";14
"2022-05-02 07:30:00";14
"2022-05-02 08:00:00";13
"2022-05-02 08:30:00";13
"2022-05-02 09:00:00";12
"2022-05-02 09:30:00";13
"2022-05-02 10:00:00";13
"2022-05-02 10:30:00";15
"2022-05-02 11:00:00";13
"2022-05-02 11:30:00";14
"2022-05-02 12:00:00";13
"2022-05-02 12:30:00";10
"2022-05-02 13:00:00";11
"2022-05-02 13:30:00";10
"2022-05-02 14:00:00";10
"2022-05-02 14:30:00";11
"2022-05-02 15:00:00";12
"2022-05-02 15:30:00";10
"2022-05-02 16:00:00";10
"2022-05-02 16:30:00";11
"2022-05-02 17:00:00";12
"2022-05-02 17:30:00";12
"2022-05-02 18:00:00";13
"2022-05-02 18:30:00";12
"2022-05-02 19:00:00";13
"2022-05-02 19:30:00";13
"2022-05-02 20:00:00";16
"2022-05-02 20:30:00";14
"2022-05-02 21:00:00";13
"2022-05-02 21:30:00";14
"2022-05-02 22:00:00";14
"2022-05-02 22:30:00";15
"2022-05-02 23:00:00";15
"2022-05-02 23:30:00";14
"2022-05-03 00:00:00";15
"2022-05-03 00:30:00";15
"2022-05-03 01:00:00";16
"2022-05-03 01:30:00";15
"2022-05-03 02:00:00";16
"2022-05-03 03:00:00";16
"2022-05-03 03:30:00";16
"2022-05-03 04:00:00";15
"2022-05-03 04:30:00";16
"2022-05-03 05:00:00";15
"2022-05-03 05:30:00";14
"2022-05-03 06:00:00";15
"2022-05-03 06:30:00";14
"2022-05-03 07:00:00";14
"2022-05-03 07:30:00";14
"2022-05-03 08:00:00";15
"2022-05-03 08:30:00";15
"2022-05-03 09:00:00";16
"2022-05-03 09:30:00";16
"2022-05-03 10:00:00";15
"2022-05-03 10:30:00";15
"2022-05-03 11:00:00";15
"2022-05-03 11:30:00";13
"2022-05-03 12:00:00";14
"2022-05-03 12:30:00";14
"2022-05-03 13:00:00";14
"2022-05-03 13:30:00";15
"2022-05-03 14:00:00";15
"2022-05-03 14:30:00";16
"2022-05-03 15:00:00";15
"2022-05-03 15:30:00";15
"2022-05-03 16:00:00";16
"2022-05-03 16:30:00";16
"2022-05-03 17:00:00";17
"2022-05-03 17:30:00";17
"2022-05-03 18:00:00";17
"2022-05-03 18:30:00";16
"2022-05-03 19:00:00";16
"2022-05-03 19:30:00";18
"2022-05-03 20:00:00";17
"2022-05-03 20:30:00";15
"2022-05-03 21:00:00";17
"2022-05-03 21:30:00";16
"2022-05-03 22:00:00";16
"2022-05-03 22:30:00";16
"2022-05-03 23:00:00";17
"2022-05-03 23:30:00";17
"2022-05-04 00:00:00";17
"2022-05-04 00:30:00";15
"2022-05-04 01:00:00";17
"2022-05-04 01:30:00";17
"2022-05-04 02:00:00";16
"2022-05-04 03:00:00";17
"2022-05-04 03:30:00";16
"2022-05-04 04:00:00";17
"2022-05-04 04:30:00";18
"2022-05-04 05:00:00";17
"2022-05-04 05:30:00";17
"2022-05-04 06:00:00";17
"2022-05-04 06:30:00";17
"2022-05-04 07:00:00";16
"2022-05-04 07:30:00";17
"2022-05-04 08:00:00";16
"2022-05-04 08:30:00";17
"2022-05-04 09:00:00";18
"2022-05-04 09:30:00";16
"2022-05-04 10:00:00";17
"2022-05-04 10:30:00";17
"2022-05-04 11:00:00";17
"2022-05-04 11:30:00";15
"2022-05-04 12:00:00";15
"2022-05-04 12:30:00";13
"2022-05-04 13:00:00";14
"2022-05-04 13:30:00";15
"2022-05-04 14:00:00";14
"2022-05-04 14:30:00";16
"2022-05-04 15:00:00";16
"2022-05-04 15:30:00";13
"2022-05-04 16:00:00";17
"2022-05-04 16:30:00";21
"2022-05-04 17:00:00";21
"2022-05-04 17:30:00";20
"2022-05-04 18:00:00";20
"2022-05-04 18:30:00";19
"2022-05-04 19:00:00";19
"2022-05-04 19:30:00";19
"2022-05-04 20:00:00";21
"2022-05-04 20:30:00";19
"2022-05-04 21:00:00";20
"2022-05-04 21:30:00";20
"2022-05-04 22:00:00";20
"2022-05-04 22:30:00";20
"2022-05-04 23:00:00";21
"2022-05-04 23:30:00";22
"2022-05-05 00:00:00";22
"2022-05-05 00:30:00";21
"2022-05-05 01:00:00";23
"2022-05-05 01:30:00";23
"2022-05-05 02:00:00";24
"2022-05-05 03:00:00";24
"2022-05-05 03:30:00";24
"2022-05-05 04:00:00";24
"2022-05-05 04:30:00";25
"2022-05-05 05:00:00";25
"2022-05-05 05:30:00";24
"2022-05-05 06:00:00";25
"2022-05-05 06:30:00";25
"2022-05-05 07:00:00";23
"2022-05-05 07:30:00";26
"2022-05-05 08:00:00";23
"2022-05-05 08:30:00";25
"2022-05-05 09:00:00";25
"2022-05-05 09:30:00";25
"2022-05-05 10:00:00";26
"2022-05-05 10:30:00";28
"2022-05-05 11:00:00";27
"2022-05-05 11:30:00";31
"2022-05-05 12:00:00";33
"2022-05-05 12:30:00";35
"2022-05-05 13:00:00";38
"2022-05-05 13:30:00";41
"2022-05-05 14:00:00";40
"2022-05-05 14:30:00";40
"2022-05-05 15:00:00";40
"2022-05-05 15:30:00";41
"2022-05-05 16:00:00";39
"2022-05-05 16:30:00";39
"2022-05-05 17:00:00";39
"2022-05-05 17:30:00";40
"2022-05-05 18:00:00";40
"2022-05-05 18:30:00";39
"2022-05-05 19:00:00";38
"2022-05-05 19:30:00";37
"2022-05-05 20:00:00";37
"2022-05-05 20:30:00";37
"2022-05-05 21:00:00";39
"2022-05-05 21:30:00";38
"2022-05-05 22:00:00";37
"2022-05-05 22:30:00";37
"2022-05-05 23:00:00";36
"2022-05-05 23:30:00";38
"2022-05-06 00:00:00";38
"2022-05-06 00:30:00";38
"2022-05-06 01:00:00";38
"2022-05-06 01:30:00";39
"2022-05-06 02:00:00";38
"2022-05-06 02:30:00";40
"2022-05-06 03:00:00";39
"2022-05-06 03:30:00";40
"2022-05-06 04:00:00";40
"2022-05-06 04:30:00";40
"2022-05-06 05:00:00";40
"2022-05-06 05:30:00";41
"2022-05-06 06:00:00";40
"2022-05-06 06:30:00";41
"2022-05-06 07:00:00";40
"2022-05-06 07:30:00";40
"2022-05-06 08:00:00";40
"2022-05-06 08:30:00";40
"2022-05-06 09:00:00";40
"2022-05-06 09:30:00";39
"2022-05-06 10:00:00";39
"2022-05-06 10:30:00";39
"2022-05-06 11:00:00";38
"2022-05-06 11:30:00";40
"2022-05-06 12:00:00";39
"2022-05-06 12:30:00";37
"2022-05-06 13:00:00";35
"2022-05-06 13:30:00";38
"2022-05-06 14:00:00";38
"2022-05-06 14:30:00";39
"2022-05-06 15:00:00";38
"2022-05-06 15:30:00";39
"2022-05-06 16:00:00";36
"2022-05-06 16:30:00";36
"2022-05-06 17:00:00";37
"2022-05-06 17:30:00";36
"2022-05-06 18:00:00";40
"2022-05-06 18:30:00";37
"2022-05-06 19:00:00";39
"2022-05-06 19:30:00";40
"2022-05-06 20:00:00";40
"2022-05-06 20:30:00";37
"2022-05-06 21:00:00";39
"2022-05-06 21:30:00";38
"2022-05-06 22:00:00";38
"2022-05-06 22:30:00";39
"2022-05-06 23:00:00";37
"2022-05-06 23:30:00";36
"2022-05-07 00:00:00";37
"2022-05-07 00:30:00";36
"2022-05-07 01:00:00";37
"2022-05-07 04:00:00";36
"2022-05-07 04:30:00";35
"2022-05-07 05:00:00";35
"2022-05-07 05:30:00";33
"2022-05-07 06:00:00";35
"2022-05-07 06:30:00";32
"2022-05-07 07:00:00";33
"2022-05-07 07:30:00";34
"2022-05-07 08:00:00";33
"2022-05-07 08:30:00";31
"2022-05-07 09:00:00";34
"2022-05-07 09:30:00";32
"2022-05-07 10:00:00";33
"2022-05-07 10:30:00";32
"2022-05-07 11:00:00";29
"2022-05-07 11:30:00";29
"2022-05-07 12:00:00";28
"2022-05-07 12:30:00";31
"2022-05-07 13:00:00";29
"2022-05-07 13:30:00";30
"2022-05-07 14:00:00";30
"2022-05-07 14:30:00";30
"2022-05-07 15:00:00";27
"2022-05-07 15:30:00";28
"2022-05-07 16:00:00";29
"2022-05-07 16:30:00";30
"2022-05-07 17:00:00";31
"2022-05-07 17:30:00";30
"2022-05-07 18:00:00";31
"2022-05-07 18:30:00";31
"2022-05-07 19:00:00";31
"2022-05-07 19:30:00";32
"2022-05-07 20:00:00";33
"2022-05-07 20:30:00";34
"2022-05-07 21:00:00";35
"2022-05-07 21:30:00";34
"2022-05-07 22:00:00";34
"2022-05-07 22:30:00";32
"2022-05-07 23:00:00";35
"2022-05-07 23:30:00";34
"2022-05-08 00:00:00";35
"2022-05-08 00:30:00";36
"2022-05-08 01:00:00";36
"2022-05-08 01:30:00";37
"2022-05-08 02:00:00";37
"2022-05-08 03:00:00";36
"2022-05-08 03:30:00";37
"2022-05-08 04:00:00";35
"2022-05-08 04:30:00";35
"2022-05-08 05:00:00";36
"2022-05-08 05:30:00";37
"2022-05-08 06:00:00";36
"2022-05-08 06:30:00";36
"2022-05-08 07:00:00";34
"2022-05-08 07:30:00";35
"2022-05-08 08:00:00";34
"2022-05-08 08:30:00";35
"2022-05-08 09:00:00";33
"2022-05-08 09:30:00";31
"2022-05-08 10:00:00";34
"2022-05-08 10:30:00";34
"2022-05-08 11:00:00";34
"2022-05-08 11:30:00";33
"2022-05-08 12:00:00";33
"2022-05-08 12:30:00";33
"2022-05-08 13:00:00";33
"2022-05-08 13:30:00";34
"2022-05-08 14:00:00";34
"2022-05-08 14:30:00";34
"2022-05-08 15:00:00";35
"2022-05-08 15:30:00";35
"2022-05-08 16:00:00";31
"2022-05-08 16:30:00";35
"2022-05-08 17:00:00";34
"2022-05-08 17:30:00";33
"2022-05-08 18:00:00";35
"2022-05-08 18:30:00";36
"2022-05-08 19:00:00";37
"2022-05-08 19:30:00";37
"2022-05-08 20:00:00";36
"2022-05-08 20:30:00";37
"2022-05-08 21:00:00";37
"2022-05-08 21:30:00";39
"2022-05-08 22:00:00";38
"2022-05-08 22:30:00";39
"2022-05-08 23:00:00";39
"2022-05-08 23:30:00";40
"2022-05-09 00:00:00";40
"2022-05-09 00:30:00";39
"2022-05-09 01:00:00";40
"2022-05-09 01:30:00";38
"2022-05-09 02:00:00";37
"2022-05-09 03:00:00";39
"2022-05-09 03:30:00";36
"2022-05-09 04:00:00";37
"2022-05-09 04:30:00";37
"2022-05-09 05:00:00";37
"2022-05-09 05:30:00";36
"2022-05-09 06:00:00";36
"2022-05-09 06:30:00";35
"2022-05-09 07:00:00";38
"2022-05-09 07:30:00";34
"2022-05-09 08:00:00";35
"2022-05-09 08:30:00";34
"2022-05-09 09:00:00";33
"2022-05-09 09:30:00";35
"2022-05-09 10:00:00";35
"2022-05-09 10:30:00";32
"2022-05-09 11:00:00";35
"2022-05-09 11:30:00";34
"2022-05-09 12:00:00";33
"2022-05-09 12:30:00";33
"2022-05-09 13:00:00";33
"2022-05-09 13:30:00";31
"2022-05-09 14:00:00";33
"2022-05-09 14:30:00";32
"2022-05-09 15:00:00";31
"2022-05-09 15:30:00";28
"2022-05-09 16:00:00";30
"2022-05-09 16:30:00";29
"2022-05-09 17:00:00";30
"2022-05-09 17:30:00";25
"2022-05-09 18:00:00";32
"2022-05-09 18:30:00";29
"2022-05-09 19:00:00";30
"2022-05-09 19:30:00";31
"2022-05-09 20:00:00";31
"2022-05-09 20:30:00";31
"2022-05-09 21:00:00";33
"2022-05-09 21:30:00";33
"2022-05-09 22:00:00";36
"2022-05-09 22:30:00";35
"2022-05-09 23:00:00";35
"2022-05-09 23:30:00";34
"2022-05-10 00:00:00";35
"2022-05-10 00:30:00";36
"2022-05-10 01:00:00";36
"2022-05-10 01:30:00";35
"2022-05-10 02:00:00";36
"2022-05-10 03:00:00";36
"2022-05-10 03:30:00";35
"2022-05-10 04:00:00";35
"2022-05-10 04:30:00";36
"2022-05-10 05:00:00";34
"2022-05-10 05:30:00";35
"2022-05-10 06:00:00";33
"2022-05-10 06:30:00";34
"2022-05-10 07:00:00";32
"2022-05-10 07:30:00";32
"2022-05-10 08:00:00";33
"2022-05-10 08:30:00";33
"2022-05-10 09:00:00";31
"2022-05-10 09:30:00";32
"2022-05-10 10:00:00";29
"2022-05-10 10:30:00";32
"2022-05-10 11:00:00";32
"2022-05-10 11:30:00";29
"2022-05-10 12:00:00";29
"2022-05-10 12:30:00";30
"2022-05-10 13:00:00";30
"2022-05-10 13:30:00";28
"2022-05-10 14:00:00";29
"2022-05-10 14:30:00";29
"2022-05-10 15:00:00";28
"2022-05-10 15:30:00";28
"2022-05-10 16:00:00";29
"2022-05-10 16:30:00";29
"2022-05-10 17:00:00";29
"2022-05-10 17:30:00";30
"2022-05-10 18:00:00";30
"2022-05-10 18:30:00";31
"2022-05-10 19:00:00";31
"2022-05-10 19:30:00";30
"2022-05-10 20:00:00";30
"2022-05-10 20:30:00";32
"2022-05-10 21:00:00";34
"2022-05-10 21:30:00";34
"2022-05-10 22:00:00";36
"2022-05-10 22:30:00";37
"2022-05-10 23:00:00";38
"2022-05-10 23:30:00";36
"2022-05-11 00:00:00";38
"2022-05-11 00:30:00";39
"2022-05-11 01:00:00";38
"2022-05-11 01:30:00";37
"2022-05-11 02:00:00";39
"2022-05-11 03:00:00";38
"2022-05-11 03:30:00";38
"2022-05-11 04:00:00";37
"2022-05-11 04:30:00";37
"2022-05-11 05:00:00";37
"2022-05-11 05:30:00";36
"2022-05-11 06:00:00";35
"2022-05-11 06:30:00";35
"2022-05-11 07:00:00";35
"2022-05-11 07:30:00";35
"2022-05-11 08:00:00";35
"2022-05-11 08:30:00";35
"2022-05-11 09:00:00";35
"2022-05-11 09:30:00";34
"2022-05-11 10:00:00";34
"2022-05-11 10:30:00";33
"2022-05-11 11:00:00";35
"2022-05-11 11:30:00";29
"2022-05-11 12:00:00";31
"2022-05-11 13:00:00";32
"2022-05-11 13:30:00";31
"2022-05-11 14:00:00";31
"2022-05-11 14:30:00";31
"2022-05-11 15:30:00";31
"2022-05-11 16:00:00";32
"2022-05-11 16:30:00";30
"2022-05-11 17:00:00";32
"2022-05-11 17:30:00";32
"2022-05-11 18:00:00";32
"2022-05-11 18:30:00";33
"2022-05-11 19:00:00";34
"2022-05-11 19:30:00";33
"2022-05-11 20:00:00";35
"2022-05-11 20:30:00";38
"2022-05-11 21:00:00";38
"2022-05-11 21:30:00";39
"2022-05-11 22:00:00";39
"2022-05-11 22:30:00";42
"2022-05-11 23:00:00";42
"2022-05-11 23:30:00";42
"2022-05-12 00:00:00";43
"2022-05-12 00:30:00";43
"2022-05-12 01:00:00";42
"2022-05-12 01:30:00";42
"2022-05-12 02:00:00";43
"2022-05-12 03:00:00";42
"2022-05-12 03:30:00";41
"2022-05-12 04:00:00";42
"2022-05-12 04:30:00";42
"2022-05-12 05:00:00";40
"2022-05-12 05:30:00";41
"2022-05-12 06:00:00";41
"2022-05-12 06:30:00";41
"2022-05-12 07:00:00";41
"2022-05-12 07:30:00";39
"2022-05-12 08:00:00";40
"2022-05-12 08:30:00";40
"2022-05-12 09:00:00";40
"2022-05-12 09:30:00";39
"2022-05-12 10:00:00";39
"2022-05-12 10:30:00";38
"2022-05-12 11:30:00";34
"2022-05-12 12:00:00";35
"2022-05-12 12:30:00";36
"2022-05-12 13:00:00";36
"2022-05-12 13:30:00";36
"2022-05-12 14:00:00";35
"2022-05-12 14:30:00";35
"2022-05-12 15:00:00";35
"2022-05-12 15:30:00";34
"2022-05-12 16:00:00";36
"2022-05-12 16:30:00";35
"2022-05-12 17:00:00";35
"2022-05-12 17:30:00";38
"2022-05-12 18:00:00";39
"2022-05-12 18:30:00";37
"2022-05-12 19:00:00";39
"2022-05-12 19:30:00";42
"2022-05-12 20:00:00";45
"2022-05-12 20:30:00";45
"2022-05-12 21:00:00";42
"2022-05-12 21:30:00";43
"2022-05-12 22:00:00";45
"2022-05-12 22:30:00";46
"2022-05-12 23:00:00";47
"2022-05-12 23:30:00";48
"2022-05-13 00:00:00";49
"2022-05-13 00:30:00";48
"2022-05-13 01:00:00";48
"2022-05-13 01:30:00";49
"2022-05-13 02:00:00";48
"2022-05-13 03:00:00";48
"2022-05-13 03:30:00";48
"2022-05-13 04:00:00";47
"2022-05-13 04:30:00";47
"2022-05-13 05:00:00";46
"2022-05-13 05:30:00";46
"2022-05-13 06:00:00";45
"2022-05-13 06:30:00";45
"2022-05-13 07:00:00";44
"2022-05-13 07:30:00";43
"2022-05-13 08:00:00";44
"2022-05-13 08:30:00";43
"2022-05-13 09:00:00";43
"2022-05-13 09:30:00";42
"2022-05-13 10:00:00";42
"2022-05-13 10:30:00";43
"2022-05-13 11:00:00";42
"2022-05-13 11:30:00";41
"2022-05-13 12:00:00";40
"2022-05-13 13:00:00";40
"2022-05-13 13:30:00";39
"2022-05-13 14:00:00";35
"2022-05-13 14:30:00";38
"2022-05-13 15:00:00";40
"2022-05-13 15:30:00";38
"2022-05-13 16:00:00";40
"2022-05-13 16:30:00";39
"2022-05-13 17:00:00";40
"2022-05-13 17:30:00";40
"2022-05-13 18:00:00";41
"2022-05-13 18:30:00";43
"2022-05-13 19:00:00";40
"2022-05-13 19:30:00";37
"2022-05-13 20:00:00";46
"2022-05-13 20:30:00";47
"2022-05-13 21:00:00";47
"2022-05-13 21:30:00";45
"2022-05-13 22:00:00";48
"2022-05-13 22:30:00";46
"2022-05-13 23:00:00";46
"2022-05-13 23:30:00";48
"2022-05-14 00:00:00";48
"2022-05-14 00:30:00";50
"2022-05-14 01:00:00";49
"2022-05-14 04:00:00";48
"2022-05-14 04:30:00";47
"2022-05-14 05:00:00";45
"2022-05-14 05:30:00";45
"2022-05-14 06:00:00";41
"2022-05-14 06:30:00";43
"2022-05-14 07:00:00";45
"2022-05-14 07:30:00";45
"2022-05-14 08:00:00";45
"2022-05-14 08:30:00";46
"2022-05-14 09:00:00";43
"2022-05-14 09:30:00";43
"2022-05-14 10:00:00";44
"2022-05-14 10:30:00";46
"2022-05-14 11:00:00";43
"2022-05-14 11:30:00";41
"2022-05-14 12:00:00";42
"2022-05-14 12:30:00";42
"2022-05-14 13:00:00";42
"2022-05-14 13:30:00";38
"2022-05-14 14:00:00";40
"2022-05-14 14:30:00";41
"2022-05-14 15:00:00";41
"2022-05-14 15:30:00";41
"2022-05-14 16:00:00";39
"2022-05-14 16:30:00";41
"2022-05-14 17:00:00";41
"2022-05-14 17:30:00";42
"2022-05-14 18:00:00";41
"2022-05-14 18:30:00";42
"2022-05-14 19:00:00";43
"2022-05-14 19:30:00";45
"2022-05-14 20:00:00";44
"2022-05-14 20:30:00";44
"2022-05-14 21:00:00";46
"2022-05-14 21:30:00";45
"2022-05-14 22:00:00";46
"2022-05-14 22:30:00";46
"2022-05-14 23:00:00";49
"2022-05-14 23:30:00";49
"2022-05-15 00:00:00";47
"2022-05-15 00:30:00";48
"2022-05-15 01:00:00";48
"2022-05-15 01:30:00";49
"2022-05-15 02:00:00";47
"2022-05-15 03:00:00";46
"2022-05-15 03:30:00";48
"2022-05-15 04:00:00";48
"2022-05-15 04:30:00";48
"2022-05-15 05:00:00";47
"2022-05-15 05:30:00";46
"2022-05-15 06:00:00";46
"2022-05-15 06:30:00";46
"2022-05-15 07:00:00";46
"2022-05-15 07:30:00";46
"2022-05-15 08:00:00";46
"2022-05-15 08:30:00";45
"2022-05-15 09:00:00";44
"2022-05-15 09:30:00";44
"2022-05-15 10:00:00";44
"2022-05-15 10:30:00";43
"2022-05-15 11:00:00";42
"2022-05-15 11:30:00";41
"2022-05-15 12:00:00";42
"2022-05-15 12:30:00";41
"2022-05-15 13:00:00";39
"2022-05-15 13:30:00";40
"2022-05-15 14:00:00";40
"2022-05-15 14:30:00";40
"2022-05-15 15:00:00";41
"2022-05-15 15:30:00";41
"2022-05-15 16:00:00";40
"2022-05-15 16:30:00";40
"2022-05-15 17:00:00";41
"2022-05-15 17:30:00";43
"2022-05-15 18:00:00";42
"2022-05-15 18:30:00";41
"2022-05-15 19:00:00";41
"2022-05-15 19:30:00";45
"2022-05-15 20:00:00";45
"2022-05-15 20:30:00";53
"2022-05-15 21:00:00";58
"2022-05-15 21:30:00";64
"2022-05-15 22:00:00";65
"2022-05-15 22:30:00";63
"2022-05-15 23:00:00";65
"2022-05-15 23:30:00";64
"2022-05-16 00:00:00";63
"2022-05-16 00:30:00";66
"2022-05-16 01:00:00";63
"2022-05-16 01:30:00";60
"2022-05-16 02:00:00";60
"2022-05-16 03:00:00";58
"2022-05-16 03:30:00";59
"2022-05-16 04:00:00";57
"2022-05-16 04:30:00";55
"2022-05-16 05:00:00";55
"2022-05-16 05:30:00";55
"2022-05-16 06:00:00";52
"2022-05-16 06:30:00";53
"2022-05-16 07:00:00";52
"2022-05-16 07:30:00";50
"2022-05-16 08:00:00";48
"2022-05-16 08:30:00";49
"2022-05-16 09:00:00";49
"2022-05-16 09:30:00";50
"2022-05-16 10:00:00";48
"2022-05-16 10:30:00";47
"2022-05-16 11:00:00";47
"2022-05-16 11:30:00";43
"2022-05-16 12:00:00";43
"2022-05-16 12:30:00";41
"2022-05-16 13:00:00";43
"2022-05-16 13:30:00";45
"2022-05-16 14:00:00";44
"2022-05-16 14:30:00";44
"2022-05-16 15:00:00";44
"2022-05-16 15:30:00";43
"2022-05-16 16:00:00";44
"2022-05-16 16:30:00";44
"2022-05-16 17:00:00";44
"2022-05-16 17:30:00";42
"2022-05-16 18:00:00";43
"2022-05-16 18:30:00";43
"2022-05-16 19:00:00";44
"2022-05-16 19:30:00";44
"2022-05-16 20:00:00";45
"2022-05-16 20:30:00";46
"2022-05-16 21:00:00";45
"2022-05-16 21:30:00";45
"2022-05-16 22:00:00";44
"2022-05-16 22:30:00";47
"2022-05-16 23:00:00";45
"2022-05-16 23:30:00";45
"2022-05-17 00:00:00";45
"2022-05-17 00:30:00";46
"2022-05-17 01:00:00";46
"2022-05-17 01:30:00";45
"2022-05-17 02:00:00";46
"2022-05-17 03:00:00";44
"2022-05-17 03:30:00";44
"2022-05-17 04:00:00";44
"2022-05-17 04:30:00";43
"2022-05-17 05:00:00";43
"2022-05-17 05:30:00";43
"2022-05-17 06:00:00";44
"2022-05-17 06:30:00";41
"2022-05-17 07:00:00";42
"2022-05-17 07:30:00";44
"2022-05-17 08:00:00";41
"2022-05-17 08:30:00";41
"2022-05-17 09:00:00";41
"2022-05-17 09:30:00";41
"2022-05-17 10:00:00";40
"2022-05-17 10:30:00";42
"2022-05-17 11:00:00";39
"2022-05-17 11:30:00";36
"2022-05-17 12:00:00";38
"2022-05-17 12:30:00";36
"2022-05-17 13:00:00";37
"2022-05-17 13:30:00";37
"2022-05-17 14:00:00";36
"2022-05-17 15:00:00";35
"2022-05-17 15:30:00";36
"2022-05-17 16:00:00";35
"2022-05-17 16:30:00";34
"2022-05-17 17:00:00";37
"2022-05-17 17:30:00";35
"2022-05-17 18:00:00";37
"2022-05-17 18:30:00";39
"2022-05-17 19:00:00";40
"2022-05-17 19:30:00";40
"2022-05-17 20:00:00";40
"2022-05-17 20:30:00";39
"2022-05-17 21:00:00";43
"2022-05-17 21:30:00";45
"2022-05-17 22:00:00";44
"2022-05-17 22:30:00";44
"2022-05-17 23:00:00";45
"2022-05-17 23:30:00";46
"2022-05-18 00:00:00";45
"2022-05-18 00:30:00";46
"2022-05-18 01:00:00";46
"2022-05-18 01:30:00";46
"2022-05-18 02:00:00";45
"2022-05-18 03:00:00";43
"2022-05-18 03:30:00";43
"2022-05-18 04:00:00";45
"2022-05-18 04:30:00";43
"2022-05-18 05:00:00";43
"2022-05-18 05:30:00";42
"2022-05-18 06:00:00";42
"2022-05-18 06:30:00";42
"2022-05-18 07:00:00";41
"2022-05-18 07:30:00";41
"2022-05-18 08:00:00";41
"2022-05-18 08:30:00";41
"2022-05-18 09:00:00";39
"2022-05-18 09:30:00";38
"2022-05-18 10:00:00";40
"2022-05-18 10:30:00";38
"2022-05-18 11:00:00";39
"2022-05-18 12:30:00";35
"2022-05-18 13:30:00";36
"2022-05-18 14:00:00";35
"2022-05-18 14:30:00";35
"2022-05-18 15:00:00";34
"2022-05-18 15:30:00";37
"2022-05-18 16:00:00";36
"2022-05-18 16:30:00";37
"2022-05-18 17:00:00";38
"2022-05-18 17:30:00";37
"2022-05-18 18:00:00";40
"2022-05-18 19:00:00";35
"2022-05-18 19:30:00";31
"2022-05-18 20:00:00";31
"2022-05-18 20:30:00";32
"2022-05-18 21:00:00";32
"2022-05-18 21:30:00";32
"2022-05-18 22:00:00";34
"2022-05-18 22:30:00";36
"2022-05-18 23:00:00";37
"2022-05-18 23:30:00";37
"2022-05-19 00:00:00";40
"2022-05-19 00:30:00";41
"2022-05-19 01:00:00";55
"2022-05-19 01:30:00";54
"2022-05-19 02:00:00";53
"2022-05-19 03:00:00";49
"2022-05-19 03:30:00";47
"2022-05-19 04:00:00";50
"2022-05-19 04:30:00";50
"2022-05-19 05:00:00";51
"2022-05-19 05:30:00";53
"2022-05-19 06:00:00";55
"2022-05-19 06:30:00";55
"2022-05-19 07:00:00";56
"2022-05-19 07:30:00";56
"2022-05-19 08:00:00";57
"2022-05-19 08:30:00";57
"2022-05-19 09:00:00";54
"2022-05-19 09:30:00";55
"2022-05-19 10:00:00";53
"2022-05-19 11:00:00";53
"2022-05-19 11:30:00";51
"2022-05-19 12:00:00";50
"2022-05-19 12:30:00";48
"2022-05-19 13:00:00";49
"2022-05-19 13:30:00";50
"2022-05-19 14:00:00";47
"2022-05-19 14:30:00";49
"2022-05-19 15:00:00";52
"2022-05-19 15:30:00";49
"2022-05-19 16:00:00";47
"2022-05-19 16:30:00";49
"2022-05-19 17:00:00";48
"2022-05-19 17:30:00";50
"2022-05-19 18:00:00";50
"2022-05-19 18:30:00";52
"2022-05-19 19:00:00";51
"2022-05-19 19:30:00";53
"2022-05-19 20:00:00";54
"2022-05-19 20:30:00";52
"2022-05-19 21:00:00";53
"2022-05-19 21:30:00";54
"2022-05-19 22:00:00";58
"2022-05-19 22:30:00";59
"2022-05-19 23:00:00";60
"2022-05-19 23:30:00";58
"2022-05-20 00:00:00";57
"2022-05-20 00:30:00";57
"2022-05-20 01:00:00";57
"2022-05-20 01:30:00";58
"2022-05-20 02:00:00";51
"2022-05-20 03:00:00";54
"2022-05-20 03:30:00";52
"2022-05-20 04:00:00";54
"2022-05-20 04:30:00";54
"2022-05-20 05:00:00";51
"2022-05-20 05:30:00";49
"2022-05-20 06:00:00";50
"2022-05-20 06:30:00";50
"2022-05-20 07:00:00";48
"2022-05-20 07:30:00";49
"2022-05-20 08:00:00";47
"2022-05-20 08:30:00";47
"2022-05-20 09:00:00";47
"2022-05-20 09:30:00";48
"2022-05-20 10:00:00";47
"2022-05-20 10:30:00";48
"2022-05-20 11:00:00";45
"2022-05-20 11:30:00";45
"2022-05-20 12:00:00";43
"2022-05-20 12:30:00";44
"2022-05-20 13:00:00";42
"2022-05-20 13:30:00";44
"2022-05-20 14:00:00";43
"2022-05-20 14:30:00";42
"2022-05-20 15:00:00";44
"2022-05-20 15:30:00";42
"2022-05-20 16:00:00";43
"2022-05-20 16:30:00";44
"2022-05-20 17:00:00";46
"2022-05-20 17:30:00";47
"2022-05-20 18:00:00";48
"2022-05-20 18:30:00";49
"2022-05-20 19:00:00";49
"2022-05-20 19:30:00";50
"2022-05-20 20:00:00";52
"2022-05-20 20:30:00";51
"2022-05-20 21:00:00";49
"2022-05-20 21:30:00";49
"2022-05-20 22:00:00";50
"2022-05-20 22:30:00";51
"2022-05-20 23:00:00";52
"2022-05-20 23:30:00";53
"2022-05-21 00:00:00";54
"2022-05-21 00:30:00";51
"2022-05-21 01:00:00";56
"2022-05-21 04:00:00";55
"2022-05-21 04:30:00";52
"2022-05-21 05:00:00";54
"2022-05-21 05:30:00";51
"2022-05-21 06:00:00";50
"2022-05-21 06:30:00";51
"2022-05-21 07:00:00";51
"2022-05-21 07:30:00";47
"2022-05-21 08:00:00";48
"2022-05-21 08:30:00";47
"2022-05-21 09:00:00";46
"2022-05-21 09:30:00";46
"2022-05-21 10:00:00";46
"2022-05-21 10:30:00";48
"2022-05-21 11:00:00";45
"2022-05-21 11:30:00";44
"2022-05-21 12:00:00";43
"2022-05-21 12:30:00";40
"2022-05-21 13:00:00";43
"2022-05-21 13:30:00";44
"2022-05-21 14:00:00";42
"2022-05-21 14:30:00";41
"2022-05-21 15:00:00";43
"2022-05-21 15:30:00";42
"2022-05-21 16:00:00";42
"2022-05-21 16:30:00";44
"2022-05-21 17:00:00";44
"2022-05-21 17:30:00";47
"2022-05-21 18:00:00";47
"2022-05-21 18:30:00";48
"2022-05-21 19:00:00";50
"2022-05-21 19:30:00";44
"2022-05-21 20:00:00";48
"2022-05-21 20:30:00";47
"2022-05-21 21:00:00";49
"2022-05-21 21:30:00";53
"2022-05-21 22:00:00";52
"2022-05-21 22:30:00";52
"2022-05-21 23:00:00";54
"2022-05-21 23:30:00";53
"2022-05-22 00:00:00";53
"2022-05-22 00:30:00";52
"2022-05-22 01:00:00";51
"2022-05-22 01:30:00";52
"2022-05-22 02:00:00";50
"2022-05-22 03:00:00";50
"2022-05-22 03:30:00";48
"2022-05-22 04:00:00";49
"2022-05-22 04:30:00";48
"2022-05-22 05:00:00";47
"2022-05-22 05:30:00";46
"2022-05-22 06:00:00";45
"2022-05-22 06:30:00";45
"2022-05-22 07:00:00";47
"2022-05-22 07:30:00";44
"2022-05-22 08:00:00";44
"2022-05-22 08:30:00";44
"2022-05-22 09:00:00";43
"2022-05-22 09:30:00";44
"2022-05-22 10:00:00";41
"2022-05-22 10:30:00";42
"2022-05-22 11:00:00";40
"2022-05-22 11:30:00";38
"2022-05-22 12:00:00";37
"2022-05-22 12:30:00";38
"2022-05-22 13:00:00";38
"2022-05-22 13:30:00";38
"2022-05-22 14:00:00";38
"2022-05-22 14:30:00";37
"2022-05-22 15:00:00";35
"2022-05-22 15:30:00";37
"2022-05-22 16:00:00";37
"2022-05-22 16:30:00";39
"2022-05-22 17:00:00";40
"2022-05-22 17:30:00";39
"2022-05-22 18:00:00";38
"2022-05-22 18:30:00";43
"2022-05-22 19:00:00";41
"2022-05-22 19:30:00";42
"2022-05-22 20:00:00";42
"2022-05-22 20:30:00";41
"2022-05-22 21:00:00";42
"2022-05-22 21:30:00";40
"2022-05-22 22:00:00";42
"2022-05-22 22:30:00";44
"2022-05-22 23:00:00";44
"2022-05-22 23:30:00";45
"2022-05-23 00:00:00";45
"2022-05-23 00:30:00";43
"2022-05-23 01:00:00";45
"2022-05-23 01:30:00";44
"2022-05-23 02:00:00";43
"2022-05-23 03:00:00";43
"2022-05-23 03:30:00";43
"2022-05-23 04:00:00";44
"2022-05-23 04:30:00";43
"2022-05-23 05:00:00";40
"2022-05-23 05:30:00";42
"2022-05-23 06:00:00";41
"2022-05-23 06:30:00";39
"2022-05-23 07:00:00";40
"2022-05-23 07:30:00";39
"2022-05-23 08:00:00";40
"2022-05-23 08:30:00";40
"2022-05-23 09:00:00";42
"2022-05-23 09:30:00";40
"2022-05-23 10:00:00";39
"2022-05-23 10:30:00";38
"2022-05-23 11:00:00";36
"2022-05-23 11:30:00";37
"2022-05-23 12:00:00";37
"2022-05-23 12:30:00";39
"2022-05-23 13:00:00";37
"2022-05-23 13:30:00";36
"2022-05-23 14:00:00";35
"2022-05-23 14:30:00";37
"2022-05-23 15:00:00";37
"2022-05-23 15:30:00";37
"2022-05-23 16:00:00";39
"2022-05-23 16:30:00";39
"2022-05-23 17:00:00";37
"2022-05-23 17:30:00";39
"2022-05-23 18:00:00";39
"2022-05-23 18:30:00";40
"2022-05-23 19:00:00";41
"2022-05-23 19:30:00";43
"2022-05-23 20:00:00";44
"2022-05-23 20:30:00";44
"2022-05-23 21:00:00";43
"2022-05-23 21:30:00";43
"2022-05-23 22:00:00";43
"2022-05-23 22:30:00";43
"2022-05-23 23:00:00";45
"2022-05-23 23:30:00";43
"2022-05-24 00:00:00";45
"2022-05-24 00:30:00";44
"2022-05-24 01:00:00";44
"2022-05-24 01:30:00";43
"2022-05-24 02:00:00";44
"2022-05-24 03:00:00";48
"2022-05-24 03:30:00";45
"2022-05-24 04:00:00";45
"2022-05-24 04:30:00";45
"2022-05-24 05:00:00";45
"2022-05-24 05:30:00";45
"2022-05-24 06:00:00";45
"2022-05-24 06:30:00";45
"2022-05-24 07:00:00";43
"2022-05-24 07:30:00";43
"2022-05-24 08:00:00";43
"2022-05-24 08:30:00";44
"2022-05-24 09:00:00";42
"2022-05-24 09:30:00";41
"2022-05-24 10:00:00";41
"2022-05-24 10:30:00";41
"2022-05-24 11:00:00";39
"2022-05-24 11:30:00";38
"2022-05-24 12:00:00";37
"2022-05-24 12:30:00";37
"2022-05-24 13:00:00";38
"2022-05-24 13:30:00";38
"2022-05-24 14:00:00";37
"2022-05-24 14:30:00";38
"2022-05-24 15:00:00";37
"2022-05-24 15:30:00";35
"2022-05-24 16:00:00";39
"2022-05-24 16:30:00";37
"2022-05-24 17:00:00";36
"2022-05-24 17:30:00";36
"2022-05-24 18:00:00";38
"2022-05-24 18:30:00";36
"2022-05-24 19:00:00";37
"2022-05-24 19:30:00";38
"2022-05-24 20:00:00";37
"2022-05-24 20:30:00";38
"2022-05-24 21:00:00";38
"2022-05-24 21:30:00";38
"2022-05-24 22:00:00";36
"2022-05-24 22:30:00";36
"2022-05-24 23:00:00";36
"2022-05-24 23:30:00";37
"2022-05-25 00:00:00";37
"2022-05-25 00:30:00";37
"2022-05-25 01:00:00";36
"2022-05-25 01:30:00";36
"2022-05-25 02:00:00";37
"2022-05-25 03:00:00";36
"2022-05-25 03:30:00";37
"2022-05-25 04:00:00";39
"2022-05-25 04:30:00";38
"2022-05-25 05:00:00";39
"2022-05-25 05:30:00";39
"2022-05-25 06:00:00";39
"2022-05-25 06:30:00";38
"2022-05-25 07:00:00";38
"2022-05-25 07:30:00";39
"2022-05-25 08:00:00";36
"2022-05-25 08:30:00";38
"2022-05-25 09:00:00";37
"2022-05-25 09:30:00";37
"2022-05-25 10:00:00";36
"2022-05-25 10:30:00";36
"2022-05-25 11:00:00";34
"2022-05-25 11:30:00";34
"2022-05-25 12:00:00";34
"2022-05-25 12:30:00";32
"2022-05-25 13:00:00";34
"2022-05-25 13:30:00";33
"2022-05-25 14:00:00";33
"2022-05-25 14:30:00";33
"2022-05-25 15:00:00";32
"2022-05-25 15:30:00";32
"2022-05-25 16:00:00";30
"2022-05-25 16:30:00";31
"2022-05-25 17:00:00";30
"2022-05-25 17:30:00";30
"2022-05-25 18:00:00";30
"2022-05-25 18:30:00";29
"2022-05-25 19:00:00";30
"2022-05-25 19:30:00";28
"2022-05-25 20:00:00";28
"2022-05-25 20:30:00";29
"2022-05-25 21:00:00";28
"2022-05-25 21:30:00";29
"2022-05-25 22:00:00";27
"2022-05-25 22:30:00";28
"2022-05-25 23:00:00";29
"2022-05-25 23:30:00";28
"2022-05-26 00:00:00";27
"2022-05-26 00:30:00";26
"2022-05-26 01:00:00";27
"2022-05-26 01:30:00";28
"2022-05-26 02:00:00";27
"2022-05-26 03:00:00";27
"2022-05-26 03:30:00";26
"2022-05-26 04:00:00";26
"2022-05-26 04:30:00";27
"2022-05-26 05:00:00";26
"2022-05-26 05:30:00";26
"2022-05-26 06:00:00";25
"2022-05-26 06:30:00";25
"2022-05-26 07:00:00";26
"2022-05-26 07:30:00";26
"2022-05-26 08:00:00";25
"2022-05-26 08:30:00";25
"2022-05-26 09:00:00";27
"2022-05-26 09:30:00";26
"2022-05-26 10:00:00";26
"2022-05-26 10:30:00";27
"2022-05-26 11:00:00";25
"2022-05-26 11:30:00";22
"2022-05-26 12:00:00";20
"2022-05-26 12:30:00";22
"2022-05-26 13:00:00";23
"2022-05-26 13:30:00";22
"2022-05-26 14:00:00";22
"2022-05-26 14:30:00";23
"2022-05-26 15:00:00";23
"2022-05-26 15:30:00";22
"2022-05-26 16:00:00";21
"2022-05-26 16:30:00";23
"2022-05-26 17:00:00";23
"2022-05-26 17:30:00";21
"2022-05-26 18:00:00";22
"2022-05-26 18:30:00";23
"2022-05-26 19:00:00";22
"2022-05-26 19:30:00";23
"2022-05-26 20:00:00";22
"2022-05-26 20:30:00";24
"2022-05-26 21:00:00";23
"2022-05-26 21:30:00";24
"2022-05-26 22:00:00";25
"2022-05-26 22:30:00";27
"2022-05-26 23:00:00";30
"2022-05-26 23:30:00";31
"2022-05-27 00:00:00";33
"2022-05-27 00:30:00";35
"2022-05-27 01:00:00";33
"2022-05-27 01:30:00";34
"2022-05-27 02:00:00";34
"2022-05-27 03:00:00";33
"2022-05-27 03:30:00";34
"2022-05-27 04:00:00";32
"2022-05-27 04:30:00";29
"2022-05-27 05:00:00";30
"2022-05-27 05:30:00";30
"2022-05-27 06:00:00";30
"2022-05-27 06:30:00";30
"2022-05-27 07:00:00";28
"2022-05-27 07:30:00";29
"2022-05-27 08:00:00";28
"2022-05-27 08:30:00";28
"2022-05-27 09:00:00";27
"2022-05-27 09:30:00";27
"2022-05-27 10:00:00";27
"2022-05-27 10:30:00";29
"2022-05-27 11:00:00";27
"2022-05-27 11:30:00";24
"2022-05-27 12:00:00";24
"2022-05-27 12:30:00";25
"2022-05-27 13:00:00";23
"2022-05-27 13:30:00";26
"2022-05-27 14:00:00";25
"2022-05-27 14:30:00";24
"2022-05-27 15:00:00";24
"2022-05-27 15:30:00";25
"2022-05-27 16:00:00";25
"2022-05-27 16:30:00";26
"2022-05-27 17:00:00";28
"2022-05-27 17:30:00";29
"2022-05-27 18:00:00";30
"2022-05-27 18:30:00";30
"2022-05-27 19:00:00";31
"2022-05-27 19:30:00";32
"2022-05-27 20:00:00";32
"2022-05-27 20:30:00";32
"2022-05-27 21:00:00";33
"2022-05-27 21:30:00";33
"2022-05-27 22:00:00";35
"2022-05-27 22:30:00";34
"2022-05-27 23:00:00";33
"2022-05-27 23:30:00";32
"2022-05-28 00:00:00";33
"2022-05-28 00:30:00";33
"2022-05-28 01:00:00";32
"2022-05-28 02:00:00";31
"2022-05-28 02:30:00";31
"2022-05-28 03:00:00";31
"2022-05-28 03:30:00";29
"2022-05-28 04:30:00";29
"2022-05-28 05:00:00";28
"2022-05-28 05:30:00";29
"2022-05-28 06:00:00";28
"2022-05-28 06:30:00";28
"2022-05-28 07:00:00";28
"2022-05-28 07:30:00";25
"2022-05-28 08:00:00";26
"2022-05-28 08:30:00";26
"2022-05-28 09:00:00";27
"2022-05-28 09:30:00";27
"2022-05-28 10:00:00";26
"2022-05-28 10:30:00";27
"2022-05-28 11:00:00";27
"2022-05-28 11:30:00";23
"2022-05-28 12:00:00";22
"2022-05-28 12:30:00";23
"2022-05-28 13:00:00";24
"2022-05-28 13:30:00";23
"2022-05-28 14:00:00";23
"2022-05-28 14:30:00";23
"2022-05-28 15:00:00";23
"2022-05-28 15:30:00";22
"2022-05-28 16:00:00";22
"2022-05-28 16:30:00";24
"2022-05-28 17:00:00";23
"2022-05-28 17:30:00";24
"2022-05-28 18:00:00";26
"2022-05-28 18:30:00";26
"2022-05-28 19:00:00";26
"2022-05-28 19:30:00";26
"2022-05-28 20:00:00";27
"2022-05-28 20:30:00";28
"2022-05-28 21:00:00";26
"2022-05-28 21:30:00";26
"2022-05-28 22:00:00";28
"2022-05-28 22:30:00";28
"2022-05-28 23:00:00";29
"2022-05-28 23:30:00";29
"2022-05-29 00:00:00";29
"2022-05-29 00:30:00";29
"2022-05-29 01:00:00";28
"2022-05-29 01:30:00";29
"2022-05-29 02:00:00";29
"2022-05-29 03:00:00";27
"2022-05-29 03:30:00";27
"2022-05-29 04:00:00";29
"2022-05-29 04:30:00";29
"2022-05-29 05:00:00";29
"2022-05-29 05:30:00";30
"2022-05-29 06:00:00";30
"2022-05-29 06:30:00";30
"2022-05-29 07:00:00";31
"2022-05-29 07:30:00";31
"2022-05-29 08:00:00";31
"2022-05-29 08:30:00";31
"2022-05-29 09:00:00";32
"2022-05-29 09:30:00";31
"2022-05-29 10:00:00";31
"2022-05-29 10:30:00";32
"2022-05-29 11:00:00";31
"2022-05-29 11:30:00";30
"2022-05-29 12:00:00";31
"2022-05-29 12:30:00";29
"2022-05-29 13:00:00";29
"2022-05-29 13:30:00";30
"2022-05-29 14:00:00";30
"2022-05-29 14:30:00";29
"2022-05-29 15:00:00";28
"2022-05-29 15:30:00";28
"2022-05-29 16:00:00";28
"2022-05-29 16:30:00";28
"2022-05-29 17:00:00";26
"2022-05-29 17:30:00";26
"2022-05-29 18:00:00";25
"2022-05-29 18:30:00";26
"2022-05-29 19:00:00";26
"2022-05-29 19:30:00";25
"2022-05-29 20:00:00";26
"2022-05-29 20:30:00";23
"2022-05-29 21:00:00";24
"2022-05-29 21:30:00";25
"2022-05-29 22:00:00";25
"2022-05-29 22:30:00";23
"2022-05-29 23:00:00";23
"2022-05-29 23:30:00";25
"2022-05-30 00:00:00";24
"2022-05-30 00:30:00";24
"2022-05-30 01:00:00";25
"2022-05-30 01:30:00";24
"2022-05-30 02:00:00";24
"2022-05-30 03:00:00";24
"2022-05-30 03:30:00";24
"2022-05-30 04:00:00";23
"2022-05-30 04:30:00";22
"2022-05-30 05:00:00";22
"2022-05-30 05:30:00";22
"2022-05-30 06:00:00";22
"2022-05-30 06:30:00";22
"2022-05-30 07:00:00";21
"2022-05-30 07:30:00";21
"2022-05-30 08:00:00";21
"2022-05-30 08:30:00";20
"2022-05-30 09:00:00";21
"2022-05-30 09:30:00";21
"2022-05-30 10:00:00";20
"2022-05-30 10:30:00";20
"2022-05-30 11:00:00";20
"2022-05-30 11:30:00";20
"2022-05-30 12:00:00";19
"2022-05-30 12:30:00";19
"2022-05-30 13:00:00";19
"2022-05-30 13:30:00";18
"2022-05-30 14:00:00";18
"2022-05-30 14:30:00";18
"2022-05-30 15:00:00";18
"2022-05-30 15:30:00";18
"2022-05-30 16:00:00";17
"2022-05-30 16:30:00";17
"2022-05-30 17:00:00";16
"2022-05-30 17:30:00";18
"2022-05-30 18:00:00";18
"2022-05-30 18:30:00";18
"2022-05-30 19:00:00";17
"2022-05-30 19:30:00";16
"2022-05-30 20:00:00";16
"2022-05-30 20:30:00";16
"2022-05-30 21:00:00";15
"2022-05-30 21:30:00";15
"2022-05-30 22:00:00";15
"2022-05-30 22:30:00";15
"2022-05-30 23:00:00";17
"2022-05-30 23:30:00";16
"2022-05-31 00:00:00";16
"2022-05-31 00:30:00";16
"2022-05-31 01:00:00";14
"2022-05-31 01:30:00";15
"2022-05-31 02:00:00";15
"2022-05-31 03:00:00";14
"2022-05-31 03:30:00";13
"2022-05-31 04:00:00";16
"2022-05-31 04:30:00";14
"2022-05-31 05:00:00";16
"2022-05-31 05:30:00";15
"2022-05-31 06:00:00";14
"2022-05-31 06:30:00";14
"2022-05-31 07:00:00";14
"2022-05-31 07:30:00";13
"2022-05-31 08:00:00";15
"2022-05-31 08:30:00";15
"2022-05-31 09:00:00";13
"2022-05-31 09:30:00";16
"2022-05-31 10:00:00";14
"2022-05-31 10:30:00";14
"2022-05-31 11:00:00";12
"2022-05-31 11:30:00";13
"2022-05-31 12:00:00";12
"2022-05-31 12:30:00";13
"2022-05-31 13:00:00";12
"2022-05-31 13:30:00";14
"2022-05-31 14:00:00";13
"2022-05-31 14:30:00";13
"2022-05-31 15:00:00";11
"2022-05-31 15:30:00";11
"2022-05-31 16:00:00";11
"2022-05-31 16:30:00";12
"2022-05-31 17:00:00";12
"2022-05-31 17:30:00";12
"2022-05-31 18:00:00";13
"2022-05-31 18:30:00";12
"2022-05-31 19:00:00";12
"2022-05-31 19:30:00";13
"2022-05-31 20:00:00";12
"2022-05-31 20:30:00";13
"2022-05-31 21:00:00";15
"2022-05-31 21:30:00";14
"2022-05-31 22:00:00";16
"2022-05-31 22:30:00";17
"2022-05-31 23:00:00";18
"2022-05-31 23:30:00";19
"2022-06-01 00:00:00";19
"2022-06-01 00:30:00";20
"2022-06-01 01:00:00";21
"2022-06-01 01:30:00";20
"2022-06-01 02:00:00";21
"2022-06-01 03:00:00";20
"2022-06-01 03:30:00";21
"2022-06-01 04:00:00";20
"2022-06-01 04:30:00";17
"2022-06-01 05:00:00";18
"2022-06-01 05:30:00";17
"2022-06-01 06:00:00";16
"2022-06-01 06:30:00";16
"2022-06-01 07:00:00";16
"2022-06-01 07:30:00";17
"2022-06-01 08:00:00";16
"2022-06-01 08:30:00";16
"2022-06-01 09:00:00";16
"2022-06-01 09:30:00";16
"2022-06-01 10:00:00";16
"2022-06-01 10:30:00";16
"2022-06-01 11:00:00";15
"2022-06-01 11:30:00";13
"2022-06-01 12:00:00";13
"2022-06-01 12:30:00";13
"2022-06-01 13:00:00";14
"2022-06-01 13:30:00";12
"2022-06-01 14:00:00";14
"2022-06-01 14:30:00";13
"2022-06-01 15:00:00";12
"2022-06-01 15:30:00";13
"2022-06-01 16:00:00";13
"2022-06-01 16:30:00";12
"2022-06-01 17:00:00";13
"2022-06-01 17:30:00";14
"2022-06-01 18:00:00";16
"2022-06-01 18:30:00";16
"2022-06-01 19:00:00";16
"2022-06-01 19:30:00";17
"2022-06-01 20:00:00";17
"2022-06-01 20:30:00";21
"2022-06-01 21:00:00";23
"2022-06-01 21:30:00";24
"2022-06-01 22:00:00";24
"2022-06-01 22:30:00";25
"2022-06-01 23:00:00";24
"2022-06-01 23:30:00";24
"2022-06-02 00:00:00";22
"2022-06-02 00:30:00";23
"2022-06-02 01:00:00";21
"2022-06-02 01:30:00";22
"2022-06-02 02:00:00";21
"2022-06-02 03:00:00";20
"2022-06-02 03:30:00";22
"2022-06-02 04:00:00";19
"2022-06-02 04:30:00";22
"2022-06-02 05:00:00";20
"2022-06-02 05:30:00";19
"2022-06-02 06:00:00";19
"2022-06-02 06:30:00";21
"2022-06-02 07:00:00";20
"2022-06-02 07:30:00";19
"2022-06-02 08:00:00";19
"2022-06-02 08:30:00";18
"2022-06-02 09:00:00";19
"2022-06-02 09:30:00";20
"2022-06-02 10:00:00";18
"2022-06-02 10:30:00";20
"2022-06-02 11:00:00";19
"2022-06-02 11:30:00";18
"2022-06-02 12:00:00";19
"2022-06-02 12:30:00";18
"2022-06-02 13:00:00";14
"2022-06-02 13:30:00";17
"2022-06-02 14:00:00";17
"2022-06-02 14:30:00";17
"2022-06-02 15:00:00";16
"2022-06-02 15:30:00";18
"2022-06-02 16:00:00";18
"2022-06-02 16:30:00";16
"2022-06-02 17:00:00";17
"2022-06-02 17:30:00";19
"2022-06-02 18:00:00";17
"2022-06-02 18:30:00";20
"2022-06-02 19:00:00";20
"2022-06-02 19:30:00";21
"2022-06-02 20:00:00";23
"2022-06-02 20:30:00";24
"2022-06-02 21:00:00";24
"2022-06-02 21:30:00";25
"2022-06-02 22:00:00";27
"2022-06-02 22:30:00";26
"2022-06-02 23:00:00";27
"2022-06-02 23:30:00";27
"2022-06-03 00:00:00";26
"2022-06-03 00:30:00";24
"2022-06-03 01:00:00";25
"2022-06-03 01:30:00";24
"2022-06-03 02:00:00";23
"2022-06-03 03:00:00";23
"2022-06-03 03:30:00";22
"2022-06-03 04:00:00";22
"2022-06-03 04:30:00";21
"2022-06-03 05:00:00";20
"2022-06-03 05:30:00";21
"2022-06-03 06:00:00";19
"2022-06-03 06:30:00";20
"2022-06-03 07:00:00";19
"2022-06-03 07:30:00";18
"2022-06-03 08:00:00";18
"2022-06-03 08:30:00";18
"2022-06-03 09:00:00";19
"2022-06-03 09:30:00";19
"2022-06-03 10:00:00";18
"2022-06-03 10:30:00";17
"2022-06-03 11:00:00";16
"2022-06-03 11:30:00";20
"2022-06-03 12:00:00";17
"2022-06-03 12:30:00";17
"2022-06-03 13:00:00";17
"2022-06-03 13:30:00";19
"2022-06-03 14:00:00";19
"2022-06-03 14:30:00";20
"2022-06-03 15:00:00";21
"2022-06-03 15:30:00";23
"2022-06-03 16:00:00";25
"2022-06-03 16:30:00";29
"2022-06-03 17:00:00";33
"2022-06-03 17:30:00";39
"2022-06-03 18:00:00";42
"2022-06-03 18:30:00";42
"2022-06-03 19:00:00";42
"2022-06-03 19:30:00";44
"2022-06-03 20:00:00";43
"2022-06-03 20:30:00";44
"2022-06-03 21:00:00";43
"2022-06-03 21:30:00";43
"2022-06-03 22:00:00";44
"2022-06-03 22:30:00";44
"2022-06-03 23:00:00";44
"2022-06-03 23:30:00";45
"2022-06-04 00:00:00";43
"2022-06-04 00:30:00";44
"2022-06-04 01:00:00";44
"2022-06-04 04:00:00";39
"2022-06-04 04:30:00";38
"2022-06-04 05:00:00";38
"2022-06-04 05:30:00";36
"2022-06-04 06:00:00";36
"2022-06-04 06:30:00";35
"2022-06-04 07:00:00";35
"2022-06-04 07:30:00";34
"2022-06-04 08:00:00";34
"2022-06-04 08:30:00";34
"2022-06-04 09:00:00";33
"2022-06-04 09:30:00";33
"2022-06-04 10:00:00";32
"2022-06-04 10:30:00";33
"2022-06-04 11:00:00";30
"2022-06-04 11:30:00";28
"2022-06-04 12:00:00";29
"2022-06-04 12:30:00";28
"2022-06-04 13:00:00";29
"2022-06-04 13:30:00";28
"2022-06-04 14:00:00";30
"2022-06-04 14:30:00";27
"2022-06-04 15:00:00";29
"2022-06-04 15:30:00";28
"2022-06-04 16:00:00";28
"2022-06-04 16:30:00";29
"2022-06-04 17:00:00";30
"2022-06-04 17:30:00";32
"2022-06-04 18:00:00";32
"2022-06-04 18:30:00";33
"2022-06-04 19:00:00";34
"2022-06-04 19:30:00";35
"2022-06-04 20:00:00";35
"2022-06-04 20:30:00";32
"2022-06-04 21:00:00";34
"2022-06-04 21:30:00";33
"2022-06-04 22:00:00";32
"2022-06-04 22:30:00";34
"2022-06-04 23:00:00";33
"2022-06-04 23:30:00";34
"2022-06-05 00:00:00";34
"2022-06-05 00:30:00";33
"2022-06-05 01:00:00";32
"2022-06-05 01:30:00";34
"2022-06-05 02:00:00";32
"2022-06-05 03:00:00";31
"2022-06-05 03:30:00";31
"2022-06-05 04:00:00";30
"2022-06-05 04:30:00";30
"2022-06-05 05:00:00";29
"2022-06-05 05:30:00";30
"2022-06-05 06:00:00";29
"2022-06-05 06:30:00";29
"2022-06-05 07:00:00";28
"2022-06-05 07:30:00";28
"2022-06-05 08:00:00";27
"2022-06-05 08:30:00";27
"2022-06-05 09:00:00";27
"2022-06-05 09:30:00";26
"2022-06-05 10:00:00";28
"2022-06-05 10:30:00";27
"2022-06-05 11:00:00";26
"2022-06-05 11:30:00";27
"2022-06-05 12:00:00";33
"2022-06-05 12:30:00";27
"2022-06-05 13:00:00";27
"2022-06-05 13:30:00";27
"2022-06-05 14:00:00";26
"2022-06-05 14:30:00";29
"2022-06-05 15:00:00";25
"2022-06-05 15:30:00";25
"2022-06-05 16:00:00";28
"2022-06-05 16:30:00";29
"2022-06-05 17:00:00";29
"2022-06-05 17:30:00";31
"2022-06-05 18:00:00";33
"2022-06-05 18:30:00";32
"2022-06-05 19:00:00";33
"2022-06-05 19:30:00";32
"2022-06-05 20:00:00";33
"2022-06-05 20:30:00";34
"2022-06-05 21:00:00";34
"2022-06-05 21:30:00";33
"2022-06-05 22:00:00";33
"2022-06-05 22:30:00";33
"2022-06-05 23:00:00";34
"2022-06-05 23:30:00";33
"2022-06-06 00:00:00";32
"2022-06-06 00:30:00";32
"2022-06-06 01:00:00";30
"2022-06-06 01:30:00";31
"2022-06-06 02:00:00";29
"2022-06-06 03:00:00";30
"2022-06-06 03:30:00";30
"2022-06-06 04:00:00";28
"2022-06-06 04:30:00";27
"2022-06-06 05:00:00";29
"2022-06-06 05:30:00";27
"2022-06-06 06:00:00";27
"2022-06-06 06:30:00";27
"2022-06-06 07:00:00";27
"2022-06-06 07:30:00";26
"2022-06-06 08:00:00";25
"2022-06-06 08:30:00";25
"2022-06-06 09:00:00";26
"2022-06-06 09:30:00";25
"2022-06-06 10:00:00";25
"2022-06-06 10:30:00";26
"2022-06-06 11:00:00";24
"2022-06-06 11:30:00";23
"2022-06-06 12:00:00";22
"2022-06-06 12:30:00";24
"2022-06-06 13:00:00";22
"2022-06-06 13:30:00";21
"2022-06-06 14:00:00";21
"2022-06-06 14:30:00";21
"2022-06-06 15:00:00";21
"2022-06-06 15:30:00";22
"2022-06-06 16:00:00";22
"2022-06-06 16:30:00";22
"2022-06-06 17:00:00";22
"2022-06-06 17:30:00";23
"2022-06-06 18:00:00";23
"2022-06-06 18:30:00";23
"2022-06-06 19:00:00";25
"2022-06-06 19:30:00";23
"2022-06-06 20:00:00";25
"2022-06-06 20:30:00";24
"2022-06-06 21:00:00";23
"2022-06-06 21:30:00";25
"2022-06-06 22:00:00";26
"2022-06-06 22:30:00";25
"2022-06-06 23:00:00";25
"2022-06-06 23:30:00";26
"2022-06-07 00:00:00";24
"2022-06-07 00:30:00";26
"2022-06-07 01:00:00";25
"2022-06-07 01:30:00";26
"2022-06-07 02:00:00";26
"2022-06-07 03:00:00";25
"2022-06-07 03:30:00";23
"2022-06-07 04:00:00";23
"2022-06-07 04:30:00";22
"2022-06-07 05:00:00";23
"2022-06-07 05:30:00";23
"2022-06-07 06:00:00";22
"2022-06-07 06:30:00";23
"2022-06-07 07:00:00";23
"2022-06-07 07:30:00";23
"2022-06-07 08:00:00";22
"2022-06-07 08:30:00";23
"2022-06-07 09:00:00";23
"2022-06-07 09:30:00";23
"2022-06-07 10:00:00";23
"2022-06-07 10:30:00";19
"2022-06-07 11:00:00";22
"2022-06-07 11:30:00";21
"2022-06-07 12:00:00";21
"2022-06-07 12:30:00";19
"2022-06-07 13:00:00";23
"2022-06-07 13:30:00";20
"2022-06-07 14:00:00";19
"2022-06-07 14:30:00";20
"2022-06-07 15:00:00";21
"2022-06-07 15:30:00";20
"2022-06-07 16:00:00";20
"2022-06-07 16:30:00";20
"2022-06-07 17:00:00";20
"2022-06-07 17:30:00";19
"2022-06-07 18:00:00";23
"2022-06-07 18:30:00";23
"2022-06-07 19:00:00";22
"2022-06-07 19:30:00";23
"2022-06-07 20:00:00";23
"2022-06-07 20:30:00";23
"2022-06-07 21:00:00";24
"2022-06-07 21:30:00";24
"2022-06-07 22:00:00";23
"2022-06-07 22:30:00";23
"2022-06-07 23:00:00";23
"2022-06-07 23:30:00";23
"2022-06-08 00:00:00";23
"2022-06-08 00:30:00";24
"2022-06-08 01:00:00";22
"2022-06-08 01:30:00";20
"2022-06-08 02:00:00";21
"2022-06-08 03:00:00";20
"2022-06-08 03:30:00";20
"2022-06-08 04:00:00";20
"2022-06-08 04:30:00";19
"2022-06-08 05:00:00";19
"2022-06-08 05:30:00";18
"2022-06-08 06:00:00";17
"2022-06-08 06:30:00";17
"2022-06-08 07:00:00";17
"2022-06-08 07:30:00";18
"2022-06-08 08:00:00";17
"2022-06-08 08:30:00";18
"2022-06-08 09:00:00";18
"2022-06-08 09:30:00";16
"2022-06-08 10:00:00";18
"2022-06-08 10:30:00";18
"2022-06-08 11:00:00";17
"2022-06-08 11:30:00";16
"2022-06-08 12:00:00";14
"2022-06-08 12:30:00";14
"2022-06-08 13:00:00";15
"2022-06-08 13:30:00";15
"2022-06-08 14:00:00";16
"2022-06-08 14:30:00";15
"2022-06-08 15:00:00";15
"2022-06-08 15:30:00";15
"2022-06-08 16:00:00";15
"2022-06-08 16:30:00";17
"2022-06-08 17:00:00";15
"2022-06-08 17:30:00";14
"2022-06-08 18:00:00";15
"2022-06-08 18:30:00";17
"2022-06-08 19:00:00";16
"2022-06-08 19:30:00";17
"2022-06-08 20:00:00";16
"2022-06-08 20:30:00";16
"2022-06-08 21:00:00";15
"2022-06-08 21:30:00";19
"2022-06-08 22:00:00";18
"2022-06-08 22:30:00";20
"2022-06-08 23:00:00";20
"2022-06-08 23:30:00";21
"2022-06-09 00:00:00";17
"2022-06-09 00:30:00";19
"2022-06-09 01:00:00";21
"2022-06-09 01:30:00";19
"2022-06-09 02:00:00";19
"2022-06-09 03:00:00";19
"2022-06-09 03:30:00";18
"2022-06-09 04:00:00";19
"2022-06-09 04:30:00";17
"2022-06-09 05:00:00";17
"2022-06-09 05:30:00";17
"2022-06-09 06:00:00";16
"2022-06-09 06:30:00";15
"2022-06-09 07:00:00";17
"2022-06-09 07:30:00";16
"2022-06-09 08:00:00";16
"2022-06-09 08:30:00";15
"2022-06-09 09:00:00";14
"2022-06-09 09:30:00";15
"2022-06-09 10:00:00";15
"2022-06-09 10:30:00";16
"2022-06-09 11:00:00";14
"2022-06-09 11:30:00";12
"2022-06-09 12:00:00";13
"2022-06-09 12:30:00";11
"2022-06-09 13:00:00";11
"2022-06-09 13:30:00";12
"2022-06-09 14:00:00";12
"2022-06-09 14:30:00";10
"2022-06-09 15:00:00";11
"2022-06-09 15:30:00";11
"2022-06-09 16:00:00";10
"2022-06-09 16:30:00";10
"2022-06-09 17:00:00";11
"2022-06-09 17:30:00";11
"2022-06-09 18:00:00";11
"2022-06-09 18:30:00";13
"2022-06-09 19:00:00";12
"2022-06-09 19:30:00";14
"2022-06-09 20:00:00";13
"2022-06-09 20:30:00";12
"2022-06-09 21:00:00";13
"2022-06-09 21:30:00";14
"2022-06-09 22:00:00";13
"2022-06-09 22:30:00";14
"2022-06-09 23:00:00";13
"2022-06-09 23:30:00";13
"2022-06-10 00:00:00";14
"2022-06-10 00:30:00";12
"2022-06-10 01:00:00";13
"2022-06-10 01:30:00";14
"2022-06-10 02:00:00";13
"2022-06-10 03:00:00";13
"2022-06-10 03:30:00";11
"2022-06-10 04:00:00";12
"2022-06-10 04:30:00";11
"2022-06-10 05:00:00";13
"2022-06-10 05:30:00";11
"2022-06-10 06:00:00";11
"2022-06-10 06:30:00";11
"2022-06-10 07:00:00";11
"2022-06-10 07:30:00";11
"2022-06-10 08:00:00";10
"2022-06-10 08:30:00";11
"2022-06-10 09:00:00";10
"2022-06-10 09:30:00";11
"2022-06-10 10:00:00";11
"2022-06-10 10:30:00";12
"2022-06-10 11:00:00";10
"2022-06-10 11:30:00";8
"2022-06-10 12:00:00";7
"2022-06-10 12:30:00";6
"2022-06-10 13:00:00";8
"2022-06-10 13:30:00";9
"2022-06-10 14:00:00";7
"2022-06-10 14:30:00";8
"2022-06-10 15:00:00";9
"2022-06-10 15:30:00";8
"2022-06-10 16:00:00";9
"2022-06-10 16:30:00";8
"2022-06-10 17:00:00";8
"2022-06-10 17:30:00";10
"2022-06-10 18:00:00";11
"2022-06-10 18:30:00";13
"2022-06-10 19:00:00";12
"2022-06-10 19:30:00";14
"2022-06-10 20:00:00";13
"2022-06-10 20:30:00";16
"2022-06-10 21:00:00";16
"2022-06-10 21:30:00";15
"2022-06-10 22:00:00";16
"2022-06-10 22:30:00";18
"2022-06-10 23:00:00";17
"2022-06-10 23:30:00";17
"2022-06-11 00:00:00";16
"2022-06-11 00:30:00";17
"2022-06-11 01:00:00";18
"2022-06-11 04:00:00";14
"2022-06-11 04:30:00";13
"2022-06-11 05:00:00";13
"2022-06-11 05:30:00";13
"2022-06-11 06:00:00";12
"2022-06-11 06:30:00";11
"2022-06-11 07:00:00";12
"2022-06-11 07:30:00";11
"2022-06-11 08:00:00";12
"2022-06-11 08:30:00";11
"2022-06-11 09:00:00";11
"2022-06-11 09:30:00";11
"2022-06-11 10:00:00";12
"2022-06-11 10:30:00";12
"2022-06-11 11:00:00";12
"2022-06-11 11:30:00";10
"2022-06-11 12:00:00";9
"2022-06-11 12:30:00";9
"2022-06-11 13:00:00";8
"2022-06-11 13:30:00";9
"2022-06-11 14:00:00";9
"2022-06-11 14:30:00";9
"2022-06-11 15:00:00";8
"2022-06-11 15:30:00";8
"2022-06-11 16:00:00";8
"2022-06-11 16:30:00";8
"2022-06-11 17:00:00";12
"2022-06-11 17:30:00";12
"2022-06-11 18:00:00";13
"2022-06-11 18:30:00";15
"2022-06-11 19:00:00";17
"2022-06-11 19:30:00";18
"2022-06-11 20:00:00";19
"2022-06-11 20:30:00";19
"2022-06-11 21:00:00";21
"2022-06-11 21:30:00";21
"2022-06-11 22:00:00";22
"2022-06-11 22:30:00";22
"2022-06-11 23:00:00";22
"2022-06-11 23:30:00";22
"2022-06-12 00:00:00";22
"2022-06-12 00:30:00";19
"2022-06-12 01:00:00";20
"2022-06-12 01:30:00";19
"2022-06-12 02:00:00";19
"2022-06-12 03:00:00";18
"2022-06-12 03:30:00";16
"2022-06-12 04:00:00";17
"2022-06-12 04:30:00";16
"2022-06-12 05:00:00";16
"2022-06-12 05:30:00";14
"2022-06-12 06:00:00";14
"2022-06-12 06:30:00";16
"2022-06-12 07:00:00";14
"2022-06-12 07:30:00";13
"2022-06-12 08:00:00";13
"2022-06-12 08:30:00";14
"2022-06-12 09:00:00";14
"2022-06-12 09:30:00";13
"2022-06-12 10:00:00";14
"2022-06-12 10:30:00";14
"2022-06-12 11:00:00";11
"2022-06-12 11:30:00";9
"2022-06-12 12:00:00";9
"2022-06-12 12:30:00";10
"2022-06-12 13:00:00";11
"2022-06-12 13:30:00";11
"2022-06-12 14:00:00";10
"2022-06-12 14:30:00";10
"2022-06-12 15:00:00";10
"2022-06-12 15:30:00";10
"2022-06-12 16:00:00";11
"2022-06-12 16:30:00";11
"2022-06-12 17:00:00";13
"2022-06-12 17:30:00";14
"2022-06-12 18:00:00";17
"2022-06-12 18:30:00";17
"2022-06-12 19:00:00";17
"2022-06-12 19:30:00";19
"2022-06-12 20:00:00";21
"2022-06-12 20:30:00";20
"2022-06-12 21:00:00";18
"2022-06-12 21:30:00";19
"2022-06-12 22:00:00";21
"2022-06-12 22:30:00";21
"2022-06-12 23:00:00";20
"2022-06-12 23:30:00";20
"2022-06-13 00:00:00";21
"2022-06-13 00:30:00";21
"2022-06-13 01:00:00";21
"2022-06-13 01:30:00";20
"2022-06-13 02:00:00";19
"2022-06-13 03:00:00";18
"2022-06-13 03:30:00";17
"2022-06-13 04:00:00";17
"2022-06-13 04:30:00";16
"2022-06-13 05:00:00";16
"2022-06-13 05:30:00";16
"2022-06-13 06:00:00";15
"2022-06-13 06:30:00";15
"2022-06-13 07:00:00";15
"2022-06-13 07:30:00";16
"2022-06-13 08:00:00";15
"2022-06-13 08:30:00";14
"2022-06-13 09:00:00";14
"2022-06-13 09:30:00";15
"2022-06-13 10:00:00";15
"2022-06-13 10:30:00";16
"2022-06-13 11:00:00";16
"2022-06-13 11:30:00";14
"2022-06-13 12:00:00";13
"2022-06-13 12:30:00";11
"2022-06-13 13:00:00";13
"2022-06-13 13:30:00";13
"2022-06-13 14:00:00";12
"2022-06-13 14:30:00";12
"2022-06-13 15:00:00";13
"2022-06-13 15:30:00";12
"2022-06-13 16:00:00";12
"2022-06-13 16:30:00";13
"2022-06-13 17:00:00";12
"2022-06-13 17:30:00";11
"2022-06-13 18:00:00";14
"2022-06-13 18:30:00";15
"2022-06-13 19:00:00";15
"2022-06-13 19:30:00";16
"2022-06-13 20:00:00";17
"2022-06-13 20:30:00";18
"2022-06-13 21:00:00";17
"2022-06-13 21:30:00";19
"2022-06-13 22:00:00";19
"2022-06-13 22:30:00";20
"2022-06-13 23:00:00";20
"2022-06-13 23:30:00";20
"2022-06-14 00:00:00";19
"2022-06-14 00:30:00";17
"2022-06-14 01:00:00";18
"2022-06-14 01:30:00";18
"2022-06-14 02:00:00";17
"2022-06-14 03:00:00";17
"2022-06-14 03:30:00";15
"2022-06-14 04:00:00";16
"2022-06-14 04:30:00";14
"2022-06-14 05:00:00";13
"2022-06-14 05:30:00";16
"2022-06-14 06:00:00";13
"2022-06-14 06:30:00";14
"2022-06-14 07:00:00";14
"2022-06-14 07:30:00";14
"2022-06-14 08:00:00";12
"2022-06-14 08:30:00";12
"2022-06-14 09:00:00";12
"2022-06-14 09:30:00";11
"2022-06-14 10:00:00";12
"2022-06-14 10:30:00";12
"2022-06-14 11:00:00";11
"2022-06-14 11:30:00";10
"2022-06-14 12:00:00";11
"2022-06-14 12:30:00";11
"2022-06-14 13:00:00";10
"2022-06-14 13:30:00";10
"2022-06-14 14:00:00";9
"2022-06-14 14:30:00";11
"2022-06-14 15:00:00";11
"2022-06-14 15:30:00";11
"2022-06-14 16:00:00";10
"2022-06-14 16:30:00";11
"2022-06-14 17:00:00";13
"2022-06-14 17:30:00";14
"2022-06-14 18:00:00";15
"2022-06-14 18:30:00";14
"2022-06-14 19:00:00";16
"2022-06-14 19:30:00";16
"2022-06-14 20:00:00";17
"2022-06-14 20:30:00";16
"2022-06-14 21:00:00";18
"2022-06-14 21:30:00";17
"2022-06-14 22:00:00";18
"2022-06-14 22:30:00";18
"2022-06-14 23:00:00";18
"2022-06-14 23:30:00";18
"2022-06-15 00:00:00";18
"2022-06-15 00:30:00";17
"2022-06-15 01:00:00";18
"2022-06-15 01:30:00";15
"2022-06-15 02:00:00";15
"2022-06-15 03:00:00";16
"2022-06-15 03:30:00";15
"2022-06-15 04:00:00";16
"2022-06-15 04:30:00";16
"2022-06-15 05:00:00";14
"2022-06-15 05:30:00";14
"2022-06-15 06:00:00";13
"2022-06-15 06:30:00";13
"2022-06-15 07:00:00";14
"2022-06-15 07:30:00";14
"2022-06-15 08:00:00";15
"2022-06-15 08:30:00";13
"2022-06-15 09:00:00";11
"2022-06-15 09:30:00";12
"2022-06-15 10:00:00";13
"2022-06-15 10:30:00";12
"2022-06-15 11:00:00";12
"2022-06-15 11:30:00";9
"2022-06-15 12:00:00";10
"2022-06-15 12:30:00";11
"2022-06-15 13:00:00";11
"2022-06-15 13:30:00";10
"2022-06-15 14:00:00";11
"2022-06-15 14:30:00";11
"2022-06-15 15:00:00";13
"2022-06-15 15:30:00";14
"2022-06-15 16:00:00";13
"2022-06-15 16:30:00";13
"2022-06-15 17:00:00";12
"2022-06-15 17:30:00";13
"2022-06-15 18:00:00";13
"2022-06-15 18:30:00";13
"2022-06-15 19:00:00";14
"2022-06-15 19:30:00";15
"2022-06-15 20:00:00";14
"2022-06-15 20:30:00";15
"2022-06-15 21:00:00";15
"2022-06-15 21:30:00";15
"2022-06-15 22:00:00";16
"2022-06-15 22:30:00";15
"2022-06-15 23:00:00";16
"2022-06-15 23:30:00";17
"2022-06-16 00:00:00";17
"2022-06-16 00:30:00";17
"2022-06-16 01:00:00";16
"2022-06-16 01:30:00";16
"2022-06-16 02:00:00";15
"2022-06-16 03:00:00";15
"2022-06-16 03:30:00";14
"2022-06-16 04:00:00";16
"2022-06-16 04:30:00";14
"2022-06-16 05:00:00";14
"2022-06-16 05:30:00";14
"2022-06-16 06:00:00";13
"2022-06-16 06:30:00";13
"2022-06-16 07:00:00";13
"2022-06-16 07:30:00";12
"2022-06-16 08:00:00";12
"2022-06-16 08:30:00";12
"2022-06-16 09:00:00";12
"2022-06-16 09:30:00";12
"2022-06-16 10:00:00";12
"2022-06-16 10:30:00";12
"2022-06-16 11:00:00";11
"2022-06-16 11:30:00";9
"2022-06-16 12:00:00";9
"2022-06-16 12:30:00";8
"2022-06-16 13:00:00";9
"2022-06-16 13:30:00";9
"2022-06-16 14:30:00";11
"2022-06-16 15:00:00";11
"2022-06-16 15:30:00";11
"2022-06-16 16:00:00";12
"2022-06-16 16:30:00";13
"2022-06-16 17:00:00";15
"2022-06-16 17:30:00";14
"2022-06-16 18:00:00";16
"2022-06-16 18:30:00";18
"2022-06-16 19:00:00";17
"2022-06-16 19:30:00";17
"2022-06-16 20:00:00";17
"2022-06-16 20:30:00";18
"2022-06-16 21:00:00";19
"2022-06-16 21:30:00";21
"2022-06-16 22:00:00";22
"2022-06-16 22:30:00";22
"2022-06-16 23:00:00";21
"2022-06-16 23:30:00";19
"2022-06-17 00:00:00";21
"2022-06-17 00:30:00";21
"2022-06-17 01:00:00";21
"2022-06-17 01:30:00";18
"2022-06-17 02:00:00";19
"2022-06-17 03:00:00";17
"2022-06-17 03:30:00";16
"2022-06-17 04:00:00";14
"2022-06-17 04:30:00";16
"2022-06-17 05:00:00";15
"2022-06-17 05:30:00";14
"2022-06-17 06:00:00";14
"2022-06-17 06:30:00";14
"2022-06-17 07:00:00";13
"2022-06-17 07:30:00";14
"2022-06-17 08:00:00";13
"2022-06-17 08:30:00";11
"2022-06-17 09:00:00";12
"2022-06-17 09:30:00";14
"2022-06-17 10:00:00";14
"2022-06-17 10:30:00";12
"2022-06-17 11:00:00";12
"2022-06-17 11:30:00";9
"2022-06-17 12:00:00";8
"2022-06-17 12:30:00";9
"2022-06-17 13:00:00";10
"2022-06-17 13:30:00";9
"2022-06-17 14:00:00";10
"2022-06-17 14:30:00";9
"2022-06-17 15:00:00";10
"2022-06-17 15:30:00";10
"2022-06-17 16:00:00";10
"2022-06-17 16:30:00";11
"2022-06-17 17:00:00";13
"2022-06-17 17:30:00";14
"2022-06-17 18:00:00";16
"2022-06-17 18:30:00";18
"2022-06-17 19:00:00";20
"2022-06-17 19:30:00";19
"2022-06-17 20:00:00";21
"2022-06-17 20:30:00";20
"2022-06-17 21:00:00";22
"2022-06-17 21:30:00";22
"2022-06-17 22:00:00";22
"2022-06-17 22:30:00";22
"2022-06-17 23:00:00";23
"2022-06-17 23:30:00";22
"2022-06-18 00:00:00";21
"2022-06-18 00:30:00";22
"2022-06-18 01:00:00";20
"2022-06-18 04:00:00";18
"2022-06-18 04:30:00";17
"2022-06-18 05:00:00";16
"2022-06-18 05:30:00";15
"2022-06-18 06:00:00";16
"2022-06-18 06:30:00";14
"2022-06-18 07:00:00";14
"2022-06-18 07:30:00";15
"2022-06-18 08:00:00";15
"2022-06-18 08:30:00";14
"2022-06-18 09:00:00";13
"2022-06-18 09:30:00";13
"2022-06-18 10:00:00";13
"2022-06-18 10:30:00";14
"2022-06-18 11:00:00";13
"2022-06-18 11:30:00";11
"2022-06-18 12:00:00";10
"2022-06-18 12:30:00";11
"2022-06-18 13:00:00";11
"2022-06-18 13:30:00";10
"2022-06-18 14:00:00";11
"2022-06-18 14:30:00";11
"2022-06-18 15:00:00";11
"2022-06-18 15:30:00";13
"2022-06-18 16:00:00";14
"2022-06-18 16:30:00";16
"2022-06-18 17:00:00";17
"2022-06-18 17:30:00";18
"2022-06-18 18:00:00";19
"2022-06-18 18:30:00";21
"2022-06-18 19:00:00";23
"2022-06-18 19:30:00";26
"2022-06-18 20:00:00";26
"2022-06-18 20:30:00";27
"2022-06-18 21:00:00";26
"2022-06-18 21:30:00";26
"2022-06-18 22:00:00";26
"2022-06-18 22:30:00";24
"2022-06-18 23:00:00";24
"2022-06-18 23:30:00";24
"2022-06-19 00:00:00";23
"2022-06-19 00:30:00";23
"2022-06-19 01:00:00";23
"2022-06-19 01:30:00";22
"2022-06-19 02:00:00";20
"2022-06-19 03:00:00";21
"2022-06-19 03:30:00";19
"2022-06-19 04:00:00";18
"2022-06-19 04:30:00";19
"2022-06-19 05:00:00";19
"2022-06-19 05:30:00";17
"2022-06-19 06:00:00";17
"2022-06-19 06:30:00";16
"2022-06-19 07:00:00";16
"2022-06-19 07:30:00";16
"2022-06-19 08:00:00";16
"2022-06-19 08:30:00";15
"2022-06-19 09:00:00";15
"2022-06-19 09:30:00";14
"2022-06-19 10:00:00";14
"2022-06-19 10:30:00";14
"2022-06-19 11:00:00";13
"2022-06-19 11:30:00";12
"2022-06-19 12:00:00";12
"2022-06-19 12:30:00";11
"2022-06-19 13:00:00";11
"2022-06-19 13:30:00";10
"2022-06-19 14:00:00";11
"2022-06-19 14:30:00";11
"2022-06-19 15:00:00";13
"2022-06-19 15:30:00";13
"2022-06-19 16:00:00";14
"2022-06-19 16:30:00";13
"2022-06-19 17:00:00";14
"2022-06-19 17:30:00";14
"2022-06-19 18:00:00";15
"2022-06-19 18:30:00";17
"2022-06-19 19:00:00";17
"2022-06-19 19:30:00";18
"2022-06-19 20:00:00";16
"2022-06-19 20:30:00";16
"2022-06-19 21:00:00";17
"2022-06-19 21:30:00";16
"2022-06-19 22:00:00";15
"2022-06-19 22:30:00";18
"2022-06-19 23:00:00";18
"2022-06-19 23:30:00";17
"2022-06-20 00:00:00";18
"2022-06-20 00:30:00";18
"2022-06-20 01:00:00";17
"2022-06-20 01:30:00";17
"2022-06-20 02:00:00";17
"2022-06-20 03:00:00";17
"2022-06-20 03:30:00";17
"2022-06-20 04:00:00";17
"2022-06-20 04:30:00";18
"2022-06-20 05:00:00";16
"2022-06-20 05:30:00";15
"2022-06-20 06:00:00";16
"2022-06-20 06:30:00";15
"2022-06-20 07:00:00";15
"2022-06-20 07:30:00";15
"2022-06-20 08:00:00";15
"2022-06-20 08:30:00";15
"2022-06-20 09:00:00";14
"2022-06-20 09:30:00";15
"2022-06-20 10:00:00";14
"2022-06-20 10:30:00";15
"2022-06-20 11:00:00";13
"2022-06-20 11:30:00";11
"2022-06-20 12:00:00";12
"2022-06-20 12:30:00";12
"2022-06-20 13:00:00";12
"2022-06-20 13:30:00";12
"2022-06-20 14:00:00";11
"2022-06-20 14:30:00";11
"2022-06-20 15:00:00";14
"2022-06-20 15:30:00";11
"2022-06-20 16:00:00";13
"2022-06-20 16:30:00";15
"2022-06-20 17:00:00";15
"2022-06-20 17:30:00";16
"2022-06-20 18:00:00";16
"2022-06-20 18:30:00";19
"2022-06-20 19:00:00";20
"2022-06-20 19:30:00";20
"2022-06-20 20:00:00";22
"2022-06-20 20:30:00";19
"2022-06-20 21:00:00";19
"2022-06-20 21:30:00";19
"2022-06-20 22:00:00";19
"2022-06-20 22:30:00";19
"2022-06-20 23:00:00";20
"2022-06-20 23:30:00";19
"2022-06-21 00:00:00";19
"2022-06-21 00:30:00";18
"2022-06-21 01:00:00";18
"2022-06-21 01:30:00";17
"2022-06-21 02:00:00";18
"2022-06-21 03:00:00";16
"2022-06-21 03:30:00";13
"2022-06-21 04:00:00";14
"2022-06-21 04:30:00";15
"2022-06-21 05:00:00";13
"2022-06-21 05:30:00";13
"2022-06-21 06:00:00";13
"2022-06-21 06:30:00";13
"2022-06-21 07:00:00";13
"2022-06-21 07:30:00";11
"2022-06-21 08:00:00";12
"2022-06-21 08:30:00";11
"2022-06-21 09:00:00";11
"2022-06-21 09:30:00";12
"2022-06-21 10:00:00";12
"2022-06-21 10:30:00";12
"2022-06-21 11:00:00";11
"2022-06-21 11:30:00";11
"2022-06-21 12:00:00";10
"2022-06-21 12:30:00";9
"2022-06-21 13:00:00";10
"2022-06-21 13:30:00";10
"2022-06-21 14:00:00";9
"2022-06-21 14:30:00";10
"2022-06-21 15:00:00";11
"2022-06-21 15:30:00";11
"2022-06-21 16:00:00";12
"2022-06-21 16:30:00";11
"2022-06-21 17:00:00";13
"2022-06-21 17:30:00";12
"2022-06-21 18:00:00";15
"2022-06-21 18:30:00";16
"2022-06-21 19:00:00";14
"2022-06-21 19:30:00";20
"2022-06-21 20:00:00";18
"2022-06-21 20:30:00";19
"2022-06-21 21:00:00";21
"2022-06-21 21:30:00";22
"2022-06-21 22:00:00";39
"2022-06-21 22:30:00";39
"2022-06-21 23:00:00";37
"2022-06-21 23:30:00";35
"2022-06-22 00:00:00";33
"2022-06-22 00:30:00";32
"2022-06-22 01:00:00";31
"2022-06-22 01:30:00";28
"2022-06-22 02:00:00";27
"2022-06-22 03:00:00";23
"2022-06-22 03:30:00";23
"2022-06-22 04:00:00";21
"2022-06-22 04:30:00";22
"2022-06-22 05:00:00";20
"2022-06-22 05:30:00";17
"2022-06-22 06:00:00";18
"2022-06-22 06:30:00";18
"2022-06-22 07:00:00";17
"2022-06-22 07:30:00";16
"2022-06-22 08:00:00";16
"2022-06-22 08:30:00";15
"2022-06-22 09:00:00";14
"2022-06-22 09:30:00";16
"2022-06-22 10:00:00";16
"2022-06-22 10:30:00";15
"2022-06-22 11:00:00";16
"2022-06-22 11:30:00";15
"2022-06-22 12:00:00";17
"2022-06-22 12:30:00";17
"2022-06-22 13:00:00";27
"2022-06-22 13:30:00";31
"2022-06-22 14:00:00";31
"2022-06-22 14:30:00";28
"2022-06-22 15:00:00";28
"2022-06-22 15:30:00";26
"2022-06-22 16:00:00";28
"2022-06-22 16:30:00";29
"2022-06-22 17:00:00";29
"2022-06-22 17:30:00";30
"2022-06-22 18:00:00";29
"2022-06-22 18:30:00";30
"2022-06-22 19:00:00";31
"2022-06-22 19:30:00";31
"2022-06-22 20:00:00";28
"2022-06-22 20:30:00";30
"2022-06-22 21:00:00";30
"2022-06-22 21:30:00";30
"2022-06-22 22:00:00";31
"2022-06-22 22:30:00";33
"2022-06-22 23:00:00";31
"2022-06-22 23:30:00";29
"2022-06-23 00:00:00";30
"2022-06-23 00:30:00";28
"2022-06-23 01:00:00";27
"2022-06-23 01:30:00";26
"2022-06-23 02:00:00";24
"2022-06-23 03:00:00";24
"2022-06-23 03:30:00";22
"2022-06-23 04:00:00";20
"2022-06-23 04:30:00";21
"2022-06-23 05:00:00";20
"2022-06-23 05:30:00";19
"2022-06-23 06:00:00";18
"2022-06-23 06:30:00";19
"2022-06-23 07:00:00";18
"2022-06-23 07:30:00";18
"2022-06-23 08:00:00";16
"2022-06-23 08:30:00";16
"2022-06-23 09:00:00";17
"2022-06-23 09:30:00";17
"2022-06-23 10:00:00";17
"2022-06-23 10:30:00";17
"2022-06-23 11:00:00";18
"2022-06-23 11:30:00";16
"2022-06-23 12:00:00";14
"2022-06-23 12:30:00";16
"2022-06-23 13:00:00";14
"2022-06-23 13:30:00";14
"2022-06-23 14:00:00";14
"2022-06-23 14:30:00";13
"2022-06-23 15:00:00";15
"2022-06-23 15:30:00";14
"2022-06-23 16:00:00";14
"2022-06-23 16:30:00";16
"2022-06-23 17:00:00";15
"2022-06-23 17:30:00";16
"2022-06-23 18:00:00";17
"2022-06-23 18:30:00";18
"2022-06-23 19:00:00";18
"2022-06-23 19:30:00";18
"2022-06-23 20:00:00";22
"2022-06-23 20:30:00";23
"2022-06-23 21:00:00";25
"2022-06-23 21:30:00";23
"2022-06-23 22:00:00";22
"2022-06-23 22:30:00";21
"2022-06-23 23:00:00";20
"2022-06-23 23:30:00";20
"2022-06-24 00:00:00";19
"2022-06-24 00:30:00";19
"2022-06-24 01:00:00";20
"2022-06-24 01:30:00";17
"2022-06-24 02:00:00";18
"2022-06-24 03:00:00";18
"2022-06-24 03:30:00";17
"2022-06-24 04:00:00";16
"2022-06-24 04:30:00";16
"2022-06-24 05:00:00";15
"2022-06-24 05:30:00";15
"2022-06-24 06:00:00";15
"2022-06-24 06:30:00";13
"2022-06-24 07:00:00";13
"2022-06-24 07:30:00";13
"2022-06-24 08:00:00";13
"2022-06-24 08:30:00";13
"2022-06-24 09:00:00";13
"2022-06-24 09:30:00";13
"2022-06-24 10:00:00";12
"2022-06-24 10:30:00";13
"2022-06-24 11:00:00";13
"2022-06-24 11:30:00";11
"2022-06-24 12:00:00";10
"2022-06-24 12:30:00";10
"2022-06-24 13:00:00";11
"2022-06-24 13:30:00";11
"2022-06-24 14:00:00";11
"2022-06-24 14:30:00";11
"2022-06-24 15:00:00";14
"2022-06-24 15:30:00";16
"2022-06-24 16:00:00";15
"2022-06-24 16:30:00";13
"2022-06-24 17:00:00";14
"2022-06-24 17:30:00";16
"2022-06-24 18:00:00";16
"2022-06-24 18:30:00";19
"2022-06-24 19:00:00";21
"2022-06-24 19:30:00";22
"2022-06-24 20:00:00";23
"2022-06-24 20:30:00";22
"2022-06-24 21:00:00";21
"2022-06-24 21:30:00";18
"2022-06-24 22:00:00";18
"2022-06-24 22:30:00";18
"2022-06-24 23:00:00";16
"2022-06-24 23:30:00";18
"2022-06-25 00:00:00";16
"2022-06-25 00:30:00";15
"2022-06-25 01:00:00";16
"2022-06-25 04:00:00";13
"2022-06-25 04:30:00";14
"2022-06-25 05:00:00";13
"2022-06-25 05:30:00";13
"2022-06-25 06:00:00";13
"2022-06-25 06:30:00";12
"2022-06-25 07:00:00";12
"2022-06-25 07:30:00";12
"2022-06-25 08:00:00";11
"2022-06-25 08:30:00";11
"2022-06-25 09:00:00";11
"2022-06-25 09:30:00";11
"2022-06-25 10:00:00";13
"2022-06-25 10:30:00";12
"2022-06-25 11:00:00";11
"2022-06-25 11:30:00";9
"2022-06-25 12:00:00";9
"2022-06-25 12:30:00";6
"2022-06-25 13:00:00";7
"2022-06-25 13:30:00";9
"2022-06-25 14:00:00";9
"2022-06-25 14:30:00";8
"2022-06-25 15:00:00";8
"2022-06-25 15:30:00";7
"2022-06-25 16:00:00";9
"2022-06-25 16:30:00";10
"2022-06-25 17:00:00";9
"2022-06-25 17:30:00";10
"2022-06-25 18:00:00";10
"2022-06-25 18:30:00";9
"2022-06-25 19:00:00";8
"2022-06-25 19:30:00";9
"2022-06-25 20:00:00";9
"2022-06-25 20:30:00";9
"2022-06-25 21:00:00";10
"2022-06-25 21:30:00";8
"2022-06-25 22:00:00";10
"2022-06-25 22:30:00";9
"2022-06-25 23:00:00";10
"2022-06-25 23:30:00";9
"2022-06-26 00:00:00";9
"2022-06-26 00:30:00";10
"2022-06-26 01:00:00";9
"2022-06-26 01:30:00";10
"2022-06-26 02:00:00";9
"2022-06-26 03:00:00";8
"2022-06-26 03:30:00";9
"2022-06-26 04:00:00";9
"2022-06-26 04:30:00";9
"2022-06-26 05:00:00";8
"2022-06-26 05:30:00";8
"2022-06-26 06:00:00";7
"2022-06-26 06:30:00";8
"2022-06-26 07:00:00";7
"2022-06-26 07:30:00";8
"2022-06-26 08:00:00";8
"2022-06-26 08:30:00";7
"2022-06-26 09:00:00";8
"2022-06-26 09:30:00";8
"2022-06-26 10:00:00";9
"2022-06-26 10:30:00";6
"2022-06-26 11:00:00";7
"2022-06-26 11:30:00";7
"2022-06-26 12:00:00";6
"2022-06-26 12:30:00";6
"2022-06-26 13:00:00";7
"2022-06-26 13:30:00";8
"2022-06-26 14:00:00";5
"2022-06-26 14:30:00";6
"2022-06-26 15:00:00";6
"2022-06-26 15:30:00";6
"2022-06-26 16:00:00";5
"2022-06-26 16:30:00";7
"2022-06-26 17:00:00";6
"2022-06-26 17:30:00";7
"2022-06-26 18:00:00";6
"2022-06-26 18:30:00";7
"2022-06-26 19:00:00";7
"2022-06-26 19:30:00";9
"2022-06-26 20:00:00";7
"2022-06-26 20:30:00";8
"2022-06-26 21:00:00";9
"2022-06-26 21:30:00";7
"2022-06-26 22:00:00";9
"2022-06-26 22:30:00";8
"2022-06-26 23:00:00";10
"2022-06-26 23:30:00";13
"2022-06-27 00:00:00";13
"2022-06-27 00:30:00";11
"2022-06-27 01:00:00";13
"2022-06-27 01:30:00";15
"2022-06-27 02:00:00";13
"2022-06-27 03:00:00";36
"2022-06-27 03:30:00";35
"2022-06-27 04:00:00";34
"2022-06-27 04:30:00";33
"2022-06-27 05:00:00";27
"2022-06-27 05:30:00";26
"2022-06-27 06:00:00";24
"2022-06-27 06:30:00";23
"2022-06-27 07:00:00";22
"2022-06-27 07:30:00";23
"2022-06-27 08:00:00";19
"2022-06-27 08:30:00";19
"2022-06-27 09:00:00";18
"2022-06-27 09:30:00";18
"2022-06-27 10:00:00";18
"2022-06-27 10:30:00";18
"2022-06-27 11:00:00";17
"2022-06-27 11:30:00";16
"2022-06-27 12:00:00";15
"2022-06-27 12:30:00";13
"2022-06-27 13:00:00";14
"2022-06-27 13:30:00";13
"2022-06-27 14:00:00";13
"2022-06-27 14:30:00";13
"2022-06-27 15:00:00";13
"2022-06-27 15:30:00";15
"2022-06-27 16:00:00";14
"2022-06-27 16:30:00";13
"2022-06-27 17:00:00";15
"2022-06-27 17:30:00";17
"2022-06-27 18:00:00";17
"2022-06-27 18:30:00";17
"2022-06-27 19:00:00";18
"2022-06-27 19:30:00";17
"2022-06-27 20:00:00";17
"2022-06-27 20:30:00";17
"2022-06-27 21:00:00";16
"2022-06-27 21:30:00";18
"2022-06-27 22:00:00";17
"2022-06-27 22:30:00";17
"2022-06-27 23:00:00";19
"2022-06-27 23:30:00";18
"2022-06-28 00:00:00";18
"2022-06-28 00:30:00";18
"2022-06-28 01:00:00";18
"2022-06-28 01:30:00";18
"2022-06-28 02:00:00";18
"2022-06-28 03:00:00";17
"2022-06-28 03:30:00";18
"2022-06-28 04:00:00";16
"2022-06-28 04:30:00";16
"2022-06-28 05:00:00";15
"2022-06-28 05:30:00";15
"2022-06-28 06:00:00";14
"2022-06-28 06:30:00";14
"2022-06-28 07:00:00";15
"2022-06-28 07:30:00";14
"2022-06-28 08:00:00";13
"2022-06-28 08:30:00";14
"2022-06-28 09:00:00";13
"2022-06-28 09:30:00";13
"2022-06-28 10:00:00";13
"2022-06-28 10:30:00";15
"2022-06-28 11:00:00";15
"2022-06-28 11:30:00";16
"2022-06-28 12:00:00";17
"2022-06-28 12:30:00";18
"2022-06-28 13:00:00";19
"2022-06-28 13:30:00";18
"2022-06-28 14:00:00";18
"2022-06-28 14:30:00";21
"2022-06-28 15:00:00";21
"2022-06-28 15:30:00";22
"2022-06-28 16:00:00";22
"2022-06-28 16:30:00";24
"2022-06-28 17:00:00";28
"2022-06-28 17:30:00";38
"2022-06-28 18:00:00";39
"2022-06-28 18:30:00";40
"2022-06-28 19:00:00";43
"2022-06-28 19:30:00";59
"2022-06-28 20:00:00";59
"2022-06-28 20:30:00";56
"2022-06-28 21:00:00";57
"2022-06-28 21:30:00";55
"2022-06-28 22:00:00";51
"2022-06-28 22:30:00";51
"2022-06-28 23:00:00";51
"2022-06-28 23:30:00";49
"2022-06-29 00:00:00";46
"2022-06-29 00:30:00";45
"2022-06-29 01:00:00";44
"2022-06-29 01:30:00";42
"2022-06-29 02:00:00";40
"2022-06-29 03:00:00";40
"2022-06-29 03:30:00";38
"2022-06-29 04:00:00";36
"2022-06-29 04:30:00";36
"2022-06-29 05:00:00";37
"2022-06-29 05:30:00";35
"2022-06-29 06:00:00";33
"2022-06-29 06:30:00";33
"2022-06-29 07:00:00";33
"2022-06-29 07:30:00";32
"2022-06-29 08:00:00";31
"2022-06-29 08:30:00";31
"2022-06-29 09:00:00";30
"2022-06-29 09:30:00";29
"2022-06-29 10:00:00";30
"2022-06-29 10:30:00";31
"2022-06-29 11:00:00";29
"2022-06-29 11:30:00";28
"2022-06-29 12:00:00";25
"2022-06-29 12:30:00";26
"2022-06-29 13:00:00";26
"2022-06-29 13:30:00";26
"2022-06-29 14:00:00";26
"2022-06-29 14:30:00";26
"2022-06-29 15:00:00";26
"2022-06-29 15:30:00";27
"2022-06-29 16:00:00";27
"2022-06-29 16:30:00";28
"2022-06-29 17:00:00";30
"2022-06-29 17:30:00";27
"2022-06-29 18:00:00";31
"2022-06-29 18:30:00";28
"2022-06-29 19:00:00";26
"2022-06-29 19:30:00";27
"2022-06-29 20:00:00";27
"2022-06-29 20:30:00";26
"2022-06-29 21:00:00";27
"2022-06-29 21:30:00";28
"2022-06-29 22:00:00";27
"2022-06-29 22:30:00";27
"2022-06-29 23:00:00";28
"2022-06-29 23:30:00";28
"2022-06-30 00:00:00";26
"2022-06-30 00:30:00";27
"2022-06-30 01:00:00";26
"2022-06-30 01:30:00";27
"2022-06-30 02:00:00";26
"2022-06-30 03:00:00";25
"2022-06-30 03:30:00";25
"2022-06-30 04:00:00";24
"2022-06-30 04:30:00";24
"2022-06-30 05:00:00";24
"2022-06-30 05:30:00";22
"2022-06-30 06:00:00";22
"2022-06-30 06:30:00";22
"2022-06-30 07:00:00";21
"2022-06-30 07:30:00";20
"2022-06-30 08:00:00";22
"2022-06-30 08:30:00";21
"2022-06-30 09:30:00";20
"2022-06-30 10:00:00";20
"2022-06-30 10:30:00";21
"2022-06-30 11:00:00";24
"2022-06-30 11:30:00";31
"2022-06-30 12:00:00";27
"2022-06-30 12:30:00";25
"2022-06-30 13:00:00";25
"2022-06-30 13:30:00";25
"2022-06-30 14:00:00";23
"2022-06-30 14:30:00";23
"2022-06-30 15:00:00";25
"2022-06-30 15:30:00";25
"2022-06-30 16:00:00";25
"2022-06-30 16:30:00";25
"2022-06-30 17:00:00";24
"2022-06-30 17:30:00";27
"2022-06-30 18:00:00";25
"2022-06-30 18:30:00";23
"2022-06-30 19:00:00";25
"2022-06-30 19:30:00";24
"2022-06-30 20:00:00";24
"2022-06-30 20:30:00";24
"2022-06-30 21:00:00";23
"2022-06-30 21:30:00";23
"2022-06-30 22:00:00";23
"2022-06-30 22:30:00";24
"2022-06-30 23:00:00";23
"2022-06-30 23:30:00";25
"2022-07-01 00:00:00";32
"2022-07-01 00:30:00";55
"2022-07-01 01:00:00";68
"2022-07-01 01:30:00";64
"2022-07-01 02:00:00";68
"2022-07-01 03:00:00";72
"2022-07-01 03:30:00";72
"2022-07-01 04:00:00";64
"2022-07-01 04:30:00";62
"2022-07-01 05:00:00";63
"2022-07-01 05:30:00";64
"2022-07-01 06:00:00";63
"2022-07-01 06:30:00";61
"2022-07-01 07:00:00";60
"2022-07-01 07:30:00";58
"2022-07-01 08:00:00";57
"2022-07-01 08:30:00";58
"2022-07-01 09:00:00";60
"2022-07-01 09:30:00";54
"2022-07-01 10:00:00";54
"2022-07-01 10:30:00";54
"2022-07-01 11:00:00";54
"2022-07-01 11:30:00";51
"2022-07-01 12:00:00";48
"2022-07-01 12:30:00";48
"2022-07-01 13:00:00";48
"2022-07-01 13:30:00";48
"2022-07-01 14:00:00";48
"2022-07-01 14:30:00";48
"2022-07-01 15:00:00";46
"2022-07-01 15:30:00";45
"2022-07-01 16:00:00";45
"2022-07-01 16:30:00";43
"2022-07-01 17:00:00";44
"2022-07-01 17:30:00";44
"2022-07-01 18:00:00";44
"2022-07-01 18:30:00";45
"2022-07-01 19:00:00";44
"2022-07-01 19:30:00";40
"2022-07-01 20:00:00";41
"2022-07-01 20:30:00";42
"2022-07-01 21:00:00";41
"2022-07-01 21:30:00";42
"2022-07-01 22:00:00";41
"2022-07-01 22:30:00";39
"2022-07-01 23:00:00";40
"2022-07-01 23:30:00";40
"2022-07-02 00:00:00";38
"2022-07-02 00:30:00";39
"2022-07-02 01:00:00";39
"2022-07-02 04:00:00";35
"2022-07-02 04:30:00";34
"2022-07-02 05:00:00";33
"2022-07-02 05:30:00";33
"2022-07-02 06:00:00";32
"2022-07-02 06:30:00";31
"2022-07-02 07:00:00";30
"2022-07-02 07:30:00";31
"2022-07-02 08:00:00";31
"2022-07-02 08:30:00";31
"2022-07-02 09:00:00";31
"2022-07-02 09:30:00";31
"2022-07-02 10:00:00";31
"2022-07-02 10:30:00";31
"2022-07-02 11:00:00";30
"2022-07-02 11:30:00";26
"2022-07-02 12:00:00";27
"2022-07-02 12:30:00";27
"2022-07-02 13:00:00";28
"2022-07-02 13:30:00";27
"2022-07-02 14:00:00";27
"2022-07-02 14:30:00";27
"2022-07-02 15:00:00";29
"2022-07-02 15:30:00";30
"2022-07-02 16:00:00";30
"2022-07-02 16:30:00";29
"2022-07-02 17:00:00";31
"2022-07-02 17:30:00";31
"2022-07-02 18:00:00";34
"2022-07-02 18:30:00";32
"2022-07-02 19:00:00";32
"2022-07-02 19:30:00";31
"2022-07-02 20:00:00";30
"2022-07-02 20:30:00";32
"2022-07-02 21:00:00";30
"2022-07-02 21:30:00";33
"2022-07-02 22:00:00";31
"2022-07-02 22:30:00";31
"2022-07-02 23:00:00";33
"2022-07-02 23:30:00";32
"2022-07-03 00:00:00";31
"2022-07-03 00:30:00";30
"2022-07-03 01:00:00";31
"2022-07-03 01:30:00";31
"2022-07-03 02:00:00";29
"2022-07-03 03:00:00";28
"2022-07-03 03:30:00";29
"2022-07-03 04:00:00";30
"2022-07-03 04:30:00";27
"2022-07-03 05:00:00";27
"2022-07-03 05:30:00";28
"2022-07-03 06:00:00";26
"2022-07-03 06:30:00";28
"2022-07-03 07:00:00";25
"2022-07-03 07:30:00";25
"2022-07-03 08:00:00";26
"2022-07-03 08:30:00";27
"2022-07-03 09:00:00";25
"2022-07-03 09:30:00";24
"2022-07-03 10:00:00";25
"2022-07-03 10:30:00";25
"2022-07-03 11:00:00";25
"2022-07-03 11:30:00";22
"2022-07-03 12:00:00";21
"2022-07-03 12:30:00";20
"2022-07-03 13:00:00";22
"2022-07-03 13:30:00";22
"2022-07-03 14:00:00";23
"2022-07-03 14:30:00";23
"2022-07-03 15:00:00";23
"2022-07-03 15:30:00";26
"2022-07-03 16:00:00";26
"2022-07-03 16:30:00";29
"2022-07-03 17:00:00";30
"2022-07-03 17:30:00";32
"2022-07-03 18:00:00";30
"2022-07-03 18:30:00";32
"2022-07-03 19:00:00";32
"2022-07-03 19:30:00";32
"2022-07-03 20:00:00";31
"2022-07-03 20:30:00";32
"2022-07-03 21:00:00";31
"2022-07-03 21:30:00";33
"2022-07-03 22:00:00";32
"2022-07-03 22:30:00";31
"2022-07-03 23:00:00";31
"2022-07-03 23:30:00";31
"2022-07-04 00:00:00";31
"2022-07-04 00:30:00";29
"2022-07-04 01:00:00";29
"2022-07-04 01:30:00";28
"2022-07-04 02:00:00";28
"2022-07-04 03:00:00";28
"2022-07-04 03:30:00";29
"2022-07-04 04:00:00";27
"2022-07-04 04:30:00";27
"2022-07-04 05:00:00";27
"2022-07-04 05:30:00";27
"2022-07-04 06:00:00";25
"2022-07-04 06:30:00";25
"2022-07-04 07:00:00";24
"2022-07-04 07:30:00";24
"2022-07-04 08:00:00";24
"2022-07-04 08:30:00";23
"2022-07-04 09:00:00";23
"2022-07-04 09:30:00";25
"2022-07-04 10:00:00";24
"2022-07-04 10:30:00";25
"2022-07-04 11:00:00";23
"2022-07-04 11:30:00";22
"2022-07-04 12:00:00";22
"2022-07-04 12:30:00";24
"2022-07-04 13:00:00";26
"2022-07-04 13:30:00";28
"2022-07-04 14:00:00";28
"2022-07-04 14:30:00";26
"2022-07-04 15:00:00";26
"2022-07-04 15:30:00";28
"2022-07-04 16:00:00";27
"2022-07-04 16:30:00";29
"2022-07-04 17:00:00";28
"2022-07-04 17:30:00";28
"2022-07-04 18:00:00";29
"2022-07-04 18:30:00";31
"2022-07-04 19:00:00";35
"2022-07-04 19:30:00";36
"2022-07-04 20:00:00";37
"2022-07-04 20:30:00";36
"2022-07-04 21:00:00";39
"2022-07-04 21:30:00";38
"2022-07-04 22:00:00";54
"2022-07-04 22:30:00";54
"2022-07-04 23:00:00";50
"2022-07-04 23:30:00";51
"2022-07-05 00:00:00";52
"2022-07-05 00:30:00";53
"2022-07-05 01:00:00";50
"2022-07-05 01:30:00";46
"2022-07-05 02:00:00";45
"2022-07-05 03:00:00";42
"2022-07-05 03:30:00";44
"2022-07-05 04:00:00";43
"2022-07-05 04:30:00";42
"2022-07-05 05:00:00";39
"2022-07-05 05:30:00";39
"2022-07-05 06:00:00";37
"2022-07-05 06:30:00";36
"2022-07-05 07:00:00";35
"2022-07-05 07:30:00";34
"2022-07-05 08:00:00";33
"2022-07-05 08:30:00";33
"2022-07-05 09:00:00";32
"2022-07-05 09:30:00";32
"2022-07-05 10:00:00";32
"2022-07-05 10:30:00";31
"2022-07-05 11:00:00";30
"2022-07-05 11:30:00";28
"2022-07-05 12:00:00";27
"2022-07-05 12:30:00";27
"2022-07-05 13:00:00";26
"2022-07-05 13:30:00";26
"2022-07-05 14:00:00";27
"2022-07-05 14:30:00";27
"2022-07-05 15:00:00";26
"2022-07-05 15:30:00";29
"2022-07-05 16:00:00";29
"2022-07-05 16:30:00";28
"2022-07-05 17:00:00";31
"2022-07-05 17:30:00";32
"2022-07-05 18:00:00";33
"2022-07-05 18:30:00";32
"2022-07-05 19:00:00";32
"2022-07-05 19:30:00";32
"2022-07-05 20:00:00";31
"2022-07-05 20:30:00";31
"2022-07-05 21:00:00";32
"2022-07-05 21:30:00";31
"2022-07-05 22:00:00";32
"2022-07-05 22:30:00";31
"2022-07-05 23:00:00";31
"2022-07-05 23:30:00";31
"2022-07-06 00:00:00";32
"2022-07-06 00:30:00";30
"2022-07-06 01:00:00";29
"2022-07-06 01:30:00";29
"2022-07-06 02:00:00";28
"2022-07-06 03:00:00";26
"2022-07-06 03:30:00";27
"2022-07-06 04:00:00";25
"2022-07-06 04:30:00";25
"2022-07-06 05:00:00";25
"2022-07-06 05:30:00";24
"2022-07-06 06:00:00";24
"2022-07-06 06:30:00";24
"2022-07-06 07:00:00";21
"2022-07-06 07:30:00";23
"2022-07-06 08:00:00";22
"2022-07-06 08:30:00";21
"2022-07-06 09:00:00";21
"2022-07-06 09:30:00";22
"2022-07-06 10:00:00";22
"2022-07-06 10:30:00";23
"2022-07-06 11:00:00";23
"2022-07-06 11:30:00";20
"2022-07-06 12:00:00";19
"2022-07-06 12:30:00";20
"2022-07-06 13:00:00";19
"2022-07-06 13:30:00";19
"2022-07-06 14:00:00";20
"2022-07-06 14:30:00";21
"2022-07-06 15:00:00";21
"2022-07-06 15:30:00";23
"2022-07-06 16:00:00";24
"2022-07-06 16:30:00";23
"2022-07-06 17:00:00";23
"2022-07-06 17:30:00";23
"2022-07-06 18:00:00";24
"2022-07-06 18:30:00";24
"2022-07-06 19:00:00";24
"2022-07-06 19:30:00";23
"2022-07-06 20:00:00";23
"2022-07-06 20:30:00";26
"2022-07-06 21:00:00";27
"2022-07-06 21:30:00";28
"2022-07-06 22:00:00";30
"2022-07-06 22:30:00";27
"2022-07-06 23:00:00";27
"2022-07-06 23:30:00";29
"2022-07-07 00:00:00";30
"2022-07-07 00:30:00";29
"2022-07-07 01:00:00";24
"2022-07-07 01:30:00";25
"2022-07-07 02:00:00";25
"2022-07-07 03:00:00";25
"2022-07-07 03:30:00";23
"2022-07-07 04:00:00";22
"2022-07-07 04:30:00";22
"2022-07-07 05:00:00";23
"2022-07-07 05:30:00";21
"2022-07-07 06:00:00";21
"2022-07-07 06:30:00";21
"2022-07-07 07:00:00";21
"2022-07-07 07:30:00";17
"2022-07-07 08:00:00";20
"2022-07-07 08:30:00";20
"2022-07-07 09:00:00";20
"2022-07-07 09:30:00";19
"2022-07-07 10:00:00";19
"2022-07-07 10:30:00";19
"2022-07-07 11:00:00";16
"2022-07-07 11:30:00";17
"2022-07-07 12:00:00";18
"2022-07-07 12:30:00";18
"2022-07-07 13:00:00";17
"2022-07-07 13:30:00";17
"2022-07-07 14:00:00";16
"2022-07-07 14:30:00";19
"2022-07-07 15:00:00";17
"2022-07-07 15:30:00";20
"2022-07-07 16:00:00";20
"2022-07-07 16:30:00";19
"2022-07-07 17:00:00";20
"2022-07-07 17:30:00";21
"2022-07-07 18:00:00";20
"2022-07-07 18:30:00";19
"2022-07-07 19:00:00";22
"2022-07-07 19:30:00";22
"2022-07-07 20:00:00";25
"2022-07-07 20:30:00";26
"2022-07-07 21:00:00";26
"2022-07-07 21:30:00";26
"2022-07-07 22:00:00";26
"2022-07-07 22:30:00";26
"2022-07-07 23:00:00";25
"2022-07-07 23:30:00";25
"2022-07-08 00:00:00";22
"2022-07-08 00:30:00";23
"2022-07-08 01:00:00";22
"2022-07-08 01:30:00";21
"2022-07-08 02:00:00";20
"2022-07-08 03:00:00";17
"2022-07-08 03:30:00";19
"2022-07-08 04:00:00";17
"2022-07-08 04:30:00";16
"2022-07-08 05:00:00";19
"2022-07-08 05:30:00";15
"2022-07-08 06:00:00";16
"2022-07-08 06:30:00";16
"2022-07-08 07:00:00";16
"2022-07-08 07:30:00";16
"2022-07-08 08:00:00";15
"2022-07-08 08:30:00";15
"2022-07-08 09:00:00";15
"2022-07-08 09:30:00";15
"2022-07-08 10:00:00";16
"2022-07-08 10:30:00";16
"2022-07-08 11:00:00";15
"2022-07-08 11:30:00";13
"2022-07-08 12:00:00";10
"2022-07-08 12:30:00";11
"2022-07-08 13:00:00";12
"2022-07-08 13:30:00";13
"2022-07-08 14:00:00";12
"2022-07-08 14:30:00";12
"2022-07-08 15:00:00";13
"2022-07-08 15:30:00";14
"2022-07-08 16:00:00";15
"2022-07-08 16:30:00";17
"2022-07-08 17:00:00";19
"2022-07-08 17:30:00";22
"2022-07-08 18:00:00";25
"2022-07-08 18:30:00";28
"2022-07-08 19:00:00";29
"2022-07-08 19:30:00";30
"2022-07-08 20:00:00";27
"2022-07-08 20:30:00";29
"2022-07-08 21:00:00";29
"2022-07-08 21:30:00";29
"2022-07-08 22:00:00";27
"2022-07-08 22:30:00";27
"2022-07-08 23:00:00";27
"2022-07-08 23:30:00";26
"2022-07-09 00:00:00";24
"2022-07-09 00:30:00";25
"2022-07-09 01:00:00";24
"2022-07-09 04:00:00";18
"2022-07-09 04:30:00";19
"2022-07-09 05:00:00";17
"2022-07-09 05:30:00";17
"2022-07-09 06:00:00";17
"2022-07-09 06:30:00";17
"2022-07-09 07:00:00";16
"2022-07-09 07:30:00";16
"2022-07-09 08:00:00";16
"2022-07-09 08:30:00";15
"2022-07-09 09:00:00";16
"2022-07-09 09:30:00";15
"2022-07-09 10:00:00";15
"2022-07-09 10:30:00";16
"2022-07-09 11:00:00";15
"2022-07-09 11:30:00";13
"2022-07-09 12:00:00";13
"2022-07-09 12:30:00";13
"2022-07-09 13:00:00";12
"2022-07-09 13:30:00";12
"2022-07-09 14:00:00";13
"2022-07-09 14:30:00";14
"2022-07-09 15:00:00";15
"2022-07-09 15:30:00";17
"2022-07-09 16:00:00";16
"2022-07-09 16:30:00";19
"2022-07-09 17:00:00";22
"2022-07-09 17:30:00";22
"2022-07-09 18:00:00";24
"2022-07-09 18:30:00";24
"2022-07-09 19:00:00";23
"2022-07-09 19:30:00";24
"2022-07-09 20:00:00";23
"2022-07-09 20:30:00";24
"2022-07-09 21:00:00";24
"2022-07-09 21:30:00";25
"2022-07-09 22:00:00";24
"2022-07-09 22:30:00";22
"2022-07-09 23:00:00";22
"2022-07-09 23:30:00";21
"2022-07-10 00:00:00";21
"2022-07-10 00:30:00";19
"2022-07-10 01:00:00";19
"2022-07-10 01:30:00";19
"2022-07-10 02:00:00";19
"2022-07-10 03:00:00";18
"2022-07-10 03:30:00";17
"2022-07-10 04:00:00";16
"2022-07-10 04:30:00";16
"2022-07-10 05:00:00";17
"2022-07-10 05:30:00";15
"2022-07-10 06:00:00";16
"2022-07-10 06:30:00";15
"2022-07-10 07:00:00";15
"2022-07-10 07:30:00";14
"2022-07-10 08:00:00";14
"2022-07-10 08:30:00";13
"2022-07-10 09:00:00";15
"2022-07-10 09:30:00";13
"2022-07-10 10:00:00";14
"2022-07-10 10:30:00";15
"2022-07-10 11:00:00";13
"2022-07-10 11:30:00";12
"2022-07-10 12:00:00";12
"2022-07-10 12:30:00";11
"2022-07-10 13:00:00";12
"2022-07-10 13:30:00";11
"2022-07-10 14:00:00";10
"2022-07-10 14:30:00";12
"2022-07-10 15:00:00";14
"2022-07-10 15:30:00";14
"2022-07-10 16:00:00";16
"2022-07-10 16:30:00";17
"2022-07-10 17:00:00";17
"2022-07-10 17:30:00";20
"2022-07-10 18:00:00";22
"2022-07-10 18:30:00";21
"2022-07-10 19:00:00";21
"2022-07-10 19:30:00";21
"2022-07-10 20:00:00";23
"2022-07-10 20:30:00";23
"2022-07-10 21:00:00";25
"2022-07-10 21:30:00";24
"2022-07-10 22:00:00";25
"2022-07-10 22:30:00";24
"2022-07-10 23:00:00";23
"2022-07-10 23:30:00";23
"2022-07-11 00:00:00";23
"2022-07-11 00:30:00";21
"2022-07-11 01:00:00";20
"2022-07-11 01:30:00";21
"2022-07-11 02:00:00";21
"2022-07-11 03:00:00";19
"2022-07-11 03:30:00";17
"2022-07-11 04:00:00";18
"2022-07-11 04:30:00";16
"2022-07-11 05:00:00";16
"2022-07-11 05:30:00";15
"2022-07-11 06:00:00";16
"2022-07-11 06:30:00";14
"2022-07-11 07:00:00";13
"2022-07-11 07:30:00";14
"2022-07-11 08:00:00";15
"2022-07-11 08:30:00";14
"2022-07-11 09:00:00";13
"2022-07-11 09:30:00";13
"2022-07-11 10:00:00";13
"2022-07-11 10:30:00";14
"2022-07-11 11:00:00";13
"2022-07-11 11:30:00";12
"2022-07-11 12:00:00";10
"2022-07-11 12:30:00";11
"2022-07-11 13:00:00";10
"2022-07-11 13:30:00";11
"2022-07-11 14:00:00";10
"2022-07-11 14:30:00";12
"2022-07-11 15:00:00";12
"2022-07-11 15:30:00";12
"2022-07-11 16:00:00";16
"2022-07-11 16:30:00";18
"2022-07-11 17:00:00";20
"2022-07-11 17:30:00";20
"2022-07-11 18:00:00";21
"2022-07-11 18:30:00";20
"2022-07-11 19:00:00";20
"2022-07-11 19:30:00";20
"2022-07-11 20:00:00";20
"2022-07-11 20:30:00";20
"2022-07-11 21:00:00";21
"2022-07-11 21:30:00";20
"2022-07-11 22:00:00";20
"2022-07-11 22:30:00";20
"2022-07-11 23:00:00";21
"2022-07-11 23:30:00";20
"2022-07-12 00:00:00";22
"2022-07-12 00:30:00";20
"2022-07-12 01:00:00";18
"2022-07-12 01:30:00";19
"2022-07-12 02:00:00";18
"2022-07-12 03:00:00";18
"2022-07-12 03:30:00";17
"2022-07-12 04:00:00";16
"2022-07-12 04:30:00";16
"2022-07-12 05:00:00";16
"2022-07-12 05:30:00";15
"2022-07-12 06:00:00";15
"2022-07-12 06:30:00";16
"2022-07-12 07:00:00";15
"2022-07-12 07:30:00";15
"2022-07-12 08:00:00";15
"2022-07-12 08:30:00";13
"2022-07-12 09:00:00";14
"2022-07-12 09:30:00";15
"2022-07-12 10:00:00";13
"2022-07-12 10:30:00";14
"2022-07-12 11:00:00";13
"2022-07-12 11:30:00";12
"2022-07-12 12:00:00";10
"2022-07-12 12:30:00";10
"2022-07-12 13:00:00";10
"2022-07-12 13:30:00";10
"2022-07-12 14:00:00";11
"2022-07-12 14:30:00";11
"2022-07-12 15:00:00";12
"2022-07-12 15:30:00";12
"2022-07-12 16:00:00";12
"2022-07-12 16:30:00";12
"2022-07-12 17:00:00";14
"2022-07-12 17:30:00";14
"2022-07-12 18:00:00";15
"2022-07-12 18:30:00";16
"2022-07-12 19:00:00";17
"2022-07-12 19:30:00";17
"2022-07-12 20:00:00";17
"2022-07-12 20:30:00";18
"2022-07-12 21:00:00";18
"2022-07-12 21:30:00";19
"2022-07-12 22:00:00";20
"2022-07-12 22:30:00";19
"2022-07-12 23:00:00";20
"2022-07-12 23:30:00";18
"2022-07-13 00:00:00";18
"2022-07-13 00:30:00";18
"2022-07-13 01:00:00";19
"2022-07-13 01:30:00";17
"2022-07-13 02:00:00";17
"2022-07-13 03:00:00";15
"2022-07-13 03:30:00";14
"2022-07-13 04:00:00";14
"2022-07-13 04:30:00";14
"2022-07-13 05:00:00";14
"2022-07-13 05:30:00";14
"2022-07-13 06:00:00";13
"2022-07-13 06:30:00";12
"2022-07-13 07:00:00";13
"2022-07-13 07:30:00";12
"2022-07-13 08:00:00";13
"2022-07-13 08:30:00";13
"2022-07-13 09:00:00";11
"2022-07-13 09:30:00";12
"2022-07-13 10:00:00";13
"2022-07-13 10:30:00";13
"2022-07-13 11:00:00";10
"2022-07-13 11:30:00";11
"2022-07-13 12:00:00";11
"2022-07-13 12:30:00";11
"2022-07-13 13:00:00";10
"2022-07-13 13:30:00";9
"2022-07-13 14:00:00";9
"2022-07-13 14:30:00";8
"2022-07-13 15:00:00";11
"2022-07-13 15:30:00";14
"2022-07-13 16:00:00";15
"2022-07-13 16:30:00";17
"2022-07-13 17:00:00";18
"2022-07-13 17:30:00";21
"2022-07-13 18:00:00";25
"2022-07-13 18:30:00";26
"2022-07-13 19:00:00";27
"2022-07-13 19:30:00";27
"2022-07-13 20:00:00";25
"2022-07-13 20:30:00";27
"2022-07-13 21:00:00";25
"2022-07-13 21:30:00";25
"2022-07-13 22:00:00";24
"2022-07-13 22:30:00";24
"2022-07-13 23:00:00";23
"2022-07-13 23:30:00";23
"2022-07-14 00:00:00";22
"2022-07-14 00:30:00";23
"2022-07-14 01:00:00";22
"2022-07-14 01:30:00";22
"2022-07-14 02:00:00";22
"2022-07-14 03:00:00";18
"2022-07-14 03:30:00";19
"2022-07-14 04:00:00";17
"2022-07-14 04:30:00";17
"2022-07-14 05:00:00";17
"2022-07-14 05:30:00";17
"2022-07-14 06:00:00";15
"2022-07-14 06:30:00";16
"2022-07-14 07:00:00";16
"2022-07-14 07:30:00";17
"2022-07-14 08:00:00";16
"2022-07-14 08:30:00";15
"2022-07-14 09:00:00";15
"2022-07-14 09:30:00";15
"2022-07-14 10:00:00";15
"2022-07-14 10:30:00";14
"2022-07-14 11:00:00";13
"2022-07-14 11:30:00";14
"2022-07-14 12:00:00";13
"2022-07-14 13:00:00";12
"2022-07-14 13:30:00";13
"2022-07-14 14:00:00";13
"2022-07-14 14:30:00";13
"2022-07-14 15:00:00";13
"2022-07-14 15:30:00";14
"2022-07-14 16:00:00";14
"2022-07-14 16:30:00";16
"2022-07-14 17:00:00";17
"2022-07-14 17:30:00";21
"2022-07-14 18:00:00";21
"2022-07-14 18:30:00";23
"2022-07-14 19:00:00";21
"2022-07-14 19:30:00";23
"2022-07-14 20:00:00";20
"2022-07-14 20:30:00";22
"2022-07-14 21:00:00";22
"2022-07-14 21:30:00";22
"2022-07-14 22:00:00";23
"2022-07-14 22:30:00";22
"2022-07-14 23:00:00";21
"2022-07-14 23:30:00";22
"2022-07-15 00:00:00";21
"2022-07-15 00:30:00";21
"2022-07-15 01:00:00";20
"2022-07-15 01:30:00";20
"2022-07-15 02:00:00";20
"2022-07-15 03:00:00";18
"2022-07-15 03:30:00";18
"2022-07-15 04:00:00";17
"2022-07-15 04:30:00";16
"2022-07-15 05:00:00";16
"2022-07-15 05:30:00";16
"2022-07-15 06:00:00";14
"2022-07-15 06:30:00";14
"2022-07-15 07:00:00";14
"2022-07-15 07:30:00";13
"2022-07-15 08:00:00";13
"2022-07-15 08:30:00";11
"2022-07-15 09:00:00";11
"2022-07-15 09:30:00";12
"2022-07-15 10:00:00";10
"2022-07-15 10:30:00";12
"2022-07-15 11:00:00";12
"2022-07-15 11:30:00";10
"2022-07-15 12:00:00";8
"2022-07-15 12:30:00";7
"2022-07-15 13:00:00";10
"2022-07-15 13:30:00";10
"2022-07-15 14:00:00";10
"2022-07-15 14:30:00";12
"2022-07-15 15:00:00";11
"2022-07-15 15:30:00";13
"2022-07-15 16:00:00";16
"2022-07-15 16:30:00";19
"2022-07-15 17:00:00";19
"2022-07-15 17:30:00";23
"2022-07-15 18:00:00";23
"2022-07-15 18:30:00";26
"2022-07-15 19:00:00";29
"2022-07-15 19:30:00";29
"2022-07-15 20:00:00";30
"2022-07-15 20:30:00";29
"2022-07-15 21:00:00";28
"2022-07-15 21:30:00";28
"2022-07-15 22:00:00";26
"2022-07-15 22:30:00";28
"2022-07-15 23:00:00";27
"2022-07-15 23:30:00";25
"2022-07-16 00:00:00";24
"2022-07-16 00:30:00";23
"2022-07-16 01:00:00";23
"2022-07-16 04:00:00";18
"2022-07-16 04:30:00";17
"2022-07-16 05:00:00";16
"2022-07-16 05:30:00";16
"2022-07-16 06:00:00";16
"2022-07-16 06:30:00";14
"2022-07-16 07:00:00";14
"2022-07-16 07:30:00";13
"2022-07-16 08:00:00";14
"2022-07-16 08:30:00";14
"2022-07-16 09:00:00";12
"2022-07-16 09:30:00";13
"2022-07-16 10:00:00";13
"2022-07-16 10:30:00";13
"2022-07-16 11:00:00";14
"2022-07-16 11:30:00";11
"2022-07-16 12:00:00";12
"2022-07-16 12:30:00";9
"2022-07-16 13:00:00";11
"2022-07-16 13:30:00";10
"2022-07-16 14:00:00";12
"2022-07-16 14:30:00";12
"2022-07-16 15:00:00";15
"2022-07-16 15:30:00";15
"2022-07-16 16:00:00";16
"2022-07-16 16:30:00";18
"2022-07-16 17:00:00";21
"2022-07-16 17:30:00";22
"2022-07-16 18:00:00";20
"2022-07-16 18:30:00";24
"2022-07-16 19:00:00";21
"2022-07-16 19:30:00";22
"2022-07-16 20:00:00";22
"2022-07-16 20:30:00";22
"2022-07-16 21:00:00";24
"2022-07-16 21:30:00";23
"2022-07-16 22:00:00";24
"2022-07-16 22:30:00";22
"2022-07-16 23:00:00";23
"2022-07-16 23:30:00";21
"2022-07-17 00:00:00";21
"2022-07-17 00:30:00";20
"2022-07-17 01:00:00";20
"2022-07-17 01:30:00";19
"2022-07-17 02:00:00";20
"2022-07-17 03:00:00";18
"2022-07-17 03:30:00";17
"2022-07-17 04:00:00";18
"2022-07-17 04:30:00";16
"2022-07-17 05:00:00";17
"2022-07-17 05:30:00";16
"2022-07-17 06:00:00";14
"2022-07-17 06:30:00";15
"2022-07-17 07:00:00";15
"2022-07-17 07:30:00";14
"2022-07-17 08:00:00";14
"2022-07-17 08:30:00";14
"2022-07-17 09:00:00";13
"2022-07-17 09:30:00";13
"2022-07-17 10:00:00";13
"2022-07-17 10:30:00";13
"2022-07-17 11:00:00";12
"2022-07-17 11:30:00";12
"2022-07-17 12:00:00";11
"2022-07-17 12:30:00";11
"2022-07-17 13:00:00";11
"2022-07-17 13:30:00";10
"2022-07-17 14:00:00";10
"2022-07-17 14:30:00";9
"2022-07-17 15:00:00";10
"2022-07-17 15:30:00";11
"2022-07-17 16:00:00";11
"2022-07-17 16:30:00";14
"2022-07-17 17:00:00";16
"2022-07-17 17:30:00";18
"2022-07-17 18:00:00";21
"2022-07-17 18:30:00";21
"2022-07-17 19:00:00";22
"2022-07-17 19:30:00";21
"2022-07-17 20:00:00";24
"2022-07-17 20:30:00";23
"2022-07-17 21:00:00";24
"2022-07-17 21:30:00";25
"2022-07-17 22:00:00";23
"2022-07-17 22:30:00";23
"2022-07-17 23:00:00";22
"2022-07-17 23:30:00";22
"2022-07-18 00:00:00";20
"2022-07-18 00:30:00";21
"2022-07-18 01:00:00";20
"2022-07-18 01:30:00";19
"2022-07-18 02:00:00";20
"2022-07-18 03:00:00";17
"2022-07-18 03:30:00";16
"2022-07-18 04:00:00";16
"2022-07-18 04:30:00";17
"2022-07-18 05:00:00";16
"2022-07-18 05:30:00";15
"2022-07-18 06:00:00";14
"2022-07-18 06:30:00";14
"2022-07-18 07:00:00";13
"2022-07-18 07:30:00";14
"2022-07-18 08:00:00";14
"2022-07-18 08:30:00";12
"2022-07-18 09:00:00";13
"2022-07-18 09:30:00";13
"2022-07-18 10:00:00";13
"2022-07-18 10:30:00";13
"2022-07-18 11:00:00";12
"2022-07-18 11:30:00";11
"2022-07-18 12:00:00";10
"2022-07-18 12:30:00";10
"2022-07-18 13:00:00";8
"2022-07-18 13:30:00";9
"2022-07-18 14:00:00";10
"2022-07-18 14:30:00";13
"2022-07-18 15:00:00";14
"2022-07-18 15:30:00";15
"2022-07-18 16:00:00";16
"2022-07-18 16:30:00";20
"2022-07-18 17:00:00";21
"2022-07-18 17:30:00";25
"2022-07-18 18:00:00";26
"2022-07-18 18:30:00";26
"2022-07-18 19:00:00";25
"2022-07-18 19:30:00";25
"2022-07-18 20:00:00";28
"2022-07-18 20:30:00";24
"2022-07-18 21:00:00";26
"2022-07-18 21:30:00";25
"2022-07-18 22:00:00";25
"2022-07-18 22:30:00";24
"2022-07-18 23:00:00";24
"2022-07-18 23:30:00";23
"2022-07-19 00:00:00";24
"2022-07-19 00:30:00";22
"2022-07-19 01:00:00";23
"2022-07-19 01:30:00";22
"2022-07-19 02:00:00";19
"2022-07-19 03:00:00";19
"2022-07-19 03:30:00";18
"2022-07-19 04:00:00";18
"2022-07-19 04:30:00";16
"2022-07-19 05:00:00";17
"2022-07-19 05:30:00";16
"2022-07-19 06:00:00";16
"2022-07-19 06:30:00";15
"2022-07-19 07:00:00";15
"2022-07-19 07:30:00";15
"2022-07-19 08:00:00";14
"2022-07-19 08:30:00";14
"2022-07-19 09:00:00";14
"2022-07-19 09:30:00";14
"2022-07-19 10:00:00";13
"2022-07-19 10:30:00";12
"2022-07-19 11:00:00";10
"2022-07-19 11:30:00";12
"2022-07-19 12:00:00";10
"2022-07-19 12:30:00";9
"2022-07-19 13:00:00";9
"2022-07-19 13:30:00";9
"2022-07-19 14:00:00";10
"2022-07-19 14:30:00";12
"2022-07-19 15:00:00";13
"2022-07-19 15:30:00";13
"2022-07-19 16:00:00";15
"2022-07-19 16:30:00";18
"2022-07-19 17:00:00";21
"2022-07-19 17:30:00";25
"2022-07-19 18:00:00";26
"2022-07-19 18:30:00";28
"2022-07-19 19:00:00";29
"2022-07-19 19:30:00";28
"2022-07-19 20:00:00";29
"2022-07-19 20:30:00";28
"2022-07-19 21:00:00";26
"2022-07-19 21:30:00";25
"2022-07-19 22:00:00";26
"2022-07-19 22:30:00";25
"2022-07-19 23:00:00";25
"2022-07-19 23:30:00";23
"2022-07-20 00:00:00";24
"2022-07-20 00:30:00";23
"2022-07-20 01:00:00";23
"2022-07-20 01:30:00";23
"2022-07-20 02:00:00";20
"2022-07-20 03:00:00";20
"2022-07-20 03:30:00";19
"2022-07-20 04:00:00";19
"2022-07-20 04:30:00";18
"2022-07-20 05:00:00";18
"2022-07-20 05:30:00";17
"2022-07-20 06:00:00";17
"2022-07-20 06:30:00";16
"2022-07-20 07:00:00";16
"2022-07-20 07:30:00";14
"2022-07-20 08:00:00";16
"2022-07-20 08:30:00";14
"2022-07-20 09:00:00";15
"2022-07-20 09:30:00";15
"2022-07-20 10:00:00";15
"2022-07-20 10:30:00";16
"2022-07-20 11:00:00";15
"2022-07-20 11:30:00";14
"2022-07-20 12:00:00";11
"2022-07-20 12:30:00";13
"2022-07-20 13:00:00";12
"2022-07-20 13:30:00";12
"2022-07-20 14:00:00";14
"2022-07-20 14:30:00";14
"2022-07-20 15:00:00";15
"2022-07-20 15:30:00";17
"2022-07-20 16:00:00";18
"2022-07-20 16:30:00";17
"2022-07-20 17:00:00";19
"2022-07-20 17:30:00";20
"2022-07-20 18:00:00";23
"2022-07-20 18:30:00";24
"2022-07-20 19:00:00";25
"2022-07-20 19:30:00";23
"2022-07-20 20:00:00";24
"2022-07-20 20:30:00";23
"2022-07-20 21:00:00";23
"2022-07-20 21:30:00";24
"2022-07-20 22:00:00";23
"2022-07-20 22:30:00";22
"2022-07-20 23:00:00";24
"2022-07-20 23:30:00";23
"2022-07-21 00:00:00";20
"2022-07-21 00:30:00";21
"2022-07-21 01:00:00";20
"2022-07-21 01:30:00";19
"2022-07-21 02:00:00";20
"2022-07-21 03:00:00";19
"2022-07-21 03:30:00";18
"2022-07-21 04:00:00";18
"2022-07-21 04:30:00";17
"2022-07-21 05:00:00";16
"2022-07-21 05:30:00";15
"2022-07-21 06:00:00";15
"2022-07-21 06:30:00";14
"2022-07-21 07:00:00";14
"2022-07-21 07:30:00";15
"2022-07-21 08:00:00";14
"2022-07-21 08:30:00";14
"2022-07-21 09:00:00";14
"2022-07-21 09:30:00";15
"2022-07-21 10:00:00";13
"2022-07-21 10:30:00";13
"2022-07-21 11:00:00";13
"2022-07-21 11:30:00";10
"2022-07-21 12:00:00";9
"2022-07-21 12:30:00";10
"2022-07-21 13:00:00";11
"2022-07-21 13:30:00";10
"2022-07-21 14:00:00";9
"2022-07-21 14:30:00";11
"2022-07-21 15:00:00";10
"2022-07-21 15:30:00";11
"2022-07-21 16:00:00";15
"2022-07-21 16:30:00";16
"2022-07-21 17:00:00";16
"2022-07-21 17:30:00";19
"2022-07-21 18:00:00";19
"2022-07-21 18:30:00";20
"2022-07-21 19:00:00";21
"2022-07-21 19:30:00";22
"2022-07-21 20:00:00";21
"2022-07-21 20:30:00";20
"2022-07-21 21:00:00";20
"2022-07-21 21:30:00";19
"2022-07-21 22:00:00";19
"2022-07-21 22:30:00";19
"2022-07-21 23:00:00";19
"2022-07-21 23:30:00";19
"2022-07-22 00:00:00";18
"2022-07-22 00:30:00";19
"2022-07-22 01:00:00";19
"2022-07-22 01:30:00";17
"2022-07-22 02:00:00";18
"2022-07-22 03:00:00";16
"2022-07-22 03:30:00";15
"2022-07-22 04:00:00";15
"2022-07-22 04:30:00";14
"2022-07-22 05:00:00";14
"2022-07-22 05:30:00";14
"2022-07-22 06:00:00";13
"2022-07-22 06:30:00";13
"2022-07-22 07:00:00";12
"2022-07-22 07:30:00";11
"2022-07-22 08:00:00";12
"2022-07-22 08:30:00";12
"2022-07-22 09:00:00";12
"2022-07-22 09:30:00";11
"2022-07-22 10:00:00";12
"2022-07-22 10:30:00";11
"2022-07-22 11:00:00";12
"2022-07-22 11:30:00";8
"2022-07-22 12:00:00";8
"2022-07-22 12:30:00";8
"2022-07-22 13:00:00";9
"2022-07-22 13:30:00";8
"2022-07-22 14:00:00";7
"2022-07-22 14:30:00";9
"2022-07-22 15:00:00";10
"2022-07-22 15:30:00";13
"2022-07-22 16:00:00";14
"2022-07-22 16:30:00";16
"2022-07-22 17:00:00";17
"2022-07-22 17:30:00";17
"2022-07-22 18:00:00";18
"2022-07-22 18:30:00";17
"2022-07-22 19:00:00";16
"2022-07-22 19:30:00";17
"2022-07-22 20:00:00";18
"2022-07-22 20:30:00";18
"2022-07-22 21:00:00";19
"2022-07-22 21:30:00";18
"2022-07-22 22:00:00";18
"2022-07-22 22:30:00";17
"2022-07-22 23:00:00";18
"2022-07-22 23:30:00";17
"2022-07-23 00:00:00";16
"2022-07-23 00:30:00";16
"2022-07-23 01:00:00";16
"2022-07-23 04:00:00";16
"2022-07-23 04:30:00";17
"2022-07-23 05:00:00";16
"2022-07-23 05:30:00";14
"2022-07-23 06:00:00";9
"2022-07-23 06:30:00";19
"2022-07-23 07:00:00";21
"2022-07-23 07:30:00";19
"2022-07-23 08:00:00";18
"2022-07-23 08:30:00";17
"2022-07-23 09:00:00";15
"2022-07-23 09:30:00";14
"2022-07-23 10:00:00";14
"2022-07-23 10:30:00";16
"2022-07-23 11:00:00";13
"2022-07-23 11:30:00";13
"2022-07-23 12:00:00";12
"2022-07-23 12:30:00";11
"2022-07-23 13:00:00";11
"2022-07-23 13:30:00";10
"2022-07-23 14:00:00";11
"2022-07-23 14:30:00";11
"2022-07-23 15:00:00";11
"2022-07-23 15:30:00";12
"2022-07-23 16:00:00";11
"2022-07-23 16:30:00";15
"2022-07-23 17:00:00";16
"2022-07-23 17:30:00";17
"2022-07-23 18:00:00";19
"2022-07-23 18:30:00";19
"2022-07-23 19:00:00";18
"2022-07-23 19:30:00";19
"2022-07-23 20:00:00";17
"2022-07-23 20:30:00";16
"2022-07-23 21:00:00";17
"2022-07-23 21:30:00";16
"2022-07-23 22:00:00";16
"2022-07-23 22:30:00";16
"2022-07-23 23:00:00";17
"2022-07-23 23:30:00";17
"2022-07-24 00:00:00";17
"2022-07-24 00:30:00";15
"2022-07-24 01:00:00";16
"2022-07-24 01:30:00";15
"2022-07-24 02:00:00";14
"2022-07-24 03:00:00";12
"2022-07-24 03:30:00";13
"2022-07-24 04:00:00";11
"2022-07-24 04:30:00";11
"2022-07-24 05:00:00";12
"2022-07-24 05:30:00";11
"2022-07-24 06:00:00";10
"2022-07-24 06:30:00";10
"2022-07-24 07:00:00";11
"2022-07-24 07:30:00";10
"2022-07-24 08:00:00";10
"2022-07-24 08:30:00";10
"2022-07-24 09:00:00";10
"2022-07-24 09:30:00";9
"2022-07-24 10:00:00";10
"2022-07-24 10:30:00";10
"2022-07-24 11:00:00";9
"2022-07-24 11:30:00";10
"2022-07-24 12:00:00";8
"2022-07-24 12:30:00";7
"2022-07-24 13:00:00";7
"2022-07-24 13:30:00";7
"2022-07-24 14:00:00";7
"2022-07-24 14:30:00";8
"2022-07-24 15:00:00";11
"2022-07-24 15:30:00";12
"2022-07-24 16:00:00";13
"2022-07-24 16:30:00";16
"2022-07-24 17:00:00";17
"2022-07-24 17:30:00";18
"2022-07-24 18:00:00";18
"2022-07-24 18:30:00";20
"2022-07-24 19:00:00";21
"2022-07-24 19:30:00";20
"2022-07-24 20:00:00";20
"2022-07-24 20:30:00";21
"2022-07-24 21:00:00";22
"2022-07-24 21:30:00";23
"2022-07-24 22:00:00";22
"2022-07-24 22:30:00";23
"2022-07-24 23:00:00";22
"2022-07-24 23:30:00";21
"2022-07-25 00:00:00";21
"2022-07-25 00:30:00";21
"2022-07-25 01:00:00";20
"2022-07-25 01:30:00";19
"2022-07-25 02:00:00";19
"2022-07-25 03:00:00";16
"2022-07-25 03:30:00";17
"2022-07-25 04:00:00";16
"2022-07-25 04:30:00";16
"2022-07-25 05:00:00";14
"2022-07-25 05:30:00";14
"2022-07-25 06:00:00";14
"2022-07-25 06:30:00";14
"2022-07-25 07:00:00";13
"2022-07-25 07:30:00";13
"2022-07-25 08:00:00";13
"2022-07-25 08:30:00";12
"2022-07-25 09:00:00";13
"2022-07-25 09:30:00";12
"2022-07-25 10:00:00";11
"2022-07-25 10:30:00";12
"2022-07-25 11:00:00";12
"2022-07-25 11:30:00";10
"2022-07-25 12:00:00";10
"2022-07-25 12:30:00";10
"2022-07-25 13:00:00";10
"2022-07-25 13:30:00";10
"2022-07-25 14:00:00";11
"2022-07-25 14:30:00";14
"2022-07-25 15:00:00";15
"2022-07-25 15:30:00";14
"2022-07-25 16:00:00";18
"2022-07-25 16:30:00";17
"2022-07-25 17:00:00";17
"2022-07-25 17:30:00";19
"2022-07-25 18:00:00";22
"2022-07-25 18:30:00";23
"2022-07-25 19:00:00";22
"2022-07-25 19:30:00";25
"2022-07-25 20:00:00";24
"2022-07-25 20:30:00";25
"2022-07-25 21:00:00";25
"2022-07-25 21:30:00";26
"2022-07-25 22:00:00";27
"2022-07-25 22:30:00";25
"2022-07-25 23:00:00";31
"2022-07-25 23:30:00";30
"2022-07-26 00:00:00";29
"2022-07-26 00:30:00";26
"2022-07-26 01:00:00";26
"2022-07-26 01:30:00";24
"2022-07-26 02:00:00";23
"2022-07-26 03:00:00";21
"2022-07-26 03:30:00";20
"2022-07-26 04:00:00";20
"2022-07-26 04:30:00";17
"2022-07-26 05:00:00";16
"2022-07-26 05:30:00";17
"2022-07-26 06:00:00";14
"2022-07-26 06:30:00";15
"2022-07-26 07:00:00";12
"2022-07-26 07:30:00";14
"2022-07-26 08:00:00";12
"2022-07-26 08:30:00";12
"2022-07-26 09:00:00";12
"2022-07-26 09:30:00";12
"2022-07-26 10:00:00";12
"2022-07-26 10:30:00";12
"2022-07-26 11:00:00";12
"2022-07-26 11:30:00";9
"2022-07-26 12:00:00";8
"2022-07-26 12:30:00";7
"2022-07-26 13:00:00";7
"2022-07-26 13:30:00";8
"2022-07-26 14:00:00";8
"2022-07-26 14:30:00";10
"2022-07-26 15:00:00";11
"2022-07-26 15:30:00";12
"2022-07-26 16:00:00";10
"2022-07-26 16:30:00";13
"2022-07-26 17:00:00";13
"2022-07-26 17:30:00";16
"2022-07-26 18:00:00";13
"2022-07-26 18:30:00";16
"2022-07-26 19:00:00";18
"2022-07-26 19:30:00";18
"2022-07-26 20:00:00";21
"2022-07-26 20:30:00";21
"2022-07-26 21:00:00";20
"2022-07-26 21:30:00";20
"2022-07-26 22:00:00";24
"2022-07-26 22:30:00";25
"2022-07-26 23:00:00";24
"2022-07-26 23:30:00";22
"2022-07-27 00:00:00";20
"2022-07-27 00:30:00";20
"2022-07-27 01:00:00";18
"2022-07-27 01:30:00";18
"2022-07-27 02:00:00";17
"2022-07-27 03:00:00";16
"2022-07-27 03:30:00";15
"2022-07-27 04:00:00";13
"2022-07-27 04:30:00";13
"2022-07-27 05:00:00";13
"2022-07-27 05:30:00";12
"2022-07-27 06:00:00";12
"2022-07-27 06:30:00";12
"2022-07-27 07:00:00";12
"2022-07-27 07:30:00";10
"2022-07-27 08:00:00";11
"2022-07-27 08:30:00";10
"2022-07-27 09:00:00";10
"2022-07-27 09:30:00";9
"2022-07-27 10:00:00";10
"2022-07-27 10:30:00";10
"2022-07-27 11:00:00";10
"2022-07-27 11:30:00";9
"2022-07-27 12:00:00";8
"2022-07-27 12:30:00";7
"2022-07-27 13:00:00";8
"2022-07-27 13:30:00";6
"2022-07-27 14:00:00";7
"2022-07-27 14:30:00";8
"2022-07-27 15:00:00";9
"2022-07-27 15:30:00";10
"2022-07-27 16:00:00";11
"2022-07-27 16:30:00";13
"2022-07-27 17:00:00";12
"2022-07-27 17:30:00";14
"2022-07-27 18:00:00";15
"2022-07-27 18:30:00";16
"2022-07-27 19:00:00";15
"2022-07-27 19:30:00";16
"2022-07-27 20:00:00";18
"2022-07-27 20:30:00";17
"2022-07-27 21:00:00";17
"2022-07-27 21:30:00";16
"2022-07-27 22:00:00";17
"2022-07-27 22:30:00";16
"2022-07-27 23:00:00";16
"2022-07-27 23:30:00";16
"2022-07-28 00:00:00";16
"2022-07-28 00:30:00";16
"2022-07-28 01:00:00";15
"2022-07-28 01:30:00";13
"2022-07-28 02:00:00";14
"2022-07-28 03:00:00";11
"2022-07-28 03:30:00";12
"2022-07-28 04:00:00";12
"2022-07-28 04:30:00";11
"2022-07-28 05:00:00";10
"2022-07-28 05:30:00";10
"2022-07-28 06:00:00";10
"2022-07-28 06:30:00";10
"2022-07-28 07:00:00";10
"2022-07-28 07:30:00";10
"2022-07-28 08:00:00";9
"2022-07-28 08:30:00";10
"2022-07-28 09:00:00";8
"2022-07-28 09:30:00";9
"2022-07-28 10:00:00";9
"2022-07-28 10:30:00";9
"2022-07-28 11:00:00";8
"2022-07-28 11:30:00";8
"2022-07-28 12:00:00";6
"2022-07-28 12:30:00";6
"2022-07-28 13:00:00";9
"2022-07-28 13:30:00";6
"2022-07-28 14:00:00";5
"2022-07-28 14:30:00";5
"2022-07-28 15:00:00";7
"2022-07-28 15:30:00";5
"2022-07-28 16:00:00";6
"2022-07-28 16:30:00";6
"2022-07-28 17:00:00";7
"2022-07-28 17:30:00";8
"2022-07-28 18:00:00";10
"2022-07-28 18:30:00";10
"2022-07-28 19:00:00";11
"2022-07-28 19:30:00";14
"2022-07-28 20:00:00";15
"2022-07-28 20:30:00";14
"2022-07-28 21:00:00";15
"2022-07-28 21:30:00";15
"2022-07-28 22:00:00";14
"2022-07-28 22:30:00";9
"2022-07-28 23:00:00";23
"2022-07-28 23:30:00";24
"2022-07-29 00:00:00";24
"2022-07-29 00:30:00";21
"2022-07-29 01:00:00";21
"2022-07-29 01:30:00";19
"2022-07-29 02:00:00";17
"2022-07-29 03:00:00";14
"2022-07-29 03:30:00";13
"2022-07-29 04:00:00";13
"2022-07-29 04:30:00";13
"2022-07-29 05:00:00";12
"2022-07-29 05:30:00";10
"2022-07-29 06:00:00";11
"2022-07-29 06:30:00";10
"2022-07-29 07:00:00";9
"2022-07-29 07:30:00";10
"2022-07-29 08:00:00";10
"2022-07-29 08:30:00";10
"2022-07-29 09:00:00";9
"2022-07-29 09:30:00";8
"2022-07-29 10:00:00";9
"2022-07-29 10:30:00";10
"2022-07-29 11:00:00";9
"2022-07-29 11:30:00";8
"2022-07-29 12:00:00";7
"2022-07-29 12:30:00";7
"2022-07-29 13:00:00";7
"2022-07-29 13:30:00";6
"2022-07-29 14:00:00";8
"2022-07-29 14:30:00";7
"2022-07-29 15:00:00";9
"2022-07-29 15:30:00";9
"2022-07-29 16:00:00";10
"2022-07-29 16:30:00";9
"2022-07-29 17:00:00";11
"2022-07-29 17:30:00";10
"2022-07-29 18:00:00";11
"2022-07-29 18:30:00";11
"2022-07-29 19:00:00";14
"2022-07-29 19:30:00";22
"2022-07-29 20:00:00";21
"2022-07-29 20:30:00";26
"2022-07-29 21:00:00";26
"2022-07-29 21:30:00";24
"2022-07-29 22:00:00";25
"2022-07-29 22:30:00";22
"2022-07-29 23:00:00";21
"2022-07-29 23:30:00";18
"2022-07-30 00:00:00";18
"2022-07-30 00:30:00";17
"2022-07-30 01:00:00";16
"2022-07-30 04:00:00";11
"2022-07-30 04:30:00";10
"2022-07-30 05:00:00";9
"2022-07-30 05:30:00";9
"2022-07-30 06:00:00";9
"2022-07-30 06:30:00";8
"2022-07-30 07:00:00";8
"2022-07-30 07:30:00";7
"2022-07-30 08:00:00";6
"2022-07-30 08:30:00";6
"2022-07-30 09:00:00";7
"2022-07-30 09:30:00";6
"2022-07-30 10:00:00";5
"2022-07-30 10:30:00";7
"2022-07-30 11:00:00";6
"2022-07-30 11:30:00";6
"2022-07-30 12:00:00";4
"2022-07-30 12:30:00";3
"2022-07-30 13:00:00";2
"2022-07-30 13:30:00";3
"2022-07-30 14:00:00";3
"2022-07-30 14:30:00";3
"2022-07-30 15:00:00";3
"2022-07-30 15:30:00";6
"2022-07-30 16:00:00";5
"2022-07-30 16:30:00";7
"2022-07-30 17:00:00";7
"2022-07-30 17:30:00";10
"2022-07-30 18:00:00";12
"2022-07-30 18:30:00";12
"2022-07-30 19:00:00";11
"2022-07-30 19:30:00";12
"2022-07-30 20:00:00";13
"2022-07-30 20:30:00";14
"2022-07-30 21:00:00";14
"2022-07-30 21:30:00";15
"2022-07-30 22:00:00";15
"2022-07-30 22:30:00";15
"2022-07-30 23:00:00";15
"2022-07-30 23:30:00";15
"2022-07-31 00:00:00";12
"2022-07-31 00:30:00";13
"2022-07-31 01:00:00";11
"2022-07-31 01:30:00";11
"2022-07-31 02:00:00";10
"2022-07-31 02:30:00";10
"2022-07-31 03:00:00";8
"2022-07-31 03:30:00";6
"2022-07-31 04:00:00";6
"2022-07-31 04:30:00";7
"2022-07-31 05:00:00";7
"2022-07-31 05:30:00";6
"2022-07-31 06:00:00";5
"2022-07-31 06:30:00";4
"2022-07-31 07:00:00";5
"2022-07-31 07:30:00";4
"2022-07-31 08:00:00";4
"2022-07-31 08:30:00";4
"2022-07-31 09:00:00";2
"2022-07-31 09:30:00";4
"2022-07-31 10:00:00";4
"2022-07-31 10:30:00";5
"2022-07-31 11:00:00";5
"2022-07-31 11:30:00";4
"2022-07-31 12:00:00";-1
"2022-07-31 12:30:00";1
"2022-07-31 13:00:00";0
"2022-07-31 13:30:00";0
"2022-07-31 14:00:00";1
"2022-07-31 14:30:00";2
"2022-07-31 15:00:00";2
"2022-07-31 15:30:00";4
"2022-07-31 16:00:00";4
"2022-07-31 16:30:00";6
"2022-07-31 17:00:00";10
"2022-07-31 17:30:00";13
"2022-07-31 18:00:00";18
"2022-07-31 18:30:00";21
"2022-07-31 19:00:00";21
"2022-07-31 19:30:00";21
"2022-07-31 20:00:00";22
"2022-07-31 20:30:00";21
"2022-07-31 21:00:00";20
"2022-07-31 21:30:00";21
"2022-07-31 22:00:00";21
"2022-07-31 22:30:00";19
"2022-07-31 23:00:00";18
"2022-07-31 23:30:00";19
"2022-08-01 00:00:00";17
"2022-08-01 00:30:00";16
"2022-08-01 01:00:00";15
"2022-08-01 01:30:00";14
"2022-08-01 02:00:00";14
"2022-08-01 03:00:00";11
"2022-08-01 03:30:00";11
"2022-08-01 04:00:00";11
"2022-08-01 04:30:00";11
"2022-08-01 05:00:00";10
"2022-08-01 05:30:00";9
"2022-08-01 06:00:00";10
"2022-08-01 06:30:00";9
"2022-08-01 07:00:00";7
"2022-08-01 07:30:00";8
"2022-08-01 08:00:00";8
"2022-08-01 08:30:00";7
"2022-08-01 09:00:00";7
"2022-08-01 09:30:00";7
"2022-08-01 10:00:00";7
"2022-08-01 10:30:00";8
"2022-08-01 11:00:00";8
"2022-08-01 11:30:00";5
"2022-08-01 12:00:00";5
"2022-08-01 12:30:00";5
"2022-08-01 13:00:00";4
"2022-08-01 13:30:00";4
"2022-08-01 14:00:00";4
"2022-08-01 14:30:00";5
"2022-08-01 15:00:00";5
"2022-08-01 15:30:00";7
"2022-08-01 16:00:00";10
"2022-08-01 16:30:00";14
"2022-08-01 17:00:00";17
"2022-08-01 17:30:00";17
"2022-08-01 18:00:00";19
"2022-08-01 18:30:00";18
"2022-08-01 19:00:00";17
"2022-08-01 19:30:00";18
"2022-08-01 20:00:00";17
"2022-08-01 20:30:00";17
"2022-08-01 21:00:00";19
"2022-08-01 21:30:00";17
"2022-08-01 22:00:00";16
"2022-08-01 22:30:00";16
"2022-08-01 23:00:00";15
"2022-08-01 23:30:00";15
"2022-08-02 00:00:00";15
"2022-08-02 00:30:00";14
"2022-08-02 01:00:00";13
"2022-08-02 01:30:00";13
"2022-08-02 02:00:00";13
"2022-08-02 03:00:00";12
"2022-08-02 03:30:00";11
"2022-08-02 04:00:00";10
"2022-08-02 04:30:00";11
"2022-08-02 05:00:00";9
"2022-08-02 05:30:00";9
"2022-08-02 06:00:00";8
"2022-08-02 06:30:00";8
"2022-08-02 07:00:00";7
"2022-08-02 07:30:00";6
"2022-08-02 08:00:00";6
"2022-08-02 08:30:00";6
"2022-08-02 09:00:00";6
"2022-08-02 09:30:00";7
"2022-08-02 10:00:00";6
"2022-08-02 10:30:00";7
"2022-08-02 11:00:00";6
"2022-08-02 11:30:00";5
"2022-08-02 12:00:00";5
"2022-08-02 12:30:00";4
"2022-08-02 13:00:00";1
"2022-08-02 13:30:00";2
"2022-08-02 14:00:00";3
"2022-08-02 14:30:00";3
"2022-08-02 15:00:00";3
"2022-08-02 15:30:00";2
"2022-08-02 16:00:00";5
"2022-08-02 16:30:00";5
"2022-08-02 17:00:00";7
"2022-08-02 17:30:00";9
"2022-08-02 18:00:00";14
"2022-08-02 18:30:00";15
"2022-08-02 19:00:00";17
"2022-08-02 19:30:00";17
"2022-08-02 20:00:00";17
"2022-08-02 20:30:00";18
"2022-08-02 21:00:00";18
"2022-08-02 21:30:00";18
"2022-08-02 22:00:00";19
"2022-08-02 22:30:00";18
"2022-08-02 23:00:00";17
"2022-08-02 23:30:00";18
"2022-08-03 00:00:00";16
"2022-08-03 00:30:00";16
"2022-08-03 01:00:00";13
"2022-08-03 01:30:00";13
"2022-08-03 02:00:00";13
"2022-08-03 03:00:00";12
"2022-08-03 03:30:00";11
"2022-08-03 04:00:00";10
"2022-08-03 04:30:00";9
"2022-08-03 05:00:00";9
"2022-08-03 05:30:00";9
"2022-08-03 06:00:00";8
"2022-08-03 06:30:00";8
"2022-08-03 07:00:00";8
"2022-08-03 07:30:00";8
"2022-08-03 08:00:00";8
"2022-08-03 08:30:00";7
"2022-08-03 09:00:00";8
"2022-08-03 09:30:00";8
"2022-08-03 10:00:00";9
"2022-08-03 10:30:00";8
"2022-08-03 11:00:00";7
"2022-08-03 11:30:00";4
"2022-08-03 12:00:00";5
"2022-08-03 12:30:00";4
"2022-08-03 13:00:00";4
"2022-08-03 13:30:00";4
"2022-08-03 14:00:00";4
"2022-08-03 14:30:00";4
"2022-08-03 15:00:00";6
"2022-08-03 15:30:00";7
"2022-08-03 16:00:00";9
"2022-08-03 16:30:00";12
"2022-08-03 17:00:00";15
"2022-08-03 17:30:00";17
"2022-08-03 18:00:00";18
"2022-08-03 18:30:00";19
"2022-08-03 19:00:00";21
"2022-08-03 19:30:00";21
"2022-08-03 20:00:00";20
"2022-08-03 20:30:00";19
"2022-08-03 21:00:00";19
"2022-08-03 21:30:00";20
"2022-08-03 22:00:00";19
"2022-08-03 22:30:00";20
"2022-08-03 23:00:00";18
"2022-08-03 23:30:00";18
"2022-08-04 00:00:00";17
"2022-08-04 00:30:00";17
"2022-08-04 01:00:00";14
"2022-08-04 01:30:00";14
"2022-08-04 02:00:00";15
"2022-08-04 03:00:00";13
"2022-08-04 03:30:00";12
"2022-08-04 04:00:00";11
"2022-08-04 04:30:00";11
"2022-08-04 05:00:00";11
"2022-08-04 05:30:00";11
"2022-08-04 06:00:00";11
"2022-08-04 06:30:00";10
"2022-08-04 07:00:00";10
"2022-08-04 07:30:00";10
"2022-08-04 08:00:00";9
"2022-08-04 08:30:00";8
"2022-08-04 09:00:00";9
"2022-08-04 09:30:00";9
"2022-08-04 10:00:00";9
"2022-08-04 10:30:00";9
"2022-08-04 11:00:00";9
"2022-08-04 11:30:00";6
"2022-08-04 12:00:00";6
"2022-08-04 12:30:00";6
"2022-08-04 13:00:00";5
"2022-08-04 13:30:00";6
"2022-08-04 14:00:00";7
"2022-08-04 14:30:00";6
"2022-08-04 15:00:00";9
"2022-08-04 15:30:00";12
"2022-08-04 16:00:00";14
"2022-08-04 16:30:00";14
"2022-08-04 17:00:00";14
"2022-08-04 17:30:00";15
"2022-08-04 18:00:00";13
"2022-08-04 18:30:00";16
"2022-08-04 19:00:00";16
"2022-08-04 19:30:00";14
"2022-08-04 20:00:00";14
"2022-08-04 20:30:00";16
"2022-08-04 21:00:00";15
"2022-08-04 21:30:00";15
"2022-08-04 22:00:00";15
"2022-08-04 22:30:00";15
"2022-08-04 23:00:00";16
"2022-08-04 23:30:00";16
"2022-08-05 00:00:00";15
"2022-08-05 00:30:00";15
"2022-08-05 01:00:00";14
"2022-08-05 01:30:00";12
"2022-08-05 02:00:00";13
"2022-08-05 03:00:00";11
"2022-08-05 03:30:00";8
"2022-08-05 04:00:00";10
"2022-08-05 04:30:00";10
"2022-08-05 05:00:00";10
"2022-08-05 05:30:00";9
"2022-08-05 06:00:00";11
"2022-08-05 06:30:00";10
"2022-08-05 07:00:00";9
"2022-08-05 07:30:00";9
"2022-08-05 08:00:00";10
"2022-08-05 08:30:00";9
"2022-08-05 09:00:00";9
"2022-08-05 09:30:00";10
"2022-08-05 10:00:00";9
"2022-08-05 10:30:00";9
"2022-08-05 11:00:00";9
"2022-08-05 11:30:00";6
"2022-08-05 12:00:00";6
"2022-08-05 12:30:00";6
"2022-08-05 13:00:00";7
"2022-08-05 13:30:00";7
"2022-08-05 14:00:00";6
"2022-08-05 14:30:00";9
"2022-08-05 15:00:00";6
"2022-08-05 15:30:00";5
"2022-08-05 16:00:00";11
"2022-08-05 16:30:00";12
"2022-08-05 17:00:00";12
"2022-08-05 17:30:00";14
"2022-08-05 18:00:00";15
"2022-08-05 18:30:00";29
"2022-08-05 19:00:00";32
"2022-08-05 19:30:00";32
"2022-08-05 20:00:00";28
"2022-08-05 20:30:00";25
"2022-08-05 21:00:00";24
"2022-08-05 21:30:00";22
"2022-08-05 22:00:00";21
"2022-08-05 22:30:00";21
"2022-08-05 23:00:00";20
"2022-08-05 23:30:00";19
"2022-08-06 00:00:00";17
"2022-08-06 00:30:00";17
"2022-08-06 01:00:00";16
"2022-08-06 04:00:00";11
"2022-08-06 04:30:00";11
"2022-08-06 05:00:00";11
"2022-08-06 05:30:00";10
"2022-08-06 06:00:00";10
"2022-08-06 06:30:00";11
"2022-08-06 07:00:00";11
"2022-08-06 07:30:00";12
"2022-08-06 08:00:00";11
"2022-08-06 08:30:00";10
"2022-08-06 09:00:00";10
"2022-08-06 09:30:00";9
"2022-08-06 10:00:00";9
"2022-08-06 10:30:00";10
"2022-08-06 11:00:00";10
"2022-08-06 11:30:00";8
"2022-08-06 12:00:00";6
"2022-08-06 12:30:00";8
"2022-08-06 13:00:00";7
"2022-08-06 13:30:00";7
"2022-08-06 14:00:00";7
"2022-08-06 14:30:00";7
"2022-08-06 15:00:00";8
"2022-08-06 15:30:00";9
"2022-08-06 16:00:00";8
"2022-08-06 16:30:00";12
"2022-08-06 17:00:00";13
"2022-08-06 17:30:00";14
"2022-08-06 18:00:00";14
"2022-08-06 18:30:00";15
"2022-08-06 19:00:00";17
"2022-08-06 19:30:00";18
"2022-08-06 20:00:00";21
"2022-08-06 20:30:00";19
"2022-08-06 21:00:00";18
"2022-08-06 21:30:00";18
"2022-08-06 22:00:00";18
"2022-08-06 22:30:00";18
"2022-08-06 23:00:00";21
"2022-08-06 23:30:00";46
"2022-08-07 00:00:00";56
"2022-08-07 00:30:00";48
"2022-08-07 01:00:00";44
"2022-08-07 01:30:00";35
"2022-08-07 02:00:00";36
"2022-08-07 03:00:00";35
"2022-08-07 03:30:00";32
"2022-08-07 04:00:00";31
"2022-08-07 04:30:00";29
"2022-08-07 05:00:00";25
"2022-08-07 05:30:00";25
"2022-08-07 06:00:00";23
"2022-08-07 06:30:00";22
"2022-08-07 07:00:00";20
"2022-08-07 07:30:00";20
"2022-08-07 08:00:00";20
"2022-08-07 08:30:00";18
"2022-08-07 09:00:00";18
"2022-08-07 09:30:00";17
"2022-08-07 10:00:00";17
"2022-08-07 10:30:00";17
"2022-08-07 11:00:00";16
"2022-08-07 11:30:00";15
"2022-08-07 12:00:00";13
"2022-08-07 12:30:00";12
"2022-08-07 13:00:00";12
"2022-08-07 13:30:00";12
"2022-08-07 14:00:00";11
"2022-08-07 14:30:00";10
"2022-08-07 15:00:00";12
"2022-08-07 15:30:00";12
"2022-08-07 16:00:00";14
"2022-08-07 16:30:00";16
"2022-08-07 17:00:00";16
"2022-08-07 17:30:00";19
"2022-08-07 18:00:00";18
"2022-08-07 18:30:00";17
"2022-08-07 19:00:00";18
"2022-08-07 19:30:00";20
"2022-08-07 20:00:00";19
"2022-08-07 20:30:00";20
"2022-08-07 21:00:00";19
"2022-08-07 21:30:00";17
"2022-08-07 22:00:00";19
"2022-08-07 22:30:00";17
"2022-08-07 23:00:00";17
"2022-08-07 23:30:00";17
"2022-08-08 00:00:00";13
"2022-08-08 00:30:00";13
"2022-08-08 01:00:00";15
"2022-08-08 01:30:00";16
"2022-08-08 02:00:00";14
"2022-08-08 03:00:00";14
"2022-08-08 03:30:00";14
"2022-08-08 04:00:00";12
"2022-08-08 04:30:00";13
"2022-08-08 05:00:00";16
"2022-08-08 05:30:00";17
"2022-08-08 06:00:00";16
"2022-08-08 06:30:00";15
"2022-08-08 07:00:00";14
"2022-08-08 07:30:00";13
"2022-08-08 08:00:00";13
"2022-08-08 08:30:00";12
"2022-08-08 09:00:00";11
"2022-08-08 09:30:00";11
"2022-08-08 10:00:00";11
"2022-08-08 10:30:00";11
"2022-08-08 11:00:00";10
"2022-08-08 11:30:00";8
"2022-08-08 12:00:00";7
"2022-08-08 12:30:00";6
"2022-08-08 13:00:00";6
"2022-08-08 13:30:00";6
"2022-08-08 14:00:00";6
"2022-08-08 14:30:00";6
"2022-08-08 15:00:00";8
"2022-08-08 15:30:00";9
"2022-08-08 16:00:00";11
"2022-08-08 16:30:00";14
"2022-08-08 17:00:00";15
"2022-08-08 17:30:00";17
"2022-08-08 18:00:00";21
"2022-08-08 18:30:00";22
"2022-08-08 19:00:00";18
"2022-08-08 19:30:00";18
"2022-08-08 20:00:00";18
"2022-08-08 20:30:00";16
"2022-08-08 21:00:00";17
"2022-08-08 21:30:00";18
"2022-08-08 22:00:00";18
"2022-08-08 22:30:00";17
"2022-08-08 23:00:00";17
"2022-08-08 23:30:00";16
"2022-08-09 00:00:00";16
"2022-08-09 00:30:00";15
"2022-08-09 01:00:00";15
"2022-08-09 01:30:00";13
"2022-08-09 02:00:00";14
"2022-08-09 03:00:00";11
"2022-08-09 03:30:00";10
"2022-08-09 04:00:00";10
"2022-08-09 04:30:00";11
"2022-08-09 05:00:00";9
"2022-08-09 05:30:00";9
"2022-08-09 06:00:00";9
"2022-08-09 06:30:00";9
"2022-08-09 07:00:00";9
"2022-08-09 07:30:00";8
"2022-08-09 08:00:00";8
"2022-08-09 08:30:00";9
"2022-08-09 09:00:00";8
"2022-08-09 09:30:00";9
"2022-08-09 10:00:00";8
"2022-08-09 10:30:00";7
"2022-08-09 11:00:00";8
"2022-08-09 11:30:00";6
"2022-08-09 12:00:00";4
"2022-08-09 12:30:00";2
"2022-08-09 13:00:00";3
"2022-08-09 13:30:00";4
"2022-08-09 14:00:00";5
"2022-08-09 14:30:00";5
"2022-08-09 15:30:00";8
"2022-08-09 16:00:00";9
"2022-08-09 16:30:00";12
"2022-08-09 17:00:00";13
"2022-08-09 17:30:00";6
"2022-08-09 18:00:00";19
"2022-08-09 18:30:00";20
"2022-08-09 19:00:00";19
"2022-08-09 19:30:00";18
"2022-08-09 20:00:00";19
"2022-08-09 20:30:00";18
"2022-08-09 21:00:00";19
"2022-08-09 21:30:00";20
"2022-08-09 22:00:00";20
"2022-08-09 22:30:00";18
"2022-08-09 23:00:00";19
"2022-08-09 23:30:00";18
"2022-08-10 00:00:00";17
"2022-08-10 00:30:00";16
"2022-08-10 01:00:00";17
"2022-08-10 01:30:00";16
"2022-08-10 02:00:00";14
"2022-08-10 03:00:00";15
"2022-08-10 03:30:00";18
"2022-08-10 04:00:00";15
"2022-08-10 04:30:00";12
"2022-08-10 05:00:00";14
"2022-08-10 05:30:00";14
"2022-08-10 06:00:00";13
"2022-08-10 06:30:00";17
"2022-08-10 07:00:00";14
"2022-08-10 07:30:00";13
"2022-08-10 08:00:00";12
"2022-08-10 08:30:00";10
"2022-08-10 09:00:00";11
"2022-08-10 09:30:00";11
"2022-08-10 10:00:00";11
"2022-08-10 10:30:00";11
"2022-08-10 11:00:00";9
"2022-08-10 11:30:00";9
"2022-08-10 12:00:00";9
"2022-08-10 12:30:00";8
"2022-08-10 13:00:00";6
"2022-08-10 13:30:00";6
"2022-08-10 14:00:00";6
"2022-08-10 14:30:00";6
"2022-08-10 15:00:00";6
"2022-08-10 15:30:00";6
"2022-08-10 16:00:00";9
"2022-08-10 16:30:00";9
"2022-08-10 17:00:00";13
"2022-08-10 17:30:00";15
"2022-08-10 18:00:00";14
"2022-08-10 18:30:00";15
"2022-08-10 19:00:00";18
"2022-08-10 19:30:00";19
"2022-08-10 20:00:00";18
"2022-08-10 20:30:00";19
"2022-08-10 21:00:00";18
"2022-08-10 21:30:00";19
"2022-08-10 22:00:00";18
"2022-08-10 22:30:00";19
"2022-08-10 23:00:00";17
"2022-08-10 23:30:00";16
"2022-08-11 00:00:00";14
"2022-08-11 00:30:00";16
"2022-08-11 01:00:00";15
"2022-08-11 01:30:00";15
"2022-08-11 02:00:00";12
"2022-08-11 03:00:00";17
"2022-08-11 03:30:00";15
"2022-08-11 04:00:00";19
"2022-08-11 04:30:00";17
"2022-08-11 05:00:00";16
"2022-08-11 05:30:00";15
"2022-08-11 06:00:00";13
"2022-08-11 06:30:00";13
"2022-08-11 07:00:00";11
"2022-08-11 07:30:00";11
"2022-08-11 08:00:00";12
"2022-08-11 08:30:00";10
"2022-08-11 09:00:00";10
"2022-08-11 09:30:00";10
"2022-08-11 10:00:00";10
"2022-08-11 10:30:00";10
"2022-08-11 11:00:00";9
"2022-08-11 11:30:00";9
"2022-08-11 12:00:00";6
"2022-08-11 12:30:00";5
"2022-08-11 13:00:00";5
"2022-08-11 14:00:00";5
"2022-08-11 14:30:00";5
"2022-08-11 15:00:00";6
"2022-08-11 15:30:00";9
"2022-08-11 16:00:00";9
"2022-08-11 16:30:00";13
"2022-08-11 17:00:00";13
"2022-08-11 17:30:00";15
"2022-08-11 18:00:00";16
"2022-08-11 18:30:00";17
"2022-08-11 19:00:00";18
"2022-08-11 19:30:00";19
"2022-08-11 20:00:00";19
"2022-08-11 20:30:00";20
"2022-08-11 21:00:00";20
"2022-08-11 21:30:00";19
"2022-08-11 22:00:00";19
"2022-08-11 22:30:00";19
"2022-08-11 23:00:00";18
"2022-08-11 23:30:00";18
"2022-08-12 00:00:00";17
"2022-08-12 00:30:00";16
"2022-08-12 01:00:00";16
"2022-08-12 01:30:00";15
"2022-08-12 02:00:00";14
"2022-08-12 03:00:00";12
"2022-08-12 03:30:00";12
"2022-08-12 04:00:00";11
"2022-08-12 04:30:00";10
"2022-08-12 05:00:00";10
"2022-08-12 05:30:00";10
"2022-08-12 06:00:00";10
"2022-08-12 06:30:00";10
"2022-08-12 07:00:00";9
"2022-08-12 07:30:00";8
"2022-08-12 08:00:00";9
"2022-08-12 08:30:00";9
"2022-08-12 09:00:00";8
"2022-08-12 09:30:00";9
"2022-08-12 10:00:00";8
"2022-08-12 10:30:00";8
"2022-08-12 11:00:00";8
"2022-08-12 11:30:00";6
"2022-08-12 12:00:00";5
"2022-08-12 12:30:00";4
"2022-08-12 13:00:00";5
"2022-08-12 13:30:00";4
"2022-08-12 14:00:00";4
"2022-08-12 14:30:00";5
"2022-08-12 15:00:00";7
"2022-08-12 15:30:00";8
"2022-08-12 16:00:00";11
"2022-08-12 16:30:00";13
"2022-08-12 17:00:00";16
"2022-08-12 17:30:00";17
"2022-08-12 18:00:00";18
"2022-08-12 18:30:00";17
"2022-08-12 19:00:00";18
"2022-08-12 19:30:00";18
"2022-08-12 20:00:00";18
"2022-08-12 20:30:00";20
"2022-08-12 21:00:00";21
"2022-08-12 21:30:00";19
"2022-08-12 22:00:00";17
"2022-08-12 22:30:00";17
"2022-08-12 23:00:00";17
"2022-08-12 23:30:00";16
"2022-08-13 00:00:00";16
"2022-08-13 00:30:00";16
"2022-08-13 01:00:00";13
"2022-08-13 04:00:00";9
"2022-08-13 04:30:00";10
"2022-08-13 05:00:00";9
"2022-08-13 05:30:00";8
"2022-08-13 06:00:00";7
"2022-08-13 06:30:00";6
"2022-08-13 07:00:00";8
"2022-08-13 07:30:00";6
"2022-08-13 08:00:00";6
"2022-08-13 08:30:00";5
"2022-08-13 09:00:00";6
"2022-08-13 09:30:00";6
"2022-08-13 10:00:00";6
"2022-08-13 10:30:00";5
"2022-08-13 11:00:00";5
"2022-08-13 11:30:00";3
"2022-08-13 12:00:00";2
"2022-08-13 12:30:00";1
"2022-08-13 13:00:00";1
"2022-08-13 13:30:00";2
"2022-08-13 14:00:00";3
"2022-08-13 14:30:00";2
"2022-08-13 15:00:00";3
"2022-08-13 15:30:00";5
"2022-08-13 16:00:00";7
"2022-08-13 16:30:00";10
"2022-08-13 17:00:00";12
"2022-08-13 17:30:00";16
"2022-08-13 18:00:00";19
"2022-08-13 18:30:00";20
"2022-08-13 19:00:00";20
"2022-08-13 19:30:00";20
"2022-08-13 20:00:00";21
"2022-08-13 20:30:00";19
"2022-08-13 21:00:00";20
"2022-08-13 21:30:00";19
"2022-08-13 22:00:00";18
"2022-08-13 22:30:00";18
"2022-08-13 23:00:00";18
"2022-08-13 23:30:00";17
"2022-08-14 00:00:00";15
"2022-08-14 00:30:00";14
"2022-08-14 01:00:00";12
"2022-08-14 01:30:00";11
"2022-08-14 02:00:00";11
"2022-08-14 03:00:00";10
"2022-08-14 03:30:00";8
"2022-08-14 04:00:00";8
"2022-08-14 04:30:00";8
"2022-08-14 05:00:00";7
"2022-08-14 05:30:00";7
"2022-08-14 06:00:00";6
"2022-08-14 06:30:00";6
"2022-08-14 07:00:00";6
"2022-08-14 07:30:00";6
"2022-08-14 08:00:00";5
"2022-08-14 08:30:00";4
"2022-08-14 09:00:00";5
"2022-08-14 09:30:00";5
"2022-08-14 10:00:00";6
"2022-08-14 10:30:00";5
"2022-08-14 11:00:00";5
"2022-08-14 11:30:00";4
"2022-08-14 12:00:00";3
"2022-08-14 12:30:00";4
"2022-08-14 13:00:00";2
"2022-08-14 13:30:00";2
"2022-08-14 14:00:00";2
"2022-08-14 14:30:00";3
"2022-08-14 15:00:00";5
"2022-08-14 15:30:00";5
"2022-08-14 16:00:00";6
"2022-08-14 16:30:00";6
"2022-08-14 17:00:00";6
"2022-08-14 17:30:00";6
"2022-08-14 18:00:00";7
"2022-08-14 18:30:00";8
"2022-08-14 19:00:00";8
"2022-08-14 19:30:00";9
"2022-08-14 20:00:00";9
"2022-08-14 20:30:00";10
"2022-08-14 21:00:00";9
"2022-08-14 21:30:00";8
"2022-08-14 22:00:00";8
"2022-08-14 22:30:00";8
"2022-08-14 23:00:00";9
"2022-08-14 23:30:00";9
"2022-08-15 00:00:00";9
"2022-08-15 00:30:00";8
"2022-08-15 01:00:00";8
"2022-08-15 01:30:00";8
"2022-08-15 02:00:00";6
"2022-08-15 03:00:00";7
"2022-08-15 03:30:00";7
"2022-08-15 04:00:00";5
"2022-08-15 04:30:00";6
"2022-08-15 05:00:00";4
"2022-08-15 05:30:00";5
"2022-08-15 06:00:00";5
"2022-08-15 06:30:00";4
"2022-08-15 07:00:00";3
"2022-08-15 07:30:00";4
"2022-08-15 08:00:00";3
"2022-08-15 08:30:00";3
"2022-08-15 09:00:00";3
"2022-08-15 09:30:00";3
"2022-08-15 10:00:00";3
"2022-08-15 10:30:00";3
"2022-08-15 11:00:00";3
"2022-08-15 11:30:00";1
"2022-08-15 12:00:00";2
"2022-08-15 12:30:00";-1
"2022-08-15 13:00:00";0
"2022-08-15 13:30:00";-1
"2022-08-15 14:00:00";1
"2022-08-15 14:30:00";0
"2022-08-15 15:00:00";1
"2022-08-15 15:30:00";2
"2022-08-15 16:00:00";1
"2022-08-15 16:30:00";3
"2022-08-15 17:00:00";4
"2022-08-15 17:30:00";3
"2022-08-15 18:00:00";4
"2022-08-15 18:30:00";5
"2022-08-15 19:00:00";8
"2022-08-15 19:30:00";10
"2022-08-15 20:00:00";10
"2022-08-15 20:30:00";11
"2022-08-15 21:00:00";9
"2022-08-15 21:30:00";10
"2022-08-15 22:00:00";9
"2022-08-15 22:30:00";9
"2022-08-15 23:00:00";9
"2022-08-15 23:30:00";9
"2022-08-16 00:00:00";8
"2022-08-16 00:30:00";7
"2022-08-16 01:00:00";8
"2022-08-16 01:30:00";6
"2022-08-16 02:00:00";7
"2022-08-16 03:00:00";6
"2022-08-16 03:30:00";5
"2022-08-16 04:00:00";4
"2022-08-16 04:30:00";5
"2022-08-16 05:00:00";5
"2022-08-16 05:30:00";3
"2022-08-16 06:00:00";4
"2022-08-16 06:30:00";2
"2022-08-16 07:00:00";2
"2022-08-16 07:30:00";2
"2022-08-16 08:00:00";3
"2022-08-16 08:30:00";2
"2022-08-16 09:00:00";1
"2022-08-16 09:30:00";1
"2022-08-16 10:00:00";2
"2022-08-16 10:30:00";1
"2022-08-16 11:00:00";2
"2022-08-16 11:30:00";1
"2022-08-16 12:00:00";-1
"2022-08-16 12:30:00";0
"2022-08-16 13:00:00";-1
"2022-08-16 13:30:00";-2
"2022-08-16 14:00:00";-2
"2022-08-16 14:30:00";-1
"2022-08-16 15:00:00";0
"2022-08-16 15:30:00";3
"2022-08-16 16:00:00";4
"2022-08-16 16:30:00";6
"2022-08-16 17:00:00";6
"2022-08-16 17:30:00";7
"2022-08-16 18:00:00";10
"2022-08-16 18:30:00";11
"2022-08-16 19:00:00";12
"2022-08-16 19:30:00";13
"2022-08-16 20:00:00";13
"2022-08-16 20:30:00";11
"2022-08-16 21:00:00";11
"2022-08-16 21:30:00";10
"2022-08-16 22:00:00";10
"2022-08-16 22:30:00";10
"2022-08-16 23:00:00";10
"2022-08-16 23:30:00";11
"2022-08-17 00:00:00";9
"2022-08-17 00:30:00";10
"2022-08-17 01:00:00";8
"2022-08-17 01:30:00";10
"2022-08-17 02:00:00";9
"2022-08-17 03:00:00";7
"2022-08-17 03:30:00";7
"2022-08-17 04:00:00";7
"2022-08-17 04:30:00";7
"2022-08-17 05:00:00";6
"2022-08-17 05:30:00";7
"2022-08-17 06:00:00";6
"2022-08-17 06:30:00";6
"2022-08-17 07:00:00";4
"2022-08-17 12:00:00";3
"2022-08-17 12:30:00";3
"2022-08-17 13:00:00";2
"2022-08-17 13:30:00";4
"2022-08-17 14:00:00";3
"2022-08-17 14:30:00";2
"2022-08-17 15:00:00";3
"2022-08-17 15:30:00";4
"2022-08-17 16:00:00";4
"2022-08-17 16:30:00";4
"2022-08-17 17:00:00";4
"2022-08-17 17:30:00";6
"2022-08-17 18:00:00";8
"2022-08-17 18:30:00";10
"2022-08-17 19:00:00";11
"2022-08-17 19:30:00";11
"2022-08-17 20:00:00";11
"2022-08-17 20:30:00";11
"2022-08-17 21:00:00";5
"2022-08-17 21:30:00";15
"2022-08-17 22:00:00";17
"2022-08-17 22:30:00";22
"2022-08-17 23:00:00";23
"2022-08-17 23:30:00";22
"2022-08-18 00:00:00";20
"2022-08-18 00:30:00";18
"2022-08-18 01:00:00";15
"2022-08-18 01:30:00";15
"2022-08-18 02:00:00";13
"2022-08-18 03:00:00";12
"2022-08-18 03:30:00";13
"2022-08-18 04:00:00";13
"2022-08-18 04:30:00";14
"2022-08-18 05:00:00";16
"2022-08-18 05:30:00";19
"2022-08-18 06:00:00";21
"2022-08-18 06:30:00";19
"2022-08-18 07:00:00";20
"2022-08-18 07:30:00";26
"2022-08-18 08:00:00";40
"2022-08-18 08:30:00";38
"2022-08-18 09:00:00";34
"2022-08-18 09:30:00";32
"2022-08-18 10:00:00";29
"2022-08-18 10:30:00";28
"2022-08-18 11:00:00";25
"2022-08-18 11:30:00";23
"2022-08-18 12:00:00";21
"2022-08-18 12:30:00";20
"2022-08-18 13:00:00";19
"2022-08-18 13:30:00";19
"2022-08-18 14:00:00";17
"2022-08-18 14:30:00";16
"2022-08-18 15:00:00";17
"2022-08-18 15:30:00";17
"2022-08-18 16:00:00";16
"2022-08-18 16:30:00";18
"2022-08-18 17:00:00";18
"2022-08-18 17:30:00";18
"2022-08-18 18:00:00";19
"2022-08-18 18:30:00";17
"2022-08-18 19:00:00";17
"2022-08-18 19:30:00";17
"2022-08-18 20:00:00";18
"2022-08-18 20:30:00";19
"2022-08-18 21:00:00";19
"2022-08-18 21:30:00";19
"2022-08-18 22:00:00";18
"2022-08-18 22:30:00";17
"2022-08-18 23:00:00";17
"2022-08-18 23:30:00";17
"2022-08-19 00:00:00";17
"2022-08-19 00:30:00";16
"2022-08-19 01:00:00";14
"2022-08-19 01:30:00";16
"2022-08-19 02:00:00";16
"2022-08-19 03:00:00";14
"2022-08-19 03:30:00";13
"2022-08-19 04:00:00";14
"2022-08-19 04:30:00";12
"2022-08-19 05:00:00";12
"2022-08-19 05:30:00";12
"2022-08-19 06:00:00";12
"2022-08-19 06:30:00";10
"2022-08-19 07:00:00";10
"2022-08-19 07:30:00";11
"2022-08-19 08:00:00";12
"2022-08-19 08:30:00";10
"2022-08-19 09:00:00";10
"2022-08-19 09:30:00";10
"2022-08-19 10:00:00";11
"2022-08-19 10:30:00";9
"2022-08-19 11:00:00";8
"2022-08-19 11:30:00";8
"2022-08-19 12:00:00";10
"2022-08-19 12:30:00";9
"2022-08-19 13:00:00";8
"2022-08-19 13:30:00";8
"2022-08-19 14:00:00";8
"2022-08-19 14:30:00";7
"2022-08-19 15:00:00";7
"2022-08-19 15:30:00";5
"2022-08-19 16:00:00";7
"2022-08-19 16:30:00";7
"2022-08-19 17:00:00";5
"2022-08-19 17:30:00";6
"2022-08-19 18:00:00";9
"2022-08-19 18:30:00";8
"2022-08-19 19:00:00";9
"2022-08-19 19:30:00";8
"2022-08-19 20:00:00";9
"2022-08-19 20:30:00";9
"2022-08-19 21:00:00";10
"2022-08-19 21:30:00";11
"2022-08-19 22:00:00";10
"2022-08-19 22:30:00";11
"2022-08-19 23:00:00";10
"2022-08-19 23:30:00";9
"2022-08-20 00:00:00";9
"2022-08-20 00:30:00";9
"2022-08-20 01:00:00";10
"2022-08-20 04:00:00";6
"2022-08-20 04:30:00";6
"2022-08-20 05:00:00";5
"2022-08-20 05:30:00";6
"2022-08-20 06:00:00";5
"2022-08-20 06:30:00";5
"2022-08-20 07:00:00";5
"2022-08-20 07:30:00";4
"2022-08-20 08:00:00";5
"2022-08-20 08:30:00";4
"2022-08-20 09:00:00";4
"2022-08-20 09:30:00";4
"2022-08-20 10:00:00";4
"2022-08-20 10:30:00";4
"2022-08-20 11:00:00";4
"2022-08-20 11:30:00";3
"2022-08-20 12:00:00";1
"2022-08-20 12:30:00";1
"2022-08-20 13:00:00";-1
"2022-08-20 13:30:00";0
"2022-08-20 14:00:00";1
"2022-08-20 14:30:00";1
"2022-08-20 15:00:00";2
"2022-08-20 15:30:00";1
"2022-08-20 16:00:00";4
"2022-08-20 16:30:00";6
"2022-08-20 17:00:00";7
"2022-08-20 17:30:00";11
"2022-08-20 18:00:00";15
"2022-08-20 18:30:00";14
"2022-08-20 19:00:00";14
"2022-08-20 19:30:00";16
"2022-08-20 20:00:00";15
"2022-08-20 20:30:00";16
"2022-08-20 21:00:00";16
"2022-08-20 21:30:00";15
"2022-08-20 22:00:00";15
"2022-08-20 22:30:00";14
"2022-08-20 23:00:00";13
"2022-08-20 23:30:00";14
"2022-08-21 00:00:00";12
"2022-08-21 00:30:00";12
"2022-08-21 01:00:00";13
"2022-08-21 01:30:00";11
"2022-08-21 02:00:00";11
"2022-08-21 03:00:00";9
"2022-08-21 03:30:00";7
"2022-08-21 04:00:00";9
"2022-08-21 04:30:00";8
"2022-08-21 05:00:00";7
"2022-08-21 05:30:00";6
"2022-08-21 06:00:00";6
"2022-08-21 06:30:00";6
"2022-08-21 07:00:00";6
"2022-08-21 07:30:00";3
"2022-08-21 08:00:00";5
"2022-08-21 08:30:00";4
"2022-08-21 09:00:00";3
"2022-08-21 09:30:00";3
"2022-08-21 10:00:00";4
"2022-08-21 10:30:00";4
"2022-08-21 11:00:00";5
"2022-08-21 11:30:00";2
"2022-08-21 12:00:00";-1
"2022-08-21 12:30:00";0
"2022-08-21 13:00:00";0
"2022-08-21 13:30:00";0
"2022-08-21 14:00:00";0
"2022-08-21 14:30:00";0
"2022-08-21 15:00:00";0
"2022-08-21 15:30:00";1
"2022-08-21 16:00:00";6
"2022-08-21 16:30:00";4
"2022-08-21 17:00:00";7
"2022-08-21 17:30:00";12
"2022-08-21 18:00:00";15
"2022-08-21 18:30:00";16
"2022-08-21 19:00:00";17
"2022-08-21 19:30:00";16
"2022-08-21 20:00:00";18
"2022-08-21 20:30:00";16
"2022-08-21 21:00:00";16
"2022-08-21 21:30:00";16
"2022-08-21 22:00:00";15
"2022-08-21 22:30:00";15
"2022-08-21 23:00:00";14
"2022-08-21 23:30:00";13
"2022-08-22 00:00:00";12
"2022-08-22 00:30:00";11
"2022-08-22 01:00:00";9
"2022-08-22 01:30:00";5
"2022-08-22 02:00:00";13
"2022-08-22 03:00:00";11
"2022-08-22 03:30:00";10
"2022-08-22 04:00:00";10
"2022-08-22 04:30:00";11
"2022-08-22 05:00:00";10
"2022-08-22 05:30:00";10
"2022-08-22 06:00:00";14
"2022-08-22 06:30:00";14
"2022-08-22 07:00:00";12
"2022-08-22 07:30:00";11
"2022-08-22 08:00:00";10
"2022-08-22 08:30:00";9
"2022-08-22 09:00:00";8
"2022-08-22 09:30:00";7
"2022-08-22 10:00:00";7
"2022-08-22 10:30:00";8
"2022-08-22 11:00:00";8
"2022-08-22 11:30:00";4
"2022-08-22 12:00:00";3
"2022-08-22 12:30:00";2
"2022-08-22 13:00:00";2
"2022-08-22 13:30:00";2
"2022-08-22 14:00:00";2
"2022-08-22 14:30:00";2
"2022-08-22 15:00:00";4
"2022-08-22 15:30:00";5
"2022-08-22 16:00:00";5
"2022-08-22 16:30:00";8
"2022-08-22 17:00:00";10
"2022-08-22 17:30:00";9
"2022-08-22 18:00:00";10
"2022-08-22 18:30:00";10
"2022-08-22 19:00:00";10
"2022-08-22 19:30:00";11
"2022-08-22 20:00:00";10
"2022-08-22 20:30:00";11
"2022-08-22 21:00:00";12
"2022-08-22 21:30:00";12
"2022-08-22 22:00:00";13
"2022-08-22 22:30:00";14
"2022-08-22 23:00:00";12
"2022-08-22 23:30:00";11
"2022-08-23 00:00:00";11
"2022-08-23 00:30:00";12
"2022-08-23 01:00:00";11
"2022-08-23 01:30:00";10
"2022-08-23 02:00:00";9
"2022-08-23 03:00:00";8
"2022-08-23 03:30:00";7
"2022-08-23 04:00:00";6
"2022-08-23 04:30:00";6
"2022-08-23 05:00:00";6
"2022-08-23 05:30:00";5
"2022-08-23 06:00:00";5
"2022-08-23 06:30:00";6
"2022-08-23 07:00:00";4
"2022-08-23 07:30:00";4
"2022-08-23 08:00:00";4
"2022-08-23 08:30:00";4
"2022-08-23 09:00:00";4
"2022-08-23 09:30:00";3
"2022-08-23 10:00:00";4
"2022-08-23 10:30:00";4
"2022-08-23 11:00:00";5
"2022-08-23 11:30:00";1
"2022-08-23 12:00:00";0
"2022-08-23 12:30:00";0
"2022-08-23 13:00:00";0
"2022-08-23 13:30:00";-1
"2022-08-23 14:00:00";-1
"2022-08-23 14:30:00";0
"2022-08-23 15:00:00";1
"2022-08-23 15:30:00";2
"2022-08-23 16:00:00";3
"2022-08-23 16:30:00";5
"2022-08-23 17:00:00";8
"2022-08-23 17:30:00";14
"2022-08-23 18:00:00";16
"2022-08-23 18:30:00";18
"2022-08-23 19:00:00";18
"2022-08-23 19:30:00";18
"2022-08-23 20:00:00";19
"2022-08-23 20:30:00";18
"2022-08-23 21:00:00";18
"2022-08-23 21:30:00";17
"2022-08-23 22:00:00";16
"2022-08-23 22:30:00";15
"2022-08-23 23:00:00";16
"2022-08-23 23:30:00";14
"2022-08-24 00:00:00";13
"2022-08-24 00:30:00";13
"2022-08-24 01:00:00";12
"2022-08-24 01:30:00";13
"2022-08-24 02:00:00";10
"2022-08-24 03:00:00";8
"2022-08-24 03:30:00";8
"2022-08-24 04:00:00";8
"2022-08-24 04:30:00";8
"2022-08-24 05:00:00";6
"2022-08-24 05:30:00";6
"2022-08-24 06:00:00";7
"2022-08-24 06:30:00";6
"2022-08-24 07:00:00";5
"2022-08-24 07:30:00";5
"2022-08-24 08:00:00";5
"2022-08-24 08:30:00";5
"2022-08-24 09:00:00";4
"2022-08-24 09:30:00";3
"2022-08-24 10:00:00";3
"2022-08-24 10:30:00";5
"2022-08-24 11:00:00";6
"2022-08-24 11:30:00";3
"2022-08-24 12:00:00";1
"2022-08-24 12:30:00";1
"2022-08-24 13:00:00";2
"2022-08-24 13:30:00";1
"2022-08-24 14:00:00";1
"2022-08-24 14:30:00";2
"2022-08-24 15:00:00";3
"2022-08-24 15:30:00";4
"2022-08-24 16:00:00";6
"2022-08-24 16:30:00";9
"2022-08-24 17:00:00";11
"2022-08-24 17:30:00";15
"2022-08-24 18:00:00";16
"2022-08-24 18:30:00";16
"2022-08-24 19:00:00";16
"2022-08-24 19:30:00";16
"2022-08-24 20:00:00";15
"2022-08-24 20:30:00";15
"2022-08-24 21:00:00";15
"2022-08-24 21:30:00";13
"2022-08-24 22:00:00";14
"2022-08-24 22:30:00";13
"2022-08-24 23:00:00";13
"2022-08-24 23:30:00";12
"2022-08-25 00:00:00";12
"2022-08-25 00:30:00";12
"2022-08-25 01:00:00";11
"2022-08-25 01:30:00";11
"2022-08-25 02:00:00";11
"2022-08-25 03:00:00";10
"2022-08-25 03:30:00";10
"2022-08-25 04:00:00";9
"2022-08-25 04:30:00";8
"2022-08-25 05:00:00";7
"2022-08-25 05:30:00";7
"2022-08-25 06:00:00";7
"2022-08-25 06:30:00";7
"2022-08-25 07:00:00";6
"2022-08-25 07:30:00";6
"2022-08-25 08:00:00";5
"2022-08-25 08:30:00";5
"2022-08-25 09:00:00";6
"2022-08-25 09:30:00";6
"2022-08-25 10:00:00";5
"2022-08-25 10:30:00";5
"2022-08-25 11:00:00";6
"2022-08-25 11:30:00";3
"2022-08-25 12:00:00";1
"2022-08-25 12:30:00";2
"2022-08-25 13:00:00";2
"2022-08-25 13:30:00";1
"2022-08-25 14:00:00";2
"2022-08-25 14:30:00";3
"2022-08-25 15:00:00";3
"2022-08-25 15:30:00";5
"2022-08-25 16:00:00";7
"2022-08-25 16:30:00";9
"2022-08-25 17:00:00";9
"2022-08-25 17:30:00";9
"2022-08-25 18:00:00";11
"2022-08-25 18:30:00";13
"2022-08-25 19:00:00";15
"2022-08-25 19:30:00";14
"2022-08-25 20:00:00";14
"2022-08-25 20:30:00";15
"2022-08-25 21:00:00";16
"2022-08-25 21:30:00";16
"2022-08-25 22:00:00";16
"2022-08-25 22:30:00";16
"2022-08-25 23:00:00";15
"2022-08-25 23:30:00";15
"2022-08-26 00:00:00";14
"2022-08-26 00:30:00";13
"2022-08-26 01:00:00";13
"2022-08-26 01:30:00";12
"2022-08-26 02:00:00";12
"2022-08-26 03:00:00";10
"2022-08-26 03:30:00";10
"2022-08-26 04:00:00";9
"2022-08-26 04:30:00";9
"2022-08-26 05:00:00";8
"2022-08-26 05:30:00";8
"2022-08-26 06:00:00";9
"2022-08-26 06:30:00";10
"2022-08-26 07:00:00";11
"2022-08-26 07:30:00";9
"2022-08-26 08:00:00";10
"2022-08-26 08:30:00";9
"2022-08-26 09:00:00";9
"2022-08-26 09:30:00";8
"2022-08-26 10:00:00";8
"2022-08-26 10:30:00";8
"2022-08-26 11:00:00";8
"2022-08-26 11:30:00";6
"2022-08-26 12:00:00";6
"2022-08-26 12:30:00";5
"2022-08-26 13:00:00";7
"2022-08-26 13:30:00";12
"2022-08-26 14:00:00";14
"2022-08-26 14:30:00";15
"2022-08-26 15:00:00";16
"2022-08-26 15:30:00";16
"2022-08-26 16:00:00";19
"2022-08-26 16:30:00";19
"2022-08-26 17:00:00";23
"2022-08-26 17:30:00";23
"2022-08-26 18:00:00";39
"2022-08-26 18:30:00";38
"2022-08-26 19:00:00";39
"2022-08-26 19:30:00";38
"2022-08-26 20:00:00";35
"2022-08-26 20:30:00";33
"2022-08-26 21:00:00";33
"2022-08-26 21:30:00";30
"2022-08-26 22:00:00";29
"2022-08-26 22:30:00";28
"2022-08-26 23:00:00";28
"2022-08-26 23:30:00";26
"2022-08-27 00:00:00";24
"2022-08-27 00:30:00";23
"2022-08-27 01:00:00";22
"2022-08-27 04:00:00";18
"2022-08-27 04:30:00";18
"2022-08-27 05:00:00";16
"2022-08-27 05:30:00";16
"2022-08-27 06:00:00";16
"2022-08-27 06:30:00";15
"2022-08-27 07:00:00";15
"2022-08-27 07:30:00";15
"2022-08-27 08:00:00";14
"2022-08-27 08:30:00";14
"2022-08-27 09:00:00";14
"2022-08-27 09:30:00";14
"2022-08-27 10:00:00";13
"2022-08-27 10:30:00";13
"2022-08-27 11:00:00";13
"2022-08-27 11:30:00";11
"2022-08-27 12:00:00";10
"2022-08-27 12:30:00";9
"2022-08-27 13:00:00";9
"2022-08-27 13:30:00";10
"2022-08-27 14:00:00";11
"2022-08-27 14:30:00";11
"2022-08-27 15:00:00";10
"2022-08-27 15:30:00";4
"2022-08-27 16:00:00";-5
"2022-08-27 16:30:00";-10
"2022-08-27 17:00:00";0
"2022-08-27 17:30:00";-11
"2022-08-27 18:00:00";-16
"2022-08-27 18:30:00";-24
"2022-08-27 19:00:00";-17
"2022-08-27 19:30:00";-38
"2022-08-27 20:00:00";-15
"2022-08-27 20:30:00";-24
"2022-08-27 21:00:00";-21
"2022-08-27 21:30:00";-14
"2022-08-27 22:00:00";-55
"2022-08-27 22:30:00";-45
"2022-08-27 23:00:00";-76
"2022-08-27 23:30:00";-42
"2022-08-28 00:00:00";-50
"2022-08-28 00:30:00";-59
"2022-08-28 01:00:00";-73
"2022-08-28 01:30:00";-82
"2022-08-28 02:00:00";-83
"2022-08-28 03:00:00";-85
"2022-08-28 03:30:00";-84
"2022-08-28 04:00:00";-87
"2022-08-28 04:30:00";-87
"2022-08-28 05:00:00";-78
"2022-08-28 05:30:00";-88
"2022-08-28 06:00:00";-89
"2022-08-28 06:30:00";-89
"2022-08-28 07:00:00";-68
"2022-08-28 07:30:00";-86
"2022-08-28 08:00:00";-84
"2022-08-28 08:30:00";-92
"2022-08-28 09:00:00";-92
"2022-08-28 09:30:00";-92
"2022-08-28 10:00:00";-84
"2022-08-28 10:30:00";-90
"2022-08-28 11:00:00";-89
"2022-08-28 11:30:00";-86
"2022-08-28 12:00:00";-67
"2022-08-28 12:30:00";-79
"2022-08-28 13:00:00";-79
"2022-08-28 13:30:00";-62
"2022-08-28 14:00:00";-75
"2022-08-28 14:30:00";-60
"2022-08-28 15:00:00";-61
"2022-08-28 15:30:00";-71
"2022-08-28 16:00:00";-69
"2022-08-28 16:30:00";-67
"2022-08-28 17:00:00";-67
"2022-08-28 17:30:00";-66
"2022-08-28 18:00:00";-67
"2022-08-28 18:30:00";-69
"2022-08-28 19:00:00";-59
"2022-08-28 19:30:00";-11
"2022-08-28 20:00:00";-74
"2022-08-28 20:30:00";-8
"2022-08-28 21:00:00";7
"2022-08-28 21:30:00";11
"2022-08-28 22:00:00";9
"2022-08-28 22:30:00";13
"2022-08-28 23:00:00";13
"2022-08-28 23:30:00";12
"2022-08-29 00:00:00";13
"2022-08-29 00:30:00";11
"2022-08-29 01:00:00";10
"2022-08-29 01:30:00";10
"2022-08-29 02:00:00";9
"2022-08-29 03:00:00";10
"2022-08-29 03:30:00";10
"2022-08-29 04:00:00";9
"2022-08-29 04:30:00";11
"2022-08-29 05:00:00";11
"2022-08-29 05:30:00";11
"2022-08-29 06:00:00";9
"2022-08-29 06:30:00";9
"2022-08-29 07:00:00";10
"2022-08-29 07:30:00";8
"2022-08-29 08:00:00";8
"2022-08-29 08:30:00";6
"2022-08-29 09:00:00";6
"2022-08-29 09:30:00";6
"2022-08-29 10:00:00";5
"2022-08-29 10:30:00";5
"2022-08-29 11:00:00";5
"2022-08-29 11:30:00";2
"2022-08-29 12:00:00";3
"2022-08-29 12:30:00";4
"2022-08-29 13:00:00";2
"2022-08-29 13:30:00";1
"2022-08-29 14:00:00";3
"2022-08-29 14:30:00";3
"2022-08-29 15:00:00";4
"2022-08-29 15:30:00";5
"2022-08-29 16:00:00";7
"2022-08-29 16:30:00";10
"2022-08-29 17:00:00";13
"2022-08-29 17:30:00";13
"2022-08-29 18:00:00";15
"2022-08-29 18:30:00";13
"2022-08-29 19:00:00";13
"2022-08-29 19:30:00";14
"2022-08-29 20:00:00";14
"2022-08-29 20:30:00";14
"2022-08-29 21:00:00";14
"2022-08-29 21:30:00";14
"2022-08-29 22:00:00";14
"2022-08-29 22:30:00";15
"2022-08-29 23:00:00";14
"2022-08-29 23:30:00";13
"2022-08-30 00:00:00";12
"2022-08-30 00:30:00";12
"2022-08-30 01:00:00";11
"2022-08-30 01:30:00";11
"2022-08-30 02:00:00";11
"2022-08-30 03:00:00";9
"2022-08-30 03:30:00";7
"2022-08-30 04:00:00";7
"2022-08-30 04:30:00";6
"2022-08-30 05:00:00";7
"2022-08-30 05:30:00";6
"2022-08-30 06:00:00";6
"2022-08-30 06:30:00";6
"2022-08-30 07:00:00";6
"2022-08-30 07:30:00";6
"2022-08-30 08:00:00";5
"2022-08-30 08:30:00";5
"2022-08-30 09:00:00";6
"2022-08-30 09:30:00";5
"2022-08-30 10:00:00";5
"2022-08-30 10:30:00";5
"2022-08-30 11:00:00";4
"2022-08-30 11:30:00";5
"2022-08-30 12:00:00";2
"2022-08-30 12:30:00";3
"2022-08-30 13:00:00";3
"2022-08-30 13:30:00";4
"2022-08-30 14:00:00";4
"2022-08-30 14:30:00";3
"2022-08-30 15:00:00";4
"2022-08-30 15:30:00";5
"2022-08-30 16:00:00";5
"2022-08-30 16:30:00";6
"2022-08-30 17:00:00";7
"2022-08-30 17:30:00";7
"2022-08-30 18:00:00";8
"2022-08-30 18:30:00";14
"2022-08-30 19:00:00";19
"2022-08-30 19:30:00";20
"2022-08-30 20:00:00";19
"2022-08-30 20:30:00";17
"2022-08-30 21:00:00";16
"2022-08-30 21:30:00";16
"2022-08-30 22:00:00";15
"2022-08-30 22:30:00";14
"2022-08-30 23:00:00";14
"2022-08-30 23:30:00";14
"2022-08-31 00:00:00";12
"2022-08-31 00:30:00";12
"2022-08-31 01:00:00";12
"2022-08-31 01:30:00";12
"2022-08-31 02:00:00";13
"2022-08-31 03:00:00";11
"2022-08-31 03:30:00";10
"2022-08-31 04:00:00";9
"2022-08-31 04:30:00";9
"2022-08-31 05:00:00";9
"2022-08-31 05:30:00";9
"2022-08-31 06:00:00";9
"2022-08-31 06:30:00";10
"2022-08-31 07:00:00";11
"2022-08-31 07:30:00";11
"2022-08-31 08:00:00";10
"2022-08-31 08:30:00";11
"2022-08-31 09:00:00";10
"2022-08-31 09:30:00";8
"2022-08-31 10:00:00";7
"2022-08-31 10:30:00";8
"2022-08-31 11:00:00";8
"2022-08-31 11:30:00";5
"2022-08-31 12:00:00";3
"2022-08-31 12:30:00";4
"2022-08-31 13:00:00";3
"2022-08-31 13:30:00";5
"2022-08-31 14:00:00";4
"2022-08-31 14:30:00";5
"2022-08-31 15:00:00";5
"2022-08-31 15:30:00";5
"2022-08-31 16:00:00";7
"2022-08-31 16:30:00";8
"2022-08-31 17:00:00";9
"2022-08-31 17:30:00";10
"2022-08-31 18:00:00";11
"2022-08-31 18:30:00";10
"2022-08-31 19:00:00";12
"2022-08-31 19:30:00";12
"2022-08-31 20:00:00";12
"2022-08-31 20:30:00";12
"2022-08-31 21:00:00";11
"2022-08-31 21:30:00";14
"2022-08-31 22:00:00";12
"2022-08-31 22:30:00";14
"2022-08-31 23:00:00";12
"2022-08-31 23:30:00";12
"2022-09-01 00:00:00";12
"2022-09-01 00:30:00";11
"2022-09-01 01:00:00";11
"2022-09-01 01:30:00";10
"2022-09-01 02:00:00";11
"2022-09-01 03:00:00";10
"2022-09-01 03:30:00";9
"2022-09-01 04:00:00";8
"2022-09-01 04:30:00";8
"2022-09-01 05:00:00";8
"2022-09-01 05:30:00";6
"2022-09-01 06:00:00";7
"2022-09-01 06:30:00";6
"2022-09-01 07:00:00";7
"2022-09-01 07:30:00";6
"2022-09-01 08:00:00";4
"2022-09-01 08:30:00";5
"2022-09-01 09:00:00";6
"2022-09-01 09:30:00";5
"2022-09-01 10:00:00";5
"2022-09-01 10:30:00";7
"2022-09-01 11:00:00";6
"2022-09-01 11:30:00";5
"2022-09-01 12:00:00";3
"2022-09-01 12:30:00";3
"2022-09-01 13:00:00";3
"2022-09-01 13:30:00";4
"2022-09-01 14:00:00";4
"2022-09-01 14:30:00";3
"2022-09-01 15:00:00";3
"2022-09-01 15:30:00";5
"2022-09-01 16:00:00";5
"2022-09-01 16:30:00";7
"2022-09-01 17:00:00";7
"2022-09-01 17:30:00";7
"2022-09-01 18:00:00";9
"2022-09-01 18:30:00";8
"2022-09-01 19:00:00";10
"2022-09-01 19:30:00";8
"2022-09-01 20:00:00";9
"2022-09-01 20:30:00";11
"2022-09-01 21:00:00";12
"2022-09-01 21:30:00";13
"2022-09-01 22:00:00";13
"2022-09-01 22:30:00";14
"2022-09-01 23:00:00";14
"2022-09-01 23:30:00";14
"2022-09-02 00:00:00";12
"2022-09-02 00:30:00";13
"2022-09-02 01:00:00";12
"2022-09-02 01:30:00";11
"2022-09-02 02:00:00";10
"2022-09-02 03:00:00";9
"2022-09-02 03:30:00";9
"2022-09-02 04:00:00";6
"2022-09-02 04:30:00";6
"2022-09-02 05:00:00";6
"2022-09-02 05:30:00";8
"2022-09-02 06:00:00";16
"2022-09-02 06:30:00";14
"2022-09-02 07:00:00";13
"2022-09-02 07:30:00";11
"2022-09-02 08:00:00";10
"2022-09-02 08:30:00";9
"2022-09-02 09:00:00";9
"2022-09-02 09:30:00";7
"2022-09-02 10:00:00";6
"2022-09-02 10:30:00";7
"2022-09-02 11:00:00";5
"2022-09-02 11:30:00";5
"2022-09-02 12:00:00";3
"2022-09-02 12:30:00";2
"2022-09-02 13:00:00";2
"2022-09-02 13:30:00";2
"2022-09-02 14:00:00";1
"2022-09-02 14:30:00";0
"2022-09-02 15:00:00";0
"2022-09-02 15:30:00";0
"2022-09-02 16:00:00";0
"2022-09-02 16:30:00";-1
"2022-09-02 17:00:00";-22
"2022-09-02 17:30:00";-3
"2022-09-02 18:00:00";0
"2022-09-02 18:30:00";4
"2022-09-02 19:00:00";8
"2022-09-02 19:30:00";5
"2022-09-02 20:00:00";10
"2022-09-02 20:30:00";11
"2022-09-02 21:00:00";11
"2022-09-02 21:30:00";11
"2022-09-02 22:00:00";10
"2022-09-02 22:30:00";11
"2022-09-02 23:00:00";22
"2022-09-02 23:30:00";21
"2022-09-03 00:00:00";19
"2022-09-03 00:30:00";18
"2022-09-03 01:00:00";16
"2022-09-03 01:30:00";15
"2022-09-03 02:00:00";12
"2022-09-03 03:00:00";8
"2022-09-03 03:30:00";10
"2022-09-03 04:00:00";10
"2022-09-03 04:30:00";9
"2022-09-03 05:30:00";7
"2022-09-03 06:00:00";6
"2022-09-03 06:30:00";7
"2022-09-03 07:00:00";6
"2022-09-03 07:30:00";4
"2022-09-03 08:00:00";5
"2022-09-03 08:30:00";4
"2022-09-03 09:00:00";6
"2022-09-03 09:30:00";5
"2022-09-03 10:00:00";4
"2022-09-03 10:30:00";2
"2022-09-03 11:00:00";5
"2022-09-03 11:30:00";5
"2022-09-03 12:00:00";4
"2022-09-03 12:30:00";3
"2022-09-03 13:00:00";3
"2022-09-03 13:30:00";1
"2022-09-03 14:00:00";1
"2022-09-03 14:30:00";-17
"2022-09-03 15:00:00";-10
"2022-09-03 15:30:00";-4
"2022-09-03 16:00:00";-8
"2022-09-03 16:30:00";3
"2022-09-03 17:00:00";3
"2022-09-03 17:30:00";3
"2022-09-03 18:00:00";3
"2022-09-03 18:30:00";4
"2022-09-03 19:00:00";3
"2022-09-03 19:30:00";5
"2022-09-03 20:00:00";8
"2022-09-03 20:30:00";8
"2022-09-03 21:00:00";8
"2022-09-03 21:30:00";9
"2022-09-03 22:00:00";10
"2022-09-03 22:30:00";10
"2022-09-03 23:00:00";9
"2022-09-03 23:30:00";10
"2022-09-04 00:00:00";16
"2022-09-04 00:30:00";17
"2022-09-04 01:00:00";28
"2022-09-04 01:30:00";29
"2022-09-04 02:00:00";27
"2022-09-04 03:00:00";21
"2022-09-04 03:30:00";20
"2022-09-04 04:00:00";18
"2022-09-04 04:30:00";16
"2022-09-04 05:00:00";15
"2022-09-04 05:30:00";13
"2022-09-04 06:00:00";13
"2022-09-04 06:30:00";12
"2022-09-04 07:00:00";10
"2022-09-04 07:30:00";11
"2022-09-04 08:00:00";6
"2022-09-04 08:30:00";8
"2022-09-04 09:00:00";8
"2022-09-04 09:30:00";8
"2022-09-04 10:00:00";8
"2022-09-04 10:30:00";7
"2022-09-04 11:00:00";7
"2022-09-04 11:30:00";7
"2022-09-04 12:00:00";7
"2022-09-04 12:30:00";6
"2022-09-04 13:00:00";5
"2022-09-04 13:30:00";5
"2022-09-04 14:00:00";2
"2022-09-04 14:30:00";5
"2022-09-04 15:00:00";5
"2022-09-04 15:30:00";7
"2022-09-04 16:00:00";7
"2022-09-04 16:30:00";8
"2022-09-04 17:00:00";8
"2022-09-04 17:30:00";9
"2022-09-04 18:00:00";8
"2022-09-04 18:30:00";8
"2022-09-04 19:00:00";5
"2022-09-04 19:30:00";4
"2022-09-04 20:00:00";5
"2022-09-04 20:30:00";6
"2022-09-04 21:00:00";5
"2022-09-04 21:30:00";5
"2022-09-04 22:00:00";6
"2022-09-04 22:30:00";7
"2022-09-04 23:00:00";7
"2022-09-04 23:30:00";7
"2022-09-05 00:00:00";7
"2022-09-05 00:30:00";7
"2022-09-05 01:00:00";6
"2022-09-05 01:30:00";6
"2022-09-05 02:00:00";5
"2022-09-05 03:00:00";4
"2022-09-05 03:30:00";4
"2022-09-05 04:00:00";4
"2022-09-05 04:30:00";4
"2022-09-05 05:00:00";3
"2022-09-05 05:30:00";4
"2022-09-05 06:00:00";4
"2022-09-05 06:30:00";2
"2022-09-05 07:00:00";3
"2022-09-05 07:30:00";2
"2022-09-05 08:00:00";2
"2022-09-05 08:30:00";3
"2022-09-05 09:00:00";3
"2022-09-05 09:30:00";3
"2022-09-05 10:00:00";4
"2022-09-05 10:30:00";3
"2022-09-05 11:00:00";3
"2022-09-05 11:30:00";2
"2022-09-05 12:00:00";0
"2022-09-05 12:30:00";1
"2022-09-05 13:00:00";1
"2022-09-05 13:30:00";1
"2022-09-05 14:00:00";1
"2022-09-05 14:30:00";0
"2022-09-05 15:00:00";2
"2022-09-05 15:30:00";2
"2022-09-05 16:00:00";4
"2022-09-05 16:30:00";5
"2022-09-05 17:00:00";4
"2022-09-05 17:30:00";6
"2022-09-05 18:00:00";7
"2022-09-05 18:30:00";7
"2022-09-05 19:00:00";8
"2022-09-05 19:30:00";9
"2022-09-05 20:00:00";8
"2022-09-05 20:30:00";8
"2022-09-05 21:00:00";8
"2022-09-05 21:30:00";9
"2022-09-05 22:00:00";9
"2022-09-05 22:30:00";9
"2022-09-05 23:00:00";9
"2022-09-05 23:30:00";9
"2022-09-06 00:00:00";9
"2022-09-06 00:30:00";9
"2022-09-06 01:00:00";8
"2022-09-06 01:30:00";8
"2022-09-06 02:00:00";7
"2022-09-06 03:00:00";6
"2022-09-06 03:30:00";5
"2022-09-06 04:00:00";5
"2022-09-06 04:30:00";5
"2022-09-06 05:00:00";3
"2022-09-06 05:30:00";4
"2022-09-06 06:00:00";3
"2022-09-06 06:30:00";3
"2022-09-06 07:00:00";3
"2022-09-06 07:30:00";4
"2022-09-06 08:00:00";3
"2022-09-06 08:30:00";3
"2022-09-06 09:00:00";1
"2022-09-06 09:30:00";3
"2022-09-06 10:00:00";2
"2022-09-06 10:30:00";2
"2022-09-06 11:00:00";2
"2022-09-06 11:30:00";1
"2022-09-06 12:00:00";0
"2022-09-06 12:30:00";0
"2022-09-06 13:00:00";1
"2022-09-06 13:30:00";1
"2022-09-06 14:00:00";0
"2022-09-06 14:30:00";0
"2022-09-06 15:00:00";1
"2022-09-06 15:30:00";2
"2022-09-06 16:00:00";5
"2022-09-06 16:30:00";6
"2022-09-06 17:00:00";6
"2022-09-06 17:30:00";7
"2022-09-06 18:00:00";9
"2022-09-06 18:30:00";11
"2022-09-06 19:00:00";12
"2022-09-06 19:30:00";12
"2022-09-06 20:00:00";11
"2022-09-06 20:30:00";10
"2022-09-06 21:00:00";11
"2022-09-06 21:30:00";16
"2022-09-06 22:00:00";16
"2022-09-06 22:30:00";16
"2022-09-06 23:00:00";12
"2022-09-06 23:30:00";12
"2022-09-07 00:00:00";10
"2022-09-07 00:30:00";13
"2022-09-07 01:00:00";29
"2022-09-07 01:30:00";27
"2022-09-07 02:00:00";24
"2022-09-07 03:00:00";16
"2022-09-07 03:30:00";17
"2022-09-07 04:00:00";15
"2022-09-07 04:30:00";13
"2022-09-07 05:00:00";12
"2022-09-07 05:30:00";10
"2022-09-07 06:00:00";9
"2022-09-07 06:30:00";9
"2022-09-07 07:00:00";9
"2022-09-07 07:30:00";8
"2022-09-07 08:00:00";8
"2022-09-07 08:30:00";7
"2022-09-07 09:00:00";8
"2022-09-07 09:30:00";7
"2022-09-07 10:00:00";7
"2022-09-07 10:30:00";7
"2022-09-07 11:00:00";6
"2022-09-07 11:30:00";6
"2022-09-07 12:00:00";4
"2022-09-07 12:30:00";3
"2022-09-07 13:00:00";4
"2022-09-07 13:30:00";3
"2022-09-07 14:00:00";2
"2022-09-07 14:30:00";4
"2022-09-07 15:00:00";1
"2022-09-07 15:30:00";3
"2022-09-07 16:00:00";4
"2022-09-07 16:30:00";4
"2022-09-07 17:00:00";3
"2022-09-07 17:30:00";4
"2022-09-07 18:00:00";5
"2022-09-07 18:30:00";4
"2022-09-07 19:00:00";5
"2022-09-07 19:30:00";6
"2022-09-07 20:00:00";6
"2022-09-07 20:30:00";6
"2022-09-07 21:00:00";8
"2022-09-07 21:30:00";8
"2022-09-07 22:00:00";7
"2022-09-07 22:30:00";8
"2022-09-07 23:00:00";9
"2022-09-07 23:30:00";7
"2022-09-08 00:00:00";9
"2022-09-08 00:30:00";7
"2022-09-08 01:00:00";6
"2022-09-08 01:30:00";7
"2022-09-08 02:00:00";8
"2022-09-08 03:00:00";7
"2022-09-08 03:30:00";6
"2022-09-08 04:00:00";7
"2022-09-08 04:30:00";8
"2022-09-08 05:00:00";7
"2022-09-08 05:30:00";6
"2022-09-08 06:00:00";7
"2022-09-08 06:30:00";5
"2022-09-08 07:00:00";5
"2022-09-08 07:30:00";4
"2022-09-08 08:00:00";6
"2022-09-08 08:30:00";12
"2022-09-08 09:00:00";20
"2022-09-08 09:30:00";20
"2022-09-08 10:00:00";20
"2022-09-08 10:30:00";18
"2022-09-08 11:00:00";16
"2022-09-08 11:30:00";12
"2022-09-08 12:00:00";11
"2022-09-08 12:30:00";9
"2022-09-08 13:00:00";7
"2022-09-08 13:30:00";6
"2022-09-08 14:00:00";7
"2022-09-08 14:30:00";5
"2022-09-08 15:00:00";5
"2022-09-08 15:30:00";3
"2022-09-08 16:00:00";4
"2022-09-08 16:30:00";4
"2022-09-08 17:00:00";5
"2022-09-08 17:30:00";8
"2022-09-08 18:00:00";8
"2022-09-08 18:30:00";8
"2022-09-08 19:00:00";9
"2022-09-08 19:30:00";8
"2022-09-08 20:00:00";6
"2022-09-08 20:30:00";7
"2022-09-08 21:00:00";6
"2022-09-08 21:30:00";8
"2022-09-08 22:00:00";7
"2022-09-08 22:30:00";7
"2022-09-08 23:00:00";7
"2022-09-08 23:30:00";7
"2022-09-09 00:00:00";6
"2022-09-09 00:30:00";4
"2022-09-09 01:00:00";-12
"2022-09-09 01:30:00";-1
"2022-09-09 02:00:00";-1
"2022-09-09 03:00:00";3
"2022-09-09 03:30:00";2
"2022-09-09 04:00:00";2
"2022-09-09 04:30:00";4
"2022-09-09 05:00:00";3
"2022-09-09 05:30:00";3
"2022-09-09 06:00:00";3
"2022-09-09 06:30:00";3
"2022-09-09 07:00:00";1
"2022-09-09 07:30:00";2
"2022-09-09 08:00:00";2
"2022-09-09 08:30:00";1
"2022-09-09 09:00:00";0
"2022-09-09 09:30:00";1
"2022-09-09 10:00:00";2
"2022-09-09 10:30:00";2
"2022-09-09 11:00:00";1
"2022-09-09 11:30:00";1
"2022-09-09 12:30:00";-2
"2022-09-09 13:00:00";-1
"2022-09-09 13:30:00";-1
"2022-09-09 14:00:00";-2
"2022-09-09 14:30:00";-2
"2022-09-09 15:00:00";0
"2022-09-09 15:30:00";0
"2022-09-09 16:00:00";2
"2022-09-09 16:30:00";4
"2022-09-09 17:00:00";4
"2022-09-09 17:30:00";7
"2022-09-09 18:00:00";7
"2022-09-09 18:30:00";9
"2022-09-09 19:00:00";7
"2022-09-09 19:30:00";7
"2022-09-09 20:00:00";8
"2022-09-09 20:30:00";8
"2022-09-09 21:00:00";8
"2022-09-09 21:30:00";10
"2022-09-09 22:00:00";10
"2022-09-09 22:30:00";9
"2022-09-09 23:00:00";9
"2022-09-09 23:30:00";8
"2022-09-10 00:00:00";7
"2022-09-10 00:30:00";5
"2022-09-10 01:00:00";5
"2022-09-10 01:30:00";5
"2022-09-10 02:00:00";4
"2022-09-10 03:00:00";2
"2022-09-10 03:30:00";3
"2022-09-10 04:00:00";2
"2022-09-10 04:30:00";3
"2022-09-10 05:00:00";2
"2022-09-10 05:30:00";2
"2022-09-10 06:00:00";0
"2022-09-10 06:30:00";0
"2022-09-10 07:00:00";0
"2022-09-10 07:30:00";-1
"2022-09-10 08:00:00";-1
"2022-09-10 08:30:00";-1
"2022-09-10 09:00:00";0
"2022-09-10 09:30:00";-1
"2022-09-10 10:00:00";-1
"2022-09-10 10:30:00";1
"2022-09-10 11:00:00";1
"2022-09-10 11:30:00";-2
"2022-09-10 12:00:00";-4
"2022-09-10 12:30:00";-3
"2022-09-10 13:00:00";-3
"2022-09-10 13:30:00";-3
"2022-09-10 14:00:00";-2
"2022-09-10 14:30:00";-1
"2022-09-10 15:00:00";0
"2022-09-10 15:30:00";-1
"2022-09-10 16:00:00";0
"2022-09-10 16:30:00";0
"2022-09-10 17:00:00";3
"2022-09-10 17:30:00";4
"2022-09-10 18:00:00";6
"2022-09-10 18:30:00";7
"2022-09-10 19:00:00";6
"2022-09-10 19:30:00";5
"2022-09-10 20:00:00";7
"2022-09-10 20:30:00";7
"2022-09-10 21:00:00";7
"2022-09-10 21:30:00";7
"2022-09-10 22:00:00";7
"2022-09-10 22:30:00";6
"2022-09-10 23:00:00";6
"2022-09-10 23:30:00";6
"2022-09-11 00:00:00";6
"2022-09-11 00:30:00";5
"2022-09-11 01:00:00";4
"2022-09-11 01:30:00";4
"2022-09-11 02:00:00";3
"2022-09-11 03:00:00";2
"2022-09-11 03:30:00";1
"2022-09-11 04:00:00";1
"2022-09-11 04:30:00";0
"2022-09-11 05:00:00";0
"2022-09-11 05:30:00";1
"2022-09-11 06:00:00";1
"2022-09-11 06:30:00";-1
"2022-09-11 07:00:00";-1
"2022-09-11 07:30:00";-1
"2022-09-11 08:00:00";-1
"2022-09-11 08:30:00";-1
"2022-09-11 09:00:00";-1
"2022-09-11 09:30:00";-1
"2022-09-11 10:00:00";-2
"2022-09-11 10:30:00";0
"2022-09-11 11:00:00";-1
"2022-09-11 11:30:00";-3
"2022-09-11 12:00:00";-6
"2022-09-11 12:30:00";-4
"2022-09-11 13:00:00";-4
"2022-09-11 13:30:00";-5
"2022-09-11 14:00:00";-4
"2022-09-11 14:30:00";-3
"2022-09-11 15:00:00";-3
"2022-09-11 15:30:00";-4
"2022-09-11 16:00:00";-1
"2022-09-11 16:30:00";0
"2022-09-11 17:00:00";2
"2022-09-11 17:30:00";4
"2022-09-11 18:00:00";8
"2022-09-11 18:30:00";10
"2022-09-11 19:00:00";13
"2022-09-11 19:30:00";11
"2022-09-11 20:00:00";13
"2022-09-11 20:30:00";12
"2022-09-11 21:00:00";12
"2022-09-11 21:30:00";12
"2022-09-11 22:00:00";12
"2022-09-11 22:30:00";11
"2022-09-11 23:00:00";9
"2022-09-11 23:30:00";10
"2022-09-12 00:00:00";9
"2022-09-12 00:30:00";9
"2022-09-12 01:00:00";8
"2022-09-12 01:30:00";7
"2022-09-12 02:00:00";5
"2022-09-12 03:00:00";4
"2022-09-12 03:30:00";4
"2022-09-12 04:00:00";2
"2022-09-12 04:30:00";3
"2022-09-12 05:00:00";2
"2022-09-12 05:30:00";2
"2022-09-12 06:00:00";1
"2022-09-12 06:30:00";1
"2022-09-12 07:00:00";1
"2022-09-12 07:30:00";0
"2022-09-12 08:00:00";0
"2022-09-12 08:30:00";0
"2022-09-12 09:00:00";1
"2022-09-12 09:30:00";1
"2022-09-12 10:00:00";-1
"2022-09-12 10:30:00";1
"2022-09-12 11:00:00";0
"2022-09-12 11:30:00";-1
"2022-09-12 12:00:00";-3
"2022-09-12 12:30:00";-3
"2022-09-12 13:00:00";-3
"2022-09-12 13:30:00";-3
"2022-09-12 14:00:00";-1
"2022-09-12 14:30:00";-3
"2022-09-12 15:00:00";-3
"2022-09-12 15:30:00";-3
"2022-09-12 16:00:00";-2
"2022-09-12 16:30:00";1
"2022-09-12 17:00:00";2
"2022-09-12 17:30:00";5
"2022-09-12 18:00:00";7
"2022-09-12 18:30:00";13
"2022-09-12 19:00:00";15
"2022-09-12 19:30:00";15
"2022-09-12 20:00:00";16
"2022-09-12 20:30:00";16
"2022-09-12 21:00:00";17
"2022-09-12 21:30:00";16
"2022-09-12 22:00:00";17
"2022-09-12 22:30:00";15
"2022-09-12 23:00:00";13
"2022-09-12 23:30:00";12
"2022-09-13 00:00:00";11
"2022-09-13 00:30:00";11
"2022-09-13 01:00:00";10
"2022-09-13 01:30:00";9
"2022-09-13 02:00:00";8
"2022-09-13 03:00:00";7
"2022-09-13 03:30:00";6
"2022-09-13 04:00:00";6
"2022-09-13 04:30:00";6
"2022-09-13 05:00:00";4
"2022-09-13 05:30:00";4
"2022-09-13 06:00:00";3
"2022-09-13 06:30:00";3
"2022-09-13 07:00:00";3
"2022-09-13 07:30:00";2
"2022-09-13 08:00:00";3
"2022-09-13 08:30:00";1
"2022-09-13 09:00:00";3
"2022-09-13 09:30:00";1
"2022-09-13 10:00:00";0
"2022-09-13 10:30:00";1
"2022-09-13 11:00:00";1
"2022-09-13 11:30:00";0
"2022-09-13 12:00:00";-3
"2022-09-13 12:30:00";-3
"2022-09-13 13:00:00";-3
"2022-09-13 13:30:00";-2
"2022-09-13 14:00:00";-2
"2022-09-13 14:30:00";-2
"2022-09-13 15:00:00";-1
"2022-09-13 15:30:00";1
"2022-09-13 16:00:00";2
"2022-09-13 16:30:00";4
"2022-09-13 17:00:00";5
"2022-09-13 17:30:00";10
"2022-09-13 18:00:00";13
"2022-09-13 18:30:00";15
"2022-09-13 19:00:00";16
"2022-09-13 19:30:00";17
"2022-09-13 20:00:00";17
"2022-09-13 20:30:00";15
"2022-09-13 21:00:00";14
"2022-09-13 21:30:00";14
"2022-09-13 22:00:00";14
"2022-09-13 22:30:00";14
"2022-09-13 23:00:00";13
"2022-09-13 23:30:00";13
"2022-09-14 00:00:00";12
"2022-09-14 00:30:00";11
"2022-09-14 01:00:00";11
"2022-09-14 01:30:00";10
"2022-09-14 02:00:00";9
"2022-09-14 03:00:00";9
"2022-09-14 03:30:00";7
"2022-09-14 04:00:00";7
"2022-09-14 04:30:00";6
"2022-09-14 05:00:00";7
"2022-09-14 05:30:00";6
"2022-09-14 06:00:00";6
"2022-09-14 06:30:00";5
"2022-09-14 07:00:00";5
"2022-09-14 07:30:00";5
"2022-09-14 08:00:00";5
"2022-09-14 08:30:00";5
"2022-09-14 09:00:00";5
"2022-09-14 09:30:00";6
"2022-09-14 10:00:00";6
"2022-09-14 10:30:00";6
"2022-09-14 11:00:00";5
"2022-09-14 11:30:00";5
"2022-09-14 12:00:00";6
"2022-09-14 12:30:00";5
"2022-09-14 13:00:00";7
"2022-09-14 13:30:00";6
"2022-09-14 14:00:00";5
"2022-09-14 14:30:00";4
"2022-09-14 15:00:00";4
"2022-09-14 15:30:00";4
"2022-09-14 16:00:00";6
"2022-09-14 16:30:00";7
"2022-09-14 17:00:00";7
"2022-09-14 17:30:00";9
"2022-09-14 18:00:00";8
"2022-09-14 18:30:00";8
"2022-09-14 19:00:00";9
"2022-09-14 19:30:00";8
"2022-09-14 20:00:00";11
"2022-09-14 20:30:00";11
"2022-09-14 21:00:00";12
"2022-09-14 21:30:00";11
"2022-09-14 22:00:00";10
"2022-09-14 22:30:00";10
"2022-09-14 23:00:00";9
"2022-09-14 23:30:00";9
"2022-09-15 00:00:00";8
"2022-09-15 00:30:00";8
"2022-09-15 01:00:00";6
"2022-09-15 01:30:00";6
"2022-09-15 02:00:00";6
"2022-09-15 03:00:00";7
"2022-09-15 03:30:00";5
"2022-09-15 04:00:00";5
"2022-09-15 04:30:00";5
"2022-09-15 05:00:00";4
"2022-09-15 05:30:00";4
"2022-09-15 06:00:00";3
"2022-09-15 06:30:00";6
"2022-09-15 07:00:00";9
"2022-09-15 07:30:00";9
"2022-09-15 08:00:00";8
"2022-09-15 08:30:00";7
"2022-09-15 09:00:00";7
"2022-09-15 09:30:00";5
"2022-09-15 10:00:00";5
"2022-09-15 10:30:00";4
"2022-09-15 11:00:00";4
"2022-09-15 11:30:00";2
"2022-09-15 12:00:00";0
"2022-09-15 12:30:00";1
"2022-09-15 13:00:00";0
"2022-09-15 13:30:00";0
"2022-09-15 14:00:00";-1
"2022-09-15 14:30:00";0
"2022-09-15 15:00:00";1
"2022-09-15 15:30:00";3
"2022-09-15 16:00:00";3
"2022-09-15 16:30:00";5
"2022-09-15 17:00:00";6
"2022-09-15 17:30:00";8
"2022-09-15 18:00:00";8
"2022-09-15 18:30:00";8
"2022-09-15 19:00:00";8
"2022-09-15 19:30:00";8
"2022-09-15 20:00:00";9
"2022-09-15 20:30:00";8
"2022-09-15 21:00:00";8
"2022-09-15 21:30:00";10
"2022-09-15 22:00:00";9
"2022-09-15 22:30:00";9
"2022-09-15 23:00:00";8
"2022-09-15 23:30:00";8
"2022-09-16 00:00:00";7
"2022-09-16 00:30:00";7
"2022-09-16 01:00:00";6
"2022-09-16 01:30:00";5
"2022-09-16 02:00:00";5
"2022-09-16 03:00:00";4
"2022-09-16 03:30:00";4
"2022-09-16 04:00:00";4
"2022-09-16 04:30:00";3
"2022-09-16 05:00:00";2
"2022-09-16 05:30:00";2
"2022-09-16 06:00:00";2
"2022-09-16 06:30:00";2
"2022-09-16 07:00:00";1
"2022-09-16 07:30:00";1
"2022-09-16 08:00:00";0
"2022-09-16 08:30:00";-1
"2022-09-16 09:00:00";0
"2022-09-16 09:30:00";-1
"2022-09-16 10:00:00";-1
"2022-09-16 10:30:00";-2
"2022-09-16 11:00:00";0
"2022-09-16 11:30:00";-1
"2022-09-16 12:00:00";-4
"2022-09-16 12:30:00";-6
"2022-09-16 13:00:00";-3
"2022-09-16 13:30:00";-3
"2022-09-16 14:00:00";-3
"2022-09-16 14:30:00";-4
"2022-09-16 15:00:00";-4
"2022-09-16 15:30:00";-3
"2022-09-16 16:00:00";-1
"2022-09-16 16:30:00";1
"2022-09-16 17:00:00";2
"2022-09-16 17:30:00";5
"2022-09-16 18:00:00";7
"2022-09-16 18:30:00";10
"2022-09-16 19:00:00";13
"2022-09-16 19:30:00";13
"2022-09-16 20:00:00";13
"2022-09-16 20:30:00";12
"2022-09-16 21:00:00";11
"2022-09-16 21:30:00";11
"2022-09-16 22:00:00";10
"2022-09-16 22:30:00";8
"2022-09-16 23:00:00";8
"2022-09-16 23:30:00";7
"2022-09-17 00:00:00";6
"2022-09-17 00:30:00";5
"2022-09-17 01:00:00";6
"2022-09-17 01:30:00";4
"2022-09-17 02:00:00";3
"2022-09-17 03:00:00";1
"2022-09-17 03:30:00";1
"2022-09-17 04:00:00";1
"2022-09-17 04:30:00";-1
"2022-09-17 05:00:00";-1
"2022-09-17 05:30:00";0
"2022-09-17 06:00:00";-1
"2022-09-17 06:30:00";-3
"2022-09-17 07:00:00";-1
"2022-09-17 07:30:00";-2
"2022-09-17 08:00:00";-2
"2022-09-17 08:30:00";-2
"2022-09-17 09:00:00";-4
"2022-09-17 09:30:00";-2
"2022-09-17 10:00:00";-3
"2022-09-17 10:30:00";-2
"2022-09-17 11:00:00";-2
"2022-09-17 11:30:00";-2
"2022-09-17 12:00:00";-6
"2022-09-17 12:30:00";-7
"2022-09-17 13:00:00";-9
"2022-09-17 13:30:00";-6
"2022-09-17 14:00:00";-6
"2022-09-17 14:30:00";-7
"2022-09-17 15:00:00";-6
"2022-09-17 15:30:00";-7
"2022-09-17 16:00:00";-8
"2022-09-17 16:30:00";-7
"2022-09-17 17:00:00";-7
"2022-09-17 17:30:00";-5
"2022-09-17 18:00:00";-4
"2022-09-17 18:30:00";-4
"2022-09-17 19:00:00";-4
"2022-09-17 19:30:00";-3
"2022-09-17 20:00:00";-3
"2022-09-17 20:30:00";-2
"2022-09-17 21:00:00";-1
"2022-09-17 21:30:00";2
"2022-09-17 22:00:00";2
"2022-09-17 22:30:00";2
"2022-09-17 23:00:00";2
"2022-09-17 23:30:00";1
"2022-09-18 00:00:00";1
"2022-09-18 00:30:00";0
"2022-09-18 01:00:00";-1
"2022-09-18 01:30:00";-2
"2022-09-18 02:00:00";-2
"2022-09-18 03:00:00";-3
"2022-09-18 03:30:00";-4
"2022-09-18 04:00:00";-3
"2022-09-18 04:30:00";-4
"2022-09-18 05:00:00";-5
"2022-09-18 05:30:00";-5
"2022-09-18 06:00:00";-5
"2022-09-18 06:30:00";-6
"2022-09-18 07:00:00";-7
"2022-09-18 07:30:00";-6
"2022-09-18 08:00:00";-7
"2022-09-18 08:30:00";-7
"2022-09-18 09:00:00";-6
"2022-09-18 09:30:00";-6
"2022-09-18 10:00:00";-8
"2022-09-18 10:30:00";-5
"2022-09-18 11:00:00";-5
"2022-09-18 11:30:00";-6
"2022-09-18 12:00:00";-9
"2022-09-18 12:30:00";-10
"2022-09-18 13:00:00";-9
"2022-09-18 13:30:00";-7
"2022-09-18 14:00:00";-9
"2022-09-18 14:30:00";-8
"2022-09-18 15:00:00";-9
"2022-09-18 15:30:00";-7
"2022-09-18 16:00:00";-7
"2022-09-18 16:30:00";-8
"2022-09-18 17:00:00";-6
"2022-09-18 17:30:00";-6
"2022-09-18 18:00:00";-4
"2022-09-18 18:30:00";-3
"2022-09-18 19:00:00";-2
"2022-09-18 19:30:00";-2
"2022-09-18 20:00:00";1
"2022-09-18 20:30:00";3
"2022-09-18 21:00:00";5
"2022-09-18 21:30:00";5
"2022-09-18 22:00:00";5
"2022-09-18 22:30:00";5
"2022-09-18 23:00:00";4
"2022-09-18 23:30:00";3
"2022-09-19 00:00:00";3
"2022-09-19 00:30:00";3
"2022-09-19 01:00:00";2
"2022-09-19 01:30:00";-1
"2022-09-19 02:00:00";-1
"2022-09-19 03:00:00";-1
"2022-09-19 03:30:00";-2
"2022-09-19 04:00:00";-1
"2022-09-19 04:30:00";-3
"2022-09-19 05:00:00";-3
"2022-09-19 05:30:00";-3
"2022-09-19 06:00:00";-2
"2022-09-19 06:30:00";-4
"2022-09-19 07:00:00";-5
"2022-09-19 07:30:00";-4
"2022-09-19 08:00:00";-5
"2022-09-19 08:30:00";-6
"2022-09-19 09:00:00";-5
"2022-09-19 09:30:00";-7
"2022-09-19 10:00:00";-5
"2022-09-19 10:30:00";-5
"2022-09-19 11:00:00";-5
"2022-09-19 11:30:00";-6
"2022-09-19 12:00:00";-9
"2022-09-19 12:30:00";-9
"2022-09-19 13:00:00";-7
"2022-09-19 13:30:00";-10
"2022-09-19 14:00:00";-8
"2022-09-19 14:30:00";-9
"2022-09-19 15:00:00";-9
"2022-09-19 15:30:00";-9
"2022-09-19 16:00:00";-8
"2022-09-19 16:30:00";-9
"2022-09-19 17:00:00";-7
"2022-09-19 17:30:00";-6
"2022-09-19 18:00:00";-5
"2022-09-19 18:30:00";-4
"2022-09-19 19:00:00";-2
"2022-09-19 19:30:00";0
"2022-09-19 20:00:00";3
"2022-09-19 20:30:00";4
"2022-09-19 21:00:00";6
"2022-09-19 21:30:00";6
"2022-09-19 22:00:00";6
"2022-09-19 22:30:00";5
"2022-09-19 23:00:00";5
"2022-09-19 23:30:00";4
"2022-09-20 00:00:00";4
"2022-09-20 00:30:00";3
"2022-09-20 01:00:00";1
"2022-09-20 01:30:00";1
"2022-09-20 02:00:00";-1
"2022-09-20 03:00:00";-2
"2022-09-20 03:30:00";-2
"2022-09-20 04:00:00";-3
"2022-09-20 04:30:00";-4
"2022-09-20 05:00:00";-4
"2022-09-20 05:30:00";-3
"2022-09-20 06:00:00";-4
"2022-09-20 06:30:00";-6
"2022-09-20 07:00:00";-5
"2022-09-20 07:30:00";-4
"2022-09-20 08:00:00";-6
"2022-09-20 08:30:00";-5
"2022-09-20 09:00:00";-6
"2022-09-20 09:30:00";-5
"2022-09-20 10:00:00";-5
"2022-09-20 10:30:00";-6
"2022-09-20 11:00:00";-4
"2022-09-20 11:30:00";-6
"2022-09-20 12:00:00";-9
"2022-09-20 12:30:00";-8
"2022-09-20 13:00:00";-8
"2022-09-20 13:30:00";-8
"2022-09-20 14:00:00";-9
"2022-09-20 14:30:00";-9
"2022-09-20 15:00:00";-9
"2022-09-20 15:30:00";-8
"2022-09-20 16:00:00";-8
"2022-09-20 16:30:00";-8
"2022-09-20 17:00:00";-6
"2022-09-20 17:30:00";-5
"2022-09-20 18:00:00";-4
"2022-09-20 18:30:00";-4
"2022-09-20 19:00:00";0
"2022-09-20 19:30:00";3
"2022-09-20 20:00:00";5
"2022-09-20 20:30:00";6
"2022-09-20 21:00:00";7
"2022-09-20 21:30:00";6
"2022-09-20 22:00:00";7
"2022-09-20 22:30:00";6
"2022-09-20 23:00:00";6
"2022-09-20 23:30:00";4
"2022-09-21 00:00:00";4
"2022-09-21 00:30:00";3
"2022-09-21 01:00:00";3
"2022-09-21 01:30:00";2
"2022-09-21 02:00:00";0
"2022-09-21 03:00:00";0
"2022-09-21 03:30:00";-1
"2022-09-21 04:00:00";-1
"2022-09-21 04:30:00";-2
"2022-09-21 05:00:00";-3
"2022-09-21 05:30:00";-3
"2022-09-21 06:00:00";-3
"2022-09-21 06:30:00";-4
"2022-09-21 07:00:00";-4
"2022-09-21 07:30:00";-4
"2022-09-21 08:00:00";-4
"2022-09-21 08:30:00";-5
"2022-09-21 09:00:00";-4
"2022-09-21 09:30:00";-5
"2022-09-21 10:00:00";-5
"2022-09-21 10:30:00";-5
"2022-09-21 11:00:00";-5
"2022-09-21 11:30:00";-4
"2022-09-21 12:00:00";-5
"2022-09-21 12:30:00";-5
"2022-09-21 13:00:00";-5
"2022-09-21 13:30:00";-6
"2022-09-21 14:00:00";-6
"2022-09-21 14:30:00";-6
"2022-09-21 15:00:00";-6
"2022-09-21 15:30:00";-5
"2022-09-21 16:00:00";-6
"2022-09-21 16:30:00";-6
"2022-09-21 17:00:00";-6
"2022-09-21 17:30:00";-6
"2022-09-21 18:00:00";-5
"2022-09-21 18:30:00";-6
"2022-09-21 19:00:00";-7
"2022-09-21 19:30:00";-5
"2022-09-21 20:00:00";-6
"2022-09-21 20:30:00";-6
"2022-09-21 21:00:00";-5
"2022-09-21 21:30:00";-5
"2022-09-21 22:00:00";-5
"2022-09-21 22:30:00";-4
"2022-09-21 23:00:00";-3
"2022-09-21 23:30:00";-3
"2022-09-22 00:00:00";-3
"2022-09-22 00:30:00";-3
"2022-09-22 01:00:00";-3
"2022-09-22 01:30:00";-3
"2022-09-22 02:00:00";-3
"2022-09-22 03:00:00";-4
"2022-09-22 03:30:00";-4
"2022-09-22 04:00:00";-4
"2022-09-22 04:30:00";-5
"2022-09-22 05:00:00";-5
"2022-09-22 05:30:00";-6
"2022-09-22 06:00:00";-6
"2022-09-22 06:30:00";-7
"2022-09-22 07:00:00";-7
"2022-09-22 07:30:00";-7
"2022-09-22 08:00:00";-7
"2022-09-22 08:30:00";-7
"2022-09-22 09:00:00";-7
"2022-09-22 10:30:00";-7
"2022-09-22 11:00:00";-7
"2022-09-22 11:30:00";-7
"2022-09-22 12:00:00";-10
"2022-09-22 12:30:00";-11
"2022-09-22 13:00:00";-9
"2022-09-22 13:30:00";-11
"2022-09-22 14:00:00";-12
"2022-09-22 15:00:00";-10
"2022-09-22 15:30:00";-11
"2022-09-22 16:00:00";-10
"2022-09-22 16:30:00";-10
"2022-09-22 17:00:00";-11
"2022-09-22 17:30:00";-8
"2022-09-22 18:00:00";-8
"2022-09-22 18:30:00";-8
"2022-09-22 19:00:00";-6
"2022-09-22 19:30:00";-3
"2022-09-22 20:00:00";-1
"2022-09-22 20:30:00";3
"2022-09-22 21:00:00";3
"2022-09-22 21:30:00";5
"2022-09-22 22:00:00";4
"2022-09-22 22:30:00";4
"2022-09-22 23:00:00";4
"2022-09-22 23:30:00";2
"2022-09-23 00:00:00";2
"2022-09-23 00:30:00";1
"2022-09-23 01:00:00";1
"2022-09-23 01:30:00";0
"2022-09-23 02:00:00";0
"2022-09-23 03:00:00";-2
"2022-09-23 03:30:00";-2
"2022-09-23 04:00:00";-2
"2022-09-23 04:30:00";-3
"2022-09-23 05:00:00";-3
"2022-09-23 05:30:00";-4
"2022-09-23 06:00:00";-4
"2022-09-23 06:30:00";-5
"2022-09-23 07:00:00";-5
"2022-09-23 07:30:00";-5
"2022-09-23 08:00:00";-6
"2022-09-23 08:30:00";-6
"2022-09-23 09:00:00";-5
"2022-09-23 09:30:00";-6
"2022-09-23 10:00:00";-5
"2022-09-23 10:30:00";-6
"2022-09-23 11:00:00";-6
"2022-09-23 11:30:00";-6
"2022-09-23 12:00:00";-7
"2022-09-23 12:30:00";-7
"2022-09-23 13:00:00";-8
"2022-09-23 13:30:00";-10
"2022-09-23 14:00:00";-10
"2022-09-23 14:30:00";-9
"2022-09-23 15:00:00";-8
"2022-09-23 15:30:00";-8
"2022-09-23 16:00:00";-11
"2022-09-23 16:30:00";-10
"2022-09-23 17:00:00";-6
"2022-09-23 17:30:00";-7
"2022-09-23 18:00:00";-5
"2022-09-23 18:30:00";-3
"2022-09-23 19:00:00";0
"2022-09-23 19:30:00";3
"2022-09-23 20:00:00";7
"2022-09-23 20:30:00";8
"2022-09-23 21:00:00";8
"2022-09-23 21:30:00";8
"2022-09-23 22:00:00";8
"2022-09-23 22:30:00";6
"2022-09-23 23:00:00";5
"2022-09-23 23:30:00";5
"2022-09-24 00:00:00";4
"2022-09-24 00:30:00";4
"2022-09-24 01:00:00";2
"2022-09-24 04:00:00";-2
"2022-09-24 04:30:00";-2
"2022-09-24 05:00:00";-3
"2022-09-24 05:30:00";-3
"2022-09-24 06:00:00";-3
"2022-09-24 06:30:00";-4
"2022-09-24 07:00:00";-4
"2022-09-24 07:30:00";-4
"2022-09-24 08:00:00";-4
"2022-09-24 08:30:00";-4
"2022-09-24 09:00:00";-5
"2022-09-24 09:30:00";-5
"2022-09-24 10:00:00";-5
"2022-09-24 10:30:00";-5
"2022-09-24 11:00:00";-5
"2022-09-24 11:30:00";-5
"2022-09-24 12:00:00";-6
"2022-09-24 12:30:00";-6
"2022-09-24 13:00:00";-6
"2022-09-24 13:30:00";-6
"2022-09-24 14:00:00";-6
"2022-09-24 14:30:00";-6
"2022-09-24 15:00:00";-5
"2022-09-24 15:30:00";-5
"2022-09-24 16:00:00";-5
"2022-09-24 16:30:00";-5
"2022-09-24 17:00:00";-6
"2022-09-24 17:30:00";-7
"2022-09-24 18:00:00";-6
"2022-09-24 18:30:00";-6
"2022-09-24 19:00:00";-4
"2022-09-24 19:30:00";-4
"2022-09-24 20:00:00";-5
"2022-09-24 20:30:00";-4
"2022-09-24 21:00:00";-4
"2022-09-24 21:30:00";-4
"2022-09-24 22:00:00";-5
"2022-09-24 22:30:00";-5
"2022-09-24 23:00:00";-5
"2022-09-24 23:30:00";-5
"2022-09-25 00:00:00";-7
"2022-09-25 00:30:00";-7
"2022-09-25 01:00:00";-6
"2022-09-25 04:00:00";-7
"2022-09-25 04:30:00";-7
"2022-09-25 05:00:00";-7
"2022-09-25 05:30:00";-9
"2022-09-25 06:00:00";-8
"2022-09-25 06:30:00";-9
"2022-09-25 07:00:00";-9
"2022-09-25 07:30:00";-9
"2022-09-25 08:00:00";-9
"2022-09-25 08:30:00";-8
"2022-09-25 09:00:00";-8
"2022-09-25 09:30:00";-8
"2022-09-25 10:00:00";-7
"2022-09-25 10:30:00";-10
"2022-09-25 11:00:00";-13
"2022-09-25 11:30:00";-13
"2022-09-25 12:00:00";-13
"2022-09-25 12:30:00";-13
"2022-09-25 13:00:00";-11
"2022-09-25 13:30:00";-14
"2022-09-25 14:00:00";-16
"2022-09-25 14:30:00";-16
"2022-09-25 15:00:00";-16
"2022-09-25 15:30:00";-19
"2022-09-25 16:00:00";-17
"2022-09-25 16:30:00";-16
"2022-09-25 17:00:00";-15
"2022-09-25 17:30:00";-13
"2022-09-25 18:00:00";-15
"2022-09-25 18:30:00";-17
"2022-09-25 19:00:00";-23
"2022-09-25 19:30:00";-23
"2022-09-25 20:00:00";-21
"2022-09-25 20:30:00";-20
"2022-09-25 21:00:00";-29
"2022-09-25 21:30:00";-26
"2022-09-25 22:00:00";-24
"2022-09-25 22:30:00";-30
"2022-09-25 23:00:00";-22
"2022-09-25 23:30:00";-24
"2022-09-26 00:00:00";-22
"2022-09-26 00:30:00";-19
"2022-09-26 01:00:00";-23
"2022-09-26 01:30:00";-25
"2022-09-26 02:00:00";-20
"2022-09-26 03:00:00";-18
"2022-09-26 03:30:00";-18
"2022-09-26 04:00:00";-18
"2022-09-26 04:30:00";-21
"2022-09-26 05:00:00";-20
"2022-09-26 05:30:00";-22
"2022-09-26 06:00:00";-20
"2022-09-26 06:30:00";-19
"2022-09-26 07:00:00";-19
"2022-09-26 07:30:00";-18
"2022-09-26 08:00:00";-21
"2022-09-26 08:30:00";-25
"2022-09-26 09:00:00";-22
"2022-09-26 09:30:00";-20
"2022-09-26 10:00:00";-20
"2022-09-26 10:30:00";-19
"2022-09-26 11:00:00";-20
"2022-09-26 11:30:00";-28
"2022-09-26 12:00:00";-29
"2022-09-26 12:30:00";-34
"2022-09-26 13:00:00";-40
"2022-09-26 13:30:00";-27
"2022-09-26 14:00:00";-27
"2022-09-26 14:30:00";-26
"2022-09-26 15:00:00";-23
"2022-09-26 15:30:00";-21
"2022-09-26 16:00:00";-17
"2022-09-26 16:30:00";-15
"2022-09-26 17:00:00";-14
"2022-09-26 17:30:00";-13
"2022-09-26 18:00:00";-11
"2022-09-26 18:30:00";-12
"2022-09-26 19:00:00";-13
"2022-09-26 19:30:00";-14
"2022-09-26 20:00:00";-17
"2022-09-26 20:30:00";-17
"2022-09-26 21:00:00";-14
"2022-09-26 21:30:00";-13
"2022-09-26 22:00:00";-15
"2022-09-26 22:30:00";-14
"2022-09-26 23:00:00";-16
"2022-09-26 23:30:00";-14
"2022-09-27 00:00:00";-17
"2022-09-27 00:30:00";-15
"2022-09-27 01:00:00";-15
"2022-09-27 01:30:00";-15
"2022-09-27 02:00:00";-15
"2022-09-27 03:00:00";-27
"2022-09-27 03:30:00";-16
"2022-09-27 04:00:00";-21
"2022-09-27 04:30:00";-22
"2022-09-27 05:00:00";-22
"2022-09-27 05:30:00";-19
"2022-09-27 06:00:00";-19
"2022-09-27 06:30:00";-19
"2022-09-27 07:00:00";-17
"2022-09-27 07:30:00";-15
"2022-09-27 08:00:00";-16
"2022-09-27 08:30:00";-16
"2022-09-27 09:00:00";-16
"2022-09-27 09:30:00";-15
"2022-09-27 10:00:00";-17
"2022-09-27 10:30:00";-18
"2022-09-27 11:00:00";-19
"2022-09-27 11:30:00";-19
"2022-09-27 12:00:00";-26
"2022-09-27 12:30:00";-25
"2022-09-27 13:00:00";-31
"2022-09-27 13:30:00";-26
"2022-09-27 14:00:00";-22
"2022-09-27 14:30:00";-19
"2022-09-27 15:00:00";-19
"2022-09-27 15:30:00";-17
"2022-09-27 16:00:00";-17
"2022-09-27 16:30:00";-15
"2022-09-27 17:00:00";-14
"2022-09-27 17:30:00";-15
"2022-09-27 18:00:00";-14
"2022-09-27 18:30:00";-15
"2022-09-27 19:00:00";-14
"2022-09-27 19:30:00";-13
"2022-09-27 20:00:00";-12
"2022-09-27 20:30:00";-12
"2022-09-27 21:00:00";-10
"2022-09-27 21:30:00";-10
"2022-09-27 22:00:00";-9
"2022-09-27 22:30:00";-9
"2022-09-27 23:00:00";-8
"2022-09-27 23:30:00";-8
"2022-09-28 00:00:00";-8
"2022-09-28 00:30:00";-8
"2022-09-28 01:00:00";-8
"2022-09-28 01:30:00";-8
"2022-09-28 02:00:00";-8
"2022-09-28 03:00:00";-9
"2022-09-28 03:30:00";-9
"2022-09-28 04:00:00";-9
"2022-09-28 04:30:00";-9
"2022-09-28 05:00:00";-9
"2022-09-28 05:30:00";-9
"2022-09-28 06:00:00";-10
"2022-09-28 06:30:00";-10
"2022-09-28 07:00:00";-10
"2022-09-28 07:30:00";-10
"2022-09-28 08:00:00";-9
"2022-09-28 08:30:00";-9
"2022-09-28 09:00:00";-11
"2022-09-28 09:30:00";-11
"2022-09-28 10:00:00";-10
"2022-09-28 10:30:00";-10
"2022-09-28 11:00:00";-10
"2022-09-28 11:30:00";-9
"2022-09-28 12:00:00";-12
"2022-09-28 12:30:00";-11
"2022-09-28 13:00:00";-10
"2022-09-28 13:30:00";-13
"2022-09-28 14:00:00";-10
"2022-09-28 14:30:00";-10
"2022-09-28 15:00:00";-10
"2022-09-28 15:30:00";-11
"2022-09-28 16:00:00";-10
"2022-09-28 16:30:00";-10
"2022-09-28 17:00:00";-10
"2022-09-28 17:30:00";-8
"2022-09-28 18:00:00";-8
"2022-09-28 18:30:00";-9
"2022-09-28 19:00:00";-8
"2022-09-28 19:30:00";-7
"2022-09-28 20:00:00";-8
"2022-09-28 20:30:00";-6
"2022-09-28 21:00:00";-7
"2022-09-28 21:30:00";-6
"2022-09-28 22:00:00";-6
"2022-09-28 22:30:00";-5
"2022-09-28 23:00:00";-6
"2022-09-28 23:30:00";-4
"2022-09-29 00:00:00";-4
"2022-09-29 00:30:00";-4
"2022-09-29 01:00:00";-4
"2022-09-29 01:30:00";-3
"2022-09-29 02:00:00";-4
"2022-09-29 03:00:00";-4
"2022-09-29 03:30:00";-4
"2022-09-29 04:00:00";-4
"2022-09-29 04:30:00";-5
"2022-09-29 05:00:00";-5
"2022-09-29 05:30:00";-4
"2022-09-29 06:00:00";-5
"2022-09-29 06:30:00";-6
"2022-09-29 07:00:00";-5
"2022-09-29 07:30:00";-6
"2022-09-29 08:00:00";-6
"2022-09-29 08:30:00";-5
"2022-09-29 09:00:00";-6
"2022-09-29 09:30:00";-6
"2022-09-29 10:00:00";-6
"2022-09-29 10:30:00";-6
"2022-09-29 11:00:00";-7
"2022-09-29 11:30:00";-7
"2022-09-29 12:00:00";-7
"2022-09-29 12:30:00";-9
"2022-09-29 13:00:00";-8
"2022-09-29 13:30:00";-10
"2022-09-29 14:00:00";-8
"2022-09-29 14:30:00";-9
"2022-09-29 15:00:00";-10
"2022-09-29 15:30:00";-9
"2022-09-29 16:00:00";-8
"2022-09-29 16:30:00";-9
"2022-09-29 17:00:00";-8
"2022-09-29 17:30:00";-7
"2022-09-29 18:00:00";-8
"2022-09-29 18:30:00";-6
"2022-09-29 19:00:00";-8
"2022-09-29 19:30:00";-8
"2022-09-29 20:00:00";-9
"2022-09-29 20:30:00";-9
"2022-09-29 21:00:00";-8
"2022-09-29 21:30:00";-8
"2022-09-29 22:00:00";-9
"2022-09-29 22:30:00";-9
"2022-09-29 23:00:00";-8
"2022-09-29 23:30:00";-9
"2022-09-30 00:00:00";-8
"2022-09-30 00:30:00";-9
"2022-09-30 01:00:00";-8
"2022-09-30 01:30:00";-8
"2022-09-30 02:00:00";-8
"2022-09-30 03:00:00";-9
"2022-09-30 03:30:00";-10
"2022-09-30 04:00:00";-10
"2022-09-30 04:30:00";-10
"2022-09-30 05:00:00";-9
"2022-09-30 05:30:00";-10
"2022-09-30 06:00:00";-9
"2022-09-30 06:30:00";-10
"2022-09-30 07:00:00";-9
"2022-09-30 07:30:00";-9
"2022-09-30 08:00:00";-9
"2022-09-30 08:30:00";-9
"2022-09-30 09:00:00";-10
"2022-09-30 09:30:00";-9
"2022-09-30 10:00:00";-10
"2022-09-30 10:30:00";-9
"2022-09-30 11:00:00";-9
"2022-09-30 11:30:00";-10
"2022-09-30 12:00:00";-10
"2022-09-30 12:30:00";-9
"2022-09-30 13:00:00";-11
"2022-09-30 13:30:00";-11
"2022-09-30 14:00:00";-10
"2022-09-30 14:30:00";-10
"2022-09-30 15:00:00";-9
"2022-09-30 15:30:00";-10
"2022-09-30 16:00:00";-10
"2022-09-30 16:30:00";-9
"2022-09-30 17:00:00";-9
"2022-09-30 17:30:00";-9
"2022-09-30 18:00:00";-10
"2022-09-30 18:30:00";-9
"2022-09-30 19:00:00";-9
"2022-09-30 19:30:00";-9
"2022-09-30 20:00:00";-9
"2022-09-30 20:30:00";-9
"2022-09-30 21:00:00";-10
"2022-09-30 21:30:00";-9
"2022-09-30 22:00:00";-9
"2022-09-30 22:30:00";-8
"2022-09-30 23:00:00";-8
"2022-09-30 23:30:00";-9
"2022-10-01 00:00:00";-9
"2022-10-01 00:30:00";-9
"2022-10-01 01:00:00";-9
"2022-10-01 04:00:00";-9
"2022-10-01 04:30:00";-10
"2022-10-01 05:00:00";-10
"2022-10-01 05:30:00";-10
"2022-10-01 06:00:00";-10
"2022-10-01 06:30:00";-10
"2022-10-01 07:00:00";-11
"2022-10-01 07:30:00";-10
"2022-10-01 08:00:00";-10
"2022-10-01 08:30:00";-10
"2022-10-01 09:00:00";-10
"2022-10-01 09:30:00";-9
"2022-10-01 10:00:00";-9
"2022-10-01 11:00:00";-10
"2022-10-01 11:30:00";-10
"2022-10-01 12:00:00";-12
"2022-10-01 12:30:00";-9
"2022-10-01 13:00:00";-11
"2022-10-01 13:30:00";-11
"2022-10-01 14:00:00";-11
"2022-10-01 14:30:00";-12
"2022-10-01 15:00:00";-10
"2022-10-01 15:30:00";-11
"2022-10-01 16:00:00";-11
"2022-10-01 16:30:00";-10
"2022-10-01 17:00:00";-10
"2022-10-01 17:30:00";-10
"2022-10-01 18:00:00";-11
"2022-10-01 18:30:00";-10
"2022-10-01 19:00:00";-10
"2022-10-01 19:30:00";-9
"2022-10-01 20:00:00";-10
"2022-10-01 20:30:00";-10
"2022-10-01 21:00:00";-9
"2022-10-01 21:30:00";-10
"2022-10-01 22:00:00";-11
"2022-10-01 22:30:00";-9
"2022-10-01 23:00:00";-9
"2022-10-01 23:30:00";-9
"2022-10-02 00:00:00";-6
"2022-10-02 00:30:00";-4
"2022-10-02 01:00:00";-2
"2022-10-02 01:30:00";2
"2022-10-02 02:00:00";4
"2022-10-02 03:00:00";7
"2022-10-02 03:30:00";8
"2022-10-02 04:00:00";8
"2022-10-02 04:30:00";8
"2022-10-02 05:00:00";7
"2022-10-02 05:30:00";7
"2022-10-02 06:00:00";8
"2022-10-02 06:30:00";8
"2022-10-02 07:00:00";9
"2022-10-02 07:30:00";7
"2022-10-02 08:00:00";7
"2022-10-02 08:30:00";5
"2022-10-02 09:00:00";6
"2022-10-02 09:30:00";4
"2022-10-02 10:00:00";3
"2022-10-02 10:30:00";4
"2022-10-02 11:00:00";2
"2022-10-02 11:30:00";2
"2022-10-02 12:00:00";-2
"2022-10-02 12:30:00";-4
"2022-10-02 13:00:00";-3
"2022-10-02 13:30:00";-1
"2022-10-02 14:00:00";-2
"2022-10-02 14:30:00";-3
"2022-10-02 15:00:00";-5
"2022-10-02 15:30:00";-5
"2022-10-02 16:00:00";-6
"2022-10-02 16:30:00";-7
"2022-10-02 17:00:00";-4
"2022-10-02 17:30:00";-5
"2022-10-02 18:00:00";-7
"2022-10-02 18:30:00";-4
"2022-10-02 19:00:00";-3
"2022-10-02 19:30:00";-2
"2022-10-02 20:00:00";1
"2022-10-02 20:30:00";4
"2022-10-02 21:00:00";4
"2022-10-02 21:30:00";6
"2022-10-02 22:00:00";5
"2022-10-02 22:30:00";5
"2022-10-02 23:00:00";5
"2022-10-02 23:30:00";4
"2022-10-03 00:00:00";4
"2022-10-03 00:30:00";2
"2022-10-03 01:00:00";2
"2022-10-03 01:30:00";0
"2022-10-03 02:00:00";1
"2022-10-03 03:00:00";0
"2022-10-03 03:30:00";0
"2022-10-03 04:00:00";-2
"2022-10-03 04:30:00";-3
"2022-10-03 05:00:00";-3
"2022-10-03 05:30:00";-3
"2022-10-03 06:00:00";-3
"2022-10-03 06:30:00";-2
"2022-10-03 07:00:00";-4
"2022-10-03 07:30:00";-5
"2022-10-03 08:00:00";-5
"2022-10-03 08:30:00";-5
"2022-10-03 09:00:00";-4
"2022-10-03 09:30:00";-5
"2022-10-03 10:00:00";-5
"2022-10-03 10:30:00";-5
"2022-10-03 11:00:00";-4
"2022-10-03 11:30:00";-5
"2022-10-03 12:00:00";-8
"2022-10-03 12:30:00";-9
"2022-10-03 13:00:00";-8
"2022-10-03 13:30:00";-8
"2022-10-03 14:00:00";-9
"2022-10-03 14:30:00";-8
"2022-10-03 15:00:00";-9
"2022-10-03 15:30:00";-8
"2022-10-03 16:00:00";-9
"2022-10-03 16:30:00";-9
"2022-10-03 17:00:00";-7
"2022-10-03 17:30:00";-8
"2022-10-03 18:00:00";-11
"2022-10-03 18:30:00";-8
"2022-10-03 19:00:00";-8
"2022-10-03 19:30:00";-7
"2022-10-03 20:00:00";-7
"2022-10-03 20:30:00";-6
"2022-10-03 21:00:00";-5
"2022-10-03 21:30:00";-4
"2022-10-03 22:00:00";-3
"2022-10-03 22:30:00";-3
"2022-10-03 23:00:00";-3
"2022-10-03 23:30:00";-3
"2022-10-04 00:00:00";-3
"2022-10-04 00:30:00";-3
"2022-10-04 01:00:00";-4
"2022-10-04 01:30:00";-3
"2022-10-04 02:00:00";-4
"2022-10-04 03:00:00";-5
"2022-10-04 03:30:00";-5
"2022-10-04 04:00:00";-5
"2022-10-04 04:30:00";-5
"2022-10-04 05:00:00";-6
"2022-10-04 05:30:00";-5
"2022-10-04 06:00:00";-6
"2022-10-04 06:30:00";-6
"2022-10-04 07:00:00";-7
"2022-10-04 07:30:00";-7
"2022-10-04 08:00:00";-7
"2022-10-04 08:30:00";-7
"2022-10-04 09:00:00";-7
"2022-10-04 09:30:00";-6
"2022-10-04 10:00:00";-8
"2022-10-04 10:30:00";-7
"2022-10-04 11:00:00";-6
"2022-10-04 11:30:00";-5
"2022-10-04 12:00:00";-10
"2022-10-04 12:30:00";-10
"2022-10-04 13:00:00";-9
"2022-10-04 13:30:00";-9
"2022-10-04 14:00:00";-9
"2022-10-04 14:30:00";-9
"2022-10-04 15:00:00";-9
"2022-10-04 15:30:00";-9
"2022-10-04 16:00:00";-8
"2022-10-04 16:30:00";-9
"2022-10-04 17:00:00";-8
"2022-10-04 17:30:00";-7
"2022-10-04 18:00:00";-7
"2022-10-04 18:30:00";-8
"2022-10-04 19:00:00";-7
"2022-10-04 19:30:00";-9
"2022-10-04 20:00:00";-7
"2022-10-04 20:30:00";-8
"2022-10-04 21:00:00";-6
"2022-10-04 21:30:00";-5
"2022-10-04 22:00:00";-4
"2022-10-04 22:30:00";-5
"2022-10-04 23:00:00";-5
"2022-10-04 23:30:00";-4
"2022-10-05 00:00:00";-4
"2022-10-05 00:30:00";-5
"2022-10-05 01:00:00";-4
"2022-10-05 01:30:00";-4
"2022-10-05 02:00:00";-5
"2022-10-05 03:00:00";-5
"2022-10-05 03:30:00";-5
"2022-10-05 04:00:00";-6
"2022-10-05 04:30:00";-6
"2022-10-05 05:00:00";-6
"2022-10-05 05:30:00";-6
"2022-10-05 06:00:00";-5
"2022-10-05 06:30:00";-7
"2022-10-05 07:00:00";-6
"2022-10-05 07:30:00";-7
"2022-10-05 08:00:00";-7
"2022-10-05 08:30:00";-7
"2022-10-05 09:00:00";-7
"2022-10-05 10:00:00";-7
"2022-10-05 10:30:00";-8
"2022-10-05 11:00:00";-6
"2022-10-05 11:30:00";-7
"2022-10-05 12:00:00";-7
"2022-10-05 12:30:00";-8
"2022-10-05 13:00:00";-8
"2022-10-05 13:30:00";-9
"2022-10-05 14:00:00";-10
"2022-10-05 14:30:00";-10
"2022-10-05 15:00:00";-10
"2022-10-05 15:30:00";-10
"2022-10-05 16:00:00";-10
"2022-10-05 16:30:00";-9
"2022-10-05 17:00:00";-8
"2022-10-05 17:30:00";-7
"2022-10-05 18:00:00";-7
"2022-10-05 18:30:00";-7
"2022-10-05 19:00:00";-6
"2022-10-05 19:30:00";-5
"2022-10-05 20:00:00";-5
"2022-10-05 20:30:00";-4
"2022-10-05 21:00:00";-3
"2022-10-05 21:30:00";-3
"2022-10-05 22:00:00";-3
"2022-10-05 22:30:00";-2
"2022-10-05 23:00:00";-2
"2022-10-05 23:30:00";-2
"2022-10-06 00:00:00";-2
"2022-10-06 00:30:00";-1
"2022-10-06 01:00:00";-3
"2022-10-06 01:30:00";-3
"2022-10-06 02:00:00";-3
"2022-10-06 03:00:00";-4
"2022-10-06 03:30:00";-3
"2022-10-06 04:00:00";-4
"2022-10-06 04:30:00";-5
"2022-10-06 05:00:00";-5
"2022-10-06 05:30:00";-5
"2022-10-06 06:00:00";-6
"2022-10-06 06:30:00";-6
"2022-10-06 07:00:00";-6
"2022-10-06 07:30:00";-6
"2022-10-06 08:00:00";-6
"2022-10-06 08:30:00";-6
"2022-10-06 09:00:00";-6
"2022-10-06 09:30:00";-7
"2022-10-06 10:00:00";-7
"2022-10-06 10:30:00";-8
"2022-10-06 11:00:00";-6
"2022-10-06 11:30:00";-7
"2022-10-06 12:00:00";-10
"2022-10-06 12:30:00";-11
"2022-10-06 13:00:00";-9
"2022-10-06 13:30:00";-10
"2022-10-06 14:00:00";-9
"2022-10-06 14:30:00";-9
"2022-10-06 15:00:00";-9
"2022-10-06 15:30:00";-8
"2022-10-06 16:00:00";-8
"2022-10-06 16:30:00";-9
"2022-10-06 17:00:00";-7
"2022-10-06 17:30:00";-6
"2022-10-06 18:00:00";-5
"2022-10-06 18:30:00";-4
"2022-10-06 19:00:00";-4
"2022-10-06 19:30:00";-3
"2022-10-06 20:00:00";-5
"2022-10-06 20:30:00";-4
"2022-10-06 21:00:00";-2
"2022-10-06 21:30:00";-1
"2022-10-06 22:00:00";-1
"2022-10-06 22:30:00";-1
"2022-10-06 23:00:00";-1
"2022-10-06 23:30:00";0
"2022-10-07 00:00:00";0
"2022-10-07 00:30:00";-2
"2022-10-07 01:00:00";-2
"2022-10-07 01:30:00";-2
"2022-10-07 02:00:00";-3
"2022-10-07 03:00:00";-5
"2022-10-07 03:30:00";-4
"2022-10-07 04:00:00";-4
"2022-10-07 04:30:00";-5
"2022-10-07 05:00:00";-5
"2022-10-07 05:30:00";-6
"2022-10-07 06:00:00";-6
"2022-10-07 06:30:00";-5
"2022-10-07 07:00:00";-6
"2022-10-07 07:30:00";-6
"2022-10-07 08:00:00";-6
"2022-10-07 08:30:00";-6
"2022-10-07 09:00:00";-5
"2022-10-07 09:30:00";-5
"2022-10-07 10:00:00";-6
"2022-10-07 10:30:00";-7
"2022-10-07 11:00:00";-5
"2022-10-07 11:30:00";-6
"2022-10-07 12:00:00";-9
"2022-10-07 12:30:00";-9
"2022-10-07 13:00:00";-10
"2022-10-07 13:30:00";-9
"2022-10-07 14:00:00";-10
"2022-10-08 01:00:00";-3
"2022-10-08 01:30:00";-4
"2022-10-08 02:00:00";-5
"2022-10-08 02:30:00";-4
"2022-10-08 03:00:00";-5
"2022-10-08 03:30:00";-5
"2022-10-08 04:00:00";-5
"2022-10-08 04:30:00";-5
"2022-10-08 05:00:00";-6
"2022-10-08 05:30:00";-6
"2022-10-08 06:00:00";-6
"2022-10-08 06:30:00";-7
"2022-10-08 07:00:00";-7
"2022-10-08 07:30:00";-7
"2022-10-08 08:00:00";-7
"2022-10-08 08:30:00";-7
"2022-10-08 09:00:00";-7
"2022-10-08 09:30:00";-7
"2022-10-08 10:00:00";-6
"2022-10-08 10:30:00";-7
"2022-10-08 11:00:00";-6
"2022-10-08 11:30:00";-5
"2022-10-08 12:00:00";-9
"2022-10-08 12:30:00";-9
"2022-10-08 13:00:00";-9
"2022-10-08 13:30:00";-9
"2022-10-08 14:00:00";-9
"2022-10-08 14:30:00";-8
"2022-10-08 15:00:00";-8
"2022-10-08 15:30:00";-9
"2022-10-08 16:00:00";-8
"2022-10-08 16:30:00";-8
"2022-10-08 17:00:00";-8
"2022-10-08 17:30:00";-8
"2022-10-08 18:00:00";-7
"2022-10-08 18:30:00";-7
"2022-10-08 19:00:00";-8
"2022-10-08 19:30:00";-7
"2022-10-08 20:00:00";-6
"2022-10-08 20:30:00";-6
"2022-10-08 21:00:00";-7
"2022-10-08 21:30:00";-5
"2022-10-08 22:00:00";-5
"2022-10-08 22:30:00";-2
"2022-10-08 23:00:00";2
"2022-10-08 23:30:00";7
"2022-10-09 00:00:00";8
"2022-10-09 00:30:00";8
"2022-10-09 01:00:00";7
"2022-10-09 01:30:00";6
"2022-10-09 02:00:00";5
"2022-10-09 02:30:00";5
"2022-10-09 03:00:00";4
"2022-10-09 03:30:00";3
"2022-10-09 04:00:00";2
"2022-10-09 04:30:00";2
"2022-10-09 05:00:00";2
"2022-10-09 05:30:00";2
"2022-10-09 06:00:00";2
"2022-10-09 06:30:00";3
"2022-10-09 07:00:00";4
"2022-10-09 07:30:00";5
"2022-10-09 08:00:00";5
"2022-10-09 08:30:00";5
"2022-10-09 09:00:00";5
"2022-10-09 09:30:00";6
"2022-10-09 10:00:00";6
"2022-10-09 10:30:00";6
"2022-10-09 11:00:00";5
"2022-10-09 11:30:00";6
"2022-10-09 12:00:00";4
"2022-10-09 12:30:00";5
"2022-10-09 13:00:00";4
"2022-10-09 13:30:00";5
"2022-10-09 14:00:00";5
"2022-10-09 14:30:00";5
"2022-10-09 15:00:00";5
"2022-10-09 15:30:00";6
"2022-10-09 16:00:00";6
"2022-10-09 16:30:00";8
"2022-10-09 17:00:00";8
"2022-10-09 17:30:00";11
"2022-10-09 18:00:00";11
"2022-10-09 18:30:00";14
"2022-10-09 19:00:00";14
"2022-10-09 19:30:00";15
"2022-10-09 20:00:00";15
"2022-10-09 20:30:00";15
"2022-10-09 21:00:00";16
"2022-10-09 21:30:00";15
"2022-10-09 22:00:00";15
"2022-10-09 22:30:00";15
"2022-10-09 23:00:00";15
"2022-10-09 23:30:00";15
"2022-10-10 00:00:00";15
"2022-10-10 00:30:00";16
"2022-10-10 01:00:00";15
"2022-10-10 01:30:00";17
"2022-10-10 02:00:00";18
"2022-10-10 02:30:00";19
"2022-10-10 03:00:00";20
"2022-10-10 03:30:00";21
"2022-10-10 04:00:00";22
"2022-10-10 04:30:00";24
"2022-10-10 05:00:00";24
"2022-10-10 05:30:00";25
"2022-10-10 06:00:00";23
"2022-10-10 06:30:00";24
"2022-10-10 07:00:00";23
"2022-10-10 07:30:00";22
"2022-10-10 08:00:00";22
"2022-10-10 08:30:00";22
"2022-10-10 09:00:00";21
"2022-10-10 09:30:00";22
"2022-10-10 10:00:00";21
"2022-10-10 10:30:00";21
"2022-10-10 11:00:00";21
"2022-10-10 11:30:00";22
"2022-10-10 12:00:00";22
"2022-10-10 12:30:00";22
"2022-10-10 13:00:00";20
"2022-10-10 13:30:00";20
"2022-10-10 14:00:00";19
"2022-10-10 14:30:00";18
"2022-10-10 15:00:00";18
"2022-10-10 15:30:00";16
"2022-10-10 16:00:00";16
"2022-10-10 16:30:00";16
"2022-10-10 17:00:00";15
"2022-10-10 17:30:00";16
"2022-10-10 18:00:00";16
"2022-10-10 18:30:00";15
"2022-10-10 19:00:00";14
"2022-10-10 19:30:00";13
"2022-10-10 20:00:00";13
"2022-10-10 20:30:00";13
"2022-10-10 21:00:00";13
"2022-10-10 21:30:00";13
"2022-10-10 22:00:00";13
"2022-10-10 22:30:00";13
"2022-10-10 23:00:00";14
"2022-10-10 23:30:00";13
"2022-10-11 00:00:00";14
"2022-10-11 00:30:00";12
"2022-10-11 01:00:00";12
"2022-10-11 01:30:00";12
"2022-10-11 02:00:00";12
"2022-10-11 02:30:00";11
"2022-10-11 03:00:00";10
"2022-10-11 03:30:00";11
"2022-10-11 04:00:00";10
"2022-10-11 04:30:00";9
"2022-10-11 05:00:00";9
"2022-10-11 05:30:00";9
"2022-10-11 06:00:00";10
"2022-10-11 06:30:00";8
"2022-10-11 07:00:00";8
"2022-10-11 07:30:00";8
"2022-10-11 08:00:00";8
"2022-10-11 08:30:00";8
"2022-10-11 09:00:00";7
"2022-10-11 09:30:00";7
"2022-10-11 10:00:00";7
"2022-10-11 10:30:00";7
"2022-10-11 11:00:00";9
"2022-10-11 11:30:00";8
"2022-10-11 12:00:00";6
"2022-10-11 12:30:00";4
"2022-10-11 13:00:00";4
"2022-10-11 13:30:00";4
"2022-10-11 14:00:00";3
"2022-10-11 14:30:00";3
"2022-10-11 15:00:00";4
"2022-10-11 15:30:00";4
"2022-10-11 16:00:00";3
"2022-10-11 16:30:00";4
"2022-10-11 17:00:00";5
"2022-10-11 17:30:00";6
"2022-10-11 18:00:00";5
"2022-10-11 18:30:00";3
"2022-10-11 19:00:00";3
"2022-10-11 19:30:00";3
"2022-10-11 20:00:00";4
"2022-10-11 20:30:00";5
"2022-10-11 21:00:00";5
"2022-10-11 21:30:00";5
"2022-10-11 22:00:00";4
"2022-10-11 22:30:00";4
"2022-10-11 23:00:00";5
"2022-10-11 23:30:00";5
"2022-10-12 00:00:00";6
"2022-10-12 00:30:00";7
"2022-10-12 01:00:00";8
"2022-10-12 01:30:00";8
"2022-10-12 02:00:00";8
"2022-10-12 02:30:00";7
"2022-10-12 03:00:00";6
"2022-10-12 03:30:00";6
"2022-10-12 04:00:00";5
"2022-10-12 04:30:00";5
"2022-10-12 05:00:00";5
"2022-10-12 05:30:00";4
"2022-10-12 06:00:00";5
"2022-10-12 06:30:00";4
"2022-10-12 07:00:00";4
"2022-10-12 07:30:00";4
"2022-10-12 08:00:00";4
"2022-10-12 08:30:00";4
"2022-10-12 10:00:00";4
"2022-10-12 10:30:00";5
"2022-10-12 11:00:00";5
"2022-10-12 11:30:00";4
"2022-10-12 12:00:00";3
"2022-10-12 12:30:00";1
"2022-10-12 13:30:00";2
"2022-10-12 14:00:00";3
"2022-10-12 14:30:00";2
"2022-10-12 15:00:00";3
"2022-10-12 15:30:00";2
"2022-10-12 16:00:00";1
"2022-10-12 16:30:00";2
"2022-10-12 17:00:00";3
"2022-10-12 17:30:00";3
"2022-10-12 18:00:00";1
"2022-10-12 18:30:00";1
"2022-10-12 19:00:00";1
"2022-10-12 19:30:00";1
"2022-10-12 20:00:00";2
"2022-10-12 20:30:00";1
"2022-10-12 21:00:00";1
"2022-10-12 21:30:00";1
"2022-10-12 22:00:00";1
"2022-10-12 22:30:00";1
"2022-10-12 23:00:00";1
"2022-10-12 23:30:00";1
"2022-10-13 00:00:00";2
"2022-10-13 00:30:00";2
"2022-10-13 01:00:00";3
"2022-10-13 01:30:00";2
"2022-10-13 02:00:00";2
"2022-10-13 02:30:00";2
"2022-10-13 03:00:00";2
"2022-10-13 03:30:00";2
"2022-10-13 04:00:00";2
"2022-10-13 04:30:00";2
"2022-10-13 05:00:00";2
"2022-10-13 05:30:00";1
"2022-10-13 06:00:00";1
"2022-10-13 06:30:00";2
"2022-10-13 07:00:00";2
"2022-10-13 07:30:00";1
"2022-10-13 08:00:00";2
"2022-10-13 08:30:00";1
"2022-10-13 09:00:00";1
"2022-10-13 09:30:00";1
"2022-10-13 10:00:00";2
"2022-10-13 10:30:00";2
"2022-10-13 11:00:00";1
"2022-10-13 11:30:00";1
"2022-10-13 12:00:00";1
"2022-10-13 12:30:00";0
"2022-10-13 13:00:00";0
"2022-10-13 13:30:00";-1
"2022-10-13 14:00:00";-1
"2022-10-13 14:30:00";-1
"2022-10-13 15:00:00";0
"2022-10-13 15:30:00";0
"2022-10-13 16:00:00";0
"2022-10-13 16:30:00";1
"2022-10-13 17:00:00";-1
"2022-10-13 17:30:00";0
"2022-10-13 18:00:00";0
"2022-10-13 18:30:00";0
"2022-10-13 19:00:00";-1
"2022-10-13 19:30:00";0
"2022-10-13 20:00:00";-2
"2022-10-13 20:30:00";-1
"2022-10-13 21:00:00";0
"2022-10-13 21:30:00";1
"2022-10-13 22:00:00";-1
"2022-10-13 22:30:00";0
"2022-10-13 23:00:00";0
"2022-10-13 23:30:00";0
"2022-10-14 00:00:00";0
"2022-10-14 00:30:00";0
"2022-10-14 01:00:00";0
"2022-10-14 01:30:00";0
"2022-10-14 02:00:00";0
"2022-10-14 02:30:00";0
"2022-10-14 03:00:00";-1
"2022-10-14 03:30:00";0
"2022-10-14 04:00:00";-1
"2022-10-14 04:30:00";-1
"2022-10-14 05:00:00";-1
"2022-10-14 05:30:00";-1
"2022-10-14 06:00:00";-1
"2022-10-14 06:30:00";-1
"2022-10-14 07:00:00";-1
"2022-10-14 07:30:00";-2
"2022-10-14 08:00:00";-1
"2022-10-14 08:30:00";-1
"2022-10-14 09:00:00";-2
"2022-10-14 09:30:00";-1
"2022-10-14 10:00:00";-1
"2022-10-14 10:30:00";-1
"2022-10-14 11:00:00";-2
"2022-10-14 11:30:00";-1
"2022-10-14 12:00:00";-5
"2022-10-14 12:30:00";-5
"2022-10-14 13:00:00";-5
"2022-10-14 13:30:00";-4
"2022-10-14 14:00:00";-3
"2022-10-14 14:30:00";-3
"2022-10-14 15:00:00";-3
"2022-10-14 15:30:00";-3
"2022-10-14 16:00:00";-2
"2022-10-14 16:30:00";-2
"2022-10-14 17:00:00";-2
"2022-10-14 17:30:00";-2
"2022-10-14 18:00:00";-2
"2022-10-14 18:30:00";-2
"2022-10-14 19:00:00";-1
"2022-10-14 19:30:00";-2
"2022-10-14 20:00:00";-1
"2022-10-14 20:30:00";-1
"2022-10-14 21:00:00";-1
"2022-10-14 21:30:00";-1
"2022-10-14 22:00:00";-1
"2022-10-14 22:30:00";0
"2022-10-14 23:00:00";1
"2022-10-14 23:30:00";2
"2022-10-15 00:00:00";2
"2022-10-15 00:30:00";2
"2022-10-15 01:00:00";2
"2022-10-15 01:30:00";2
"2022-10-15 02:00:00";2
"2022-10-15 02:30:00";2
"2022-10-15 03:00:00";1
"2022-10-15 03:30:00";1
"2022-10-15 04:00:00";0
"2022-10-15 04:30:00";1
"2022-10-15 05:00:00";1
"2022-10-15 05:30:00";0
"2022-10-15 06:00:00";0
"2022-10-15 06:30:00";0
"2022-10-15 07:00:00";1
"2022-10-15 07:30:00";-1
"2022-10-15 08:00:00";-1
"2022-10-15 08:30:00";-1
"2022-10-15 09:00:00";-2
"2022-10-15 09:30:00";-1
"2022-10-15 10:00:00";-1
"2022-10-15 10:30:00";0
"2022-10-15 11:00:00";-1
"2022-10-15 11:30:00";0
"2022-10-15 12:00:00";-1
"2022-10-15 12:30:00";-2
"2022-10-15 13:00:00";-3
"2022-10-15 13:30:00";-3
"2022-10-15 14:00:00";-3
"2022-10-15 14:30:00";-3
"2022-10-15 15:00:00";-3
"2022-10-15 15:30:00";-4
"2022-10-15 16:00:00";-5
"2022-10-15 16:30:00";-4
"2022-10-15 17:00:00";-3
"2022-10-15 17:30:00";-3
"2022-10-15 18:00:00";-2
"2022-10-15 18:30:00";-1
"2022-10-15 19:00:00";-2
"2022-10-15 19:30:00";-2
"2022-10-15 20:00:00";-2
"2022-10-15 20:30:00";-2
"2022-10-15 21:00:00";-1
"2022-10-15 21:30:00";0
"2022-10-15 22:00:00";-1
"2022-10-15 22:30:00";0
"2022-10-15 23:00:00";-1
"2022-10-15 23:30:00";0
"2022-10-16 00:00:00";0
"2022-10-16 00:30:00";-1
"2022-10-16 01:00:00";-1
"2022-10-16 01:30:00";-1
"2022-10-16 02:00:00";-2
"2022-10-16 02:30:00";-1
"2022-10-16 03:00:00";-1
"2022-10-16 03:30:00";-1
"2022-10-16 04:00:00";-1
"2022-10-16 04:30:00";-2
"2022-10-16 05:00:00";-2
"2022-10-16 05:30:00";-2
"2022-10-16 06:00:00";-2
"2022-10-16 06:30:00";-2
"2022-10-16 07:00:00";-2
"2022-10-16 07:30:00";-2
"2022-10-16 08:00:00";-2
"2022-10-16 08:30:00";-2
"2022-10-16 09:00:00";-2
"2022-10-16 09:30:00";-2
"2022-10-16 10:00:00";-2
"2022-10-16 10:30:00";-1
"2022-10-16 11:00:00";-2
"2022-10-16 11:30:00";-3
"2022-10-16 12:00:00";-2
"2022-10-16 12:30:00";-3
"2022-10-16 13:00:00";-4
"2022-10-16 13:30:00";-5
"2022-10-16 14:00:00";-5
"2022-10-16 14:30:00";-4
"2022-10-16 15:00:00";-3
"2022-10-16 15:30:00";-4
"2022-10-16 16:00:00";-3
"2022-10-16 16:30:00";-4
"2022-10-16 17:00:00";-4
"2022-10-16 17:30:00";-2
"2022-10-16 18:00:00";-2
"2022-10-16 18:30:00";-2
"2022-10-16 19:00:00";-2
"2022-10-16 19:30:00";-2
"2022-10-16 20:00:00";-2
"2022-10-16 20:30:00";-1
"2022-10-16 21:00:00";-2
"2022-10-16 21:30:00";-1
"2022-10-16 22:00:00";-1
"2022-10-16 22:30:00";-1
"2022-10-16 23:00:00";-2
"2022-10-16 23:30:00";-2
"2022-10-17 00:00:00";-2
"2022-10-17 00:30:00";-1
"2022-10-17 01:00:00";-2
"2022-10-17 01:30:00";-1
"2022-10-17 02:00:00";-1
"2022-10-17 02:30:00";-2
"2022-10-17 03:00:00";-2
"2022-10-17 03:30:00";-2
"2022-10-17 04:00:00";-2
"2022-10-17 04:30:00";-1
"2022-10-17 05:00:00";-2
"2022-10-17 05:30:00";-2
"2022-10-17 06:00:00";-2
"2022-10-17 06:30:00";-2
"2022-10-17 07:00:00";-3
"2022-10-17 07:30:00";-2
"2022-10-17 08:00:00";-2
"2022-10-17 08:30:00";-2
"2022-10-17 09:00:00";-3
"2022-10-17 09:30:00";-3
"2022-10-17 10:00:00";-2
"2022-10-17 10:30:00";-3
"2022-10-17 11:00:00";-2
"2022-10-17 11:30:00";-3
"2022-10-17 12:00:00";-4
"2022-10-17 12:30:00";-5
"2022-10-17 13:00:00";-5
"2022-10-17 13:30:00";-4
"2022-10-17 14:00:00";-4
"2022-10-17 14:30:00";-4
"2022-10-17 15:00:00";-4
"2022-10-17 15:30:00";-4
"2022-10-17 16:00:00";-5
"2022-10-17 16:30:00";-5
"2022-10-17 17:00:00";-4
"2022-10-17 17:30:00";-3
"2022-10-17 18:00:00";-3
"2022-10-17 18:30:00";-3
"2022-10-17 19:00:00";-2
"2022-10-17 19:30:00";-2
"2022-10-17 20:00:00";-1
"2022-10-17 20:30:00";-1
"2022-10-17 21:00:00";-1
"2022-10-17 21:30:00";-2
"2022-10-17 22:00:00";-1
"2022-10-17 22:30:00";-1
"2022-10-17 23:00:00";-1
"2022-10-17 23:30:00";-1
"2022-10-18 00:00:00";-1
"2022-10-18 00:30:00";-1
"2022-10-18 01:00:00";-1
"2022-10-18 01:30:00";-2
"2022-10-18 02:00:00";-2
"2022-10-18 02:30:00";-3
"2022-10-18 03:00:00";-3
"2022-10-18 03:30:00";-3
"2022-10-18 04:00:00";-2
"2022-10-18 04:30:00";-3
"2022-10-18 05:00:00";-4
"2022-10-18 05:30:00";-4
"2022-10-18 06:00:00";-3
"2022-10-18 06:30:00";-4
"2022-10-18 07:00:00";-4
"2022-10-18 07:30:00";-3
"2022-10-18 08:00:00";-3
"2022-10-18 08:30:00";-3
"2022-10-18 09:00:00";-4
"2022-10-18 10:00:00";-2
"2022-10-18 10:30:00";-3
"2022-10-18 11:00:00";-6
"2022-10-18 11:30:00";-7
"2022-10-18 12:00:00";-8
"2022-10-18 12:30:00";-7
"2022-10-18 13:00:00";-7
"2022-10-18 13:30:00";-6
"2022-10-18 14:00:00";-8
"2022-10-18 14:30:00";-9
"2022-10-18 15:00:00";-10
"2022-10-18 15:30:00";-9
"2022-10-18 16:30:00";-8
"2022-10-18 17:00:00";-6
"2022-10-18 17:30:00";-4
"2022-10-18 18:00:00";-3
"2022-10-18 18:30:00";-2
"2022-10-18 19:00:00";-1
"2022-10-18 19:30:00";-1
"2022-10-18 20:00:00";0
"2022-10-18 20:30:00";0
"2022-10-18 21:00:00";-1
"2022-10-18 21:30:00";-1
"2022-10-18 22:00:00";-1
"2022-10-18 22:30:00";0
"2022-10-18 23:00:00";-1
"2022-10-19 00:00:00";0
"2022-10-19 00:30:00";-2
"2022-10-19 01:00:00";-1
"2022-10-19 01:30:00";-2
"2022-10-19 02:00:00";-2
"2022-10-19 02:30:00";-2
"2022-10-19 03:00:00";-2
"2022-10-19 03:30:00";-3
"2022-10-19 04:00:00";-3
"2022-10-19 04:30:00";-3
"2022-10-19 05:00:00";-3
"2022-10-19 05:30:00";-2
"2022-10-19 06:00:00";-4
"2022-10-19 06:30:00";-3
"2022-10-19 07:00:00";-3
"2022-10-19 07:30:00";-4
"2022-10-19 08:00:00";-3
"2022-10-19 08:30:00";-4
"2022-10-19 09:00:00";-4
"2022-10-19 09:30:00";-3
"2022-10-19 10:00:00";-3
"2022-10-19 10:30:00";-4
"2022-10-19 11:00:00";-6
"2022-10-19 11:30:00";-9
"2022-10-19 12:00:00";-9
"2022-10-19 12:30:00";-7
"2022-10-19 13:00:00";-6
"2022-10-19 13:30:00";-6
"2022-10-19 15:00:00";-7
"2022-10-19 15:30:00";-5
"2022-10-19 16:00:00";-5
"2022-10-19 16:30:00";-3
"2022-10-19 17:00:00";-3
"2022-10-19 17:30:00";-5
"2022-10-19 18:00:00";-3
"2022-10-19 18:30:00";-2
"2022-10-19 19:00:00";-1
"2022-10-19 19:30:00";-1
"2022-10-19 20:00:00";-1
"2022-10-19 20:30:00";0
"2022-10-19 21:00:00";0
"2022-10-19 21:30:00";0
"2022-10-19 22:00:00";0
"2022-10-19 22:30:00";0
"2022-10-19 23:00:00";0
"2022-10-19 23:30:00";-1
"2022-10-20 00:00:00";0
"2022-10-20 00:30:00";-1
"2022-10-20 01:00:00";-1
"2022-10-20 01:30:00";-2
"2022-10-20 02:00:00";-2
"2022-10-20 02:30:00";-2
"2022-10-20 03:00:00";-3
"2022-10-20 03:30:00";-2
"2022-10-20 04:00:00";-3
"2022-10-20 04:30:00";-3
"2022-10-20 05:00:00";-3
"2022-10-20 05:30:00";-3
"2022-10-20 06:00:00";-2
"2022-10-20 06:30:00";-3
"2022-10-20 07:00:00";-3
"2022-10-20 07:30:00";-4
"2022-10-20 08:00:00";-4
"2022-10-20 08:30:00";-4
"2022-10-20 09:00:00";-3
"2022-10-20 09:30:00";-3
"2022-10-20 10:00:00";-2
"2022-10-20 10:30:00";-3
"2022-10-20 11:00:00";-3
"2022-10-20 11:30:00";-5
"2022-10-20 12:00:00";-4
"2022-10-20 12:30:00";-4
"2022-10-20 13:00:00";-5
"2022-10-20 13:30:00";-6
"2022-10-20 14:00:00";-5
"2022-10-20 14:30:00";-5
"2022-10-20 15:00:00";-4
"2022-10-20 15:30:00";-5
"2022-10-20 16:00:00";-4
"2022-10-20 16:30:00";-4
"2022-10-20 17:00:00";-4
"2022-10-20 17:30:00";-4
"2022-10-20 18:00:00";-5
"2022-10-20 18:30:00";-5
"2022-10-20 19:00:00";-3
"2022-10-20 19:30:00";-4
"2022-10-20 20:00:00";-4
"2022-10-20 20:30:00";-5
"2022-10-20 21:00:00";-4
"2022-10-20 21:30:00";-4
"2022-10-20 22:00:00";-4
"2022-10-20 22:30:00";-3
"2022-10-20 23:00:00";-3
"2022-10-20 23:30:00";-4
"2022-10-21 00:00:00";-4
"2022-10-21 00:30:00";-4
"2022-10-21 01:00:00";-3
"2022-10-21 01:30:00";-3
"2022-10-21 02:00:00";-4
"2022-10-21 02:30:00";-4
"2022-10-21 03:00:00";-3
"2022-10-21 03:30:00";-2
"2022-10-21 04:00:00";-2
"2022-10-21 04:30:00";0
"2022-10-21 05:00:00";1
"2022-10-21 05:30:00";1
"2022-10-21 06:00:00";4
"2022-10-21 06:30:00";4
"2022-10-21 07:00:00";6
"2022-10-21 07:30:00";7
"2022-10-21 08:00:00";8
"2022-10-21 08:30:00";9
"2022-10-21 09:00:00";9
"2022-10-21 09:30:00";9
"2022-10-21 10:00:00";13
"2022-10-21 10:30:00";18
"2022-10-21 11:00:00";18
"2022-10-21 11:30:00";19
"2022-10-21 12:00:00";21
"2022-10-21 12:30:00";21
"2022-10-21 13:00:00";20
"2022-10-21 13:30:00";22
"2022-10-21 14:00:00";22
"2022-10-21 14:30:00";22
"2022-10-21 15:00:00";23
"2022-10-21 15:30:00";21
"2022-10-21 16:00:00";23
"2022-10-21 16:30:00";22
"2022-10-21 17:00:00";22
"2022-10-21 17:30:00";25
"2022-10-21 18:00:00";27
"2022-10-21 18:30:00";28
"2022-10-21 19:00:00";29
"2022-10-21 19:30:00";26
"2022-10-21 20:00:00";28
"2022-10-21 20:30:00";28
"2022-10-21 21:00:00";30
"2022-10-21 21:30:00";31
"2022-10-21 22:00:00";32
"2022-10-21 22:30:00";30
"2022-10-21 23:00:00";31
"2022-10-21 23:30:00";29
"2022-10-22 00:00:00";27
"2022-10-22 00:30:00";26
"2022-10-22 01:00:00";24
"2022-10-22 01:30:00";23
"2022-10-22 02:00:00";23
"2022-10-22 02:30:00";21
"2022-10-22 03:00:00";22
"2022-10-22 03:30:00";22
"2022-10-22 04:00:00";22
"2022-10-22 04:30:00";22
"2022-10-22 05:00:00";27
"2022-10-22 05:30:00";32
"2022-10-22 06:00:00";34
"2022-10-22 06:30:00";36
"2022-10-22 07:00:00";36
"2022-10-22 07:30:00";33
"2022-10-22 08:00:00";31
"2022-10-22 08:30:00";31
"2022-10-22 09:00:00";30
"2022-10-22 09:30:00";29
"2022-10-22 10:00:00";28
"2022-10-22 10:30:00";26
"2022-10-22 11:00:00";26
"2022-10-22 11:30:00";23
"2022-10-22 12:00:00";23
"2022-10-22 12:30:00";22
"2022-10-22 13:00:00";20
"2022-10-22 13:30:00";19
"2022-10-22 14:00:00";17
"2022-10-22 14:30:00";17
"2022-10-22 15:00:00";15
"2022-10-22 15:30:00";17
"2022-10-22 16:00:00";19
"2022-10-22 16:30:00";17
"2022-10-22 17:00:00";19
"2022-10-22 17:30:00";18
"2022-10-22 18:00:00";17
"2022-10-22 18:30:00";19
"2022-10-22 19:00:00";18
"2022-10-22 19:30:00";18
"2022-10-22 20:00:00";18
"2022-10-22 20:30:00";18
"2022-10-22 21:00:00";18
"2022-10-22 21:30:00";17
"2022-10-22 22:00:00";16
"2022-10-22 22:30:00";17
"2022-10-22 23:00:00";17
"2022-10-22 23:30:00";16
"2022-10-23 00:00:00";15
"2022-10-23 00:30:00";14
"2022-10-23 01:00:00";16
"2022-10-23 01:30:00";14
"2022-10-23 02:00:00";14
"2022-10-23 02:30:00";14
"2022-10-23 03:00:00";14
"2022-10-23 03:30:00";15
"2022-10-23 04:00:00";13
"2022-10-23 04:30:00";13
"2022-10-23 05:00:00";12
"2022-10-23 05:30:00";12
"2022-10-23 06:00:00";13
"2022-10-23 06:30:00";12
"2022-10-23 07:00:00";11
"2022-10-23 07:30:00";11
"2022-10-23 08:00:00";12
"2022-10-23 08:30:00";11
"2022-10-23 09:00:00";11
"2022-10-23 09:30:00";11
"2022-10-23 10:00:00";10
"2022-10-23 10:30:00";9
"2022-10-23 11:00:00";11
"2022-10-23 11:30:00";10
"2022-10-23 12:00:00";11
"2022-10-23 12:30:00";9
"2022-10-23 13:00:00";9
"2022-10-23 13:30:00";10
"2022-10-23 14:00:00";8
"2022-10-23 14:30:00";8
"2022-10-23 15:00:00";10
"2022-10-23 15:30:00";10
"2022-10-23 16:00:00";8
"2022-10-23 16:30:00";9
"2022-10-23 17:00:00";8
"2022-10-23 17:30:00";9
"2022-10-23 18:00:00";8
"2022-10-23 18:30:00";6
"2022-10-23 19:00:00";7
"2022-10-23 19:30:00";8
"2022-10-23 20:00:00";7
"2022-10-23 20:30:00";8
"2022-10-23 21:00:00";9
"2022-10-23 21:30:00";8
"2022-10-23 22:00:00";9
"2022-10-23 22:30:00";9
"2022-10-23 23:00:00";9
"2022-10-23 23:30:00";9
"2022-10-24 00:00:00";9
"2022-10-24 00:30:00";9
"2022-10-24 01:00:00";9
"2022-10-24 01:30:00";8
"2022-10-24 02:00:00";8
"2022-10-24 02:30:00";9
"2022-10-24 03:00:00";12
"2022-10-24 03:30:00";15
"2022-10-24 04:00:00";15
"2022-10-24 04:30:00";18
"2022-10-24 05:00:00";21
"2022-10-24 05:30:00";21
"2022-10-24 06:00:00";22
"2022-10-24 06:30:00";22
"2022-10-24 07:00:00";22
"2022-10-24 07:30:00";22
"2022-10-24 08:00:00";21
"2022-10-24 08:30:00";19
"2022-10-24 09:00:00";19
"2022-10-24 09:30:00";19
"2022-10-24 10:00:00";18
"2022-10-24 10:30:00";20
"2022-10-24 11:00:00";23
"2022-10-24 11:30:00";24
"2022-10-24 12:00:00";26
"2022-10-24 12:30:00";27
"2022-10-24 13:00:00";27
"2022-10-24 13:30:00";27
"2022-10-24 14:00:00";29
"2022-10-24 14:30:00";33
"2022-10-24 15:00:00";34
"2022-10-24 15:30:00";33
"2022-10-24 16:00:00";30
"2022-10-24 16:30:00";28
"2022-10-24 17:00:00";28
"2022-10-24 17:30:00";27
"2022-10-24 18:00:00";25
"2022-10-24 18:30:00";26
"2022-10-24 19:00:00";24
"2022-10-24 19:30:00";24
"2022-10-24 20:00:00";23
"2022-10-24 20:30:00";21
"2022-10-24 21:00:00";22
"2022-10-24 21:30:00";19
"2022-10-24 22:00:00";22
"2022-10-24 22:30:00";22
"2022-10-24 23:00:00";22
"2022-10-24 23:30:00";20
"2022-10-25 00:00:00";20
"2022-10-25 00:30:00";20
"2022-10-25 01:00:00";20
"2022-10-25 01:30:00";20
"2022-10-25 02:00:00";19
"2022-10-25 02:30:00";18
"2022-10-25 03:00:00";17
"2022-10-25 03:30:00";17
"2022-10-25 04:00:00";17
"2022-10-25 04:30:00";16
"2022-10-25 05:00:00";16
"2022-10-25 05:30:00";15
"2022-10-25 06:00:00";15
"2022-10-25 06:30:00";15
"2022-10-25 07:00:00";15
"2022-10-25 07:30:00";13
"2022-10-25 08:00:00";13
"2022-10-25 08:30:00";14
"2022-10-25 09:00:00";13
"2022-10-25 09:30:00";13
"2022-10-25 10:00:00";14
"2022-10-25 10:30:00";13
"2022-10-25 11:00:00";11
"2022-10-25 11:30:00";9
"2022-10-25 12:00:00";7
"2022-10-25 12:30:00";8
"2022-10-25 13:00:00";10
"2022-10-25 13:30:00";8
"2022-10-25 14:00:00";9
"2022-10-25 14:30:00";11
"2022-10-25 15:00:00";10
"2022-10-25 15:30:00";12
"2022-10-25 16:00:00";13
"2022-10-25 16:30:00";12
"2022-10-25 17:00:00";13
"2022-10-25 17:30:00";14
"2022-10-25 18:00:00";13
"2022-10-25 18:30:00";12
"2022-10-25 19:00:00";11
"2022-10-25 19:30:00";12
"2022-10-25 20:00:00";12
"2022-10-25 20:30:00";12
"2022-10-25 21:00:00";11
"2022-10-25 21:30:00";12
"2022-10-25 22:00:00";12
"2022-10-25 22:30:00";11
"2022-10-25 23:00:00";11
"2022-10-25 23:30:00";11
"2022-10-26 00:00:00";10
"2022-10-26 00:30:00";10
"2022-10-26 01:00:00";10
"2022-10-26 01:30:00";10
"2022-10-26 02:00:00";11
"2022-10-26 02:30:00";10
"2022-10-26 03:00:00";9
"2022-10-26 03:30:00";10
"2022-10-26 04:00:00";10
"2022-10-26 04:30:00";9
"2022-10-26 05:00:00";9
"2022-10-26 05:30:00";10
"2022-10-26 06:00:00";9
"2022-10-26 06:30:00";9
"2022-10-26 07:00:00";10
"2022-10-26 07:30:00";9
"2022-10-26 08:00:00";8
"2022-10-26 08:30:00";10
"2022-10-26 09:00:00";9
"2022-10-26 09:30:00";10
"2022-10-26 10:00:00";10
"2022-10-26 10:30:00";10
"2022-10-26 11:00:00";8
"2022-10-26 11:30:00";7
"2022-10-26 12:00:00";6
"2022-10-26 12:30:00";6
"2022-10-26 13:00:00";7
"2022-10-26 13:30:00";5
"2022-10-26 14:00:00";5
"2022-10-26 14:30:00";5
"2022-10-26 15:00:00";6
"2022-10-26 15:30:00";7
"2022-10-26 16:00:00";6
"2022-10-26 16:30:00";7
"2022-10-26 17:00:00";9
"2022-10-26 17:30:00";8
"2022-10-26 18:00:00";9
"2022-10-26 18:30:00";10
"2022-10-26 19:00:00";10
"2022-10-26 19:30:00";10
"2022-10-26 20:00:00";10
"2022-10-26 20:30:00";10
"2022-10-26 21:00:00";11
"2022-10-26 21:30:00";11
"2022-10-26 22:00:00";10
"2022-10-26 22:30:00";10
"2022-10-26 23:00:00";9
"2022-10-26 23:30:00";10
"2022-10-27 00:00:00";9
"2022-10-27 00:30:00";9
"2022-10-27 01:00:00";8
"2022-10-27 01:30:00";7
"2022-10-27 02:00:00";9
"2022-10-27 02:30:00";8
"2022-10-27 03:00:00";7
"2022-10-27 03:30:00";7
"2022-10-27 04:00:00";6
"2022-10-27 04:30:00";7
"2022-10-27 05:00:00";7
"2022-10-27 05:30:00";7
"2022-10-27 06:00:00";7
"2022-10-27 06:30:00";7
"2022-10-27 07:00:00";5
"2022-10-27 07:30:00";7
"2022-10-27 08:00:00";7
"2022-10-27 08:30:00";7
"2022-10-27 09:00:00";6
"2022-10-27 09:30:00";6
"2022-10-27 10:00:00";6
"2022-10-27 10:30:00";6
"2022-10-27 11:00:00";3
"2022-10-27 11:30:00";3
"2022-10-27 12:00:00";0
"2022-10-27 12:30:00";0
"2022-10-27 13:00:00";1
"2022-10-27 13:30:00";0
"2022-10-27 14:00:00";1
"2022-10-27 14:30:00";-1
"2022-10-27 15:00:00";0
"2022-10-27 15:30:00";1
"2022-10-27 16:00:00";4
"2022-10-27 16:30:00";3
"2022-10-27 17:00:00";5
"2022-10-27 17:30:00";6
"2022-10-27 18:00:00";7
"2022-10-27 18:30:00";8
"2022-10-27 19:00:00";8
"2022-10-27 19:30:00";9
"2022-10-27 20:00:00";9
"2022-10-27 20:30:00";10
"2022-10-27 21:00:00";9
"2022-10-27 21:30:00";9
"2022-10-27 22:00:00";8
"2022-10-27 22:30:00";8
"2022-10-27 23:00:00";8
"2022-10-27 23:30:00";8
"2022-10-28 00:00:00";7
"2022-10-28 00:30:00";7
"2022-10-28 01:00:00";7
"2022-10-28 01:30:00";7
"2022-10-28 02:00:00";6
"2022-10-28 02:30:00";7
"2022-10-28 03:00:00";6
"2022-10-28 03:30:00";6
"2022-10-28 04:00:00";6
"2022-10-28 04:30:00";6
"2022-10-28 05:00:00";7
"2022-10-28 05:30:00";6
"2022-10-28 06:00:00";6
"2022-10-28 06:30:00";5
"2022-10-28 07:00:00";5
"2022-10-28 07:30:00";4
"2022-10-28 08:00:00";6
"2022-10-28 08:30:00";5
"2022-10-28 09:00:00";6
"2022-10-28 09:30:00";5
"2022-10-28 10:00:00";5
"2022-10-28 10:30:00";6
"2022-10-28 11:00:00";4
"2022-10-28 11:30:00";3
"2022-10-28 12:00:00";0
"2022-10-28 12:30:00";-2
"2022-10-28 13:00:00";0
"2022-10-28 13:30:00";-3
"2022-10-28 14:00:00";-4
"2022-10-28 14:30:00";-1
"2022-10-28 15:00:00";-1
"2022-10-28 15:30:00";0
"2022-10-28 16:00:00";2
"2022-10-28 16:30:00";2
"2022-10-28 17:00:00";3
"2022-10-28 17:30:00";5
"2022-10-28 18:00:00";5
"2022-10-28 18:30:00";5
"2022-10-28 19:00:00";6
"2022-10-28 19:30:00";7
"2022-10-28 20:00:00";7
"2022-10-28 20:30:00";8
"2022-10-28 21:00:00";8
"2022-10-28 21:30:00";7
"2022-10-28 22:00:00";6
"2022-10-28 22:30:00";6
"2022-10-28 23:00:00";7
"2022-10-28 23:30:00";7
"2022-10-29 00:00:00";7
"2022-10-29 00:30:00";6
"2022-10-29 01:00:00";5
"2022-10-29 01:30:00";5
"2022-10-29 02:00:00";4
"2022-10-29 02:30:00";4
"2022-10-29 03:00:00";5
"2022-10-29 03:30:00";4
"2022-10-29 04:00:00";4
"2022-10-29 04:30:00";4
"2022-10-29 05:00:00";3
"2022-10-29 05:30:00";3
"2022-10-29 06:00:00";4
"2022-10-29 06:30:00";3
"2022-10-29 07:00:00";3
"2022-10-29 07:30:00";4
"2022-10-29 08:00:00";3
"2022-10-29 08:30:00";3
"2022-10-29 09:00:00";2
"2022-10-29 09:30:00";4
"2022-10-29 10:00:00";3
"2022-10-29 10:30:00";4
"2022-10-29 11:00:00";2
"2022-10-29 11:30:00";-1
"2022-10-29 12:00:00";-2
"2022-10-29 12:30:00";-4
"2022-10-29 13:00:00";-5
"2022-10-29 13:30:00";-6
"2022-10-29 14:00:00";-5
"2022-10-29 14:30:00";-5
"2022-10-29 15:00:00";-4
"2022-10-29 15:30:00";-2
"2022-10-29 16:00:00";0
"2022-10-29 16:30:00";0
"2022-10-29 17:00:00";2
"2022-10-29 17:30:00";4
"2022-10-29 18:00:00";4
"2022-10-29 18:30:00";5
"2022-10-29 19:00:00";5
"2022-10-29 19:30:00";6
"2022-10-29 20:00:00";7
"2022-10-29 20:30:00";6
"2022-10-29 21:00:00";7
"2022-10-29 21:30:00";7
"2022-10-29 22:00:00";6
"2022-10-29 22:30:00";6
"2022-10-29 23:00:00";5
"2022-10-29 23:30:00";6
"2022-10-30 00:00:00";5
"2022-10-30 00:30:00";4
"2022-10-30 01:00:00";4
"2022-10-30 01:30:00";4
"2022-10-30 02:00:00";4
"2022-10-30 02:30:00";4
"2022-10-30 03:00:00";4
"2022-10-30 05:00:00";3
"2022-10-30 05:30:00";3
"2022-10-30 06:00:00";2
"2022-10-30 06:30:00";2
"2022-10-30 07:00:00";2
"2022-10-30 07:30:00";2
"2022-10-30 08:00:00";3
"2022-10-30 08:30:00";3
"2022-10-30 09:00:00";2
"2022-10-30 09:30:00";3
"2022-10-30 10:00:00";3
"2022-10-30 10:30:00";2
"2022-10-30 11:00:00";1
"2022-10-30 11:30:00";-2
"2022-10-30 12:00:00";-3
"2022-10-30 12:30:00";-4
"2022-10-30 13:00:00";-3
"2022-10-30 13:30:00";-3
"2022-10-30 14:00:00";0
"2022-10-30 14:30:00";-2
"2022-10-30 15:00:00";-1
"2022-10-30 15:30:00";-2
"2022-10-30 16:00:00";-2
"2022-10-30 16:30:00";0
"2022-10-30 17:00:00";1
"2022-10-30 17:30:00";1
"2022-10-30 18:00:00";2
"2022-10-30 18:30:00";3
"2022-10-30 19:00:00";2
"2022-10-30 19:30:00";3
"2022-10-30 20:00:00";2
"2022-10-30 20:30:00";3
"2022-10-30 21:00:00";3
"2022-10-30 21:30:00";3
"2022-10-30 22:00:00";2
"2022-10-30 22:30:00";2
"2022-10-30 23:00:00";2
"2022-10-30 23:30:00";2
"2022-10-31 00:00:00";1
"2022-10-31 00:30:00";1
"2022-10-31 01:00:00";2
"2022-10-31 01:30:00";1
"2022-10-31 02:00:00";2
"2022-10-31 02:30:00";2
"2022-10-31 03:00:00";1
"2022-10-31 03:30:00";1
"2022-10-31 04:00:00";0
"2022-10-31 04:30:00";0
"2022-10-31 05:00:00";-1
"2022-10-31 05:30:00";1
"2022-10-31 06:00:00";0
"2022-10-31 06:30:00";1
"2022-10-31 07:00:00";0
"2022-10-31 07:30:00";0
"2022-10-31 08:00:00";0
"2022-10-31 08:30:00";1
"2022-10-31 09:00:00";1
"2022-10-31 09:30:00";2
"2022-10-31 10:00:00";-1
"2022-10-31 10:30:00";-2
"2022-10-31 11:00:00";-3
"2022-10-31 11:30:00";-6
"2022-10-31 12:00:00";-8
"2022-10-31 12:30:00";-8
"2022-10-31 13:00:00";-5
"2022-10-31 13:30:00";-4
"2022-10-31 14:00:00";-6
"2022-10-31 14:30:00";-4
"2022-10-31 15:00:00";-1
"2022-10-31 15:30:00";-1
"2022-10-31 16:00:00";-1
"2022-10-31 16:30:00";-1
"2022-10-31 17:00:00";-2
"2022-10-31 17:30:00";0
"2022-10-31 18:00:00";-1
"2022-10-31 18:30:00";2
"2022-10-31 19:00:00";1
"2022-10-31 19:30:00";2
"2022-10-31 20:00:00";1
"2022-10-31 20:30:00";2
"2022-10-31 21:00:00";1
"2022-10-31 21:30:00";1
"2022-10-31 22:00:00";1
"2022-10-31 23:00:00";2
"2022-10-31 23:30:00";0
"2022-11-01 00:00:00";1
"2022-11-01 00:30:00";0
"2022-11-01 01:00:00";0
"2022-11-01 01:30:00";0
"2022-11-01 02:00:00";0
"2022-11-01 02:30:00";0
"2022-11-01 03:00:00";0
"2022-11-01 03:30:00";-1
"2022-11-01 04:00:00";-1
"2022-11-01 04:30:00";-1
"2022-11-01 05:00:00";-1
"2022-11-01 05:30:00";-1
"2022-11-01 06:00:00";-1
"2022-11-01 06:30:00";-1
"2022-11-01 07:00:00";-2
"2022-11-01 07:30:00";-1
"2022-11-01 08:00:00";-1
"2022-11-01 08:30:00";-2
"2022-11-01 09:00:00";-1
"2022-11-01 09:30:00";-1
"2022-11-01 10:00:00";0
"2022-11-01 10:30:00";-1
"2022-11-01 11:00:00";-1
"2022-11-01 11:30:00";0
"2022-11-01 12:00:00";0
"2022-11-01 12:30:00";0
"2022-11-01 13:00:00";0
"2022-11-01 13:30:00";0
"2022-11-01 14:00:00";0
"2022-11-01 14:30:00";-1
"2022-11-01 15:00:00";0
"2022-11-01 15:30:00";-1
"2022-11-01 16:00:00";-1
"2022-11-01 16:30:00";-1
"2022-11-01 17:00:00";-2
"2022-11-01 17:30:00";-1
"2022-11-01 18:00:00";0
"2022-11-01 18:30:00";-1
"2022-11-01 19:00:00";-1
"2022-11-01 19:30:00";-1
"2022-11-01 20:00:00";-1
"2022-11-01 20:30:00";0
"2022-11-01 21:00:00";-1
"2022-11-01 21:30:00";-1
"2022-11-01 22:00:00";-1
"2022-11-01 22:30:00";-2
"2022-11-01 23:00:00";-1
"2022-11-01 23:30:00";-2
"2022-11-02 00:00:00";-3
"2022-11-02 00:30:00";-2
"2022-11-02 01:00:00";-2
"2022-11-02 01:30:00";-1
"2022-11-02 02:00:00";-3
"2022-11-02 02:30:00";-4
"2022-11-02 03:00:00";-3
"2022-11-02 03:30:00";-2
"2022-11-02 04:00:00";-3
"2022-11-02 04:30:00";-2
"2022-11-02 05:00:00";-2
"2022-11-02 05:30:00";-3
"2022-11-02 06:00:00";-3
"2022-11-02 06:30:00";-3
"2022-11-02 07:00:00";-3
"2022-11-02 07:30:00";-3
"2022-11-02 08:00:00";-3
"2022-11-02 08:30:00";-3
"2022-11-02 09:00:00";-2
"2022-11-02 09:30:00";-2
"2022-11-02 10:00:00";-4
"2022-11-02 10:30:00";-5
"2022-11-02 11:00:00";-7
"2022-11-02 11:30:00";-8
"2022-11-02 12:00:00";-6
"2022-11-02 12:30:00";-4
"2022-11-02 13:00:00";-4
"2022-11-02 13:30:00";-3
"2022-11-02 14:00:00";-4
"2022-11-02 14:30:00";-3
"2022-11-02 15:00:00";-2
"2022-11-02 15:30:00";-3
"2022-11-02 16:00:00";-3
"2022-11-02 16:30:00";-4
"2022-11-02 17:00:00";-5
"2022-11-02 17:30:00";-5
"2022-11-02 18:00:00";-4
"2022-11-02 18:30:00";-4
"2022-11-02 19:00:00";-3
"2022-11-02 19:30:00";-4
"2022-11-02 20:00:00";-4
"2022-11-02 20:30:00";-4
"2022-11-02 21:00:00";-4
"2022-11-02 21:30:00";-4
"2022-11-02 22:00:00";-4
"2022-11-02 22:30:00";-3
"2022-11-02 23:00:00";-2
"2022-11-02 23:30:00";-4
"2022-11-03 00:00:00";-3
"2022-11-03 00:30:00";-3
"2022-11-03 01:00:00";-4
"2022-11-03 01:30:00";-3
"2022-11-03 02:00:00";-4
"2022-11-03 02:30:00";-4
"2022-11-03 03:00:00";-4
"2022-11-03 03:30:00";-4
"2022-11-03 04:00:00";-4
"2022-11-03 04:30:00";-4
"2022-11-03 05:00:00";-3
"2022-11-03 05:30:00";-4
"2022-11-03 06:00:00";-4
"2022-11-03 06:30:00";-4
"2022-11-03 07:00:00";-4
"2022-11-03 07:30:00";-4
"2022-11-03 08:00:00";-4
"2022-11-03 08:30:00";-4
"2022-11-03 09:00:00";-3
"2022-11-03 09:30:00";-3
"2022-11-03 10:00:00";-3
"2022-11-03 10:30:00";-4
"2022-11-03 11:00:00";-4
"2022-11-03 11:30:00";-4
"2022-11-03 12:00:00";-4
"2022-11-03 12:30:00";-4
"2022-11-03 13:00:00";-4
"2022-11-03 13:30:00";-4
"2022-11-03 14:00:00";-4
"2022-11-03 14:30:00";-4
"2022-11-03 15:00:00";-5
"2022-11-03 15:30:00";-4
"2022-11-03 16:00:00";-4
"2022-11-03 16:30:00";-4
"2022-11-03 17:00:00";-4
"2022-11-03 17:30:00";-4
"2022-11-03 18:00:00";-3
"2022-11-03 18:30:00";-4
"2022-11-03 19:00:00";-4
"2022-11-03 19:30:00";-4
"2022-11-03 20:00:00";-3
"2022-11-03 20:30:00";-4
"2022-11-03 21:00:00";-2
"2022-11-03 21:30:00";-1
"2022-11-03 22:00:00";0
"2022-11-03 22:30:00";1
"2022-11-03 23:00:00";1
"2022-11-03 23:30:00";1
"2022-11-04 00:00:00";3
"2022-11-04 00:30:00";4
"2022-11-04 01:00:00";4
"2022-11-04 01:30:00";3
"2022-11-04 02:00:00";5
"2022-11-04 02:30:00";5
"2022-11-04 03:00:00";5
"2022-11-04 03:30:00";5
"2022-11-04 04:00:00";5
"2022-11-04 04:30:00";5
"2022-11-04 05:00:00";5
"2022-11-04 05:30:00";5
"2022-11-04 06:00:00";3
"2022-11-04 06:30:00";4
"2022-11-04 07:00:00";3
"2022-11-04 07:30:00";2
"2022-11-04 08:00:00";3
"2022-11-04 08:30:00";3
"2022-11-04 09:00:00";3
"2022-11-04 09:30:00";3
"2022-11-04 10:00:00";0
"2022-11-04 10:30:00";-2
"2022-11-04 11:00:00";-3
"2022-11-04 11:30:00";-4
"2022-11-04 12:00:00";-4
"2022-11-04 12:30:00";-6
"2022-11-04 13:00:00";-4
"2022-11-04 13:30:00";-5
"2022-11-04 14:00:00";-1
"2022-11-04 14:30:00";0
"2022-11-04 15:00:00";1
"2022-11-04 15:30:00";0
"2022-11-04 16:00:00";1
"2022-11-04 16:30:00";1
"2022-11-04 17:00:00";1
"2022-11-04 17:30:00";2
"2022-11-04 18:00:00";1
"2022-11-04 18:30:00";1
"2022-11-04 19:00:00";0
"2022-11-04 19:30:00";1
"2022-11-04 20:00:00";0
"2022-11-04 20:30:00";0
"2022-11-04 21:00:00";0
"2022-11-04 21:30:00";0
"2022-11-04 22:00:00";0
"2022-11-04 22:30:00";-1
"2022-11-04 23:00:00";-1
"2022-11-04 23:30:00";-2
"2022-11-05 00:00:00";0
"2022-11-05 00:30:00";0
"2022-11-05 01:00:00";-2
"2022-11-05 01:30:00";-1
"2022-11-05 02:00:00";-1
"2022-11-05 02:30:00";-2
"2022-11-05 03:00:00";-2
"2022-11-05 03:30:00";-3
"2022-11-05 04:00:00";-2
"2022-11-05 04:30:00";-2
"2022-11-05 05:00:00";-3
"2022-11-05 05:30:00";-2
"2022-11-05 06:00:00";0
"2022-11-05 06:30:00";-3
"2022-11-05 07:00:00";-3
"2022-11-05 07:30:00";-2
"2022-11-05 08:00:00";-3
"2022-11-05 08:30:00";-3
"2022-11-05 09:00:00";-2
"2022-11-05 09:30:00";-2
"2022-11-05 10:00:00";-6
"2022-11-05 10:30:00";-5
"2022-11-05 11:00:00";-8
"2022-11-05 11:30:00";-8
"2022-11-05 12:00:00";-9
"2022-11-05 12:30:00";-10
"2022-11-05 13:00:00";-12
"2022-11-05 13:30:00";-11
"2022-11-05 14:00:00";-6
"2022-11-05 14:30:00";-5
"2022-11-05 15:00:00";-5
"2022-11-05 15:30:00";-4
"2022-11-05 16:00:00";-3
"2022-11-05 16:30:00";-4
"2022-11-05 17:00:00";-4
"2022-11-05 17:30:00";-3
"2022-11-05 18:00:00";-4
"2022-11-05 18:30:00";-2
"2022-11-05 19:00:00";-3
"2022-11-05 19:30:00";-3
"2022-11-05 20:00:00";-3
"2022-11-05 20:30:00";-3
"2022-11-05 21:00:00";-3
"2022-11-05 21:30:00";-3
"2022-11-05 22:00:00";-3
"2022-11-05 22:30:00";-2
"2022-11-05 23:00:00";-3
"2022-11-05 23:30:00";-3
"2022-11-06 00:00:00";-3
"2022-11-06 00:30:00";-4
"2022-11-06 01:00:00";-3
"2022-11-06 01:30:00";-4
"2022-11-06 02:00:00";-4
"2022-11-06 02:30:00";-4
"2022-11-06 03:00:00";-5
"2022-11-06 03:30:00";-4
"2022-11-06 04:00:00";-3
"2022-11-06 04:30:00";-5
"2022-11-06 05:00:00";-5
"2022-11-06 05:30:00";-4
"2022-11-06 06:00:00";-4
"2022-11-06 06:30:00";-5
"2022-11-06 07:00:00";-5
"2022-11-06 07:30:00";-5
"2022-11-06 08:00:00";-5
"2022-11-06 08:30:00";-4
"2022-11-06 09:00:00";-5
"2022-11-06 09:30:00";-4
"2022-11-06 10:00:00";-5
"2022-11-06 10:30:00";-6
"2022-11-06 11:00:00";-5
"2022-11-06 11:30:00";-5
"2022-11-06 12:00:00";-6
"2022-11-06 12:30:00";-7
"2022-11-06 13:00:00";-7
"2022-11-06 13:30:00";-6
"2022-11-06 14:00:00";-5
"2022-11-06 14:30:00";-4
"2022-11-06 15:00:00";-4
"2022-11-06 15:30:00";-6
"2022-11-06 16:00:00";-5
"2022-11-06 16:30:00";-5
"2022-11-06 17:00:00";-5
"2022-11-06 17:30:00";-4
"2022-11-06 18:00:00";-4
"2022-11-06 18:30:00";-3
"2022-11-06 19:00:00";-5
"2022-11-06 19:30:00";-5
"2022-11-06 20:00:00";-5
"2022-11-06 20:30:00";-5
"2022-11-06 21:00:00";-4
"2022-11-06 21:30:00";-4
"2022-11-06 22:00:00";-5
"2022-11-06 22:30:00";-5
"2022-11-06 23:00:00";-6
"2022-11-06 23:30:00";-5
"2022-11-07 00:00:00";-5
"2022-11-07 00:30:00";-5
"2022-11-07 01:00:00";-5
"2022-11-07 01:30:00";-4
"2022-11-07 02:00:00";-5
"2022-11-07 02:30:00";-5
"2022-11-07 03:00:00";-5
"2022-11-07 03:30:00";-4
"2022-11-07 04:00:00";-5
"2022-11-07 04:30:00";-5
"2022-11-07 05:00:00";-5
"2022-11-07 05:30:00";-5
"2022-11-07 06:00:00";-5
"2022-11-07 06:30:00";-5
"2022-11-07 07:00:00";-5
"2022-11-07 07:30:00";-5
"2022-11-07 08:00:00";-4
"2022-11-07 08:30:00";-4
"2022-11-07 09:00:00";-5
"2022-11-07 09:30:00";-4
"2022-11-07 10:00:00";-7
"2022-11-07 10:30:00";-9
"2022-11-07 11:00:00";-10
"2022-11-07 11:30:00";-11
"2022-11-07 12:00:00";-9
"2022-11-07 12:30:00";-10
"2022-11-07 13:00:00";-10
"2022-11-07 13:30:00";-10
"2022-11-07 14:00:00";-6
"2022-11-07 14:30:00";-6
"2022-11-07 15:00:00";-7
"2022-11-07 15:30:00";-5
"2022-11-07 16:00:00";-6
"2022-11-07 16:30:00";-6
"2022-11-07 17:00:00";-6
"2022-11-07 17:30:00";-7
"2022-11-07 18:00:00";-6
"2022-11-07 18:30:00";-5
"2022-11-07 19:00:00";-6
"2022-11-07 19:30:00";-5
"2022-11-07 20:00:00";-5
"2022-11-07 20:30:00";-5
"2022-11-07 21:00:00";-4
"2022-11-07 21:30:00";-4
"2022-11-07 22:00:00";-4
"2022-11-07 22:30:00";-4
"2022-11-07 23:00:00";-4
"2022-11-07 23:30:00";-4
"2022-11-08 00:00:00";-5
"2022-11-08 00:30:00";-5
"2022-11-08 01:00:00";-5
"2022-11-08 01:30:00";-4
"2022-11-08 02:00:00";-5
"2022-11-08 02:30:00";-5
"2022-11-08 03:00:00";-5
"2022-11-08 03:30:00";-5
"2022-11-08 04:00:00";-5
"2022-11-08 04:30:00";-5
"2022-11-08 05:00:00";-4
"2022-11-08 05:30:00";-6
"2022-11-08 06:00:00";-4
"2022-11-08 06:30:00";-4
"2022-11-08 07:00:00";-6
"2022-11-08 07:30:00";-6
"2022-11-08 08:00:00";-6
"2022-11-08 08:30:00";-5
"2022-11-08 09:00:00";-5
"2022-11-08 09:30:00";-4
"2022-11-08 10:00:00";-5
"2022-11-08 10:30:00";-6
"2022-11-08 11:00:00";-8
"2022-11-08 11:30:00";-9
"2022-11-08 12:00:00";-10
"2022-11-08 12:30:00";-10
"2022-11-08 13:00:00";-10
"2022-11-08 13:30:00";-9
"2022-11-08 14:30:00";-7
"2022-11-08 15:00:00";-8
"2022-11-08 15:30:00";-6
"2022-11-08 16:00:00";-5
"2022-11-08 16:30:00";-6
"2022-11-08 17:00:00";-6
"2022-11-08 17:30:00";-6
"2022-11-08 18:00:00";-7
"2022-11-08 18:30:00";-6
"2022-11-08 19:00:00";-6
"2022-11-08 19:30:00";-6
"2022-11-08 20:00:00";-6
"2022-11-08 20:30:00";-6
"2022-11-08 21:00:00";-5
"2022-11-08 21:30:00";-5
"2022-11-08 22:00:00";-5
"2022-11-08 22:30:00";-6
"2022-11-08 23:00:00";-6
"2022-11-08 23:30:00";-7
"2022-11-09 00:00:00";-7
"2022-11-09 00:30:00";-6
"2022-11-09 01:00:00";-5
"2022-11-09 01:30:00";-5
"2022-11-09 02:00:00";-6
"2022-11-09 02:30:00";-5
"2022-11-09 03:00:00";-6
"2022-11-09 03:30:00";-5
"2022-11-09 04:00:00";-4
"2022-11-09 04:30:00";-5
"2022-11-09 05:00:00";-5
"2022-11-09 05:30:00";-5
"2022-11-09 06:00:00";-5
"2022-11-09 06:30:00";-5
"2022-11-09 07:00:00";-6
"2022-11-09 07:30:00";-5
"2022-11-09 08:00:00";-5
"2022-11-09 08:30:00";-5
"2022-11-09 09:00:00";-5
"2022-11-09 09:30:00";-6
"2022-11-09 10:00:00";-5
"2022-11-09 10:30:00";-4
"2022-11-09 11:00:00";-5
"2022-11-09 11:30:00";-6
"2022-11-09 12:00:00";-6
"2022-11-09 12:30:00";-6
"2022-11-09 13:00:00";-6
"2022-11-09 13:30:00";-6
"2022-11-09 14:00:00";-6
"2022-11-09 14:30:00";-6
"2022-11-09 15:00:00";-6
"2022-11-09 15:30:00";-6
"2022-11-09 16:00:00";-6
"2022-11-09 16:30:00";-6
"2022-11-09 17:00:00";-6
"2022-11-09 17:30:00";-6
"2022-11-09 18:00:00";-6
"2022-11-09 18:30:00";-7
"2022-11-09 19:00:00";-6
"2022-11-09 19:30:00";-6
"2022-11-09 20:00:00";-6
"2022-11-09 20:30:00";-6
"2022-11-09 21:00:00";-6
"2022-11-09 21:30:00";-6
"2022-11-09 22:00:00";-6
"2022-11-09 22:30:00";-6
"2022-11-09 23:00:00";-6
"2022-11-09 23:30:00";-5
"2022-11-10 00:00:00";-6
"2022-11-10 00:30:00";-6
"2022-11-10 01:00:00";-6
"2022-11-10 01:30:00";-5
"2022-11-10 02:00:00";-6
"2022-11-10 02:30:00";-7
"2022-11-10 03:00:00";-6
"2022-11-10 03:30:00";-6
"2022-11-10 04:00:00";-6
"2022-11-10 04:30:00";-7
"2022-11-10 05:00:00";-7
"2022-11-10 05:30:00";-7
"2022-11-10 06:00:00";-6
"2022-11-10 06:30:00";-7
"2022-11-10 07:00:00";-6
"2022-11-10 07:30:00";-6
"2022-11-10 08:00:00";-6
"2022-11-10 08:30:00";-6
"2022-11-10 09:00:00";-6
"2022-11-10 09:30:00";-5
"2022-11-10 10:00:00";-7
"2022-11-10 10:30:00";-9
"2022-11-10 11:00:00";-10
"2022-11-10 11:30:00";-11
"2022-11-10 12:00:00";-10
"2022-11-10 12:30:00";-12
"2022-11-10 13:00:00";-14
"2022-11-10 13:30:00";-13
"2022-11-10 14:00:00";-9
"2022-11-10 14:30:00";-8
"2022-11-10 15:00:00";-9
"2022-11-10 15:30:00";-8
"2022-11-10 16:00:00";-8
"2022-11-10 16:30:00";-8
"2022-11-10 17:00:00";-7
"2022-11-10 17:30:00";-8
"2022-11-10 18:00:00";-7
"2022-11-10 18:30:00";-7
"2022-11-10 19:00:00";-6
"2022-11-10 19:30:00";-7
"2022-11-10 20:00:00";-6
"2022-11-10 20:30:00";-6
"2022-11-10 21:00:00";-6
"2022-11-10 21:30:00";-7
"2022-11-10 22:00:00";-6
"2022-11-10 22:30:00";-5
"2022-11-10 23:00:00";-6
"2022-11-10 23:30:00";-6
"2022-11-11 00:00:00";-7
"2022-11-11 00:30:00";-6
"2022-11-11 01:00:00";-6
"2022-11-11 01:30:00";-6
"2022-11-11 02:00:00";-6
"2022-11-11 02:30:00";-6
"2022-11-11 03:00:00";-7
"2022-11-11 03:30:00";-6
"2022-11-11 04:00:00";-8
"2022-11-11 04:30:00";-7
"2022-11-11 05:00:00";-7
"2022-11-11 05:30:00";-8
"2022-11-11 06:00:00";-7
"2022-11-11 06:30:00";-7
"2022-11-11 07:00:00";-6
"2022-11-11 07:30:00";-7
"2022-11-11 08:00:00";-7
"2022-11-11 08:30:00";-7
"2022-11-11 09:00:00";-7
"2022-11-11 09:30:00";-5
"2022-11-11 10:00:00";-9
"2022-11-11 10:30:00";-10
"2022-11-11 11:00:00";-12
"2022-11-11 11:30:00";-11
"2022-11-11 12:00:00";-13
"2022-11-11 12:30:00";-14
"2022-11-11 13:00:00";-11
"2022-11-11 13:30:00";-9
"2022-11-11 14:00:00";-9
"2022-11-11 14:30:00";-9
"2022-11-11 15:00:00";-8
"2022-11-11 15:30:00";-8
"2022-11-11 16:00:00";-8
"2022-11-11 16:30:00";-8
"2022-11-11 17:00:00";-8
"2022-11-11 17:30:00";-8
"2022-11-11 18:00:00";-8
"2022-11-11 18:30:00";-7
"2022-11-11 19:00:00";-6
"2022-11-11 19:30:00";-6
"2022-11-11 20:00:00";-6
"2022-11-11 20:30:00";-6
"2022-11-11 21:00:00";-6
"2022-11-11 21:30:00";-7
"2022-11-11 22:00:00";-7
"2022-11-11 22:30:00";-7
"2022-11-11 23:00:00";-7
"2022-11-11 23:30:00";-6
"2022-11-12 00:00:00";-7
"2022-11-12 00:30:00";-7
"2022-11-12 01:00:00";-6
"2022-11-12 01:30:00";-7
"2022-11-12 02:00:00";-7
"2022-11-12 02:30:00";-7
"2022-11-12 03:00:00";-7
"2022-11-12 03:30:00";-7
"2022-11-12 04:00:00";-7
"2022-11-12 04:30:00";-7
"2022-11-12 05:00:00";-7
"2022-11-12 05:30:00";-7
"2022-11-12 06:00:00";-7
"2022-11-12 06:30:00";-7
"2022-11-12 07:00:00";-8
"2022-11-12 07:30:00";-7
"2022-11-12 08:00:00";-9
"2022-11-12 08:30:00";-6
"2022-11-12 09:00:00";-7
"2022-11-12 09:30:00";-8
"2022-11-12 10:00:00";-6
"2022-11-12 10:30:00";-8
"2022-11-12 11:00:00";-8
"2022-11-12 11:30:00";-9
"2022-11-12 12:00:00";-7
"2022-11-12 12:30:00";-8
"2022-11-12 13:00:00";-9
"2022-11-12 13:30:00";-8
"2022-11-12 14:00:00";-7
"2022-11-12 14:30:00";-7
"2022-11-12 15:00:00";-7
"2022-11-12 15:30:00";-8
"2022-11-12 16:00:00";-8
"2022-11-12 16:30:00";-8
"2022-11-12 17:00:00";-8
"2022-11-12 17:30:00";-9
"2022-11-12 18:00:00";-9
"2022-11-12 18:30:00";-8
"2022-11-12 19:00:00";-7
"2022-11-12 19:30:00";-8
"2022-11-12 20:00:00";-8
"2022-11-12 20:30:00";-9
"2022-11-12 21:00:00";-8
"2022-11-12 21:30:00";-8
"2022-11-12 22:00:00";-7
"2022-11-12 22:30:00";-8
"2022-11-12 23:00:00";-9
"2022-11-12 23:30:00";-9
"2022-11-13 00:00:00";-8
"2022-11-13 00:30:00";-9
"2022-11-13 01:00:00";-9
"2022-11-13 01:30:00";-7
"2022-11-13 02:00:00";-8
"2022-11-13 02:30:00";-8
"2022-11-13 03:00:00";-10
"2022-11-13 03:30:00";-8
"2022-11-13 04:00:00";-9
"2022-11-13 04:30:00";-8
"2022-11-13 05:00:00";-9
"2022-11-13 05:30:00";-9
"2022-11-13 06:00:00";-9
"2022-11-13 06:30:00";-8
"2022-11-13 07:00:00";-9
"2022-11-13 07:30:00";-9
"2022-11-13 08:00:00";-8
"2022-11-13 08:30:00";-8
"2022-11-13 09:00:00";-7
"2022-11-13 09:30:00";-7
"2022-11-13 10:00:00";-10
"2022-11-13 10:30:00";-11
"2022-11-13 11:00:00";-11
"2022-11-13 11:30:00";-10
"2022-11-13 12:00:00";-9
"2022-11-13 12:30:00";-9
"2022-11-13 13:00:00";-8
"2022-11-13 13:30:00";-9
"2022-11-13 14:00:00";-10
"2022-11-13 14:30:00";-10
"2022-11-13 15:00:00";-11
"2022-11-13 15:30:00";-10
"2022-11-13 16:00:00";-9
"2022-11-13 16:30:00";-9
"2022-11-13 17:00:00";-9
"2022-11-13 17:30:00";-9
"2022-11-13 18:00:00";-9
"2022-11-13 18:30:00";-9
"2022-11-13 19:00:00";-10
"2022-11-13 19:30:00";-9
"2022-11-13 20:00:00";-9
"2022-11-13 20:30:00";-9
"2022-11-13 21:00:00";-9
"2022-11-13 21:30:00";-9
"2022-11-13 22:00:00";-9
"2022-11-13 22:30:00";-9
"2022-11-13 23:00:00";-9
"2022-11-13 23:30:00";-9
"2022-11-14 00:00:00";-8
"2022-11-14 00:30:00";-9
"2022-11-14 01:00:00";-9
"2022-11-14 01:30:00";-8
"2022-11-14 02:00:00";-9
"2022-11-14 02:30:00";-8
"2022-11-14 03:00:00";-10
"2022-11-14 03:30:00";-10
"2022-11-14 04:00:00";-10
"2022-11-14 04:30:00";-9
"2022-11-14 05:00:00";-9
"2022-11-14 05:30:00";-10
"2022-11-14 06:00:00";-9
"2022-11-14 06:30:00";-9
"2022-11-14 07:00:00";-8
"2022-11-14 07:30:00";-9
"2022-11-14 08:00:00";-8
"2022-11-14 08:30:00";-8
"2022-11-14 09:00:00";-7
"2022-11-14 09:30:00";-8
"2022-11-14 10:00:00";-7
"2022-11-14 10:30:00";-6
"2022-11-14 11:00:00";-7
"2022-11-14 11:30:00";-7
"2022-11-14 12:00:00";-7
"2022-11-14 12:30:00";-7
"2022-11-14 13:00:00";-7
"2022-11-14 13:30:00";-7
"2022-11-14 14:00:00";-7
"2022-11-14 14:30:00";-7
"2022-11-14 15:00:00";-7
"2022-11-14 15:30:00";-7
"2022-11-14 16:00:00";-7
"2022-11-14 16:30:00";-8
"2022-11-14 17:00:00";-8
"2022-11-14 17:30:00";-7
"2022-11-14 18:00:00";-8
"2022-11-14 18:30:00";-8
"2022-11-14 19:00:00";-8
"2022-11-14 19:30:00";-8
"2022-11-14 20:00:00";-8
"2022-11-14 20:30:00";-8
"2022-11-14 21:00:00";-8
"2022-11-14 21:30:00";-8
"2022-11-14 22:00:00";-9
"2022-11-14 22:30:00";-8
"2022-11-14 23:00:00";-8
"2022-11-14 23:30:00";-8
"2022-11-15 00:00:00";-11
"2022-11-15 00:30:00";-8
"2022-11-15 01:00:00";-9
"2022-11-15 01:30:00";-9
"2022-11-15 02:00:00";-9
"2022-11-15 02:30:00";-10
"2022-11-15 03:00:00";-9
"2022-11-15 03:30:00";-9
"2022-11-15 04:00:00";-8
"2022-11-15 04:30:00";-9
"2022-11-15 05:00:00";-9
"2022-11-15 05:30:00";-8
"2022-11-15 06:00:00";-10
"2022-11-15 06:30:00";-9
"2022-11-15 07:00:00";-8
"2022-11-15 07:30:00";-9
"2022-11-15 08:00:00";-9
"2022-11-15 08:30:00";-9
"2022-11-15 09:00:00";-8
"2022-11-15 09:30:00";-9
"2022-11-15 10:00:00";-8
"2022-11-15 10:30:00";-9
"2022-11-15 11:00:00";-8
"2022-11-15 11:30:00";-9
"2022-11-15 12:00:00";-9
"2022-11-15 12:30:00";-9
"2022-11-15 13:00:00";-9
"2022-11-15 13:30:00";-9
"2022-11-15 14:00:00";-9
"2022-11-15 14:30:00";-9
"2022-11-15 15:00:00";-9
"2022-11-15 15:30:00";-9
"2022-11-15 16:00:00";-10
"2022-11-15 16:30:00";-9
"2022-11-15 17:00:00";-10
"2022-11-15 17:30:00";-10
"2022-11-15 18:00:00";-9
"2022-11-15 18:30:00";-10
"2022-11-15 19:00:00";-10
"2022-11-15 19:30:00";-9
"2022-11-15 20:00:00";-9
"2022-11-15 20:30:00";-10
"2022-11-15 21:00:00";-10
"2022-11-15 21:30:00";-10
"2022-11-15 22:00:00";-9
"2022-11-15 22:30:00";-9
"2022-11-15 23:00:00";-8
"2022-11-15 23:30:00";-8
"2022-11-16 00:00:00";-8
"2022-11-16 00:30:00";-8
"2022-11-16 01:00:00";-9
"2022-11-16 01:30:00";-8
"2022-11-16 02:00:00";-8
"2022-11-16 02:30:00";-8
"2022-11-16 03:00:00";-9
"2022-11-16 03:30:00";-8
"2022-11-16 04:00:00";-8
"2022-11-16 04:30:00";-7
"2022-11-16 05:00:00";-7
"2022-11-16 05:30:00";-8
"2022-11-16 06:00:00";-9
"2022-11-16 06:30:00";-9
"2022-11-16 07:00:00";-8
"2022-11-16 07:30:00";-8
"2022-11-16 08:00:00";-8
"2022-11-16 08:30:00";-9
"2022-11-16 09:00:00";-9
"2022-11-16 09:30:00";-8
"2022-11-16 10:00:00";-9
"2022-11-16 10:30:00";-11
"2022-11-16 11:00:00";-12
"2022-11-16 11:30:00";-14
"2022-11-16 12:00:00";-15
"2022-11-16 12:30:00";-15
"2022-11-16 13:00:00";-15
"2022-11-16 13:30:00";-12
"2022-11-16 14:00:00";-9
"2022-11-16 14:30:00";-10
"2022-11-16 15:00:00";-9
"2022-11-16 15:30:00";-10
"2022-11-16 16:00:00";-9
"2022-11-16 16:30:00";-9
"2022-11-16 17:00:00";-9
"2022-11-16 17:30:00";-8
"2022-11-16 18:00:00";-8
"2022-11-16 18:30:00";-8
"2022-11-16 19:00:00";-7
"2022-11-16 19:30:00";-7
"2022-11-16 20:00:00";-7
"2022-11-16 20:30:00";-6
"2022-11-16 21:00:00";-7
"2022-11-16 21:30:00";-7
"2022-11-16 22:00:00";-6
"2022-11-16 22:30:00";-7
"2022-11-16 23:00:00";-7
"2022-11-16 23:30:00";-7
"2022-11-17 00:00:00";-7
"2022-11-17 00:30:00";-6
"2022-11-17 01:00:00";-8
"2022-11-17 01:30:00";-8
"2022-11-17 02:00:00";-7
"2022-11-17 02:30:00";-9
"2022-11-17 03:00:00";-8
"2022-11-17 03:30:00";-9
"2022-11-17 04:00:00";-7
"2022-11-17 04:30:00";-7
"2022-11-17 05:00:00";-9
"2022-11-17 05:30:00";-10
"2022-11-17 06:00:00";-10
"2022-11-17 06:30:00";-9
"2022-11-17 07:00:00";-9
"2022-11-17 07:30:00";-10
"2022-11-17 08:00:00";-9
"2022-11-17 08:30:00";-9
"2022-11-17 09:00:00";-9
"2022-11-17 09:30:00";-8
"2022-11-17 10:00:00";-10
"2022-11-17 10:30:00";-12
"2022-11-17 11:00:00";-15
"2022-11-17 11:30:00";-16
"2022-11-17 12:00:00";-15
"2022-11-17 12:30:00";-13
"2022-11-17 13:00:00";-13
"2022-11-17 13:30:00";-11
"2022-11-17 14:00:00";-12
"2022-11-17 14:30:00";-8
"2022-11-17 15:00:00";-8
"2022-11-17 15:30:00";-10
"2022-11-17 16:00:00";-10
"2022-11-17 16:30:00";-9
"2022-11-17 17:00:00";-11
"2022-11-17 17:30:00";-10
"2022-11-17 18:00:00";-9
"2022-11-17 18:30:00";-10
"2022-11-17 19:00:00";-9
"2022-11-17 19:30:00";-9
"2022-11-17 20:00:00";-10
"2022-11-17 20:30:00";-9
"2022-11-17 21:00:00";-10
"2022-11-17 21:30:00";-9
"2022-11-17 22:00:00";-7
"2022-11-17 22:30:00";-7
"2022-11-17 23:00:00";-8
"2022-11-17 23:30:00";-9
"2022-11-18 00:00:00";-8
"2022-11-18 00:30:00";-8
"2022-11-18 01:00:00";-8
"2022-11-18 01:30:00";-8
"2022-11-18 02:00:00";-8
"2022-11-18 02:30:00";-9
"2022-11-18 03:00:00";-8
"2022-11-18 03:30:00";-9
"2022-11-18 04:00:00";-8
"2022-11-18 04:30:00";-10
"2022-11-18 05:00:00";-9
"2022-11-18 05:30:00";-9
"2022-11-18 06:00:00";-10
"2022-11-18 06:30:00";-8
"2022-11-18 07:00:00";-9
"2022-11-18 07:30:00";-8
"2022-11-18 08:00:00";-9
"2022-11-18 08:30:00";-9
"2022-11-18 09:00:00";-9
"2022-11-18 09:30:00";-8
"2022-11-18 10:00:00";-10
"2022-11-18 10:30:00";-12
"2022-11-18 11:00:00";-12
"2022-11-18 11:30:00";-13
"2022-11-18 12:00:00";-14
"2022-11-18 12:30:00";-17
"2022-11-18 13:00:00";-14
"2022-11-18 13:30:00";-13
"2022-11-18 14:00:00";-11
"2022-11-18 14:30:00";-11
"2022-11-18 15:00:00";-11
"2022-11-18 15:30:00";-10
"2022-11-18 16:00:00";-10
"2022-11-18 16:30:00";-10
"2022-11-18 17:00:00";-10
"2022-11-18 17:30:00";-10
"2022-11-18 18:00:00";-10
"2022-11-18 18:30:00";-9
"2022-11-18 19:00:00";-10
"2022-11-18 19:30:00";-10
"2022-11-18 20:00:00";-10
"2022-11-18 20:30:00";-9
"2022-11-18 21:00:00";-10
"2022-11-18 21:30:00";-10
"2022-11-18 22:00:00";-9
"2022-11-18 22:30:00";-10
"2022-11-18 23:00:00";-9
"2022-11-18 23:30:00";-10
"2022-11-19 00:00:00";-10
"2022-11-19 00:30:00";-10
"2022-11-19 01:00:00";-9
"2022-11-19 01:30:00";-11
"2022-11-19 02:00:00";-10
"2022-11-19 02:30:00";-10
"2022-11-19 03:00:00";-10
"2022-11-19 03:30:00";-12
"2022-11-19 04:00:00";-10
"2022-11-19 04:30:00";-10
"2022-11-19 05:00:00";-10
"2022-11-19 05:30:00";-11
"2022-11-19 06:00:00";-10
"2022-11-19 06:30:00";-9
"2022-11-19 07:00:00";-9
"2022-11-19 07:30:00";-11
"2022-11-19 08:00:00";-12
"2022-11-19 08:30:00";-11
"2022-11-19 09:00:00";-9
"2022-11-19 09:30:00";-9
"2022-11-19 10:00:00";-12
"2022-11-19 10:30:00";-13
"2022-11-19 11:00:00";-15
"2022-11-19 11:30:00";-17
"2022-11-19 12:00:00";-16
"2022-11-19 12:30:00";-18
"2022-11-19 13:00:00";-21
"2022-11-19 13:30:00";-16
"2022-11-19 14:00:00";-12
"2022-11-19 14:30:00";-13
"2022-11-19 15:00:00";-12
"2022-11-19 15:30:00";-13
"2022-11-19 16:00:00";-13
"2022-11-19 16:30:00";-12
"2022-11-19 17:00:00";-11
"2022-11-19 17:30:00";-12
"2022-11-19 18:00:00";-11
"2022-11-19 18:30:00";-10
"2022-11-19 19:00:00";-11
"2022-11-19 19:30:00";-11
"2022-11-19 20:00:00";-11
"2022-11-19 20:30:00";-11
"2022-11-19 21:00:00";-11
"2022-11-19 21:30:00";-10
"2022-11-19 22:00:00";-10
"2022-11-19 22:30:00";-10
"2022-11-19 23:00:00";-11
"2022-11-19 23:30:00";-11
"2022-11-20 00:00:00";-11
"2022-11-20 00:30:00";-11
"2022-11-20 01:00:00";-10
"2022-11-20 01:30:00";-11
"2022-11-20 02:00:00";-11
"2022-11-20 02:30:00";-11
"2022-11-20 03:00:00";-10
"2022-11-20 03:30:00";-11
"2022-11-20 04:00:00";-11
"2022-11-20 04:30:00";-11
"2022-11-20 05:00:00";-11
"2022-11-20 05:30:00";-12
"2022-11-20 06:00:00";-12
"2022-11-20 06:30:00";-11
"2022-11-20 07:00:00";-13
"2022-11-20 07:30:00";-12
"2022-11-20 08:00:00";-12
"2022-11-20 08:30:00";-12
"2022-11-20 09:00:00";-12
"2022-11-20 09:30:00";-10
"2022-11-20 10:00:00";-12
"2022-11-20 10:30:00";-15
"2022-11-20 11:00:00";-17
"2022-11-20 11:30:00";-18
"2022-11-20 12:00:00";-17
"2022-11-20 12:30:00";-20
"2022-11-20 13:00:00";-21
"2022-11-20 13:30:00";-18
"2022-11-20 14:00:00";-15
"2022-11-20 14:30:00";-14
"2022-11-20 15:00:00";-14
"2022-11-20 15:30:00";-12
"2022-11-20 16:00:00";-12
"2022-11-20 16:30:00";-13
"2022-11-20 17:00:00";-12
"2022-11-20 17:30:00";-13
"2022-11-20 18:00:00";-13
"2022-11-20 18:30:00";-12
"2022-11-20 19:00:00";-11
"2022-11-20 19:30:00";-12
"2022-11-20 20:00:00";-11
"2022-11-20 20:30:00";-12
"2022-11-20 21:00:00";-12
"2022-11-20 21:30:00";-12
"2022-11-20 22:00:00";-11
"2022-11-20 22:30:00";-11
"2022-11-20 23:00:00";-12
"2022-11-20 23:30:00";-11
"2022-11-21 00:00:00";-12
"2022-11-21 00:30:00";-11
"2022-11-21 01:00:00";-12
"2022-11-21 01:30:00";-12
"2022-11-21 02:00:00";-12
"2022-11-21 02:30:00";-12
"2022-11-21 03:00:00";-11
"2022-11-21 03:30:00";-12
"2022-11-21 04:00:00";-13
"2022-11-21 04:30:00";-12
"2022-11-21 05:00:00";-12
"2022-11-21 05:30:00";-12
"2022-11-21 06:00:00";-11
"2022-11-21 06:30:00";-11
"2022-11-21 07:00:00";-12
"2022-11-21 07:30:00";-12
"2022-11-21 08:00:00";-12
"2022-11-21 08:30:00";-11
"2022-11-21 09:00:00";-12
"2022-11-21 09:30:00";-11
"2022-11-21 10:00:00";-12
"2022-11-21 10:30:00";-13
"2022-11-21 11:00:00";-14
"2022-11-21 11:30:00";-15
"2022-11-21 12:00:00";-16
"2022-11-21 12:30:00";-16
"2022-11-21 13:00:00";-14
"2022-11-21 13:30:00";-14
"2022-11-21 14:00:00";-13
"2022-11-21 14:30:00";-13
"2022-11-21 15:00:00";-12
"2022-11-21 15:30:00";-13
"2022-11-21 16:00:00";-13
"2022-11-21 16:30:00";-12
"2022-11-21 17:00:00";-12
"2022-11-21 17:30:00";-13
"2022-11-21 18:00:00";-12
"2022-11-21 18:30:00";-12
"2022-11-21 19:00:00";-12
"2022-11-21 19:30:00";-11
"2022-11-21 20:00:00";-13
"2022-11-21 20:30:00";-11
"2022-11-21 21:00:00";-11
"2022-11-21 21:30:00";-11
"2022-11-21 22:00:00";-10
"2022-11-21 22:30:00";-11
"2022-11-21 23:00:00";-10
"2022-11-21 23:30:00";-11
"2022-11-22 00:00:00";-12
"2022-11-22 00:30:00";-11
"2022-11-22 01:00:00";-12
"2022-11-22 01:30:00";-11
"2022-11-22 02:00:00";-12
"2022-11-22 02:30:00";-11
"2022-11-22 03:00:00";-12
"2022-11-22 03:30:00";-12
"2022-11-22 04:00:00";-12
"2022-11-22 04:30:00";-12
"2022-11-22 05:00:00";-11
"2022-11-22 05:30:00";-11
"2022-11-22 06:00:00";-11
"2022-11-22 06:30:00";-11
"2022-11-22 07:00:00";-11
"2022-11-22 07:30:00";-11
"2022-11-22 08:00:00";-12
"2022-11-22 08:30:00";-11
"2022-11-22 09:00:00";-11
"2022-11-22 09:30:00";-11
"2022-11-22 10:00:00";-10
"2022-11-22 10:30:00";-10
"2022-11-22 11:00:00";-10
"2022-11-22 11:30:00";-11
"2022-11-22 12:00:00";-11
"2022-11-22 12:30:00";-10
"2022-11-22 13:00:00";-10
"2022-11-22 13:30:00";-10
"2022-11-22 14:00:00";-10
"2022-11-22 14:30:00";-11
"2022-11-22 15:00:00";-10
"2022-11-22 16:00:00";-12
"2022-11-22 16:30:00";-12
"2022-11-22 17:00:00";-12
"2022-11-22 17:30:00";-12
"2022-11-22 18:00:00";-13
"2022-11-22 18:30:00";-12
"2022-11-22 19:00:00";-11
"2022-11-22 19:30:00";-12
"2022-11-22 20:00:00";-12
"2022-11-22 20:30:00";-12
"2022-11-22 21:00:00";-12
"2022-11-22 21:30:00";-12
"2022-11-22 22:00:00";-12
"2022-11-22 22:30:00";-12
"2022-11-22 23:00:00";-13
"2022-11-22 23:30:00";-12
"2022-11-23 00:00:00";-12
"2022-11-23 00:30:00";-12
"2022-11-23 01:00:00";-13
"2022-11-23 01:30:00";-12
"2022-11-23 02:00:00";-11
"2022-11-23 02:30:00";-13
"2022-11-23 03:00:00";-12
"2022-11-23 03:30:00";-12
"2022-11-23 04:00:00";-13
"2022-11-23 04:30:00";-12
"2022-11-23 05:00:00";-13
"2022-11-23 05:30:00";-13
"2022-11-23 06:00:00";-13
"2022-11-23 06:30:00";-13
"2022-11-23 07:00:00";-13
"2022-11-23 07:30:00";-12
"2022-11-23 08:00:00";-12
"2022-11-23 08:30:00";-13
"2022-11-23 09:00:00";-12
"2022-11-23 09:30:00";-10
"2022-11-23 10:00:00";-13
"2022-11-23 10:30:00";-15
"2022-11-23 11:00:00";-17
"2022-11-23 11:30:00";-19
"2022-11-23 12:00:00";-17
"2022-11-23 12:30:00";-21
"2022-11-23 13:00:00";-20
"2022-11-23 13:30:00";-16
"2022-11-23 14:00:00";-15
"2022-11-23 14:30:00";-16
"2022-11-23 15:00:00";-14
"2022-11-23 15:30:00";-13
"2022-11-23 16:00:00";-13
"2022-11-23 16:30:00";-13
"2022-11-23 17:00:00";-14
"2022-11-23 17:30:00";-14
"2022-11-23 18:00:00";-13
"2022-11-23 18:30:00";-12
"2022-11-23 19:00:00";-13
"2022-11-23 19:30:00";-12
"2022-11-23 20:00:00";-12
"2022-11-23 20:30:00";-12
"2022-11-23 21:00:00";-12
"2022-11-23 21:30:00";-12
"2022-11-23 22:00:00";-11
"2022-11-23 23:00:00";-11
"2022-11-23 23:30:00";-13
"2022-11-24 00:00:00";-12
"2022-11-24 00:30:00";-14
"2022-11-24 01:00:00";-11
"2022-11-24 01:30:00";-12
"2022-11-24 02:00:00";-12
"2022-11-24 02:30:00";-13
"2022-11-24 03:00:00";-12
"2022-11-24 03:30:00";-13
"2022-11-24 04:00:00";-12
"2022-11-24 04:30:00";-12
"2022-11-24 05:00:00";-12
"2022-11-24 05:30:00";-13
"2022-11-24 06:00:00";-12
"2022-11-24 06:30:00";-13
"2022-11-24 07:00:00";-12
"2022-11-24 07:30:00";-12
"2022-11-24 08:00:00";-12
"2022-11-24 08:30:00";-12
"2022-11-24 09:00:00";-13
"2022-11-24 09:30:00";-11
"2022-11-24 10:00:00";-12
"2022-11-24 10:30:00";-14
"2022-11-24 11:00:00";-16
"2022-11-24 11:30:00";-17
"2022-11-24 12:00:00";-18
"2022-11-24 12:30:00";-19
"2022-11-24 13:00:00";-21
"2022-11-24 13:30:00";-17
"2022-11-24 14:00:00";-15
"2022-11-24 14:30:00";-15
"2022-11-24 15:00:00";-15
"2022-11-24 15:30:00";-13
"2022-11-24 16:00:00";-14
"2022-11-24 16:30:00";-13
"2022-11-24 17:00:00";-14
"2022-11-24 17:30:00";-13
"2022-11-24 18:00:00";-13
"2022-11-24 18:30:00";-13
"2022-11-24 19:00:00";-14
"2022-11-24 19:30:00";-12
"2022-11-24 20:00:00";-12
"2022-11-24 20:30:00";-12
"2022-11-24 21:00:00";-13
"2022-11-24 21:30:00";-12
"2022-11-24 22:00:00";-12
"2022-11-24 22:30:00";-12
"2022-11-24 23:00:00";-12
"2022-11-24 23:30:00";-12
"2022-11-25 00:00:00";-13
"2022-11-25 00:30:00";-12
"2022-11-25 01:00:00";-12
"2022-11-25 01:30:00";-11
"2022-11-25 02:00:00";-12
"2022-11-25 02:30:00";-12
"2022-11-25 03:00:00";-12
"2022-11-25 03:30:00";-13
"2022-11-25 04:00:00";-13
"2022-11-25 04:30:00";-12
"2022-11-25 05:00:00";-13
"2022-11-25 05:30:00";-13
"2022-11-25 06:00:00";-13
"2022-11-25 06:30:00";-13
"2022-11-25 07:00:00";-13
"2022-11-25 07:30:00";-13
"2022-11-25 08:00:00";-13
"2022-11-25 08:30:00";-13
"2022-11-25 09:00:00";-13
"2022-11-25 09:30:00";-11
"2022-11-25 10:00:00";-13
"2022-11-25 10:30:00";-15
"2022-11-25 11:00:00";-17
"2022-11-25 11:30:00";-18
"2022-11-25 12:00:00";-18
"2022-11-25 12:30:00";-18
"2022-11-25 13:00:00";-20
"2022-11-25 13:30:00";-16
"2022-11-25 14:00:00";-15
"2022-11-25 14:30:00";-15
"2022-11-25 15:00:00";-14
"2022-11-25 15:30:00";-13
"2022-11-25 16:00:00";-14
"2022-11-25 16:30:00";-13
"2022-11-25 17:00:00";-14
"2022-11-25 17:30:00";-13
"2022-11-25 18:00:00";-13
"2022-11-25 18:30:00";-13
"2022-11-25 19:00:00";-13
"2022-11-25 19:30:00";-13
"2022-11-25 20:00:00";-12
"2022-11-25 20:30:00";-11
"2022-11-25 21:00:00";-13
"2022-11-25 21:30:00";-13
"2022-11-25 22:00:00";-14
"2022-11-25 22:30:00";-13
"2022-11-25 23:00:00";-13
"2022-11-25 23:30:00";-13
"2022-11-26 00:00:00";-13
"2022-11-26 00:30:00";-13
"2022-11-26 01:00:00";-13
"2022-11-26 01:30:00";-13
"2022-11-26 02:00:00";-12
"2022-11-26 02:30:00";-13
"2022-11-26 03:00:00";-13
"2022-11-26 03:30:00";-14
"2022-11-26 04:00:00";-12
"2022-11-26 04:30:00";-13
"2022-11-26 05:00:00";-13
"2022-11-26 05:30:00";-14
"2022-11-26 06:00:00";-13
"2022-11-26 06:30:00";-14
"2022-11-26 07:00:00";-13
"2022-11-26 07:30:00";-13
"2022-11-26 08:00:00";-13
"2022-11-26 08:30:00";-12
"2022-11-26 09:00:00";-14
"2022-11-26 09:30:00";-13
"2022-11-26 10:00:00";-13
"2022-11-26 10:30:00";-15
"2022-11-26 11:00:00";-16
"2022-11-26 11:30:00";-17
"2022-11-26 12:00:00";-19
"2022-11-26 12:30:00";-18
"2022-11-26 13:00:00";-23
"2022-11-26 13:30:00";-18
"2022-11-26 14:00:00";-16
"2022-11-26 14:30:00";-15
"2022-11-26 15:00:00";-14
"2022-11-26 15:30:00";-14
"2022-11-26 16:00:00";-14
"2022-11-26 16:30:00";-15
"2022-11-26 17:00:00";-15
"2022-11-26 17:30:00";-14
"2022-11-26 18:00:00";-14
"2022-11-26 18:30:00";-14
"2022-11-26 19:00:00";-14
"2022-11-26 19:30:00";-13
"2022-11-26 20:00:00";-13
"2022-11-26 20:30:00";-13
"2022-11-26 21:00:00";-14
"2022-11-26 21:30:00";-13
"2022-11-26 22:00:00";-14
"2022-11-26 22:30:00";-13
"2022-11-26 23:00:00";-14
"2022-11-26 23:30:00";-13
"2022-11-27 00:00:00";-13
"2022-11-27 00:30:00";-13
"2022-11-27 01:00:00";-13
"2022-11-27 01:30:00";-13
"2022-11-27 02:00:00";-15
"2022-11-27 02:30:00";-14
"2022-11-27 03:00:00";-14
"2022-11-27 03:30:00";-14
"2022-11-27 04:00:00";-14
"2022-11-27 04:30:00";-13
"2022-11-27 05:00:00";-14
"2022-11-27 05:30:00";-15
"2022-11-27 06:00:00";-14
"2022-11-27 06:30:00";-14
"2022-11-27 07:00:00";-14
"2022-11-27 07:30:00";-14
"2022-11-27 08:00:00";-14
"2022-11-27 08:30:00";-14
"2022-11-27 09:00:00";-14
"2022-11-27 09:30:00";-12
"2022-11-27 10:00:00";-13
"2022-11-27 10:30:00";-15
"2022-11-27 11:00:00";-17
"2022-11-27 11:30:00";-19
"2022-11-27 12:00:00";-20
"2022-11-27 12:30:00";-20
"2022-11-27 13:00:00";-21
"2022-11-27 13:30:00";-18
"2022-11-27 14:00:00";-16
"2022-11-27 14:30:00";-14
"2022-11-27 15:00:00";-15
"2022-11-27 15:30:00";-13
"2022-11-27 16:00:00";-14
"2022-11-27 16:30:00";-16
"2022-11-27 17:00:00";-16
"2022-11-27 17:30:00";-15
"2022-11-27 18:00:00";-14
"2022-11-27 18:30:00";-14
"2022-11-27 19:00:00";-14
"2022-11-27 19:30:00";-13
"2022-11-27 20:00:00";-14
"2022-11-27 20:30:00";-13
"2022-11-27 21:00:00";-12
"2022-11-27 21:30:00";-13
"2022-11-27 22:00:00";-13
"2022-11-27 22:30:00";-13
"2022-11-27 23:00:00";-14
"2022-11-27 23:30:00";-14
"2022-11-28 00:00:00";-14
"2022-11-28 00:30:00";-13
"2022-11-28 01:00:00";-14
"2022-11-28 01:30:00";-13
"2022-11-28 02:00:00";-13
"2022-11-28 02:30:00";-13
"2022-11-28 03:00:00";-14
"2022-11-28 03:30:00";-13
"2022-11-28 04:00:00";-13
"2022-11-28 04:30:00";-13
"2022-11-28 05:00:00";-14
"2022-11-28 05:30:00";-13
"2022-11-28 06:00:00";-14
"2022-11-28 06:30:00";-15
"2022-11-28 07:00:00";-14
"2022-11-28 07:30:00";-14
"2022-11-28 08:00:00";-13
"2022-11-28 08:30:00";-13
"2022-11-28 09:00:00";-13
"2022-11-28 09:30:00";-13
"2022-11-28 10:00:00";-14
"2022-11-28 10:30:00";-13
"2022-11-28 11:00:00";-14
"2022-11-28 11:30:00";-13
"2022-11-28 12:30:00";-13
"2022-11-28 13:00:00";-13
"2022-11-28 13:30:00";-13
"2022-11-28 14:00:00";-14
"2022-11-28 14:30:00";-13
"2022-11-28 15:00:00";-13
"2022-11-28 15:30:00";-13
"2022-11-28 16:00:00";-13
"2022-11-28 16:30:00";-14
"2022-11-28 17:00:00";-13
"2022-11-28 17:30:00";-14
"2022-11-28 18:00:00";-14
"2022-11-28 18:30:00";-14
"2022-11-28 19:00:00";-14
"2022-11-28 19:30:00";-14
"2022-11-28 20:00:00";-14
"2022-11-28 20:30:00";-14
"2022-11-28 21:00:00";-15
"2022-11-28 21:30:00";-14
"2022-11-28 22:00:00";-14
"2022-11-28 22:30:00";-15
"2022-11-28 23:00:00";-15
"2022-11-28 23:30:00";-15
"2022-11-29 00:00:00";-14
"2022-11-29 00:30:00";-14
"2022-11-29 01:00:00";-14
"2022-11-29 01:30:00";-14
"2022-11-29 02:00:00";-14
"2022-11-29 02:30:00";-15
"2022-11-29 03:00:00";-14
"2022-11-29 03:30:00";-15
"2022-11-29 04:00:00";-15
"2022-11-29 04:30:00";-14
"2022-11-29 05:00:00";-14
"2022-11-29 05:30:00";-14
"2022-11-29 06:00:00";-14
"2022-11-29 06:30:00";-14
"2022-11-29 07:00:00";-16
"2022-11-29 07:30:00";-14
"2022-11-29 08:00:00";-15
"2022-11-29 08:30:00";-14
"2022-11-29 09:00:00";-14
"2022-11-29 09:30:00";-15
"2022-11-29 10:00:00";-15
"2022-11-29 10:30:00";-14
"2022-11-29 11:00:00";-14
"2022-11-29 11:30:00";-14
"2022-11-29 12:00:00";-14
"2022-11-29 12:30:00";-14
"2022-11-29 13:00:00";-14
"2022-11-29 13:30:00";-13
"2022-11-29 14:00:00";-14
"2022-11-29 14:30:00";-14
"2022-11-29 15:00:00";-13
"2022-11-29 15:30:00";-13
"2022-11-29 16:00:00";-14
"2022-11-29 16:30:00";-14
"2022-11-29 17:00:00";-14
"2022-11-29 17:30:00";-14
"2022-11-29 18:00:00";-14
"2022-11-29 18:30:00";-14
"2022-11-29 19:00:00";-14
"2022-11-29 19:30:00";-15
"2022-11-29 20:00:00";-15
"2022-11-29 20:30:00";-15
"2022-11-29 21:00:00";-15
"2022-11-29 21:30:00";-15
"2022-11-29 22:00:00";-14
"2022-11-29 22:30:00";-15
"2022-11-29 23:00:00";-14
"2022-11-29 23:30:00";-14
"2022-11-30 00:00:00";-14
"2022-11-30 00:30:00";-14
"2022-11-30 01:00:00";-14
"2022-11-30 01:30:00";-15
"2022-11-30 02:00:00";-14
"2022-11-30 02:30:00";-15
"2022-11-30 03:00:00";-15
"2022-11-30 03:30:00";-15
"2022-11-30 04:00:00";-15
"2022-11-30 04:30:00";-15
"2022-11-30 05:00:00";-15
"2022-11-30 05:30:00";-15
"2022-11-30 06:00:00";-15
"2022-11-30 06:30:00";-15
"2022-11-30 07:00:00";-14
"2022-11-30 07:30:00";-15
"2022-11-30 08:00:00";-15
"2022-11-30 08:30:00";-14
"2022-11-30 09:00:00";-15
"2022-11-30 09:30:00";-14
"2022-11-30 10:00:00";-14
"2022-11-30 10:30:00";-18
"2022-11-30 11:00:00";-20
"2022-11-30 11:30:00";-18
"2022-11-30 12:00:00";-16
"2022-11-30 12:30:00";-16
"2022-11-30 13:00:00";-15
"2022-11-30 13:30:00";-15
"2022-11-30 14:00:00";-15
"2022-11-30 14:30:00";-15
"2022-11-30 15:00:00";-16
"2022-11-30 15:30:00";-15
"2022-11-30 16:00:00";-15
"2022-11-30 16:30:00";-15
"2022-11-30 17:00:00";-15
"2022-11-30 17:30:00";-15
"2022-11-30 18:00:00";-15
"2022-11-30 18:30:00";-15
"2022-11-30 19:00:00";-15
"2022-11-30 19:30:00";-15
"2022-11-30 20:00:00";-15
"2022-11-30 20:30:00";-15
"2022-11-30 21:00:00";-14
"2022-11-30 21:30:00";-14
"2022-11-30 22:00:00";-14
"2022-11-30 22:30:00";-15
"2022-11-30 23:00:00";-14
"2022-11-30 23:30:00";-15
"2022-12-01 00:00:00";-15
"2022-12-01 01:00:00";-15
"2022-12-01 01:30:00";-16
"2022-12-01 02:00:00";-14
"2022-12-01 02:30:00";-15
"2022-12-01 03:00:00";-15
"2022-12-01 03:30:00";-15
"2022-12-01 04:00:00";-15
"2022-12-01 04:30:00";-16
"2022-12-01 05:00:00";-15
"2022-12-01 05:30:00";-16
"2022-12-01 06:00:00";-15
"2022-12-01 06:30:00";-15
"2022-12-01 07:00:00";-15
"2022-12-01 07:30:00";-16
"2022-12-01 08:00:00";-16
"2022-12-01 08:30:00";-15
"2022-12-01 09:00:00";-17
"2022-12-01 09:30:00";-15
"2022-12-01 10:00:00";-15
"2022-12-01 10:30:00";-17
"2022-12-01 11:00:00";-19
"2022-12-01 11:30:00";-20
"2022-12-01 12:00:00";-21
"2022-12-01 13:00:00";-24
"2022-12-01 13:30:00";-20
"2022-12-01 14:00:00";-19
"2022-12-01 14:30:00";-18
"2022-12-01 15:00:00";-16
"2022-12-01 15:30:00";-16
"2022-12-01 16:00:00";-16
"2022-12-01 16:30:00";-17
"2022-12-01 17:00:00";-17
"2022-12-01 17:30:00";-17
"2022-12-01 18:00:00";-16
"2022-12-01 18:30:00";-16
"2022-12-01 19:00:00";-16
"2022-12-01 19:30:00";-16
"2022-12-01 20:00:00";-15
"2022-12-01 20:30:00";-16
"2022-12-01 21:00:00";-16
"2022-12-01 21:30:00";-15
"2022-12-01 22:00:00";-16
"2022-12-01 22:30:00";-15
"2022-12-01 23:00:00";-15
"2022-12-01 23:30:00";-16
"2022-12-02 00:00:00";-15
"2022-12-02 00:30:00";-16
"2022-12-02 01:00:00";-15
"2022-12-02 01:30:00";-15
"2022-12-02 02:00:00";-15
"2022-12-02 02:30:00";-14
"2022-12-02 03:00:00";-15
"2022-12-02 03:30:00";-15
"2022-12-02 04:00:00";-15
"2022-12-02 04:30:00";-15
"2022-12-02 05:00:00";-16
"2022-12-02 05:30:00";-16
"2022-12-02 06:00:00";-15
"2022-12-02 06:30:00";-16
"2022-12-02 07:00:00";-16
"2022-12-02 07:30:00";-15
"2022-12-02 08:00:00";-16
"2022-12-02 08:30:00";-16
"2022-12-02 09:00:00";-16
"2022-12-02 09:30:00";-15
"2022-12-02 10:00:00";-15
"2022-12-02 10:30:00";-15
"2022-12-02 11:00:00";-16
"2022-12-02 11:30:00";-15
"2022-12-02 12:00:00";-15
"2022-12-02 12:30:00";-15
"2022-12-02 13:00:00";-15
"2022-12-02 13:30:00";-15
"2022-12-02 14:00:00";-15
"2022-12-02 14:30:00";-15
"2022-12-02 15:00:00";-15
"2022-12-02 15:30:00";-15
"2022-12-02 16:00:00";-15
"2022-12-02 16:30:00";-15
"2022-12-02 17:00:00";-15
"2022-12-02 17:30:00";-15
"2022-12-02 18:00:00";-15
"2022-12-02 18:30:00";-15
"2022-12-02 19:00:00";-15
"2022-12-02 19:30:00";-15
"2022-12-02 20:00:00";-15
"2022-12-02 20:30:00";-15
"2022-12-02 21:00:00";-15
"2022-12-02 21:30:00";-15
"2022-12-02 22:00:00";-15
"2022-12-02 22:30:00";-16
"2022-12-02 23:00:00";-15
"2022-12-02 23:30:00";-15
"2022-12-03 00:00:00";-15
"2022-12-03 03:00:00";-15
"2022-12-03 03:30:00";-15
"2022-12-03 04:00:00";-15
"2022-12-03 04:30:00";-15
"2022-12-03 05:00:00";-15
"2022-12-03 05:30:00";-15
"2022-12-03 06:00:00";-15
"2022-12-03 06:30:00";-15
"2022-12-03 07:00:00";-15
"2022-12-03 07:30:00";-15
"2022-12-03 08:00:00";-15
"2022-12-03 08:30:00";-15
"2022-12-03 09:00:00";-16
"2022-12-03 09:30:00";-16
"2022-12-03 10:00:00";-16
"2022-12-03 10:30:00";-15
"2022-12-03 11:00:00";-15
"2022-12-03 11:30:00";-15
"2022-12-03 12:00:00";-16
"2022-12-03 12:30:00";-15
"2022-12-03 13:00:00";-15
"2022-12-03 13:30:00";-14
"2022-12-03 14:00:00";-15
"2022-12-03 14:30:00";-14
"2022-12-03 15:00:00";-14
"2022-12-03 16:30:00";-14
"2022-12-03 18:00:00";-14
"2022-12-03 19:30:00";-13
"2022-12-03 21:00:00";-13
"2022-12-03 21:30:00";-13
"2022-12-03 23:00:00";-13
"2022-12-03 23:30:00";-14
"2022-12-04 01:00:00";-14
"2022-12-04 01:30:00";-14
"2022-12-04 02:00:00";-13
"2022-12-04 02:30:00";-14
"2022-12-04 03:30:00";-13
"2022-12-04 04:00:00";-13
"2022-12-04 04:30:00";-13
"2022-12-04 05:00:00";-13
"2022-12-04 05:30:00";-13
"2022-12-04 06:00:00";-12
"2022-12-04 06:30:00";-12
"2022-12-04 07:00:00";-11
"2022-12-04 07:30:00";-12
"2022-12-04 08:00:00";-12
"2022-12-04 08:30:00";-12
"2022-12-04 09:00:00";-12
"2022-12-04 09:30:00";-11
"2022-12-04 10:00:00";-11
"2022-12-04 10:30:00";-11
"2022-12-04 11:00:00";-10
"2022-12-04 11:30:00";-10
"2022-12-04 12:00:00";-11
"2022-12-04 12:30:00";-10
"2022-12-04 13:30:00";-13
"2022-12-04 14:00:00";-11
"2022-12-04 14:30:00";-11
"2022-12-04 17:00:00";-13
"2022-12-04 18:00:00";-12
"2022-12-04 19:00:00";-12
"2022-12-04 20:30:00";-12
"2022-12-05 10:00:00";-13
"2022-12-06 06:00:00";-13
"2022-12-06 08:30:00";-14
"2022-12-06 09:30:00";-14
"2022-12-06 10:00:00";-12
"2022-12-06 10:30:00";-14
"2022-12-06 11:00:00";-15
"2022-12-06 11:30:00";-17
"2022-12-06 12:00:00";-16
"2022-12-06 12:30:00";-16
"2022-12-06 13:00:00";-18
"2022-12-06 13:30:00";-16
"2022-12-06 17:30:00";-15
"2022-12-06 18:00:00";-15
"2022-12-06 18:30:00";-15
"2022-12-06 19:00:00";-13
"2022-12-06 19:30:00";-14
"2022-12-06 20:00:00";-15
"2022-12-06 20:30:00";-14
"2022-12-06 21:00:00";-15
"2022-12-06 21:30:00";-14
"2022-12-06 22:00:00";-14
"2022-12-06 22:30:00";-15
"2022-12-06 23:00:00";-15
"2022-12-06 23:30:00";-14
"2022-12-07 00:00:00";-14
"2022-12-07 01:00:00";-14
"2022-12-07 01:30:00";-14
"2022-12-07 02:00:00";-15
"2022-12-07 02:30:00";-14
"2022-12-07 03:00:00";-15
"2022-12-07 03:30:00";-15
"2022-12-07 04:00:00";-15
"2022-12-07 04:30:00";-15
"2022-12-07 05:00:00";-15
"2022-12-07 05:30:00";-15
"2022-12-07 06:00:00";-15
"2022-12-07 06:30:00";-15
"2022-12-07 07:00:00";-15
"2022-12-07 07:30:00";-15
"2022-12-07 08:00:00";-15
"2022-12-07 08:30:00";-15
"2022-12-07 09:00:00";-15
"2022-12-07 09:30:00";-15
"2022-12-07 10:00:00";-15
"2022-12-07 10:30:00";-17
"2022-12-07 11:00:00";-18
"2022-12-07 11:30:00";-19
"2022-12-07 12:00:00";-18
"2022-12-07 12:30:00";-22
"2022-12-07 13:00:00";-21
"2022-12-07 13:30:00";-18
"2022-12-07 14:00:00";-17
"2022-12-07 14:30:00";-16
"2022-12-07 15:00:00";-16
"2022-12-07 15:30:00";-16
"2022-12-07 16:00:00";-16
"2022-12-07 17:00:00";-16
"2022-12-07 17:30:00";-15
"2022-12-07 18:00:00";-15
"2022-12-07 18:30:00";-15
"2022-12-07 19:00:00";-15
"2022-12-07 19:30:00";-15
"2022-12-07 20:00:00";-15
"2022-12-07 20:30:00";-15
"2022-12-07 21:00:00";-15
"2022-12-07 21:30:00";-15
"2022-12-07 22:00:00";-15
"2022-12-07 22:30:00";-16
"2022-12-07 23:00:00";-15
"2022-12-07 23:30:00";-15
"2022-12-08 00:00:00";-15
"2022-12-08 00:30:00";-15
"2022-12-08 01:00:00";-15
"2022-12-08 01:30:00";-15
"2022-12-08 02:00:00";-16
"2022-12-08 02:30:00";-15
"2022-12-08 03:00:00";-15
"2022-12-08 03:30:00";-15
"2022-12-08 04:00:00";-15
"2022-12-08 04:30:00";-15
"2022-12-08 05:00:00";-16
"2022-12-08 05:30:00";-16
"2022-12-08 06:00:00";-16
"2022-12-08 06:30:00";-16
"2022-12-08 07:00:00";-16
"2022-12-08 07:30:00";-16
"2022-12-08 08:00:00";-15
"2022-12-08 08:30:00";-16
"2022-12-08 09:00:00";-16
"2022-12-08 09:30:00";-16
"2022-12-08 10:00:00";-16
"2022-12-08 10:30:00";-16
"2022-12-08 11:00:00";-17
"2022-12-08 11:30:00";-18
"2022-12-08 12:00:00";-18
"2022-12-08 12:30:00";-20
"2022-12-08 13:00:00";-19
"2022-12-08 13:30:00";-18
"2022-12-08 14:00:00";-17
"2022-12-08 14:30:00";-17
"2022-12-08 15:00:00";-17
"2022-12-08 15:30:00";-17
"2022-12-08 16:00:00";-17
"2022-12-08 16:30:00";-17
"2022-12-08 17:00:00";-17
"2022-12-08 17:30:00";-16
"2022-12-08 18:00:00";-16
"2022-12-08 18:30:00";-16
"2022-12-08 19:00:00";-16
"2022-12-08 19:30:00";-16
"2022-12-08 20:00:00";-16
"2022-12-08 20:30:00";-16
"2022-12-08 21:00:00";-16
"2022-12-08 21:30:00";-16
"2022-12-08 22:00:00";-16
"2022-12-08 22:30:00";-16
"2022-12-08 23:00:00";-16
"2022-12-08 23:30:00";-16
"2022-12-09 00:00:00";-16
"2022-12-09 00:30:00";-16
"2022-12-09 01:00:00";-16
"2022-12-09 01:30:00";-16
"2022-12-09 02:00:00";-16
"2022-12-09 02:30:00";-16
"2022-12-09 03:30:00";-16
"2022-12-09 04:00:00";-16
"2022-12-09 04:30:00";-16
"2022-12-09 05:00:00";-16
"2022-12-09 05:30:00";-16
"2022-12-09 06:00:00";-16
"2022-12-09 06:30:00";-16
"2022-12-09 07:00:00";-16
"2022-12-09 07:30:00";-16
"2022-12-09 08:00:00";-16
"2022-12-09 08:30:00";-16
"2022-12-09 09:00:00";-16
"2022-12-09 09:30:00";-16
"2022-12-09 10:00:00";-16
"2022-12-09 10:30:00";-15
"2022-12-09 11:00:00";-15
"2022-12-09 11:30:00";-15
"2022-12-09 12:00:00";-16
"2022-12-09 12:30:00";-15
"2022-12-09 13:00:00";-15
"2022-12-09 13:30:00";-15
"2022-12-09 14:00:00";-15
"2022-12-09 14:30:00";-15
"2022-12-09 15:00:00";-15
"2022-12-09 15:30:00";-16
"2022-12-09 16:00:00";-16
"2022-12-09 16:30:00";-16
"2022-12-09 17:00:00";-16
"2022-12-09 17:30:00";-16
"2022-12-09 18:00:00";-16
"2022-12-09 18:30:00";-15
"2022-12-09 19:00:00";-15
"2022-12-09 19:30:00";-16
"2022-12-09 20:00:00";-15
"2022-12-09 20:30:00";-16
"2022-12-09 21:00:00";-16
"2022-12-09 21:30:00";-16
"2022-12-09 22:00:00";-15
"2022-12-09 22:30:00";-16
"2022-12-09 23:00:00";-16
"2022-12-09 23:30:00";-16
"2022-12-10 00:00:00";-16
"2022-12-10 00:30:00";-16
"2022-12-10 01:00:00";-15
"2022-12-10 01:30:00";-16
"2022-12-10 02:00:00";-16
"2022-12-10 02:30:00";-15
"2022-12-10 03:00:00";-16
"2022-12-10 03:30:00";-16
"2022-12-10 04:00:00";-16
"2022-12-10 04:30:00";-16
"2022-12-10 05:00:00";-16
"2022-12-10 05:30:00";-15
"2022-12-10 06:00:00";-16
"2022-12-10 06:30:00";-16
"2022-12-10 07:00:00";-16
"2022-12-10 07:30:00";-16
"2022-12-10 08:00:00";-16
"2022-12-10 08:30:00";-16
"2022-12-10 09:00:00";-16
"2022-12-10 09:30:00";-16
"2022-12-10 10:00:00";-16
"2022-12-10 10:30:00";-16
"2022-12-10 11:00:00";-16
"2022-12-10 11:30:00";-17
"2022-12-10 12:00:00";-19
"2022-12-10 12:30:00";-20
"2022-12-10 13:00:00";-21
"2022-12-10 13:30:00";-17
"2022-12-10 14:00:00";-17
"2022-12-10 14:30:00";-17
"2022-12-10 15:00:00";-17
"2022-12-10 15:30:00";-17
"2022-12-10 16:00:00";-17
"2022-12-10 16:30:00";-16
"2022-12-10 17:00:00";-16
"2022-12-10 17:30:00";-16
"2022-12-10 18:00:00";-16
"2022-12-10 18:30:00";-16
"2022-12-10 19:00:00";-15
"2022-12-10 19:30:00";-15
"2022-12-10 20:00:00";-15
"2022-12-10 20:30:00";-16
"2022-12-10 21:00:00";-16
"2022-12-10 21:30:00";-16
"2022-12-10 22:00:00";-15
"2022-12-10 22:30:00";-16
"2022-12-10 23:00:00";-16
"2022-12-10 23:30:00";-15
"2022-12-11 00:00:00";-15
"2022-12-11 01:00:00";-16
"2022-12-11 01:30:00";-16
"2022-12-11 02:00:00";-16
"2022-12-11 02:30:00";-16
"2022-12-11 03:00:00";-16
"2022-12-11 03:30:00";-16
"2022-12-11 04:00:00";-16
"2022-12-11 04:30:00";-16
"2022-12-11 05:00:00";-16
"2022-12-11 05:30:00";-16
"2022-12-11 06:00:00";-17
"2022-12-11 06:30:00";-16
"2022-12-11 07:00:00";-17
"2022-12-11 07:30:00";-17
"2022-12-11 08:00:00";-17
"2022-12-11 08:30:00";-17
"2022-12-11 09:00:00";-17
"2022-12-11 09:30:00";-17
"2022-12-11 10:00:00";-17
"2022-12-11 10:30:00";-19
"2022-12-11 11:00:00";-21
"2022-12-11 11:30:00";-25
"2022-12-11 12:00:00";-21
"2022-12-11 12:30:00";-21
"2022-12-11 13:00:00";-22
"2022-12-11 13:30:00";-19
"2022-12-11 14:00:00";-19
"2022-12-11 14:30:00";-19
"2022-12-11 15:00:00";-20
"2022-12-11 15:30:00";-18
"2022-12-11 16:00:00";-18
"2022-12-11 16:30:00";-18
"2022-12-11 17:00:00";-18
"2022-12-11 17:30:00";-18
"2022-12-11 18:00:00";-18
"2022-12-11 18:30:00";-18
"2022-12-11 19:00:00";-18
"2022-12-11 19:30:00";-17
"2022-12-11 20:00:00";-18
"2022-12-11 20:30:00";-18
"2022-12-11 21:00:00";-18
"2022-12-11 21:30:00";-18
"2022-12-11 22:00:00";-18
"2022-12-11 22:30:00";-18
"2022-12-11 23:00:00";-18
"2022-12-11 23:30:00";-18
"2022-12-12 00:00:00";-18
"2022-12-12 00:30:00";-19
"2022-12-12 01:00:00";-19
"2022-12-12 01:30:00";-19
"2022-12-12 02:00:00";-19
"2022-12-12 02:30:00";-20
"2022-12-12 03:00:00";-20
"2022-12-12 03:30:00";-19
"2022-12-12 04:00:00";-19
"2022-12-12 04:30:00";-20
"2022-12-12 05:00:00";-20
"2022-12-12 05:30:00";-20
"2022-12-12 06:00:00";-20
"2022-12-12 06:30:00";-20
"2022-12-12 07:00:00";-20
"2022-12-12 07:30:00";-21
"2022-12-12 08:00:00";-21
"2022-12-12 08:30:00";-21
"2022-12-12 09:00:00";-20
"2022-12-12 09:30:00";-21
"2022-12-12 10:00:00";-21
"2022-12-12 10:30:00";-24
"2022-12-12 11:00:00";-24
"2022-12-12 11:30:00";-26
"2022-12-12 12:00:00";-26
"2022-12-12 12:30:00";-26
"2022-12-12 13:00:00";-28
"2022-12-12 13:30:00";-22
"2022-12-12 14:00:00";-21
"2022-12-12 14:30:00";-21
"2022-12-12 15:00:00";-22
"2022-12-12 15:30:00";-22
"2022-12-12 16:00:00";-21
"2022-12-12 16:30:00";-21
"2022-12-12 17:00:00";-20
"2022-12-12 17:30:00";-20
"2022-12-12 18:00:00";-20
"2022-12-12 18:30:00";-20
"2022-12-12 19:00:00";-20
"2022-12-12 19:30:00";-20
"2022-12-12 20:00:00";-20
"2022-12-12 20:30:00";-19
"2022-12-12 21:00:00";-20
"2022-12-12 21:30:00";-20
"2022-12-12 22:00:00";-20
"2022-12-12 23:00:00";-21
"2022-12-12 23:30:00";-19
"2022-12-13 00:00:00";-20
"2022-12-13 00:30:00";-19
"2022-12-13 01:00:00";-19
"2022-12-13 01:30:00";-20
"2022-12-13 02:00:00";-19
"2022-12-13 02:30:00";-20
"2022-12-13 03:00:00";-19
"2022-12-13 03:30:00";-19
"2022-12-13 04:00:00";-20
"2022-12-13 04:30:00";-19
"2022-12-13 05:00:00";-20
"2022-12-13 05:30:00";-19
"2022-12-13 06:00:00";-19
"2022-12-13 06:30:00";-20
"2022-12-13 07:00:00";-19
"2022-12-13 07:30:00";-19
"2022-12-13 08:00:00";-20
"2022-12-13 08:30:00";-19
"2022-12-13 09:00:00";-19
"2022-12-13 09:30:00";-19
"2022-12-13 10:00:00";-19
"2022-12-13 10:30:00";-19
"2022-12-13 11:00:00";-20
"2022-12-13 11:30:00";-20
"2022-12-13 12:00:00";-20
"2022-12-13 12:30:00";-20
"2022-12-13 13:00:00";-19
"2022-12-13 13:30:00";-18
"2022-12-13 14:00:00";-19
"2022-12-13 14:30:00";-21
"2022-12-13 15:00:00";-19
"2022-12-13 15:30:00";-19
"2022-12-13 16:00:00";-19
"2022-12-13 16:30:00";-18
"2022-12-13 17:00:00";-18
"2022-12-13 17:30:00";-18
"2022-12-13 18:00:00";-18
"2022-12-13 18:30:00";-18
"2022-12-13 19:00:00";-18
"2022-12-13 19:30:00";-18
"2022-12-13 20:00:00";-18
"2022-12-13 20:30:00";-19
"2022-12-13 21:00:00";-17
"2022-12-13 21:30:00";-17
"2022-12-13 22:00:00";-18
"2022-12-13 22:30:00";-18
"2022-12-13 23:00:00";-18
"2022-12-13 23:30:00";-17
"2022-12-14 00:00:00";-18
"2022-12-14 00:30:00";-18
"2022-12-14 01:00:00";-18
"2022-12-14 01:30:00";-18
"2022-12-14 02:00:00";-17
"2022-12-14 02:30:00";-18
"2022-12-14 03:00:00";-18
"2022-12-14 03:30:00";-18
"2022-12-14 04:00:00";-18
"2022-12-14 04:30:00";-17
"2022-12-14 05:00:00";-18
"2022-12-14 05:30:00";-18
"2022-12-14 06:00:00";-19
"2022-12-14 06:30:00";-18
"2022-12-14 07:00:00";-18
"2022-12-14 07:30:00";-18
"2022-12-14 08:00:00";-18
"2022-12-14 08:30:00";-18
"2022-12-14 09:00:00";-18
"2022-12-14 09:30:00";-18
"2022-12-14 10:00:00";-18
"2022-12-14 10:30:00";-18
"2022-12-14 11:00:00";-18
"2022-12-14 11:30:00";-18
"2022-12-14 12:00:00";-19
"2022-12-14 12:30:00";-20
"2022-12-14 13:00:00";-20
"2022-12-14 13:30:00";-20
"2022-12-14 14:00:00";-19
"2022-12-14 14:30:00";-18
"2022-12-14 15:00:00";-18
"2022-12-14 15:30:00";-18
"2022-12-14 16:00:00";-19
"2022-12-14 16:30:00";-18
"2022-12-14 17:00:00";-18
"2022-12-14 17:30:00";-19
"2022-12-14 18:00:00";-18
"2022-12-14 18:30:00";-18
"2022-12-14 19:00:00";-19
"2022-12-14 19:30:00";-19
"2022-12-14 20:00:00";-18
"2022-12-14 20:30:00";-19
"2022-12-14 21:00:00";-19
"2022-12-14 21:30:00";-18
"2022-12-14 22:00:00";-19
"2022-12-14 22:30:00";-18
"2022-12-14 23:00:00";-19
"2022-12-14 23:30:00";-19
"2022-12-15 00:00:00";-18
"2022-12-15 00:30:00";-18
"2022-12-15 01:00:00";-19
"2022-12-15 01:30:00";-19
"2022-12-15 02:00:00";-18
"2022-12-15 02:30:00";-18
"2022-12-15 03:00:00";-18
"2022-12-15 03:30:00";-19
"2022-12-15 04:00:00";-19
"2022-12-15 04:30:00";-18
"2022-12-15 05:00:00";-19
"2022-12-15 05:30:00";-19
"2022-12-15 06:00:00";-18
"2022-12-15 06:30:00";-19
"2022-12-15 07:00:00";-18
"2022-12-15 07:30:00";-19
"2022-12-15 08:00:00";-17
"2022-12-15 08:30:00";-19
"2022-12-15 09:00:00";-18
"2022-12-15 09:30:00";-18
"2022-12-15 10:00:00";-17
"2022-12-15 10:30:00";-18
"2022-12-15 11:00:00";-18
"2022-12-15 11:30:00";-18
"2022-12-15 12:00:00";-18
"2022-12-15 13:30:00";-19
"2022-12-15 14:00:00";-18
"2022-12-15 14:30:00";-17
"2022-12-15 15:00:00";-18
"2022-12-15 15:30:00";-17
"2022-12-15 16:00:00";-17
"2022-12-15 16:30:00";-17
"2022-12-15 17:00:00";-17
"2022-12-15 17:30:00";-17
"2022-12-15 18:00:00";-17
"2022-12-15 18:30:00";-18
"2022-12-15 19:00:00";-17
"2022-12-15 19:30:00";-17
"2022-12-15 20:00:00";-17
"2022-12-15 20:30:00";-17
"2022-12-15 21:00:00";-17
"2022-12-15 21:30:00";-17
"2022-12-15 22:00:00";-17
"2022-12-15 22:30:00";-17
"2022-12-15 23:00:00";-17
"2022-12-15 23:30:00";-16
"2022-12-16 00:00:00";-17
"2022-12-16 00:30:00";-17
"2022-12-16 01:00:00";-17
"2022-12-16 01:30:00";-18
"2022-12-16 02:00:00";-17
"2022-12-16 02:30:00";-17
"2022-12-16 03:00:00";-17
"2022-12-16 03:30:00";-17
"2022-12-16 04:00:00";-17
"2022-12-16 04:30:00";-18
"2022-12-16 05:00:00";-17
"2022-12-16 05:30:00";-17
"2022-12-16 06:00:00";-18
"2022-12-16 06:30:00";-17
"2022-12-16 07:00:00";-18
"2022-12-16 07:30:00";-18
"2022-12-16 08:00:00";-17
"2022-12-16 08:30:00";-17
"2022-12-16 09:00:00";-18
"2022-12-16 09:30:00";-17
"2022-12-16 10:00:00";-17
"2022-12-16 10:30:00";-18
"2022-12-16 11:00:00";-18
"2022-12-16 11:30:00";-20
"2022-12-16 12:00:00";-20
"2022-12-16 12:30:00";-19
"2022-12-16 13:00:00";-21
"2022-12-16 13:30:00";-19
"2022-12-16 14:00:00";-18
"2022-12-16 14:30:00";-18
"2022-12-16 15:00:00";-18
"2022-12-16 15:30:00";-17
"2022-12-16 16:00:00";-18
"2022-12-16 16:30:00";-17
"2022-12-16 17:00:00";-17
"2022-12-16 17:30:00";-18
"2022-12-16 18:00:00";-18
"2022-12-16 18:30:00";-17
"2022-12-16 19:00:00";-17
"2022-12-16 19:30:00";-17
"2022-12-16 20:00:00";-17
"2022-12-16 20:30:00";-17
"2022-12-16 21:00:00";-17
"2022-12-16 21:30:00";-17
"2022-12-16 22:00:00";-17
"2022-12-16 22:30:00";-17
"2022-12-16 23:00:00";-17
"2022-12-16 23:30:00";-17
"2022-12-17 00:00:00";-17
"2022-12-17 00:30:00";-17
"2022-12-17 01:00:00";-17
"2022-12-17 01:30:00";-17
"2022-12-17 02:00:00";-18
"2022-12-17 02:30:00";-17
"2022-12-17 04:30:00";-17
"2022-12-17 06:30:00";-17
"2022-12-17 07:30:00";-17
"2022-12-17 08:00:00";-17
"2022-12-17 08:30:00";-18
"2022-12-17 09:00:00";-18
"2022-12-17 09:30:00";-17
"2022-12-17 10:00:00";-18
"2022-12-17 10:30:00";-19
"2022-12-17 11:00:00";-21
"2022-12-17 11:30:00";-20
"2022-12-17 12:00:00";-20
"2022-12-17 12:30:00";-21
"2022-12-17 13:00:00";-22
"2022-12-17 13:30:00";-19
"2022-12-17 14:00:00";-19
"2022-12-17 14:30:00";-18
"2022-12-17 15:00:00";-18
"2022-12-17 15:30:00";-19
"2022-12-17 16:00:00";-19
"2022-12-17 16:30:00";-18
"2022-12-17 17:00:00";-18
"2022-12-17 17:30:00";-18
"2022-12-17 18:00:00";-17
"2022-12-17 18:30:00";-18
"2022-12-17 19:00:00";-18
"2022-12-17 19:30:00";-18
"2022-12-17 20:00:00";-17
"2022-12-17 20:30:00";-18
"2022-12-17 21:00:00";-18
"2022-12-17 21:30:00";-17
"2022-12-17 22:00:00";-18
"2022-12-17 22:30:00";-17
"2022-12-17 23:00:00";-17
"2022-12-17 23:30:00";-17
"2022-12-18 00:00:00";-18
"2022-12-18 00:30:00";-18
"2022-12-18 01:00:00";-17
"2022-12-18 01:30:00";-17
"2022-12-18 02:00:00";-17
"2022-12-18 02:30:00";-18
"2022-12-18 03:00:00";-17
"2022-12-18 03:30:00";-18
"2022-12-18 04:00:00";-18
"2022-12-18 04:30:00";-18
"2022-12-18 05:00:00";-18
"2022-12-18 05:30:00";-18
"2022-12-18 06:00:00";-18
"2022-12-18 06:30:00";-17
"2022-12-18 07:00:00";-17
"2022-12-18 07:30:00";-18
"2022-12-18 08:00:00";-18
"2022-12-18 08:30:00";-18
"2022-12-18 09:00:00";-18
"2022-12-18 09:30:00";-18
"2022-12-18 10:00:00";-17
"2022-12-18 10:30:00";-20
"2022-12-18 11:00:00";-21
"2022-12-18 11:30:00";-20
"2022-12-18 12:00:00";-21
"2022-12-18 12:30:00";-22
"2022-12-18 13:00:00";-21
"2022-12-18 13:30:00";-20
"2022-12-18 14:00:00";-20
"2022-12-18 14:30:00";-19
"2022-12-18 15:00:00";-19
"2022-12-18 15:30:00";-20
"2022-12-18 16:00:00";-19
"2022-12-18 16:30:00";-18
"2022-12-18 17:00:00";-19
"2022-12-18 17:30:00";-18
"2022-12-18 18:00:00";-19
"2022-12-18 18:30:00";-19
"2022-12-18 19:00:00";-18
"2022-12-18 19:30:00";-18
"2022-12-18 20:00:00";-19
"2022-12-18 20:30:00";-18
"2022-12-18 21:00:00";-18
"2022-12-18 21:30:00";-18
"2022-12-18 22:00:00";-19
"2022-12-18 22:30:00";-18
"2022-12-18 23:00:00";-18
"2022-12-18 23:30:00";-18
"2022-12-19 00:00:00";-18
"2022-12-19 00:30:00";-18
"2022-12-19 01:00:00";-18
"2022-12-19 01:30:00";-18
"2022-12-19 02:00:00";-18
"2022-12-19 02:30:00";-18
"2022-12-19 03:00:00";-18
"2022-12-19 03:30:00";-18
"2022-12-19 04:00:00";-18
"2022-12-19 04:30:00";-18
"2022-12-19 05:00:00";-18
"2022-12-19 05:30:00";-18
"2022-12-19 06:00:00";-18
"2022-12-19 06:30:00";-17
"2022-12-19 07:00:00";-18
"2022-12-19 07:30:00";-19
"2022-12-19 08:00:00";-18
"2022-12-19 08:30:00";-18
"2022-12-19 09:00:00";-18
"2022-12-19 09:30:00";-18
"2022-12-19 10:00:00";-18
"2022-12-19 10:30:00";-19
"2022-12-19 11:00:00";-19
"2022-12-19 11:30:00";-19
"2022-12-19 12:00:00";-19
"2022-12-19 12:30:00";-20
"2022-12-19 13:00:00";-20
"2022-12-19 13:30:00";-19
"2022-12-19 14:00:00";-19
"2022-12-19 14:30:00";-18
"2022-12-19 15:00:00";-19
"2022-12-19 15:30:00";-19
"2022-12-19 16:00:00";-18
"2022-12-19 16:30:00";-18
"2022-12-19 17:00:00";-18
"2022-12-19 17:30:00";-18
"2022-12-19 18:00:00";-18
"2022-12-19 18:30:00";-18
"2022-12-19 19:00:00";-19
"2022-12-19 19:30:00";-18
"2022-12-19 20:00:00";-18
"2022-12-19 20:30:00";-18
"2022-12-19 21:00:00";-18
"2022-12-19 21:30:00";-18
"2022-12-19 22:00:00";-18
"2022-12-19 23:00:00";-18
"2022-12-19 23:30:00";-18
"2022-12-20 00:00:00";-18
"2022-12-20 00:30:00";-18
"2022-12-20 01:00:00";-18
"2022-12-20 01:30:00";-18
"2022-12-20 02:00:00";-18
"2022-12-20 02:30:00";-18
"2022-12-20 03:00:00";-18
"2022-12-20 03:30:00";-18
"2022-12-20 04:00:00";-18
"2022-12-20 04:30:00";-18
"2022-12-20 05:00:00";-18
"2022-12-20 05:30:00";-19
"2022-12-20 08:30:00";-19
"2022-12-20 09:00:00";-18
"2022-12-20 09:30:00";-19
"2022-12-20 10:00:00";-18
"2022-12-20 10:30:00";-18
"2022-12-20 11:00:00";-18
"2022-12-20 11:30:00";-19
"2022-12-20 12:00:00";-20
"2022-12-20 12:30:00";-24
"2022-12-20 13:00:00";-23
"2022-12-20 13:30:00";-21
"2022-12-20 14:00:00";-19
"2022-12-20 14:30:00";-18
"2022-12-20 15:00:00";-19
"2022-12-20 15:30:00";-18
"2022-12-20 16:00:00";-18
"2022-12-20 16:30:00";-18
"2022-12-20 17:00:00";-19
"2022-12-20 17:30:00";-19
"2022-12-20 18:00:00";-19
"2022-12-20 18:30:00";-18
"2022-12-20 19:00:00";-18
"2022-12-20 19:30:00";-18
"2022-12-20 20:00:00";-17
"2022-12-20 20:30:00";-18
"2022-12-20 21:00:00";-18
"2022-12-20 21:30:00";-18
"2022-12-20 22:00:00";-17
"2022-12-20 22:30:00";-18
"2022-12-20 23:00:00";-18
"2022-12-20 23:30:00";-18
"2022-12-21 00:00:00";-18
"2022-12-21 00:30:00";-17
"2022-12-21 01:00:00";-18
"2022-12-21 01:30:00";-18
"2022-12-21 02:00:00";-17
"2022-12-21 02:30:00";-18
"2022-12-21 03:00:00";-18
"2022-12-21 03:30:00";-18
"2022-12-21 04:00:00";-18
"2022-12-21 04:30:00";-18
"2022-12-21 05:00:00";-18
"2022-12-21 05:30:00";-18
"2022-12-21 06:00:00";-18
"2022-12-21 06:30:00";-18
"2022-12-21 07:00:00";-18
"2022-12-21 07:30:00";-18
"2022-12-21 08:00:00";-18
"2022-12-21 08:30:00";-19
"2022-12-21 09:00:00";-18
"2022-12-21 09:30:00";-17
"2022-12-21 10:00:00";-18
"2022-12-21 10:30:00";-18
"2022-12-21 11:00:00";-19
"2022-12-21 11:30:00";-19
"2022-12-21 12:00:00";-19
"2022-12-21 12:30:00";-19
"2022-12-21 13:00:00";-23
"2022-12-21 13:30:00";-20
"2022-12-21 14:00:00";-18
"2022-12-21 14:30:00";-19
"2022-12-21 15:00:00";-18
"2022-12-21 15:30:00";-19
"2022-12-21 16:00:00";-19
"2022-12-21 16:30:00";-19
"2022-12-21 17:00:00";-18
"2022-12-21 17:30:00";-18
"2022-12-21 18:00:00";-18
"2022-12-21 18:30:00";-18
"2022-12-21 19:00:00";-19
"2022-12-21 19:30:00";-18
"2022-12-21 20:00:00";-17
"2022-12-21 20:30:00";-18
"2022-12-21 21:00:00";-18
"2022-12-21 21:30:00";-18
"2022-12-21 22:00:00";-18
"2022-12-21 22:30:00";-18
"2022-12-21 23:00:00";-18
"2022-12-21 23:30:00";-17
"2022-12-22 00:00:00";-17
"2022-12-22 00:30:00";-18
"2022-12-22 01:00:00";-18
"2022-12-22 01:30:00";-18
"2022-12-22 02:00:00";-18
"2022-12-22 02:30:00";-18
"2022-12-22 03:00:00";-18
"2022-12-22 03:30:00";-17
"2022-12-22 04:00:00";-17
"2022-12-22 04:30:00";-18
"2022-12-22 05:00:00";-18
"2022-12-22 05:30:00";-18
"2022-12-22 06:00:00";-17
"2022-12-22 06:30:00";-18
"2022-12-22 07:00:00";-18
"2022-12-22 07:30:00";-18
"2022-12-22 08:00:00";-18
"2022-12-22 08:30:00";-17
"2022-12-22 09:00:00";-17
"2022-12-22 09:30:00";-17
"2022-12-22 10:00:00";-18
"2022-12-22 10:30:00";-19
"2022-12-22 11:00:00";-21
"2022-12-22 11:30:00";-18
"2022-12-22 12:00:00";-18
"2022-12-22 12:30:00";-18
"2022-12-22 13:00:00";-22
"2022-12-22 13:30:00";-19
"2022-12-22 14:30:00";-19
"2022-12-22 15:00:00";-17
"2022-12-22 15:30:00";-19
"2022-12-22 16:00:00";-18
"2022-12-22 16:30:00";-18
"2022-12-22 17:00:00";-18
"2022-12-22 17:30:00";-18
"2022-12-22 18:00:00";-19
"2022-12-22 18:30:00";-17
"2022-12-22 19:00:00";-18
"2022-12-22 19:30:00";-18
"2022-12-22 20:00:00";-18
"2022-12-22 20:30:00";-17
"2022-12-22 21:00:00";-17
"2022-12-22 21:30:00";-17
"2022-12-22 22:00:00";-17
"2022-12-22 22:30:00";-17
"2022-12-22 23:00:00";-18
"2022-12-22 23:30:00";-17
"2022-12-23 00:00:00";-17
"2022-12-23 00:30:00";-17
"2022-12-23 01:00:00";-17
"2022-12-23 01:30:00";-17
"2022-12-23 02:00:00";-17
"2022-12-23 02:30:00";-18
"2022-12-23 03:00:00";-17
"2022-12-23 03:30:00";-17
"2022-12-23 04:00:00";-17
"2022-12-23 04:30:00";-16
"2022-12-23 05:00:00";-17
"2022-12-23 05:30:00";-17
"2022-12-23 06:00:00";-17
"2022-12-23 06:30:00";-17
"2022-12-23 07:00:00";-17
"2022-12-23 07:30:00";-17
"2022-12-23 08:00:00";-17
"2022-12-23 08:30:00";-16
"2022-12-23 09:00:00";-16
"2022-12-23 09:30:00";-16
"2022-12-23 10:00:00";-17
"2022-12-23 10:30:00";-18
"2022-12-23 11:00:00";-18
"2022-12-23 11:30:00";-19
"2022-12-23 12:00:00";-22
"2022-12-23 12:30:00";-19
"2022-12-23 13:00:00";-21
"2022-12-23 13:30:00";-17
"2022-12-23 14:00:00";-17
"2022-12-23 14:30:00";-15
"2022-12-23 15:00:00";-15
"2022-12-23 15:30:00";-15
"2022-12-23 16:00:00";-14
"2022-12-23 16:30:00";-13
"2022-12-23 17:00:00";-14
"2022-12-23 17:30:00";-13
"2022-12-23 18:00:00";-11
"2022-12-23 18:30:00";-12
"2022-12-23 19:00:00";-12
"2022-12-23 19:30:00";-11
"2022-12-23 20:00:00";-10
"2022-12-23 20:30:00";-11
"2022-12-23 21:00:00";-10
"2022-12-23 21:30:00";-10
"2022-12-23 22:00:00";-11
"2022-12-23 22:30:00";-10
"2022-12-23 23:00:00";-9
"2022-12-23 23:30:00";-10
"2022-12-24 00:00:00";-9
"2022-12-24 00:30:00";-10
"2022-12-24 01:00:00";-10
"2022-12-24 01:30:00";-10
"2022-12-24 02:00:00";-9
"2022-12-24 02:30:00";-9
"2022-12-24 03:00:00";-9
"2022-12-24 03:30:00";-8
"2022-12-24 04:00:00";-8
"2022-12-24 04:30:00";-9
"2022-12-24 05:00:00";-8
"2022-12-24 05:30:00";-9
"2022-12-24 06:00:00";-9
"2022-12-24 06:30:00";-9
"2022-12-24 07:00:00";-8
"2022-12-24 07:30:00";-8
"2022-12-24 08:00:00";-9
"2022-12-24 08:30:00";-8
"2022-12-24 09:00:00";-9
"2022-12-24 09:30:00";-10
"2022-12-24 10:00:00";-8
"2022-12-24 10:30:00";-10
"2022-12-24 11:00:00";-13
"2022-12-24 11:30:00";-11
"2022-12-24 12:00:00";-12
"2022-12-24 12:30:00";-13
"2022-12-24 13:00:00";-14
"2022-12-24 13:30:00";-12
"2022-12-24 14:00:00";-11
"2022-12-24 14:30:00";-10
"2022-12-24 15:00:00";-10
"2022-12-24 15:30:00";-10
"2022-12-24 16:00:00";-10
"2022-12-24 16:30:00";-9
"2022-12-24 17:00:00";-8
"2022-12-24 17:30:00";-8
"2022-12-24 18:00:00";-7
"2022-12-24 18:30:00";-7
"2022-12-24 19:00:00";-8
"2022-12-24 19:30:00";-8
"2022-12-24 20:00:00";-7
"2022-12-24 20:30:00";-7
"2022-12-24 21:00:00";-6
"2022-12-24 21:30:00";-7
"2022-12-24 22:00:00";-7
"2022-12-24 22:30:00";-6
"2022-12-24 23:00:00";-7
"2022-12-24 23:30:00";-6
"2022-12-25 00:00:00";-6
"2022-12-25 00:30:00";-7
"2022-12-25 01:00:00";-7
"2022-12-25 01:30:00";-7
"2022-12-25 02:00:00";-8
"2022-12-25 02:30:00";-7
"2022-12-25 03:00:00";-8
"2022-12-25 03:30:00";-7
"2022-12-25 04:00:00";-7
"2022-12-25 04:30:00";-8
"2022-12-25 05:00:00";-8
"2022-12-25 05:30:00";-8
"2022-12-25 06:00:00";-8
"2022-12-25 06:30:00";-9
"2022-12-25 07:00:00";-9
"2022-12-25 07:30:00";-9
"2022-12-25 08:00:00";-9
"2022-12-25 08:30:00";-9
"2022-12-25 09:00:00";-8
"2022-12-25 09:30:00";-10
"2022-12-25 10:00:00";-9
"2022-12-25 10:30:00";-12
"2022-12-25 11:00:00";-16
"2022-12-25 11:30:00";-12
"2022-12-25 12:00:00";-11
"2022-12-25 12:30:00";-13
"2022-12-25 13:00:00";-13
"2022-12-25 13:30:00";-11
"2022-12-25 14:00:00";-11
"2022-12-25 14:30:00";-11
"2022-12-25 15:00:00";-11
"2022-12-25 15:30:00";-11
"2022-12-25 16:00:00";-10
"2022-12-25 16:30:00";-10
"2022-12-25 17:00:00";-10
"2022-12-25 17:30:00";-10
"2022-12-25 18:00:00";-10
"2022-12-25 18:30:00";-11
"2022-12-25 19:00:00";-11
"2022-12-25 19:30:00";-9
"2022-12-25 20:00:00";-10
"2022-12-25 20:30:00";-10
"2022-12-25 21:00:00";-9
"2022-12-25 21:30:00";-10
"2022-12-25 22:00:00";-10
"2022-12-25 22:30:00";-10
"2022-12-25 23:00:00";-10
"2022-12-25 23:30:00";-10
"2022-12-26 00:00:00";-10
"2022-12-26 00:30:00";-9
"2022-12-26 01:00:00";-10
"2022-12-26 01:30:00";-11
"2022-12-26 02:00:00";-10
"2022-12-26 02:30:00";-10
"2022-12-26 03:00:00";-11
"2022-12-26 03:30:00";-11
"2022-12-26 04:00:00";-11
"2022-12-26 04:30:00";-10
"2022-12-26 05:00:00";-10
"2022-12-26 05:30:00";-11
"2022-12-26 06:00:00";-11
"2022-12-26 06:30:00";-11
"2022-12-26 07:00:00";-10
"2022-12-26 07:30:00";-11
"2022-12-26 08:00:00";-10
"2022-12-26 08:30:00";-10
"2022-12-26 09:00:00";-10
"2022-12-26 09:30:00";-10
"2022-12-26 10:00:00";-11
"2022-12-26 10:30:00";-10
"2022-12-26 11:00:00";-11
"2022-12-26 11:30:00";-11
"2022-12-26 12:00:00";-11
"2022-12-26 12:30:00";-12
"2022-12-26 13:00:00";-11
"2022-12-26 13:30:00";-11
"2022-12-26 14:00:00";-12
"2022-12-26 14:30:00";-12
"2022-12-26 15:00:00";-11
"2022-12-26 15:30:00";-11
"2022-12-26 16:00:00";-12
"2022-12-26 16:30:00";-11
"2022-12-26 17:00:00";-11
"2022-12-26 17:30:00";-11
"2022-12-26 18:00:00";-11
"2022-12-26 18:30:00";-11
"2022-12-26 19:00:00";-11
"2022-12-26 19:30:00";-10
"2022-12-26 20:00:00";-11
"2022-12-26 20:30:00";-11
"2022-12-26 21:00:00";-10
"2022-12-26 21:30:00";-11
"2022-12-26 22:00:00";-11
"2022-12-26 22:30:00";-12
"2022-12-26 23:00:00";-11
"2022-12-26 23:30:00";-12
"2022-12-27 00:00:00";-12
"2022-12-27 00:30:00";-11
"2022-12-27 01:00:00";-12
"2022-12-27 01:30:00";-12
"2022-12-27 02:00:00";-11
"2022-12-27 02:30:00";-12
"2022-12-27 03:00:00";-13
"2022-12-27 03:30:00";-11
"2022-12-27 04:00:00";-11
"2022-12-27 04:30:00";-11
"2022-12-27 05:00:00";-13
"2022-12-27 05:30:00";-12
"2022-12-27 06:00:00";-11
"2022-12-27 06:30:00";-12
"2022-12-27 07:00:00";-11
"2022-12-27 07:30:00";-12
"2022-12-27 08:00:00";-11
"2022-12-27 08:30:00";-12
"2022-12-27 09:00:00";-13
"2022-12-27 09:30:00";-12
"2022-12-27 10:00:00";-12
"2022-12-27 10:30:00";-14
"2022-12-27 11:00:00";-14
"2022-12-27 11:30:00";-15
"2022-12-27 12:00:00";-15
"2022-12-27 12:30:00";-17
"2022-12-27 13:00:00";-16
"2022-12-27 13:30:00";-15
"2022-12-27 14:00:00";-14
"2022-12-27 14:30:00";-14
"2022-12-27 15:00:00";-13
"2022-12-27 15:30:00";-14
"2022-12-27 16:00:00";-13
"2022-12-27 16:30:00";-14
"2022-12-27 17:00:00";-13
"2022-12-27 17:30:00";-13
"2022-12-27 18:00:00";-14
"2022-12-27 18:30:00";-13
"2022-12-27 19:00:00";-14
"2022-12-27 19:30:00";-14
"2022-12-27 20:00:00";-13
"2022-12-27 20:30:00";-13
"2022-12-27 21:00:00";-12
"2022-12-27 21:30:00";-13
"2022-12-27 22:00:00";-14
"2022-12-27 23:00:00";-13
"2022-12-27 23:30:00";-13
"2022-12-28 00:00:00";-13
"2022-12-28 00:30:00";-13
"2022-12-28 01:00:00";-14
"2022-12-28 01:30:00";-13
"2022-12-28 02:00:00";-13
"2022-12-28 02:30:00";-13
"2022-12-28 03:00:00";-13
"2022-12-28 03:30:00";-14
"2022-12-28 04:00:00";-13
"2022-12-28 04:30:00";-13
"2022-12-28 05:00:00";-13
"2022-12-28 05:30:00";-13
"2022-12-28 06:00:00";-13
"2022-12-28 06:30:00";-13
"2022-12-28 07:00:00";-13
"2022-12-28 07:30:00";-12
"2022-12-28 08:00:00";-13
"2022-12-28 08:30:00";-13
"2022-12-28 09:00:00";-13
"2022-12-28 09:30:00";-13
"2022-12-28 10:00:00";-13
"2022-12-28 10:30:00";-14
"2022-12-28 11:00:00";-14
"2022-12-28 11:30:00";-15
"2022-12-28 12:00:00";-16
"2022-12-28 12:30:00";-14
"2022-12-28 13:00:00";-14
"2022-12-28 13:30:00";-14
"2022-12-28 14:00:00";-14
"2022-12-28 14:30:00";-14
"2022-12-28 15:00:00";-14
"2022-12-28 15:30:00";-14
"2022-12-28 16:00:00";-14
"2022-12-28 16:30:00";-13
"2022-12-28 17:00:00";-14
"2022-12-28 17:30:00";-14
"2022-12-28 18:00:00";-14
"2022-12-28 18:30:00";-13
"2022-12-28 19:00:00";-13
"2022-12-28 19:30:00";-13
"2022-12-28 20:00:00";-13
"2022-12-28 20:30:00";-14
"2022-12-28 21:00:00";-13
"2022-12-28 21:30:00";-13
"2022-12-28 22:00:00";-13
"2022-12-28 23:00:00";-13
"2022-12-28 23:30:00";-13
"2022-12-29 00:00:00";-13
"2022-12-29 00:30:00";-14
"2022-12-29 01:00:00";-14
"2022-12-29 01:30:00";-13
"2022-12-29 02:00:00";-13
"2022-12-29 02:30:00";-13
"2022-12-29 03:00:00";-13
"2022-12-29 03:30:00";-13
"2022-12-29 04:00:00";-13
"2022-12-29 04:30:00";-13
"2022-12-29 05:00:00";-14
"2022-12-29 05:30:00";-14
"2022-12-29 06:00:00";-13
"2022-12-29 06:30:00";-14
"2022-12-29 07:00:00";-13
"2022-12-29 07:30:00";-13
"2022-12-29 08:00:00";-14
"2022-12-29 08:30:00";-14
"2022-12-29 09:00:00";-14
"2022-12-29 09:30:00";-14
"2022-12-29 10:00:00";-14
"2022-12-29 10:30:00";-14
"2022-12-29 11:00:00";-14
"2022-12-29 11:30:00";-14
"2022-12-29 12:00:00";-18
"2022-12-29 12:30:00";-18
"2022-12-29 13:00:00";-21
"2022-12-29 13:30:00";-17
"2022-12-29 14:00:00";-15
"2022-12-29 14:30:00";-15
"2022-12-29 15:00:00";-15
"2022-12-29 15:30:00";-14
"2022-12-29 16:00:00";-14
"2022-12-29 16:30:00";-15
"2022-12-29 17:00:00";-14
"2022-12-29 17:30:00";-14
"2022-12-29 18:00:00";-14
"2022-12-29 18:30:00";-14
"2022-12-29 19:00:00";-14
"2022-12-29 19:30:00";-14
"2022-12-29 20:00:00";-14
"2022-12-29 20:30:00";-14
"2022-12-29 21:00:00";-15
"2022-12-29 21:30:00";-14
"2022-12-29 22:00:00";-15
"2022-12-29 23:00:00";-14
"2022-12-29 23:30:00";-14
"2022-12-30 00:00:00";-14
"2022-12-30 00:30:00";-14
"2022-12-30 01:00:00";-15
"2022-12-30 01:30:00";-14
"2022-12-30 02:00:00";-15
"2022-12-30 02:30:00";-14
"2022-12-30 03:00:00";-15
"2022-12-30 03:30:00";-15
"2022-12-30 04:00:00";-14
"2022-12-30 04:30:00";-15
"2022-12-30 05:00:00";-15
"2022-12-30 05:30:00";-15
"2022-12-30 06:00:00";-15
"2022-12-30 06:30:00";-14
"2022-12-30 07:00:00";-15
"2022-12-30 07:30:00";-15
"2022-12-30 08:00:00";-15
"2022-12-30 08:30:00";-15
"2022-12-30 09:00:00";-15
"2022-12-30 09:30:00";-15
"2022-12-30 10:00:00";-14
"2022-12-30 10:30:00";-16
"2022-12-30 11:00:00";-16
"2022-12-30 11:30:00";-18
"2022-12-30 12:00:00";-20
"2022-12-30 12:30:00";-17
"2022-12-30 13:00:00";-19
"2022-12-30 13:30:00";-19
"2022-12-30 14:00:00";-16
"2022-12-30 14:30:00";-15
"2022-12-30 15:00:00";-16
"2022-12-30 15:30:00";-17
"2022-12-30 16:00:00";-15
"2022-12-30 16:30:00";-15
"2022-12-30 17:00:00";-15
"2022-12-30 17:30:00";-16
"2022-12-30 18:00:00";-15
"2022-12-30 18:30:00";-16
"2022-12-30 19:00:00";-15
"2022-12-30 19:30:00";-15
"2022-12-30 20:00:00";-15
"2022-12-30 20:30:00";-15
"2022-12-30 21:00:00";-15
"2022-12-30 21:30:00";-14
"2022-12-30 22:00:00";-14
"2022-12-30 23:00:00";-14
"2022-12-30 23:30:00";-15
"2022-12-31 00:00:00";-14
"2022-12-31 00:30:00";-16
"2022-12-31 01:00:00";-14
"2022-12-31 01:30:00";-14
"2022-12-31 02:00:00";-15
"2022-12-31 02:30:00";-15
"2022-12-31 03:00:00";-15
"2022-12-31 03:30:00";-15
"2022-12-31 04:00:00";-14
"2022-12-31 04:30:00";-15
"2022-12-31 05:00:00";-15
"2022-12-31 05:30:00";-15
"2022-12-31 06:00:00";-15
"2022-12-31 06:30:00";-15
"2022-12-31 07:00:00";-16
"2022-12-31 07:30:00";-15
"2022-12-31 08:00:00";-14
"2022-12-31 08:30:00";-15
"2022-12-31 10:30:00";-16
"2022-12-31 11:00:00";-16
"2022-12-31 11:30:00";-16
"2022-12-31 12:00:00";-16
"2022-12-31 12:30:00";-15
"2022-12-31 13:00:00";-16
"2022-12-31 13:30:00";-16
"2022-12-31 14:00:00";-16
"2022-12-31 14:30:00";-16
"2022-12-31 15:00:00";-16
"2022-12-31 15:30:00";-15
"2022-12-31 16:00:00";-16
"2022-12-31 16:30:00";-16
"2022-12-31 17:00:00";-16
"2022-12-31 17:30:00";-16
"2022-12-31 18:00:00";-15
"2022-12-31 18:30:00";-16
"2022-12-31 19:00:00";-15
"2022-12-31 19:30:00";-15
"2022-12-31 20:00:00";-15
"2022-12-31 20:30:00";-15
"2022-12-31 21:00:00";-15
"2022-12-31 21:30:00";-15
"2022-12-31 22:00:00";-15
"2022-12-31 22:30:00";-15
"2022-12-31 23:00:00";-14
"2022-12-31 23:30:00";-14
"2023-01-01 00:00:00";-15
"2023-01-01 00:30:00";-15
"2023-01-01 01:00:00";-15
"2023-01-01 01:30:00";-15
"2023-01-01 02:00:00";-15
"2023-01-01 02:30:00";-15
"2023-01-01 03:00:00";-15
"2023-01-01 03:30:00";-15
"2023-01-01 04:00:00";-16
"2023-01-01 04:30:00";-15
"2023-01-01 05:00:00";-15
"2023-01-01 05:30:00";-15
"2023-01-01 06:00:00";-16
"2023-01-01 06:30:00";-15
"2023-01-01 07:00:00";-15
"2023-01-01 07:30:00";-15
"2023-01-01 08:00:00";-15
"2023-01-01 08:30:00";-15
"2023-01-01 09:00:00";-15
"2023-01-01 09:30:00";-15
"2023-01-01 10:00:00";-15
"2023-01-01 10:30:00";-15
"2023-01-01 11:00:00";-15
"2023-01-01 11:30:00";-15
"2023-01-01 12:00:00";-15
"2023-01-01 12:30:00";-16
"2023-01-01 13:00:00";-17
"2023-01-01 13:30:00";-18
"2023-01-01 14:00:00";-16
"2023-01-01 14:30:00";-17
"2023-01-01 15:00:00";-17
"2023-01-01 15:30:00";-16
"2023-01-01 16:00:00";-16
"2023-01-01 16:30:00";-15
"2023-01-01 17:00:00";-15
"2023-01-01 17:30:00";-15
"2023-01-01 18:00:00";-16
"2023-01-01 18:30:00";-15
"2023-01-01 19:00:00";-15
"2023-01-01 19:30:00";-15
"2023-01-01 20:00:00";-15
"2023-01-01 20:30:00";-14
"2023-01-01 21:00:00";-14
"2023-01-01 21:30:00";-15
"2023-01-01 22:00:00";-14
"2023-01-01 23:00:00";-14
"2023-01-01 23:30:00";-14
"2023-01-02 00:00:00";-15
"2023-01-02 00:30:00";-15
"2023-01-02 01:00:00";-15
"2023-01-02 01:30:00";-15
"2023-01-02 02:00:00";-15
"2023-01-02 02:30:00";-15
"2023-01-02 03:00:00";-15
"2023-01-02 03:30:00";-14
"2023-01-02 04:00:00";-14
"2023-01-02 04:30:00";-14
"2023-01-02 05:00:00";-14
"2023-01-02 05:30:00";-15
"2023-01-02 06:00:00";-14
"2023-01-02 06:30:00";-15
"2023-01-02 07:00:00";-15
"2023-01-02 07:30:00";-14
"2023-01-02 08:00:00";-14
"2023-01-02 08:30:00";-14
"2023-01-02 09:00:00";-14
"2023-01-02 09:30:00";-14
"2023-01-02 10:00:00";-14
"2023-01-02 10:30:00";-14
"2023-01-02 11:00:00";-14
"2023-01-02 11:30:00";-15
"2023-01-02 12:00:00";-16
"2023-01-02 12:30:00";-16
"2023-01-02 13:00:00";-15
"2023-01-02 13:30:00";-14
"2023-01-02 14:00:00";-15
"2023-01-02 14:30:00";-16
"2023-01-02 15:00:00";-14
"2023-01-02 15:30:00";-15
"2023-01-02 16:00:00";-15
"2023-01-02 16:30:00";-15
"2023-01-02 17:00:00";-15
"2023-01-02 17:30:00";-14
"2023-01-02 18:00:00";-14
"2023-01-02 18:30:00";-14
"2023-01-02 19:00:00";-14
"2023-01-02 19:30:00";-14
"2023-01-02 20:00:00";-14
"2023-01-02 20:30:00";-14
"2023-01-02 21:00:00";-14
"2023-01-02 21:30:00";-14
"2023-01-02 22:00:00";-14
"2023-01-02 23:00:00";-14
"2023-01-02 23:30:00";-14
"2023-01-03 00:00:00";-14
"2023-01-03 00:30:00";-14
"2023-01-03 01:00:00";-14
"2023-01-03 01:30:00";-14
"2023-01-03 02:00:00";-14
"2023-01-03 02:30:00";-13
"2023-01-03 03:00:00";-14
"2023-01-03 03:30:00";-13
"2023-01-03 04:00:00";-14
"2023-01-03 04:30:00";-14
"2023-01-03 05:00:00";-13
"2023-01-03 05:30:00";-14
"2023-01-03 06:00:00";-14
"2023-01-03 06:30:00";-14
"2023-01-03 07:00:00";-13
"2023-01-03 07:30:00";-14
"2023-01-03 08:00:00";-14
"2023-01-03 08:30:00";-14
"2023-01-03 09:00:00";-13
"2023-01-03 09:30:00";-14
"2023-01-03 10:00:00";-13
"2023-01-03 10:30:00";-14
"2023-01-03 11:00:00";-15
"2023-01-03 11:30:00";-15
"2023-01-03 12:00:00";-15
"2023-01-03 12:30:00";-15
"2023-01-03 13:00:00";-14
"2023-01-03 13:30:00";-15
"2023-01-03 14:00:00";-15
"2023-01-03 14:30:00";-16
"2023-01-03 15:00:00";-15
"2023-01-03 15:30:00";-16
"2023-01-03 16:00:00";-15
"2023-01-03 16:30:00";-15
"2023-01-03 17:00:00";-15
"2023-01-03 17:30:00";-14
"2023-01-03 18:00:00";-14
"2023-01-03 18:30:00";-14
"2023-01-03 19:00:00";-15
"2023-01-03 19:30:00";-15
"2023-01-03 20:00:00";-14
"2023-01-03 20:30:00";-14
"2023-01-03 21:00:00";-14
"2023-01-03 21:30:00";-15
"2023-01-03 22:00:00";-15
"2023-01-03 22:30:00";-14
"2023-01-03 23:00:00";-15
"2023-01-03 23:30:00";-14
"2023-01-04 00:00:00";-15
"2023-01-04 00:30:00";-15
"2023-01-04 01:00:00";-15
"2023-01-04 01:30:00";-14
"2023-01-04 02:00:00";-14
"2023-01-04 02:30:00";-14
"2023-01-04 03:00:00";-15
"2023-01-04 03:30:00";-15
"2023-01-04 04:00:00";-15
"2023-01-04 04:30:00";-14
"2023-01-04 05:00:00";-15
"2023-01-04 05:30:00";-15
"2023-01-04 06:00:00";-14
"2023-01-04 06:30:00";-15
"2023-01-04 07:00:00";-15
"2023-01-04 07:30:00";-15
"2023-01-04 08:00:00";-15
"2023-01-04 08:30:00";-15
"2023-01-04 09:00:00";-15
"2023-01-04 09:30:00";-15
"2023-01-04 10:00:00";-15
"2023-01-04 10:30:00";-16
"2023-01-04 11:00:00";-18
"2023-01-04 11:30:00";-18
"2023-01-04 12:00:00";-19
"2023-01-04 12:30:00";-21
"2023-01-04 13:00:00";-18
"2023-01-04 13:30:00";-17
"2023-01-04 14:00:00";-17
"2023-01-04 14:30:00";-17
"2023-01-04 15:00:00";-16
"2023-01-04 15:30:00";-16
"2023-01-04 16:00:00";-16
"2023-01-04 16:30:00";-17
"2023-01-04 17:00:00";-16
"2023-01-04 17:30:00";-16
"2023-01-04 18:00:00";-15
"2023-01-04 18:30:00";-16
"2023-01-04 19:00:00";-16
"2023-01-04 19:30:00";-16
"2023-01-04 20:00:00";-16
"2023-01-04 20:30:00";-15
"2023-01-04 21:00:00";-15
"2023-01-04 21:30:00";-15
"2023-01-04 22:00:00";-14
"2023-01-04 22:30:00";-15
"2023-01-04 23:00:00";-15
"2023-01-04 23:30:00";-16
"2023-01-05 00:00:00";-16
"2023-01-05 00:30:00";-16
"2023-01-05 01:00:00";-16
"2023-01-05 01:30:00";-15
"2023-01-05 02:00:00";-16
"2023-01-05 02:30:00";-15
"2023-01-05 03:00:00";-16
"2023-01-05 03:30:00";-15
"2023-01-05 04:00:00";-16
"2023-01-05 04:30:00";-16
"2023-01-05 05:00:00";-15
"2023-01-05 05:30:00";-15
"2023-01-05 06:00:00";-15
"2023-01-05 06:30:00";-15
"2023-01-05 07:00:00";-15
"2023-01-05 07:30:00";-15
"2023-01-05 08:00:00";-16
"2023-01-05 08:30:00";-16
"2023-01-05 09:00:00";-16
"2023-01-05 09:30:00";-16
"2023-01-05 10:00:00";-15
"2023-01-05 10:30:00";-17
"2023-01-05 11:00:00";-17
"2023-01-05 11:30:00";-19
"2023-01-05 12:00:00";-18
"2023-01-05 12:30:00";-21
"2023-01-05 13:00:00";-21
"2023-01-05 13:30:00";-23
"2023-01-05 14:00:00";-20
"2023-01-05 14:30:00";-18
"2023-01-05 15:00:00";-18
"2023-01-05 15:30:00";-18
"2023-01-05 16:00:00";-17
"2023-01-05 16:30:00";-16
"2023-01-05 17:00:00";-17
"2023-01-05 17:30:00";-17
"2023-01-05 18:00:00";-16
"2023-01-05 18:30:00";-17
"2023-01-05 19:00:00";-15
"2023-01-05 19:30:00";-16
"2023-01-05 20:00:00";-16
"2023-01-05 20:30:00";-16
"2023-01-05 21:00:00";-16
"2023-01-05 21:30:00";-16
"2023-01-05 22:00:00";-16
"2023-01-05 22:30:00";-16
"2023-01-05 23:00:00";-16
"2023-01-05 23:30:00";-15
"2023-01-06 00:00:00";-15
"2023-01-06 00:30:00";-15
"2023-01-06 01:00:00";-16
"2023-01-06 01:30:00";-16
"2023-01-06 02:00:00";-15
"2023-01-06 02:30:00";-15
"2023-01-06 03:30:00";-16
"2023-01-06 04:00:00";-16
"2023-01-06 04:30:00";-15
"2023-01-06 05:00:00";-16
"2023-01-06 05:30:00";-16
"2023-01-06 06:00:00";-16
"2023-01-06 06:30:00";-16
"2023-01-06 07:00:00";-16
"2023-01-06 07:30:00";-16
"2023-01-06 08:00:00";-16
"2023-01-06 08:30:00";-16
"2023-01-06 09:00:00";-16
"2023-01-06 09:30:00";-16
"2023-01-06 10:00:00";-15
"2023-01-06 10:30:00";-17
"2023-01-06 11:00:00";-19
"2023-01-06 11:30:00";-19
"2023-01-06 12:00:00";-20
"2023-01-06 12:30:00";-20
"2023-01-06 13:00:00";-19
"2023-01-06 13:30:00";-17
"2023-01-06 14:00:00";-17
"2023-01-06 14:30:00";-18
"2023-01-06 15:00:00";-18
"2023-01-06 15:30:00";-17
"2023-01-06 16:00:00";-17
"2023-01-06 16:30:00";-17
"2023-01-06 17:00:00";-17
"2023-01-06 17:30:00";-16
"2023-01-06 18:00:00";-16
"2023-01-06 18:30:00";-16
"2023-01-06 19:00:00";-16
"2023-01-06 19:30:00";-17
"2023-01-06 20:00:00";-16
"2023-01-06 20:30:00";-16
"2023-01-06 21:00:00";-17
"2023-01-06 21:30:00";-17
"2023-01-06 22:00:00";-16
"2023-01-06 22:30:00";-16
"2023-01-06 23:00:00";-16
"2023-01-06 23:30:00";-16
"2023-01-07 00:00:00";-16
"2023-01-07 00:30:00";-15
"2023-01-07 01:00:00";-16
"2023-01-07 01:30:00";-16
"2023-01-07 02:00:00";-16
"2023-01-07 02:30:00";-16
"2023-01-07 03:00:00";-16
"2023-01-07 03:30:00";-16
"2023-01-07 04:00:00";-16
"2023-01-07 04:30:00";-16
"2023-01-07 05:00:00";-16
"2023-01-07 05:30:00";-16
"2023-01-07 06:00:00";-16
"2023-01-07 06:30:00";-16
"2023-01-07 07:00:00";-16
"2023-01-07 07:30:00";-16
"2023-01-07 08:00:00";-16
"2023-01-07 08:30:00";-16
"2023-01-07 09:00:00";-16
"2023-01-07 09:30:00";-16
"2023-01-07 10:00:00";-16
"2023-01-07 10:30:00";-17
"2023-01-07 11:00:00";-20
"2023-01-07 11:30:00";-22
"2023-01-07 12:00:00";-23
"2023-01-07 12:30:00";-19
"2023-01-07 13:00:00";-20
"2023-01-07 13:30:00";-19
"2023-01-07 14:00:00";-18
"2023-01-07 14:30:00";-18
"2023-01-07 15:00:00";-17
"2023-01-07 15:30:00";-17
"2023-01-07 16:00:00";-17
"2023-01-07 16:30:00";-17
"2023-01-07 17:00:00";-17
"2023-01-07 17:30:00";-17
"2023-01-07 18:00:00";-17
"2023-01-07 18:30:00";-17
"2023-01-07 19:00:00";-16
"2023-01-07 19:30:00";-17
"2023-01-07 20:00:00";-17
"2023-01-07 20:30:00";-17
"2023-01-07 21:00:00";-17
"2023-01-07 21:30:00";-16
"2023-01-07 22:00:00";-16
"2023-01-07 22:30:00";-16
"2023-01-07 23:00:00";-16
"2023-01-07 23:30:00";-16
"2023-01-08 00:00:00";-16
"2023-01-08 00:30:00";-16
"2023-01-08 01:00:00";-16
"2023-01-08 01:30:00";-16
"2023-01-08 02:00:00";-16
"2023-01-08 02:30:00";-17
"2023-01-08 03:00:00";-16
"2023-01-08 03:30:00";-16
"2023-01-08 04:00:00";-16
"2023-01-08 04:30:00";-16
"2023-01-08 05:00:00";-16
"2023-01-08 05:30:00";-17
"2023-01-08 06:00:00";-16
"2023-01-08 06:30:00";-16
"2023-01-08 07:00:00";-16
"2023-01-08 07:30:00";-16
"2023-01-08 08:00:00";-17
"2023-01-08 08:30:00";-17
"2023-01-08 09:00:00";-16
"2023-01-08 09:30:00";-16
"2023-01-08 10:00:00";-16
"2023-01-08 10:30:00";-16
"2023-01-08 11:00:00";-16
"2023-01-08 11:30:00";-16
"2023-01-08 12:00:00";-16
"2023-01-08 12:30:00";-16
"2023-01-08 13:00:00";-16
"2023-01-08 13:30:00";-16
"2023-01-08 14:00:00";-17
"2023-01-08 14:30:00";-16
"2023-01-08 15:00:00";-16
"2023-01-08 15:30:00";-16
"2023-01-08 16:00:00";-16
"2023-01-08 16:30:00";-16
"2023-01-08 17:00:00";-16
"2023-01-08 17:30:00";-16
"2023-01-08 18:00:00";-16
"2023-01-08 18:30:00";-16
"2023-01-08 19:00:00";-16
"2023-01-08 19:30:00";-15
"2023-01-08 20:00:00";-15
"2023-01-08 20:30:00";-15
"2023-01-08 21:00:00";-15
"2023-01-08 21:30:00";-16
"2023-01-08 22:00:00";-15
"2023-01-08 22:30:00";-16
"2023-01-08 23:00:00";-16
"2023-01-08 23:30:00";-15
"2023-01-09 00:00:00";-16
"2023-01-09 00:30:00";-16
"2023-01-09 01:00:00";-16
"2023-01-09 01:30:00";-16
"2023-01-09 02:00:00";-16
"2023-01-09 02:30:00";-16
"2023-01-09 03:00:00";-16
"2023-01-09 03:30:00";-16
"2023-01-09 04:00:00";-15
"2023-01-09 04:30:00";-16
"2023-01-09 05:00:00";-16
"2023-01-09 05:30:00";-16
"2023-01-09 06:00:00";-16
"2023-01-09 06:30:00";-16
"2023-01-09 07:00:00";-16
"2023-01-09 07:30:00";-16
"2023-01-09 08:00:00";-16
"2023-01-09 08:30:00";-16
"2023-01-09 09:00:00";-16
"2023-01-09 09:30:00";-16
"2023-01-09 10:00:00";-15
"2023-01-09 10:30:00";-17
"2023-01-09 11:00:00";-19
"2023-01-09 11:30:00";-20
"2023-01-09 12:00:00";-19
"2023-01-09 12:30:00";-19
"2023-01-09 13:00:00";-20
"2023-01-09 13:30:00";-18
"2023-01-09 14:00:00";-17
"2023-01-09 14:30:00";-17
"2023-01-09 15:00:00";-16
"2023-01-09 15:30:00";-16
"2023-01-09 16:00:00";-16
"2023-01-09 19:30:00";-16
"2023-01-09 20:00:00";-17
"2023-01-09 20:30:00";-16
"2023-01-09 21:00:00";-16
"2023-01-09 21:30:00";-17
"2023-01-09 22:00:00";-16
"2023-01-09 22:30:00";-17
"2023-01-09 23:00:00";-16
"2023-01-09 23:30:00";-16
"2023-01-10 00:00:00";-17
"2023-01-10 00:30:00";-16
"2023-01-10 01:00:00";-16
"2023-01-10 01:30:00";-17
"2023-01-10 02:00:00";-17
"2023-01-10 02:30:00";-17
"2023-01-10 03:00:00";-16
"2023-01-10 03:30:00";-16
"2023-01-10 04:00:00";-17
"2023-01-10 04:30:00";-18
"2023-01-10 05:00:00";-15
"2023-01-10 05:30:00";-16
"2023-01-10 06:00:00";-16
"2023-01-10 06:30:00";-15
"2023-01-10 07:00:00";-18
"2023-01-10 07:30:00";-16
"2023-01-10 08:00:00";-17
"2023-01-10 08:30:00";-17
"2023-01-10 09:00:00";-17
"2023-01-10 09:30:00";-17
"2023-01-10 10:00:00";-17
"2023-01-10 10:30:00";-19
"2023-01-10 11:00:00";-21
"2023-01-10 11:30:00";-24
"2023-01-10 12:00:00";-21
"2023-01-10 12:30:00";-23
"2023-01-10 13:00:00";-22
"2023-01-10 13:30:00";-20
"2023-01-10 14:00:00";-19
"2023-01-10 14:30:00";-19
"2023-01-10 15:00:00";-18
"2023-01-10 15:30:00";-18
"2023-01-10 16:00:00";-18
"2023-01-10 16:30:00";-17
"2023-01-10 17:00:00";-18
"2023-01-10 17:30:00";-18
"2023-01-10 18:00:00";-18
"2023-01-10 18:30:00";-18
"2023-01-10 19:00:00";-17
"2023-01-10 19:30:00";-19
"2023-01-10 20:00:00";-18
"2023-01-10 20:30:00";-18
"2023-01-10 21:00:00";-18
"2023-01-10 21:30:00";-17
"2023-01-10 22:00:00";-18
"2023-01-10 23:00:00";-17
"2023-01-10 23:30:00";-18
"2023-01-11 00:00:00";-17
"2023-01-11 00:30:00";-17
"2023-01-11 01:00:00";-17
"2023-01-11 01:30:00";-17
"2023-01-11 02:00:00";-17
"2023-01-11 02:30:00";-17
"2023-01-11 03:00:00";-18
"2023-01-11 03:30:00";-18
"2023-01-11 04:00:00";-17
"2023-01-11 04:30:00";-18
"2023-01-11 05:00:00";-18
"2023-01-11 05:30:00";-17
"2023-01-11 06:00:00";-18
"2023-01-11 06:30:00";-17
"2023-01-11 07:00:00";-18
"2023-01-11 07:30:00";-18
"2023-01-11 08:00:00";-19
"2023-01-11 08:30:00";-17
"2023-01-11 09:00:00";-17
"2023-01-11 09:30:00";-17
"2023-01-11 10:00:00";-17
"2023-01-11 10:30:00";-17
"2023-01-11 11:00:00";-17
"2023-01-11 11:30:00";-18
"2023-01-11 12:00:00";-20
"2023-01-11 12:30:00";-20
"2023-01-11 13:00:00";-18
"2023-01-11 13:30:00";-19
"2023-01-11 14:00:00";-20
"2023-01-11 14:30:00";-18
"2023-01-11 15:00:00";-19
"2023-01-11 15:30:00";-18
"2023-01-11 16:00:00";-19
"2023-01-11 16:30:00";-18
"2023-01-11 17:00:00";-18
"2023-01-11 17:30:00";-17
"2023-01-11 18:00:00";-17
"2023-01-11 18:30:00";-17
"2023-01-11 19:00:00";-17
"2023-01-11 19:30:00";-17
"2023-01-11 20:00:00";-18
"2023-01-11 20:30:00";-17
"2023-01-11 21:00:00";-17
"2023-01-11 21:30:00";-17
"2023-01-11 22:00:00";-17
"2023-01-11 22:30:00";-17
"2023-01-11 23:00:00";-17
"2023-01-11 23:30:00";-16
"2023-01-12 00:00:00";-17
"2023-01-12 00:30:00";-16
"2023-01-12 01:00:00";-18
"2023-01-12 01:30:00";-17
"2023-01-12 02:00:00";-18
"2023-01-12 02:30:00";-18
"2023-01-12 03:00:00";-17
"2023-01-12 03:30:00";-17
"2023-01-12 04:00:00";-17
"2023-01-12 04:30:00";-17
"2023-01-12 05:00:00";-17
"2023-01-12 05:30:00";-17
"2023-01-12 06:00:00";-17
"2023-01-12 06:30:00";-17
"2023-01-12 07:00:00";-17
"2023-01-12 07:30:00";-18
"2023-01-12 08:00:00";-17
"2023-01-12 08:30:00";-17
"2023-01-12 09:00:00";-18
"2023-01-12 09:30:00";-18
"2023-01-12 10:00:00";-18
"2023-01-12 10:30:00";-19
"2023-01-12 11:00:00";-19
"2023-01-12 11:30:00";-20
"2023-01-12 12:30:00";-20
"2023-01-12 13:00:00";-22
"2023-01-12 14:00:00";-21
"2023-01-12 15:00:00";-20
"2023-01-12 16:00:00";-19
"2023-01-12 16:30:00";-19
"2023-01-12 17:00:00";-18
"2023-01-12 17:30:00";-18
"2023-01-12 18:00:00";-17
"2023-01-12 18:30:00";-18
"2023-01-12 19:00:00";-18
"2023-01-12 19:30:00";-18
"2023-01-12 20:00:00";-18
"2023-01-12 20:30:00";-18
"2023-01-12 21:00:00";-18
"2023-01-12 21:30:00";-18
"2023-01-12 22:00:00";-18
"2023-01-12 22:30:00";-19
"2023-01-12 23:00:00";-17
"2023-01-12 23:30:00";-18
"2023-01-13 00:00:00";-18
"2023-01-13 00:30:00";-18
"2023-01-13 01:00:00";-17
"2023-01-13 01:30:00";-18
"2023-01-13 02:00:00";-18
"2023-01-13 02:30:00";-18
"2023-01-13 03:00:00";-18
"2023-01-13 03:30:00";-18
"2023-01-13 04:00:00";-18
"2023-01-13 04:30:00";-19
"2023-01-13 05:00:00";-18
"2023-01-13 05:30:00";-18
"2023-01-13 06:00:00";-18
"2023-01-13 06:30:00";-18
"2023-01-13 07:00:00";-18
"2023-01-13 07:30:00";-18
"2023-01-13 08:00:00";-19
"2023-01-13 08:30:00";-18
"2023-01-13 09:00:00";-17
"2023-01-13 09:30:00";-17
"2023-01-13 10:00:00";-18
"2023-01-13 10:30:00";-18
"2023-01-13 11:00:00";-18
"2023-01-13 11:30:00";-23
"2023-01-13 12:00:00";-21
"2023-01-13 12:30:00";-22
"2023-01-13 13:00:00";-22
"2023-01-13 14:00:00";-20
"2023-01-13 14:30:00";-19
"2023-01-13 15:00:00";-18
"2023-01-13 15:30:00";-19
"2023-01-13 16:00:00";-18
"2023-01-13 16:30:00";-19
"2023-01-13 17:00:00";-18
"2023-01-13 17:30:00";-19
"2023-01-13 18:00:00";-18
"2023-01-13 18:30:00";-18
"2023-01-13 19:00:00";-19
"2023-01-13 19:30:00";-18
"2023-01-13 20:00:00";-19
"2023-01-13 20:30:00";-18
"2023-01-13 21:00:00";-18
"2023-01-13 21:30:00";-19
"2023-01-13 22:00:00";-18
"2023-01-13 22:30:00";-18
"2023-01-13 23:00:00";-19
"2023-01-13 23:30:00";-18
"2023-01-14 00:00:00";-18
"2023-01-14 00:30:00";-19
"2023-01-14 01:00:00";-19
"2023-01-14 01:30:00";-18
"2023-01-14 02:00:00";-18
"2023-01-14 02:30:00";-18
"2023-01-14 03:00:00";-19
"2023-01-14 03:30:00";-18
"2023-01-14 04:00:00";-18
"2023-01-14 04:30:00";-18
"2023-01-14 05:00:00";-19
"2023-01-14 05:30:00";-18
"2023-01-14 06:00:00";-19
"2023-01-14 06:30:00";-19
"2023-01-14 07:00:00";-18
"2023-01-14 07:30:00";-18
"2023-01-14 08:00:00";-18
"2023-01-14 08:30:00";-19
"2023-01-14 09:00:00";-19
"2023-01-14 09:30:00";-18
"2023-01-14 10:00:00";-18
"2023-01-14 10:30:00";-19
"2023-01-14 11:00:00";-21
"2023-01-14 11:30:00";-22
"2023-01-14 12:00:00";-25
"2023-01-14 12:30:00";-21
"2023-01-14 13:00:00";-21
"2023-01-14 13:30:00";-20
"2023-01-14 14:00:00";-20
"2023-01-14 14:30:00";-19
"2023-01-14 15:00:00";-21
"2023-01-14 15:30:00";-20
"2023-01-14 16:00:00";-20
"2023-01-14 16:30:00";-19
"2023-01-14 17:00:00";-19
"2023-01-14 17:30:00";-18
"2023-01-14 18:00:00";-19
"2023-01-14 18:30:00";-19
"2023-01-14 19:00:00";-18
"2023-01-14 19:30:00";-19
"2023-01-14 20:00:00";-19
"2023-01-14 20:30:00";-18
"2023-01-14 21:00:00";-19
"2023-01-14 21:30:00";-18
"2023-01-14 22:00:00";-19
"2023-01-14 22:30:00";-18
"2023-01-14 23:00:00";-18
"2023-01-14 23:30:00";-18
"2023-01-15 00:00:00";-19
"2023-01-15 00:30:00";-19
"2023-01-15 01:00:00";-18
"2023-01-15 01:30:00";-19
"2023-01-15 02:00:00";-19
"2023-01-15 02:30:00";-18
"2023-01-15 03:00:00";-18
"2023-01-15 03:30:00";-18
"2023-01-15 04:00:00";-19
"2023-01-15 04:30:00";-18
"2023-01-15 05:00:00";-18
"2023-01-15 05:30:00";-18
"2023-01-15 06:00:00";-18
"2023-01-15 06:30:00";-19
"2023-01-15 07:00:00";-19
"2023-01-15 07:30:00";-18
"2023-01-15 08:00:00";-19
"2023-01-15 08:30:00";-19
"2023-01-15 09:00:00";-18
"2023-01-15 09:30:00";-18
"2023-01-15 10:00:00";-18
"2023-01-15 10:30:00";-19
"2023-01-15 11:00:00";-20
"2023-01-15 11:30:00";-22
"2023-01-15 12:00:00";-19
"2023-01-15 12:30:00";-19
"2023-01-15 13:00:00";-19
"2023-01-15 13:30:00";-19
"2023-01-15 14:00:00";-19
"2023-01-15 14:30:00";-19
"2023-01-15 15:00:00";-19
"2023-01-15 15:30:00";-18
"2023-01-15 16:00:00";-19
"2023-01-15 16:30:00";-19
"2023-01-15 17:00:00";-19
"2023-01-15 17:30:00";-19
"2023-01-15 18:00:00";-19
"2023-01-15 18:30:00";-19
"2023-01-15 19:00:00";-19
"2023-01-15 19:30:00";-19
"2023-01-15 20:00:00";-19
"2023-01-15 20:30:00";-18
"2023-01-15 21:00:00";-18
"2023-01-15 21:30:00";-18
"2023-01-15 22:00:00";-18
"2023-01-15 22:30:00";-18
"2023-01-15 23:00:00";-18
"2023-01-15 23:30:00";-18
"2023-01-16 00:00:00";-19
"2023-01-16 00:30:00";-19
"2023-01-16 01:00:00";-18
"2023-01-16 01:30:00";-19
"2023-01-16 02:00:00";-18
"2023-01-16 02:30:00";-20
"2023-01-16 03:00:00";-19
"2023-01-16 03:30:00";-19
"2023-01-16 04:00:00";-19
"2023-01-16 04:30:00";-19
"2023-01-16 05:00:00";-18
"2023-01-16 05:30:00";-19
"2023-01-16 06:00:00";-19
"2023-01-16 06:30:00";-19
"2023-01-16 07:00:00";-19
"2023-01-16 07:30:00";-19
"2023-01-16 08:00:00";-19
"2023-01-16 08:30:00";-19
"2023-01-16 09:00:00";-19
"2023-01-16 09:30:00";-19
"2023-01-16 10:00:00";-19
"2023-01-16 10:30:00";-19
"2023-01-16 11:00:00";-19
"2023-01-16 11:30:00";-20
"2023-01-16 12:00:00";-19
"2023-01-16 12:30:00";-21
"2023-01-16 13:00:00";-21
"2023-01-16 13:30:00";-19
"2023-01-16 14:00:00";-19
"2023-01-16 14:30:00";-20
"2023-01-16 15:00:00";-19
"2023-01-16 15:30:00";-20
"2023-01-16 16:00:00";-20
"2023-01-16 16:30:00";-19
"2023-01-16 17:00:00";-19
"2023-01-16 17:30:00";-19
"2023-01-16 18:00:00";-19
"2023-01-16 18:30:00";-18
"2023-01-16 19:00:00";-18
"2023-01-16 19:30:00";-19
"2023-01-16 20:00:00";-19
"2023-01-16 20:30:00";-18
"2023-01-16 21:00:00";-19
"2023-01-16 21:30:00";-18
"2023-01-16 22:00:00";-19
"2023-01-16 22:30:00";-19
"2023-01-16 23:00:00";-19
"2023-01-16 23:30:00";-18
"2023-01-17 00:00:00";-18
"2023-01-17 00:30:00";-19
"2023-01-17 01:00:00";-19
"2023-01-17 01:30:00";-19
"2023-01-17 02:00:00";-18
"2023-01-17 02:30:00";-19
"2023-01-17 03:00:00";-20
"2023-01-17 03:30:00";-19
"2023-01-17 04:00:00";-18
"2023-01-17 04:30:00";-19
"2023-01-17 05:00:00";-19
"2023-01-17 05:30:00";-19
"2023-01-17 06:00:00";-19
"2023-01-17 06:30:00";-19
"2023-01-17 07:00:00";-19
"2023-01-17 07:30:00";-19
"2023-01-17 08:00:00";-19
"2023-01-17 08:30:00";-19
"2023-01-17 09:00:00";-19
"2023-01-17 09:30:00";-19
"2023-01-17 10:00:00";-19
"2023-01-17 10:30:00";-19
"2023-01-17 11:00:00";-19
"2023-01-17 11:30:00";-20
"2023-01-17 12:00:00";-19
"2023-01-17 12:30:00";-20
"2023-01-17 13:00:00";-20
"2023-01-17 13:30:00";-20
"2023-01-17 14:00:00";-19
"2023-01-17 14:30:00";-19
"2023-01-17 15:00:00";-20
"2023-01-17 15:30:00";-19
"2023-01-17 16:00:00";-19
"2023-01-17 16:30:00";-19
"2023-01-17 17:00:00";-19
"2023-01-17 17:30:00";-20
"2023-01-17 18:00:00";-19
"2023-01-17 18:30:00";-20
"2023-01-17 19:00:00";-18
"2023-01-17 19:30:00";-19
"2023-01-17 20:00:00";-19
"2023-01-17 20:30:00";-19
"2023-01-17 21:00:00";-18
"2023-01-17 21:30:00";-18
"2023-01-17 22:00:00";-18
"2023-01-17 22:30:00";-18
"2023-01-17 23:00:00";-19
"2023-01-17 23:30:00";-19
"2023-01-18 00:00:00";-19
"2023-01-18 00:30:00";-19
"2023-01-18 01:00:00";-19
"2023-01-18 01:30:00";-19
"2023-01-18 02:00:00";-19
"2023-01-18 02:30:00";-19
"2023-01-18 03:00:00";-20
"2023-01-18 03:30:00";-20
"2023-01-18 04:00:00";-20
"2023-01-18 04:30:00";-20
"2023-01-18 05:00:00";-19
"2023-01-18 05:30:00";-19
"2023-01-18 06:00:00";-20
"2023-01-18 06:30:00";-19
"2023-01-18 07:00:00";-20
"2023-01-18 07:30:00";-20
"2023-01-18 08:00:00";-20
"2023-01-18 08:30:00";-20
"2023-01-18 09:00:00";-20
"2023-01-18 09:30:00";-21
"2023-01-18 10:00:00";-21
"2023-01-18 10:30:00";-23
"2023-01-18 11:00:00";-23
"2023-01-18 11:30:00";-23
"2023-01-18 12:00:00";-25
"2023-01-18 12:30:00";-24
"2023-01-18 13:00:00";-25
"2023-01-18 13:30:00";-25
"2023-01-18 14:00:00";-22
"2023-01-18 14:30:00";-22
"2023-01-18 15:00:00";-21
"2023-01-18 15:30:00";-22
"2023-01-18 16:00:00";-22
"2023-01-18 16:30:00";-22
"2023-01-18 17:00:00";-21
"2023-01-18 17:30:00";-21
"2023-01-18 18:00:00";-22
"2023-01-18 18:30:00";-21
"2023-01-18 19:00:00";-21
"2023-01-18 19:30:00";-21
"2023-01-18 20:00:00";-20
"2023-01-18 20:30:00";-21
"2023-01-18 21:00:00";-20
"2023-01-18 21:30:00";-21
"2023-01-18 22:00:00";-20
"2023-01-18 22:30:00";-20
"2023-01-18 23:00:00";-20
"2023-01-18 23:30:00";-20
"2023-01-19 00:00:00";-20
"2023-01-19 00:30:00";-20
"2023-01-19 01:00:00";-19
"2023-01-19 01:30:00";-20
"2023-01-19 02:00:00";-21
"2023-01-19 02:30:00";-21
"2023-01-19 03:30:00";-21
"2023-01-19 04:00:00";-21
"2023-01-19 04:30:00";-20
"2023-01-19 05:00:00";-20
"2023-01-19 05:30:00";-20
"2023-01-19 06:00:00";-21
"2023-01-19 06:30:00";-21
"2023-01-19 07:00:00";-21
"2023-01-19 07:30:00";-21
"2023-01-19 08:00:00";-21
"2023-01-19 08:30:00";-22
"2023-01-19 09:00:00";-21
"2023-01-19 09:30:00";-21
"2023-01-19 10:00:00";-21
"2023-01-19 10:30:00";-21
"2023-01-19 11:00:00";-23
"2023-01-19 11:30:00";-23
"2023-01-19 12:00:00";-22
"2023-01-19 12:30:00";-22
"2023-01-19 13:00:00";-24
"2023-01-19 13:30:00";-25
"2023-01-19 14:00:00";-22
"2023-01-19 14:30:00";-22
"2023-01-19 15:00:00";-22
"2023-01-19 15:30:00";-22
"2023-01-19 16:00:00";-22
"2023-01-19 16:30:00";-22
"2023-01-19 17:00:00";-22
"2023-01-19 17:30:00";-22
"2023-01-19 18:00:00";-22
"2023-01-19 18:30:00";-22
"2023-01-19 19:00:00";-22
"2023-01-19 19:30:00";-22
"2023-01-19 20:00:00";-22
"2023-01-19 20:30:00";-22
"2023-01-19 21:00:00";-22
"2023-01-19 21:30:00";-22
"2023-01-19 22:00:00";-22
"2023-01-19 22:30:00";-22
"2023-01-19 23:00:00";-22
"2023-01-19 23:30:00";-21
"2023-01-20 00:00:00";-22
"2023-01-20 00:30:00";-23
"2023-01-20 01:00:00";-23
"2023-01-20 01:30:00";-22
"2023-01-20 02:00:00";-23
"2023-01-20 02:30:00";-23
"2023-01-20 03:00:00";-23
"2023-01-20 03:30:00";-23
"2023-01-20 04:00:00";-22
"2023-01-20 04:30:00";-23
"2023-01-20 05:00:00";-24
"2023-01-20 05:30:00";-23
"2023-01-20 06:00:00";-24
"2023-01-20 06:30:00";-24
"2023-01-20 07:00:00";-23
"2023-01-20 07:30:00";-24
"2023-01-20 08:00:00";-23
"2023-01-20 08:30:00";-23
"2023-01-20 09:00:00";-24
"2023-01-20 09:30:00";-24
"2023-01-20 10:00:00";-23
"2023-01-20 10:30:00";-25
"2023-01-20 11:00:00";-26
"2023-01-20 11:30:00";-26
"2023-01-20 12:00:00";-26
"2023-01-20 12:30:00";-27
"2023-01-20 13:00:00";-29
"2023-01-20 13:30:00";-27
"2023-01-20 14:00:00";-26
"2023-01-20 14:30:00";-24
"2023-01-20 15:00:00";-25
"2023-01-20 15:30:00";-25
"2023-01-20 16:00:00";-25
"2023-01-20 16:30:00";-23
"2023-01-20 17:00:00";-22
"2023-01-20 17:30:00";-23
"2023-01-20 18:00:00";-24
"2023-01-20 18:30:00";-24
"2023-01-20 19:00:00";-24
"2023-01-20 19:30:00";-24
"2023-01-20 20:00:00";-24
"2023-01-20 20:30:00";-23
"2023-01-20 21:00:00";-24
"2023-01-20 21:30:00";-23
"2023-01-20 22:00:00";-23
"2023-01-20 22:30:00";-22
"2023-01-20 23:00:00";-22
"2023-01-20 23:30:00";-23
"2023-01-21 00:00:00";-24
"2023-01-21 00:30:00";-24
"2023-01-21 01:00:00";-22
"2023-01-21 01:30:00";-23
"2023-01-21 02:00:00";-22
"2023-01-21 02:30:00";-23
"2023-01-21 03:00:00";-23
"2023-01-21 03:30:00";-23
"2023-01-21 04:00:00";-22
"2023-01-21 04:30:00";-23
"2023-01-21 05:00:00";-25
"2023-01-21 05:30:00";-24
"2023-01-21 06:00:00";-23
"2023-01-21 06:30:00";-22
"2023-01-21 07:00:00";-23
"2023-01-21 07:30:00";-24
"2023-01-21 08:00:00";-23
"2023-01-21 08:30:00";-24
"2023-01-21 09:00:00";-22
"2023-01-21 09:30:00";-23
"2023-01-21 10:00:00";-25
"2023-01-21 10:30:00";-25
"2023-01-21 11:00:00";-25
"2023-01-21 11:30:00";-26
"2023-01-21 12:00:00";-27
"2023-01-21 12:30:00";-26
"2023-01-21 13:00:00";-27
"2023-01-21 13:30:00";-24
"2023-01-21 14:00:00";-24
"2023-01-21 14:30:00";-24
"2023-01-21 15:00:00";-23
"2023-01-21 15:30:00";-25
"2023-01-21 16:00:00";-23
"2023-01-21 16:30:00";-24
"2023-01-21 17:00:00";-24
"2023-01-21 17:30:00";-22
"2023-01-21 18:00:00";-23
"2023-01-21 18:30:00";-23
"2023-01-21 19:00:00";-22
"2023-01-21 19:30:00";-22
"2023-01-21 20:00:00";-21
"2023-01-21 20:30:00";-22
"2023-01-21 21:00:00";-22
"2023-01-21 21:30:00";-22
"2023-01-21 22:00:00";-22
"2023-01-21 22:30:00";-22
"2023-01-21 23:00:00";-23
"2023-01-21 23:30:00";-22
"2023-01-22 00:00:00";-22
"2023-01-22 00:30:00";-23
"2023-01-22 01:00:00";-23
"2023-01-22 01:30:00";-22
"2023-01-22 02:00:00";-23
"2023-01-22 02:30:00";-23
"2023-01-22 03:00:00";-22
"2023-01-22 03:30:00";-23
"2023-01-22 04:00:00";-22
"2023-01-22 04:30:00";-22
"2023-01-22 05:00:00";-22
"2023-01-22 05:30:00";-23
"2023-01-22 06:00:00";-22
"2023-01-22 06:30:00";-23
"2023-01-22 07:00:00";-22
"2023-01-22 07:30:00";-22
"2023-01-22 08:00:00";-23
"2023-01-22 08:30:00";-21
"2023-01-22 09:00:00";-22
"2023-01-22 09:30:00";-22
"2023-01-22 10:00:00";-22
"2023-01-22 10:30:00";-23
"2023-01-22 11:00:00";-23
"2023-01-22 11:30:00";-24
"2023-01-22 12:00:00";-24
"2023-01-22 12:30:00";-25
"2023-01-22 13:00:00";-25
"2023-01-22 13:30:00";-24
"2023-01-22 14:00:00";-23
"2023-01-22 14:30:00";-23
"2023-01-22 15:00:00";-23
"2023-01-22 15:30:00";-23
"2023-01-22 16:00:00";-23
"2023-01-22 16:30:00";-23
"2023-01-22 17:00:00";-23
"2023-01-22 17:30:00";-22
"2023-01-22 18:00:00";-22
"2023-01-22 18:30:00";-22
"2023-01-22 19:00:00";-22
"2023-01-22 19:30:00";-23
"2023-01-22 20:00:00";-22
"2023-01-22 20:30:00";-22
"2023-01-22 21:00:00";-22
"2023-01-22 21:30:00";-22
"2023-01-22 22:00:00";-22
"2023-01-22 22:30:00";-22
"2023-01-22 23:00:00";-23
"2023-01-22 23:30:00";-22
"2023-01-23 00:00:00";-23
"2023-01-23 00:30:00";-22
"2023-01-23 01:00:00";-21
"2023-01-23 01:30:00";-22
"2023-01-23 02:00:00";-22
"2023-01-23 02:30:00";-23
"2023-01-23 03:00:00";-20
"2023-01-23 03:30:00";-23
"2023-01-23 04:00:00";-23
"2023-01-23 04:30:00";-23
"2023-01-23 05:00:00";-22
"2023-01-23 05:30:00";-23
"2023-01-23 06:00:00";-22
"2023-01-23 06:30:00";-22
"2023-01-23 07:00:00";-22
"2023-01-23 07:30:00";-22
"2023-01-23 08:00:00";-22
"2023-01-23 08:30:00";-22
"2023-01-23 09:00:00";-22
"2023-01-23 09:30:00";-21
"2023-01-23 10:00:00";-22
"2023-01-23 10:30:00";-22
"2023-01-23 11:00:00";-22
"2023-01-23 11:30:00";-22
"2023-01-23 12:00:00";-22
"2023-01-23 12:30:00";-22
"2023-01-23 13:00:00";-22
"2023-01-23 13:30:00";-23
"2023-01-23 14:00:00";-23
"2023-01-23 14:30:00";-22
"2023-01-23 15:00:00";-22
"2023-01-23 15:30:00";-22
"2023-01-23 16:00:00";-23
"2023-01-23 16:30:00";-23
"2023-01-23 17:00:00";-22
"2023-01-23 17:30:00";-23
"2023-01-23 18:00:00";-22
"2023-01-23 18:30:00";-22
"2023-01-23 19:00:00";-23
"2023-01-23 19:30:00";-22
"2023-01-23 20:00:00";-22
"2023-01-23 20:30:00";-22
"2023-01-23 21:00:00";-22
"2023-01-23 21:30:00";-22
"2023-01-23 22:00:00";-21
"2023-01-23 22:30:00";-21
"2023-01-23 23:00:00";-21
"2023-01-23 23:30:00";-21
"2023-01-24 00:00:00";-21
"2023-01-24 00:30:00";-21
"2023-01-24 01:00:00";-20
"2023-01-24 01:30:00";-20
"2023-01-24 02:00:00";-21
"2023-01-24 02:30:00";-20
"2023-01-24 03:00:00";-21
"2023-01-24 03:30:00";-21
"2023-01-24 04:00:00";-21
"2023-01-24 04:30:00";-21
"2023-01-24 05:00:00";-21
"2023-01-24 05:30:00";-21
"2023-01-24 06:00:00";-21
"2023-01-24 06:30:00";-21
"2023-01-24 07:00:00";-20
"2023-01-24 07:30:00";-21
"2023-01-24 08:00:00";-20
"2023-01-24 08:30:00";-21
"2023-01-24 09:00:00";-20
"2023-01-24 09:30:00";-20
"2023-01-24 10:00:00";-21
"2023-01-24 10:30:00";-22
"2023-01-24 11:00:00";-22
"2023-01-24 11:30:00";-22
"2023-01-24 12:00:00";-21
"2023-01-24 12:30:00";-21
"2023-01-24 13:00:00";-21
"2023-01-24 13:30:00";-21
"2023-01-24 14:00:00";-21
"2023-01-24 14:30:00";-22
"2023-01-24 15:00:00";-22
"2023-01-24 15:30:00";-21
"2023-01-24 16:00:00";-21
"2023-01-24 16:30:00";-21
"2023-01-24 17:00:00";-21
"2023-01-24 17:30:00";-20
"2023-01-24 18:00:00";-21
"2023-01-24 18:30:00";-21
"2023-01-24 19:00:00";-21
"2023-01-24 19:30:00";-21
"2023-01-24 20:00:00";-21
"2023-01-24 20:30:00";-21
"2023-01-24 21:00:00";-20
"2023-01-24 21:30:00";-20
"2023-01-24 22:00:00";-21
"2023-01-24 22:30:00";-20
"2023-01-24 23:00:00";-20
"2023-01-24 23:30:00";-21
"2023-01-25 00:00:00";-21
"2023-01-25 00:30:00";-21
"2023-01-25 01:00:00";-21
"2023-01-25 01:30:00";-20
"2023-01-25 02:00:00";-21
"2023-01-25 02:30:00";-21
"2023-01-25 03:00:00";-21
"2023-01-25 03:30:00";-21
"2023-01-25 04:00:00";-21
"2023-01-25 04:30:00";-21
"2023-01-25 05:00:00";-21
"2023-01-25 05:30:00";-21
"2023-01-25 06:00:00";-21
"2023-01-25 06:30:00";-21
"2023-01-25 07:00:00";-21
"2023-01-25 07:30:00";-21
"2023-01-25 08:00:00";-21
"2023-01-25 08:30:00";-22
"2023-01-25 09:00:00";-21
"2023-01-25 09:30:00";-21
"2023-01-25 10:00:00";-21
"2023-01-25 10:30:00";-24
"2023-01-25 11:00:00";-25
"2023-01-25 11:30:00";-23
"2023-01-25 12:00:00";-23
"2023-01-25 12:30:00";-24
"2023-01-25 13:00:00";-23
"2023-01-25 13:30:00";-23
"2023-01-25 14:00:00";-22
"2023-01-25 14:30:00";-22
"2023-01-25 15:00:00";-22
"2023-01-25 15:30:00";-22
"2023-01-25 16:00:00";-21
"2023-01-25 16:30:00";-23
"2023-01-25 17:00:00";-21
"2023-01-25 17:30:00";-22
"2023-01-25 18:00:00";-22
"2023-01-25 18:30:00";-22
"2023-01-25 19:00:00";-22
"2023-01-25 19:30:00";-22
"2023-01-25 20:00:00";-22
"2023-01-25 20:30:00";-22
"2023-01-25 21:00:00";-21
"2023-01-25 21:30:00";-21
"2023-01-25 22:00:00";-21
"2023-01-25 22:30:00";-21
"2023-01-25 23:00:00";-21
"2023-01-25 23:30:00";-21
"2023-01-26 00:00:00";-21
"2023-01-26 00:30:00";-21
"2023-01-26 01:00:00";-20
"2023-01-26 01:30:00";-20
"2023-01-26 02:00:00";-21
"2023-01-26 02:30:00";-21
"2023-01-26 03:00:00";-20
"2023-01-26 03:30:00";-21
"2023-01-26 04:00:00";-21
"2023-01-26 04:30:00";-21
"2023-01-26 05:00:00";-21
"2023-01-26 05:30:00";-21
"2023-01-26 06:00:00";-20
"2023-01-26 06:30:00";-22
"2023-01-26 07:00:00";-21
"2023-01-26 07:30:00";-21
"2023-01-26 08:00:00";-22
"2023-01-26 08:30:00";-21
"2023-01-26 09:00:00";-21
"2023-01-26 09:30:00";-20
"2023-01-26 10:00:00";-21
"2023-01-26 10:30:00";-22
"2023-01-26 11:00:00";-25
"2023-01-26 11:30:00";-25
"2023-01-26 13:30:00";-26
"2023-01-26 14:00:00";-22
"2023-01-26 14:30:00";-21
"2023-01-26 15:00:00";-21
"2023-01-26 15:30:00";-22
"2023-01-26 16:00:00";-22
"2023-01-26 16:30:00";-21
"2023-01-26 17:00:00";-21
"2023-01-26 17:30:00";-22
"2023-01-26 18:00:00";-22
"2023-01-26 18:30:00";-21
"2023-01-26 19:00:00";-21
"2023-01-26 19:30:00";-21
"2023-01-26 20:00:00";-21
"2023-01-26 20:30:00";-21
"2023-01-26 21:00:00";-21
"2023-01-26 21:30:00";-22
"2023-01-26 22:00:00";-21
"2023-01-26 22:30:00";-21
"2023-01-26 23:00:00";-22
"2023-01-26 23:30:00";-22
"2023-01-27 00:00:00";-22
"2023-01-27 00:30:00";-22
"2023-01-27 01:00:00";-21
"2023-01-27 01:30:00";-21
"2023-01-27 02:00:00";-22
"2023-01-27 02:30:00";-21
"2023-01-27 03:00:00";-21
"2023-01-27 03:30:00";-21
"2023-01-27 04:00:00";-21
"2023-01-27 04:30:00";-22
"2023-01-27 05:00:00";-21
"2023-01-27 05:30:00";-21
"2023-01-27 06:00:00";-21
"2023-01-27 06:30:00";-21
"2023-01-27 07:00:00";-21
"2023-01-27 07:30:00";-21
"2023-01-27 08:00:00";-21
"2023-01-27 08:30:00";-21
"2023-01-27 09:00:00";-21
"2023-01-27 09:30:00";-21
"2023-01-27 10:00:00";-21
"2023-01-27 10:30:00";-21
"2023-01-27 11:00:00";-21
"2023-01-27 11:30:00";-21
"2023-01-27 12:00:00";-22
"2023-01-27 12:30:00";-22
"2023-01-27 13:00:00";-22
"2023-01-27 13:30:00";-21
"2023-01-27 14:00:00";-21
"2023-01-27 14:30:00";-21
"2023-01-27 15:00:00";-21
"2023-01-27 15:30:00";-21
"2023-01-27 16:00:00";-21
"2023-01-27 16:30:00";-21
"2023-01-27 17:00:00";-20
"2023-01-27 17:30:00";-21
"2023-01-27 18:00:00";-21
"2023-01-27 18:30:00";-21
"2023-01-27 19:00:00";-21
"2023-01-27 19:30:00";-20
"2023-01-27 20:00:00";-21
"2023-01-27 20:30:00";-21
"2023-01-27 21:00:00";-21
"2023-01-27 21:30:00";-21
"2023-01-27 22:00:00";-21
"2023-01-27 22:30:00";-20
"2023-01-27 23:00:00";-21
"2023-01-27 23:30:00";-21
"2023-01-28 00:00:00";-21
"2023-01-28 00:30:00";-21
"2023-01-28 01:00:00";-21
"2023-01-28 01:30:00";-20
"2023-01-28 02:00:00";-22
"2023-01-28 02:30:00";-21
"2023-01-28 03:00:00";-21
"2023-01-28 03:30:00";-21
"2023-01-28 04:00:00";-21
"2023-01-28 04:30:00";-21
"2023-01-28 05:00:00";-21
"2023-01-28 05:30:00";-20
"2023-01-28 06:00:00";-20
"2023-01-28 06:30:00";-21
"2023-01-28 07:00:00";-21
"2023-01-28 07:30:00";-21
"2023-01-28 08:00:00";-21
"2023-01-28 08:30:00";-21
"2023-01-28 09:00:00";-21
"2023-01-28 09:30:00";-21
"2023-01-28 10:00:00";-21
"2023-01-28 10:30:00";-23
"2023-01-28 11:00:00";-26
"2023-01-28 11:30:00";-26
"2023-01-28 12:00:00";-25
"2023-01-28 12:30:00";-24
"2023-01-28 13:00:00";-24
"2023-01-28 13:30:00";-25
"2023-01-28 14:00:00";-22
"2023-01-28 14:30:00";-22
"2023-01-28 15:00:00";-21
"2023-01-28 15:30:00";-22
"2023-01-28 16:00:00";-22
"2023-01-28 16:30:00";-21
"2023-01-28 17:00:00";-22
"2023-01-28 17:30:00";-21
"2023-01-28 18:00:00";-21
"2023-01-28 18:30:00";-21
"2023-01-28 19:30:00";-21
"2023-01-28 20:00:00";-21
"2023-01-28 20:30:00";-21
"2023-01-28 21:00:00";-22
"2023-01-28 21:30:00";-22
"2023-01-28 22:00:00";-21
"2023-01-28 22:30:00";-21
"2023-01-28 23:00:00";-21
"2023-01-28 23:30:00";-21
"2023-01-29 00:00:00";-21
"2023-01-29 00:30:00";-21
"2023-01-29 01:00:00";-21
"2023-01-29 01:30:00";-22
"2023-01-29 02:00:00";-21
"2023-01-29 02:30:00";-21
"2023-01-29 03:00:00";-21
"2023-01-29 03:30:00";-21
"2023-01-29 04:00:00";-21
"2023-01-29 04:30:00";-21
"2023-01-29 05:00:00";-21
"2023-01-29 05:30:00";-21
"2023-01-29 06:00:00";-21
"2023-01-29 06:30:00";-21
"2023-01-29 07:00:00";-21
"2023-01-29 07:30:00";-22
"2023-01-29 08:00:00";-21
"2023-01-29 08:30:00";-21
"2023-01-29 09:00:00";-21
"2023-01-29 09:30:00";-21
"2023-01-29 10:00:00";-21
"2023-01-29 10:30:00";-22
"2023-01-29 11:00:00";-26
"2023-01-29 11:30:00";-24
"2023-01-29 12:00:00";-27
"2023-01-29 12:30:00";-26
"2023-01-29 13:00:00";-25
"2023-01-29 13:30:00";-24
"2023-01-29 14:00:00";-22
"2023-01-29 14:30:00";-21
"2023-01-29 15:00:00";-22
"2023-01-29 15:30:00";-22
"2023-01-29 16:00:00";-21
"2023-01-29 16:30:00";-22
"2023-01-29 17:00:00";-21
"2023-01-29 17:30:00";-21
"2023-01-29 18:00:00";-22
"2023-01-29 18:30:00";-21
"2023-01-29 19:00:00";-21
"2023-01-29 19:30:00";-21
"2023-01-29 20:00:00";-21
"2023-01-29 20:30:00";-21
"2023-01-29 21:00:00";-21
"2023-01-29 21:30:00";-21
"2023-01-29 22:00:00";-21
"2023-01-29 22:30:00";-21
"2023-01-29 23:00:00";-21
"2023-01-29 23:30:00";-21
"2023-01-30 00:00:00";-21
"2023-01-30 00:30:00";-21
"2023-01-30 01:00:00";-21
"2023-01-30 01:30:00";-22
"2023-01-30 02:00:00";-21
"2023-01-30 02:30:00";-21
"2023-01-30 03:00:00";-21
"2023-01-30 03:30:00";-21
"2023-01-30 04:00:00";-21
"2023-01-30 04:30:00";-21
"2023-01-30 05:00:00";-21
"2023-01-30 05:30:00";-21
"2023-01-30 06:00:00";-21
"2023-01-30 06:30:00";-21
"2023-01-30 07:00:00";-21
"2023-01-30 07:30:00";-20
"2023-01-30 08:00:00";-21
"2023-01-30 08:30:00";-21
"2023-01-30 09:00:00";-21
"2023-01-30 09:30:00";-21
"2023-01-30 10:00:00";-20
"2023-01-30 10:30:00";-23
"2023-01-30 11:00:00";-23
"2023-01-30 11:30:00";-25
"2023-01-30 12:00:00";-30
"2023-01-30 12:30:00";-27
"2023-01-30 13:00:00";-26
"2023-01-30 13:30:00";-27
"2023-01-30 14:00:00";-23
"2023-01-30 15:00:00";-21
"2023-01-30 15:30:00";-21
"2023-01-30 16:00:00";-22
"2023-01-30 16:30:00";-22
"2023-01-30 17:00:00";-21
"2023-01-30 17:30:00";-21
"2023-01-30 18:00:00";-21
"2023-01-30 18:30:00";-21
"2023-01-30 19:00:00";-21
"2023-01-30 19:30:00";-21
"2023-01-30 20:00:00";-21
"2023-01-30 20:30:00";-22
"2023-01-30 21:00:00";-21
"2023-01-30 21:30:00";-22
"2023-01-30 22:00:00";-20
"2023-01-30 22:30:00";-22
"2023-01-30 23:00:00";-21
"2023-01-30 23:30:00";-21
"2023-01-31 00:00:00";-21
"2023-01-31 00:30:00";-22
"2023-01-31 01:00:00";-21
"2023-01-31 01:30:00";-21
"2023-01-31 02:00:00";-20
"2023-01-31 02:30:00";-21
"2023-01-31 03:00:00";-21
"2023-01-31 03:30:00";-21
"2023-01-31 04:00:00";-21
"2023-01-31 04:30:00";-21
"2023-01-31 05:00:00";-21
"2023-01-31 05:30:00";-21
"2023-01-31 06:00:00";-21
"2023-01-31 06:30:00";-21
"2023-01-31 07:00:00";-21
"2023-01-31 07:30:00";-21
"2023-01-31 08:00:00";-21
"2023-01-31 08:30:00";-21
"2023-01-31 09:00:00";-21
"2023-01-31 09:30:00";-22
"2023-01-31 10:00:00";-21
"2023-01-31 10:30:00";-24
"2023-01-31 11:00:00";-24
"2023-01-31 11:30:00";-27
"2023-01-31 12:00:00";-25
"2023-01-31 13:00:00";-26
"2023-01-31 13:30:00";-28
"2023-01-31 14:00:00";-24
"2023-01-31 14:30:00";-24
"2023-01-31 15:00:00";-23
"2023-01-31 15:30:00";-22
"2023-01-31 16:00:00";-23
"2023-01-31 16:30:00";-22
"2023-01-31 17:00:00";-22
"2023-01-31 17:30:00";-22
"2023-01-31 18:00:00";-22
"2023-01-31 18:30:00";-22
"2023-01-31 19:00:00";-23
"2023-01-31 19:30:00";-21
"2023-01-31 20:00:00";-21
"2023-01-31 20:30:00";-22
"2023-01-31 21:00:00";-22
"2023-01-31 21:30:00";-21
"2023-01-31 22:00:00";-22
"2023-01-31 22:30:00";-22
"2023-01-31 23:00:00";-21
"2023-01-31 23:30:00";-22
"2023-02-01 00:00:00";-21
"2023-02-01 00:30:00";-21
"2023-02-01 01:00:00";-20
"2023-02-01 01:30:00";-20
"2023-02-01 02:00:00";-22
"2023-02-01 02:30:00";-21
"2023-02-01 03:00:00";-21
"2023-02-01 03:30:00";-22
"2023-02-01 04:00:00";-22
"2023-02-01 04:30:00";-22
"2023-02-01 05:00:00";-21
"2023-02-01 05:30:00";-22
"2023-02-01 06:00:00";-21
"2023-02-01 06:30:00";-21
"2023-02-01 07:00:00";-21
"2023-02-01 07:30:00";-20
"2023-02-01 08:00:00";-21
"2023-02-01 08:30:00";-21
"2023-02-01 09:00:00";-20
"2023-02-01 09:30:00";-21
"2023-02-01 10:00:00";-21
"2023-02-01 10:30:00";-23
"2023-02-01 11:00:00";-25
"2023-02-01 11:30:00";-23
"2023-02-01 12:00:00";-25
"2023-02-01 12:30:00";-26
"2023-02-01 13:00:00";-28
"2023-02-01 13:30:00";-28
"2023-02-01 14:00:00";-23
"2023-02-01 14:30:00";-24
"2023-02-01 15:00:00";-23
"2023-02-01 15:30:00";-24
"2023-02-01 16:00:00";-23
"2023-02-01 16:30:00";-22
"2023-02-01 17:00:00";-22
"2023-02-01 17:30:00";-22
"2023-02-01 18:00:00";-22
"2023-02-01 18:30:00";-22
"2023-02-01 19:00:00";-22
"2023-02-01 19:30:00";-22
"2023-02-01 20:00:00";-22
"2023-02-01 20:30:00";-21
"2023-02-01 21:00:00";-22
"2023-02-01 21:30:00";-21
"2023-02-01 22:00:00";-22
"2023-02-01 22:30:00";-21
"2023-02-01 23:00:00";-22
"2023-02-01 23:30:00";-22
"2023-02-02 00:00:00";-21
"2023-02-02 00:30:00";-21
"2023-02-02 01:00:00";-22
"2023-02-02 01:30:00";-21
"2023-02-02 02:00:00";-21
"2023-02-02 02:30:00";-21
"2023-02-02 03:00:00";-21
"2023-02-02 03:30:00";-22
"2023-02-02 04:00:00";-21
"2023-02-02 04:30:00";-21
"2023-02-02 05:00:00";-22
"2023-02-02 05:30:00";-21
"2023-02-02 06:00:00";-22
"2023-02-02 06:30:00";-22
"2023-02-02 07:00:00";-22
"2023-02-02 07:30:00";-22
"2023-02-02 08:00:00";-21
"2023-02-02 08:30:00";-21
"2023-02-02 09:00:00";-21
"2023-02-02 09:30:00";-21
"2023-02-02 10:00:00";-21
"2023-02-02 10:30:00";-25
"2023-02-02 11:00:00";-24
"2023-02-02 11:30:00";-23
"2023-02-02 12:00:00";-24
"2023-02-02 12:30:00";-27
"2023-02-02 13:00:00";-26
"2023-02-02 13:30:00";-27
"2023-02-02 14:00:00";-25
"2023-02-02 14:30:00";-24
"2023-02-02 15:00:00";-22
"2023-02-02 15:30:00";-23
"2023-02-02 16:00:00";-23
"2023-02-02 16:30:00";-23
"2023-02-02 17:00:00";-23
"2023-02-02 17:30:00";-21
"2023-02-02 18:00:00";-23
"2023-02-02 18:30:00";-23
"2023-02-02 19:00:00";-23
"2023-02-02 19:30:00";-23
"2023-02-02 20:00:00";-23
"2023-02-02 20:30:00";-23
"2023-02-02 21:00:00";-23
"2023-02-02 21:30:00";-22
"2023-02-02 22:00:00";-22
"2023-02-02 22:30:00";-21
"2023-02-02 23:00:00";-22
"2023-02-02 23:30:00";-21
"2023-02-03 00:00:00";-22
"2023-02-03 00:30:00";-21
"2023-02-03 01:00:00";-21
"2023-02-03 01:30:00";-22
"2023-02-03 02:00:00";-21
"2023-02-03 02:30:00";-22
"2023-02-03 03:00:00";-22
"2023-02-03 03:30:00";-21
"2023-02-03 04:00:00";-22
"2023-02-03 04:30:00";-22
"2023-02-03 05:00:00";-21
"2023-02-03 05:30:00";-22
"2023-02-03 06:00:00";-21
"2023-02-03 06:30:00";-20
"2023-02-03 07:00:00";-22
"2023-02-03 07:30:00";-22
"2023-02-03 08:00:00";-21
"2023-02-03 08:30:00";-22
"2023-02-03 09:00:00";-22
"2023-02-03 09:30:00";-21
"2023-02-03 10:00:00";-21
"2023-02-03 10:30:00";-23
"2023-02-03 11:00:00";-26
"2023-02-03 11:30:00";-25
"2023-02-03 12:00:00";-27
"2023-02-03 12:30:00";-29
"2023-02-03 13:00:00";-30
"2023-02-03 13:30:00";-31
"2023-02-03 14:00:00";-27
"2023-02-03 14:30:00";-22
"2023-02-03 15:30:00";-22
"2023-02-03 16:00:00";-23
"2023-02-03 16:30:00";-23
"2023-02-03 17:00:00";-23
"2023-02-03 17:30:00";-23
"2023-02-03 18:00:00";-23
"2023-02-03 18:30:00";-23
"2023-02-03 19:00:00";-23
"2023-02-03 19:30:00";-23
"2023-02-03 20:00:00";-23
"2023-02-03 20:30:00";-22
"2023-02-03 21:00:00";-21
"2023-02-03 21:30:00";-21
"2023-02-03 22:00:00";-20
"2023-02-03 22:30:00";-20
"2023-02-03 23:00:00";-23
"2023-02-03 23:30:00";-21
"2023-02-04 00:00:00";-21
"2023-02-04 00:30:00";-23
"2023-02-04 01:00:00";-23
"2023-02-04 01:30:00";-22
"2023-02-04 02:00:00";-21
"2023-02-04 02:30:00";-21
"2023-02-04 03:00:00";-22
"2023-02-04 03:30:00";-24
"2023-02-04 04:00:00";-23
"2023-02-04 04:30:00";-21
"2023-02-04 05:00:00";-23
"2023-02-04 05:30:00";-20
"2023-02-04 06:00:00";-21
"2023-02-04 06:30:00";-21
"2023-02-04 07:00:00";-21
"2023-02-04 07:30:00";-23
"2023-02-04 08:00:00";-22
"2023-02-04 08:30:00";-24
"2023-02-04 09:00:00";-21
"2023-02-04 09:30:00";-20
"2023-02-04 10:00:00";-22
"2023-02-04 10:30:00";-25
"2023-02-04 11:00:00";-26
"2023-02-04 11:30:00";-28
"2023-02-04 12:00:00";-24
"2023-02-04 12:30:00";-23
"2023-02-04 13:00:00";-29
"2023-02-04 13:30:00";-26
"2023-02-04 14:00:00";-25
"2023-02-04 14:30:00";-24
"2023-02-04 15:00:00";-25
"2023-02-04 15:30:00";-25
"2023-02-04 16:00:00";-23
"2023-02-04 16:30:00";-21
"2023-02-04 17:00:00";-22
"2023-02-04 17:30:00";-22
"2023-02-04 18:00:00";-23
"2023-02-04 18:30:00";-21
"2023-02-04 19:00:00";-22
"2023-02-04 19:30:00";-22
"2023-02-04 20:00:00";-22
"2023-02-04 20:30:00";-23
"2023-02-04 21:00:00";-21
"2023-02-04 21:30:00";-22
"2023-02-04 22:00:00";-22
"2023-02-04 22:30:00";-22
"2023-02-04 23:00:00";-22
"2023-02-04 23:30:00";-23
"2023-02-05 00:00:00";-22
"2023-02-05 00:30:00";-22
"2023-02-05 01:00:00";-21
"2023-02-05 01:30:00";-21
"2023-02-05 02:00:00";-21
"2023-02-05 02:30:00";-22
"2023-02-05 03:00:00";-22
"2023-02-05 03:30:00";-21
"2023-02-05 04:00:00";-21
"2023-02-05 04:30:00";-21
"2023-02-05 05:00:00";-21
"2023-02-05 05:30:00";-20
"2023-02-05 06:00:00";-21
"2023-02-05 06:30:00";-21
"2023-02-05 07:00:00";-21
"2023-02-05 07:30:00";-21
"2023-02-05 08:00:00";-21
"2023-02-05 08:30:00";-22
"2023-02-05 09:00:00";-21
"2023-02-05 09:30:00";-21
"2023-02-05 10:00:00";-21
"2023-02-05 10:30:00";-24
"2023-02-05 11:00:00";-23
"2023-02-05 11:30:00";-22
"2023-02-05 12:00:00";-22
"2023-02-05 12:30:00";-21
"2023-02-05 13:00:00";-22
"2023-02-05 13:30:00";-23
"2023-02-05 14:00:00";-21
"2023-02-05 14:30:00";-22
"2023-02-05 15:00:00";-21
"2023-02-05 15:30:00";-21
"2023-02-05 16:00:00";-21
"2023-02-05 16:30:00";-21
"2023-02-05 17:00:00";-22
"2023-02-05 17:30:00";-21
"2023-02-05 18:00:00";-21
"2023-02-05 18:30:00";-21
"2023-02-05 19:00:00";-21
"2023-02-05 19:30:00";-21
"2023-02-05 20:00:00";-21
"2023-02-05 20:30:00";-21
"2023-02-05 21:00:00";-21
"2023-02-05 21:30:00";-21
"2023-02-05 22:00:00";-21
"2023-02-05 22:30:00";-21
"2023-02-05 23:00:00";-21
"2023-02-05 23:30:00";-21
"2023-02-06 00:00:00";-21
"2023-02-06 00:30:00";-21
"2023-02-06 01:00:00";-21
"2023-02-06 01:30:00";-22
"2023-02-06 02:00:00";-21
"2023-02-06 02:30:00";-21
"2023-02-06 03:00:00";-21
"2023-02-06 03:30:00";-21
"2023-02-06 04:00:00";-21
"2023-02-06 04:30:00";-21
"2023-02-06 05:00:00";-21
"2023-02-06 05:30:00";-21
"2023-02-06 06:00:00";-21
"2023-02-06 06:30:00";-21
"2023-02-06 07:00:00";-21
"2023-02-06 07:30:00";-21
"2023-02-06 08:00:00";-21
"2023-02-06 08:30:00";-21
"2023-02-06 09:00:00";-21
"2023-02-06 09:30:00";-21
"2023-02-06 10:00:00";-21
"2023-02-06 10:30:00";-20
"2023-02-06 11:00:00";-21
"2023-02-06 11:30:00";-21
"2023-02-06 12:00:00";-21
"2023-02-06 12:30:00";-21
"2023-02-06 13:00:00";-22
"2023-02-06 13:30:00";-22
"2023-02-06 14:00:00";-21
"2023-02-06 14:30:00";-21
"2023-02-06 15:00:00";-21
"2023-02-06 15:30:00";-21
"2023-02-06 16:00:00";-21
"2023-02-06 16:30:00";-21
"2023-02-06 17:00:00";-21
"2023-02-06 17:30:00";-21
"2023-02-06 18:00:00";-21
"2023-02-06 18:30:00";-21
"2023-02-06 19:00:00";-21
"2023-02-06 19:30:00";-21
"2023-02-06 20:00:00";-21
"2023-02-06 20:30:00";-20
"2023-02-06 21:00:00";-20
"2023-02-06 21:30:00";-21
"2023-02-06 22:00:00";-21
"2023-02-06 22:30:00";-21
"2023-02-06 23:00:00";-20
"2023-02-06 23:30:00";-20
"2023-02-07 00:00:00";-21
"2023-02-07 00:30:00";-21
"2023-02-07 01:00:00";-21
"2023-02-07 01:30:00";-20
"2023-02-07 02:00:00";-21
"2023-02-07 02:30:00";-21
"2023-02-07 03:00:00";-21
"2023-02-07 03:30:00";-21
"2023-02-07 04:00:00";-21
"2023-02-07 04:30:00";-21
"2023-02-07 05:00:00";-21
"2023-02-07 05:30:00";-21
"2023-02-07 06:00:00";-21
"2023-02-07 06:30:00";-22
"2023-02-07 07:00:00";-22
"2023-02-07 07:30:00";-23
"2023-02-07 08:00:00";-22
"2023-02-07 08:30:00";-22
"2023-02-07 09:00:00";-23
"2023-02-07 09:30:00";-21
"2023-02-07 10:00:00";-21
"2023-02-07 10:30:00";-25
"2023-02-07 11:00:00";-25
"2023-02-07 11:30:00";-26
"2023-02-07 12:00:00";-25
"2023-02-07 12:30:00";-24
"2023-02-07 13:00:00";-24
"2023-02-07 13:30:00";-25
"2023-02-07 14:00:00";-23
"2023-02-07 14:30:00";-24
"2023-02-07 15:00:00";-22
"2023-02-07 15:30:00";-22
"2023-02-07 16:00:00";-22
"2023-02-07 16:30:00";-22
"2023-02-07 17:00:00";-22
"2023-02-07 17:30:00";-23
"2023-02-07 18:00:00";-22
"2023-02-07 18:30:00";-22
"2023-02-07 19:00:00";-22
"2023-02-07 19:30:00";-21
"2023-02-07 20:00:00";-23
"2023-02-07 20:30:00";-21
"2023-02-07 21:00:00";-21
"2023-02-07 21:30:00";-21
"2023-02-07 22:00:00";-21
"2023-02-07 22:30:00";-22
"2023-02-07 23:00:00";-22
"2023-02-07 23:30:00";-22
"2023-02-08 00:00:00";-22
"2023-02-08 00:30:00";-21
"2023-02-08 01:00:00";-22
"2023-02-08 01:30:00";-22
"2023-02-08 02:00:00";-21
"2023-02-08 02:30:00";-22
"2023-02-08 03:00:00";-22
"2023-02-08 03:30:00";-21
"2023-02-08 04:00:00";-22
"2023-02-08 04:30:00";-21
"2023-02-08 05:00:00";-22
"2023-02-08 05:30:00";-22
"2023-02-08 06:00:00";-22
"2023-02-08 06:30:00";-22
"2023-02-08 07:00:00";-22
"2023-02-08 07:30:00";-21
"2023-02-08 08:00:00";-22
"2023-02-08 08:30:00";-22
"2023-02-08 09:00:00";-22
"2023-02-08 09:30:00";-22
"2023-02-08 10:00:00";-22
"2023-02-08 10:30:00";-23
"2023-02-08 11:00:00";-24
"2023-02-08 12:00:00";-23
"2023-02-08 12:30:00";-23
"2023-02-08 13:00:00";-23
"2023-02-08 13:30:00";-24
"2023-02-08 14:00:00";-23
"2023-02-08 14:30:00";-23
"2023-02-08 15:00:00";-22
"2023-02-08 15:30:00";-22
"2023-02-08 16:00:00";-22
"2023-02-08 16:30:00";-21
"2023-02-08 17:00:00";-22
"2023-02-08 17:30:00";-22
"2023-02-08 18:00:00";-21
"2023-02-08 18:30:00";-21
"2023-02-08 19:00:00";-21
"2023-02-08 19:30:00";-22
"2023-02-08 20:00:00";-22
"2023-02-08 20:30:00";-21
"2023-02-08 21:00:00";-21
"2023-02-08 21:30:00";-21
"2023-02-08 22:00:00";-21
"2023-02-08 22:30:00";-21
"2023-02-08 23:00:00";-21
"2023-02-08 23:30:00";-21
"2023-02-09 00:00:00";-22
"2023-02-09 00:30:00";-21
"2023-02-09 01:00:00";-21
"2023-02-09 01:30:00";-21
"2023-02-09 02:00:00";-21
"2023-02-09 02:30:00";-21
"2023-02-09 03:00:00";-21
"2023-02-09 03:30:00";-21
"2023-02-09 04:00:00";-21
"2023-02-09 04:30:00";-21
"2023-02-09 05:00:00";-21
"2023-02-09 05:30:00";-21
"2023-02-09 06:00:00";-22
"2023-02-09 06:30:00";-21
"2023-02-09 07:00:00";-21
"2023-02-09 07:30:00";-22
"2023-02-09 08:00:00";-21
"2023-02-09 08:30:00";-22
"2023-02-09 09:00:00";-22
"2023-02-09 09:30:00";-21
"2023-02-09 10:00:00";-21
"2023-02-09 10:30:00";-21
"2023-02-09 11:00:00";-21
"2023-02-09 11:30:00";-22
"2023-02-09 12:00:00";-23
"2023-02-09 12:30:00";-23
"2023-02-09 13:00:00";-23
"2023-02-09 13:30:00";-23
"2023-02-09 14:00:00";-24
"2023-02-09 14:30:00";-24
"2023-02-09 15:00:00";-22
"2023-02-09 15:30:00";-21
"2023-02-09 16:00:00";-21
"2023-02-09 16:30:00";-22
"2023-02-09 17:00:00";-23
"2023-02-09 17:30:00";-22
"2023-02-09 18:00:00";-23
"2023-02-09 18:30:00";-22
"2023-02-09 19:00:00";-23
"2023-02-09 19:30:00";-22
"2023-02-09 20:00:00";-23
"2023-02-09 20:30:00";-22
"2023-02-09 21:00:00";-22
"2023-02-09 21:30:00";-23
"2023-02-09 22:00:00";-23
"2023-02-09 22:30:00";-23
"2023-02-09 23:00:00";-23
"2023-02-09 23:30:00";-23
"2023-02-10 00:00:00";-22
"2023-02-10 00:30:00";-22
"2023-02-10 01:00:00";-22
"2023-02-10 01:30:00";-23
"2023-02-10 02:00:00";-22
"2023-02-10 02:30:00";-22
"2023-02-10 03:00:00";-23
"2023-02-10 03:30:00";-23
"2023-02-10 04:00:00";-23
"2023-02-10 04:30:00";-23
"2023-02-10 05:00:00";-22
"2023-02-10 05:30:00";-23
"2023-02-10 06:00:00";-22
"2023-02-10 06:30:00";-23
"2023-02-10 07:00:00";-24
"2023-02-10 07:30:00";-23
"2023-02-10 08:00:00";-23
"2023-02-10 08:30:00";-23
"2023-02-10 09:00:00";-23
"2023-02-10 09:30:00";-22
"2023-02-10 10:00:00";-23
"2023-02-10 10:30:00";-26
"2023-02-10 11:00:00";-27
"2023-02-10 11:30:00";-25
"2023-02-10 12:00:00";-27
"2023-02-10 12:30:00";-26
"2023-02-10 13:00:00";-26
"2023-02-10 13:30:00";-26
"2023-02-10 14:00:00";-30
"2023-02-10 14:30:00";-27
"2023-02-10 15:00:00";-25
"2023-02-10 15:30:00";-23
"2023-02-10 16:00:00";-23
"2023-02-10 16:30:00";-25
"2023-02-10 17:00:00";-24
"2023-02-10 17:30:00";-23
"2023-02-10 18:00:00";-23
"2023-02-10 18:30:00";-23
"2023-02-10 19:00:00";-23
"2023-02-10 19:30:00";-22
"2023-02-10 20:00:00";-23
"2023-02-10 20:30:00";-22
"2023-02-10 21:00:00";-22
"2023-02-10 21:30:00";-22
"2023-02-10 22:00:00";-23
"2023-02-10 22:30:00";-22
"2023-02-10 23:00:00";-22
"2023-02-10 23:30:00";-22
"2023-02-11 00:00:00";-22
"2023-02-11 00:30:00";-22
"2023-02-11 01:00:00";-22
"2023-02-11 01:30:00";-23
"2023-02-11 02:00:00";-22
"2023-02-11 02:30:00";-22
"2023-02-11 03:00:00";-22
"2023-02-11 03:30:00";-22
"2023-02-11 04:00:00";-22
"2023-02-11 04:30:00";-22
"2023-02-11 05:00:00";-22
"2023-02-11 05:30:00";-22
"2023-02-11 06:00:00";-22
"2023-02-11 06:30:00";-22
"2023-02-11 07:00:00";-22
"2023-02-11 07:30:00";-22
"2023-02-11 08:00:00";-22
"2023-02-11 08:30:00";-22
"2023-02-11 09:00:00";-22
"2023-02-11 09:30:00";-22
"2023-02-11 12:30:00";-26
"2023-02-11 13:00:00";-26
"2023-02-11 13:30:00";-27
"2023-02-11 14:00:00";-29
"2023-02-11 14:30:00";-28
"2023-02-11 15:00:00";-24
"2023-02-11 15:30:00";-24
"2023-02-11 16:00:00";-24
"2023-02-11 16:30:00";-22
"2023-02-11 17:00:00";-23
"2023-02-11 17:30:00";-23
"2023-02-11 18:00:00";-23
"2023-02-11 18:30:00";-22
"2023-02-11 19:00:00";-22
"2023-02-11 19:30:00";-23
"2023-02-11 20:00:00";-23
"2023-02-11 20:30:00";-23
"2023-02-11 21:00:00";-22
"2023-02-11 21:30:00";-22
"2023-02-11 22:00:00";-22
"2023-02-11 22:30:00";-21
"2023-02-11 23:00:00";-22
"2023-02-11 23:30:00";-22
"2023-02-12 00:00:00";-22
"2023-02-12 00:30:00";-22
"2023-02-12 01:00:00";-22
"2023-02-12 01:30:00";-21
"2023-02-12 02:00:00";-23
"2023-02-12 02:30:00";-22
"2023-02-12 03:00:00";-22
"2023-02-12 03:30:00";-22
"2023-02-12 04:00:00";-22
"2023-02-12 04:30:00";-21
"2023-02-12 05:00:00";-23
"2023-02-12 05:30:00";-22
"2023-02-12 06:00:00";-22
"2023-02-12 06:30:00";-21
"2023-02-12 07:00:00";-22
"2023-02-12 07:30:00";-21
"2023-02-12 08:00:00";-22
"2023-02-12 08:30:00";-22
"2023-02-12 09:00:00";-22
"2023-02-12 09:30:00";-21
"2023-02-12 10:00:00";-22
"2023-02-12 10:30:00";-26
"2023-02-12 11:00:00";-26
"2023-02-12 11:30:00";-26
"2023-02-12 12:00:00";-26
"2023-02-12 12:30:00";-28
"2023-02-12 13:00:00";-29
"2023-02-12 13:30:00";-30
"2023-02-12 14:00:00";-28
"2023-02-12 14:30:00";-28
"2023-02-12 15:00:00";-24
"2023-02-12 15:30:00";-25
"2023-02-12 16:00:00";-24
"2023-02-12 16:30:00";-23
"2023-02-12 17:00:00";-23
"2023-02-12 17:30:00";-23
"2023-02-12 18:00:00";-22
"2023-02-12 18:30:00";-23
"2023-02-12 19:00:00";-23
"2023-02-12 19:30:00";-22
"2023-02-12 20:00:00";-23
"2023-02-12 20:30:00";-23
"2023-02-12 21:00:00";-22
"2023-02-12 21:30:00";-22
"2023-02-12 22:00:00";-22
"2023-02-12 22:30:00";-22
"2023-02-12 23:00:00";-22
"2023-02-12 23:30:00";-22
"2023-02-13 00:00:00";-22
"2023-02-13 00:30:00";-22
"2023-02-13 01:00:00";-21
"2023-02-13 01:30:00";-21
"2023-02-13 02:00:00";-21
"2023-02-13 02:30:00";-22
"2023-02-13 03:30:00";-22
"2023-02-13 04:00:00";-21
"2023-02-13 04:30:00";-22
"2023-02-13 05:00:00";-22
"2023-02-13 05:30:00";-22
"2023-02-13 06:00:00";-21
"2023-02-13 06:30:00";-21
"2023-02-13 07:00:00";-21
"2023-02-13 07:30:00";-21
"2023-02-13 08:00:00";-21
"2023-02-13 08:30:00";-22
"2023-02-13 09:00:00";-22
"2023-02-13 09:30:00";-22
"2023-02-13 10:00:00";-22
"2023-02-13 10:30:00";-25
"2023-02-13 11:00:00";-24
"2023-02-13 11:30:00";-25
"2023-02-13 12:30:00";-25
"2023-02-13 13:00:00";-25
"2023-02-13 13:30:00";-25
"2023-02-13 14:00:00";-27
"2023-02-13 14:30:00";-27
"2023-02-13 15:00:00";-25
"2023-02-13 15:30:00";-23
"2023-02-13 16:00:00";-24
"2023-02-13 16:30:00";-24
"2023-02-13 17:00:00";-23
"2023-02-13 17:30:00";-23
"2023-02-13 18:00:00";-22
"2023-02-13 18:30:00";-22
"2023-02-13 19:00:00";-22
"2023-02-13 19:30:00";-22
"2023-02-13 20:00:00";-23
"2023-02-13 20:30:00";-22
"2023-02-13 21:00:00";-22
"2023-02-13 21:30:00";-23
"2023-02-13 22:00:00";-22
"2023-02-13 22:30:00";-21
"2023-02-13 23:00:00";-22
"2023-02-13 23:30:00";-21
"2023-02-14 00:00:00";-22
"2023-02-14 00:30:00";-22
"2023-02-14 01:00:00";-23
"2023-02-14 01:30:00";-21
"2023-02-14 02:00:00";-22
"2023-02-14 02:30:00";-22
"2023-02-14 03:00:00";-22
"2023-02-14 03:30:00";-22
"2023-02-14 04:00:00";-22
"2023-02-14 04:30:00";-22
"2023-02-14 05:00:00";-21
"2023-02-14 05:30:00";-21
"2023-02-14 06:00:00";-21
"2023-02-14 06:30:00";-22
"2023-02-14 07:00:00";-22
"2023-02-14 07:30:00";-22
"2023-02-14 08:00:00";-22
"2023-02-14 08:30:00";-22
"2023-02-14 09:00:00";-21
"2023-02-14 09:30:00";-21
"2023-02-14 10:00:00";-22
"2023-02-14 10:30:00";-24
"2023-02-14 11:00:00";-26
"2023-02-14 11:30:00";-26
"2023-02-14 12:00:00";-28
"2023-02-14 12:30:00";-30
"2023-02-14 13:00:00";-30
"2023-02-14 13:30:00";-31
"2023-02-14 14:00:00";-30
"2023-02-14 14:30:00";-27
"2023-02-14 15:00:00";-23
"2023-02-14 15:30:00";-25
"2023-02-14 16:00:00";-24
"2023-02-14 16:30:00";-23
"2023-02-14 17:00:00";-22
"2023-02-14 17:30:00";-23
"2023-02-14 18:00:00";-23
"2023-02-14 18:30:00";-23
"2023-02-14 19:00:00";-23
"2023-02-14 19:30:00";-23
"2023-02-14 20:00:00";-23
"2023-02-14 20:30:00";-23
"2023-02-14 21:00:00";-23
"2023-02-14 21:30:00";-23
"2023-02-14 22:00:00";-22
"2023-02-14 22:30:00";-22
"2023-02-14 23:00:00";-23
"2023-02-14 23:30:00";-21
"2023-02-15 00:00:00";-22
"2023-02-15 00:30:00";-21
"2023-02-15 01:00:00";-23
"2023-02-15 01:30:00";-22
"2023-02-15 02:00:00";-23
"2023-02-15 02:30:00";-22
"2023-02-15 03:00:00";-22
"2023-02-15 03:30:00";-22
"2023-02-15 04:00:00";-21
"2023-02-15 04:30:00";-22
"2023-02-15 05:00:00";-22
"2023-02-15 05:30:00";-22
"2023-02-15 06:00:00";-21
"2023-02-15 06:30:00";-21
"2023-02-15 07:00:00";-22
"2023-02-15 07:30:00";-22
"2023-02-15 08:00:00";-21
"2023-02-15 08:30:00";-22
"2023-02-15 09:00:00";-21
"2023-02-15 09:30:00";-21
"2023-02-15 10:00:00";-23
"2023-02-15 10:30:00";-25
"2023-02-15 11:00:00";-26
"2023-02-15 11:30:00";-27
"2023-02-15 12:00:00";-28
"2023-02-15 12:30:00";-27
"2023-02-15 13:00:00";-26
"2023-02-15 13:30:00";-26
"2023-02-15 14:00:00";-26
"2023-02-15 14:30:00";-25
"2023-02-15 15:00:00";-23
"2023-02-15 15:30:00";-26
"2023-02-15 16:00:00";-24
"2023-02-15 16:30:00";-23
"2023-02-15 17:00:00";-22
"2023-02-15 17:30:00";-22
"2023-02-15 18:00:00";-22
"2023-02-15 18:30:00";-22
"2023-02-15 19:00:00";-22
"2023-02-15 19:30:00";-22
"2023-02-15 20:00:00";-23
"2023-02-15 20:30:00";-22
"2023-02-15 21:00:00";-22
"2023-02-15 21:30:00";-22
"2023-02-15 22:00:00";-22
"2023-02-15 22:30:00";-21
"2023-02-15 23:00:00";-21
"2023-02-15 23:30:00";-22
"2023-02-16 00:00:00";-21
"2023-02-16 00:30:00";-21
"2023-02-16 01:00:00";-21
"2023-02-16 01:30:00";-22
"2023-02-16 02:00:00";-22
"2023-02-16 02:30:00";-22
"2023-02-16 03:00:00";-21
"2023-02-16 03:30:00";-21
"2023-02-16 04:00:00";-22
"2023-02-16 04:30:00";-21
"2023-02-16 05:00:00";-22
"2023-02-16 05:30:00";-22
"2023-02-16 06:00:00";-21
"2023-02-16 06:30:00";-22
"2023-02-16 07:00:00";-21
"2023-02-16 07:30:00";-21
"2023-02-16 08:00:00";-22
"2023-02-16 08:30:00";-22
"2023-02-16 09:00:00";-21
"2023-02-16 09:30:00";-20
"2023-02-16 10:00:00";-23
"2023-02-16 10:30:00";-25
"2023-02-16 11:00:00";-26
"2023-02-16 11:30:00";-26
"2023-02-16 12:00:00";-23
"2023-02-16 12:30:00";-24
"2023-02-16 13:00:00";-23
"2023-02-16 13:30:00";-22
"2023-02-16 14:00:00";-24
"2023-02-16 14:30:00";-24
"2023-02-16 15:00:00";-22
"2023-02-16 15:30:00";-23
"2023-02-16 16:00:00";-22
"2023-02-16 16:30:00";-22
"2023-02-16 17:00:00";-22
"2023-02-16 17:30:00";-23
"2023-02-16 18:00:00";-23
"2023-02-16 18:30:00";-22
"2023-02-16 19:00:00";-22
"2023-02-16 19:30:00";-22
"2023-02-16 20:00:00";-22
"2023-02-16 20:30:00";-22
"2023-02-16 21:00:00";-22
"2023-02-16 21:30:00";-22
"2023-02-16 22:00:00";-21
"2023-02-16 22:30:00";-22
"2023-02-16 23:00:00";-22
"2023-02-16 23:30:00";-21
"2023-02-17 00:00:00";-21
"2023-02-17 00:30:00";-22
"2023-02-17 01:00:00";-21
"2023-02-17 01:30:00";-22
"2023-02-17 02:00:00";-21
"2023-02-17 02:30:00";-21
"2023-02-17 03:00:00";-22
"2023-02-17 03:30:00";-21
"2023-02-17 04:00:00";-21
"2023-02-17 04:30:00";-21
"2023-02-17 05:00:00";-21
"2023-02-17 05:30:00";-20
"2023-02-17 06:00:00";-21
"2023-02-17 06:30:00";-21
"2023-02-17 07:00:00";-21
"2023-02-17 07:30:00";-21
"2023-02-17 08:00:00";-21
"2023-02-17 08:30:00";-21
"2023-02-17 09:00:00";-21
"2023-02-17 09:30:00";-20
"2023-02-17 10:00:00";-23
"2023-02-17 10:30:00";-26
"2023-02-17 11:00:00";-22
"2023-02-17 11:30:00";-24
"2023-02-17 12:00:00";-22
"2023-02-17 12:30:00";-24
"2023-02-17 13:00:00";-22
"2023-02-17 13:30:00";-23
"2023-02-17 14:00:00";-24
"2023-02-17 14:30:00";-24
"2023-02-17 15:00:00";-22
"2023-02-17 15:30:00";-22
"2023-02-17 16:00:00";-23
"2023-02-17 16:30:00";-22
"2023-02-17 17:00:00";-22
"2023-02-17 17:30:00";-22
"2023-02-17 18:00:00";-22
"2023-02-17 18:30:00";-22
"2023-02-17 19:00:00";-22
"2023-02-17 19:30:00";-22
"2023-02-17 20:00:00";-22
"2023-02-17 20:30:00";-21
"2023-02-17 21:00:00";-22
"2023-02-17 21:30:00";-21
"2023-02-17 22:00:00";-22
"2023-02-17 22:30:00";-21
"2023-02-17 23:00:00";-20
"2023-02-17 23:30:00";-21
"2023-02-18 00:00:00";-22
"2023-02-18 00:30:00";-21
"2023-02-18 01:00:00";-20
"2023-02-18 01:30:00";-21
"2023-02-18 02:00:00";-21
"2023-02-18 02:30:00";-21
"2023-02-18 03:00:00";-21
"2023-02-18 03:30:00";-21
"2023-02-18 04:00:00";-21
"2023-02-18 04:30:00";-21
"2023-02-18 05:00:00";-21
"2023-02-18 05:30:00";-21
"2023-02-18 06:00:00";-21
"2023-02-18 06:30:00";-20
"2023-02-18 07:00:00";-22
"2023-02-18 07:30:00";-21
"2023-02-18 08:00:00";-21
"2023-02-18 08:30:00";-20
"2023-02-18 09:00:00";-21
"2023-02-18 09:30:00";-21
"2023-02-18 10:00:00";-23
"2023-02-18 10:30:00";-25
"2023-02-18 11:00:00";-23
"2023-02-18 11:30:00";-22
"2023-02-18 12:00:00";-23
"2023-02-18 12:30:00";-23
"2023-02-18 13:00:00";-22
"2023-02-18 13:30:00";-22
"2023-02-18 14:00:00";-22
"2023-02-18 14:30:00";-23
"2023-02-18 15:00:00";-21
"2023-02-18 15:30:00";-21
"2023-02-18 16:00:00";-22
"2023-02-18 16:30:00";-22
"2023-02-18 17:00:00";-22
"2023-02-18 17:30:00";-21
"2023-02-18 18:00:00";-21
"2023-02-18 18:30:00";-21
"2023-02-18 19:00:00";-21
"2023-02-18 19:30:00";-22
"2023-02-18 20:00:00";-21
"2023-02-18 20:30:00";-20
"2023-02-18 21:00:00";-21
"2023-02-18 21:30:00";-21
"2023-02-18 22:00:00";-21
"2023-02-18 22:30:00";-21
"2023-02-18 23:00:00";-21
"2023-02-18 23:30:00";-20
"2023-02-19 00:00:00";-21
"2023-02-19 00:30:00";-21
"2023-02-19 01:00:00";-21
"2023-02-19 01:30:00";-21
"2023-02-19 02:00:00";-21
"2023-02-19 02:30:00";-21
"2023-02-19 03:00:00";-20
"2023-02-19 03:30:00";-20
"2023-02-19 04:00:00";-19
"2023-02-19 04:30:00";-21
"2023-02-19 05:00:00";-20
"2023-02-19 05:30:00";-20
"2023-02-19 06:00:00";-20
"2023-02-19 06:30:00";-20
"2023-02-19 07:00:00";-19
"2023-02-19 07:30:00";-20
"2023-02-19 08:00:00";-19
"2023-02-19 08:30:00";-19
"2023-02-19 09:00:00";-19
"2023-02-19 09:30:00";-19
"2023-02-19 10:00:00";-19
"2023-02-19 10:30:00";-20
"2023-02-19 11:00:00";-20
"2023-02-19 11:30:00";-22
"2023-02-19 12:00:00";-21
"2023-02-19 12:30:00";-24
"2023-02-19 13:00:00";-23
"2023-02-19 13:30:00";-23
"2023-02-19 14:00:00";-22
"2023-02-19 14:30:00";-25
"2023-02-19 15:00:00";-22
"2023-02-19 15:30:00";-22
"2023-02-19 16:00:00";-21
"2023-02-19 16:30:00";-22
"2023-02-19 17:00:00";-21
"2023-02-19 17:30:00";-20
"2023-02-19 18:00:00";-21
"2023-02-19 18:30:00";-22
"2023-02-19 19:00:00";-21
"2023-02-19 19:30:00";-21
"2023-02-19 20:00:00";-22
"2023-02-19 20:30:00";-21
"2023-02-19 21:00:00";-20
"2023-02-19 21:30:00";-20
"2023-02-19 22:00:00";-20
"2023-02-19 22:30:00";-21
"2023-02-19 23:00:00";-21
"2023-02-19 23:30:00";-20
"2023-02-20 00:00:00";-20
"2023-02-20 00:30:00";-22
"2023-02-20 01:00:00";-20
"2023-02-20 01:30:00";-20
"2023-02-20 02:00:00";-19
"2023-02-20 02:30:00";-20
"2023-02-20 03:30:00";-20
"2023-02-20 04:00:00";-20
"2023-02-20 04:30:00";-20
"2023-02-20 05:00:00";-20
"2023-02-20 05:30:00";-20
"2023-02-20 06:00:00";-20
"2023-02-20 06:30:00";-20
"2023-02-20 07:00:00";-20
"2023-02-20 07:30:00";-20
"2023-02-20 08:00:00";-19
"2023-02-20 08:30:00";-19
"2023-02-20 09:00:00";-20
"2023-02-20 09:30:00";-18
"2023-02-20 10:00:00";-22
"2023-02-20 10:30:00";-22
"2023-02-20 11:00:00";-21
"2023-02-20 11:30:00";-22
"2023-02-20 12:00:00";-22
"2023-02-20 12:30:00";-21
"2023-02-20 13:00:00";-22
"2023-02-20 13:30:00";-23
"2023-02-20 14:00:00";-22
"2023-02-20 14:30:00";-24
"2023-02-20 15:00:00";-21
"2023-02-20 15:30:00";-21
"2023-02-20 16:00:00";-22
"2023-02-20 16:30:00";-20
"2023-02-20 17:00:00";-21
"2023-02-20 17:30:00";-21
"2023-02-20 18:00:00";-21
"2023-02-20 18:30:00";-20
"2023-02-20 19:00:00";-21
"2023-02-20 19:30:00";-20
"2023-02-20 20:00:00";-20
"2023-02-20 20:30:00";-20
"2023-02-20 21:00:00";-20
"2023-02-20 21:30:00";-21
"2023-02-20 22:00:00";-20
"2023-02-20 22:30:00";-20
"2023-02-20 23:00:00";-20
"2023-02-20 23:30:00";-20
"2023-02-21 00:00:00";-20
"2023-02-21 00:30:00";-20
"2023-02-21 01:00:00";-19
"2023-02-21 08:30:00";-18
"2023-02-21 09:00:00";-18
"2023-02-21 09:30:00";-18
"2023-02-21 10:00:00";-21
"2023-02-21 10:30:00";-21
"2023-02-21 11:00:00";-21
"2023-02-21 11:30:00";-22
"2023-02-21 12:00:00";-20
"2023-02-21 12:30:00";-21
"2023-02-21 13:00:00";-21
"2023-02-21 13:30:00";-21
"2023-02-21 14:00:00";-21
"2023-02-21 14:30:00";-21
"2023-02-21 15:00:00";-19
"2023-02-21 15:30:00";-19
"2023-02-21 16:00:00";-20
"2023-02-21 16:30:00";-19
"2023-02-21 17:00:00";-19
"2023-02-21 17:30:00";-18
"2023-02-21 18:00:00";-20
"2023-02-21 18:30:00";-20
"2023-02-21 19:00:00";-20
"2023-02-21 19:30:00";-20
"2023-02-21 20:00:00";-19
"2023-02-21 20:30:00";-19
"2023-02-21 21:00:00";-19
"2023-02-21 21:30:00";-19
"2023-02-21 22:00:00";-19
"2023-02-21 22:30:00";-19
"2023-02-21 23:00:00";-18
"2023-02-21 23:30:00";-19
"2023-02-22 00:00:00";-19
"2023-02-22 00:30:00";-18
"2023-02-22 01:00:00";-18
"2023-02-22 08:30:00";-17
"2023-02-22 09:00:00";-18
"2023-02-22 09:30:00";-17
"2023-02-22 10:00:00";-17
"2023-02-22 10:30:00";-18
"2023-02-22 11:00:00";-18
"2023-02-22 11:30:00";-17
"2023-02-22 12:00:00";-17
"2023-02-22 12:30:00";-17
"2023-02-22 13:00:00";-18
"2023-02-22 13:30:00";-18
"2023-02-22 14:00:00";-18
"2023-02-22 14:30:00";-19
"2023-02-22 15:00:00";-18
"2023-02-22 15:30:00";-18
"2023-02-22 16:00:00";-18
"2023-02-22 16:30:00";-18
"2023-02-22 17:00:00";-18
"2023-02-22 17:30:00";-18
"2023-02-22 18:00:00";-18
"2023-02-22 18:30:00";-18
"2023-02-22 19:00:00";-17
"2023-02-22 19:30:00";-18
"2023-02-22 20:00:00";-18
"2023-02-22 20:30:00";-18
"2023-02-22 21:00:00";-18
"2023-02-22 21:30:00";-18
"2023-02-22 22:00:00";-18
"2023-02-22 22:30:00";-18
"2023-02-22 23:00:00";-18
"2023-02-22 23:30:00";-18
"2023-02-23 00:00:00";-18
"2023-02-23 00:30:00";-17
"2023-02-23 01:00:00";-17
"2023-02-23 01:30:00";-19
"2023-02-23 02:00:00";-18
"2023-02-23 02:30:00";-18
"2023-02-23 03:00:00";-17
"2023-02-23 03:30:00";-18
"2023-02-23 04:00:00";-18
"2023-02-23 04:30:00";-18
"2023-02-23 05:00:00";-18
"2023-02-23 05:30:00";-18
"2023-02-23 06:00:00";-18
"2023-02-23 06:30:00";-18
"2023-02-23 07:00:00";-19
"2023-02-23 07:30:00";-18
"2023-02-23 08:00:00";-17
"2023-02-23 08:30:00";-18
"2023-02-23 09:00:00";-17
"2023-02-23 09:30:00";-18
"2023-02-23 10:00:00";-20
"2023-02-23 10:30:00";-19
"2023-02-23 11:00:00";-19
"2023-02-23 11:30:00";-19
"2023-02-23 12:00:00";-20
"2023-02-23 12:30:00";-19
"2023-02-23 13:00:00";-19
"2023-02-23 13:30:00";-19
"2023-02-23 14:00:00";-19
"2023-02-23 14:30:00";-19
"2023-02-23 15:00:00";-19
"2023-02-23 15:30:00";-18
"2023-02-23 16:00:00";-18
"2023-02-23 16:30:00";-19
"2023-02-23 17:00:00";-18
"2023-02-23 17:30:00";-18
"2023-02-23 18:00:00";-18
"2023-02-23 18:30:00";-18
"2023-02-23 19:00:00";-18
"2023-02-23 19:30:00";-18
"2023-02-23 20:00:00";-18
"2023-02-23 20:30:00";-19
"2023-02-23 21:00:00";-18
"2023-02-23 21:30:00";-18
"2023-02-23 22:00:00";-18
"2023-02-23 22:30:00";-18
"2023-02-23 23:00:00";-19
"2023-02-23 23:30:00";-17
"2023-02-24 00:00:00";-18
"2023-02-24 00:30:00";-18
"2023-02-24 01:00:00";-17
"2023-02-24 08:00:00";-18
"2023-02-24 08:30:00";-18
"2023-02-24 09:00:00";-17
"2023-02-24 09:30:00";-18
"2023-02-24 10:00:00";-17
"2023-02-24 10:30:00";-17
"2023-02-24 11:00:00";-18
"2023-02-24 11:30:00";-19
"2023-02-24 12:00:00";-18
"2023-02-24 12:30:00";-18
"2023-02-24 13:00:00";-17
"2023-02-24 13:30:00";-18
"2023-02-24 14:00:00";-17
"2023-02-24 14:30:00";-18
"2023-02-24 15:00:00";-18
"2023-02-24 15:30:00";-18
"2023-02-24 16:00:00";-18
"2023-02-24 16:30:00";-18
"2023-02-24 17:00:00";-18
"2023-02-24 17:30:00";-18
"2023-02-24 18:00:00";-18
"2023-02-24 18:30:00";-19
"2023-02-24 19:00:00";-18
"2023-02-24 19:30:00";-18
"2023-02-24 20:00:00";-19
"2023-02-24 20:30:00";-18
"2023-02-24 21:00:00";-18
"2023-02-24 21:30:00";-18
"2023-02-24 22:00:00";-18
"2023-02-24 22:30:00";-18
"2023-02-24 23:00:00";-18
"2023-02-24 23:30:00";-18
"2023-02-25 00:00:00";-18
"2023-02-25 00:30:00";-19
"2023-02-25 01:00:00";-19
"2023-02-25 01:30:00";-18
"2023-02-25 02:00:00";-18
"2023-02-25 02:30:00";-19
"2023-02-25 03:00:00";-19
"2023-02-25 03:30:00";-19
"2023-02-25 04:00:00";-18
"2023-02-25 04:30:00";-19
"2023-02-25 05:00:00";-21
"2023-02-25 05:30:00";-18
"2023-02-25 06:00:00";-18
"2023-02-25 06:30:00";-19
"2023-02-25 07:00:00";-19
"2023-02-25 07:30:00";-19
"2023-02-25 08:00:00";-18
"2023-02-25 08:30:00";-18
"2023-02-25 09:00:00";-18
"2023-02-25 09:30:00";-17
"2023-02-25 10:00:00";-21
"2023-02-25 10:30:00";-23
"2023-02-25 11:00:00";-22
"2023-02-25 11:30:00";-21
"2023-02-25 12:00:00";-21
"2023-02-25 12:30:00";-20
"2023-02-25 13:00:00";-20
"2023-02-25 13:30:00";-20
"2023-02-25 14:00:00";-20
"2023-02-25 14:30:00";-20
"2023-02-25 15:00:00";-19
"2023-02-25 15:30:00";-20
"2023-02-25 16:00:00";-19
"2023-02-25 16:30:00";-19
"2023-02-25 17:00:00";-20
"2023-02-25 17:30:00";-20
"2023-02-25 18:00:00";-21
"2023-02-25 18:30:00";-20
"2023-02-25 19:00:00";-20
"2023-02-25 19:30:00";-19
"2023-02-25 20:00:00";-19
"2023-02-25 20:30:00";-19
"2023-02-25 21:00:00";-20
"2023-02-25 21:30:00";-19
"2023-02-25 22:00:00";-20
"2023-02-25 22:30:00";-19
"2023-02-25 23:00:00";-19
"2023-02-25 23:30:00";-19
"2023-02-26 00:00:00";-19
"2023-02-26 00:30:00";-20
"2023-02-26 01:00:00";-19
"2023-02-26 07:30:00";-19
"2023-02-26 08:00:00";-18
"2023-02-26 08:30:00";-18
"2023-02-26 09:00:00";-17
"2023-02-26 09:30:00";-19
"2023-02-26 10:00:00";-18
"2023-02-26 10:30:00";-18
"2023-02-26 11:00:00";-19
"2023-02-26 11:30:00";-18
"2023-02-26 12:00:00";-18
"2023-02-26 12:30:00";-18
"2023-02-26 13:00:00";-18
"2023-02-26 13:30:00";-18
"2023-02-26 14:00:00";-18
"2023-02-26 14:30:00";-17
"2023-02-26 15:00:00";-18
"2023-02-26 15:30:00";-18
"2023-02-26 16:00:00";-18
"2023-02-26 16:30:00";-19
"2023-02-26 17:00:00";-18
"2023-02-26 17:30:00";-19
"2023-02-26 18:00:00";-19
"2023-02-26 18:30:00";-18
"2023-02-26 19:00:00";-19
"2023-02-26 19:30:00";-18
"2023-02-26 20:00:00";-19
"2023-02-26 20:30:00";-19
"2023-02-26 21:00:00";-20
"2023-02-26 21:30:00";-19
"2023-02-26 22:00:00";-20
"2023-02-26 22:30:00";-19
"2023-02-26 23:00:00";-18
"2023-02-26 23:30:00";-19
"2023-02-27 00:00:00";-18
"2023-02-27 00:30:00";-18
"2023-02-27 01:00:00";-19
"2023-02-27 06:30:00";-19
"2023-02-27 07:00:00";-20
"2023-02-27 07:30:00";-20
"2023-02-27 08:00:00";-19
"2023-02-27 08:30:00";-19
"2023-02-27 09:00:00";-19
"2023-02-27 09:30:00";-19
"2023-02-27 10:30:00";-19
"2023-02-27 11:00:00";-20
"2023-02-27 11:30:00";-21
"2023-02-27 12:00:00";-20
"2023-02-27 12:30:00";-20
"2023-02-27 13:00:00";-20
"2023-02-27 13:30:00";-19
"2023-02-27 14:00:00";-20
"2023-02-27 14:30:00";-20
"2023-02-27 15:00:00";-20
"2023-02-27 15:30:00";-19
"2023-02-27 16:00:00";-20
"2023-02-27 16:30:00";-19
"2023-02-27 17:00:00";-19
"2023-02-27 17:30:00";-19
"2023-02-27 18:00:00";-19
"2023-02-27 18:30:00";-19
"2023-02-27 19:00:00";-19
"2023-02-27 19:30:00";-19
"2023-02-27 20:00:00";-19
"2023-02-27 20:30:00";-20
"2023-02-27 21:00:00";-19
"2023-02-27 21:30:00";-19
"2023-02-27 22:00:00";-18
"2023-02-27 22:30:00";-19
"2023-02-27 23:00:00";-18
"2023-02-27 23:30:00";-18
"2023-02-28 00:00:00";-19
"2023-02-28 00:30:00";-19
"2023-02-28 01:00:00";-19
"2023-02-28 06:30:00";-18
"2023-02-28 07:00:00";-19
"2023-02-28 07:30:00";-19
"2023-02-28 08:00:00";-19
"2023-02-28 08:30:00";-19
"2023-02-28 09:00:00";-19
"2023-02-28 09:30:00";-19
"2023-02-28 10:00:00";-20
"2023-02-28 10:30:00";-20
"2023-02-28 11:00:00";-19
"2023-02-28 11:30:00";-19
"2023-02-28 12:00:00";-20
"2023-02-28 12:30:00";-20
"2023-02-28 13:00:00";-20
"2023-02-28 13:30:00";-20
"2023-02-28 14:00:00";-20
"2023-02-28 14:30:00";-20
"2023-02-28 15:00:00";-21
"2023-02-28 15:30:00";-20
"2023-02-28 16:00:00";-20
"2023-02-28 16:30:00";-20
"2023-02-28 17:00:00";-19
"2023-02-28 17:30:00";-20
"2023-02-28 18:00:00";-20
"2023-02-28 18:30:00";-20
"2023-02-28 19:00:00";-19
"2023-02-28 19:30:00";-19
"2023-02-28 20:00:00";-19
"2023-02-28 20:30:00";-20
"2023-02-28 21:00:00";-20
"2023-02-28 21:30:00";-20
"2023-02-28 22:00:00";-20
"2023-02-28 22:30:00";-19
"2023-02-28 23:00:00";-20
"2023-02-28 23:30:00";-20
"2023-03-01 00:00:00";-20
"2023-03-01 00:30:00";-20
"2023-03-01 01:00:00";-20
"2023-03-01 08:00:00";-20
"2023-03-01 08:30:00";-20
"2023-03-01 09:00:00";-20
"2023-03-01 09:30:00";-20
"2023-03-01 10:00:00";-20
"2023-03-01 10:30:00";-20
"2023-03-01 11:00:00";-21
"2023-03-01 11:30:00";-21
"2023-03-01 12:00:00";-21
"2023-03-01 12:30:00";-21
"2023-03-01 13:00:00";-21
"2023-03-01 13:30:00";-21
"2023-03-01 14:00:00";-21
"2023-03-01 14:30:00";-20
"2023-03-01 15:00:00";-20
"2023-03-01 15:30:00";-20
"2023-03-01 16:00:00";-20
"2023-03-01 16:30:00";-21
"2023-03-01 17:00:00";-20
"2023-03-01 17:30:00";-21
"2023-03-01 18:00:00";-20
"2023-03-01 18:30:00";-20
"2023-03-01 19:00:00";-20
"2023-03-01 19:30:00";-20
"2023-03-01 20:00:00";-20
"2023-03-01 20:30:00";-20
"2023-03-01 21:00:00";-20
"2023-03-01 21:30:00";-19
"2023-03-01 22:00:00";-19
"2023-03-01 22:30:00";-19
"2023-03-01 23:00:00";-19
"2023-03-01 23:30:00";-19
"2023-03-02 00:00:00";-20
"2023-03-02 00:30:00";-19
"2023-03-02 01:00:00";-19
"2023-03-02 01:30:00";-19
"2023-03-02 02:00:00";-19
"2023-03-02 02:30:00";-19
"2023-03-02 03:00:00";-19
"2023-03-02 03:30:00";-19
"2023-03-02 04:00:00";-19
"2023-03-02 04:30:00";-18
"2023-03-02 05:00:00";-19
"2023-03-02 05:30:00";-19
"2023-03-02 06:00:00";-19
"2023-03-02 06:30:00";-20
"2023-03-02 07:00:00";-19
"2023-03-02 07:30:00";-19
"2023-03-02 08:00:00";-19
"2023-03-02 08:30:00";-19
"2023-03-02 09:00:00";-19
"2023-03-02 09:30:00";-19
"2023-03-02 10:00:00";-19
"2023-03-02 10:30:00";-19
"2023-03-02 11:00:00";-20
"2023-03-02 11:30:00";-19
"2023-03-02 12:00:00";-20
"2023-03-02 12:30:00";-21
"2023-03-02 13:00:00";-20
"2023-03-02 13:30:00";-20
"2023-03-02 14:00:00";-20
"2023-03-02 14:30:00";-20
"2023-03-02 15:00:00";-20
"2023-03-02 15:30:00";-20
"2023-03-02 16:00:00";-20
"2023-03-02 16:30:00";-20
"2023-03-02 17:00:00";-20
"2023-03-02 17:30:00";-19
"2023-03-02 18:00:00";-20
"2023-03-02 18:30:00";-19
"2023-03-02 19:00:00";-19
"2023-03-02 19:30:00";-19
"2023-03-02 20:00:00";-19
"2023-03-02 20:30:00";-19
"2023-03-02 21:00:00";-19
"2023-03-02 21:30:00";-19
"2023-03-02 22:00:00";-20
"2023-03-02 23:00:00";-20
"2023-03-02 23:30:00";-19
"2023-03-03 00:00:00";-19
"2023-03-03 00:30:00";-19
"2023-03-03 01:00:00";-19
"2023-03-03 01:30:00";-20
"2023-03-03 02:00:00";-19
"2023-03-03 02:30:00";-19
"2023-03-03 03:00:00";-20
"2023-03-03 03:30:00";-20
"2023-03-03 04:00:00";-20
"2023-03-03 04:30:00";-20
"2023-03-03 05:00:00";-19
"2023-03-03 05:30:00";-19
"2023-03-03 06:00:00";-19
"2023-03-03 06:30:00";-19
"2023-03-03 07:00:00";-20
"2023-03-03 07:30:00";-20
"2023-03-03 08:00:00";-19
"2023-03-03 08:30:00";-20
"2023-03-03 09:00:00";-19
"2023-03-03 09:30:00";-20
"2023-03-03 10:00:00";-20
"2023-03-03 10:30:00";-23
"2023-03-03 11:00:00";-24
"2023-03-03 11:30:00";-22
"2023-03-03 12:00:00";-21
"2023-03-03 12:30:00";-21
"2023-03-03 13:00:00";-21
"2023-03-03 13:30:00";-21
"2023-03-03 14:00:00";-21
"2023-03-03 14:30:00";-21
"2023-03-03 15:00:00";-20
"2023-03-03 15:30:00";-20
"2023-03-03 16:00:00";-21
"2023-03-03 16:30:00";-20
"2023-03-03 17:00:00";-21
"2023-03-03 17:30:00";-21
"2023-03-03 18:00:00";-21
"2023-03-03 18:30:00";-21
"2023-03-03 19:00:00";-21
"2023-03-03 19:30:00";-21
"2023-03-03 20:00:00";-20
"2023-03-03 20:30:00";-20
"2023-03-03 21:00:00";-19
"2023-03-03 21:30:00";-20
"2023-03-03 22:00:00";-19
"2023-03-03 22:30:00";-20
"2023-03-03 23:00:00";-19
"2023-03-03 23:30:00";-20
"2023-03-04 00:00:00";-20
"2023-03-04 00:30:00";-20
"2023-03-04 01:00:00";-19
"2023-03-04 01:30:00";-20
"2023-03-04 02:00:00";-19
"2023-03-04 02:30:00";-19
"2023-03-04 03:00:00";-19
"2023-03-04 03:30:00";-19
"2023-03-04 04:00:00";-19
"2023-03-04 04:30:00";-20
"2023-03-04 05:00:00";-20
"2023-03-04 05:30:00";-19
"2023-03-04 06:00:00";-19
"2023-03-04 06:30:00";-20
"2023-03-04 07:00:00";-20
"2023-03-04 07:30:00";-19
"2023-03-04 08:00:00";-19
"2023-03-04 08:30:00";-19
"2023-03-04 09:00:00";-20
"2023-03-04 09:30:00";-19
"2023-03-04 10:00:00";-19
"2023-03-04 10:30:00";-24
"2023-03-04 11:00:00";-23
"2023-03-04 11:30:00";-22
"2023-03-04 12:00:00";-21
"2023-03-04 12:30:00";-21
"2023-03-04 13:00:00";-23
"2023-03-04 13:30:00";-21
"2023-03-04 14:00:00";-21
"2023-03-04 14:30:00";-22
"2023-03-04 15:00:00";-20
"2023-03-04 15:30:00";-20
"2023-03-04 16:00:00";-20
"2023-03-04 16:30:00";-20
"2023-03-04 17:00:00";-20
"2023-03-04 17:30:00";-22
"2023-03-04 18:00:00";-22
"2023-03-04 18:30:00";-22
"2023-03-04 19:00:00";-20
"2023-03-04 19:30:00";-21
"2023-03-04 20:00:00";-21
"2023-03-04 20:30:00";-20
"2023-03-04 21:00:00";-20
"2023-03-04 21:30:00";-20
"2023-03-04 22:00:00";-20
"2023-03-04 22:30:00";-21
"2023-03-04 23:00:00";-19
"2023-03-04 23:30:00";-20
"2023-03-05 00:00:00";-19
"2023-03-05 00:30:00";-20
"2023-03-05 01:00:00";-20
"2023-03-05 01:30:00";-19
"2023-03-05 02:00:00";-20
"2023-03-05 02:30:00";-20
"2023-03-05 03:00:00";-19
"2023-03-05 03:30:00";-19
"2023-03-05 04:00:00";-19
"2023-03-05 04:30:00";-19
"2023-03-05 05:00:00";-20
"2023-03-05 05:30:00";-19
"2023-03-05 06:00:00";-19
"2023-03-05 06:30:00";-19
"2023-03-05 07:00:00";-19
"2023-03-05 07:30:00";-19
"2023-03-05 08:00:00";-20
"2023-03-05 08:30:00";-19
"2023-03-05 09:00:00";-20
"2023-03-05 09:30:00";-19
"2023-03-05 10:00:00";-21
"2023-03-05 10:30:00";-26
"2023-03-05 11:00:00";-22
"2023-03-05 11:30:00";-21
"2023-03-05 12:00:00";-20
"2023-03-05 12:30:00";-21
"2023-03-05 13:00:00";-21
"2023-03-05 13:30:00";-20
"2023-03-05 14:00:00";-21
"2023-03-05 14:30:00";-22
"2023-03-05 15:00:00";-20
"2023-03-05 15:30:00";-20
"2023-03-05 16:00:00";-20
"2023-03-05 16:30:00";-20
"2023-03-05 17:00:00";-20
"2023-03-05 17:30:00";-20
"2023-03-05 18:00:00";-20
"2023-03-05 18:30:00";-20
"2023-03-05 19:00:00";-21
"2023-03-05 19:30:00";-21
"2023-03-05 20:00:00";-21
"2023-03-05 20:30:00";-21
"2023-03-05 21:00:00";-20
"2023-03-05 21:30:00";-20
"2023-03-05 22:00:00";-20
"2023-03-05 22:30:00";-20
"2023-03-05 23:00:00";-20
"2023-03-05 23:30:00";-20
"2023-03-06 00:00:00";-20
"2023-03-06 00:30:00";-19
"2023-03-06 01:00:00";-20
"2023-03-06 01:30:00";-19
"2023-03-06 02:00:00";-19
"2023-03-06 02:30:00";-20
"2023-03-06 03:00:00";-20
"2023-03-06 03:30:00";-19
"2023-03-06 04:00:00";-20
"2023-03-06 04:30:00";-19
"2023-03-06 05:00:00";-20
"2023-03-06 05:30:00";-20
"2023-03-06 06:00:00";-20
"2023-03-06 06:30:00";-20
"2023-03-06 07:00:00";-20
"2023-03-06 07:30:00";-20
"2023-03-06 08:00:00";-20
"2023-03-06 08:30:00";-19
"2023-03-06 09:00:00";-19
"2023-03-06 09:30:00";-20
"2023-03-06 10:00:00";-19
"2023-03-06 10:30:00";-23
"2023-03-06 11:00:00";-21
"2023-03-06 11:30:00";-20
"2023-03-06 12:00:00";-19
"2023-03-06 12:30:00";-20
"2023-03-06 13:00:00";-21
"2023-03-06 13:30:00";-21
"2023-03-06 14:00:00";-20
"2023-03-06 14:30:00";-21
"2023-03-06 15:00:00";-19
"2023-03-06 15:30:00";-20
"2023-03-06 16:00:00";-20
"2023-03-06 16:30:00";-20
"2023-03-06 17:00:00";-20
"2023-03-06 17:30:00";-20
"2023-03-06 18:00:00";-20
"2023-03-06 18:30:00";-20
"2023-03-06 19:00:00";-20
"2023-03-06 19:30:00";-20
"2023-03-06 20:00:00";-20
"2023-03-06 20:30:00";-20
"2023-03-06 21:00:00";-20
"2023-03-06 21:30:00";-20
"2023-03-06 22:00:00";-20
"2023-03-06 22:30:00";-20
"2023-03-06 23:00:00";-20
"2023-03-06 23:30:00";-19
"2023-03-07 00:00:00";-20
"2023-03-07 00:30:00";-20
"2023-03-07 01:00:00";-21
"2023-03-07 01:30:00";-20
"2023-03-07 02:00:00";-20
"2023-03-07 02:30:00";-20
"2023-03-07 03:00:00";-20
"2023-03-07 03:30:00";-20
"2023-03-07 04:00:00";-20
"2023-03-07 04:30:00";-20
"2023-03-07 05:00:00";-20
"2023-03-07 05:30:00";-20
"2023-03-07 06:00:00";-20
"2023-03-07 06:30:00";-20
"2023-03-07 07:00:00";-21
"2023-03-07 07:30:00";-20
"2023-03-07 08:00:00";-20
"2023-03-07 08:30:00";-19
"2023-03-07 09:00:00";-20
"2023-03-07 09:30:00";-20
"2023-03-07 10:00:00";-21
"2023-03-07 10:30:00";-23
"2023-03-07 11:00:00";-21
"2023-03-07 11:30:00";-21
"2023-03-07 12:00:00";-21
"2023-03-07 12:30:00";-21
"2023-03-07 13:00:00";-20
"2023-03-07 13:30:00";-20
"2023-03-07 14:00:00";-21
"2023-03-07 14:30:00";-21
"2023-03-07 15:00:00";-20
"2023-03-07 15:30:00";-20
"2023-03-07 16:00:00";-20
"2023-03-07 16:30:00";-21
"2023-03-07 17:00:00";-20
"2023-03-07 17:30:00";-20
"2023-03-07 18:00:00";-20
"2023-03-07 18:30:00";-20
"2023-03-07 19:00:00";-20
"2023-03-07 19:30:00";-20
"2023-03-07 20:00:00";-21
"2023-03-07 20:30:00";-20
"2023-03-07 21:00:00";-20
"2023-03-07 21:30:00";-21
"2023-03-07 22:00:00";-20
"2023-03-07 22:30:00";-21
"2023-03-07 23:00:00";-20
"2023-03-07 23:30:00";-22
"2023-03-08 00:00:00";-20
"2023-03-08 00:30:00";-20
"2023-03-08 01:00:00";-20
"2023-03-08 01:30:00";-21
"2023-03-08 02:00:00";-20
"2023-03-08 02:30:00";-21
"2023-03-08 03:00:00";-21
"2023-03-08 03:30:00";-19
"2023-03-08 04:00:00";-21
"2023-03-08 04:30:00";-20
"2023-03-08 05:00:00";-21
"2023-03-08 05:30:00";-20
"2023-03-08 06:00:00";-21
"2023-03-08 06:30:00";-20
"2023-03-08 07:00:00";-20
"2023-03-08 07:30:00";-20
"2023-03-08 08:00:00";-20
"2023-03-08 08:30:00";-19
"2023-03-08 09:00:00";-20
"2023-03-08 09:30:00";-20
"2023-03-08 10:00:00";-22
"2023-03-08 10:30:00";-22
"2023-03-08 11:00:00";-20
"2023-03-08 11:30:00";-21
"2023-03-08 12:00:00";-21
"2023-03-08 12:30:00";-20
"2023-03-08 13:00:00";-22
"2023-03-08 13:30:00";-21
"2023-03-08 14:00:00";-20
"2023-03-08 14:30:00";-21
"2023-03-08 15:00:00";-21
"2023-03-08 15:30:00";-20
"2023-03-08 16:00:00";-21
"2023-03-08 16:30:00";-21
"2023-03-08 17:00:00";-20
"2023-03-08 17:30:00";-21
"2023-03-08 18:00:00";-20
"2023-03-08 18:30:00";-20
"2023-03-08 19:00:00";-21
"2023-03-08 19:30:00";-20
"2023-03-08 20:00:00";-20
"2023-03-08 20:30:00";-20
"2023-03-08 21:00:00";-20
"2023-03-08 21:30:00";-20
"2023-03-08 22:00:00";-20
"2023-03-08 22:30:00";-20
"2023-03-08 23:00:00";-20
"2023-03-08 23:30:00";-20
"2023-03-09 00:00:00";-19
"2023-03-09 00:30:00";-19
"2023-03-09 01:00:00";-19
"2023-03-09 01:30:00";-19
"2023-03-09 02:00:00";-18
"2023-03-09 02:30:00";-18
"2023-03-09 03:00:00";-17
"2023-03-09 03:30:00";-17
"2023-03-09 04:00:00";-17
"2023-03-09 04:30:00";-17
"2023-03-09 05:00:00";-17
"2023-03-09 05:30:00";-18
"2023-03-09 06:00:00";-18
"2023-03-09 06:30:00";-17
"2023-03-09 07:00:00";-17
"2023-03-09 07:30:00";-18
"2023-03-09 08:00:00";-18
"2023-03-09 08:30:00";-17
"2023-03-09 09:00:00";-17
"2023-03-09 09:30:00";-18
"2023-03-09 10:00:00";-19
"2023-03-09 10:30:00";-20
"2023-03-09 11:00:00";-19
"2023-03-09 11:30:00";-20
"2023-03-09 12:00:00";-19
"2023-03-09 12:30:00";-21
"2023-03-09 13:00:00";-20
"2023-03-09 13:30:00";-21
"2023-03-09 14:00:00";-20
"2023-03-09 14:30:00";-20
"2023-03-09 15:00:00";-18
"2023-03-09 15:30:00";-20
"2023-03-09 16:00:00";-20
"2023-03-09 16:30:00";-19
"2023-03-09 17:00:00";-19
"2023-03-09 17:30:00";-19
"2023-03-09 18:00:00";-20
"2023-03-09 18:30:00";-19
"2023-03-09 19:00:00";-19
"2023-03-09 19:30:00";-19
"2023-03-09 20:00:00";-18
"2023-03-09 20:30:00";-18
"2023-03-09 21:00:00";-17
"2023-03-09 21:30:00";-17
"2023-03-09 22:00:00";-17
"2023-03-09 22:30:00";-17
"2023-03-09 23:00:00";-18
"2023-03-09 23:30:00";-18
"2023-03-10 00:00:00";-18
"2023-03-10 00:30:00";-17
"2023-03-10 01:00:00";-18
"2023-03-10 01:30:00";-18
"2023-03-10 02:00:00";-18
"2023-03-10 02:30:00";-18
"2023-03-10 03:00:00";-17
"2023-03-10 03:30:00";-17
"2023-03-10 04:00:00";-17
"2023-03-10 04:30:00";-17
"2023-03-10 05:00:00";-17
"2023-03-10 05:30:00";-18
"2023-03-10 06:00:00";-18
"2023-03-10 06:30:00";-19
"2023-03-10 07:00:00";-18
"2023-03-10 07:30:00";-17
"2023-03-10 08:00:00";-17
"2023-03-10 08:30:00";-17
"2023-03-10 09:00:00";-18
"2023-03-10 09:30:00";-17
"2023-03-10 10:00:00";-17
"2023-03-10 10:30:00";-17
"2023-03-10 11:00:00";-18
"2023-03-10 11:30:00";-19
"2023-03-10 12:00:00";-19
"2023-03-10 12:30:00";-19
"2023-03-10 13:00:00";-19
"2023-03-10 13:30:00";-20
"2023-03-10 14:00:00";-20
"2023-03-10 14:30:00";-19
"2023-03-10 15:00:00";-19
"2023-03-10 15:30:00";-20
"2023-03-10 16:00:00";-18
"2023-03-10 16:30:00";-19
"2023-03-10 17:00:00";-19
"2023-03-10 17:30:00";-19
"2023-03-10 18:00:00";-19
"2023-03-10 18:30:00";-19
"2023-03-10 19:00:00";-19
"2023-03-10 19:30:00";-19
"2023-03-10 20:00:00";-18
"2023-03-10 20:30:00";-19
"2023-03-10 21:00:00";-18
"2023-03-10 21:30:00";-19
"2023-03-10 22:00:00";-19
"2023-03-10 22:30:00";-18
"2023-03-10 23:00:00";-20
"2023-03-10 23:30:00";-20
"2023-03-11 00:00:00";-19
"2023-03-11 00:30:00";-19
"2023-03-11 01:00:00";-20
"2023-03-11 01:30:00";-17
"2023-03-11 02:00:00";-19
"2023-03-11 02:30:00";-19
"2023-03-11 03:00:00";-21
"2023-03-11 03:30:00";-19
"2023-03-11 04:00:00";-21
"2023-03-11 04:30:00";-20
"2023-03-11 05:00:00";-18
"2023-03-11 05:30:00";-19
"2023-03-11 06:00:00";-18
"2023-03-11 06:30:00";-18
"2023-03-11 07:00:00";-18
"2023-03-11 07:30:00";-18
"2023-03-11 08:00:00";-18
"2023-03-11 08:30:00";-18
"2023-03-11 09:00:00";-19
"2023-03-11 09:30:00";-18
"2023-03-11 10:00:00";-18
"2023-03-11 10:30:00";-18
"2023-03-11 11:00:00";-18
"2023-03-11 11:30:00";-18
"2023-03-11 12:00:00";-17
"2023-03-11 12:30:00";-17
"2023-03-11 13:00:00";-17
"2023-03-11 13:30:00";-18
"2023-03-11 14:00:00";-17
"2023-03-11 14:30:00";-17
"2023-03-11 15:00:00";-17
"2023-03-11 15:30:00";-17
"2023-03-11 16:00:00";-17
"2023-03-11 16:30:00";-16
"2023-03-11 17:00:00";-17
"2023-03-11 17:30:00";-17
"2023-03-11 18:00:00";-17
"2023-03-11 18:30:00";-16
"2023-03-11 19:00:00";-16
"2023-03-11 19:30:00";-17
"2023-03-11 20:00:00";-17
"2023-03-11 20:30:00";-16
"2023-03-11 21:00:00";-16
"2023-03-11 21:30:00";-17
"2023-03-11 22:00:00";-16
"2023-03-11 22:30:00";-17
"2023-03-11 23:00:00";-15
"2023-03-11 23:30:00";-16
"2023-03-12 00:00:00";-16
"2023-03-12 00:30:00";-17
"2023-03-12 01:00:00";-17
"2023-03-12 01:30:00";-16
"2023-03-12 02:00:00";-17
"2023-03-12 02:30:00";-16
"2023-03-12 03:00:00";-17
"2023-03-12 03:30:00";-17
"2023-03-12 04:00:00";-17
"2023-03-12 04:30:00";-18
"2023-03-12 05:00:00";-16
"2023-03-12 05:30:00";-16
"2023-03-12 06:00:00";-16
"2023-03-12 06:30:00";-18
"2023-03-12 07:00:00";-16
"2023-03-12 07:30:00";-17
"2023-03-12 08:00:00";-16
"2023-03-12 08:30:00";-17
"2023-03-12 09:00:00";-15
"2023-03-12 09:30:00";-16
"2023-03-12 10:00:00";-17
"2023-03-12 10:30:00";-17
"2023-03-12 11:00:00";-19
"2023-03-12 11:30:00";-18
"2023-03-12 12:00:00";-17
"2023-03-12 12:30:00";-18
"2023-03-12 13:00:00";-18
"2023-03-12 13:30:00";-19
"2023-03-12 14:00:00";-18
"2023-03-12 14:30:00";-18
"2023-03-12 15:00:00";-18
"2023-03-12 15:30:00";-17
"2023-03-12 16:00:00";-17
"2023-03-12 16:30:00";-17
"2023-03-12 17:00:00";-17
"2023-03-12 17:30:00";-18
"2023-03-12 18:00:00";-19
"2023-03-12 18:30:00";-18
"2023-03-12 19:00:00";-18
"2023-03-12 19:30:00";-18
"2023-03-12 20:00:00";-17
"2023-03-12 20:30:00";-17
"2023-03-12 21:00:00";-17
"2023-03-12 21:30:00";-17
"2023-03-12 22:00:00";-17
"2023-03-12 22:30:00";-16
"2023-03-12 23:00:00";-15
"2023-03-12 23:30:00";-17
"2023-03-13 00:00:00";-16
"2023-03-13 00:30:00";-17
"2023-03-13 01:00:00";-17
"2023-03-13 01:30:00";-16
"2023-03-13 02:00:00";-17
"2023-03-13 02:30:00";-16
"2023-03-13 03:00:00";-16
"2023-03-13 03:30:00";-16
"2023-03-13 04:00:00";-17
"2023-03-13 04:30:00";-16
"2023-03-13 05:00:00";-16
"2023-03-13 05:30:00";-16
"2023-03-13 06:00:00";-16
"2023-03-13 06:30:00";-16
"2023-03-13 07:00:00";-16
"2023-03-13 07:30:00";-16
"2023-03-13 08:00:00";-15
"2023-03-13 08:30:00";-16
"2023-03-13 09:00:00";-16
"2023-03-13 09:30:00";-17
"2023-03-13 10:00:00";-16
"2023-03-13 10:30:00";-17
"2023-03-13 11:00:00";-17
"2023-03-13 11:30:00";-17
"2023-03-13 12:00:00";-16
"2023-03-13 12:30:00";-16
"2023-03-13 13:00:00";-17
"2023-03-13 13:30:00";-17
"2023-03-13 14:00:00";-18
"2023-03-13 14:30:00";-17
"2023-03-13 15:00:00";-16
"2023-03-13 15:30:00";-16
"2023-03-13 16:00:00";-16
"2023-03-13 16:30:00";-17
"2023-03-13 17:00:00";-16
"2023-03-13 17:30:00";-16
"2023-03-13 18:00:00";-16
"2023-03-13 18:30:00";-17
"2023-03-13 19:00:00";-16
"2023-03-13 19:30:00";-17
"2023-03-13 20:00:00";-16
"2023-03-13 20:30:00";-16
"2023-03-13 21:00:00";-16
"2023-03-13 21:30:00";-16
"2023-03-13 22:00:00";-16
"2023-03-13 22:30:00";-16
"2023-03-13 23:00:00";-16
"2023-03-13 23:30:00";-16
"2023-03-14 00:00:00";-15
"2023-03-14 00:30:00";-15
"2023-03-14 01:00:00";-15
"2023-03-14 01:30:00";-15
"2023-03-14 02:00:00";-14
"2023-03-14 02:30:00";-14
"2023-03-14 03:00:00";-13
"2023-03-14 03:30:00";-13
"2023-03-14 04:00:00";-10
"2023-03-14 04:30:00";-10
"2023-03-14 05:00:00";-9
"2023-03-14 05:30:00";-9
"2023-03-14 06:00:00";-9
"2023-03-14 06:30:00";-9
"2023-03-14 07:00:00";-10
"2023-03-14 07:30:00";-10
"2023-03-14 08:00:00";-9
"2023-03-14 08:30:00";-11
"2023-03-14 09:00:00";-10
"2023-03-14 09:30:00";-11
"2023-03-14 10:00:00";-11
"2023-03-14 10:30:00";-13
"2023-03-14 11:00:00";-14
"2023-03-14 11:30:00";-13
"2023-03-14 12:00:00";-13
"2023-03-14 12:30:00";-13
"2023-03-14 13:00:00";-13
"2023-03-14 13:30:00";-12
"2023-03-14 14:00:00";-12
"2023-03-14 14:30:00";-12
"2023-03-14 15:00:00";-12
"2023-03-14 15:30:00";-12
"2023-03-14 16:00:00";-12
"2023-03-14 16:30:00";-11
"2023-03-14 17:00:00";-11
"2023-03-14 17:30:00";-11
"2023-03-14 18:00:00";-11
"2023-03-14 18:30:00";-11
"2023-03-14 19:00:00";-11
"2023-03-14 19:30:00";-10
"2023-03-14 20:00:00";-11
"2023-03-14 20:30:00";-12
"2023-03-14 21:00:00";-11
"2023-03-14 21:30:00";-12
"2023-03-14 22:00:00";-12
"2023-03-14 22:30:00";-10
"2023-03-14 23:00:00";-11
"2023-03-14 23:30:00";-11
"2023-03-15 00:00:00";-12
"2023-03-15 00:30:00";-11
"2023-03-15 01:00:00";-11
"2023-03-15 01:30:00";-11
"2023-03-15 02:00:00";-11
"2023-03-15 02:30:00";-11
"2023-03-15 03:00:00";-13
"2023-03-15 03:30:00";-11
"2023-03-15 04:00:00";-11
"2023-03-15 04:30:00";-11
"2023-03-15 05:00:00";-13
"2023-03-15 05:30:00";-13
"2023-03-15 06:00:00";-13
"2023-03-15 06:30:00";-13
"2023-03-15 07:00:00";-12
"2023-03-15 07:30:00";-13
"2023-03-15 08:00:00";-13
"2023-03-15 08:30:00";-12
"2023-03-15 09:00:00";-12
"2023-03-15 09:30:00";-13
"2023-03-15 10:00:00";-17
"2023-03-15 10:30:00";-15
"2023-03-15 11:00:00";-16
"2023-03-15 11:30:00";-17
"2023-03-15 12:00:00";-15
"2023-03-15 12:30:00";-15
"2023-03-15 13:00:00";-15
"2023-03-15 13:30:00";-14
"2023-03-15 14:00:00";-15
"2023-03-15 14:30:00";-15
"2023-03-15 15:00:00";-14
"2023-03-15 15:30:00";-14
"2023-03-15 16:00:00";-14
"2023-03-15 16:30:00";-14
"2023-03-15 17:00:00";-14
"2023-03-15 17:30:00";-14
"2023-03-15 18:00:00";-14
"2023-03-15 18:30:00";-14
"2023-03-15 19:00:00";-14
"2023-03-15 19:30:00";-14
"2023-03-15 20:00:00";-14
"2023-03-15 20:30:00";-13
"2023-03-15 21:00:00";-13
"2023-03-15 21:30:00";-14
"2023-03-15 22:00:00";-14
"2023-03-15 22:30:00";-14
"2023-03-15 23:00:00";-14
"2023-03-15 23:30:00";-15
"2023-03-16 00:00:00";-14
"2023-03-16 00:30:00";-14
"2023-03-16 01:00:00";-15
"2023-03-16 01:30:00";-14
"2023-03-16 02:00:00";-14
"2023-03-16 02:30:00";-14
"2023-03-16 03:00:00";-13
"2023-03-16 03:30:00";-14
"2023-03-16 04:00:00";-14
"2023-03-16 04:30:00";-13
"2023-03-16 05:00:00";-14
"2023-03-16 05:30:00";-14
"2023-03-16 06:00:00";-14
"2023-03-16 06:30:00";-14
"2023-03-16 07:00:00";-13
"2023-03-16 07:30:00";-14
"2023-03-16 08:00:00";-14
"2023-03-16 08:30:00";-14
"2023-03-16 09:00:00";-14
"2023-03-16 09:30:00";-13
"2023-03-16 10:00:00";-16
"2023-03-16 10:30:00";-15
"2023-03-16 11:00:00";-15
"2023-03-16 11:30:00";-16
"2023-03-16 12:00:00";-16
"2023-03-16 12:30:00";-16
"2023-03-16 13:00:00";-16
"2023-03-16 13:30:00";-16
"2023-03-16 14:00:00";-15
"2023-03-16 14:30:00";-16
"2023-03-16 15:00:00";-16
"2023-03-16 15:30:00";-15
"2023-03-16 16:00:00";-15
"2023-03-16 16:30:00";-14
"2023-03-16 17:00:00";-15
"2023-03-16 17:30:00";-14
"2023-03-16 18:00:00";-15
"2023-03-16 18:30:00";-15
"2023-03-16 19:00:00";-15
"2023-03-16 19:30:00";-15
"2023-03-16 20:00:00";-15
"2023-03-16 20:30:00";-15
"2023-03-16 21:00:00";-14
"2023-03-16 21:30:00";-15
"2023-03-16 22:00:00";-15
"2023-03-16 22:30:00";-14
"2023-03-16 23:00:00";-14
"2023-03-16 23:30:00";-14
"2023-03-17 00:00:00";-15
"2023-03-17 00:30:00";-14
"2023-03-17 01:00:00";-14
"2023-03-17 01:30:00";-14
"2023-03-17 02:00:00";-15
"2023-03-17 02:30:00";-15
"2023-03-17 03:00:00";-14
"2023-03-17 03:30:00";-15
"2023-03-17 04:00:00";-15
"2023-03-17 04:30:00";-14
"2023-03-17 05:00:00";-14
"2023-03-17 05:30:00";-14
"2023-03-17 06:00:00";-15
"2023-03-17 06:30:00";-14
"2023-03-17 07:00:00";-15
"2023-03-17 07:30:00";-14
"2023-03-17 08:00:00";-14
"2023-03-17 08:30:00";-15
"2023-03-17 09:00:00";-14
"2023-03-17 09:30:00";-14
"2023-03-17 10:00:00";-16
"2023-03-17 10:30:00";-16
"2023-03-17 11:00:00";-15
"2023-03-17 11:30:00";-15
"2023-03-17 12:00:00";-15
"2023-03-17 12:30:00";-16
"2023-03-17 13:00:00";-15
"2023-03-17 13:30:00";-15
"2023-03-17 14:00:00";-15
"2023-03-17 14:30:00";-16
"2023-03-17 15:00:00";-15
"2023-03-17 15:30:00";-15
"2023-03-17 16:00:00";-15
"2023-03-17 16:30:00";-15
"2023-03-17 17:00:00";-15
"2023-03-17 17:30:00";-15
"2023-03-17 18:00:00";-14
"2023-03-17 18:30:00";-15
"2023-03-17 19:00:00";-16
"2023-03-17 19:30:00";-16
"2023-03-17 20:00:00";-15
"2023-03-17 20:30:00";-15
"2023-03-17 21:00:00";-15
"2023-03-17 21:30:00";-15
"2023-03-17 22:00:00";-15
"2023-03-17 22:30:00";-15
"2023-03-17 23:00:00";-15
"2023-03-17 23:30:00";-15
"2023-03-18 00:00:00";-15
"2023-03-18 00:30:00";-15
"2023-03-18 01:00:00";-15
"2023-03-18 01:30:00";-15
"2023-03-18 02:00:00";-15
"2023-03-18 02:30:00";-15
"2023-03-18 03:00:00";-15
"2023-03-18 03:30:00";-15
"2023-03-18 04:00:00";-15
"2023-03-18 04:30:00";-15
"2023-03-18 05:00:00";-15
"2023-03-18 05:30:00";-15
"2023-03-18 06:00:00";-15
"2023-03-18 06:30:00";-15
"2023-03-18 07:00:00";-14
"2023-03-18 07:30:00";-15
"2023-03-18 08:00:00";-14
"2023-03-18 08:30:00";-15
"2023-03-18 09:00:00";-14
"2023-03-18 09:30:00";-14
"2023-03-18 10:00:00";-16
"2023-03-18 10:30:00";-16
"2023-03-18 11:00:00";-16
"2023-03-18 11:30:00";-16
"2023-03-18 12:00:00";-16
"2023-03-18 12:30:00";-15
"2023-03-18 13:00:00";-15
"2023-03-18 13:30:00";-16
"2023-03-18 14:00:00";-16
"2023-03-18 14:30:00";-15
"2023-03-18 15:00:00";-16
"2023-03-18 15:30:00";-15
"2023-03-18 16:00:00";-16
"2023-03-18 16:30:00";-15
"2023-03-18 17:00:00";-16
"2023-03-18 17:30:00";-15
"2023-03-18 18:00:00";-15
"2023-03-18 18:30:00";-16
"2023-03-18 19:00:00";-16
"2023-03-18 19:30:00";-15
"2023-03-18 20:00:00";-16
"2023-03-18 20:30:00";-15
"2023-03-18 21:00:00";-15
"2023-03-18 21:30:00";-16
"2023-03-18 22:00:00";-15
"2023-03-18 23:00:00";-15
"2023-03-19 00:00:00";-15
"2023-03-19 00:30:00";-15
"2023-03-19 01:00:00";-15
"2023-03-19 01:30:00";-15
"2023-03-19 02:00:00";-15
"2023-03-19 02:30:00";-15
"2023-03-19 03:00:00";-15
"2023-03-19 03:30:00";-15
"2023-03-19 04:00:00";-15
"2023-03-19 04:30:00";-15
"2023-03-19 05:00:00";-14
"2023-03-19 05:30:00";-15
"2023-03-19 06:00:00";-15
"2023-03-19 06:30:00";-15
"2023-03-19 07:00:00";-15
"2023-03-19 07:30:00";-14
"2023-03-19 08:00:00";-15
"2023-03-19 08:30:00";-14
"2023-03-19 09:00:00";-15
"2023-03-19 09:30:00";-15
"2023-03-19 10:00:00";-15
"2023-03-19 10:30:00";-15
"2023-03-19 11:00:00";-15
"2023-03-19 11:30:00";-15
"2023-03-19 12:00:00";-15
"2023-03-19 12:30:00";-15
"2023-03-19 13:00:00";-15
"2023-03-19 13:30:00";-15
"2023-03-19 14:00:00";-15
"2023-03-19 14:30:00";-15
"2023-03-19 15:00:00";-15
"2023-03-19 15:30:00";-15
"2023-03-19 16:00:00";-15
"2023-03-19 16:30:00";-15
"2023-03-19 17:00:00";-15
"2023-03-19 17:30:00";-15
"2023-03-19 18:00:00";-15
"2023-03-19 18:30:00";-15
"2023-03-19 19:00:00";-15
"2023-03-19 19:30:00";-15
"2023-03-19 20:00:00";-15
"2023-03-19 20:30:00";-15
"2023-03-19 21:00:00";-15
"2023-03-19 21:30:00";-15
"2023-03-19 22:00:00";-15
"2023-03-19 22:30:00";-15
"2023-03-19 23:00:00";-15
"2023-03-19 23:30:00";-15
"2023-03-20 00:00:00";-15
"2023-03-20 00:30:00";-16
"2023-03-20 01:00:00";-16
"2023-03-20 01:30:00";-16
"2023-03-20 02:00:00";-15
"2023-03-20 02:30:00";-15
"2023-03-20 03:00:00";-15
"2023-03-20 03:30:00";-16
"2023-03-20 04:00:00";-16
"2023-03-20 04:30:00";-15
"2023-03-20 05:00:00";-15
"2023-03-20 05:30:00";-15
"2023-03-20 06:00:00";-14
"2023-03-20 06:30:00";-15
"2023-03-20 07:00:00";-15
"2023-03-20 07:30:00";-15
"2023-03-20 08:00:00";-15
"2023-03-20 08:30:00";-15
"2023-03-20 09:00:00";-14
"2023-03-20 09:30:00";-14
"2023-03-20 10:00:00";-17
"2023-03-20 10:30:00";-17
"2023-03-20 11:00:00";-17
"2023-03-20 11:30:00";-16
"2023-03-20 12:00:00";-16
"2023-03-20 12:30:00";-17
"2023-03-20 13:00:00";-16
"2023-03-20 13:30:00";-17
"2023-03-20 14:00:00";-16
"2023-03-20 14:30:00";-16
"2023-03-20 15:00:00";-16
"2023-03-20 15:30:00";-16
"2023-03-20 16:00:00";-16
"2023-03-20 16:30:00";-16
"2023-03-20 17:00:00";-16
"2023-03-20 17:30:00";-16
"2023-03-20 18:00:00";-16
"2023-03-20 18:30:00";-16
"2023-03-20 19:00:00";-16
"2023-03-20 19:30:00";-16
"2023-03-20 20:00:00";-16
"2023-03-20 20:30:00";-16
"2023-03-20 21:00:00";-16
"2023-03-20 21:30:00";-16
"2023-03-20 22:00:00";-15
"2023-03-20 22:30:00";-16
"2023-03-20 23:00:00";-15
"2023-03-20 23:30:00";-15
"2023-03-21 00:00:00";-15
"2023-03-21 00:30:00";-15
"2023-03-21 01:00:00";-15
"2023-03-21 01:30:00";-15
"2023-03-21 02:00:00";-15
"2023-03-21 02:30:00";-14
"2023-03-21 03:30:00";-14
"2023-03-21 04:00:00";-14
"2023-03-21 04:30:00";-14
"2023-03-21 05:00:00";-15
"2023-03-21 05:30:00";-15
"2023-03-21 06:00:00";-15
"2023-03-21 06:30:00";-14
"2023-03-21 07:00:00";-14
"2023-03-21 07:30:00";-14
"2023-03-21 08:00:00";-14
"2023-03-21 08:30:00";-14
"2023-03-21 09:00:00";-14
"2023-03-21 09:30:00";-15
"2023-03-21 10:00:00";-16
"2023-03-21 10:30:00";-18
"2023-03-21 11:00:00";-16
"2023-03-21 11:30:00";-16
"2023-03-21 12:00:00";-16
"2023-03-21 12:30:00";-16
"2023-03-21 13:00:00";-15
"2023-03-21 13:30:00";-15
"2023-03-21 14:00:00";-16
"2023-03-21 14:30:00";-15
"2023-03-21 15:00:00";-15
"2023-03-21 15:30:00";-15
"2023-03-21 16:00:00";-15
"2023-03-21 16:30:00";-15
"2023-03-21 17:00:00";-15
"2023-03-21 17:30:00";-15
"2023-03-21 18:00:00";-15
"2023-03-21 18:30:00";-15
"2023-03-21 19:00:00";-15
"2023-03-21 19:30:00";-16
"2023-03-21 20:00:00";-16
"2023-03-21 20:30:00";-15
"2023-03-21 21:00:00";-15
"2023-03-21 21:30:00";-15
"2023-03-21 22:00:00";-14
"2023-03-21 22:30:00";-15
"2023-03-21 23:00:00";-15
"2023-03-21 23:30:00";-14
"2023-03-22 00:00:00";-14
"2023-03-22 00:30:00";-14
"2023-03-22 01:00:00";-13
"2023-03-22 01:30:00";-13
"2023-03-22 02:00:00";-13
"2023-03-22 02:30:00";-13
"2023-03-22 03:00:00";-13
"2023-03-22 03:30:00";-13
"2023-03-22 04:00:00";-14
"2023-03-22 04:30:00";-13
"2023-03-22 05:00:00";-13
"2023-03-22 05:30:00";-13
"2023-03-22 06:00:00";-13
"2023-03-22 06:30:00";-14
"2023-03-22 07:00:00";-13
"2023-03-22 07:30:00";-13
"2023-03-22 08:00:00";-13
"2023-03-22 08:30:00";-13
"2023-03-22 09:00:00";-13
"2023-03-22 09:30:00";-13
"2023-03-22 10:00:00";-16
"2023-03-22 10:30:00";-17
"2023-03-22 11:00:00";-13
"2023-03-22 11:30:00";-14
"2023-03-22 12:00:00";-14
"2023-03-22 12:30:00";-14
"2023-03-22 13:00:00";-14
"2023-03-22 13:30:00";-14
"2023-03-22 14:00:00";-15
"2023-03-22 14:30:00";-14
"2023-03-22 15:00:00";-13
"2023-03-22 15:30:00";-13
"2023-03-22 16:00:00";-14
"2023-03-22 16:30:00";-13
"2023-03-22 17:00:00";-14
"2023-03-22 17:30:00";-14
"2023-03-22 18:00:00";-13
"2023-03-22 18:30:00";-14
"2023-03-22 19:00:00";-14
"2023-03-22 19:30:00";-14
"2023-03-22 20:00:00";-13
"2023-03-22 20:30:00";-14
"2023-03-22 21:00:00";-14
"2023-03-22 21:30:00";-13
"2023-03-22 22:00:00";-13
"2023-03-22 22:30:00";-12
"2023-03-22 23:00:00";-12
"2023-03-22 23:30:00";-12
"2023-03-23 00:00:00";-12
"2023-03-23 00:30:00";-12
"2023-03-23 01:00:00";-11
"2023-03-23 01:30:00";-11
"2023-03-23 02:00:00";-11
"2023-03-23 02:30:00";-11
"2023-03-23 03:00:00";-11
"2023-03-23 03:30:00";-12
"2023-03-23 04:00:00";-11
"2023-03-23 04:30:00";-11
"2023-03-23 05:00:00";-12
"2023-03-23 05:30:00";-11
"2023-03-23 06:00:00";-11
"2023-03-23 06:30:00";-11
"2023-03-23 07:00:00";-11
"2023-03-23 07:30:00";-10
"2023-03-23 08:00:00";-11
"2023-03-23 08:30:00";-10
"2023-03-23 09:00:00";-11
"2023-03-23 09:30:00";-11
"2023-03-23 10:00:00";-13
"2023-03-23 10:30:00";-12
"2023-03-23 11:00:00";-11
"2023-03-23 11:30:00";-12
"2023-03-23 12:00:00";-13
"2023-03-23 12:30:00";-12
"2023-03-23 13:00:00";-12
"2023-03-23 13:30:00";-12
"2023-03-23 14:00:00";-12
"2023-03-23 14:30:00";-11
"2023-03-23 15:00:00";-11
"2023-03-23 15:30:00";-11
"2023-03-23 16:00:00";-11
"2023-03-23 16:30:00";-12
"2023-03-23 17:00:00";-12
"2023-03-23 17:30:00";-11
"2023-03-23 18:00:00";-11
"2023-03-23 18:30:00";-13
"2023-03-23 19:00:00";-12
"2023-03-23 19:30:00";-12
"2023-03-23 20:00:00";-12
"2023-03-23 20:30:00";-12
"2023-03-23 21:00:00";-11
"2023-03-23 21:30:00";-11
"2023-03-23 22:00:00";-11
"2023-03-23 22:30:00";-11
"2023-03-23 23:00:00";-10
"2023-03-23 23:30:00";-10
"2023-03-24 00:00:00";-10
"2023-03-24 00:30:00";-9
"2023-03-24 01:00:00";-9
"2023-03-24 01:30:00";-10
"2023-03-24 02:00:00";-10
"2023-03-24 02:30:00";-10
"2023-03-24 03:00:00";-9
"2023-03-24 03:30:00";-10
"2023-03-24 04:00:00";-9
"2023-03-24 04:30:00";-9
"2023-03-24 05:00:00";-10
"2023-03-24 05:30:00";-10
"2023-03-24 06:00:00";-9
"2023-03-24 06:30:00";-9
"2023-03-24 07:00:00";-9
"2023-03-24 07:30:00";-10
"2023-03-24 08:00:00";-9
"2023-03-24 08:30:00";-9
"2023-03-24 09:00:00";-9
"2023-03-24 09:30:00";-9
"2023-03-24 10:00:00";-9
"2023-03-24 10:30:00";-9
"2023-03-24 11:00:00";-10
"2023-03-24 11:30:00";-9
"2023-03-24 12:00:00";-9
"2023-03-24 12:30:00";-10
"2023-03-24 13:00:00";-9
"2023-03-24 13:30:00";-9
"2023-03-24 14:00:00";-9
"2023-03-24 14:30:00";-10
"2023-03-24 15:00:00";-9
"2023-03-24 15:30:00";-9
"2023-03-24 16:00:00";-9
"2023-03-24 16:30:00";-9
"2023-03-24 17:00:00";-9
"2023-03-24 17:30:00";-8
"2023-03-24 18:00:00";-9
"2023-03-24 18:30:00";-8
"2023-03-24 19:00:00";-8
"2023-03-24 19:30:00";-8
"2023-03-24 20:00:00";-8
"2023-03-24 20:30:00";-8
"2023-03-24 21:00:00";-8
"2023-03-24 21:30:00";-7
"2023-03-24 22:00:00";-7
"2023-03-24 22:30:00";-6
"2023-03-24 23:00:00";-7
"2023-03-24 23:30:00";-6
"2023-03-25 00:00:00";-6
"2023-03-25 00:30:00";-5
"2023-03-25 01:00:00";-5
"2023-03-25 01:30:00";-5
"2023-03-25 02:00:00";-5
"2023-03-25 02:30:00";-6
"2023-03-25 03:00:00";-6
"2023-03-25 03:30:00";-5
"2023-03-25 04:00:00";-6
"2023-03-25 04:30:00";-6
"2023-03-25 05:00:00";-6
"2023-03-25 05:30:00";-6
"2023-03-25 06:00:00";-6
"2023-03-25 06:30:00";-7
"2023-03-25 07:00:00";-6
"2023-03-25 07:30:00";-6
"2023-03-25 08:00:00";-7
"2023-03-25 08:30:00";-6
"2023-03-25 09:00:00";-6
"2023-03-25 09:30:00";-6
"2023-03-25 10:00:00";-8
"2023-03-25 10:30:00";-8
"2023-03-25 11:00:00";-8
"2023-03-25 11:30:00";-8
"2023-03-25 12:00:00";-8
"2023-03-25 12:30:00";-10
"2023-03-25 13:00:00";-9
"2023-03-25 13:30:00";-10
"2023-03-25 14:00:00";-11
"2023-03-25 14:30:00";-10
"2023-03-25 15:00:00";-10
"2023-03-25 15:30:00";-10
"2023-03-25 16:00:00";-9
"2023-03-25 16:30:00";-9
"2023-03-25 17:00:00";-9
"2023-03-25 17:30:00";-9
"2023-03-25 18:00:00";-8
"2023-03-25 18:30:00";-8
"2023-03-25 19:00:00";-10
"2023-03-25 19:30:00";-9
"2023-03-25 20:00:00";-9
"2023-03-25 20:30:00";-8
"2023-03-25 21:00:00";-8
"2023-03-25 21:30:00";-10
"2023-03-25 22:00:00";-9
"2023-03-25 22:30:00";-10
"2023-03-25 23:00:00";-10
"2023-03-25 23:30:00";-9
"2023-03-26 00:00:00";-10
"2023-03-26 00:30:00";-8
"2023-03-26 01:00:00";-9
"2023-03-26 01:30:00";-10
"2023-03-26 03:00:00";-9
"2023-03-26 03:30:00";-10
"2023-03-26 04:00:00";-10
"2023-03-26 04:30:00";-9
"2023-03-26 05:00:00";-9
"2023-03-26 05:30:00";-10
"2023-03-26 06:00:00";-10
"2023-03-26 06:30:00";-10
"2023-03-26 07:00:00";-9
"2023-03-26 07:30:00";-10
"2023-03-26 08:00:00";-10
"2023-03-26 08:30:00";-9
"2023-03-26 09:00:00";-9
"2023-03-26 09:30:00";-9
"2023-03-26 10:00:00";-10
"2023-03-26 10:30:00";-9
"2023-03-26 11:00:00";-10
"2023-03-26 11:30:00";-10
"2023-03-26 12:00:00";-10
"2023-03-26 12:30:00";-10
"2023-03-26 13:00:00";-11
"2023-03-26 13:30:00";-11
"2023-03-26 14:00:00";-11
"2023-03-26 14:30:00";-10
"2023-03-26 15:00:00";-11
"2023-03-26 15:30:00";-10
"2023-03-26 16:00:00";-10
"2023-03-26 16:30:00";-11
"2023-03-26 17:00:00";-11
"2023-03-26 17:30:00";-10
"2023-03-26 18:00:00";-10
"2023-03-26 18:30:00";-10
"2023-03-26 19:00:00";-11
"2023-03-26 19:30:00";-11
"2023-03-26 20:00:00";-10
"2023-03-26 20:30:00";-10
"2023-03-26 21:00:00";-11
"2023-03-26 21:30:00";-12
"2023-03-26 22:00:00";-11
"2023-03-26 22:30:00";-11
"2023-03-26 23:00:00";-10
"2023-03-26 23:30:00";-10
"2023-03-27 00:00:00";-11
"2023-03-27 00:30:00";-11
"2023-03-27 01:00:00";-11
"2023-03-27 01:30:00";-11
"2023-03-27 02:00:00";-11
"2023-03-27 02:30:00";-11
"2023-03-27 03:00:00";-11
"2023-03-27 03:30:00";-11
"2023-03-27 04:00:00";-12
"2023-03-27 04:30:00";-10
"2023-03-27 05:00:00";-11
"2023-03-27 05:30:00";-12
"2023-03-27 06:00:00";-10
"2023-03-27 06:30:00";-12
"2023-03-27 07:00:00";-11
"2023-03-27 07:30:00";-11
"2023-03-27 08:00:00";-9
"2023-03-27 08:30:00";-11
"2023-03-27 09:00:00";-11
"2023-03-27 09:30:00";-11
"2023-03-27 10:00:00";-11
"2023-03-27 10:30:00";-12
"2023-03-27 11:00:00";-13
"2023-03-27 11:30:00";-13
"2023-03-27 12:00:00";-13
"2023-03-27 12:30:00";-14
"2023-03-27 13:00:00";-14
"2023-03-27 13:30:00";-14
"2023-03-27 14:00:00";-13
"2023-03-27 14:30:00";-15
"2023-03-27 15:00:00";-15
"2023-03-27 15:30:00";-13
"2023-03-27 16:00:00";-14
"2023-03-27 16:30:00";-14
"2023-03-27 17:00:00";-15
"2023-03-27 17:30:00";-12
"2023-03-27 18:00:00";-13
"2023-03-27 18:30:00";-13
"2023-03-27 19:00:00";-13
"2023-03-27 19:30:00";-13
"2023-03-27 20:00:00";-13
"2023-03-27 20:30:00";-12
"2023-03-27 21:00:00";-13
"2023-03-27 21:30:00";-13
"2023-03-27 22:00:00";-14
"2023-03-27 22:30:00";-13
"2023-03-27 23:00:00";-13
"2023-03-27 23:30:00";-13
"2023-03-28 00:00:00";-13
"2023-03-28 00:30:00";-14
"2023-03-28 01:00:00";-13
"2023-03-28 01:30:00";-13
"2023-03-28 02:00:00";-13
"2023-03-28 02:30:00";-14
"2023-03-28 03:00:00";-14
"2023-03-28 03:30:00";-14
"2023-03-28 04:00:00";-15
"2023-03-28 04:30:00";-13
"2023-03-28 05:00:00";-13
"2023-03-28 05:30:00";-14
"2023-03-28 06:00:00";-13
"2023-03-28 06:30:00";-13
"2023-03-28 07:00:00";-14
"2023-03-28 07:30:00";-14
"2023-03-28 08:00:00";-13
"2023-03-28 08:30:00";-14
"2023-03-28 09:00:00";-14
"2023-03-28 09:30:00";-14
"2023-03-28 10:00:00";-13
"2023-03-28 10:30:00";-14
"2023-03-28 11:00:00";-17
"2023-03-28 11:30:00";-16
"2023-03-28 12:00:00";-14
"2023-03-28 12:30:00";-15
"2023-03-28 13:00:00";-15
"2023-03-28 13:30:00";-16
"2023-03-28 14:00:00";-16
"2023-03-28 14:30:00";-15
"2023-03-28 15:00:00";-15
"2023-03-28 15:30:00";-14
"2023-03-28 16:00:00";-14
"2023-03-28 16:30:00";-15
"2023-03-28 17:00:00";-14
"2023-03-28 17:30:00";-14
"2023-03-28 18:00:00";-14
"2023-03-28 18:30:00";-13
"2023-03-28 19:00:00";-13
"2023-03-28 19:30:00";-14
"2023-03-28 20:00:00";-14
"2023-03-28 20:30:00";-14
"2023-03-28 21:00:00";-14
"2023-03-28 21:30:00";-14
"2023-03-28 22:00:00";-14
"2023-03-28 22:30:00";-14
"2023-03-28 23:00:00";-14
"2023-03-28 23:30:00";-13
"2023-03-29 00:00:00";-14
"2023-03-29 00:30:00";-13
"2023-03-29 01:00:00";-14
"2023-03-29 01:30:00";-14
"2023-03-29 02:00:00";-14
"2023-03-29 02:30:00";-13
"2023-03-29 03:00:00";-14
"2023-03-29 03:30:00";-13
"2023-03-29 04:00:00";-14
"2023-03-29 04:30:00";-14
"2023-03-29 05:00:00";-14
"2023-03-29 05:30:00";-14
"2023-03-29 06:00:00";-13
"2023-03-29 06:30:00";-14
"2023-03-29 07:00:00";-15
"2023-03-29 07:30:00";-15
"2023-03-29 08:00:00";-14
"2023-03-29 08:30:00";-14
"2023-03-29 09:00:00";-13
"2023-03-29 09:30:00";-14
"2023-03-29 10:00:00";-12
"2023-03-29 10:30:00";-14
"2023-03-29 11:00:00";-16
"2023-03-29 11:30:00";-13
"2023-03-29 12:00:00";-15
"2023-03-29 12:30:00";-14
"2023-03-29 13:00:00";-14
"2023-03-29 13:30:00";-14
"2023-03-29 14:00:00";-15
"2023-03-29 14:30:00";-15
"2023-03-29 15:00:00";-15
"2023-03-29 15:30:00";-15
"2023-03-29 16:00:00";-13
"2023-03-29 16:30:00";-13
"2023-03-29 17:00:00";-14
"2023-03-29 17:30:00";-14
"2023-03-29 18:00:00";-14
"2023-03-29 18:30:00";-15
"2023-03-29 19:00:00";-14
"2023-03-29 19:30:00";-15
"2023-03-29 20:00:00";-14
"2023-03-29 20:30:00";-14
"2023-03-29 21:00:00";-14
"2023-03-29 21:30:00";-14
"2023-03-29 22:00:00";-14
"2023-03-29 22:30:00";-15
"2023-03-29 23:00:00";-14
"2023-03-29 23:30:00";-13
"2023-03-30 00:00:00";-14
"2023-03-30 00:30:00";-13
"2023-03-30 01:00:00";-13
"2023-03-30 01:30:00";-15
"2023-03-30 02:00:00";-14
"2023-03-30 02:30:00";-15
"2023-03-30 03:00:00";-14
"2023-03-30 03:30:00";-14
"2023-03-30 04:00:00";-13
"2023-03-30 04:30:00";-14
"2023-03-30 05:00:00";-13
"2023-03-30 05:30:00";-14
"2023-03-30 06:00:00";-15
"2023-03-30 06:30:00";-13
"2023-03-30 07:00:00";-13
"2023-03-30 07:30:00";-14
"2023-03-30 08:00:00";-13
"2023-03-30 08:30:00";-13
"2023-03-30 09:00:00";-12
"2023-03-30 09:30:00";-13
"2023-03-30 10:00:00";-13
"2023-03-30 10:30:00";-14
"2023-03-30 11:00:00";-14
"2023-03-30 11:30:00";-16
"2023-03-30 12:00:00";-14
"2023-03-30 12:30:00";-14
"2023-03-30 13:00:00";-15
"2023-03-30 13:30:00";-15
"2023-03-30 14:00:00";-14
"2023-03-30 14:30:00";-13
"2023-03-30 15:00:00";-13
"2023-03-30 15:30:00";-14
"2023-03-30 16:00:00";-13
"2023-03-30 16:30:00";-12
"2023-03-30 17:00:00";-13
"2023-03-30 17:30:00";-13
"2023-03-30 18:00:00";-13
"2023-03-30 18:30:00";-14
"2023-03-30 19:00:00";-12
"2023-03-30 19:30:00";-13
"2023-03-30 20:00:00";-14
"2023-03-30 20:30:00";-12
"2023-03-30 21:00:00";-13
"2023-03-30 21:30:00";-13
"2023-03-30 22:00:00";-12
"2023-03-30 22:30:00";-12
"2023-03-30 23:00:00";-12
"2023-03-30 23:30:00";-13
"2023-03-31 00:00:00";-13
"2023-03-31 00:30:00";-13
"2023-03-31 01:00:00";-13
"2023-03-31 01:30:00";-12
"2023-03-31 02:00:00";-12
"2023-03-31 02:30:00";-12
"2023-03-31 03:00:00";-12
"2023-03-31 03:30:00";-13
"2023-03-31 04:00:00";-12
"2023-03-31 04:30:00";-12
"2023-03-31 05:00:00";-11
"2023-03-31 05:30:00";-12
"2023-03-31 06:00:00";-13
"2023-03-31 06:30:00";-12
"2023-03-31 07:00:00";-11
"2023-03-31 07:30:00";-12
"2023-03-31 08:00:00";-12
"2023-03-31 08:30:00";-11
"2023-03-31 09:00:00";-12
"2023-03-31 09:30:00";-11
"2023-03-31 10:00:00";-12
"2023-03-31 10:30:00";-12
"2023-03-31 11:00:00";-12
"2023-03-31 11:30:00";-11
"2023-03-31 12:00:00";-12
"2023-03-31 12:30:00";-12
"2023-03-31 13:00:00";-11
"2023-03-31 13:30:00";-11
"2023-03-31 14:00:00";-10
"2023-03-31 14:30:00";-11
"2023-03-31 15:00:00";-12
"2023-03-31 15:30:00";-12
"2023-03-31 16:00:00";-12
"2023-03-31 16:30:00";-11
"2023-03-31 17:00:00";-12
"2023-03-31 17:30:00";-12
"2023-03-31 18:00:00";-11
"2023-03-31 18:30:00";-11
"2023-03-31 19:00:00";-11
"2023-03-31 19:30:00";-12
"2023-03-31 20:00:00";-11
"2023-03-31 20:30:00";-11
"2023-03-31 21:00:00";-12
"2023-03-31 21:30:00";-12
"2023-03-31 22:00:00";-11
"2023-03-31 22:30:00";-11
"2023-03-31 23:00:00";-11
"2023-03-31 23:30:00";-10
"2023-04-01 00:00:00";-11
"2023-04-01 00:30:00";-10
"2023-04-01 01:00:00";-11
"2023-04-01 01:30:00";-12
"2023-04-01 02:00:00";-10
"2023-04-01 02:30:00";-11
"2023-04-01 03:00:00";-11
"2023-04-01 03:30:00";-11
"2023-04-01 04:00:00";-10
"2023-04-01 04:30:00";-11
"2023-04-01 05:00:00";-10
"2023-04-01 05:30:00";-12
"2023-04-01 06:00:00";-11
"2023-04-01 06:30:00";-10
"2023-04-01 07:00:00";-11
"2023-04-01 07:30:00";-12
"2023-04-01 08:00:00";-11
"2023-04-01 08:30:00";-11
"2023-04-01 09:00:00";-11
"2023-04-01 09:30:00";-12
"2023-04-01 10:00:00";-12
"2023-04-01 10:30:00";-14
"2023-04-01 11:00:00";-15
"2023-04-01 11:30:00";-13
"2023-04-01 12:00:00";-13
"2023-04-01 12:30:00";-13
"2023-04-01 13:00:00";-14
"2023-04-01 13:30:00";-14
"2023-04-01 14:00:00";-13
"2023-04-01 14:30:00";-13
"2023-04-01 15:00:00";-13
"2023-04-01 15:30:00";-13
"2023-04-01 16:00:00";-14
"2023-04-01 16:30:00";-13
"2023-04-01 17:00:00";-13
"2023-04-01 17:30:00";-12
"2023-04-01 18:00:00";-13
"2023-04-01 18:30:00";-13
"2023-04-01 19:00:00";-13
"2023-04-01 19:30:00";-13
"2023-04-01 20:00:00";-12
"2023-04-01 20:30:00";-13
"2023-04-01 21:00:00";-13
"2023-04-01 21:30:00";-13
"2023-04-01 22:00:00";-13
"2023-04-01 22:30:00";-12
"2023-04-01 23:00:00";-13
"2023-04-01 23:30:00";-13
"2023-04-02 00:00:00";-12
"2023-04-02 00:30:00";-12
"2023-04-02 01:00:00";-12
"2023-04-02 01:30:00";-12
"2023-04-02 02:00:00";-12
"2023-04-02 02:30:00";-12
"2023-04-02 03:00:00";-12
"2023-04-02 03:30:00";-12
"2023-04-02 04:00:00";-12
"2023-04-02 04:30:00";-12
"2023-04-02 05:00:00";-12
"2023-04-02 05:30:00";-13
"2023-04-02 06:00:00";-12
"2023-04-02 06:30:00";-12
"2023-04-02 07:00:00";-12
"2023-04-02 07:30:00";-13
"2023-04-02 08:00:00";-12
"2023-04-02 08:30:00";-12
"2023-04-02 09:00:00";-12
"2023-04-02 09:30:00";-11
"2023-04-02 10:00:00";-11
"2023-04-02 10:30:00";-14
"2023-04-02 11:00:00";-15
"2023-04-02 11:30:00";-12
"2023-04-02 12:00:00";-13
"2023-04-02 12:30:00";-13
"2023-04-02 13:00:00";-13
"2023-04-02 13:30:00";-15
"2023-04-02 14:00:00";-13
"2023-04-02 14:30:00";-13
"2023-04-02 15:00:00";-13
"2023-04-02 15:30:00";-14
"2023-04-02 16:00:00";-14
"2023-04-02 16:30:00";-14
"2023-04-02 17:00:00";-14
"2023-04-02 17:30:00";-13
"2023-04-02 18:00:00";-12
"2023-04-02 18:30:00";-13
"2023-04-02 19:00:00";-13
"2023-04-02 19:30:00";-14
"2023-04-02 20:00:00";-14
"2023-04-02 20:30:00";-13
"2023-04-02 21:00:00";-14
"2023-04-02 21:30:00";-13
"2023-04-02 22:00:00";-13
"2023-04-02 22:30:00";-13
"2023-04-02 23:00:00";-13
"2023-04-02 23:30:00";-15
"2023-04-03 00:00:00";-13
"2023-04-03 00:30:00";-13
"2023-04-03 01:00:00";-13
"2023-04-03 01:30:00";-13
"2023-04-03 02:00:00";-13
"2023-04-03 02:30:00";-13
"2023-04-03 03:00:00";-12
"2023-04-03 03:30:00";-13
"2023-04-03 04:00:00";-13
"2023-04-03 04:30:00";-13
"2023-04-03 05:00:00";-13
"2023-04-03 05:30:00";-14
"2023-04-03 06:00:00";-13
"2023-04-03 06:30:00";-13
"2023-04-03 07:00:00";-14
"2023-04-03 07:30:00";-13
"2023-04-03 08:00:00";-12
"2023-04-03 08:30:00";-13
"2023-04-03 09:00:00";-13
"2023-04-03 09:30:00";-12
"2023-04-03 10:00:00";-12
"2023-04-03 10:30:00";-14
"2023-04-03 11:00:00";-14
"2023-04-03 11:30:00";-14
"2023-04-03 12:00:00";-15
"2023-04-03 12:30:00";-15
"2023-04-03 13:00:00";-15
"2023-04-03 13:30:00";-15
"2023-04-03 14:00:00";-15
"2023-04-03 14:30:00";-13
"2023-04-03 15:00:00";-14
"2023-04-03 15:30:00";-14
"2023-04-03 16:00:00";-13
"2023-04-03 16:30:00";-13
"2023-04-03 17:00:00";-14
"2023-04-03 17:30:00";-14
"2023-04-03 18:00:00";-13
"2023-04-03 18:30:00";-14
"2023-04-03 19:00:00";-13
"2023-04-03 19:30:00";-14
"2023-04-03 20:00:00";-14
"2023-04-03 20:30:00";-15
"2023-04-03 21:00:00";-14
"2023-04-03 21:30:00";-14
"2023-04-03 22:00:00";-14
"2023-04-03 22:30:00";-15
"2023-04-03 23:00:00";-14
"2023-04-03 23:30:00";-14
"2023-04-04 00:00:00";-12
"2023-04-04 00:30:00";-14
"2023-04-04 01:00:00";-13
"2023-04-04 01:30:00";-12
"2023-04-04 02:00:00";-13
"2023-04-04 02:30:00";-12
"2023-04-04 03:00:00";-13
"2023-04-04 03:30:00";-13
"2023-04-04 04:00:00";-13
"2023-04-04 04:30:00";-12
"2023-04-04 05:00:00";-13
"2023-04-04 05:30:00";-12
"2023-04-04 06:00:00";-12
"2023-04-04 06:30:00";-13
"2023-04-04 07:00:00";-12
"2023-04-04 07:30:00";-13
"2023-04-04 08:00:00";-12
"2023-04-04 08:30:00";-13
"2023-04-04 09:00:00";-13
"2023-04-04 09:30:00";-13
"2023-04-04 10:00:00";-12
"2023-04-04 10:30:00";-13
"2023-04-04 11:00:00";-14
"2023-04-04 11:30:00";-13
"2023-04-04 12:00:00";-12
"2023-04-04 12:30:00";-13
"2023-04-04 13:00:00";-13
"2023-04-04 13:30:00";-15
"2023-04-04 14:00:00";-14
"2023-04-04 14:30:00";-15
"2023-04-04 15:00:00";-13
"2023-04-04 15:30:00";-15
"2023-04-04 16:00:00";-15
"2023-04-04 16:30:00";-12
"2023-04-04 17:00:00";-13
"2023-04-04 17:30:00";-13
"2023-04-04 18:00:00";-14
"2023-04-04 18:30:00";-13
"2023-04-04 19:00:00";-13
"2023-04-04 19:30:00";-13
"2023-04-04 20:00:00";-13
"2023-04-04 20:30:00";-14
"2023-04-04 21:00:00";-14
"2023-04-04 21:30:00";-14
"2023-04-04 22:00:00";-14
"2023-04-04 22:30:00";-15
"2023-04-04 23:00:00";-15
"2023-04-04 23:30:00";-14
"2023-04-05 00:00:00";-15
"2023-04-05 00:30:00";-15
"2023-04-05 01:00:00";-13
"2023-04-05 01:30:00";-15
"2023-04-05 02:00:00";-14
"2023-04-05 02:30:00";-14
"2023-04-05 03:00:00";-15
"2023-04-05 03:30:00";-14
"2023-04-05 04:00:00";-14
"2023-04-05 04:30:00";-14
"2023-04-05 05:00:00";-15
"2023-04-05 05:30:00";-14
"2023-04-05 06:00:00";-14
"2023-04-05 06:30:00";-14
"2023-04-05 07:00:00";-13
"2023-04-05 07:30:00";-14
"2023-04-05 08:00:00";-12
"2023-04-05 08:30:00";-13
"2023-04-05 09:00:00";-13
"2023-04-05 10:00:00";-14
"2023-04-05 10:30:00";-16
"2023-04-05 11:00:00";-15
"2023-04-05 11:30:00";-14
"2023-04-05 12:00:00";-14
"2023-04-05 12:30:00";-14
"2023-04-05 13:00:00";-13
"2023-04-05 13:30:00";-14
"2023-04-05 14:00:00";-14
"2023-04-05 14:30:00";-13